job_id,num_qubits,depth,priority,arrival_time,num_shots,req_iterations,cpu_units,mem_bw
0,13,12,2,0.8335,2800,21,9,18
1,19,16,2,0.8792,3600,21,10,20
2,16,6,2,0.9106,3800,21,10,20
3,7,8,2,1.8431,1700,21,6,11
4,18,8,2,1.8923,3200,21,10,20
5,3,12,2,3.7452,1700,21,4,6
6,7,11,2,4.0191,1200,21,6,11
7,6,19,2,4.2294,1800,21,5,10
8,16,6,2,4.8887,1400,21,10,20
9,19,11,2,5.5744,4100,21,10,20
10,16,17,2,5.6638,2500,21,10,20
11,8,20,2,5.9331,3100,21,6,12
12,17,20,2,6.1618,4600,21,10,20
13,3,17,2,6.6239,1200,21,4,6
14,7,8,2,8.7151,3100,21,6,11
15,3,16,2,9.2072,3000,21,4,6
16,14,7,2,9.3551,1100,21,9,19
17,18,6,2,9.5289,2400,21,10,20
18,3,14,2,11.364,4500,21,4,6
19,13,14,2,11.9049,2300,21,9,18
20,15,19,2,12.5591,1600,21,10,20
21,8,8,2,14.2671,3600,21,6,12
22,8,8,2,16.1811,1700,21,6,12
23,16,5,2,16.4516,2600,21,10,20
24,16,19,2,16.9445,2700,21,10,20
25,15,10,2,17.245,2900,21,10,20
26,11,5,2,17.824,4600,21,8,15
27,11,18,2,18.3578,2400,21,8,15
28,6,13,2,19.0848,4100,21,5,10
29,20,13,2,19.27,2300,21,10,20
30,4,17,2,19.4446,2200,21,4,8
31,9,5,2,20.2237,3700,21,7,13
32,20,17,2,20.5758,4100,21,10,20
33,7,10,2,21.4383,4800,21,6,11
34,6,11,2,21.6646,3900,21,5,10
35,3,7,2,22.474,2700,21,4,6
36,14,14,2,23.2236,3600,21,9,19
37,11,12,2,23.393,3600,21,8,15
38,19,12,2,23.9364,4100,21,10,20
39,5,18,2,24.2493,3600,21,5,9
40,16,19,2,24.3322,4100,21,10,20
41,17,5,2,24.8012,2400,21,10,20
42,15,14,2,25.6863,1300,21,10,20
43,4,13,2,25.7747,2400,21,4,8
44,10,6,2,26.1808,2200,21,7,14
45,12,12,2,26.2352,4600,21,8,17
46,3,15,2,26.7257,5000,21,4,6
47,6,15,2,27.3,2600,21,5,10
48,20,8,2,27.831,1200,21,10,20
49,4,16,2,28.3672,3600,21,4,8
50,3,7,2,29.7415,1700,21,4,6
51,20,8,2,30.2572,2200,21,10,20
52,16,7,2,30.5749,3200,21,10,20
53,20,11,2,31.0764,1100,21,10,20
54,3,20,2,32.4088,4600,21,4,6
55,19,7,2,33.2809,2500,21,10,20
56,3,15,2,34.6026,2500,21,4,6
57,16,8,2,35.2897,1200,21,10,20
58,9,7,2,35.6286,4900,21,7,13
59,14,14,2,36.4322,1600,21,9,19
60,16,19,2,36.7595,3300,21,10,20
61,20,13,2,37.1808,4900,21,10,20
62,20,12,2,37.7097,3200,21,10,20
63,15,15,2,38.9156,3900,21,10,20
64,7,10,2,39.7072,1000,21,6,11
65,5,13,2,40.4173,3800,21,5,9
66,4,12,2,40.4656,1400,21,4,8
67,15,11,2,40.7641,3200,21,10,20
68,18,16,2,41.9089,4400,21,10,20
69,18,14,2,42.2614,4100,21,10,20
70,15,15,2,43.4553,1800,21,10,20
71,7,5,2,43.8424,1400,21,6,11
72,7,12,2,43.8431,4900,21,6,11
73,6,6,2,43.8547,1000,21,5,10
74,7,16,2,44.5821,4500,21,6,11
75,18,11,2,45.5266,2300,21,10,20
76,6,20,2,45.6347,2200,21,5,10
77,10,17,2,46.4575,4800,21,7,14
78,12,20,2,46.6465,3400,21,8,17
79,3,16,2,47.4721,2200,21,4,6
80,17,6,2,47.5541,3100,21,10,20
81,7,9,2,48.0038,3500,21,6,11
82,4,14,2,48.0138,2800,21,4,8
83,10,13,2,48.2572,1900,21,7,14
84,16,6,2,49.1624,1600,21,10,20
85,14,8,2,49.6608,4300,21,9,19
86,19,16,2,50.2278,1300,21,10,20
87,10,14,2,50.7494,1400,21,7,14
88,10,15,2,51.3633,4400,21,7,14
89,13,20,2,51.9257,1700,21,9,18
90,13,9,2,53.3079,4500,21,9,18
91,12,17,2,53.4712,2400,21,8,17
92,12,10,2,53.9511,4400,21,8,17
93,6,13,2,54.3268,1600,21,5,10
94,3,13,2,55.4973,2900,21,4,6
95,12,15,2,55.5676,4700,21,8,17
96,16,6,2,55.8123,3100,21,10,20
97,20,5,2,56.2061,1200,21,10,20
98,20,13,2,56.743,1800,21,10,20
99,19,10,2,57.0832,4400,21,10,20
100,12,12,2,58.118,1800,21,8,17
101,10,15,2,59.1701,3400,21,7,14
102,6,11,2,59.6111,1500,21,5,10
103,18,9,2,59.8886,3200,21,10,20
104,11,19,2,59.9609,2800,21,8,15
105,3,11,2,60.5504,4900,21,4,6
106,6,17,2,60.5512,1100,21,5,10
107,18,6,2,62.8876,3100,21,10,20
108,19,17,2,63.9538,1800,21,10,20
109,15,11,2,64.6024,2000,21,10,20
110,5,11,2,64.7199,1700,21,5,9
111,10,14,2,65.01,2800,21,7,14
112,11,8,2,65.4244,2000,21,8,15
113,19,5,2,66.3327,1000,21,10,20
114,14,12,2,66.4695,3300,21,9,19
115,13,20,2,66.8598,1800,21,9,18
116,17,15,2,67.6227,3700,21,10,20
117,3,7,2,68.2386,2500,21,4,6
118,15,7,2,69.3271,3900,21,10,20
119,5,8,2,70.6612,1500,21,5,9
120,11,15,2,71.2385,2900,21,8,15
121,13,13,2,71.4893,3300,21,9,18
122,14,7,2,72.752,3400,21,9,19
123,20,9,2,73.5623,2100,21,10,20
124,15,8,2,75.3564,2700,21,10,20
125,18,12,2,75.4666,2600,21,10,20
126,18,5,2,76.2588,3400,21,10,20
127,3,14,2,78.084,2300,21,4,6
128,12,5,2,79.443,3900,21,8,17
129,9,5,2,79.6247,3400,21,7,13
130,8,19,2,79.9477,4800,21,6,12
131,19,15,2,80.8043,3600,21,10,20
132,16,6,2,81.0822,4000,21,10,20
133,13,7,2,81.2066,4200,21,9,18
134,14,18,2,81.6284,2500,21,9,19
135,3,8,2,83.0381,2800,21,4,6
136,8,17,2,85.3913,3200,21,6,12
137,5,7,2,85.9779,2400,21,5,9
138,13,17,2,86.5208,3400,21,9,18
139,14,13,2,86.5885,1200,21,9,19
140,7,10,2,86.7354,1300,21,6,11
141,18,20,2,87.3576,3200,21,10,20
142,20,15,2,87.6543,3000,21,10,20
143,4,20,2,88.1627,3600,21,4,8
144,15,6,2,89.7415,1500,21,10,20
145,18,5,2,92.6977,3300,21,10,20
146,15,14,2,93.2745,4900,21,10,20
147,3,13,2,94.575,5000,21,4,6
148,17,20,2,95.7408,4100,21,10,20
149,13,20,2,97.3452,4800,21,9,18
150,10,12,2,98.3845,2800,21,7,14
151,9,20,2,98.9789,2400,21,7,13
152,13,7,2,99.2185,3600,21,9,18
153,13,7,2,99.6991,2100,21,9,18
154,11,9,2,100.4796,2500,21,8,15
155,14,8,2,101.2288,4000,21,9,19
156,6,14,2,101.2852,4700,21,5,10
157,9,20,2,101.3439,4900,21,7,13
158,6,8,2,102.3771,4500,21,5,10
159,3,15,2,103.0819,4000,21,4,6
160,18,7,2,103.1629,4100,21,10,20
161,8,14,2,104.0776,1700,21,6,12
162,5,17,2,104.666,2500,21,5,9
163,17,14,2,104.7281,4200,21,10,20
164,10,16,2,105.1747,1900,21,7,14
165,7,17,2,105.2687,3600,21,6,11
166,12,12,2,106.6954,4300,21,8,17
167,7,6,2,106.7096,5000,21,6,11
168,14,20,2,107.5533,1000,21,9,19
169,18,18,2,107.5881,4200,21,10,20
170,9,11,2,108.3982,4600,21,7,13
171,15,14,2,108.58,1100,21,10,20
172,20,14,2,108.9472,1500,21,10,20
173,20,9,2,109.8735,2700,21,10,20
174,14,8,2,110.1824,4000,21,9,19
175,15,5,2,111.5903,3500,21,10,20
176,3,5,2,112.6294,4800,21,4,6
177,19,11,2,115.2275,3900,21,10,20
178,11,13,2,115.5387,1300,21,8,15
179,9,8,2,115.5673,2300,21,7,13
180,3,9,2,115.6508,4700,21,4,6
181,13,11,2,116.0539,3500,21,9,18
182,3,17,2,116.229,4900,21,4,6
183,12,7,2,118.5309,2000,21,8,17
184,10,6,2,118.7909,1600,21,7,14
185,17,18,2,119.056,4700,21,10,20
186,16,8,2,122.2208,4100,21,10,20
187,20,15,2,123.4789,1800,21,10,20
188,15,19,2,123.6296,2200,21,10,20
189,17,5,2,123.7456,4200,21,10,20
190,7,12,2,124.1882,4000,21,6,11
191,19,13,2,125.1865,4500,21,10,20
192,5,7,2,126.4911,4900,21,5,9
193,20,17,2,126.5004,2200,21,10,20
194,13,17,2,126.739,4000,21,9,18
195,19,14,2,128.2381,1800,21,10,20
196,10,18,2,128.2393,2200,21,7,14
197,13,6,2,129.2393,2500,21,9,18
198,17,16,2,129.8588,1400,21,10,20
199,18,10,2,130.4579,1500,21,10,20
200,16,14,2,131.1861,1500,21,10,20
201,4,9,2,131.2868,3600,21,4,8
202,9,9,2,131.3019,1200,21,7,13
203,14,11,2,131.6325,4700,21,9,19
204,17,6,2,132.837,2400,21,10,20
205,3,6,2,132.8469,3100,21,4,6
206,15,15,2,133.0408,3200,21,10,20
207,7,13,2,133.9891,1700,21,6,11
208,7,15,2,135.0372,3200,21,6,11
209,6,14,2,136.5423,4600,21,5,10
210,6,14,2,137.0629,1600,21,5,10
211,7,14,2,137.7516,4300,21,6,11
212,9,10,2,140.1992,1000,21,7,13
213,7,9,2,141.1056,4800,21,6,11
214,11,7,2,141.175,1000,21,8,15
215,5,9,2,141.7761,1000,21,5,9
216,12,13,2,142.1946,1200,21,8,17
217,9,6,2,142.9409,2700,21,7,13
218,13,18,2,143.4048,2300,21,9,18
219,4,16,2,144.3138,1600,21,4,8
220,9,8,2,145.1896,3600,21,7,13
221,20,8,2,145.9779,2500,21,10,20
222,10,16,2,146.8298,2800,21,7,14
223,15,11,2,147.6643,2700,21,10,20
224,7,20,2,148.1372,1500,21,6,11
225,11,11,2,148.6632,3100,21,8,15
226,10,14,2,149.3846,2100,21,7,14
227,15,11,2,149.5316,1200,21,10,20
228,4,15,2,149.9383,3600,21,4,8
229,10,11,2,150.0072,3200,21,7,14
230,7,17,2,150.2384,3300,21,6,11
231,16,16,2,151.0466,3400,21,10,20
232,6,13,2,151.24,4100,21,5,10
233,9,5,2,151.2728,2900,21,7,13
234,15,17,2,151.3003,1900,21,10,20
235,11,5,2,151.3419,1500,21,8,15
236,4,5,2,151.8614,2300,21,4,8
237,19,18,2,153.0802,4000,21,10,20
238,11,12,2,153.2848,1000,21,8,15
239,5,16,2,153.5307,4300,21,5,9
240,11,15,2,153.7787,5000,21,8,15
241,12,6,2,153.8299,2400,21,8,17
242,10,6,2,153.9446,2400,21,7,14
243,8,14,2,154.7951,4400,21,6,12
244,5,19,2,155.3702,1400,21,5,9
245,9,6,2,155.4667,4800,21,7,13
246,9,14,2,155.6533,1300,21,7,13
247,18,9,2,156.5231,4000,21,10,20
248,3,19,2,157.6683,3200,21,4,6
249,15,10,2,158.0755,4300,21,10,20
250,17,20,2,158.1535,3200,21,10,20
251,9,16,2,158.3006,4100,21,7,13
252,10,10,2,158.718,3800,21,7,14
253,12,20,2,160.4982,2200,21,8,17
254,8,14,2,160.7309,3400,21,6,12
255,19,15,2,161.1586,2100,21,10,20
256,10,9,2,161.8867,2800,21,7,14
257,3,16,2,162.1316,2500,21,4,6
258,15,11,2,165.1267,1700,21,10,20
259,19,16,2,165.4335,2700,21,10,20
260,17,10,2,166.7405,2500,21,10,20
261,20,8,2,167.0762,4400,21,10,20
262,5,7,2,167.5391,4100,21,5,9
263,5,20,2,167.6961,4800,21,5,9
264,11,7,2,168.0959,4100,21,8,15
265,12,11,2,168.1441,2900,21,8,17
266,8,7,2,168.3306,1400,21,6,12
267,16,15,2,168.608,4700,21,10,20
268,6,14,2,169.1067,4000,21,5,10
269,12,14,2,170.2813,2500,21,8,17
270,10,20,2,171.7468,1100,21,7,14
271,17,8,2,172.0424,2500,21,10,20
272,17,17,2,172.6301,3900,21,10,20
273,12,13,2,173.2418,3100,21,8,17
274,18,16,2,173.8227,2800,21,10,20
275,15,19,2,177.2599,1800,21,10,20
276,14,15,2,179.8895,4300,21,9,19
277,8,11,2,180.3881,2700,21,6,12
278,15,6,2,181.4939,3000,21,10,20
279,15,15,2,181.6892,4300,21,10,20
280,20,17,2,181.8689,2900,21,10,20
281,8,7,2,181.9093,2000,21,6,12
282,20,20,2,182.3714,1400,21,10,20
283,7,14,2,182.8604,1900,21,6,11
284,14,20,2,185.1842,2300,21,9,19
285,18,17,2,185.4088,2800,21,10,20
286,16,8,2,185.424,1900,21,10,20
287,3,10,2,185.925,3400,21,4,6
288,8,5,2,186.1401,2900,21,6,12
289,12,20,2,186.5118,2100,21,8,17
290,15,8,2,186.6611,4300,21,10,20
291,15,19,2,187.0479,4100,21,10,20
292,15,13,2,187.1111,2200,21,10,20
293,17,7,2,187.6839,3400,21,10,20
294,5,7,2,187.9001,4700,21,5,9
295,3,11,2,188.728,1600,21,4,6
296,3,9,2,189.0168,3600,21,4,6
297,9,16,2,191.619,2900,21,7,13
298,3,17,2,193.5138,2500,21,4,6
299,5,11,2,194.3354,1100,21,5,9
300,15,18,2,195.4644,2800,21,10,20
301,7,20,2,196.0474,1200,21,6,11
302,6,13,2,196.1123,3000,21,5,10
303,18,7,2,196.6595,1000,21,10,20
304,7,12,2,197.8473,1600,21,6,11
305,3,16,2,197.936,1300,21,4,6
306,5,16,2,198.6384,3800,21,5,9
307,18,5,2,199.2725,1500,21,10,20
308,3,15,2,199.3324,5000,21,4,6
309,15,16,2,199.7813,3700,21,10,20
310,11,15,2,200.1979,1800,21,8,15
311,7,5,2,201.3355,2100,21,6,11
312,7,12,2,202.6947,2300,21,6,11
313,15,16,2,203.6623,4500,21,10,20
314,8,12,2,205.1885,2300,21,6,12
315,5,11,2,205.7182,2300,21,5,9
316,19,7,2,206.0636,2400,21,10,20
317,13,20,2,206.2785,3700,21,9,18
318,5,18,2,206.3962,1900,21,5,9
319,19,11,2,207.188,1500,21,10,20
320,19,19,2,207.3622,1300,21,10,20
321,3,14,2,207.5563,4000,21,4,6
322,6,5,2,207.7911,1400,21,5,10
323,9,7,2,208.6904,2300,21,7,13
324,8,19,2,209.2804,1800,21,6,12
325,17,14,2,211.2524,1400,21,10,20
326,7,12,2,211.4176,1700,21,6,11
327,15,14,2,212.0921,4000,21,10,20
328,14,17,2,212.4039,1600,21,9,19
329,17,17,2,212.7601,4100,21,10,20
330,6,10,2,214.1467,4300,21,5,10
331,20,6,2,214.3197,1900,21,10,20
332,13,15,2,214.5224,3000,21,9,18
333,15,18,2,215.1086,2200,21,10,20
334,5,10,2,215.2392,3900,21,5,9
335,11,11,2,216.8335,1000,21,8,15
336,4,6,2,216.9207,2300,21,4,8
337,13,19,2,219.8915,2200,21,9,18
338,3,9,2,220.1265,2600,21,4,6
339,14,20,2,220.826,4200,21,9,19
340,17,7,2,222.2268,1600,21,10,20
341,10,14,2,222.2768,4000,21,7,14
342,9,12,2,224.7817,2300,21,7,13
343,12,12,2,225.2175,2300,21,8,17
344,14,19,2,225.7435,2800,21,9,19
345,7,8,2,225.9685,1800,21,6,11
346,4,15,2,226.6835,1300,21,4,8
347,7,15,2,228.0776,2000,21,6,11
348,9,6,2,228.3103,4300,21,7,13
349,13,17,2,228.4391,1200,21,9,18
350,8,17,2,228.5135,4300,21,6,12
351,13,20,2,229.0187,3500,21,9,18
352,10,8,2,229.3432,3000,21,7,14
353,5,8,2,229.7173,4900,21,5,9
354,11,10,2,230.6907,3700,21,8,15
355,18,20,2,230.9452,2200,21,10,20
356,20,13,2,231.3364,3200,21,10,20
357,6,13,2,231.7962,5000,21,5,10
358,13,14,2,232.5136,4300,21,9,18
359,9,17,2,232.6757,1500,21,7,13
360,6,17,2,232.8477,3500,21,5,10
361,14,18,2,233.7101,1400,21,9,19
362,4,5,2,235.1214,3500,21,4,8
363,4,15,2,235.5633,4000,21,4,8
364,18,15,2,235.6109,2500,21,10,20
365,14,19,2,236.6209,4900,21,9,19
366,10,20,2,236.8081,2200,21,7,14
367,9,15,2,238.2907,4700,21,7,13
368,13,16,2,238.5197,2500,21,9,18
369,6,6,2,238.8841,2000,21,5,10
370,12,7,2,239.3109,3500,21,8,17
371,14,10,2,240.1326,1600,21,9,19
372,20,18,2,240.373,2800,21,10,20
373,20,15,2,241.6899,4900,21,10,20
374,16,13,2,242.8818,3900,21,10,20
375,6,6,2,243.9884,3500,21,5,10
376,3,15,2,244.2344,4600,21,4,6
377,3,7,2,244.8786,1500,21,4,6
378,19,19,2,244.886,3400,21,10,20
379,4,14,2,244.9521,4200,21,4,8
380,8,12,2,245.863,3500,21,6,12
381,5,20,2,246.205,3000,21,5,9
382,9,15,2,246.5095,1200,21,7,13
383,14,14,2,247.4632,1400,21,9,19
384,13,5,2,247.5608,3000,21,9,18
385,17,16,2,248.7501,1400,21,10,20
386,12,11,2,248.7939,2000,21,8,17
387,14,17,2,249.1847,4500,21,9,19
388,13,19,2,250.8396,1100,21,9,18
389,6,9,2,251.2313,1100,21,5,10
390,12,12,2,251.355,1800,21,8,17
391,17,10,2,251.7646,1600,21,10,20
392,15,9,2,253.918,3500,21,10,20
393,4,5,2,256.2484,3000,21,4,8
394,9,8,2,256.478,2300,21,7,13
395,16,17,2,259.0315,1600,21,10,20
396,17,16,2,259.1922,1500,21,10,20
397,16,14,2,259.8241,3100,21,10,20
398,10,7,2,260.1864,3400,21,7,14
399,9,5,2,260.3231,1500,21,7,13
400,7,12,2,260.5126,1100,21,6,11
401,4,6,2,262.2023,1800,21,4,8
402,6,6,2,263.2474,2600,21,5,10
403,20,15,2,263.6391,3300,21,10,20
404,6,16,2,264.0856,4200,21,5,10
405,13,9,2,264.0882,2500,21,9,18
406,3,11,2,265.0736,4300,21,4,6
407,11,17,2,265.2648,2800,21,8,15
408,8,6,2,265.4523,4000,21,6,12
409,7,5,2,267.0553,4000,21,6,11
410,17,16,2,267.2827,1600,21,10,20
411,7,16,2,268.1853,4300,21,6,11
412,7,16,2,268.383,1400,21,6,11
413,7,6,2,268.4986,3500,21,6,11
414,20,11,2,268.8623,1700,21,10,20
415,12,7,2,269.6234,3100,21,8,17
416,8,8,2,269.9671,4200,21,6,12
417,11,8,2,272.0268,3700,21,8,15
418,6,12,2,273.1797,3300,21,5,10
419,9,19,2,274.5119,2900,21,7,13
420,16,19,2,274.5183,1900,21,10,20
421,12,7,2,275.8509,2600,21,8,17
422,4,5,2,276.8452,3800,21,4,8
423,17,19,2,277.6669,3600,21,10,20
424,4,14,2,277.8678,1400,21,4,8
425,3,9,2,277.8825,4700,21,4,6
426,15,13,2,279.3977,1200,21,10,20
427,14,12,2,279.9016,3600,21,9,19
428,7,10,2,279.9726,4400,21,6,11
429,5,11,2,280.0991,2700,21,5,9
430,11,5,2,281.3856,2800,21,8,15
431,14,20,2,281.9868,4800,21,9,19
432,17,11,2,282.5627,2400,21,10,20
433,20,6,2,282.5735,3700,21,10,20
434,4,12,2,284.7639,3300,21,4,8
435,19,18,2,285.1303,3800,21,10,20
436,15,8,2,286.196,4100,21,10,20
437,10,16,2,286.3939,3000,21,7,14
438,11,13,2,287.2625,3400,21,8,15
439,12,16,2,290.2155,3500,21,8,17
440,18,12,2,291.3612,3900,21,10,20
441,10,11,2,292.2032,3700,21,7,14
442,13,18,2,293.4691,5000,21,9,18
443,5,11,2,294.5934,2400,21,5,9
444,16,6,2,296.6296,3600,21,10,20
445,19,15,2,296.8616,1400,21,10,20
446,12,12,2,297.3441,1900,21,8,17
447,17,9,2,298.846,1100,21,10,20
448,8,14,2,299.3227,2900,21,6,12
449,17,15,2,299.331,2700,21,10,20
450,12,10,2,299.6134,3000,21,8,17
451,19,13,2,299.6938,2800,21,10,20
452,9,19,2,299.9359,2100,21,7,13
453,11,8,2,300.1663,1200,21,8,15
454,12,15,2,300.2363,2700,21,8,17
455,12,19,2,300.4788,1300,21,8,17
456,18,17,2,300.9942,3700,21,10,20
457,9,6,2,301.5873,1500,21,7,13
458,12,9,2,301.6897,2000,21,8,17
459,5,13,2,302.3869,4200,21,5,9
460,7,6,2,302.4075,2300,21,6,11
461,16,11,2,302.4296,4900,21,10,20
462,12,12,2,303.1519,3300,21,8,17
463,20,17,2,303.7701,3400,21,10,20
464,13,5,2,304.2928,4200,21,9,18
465,18,7,2,304.3603,4100,21,10,20
466,16,14,2,305.0133,1200,21,10,20
467,7,11,2,305.9437,3500,21,6,11
468,3,12,2,306.241,3500,21,4,6
469,10,9,2,306.272,3300,21,7,14
470,5,8,2,306.9269,4500,21,5,9
471,13,17,2,308.9765,1800,21,9,18
472,7,12,2,311.1931,2500,21,6,11
473,19,12,2,311.8936,3800,21,10,20
474,20,13,2,312.3214,4200,21,10,20
475,4,11,2,312.9744,2700,21,4,8
476,7,10,2,313.1458,3800,21,6,11
477,13,17,2,313.6345,3300,21,9,18
478,5,15,2,313.9279,5000,21,5,9
479,3,14,2,314.6428,3700,21,4,6
480,16,16,2,316.8801,2100,21,10,20
481,13,15,2,317.7018,4800,21,9,18
482,15,15,2,319.3823,4600,21,10,20
483,15,20,2,319.7404,2500,21,10,20
484,11,14,2,320.3542,4200,21,8,15
485,13,5,2,320.6946,2500,21,9,18
486,16,19,2,320.9695,2800,21,10,20
487,12,11,2,322.3214,2500,21,8,17
488,14,19,2,323.3002,1300,21,9,19
489,20,18,2,323.4638,3500,21,10,20
490,9,18,2,324.5833,3500,21,7,13
491,13,17,2,324.7663,1900,21,9,18
492,12,18,2,325.2661,1700,21,8,17
493,5,6,2,325.8038,2100,21,5,9
494,3,12,2,326.0047,1600,21,4,6
495,16,20,2,326.343,5000,21,10,20
496,3,13,2,327.1338,1800,21,4,6
497,16,19,2,327.3145,1200,21,10,20
498,11,16,2,327.6094,4500,21,8,15
499,7,8,2,328.2927,4800,21,6,11
500,19,6,2,328.3978,2400,21,10,20
501,6,11,2,329.5615,2100,21,5,10
502,13,16,2,329.8086,3600,21,9,18
503,20,8,2,329.9618,3700,21,10,20
504,9,5,2,330.1218,2400,21,7,13
505,20,15,2,330.3589,2600,21,10,20
506,7,12,2,331.2579,2000,21,6,11
507,5,8,2,331.4905,2700,21,5,9
508,19,6,2,331.8504,2600,21,10,20
509,3,18,2,332.1079,1300,21,4,6
510,18,11,2,332.7608,1100,21,10,20
511,8,5,2,332.9902,4100,21,6,12
512,19,17,2,333.2581,4300,21,10,20
513,20,11,2,333.5083,2600,21,10,20
514,16,14,2,333.5928,4600,21,10,20
515,11,19,2,334.1841,2900,21,8,15
516,14,19,2,334.4153,3700,21,9,19
517,15,18,2,335.3447,1800,21,10,20
518,8,20,2,336.2891,3400,21,6,12
519,6,5,2,336.3562,1600,21,5,10
520,18,17,2,337.04,5000,21,10,20
521,11,12,2,337.0907,3000,21,8,15
522,14,8,2,338.1218,2300,21,9,19
523,10,5,2,339.4666,2300,21,7,14
524,16,8,2,339.5262,3500,21,10,20
525,15,19,2,339.7995,2300,21,10,20
526,7,18,2,340.689,2900,21,6,11
527,15,8,2,341.5259,3900,21,10,20
528,13,20,2,341.6899,1500,21,9,18
529,7,17,2,342.6636,1200,21,6,11
530,15,11,2,343.0711,3800,21,10,20
531,18,19,2,343.118,3500,21,10,20
532,15,12,2,343.4958,1100,21,10,20
533,5,11,2,344.4895,4800,21,5,9
534,20,11,2,344.857,1600,21,10,20
535,17,12,2,344.9964,1400,21,10,20
536,4,6,2,345.0866,3500,21,4,8
537,14,14,2,345.2447,1000,21,9,19
538,18,7,2,345.6352,2300,21,10,20
539,18,10,2,346.7784,3300,21,10,20
540,17,17,2,346.8435,4700,21,10,20
541,12,15,2,347.1329,4300,21,8,17
542,15,17,2,347.3794,3900,21,10,20
543,14,7,2,347.5118,3300,21,9,19
544,12,13,2,348.9813,1600,21,8,17
545,9,12,2,349.2741,3700,21,7,13
546,11,8,2,349.6106,1200,21,8,15
547,16,19,2,350.2105,3200,21,10,20
548,9,13,2,350.67,3600,21,7,13
549,16,7,2,351.1567,2200,21,10,20
550,7,7,2,352.197,1100,21,6,11
551,3,11,2,353.5398,3800,21,4,6
552,3,9,2,353.7124,2600,21,4,6
553,9,5,2,354.0281,5000,21,7,13
554,11,6,2,354.1466,3900,21,8,15
555,18,12,2,355.5451,2500,21,10,20
556,10,18,2,355.6901,1100,21,7,14
557,15,18,2,356.4745,4600,21,10,20
558,17,8,2,357.0811,2000,21,10,20
559,17,15,2,357.2139,4700,21,10,20
560,6,7,2,357.4285,1300,21,5,10
561,6,19,2,357.6188,4900,21,5,10
562,20,13,2,359.7445,3400,21,10,20
563,5,14,2,361.5754,2800,21,5,9
564,14,6,2,362.6225,3800,21,9,19
565,7,6,2,363.1051,3800,21,6,11
566,16,6,2,363.2549,1700,21,10,20
567,6,12,2,364.2431,1000,21,5,10
568,10,19,2,364.3355,1100,21,7,14
569,17,10,2,366.5818,2300,21,10,20
570,6,7,2,367.1845,2000,21,5,10
571,19,6,2,367.6891,4900,21,10,20
572,6,17,2,367.6962,1500,21,5,10
573,13,11,2,368.5876,1700,21,9,18
574,4,18,2,368.8854,3800,21,4,8
575,10,15,2,370.4519,2300,21,7,14
576,16,14,2,370.4881,2900,21,10,20
577,12,20,2,370.5366,3000,21,8,17
578,5,7,2,370.675,1900,21,5,9
579,6,8,2,372.6596,3500,21,5,10
580,14,13,2,374.7026,1800,21,9,19
581,18,14,2,374.9056,2300,21,10,20
582,9,16,2,375.4342,3000,21,7,13
583,8,17,2,375.8875,1100,21,6,12
584,13,17,2,376.3863,4600,21,9,18
585,20,18,2,376.5003,2500,21,10,20
586,18,11,2,377.7247,1100,21,10,20
587,4,11,2,378.8988,1600,21,4,8
588,9,19,2,379.4093,1300,21,7,13
589,3,20,2,382.1085,1400,21,4,6
590,19,16,2,382.2923,4700,21,10,20
591,19,15,2,382.3937,2200,21,10,20
592,7,12,2,382.5971,2300,21,6,11
593,17,7,2,383.0559,3800,21,10,20
594,11,10,2,383.3014,3000,21,8,15
595,20,13,2,384.3028,1200,21,10,20
596,13,13,2,384.9103,3400,21,9,18
597,11,15,2,386.964,2300,21,8,15
598,8,20,2,388.1474,1500,21,6,12
599,15,8,2,388.329,4700,21,10,20
600,8,10,2,388.5895,1900,21,6,12
601,20,9,2,389.1838,3300,21,10,20
602,4,10,2,389.3322,4800,21,4,8
603,19,16,2,389.3828,3000,21,10,20
604,17,17,2,389.6804,5000,21,10,20
605,12,14,2,390.3621,4700,21,8,17
606,19,18,2,390.372,4400,21,10,20
607,14,9,2,390.4334,4000,21,9,19
608,17,7,2,391.6534,4100,21,10,20
609,13,17,2,392.9244,5000,21,9,18
610,6,14,2,392.9718,4200,21,5,10
611,8,9,2,394.1456,3000,21,6,12
612,14,11,2,394.1515,4100,21,9,19
613,15,10,2,396.0982,2900,21,10,20
614,9,16,2,396.1291,1200,21,7,13
615,9,17,2,397.2279,1000,21,7,13
616,9,10,2,397.2928,1700,21,7,13
617,16,14,2,397.517,3200,21,10,20
618,16,12,2,397.5403,3000,21,10,20
619,15,14,2,398.9204,4200,21,10,20
620,5,13,2,399.4283,3500,21,5,9
621,20,10,2,399.5174,1900,21,10,20
622,3,8,2,402.8705,4400,21,4,6
623,20,9,2,403.0138,2200,21,10,20
624,9,7,2,403.0289,3200,21,7,13
625,18,13,2,403.5017,3100,21,10,20
626,11,16,2,404.0239,4500,21,8,15
627,19,11,2,404.0886,4200,21,10,20
628,15,19,2,404.2258,2800,21,10,20
629,7,17,2,404.3636,2700,21,6,11
630,12,9,2,405.2372,1300,21,8,17
631,10,11,2,407.2983,1500,21,7,14
632,10,12,2,407.9669,3200,21,7,14
633,18,13,2,408.1395,2400,21,10,20
634,9,19,2,408.2303,4400,21,7,13
635,7,9,2,409.1335,4000,21,6,11
636,20,10,2,409.3248,2400,21,10,20
637,15,13,2,410.9624,1500,21,10,20
638,6,17,2,411.402,4800,21,5,10
639,10,20,2,412.0575,3400,21,7,14
640,8,16,2,413.7484,2900,21,6,12
641,7,17,2,414.4838,2200,21,6,11
642,14,10,2,416.6214,3600,21,9,19
643,15,5,2,417.8798,1700,21,10,20
644,7,16,2,420.5851,3200,21,6,11
645,19,7,2,421.3277,1700,21,10,20
646,4,6,2,422.1204,1000,21,4,8
647,8,20,2,422.512,4100,21,6,12
648,10,18,2,422.9876,4400,21,7,14
649,10,11,2,423.0638,4800,21,7,14
650,12,13,2,423.3741,3400,21,8,17
651,6,13,2,425.3448,2000,21,5,10
652,12,14,2,425.4938,2500,21,8,17
653,16,19,2,425.8487,3000,21,10,20
654,12,16,2,426.2601,4600,21,8,17
655,17,10,2,426.4971,4400,21,10,20
656,5,7,2,427.3097,1200,21,5,9
657,3,19,2,427.5752,2800,21,4,6
658,9,14,2,427.9635,3500,21,7,13
659,12,12,2,428.4991,3500,21,8,17
660,10,6,2,428.7441,4600,21,7,14
661,12,6,2,429.1165,1400,21,8,17
662,18,16,2,429.7535,4900,21,10,20
663,16,18,2,430.7277,4200,21,10,20
664,6,13,2,432.2377,1600,21,5,10
665,6,13,2,432.3607,2800,21,5,10
666,13,7,2,432.8801,4500,21,9,18
667,17,9,2,433.9217,4600,21,10,20
668,5,14,2,435.0022,3300,21,5,9
669,12,17,2,435.5572,1600,21,8,17
670,18,8,2,435.7653,4800,21,10,20
671,11,14,2,436.2046,2400,21,8,15
672,8,15,2,436.6791,3400,21,6,12
673,9,7,2,436.8642,3400,21,7,13
674,9,8,2,437.6595,5000,21,7,13
675,20,14,2,438.0675,4100,21,10,20
676,18,16,2,438.4556,1500,21,10,20
677,18,20,2,439.5994,2000,21,10,20
678,13,9,2,439.9461,3200,21,9,18
679,3,15,2,440.4388,1100,21,4,6
680,16,13,2,440.6334,4400,21,10,20
681,8,11,2,441.6018,4100,21,6,12
682,17,13,2,441.8355,3700,21,10,20
683,8,20,2,442.7924,5000,21,6,12
684,10,9,2,444.4962,4600,21,7,14
685,7,20,2,444.5341,3900,21,6,11
686,19,20,2,444.8047,1700,21,10,20
687,10,13,2,446.705,1300,21,7,14
688,17,11,2,447.4535,1800,21,10,20
689,7,15,2,447.4738,1100,21,6,11
690,19,10,2,448.6872,3900,21,10,20
691,20,20,2,448.8198,2000,21,10,20
692,4,5,2,448.9039,4800,21,4,8
693,14,13,2,449.2084,1700,21,9,19
694,4,8,2,449.5819,3500,21,4,8
695,16,8,2,449.8215,2100,21,10,20
696,8,20,2,450.1027,1600,21,6,12
697,14,19,2,450.3117,3300,21,9,19
698,9,8,2,450.5686,1600,21,7,13
699,6,19,2,450.9162,1900,21,5,10
700,17,8,2,451.732,2600,21,10,20
701,14,18,2,451.9774,2000,21,9,19
702,15,8,2,452.9017,2500,21,10,20
703,20,20,2,453.2381,2600,21,10,20
704,4,15,2,453.4308,3400,21,4,8
705,16,14,2,455.5564,2700,21,10,20
706,18,13,2,457.052,1000,21,10,20
707,14,20,2,459.0211,1500,21,9,19
708,20,6,2,459.379,2100,21,10,20
709,11,19,2,459.944,3700,21,8,15
710,17,13,2,460.9555,2000,21,10,20
711,5,14,2,461.3237,3400,21,5,9
712,11,9,2,462.071,2000,21,8,15
713,14,16,2,462.3892,3300,21,9,19
714,11,10,2,463.1698,1400,21,8,15
715,7,19,2,463.1981,4400,21,6,11
716,20,13,2,463.2376,4700,21,10,20
717,15,19,2,463.3098,1600,21,10,20
718,10,12,2,463.3835,4900,21,7,14
719,6,13,2,463.6421,3100,21,5,10
720,10,17,2,464.1563,2400,21,7,14
721,8,15,2,464.5748,4500,21,6,12
722,10,14,2,464.6278,1400,21,7,14
723,20,15,2,467.5299,2700,21,10,20
724,7,14,2,467.7613,2300,21,6,11
725,4,20,2,468.1523,2600,21,4,8
726,19,19,2,468.2712,5000,21,10,20
727,4,18,2,468.2765,4100,21,4,8
728,6,14,2,468.4987,2500,21,5,10
729,11,5,2,468.6813,2600,21,8,15
730,10,16,2,469.6608,3400,21,7,14
731,6,12,2,470.1104,2600,21,5,10
732,8,5,2,471.3721,2400,21,6,12
733,17,11,2,471.5956,4300,21,10,20
734,10,15,2,472.3961,4000,21,7,14
735,20,16,2,472.9285,2900,21,10,20
736,11,5,2,473.8462,4600,21,8,15
737,13,11,2,473.8698,4800,21,9,18
738,9,15,2,474.1048,4900,21,7,13
739,8,13,2,474.8263,3900,21,6,12
740,15,8,2,474.9783,3700,21,10,20
741,10,7,2,475.0955,3000,21,7,14
742,20,8,2,475.9204,1500,21,10,20
743,16,5,2,476.3878,2600,21,10,20
744,18,20,2,476.7591,3100,21,10,20
745,18,10,2,478.0737,1600,21,10,20
746,7,8,2,478.6609,4400,21,6,11
747,19,10,2,483.1715,2600,21,10,20
748,6,5,2,483.9697,3300,21,5,10
749,3,11,2,484.3494,1100,21,4,6
750,10,18,2,486.8021,4000,21,7,14
751,10,5,2,487.959,1800,21,7,14
752,12,18,2,488.2357,1100,21,8,17
753,8,14,2,488.7947,4200,21,6,12
754,5,15,2,489.1775,4500,21,5,9
755,7,13,2,490.2108,4100,21,6,11
756,13,20,2,490.5818,1200,21,9,18
757,9,5,2,492.0065,1900,21,7,13
758,7,6,2,492.7658,1200,21,6,11
759,19,20,2,493.332,4700,21,10,20
760,16,17,2,494.0105,2000,21,10,20
761,4,8,2,495.1403,3600,21,4,8
762,13,20,2,495.4127,3000,21,9,18
763,19,18,2,495.7382,2500,21,10,20
764,10,18,2,495.8922,3700,21,7,14
765,14,7,2,496.7803,4600,21,9,19
766,14,7,2,498.3247,2000,21,9,19
767,20,9,2,498.4348,2400,21,10,20
768,11,6,2,500.6667,1700,21,8,15
769,10,11,2,500.895,2400,21,7,14
770,9,11,2,501.3007,3600,21,7,13
771,15,11,2,502.1526,3100,21,10,20
772,18,15,2,503.8688,4000,21,10,20
773,3,14,2,504.0612,4400,21,4,6
774,3,19,2,504.6033,4700,21,4,6
775,19,17,2,504.6627,4700,21,10,20
776,17,19,2,505.3134,2700,21,10,20
777,12,14,2,506.033,1700,21,8,17
778,15,7,2,506.8386,1900,21,10,20
779,7,17,2,510.3813,3400,21,6,11
780,3,20,2,511.6176,4700,21,4,6
781,15,10,2,512.8916,3200,21,10,20
782,4,9,2,514.8179,4100,21,4,8
783,19,15,2,516.0974,1800,21,10,20
784,15,18,2,516.3118,3500,21,10,20
785,11,17,2,516.3185,3700,21,8,15
786,3,8,2,518.1517,2700,21,4,6
787,9,15,2,518.4609,1000,21,7,13
788,6,20,2,518.5291,2900,21,5,10
789,3,15,2,519.5764,3300,21,4,6
790,13,20,2,520.0071,2800,21,9,18
791,8,7,2,520.6018,3600,21,6,12
792,11,7,2,520.9399,2000,21,8,15
793,20,11,2,521.3327,2700,21,10,20
794,11,16,2,521.4784,3100,21,8,15
795,19,16,2,522.7976,4200,21,10,20
796,5,17,2,524.0772,1100,21,5,9
797,7,15,2,526.5306,4000,21,6,11
798,3,11,2,528.1485,1900,21,4,6
799,9,20,2,528.1486,4000,21,7,13
800,13,10,2,528.2005,1500,21,9,18
801,5,14,2,528.4098,1200,21,5,9
802,13,20,2,528.493,3300,21,9,18
803,4,5,2,530.335,2000,21,4,8
804,8,17,2,531.0012,2800,21,6,12
805,19,16,2,531.3095,3100,21,10,20
806,10,8,2,531.7184,4300,21,7,14
807,7,8,2,533.0068,4300,21,6,11
808,18,8,2,533.5505,1900,21,10,20
809,14,9,2,534.0343,1300,21,9,19
810,8,8,2,534.2526,1200,21,6,12
811,7,9,2,534.2795,1800,21,6,11
812,4,11,2,534.3131,1300,21,4,8
813,15,13,2,534.6666,3300,21,10,20
814,12,9,2,534.7167,1900,21,8,17
815,14,16,2,534.8272,1300,21,9,19
816,11,14,2,535.6629,2400,21,8,15
817,5,15,2,536.5031,4600,21,5,9
818,13,18,2,536.7147,3800,21,9,18
819,8,14,2,538.3046,4600,21,6,12
820,3,17,2,538.3966,4200,21,4,6
821,16,20,2,539.4573,3600,21,10,20
822,15,18,2,539.9724,1900,21,10,20
823,18,13,2,540.1595,3100,21,10,20
824,18,7,2,540.2865,3600,21,10,20
825,11,15,2,540.6723,1900,21,8,15
826,17,16,2,541.5088,3400,21,10,20
827,20,13,2,542.4595,4600,21,10,20
828,5,20,2,543.8225,2700,21,5,9
829,14,11,2,544.1023,3400,21,9,19
830,18,7,2,544.5419,4500,21,10,20
831,14,16,2,544.6676,1800,21,9,19
832,4,10,2,545.2241,2800,21,4,8
833,20,16,2,545.4691,4100,21,10,20
834,7,16,2,545.8805,2200,21,6,11
835,6,8,2,546.8578,3500,21,5,10
836,3,7,2,547.1031,1500,21,4,6
837,14,10,2,547.9467,3900,21,9,19
838,12,13,2,548.3514,2200,21,8,17
839,17,7,2,548.3561,4500,21,10,20
840,19,14,2,549.6333,2800,21,10,20
841,17,19,2,549.7558,3800,21,10,20
842,12,13,2,550.3154,1000,21,8,17
843,19,14,2,550.7494,2000,21,10,20
844,19,11,2,552.0237,5000,21,10,20
845,14,14,2,553.3912,4500,21,9,19
846,12,14,2,553.5737,2300,21,8,17
847,4,16,2,555.2195,4300,21,4,8
848,18,17,2,556.0157,5000,21,10,20
849,11,20,2,556.2864,3500,21,8,15
850,15,20,2,557.3796,1700,21,10,20
851,4,6,2,558.4219,2800,21,4,8
852,5,5,2,559.8372,4700,21,5,9
853,16,9,2,560.0887,2200,21,10,20
854,19,16,2,560.4377,2600,21,10,20
855,13,15,2,560.4863,4500,21,9,18
856,9,7,2,560.696,2700,21,7,13
857,17,19,2,560.7058,1500,21,10,20
858,7,5,2,560.7887,1100,21,6,11
859,15,10,2,562.0242,5000,21,10,20
860,20,6,2,562.6446,2400,21,10,20
861,4,10,2,563.2191,1200,21,4,8
862,4,11,2,564.0248,3300,21,4,8
863,18,11,2,564.7359,2700,21,10,20
864,7,9,2,564.951,3700,21,6,11
865,4,14,2,565.5982,1300,21,4,8
866,5,16,2,568.0263,3300,21,5,9
867,18,11,2,568.4711,2500,21,10,20
868,10,11,2,570.3046,3200,21,7,14
869,19,20,2,571.5791,2100,21,10,20
870,19,7,2,572.2214,1200,21,10,20
871,10,14,2,572.4522,4100,21,7,14
872,14,15,2,572.5255,2100,21,9,19
873,19,6,2,572.5543,2400,21,10,20
874,16,17,2,572.6374,4500,21,10,20
875,15,5,2,572.6958,4700,21,10,20
876,16,16,2,573.148,3700,21,10,20
877,16,11,2,573.1626,4000,21,10,20
878,4,9,2,574.4535,1600,21,4,8
879,14,6,2,574.5852,1900,21,9,19
880,15,20,2,575.3072,1900,21,10,20
881,10,5,2,578.8013,2600,21,7,14
882,15,10,2,579.7664,2200,21,10,20
883,20,12,2,580.3559,4000,21,10,20
884,16,15,2,581.3116,2000,21,10,20
885,3,6,2,581.4845,3100,21,4,6
886,20,20,2,581.6906,2900,21,10,20
887,8,9,2,582.7318,2200,21,6,12
888,14,6,2,582.7407,3000,21,9,19
889,19,17,2,582.9806,1900,21,10,20
890,17,16,2,583.4659,2500,21,10,20
891,17,10,2,583.7959,3000,21,10,20
892,15,10,2,584.2632,4000,21,10,20
893,5,19,2,584.4833,4200,21,5,9
894,13,13,2,584.9377,2500,21,9,18
895,13,19,2,586.8243,2400,21,9,18
896,5,17,2,588.0979,3700,21,5,9
897,3,5,2,588.1958,3100,21,4,6
898,17,19,2,589.2084,4900,21,10,20
899,9,13,2,591.4045,4400,21,7,13
900,6,18,2,591.4669,4700,21,5,10
901,11,9,2,591.547,3700,21,8,15
902,4,5,2,592.1457,3800,21,4,8
903,10,5,2,593.3449,1400,21,7,14
904,7,13,2,593.5939,1600,21,6,11
905,11,5,2,594.0663,4000,21,8,15
906,11,16,2,595.8788,3200,21,8,15
907,13,13,2,596.3222,4600,21,9,18
908,13,6,2,596.511,3200,21,9,18
909,9,15,2,597.3465,4900,21,7,13
910,10,8,2,598.6678,5000,21,7,14
911,5,17,2,598.9624,2400,21,5,9
912,14,15,2,600.3109,1800,21,9,19
913,3,17,2,601.0643,3700,21,4,6
914,9,9,2,602.2859,4600,21,7,13
915,5,14,2,602.5527,4400,21,5,9
916,9,7,2,602.8439,2800,21,7,13
917,13,14,2,603.7761,1500,21,9,18
918,19,8,2,603.9653,2800,21,10,20
919,10,16,2,604.3712,4400,21,7,14
920,12,19,2,605.0565,2700,21,8,17
921,20,9,2,606.0656,4300,21,10,20
922,7,19,2,606.5892,2100,21,6,11
923,8,8,2,606.7601,2900,21,6,12
924,6,10,2,607.3326,4800,21,5,10
925,15,8,2,607.5699,1100,21,10,20
926,5,5,2,607.7844,2300,21,5,9
927,3,5,2,607.8072,3800,21,4,6
928,4,11,2,608.1181,3400,21,4,8
929,11,18,2,608.2903,2000,21,8,15
930,10,8,2,608.4146,4100,21,7,14
931,9,8,2,608.7254,2100,21,7,13
932,12,9,2,608.7362,2500,21,8,17
933,10,12,2,609.1484,2100,21,7,14
934,12,10,2,609.8582,5000,21,8,17
935,19,15,2,610.7272,4300,21,10,20
936,15,19,2,611.6055,3200,21,10,20
937,12,10,2,612.9366,3400,21,8,17
938,14,7,2,613.4897,5000,21,9,19
939,14,15,2,613.5075,4500,21,9,19
940,9,19,2,613.8574,1800,21,7,13
941,14,17,2,615.5313,4400,21,9,19
942,15,14,2,616.3735,2300,21,10,20
943,15,8,2,617.1786,3900,21,10,20
944,15,10,2,618.8779,1900,21,10,20
945,15,7,2,619.2936,3900,21,10,20
946,11,10,2,620.0679,3900,21,8,15
947,16,17,2,620.1997,4700,21,10,20
948,9,5,2,623.6481,3500,21,7,13
949,9,10,2,624.1775,4800,21,7,13
950,14,9,2,624.3093,1900,21,9,19
951,3,9,2,624.9973,4000,21,4,6
952,6,7,2,625.2471,3200,21,5,10
953,5,12,2,625.9781,4400,21,5,9
954,16,11,2,626.2167,4800,21,10,20
955,6,9,2,626.6069,4600,21,5,10
956,10,9,2,627.502,3600,21,7,14
957,20,7,2,629.1676,4200,21,10,20
958,10,6,2,629.4623,3800,21,7,14
959,13,20,2,630.1257,1600,21,9,18
960,13,18,2,631.2742,2800,21,9,18
961,10,11,2,631.6242,4600,21,7,14
962,18,5,2,632.6225,3400,21,10,20
963,11,15,2,634.5734,2300,21,8,15
964,12,5,2,635.6246,1400,21,8,17
965,9,8,2,636.7523,1900,21,7,13
966,7,20,2,636.84,1700,21,6,11
967,18,11,2,637.8758,2300,21,10,20
968,17,15,2,638.4345,3200,21,10,20
969,18,10,2,638.8126,4200,21,10,20
970,12,12,2,638.8541,4800,21,8,17
971,18,20,2,639.9093,3100,21,10,20
972,3,5,2,641.4746,2000,21,4,6
973,10,20,2,641.9844,3700,21,7,14
974,12,8,2,642.5003,1200,21,8,17
975,14,10,2,644.1383,1200,21,9,19
976,12,9,2,644.2059,3300,21,8,17
977,3,9,2,644.2796,1700,21,4,6
978,20,7,2,644.3189,4400,21,10,20
979,12,8,2,645.0584,2100,21,8,17
980,8,12,2,645.394,1400,21,6,12
981,3,7,2,646.5571,3400,21,4,6
982,14,16,2,647.4897,4400,21,9,19
983,16,17,2,648.2425,3700,21,10,20
984,5,16,2,648.5,3800,21,5,9
985,14,7,2,649.396,2000,21,9,19
986,11,7,2,649.7514,3700,21,8,15
987,20,20,2,650.3613,3400,21,10,20
988,3,17,2,651.8768,3900,21,4,6
989,4,6,2,652.0823,3500,21,4,8
990,5,15,2,652.3865,4300,21,5,9
991,11,13,2,652.5684,2100,21,8,15
992,4,14,2,653.1477,1800,21,4,8
993,6,11,2,653.9188,3500,21,5,10
994,14,16,2,653.9352,4400,21,9,19
995,14,10,2,654.0499,2400,21,9,19
996,8,9,2,655.273,4400,21,6,12
997,15,5,2,656.052,3800,21,10,20
998,20,16,2,656.6653,3000,21,10,20
999,17,10,2,656.7514,4100,21,10,20
1000,16,18,2,657.3721,2400,21,10,20
1001,19,7,2,657.881,4400,21,10,20
1002,20,12,2,657.9509,2500,21,10,20
1003,7,8,2,658.4646,4600,21,6,11
1004,8,7,2,658.6734,5000,21,6,12
1005,15,9,2,659.8364,1000,21,10,20
1006,14,11,2,660.1104,3600,21,9,19
1007,11,17,2,660.3359,1600,21,8,15
1008,9,12,2,661.79,2900,21,7,13
1009,14,8,2,661.9978,1800,21,9,19
1010,11,13,2,665.3111,1100,21,8,15
1011,9,13,2,665.5097,4200,21,7,13
1012,14,6,2,665.5607,3400,21,9,19
1013,10,12,2,666.2159,1600,21,7,14
1014,10,18,2,667.371,3100,21,7,14
1015,14,11,2,668.0357,1400,21,9,19
1016,16,9,2,668.6719,3800,21,10,20
1017,17,18,2,669.0537,3700,21,10,20
1018,20,5,2,670.0229,3300,21,10,20
1019,3,8,2,670.5294,2700,21,4,6
1020,14,8,2,670.8706,4700,21,9,19
1021,12,12,2,670.9765,2300,21,8,17
1022,15,14,2,671.134,1300,21,10,20
1023,6,15,2,672.6985,4900,21,5,10
1024,6,5,2,672.8937,1700,21,5,10
1025,6,19,2,672.9922,3900,21,5,10
1026,11,9,2,673.9896,2200,21,8,15
1027,12,20,2,675.1999,1200,21,8,17
1028,15,7,2,675.5677,4500,21,10,20
1029,9,19,2,675.5927,1900,21,7,13
1030,4,12,2,676.4361,4800,21,4,8
1031,9,5,2,676.4741,1200,21,7,13
1032,12,10,2,676.5142,3000,21,8,17
1033,16,20,2,676.9694,1200,21,10,20
1034,20,5,2,677.2544,2800,21,10,20
1035,9,6,2,677.8967,3100,21,7,13
1036,7,19,2,678.4131,1400,21,6,11
1037,15,17,2,681.4617,1400,21,10,20
1038,18,6,2,681.81,2900,21,10,20
1039,15,6,2,682.0248,1700,21,10,20
1040,17,18,2,684.1954,2200,21,10,20
1041,3,17,2,684.523,1700,21,4,6
1042,5,20,2,685.5668,1000,21,5,9
1043,13,9,2,686.0808,1100,21,9,18
1044,14,5,2,686.161,4200,21,9,19
1045,4,7,2,686.7534,4700,21,4,8
1046,13,9,2,687.1458,3000,21,9,18
1047,12,12,2,688.2533,4100,21,8,17
1048,13,9,2,688.7757,4100,21,9,18
1049,3,14,2,690.0487,4100,21,4,6
1050,18,6,2,693.494,1500,21,10,20
1051,15,8,2,694.487,4300,21,10,20
1052,4,5,2,695.1709,1000,21,4,8
1053,7,14,2,695.4245,3300,21,6,11
1054,6,13,2,695.8868,4600,21,5,10
1055,20,6,2,695.9672,4400,21,10,20
1056,18,18,2,695.9714,3000,21,10,20
1057,11,17,2,698.979,1800,21,8,15
1058,5,14,2,699.0438,3400,21,5,9
1059,14,9,2,700.0138,2000,21,9,19
1060,16,9,2,700.5038,1200,21,10,20
1061,19,18,2,700.5116,1800,21,10,20
1062,16,14,2,700.6324,1100,21,10,20
1063,13,7,2,701.0565,2300,21,9,18
1064,14,8,2,703.5288,2900,21,9,19
1065,14,16,2,704.2612,2800,21,9,19
1066,19,15,2,704.3808,1500,21,10,20
1067,10,11,2,705.8557,3000,21,7,14
1068,13,6,2,707.3733,2800,21,9,18
1069,19,14,2,707.7396,3200,21,10,20
1070,13,9,2,709.2653,5000,21,9,18
1071,20,13,2,709.454,3300,21,10,20
1072,9,14,2,709.5236,4300,21,7,13
1073,18,7,2,709.8561,5000,21,10,20
1074,15,20,2,709.8999,1600,21,10,20
1075,10,16,2,709.9176,2600,21,7,14
1076,11,14,2,711.0412,1300,21,8,15
1077,10,19,2,712.1222,4600,21,7,14
1078,8,19,2,712.3176,1200,21,6,12
1079,17,7,2,712.5807,1900,21,10,20
1080,8,10,2,712.5841,3600,21,6,12
1081,18,17,2,713.399,3700,21,10,20
1082,9,5,2,715.1689,4000,21,7,13
1083,7,18,2,715.2895,2500,21,6,11
1084,17,13,2,716.1947,2200,21,10,20
1085,5,14,2,717.791,1500,21,5,9
1086,18,7,2,719.7993,4400,21,10,20
1087,18,11,2,721.2921,2000,21,10,20
1088,3,13,2,722.7302,3000,21,4,6
1089,17,9,2,724.5498,4400,21,10,20
1090,8,6,2,725.619,5000,21,6,12
1091,18,5,2,725.7879,1200,21,10,20
1092,9,10,2,727.7225,2600,21,7,13
1093,16,7,2,727.9472,4700,21,10,20
1094,11,5,2,727.9607,3200,21,8,15
1095,20,5,2,728.2167,1300,21,10,20
1096,8,6,2,729.0331,1200,21,6,12
1097,18,16,2,730.336,1600,21,10,20
1098,20,14,2,732.2269,2600,21,10,20
1099,8,15,2,732.3031,4800,21,6,12
1100,16,10,2,732.398,1000,21,10,20
1101,19,11,2,732.4726,5000,21,10,20
1102,20,14,2,732.6219,4400,21,10,20
1103,17,19,2,733.6529,2200,21,10,20
1104,16,5,2,734.2947,1300,21,10,20
1105,17,5,2,735.0263,1100,21,10,20
1106,16,10,2,735.7623,3800,21,10,20
1107,19,20,2,736.5348,3600,21,10,20
1108,12,6,2,736.5825,3200,21,8,17
1109,18,16,2,739.4067,1500,21,10,20
1110,14,6,2,740.0948,2900,21,9,19
1111,6,7,2,740.2682,2200,21,5,10
1112,8,7,2,740.2874,4500,21,6,12
1113,17,17,2,740.3314,4700,21,10,20
1114,19,20,2,740.4067,1600,21,10,20
1115,20,13,2,740.432,4700,21,10,20
1116,8,9,2,741.4659,3400,21,6,12
1117,9,10,2,741.4987,2400,21,7,13
1118,3,15,2,742.7718,1300,21,4,6
1119,13,8,2,743.245,3300,21,9,18
1120,9,8,2,743.5283,1800,21,7,13
1121,4,12,2,744.7901,4900,21,4,8
1122,8,7,2,745.3847,3700,21,6,12
1123,5,14,2,745.4352,4900,21,5,9
1124,11,18,2,746.1032,2100,21,8,15
1125,18,19,2,746.4834,4800,21,10,20
1126,11,7,2,746.7024,2200,21,8,15
1127,13,16,2,746.7083,2900,21,9,18
1128,14,11,2,746.9927,1800,21,9,19
1129,16,11,2,747.6291,3400,21,10,20
1130,5,8,2,748.8273,4100,21,5,9
1131,10,9,2,748.8716,4700,21,7,14
1132,6,9,2,749.7596,1800,21,5,10
1133,15,10,2,750.1185,4500,21,10,20
1134,3,10,2,750.6642,3400,21,4,6
1135,7,13,2,752.0956,1200,21,6,11
1136,7,8,2,752.4559,2600,21,6,11
1137,14,19,2,752.5701,5000,21,9,19
1138,9,17,2,752.9467,4800,21,7,13
1139,16,10,2,753.0146,1300,21,10,20
1140,7,17,2,753.2058,4800,21,6,11
1141,15,13,2,753.6511,2100,21,10,20
1142,20,9,2,753.8214,2600,21,10,20
1143,4,11,2,754.8783,3700,21,4,8
1144,7,20,2,755.7256,2800,21,6,11
1145,9,17,2,755.7348,3800,21,7,13
1146,4,9,2,756.3711,3000,21,4,8
1147,12,12,2,756.5568,2900,21,8,17
1148,6,14,2,757.177,4400,21,5,10
1149,12,5,2,757.8474,2200,21,8,17
1150,19,20,2,758.2376,4700,21,10,20
1151,12,14,2,758.4228,2400,21,8,17
1152,20,12,2,759.5059,1000,21,10,20
1153,8,8,2,760.0999,1000,21,6,12
1154,11,12,2,760.3,4200,21,8,15
1155,5,16,2,760.3258,4900,21,5,9
1156,19,19,2,760.3686,4800,21,10,20
1157,9,7,2,760.567,1000,21,7,13
1158,15,10,2,760.6287,3500,21,10,20
1159,5,19,2,760.6653,1000,21,5,9
1160,11,5,2,760.7885,2200,21,8,15
1161,5,11,2,761.6466,4000,21,5,9
1162,7,5,2,762.1209,5000,21,6,11
1163,14,17,2,762.478,2600,21,9,19
1164,8,12,2,763.522,3300,21,6,12
1165,3,12,2,764.7525,4600,21,4,6
1166,3,5,2,766.3927,4300,21,4,6
1167,13,7,2,767.4547,4000,21,9,18
1168,16,10,2,769.0026,1000,21,10,20
1169,9,5,2,769.4726,1400,21,7,13
1170,17,11,2,771.2669,3300,21,10,20
1171,12,7,2,773.2692,1800,21,8,17
1172,12,12,2,774.2201,4900,21,8,17
1173,8,16,2,774.3008,2500,21,6,12
1174,14,7,2,774.9505,4800,21,9,19
1175,14,19,2,775.404,2200,21,9,19
1176,4,16,2,776.6511,4600,21,4,8
1177,16,6,2,776.6962,2800,21,10,20
1178,18,16,2,777.5432,1100,21,10,20
1179,12,16,2,777.6205,3600,21,8,17
1180,4,6,2,778.4514,4900,21,4,8
1181,17,7,2,780.0934,3400,21,10,20
1182,11,20,2,782.3972,2100,21,8,15
1183,8,16,2,782.588,3000,21,6,12
1184,18,16,2,784.1244,4200,21,10,20
1185,11,12,2,784.5741,4300,21,8,15
1186,14,9,2,786.0175,4600,21,9,19
1187,12,17,2,786.799,3600,21,8,17
1188,3,7,2,786.9228,3000,21,4,6
1189,13,15,2,786.957,4600,21,9,18
1190,9,15,2,789.6557,2800,21,7,13
1191,15,10,2,789.7556,2500,21,10,20
1192,11,16,2,790.2008,4300,21,8,15
1193,6,14,2,790.7405,1900,21,5,10
1194,7,8,2,792.622,2800,21,6,11
1195,6,8,2,792.8008,4200,21,5,10
1196,13,8,2,794.6389,3500,21,9,18
1197,19,13,2,794.784,4200,21,10,20
1198,3,12,2,794.8664,4900,21,4,6
1199,9,11,2,795.4693,4200,21,7,13
1200,17,7,2,796.6487,2000,21,10,20
1201,3,6,2,797.398,4800,21,4,6
1202,5,17,2,798.3006,1200,21,5,9
1203,13,13,2,798.9162,3100,21,9,18
1204,13,14,2,801.6154,3700,21,9,18
1205,13,14,2,805.6454,2800,21,9,18
1206,18,19,2,805.9612,1000,21,10,20
1207,3,19,2,806.5187,2400,21,4,6
1208,14,6,2,806.5463,1200,21,9,19
1209,14,12,2,806.9616,4400,21,9,19
1210,11,6,2,807.1145,2100,21,8,15
1211,9,10,2,808.4749,4900,21,7,13
1212,15,14,2,808.5259,4100,21,10,20
1213,20,10,2,809.8422,1100,21,10,20
1214,19,17,2,809.8886,3500,21,10,20
1215,12,17,2,810.2384,1800,21,8,17
1216,7,5,2,810.401,2600,21,6,11
1217,8,10,2,811.2413,4200,21,6,12
1218,4,15,2,812.3294,2300,21,4,8
1219,17,14,2,812.4701,1600,21,10,20
1220,6,12,2,812.4819,2200,21,5,10
1221,16,15,2,812.6506,1200,21,10,20
1222,9,20,2,813.8618,5000,21,7,13
1223,7,20,2,814.1339,3600,21,6,11
1224,15,12,2,814.4689,3500,21,10,20
1225,9,12,2,814.8855,3200,21,7,13
1226,4,9,2,814.895,4000,21,4,8
1227,9,9,2,815.309,4100,21,7,13
1228,13,16,2,816.2075,1100,21,9,18
1229,10,5,2,816.738,4800,21,7,14
1230,6,18,2,816.8732,3100,21,5,10
1231,13,9,2,817.896,4800,21,9,18
1232,16,20,2,818.6789,1400,21,10,20
1233,20,15,2,820.0062,2900,21,10,20
1234,12,11,2,820.0507,5000,21,8,17
1235,8,12,2,820.1929,4900,21,6,12
1236,3,17,2,820.2782,2400,21,4,6
1237,6,8,2,820.3116,4600,21,5,10
1238,19,11,2,821.0316,4300,21,10,20
1239,5,17,2,821.3233,3500,21,5,9
1240,8,13,2,821.3282,4100,21,6,12
1241,7,15,2,821.685,2100,21,6,11
1242,6,12,2,821.8191,2600,21,5,10
1243,5,13,2,822.2574,2400,21,5,9
1244,9,5,2,822.4902,1100,21,7,13
1245,17,12,2,822.6406,3300,21,10,20
1246,10,15,2,822.7942,3900,21,7,14
1247,16,5,2,822.826,1000,21,10,20
1248,9,7,2,823.9587,4400,21,7,13
1249,5,10,2,824.3241,4200,21,5,9
1250,6,17,2,824.781,4500,21,5,10
1251,16,11,2,824.8247,4400,21,10,20
1252,6,5,2,828.1358,3700,21,5,10
1253,18,10,2,828.6989,3600,21,10,20
1254,14,9,2,829.1597,2600,21,9,19
1255,6,14,2,829.7558,3900,21,5,10
1256,13,18,2,830.6145,4500,21,9,18
1257,11,12,2,830.9667,2200,21,8,15
1258,7,7,2,831.3698,4600,21,6,11
1259,8,5,2,831.64,4800,21,6,12
1260,11,5,2,832.0106,3900,21,8,15
1261,8,17,2,833.213,3100,21,6,12
1262,16,13,2,834.9956,2600,21,10,20
1263,17,13,2,836.5796,2200,21,10,20
1264,16,13,2,837.5654,1000,21,10,20
1265,12,15,2,838.2483,4500,21,8,17
1266,4,13,2,838.5209,4800,21,4,8
1267,5,20,2,838.8555,4200,21,5,9
1268,7,8,2,838.9907,1500,21,6,11
1269,3,7,2,839.5555,3900,21,4,6
1270,19,5,2,840.2783,1400,21,10,20
1271,16,16,2,841.2251,2100,21,10,20
1272,7,7,2,841.4677,3900,21,6,11
1273,12,6,2,841.5195,4400,21,8,17
1274,16,9,2,841.5458,3600,21,10,20
1275,14,16,2,843.7366,1300,21,9,19
1276,10,9,2,844.5028,1200,21,7,14
1277,11,11,2,846.209,3100,21,8,15
1278,9,12,2,846.816,1500,21,7,13
1279,20,12,2,847.2914,1000,21,10,20
1280,13,7,2,847.8342,4900,21,9,18
1281,16,17,2,848.1116,2200,21,10,20
1282,20,10,2,848.2684,2000,21,10,20
1283,15,13,2,848.5476,3400,21,10,20
1284,14,10,2,848.6828,1500,21,9,19
1285,19,19,2,850.1735,4700,21,10,20
1286,5,18,2,850.358,1800,21,5,9
1287,18,13,2,850.3717,1700,21,10,20
1288,3,20,2,851.9743,2800,21,4,6
1289,12,9,2,852.163,2500,21,8,17
1290,5,5,2,852.915,4400,21,5,9
1291,9,10,2,853.0506,4900,21,7,13
1292,16,18,2,853.0591,4500,21,10,20
1293,11,6,2,853.3206,1600,21,8,15
1294,18,9,2,853.4898,1400,21,10,20
1295,5,8,2,855.0211,1400,21,5,9
1296,17,8,2,855.9539,2100,21,10,20
1297,19,16,2,856.5878,3800,21,10,20
1298,20,17,2,857.5173,4600,21,10,20
1299,10,20,2,857.6154,4400,21,7,14
1300,15,5,2,860.3223,3900,21,10,20
1301,17,7,2,860.4187,2300,21,10,20
1302,8,16,2,860.6902,1400,21,6,12
1303,3,11,2,861.4145,4700,21,4,6
1304,3,15,2,861.8366,1200,21,4,6
1305,17,7,2,862.8155,1200,21,10,20
1306,18,15,2,864.6354,4100,21,10,20
1307,9,13,2,865.0676,1600,21,7,13
1308,16,19,2,869.8179,1800,21,10,20
1309,6,15,2,870.0389,1300,21,5,10
1310,12,18,2,871.0696,4600,21,8,17
1311,18,5,2,872.018,3500,21,10,20
1312,10,16,2,872.4582,4800,21,7,14
1313,16,6,2,872.5302,3400,21,10,20
1314,19,17,2,873.3848,4100,21,10,20
1315,6,20,2,873.5264,1100,21,5,10
1316,10,16,2,874.4087,4200,21,7,14
1317,13,11,2,874.82,3200,21,9,18
1318,13,8,2,876.0183,2000,21,9,18
1319,16,9,2,876.5946,2600,21,10,20
1320,18,13,2,876.6133,4700,21,10,20
1321,17,7,2,878.0723,1100,21,10,20
1322,17,11,2,878.3208,2500,21,10,20
1323,4,19,2,878.8504,1600,21,4,8
1324,19,12,2,879.6739,2900,21,10,20
1325,6,17,2,880.0609,3200,21,5,10
1326,14,11,2,880.501,2500,21,9,19
1327,18,14,2,883.2402,2800,21,10,20
1328,20,5,2,884.6853,1600,21,10,20
1329,19,8,2,885.0216,4000,21,10,20
1330,12,11,2,886.0456,2200,21,8,17
1331,20,15,2,887.1579,1000,21,10,20
1332,20,6,2,888.1576,3000,21,10,20
1333,4,11,2,888.6797,5000,21,4,8
1334,11,12,2,889.6518,1400,21,8,15
1335,6,16,2,889.8504,2300,21,5,10
1336,10,12,2,890.3344,4100,21,7,14
1337,18,14,2,890.4634,4300,21,10,20
1338,13,19,2,891.7751,4800,21,9,18
1339,19,8,2,892.0864,4300,21,10,20
1340,19,9,2,893.1052,3800,21,10,20
1341,10,19,2,893.6924,1900,21,7,14
1342,16,19,2,894.6489,1700,21,10,20
1343,20,10,2,895.1179,2300,21,10,20
1344,12,8,2,897.0048,3400,21,8,17
1345,7,16,2,897.0881,2100,21,6,11
1346,8,10,2,898.3526,2400,21,6,12
1347,5,8,2,898.5335,1800,21,5,9
1348,19,8,2,898.5783,3400,21,10,20
1349,8,10,2,898.5943,3000,21,6,12
1350,10,13,2,898.6365,1500,21,7,14
1351,3,16,2,900.0562,4000,21,4,6
1352,4,8,2,900.1808,4900,21,4,8
1353,20,12,2,900.7581,4800,21,10,20
1354,5,19,2,900.9402,2100,21,5,9
1355,20,7,2,901.353,2700,21,10,20
1356,13,17,2,901.6767,5000,21,9,18
1357,15,15,2,902.7833,1800,21,10,20
1358,5,10,2,903.4838,4100,21,5,9
1359,3,14,2,904.0356,3400,21,4,6
1360,13,19,2,904.1551,1900,21,9,18
1361,19,14,2,905.9961,1700,21,10,20
1362,14,10,2,907.9034,5000,21,9,19
1363,7,19,2,908.5712,2800,21,6,11
1364,7,15,2,909.1911,1300,21,6,11
1365,3,6,2,910.0949,2700,21,4,6
1366,19,8,2,910.461,2300,21,10,20
1367,20,6,2,911.0432,2400,21,10,20
1368,17,6,2,911.6083,1400,21,10,20
1369,16,9,2,911.7378,4500,21,10,20
1370,15,18,2,912.6056,2400,21,10,20
1371,13,7,2,913.4388,5000,21,9,18
1372,18,11,2,913.5277,4300,21,10,20
1373,15,5,2,913.5497,4700,21,10,20
1374,7,19,2,913.7907,4600,21,6,11
1375,20,6,2,913.8217,4300,21,10,20
1376,14,5,2,913.8702,1800,21,9,19
1377,15,12,2,914.5415,4800,21,10,20
1378,8,7,2,915.8217,4500,21,6,12
1379,7,11,2,916.7362,1200,21,6,11
1380,7,11,2,917.4879,1400,21,6,11
1381,19,14,2,917.8189,4600,21,10,20
1382,8,8,2,917.9096,4000,21,6,12
1383,3,12,2,918.493,1500,21,4,6
1384,19,9,2,919.5481,4900,21,10,20
1385,9,7,2,919.6268,4400,21,7,13
1386,10,15,2,919.6671,1800,21,7,14
1387,8,19,2,920.0811,4200,21,6,12
1388,18,6,2,920.3102,1100,21,10,20
1389,6,12,2,920.5276,1300,21,5,10
1390,3,14,2,921.3707,3900,21,4,6
1391,11,16,2,921.9616,4400,21,8,15
1392,6,5,2,922.3345,3500,21,5,10
1393,18,14,2,922.6373,2900,21,10,20
1394,3,10,2,922.7254,2200,21,4,6
1395,12,16,2,922.785,3000,21,8,17
1396,20,12,2,923.4759,1100,21,10,20
1397,11,11,2,924.0087,1600,21,8,15
1398,5,9,2,925.2269,2400,21,5,9
1399,8,11,2,925.3002,2400,21,6,12
1400,19,9,2,926.3189,3900,21,10,20
1401,10,11,2,926.5022,2200,21,7,14
1402,12,18,2,926.5704,3100,21,8,17
1403,5,7,2,926.6632,4500,21,5,9
1404,13,14,2,927.6469,2100,21,9,18
1405,19,13,2,927.8139,2900,21,10,20
1406,14,6,2,928.0478,1900,21,9,19
1407,20,7,2,928.6443,4300,21,10,20
1408,6,17,2,928.8982,1100,21,5,10
1409,12,17,2,928.9877,2700,21,8,17
1410,19,14,2,929.5827,4200,21,10,20
1411,10,11,2,929.6133,2200,21,7,14
1412,18,12,2,929.7996,4200,21,10,20
1413,12,14,2,929.8115,4100,21,8,17
1414,3,14,2,930.2935,2500,21,4,6
1415,14,18,2,931.2303,4400,21,9,19
1416,3,19,2,931.3797,1600,21,4,6
1417,14,9,2,933.1272,3100,21,9,19
1418,17,15,2,933.1619,2100,21,10,20
1419,11,12,2,934.4845,4400,21,8,15
1420,6,5,2,935.0792,4900,21,5,10
1421,6,17,2,936.4928,3800,21,5,10
1422,6,19,2,937.1435,3700,21,5,10
1423,20,14,2,937.4872,2200,21,10,20
1424,14,13,2,937.5371,4100,21,9,19
1425,19,17,2,938.2002,1100,21,10,20
1426,3,9,2,938.8146,1800,21,4,6
1427,18,20,2,941.2464,4800,21,10,20
1428,9,10,2,941.7871,5000,21,7,13
1429,8,20,2,942.3761,3200,21,6,12
1430,20,13,2,942.4836,3900,21,10,20
1431,7,7,2,943.1818,3300,21,6,11
1432,11,14,2,943.2496,1200,21,8,15
1433,20,17,2,943.3592,3700,21,10,20
1434,11,17,2,944.6191,4300,21,8,15
1435,11,18,2,946.265,4800,21,8,15
1436,16,20,2,946.5548,1000,21,10,20
1437,18,12,2,947.2752,2900,21,10,20
1438,8,16,2,947.4137,2900,21,6,12
1439,18,5,2,947.5508,2900,21,10,20
1440,13,12,2,949.5378,4200,21,9,18
1441,15,12,2,949.8589,1000,21,10,20
1442,8,9,2,951.0184,4200,21,6,12
1443,11,8,2,951.0296,2700,21,8,15
1444,8,13,2,951.4194,3200,21,6,12
1445,20,9,2,951.5752,3000,21,10,20
1446,4,17,2,952.0057,3700,21,4,8
1447,7,6,2,952.0483,3400,21,6,11
1448,20,12,2,952.5826,2200,21,10,20
1449,19,20,2,953.0768,4600,21,10,20
1450,9,19,2,954.3243,4300,21,7,13
1451,13,11,2,954.4168,1400,21,9,18
1452,8,16,2,954.6205,3800,21,6,12
1453,11,9,2,955.8312,2900,21,8,15
1454,11,18,2,955.8577,4700,21,8,15
1455,15,9,2,956.0243,3700,21,10,20
1456,20,6,2,956.345,4100,21,10,20
1457,16,18,2,956.8677,1700,21,10,20
1458,13,7,2,957.3639,1000,21,9,18
1459,11,5,2,958.4775,4900,21,8,15
1460,17,16,2,958.5911,1000,21,10,20
1461,7,5,2,959.5544,4400,21,6,11
1462,8,11,2,960.3142,1100,21,6,12
1463,19,7,2,961.0594,3600,21,10,20
1464,19,8,2,963.6238,1600,21,10,20
1465,7,6,2,963.6347,4900,21,6,11
1466,8,16,2,963.9908,4900,21,6,12
1467,16,7,2,964.81,2900,21,10,20
1468,20,14,2,965.8147,4500,21,10,20
1469,6,7,2,965.845,2200,21,5,10
1470,12,5,2,965.9422,2700,21,8,17
1471,16,10,2,966.0514,4500,21,10,20
1472,6,15,2,967.2895,3000,21,5,10
1473,14,6,2,967.5722,1100,21,9,19
1474,16,18,2,967.964,2000,21,10,20
1475,18,9,2,968.462,2600,21,10,20
1476,9,12,2,968.5404,5000,21,7,13
1477,3,18,2,968.6894,2900,21,4,6
1478,8,13,2,968.8118,4400,21,6,12
1479,15,14,2,968.9805,2300,21,10,20
1480,9,13,2,969.6093,4700,21,7,13
1481,20,5,2,970.1664,2600,21,10,20
1482,7,9,2,970.3087,2400,21,6,11
1483,19,12,2,970.7967,4900,21,10,20
1484,6,16,2,970.979,2700,21,5,10
1485,13,6,2,971.1186,1900,21,9,18
1486,13,19,2,971.3429,2600,21,9,18
1487,12,18,2,972.2315,3300,21,8,17
1488,19,11,2,972.3269,2000,21,10,20
1489,20,12,2,972.4637,2600,21,10,20
1490,12,20,2,974.2239,3100,21,8,17
1491,15,10,2,975.2902,4000,21,10,20
1492,17,13,2,975.7454,2000,21,10,20
1493,4,14,2,976.7168,5000,21,4,8
1494,3,13,2,977.2997,1300,21,4,6
1495,3,16,2,977.3446,4300,21,4,6
1496,7,15,2,977.3528,3500,21,6,11
1497,12,9,2,977.3768,4900,21,8,17
1498,15,8,2,978.3775,1400,21,10,20
1499,11,19,2,979.6423,1300,21,8,15
1500,12,8,2,979.8071,2500,21,8,17
1501,15,6,2,981.078,1100,21,10,20
1502,5,6,2,981.6295,1500,21,5,9
1503,4,7,2,981.6935,4000,21,4,8
1504,16,8,2,982.0234,4800,21,10,20
1505,18,8,2,982.8741,4400,21,10,20
1506,10,6,2,984.0534,4600,21,7,14
1507,17,15,2,984.3975,3500,21,10,20
1508,16,12,2,985.3764,1000,21,10,20
1509,6,16,2,985.517,4200,21,5,10
1510,17,5,2,986.6828,2500,21,10,20
1511,3,11,2,986.687,4400,21,4,6
1512,13,14,2,988.4767,2900,21,9,18
1513,19,19,2,989.3334,2100,21,10,20
1514,16,19,2,989.5145,4900,21,10,20
1515,18,16,2,991.2985,2900,21,10,20
1516,19,10,2,993.166,3000,21,10,20
1517,6,10,2,994.747,1100,21,5,10
1518,7,12,2,994.9738,1200,21,6,11
1519,12,8,2,996.5798,3400,21,8,17
1520,10,9,2,996.8028,3200,21,7,14
1521,8,17,2,998.013,2400,21,6,12
1522,13,14,2,998.2593,3300,21,9,18
1523,9,6,2,998.5224,4000,21,7,13
1524,13,5,2,999.8859,2600,21,9,18
1525,10,12,2,1000.2259,4700,21,7,14
1526,10,16,2,1000.6799,4200,21,7,14
1527,12,11,2,1000.9018,3600,21,8,17
1528,3,18,2,1001.0317,1000,21,4,6
1529,8,18,2,1001.7464,3400,21,6,12
1530,10,11,2,1002.0721,3700,21,7,14
1531,9,17,2,1002.2457,3000,21,7,13
1532,9,13,2,1004.3167,3700,21,7,13
1533,18,12,2,1004.5175,1100,21,10,20
1534,11,19,2,1007.4172,5000,21,8,15
1535,8,16,2,1008.0619,4000,21,6,12
1536,12,12,2,1008.1,3800,21,8,17
1537,6,20,2,1009.2464,4700,21,5,10
1538,19,20,2,1010.6708,4600,21,10,20
1539,5,8,2,1010.8529,1700,21,5,9
1540,3,17,2,1011.2048,3100,21,4,6
1541,8,15,2,1013.332,2400,21,6,12
1542,8,6,2,1014.3339,2500,21,6,12
1543,20,10,2,1014.3434,5000,21,10,20
1544,20,10,2,1015.0134,2300,21,10,20
1545,6,8,2,1015.0687,1100,21,5,10
1546,4,16,2,1015.0715,1700,21,4,8
1547,4,20,2,1015.1272,4500,21,4,8
1548,15,14,2,1015.483,5000,21,10,20
1549,12,18,2,1015.9374,2000,21,8,17
1550,7,9,2,1016.8098,2700,21,6,11
1551,16,17,2,1016.8894,3000,21,10,20
1552,10,7,2,1017.7219,1800,21,7,14
1553,20,8,2,1018.0869,4600,21,10,20
1554,16,9,2,1018.3165,3500,21,10,20
1555,10,18,2,1018.4395,2800,21,7,14
1556,17,12,2,1018.9689,1800,21,10,20
1557,19,19,2,1019.0578,3000,21,10,20
1558,9,16,2,1019.5377,1800,21,7,13
1559,8,20,2,1020.2711,4100,21,6,12
1560,17,13,2,1021.5355,2500,21,10,20
1561,7,14,2,1022.0739,4300,21,6,11
1562,13,18,2,1022.1761,4300,21,9,18
1563,20,11,2,1022.8779,4500,21,10,20
1564,8,11,2,1023.6168,3200,21,6,12
1565,6,10,2,1024.0526,3100,21,5,10
1566,12,9,2,1024.3385,3800,21,8,17
1567,20,16,2,1025.9716,1700,21,10,20
1568,20,6,2,1026.4019,4600,21,10,20
1569,20,9,2,1026.78,3900,21,10,20
1570,14,13,2,1027.8199,4900,21,9,19
1571,14,9,2,1028.4007,3900,21,9,19
1572,4,10,2,1028.8287,1600,21,4,8
1573,20,14,2,1030.9106,4800,21,10,20
1574,6,12,2,1031.0239,3500,21,5,10
1575,10,10,2,1031.7302,2300,21,7,14
1576,10,17,2,1031.9464,4900,21,7,14
1577,6,20,2,1032.0546,2100,21,5,10
1578,4,12,2,1032.3608,2700,21,4,8
1579,3,20,2,1032.8413,2000,21,4,6
1580,6,11,2,1032.899,2700,21,5,10
1581,13,13,2,1033.1545,4900,21,9,18
1582,8,19,2,1033.468,3700,21,6,12
1583,7,19,2,1033.9721,4000,21,6,11
1584,6,16,2,1034.4206,4200,21,5,10
1585,16,11,2,1036.0496,4600,21,10,20
1586,13,19,2,1036.3524,4600,21,9,18
1587,10,15,2,1036.5175,4900,21,7,14
1588,6,5,2,1037.0899,3500,21,5,10
1589,15,18,2,1037.3291,3900,21,10,20
1590,9,7,2,1038.5118,3700,21,7,13
1591,3,13,2,1039.0605,4200,21,4,6
1592,14,17,2,1039.7248,5000,21,9,19
1593,13,11,2,1040.0695,3900,21,9,18
1594,16,7,2,1040.1953,3100,21,10,20
1595,7,15,2,1041.1283,1700,21,6,11
1596,12,15,2,1041.3156,4700,21,8,17
1597,14,11,2,1043.641,2500,21,9,19
1598,3,12,2,1044.0707,1600,21,4,6
1599,18,12,2,1044.6409,2800,21,10,20
1600,18,16,2,1045.1497,3600,21,10,20
1601,3,12,2,1047.0624,1100,21,4,6
1602,12,17,2,1047.298,4600,21,8,17
1603,3,20,2,1048.4877,1100,21,4,6
1604,11,6,2,1048.7846,2500,21,8,15
1605,7,16,2,1050.2455,2600,21,6,11
1606,11,17,2,1050.4224,2700,21,8,15
1607,13,9,2,1051.3584,3000,21,9,18
1608,20,10,2,1052.2341,4700,21,10,20
1609,14,6,2,1052.6619,1800,21,9,19
1610,3,12,2,1053.7622,2800,21,4,6
1611,4,15,2,1054.035,2300,21,4,8
1612,6,20,2,1054.2689,4600,21,5,10
1613,5,8,2,1054.7832,1900,21,5,9
1614,15,11,2,1056.6358,3500,21,10,20
1615,13,18,2,1057.1204,1000,21,9,18
1616,18,19,2,1057.3435,2300,21,10,20
1617,10,5,2,1058.0231,1800,21,7,14
1618,11,14,2,1058.9321,2500,21,8,15
1619,8,14,2,1061.1144,4900,21,6,12
1620,10,7,2,1061.274,3400,21,7,14
1621,12,10,2,1064.3176,2200,21,8,17
1622,20,9,2,1065.0694,4500,21,10,20
1623,10,13,2,1067.3382,3100,21,7,14
1624,3,7,2,1067.4591,4700,21,4,6
1625,7,6,2,1068.8548,4800,21,6,11
1626,15,8,2,1068.9086,2900,21,10,20
1627,18,14,2,1069.7578,3700,21,10,20
1628,18,18,2,1071.556,1700,21,10,20
1629,18,18,2,1071.8453,3000,21,10,20
1630,13,6,2,1072.1366,1300,21,9,18
1631,8,18,2,1073.2204,4600,21,6,12
1632,11,16,2,1073.621,4900,21,8,15
1633,19,17,2,1073.9438,2200,21,10,20
1634,9,20,2,1074.0631,2500,21,7,13
1635,9,18,2,1074.5275,5000,21,7,13
1636,12,8,2,1074.6552,3300,21,8,17
1637,5,19,2,1075.2212,4200,21,5,9
1638,8,16,2,1075.4979,2800,21,6,12
1639,13,8,2,1076.0742,2900,21,9,18
1640,18,14,2,1076.0973,3800,21,10,20
1641,8,18,2,1076.4733,4600,21,6,12
1642,10,11,2,1077.4233,1300,21,7,14
1643,11,20,2,1077.4564,1700,21,8,15
1644,19,15,2,1078.5665,3700,21,10,20
1645,5,8,2,1079.0244,1900,21,5,9
1646,7,6,2,1080.2463,5000,21,6,11
1647,6,10,2,1080.3169,2400,21,5,10
1648,7,19,2,1080.3807,4500,21,6,11
1649,9,15,2,1080.4893,4700,21,7,13
1650,11,10,2,1080.5048,2700,21,8,15
1651,17,8,2,1081.2488,4900,21,10,20
1652,5,17,2,1082.1445,4400,21,5,9
1653,20,6,2,1084.6795,4600,21,10,20
1654,5,8,2,1085.2754,1400,21,5,9
1655,14,16,2,1086.7133,1000,21,9,19
1656,3,14,2,1087.01,4200,21,4,6
1657,17,19,2,1087.7773,3100,21,10,20
1658,9,15,2,1087.8833,4200,21,7,13
1659,14,13,2,1088.0782,1400,21,9,19
1660,16,18,2,1088.9115,4500,21,10,20
1661,10,13,2,1089.1626,1800,21,7,14
1662,13,7,2,1089.3271,1400,21,9,18
1663,15,20,2,1090.2447,1100,21,10,20
1664,3,17,2,1090.5433,2800,21,4,6
1665,6,16,2,1090.5807,4100,21,5,10
1666,14,18,2,1091.5148,2700,21,9,19
1667,14,19,2,1091.5589,3500,21,9,19
1668,19,10,2,1093.1144,2700,21,10,20
1669,11,13,2,1093.4791,2000,21,8,15
1670,18,10,2,1094.2453,2400,21,10,20
1671,18,14,2,1094.3148,4600,21,10,20
1672,20,13,2,1095.0529,1400,21,10,20
1673,6,16,2,1095.1462,4800,21,5,10
1674,19,11,2,1095.4883,4000,21,10,20
1675,11,9,2,1096.0537,2600,21,8,15
1676,6,10,2,1096.229,3500,21,5,10
1677,8,15,2,1096.8407,3000,21,6,12
1678,20,14,2,1097.3447,1600,21,10,20
1679,14,5,2,1097.3778,1000,21,9,19
1680,20,19,2,1097.5945,2400,21,10,20
1681,4,15,2,1098.2485,3600,21,4,8
1682,8,9,2,1098.2881,4600,21,6,12
1683,6,12,2,1098.564,3500,21,5,10
1684,3,9,2,1098.6067,1800,21,4,6
1685,14,6,2,1098.7863,4800,21,9,19
1686,15,15,2,1098.9155,4200,21,10,20
1687,8,15,2,1099.0404,2400,21,6,12
1688,9,6,2,1100.1076,4700,21,7,13
1689,19,6,2,1101.3209,2800,21,10,20
1690,10,5,2,1101.5482,2400,21,7,14
1691,9,13,2,1101.7067,3100,21,7,13
1692,16,18,2,1101.753,4700,21,10,20
1693,10,14,2,1101.9293,4600,21,7,14
1694,19,10,2,1102.0338,2700,21,10,20
1695,7,9,2,1103.4208,1800,21,6,11
1696,13,14,2,1104.2218,2800,21,9,18
1697,11,11,2,1105.0228,3800,21,8,15
1698,11,14,2,1105.0496,3500,21,8,15
1699,14,6,2,1105.4953,4300,21,9,19
1700,8,12,2,1105.5764,1700,21,6,12
1701,10,10,2,1106.1735,2200,21,7,14
1702,14,13,2,1106.3203,1800,21,9,19
1703,6,9,2,1108.228,1500,21,5,10
1704,16,8,2,1108.6437,4300,21,10,20
1705,19,7,2,1109.0495,3100,21,10,20
1706,5,7,2,1109.6172,1800,21,5,9
1707,12,6,2,1110.365,3000,21,8,17
1708,16,10,2,1111.4205,1700,21,10,20
1709,3,7,2,1111.6501,4000,21,4,6
1710,14,9,2,1111.9112,1000,21,9,19
1711,6,9,2,1112.2569,2600,21,5,10
1712,3,11,2,1112.9134,2700,21,4,6
1713,8,13,2,1114.0921,2400,21,6,12
1714,5,13,2,1114.813,3700,21,5,9
1715,10,14,2,1114.8719,3500,21,7,14
1716,18,18,2,1115.4144,1600,21,10,20
1717,12,7,2,1116.1317,3700,21,8,17
1718,13,9,2,1116.8081,3800,21,9,18
1719,14,6,2,1117.888,4300,21,9,19
1720,15,7,2,1118.2329,4900,21,10,20
1721,3,20,2,1118.6825,2300,21,4,6
1722,14,19,2,1118.8992,1100,21,9,19
1723,8,11,2,1119.3106,3700,21,6,12
1724,6,15,2,1119.8078,1500,21,5,10
1725,16,16,2,1120.2115,2300,21,10,20
1726,6,10,2,1120.2809,4300,21,5,10
1727,9,9,2,1120.5734,2900,21,7,13
1728,6,8,2,1123.0828,1200,21,5,10
1729,10,10,2,1123.4583,3100,21,7,14
1730,14,16,2,1123.8475,3200,21,9,19
1731,8,14,2,1124.993,3800,21,6,12
1732,14,10,2,1125.1872,2900,21,9,19
1733,14,6,2,1125.2252,2200,21,9,19
1734,16,14,2,1125.3337,4800,21,10,20
1735,7,6,2,1125.5452,2900,21,6,11
1736,10,20,2,1125.6993,3500,21,7,14
1737,4,8,2,1126.6961,3500,21,4,8
1738,8,11,2,1126.9471,1300,21,6,12
1739,20,20,2,1127.1227,2400,21,10,20
1740,13,13,2,1127.8398,1900,21,9,18
1741,11,12,2,1128.3752,3100,21,8,15
1742,7,11,2,1130.1057,1500,21,6,11
1743,11,11,2,1131.008,2400,21,8,15
1744,16,13,2,1133.2441,4900,21,10,20
1745,13,13,2,1134.032,3000,21,9,18
1746,5,6,2,1134.3283,2500,21,5,9
1747,19,16,2,1134.8187,4700,21,10,20
1748,17,8,2,1135.1275,4100,21,10,20
1749,3,19,2,1135.1613,2000,21,4,6
1750,15,10,2,1135.3615,3600,21,10,20
1751,7,15,2,1135.7878,1300,21,6,11
1752,9,15,2,1137.023,3300,21,7,13
1753,19,11,2,1137.4888,4800,21,10,20
1754,17,5,2,1137.8886,4300,21,10,20
1755,3,18,2,1138.1914,4000,21,4,6
1756,15,11,2,1138.6694,4300,21,10,20
1757,13,11,2,1139.9682,3900,21,9,18
1758,12,5,2,1140.9276,3700,21,8,17
1759,5,13,2,1141.3483,3500,21,5,9
1760,17,16,2,1141.6383,2900,21,10,20
1761,17,19,2,1141.6424,1700,21,10,20
1762,5,13,2,1141.7966,1900,21,5,9
1763,7,18,2,1141.845,4300,21,6,11
1764,9,12,2,1141.9069,1200,21,7,13
1765,6,5,2,1142.7671,4700,21,5,10
1766,11,10,2,1143.1247,2700,21,8,15
1767,15,7,2,1143.5732,1800,21,10,20
1768,16,15,2,1143.9188,2100,21,10,20
1769,18,6,2,1144.1731,4100,21,10,20
1770,4,16,2,1144.2241,2800,21,4,8
1771,6,10,2,1145.0591,4200,21,5,10
1772,17,16,2,1145.391,4200,21,10,20
1773,17,17,2,1146.9168,4700,21,10,20
1774,7,13,2,1147.0653,2900,21,6,11
1775,17,10,2,1147.0834,2800,21,10,20
1776,13,9,2,1149.0102,5000,21,9,18
1777,7,13,2,1149.2647,3600,21,6,11
1778,3,19,2,1149.572,2000,21,4,6
1779,17,19,2,1149.8953,2300,21,10,20
1780,3,13,2,1149.9084,2600,21,4,6
1781,11,15,2,1150.5222,2900,21,8,15
1782,3,18,2,1151.7397,3000,21,4,6
1783,8,6,2,1151.962,2200,21,6,12
1784,11,6,2,1153.053,4700,21,8,15
1785,11,17,2,1153.1826,3000,21,8,15
1786,17,11,2,1153.458,5000,21,10,20
1787,18,11,2,1153.5713,2500,21,10,20
1788,8,17,2,1155.9836,5000,21,6,12
1789,13,6,2,1156.7749,2600,21,9,18
1790,9,5,2,1157.6999,3500,21,7,13
1791,8,19,2,1157.7414,1600,21,6,12
1792,14,20,2,1159.2947,1900,21,9,19
1793,12,12,2,1161.007,3000,21,8,17
1794,5,5,2,1162.6431,3800,21,5,9
1795,5,16,2,1163.0647,3700,21,5,9
1796,4,7,2,1163.1572,3600,21,4,8
1797,12,13,2,1164.1123,1300,21,8,17
1798,10,8,2,1164.195,2300,21,7,14
1799,13,12,2,1165.6674,2200,21,9,18
1800,5,13,2,1166.3494,3700,21,5,9
1801,19,9,2,1168.3154,3300,21,10,20
1802,7,17,2,1168.598,2400,21,6,11
1803,12,17,2,1168.6056,1700,21,8,17
1804,13,14,2,1169.9068,3600,21,9,18
1805,8,16,2,1170.1175,3100,21,6,12
1806,15,6,2,1172.0247,3200,21,10,20
1807,11,19,2,1173.4426,1400,21,8,15
1808,14,5,2,1173.4446,2100,21,9,19
1809,6,11,2,1174.6109,2300,21,5,10
1810,12,6,2,1175.53,2200,21,8,17
1811,3,9,2,1175.8006,2500,21,4,6
1812,6,13,2,1175.8438,2700,21,5,10
1813,10,18,2,1176.28,3600,21,7,14
1814,11,11,2,1176.7741,1600,21,8,15
1815,3,13,2,1177.1863,3300,21,4,6
1816,19,6,2,1177.3513,2000,21,10,20
1817,6,16,2,1177.366,4800,21,5,10
1818,5,17,2,1177.5195,4500,21,5,9
1819,6,19,2,1177.6393,4800,21,5,10
1820,14,18,2,1178.3263,1800,21,9,19
1821,5,14,2,1179.58,2900,21,5,9
1822,17,13,2,1180.523,1500,21,10,20
1823,5,14,2,1180.7327,1100,21,5,9
1824,13,18,2,1181.7248,2300,21,9,18
1825,7,19,2,1182.3381,1200,21,6,11
1826,14,16,2,1183.8761,2500,21,9,19
1827,8,17,2,1184.0626,1400,21,6,12
1828,9,12,2,1184.5865,3500,21,7,13
1829,3,19,2,1185.6231,1400,21,4,6
1830,7,11,2,1185.7718,3300,21,6,11
1831,11,13,2,1187.3051,1900,21,8,15
1832,4,8,2,1189.9764,4700,21,4,8
1833,5,20,2,1190.8325,2000,21,5,9
1834,18,11,2,1191.136,1500,21,10,20
1835,7,13,2,1191.1995,3000,21,6,11
1836,13,13,2,1191.3182,3800,21,9,18
1837,7,16,2,1193.4863,3500,21,6,11
1838,17,6,2,1194.3637,4500,21,10,20
1839,9,8,2,1194.8827,3400,21,7,13
1840,8,8,2,1194.8844,3600,21,6,12
1841,17,6,2,1196.9609,2600,21,10,20
1842,18,15,2,1197.0532,4100,21,10,20
1843,9,20,2,1197.0604,4000,21,7,13
1844,10,11,2,1197.4752,4900,21,7,14
1845,18,14,2,1197.698,2900,21,10,20
1846,16,13,2,1198.1653,3400,21,10,20
1847,17,13,2,1198.7698,3500,21,10,20
1848,8,11,2,1199.233,3800,21,6,12
1849,6,16,2,1199.7577,2200,21,5,10
1850,18,5,2,1199.9367,4700,21,10,20
1851,4,8,2,1200.1498,3100,21,4,8
1852,10,5,2,1200.3398,4800,21,7,14
1853,8,13,2,1200.5348,3800,21,6,12
1854,4,11,2,1200.7213,4900,21,4,8
1855,13,11,2,1200.9076,3800,21,9,18
1856,4,17,2,1201.7407,2100,21,4,8
1857,14,15,2,1201.8838,1500,21,9,19
1858,9,12,2,1201.9521,2900,21,7,13
1859,7,10,2,1202.6733,1100,21,6,11
1860,13,11,2,1203.1611,4500,21,9,18
1861,10,9,2,1203.3749,2700,21,7,14
1862,4,13,2,1205.059,4600,21,4,8
1863,7,20,2,1205.0935,4700,21,6,11
1864,20,18,2,1206.1394,3200,21,10,20
1865,18,15,2,1206.467,3800,21,10,20
1866,20,15,2,1207.3714,3100,21,10,20
1867,6,12,2,1208.2556,4700,21,5,10
1868,13,20,2,1208.7719,2900,21,9,18
1869,7,12,2,1209.9351,3000,21,6,11
1870,20,17,2,1210.5579,2500,21,10,20
1871,5,10,2,1211.2226,2700,21,5,9
1872,14,5,2,1212.6175,4300,21,9,19
1873,17,5,2,1212.8788,4100,21,10,20
1874,3,13,2,1213.053,2400,21,4,6
1875,9,10,2,1214.1675,3400,21,7,13
1876,9,11,2,1214.6493,2200,21,7,13
1877,12,5,2,1214.7769,4600,21,8,17
1878,7,11,2,1215.6229,1100,21,6,11
1879,16,17,2,1215.6516,3600,21,10,20
1880,18,19,2,1215.9192,3800,21,10,20
1881,14,9,2,1216.701,1500,21,9,19
1882,3,14,2,1216.7138,1200,21,4,6
1883,7,10,2,1217.3046,1400,21,6,11
1884,10,11,2,1218.0068,4600,21,7,14
1885,14,18,2,1219.8839,3700,21,9,19
1886,6,19,2,1220.1128,3700,21,5,10
1887,19,11,2,1220.4661,4700,21,10,20
1888,20,19,2,1221.1125,3000,21,10,20
1889,3,19,2,1221.2283,1300,21,4,6
1890,7,16,2,1221.5481,4400,21,6,11
1891,15,14,2,1221.9263,2000,21,10,20
1892,6,9,2,1221.9336,3300,21,5,10
1893,15,12,2,1222.1014,4600,21,10,20
1894,5,12,2,1222.1921,4700,21,5,9
1895,17,16,2,1222.8177,4400,21,10,20
1896,13,13,2,1224.4547,2300,21,9,18
1897,13,20,2,1224.6923,1500,21,9,18
1898,7,13,2,1224.814,2000,21,6,11
1899,3,5,2,1227.2798,3500,21,4,6
1900,16,15,2,1227.5194,1700,21,10,20
1901,5,12,2,1227.7734,3000,21,5,9
1902,7,18,2,1229.5191,4700,21,6,11
1903,16,9,2,1229.5225,4800,21,10,20
1904,4,5,2,1229.6969,2100,21,4,8
1905,19,16,2,1231.2398,2400,21,10,20
1906,9,7,2,1231.4093,3800,21,7,13
1907,5,12,2,1231.8071,1000,21,5,9
1908,20,8,2,1232.2439,4900,21,10,20
1909,6,7,2,1232.9592,4600,21,5,10
1910,19,9,2,1232.9705,3200,21,10,20
1911,4,12,2,1233.6432,2600,21,4,8
1912,7,20,2,1234.0659,1700,21,6,11
1913,7,9,2,1234.1292,2800,21,6,11
1914,16,16,2,1234.287,1700,21,10,20
1915,17,20,2,1234.4179,5000,21,10,20
1916,18,11,2,1235.9456,1000,21,10,20
1917,10,7,2,1237.1801,3300,21,7,14
1918,3,18,2,1237.2333,2100,21,4,6
1919,4,9,2,1237.7714,1400,21,4,8
1920,3,5,2,1238.0579,3100,21,4,6
1921,12,5,2,1238.4953,2500,21,8,17
1922,19,9,2,1239.6764,1600,21,10,20
1923,15,17,2,1240.3744,3300,21,10,20
1924,3,20,2,1240.8893,4200,21,4,6
1925,8,15,2,1241.8356,3100,21,6,12
1926,9,12,2,1242.1278,4700,21,7,13
1927,10,8,2,1242.5422,1000,21,7,14
1928,3,14,2,1242.5499,3600,21,4,6
1929,20,9,2,1245.13,4000,21,10,20
1930,7,8,2,1245.9566,2600,21,6,11
1931,17,11,2,1248.7825,1200,21,10,20
1932,15,20,2,1249.0947,4600,21,10,20
1933,5,19,2,1249.5697,5000,21,5,9
1934,9,5,2,1249.6357,3100,21,7,13
1935,3,15,2,1251.6254,3500,21,4,6
1936,3,20,2,1252.3258,4500,21,4,6
1937,17,13,2,1252.579,2100,21,10,20
1938,15,13,2,1253.3961,4000,21,10,20
1939,9,17,2,1253.4078,4200,21,7,13
1940,16,16,2,1253.4907,3900,21,10,20
1941,16,16,2,1254.1338,2200,21,10,20
1942,12,10,2,1254.1859,2500,21,8,17
1943,14,9,2,1254.3535,2800,21,9,19
1944,16,5,2,1254.4672,4200,21,10,20
1945,7,19,2,1254.675,3200,21,6,11
1946,6,12,2,1255.1484,2800,21,5,10
1947,19,15,2,1255.2201,3400,21,10,20
1948,9,7,2,1255.638,3800,21,7,13
1949,20,5,2,1256.7315,4400,21,10,20
1950,11,19,2,1257.1707,4400,21,8,15
1951,18,9,2,1258.2433,1800,21,10,20
1952,17,12,2,1259.4531,2200,21,10,20
1953,7,14,2,1259.7325,2500,21,6,11
1954,18,12,2,1260.0829,1000,21,10,20
1955,15,11,2,1260.9578,4500,21,10,20
1956,12,13,2,1261.2218,1100,21,8,17
1957,14,16,2,1263.3046,1900,21,9,19
1958,18,9,2,1263.3884,4100,21,10,20
1959,16,14,2,1264.1176,2400,21,10,20
1960,16,5,2,1265.2041,2000,21,10,20
1961,17,19,2,1265.9629,2300,21,10,20
1962,3,16,2,1266.0897,1000,21,4,6
1963,6,13,2,1268.6655,4700,21,5,10
1964,18,11,2,1268.9442,2700,21,10,20
1965,18,18,2,1269.5756,3800,21,10,20
1966,6,10,2,1269.818,1900,21,5,10
1967,5,13,2,1270.5019,3600,21,5,9
1968,8,13,2,1271.1978,3700,21,6,12
1969,6,6,2,1271.8481,1500,21,5,10
1970,12,16,2,1272.2602,3600,21,8,17
1971,15,20,2,1272.5812,1300,21,10,20
1972,16,14,2,1273.0197,3500,21,10,20
1973,11,12,2,1274.5787,2400,21,8,15
1974,10,19,2,1274.6723,5000,21,7,14
1975,19,17,2,1275.9183,3100,21,10,20
1976,6,13,2,1277.4078,4800,21,5,10
1977,7,10,2,1278.1394,2500,21,6,11
1978,10,19,2,1278.2987,3700,21,7,14
1979,20,18,2,1278.6272,4700,21,10,20
1980,13,18,2,1278.6683,2300,21,9,18
1981,17,10,2,1278.799,3700,21,10,20
1982,14,10,2,1279.1944,4800,21,9,19
1983,12,15,2,1279.5582,1700,21,8,17
1984,4,9,2,1281.0599,1500,21,4,8
1985,19,14,2,1282.2725,3600,21,10,20
1986,15,7,2,1283.399,3600,21,10,20
1987,3,16,2,1283.4709,1000,21,4,6
1988,3,5,2,1283.5528,2300,21,4,6
1989,16,14,2,1283.6464,4400,21,10,20
1990,6,7,2,1284.0373,3700,21,5,10
1991,13,13,2,1284.8829,2500,21,9,18
1992,7,9,2,1284.9103,2100,21,6,11
1993,9,16,2,1289.536,4300,21,7,13
1994,14,16,2,1289.9118,1000,21,9,19
1995,17,18,2,1290.6218,2600,21,10,20
1996,15,11,2,1292.0969,3500,21,10,20
1997,19,11,2,1292.2614,1000,21,10,20
1998,8,14,2,1293.4516,2500,21,6,12
1999,16,12,2,1293.6349,1800,21,10,20
2000,3,17,2,1294.0346,1700,21,4,6
2001,10,6,2,1294.0714,2500,21,7,14
2002,4,12,2,1294.1309,1100,21,4,8
2003,9,8,2,1294.2188,1500,21,7,13
2004,5,20,2,1295.6916,2500,21,5,9
2005,20,6,2,1295.7287,2200,21,10,20
2006,5,19,2,1296.1875,2100,21,5,9
2007,17,11,2,1296.6559,1200,21,10,20
2008,4,15,2,1297.1209,3000,21,4,8
2009,6,9,2,1297.5389,2300,21,5,10
2010,14,13,2,1297.8954,4800,21,9,19
2011,5,19,2,1298.1645,4600,21,5,9
2012,3,12,2,1299.7498,3900,21,4,6
2013,12,10,2,1300.0888,2900,21,8,17
2014,12,5,2,1300.5778,1500,21,8,17
2015,12,10,2,1300.6628,4700,21,8,17
2016,9,20,2,1301.9053,1700,21,7,13
2017,13,9,2,1302.1298,3600,21,9,18
2018,14,15,2,1302.5294,3300,21,9,19
2019,10,18,2,1303.0643,1900,21,7,14
2020,13,9,2,1303.3222,3400,21,9,18
2021,18,15,2,1303.7606,1300,21,10,20
2022,14,8,2,1305.1623,2600,21,9,19
2023,14,11,2,1305.9356,1600,21,9,19
2024,15,5,2,1306.7922,3800,21,10,20
2025,6,5,2,1309.2448,1100,21,5,10
2026,6,5,2,1309.5534,3000,21,5,10
2027,3,16,2,1309.778,4600,21,4,6
2028,16,6,2,1311.0627,1800,21,10,20
2029,3,7,2,1312.8614,2700,21,4,6
2030,11,20,2,1313.0628,2300,21,8,15
2031,7,17,2,1313.1338,1900,21,6,11
2032,15,14,2,1313.4483,3500,21,10,20
2033,7,19,2,1315.888,2400,21,6,11
2034,18,16,2,1315.9722,2400,21,10,20
2035,4,16,2,1316.3049,3200,21,4,8
2036,9,10,2,1316.944,2200,21,7,13
2037,12,10,2,1317.0748,4000,21,8,17
2038,13,20,2,1318.2816,3400,21,9,18
2039,5,14,2,1318.3533,1500,21,5,9
2040,11,14,2,1318.6359,1600,21,8,15
2041,8,7,2,1319.5462,1900,21,6,12
2042,4,10,2,1320.2361,3900,21,4,8
2043,15,9,2,1321.0048,3800,21,10,20
2044,5,12,2,1321.1918,1600,21,5,9
2045,16,17,2,1322.7833,3500,21,10,20
2046,17,6,2,1324.3475,2300,21,10,20
2047,20,20,2,1325.0406,5000,21,10,20
2048,3,9,2,1326.7851,3100,21,4,6
2049,11,5,2,1328.8115,2500,21,8,15
2050,15,7,2,1328.8574,4500,21,10,20
2051,6,17,2,1329.0107,3200,21,5,10
2052,19,16,2,1329.1309,1400,21,10,20
2053,3,12,2,1331.2883,4200,21,4,6
2054,18,11,2,1332.908,4400,21,10,20
2055,11,7,2,1333.0811,4100,21,8,15
2056,9,17,2,1333.6178,1800,21,7,13
2057,18,5,2,1333.8965,1600,21,10,20
2058,14,18,2,1334.0652,1300,21,9,19
2059,13,13,2,1335.1607,2600,21,9,18
2060,9,13,2,1335.2337,1100,21,7,13
2061,5,8,2,1335.3265,5000,21,5,9
2062,3,17,2,1335.5852,3400,21,4,6
2063,18,9,2,1335.648,3200,21,10,20
2064,6,20,2,1336.4739,1700,21,5,10
2065,18,7,2,1337.37,3300,21,10,20
2066,18,7,2,1337.5969,3400,21,10,20
2067,17,12,2,1337.993,5000,21,10,20
2068,6,12,2,1338.4593,2400,21,5,10
2069,8,20,2,1338.6448,2500,21,6,12
2070,11,15,2,1338.847,4400,21,8,15
2071,5,9,2,1339.2711,1900,21,5,9
2072,6,7,2,1339.6376,1700,21,5,10
2073,9,9,2,1339.6629,2800,21,7,13
2074,6,6,2,1340.0723,1200,21,5,10
2075,11,11,2,1340.2225,3500,21,8,15
2076,13,11,2,1340.6082,1700,21,9,18
2077,12,5,2,1341.2868,1600,21,8,17
2078,3,14,2,1341.576,3900,21,4,6
2079,12,15,2,1342.1411,2300,21,8,17
2080,3,14,2,1342.3074,2500,21,4,6
2081,20,20,2,1342.3428,3100,21,10,20
2082,3,18,2,1342.9489,1400,21,4,6
2083,7,8,2,1343.3294,1600,21,6,11
2084,8,8,2,1343.4802,3900,21,6,12
2085,9,15,2,1344.3609,1100,21,7,13
2086,15,19,2,1344.7142,2100,21,10,20
2087,20,10,2,1347.7878,4900,21,10,20
2088,15,12,2,1348.5884,3000,21,10,20
2089,14,18,2,1348.789,4600,21,9,19
2090,20,16,2,1349.8484,4200,21,10,20
2091,6,13,2,1350.2264,1100,21,5,10
2092,14,11,2,1350.4151,3500,21,9,19
2093,4,6,2,1350.4916,4900,21,4,8
2094,13,12,2,1350.5119,2700,21,9,18
2095,14,19,2,1350.8716,2900,21,9,19
2096,10,8,2,1352.53,3600,21,7,14
2097,11,19,2,1354.6262,1100,21,8,15
2098,20,19,2,1354.9863,4500,21,10,20
2099,15,10,2,1356.1079,2800,21,10,20
2100,11,12,2,1357.2991,4500,21,8,15
2101,17,14,2,1357.6692,2400,21,10,20
2102,14,17,2,1359.2087,2000,21,9,19
2103,10,10,2,1359.3327,3600,21,7,14
2104,13,5,2,1359.6083,3500,21,9,18
2105,4,18,2,1361.7958,1800,21,4,8
2106,9,12,2,1361.9997,4900,21,7,13
2107,12,17,2,1362.0644,2600,21,8,17
2108,16,10,2,1362.4163,3500,21,10,20
2109,4,9,2,1363.9758,3800,21,4,8
2110,12,20,2,1363.9933,4500,21,8,17
2111,15,19,2,1365.0336,2900,21,10,20
2112,6,9,2,1365.1178,4100,21,5,10
2113,17,15,2,1365.614,4000,21,10,20
2114,12,11,2,1365.6192,2100,21,8,17
2115,14,13,2,1366.3394,3400,21,9,19
2116,6,13,2,1366.522,5000,21,5,10
2117,13,14,2,1367.224,4600,21,9,18
2118,10,5,2,1369.5068,4700,21,7,14
2119,18,12,2,1369.5736,1600,21,10,20
2120,9,17,2,1370.275,2400,21,7,13
2121,5,20,2,1371.567,1000,21,5,9
2122,11,16,2,1372.9877,4300,21,8,15
2123,17,6,2,1373.6181,1600,21,10,20
2124,3,7,2,1374.0005,2500,21,4,6
2125,8,8,2,1374.2633,5000,21,6,12
2126,17,14,2,1374.4508,1500,21,10,20
2127,17,7,2,1374.61,3300,21,10,20
2128,13,14,2,1375.3661,2500,21,9,18
2129,11,5,2,1375.5239,3600,21,8,15
2130,13,8,2,1375.647,4600,21,9,18
2131,9,12,2,1377.6975,4400,21,7,13
2132,10,6,2,1377.9371,2600,21,7,14
2133,5,12,2,1378.8242,2200,21,5,9
2134,4,7,2,1380.3634,4800,21,4,8
2135,8,16,2,1380.5554,4000,21,6,12
2136,4,15,2,1380.9645,5000,21,4,8
2137,9,18,2,1382.1055,2400,21,7,13
2138,9,19,2,1383.0721,2600,21,7,13
2139,14,7,2,1383.966,4000,21,9,19
2140,15,5,2,1384.3787,3000,21,10,20
2141,3,16,2,1385.1595,3300,21,4,6
2142,17,15,2,1385.2672,3600,21,10,20
2143,20,5,2,1386.0239,3400,21,10,20
2144,5,18,2,1386.2801,3300,21,5,9
2145,16,15,2,1386.8636,4200,21,10,20
2146,17,9,2,1386.9446,3100,21,10,20
2147,17,17,2,1387.3897,1600,21,10,20
2148,11,20,2,1387.7466,2800,21,8,15
2149,11,15,2,1389.3037,2300,21,8,15
2150,16,12,2,1389.7418,3500,21,10,20
2151,20,15,2,1390.0938,4900,21,10,20
2152,4,6,2,1390.8452,3200,21,4,8
2153,17,16,2,1391.55,1600,21,10,20
2154,4,10,2,1392.7084,2100,21,4,8
2155,17,12,2,1393.108,3200,21,10,20
2156,10,12,2,1393.2011,4300,21,7,14
2157,19,9,2,1393.5313,2100,21,10,20
2158,17,10,2,1394.3458,3000,21,10,20
2159,10,14,2,1395.087,3200,21,7,14
2160,16,19,2,1395.4492,2300,21,10,20
2161,17,16,2,1396.3598,4700,21,10,20
2162,17,5,2,1401.6897,4100,21,10,20
2163,20,20,2,1402.4865,2100,21,10,20
2164,3,14,2,1402.6084,4700,21,4,6
2165,13,7,2,1404.4801,4000,21,9,18
2166,5,19,2,1404.6986,3600,21,5,9
2167,8,16,2,1405.6009,4000,21,6,12
2168,5,6,2,1405.8529,4700,21,5,9
2169,6,17,2,1406.4239,4100,21,5,10
2170,14,6,2,1406.9896,1900,21,9,19
2171,4,8,2,1407.1123,1200,21,4,8
2172,8,5,2,1407.9342,3800,21,6,12
2173,10,18,2,1408.5318,4400,21,7,14
2174,13,5,2,1408.5609,2900,21,9,18
2175,9,16,2,1408.8608,2500,21,7,13
2176,18,6,2,1410.6186,3500,21,10,20
2177,5,19,2,1411.1951,4400,21,5,9
2178,16,5,2,1411.7938,4300,21,10,20
2179,17,17,2,1412.2431,4400,21,10,20
2180,17,8,2,1412.7534,4500,21,10,20
2181,6,11,2,1413.4193,1200,21,5,10
2182,8,16,2,1414.5374,1600,21,6,12
2183,18,13,2,1415.3247,1500,21,10,20
2184,13,19,2,1415.502,1900,21,9,18
2185,12,10,2,1417.4261,3600,21,8,17
2186,4,5,2,1418.0764,3500,21,4,8
2187,8,8,2,1418.8271,3600,21,6,12
2188,7,5,2,1418.9889,4300,21,6,11
2189,10,13,2,1419.0277,1000,21,7,14
2190,12,17,2,1419.6082,4100,21,8,17
2191,20,19,2,1421.0752,3500,21,10,20
2192,15,14,2,1421.9275,2100,21,10,20
2193,6,14,2,1422.6328,3000,21,5,10
2194,15,12,2,1422.8732,4800,21,10,20
2195,15,19,2,1423.1406,1000,21,10,20
2196,9,12,2,1423.929,2400,21,7,13
2197,9,11,2,1424.2046,1000,21,7,13
2198,15,6,2,1424.2139,1400,21,10,20
2199,14,14,2,1424.3264,3200,21,9,19
2200,12,16,2,1424.8061,3200,21,8,17
2201,12,19,2,1425.4864,3800,21,8,17
2202,13,6,2,1425.4951,4100,21,9,18
2203,12,6,2,1425.8089,3900,21,8,17
2204,9,14,2,1426.9763,2400,21,7,13
2205,17,9,2,1427.0576,1600,21,10,20
2206,20,7,2,1427.1425,2700,21,10,20
2207,19,19,2,1428.1672,3500,21,10,20
2208,13,20,2,1429.1026,4900,21,9,18
2209,10,16,2,1429.9594,3700,21,7,14
2210,7,18,2,1430.9536,3100,21,6,11
2211,6,9,2,1431.4535,4100,21,5,10
2212,6,11,2,1431.7038,2700,21,5,10
2213,11,8,2,1431.8266,3900,21,8,15
2214,20,7,2,1432.2913,1800,21,10,20
2215,19,18,2,1432.6045,4200,21,10,20
2216,6,18,2,1434.3987,3700,21,5,10
2217,12,19,2,1434.7086,1000,21,8,17
2218,13,5,2,1435.8771,2500,21,9,18
2219,16,20,2,1436.0862,1400,21,10,20
2220,18,12,2,1436.2035,1900,21,10,20
2221,4,19,2,1436.3294,1900,21,4,8
2222,11,19,2,1438.8037,3400,21,8,15
2223,11,15,2,1439.0495,2700,21,8,15
2224,20,19,2,1439.6092,1500,21,10,20
2225,4,5,2,1441.2161,2900,21,4,8
2226,12,11,2,1441.2599,4300,21,8,17
2227,20,18,2,1441.3909,3000,21,10,20
2228,16,16,2,1441.9975,1500,21,10,20
2229,14,17,2,1442.7519,3800,21,9,19
2230,7,16,2,1443.9047,4800,21,6,11
2231,20,20,2,1445.4546,2800,21,10,20
2232,12,14,2,1446.2542,4500,21,8,17
2233,14,6,2,1446.2776,1100,21,9,19
2234,4,20,2,1447.6912,1700,21,4,8
2235,8,11,2,1448.7378,3300,21,6,12
2236,19,5,2,1449.4803,2000,21,10,20
2237,10,15,2,1450.1201,3600,21,7,14
2238,5,20,2,1450.651,1000,21,5,9
2239,8,13,2,1452.0257,1300,21,6,12
2240,19,12,2,1452.0551,3800,21,10,20
2241,19,11,2,1452.4253,2100,21,10,20
2242,13,9,2,1453.2103,1500,21,9,18
2243,3,18,2,1453.2511,4100,21,4,6
2244,11,16,2,1454.4496,2400,21,8,15
2245,11,7,2,1454.4779,2700,21,8,15
2246,13,11,2,1455.0223,2200,21,9,18
2247,15,20,2,1455.4743,4200,21,10,20
2248,17,10,2,1455.8249,4400,21,10,20
2249,17,16,2,1456.3438,3400,21,10,20
2250,15,10,2,1458.5572,4200,21,10,20
2251,5,14,2,1458.6019,2700,21,5,9
2252,20,17,2,1460.2538,3300,21,10,20
2253,6,16,2,1461.3309,1200,21,5,10
2254,3,19,2,1461.9673,4900,21,4,6
2255,10,18,2,1463.2552,4500,21,7,14
2256,14,15,2,1463.6278,1500,21,9,19
2257,6,18,2,1463.7504,2300,21,5,10
2258,10,11,2,1463.9242,3800,21,7,14
2259,10,18,2,1464.2792,4300,21,7,14
2260,7,19,2,1465.443,4200,21,6,11
2261,18,10,2,1466.1118,1500,21,10,20
2262,15,13,2,1466.1512,1600,21,10,20
2263,3,7,2,1466.3233,4300,21,4,6
2264,3,14,2,1466.7242,4900,21,4,6
2265,11,6,2,1466.7301,4600,21,8,15
2266,12,20,2,1467.7763,2500,21,8,17
2267,20,18,2,1468.6807,1300,21,10,20
2268,12,14,2,1469.5605,2200,21,8,17
2269,18,19,2,1469.5925,2900,21,10,20
2270,9,5,2,1470.3203,2800,21,7,13
2271,3,6,2,1470.481,2000,21,4,6
2272,7,7,2,1470.4844,2100,21,6,11
2273,6,9,2,1472.7324,3100,21,5,10
2274,9,16,2,1472.7758,3300,21,7,13
2275,19,13,2,1472.8117,1200,21,10,20
2276,13,11,2,1473.4177,1500,21,9,18
2277,18,15,2,1473.4699,2400,21,10,20
2278,15,16,2,1473.6771,4000,21,10,20
2279,12,5,2,1475.4093,2800,21,8,17
2280,15,14,2,1476.6917,2800,21,10,20
2281,3,7,2,1477.0615,2500,21,4,6
2282,8,7,2,1477.5852,2500,21,6,12
2283,14,6,2,1477.7655,3700,21,9,19
2284,17,7,2,1478.7417,2700,21,10,20
2285,17,12,2,1478.8016,3700,21,10,20
2286,20,19,2,1479.2454,3800,21,10,20
2287,15,16,2,1479.6801,4700,21,10,20
2288,15,7,2,1480.3775,4600,21,10,20
2289,15,13,2,1481.3712,3500,21,10,20
2290,16,16,2,1481.9129,1600,21,10,20
2291,16,20,2,1482.2342,2400,21,10,20
2292,15,15,2,1482.2686,4700,21,10,20
2293,10,13,2,1482.9362,3600,21,7,14
2294,19,15,2,1483.4562,4800,21,10,20
2295,4,12,2,1484.138,3100,21,4,8
2296,3,10,2,1485.1798,3100,21,4,6
2297,16,10,2,1486.0906,1700,21,10,20
2298,14,9,2,1486.1702,4500,21,9,19
2299,6,15,2,1486.2703,3000,21,5,10
2300,3,10,2,1486.4468,4500,21,4,6
2301,4,20,2,1486.6572,4700,21,4,8
2302,6,12,2,1487.6865,2800,21,5,10
2303,18,15,2,1488.5466,1000,21,10,20
2304,4,8,2,1488.6813,1200,21,4,8
2305,3,15,2,1489.4883,3700,21,4,6
2306,9,13,2,1490.2066,2000,21,7,13
2307,16,5,2,1490.394,3000,21,10,20
2308,15,7,2,1490.65,2400,21,10,20
2309,4,6,2,1491.4878,4600,21,4,8
2310,5,8,2,1492.1329,1700,21,5,9
2311,16,8,2,1494.1334,4600,21,10,20
2312,20,14,2,1494.8418,1100,21,10,20
2313,4,5,2,1495.172,1300,21,4,8
2314,10,19,2,1495.2648,4700,21,7,14
2315,20,13,2,1498.6029,3800,21,10,20
2316,7,17,2,1499.0088,1500,21,6,11
2317,15,7,2,1499.3064,3500,21,10,20
2318,9,19,2,1499.3185,2300,21,7,13
2319,9,15,2,1499.7242,3600,21,7,13
2320,6,6,2,1500.0416,2700,21,5,10
2321,17,19,2,1500.1488,3100,21,10,20
2322,4,19,2,1500.3652,3000,21,4,8
2323,12,18,2,1500.7421,4500,21,8,17
2324,9,20,2,1500.9021,4900,21,7,13
2325,6,20,2,1501.3398,4300,21,5,10
2326,6,18,2,1503.7818,2300,21,5,10
2327,3,14,2,1503.8556,3800,21,4,6
2328,20,14,2,1505.272,1800,21,10,20
2329,14,18,2,1506.1859,2400,21,9,19
2330,18,19,2,1508.0994,4000,21,10,20
2331,11,5,2,1509.0438,4000,21,8,15
2332,9,10,2,1509.0794,2200,21,7,13
2333,9,20,2,1509.2406,1700,21,7,13
2334,19,20,2,1509.8818,4200,21,10,20
2335,5,7,2,1509.9537,1600,21,5,9
2336,14,12,2,1510.035,1500,21,9,19
2337,15,6,2,1511.1118,3700,21,10,20
2338,16,15,2,1511.4357,4800,21,10,20
2339,16,15,2,1512.0194,3400,21,10,20
2340,7,18,2,1514.4889,1000,21,6,11
2341,10,10,2,1514.5767,4700,21,7,14
2342,5,18,2,1514.9935,3200,21,5,9
2343,18,11,2,1515.1138,2900,21,10,20
2344,4,7,2,1516.5757,2000,21,4,8
2345,19,13,2,1516.592,3900,21,10,20
2346,8,7,2,1516.9055,3600,21,6,12
2347,9,16,2,1518.1301,3400,21,7,13
2348,13,7,2,1518.2264,1000,21,9,18
2349,3,20,2,1519.0271,2800,21,4,6
2350,6,19,2,1519.7271,2700,21,5,10
2351,20,19,2,1519.9271,2100,21,10,20
2352,4,5,2,1520.133,1700,21,4,8
2353,6,18,2,1520.1826,2800,21,5,10
2354,3,7,2,1520.2886,2100,21,4,6
2355,10,14,2,1521.1115,4900,21,7,14
2356,3,16,2,1521.3527,2400,21,4,6
2357,8,16,2,1521.899,4300,21,6,12
2358,11,13,2,1522.3027,1200,21,8,15
2359,13,14,2,1524.3248,2900,21,9,18
2360,13,9,2,1524.7929,4800,21,9,18
2361,4,14,2,1525.1418,2700,21,4,8
2362,17,6,2,1526.9968,3300,21,10,20
2363,20,10,2,1527.7393,2300,21,10,20
2364,13,19,2,1528.9029,3000,21,9,18
2365,4,7,2,1529.846,2000,21,4,8
2366,3,10,2,1529.9537,5000,21,4,6
2367,16,18,2,1530.2603,2500,21,10,20
2368,3,12,2,1532.7295,2400,21,4,6
2369,19,6,2,1532.8682,3100,21,10,20
2370,3,18,2,1533.8282,3500,21,4,6
2371,14,11,2,1534.3836,4400,21,9,19
2372,14,18,2,1534.5018,4100,21,9,19
2373,10,9,2,1534.7073,2000,21,7,14
2374,8,8,2,1537.5947,5000,21,6,12
2375,16,12,2,1537.6285,1900,21,10,20
2376,6,7,2,1538.1616,2100,21,5,10
2377,3,13,2,1538.4232,2500,21,4,6
2378,9,13,2,1539.0102,1000,21,7,13
2379,11,15,2,1540.1227,2900,21,8,15
2380,18,8,2,1540.7463,2300,21,10,20
2381,3,15,2,1541.4707,4500,21,4,6
2382,7,10,2,1541.7029,2100,21,6,11
2383,11,10,2,1541.8203,4700,21,8,15
2384,15,14,2,1542.5065,3800,21,10,20
2385,17,10,2,1543.4284,2000,21,10,20
2386,19,15,2,1544.2196,4900,21,10,20
2387,13,13,2,1544.6026,4000,21,9,18
2388,18,11,2,1545.3803,3400,21,10,20
2389,4,18,2,1545.4038,4200,21,4,8
2390,13,16,2,1545.6101,2200,21,9,18
2391,6,14,2,1546.4148,1300,21,5,10
2392,15,15,2,1547.4956,2600,21,10,20
2393,13,20,2,1547.5079,1300,21,9,18
2394,13,9,2,1547.5564,2700,21,9,18
2395,5,7,2,1547.8789,2500,21,5,9
2396,18,6,2,1548.9792,3300,21,10,20
2397,6,17,2,1549.1723,4900,21,5,10
2398,11,12,2,1549.3263,3600,21,8,15
2399,19,17,2,1549.4507,1300,21,10,20
2400,20,8,2,1549.8339,2300,21,10,20
2401,18,10,2,1550.7798,1900,21,10,20
2402,5,13,2,1550.866,4000,21,5,9
2403,19,13,2,1551.8369,1500,21,10,20
2404,9,8,2,1552.2913,1600,21,7,13
2405,4,20,2,1552.3848,2800,21,4,8
2406,7,12,2,1552.6462,4500,21,6,11
2407,6,5,2,1553.0023,3000,21,5,10
2408,5,11,2,1553.0255,2200,21,5,9
2409,4,9,2,1553.4912,4700,21,4,8
2410,17,20,2,1554.4427,2500,21,10,20
2411,8,12,2,1556.402,1500,21,6,12
2412,18,13,2,1557.8594,2100,21,10,20
2413,12,16,2,1558.6109,2300,21,8,17
2414,7,19,2,1558.891,2800,21,6,11
2415,5,13,2,1559.9806,4400,21,5,9
2416,17,20,2,1563.7532,2700,21,10,20
2417,7,12,2,1564.5155,4800,21,6,11
2418,12,8,2,1564.5966,4000,21,8,17
2419,3,9,2,1565.1905,3600,21,4,6
2420,18,13,2,1568.0717,4500,21,10,20
2421,6,11,2,1569.4509,4800,21,5,10
2422,10,15,2,1569.7907,4600,21,7,14
2423,14,10,2,1570.9412,4000,21,9,19
2424,13,16,2,1573.1118,3600,21,9,18
2425,18,15,2,1573.6886,1700,21,10,20
2426,8,8,2,1574.5187,2100,21,6,12
2427,19,8,2,1574.5371,5000,21,10,20
2428,16,5,2,1574.8804,4000,21,10,20
2429,4,15,2,1576.3264,3100,21,4,8
2430,7,13,2,1576.5645,2500,21,6,11
2431,19,20,2,1576.9723,4600,21,10,20
2432,3,20,2,1577.0072,2900,21,4,6
2433,6,15,2,1578.0601,2500,21,5,10
2434,16,14,2,1578.7552,1000,21,10,20
2435,8,10,2,1579.3652,2700,21,6,12
2436,18,14,2,1580.9615,3900,21,10,20
2437,18,10,2,1581.7126,1900,21,10,20
2438,19,17,2,1582.1815,2800,21,10,20
2439,15,8,2,1582.7611,1600,21,10,20
2440,13,9,2,1583.5824,1500,21,9,18
2441,16,11,2,1583.7751,4300,21,10,20
2442,12,11,2,1583.8296,4600,21,8,17
2443,20,11,2,1584.6581,4300,21,10,20
2444,6,7,2,1584.8454,1900,21,5,10
2445,12,12,2,1584.9914,4200,21,8,17
2446,5,9,2,1585.328,4700,21,5,9
2447,6,9,2,1586.2746,2700,21,5,10
2448,12,20,2,1587.2163,1200,21,8,17
2449,10,19,2,1587.2999,2700,21,7,14
2450,11,19,2,1587.3359,3000,21,8,15
2451,16,7,2,1588.3579,5000,21,10,20
2452,16,13,2,1589.3208,1400,21,10,20
2453,3,19,2,1590.3089,2000,21,4,6
2454,8,6,2,1590.3422,2900,21,6,12
2455,14,7,2,1590.6918,4600,21,9,19
2456,20,19,2,1591.4896,2000,21,10,20
2457,15,6,2,1591.7259,4400,21,10,20
2458,12,11,2,1592.417,1400,21,8,17
2459,3,9,2,1593.9454,4700,21,4,6
2460,16,13,2,1594.1042,3300,21,10,20
2461,5,8,2,1595.9652,1700,21,5,9
2462,20,7,2,1596.4911,4900,21,10,20
2463,6,17,2,1597.2527,2400,21,5,10
2464,11,19,2,1597.8877,3600,21,8,15
2465,10,10,2,1599.6134,4000,21,7,14
2466,5,12,2,1601.0127,4800,21,5,9
2467,17,11,2,1602.3874,1200,21,10,20
2468,4,5,2,1602.4665,2000,21,4,8
2469,12,13,2,1602.8407,4600,21,8,17
2470,10,18,2,1603.148,3900,21,7,14
2471,10,8,2,1603.9553,2100,21,7,14
2472,17,9,2,1603.9956,2300,21,10,20
2473,6,6,2,1604.0685,1000,21,5,10
2474,3,5,2,1604.287,2500,21,4,6
2475,17,9,2,1604.8304,4100,21,10,20
2476,4,17,2,1605.0446,1100,21,4,8
2477,9,7,2,1605.6211,3000,21,7,13
2478,15,5,2,1606.7178,1200,21,10,20
2479,11,12,2,1607.2837,4700,21,8,15
2480,4,16,2,1607.488,1800,21,4,8
2481,9,18,2,1607.8349,4600,21,7,13
2482,4,7,2,1608.2295,4600,21,4,8
2483,4,20,2,1608.3854,3600,21,4,8
2484,20,9,2,1608.8056,3100,21,10,20
2485,14,16,2,1610.0152,4900,21,9,19
2486,10,16,2,1610.2834,2000,21,7,14
2487,11,20,2,1610.3303,4000,21,8,15
2488,11,19,2,1610.5011,4900,21,8,15
2489,8,6,2,1610.6535,4700,21,6,12
2490,13,20,2,1611.9586,4200,21,9,18
2491,10,5,2,1612.0601,3200,21,7,14
2492,18,20,2,1612.7799,4400,21,10,20
2493,11,16,2,1613.317,2600,21,8,15
2494,17,19,2,1613.6459,4300,21,10,20
2495,3,17,2,1613.9398,1500,21,4,6
2496,8,7,2,1614.3972,1500,21,6,12
2497,7,14,2,1615.446,4500,21,6,11
2498,10,17,2,1615.461,3600,21,7,14
2499,6,12,2,1616.1625,2000,21,5,10
2500,19,17,2,1616.469,3800,21,10,20
2501,17,18,2,1616.7485,2400,21,10,20
2502,14,17,2,1616.7966,5000,21,9,19
2503,19,10,2,1617.4873,4200,21,10,20
2504,15,14,2,1618.1873,2800,21,10,20
2505,20,10,2,1620.2875,2400,21,10,20
2506,3,7,2,1621.4434,1800,21,4,6
2507,11,10,2,1623.3262,1200,21,8,15
2508,17,16,2,1623.5473,4300,21,10,20
2509,4,15,2,1624.2326,4900,21,4,8
2510,4,10,2,1624.6989,4200,21,4,8
2511,9,13,2,1624.8505,3500,21,7,13
2512,8,20,2,1624.9782,3900,21,6,12
2513,18,19,2,1625.2606,4500,21,10,20
2514,9,14,2,1625.6323,2700,21,7,13
2515,8,13,2,1625.7778,3400,21,6,12
2516,6,16,2,1629.0718,4800,21,5,10
2517,20,7,2,1629.818,4500,21,10,20
2518,13,7,2,1632.7722,1700,21,9,18
2519,3,17,2,1633.3992,1100,21,4,6
2520,4,6,2,1633.6516,4200,21,4,8
2521,12,5,2,1636.8636,2300,21,8,17
2522,12,8,2,1637.1831,1500,21,8,17
2523,9,7,2,1637.8619,4700,21,7,13
2524,13,7,2,1638.4418,1800,21,9,18
2525,10,10,2,1639.5911,3800,21,7,14
2526,4,8,2,1641.8112,4600,21,4,8
2527,19,14,2,1642.67,3800,21,10,20
2528,16,20,2,1643.6692,3400,21,10,20
2529,17,5,2,1644.2831,1500,21,10,20
2530,16,11,2,1647.4067,2300,21,10,20
2531,5,8,2,1648.2041,1300,21,5,9
2532,15,19,2,1648.2998,3400,21,10,20
2533,13,20,2,1649.5675,4500,21,9,18
2534,8,16,2,1649.7375,3700,21,6,12
2535,8,11,2,1650.9973,3200,21,6,12
2536,3,6,2,1651.5436,2400,21,4,6
2537,4,8,2,1651.7133,1900,21,4,8
2538,17,17,2,1652.6241,3100,21,10,20
2539,17,11,2,1653.6606,4800,21,10,20
2540,10,6,2,1654.1202,2800,21,7,14
2541,10,9,2,1654.7853,4200,21,7,14
2542,17,12,2,1654.8962,2800,21,10,20
2543,5,20,2,1655.2748,2600,21,5,9
2544,18,15,2,1655.569,1000,21,10,20
2545,7,8,2,1656.9262,4100,21,6,11
2546,8,13,2,1658.047,4900,21,6,12
2547,6,15,2,1658.135,3500,21,5,10
2548,15,10,2,1658.9903,4500,21,10,20
2549,7,19,2,1659.169,4500,21,6,11
2550,3,11,2,1659.2132,3200,21,4,6
2551,7,10,2,1660.0765,2700,21,6,11
2552,10,12,2,1661.5403,3000,21,7,14
2553,19,5,2,1661.7911,3400,21,10,20
2554,7,6,2,1662.3103,3900,21,6,11
2555,9,20,2,1663.216,3600,21,7,13
2556,8,17,2,1663.6866,1500,21,6,12
2557,19,11,2,1663.8954,3900,21,10,20
2558,11,17,2,1664.5648,4500,21,8,15
2559,19,7,2,1665.5015,4300,21,10,20
2560,18,8,2,1665.7785,2300,21,10,20
2561,6,20,2,1666.0786,4900,21,5,10
2562,18,17,2,1666.2646,4200,21,10,20
2563,18,14,2,1666.5666,1700,21,10,20
2564,19,16,2,1666.6953,4200,21,10,20
2565,20,17,2,1667.0689,1600,21,10,20
2566,11,15,2,1667.1383,3500,21,8,15
2567,10,6,2,1667.1395,2000,21,7,14
2568,6,6,2,1667.3444,3600,21,5,10
2569,4,7,2,1668.8228,1100,21,4,8
2570,7,11,2,1669.0343,1400,21,6,11
2571,3,18,2,1670.0263,4700,21,4,6
2572,15,14,2,1670.2151,4500,21,10,20
2573,12,19,2,1670.5297,2100,21,8,17
2574,7,6,2,1671.0842,4500,21,6,11
2575,3,11,2,1671.4481,3800,21,4,6
2576,8,11,2,1673.1319,2900,21,6,12
2577,3,6,2,1673.9499,2100,21,4,6
2578,17,15,2,1675.1635,3100,21,10,20
2579,7,9,2,1675.8695,1700,21,6,11
2580,6,8,2,1676.8007,1500,21,5,10
2581,10,7,2,1678.9846,1300,21,7,14
2582,6,5,2,1679.8926,2100,21,5,10
2583,15,12,2,1680.6643,1000,21,10,20
2584,6,11,2,1681.1507,5000,21,5,10
2585,5,17,2,1681.8153,3500,21,5,9
2586,19,8,2,1682.7943,2100,21,10,20
2587,10,8,2,1683.554,3900,21,7,14
2588,4,16,2,1683.8446,3600,21,4,8
2589,3,8,2,1683.8682,1300,21,4,6
2590,6,15,2,1684.2779,3200,21,5,10
2591,16,6,2,1684.3468,1300,21,10,20
2592,7,10,2,1684.9869,4200,21,6,11
2593,3,9,2,1685.9585,2500,21,4,6
2594,14,12,2,1686.2283,1100,21,9,19
2595,16,19,2,1687.4843,1200,21,10,20
2596,10,15,2,1687.6095,4800,21,7,14
2597,14,13,2,1687.7842,2700,21,9,19
2598,3,7,2,1687.9999,2100,21,4,6
2599,15,8,2,1688.0949,1200,21,10,20
2600,4,10,2,1689.6604,2800,21,4,8
2601,18,5,2,1689.8874,1700,21,10,20
2602,18,8,2,1690.3865,1400,21,10,20
2603,4,18,2,1691.0993,3800,21,4,8
2604,17,7,2,1691.2412,4200,21,10,20
2605,19,10,2,1691.7386,2300,21,10,20
2606,17,16,2,1692.7361,2000,21,10,20
2607,19,5,2,1693.8408,4000,21,10,20
2608,16,11,2,1695.3854,2300,21,10,20
2609,6,20,2,1695.6816,3100,21,5,10
2610,16,16,2,1696.1922,1800,21,10,20
2611,13,13,2,1697.4719,2000,21,9,18
2612,15,17,2,1697.9239,3400,21,10,20
2613,8,9,2,1699.408,3000,21,6,12
2614,9,7,2,1700.4886,1000,21,7,13
2615,14,19,2,1703.4,4900,21,9,19
2616,14,6,2,1703.4249,1100,21,9,19
2617,9,19,2,1703.6591,4100,21,7,13
2618,11,14,2,1704.2327,2700,21,8,15
2619,17,8,2,1704.2889,2700,21,10,20
2620,8,6,2,1705.9412,4500,21,6,12
2621,13,19,2,1706.5334,1800,21,9,18
2622,4,7,2,1706.6035,4400,21,4,8
2623,19,20,2,1706.8729,4100,21,10,20
2624,15,20,2,1706.9012,1400,21,10,20
2625,7,16,2,1706.9448,4100,21,6,11
2626,8,19,2,1707.2432,4300,21,6,12
2627,8,16,2,1707.318,3500,21,6,12
2628,11,14,2,1709.8119,3900,21,8,15
2629,12,11,2,1710.8939,3200,21,8,17
2630,16,13,2,1711.7661,3200,21,10,20
2631,4,6,2,1713.4453,1700,21,4,8
2632,19,12,2,1714.5154,2700,21,10,20
2633,6,7,2,1714.5859,3000,21,5,10
2634,11,18,2,1715.9764,1000,21,8,15
2635,20,14,2,1716.2829,2500,21,10,20
2636,15,9,2,1716.4235,3000,21,10,20
2637,17,6,2,1716.7861,3000,21,10,20
2638,9,18,2,1717.1355,4400,21,7,13
2639,11,14,2,1717.5543,1000,21,8,15
2640,19,16,2,1717.8606,1200,21,10,20
2641,19,7,2,1718.2388,1300,21,10,20
2642,10,16,2,1718.376,2300,21,7,14
2643,14,19,2,1719.6978,1400,21,9,19
2644,20,9,2,1719.7252,2000,21,10,20
2645,15,10,2,1720.029,3000,21,10,20
2646,7,15,2,1721.2854,3900,21,6,11
2647,16,13,2,1721.5178,1100,21,10,20
2648,12,15,2,1722.5921,3800,21,8,17
2649,14,8,2,1723.397,1700,21,9,19
2650,7,15,2,1724.4529,2900,21,6,11
2651,14,18,2,1726.9448,2700,21,9,19
2652,19,16,2,1727.2803,3700,21,10,20
2653,9,20,2,1727.4991,4800,21,7,13
2654,13,5,2,1729.0193,4400,21,9,18
2655,4,18,2,1730.924,3800,21,4,8
2656,16,8,2,1731.0271,1800,21,10,20
2657,5,10,2,1731.4169,1100,21,5,9
2658,9,12,2,1731.5517,3100,21,7,13
2659,11,15,2,1732.128,3500,21,8,15
2660,18,18,2,1732.1896,4800,21,10,20
2661,16,7,2,1732.9242,3700,21,10,20
2662,17,17,2,1733.3521,2600,21,10,20
2663,17,8,2,1733.5863,1800,21,10,20
2664,9,20,2,1734.5068,1500,21,7,13
2665,19,16,2,1735.6353,4000,21,10,20
2666,10,15,2,1736.0103,1900,21,7,14
2667,12,16,2,1737.1171,2900,21,8,17
2668,8,14,2,1737.2576,4400,21,6,12
2669,10,10,2,1737.6404,4700,21,7,14
2670,3,11,2,1737.911,2700,21,4,6
2671,6,19,2,1738.2123,4800,21,5,10
2672,8,5,2,1738.8078,3800,21,6,12
2673,8,18,2,1741.3514,2400,21,6,12
2674,18,20,2,1743.1776,1900,21,10,20
2675,15,8,2,1743.2897,2500,21,10,20
2676,18,16,2,1743.6533,3800,21,10,20
2677,9,13,2,1746.0944,2700,21,7,13
2678,15,12,2,1747.8726,4400,21,10,20
2679,9,15,2,1747.9798,3900,21,7,13
2680,17,10,2,1748.6277,1100,21,10,20
2681,5,7,2,1749.1634,4300,21,5,9
2682,16,8,2,1749.1759,2600,21,10,20
2683,17,5,2,1749.4427,1700,21,10,20
2684,19,9,2,1750.5475,1300,21,10,20
2685,18,8,2,1750.8734,2300,21,10,20
2686,20,19,2,1750.9489,4300,21,10,20
2687,10,15,2,1751.3367,3200,21,7,14
2688,3,13,2,1752.6366,3700,21,4,6
2689,3,18,2,1754.5103,2400,21,4,6
2690,7,19,2,1754.6419,4200,21,6,11
2691,13,20,2,1754.7913,1800,21,9,18
2692,5,14,2,1754.9261,3300,21,5,9
2693,9,13,2,1755.2985,4100,21,7,13
2694,15,14,2,1755.4718,4100,21,10,20
2695,9,13,2,1755.5759,1200,21,7,13
2696,16,19,2,1755.9066,2900,21,10,20
2697,14,6,2,1756.2457,4200,21,9,19
2698,13,12,2,1756.9554,2400,21,9,18
2699,9,14,2,1758.048,4500,21,7,13
2700,14,17,2,1758.6348,4900,21,9,19
2701,4,8,2,1759.6339,1800,21,4,8
2702,13,9,2,1760.4819,1300,21,9,18
2703,9,13,2,1761.4568,4800,21,7,13
2704,17,9,2,1761.6592,3200,21,10,20
2705,17,18,2,1762.4162,3400,21,10,20
2706,12,6,2,1762.7912,3500,21,8,17
2707,3,12,2,1763.8606,2300,21,4,6
2708,15,10,2,1764.313,3000,21,10,20
2709,19,5,2,1764.4102,2300,21,10,20
2710,12,8,2,1764.5476,4500,21,8,17
2711,14,5,2,1766.4867,3900,21,9,19
2712,12,17,2,1766.7975,2800,21,8,17
2713,5,16,2,1767.1875,1500,21,5,9
2714,5,8,2,1768.6104,5000,21,5,9
2715,10,7,2,1769.6722,2000,21,7,14
2716,10,7,2,1769.9251,4700,21,7,14
2717,16,9,2,1770.2195,2900,21,10,20
2718,12,10,2,1771.4241,4500,21,8,17
2719,8,7,2,1771.4248,4900,21,6,12
2720,8,19,2,1773.7712,1300,21,6,12
2721,9,19,2,1774.1586,4500,21,7,13
2722,5,6,2,1775.193,1500,21,5,9
2723,16,17,2,1775.4476,4300,21,10,20
2724,20,19,2,1775.8267,4900,21,10,20
2725,18,12,2,1776.3887,3000,21,10,20
2726,18,7,2,1777.1028,1900,21,10,20
2727,13,20,2,1778.8498,1400,21,9,18
2728,20,17,2,1779.2387,3600,21,10,20
2729,16,5,2,1780.0295,1100,21,10,20
2730,5,11,2,1780.3828,4700,21,5,9
2731,8,20,2,1780.9611,1100,21,6,12
2732,15,10,2,1781.2691,1800,21,10,20
2733,15,8,2,1782.4756,1100,21,10,20
2734,8,6,2,1783.5825,1700,21,6,12
2735,10,16,2,1784.7195,3700,21,7,14
2736,19,15,2,1785.2794,4100,21,10,20
2737,6,10,2,1786.1497,2500,21,5,10
2738,18,11,2,1786.213,2000,21,10,20
2739,15,19,2,1787.6642,4600,21,10,20
2740,20,10,2,1787.8519,3500,21,10,20
2741,15,11,2,1788.3698,4600,21,10,20
2742,16,6,2,1788.7552,2800,21,10,20
2743,14,19,2,1788.9195,2100,21,9,19
2744,7,17,2,1789.0545,2400,21,6,11
2745,17,14,2,1789.1373,1900,21,10,20
2746,10,17,2,1790.4215,5000,21,7,14
2747,5,17,2,1790.8924,1200,21,5,9
2748,19,11,2,1791.2084,3400,21,10,20
2749,17,10,2,1791.3721,2200,21,10,20
2750,12,20,2,1793.341,4500,21,8,17
2751,4,20,2,1794.1962,3800,21,4,8
2752,4,9,2,1794.2302,4600,21,4,8
2753,16,11,2,1795.3605,2200,21,10,20
2754,14,11,2,1795.8825,4600,21,9,19
2755,3,13,2,1797.063,2500,21,4,6
2756,13,8,2,1797.2265,3200,21,9,18
2757,18,7,2,1797.6588,1200,21,10,20
2758,17,10,2,1798.3746,2300,21,10,20
2759,17,17,2,1798.4473,4900,21,10,20
2760,3,10,2,1798.6738,2500,21,4,6
2761,17,18,2,1799.1093,5000,21,10,20
2762,13,16,2,1800.4627,2800,21,9,18
2763,5,8,2,1801.1306,4700,21,5,9
2764,7,8,2,1802.3887,1800,21,6,11
2765,20,13,2,1802.5677,4300,21,10,20
2766,17,12,2,1803.1927,2200,21,10,20
2767,19,13,2,1806.0144,5000,21,10,20
2768,10,9,2,1806.6367,2300,21,7,14
2769,8,7,2,1807.1937,2500,21,6,12
2770,4,10,2,1807.2793,1700,21,4,8
2771,3,19,2,1807.3171,3900,21,4,6
2772,10,9,2,1807.8219,1300,21,7,14
2773,5,20,2,1808.6615,2100,21,5,9
2774,4,18,2,1809.3402,3300,21,4,8
2775,15,15,2,1810.1289,2400,21,10,20
2776,16,18,2,1810.6673,4100,21,10,20
2777,15,8,2,1811.3617,4400,21,10,20
2778,13,13,2,1812.7519,4200,21,9,18
2779,19,14,2,1813.5217,1900,21,10,20
2780,3,10,2,1813.7951,4200,21,4,6
2781,15,17,2,1815.1908,5000,21,10,20
2782,11,7,2,1816.4741,1400,21,8,15
2783,15,7,2,1817.0668,1200,21,10,20
2784,5,5,2,1817.0892,1400,21,5,9
2785,15,16,2,1818.01,3300,21,10,20
2786,3,13,2,1818.0102,2000,21,4,6
2787,8,8,2,1818.2069,3300,21,6,12
2788,17,5,2,1818.2989,3300,21,10,20
2789,13,18,2,1818.3138,3300,21,9,18
2790,6,15,2,1820.3927,3500,21,5,10
2791,18,15,2,1822.0214,4100,21,10,20
2792,10,17,2,1822.0729,2600,21,7,14
2793,12,14,2,1822.2091,3900,21,8,17
2794,19,5,2,1822.9602,1700,21,10,20
2795,15,16,2,1823.5574,1700,21,10,20
2796,20,13,2,1823.57,4400,21,10,20
2797,4,7,2,1823.9995,2300,21,4,8
2798,11,5,2,1824.839,2400,21,8,15
2799,16,13,2,1825.714,2600,21,10,20
2800,12,14,2,1825.8991,2700,21,8,17
2801,9,17,2,1826.2418,1300,21,7,13
2802,18,18,2,1826.8451,3400,21,10,20
2803,8,12,2,1828.2129,1700,21,6,12
2804,20,14,2,1828.2239,3800,21,10,20
2805,7,13,2,1829.9276,4700,21,6,11
2806,7,15,2,1833.6098,3100,21,6,11
2807,14,8,2,1833.9275,2900,21,9,19
2808,16,10,2,1834.0665,3300,21,10,20
2809,17,18,2,1834.1123,1700,21,10,20
2810,14,18,2,1834.9806,3400,21,9,19
2811,20,15,2,1835.6435,3700,21,10,20
2812,14,16,2,1835.7889,3100,21,9,19
2813,19,18,2,1836.4297,1800,21,10,20
2814,6,6,2,1836.5455,1000,21,5,10
2815,7,8,2,1838.0813,4800,21,6,11
2816,7,20,2,1838.4511,2000,21,6,11
2817,20,17,2,1838.8216,4400,21,10,20
2818,8,16,2,1838.9436,1400,21,6,12
2819,17,16,2,1839.3613,2900,21,10,20
2820,5,19,2,1840.4272,1300,21,5,9
2821,19,11,2,1840.9674,1300,21,10,20
2822,13,15,2,1841.6307,2300,21,9,18
2823,19,5,2,1842.2361,1300,21,10,20
2824,4,14,2,1842.8275,1100,21,4,8
2825,5,13,2,1843.4607,4600,21,5,9
2826,3,10,2,1844.6248,1100,21,4,6
2827,10,10,2,1844.9158,3400,21,7,14
2828,14,5,2,1845.1071,1200,21,9,19
2829,15,18,2,1845.1383,1200,21,10,20
2830,17,15,2,1845.7679,2400,21,10,20
2831,9,15,2,1846.0604,2700,21,7,13
2832,14,5,2,1847.2551,1300,21,9,19
2833,14,18,2,1850.654,1600,21,9,19
2834,5,19,2,1850.6833,3000,21,5,9
2835,14,15,2,1851.5606,4500,21,9,19
2836,11,6,2,1852.0267,1900,21,8,15
2837,7,7,2,1852.4495,4900,21,6,11
2838,11,18,2,1852.5603,1400,21,8,15
2839,20,8,2,1853.0005,2600,21,10,20
2840,13,20,2,1853.4241,2400,21,9,18
2841,4,13,2,1853.679,2000,21,4,8
2842,11,19,2,1854.4172,4200,21,8,15
2843,7,13,2,1854.6598,1700,21,6,11
2844,17,13,2,1855.2952,4000,21,10,20
2845,9,19,2,1856.6402,2300,21,7,13
2846,20,7,2,1856.9677,3500,21,10,20
2847,19,10,2,1857.939,3700,21,10,20
2848,16,18,2,1859.4807,2200,21,10,20
2849,20,9,2,1859.6719,3900,21,10,20
2850,3,18,2,1859.8235,3800,21,4,6
2851,17,7,2,1860.2498,2100,21,10,20
2852,10,15,2,1860.8926,3400,21,7,14
2853,18,19,2,1861.4617,4300,21,10,20
2854,4,8,2,1862.4166,1300,21,4,8
2855,5,20,2,1862.7896,4200,21,5,9
2856,19,17,2,1863.3853,4600,21,10,20
2857,15,8,2,1863.5323,1500,21,10,20
2858,19,6,2,1864.7415,2700,21,10,20
2859,10,5,2,1866.3957,2400,21,7,14
2860,19,13,2,1866.7153,3700,21,10,20
2861,8,10,2,1868.0328,1000,21,6,12
2862,15,13,2,1868.245,3100,21,10,20
2863,4,5,2,1869.5043,3200,21,4,8
2864,11,13,2,1869.6617,4400,21,8,15
2865,11,10,2,1869.916,2600,21,8,15
2866,15,8,2,1871.1279,3700,21,10,20
2867,20,6,2,1871.4149,1900,21,10,20
2868,17,19,2,1871.7169,1800,21,10,20
2869,12,8,2,1872.1147,1100,21,8,17
2870,6,15,2,1872.4316,2100,21,5,10
2871,20,11,2,1873.4264,1700,21,10,20
2872,7,8,2,1874.5053,3600,21,6,11
2873,16,8,2,1876.6718,2600,21,10,20
2874,3,7,2,1877.2801,4300,21,4,6
2875,5,6,2,1877.6973,1500,21,5,9
2876,15,16,2,1878.6555,2900,21,10,20
2877,20,7,2,1878.94,4900,21,10,20
2878,8,14,2,1879.3654,3600,21,6,12
2879,15,13,2,1879.4582,3200,21,10,20
2880,13,19,2,1880.4061,2600,21,9,18
2881,6,16,2,1881.7551,2600,21,5,10
2882,8,11,2,1883.5235,1400,21,6,12
2883,4,6,2,1883.6415,1000,21,4,8
2884,17,7,2,1887.9854,1700,21,10,20
2885,14,20,2,1888.0742,2200,21,9,19
2886,3,11,2,1888.1481,2000,21,4,6
2887,15,8,2,1888.7772,4400,21,10,20
2888,10,5,2,1889.2626,2700,21,7,14
2889,3,20,2,1889.3607,2500,21,4,6
2890,6,10,2,1889.8236,2400,21,5,10
2891,18,5,2,1891.2624,3100,21,10,20
2892,12,10,2,1891.2755,4100,21,8,17
2893,11,5,2,1891.5134,2100,21,8,15
2894,20,13,2,1891.8047,3200,21,10,20
2895,18,15,2,1893.2385,2200,21,10,20
2896,11,6,2,1894.8689,1700,21,8,15
2897,12,9,2,1895.3221,3700,21,8,17
2898,7,14,2,1895.3916,1400,21,6,11
2899,20,15,2,1895.9982,3600,21,10,20
2900,10,13,2,1896.0912,4200,21,7,14
2901,8,15,2,1896.1233,4700,21,6,12
2902,16,12,2,1896.1853,5000,21,10,20
2903,6,6,2,1898.023,3300,21,5,10
2904,11,8,2,1899.0856,3200,21,8,15
2905,12,6,2,1899.3968,1400,21,8,17
2906,19,7,2,1900.8377,4100,21,10,20
2907,11,6,2,1901.0631,4900,21,8,15
2908,12,8,2,1902.7375,4600,21,8,17
2909,20,5,2,1903.0477,2200,21,10,20
2910,4,11,2,1903.2374,1700,21,4,8
2911,10,16,2,1903.5793,5000,21,7,14
2912,14,10,2,1904.0923,2000,21,9,19
2913,5,7,2,1904.4298,1500,21,5,9
2914,7,8,2,1904.9618,1100,21,6,11
2915,16,13,2,1905.1008,4700,21,10,20
2916,14,13,2,1906.3867,3900,21,9,19
2917,6,6,2,1907.1991,1400,21,5,10
2918,19,13,2,1908.0841,1500,21,10,20
2919,17,6,2,1908.8064,3500,21,10,20
2920,11,5,2,1909.3612,4400,21,8,15
2921,15,15,2,1910.6087,4600,21,10,20
2922,9,14,2,1911.4898,4600,21,7,13
2923,3,16,2,1911.8156,3400,21,4,6
2924,16,18,2,1912.2143,3400,21,10,20
2925,20,13,2,1912.4218,2500,21,10,20
2926,20,19,2,1912.6292,3400,21,10,20
2927,18,18,2,1914.4445,3400,21,10,20
2928,13,12,2,1914.7656,3300,21,9,18
2929,13,18,2,1914.9899,2600,21,9,18
2930,8,14,2,1915.1886,1100,21,6,12
2931,11,14,2,1915.5338,2700,21,8,15
2932,13,5,2,1916.0107,1000,21,9,18
2933,7,12,2,1916.3506,3200,21,6,11
2934,7,12,2,1917.157,3500,21,6,11
2935,7,7,2,1918.7459,4300,21,6,11
2936,18,7,2,1919.0516,2400,21,10,20
2937,3,20,2,1920.1625,3500,21,4,6
2938,14,19,2,1920.6167,3700,21,9,19
2939,10,6,2,1921.6339,1500,21,7,14
2940,8,7,2,1922.4564,4500,21,6,12
2941,18,18,2,1922.6333,3800,21,10,20
2942,7,5,2,1922.9839,5000,21,6,11
2943,18,19,2,1923.1868,3100,21,10,20
2944,14,10,2,1923.6252,2700,21,9,19
2945,4,7,2,1923.8124,2400,21,4,8
2946,7,8,2,1923.8184,4000,21,6,11
2947,10,6,2,1924.7832,1400,21,7,14
2948,13,18,2,1925.128,2300,21,9,18
2949,8,7,2,1925.3197,4200,21,6,12
2950,9,14,2,1925.7224,1100,21,7,13
2951,15,18,2,1925.7666,3800,21,10,20
2952,8,7,2,1926.1955,2700,21,6,12
2953,11,12,2,1926.3703,2600,21,8,15
2954,6,16,2,1926.6932,4300,21,5,10
2955,13,10,2,1927.0251,4600,21,9,18
2956,13,12,2,1927.2036,3900,21,9,18
2957,11,13,2,1927.4974,1100,21,8,15
2958,10,7,2,1927.6629,4400,21,7,14
2959,11,20,2,1927.6845,2400,21,8,15
2960,12,20,2,1928.2176,3600,21,8,17
2961,13,5,2,1929.8041,4800,21,9,18
2962,8,6,2,1930.3873,1300,21,6,12
2963,3,5,2,1930.4971,5000,21,4,6
2964,11,14,2,1931.0316,4200,21,8,15
2965,9,12,2,1931.7201,1900,21,7,13
2966,9,19,2,1933.1654,1500,21,7,13
2967,12,16,2,1933.9588,2300,21,8,17
2968,6,12,2,1934.2568,3200,21,5,10
2969,5,5,2,1934.9767,1700,21,5,9
2970,14,6,2,1937.6552,3900,21,9,19
2971,7,14,2,1938.5393,2300,21,6,11
2972,20,10,2,1938.634,1900,21,10,20
2973,4,10,2,1938.9156,4700,21,4,8
2974,16,15,2,1939.9044,1900,21,10,20
2975,9,8,2,1940.1342,3600,21,7,13
2976,6,15,2,1942.4059,1700,21,5,10
2977,16,15,2,1942.4219,2000,21,10,20
2978,20,7,2,1942.6037,4100,21,10,20
2979,4,15,2,1944.4414,2900,21,4,8
2980,9,9,2,1946.1523,4500,21,7,13
2981,5,18,2,1946.2893,4400,21,5,9
2982,15,13,2,1947.7016,3200,21,10,20
2983,12,7,2,1948.6596,2200,21,8,17
2984,10,12,2,1948.7433,2800,21,7,14
2985,7,18,2,1950.922,3300,21,6,11
2986,5,10,2,1951.7626,2200,21,5,9
2987,13,5,2,1952.4254,4100,21,9,18
2988,17,12,2,1952.5189,2800,21,10,20
2989,17,18,2,1954.3598,2800,21,10,20
2990,7,20,2,1955.2108,2800,21,6,11
2991,19,8,2,1957.8776,2900,21,10,20
2992,4,5,2,1959.603,2500,21,4,8
2993,14,13,2,1959.9746,1400,21,9,19
2994,14,5,2,1960.2731,1600,21,9,19
2995,13,12,2,1960.307,4100,21,9,18
2996,20,11,2,1961.7982,2300,21,10,20
2997,20,8,2,1962.4421,3900,21,10,20
2998,9,13,2,1962.9274,3600,21,7,13
2999,12,15,2,1962.9418,1400,21,8,17
3000,5,20,2,1963.1975,4600,21,5,9
3001,18,6,2,1963.3218,4300,21,10,20
3002,4,6,2,1964.0839,2100,21,4,8
3003,5,18,2,1965.3551,1900,21,5,9
3004,17,15,2,1965.7182,3500,21,10,20
3005,9,7,2,1967.1925,3100,21,7,13
3006,15,16,2,1967.5762,4300,21,10,20
3007,19,11,2,1967.7474,3500,21,10,20
3008,5,14,2,1967.7615,1500,21,5,9
3009,15,14,2,1969.3132,4000,21,10,20
3010,9,15,2,1970.1496,2400,21,7,13
3011,14,6,2,1970.4629,5000,21,9,19
3012,8,5,2,1971.2926,5000,21,6,12
3013,10,19,2,1971.2977,1800,21,7,14
3014,11,18,2,1971.7309,2400,21,8,15
3015,4,11,2,1972.1735,3200,21,4,8
3016,8,12,2,1972.9861,4400,21,6,12
3017,4,17,2,1973.0964,2200,21,4,8
3018,17,17,2,1973.7071,4900,21,10,20
3019,13,14,2,1974.2714,1300,21,9,18
3020,19,13,2,1974.391,4300,21,10,20
3021,18,15,2,1975.039,3000,21,10,20
3022,7,13,2,1975.3308,3400,21,6,11
3023,6,18,2,1976.9508,2500,21,5,10
3024,19,16,2,1977.4689,1500,21,10,20
3025,4,14,2,1979.8001,1600,21,4,8
3026,14,14,2,1980.0824,3700,21,9,19
3027,3,5,2,1980.9118,2500,21,4,6
3028,17,5,2,1981.2214,2400,21,10,20
3029,9,9,2,1982.7811,2200,21,7,13
3030,7,7,2,1983.2038,2200,21,6,11
3031,18,17,2,1983.4127,3600,21,10,20
3032,6,6,2,1983.7048,2100,21,5,10
3033,17,7,2,1984.5607,2300,21,10,20
3034,10,10,2,1984.7824,3400,21,7,14
3035,9,10,2,1985.1233,1900,21,7,13
3036,9,20,2,1985.2159,2100,21,7,13
3037,14,16,2,1985.2536,2700,21,9,19
3038,7,12,2,1985.2542,4600,21,6,11
3039,6,10,2,1985.8427,3000,21,5,10
3040,11,17,2,1986.6588,2300,21,8,15
3041,5,18,2,1986.682,4900,21,5,9
3042,6,5,2,1986.7951,2600,21,5,10
3043,11,14,2,1989.1496,2600,21,8,15
3044,3,13,2,1989.1916,1700,21,4,6
3045,19,19,2,1990.0172,3400,21,10,20
3046,7,10,2,1992.3227,2800,21,6,11
3047,3,10,2,1992.6309,2300,21,4,6
3048,13,15,2,1992.8016,4500,21,9,18
3049,20,7,2,1993.2055,3400,21,10,20
3050,8,5,2,1993.5936,4700,21,6,12
3051,17,8,2,1994.1287,1700,21,10,20
3052,9,20,2,1995.3402,4100,21,7,13
3053,10,8,2,1995.9642,4300,21,7,14
3054,9,14,2,1996.2341,3200,21,7,13
3055,8,16,2,1996.5023,2600,21,6,12
3056,3,16,2,1996.7131,2500,21,4,6
3057,6,16,2,1997.1684,5000,21,5,10
3058,4,19,2,1997.5899,3100,21,4,8
3059,5,8,2,1999.3307,4200,21,5,9
3060,17,11,2,1999.8201,4000,21,10,20
3061,13,19,2,1999.9511,4700,21,9,18
3062,9,19,2,2000.2014,2400,21,7,13
3063,14,19,2,2000.6715,2200,21,9,19
3064,19,15,2,2001.0628,4700,21,10,20
3065,5,18,2,2001.121,3100,21,5,9
3066,7,9,2,2001.2913,1200,21,6,11
3067,15,5,2,2001.447,1500,21,10,20
3068,18,16,2,2002.9078,1200,21,10,20
3069,8,8,2,2002.9103,3100,21,6,12
3070,3,14,2,2003.6551,3100,21,4,6
3071,3,12,2,2005.0446,3800,21,4,6
3072,20,11,2,2005.9352,2500,21,10,20
3073,16,7,2,2006.006,1600,21,10,20
3074,15,7,2,2006.4787,2800,21,10,20
3075,7,14,2,2006.6658,2400,21,6,11
3076,20,19,2,2006.8291,2200,21,10,20
3077,13,9,2,2006.8795,1800,21,9,18
3078,4,14,2,2010.2513,4200,21,4,8
3079,11,15,2,2011.247,3300,21,8,15
3080,5,6,2,2011.6487,2700,21,5,9
3081,17,13,2,2011.8423,3400,21,10,20
3082,3,16,2,2013.8891,1200,21,4,6
3083,17,17,2,2013.9195,1300,21,10,20
3084,6,16,2,2013.9622,4600,21,5,10
3085,14,15,2,2014.4789,1100,21,9,19
3086,10,18,2,2016.3983,1500,21,7,14
3087,10,14,2,2016.5946,1100,21,7,14
3088,9,7,2,2017.1448,4000,21,7,13
3089,5,5,2,2018.3281,2000,21,5,9
3090,15,11,2,2018.5585,3000,21,10,20
3091,18,16,2,2019.7167,2200,21,10,20
3092,8,17,2,2020.5419,4200,21,6,12
3093,3,8,2,2020.6903,2900,21,4,6
3094,11,10,2,2021.4056,4500,21,8,15
3095,5,17,2,2021.748,1900,21,5,9
3096,5,16,2,2021.7902,4500,21,5,9
3097,15,5,2,2022.7501,1300,21,10,20
3098,11,15,2,2023.5884,1700,21,8,15
3099,8,12,2,2023.9282,1600,21,6,12
3100,9,17,2,2024.2008,3200,21,7,13
3101,3,15,2,2024.5888,4100,21,4,6
3102,15,10,2,2025.3931,1500,21,10,20
3103,6,18,2,2025.7425,3700,21,5,10
3104,19,13,2,2025.99,3600,21,10,20
3105,18,16,2,2026.4079,4500,21,10,20
3106,20,15,2,2027.0108,4600,21,10,20
3107,13,7,2,2027.0657,2800,21,9,18
3108,14,18,2,2028.4158,3300,21,9,19
3109,11,10,2,2028.453,1400,21,8,15
3110,15,20,2,2028.5519,1200,21,10,20
3111,14,7,2,2029.1537,4500,21,9,19
3112,20,11,2,2029.5524,1400,21,10,20
3113,16,18,2,2029.6674,3000,21,10,20
3114,8,17,2,2030.1259,1200,21,6,12
3115,16,11,2,2030.5736,4900,21,10,20
3116,11,14,2,2031.3941,2100,21,8,15
3117,17,8,2,2031.8681,2000,21,10,20
3118,4,16,2,2031.9611,3700,21,4,8
3119,4,19,2,2032.9575,4800,21,4,8
3120,17,16,2,2033.9309,3400,21,10,20
3121,18,13,2,2033.9666,4300,21,10,20
3122,10,11,2,2034.2874,4600,21,7,14
3123,10,15,2,2034.4717,1700,21,7,14
3124,7,7,2,2034.6633,1800,21,6,11
3125,15,18,2,2034.742,1800,21,10,20
3126,6,10,2,2037.7679,3300,21,5,10
3127,19,16,2,2037.8418,1800,21,10,20
3128,13,16,2,2037.8833,2100,21,9,18
3129,7,12,2,2037.9187,3100,21,6,11
3130,9,15,2,2038.0613,1400,21,7,13
3131,18,11,2,2038.0788,4800,21,10,20
3132,9,15,2,2039.0267,4300,21,7,13
3133,14,20,2,2039.2128,3000,21,9,19
3134,5,10,2,2039.6596,3500,21,5,9
3135,20,8,2,2039.9914,4300,21,10,20
3136,19,16,2,2040.5638,1100,21,10,20
3137,18,5,2,2042.3931,3600,21,10,20
3138,17,6,2,2043.192,2100,21,10,20
3139,12,18,2,2043.3463,2500,21,8,17
3140,4,7,2,2043.5891,3500,21,4,8
3141,14,7,2,2044.2769,3700,21,9,19
3142,19,16,2,2044.3786,4200,21,10,20
3143,5,20,2,2046.1767,5000,21,5,9
3144,19,17,2,2047.9616,3100,21,10,20
3145,19,8,2,2048.9697,1400,21,10,20
3146,6,15,2,2049.2059,2700,21,5,10
3147,10,8,2,2050.3422,1100,21,7,14
3148,20,20,2,2050.5017,2400,21,10,20
3149,5,17,2,2050.657,3300,21,5,9
3150,18,5,2,2051.1796,1300,21,10,20
3151,12,14,2,2053.5052,1700,21,8,17
3152,8,12,2,2053.5959,2800,21,6,12
3153,3,6,2,2055.3713,4300,21,4,6
3154,13,15,2,2056.9308,2800,21,9,18
3155,3,8,2,2057.1863,2200,21,4,6
3156,11,8,2,2057.8253,3500,21,8,15
3157,13,19,2,2058.3022,3000,21,9,18
3158,13,10,2,2058.3554,2500,21,9,18
3159,18,14,2,2060.0297,2900,21,10,20
3160,19,20,2,2061.1794,4300,21,10,20
3161,12,7,2,2061.7534,3400,21,8,17
3162,4,6,2,2064.0057,4600,21,4,8
3163,11,18,2,2064.5452,2400,21,8,15
3164,6,20,2,2065.0969,1100,21,5,10
3165,10,18,2,2065.4392,4000,21,7,14
3166,7,14,2,2066.1096,2900,21,6,11
3167,19,5,2,2066.5397,2600,21,10,20
3168,15,19,2,2066.775,5000,21,10,20
3169,16,18,2,2067.0799,1600,21,10,20
3170,3,15,2,2068.0672,4000,21,4,6
3171,14,9,2,2068.1433,4200,21,9,19
3172,20,11,2,2068.6765,3400,21,10,20
3173,20,6,2,2069.3787,3200,21,10,20
3174,15,15,2,2069.5841,3800,21,10,20
3175,12,17,2,2070.466,5000,21,8,17
3176,15,15,2,2070.5045,4000,21,10,20
3177,8,18,2,2071.6728,1700,21,6,12
3178,8,6,2,2072.8031,2600,21,6,12
3179,18,17,2,2072.9766,2000,21,10,20
3180,3,5,2,2074.2955,3800,21,4,6
3181,7,6,2,2076.322,1800,21,6,11
3182,3,19,2,2076.5263,4300,21,4,6
3183,3,17,2,2076.8879,2200,21,4,6
3184,3,15,2,2078.0635,4000,21,4,6
3185,13,6,2,2079.5966,4000,21,9,18
3186,10,11,2,2080.0525,1800,21,7,14
3187,9,11,2,2080.279,1100,21,7,13
3188,11,20,2,2080.4318,1000,21,8,15
3189,9,19,2,2080.7006,2400,21,7,13
3190,20,18,2,2081.7495,1300,21,10,20
3191,6,12,2,2081.9412,4300,21,5,10
3192,17,16,2,2082.5215,4100,21,10,20
3193,18,12,2,2082.5697,1000,21,10,20
3194,6,16,2,2083.5352,3800,21,5,10
3195,19,14,2,2084.3198,3500,21,10,20
3196,3,14,2,2084.411,2500,21,4,6
3197,5,11,2,2084.7086,1300,21,5,9
3198,19,5,2,2085.0335,1200,21,10,20
3199,14,15,2,2085.3534,3400,21,9,19
3200,9,14,2,2085.4,3500,21,7,13
3201,19,12,2,2088.5722,2700,21,10,20
3202,10,11,2,2088.828,4400,21,7,14
3203,17,9,2,2088.9378,3900,21,10,20
3204,18,20,2,2090.1183,2100,21,10,20
3205,19,7,2,2090.5967,2100,21,10,20
3206,16,10,2,2091.0594,2600,21,10,20
3207,11,20,2,2091.2488,1600,21,8,15
3208,16,13,2,2091.317,1300,21,10,20
3209,16,11,2,2092.3988,2500,21,10,20
3210,17,14,2,2094.2964,3000,21,10,20
3211,3,15,2,2094.5238,2100,21,4,6
3212,13,15,2,2094.6006,1800,21,9,18
3213,10,20,2,2096.3235,1300,21,7,14
3214,6,19,2,2096.3979,4700,21,5,10
3215,14,20,2,2097.2,1100,21,9,19
3216,6,7,2,2097.8036,2900,21,5,10
3217,20,5,2,2098.2949,2900,21,10,20
3218,4,5,2,2099.318,3600,21,4,8
3219,5,14,2,2101.0137,4200,21,5,9
3220,16,14,2,2101.6663,3600,21,10,20
3221,3,19,2,2102.316,2600,21,4,6
3222,11,13,2,2102.7876,1100,21,8,15
3223,8,13,2,2103.0396,2000,21,6,12
3224,3,19,2,2103.2961,4400,21,4,6
3225,6,16,2,2103.6531,3400,21,5,10
3226,5,9,2,2104.0945,2100,21,5,9
3227,14,16,2,2104.1133,4300,21,9,19
3228,17,8,2,2104.2532,2400,21,10,20
3229,9,11,2,2105.7119,4100,21,7,13
3230,7,9,2,2105.7509,1500,21,6,11
3231,5,20,2,2106.0019,2700,21,5,9
3232,8,7,2,2106.6806,4800,21,6,12
3233,13,16,2,2106.9956,3400,21,9,18
3234,3,19,2,2108.1448,2500,21,4,6
3235,4,14,2,2108.5126,1700,21,4,8
3236,14,9,2,2109.2256,4600,21,9,19
3237,17,7,2,2109.2273,4100,21,10,20
3238,3,11,2,2109.8289,2500,21,4,6
3239,4,11,2,2109.8876,4900,21,4,8
3240,12,11,2,2110.4293,1000,21,8,17
3241,20,6,2,2111.409,4000,21,10,20
3242,11,7,2,2113.2236,4200,21,8,15
3243,3,10,2,2113.2338,3100,21,4,6
3244,11,19,2,2113.6606,4700,21,8,15
3245,8,17,2,2114.1205,1900,21,6,12
3246,15,13,2,2114.2519,2000,21,10,20
3247,9,18,2,2114.283,1200,21,7,13
3248,7,16,2,2114.7025,1300,21,6,11
3249,10,18,2,2115.5961,4200,21,7,14
3250,20,13,2,2116.8554,4300,21,10,20
3251,7,8,2,2117.0076,3900,21,6,11
3252,17,6,2,2117.5497,2400,21,10,20
3253,7,16,2,2118.5351,4800,21,6,11
3254,4,18,2,2118.8969,4500,21,4,8
3255,17,17,2,2120.3849,1600,21,10,20
3256,6,9,2,2120.5153,2800,21,5,10
3257,9,9,2,2122.7312,3500,21,7,13
3258,6,20,2,2123.3157,4800,21,5,10
3259,12,11,2,2124.0491,3200,21,8,17
3260,17,18,2,2124.2493,1100,21,10,20
3261,11,5,2,2124.5325,1600,21,8,15
3262,10,12,2,2124.9938,4900,21,7,14
3263,16,16,2,2125.8111,2600,21,10,20
3264,18,7,2,2126.3673,4600,21,10,20
3265,13,7,2,2127.8125,3800,21,9,18
3266,18,12,2,2130.1111,1500,21,10,20
3267,7,5,2,2130.5388,4300,21,6,11
3268,5,15,2,2130.7497,4700,21,5,9
3269,18,18,2,2130.9991,3900,21,10,20
3270,12,13,2,2132.8919,3300,21,8,17
3271,15,20,2,2134.2184,3800,21,10,20
3272,20,19,2,2134.2267,1700,21,10,20
3273,16,16,2,2134.3744,2800,21,10,20
3274,10,18,2,2134.6928,4900,21,7,14
3275,8,15,2,2135.8496,2900,21,6,12
3276,10,19,2,2136.3018,2900,21,7,14
3277,11,20,2,2136.9653,2000,21,8,15
3278,9,18,2,2138.0393,3900,21,7,13
3279,16,7,2,2138.8207,3900,21,10,20
3280,9,14,2,2139.5604,4500,21,7,13
3281,11,17,2,2139.5965,4500,21,8,15
3282,6,5,2,2140.3782,1200,21,5,10
3283,4,13,2,2140.825,2700,21,4,8
3284,11,10,2,2141.1063,1000,21,8,15
3285,19,10,2,2141.1413,4700,21,10,20
3286,3,9,2,2141.4473,1700,21,4,6
3287,6,17,2,2142.2809,1000,21,5,10
3288,13,8,2,2143.0492,3300,21,9,18
3289,16,7,2,2143.5242,4500,21,10,20
3290,15,8,2,2143.9029,1700,21,10,20
3291,19,14,2,2144.5911,4200,21,10,20
3292,8,8,2,2144.6255,4400,21,6,12
3293,17,15,2,2146.6469,4600,21,10,20
3294,5,17,2,2146.6689,3000,21,5,9
3295,15,18,2,2146.6877,3900,21,10,20
3296,17,12,2,2146.7608,2300,21,10,20
3297,6,16,2,2147.2426,2000,21,5,10
3298,16,14,2,2147.3417,2200,21,10,20
3299,17,20,2,2148.7763,3900,21,10,20
3300,11,11,2,2150.5746,4000,21,8,15
3301,18,17,2,2153.316,4700,21,10,20
3302,16,20,2,2153.5806,1500,21,10,20
3303,8,8,2,2154.1267,1100,21,6,12
3304,3,11,2,2154.4106,2300,21,4,6
3305,7,9,2,2155.0578,4900,21,6,11
3306,7,16,2,2155.4193,2700,21,6,11
3307,5,16,2,2155.7781,2400,21,5,9
3308,18,12,2,2155.86,3900,21,10,20
3309,4,19,2,2156.9913,1300,21,4,8
3310,12,16,2,2157.4381,3000,21,8,17
3311,7,5,2,2158.312,3100,21,6,11
3312,6,6,2,2158.4337,4700,21,5,10
3313,13,6,2,2158.4733,2000,21,9,18
3314,11,6,2,2158.6895,3300,21,8,15
3315,4,19,2,2159.2381,4600,21,4,8
3316,9,15,2,2159.277,1800,21,7,13
3317,19,7,2,2160.709,2200,21,10,20
3318,19,17,2,2160.9378,2300,21,10,20
3319,11,8,2,2161.4552,2200,21,8,15
3320,18,10,2,2161.857,3500,21,10,20
3321,14,19,2,2163.0673,2600,21,9,19
3322,14,12,2,2163.3792,3400,21,9,19
3323,5,13,2,2164.2643,2800,21,5,9
3324,19,18,2,2164.7699,1900,21,10,20
3325,16,6,2,2167.0045,2300,21,10,20
3326,3,6,2,2167.1286,4200,21,4,6
3327,4,18,2,2167.6168,1700,21,4,8
3328,12,5,2,2168.2747,3300,21,8,17
3329,8,15,2,2168.393,1800,21,6,12
3330,10,15,2,2169.0677,3900,21,7,14
3331,10,9,2,2169.106,3500,21,7,14
3332,17,15,2,2169.7184,2800,21,10,20
3333,20,19,2,2170.2676,4000,21,10,20
3334,7,18,2,2170.3569,1600,21,6,11
3335,15,7,2,2171.2278,3900,21,10,20
3336,5,14,2,2171.5935,2500,21,5,9
3337,19,19,2,2171.7016,2400,21,10,20
3338,7,5,2,2172.3145,3200,21,6,11
3339,6,6,2,2172.67,4900,21,5,10
3340,4,10,2,2173.1911,1000,21,4,8
3341,16,17,2,2174.2732,1600,21,10,20
3342,16,20,2,2174.4408,1700,21,10,20
3343,6,17,2,2174.4749,1600,21,5,10
3344,9,20,2,2175.5656,1900,21,7,13
3345,11,9,2,2176.0413,1700,21,8,15
3346,12,20,2,2176.3632,3600,21,8,17
3347,19,6,2,2176.3708,5000,21,10,20
3348,3,13,2,2176.9045,3400,21,4,6
3349,3,12,2,2177.0496,3200,21,4,6
3350,4,19,2,2177.2488,3600,21,4,8
3351,16,6,2,2177.4965,3700,21,10,20
3352,16,19,2,2177.9982,4400,21,10,20
3353,10,14,2,2178.1883,3700,21,7,14
3354,3,6,2,2179.323,1900,21,4,6
3355,16,18,2,2180.8822,2600,21,10,20
3356,20,16,2,2181.049,4600,21,10,20
3357,20,6,2,2181.3944,1200,21,10,20
3358,11,15,2,2181.5038,3800,21,8,15
3359,14,12,2,2181.8748,2600,21,9,19
3360,19,12,2,2182.4091,3200,21,10,20
3361,9,20,2,2183.1987,3500,21,7,13
3362,12,12,2,2183.3739,3600,21,8,17
3363,8,6,2,2183.4718,1100,21,6,12
3364,8,6,2,2183.5163,3800,21,6,12
3365,16,5,2,2184.1977,2100,21,10,20
3366,19,9,2,2186.718,3700,21,10,20
3367,4,11,2,2187.3553,1400,21,4,8
3368,8,6,2,2187.9511,4000,21,6,12
3369,20,6,2,2189.9185,1200,21,10,20
3370,11,7,2,2190.0525,2300,21,8,15
3371,10,15,2,2191.3296,5000,21,7,14
3372,4,13,2,2194.4489,3200,21,4,8
3373,9,11,2,2195.8968,3500,21,7,13
3374,17,10,2,2196.3297,4500,21,10,20
3375,17,18,2,2196.4324,2000,21,10,20
3376,7,13,2,2196.7538,4000,21,6,11
3377,15,13,2,2197.0638,1800,21,10,20
3378,12,13,2,2198.5671,2800,21,8,17
3379,6,9,2,2199.309,3800,21,5,10
3380,18,9,2,2199.7826,2100,21,10,20
3381,10,19,2,2200.0261,4600,21,7,14
3382,5,19,2,2200.1509,1800,21,5,9
3383,8,16,2,2201.1486,3200,21,6,12
3384,14,10,2,2201.7888,4200,21,9,19
3385,13,16,2,2205.8082,4700,21,9,18
3386,6,12,2,2206.8429,1500,21,5,10
3387,11,8,2,2206.9092,2200,21,8,15
3388,3,15,2,2207.0812,2800,21,4,6
3389,13,15,2,2207.2432,1800,21,9,18
3390,7,15,2,2207.9844,2900,21,6,11
3391,19,8,2,2209.897,3500,21,10,20
3392,3,8,2,2211.1318,2700,21,4,6
3393,20,12,2,2211.7573,2500,21,10,20
3394,12,17,2,2212.3891,3300,21,8,17
3395,5,18,2,2212.9336,2300,21,5,9
3396,10,11,2,2213.4193,1100,21,7,14
3397,4,13,2,2213.8922,2300,21,4,8
3398,11,17,2,2215.4208,2000,21,8,15
3399,5,12,2,2216.1227,3700,21,5,9
3400,8,6,2,2217.0036,5000,21,6,12
3401,18,7,2,2217.2708,1700,21,10,20
3402,5,18,2,2217.7763,4500,21,5,9
3403,9,8,2,2217.7908,4800,21,7,13
3404,18,16,2,2217.852,1800,21,10,20
3405,7,17,2,2218.1735,4300,21,6,11
3406,10,10,2,2218.2172,1800,21,7,14
3407,19,13,2,2219.4326,1200,21,10,20
3408,11,6,2,2221.2023,2000,21,8,15
3409,16,14,2,2221.6534,3300,21,10,20
3410,18,6,2,2222.2884,4500,21,10,20
3411,5,18,2,2224.4405,2700,21,5,9
3412,17,20,2,2224.5641,2800,21,10,20
3413,6,19,2,2224.8967,4900,21,5,10
3414,17,5,2,2225.0272,4900,21,10,20
3415,5,10,2,2225.3687,4900,21,5,9
3416,12,8,2,2225.6794,3200,21,8,17
3417,12,8,2,2226.626,4900,21,8,17
3418,4,10,2,2226.7873,3500,21,4,8
3419,13,10,2,2227.0653,4200,21,9,18
3420,10,12,2,2228.2939,3500,21,7,14
3421,16,20,2,2228.4038,3200,21,10,20
3422,15,20,2,2229.1028,1900,21,10,20
3423,13,12,2,2230.0703,4800,21,9,18
3424,14,6,2,2231.2225,4800,21,9,19
3425,9,9,2,2231.5109,1200,21,7,13
3426,16,16,2,2232.5041,4600,21,10,20
3427,17,8,2,2233.0017,2600,21,10,20
3428,6,12,2,2233.9879,2500,21,5,10
3429,20,11,2,2234.08,1600,21,10,20
3430,15,10,2,2235.2786,3700,21,10,20
3431,6,13,2,2236.6716,4400,21,5,10
3432,19,5,2,2237.7242,3400,21,10,20
3433,20,5,2,2238.4879,1900,21,10,20
3434,9,10,2,2239.3063,1300,21,7,13
3435,4,11,2,2241.2667,1900,21,4,8
3436,15,16,2,2244.3662,4900,21,10,20
3437,18,18,2,2244.6689,4800,21,10,20
3438,13,18,2,2246.9313,2500,21,9,18
3439,16,12,2,2247.1254,5000,21,10,20
3440,17,6,2,2247.8074,4100,21,10,20
3441,18,6,2,2248.492,2900,21,10,20
3442,19,6,2,2250.6757,4300,21,10,20
3443,4,15,2,2250.7385,1200,21,4,8
3444,6,19,2,2251.2157,4400,21,5,10
3445,9,9,2,2252.0287,1600,21,7,13
3446,7,13,2,2254.5689,2100,21,6,11
3447,10,20,2,2254.7102,1500,21,7,14
3448,16,18,2,2255.026,5000,21,10,20
3449,20,11,2,2255.9827,2800,21,10,20
3450,3,13,2,2256.226,3100,21,4,6
3451,8,10,2,2256.3565,3300,21,6,12
3452,19,12,2,2256.3846,1900,21,10,20
3453,3,8,2,2258.4108,3500,21,4,6
3454,9,10,2,2258.9968,1400,21,7,13
3455,11,13,2,2259.4692,1100,21,8,15
3456,3,10,2,2259.6519,1000,21,4,6
3457,16,16,2,2260.0627,4900,21,10,20
3458,20,14,2,2260.1687,4700,21,10,20
3459,17,8,2,2260.8207,1200,21,10,20
3460,6,17,2,2261.771,4000,21,5,10
3461,8,13,2,2261.8395,1500,21,6,12
3462,4,16,2,2262.6393,4300,21,4,8
3463,11,8,2,2262.9382,3700,21,8,15
3464,9,16,2,2264.659,3500,21,7,13
3465,15,17,2,2264.8553,1900,21,10,20
3466,15,16,2,2265.6095,3400,21,10,20
3467,20,18,2,2268.1705,2400,21,10,20
3468,20,16,2,2269.8862,4900,21,10,20
3469,13,10,2,2270.5357,1500,21,9,18
3470,14,13,2,2271.0645,3800,21,9,19
3471,17,8,2,2271.2519,2900,21,10,20
3472,9,15,2,2272.0705,3000,21,7,13
3473,10,12,2,2272.5795,4100,21,7,14
3474,3,14,2,2274.4065,4700,21,4,6
3475,15,16,2,2274.9032,4400,21,10,20
3476,6,19,2,2275.5578,1400,21,5,10
3477,18,16,2,2276.6127,2800,21,10,20
3478,15,7,2,2276.7452,1400,21,10,20
3479,15,12,2,2276.7512,3100,21,10,20
3480,15,17,2,2278.3916,2800,21,10,20
3481,11,16,2,2280.7093,1200,21,8,15
3482,15,11,2,2282.204,4600,21,10,20
3483,15,9,2,2283.1621,1300,21,10,20
3484,11,20,2,2283.5156,2000,21,8,15
3485,20,14,2,2283.5773,4700,21,10,20
3486,19,12,2,2283.9409,1200,21,10,20
3487,15,6,2,2284.3203,1000,21,10,20
3488,13,17,2,2285.4138,1800,21,9,18
3489,20,14,2,2285.507,4200,21,10,20
3490,19,7,2,2285.5499,3500,21,10,20
3491,13,20,2,2285.5985,2200,21,9,18
3492,5,15,2,2286.2698,3800,21,5,9
3493,18,14,2,2287.6253,1800,21,10,20
3494,15,14,2,2287.9457,3200,21,10,20
3495,10,19,2,2289.4093,3600,21,7,14
3496,12,10,2,2290.4249,3300,21,8,17
3497,9,15,2,2291.1871,3200,21,7,13
3498,6,17,2,2291.4298,1100,21,5,10
3499,3,12,2,2291.6201,2400,21,4,6
3500,18,18,2,2292.0019,4800,21,10,20
3501,17,17,2,2292.1848,5000,21,10,20
3502,13,17,2,2292.8603,2300,21,9,18
3503,8,6,2,2293.1234,4200,21,6,12
3504,4,15,2,2294.7477,3800,21,4,8
3505,3,19,2,2295.3309,4700,21,4,6
3506,15,10,2,2295.523,2100,21,10,20
3507,17,13,2,2296.2483,1600,21,10,20
3508,5,15,2,2296.7576,4100,21,5,9
3509,4,17,2,2297.1263,4000,21,4,8
3510,15,8,2,2298.335,1100,21,10,20
3511,4,14,2,2298.7664,1500,21,4,8
3512,12,16,2,2298.8384,1400,21,8,17
3513,10,18,2,2299.1351,1700,21,7,14
3514,9,18,2,2301.3745,3500,21,7,13
3515,17,17,2,2301.401,2600,21,10,20
3516,16,10,2,2301.4656,1200,21,10,20
3517,6,10,2,2302.4342,3400,21,5,10
3518,14,17,2,2302.8017,1300,21,9,19
3519,3,13,2,2302.8638,1600,21,4,6
3520,12,9,2,2304.4007,4000,21,8,17
3521,5,9,2,2305.4016,3500,21,5,9
3522,14,20,2,2305.9094,2100,21,9,19
3523,20,13,2,2306.6406,2700,21,10,20
3524,3,18,2,2306.6945,4800,21,4,6
3525,16,16,2,2306.8538,4800,21,10,20
3526,7,8,2,2307.1939,1100,21,6,11
3527,9,17,2,2307.4152,4900,21,7,13
3528,3,20,2,2307.5755,2800,21,4,6
3529,3,13,2,2307.7381,2900,21,4,6
3530,4,7,2,2308.7271,3600,21,4,8
3531,13,16,2,2309.1042,1400,21,9,18
3532,9,9,2,2310.6231,3800,21,7,13
3533,17,18,2,2310.8427,3400,21,10,20
3534,8,14,2,2311.4271,1600,21,6,12
3535,15,12,2,2311.6431,4300,21,10,20
3536,6,20,2,2312.1283,1400,21,5,10
3537,20,9,2,2312.7034,4400,21,10,20
3538,13,12,2,2313.0801,3300,21,9,18
3539,17,10,2,2313.6347,3800,21,10,20
3540,8,19,2,2314.6914,1300,21,6,12
3541,5,12,2,2316.0338,2400,21,5,9
3542,12,19,2,2316.4567,1700,21,8,17
3543,17,18,2,2316.9718,4800,21,10,20
3544,10,13,2,2317.3273,4800,21,7,14
3545,8,6,2,2317.4706,4100,21,6,12
3546,16,15,2,2317.7251,1900,21,10,20
3547,20,7,2,2319.2865,3700,21,10,20
3548,3,15,2,2319.8246,2600,21,4,6
3549,6,13,2,2320.2143,1100,21,5,10
3550,9,13,2,2321.1467,2600,21,7,13
3551,6,17,2,2321.2588,2100,21,5,10
3552,12,9,2,2322.1225,1000,21,8,17
3553,20,6,2,2323.4118,4700,21,10,20
3554,8,5,2,2323.4582,4400,21,6,12
3555,14,8,2,2323.6112,1100,21,9,19
3556,19,10,2,2326.3573,1900,21,10,20
3557,16,19,2,2326.5966,2400,21,10,20
3558,5,5,2,2326.671,2700,21,5,9
3559,6,14,2,2326.8692,4600,21,5,10
3560,5,5,2,2328.6395,2700,21,5,9
3561,12,8,2,2328.9764,4800,21,8,17
3562,17,12,2,2329.1841,3200,21,10,20
3563,13,19,2,2330.076,5000,21,9,18
3564,13,7,2,2330.2378,2900,21,9,18
3565,10,6,2,2330.6286,3200,21,7,14
3566,13,11,2,2331.7448,2800,21,9,18
3567,10,14,2,2331.771,2700,21,7,14
3568,5,13,2,2332.0507,4100,21,5,9
3569,10,12,2,2332.0528,2400,21,7,14
3570,7,14,2,2332.4155,3200,21,6,11
3571,7,15,2,2332.686,3700,21,6,11
3572,16,19,2,2332.9324,2100,21,10,20
3573,6,8,2,2333.6396,3400,21,5,10
3574,4,12,2,2333.8871,1200,21,4,8
3575,6,16,2,2335.6669,3700,21,5,10
3576,14,9,2,2335.6786,2500,21,9,19
3577,7,5,2,2336.893,4400,21,6,11
3578,15,20,2,2337.1087,3700,21,10,20
3579,5,19,2,2337.834,4600,21,5,9
3580,14,7,2,2337.8902,4500,21,9,19
3581,19,12,2,2337.9195,3200,21,10,20
3582,9,14,2,2338.2149,3400,21,7,13
3583,17,5,2,2338.8679,3100,21,10,20
3584,8,7,2,2339.9831,3300,21,6,12
3585,4,6,2,2340.0628,3900,21,4,8
3586,11,16,2,2340.1063,3600,21,8,15
3587,18,5,2,2340.2353,4200,21,10,20
3588,17,13,2,2340.4012,3500,21,10,20
3589,4,16,2,2340.7096,2700,21,4,8
3590,13,7,2,2340.9579,4100,21,9,18
3591,11,6,2,2341.1415,4600,21,8,15
3592,6,13,2,2341.2398,2500,21,5,10
3593,20,12,2,2341.5026,2200,21,10,20
3594,19,5,2,2342.4076,2400,21,10,20
3595,20,12,2,2342.5834,3600,21,10,20
3596,15,8,2,2343.434,1600,21,10,20
3597,18,20,2,2343.5451,2600,21,10,20
3598,18,14,2,2344.7043,3300,21,10,20
3599,9,16,2,2345.7798,2500,21,7,13
3600,4,19,2,2347.0011,3800,21,4,8
3601,3,5,2,2347.1914,3500,21,4,6
3602,12,11,2,2348.822,1200,21,8,17
3603,13,12,2,2348.9053,3100,21,9,18
3604,16,5,2,2349.0065,1400,21,10,20
3605,7,8,2,2349.0511,2200,21,6,11
3606,10,19,2,2349.1745,2300,21,7,14
3607,5,7,2,2349.5807,3500,21,5,9
3608,16,19,2,2349.7425,2000,21,10,20
3609,4,6,2,2350.4016,3900,21,4,8
3610,4,5,2,2351.9,1700,21,4,8
3611,17,6,2,2352.1919,3400,21,10,20
3612,16,16,2,2354.2131,2000,21,10,20
3613,13,13,2,2354.5079,3100,21,9,18
3614,6,17,2,2355.323,4400,21,5,10
3615,15,6,2,2355.4996,1900,21,10,20
3616,3,9,2,2355.6896,3100,21,4,6
3617,12,17,2,2356.0597,2800,21,8,17
3618,7,20,2,2356.401,1800,21,6,11
3619,16,11,2,2357.6905,1100,21,10,20
3620,20,13,2,2357.8632,2000,21,10,20
3621,19,16,2,2358.9557,4600,21,10,20
3622,11,17,2,2359.3285,4400,21,8,15
3623,10,8,2,2359.7354,1000,21,7,14
3624,15,6,2,2360.0001,2000,21,10,20
3625,13,19,2,2360.363,2400,21,9,18
3626,5,6,2,2360.7123,4900,21,5,9
3627,15,14,2,2361.2916,2000,21,10,20
3628,9,14,2,2363.0851,4300,21,7,13
3629,5,16,2,2364.3001,2600,21,5,9
3630,17,11,2,2366.6077,1800,21,10,20
3631,7,10,2,2366.6488,3900,21,6,11
3632,13,7,2,2366.7148,1700,21,9,18
3633,9,17,2,2366.73,1200,21,7,13
3634,16,13,2,2366.7956,2800,21,10,20
3635,14,9,2,2368.6816,4100,21,9,19
3636,20,18,2,2370.0778,1000,21,10,20
3637,8,20,2,2370.0858,4200,21,6,12
3638,12,18,2,2370.417,3100,21,8,17
3639,16,7,2,2371.063,3800,21,10,20
3640,13,15,2,2371.0799,4000,21,9,18
3641,7,20,2,2371.5717,2000,21,6,11
3642,12,7,2,2372.3566,3400,21,8,17
3643,18,19,2,2372.3595,3600,21,10,20
3644,11,18,2,2373.4916,2300,21,8,15
3645,4,5,2,2373.7782,2700,21,4,8
3646,19,14,2,2375.0124,4000,21,10,20
3647,15,18,2,2377.048,4700,21,10,20
3648,20,7,2,2377.6586,3700,21,10,20
3649,13,20,2,2378.4603,2200,21,9,18
3650,18,8,2,2379.1479,3600,21,10,20
3651,19,19,2,2379.1807,4300,21,10,20
3652,4,8,2,2379.8096,1400,21,4,8
3653,15,5,2,2380.2882,4800,21,10,20
3654,15,6,2,2381.5141,3100,21,10,20
3655,11,14,2,2381.7848,2700,21,8,15
3656,8,16,2,2383.2591,1100,21,6,12
3657,10,5,2,2384.5571,2100,21,7,14
3658,3,19,2,2384.9882,1600,21,4,6
3659,14,15,2,2385.5052,2100,21,9,19
3660,10,14,2,2385.5809,1900,21,7,14
3661,17,5,2,2386.0228,1000,21,10,20
3662,3,5,2,2387.3727,3900,21,4,6
3663,4,6,2,2387.4423,1300,21,4,8
3664,11,10,2,2388.6325,4800,21,8,15
3665,19,18,2,2388.6904,4400,21,10,20
3666,17,9,2,2389.0748,1300,21,10,20
3667,19,10,2,2391.3534,2600,21,10,20
3668,3,18,2,2392.4225,3600,21,4,6
3669,13,19,2,2392.4472,1500,21,9,18
3670,15,14,2,2392.5243,1700,21,10,20
3671,15,5,2,2392.9728,3800,21,10,20
3672,11,5,2,2393.5226,1300,21,8,15
3673,3,11,2,2393.5683,1200,21,4,6
3674,19,8,2,2393.6799,4800,21,10,20
3675,16,11,2,2393.9497,3900,21,10,20
3676,19,5,2,2394.1174,4700,21,10,20
3677,16,5,2,2394.1251,2800,21,10,20
3678,10,20,2,2394.6466,3000,21,7,14
3679,17,18,2,2395.1208,4600,21,10,20
3680,17,6,2,2396.1323,1000,21,10,20
3681,6,9,2,2397.2672,3900,21,5,10
3682,5,20,2,2398.5032,4800,21,5,9
3683,19,5,2,2399.4125,5000,21,10,20
3684,4,17,2,2400.0182,1100,21,4,8
3685,9,9,2,2400.8636,3400,21,7,13
3686,14,13,2,2401.3234,4900,21,9,19
3687,3,6,2,2402.4148,3300,21,4,6
3688,5,20,2,2402.782,4100,21,5,9
3689,7,9,2,2402.908,1800,21,6,11
3690,20,14,2,2403.5975,1700,21,10,20
3691,3,7,2,2403.6205,3800,21,4,6
3692,8,12,2,2403.9305,3700,21,6,12
3693,6,10,2,2404.5969,4000,21,5,10
3694,3,20,2,2406.5972,2000,21,4,6
3695,15,8,2,2408.8044,3800,21,10,20
3696,6,8,2,2409.582,1100,21,5,10
3697,7,18,2,2411.0002,4200,21,6,11
3698,9,13,2,2411.0263,2600,21,7,13
3699,7,7,2,2413.0601,3100,21,6,11
3700,20,16,2,2414.2389,1100,21,10,20
3701,9,12,2,2414.2454,1900,21,7,13
3702,20,14,2,2414.4618,3900,21,10,20
3703,4,16,2,2416.614,2200,21,4,8
3704,8,6,2,2416.642,1600,21,6,12
3705,4,17,2,2416.7907,3700,21,4,8
3706,3,11,2,2416.8519,1300,21,4,6
3707,8,12,2,2418.2359,1100,21,6,12
3708,14,14,2,2418.3527,2000,21,9,19
3709,6,16,2,2418.7753,4200,21,5,10
3710,7,12,2,2421.1515,4200,21,6,11
3711,7,12,2,2421.2358,4200,21,6,11
3712,18,12,2,2421.7164,3400,21,10,20
3713,4,10,2,2421.7213,3700,21,4,8
3714,7,5,2,2422.5296,4400,21,6,11
3715,3,15,2,2422.7548,4400,21,4,6
3716,12,16,2,2422.7741,4400,21,8,17
3717,11,5,2,2423.9927,2800,21,8,15
3718,20,19,2,2424.3433,3000,21,10,20
3719,19,6,2,2424.465,1200,21,10,20
3720,20,10,2,2424.5588,4600,21,10,20
3721,7,10,2,2424.9452,4300,21,6,11
3722,16,5,2,2424.976,1500,21,10,20
3723,4,6,2,2425.3065,4600,21,4,8
3724,11,5,2,2425.5123,3300,21,8,15
3725,6,8,2,2426.1163,4100,21,5,10
3726,20,12,2,2426.4048,1200,21,10,20
3727,17,20,2,2426.5593,3500,21,10,20
3728,13,17,2,2426.7283,4600,21,9,18
3729,8,19,2,2426.9598,1700,21,6,12
3730,5,8,2,2427.4512,3600,21,5,9
3731,8,18,2,2427.4733,4000,21,6,12
3732,9,12,2,2427.7129,1300,21,7,13
3733,10,12,2,2427.9478,2400,21,7,14
3734,17,6,2,2427.9982,3000,21,10,20
3735,19,18,2,2428.1227,1500,21,10,20
3736,5,14,2,2428.6181,1700,21,5,9
3737,10,8,2,2429.0249,3400,21,7,14
3738,17,10,2,2429.7815,1300,21,10,20
3739,19,18,2,2429.8762,3900,21,10,20
3740,10,16,2,2430.3673,4400,21,7,14
3741,20,5,2,2430.4226,2700,21,10,20
3742,20,18,2,2430.6851,1900,21,10,20
3743,18,18,2,2431.4832,2300,21,10,20
3744,3,7,2,2431.7911,3600,21,4,6
3745,18,7,2,2432.6625,1900,21,10,20
3746,17,15,2,2432.8259,4400,21,10,20
3747,19,17,2,2433.3452,2800,21,10,20
3748,11,6,2,2433.6728,3300,21,8,15
3749,14,13,2,2434.2065,2300,21,9,19
3750,18,6,2,2434.6437,1200,21,10,20
3751,20,9,2,2435.6659,3000,21,10,20
3752,12,10,2,2435.8723,2900,21,8,17
3753,10,16,2,2437.5123,3700,21,7,14
3754,19,7,2,2437.7573,3600,21,10,20
3755,15,6,2,2438.327,2600,21,10,20
3756,6,6,2,2439.7033,4100,21,5,10
3757,15,5,2,2442.0263,1100,21,10,20
3758,12,16,2,2442.756,2100,21,8,17
3759,8,6,2,2444.0875,2200,21,6,12
3760,17,16,2,2445.5505,2900,21,10,20
3761,4,6,2,2445.8617,3000,21,4,8
3762,14,16,2,2446.0237,3100,21,9,19
3763,16,9,2,2446.6562,3700,21,10,20
3764,8,13,2,2446.775,1500,21,6,12
3765,20,14,2,2446.9635,2100,21,10,20
3766,10,14,2,2447.1667,3900,21,7,14
3767,16,16,2,2448.6252,3000,21,10,20
3768,11,5,2,2449.166,3600,21,8,15
3769,9,9,2,2449.54,4500,21,7,13
3770,18,7,2,2449.5967,2200,21,10,20
3771,7,7,2,2451.1874,3200,21,6,11
3772,13,8,2,2451.448,3400,21,9,18
3773,17,15,2,2452.704,1200,21,10,20
3774,10,19,2,2454.8041,3800,21,7,14
3775,10,5,2,2456.2873,5000,21,7,14
3776,10,7,2,2456.6474,5000,21,7,14
3777,7,12,2,2457.9037,2300,21,6,11
3778,3,11,2,2457.9811,3100,21,4,6
3779,18,16,2,2458.0274,3800,21,10,20
3780,14,17,2,2458.6543,4500,21,9,19
3781,16,14,2,2459.2981,2400,21,10,20
3782,4,8,2,2459.5863,4600,21,4,8
3783,3,18,2,2459.6617,3000,21,4,6
3784,3,9,2,2460.1581,1800,21,4,6
3785,19,12,2,2460.1915,1200,21,10,20
3786,10,12,2,2460.4439,1700,21,7,14
3787,7,15,2,2460.6973,2100,21,6,11
3788,8,9,2,2461.3288,4900,21,6,12
3789,16,15,2,2462.1842,4200,21,10,20
3790,3,5,2,2462.3254,2600,21,4,6
3791,8,20,2,2462.9053,5000,21,6,12
3792,19,13,2,2463.9669,4100,21,10,20
3793,11,20,2,2464.2995,2900,21,8,15
3794,10,19,2,2464.5402,1300,21,7,14
3795,6,17,2,2465.3364,4900,21,5,10
3796,9,16,2,2466.3969,1500,21,7,13
3797,8,11,2,2468.4448,3700,21,6,12
3798,14,11,2,2468.4866,1600,21,9,19
3799,7,19,2,2469.8933,2200,21,6,11
3800,12,15,2,2469.9047,3400,21,8,17
3801,8,6,2,2469.9809,1600,21,6,12
3802,9,20,2,2470.0228,1900,21,7,13
3803,13,19,2,2470.2819,2200,21,9,18
3804,3,13,2,2472.1003,2800,21,4,6
3805,4,7,2,2474.4473,3200,21,4,8
3806,13,16,2,2474.9121,3200,21,9,18
3807,20,20,2,2476.3356,1800,21,10,20
3808,19,5,2,2477.4127,1800,21,10,20
3809,3,16,2,2478.2905,3000,21,4,6
3810,5,5,2,2479.4361,3400,21,5,9
3811,10,20,2,2480.3456,1900,21,7,14
3812,18,15,2,2480.3939,1100,21,10,20
3813,16,16,2,2481.1701,1000,21,10,20
3814,18,10,2,2481.3046,2200,21,10,20
3815,16,17,2,2482.7481,4300,21,10,20
3816,15,8,2,2483.383,3000,21,10,20
3817,10,12,2,2483.8567,3300,21,7,14
3818,18,13,2,2484.2296,2400,21,10,20
3819,10,18,2,2484.2433,1400,21,7,14
3820,12,11,2,2484.6568,1000,21,8,17
3821,16,20,2,2484.7112,2600,21,10,20
3822,17,9,2,2485.4094,2400,21,10,20
3823,10,14,2,2488.1686,4800,21,7,14
3824,8,15,2,2488.232,1100,21,6,12
3825,7,11,2,2488.2838,2200,21,6,11
3826,8,13,2,2488.5282,3400,21,6,12
3827,10,13,2,2489.0979,1400,21,7,14
3828,20,10,2,2489.4833,3500,21,10,20
3829,10,16,2,2490.2104,2600,21,7,14
3830,17,17,2,2491.4368,3800,21,10,20
3831,13,7,2,2491.7268,3300,21,9,18
3832,6,20,2,2493.371,3500,21,5,10
3833,12,15,2,2494.7649,3200,21,8,17
3834,11,18,2,2495.0037,1600,21,8,15
3835,9,17,2,2495.2085,1000,21,7,13
3836,5,13,2,2495.4698,1400,21,5,9
3837,19,16,2,2495.979,4800,21,10,20
3838,14,12,2,2497.5132,3000,21,9,19
3839,19,8,2,2497.6991,4300,21,10,20
3840,8,7,2,2497.9731,4100,21,6,12
3841,16,16,2,2498.0189,2300,21,10,20
3842,16,10,2,2499.4678,1300,21,10,20
3843,14,18,2,2499.7464,4800,21,9,19
3844,9,11,2,2502.6856,4300,21,7,13
3845,6,19,2,2504.3087,3200,21,5,10
3846,14,17,2,2506.4671,4300,21,9,19
3847,20,12,2,2507.1308,1000,21,10,20
3848,4,20,2,2507.8983,1600,21,4,8
3849,7,16,2,2510.2103,2100,21,6,11
3850,10,11,2,2511.1677,1700,21,7,14
3851,6,19,2,2511.4549,5000,21,5,10
3852,11,13,2,2512.3726,4400,21,8,15
3853,13,17,2,2512.7146,4000,21,9,18
3854,7,12,2,2514.0439,5000,21,6,11
3855,17,7,2,2514.3012,2500,21,10,20
3856,10,8,2,2515.2613,2100,21,7,14
3857,3,7,2,2515.4897,2200,21,4,6
3858,4,11,2,2515.7532,4300,21,4,8
3859,3,9,2,2515.9751,3700,21,4,6
3860,9,12,2,2516.6619,3900,21,7,13
3861,19,19,2,2517.6723,2400,21,10,20
3862,12,16,2,2518.3374,2700,21,8,17
3863,20,13,2,2518.3409,3600,21,10,20
3864,10,12,2,2519.8555,2100,21,7,14
3865,4,5,2,2520.0533,2900,21,4,8
3866,11,13,2,2520.8532,3500,21,8,15
3867,11,15,2,2522.8987,4900,21,8,15
3868,10,13,2,2523.5468,1600,21,7,14
3869,9,9,2,2524.3076,1400,21,7,13
3870,11,16,2,2524.3312,3600,21,8,15
3871,15,14,2,2525.0539,4400,21,10,20
3872,3,11,2,2525.0899,3500,21,4,6
3873,4,17,2,2525.4448,1800,21,4,8
3874,16,18,2,2525.9524,3400,21,10,20
3875,4,14,2,2527.5555,4500,21,4,8
3876,20,7,2,2527.9037,4300,21,10,20
3877,10,14,2,2528.2327,2700,21,7,14
3878,14,15,2,2528.3696,4300,21,9,19
3879,11,16,2,2528.5003,2200,21,8,15
3880,20,20,2,2530.301,1700,21,10,20
3881,7,10,2,2530.5817,3600,21,6,11
3882,8,18,2,2531.1303,1100,21,6,12
3883,19,11,2,2532.5794,3400,21,10,20
3884,19,18,2,2532.8966,3800,21,10,20
3885,17,12,2,2533.1645,1400,21,10,20
3886,17,15,2,2535.943,3400,21,10,20
3887,15,6,2,2536.3754,1000,21,10,20
3888,13,6,2,2536.6961,3800,21,9,18
3889,5,20,2,2539.0777,4700,21,5,9
3890,10,9,2,2539.8965,1300,21,7,14
3891,17,5,2,2541.3713,4500,21,10,20
3892,11,15,2,2541.7266,4300,21,8,15
3893,10,6,2,2541.8308,1000,21,7,14
3894,7,12,2,2541.9929,1500,21,6,11
3895,8,13,2,2542.0707,3300,21,6,12
3896,4,7,2,2543.7758,4800,21,4,8
3897,8,15,2,2543.7806,3400,21,6,12
3898,13,11,2,2544.691,2900,21,9,18
3899,20,13,2,2544.7732,3500,21,10,20
3900,14,5,2,2544.8254,3000,21,9,19
3901,19,7,2,2546.3787,3700,21,10,20
3902,9,17,2,2547.5983,2500,21,7,13
3903,7,13,2,2548.305,1900,21,6,11
3904,13,19,2,2549.0974,2500,21,9,18
3905,16,18,2,2549.3223,2000,21,10,20
3906,10,6,2,2550.9322,3500,21,7,14
3907,4,18,2,2553.1349,1800,21,4,8
3908,3,14,2,2553.172,1700,21,4,6
3909,16,5,2,2553.3514,2300,21,10,20
3910,10,17,2,2553.8127,3100,21,7,14
3911,20,16,2,2554.046,4800,21,10,20
3912,10,6,2,2554.6503,3200,21,7,14
3913,7,17,2,2554.7325,4300,21,6,11
3914,14,9,2,2555.0178,3400,21,9,19
3915,4,8,2,2555.0565,3500,21,4,8
3916,7,18,2,2556.1582,4600,21,6,11
3917,6,14,2,2556.5909,3300,21,5,10
3918,8,19,2,2556.7162,3000,21,6,12
3919,15,17,2,2557.3756,4100,21,10,20
3920,8,11,2,2559.1359,1500,21,6,12
3921,7,16,2,2560.043,3400,21,6,11
3922,18,16,2,2562.5868,2000,21,10,20
3923,12,18,2,2563.1198,1600,21,8,17
3924,20,15,2,2563.2801,4100,21,10,20
3925,12,13,2,2564.3138,2700,21,8,17
3926,3,12,2,2564.3219,2300,21,4,6
3927,9,15,2,2564.8287,3900,21,7,13
3928,20,12,2,2564.9904,3900,21,10,20
3929,11,17,2,2566.1791,3200,21,8,15
3930,6,11,2,2566.3224,4800,21,5,10
3931,19,19,2,2566.9687,4900,21,10,20
3932,20,19,2,2567.4152,1600,21,10,20
3933,20,7,2,2567.9166,3300,21,10,20
3934,14,18,2,2569.582,2500,21,9,19
3935,18,16,2,2570.7534,4600,21,10,20
3936,11,12,2,2570.8009,2900,21,8,15
3937,15,12,2,2571.1692,1500,21,10,20
3938,9,9,2,2571.2288,2000,21,7,13
3939,4,8,2,2571.3602,2200,21,4,8
3940,17,6,2,2572.7913,3500,21,10,20
3941,3,13,2,2573.3944,2300,21,4,6
3942,6,10,2,2574.213,1200,21,5,10
3943,4,18,2,2575.4215,3100,21,4,8
3944,11,20,2,2578.4888,1100,21,8,15
3945,8,15,2,2579.3652,4400,21,6,12
3946,16,6,2,2580.9454,4200,21,10,20
3947,18,9,2,2582.6408,1300,21,10,20
3948,16,6,2,2582.7296,2900,21,10,20
3949,19,13,2,2582.9027,3800,21,10,20
3950,11,5,2,2583.4312,2800,21,8,15
3951,16,14,2,2584.4014,1700,21,10,20
3952,8,7,2,2584.6216,3300,21,6,12
3953,19,14,2,2585.3879,1800,21,10,20
3954,14,6,2,2585.7405,1200,21,9,19
3955,5,5,2,2586.2122,4700,21,5,9
3956,5,13,2,2586.271,3300,21,5,9
3957,12,15,2,2586.338,2200,21,8,17
3958,5,16,2,2586.9386,4100,21,5,9
3959,6,7,2,2587.9926,3900,21,5,10
3960,6,20,2,2588.3791,5000,21,5,10
3961,19,20,2,2589.2778,2900,21,10,20
3962,20,11,2,2589.6134,1000,21,10,20
3963,6,19,2,2590.6941,4900,21,5,10
3964,9,6,2,2590.843,2600,21,7,13
3965,8,9,2,2592.1739,2800,21,6,12
3966,16,13,2,2596.413,4400,21,10,20
3967,12,20,2,2597.755,3300,21,8,17
3968,9,19,2,2599.1075,4500,21,7,13
3969,17,8,2,2599.1449,1000,21,10,20
3970,19,20,2,2600.0589,1600,21,10,20
3971,9,17,2,2600.4939,1200,21,7,13
3972,14,11,2,2601.8832,4300,21,9,19
3973,9,5,2,2601.8853,4800,21,7,13
3974,8,20,2,2602.4647,3700,21,6,12
3975,7,10,2,2602.5725,4800,21,6,11
3976,20,9,2,2603.8,1100,21,10,20
3977,3,11,2,2604.9264,2700,21,4,6
3978,13,11,2,2605.0443,3200,21,9,18
3979,12,5,2,2605.3752,4600,21,8,17
3980,12,17,2,2605.4262,4000,21,8,17
3981,7,16,2,2607.0837,4400,21,6,11
3982,19,16,2,2607.2743,4700,21,10,20
3983,10,13,2,2607.5622,4500,21,7,14
3984,4,16,2,2607.8664,3900,21,4,8
3985,20,5,2,2609.0475,4900,21,10,20
3986,3,9,2,2609.666,2300,21,4,6
3987,3,16,2,2609.7085,3700,21,4,6
3988,12,17,2,2610.1426,2900,21,8,17
3989,9,18,2,2611.0565,3300,21,7,13
3990,15,9,2,2611.7776,4000,21,10,20
3991,11,20,2,2612.329,1700,21,8,15
3992,6,13,2,2614.6498,4100,21,5,10
3993,7,13,2,2615.6636,3200,21,6,11
3994,13,7,2,2616.5882,2800,21,9,18
3995,9,18,2,2616.6036,3200,21,7,13
3996,20,15,2,2617.0137,3900,21,10,20
3997,6,16,2,2617.501,2800,21,5,10
3998,6,10,2,2617.598,1800,21,5,10
3999,12,12,2,2617.606,1000,21,8,17
4000,3,15,2,2618.5983,1400,21,4,6
4001,19,9,2,2618.9129,4200,21,10,20
4002,14,10,2,2618.9596,5000,21,9,19
4003,8,16,2,2619.3637,1500,21,6,12
4004,3,5,2,2620.4657,2600,21,4,6
4005,11,13,2,2621.3632,2000,21,8,15
4006,18,10,2,2621.6085,2300,21,10,20
4007,7,9,2,2621.8853,4300,21,6,11
4008,18,5,2,2622.6887,1500,21,10,20
4009,19,20,2,2626.0359,2200,21,10,20
4010,9,7,2,2626.0745,3600,21,7,13
4011,4,20,2,2626.721,4600,21,4,8
4012,13,7,2,2627.1178,3700,21,9,18
4013,20,9,2,2628.3601,4700,21,10,20
4014,4,9,2,2629.1834,3600,21,4,8
4015,12,5,2,2629.7643,4700,21,8,17
4016,17,12,2,2629.9159,2700,21,10,20
4017,8,7,2,2632.4682,4200,21,6,12
4018,13,20,2,2633.2802,4900,21,9,18
4019,15,19,2,2633.5073,4700,21,10,20
4020,12,11,2,2634.9759,1100,21,8,17
4021,9,11,2,2635.7584,4200,21,7,13
4022,8,12,2,2636.952,2900,21,6,12
4023,14,19,2,2638.2983,1200,21,9,19
4024,7,9,2,2638.4748,2000,21,6,11
4025,14,9,2,2638.8777,1200,21,9,19
4026,7,6,2,2640.1973,3400,21,6,11
4027,7,15,2,2640.4269,1700,21,6,11
4028,4,18,2,2640.891,2900,21,4,8
4029,18,7,2,2641.269,1400,21,10,20
4030,16,15,2,2641.3432,2200,21,10,20
4031,13,6,2,2641.5242,3600,21,9,18
4032,7,12,2,2642.7078,2400,21,6,11
4033,5,10,2,2643.5199,3900,21,5,9
4034,5,15,2,2643.9756,1700,21,5,9
4035,19,16,2,2644.0698,1200,21,10,20
4036,7,9,2,2644.3587,2800,21,6,11
4037,8,9,2,2646.4842,1400,21,6,12
4038,19,6,2,2647.2993,2800,21,10,20
4039,14,20,2,2647.8641,2600,21,9,19
4040,5,12,2,2648.8978,4300,21,5,9
4041,8,5,2,2649.0281,1300,21,6,12
4042,5,19,2,2649.3187,3500,21,5,9
4043,14,10,2,2649.8751,2300,21,9,19
4044,7,15,2,2650.1104,1700,21,6,11
4045,5,7,2,2650.1418,2000,21,5,9
4046,9,18,2,2650.2299,3600,21,7,13
4047,13,15,2,2650.8214,3700,21,9,18
4048,10,16,2,2651.3287,3700,21,7,14
4049,18,16,2,2652.5155,4100,21,10,20
4050,14,19,2,2652.5956,2200,21,9,19
4051,18,20,2,2652.8091,1500,21,10,20
4052,3,14,2,2653.1735,2300,21,4,6
4053,8,14,2,2654.5894,3600,21,6,12
4054,18,7,2,2655.8734,2000,21,10,20
4055,19,12,2,2657.6776,3000,21,10,20
4056,12,15,2,2658.1276,2100,21,8,17
4057,6,5,2,2658.5965,4300,21,5,10
4058,20,13,2,2658.9158,1400,21,10,20
4059,11,20,2,2658.967,2100,21,8,15
4060,7,7,2,2659.0786,2600,21,6,11
4061,14,5,2,2659.806,2600,21,9,19
4062,6,11,2,2659.9794,3000,21,5,10
4063,6,9,2,2661.9021,2500,21,5,10
4064,19,11,2,2661.9454,1200,21,10,20
4065,19,17,2,2661.9515,3500,21,10,20
4066,11,7,2,2663.0188,2400,21,8,15
4067,4,8,2,2663.0799,2200,21,4,8
4068,18,6,2,2663.2824,2800,21,10,20
4069,10,10,2,2664.0527,3800,21,7,14
4070,8,19,2,2664.256,1900,21,6,12
4071,16,11,2,2664.7274,3100,21,10,20
4072,15,10,2,2666.4246,4900,21,10,20
4073,6,13,2,2666.7162,1900,21,5,10
4074,7,14,2,2667.5494,3400,21,6,11
4075,16,16,2,2667.841,1900,21,10,20
4076,14,5,2,2668.6831,1300,21,9,19
4077,18,16,2,2670.4268,5000,21,10,20
4078,7,8,2,2670.7727,1800,21,6,11
4079,9,18,2,2670.9177,1700,21,7,13
4080,18,10,2,2671.0102,2200,21,10,20
4081,11,6,2,2671.1719,2900,21,8,15
4082,10,18,2,2671.3524,2700,21,7,14
4083,11,16,2,2671.878,3000,21,8,15
4084,16,20,2,2672.6847,2100,21,10,20
4085,7,13,2,2672.7449,1400,21,6,11
4086,12,16,2,2674.9473,4200,21,8,17
4087,4,7,2,2675.0758,1500,21,4,8
4088,3,16,2,2676.7349,1600,21,4,6
4089,16,16,2,2677.0264,4900,21,10,20
4090,8,6,2,2677.3132,1900,21,6,12
4091,5,10,2,2677.7313,3800,21,5,9
4092,10,7,2,2679.328,2900,21,7,14
4093,15,15,2,2679.4425,2300,21,10,20
4094,16,12,2,2680.0712,1700,21,10,20
4095,3,13,2,2681.4447,4200,21,4,6
4096,7,5,2,2681.7347,4400,21,6,11
4097,18,18,2,2682.197,2300,21,10,20
4098,20,12,2,2682.7535,2900,21,10,20
4099,7,11,2,2682.856,1800,21,6,11
4100,17,8,2,2683.663,3500,21,10,20
4101,12,10,2,2683.8253,1300,21,8,17
4102,12,17,2,2685.2778,2400,21,8,17
4103,13,7,2,2685.7005,4300,21,9,18
4104,12,20,2,2686.2094,1400,21,8,17
4105,15,18,2,2686.4058,2800,21,10,20
4106,15,18,2,2686.7642,4900,21,10,20
4107,12,10,2,2686.8166,1500,21,8,17
4108,15,11,2,2687.3745,2900,21,10,20
4109,7,12,2,2687.7622,4100,21,6,11
4110,5,12,2,2690.2167,4000,21,5,9
4111,11,16,2,2691.3159,2100,21,8,15
4112,8,16,2,2691.8053,1100,21,6,12
4113,12,20,2,2693.1291,2900,21,8,17
4114,6,19,2,2694.2383,3600,21,5,10
4115,17,8,2,2694.4151,3500,21,10,20
4116,15,12,2,2694.516,4800,21,10,20
4117,15,12,2,2694.5552,5000,21,10,20
4118,8,14,2,2695.1919,4300,21,6,12
4119,9,7,2,2696.1975,1400,21,7,13
4120,5,17,2,2696.2814,2700,21,5,9
4121,19,16,2,2696.3548,3900,21,10,20
4122,19,20,2,2696.7183,3800,21,10,20
4123,5,14,2,2698.0951,2200,21,5,9
4124,17,19,2,2699.1466,1000,21,10,20
4125,17,15,2,2699.6017,4400,21,10,20
4126,12,10,2,2701.3514,4100,21,8,17
4127,7,7,2,2701.954,4300,21,6,11
4128,17,14,2,2702.4213,4200,21,10,20
4129,11,11,2,2702.4259,4900,21,8,15
4130,13,20,2,2703.1431,4900,21,9,18
4131,10,19,2,2703.7149,2600,21,7,14
4132,9,20,2,2703.7298,2800,21,7,13
4133,5,5,2,2704.0303,4200,21,5,9
4134,6,10,2,2704.1092,4900,21,5,10
4135,20,20,2,2704.473,4500,21,10,20
4136,9,11,2,2704.512,1800,21,7,13
4137,11,6,2,2704.7109,1700,21,8,15
4138,19,10,2,2705.3124,4200,21,10,20
4139,17,16,2,2706.2717,4600,21,10,20
4140,4,7,2,2706.807,4100,21,4,8
4141,11,10,2,2706.8175,4100,21,8,15
4142,6,15,2,2708.1821,2400,21,5,10
4143,7,7,2,2708.2976,3900,21,6,11
4144,20,11,2,2708.9927,3000,21,10,20
4145,20,5,2,2709.1803,3900,21,10,20
4146,8,11,2,2711.1907,1000,21,6,12
4147,15,7,2,2711.2039,2600,21,10,20
4148,6,15,2,2712.1689,3600,21,5,10
4149,3,18,2,2712.5626,2800,21,4,6
4150,8,8,2,2712.8257,3500,21,6,12
4151,16,16,2,2713.1956,4200,21,10,20
4152,10,7,2,2714.5973,3100,21,7,14
4153,3,8,2,2714.9201,3500,21,4,6
4154,10,17,2,2715.0924,1100,21,7,14
4155,8,15,2,2715.5862,2500,21,6,12
4156,6,17,2,2716.89,4600,21,5,10
4157,18,9,2,2716.956,1200,21,10,20
4158,15,16,2,2717.4235,2400,21,10,20
4159,7,12,2,2718.0514,3200,21,6,11
4160,10,19,2,2718.9861,2900,21,7,14
4161,7,15,2,2719.4801,2600,21,6,11
4162,3,8,2,2721.1542,1300,21,4,6
4163,12,20,2,2722.5196,4700,21,8,17
4164,19,12,2,2723.2976,1500,21,10,20
4165,19,16,2,2724.2246,1000,21,10,20
4166,17,11,2,2724.8489,3100,21,10,20
4167,8,10,2,2726.3223,4100,21,6,12
4168,8,15,2,2726.6129,3300,21,6,12
4169,17,8,2,2726.8369,1600,21,10,20
4170,3,16,2,2727.0385,1800,21,4,6
4171,3,6,2,2727.5994,1400,21,4,6
4172,16,15,2,2727.8974,5000,21,10,20
4173,5,9,2,2728.5848,4300,21,5,9
4174,15,15,2,2728.6116,3700,21,10,20
4175,17,12,2,2729.9728,2000,21,10,20
4176,7,20,2,2731.36,2100,21,6,11
4177,4,10,2,2732.543,3900,21,4,8
4178,3,13,2,2732.7891,3400,21,4,6
4179,9,14,2,2733.4072,3000,21,7,13
4180,15,6,2,2733.5006,3400,21,10,20
4181,7,12,2,2733.5131,1800,21,6,11
4182,14,7,2,2733.6233,3900,21,9,19
4183,17,5,2,2733.8342,3300,21,10,20
4184,8,17,2,2733.8466,2200,21,6,12
4185,15,11,2,2734.3489,3700,21,10,20
4186,16,7,2,2734.5169,2900,21,10,20
4187,11,8,2,2734.7851,4200,21,8,15
4188,12,5,2,2736.2466,1100,21,8,17
4189,15,12,2,2736.4373,4100,21,10,20
4190,7,9,2,2737.5893,2300,21,6,11
4191,13,17,2,2738.6098,2000,21,9,18
4192,17,6,2,2739.5809,3100,21,10,20
4193,18,5,2,2740.8947,2700,21,10,20
4194,18,18,2,2741.7515,3200,21,10,20
4195,20,14,2,2742.2173,2800,21,10,20
4196,20,12,2,2743.6,3700,21,10,20
4197,7,8,2,2743.9145,2400,21,6,11
4198,9,17,2,2745.6927,4500,21,7,13
4199,10,5,2,2745.9228,1500,21,7,14
4200,7,7,2,2746.2801,4600,21,6,11
4201,14,16,2,2746.4264,2000,21,9,19
4202,16,15,2,2747.3644,4100,21,10,20
4203,11,14,2,2747.9696,1000,21,8,15
4204,12,16,2,2750.1234,3500,21,8,17
4205,20,9,2,2750.1529,3700,21,10,20
4206,13,14,2,2752.5937,2500,21,9,18
4207,3,15,2,2753.534,1300,21,4,6
4208,6,14,2,2754.0662,2500,21,5,10
4209,8,7,2,2754.8564,3200,21,6,12
4210,12,8,2,2755.6359,1700,21,8,17
4211,13,10,2,2755.6945,4800,21,9,18
4212,9,16,2,2756.1308,2500,21,7,13
4213,19,20,2,2756.7481,1400,21,10,20
4214,9,20,2,2760.0896,1100,21,7,13
4215,3,8,2,2760.3588,4300,21,4,6
4216,13,17,2,2760.8795,4400,21,9,18
4217,16,18,2,2761.1123,1700,21,10,20
4218,9,6,2,2761.2962,4600,21,7,13
4219,9,19,2,2761.5143,4200,21,7,13
4220,7,10,2,2762.0746,2400,21,6,11
4221,11,11,2,2762.0994,1100,21,8,15
4222,17,9,2,2762.5071,2100,21,10,20
4223,8,20,2,2764.8599,2100,21,6,12
4224,15,15,2,2765.8792,3700,21,10,20
4225,17,5,2,2766.18,2800,21,10,20
4226,16,19,2,2766.7499,5000,21,10,20
4227,10,14,2,2767.4702,2300,21,7,14
4228,8,7,2,2767.6065,2200,21,6,12
4229,18,10,2,2768.4112,2200,21,10,20
4230,5,17,2,2768.5682,4500,21,5,9
4231,13,16,2,2769.2088,2500,21,9,18
4232,16,10,2,2769.3199,2500,21,10,20
4233,6,10,2,2771.3383,4000,21,5,10
4234,6,11,2,2771.7593,4400,21,5,10
4235,10,15,2,2771.7775,4600,21,7,14
4236,13,7,2,2772.9849,2200,21,9,18
4237,15,14,2,2773.3375,1500,21,10,20
4238,5,13,2,2774.0201,3000,21,5,9
4239,10,8,2,2774.0383,1500,21,7,14
4240,17,10,2,2774.5789,4700,21,10,20
4241,14,18,2,2775.6899,3500,21,9,19
4242,3,8,2,2775.7113,4200,21,4,6
4243,18,19,2,2775.9368,3400,21,10,20
4244,10,18,2,2776.0177,1200,21,7,14
4245,10,19,2,2777.6095,2800,21,7,14
4246,3,16,2,2778.478,2000,21,4,6
4247,8,18,2,2778.6376,3300,21,6,12
4248,7,11,2,2779.9228,1300,21,6,11
4249,12,11,2,2779.9646,1700,21,8,17
4250,6,11,2,2780.999,3100,21,5,10
4251,14,5,2,2781.1604,4800,21,9,19
4252,12,9,2,2782.1629,3900,21,8,17
4253,7,10,2,2783.4372,2000,21,6,11
4254,16,14,2,2785.969,2300,21,10,20
4255,4,18,2,2787.3549,2600,21,4,8
4256,7,19,2,2788.9716,3600,21,6,11
4257,9,16,2,2789.3603,3800,21,7,13
4258,14,13,2,2789.9155,1100,21,9,19
4259,12,14,2,2790.1645,2900,21,8,17
4260,17,5,2,2791.2976,4300,21,10,20
4261,17,11,2,2792.2764,1400,21,10,20
4262,9,7,2,2793.7415,4600,21,7,13
4263,8,9,2,2794.0805,2500,21,6,12
4264,20,8,2,2794.5796,1800,21,10,20
4265,18,18,2,2796.3295,4500,21,10,20
4266,10,15,2,2796.3806,3700,21,7,14
4267,9,13,2,2796.9436,1200,21,7,13
4268,17,10,2,2797.2578,4100,21,10,20
4269,6,16,2,2797.4813,4400,21,5,10
4270,15,14,2,2797.4868,2000,21,10,20
4271,17,10,2,2798.1339,4400,21,10,20
4272,17,8,2,2799.1777,4700,21,10,20
4273,9,17,2,2800.3251,1100,21,7,13
4274,12,8,2,2800.8467,4900,21,8,17
4275,16,13,2,2801.2214,4200,21,10,20
4276,8,12,2,2801.6352,2400,21,6,12
4277,6,18,2,2802.1809,1100,21,5,10
4278,11,15,2,2804.2471,4500,21,8,15
4279,8,13,2,2804.9688,4100,21,6,12
4280,12,18,2,2806.5568,3100,21,8,17
4281,14,10,2,2807.1389,1200,21,9,19
4282,19,10,2,2807.6069,3700,21,10,20
4283,8,11,2,2808.0612,1800,21,6,12
4284,13,16,2,2808.8945,2100,21,9,18
4285,14,14,2,2809.1244,3300,21,9,19
4286,5,13,2,2809.889,4000,21,5,9
4287,20,6,2,2810.3473,2200,21,10,20
4288,5,20,2,2810.5119,4300,21,5,9
4289,5,14,2,2810.7005,4900,21,5,9
4290,17,14,2,2811.4343,1900,21,10,20
4291,17,8,2,2811.9857,1900,21,10,20
4292,19,19,2,2812.0673,3800,21,10,20
4293,14,16,2,2813.3111,2300,21,9,19
4294,12,15,2,2813.5676,2300,21,8,17
4295,7,11,2,2813.9622,4000,21,6,11
4296,18,12,2,2815.0062,3600,21,10,20
4297,3,18,2,2815.2947,4900,21,4,6
4298,4,20,2,2815.4982,3200,21,4,8
4299,14,6,2,2815.6922,2100,21,9,19
4300,18,20,2,2816.0052,4700,21,10,20
4301,7,7,2,2816.5455,4400,21,6,11
4302,19,18,2,2817.5596,3100,21,10,20
4303,12,14,2,2818.2779,4000,21,8,17
4304,12,17,2,2819.8117,2400,21,8,17
4305,6,5,2,2820.0569,3000,21,5,10
4306,8,13,2,2820.4952,4100,21,6,12
4307,18,15,2,2820.6806,3900,21,10,20
4308,13,12,2,2821.0819,2100,21,9,18
4309,5,9,2,2821.1213,2600,21,5,9
4310,12,13,2,2821.9077,1800,21,8,17
4311,20,10,2,2822.0151,5000,21,10,20
4312,16,9,2,2824.8145,1900,21,10,20
4313,13,19,2,2826.0092,3300,21,9,18
4314,18,14,2,2826.0508,1000,21,10,20
4315,16,7,2,2826.687,2800,21,10,20
4316,14,20,2,2826.7045,2400,21,9,19
4317,19,14,2,2827.1232,1900,21,10,20
4318,4,7,2,2827.1511,2300,21,4,8
4319,14,7,2,2827.2091,2200,21,9,19
4320,4,19,2,2827.7873,4000,21,4,8
4321,5,15,2,2831.0785,1800,21,5,9
4322,13,10,2,2831.1682,1600,21,9,18
4323,11,17,2,2831.5807,5000,21,8,15
4324,10,19,2,2832.1753,1700,21,7,14
4325,15,8,2,2832.5211,3900,21,10,20
4326,12,19,2,2832.7114,1200,21,8,17
4327,17,20,2,2832.7231,3500,21,10,20
4328,19,15,2,2833.6495,1300,21,10,20
4329,19,7,2,2834.5211,3100,21,10,20
4330,15,8,2,2835.4029,1500,21,10,20
4331,14,6,2,2835.5494,3200,21,9,19
4332,14,15,2,2836.5744,4900,21,9,19
4333,11,6,2,2836.9666,4400,21,8,15
4334,3,17,2,2837.2603,4400,21,4,6
4335,16,15,2,2837.5611,4600,21,10,20
4336,10,5,2,2837.7604,3400,21,7,14
4337,9,17,2,2840.6095,2900,21,7,13
4338,4,8,2,2840.7522,4000,21,4,8
4339,10,14,2,2840.8424,4700,21,7,14
4340,5,15,2,2841.3018,2100,21,5,9
4341,13,9,2,2842.4432,3600,21,9,18
4342,13,20,2,2843.2762,5000,21,9,18
4343,11,16,2,2843.9971,1500,21,8,15
4344,8,12,2,2844.4668,4100,21,6,12
4345,7,14,2,2844.7384,5000,21,6,11
4346,8,19,2,2844.8292,4800,21,6,12
4347,19,7,2,2846.4859,3200,21,10,20
4348,20,17,2,2846.9052,4800,21,10,20
4349,3,9,2,2847.1987,1900,21,4,6
4350,5,5,2,2847.9855,2400,21,5,9
4351,10,8,2,2848.6294,3000,21,7,14
4352,20,19,2,2849.3646,3300,21,10,20
4353,13,5,2,2849.9023,1500,21,9,18
4354,16,19,2,2850.6243,4400,21,10,20
4355,7,18,2,2852.0548,1200,21,6,11
4356,9,15,2,2853.2883,4500,21,7,13
4357,10,11,2,2853.3183,1800,21,7,14
4358,9,15,2,2853.4301,3400,21,7,13
4359,16,11,2,2853.7516,4100,21,10,20
4360,6,7,2,2854.111,4100,21,5,10
4361,18,5,2,2856.5536,2200,21,10,20
4362,20,8,2,2857.2479,1000,21,10,20
4363,7,5,2,2858.6388,1300,21,6,11
4364,19,5,2,2859.6049,1500,21,10,20
4365,19,6,2,2860.0085,4000,21,10,20
4366,3,16,2,2860.8981,1600,21,4,6
4367,14,15,2,2860.9276,3700,21,9,19
4368,11,5,2,2861.64,2300,21,8,15
4369,14,5,2,2861.8316,5000,21,9,19
4370,13,6,2,2862.0424,3700,21,9,18
4371,15,19,2,2862.3312,4400,21,10,20
4372,3,20,2,2863.0375,3500,21,4,6
4373,9,6,2,2864.9829,4800,21,7,13
4374,4,6,2,2865.1402,3400,21,4,8
4375,17,17,2,2865.627,4600,21,10,20
4376,18,11,2,2865.7345,3300,21,10,20
4377,11,17,2,2866.3399,4600,21,8,15
4378,6,5,2,2867.5125,3400,21,5,10
4379,18,18,2,2867.784,1200,21,10,20
4380,4,10,2,2868.1714,4800,21,4,8
4381,7,14,2,2868.4089,1800,21,6,11
4382,7,18,2,2869.2364,1800,21,6,11
4383,9,18,2,2869.5171,5000,21,7,13
4384,18,19,2,2870.6528,3400,21,10,20
4385,8,18,2,2871.0059,2800,21,6,12
4386,16,11,2,2871.7713,1900,21,10,20
4387,20,11,2,2871.7976,1200,21,10,20
4388,4,18,2,2871.8167,5000,21,4,8
4389,5,16,2,2872.1712,3400,21,5,9
4390,16,12,2,2872.2013,4600,21,10,20
4391,6,6,2,2872.2502,1300,21,5,10
4392,5,19,2,2872.4359,2300,21,5,9
4393,13,7,2,2874.2651,3900,21,9,18
4394,15,20,2,2874.5396,4200,21,10,20
4395,11,17,2,2874.7922,4200,21,8,15
4396,17,18,2,2876.278,4300,21,10,20
4397,14,16,2,2876.5749,3300,21,9,19
4398,11,8,2,2876.6753,2800,21,8,15
4399,3,16,2,2876.8478,1500,21,4,6
4400,11,8,2,2877.9028,3700,21,8,15
4401,7,6,2,2879.4237,4000,21,6,11
4402,12,9,2,2880.8047,3600,21,8,17
4403,3,17,2,2881.5411,2400,21,4,6
4404,15,19,2,2881.8414,3600,21,10,20
4405,18,10,2,2881.9497,3300,21,10,20
4406,8,16,2,2886.3359,3100,21,6,12
4407,16,18,2,2886.4281,3500,21,10,20
4408,19,5,2,2886.9574,2100,21,10,20
4409,15,17,2,2888.2524,2300,21,10,20
4410,13,18,2,2888.4922,4300,21,9,18
4411,5,19,2,2889.779,1100,21,5,9
4412,12,20,2,2890.1039,2700,21,8,17
4413,4,9,2,2891.4619,1400,21,4,8
4414,5,17,2,2891.6414,2800,21,5,9
4415,8,15,2,2893.985,2600,21,6,12
4416,7,6,2,2894.4819,1600,21,6,11
4417,10,7,2,2895.4721,3200,21,7,14
4418,14,20,2,2896.1277,2000,21,9,19
4419,17,19,2,2896.307,1100,21,10,20
4420,18,12,2,2897.1685,3400,21,10,20
4421,6,7,2,2897.6497,3000,21,5,10
4422,13,20,2,2897.893,1500,21,9,18
4423,7,14,2,2899.1407,1400,21,6,11
4424,3,7,2,2899.1747,4000,21,4,6
4425,13,16,2,2899.603,4800,21,9,18
4426,18,6,2,2899.668,2200,21,10,20
4427,13,11,2,2899.8466,3300,21,9,18
4428,15,17,2,2901.2292,3800,21,10,20
4429,20,18,2,2905.2288,3600,21,10,20
4430,18,13,2,2905.4142,1800,21,10,20
4431,15,6,2,2906.2509,1900,21,10,20
4432,19,11,2,2906.3585,3800,21,10,20
4433,14,5,2,2907.3791,2800,21,9,19
4434,3,13,2,2907.7066,3100,21,4,6
4435,20,19,2,2908.3765,4700,21,10,20
4436,20,11,2,2909.1446,3000,21,10,20
4437,18,15,2,2909.4299,2300,21,10,20
4438,17,5,2,2909.5854,3100,21,10,20
4439,10,5,2,2910.0608,3400,21,7,14
4440,8,8,2,2910.6507,1000,21,6,12
4441,13,5,2,2913.6387,4800,21,9,18
4442,13,7,2,2914.1316,2300,21,9,18
4443,3,12,2,2914.3196,3500,21,4,6
4444,17,16,2,2914.4684,2000,21,10,20
4445,8,15,2,2914.8432,1700,21,6,12
4446,19,15,2,2915.0026,2400,21,10,20
4447,8,11,2,2915.8483,3100,21,6,12
4448,9,9,2,2916.0152,4700,21,7,13
4449,16,9,2,2916.4933,4800,21,10,20
4450,6,7,2,2919.1038,3300,21,5,10
4451,10,15,2,2919.3378,2600,21,7,14
4452,5,12,2,2919.426,2200,21,5,9
4453,11,8,2,2919.4796,2200,21,8,15
4454,3,15,2,2920.8774,2900,21,4,6
4455,15,6,2,2922.3623,1500,21,10,20
4456,4,15,2,2922.6259,2400,21,4,8
4457,10,14,2,2927.0938,2700,21,7,14
4458,10,5,2,2927.3163,1100,21,7,14
4459,12,17,2,2927.9124,4400,21,8,17
4460,19,11,2,2929.2105,2700,21,10,20
4461,9,7,2,2929.4356,2700,21,7,13
4462,9,6,2,2929.9918,1500,21,7,13
4463,7,16,2,2931.5294,2400,21,6,11
4464,6,14,2,2931.9222,4100,21,5,10
4465,12,12,2,2931.9898,4100,21,8,17
4466,19,8,2,2932.0064,1400,21,10,20
4467,17,17,2,2932.805,2400,21,10,20
4468,5,9,2,2932.829,3200,21,5,9
4469,3,5,2,2933.577,3200,21,4,6
4470,16,15,2,2933.666,2700,21,10,20
4471,11,15,2,2934.3569,4400,21,8,15
4472,7,13,2,2935.9211,4100,21,6,11
4473,6,11,2,2936.6158,4200,21,5,10
4474,11,7,2,2936.9563,4500,21,8,15
4475,18,12,2,2937.1517,4500,21,10,20
4476,9,11,2,2938.3935,4100,21,7,13
4477,12,11,2,2938.3944,4400,21,8,17
4478,14,20,2,2938.5614,4600,21,9,19
4479,19,5,2,2938.7083,3800,21,10,20
4480,16,20,2,2938.7639,3900,21,10,20
4481,9,12,2,2939.0318,2900,21,7,13
4482,19,5,2,2939.4073,3300,21,10,20
4483,8,8,2,2940.2188,1500,21,6,12
4484,6,20,2,2941.458,1100,21,5,10
4485,6,9,2,2941.8507,3300,21,5,10
4486,3,13,2,2943.8989,3700,21,4,6
4487,13,8,2,2944.591,2600,21,9,18
4488,8,18,2,2945.3411,2400,21,6,12
4489,16,12,2,2945.5032,1600,21,10,20
4490,6,8,2,2945.7414,3500,21,5,10
4491,15,10,2,2946.2866,1500,21,10,20
4492,9,17,2,2947.1409,1100,21,7,13
4493,4,6,2,2947.5779,3500,21,4,8
4494,5,19,2,2948.9158,2700,21,5,9
4495,9,16,2,2949.6193,4700,21,7,13
4496,6,16,2,2951.3175,2600,21,5,10
4497,13,8,2,2951.4157,1400,21,9,18
4498,12,11,2,2951.9126,4400,21,8,17
4499,13,16,2,2952.5921,2400,21,9,18
4500,7,6,2,2953.0311,1900,21,6,11
4501,11,8,2,2954.5421,3100,21,8,15
4502,14,6,2,2956.169,2800,21,9,19
4503,18,7,2,2956.5132,4500,21,10,20
4504,13,18,2,2958.2443,1200,21,9,18
4505,4,8,2,2961.1516,2100,21,4,8
4506,18,20,2,2962.5664,1700,21,10,20
4507,3,16,2,2962.7536,1900,21,4,6
4508,20,9,2,2962.8845,3100,21,10,20
4509,11,5,2,2963.2729,2000,21,8,15
4510,4,7,2,2964.8624,2000,21,4,8
4511,5,14,2,2965.0117,2100,21,5,9
4512,20,15,2,2965.0815,2600,21,10,20
4513,11,11,2,2966.2654,4600,21,8,15
4514,13,10,2,2966.6763,2300,21,9,18
4515,3,15,2,2966.7776,3100,21,4,6
4516,9,7,2,2967.6909,3400,21,7,13
4517,3,11,2,2967.8354,2400,21,4,6
4518,6,11,2,2969.1749,1000,21,5,10
4519,9,9,2,2970.0452,2000,21,7,13
4520,17,8,2,2970.3817,4300,21,10,20
4521,20,11,2,2970.8953,1200,21,10,20
4522,12,11,2,2970.9419,2700,21,8,17
4523,4,15,2,2971.0186,2100,21,4,8
4524,8,16,2,2971.5567,4800,21,6,12
4525,15,7,2,2973.5571,1100,21,10,20
4526,11,7,2,2974.9722,2500,21,8,15
4527,16,10,2,2975.008,2600,21,10,20
4528,5,6,2,2975.3968,4600,21,5,9
4529,16,14,2,2977.6834,5000,21,10,20
4530,6,13,2,2977.8209,4400,21,5,10
4531,18,20,2,2979.0527,1300,21,10,20
4532,15,14,2,2979.9506,1100,21,10,20
4533,13,12,2,2980.3921,1000,21,9,18
4534,6,5,2,2980.6281,3500,21,5,10
4535,8,17,2,2981.1464,2700,21,6,12
4536,20,8,2,2981.3662,2500,21,10,20
4537,10,10,2,2981.9013,2300,21,7,14
4538,5,13,2,2982.389,4300,21,5,9
4539,20,6,2,2982.4709,2300,21,10,20
4540,8,20,2,2983.1462,3700,21,6,12
4541,4,6,2,2983.5089,4100,21,4,8
4542,4,15,2,2983.8201,2000,21,4,8
4543,9,13,2,2984.008,1100,21,7,13
4544,3,7,2,2984.1174,3100,21,4,6
4545,3,18,2,2984.4055,2200,21,4,6
4546,7,19,2,2984.4584,1200,21,6,11
4547,13,13,2,2984.4922,4600,21,9,18
4548,3,10,2,2985.2443,2300,21,4,6
4549,16,19,2,2985.2627,2300,21,10,20
4550,12,17,2,2986.0313,4800,21,8,17
4551,3,20,2,2987.3368,4300,21,4,6
4552,11,7,2,2987.6885,2300,21,8,15
4553,5,19,2,2987.8429,1100,21,5,9
4554,5,9,2,2988.2921,4500,21,5,9
4555,9,20,2,2990.8472,1100,21,7,13
4556,5,5,2,2990.8947,4500,21,5,9
4557,20,16,2,2991.0235,2600,21,10,20
4558,13,9,2,2991.5108,4200,21,9,18
4559,4,20,2,2991.9035,3300,21,4,8
4560,8,10,2,2992.0421,3300,21,6,12
4561,16,18,2,2992.3447,5000,21,10,20
4562,19,5,2,2992.3711,4000,21,10,20
4563,3,14,2,2992.6647,3200,21,4,6
4564,3,18,2,2992.8071,3300,21,4,6
4565,8,12,2,2995.3767,1800,21,6,12
4566,9,17,2,2995.6487,4200,21,7,13
4567,5,16,2,2996.3747,4500,21,5,9
4568,9,15,2,2996.4401,4800,21,7,13
4569,3,7,2,2996.7358,4400,21,4,6
4570,11,20,2,2997.3912,2400,21,8,15
4571,17,5,2,2997.6749,4900,21,10,20
4572,18,17,2,2997.9394,3100,21,10,20
4573,4,12,2,2998.9557,1000,21,4,8
4574,5,11,2,3000.2923,2100,21,5,9
4575,9,20,2,3000.6461,3300,21,7,13
4576,15,6,2,3000.8173,2900,21,10,20
4577,12,13,2,3001.6135,2000,21,8,17
4578,6,19,2,3002.139,1600,21,5,10
4579,12,10,2,3002.468,4800,21,8,17
4580,14,14,2,3003.0232,2100,21,9,19
4581,4,15,2,3003.4564,2800,21,4,8
4582,9,20,2,3003.8533,3100,21,7,13
4583,12,9,2,3004.5442,5000,21,8,17
4584,18,7,2,3004.9096,3600,21,10,20
4585,20,6,2,3004.9526,5000,21,10,20
4586,17,11,2,3005.1571,4000,21,10,20
4587,18,20,2,3005.8616,2200,21,10,20
4588,18,14,2,3006.0192,4200,21,10,20
4589,10,16,2,3006.2999,4700,21,7,14
4590,6,6,2,3007.7045,5000,21,5,10
4591,6,17,2,3008.5657,1500,21,5,10
4592,17,9,2,3009.3772,1800,21,10,20
4593,10,12,2,3009.9884,1600,21,7,14
4594,8,18,2,3011.8175,2700,21,6,12
4595,18,13,2,3012.95,4400,21,10,20
4596,12,7,2,3013.1934,2000,21,8,17
4597,13,7,2,3013.7968,2500,21,9,18
4598,20,9,2,3013.865,3900,21,10,20
4599,11,19,2,3013.9262,4300,21,8,15
4600,3,5,2,3017.2108,3500,21,4,6
4601,12,15,2,3017.9924,2400,21,8,17
4602,5,12,2,3018.5301,1400,21,5,9
4603,3,14,2,3019.0116,2900,21,4,6
4604,15,13,2,3021.2429,5000,21,10,20
4605,7,11,2,3021.6259,1500,21,6,11
4606,14,20,2,3022.4594,4700,21,9,19
4607,14,14,2,3023.3385,2100,21,9,19
4608,8,10,2,3024.9295,3400,21,6,12
4609,20,13,2,3025.6646,3600,21,10,20
4610,5,17,2,3026.4635,1800,21,5,9
4611,17,8,2,3026.8599,1600,21,10,20
4612,10,5,2,3028.3604,2700,21,7,14
4613,14,10,2,3028.3994,3000,21,9,19
4614,4,16,2,3028.7019,5000,21,4,8
4615,3,15,2,3029.6521,2800,21,4,6
4616,15,7,2,3029.7421,2100,21,10,20
4617,19,18,2,3030.0796,3100,21,10,20
4618,13,18,2,3030.358,2700,21,9,18
4619,19,18,2,3031.3543,1100,21,10,20
4620,19,19,2,3032.7139,1800,21,10,20
4621,5,18,2,3033.2443,2000,21,5,9
4622,12,11,2,3034.4936,3600,21,8,17
4623,4,6,2,3034.7261,3100,21,4,8
4624,4,7,2,3034.7324,4200,21,4,8
4625,5,14,2,3034.9878,2500,21,5,9
4626,18,20,2,3035.634,2500,21,10,20
4627,13,18,2,3035.8682,2000,21,9,18
4628,15,9,2,3036.1785,4100,21,10,20
4629,13,18,2,3036.2242,2900,21,9,18
4630,20,18,2,3036.8419,2300,21,10,20
4631,11,14,2,3036.9837,3100,21,8,15
4632,7,20,2,3037.1445,3200,21,6,11
4633,7,11,2,3037.1586,1500,21,6,11
4634,12,5,2,3038.069,3000,21,8,17
4635,11,14,2,3038.6969,3400,21,8,15
4636,9,5,2,3038.99,4800,21,7,13
4637,10,9,2,3039.3392,1600,21,7,14
4638,15,11,2,3039.5761,3200,21,10,20
4639,6,19,2,3040.6881,2700,21,5,10
4640,18,8,2,3042.3811,3000,21,10,20
4641,16,17,2,3042.4088,1300,21,10,20
4642,10,18,2,3042.4108,4900,21,7,14
4643,9,7,2,3043.5203,1800,21,7,13
4644,15,11,2,3043.8545,1200,21,10,20
4645,16,7,2,3044.5952,4400,21,10,20
4646,4,12,2,3044.7206,2600,21,4,8
4647,18,9,2,3044.794,5000,21,10,20
4648,15,9,2,3045.9739,2700,21,10,20
4649,8,13,2,3046.176,4400,21,6,12
4650,3,9,2,3051.424,3300,21,4,6
4651,12,5,2,3052.1799,2400,21,8,17
4652,6,20,2,3053.2711,3700,21,5,10
4653,7,5,2,3053.3277,3500,21,6,11
4654,6,6,2,3054.5298,1800,21,5,10
4655,17,16,2,3054.8751,2900,21,10,20
4656,10,20,2,3055.2695,3700,21,7,14
4657,16,9,2,3055.4014,4200,21,10,20
4658,11,17,2,3056.0422,2900,21,8,15
4659,19,14,2,3056.32,1900,21,10,20
4660,15,6,2,3056.9872,4800,21,10,20
4661,13,13,2,3057.2978,1800,21,9,18
4662,4,6,2,3057.312,4500,21,4,8
4663,5,5,2,3057.9834,1200,21,5,9
4664,17,9,2,3058.1778,3900,21,10,20
4665,20,8,2,3058.2675,1300,21,10,20
4666,15,12,2,3058.5294,1600,21,10,20
4667,3,5,2,3059.3463,4400,21,4,6
4668,5,6,2,3059.4962,3400,21,5,9
4669,17,19,2,3060.0078,2300,21,10,20
4670,9,17,2,3061.6685,1100,21,7,13
4671,10,8,2,3063.2914,1000,21,7,14
4672,14,8,2,3063.3836,1900,21,9,19
4673,8,15,2,3064.8732,3600,21,6,12
4674,3,19,2,3065.0523,4900,21,4,6
4675,15,18,2,3067.1465,1400,21,10,20
4676,14,17,2,3069.1109,1200,21,9,19
4677,12,19,2,3069.183,1600,21,8,17
4678,19,6,2,3069.1891,3300,21,10,20
4679,3,15,2,3070.3343,1400,21,4,6
4680,10,20,2,3071.5774,4500,21,7,14
4681,16,6,2,3072.0887,1400,21,10,20
4682,17,7,2,3073.0545,2500,21,10,20
4683,8,5,2,3073.521,2800,21,6,12
4684,10,10,2,3074.1118,2800,21,7,14
4685,14,12,2,3074.6823,1700,21,9,19
4686,4,5,2,3076.0138,4200,21,4,8
4687,15,14,2,3076.408,3200,21,10,20
4688,5,5,2,3076.751,2700,21,5,9
4689,9,20,2,3076.8054,4300,21,7,13
4690,9,10,2,3076.899,3300,21,7,13
4691,3,14,2,3077.8951,4600,21,4,6
4692,9,6,2,3078.2418,3100,21,7,13
4693,9,5,2,3078.8677,3000,21,7,13
4694,9,15,2,3078.9808,2000,21,7,13
4695,16,8,2,3079.387,3400,21,10,20
4696,9,15,2,3083.2961,3900,21,7,13
4697,15,6,2,3084.1825,1500,21,10,20
4698,15,15,2,3084.3845,3900,21,10,20
4699,19,19,2,3084.4616,2400,21,10,20
4700,12,12,2,3084.4902,1100,21,8,17
4701,14,11,2,3084.6274,2800,21,9,19
4702,7,15,2,3084.6673,3300,21,6,11
4703,6,7,2,3085.2808,3400,21,5,10
4704,8,16,2,3085.9441,4600,21,6,12
4705,20,5,2,3087.3814,1200,21,10,20
4706,6,15,2,3088.5562,3500,21,5,10
4707,4,20,2,3088.7036,2200,21,4,8
4708,12,19,2,3090.169,1200,21,8,17
4709,3,20,2,3090.1818,4600,21,4,6
4710,16,10,2,3091.1947,3400,21,10,20
4711,14,11,2,3091.3463,1900,21,9,19
4712,9,11,2,3092.7005,4800,21,7,13
4713,10,17,2,3092.7812,2400,21,7,14
4714,20,18,2,3094.4893,2100,21,10,20
4715,11,18,2,3094.6871,4900,21,8,15
4716,6,7,2,3095.0729,2900,21,5,10
4717,14,11,2,3097.2876,1600,21,9,19
4718,4,11,2,3097.649,2500,21,4,8
4719,5,11,2,3097.8328,2600,21,5,9
4720,10,13,2,3098.7768,3400,21,7,14
4721,20,15,2,3099.7957,1200,21,10,20
4722,17,16,2,3099.9179,2500,21,10,20
4723,18,7,2,3100.4228,3200,21,10,20
4724,16,13,2,3100.6186,2300,21,10,20
4725,15,18,2,3101.1919,1100,21,10,20
4726,14,18,2,3101.1991,4100,21,9,19
4727,11,7,2,3102.1835,2600,21,8,15
4728,8,17,2,3102.2925,1200,21,6,12
4729,20,9,2,3103.1338,4000,21,10,20
4730,17,6,2,3103.3525,4000,21,10,20
4731,11,8,2,3103.3712,4100,21,8,15
4732,10,7,2,3103.8055,3700,21,7,14
4733,13,17,2,3104.5679,1900,21,9,18
4734,11,19,2,3107.3355,4000,21,8,15
4735,16,17,2,3108.0191,2000,21,10,20
4736,18,15,2,3108.1505,3400,21,10,20
4737,18,11,2,3109.6829,1800,21,10,20
4738,7,17,2,3109.8477,3700,21,6,11
4739,19,12,2,3110.3692,1200,21,10,20
4740,15,12,2,3111.4816,4600,21,10,20
4741,15,16,2,3112.0105,1600,21,10,20
4742,4,7,2,3113.1144,4000,21,4,8
4743,6,5,2,3114.443,3800,21,5,10
4744,7,6,2,3115.0117,1100,21,6,11
4745,8,8,2,3115.3679,1500,21,6,12
4746,20,7,2,3116.1992,4500,21,10,20
4747,7,16,2,3116.2075,3100,21,6,11
4748,15,10,2,3116.3278,1000,21,10,20
4749,9,10,2,3117.2059,2800,21,7,13
4750,14,20,2,3117.718,5000,21,9,19
4751,8,12,2,3117.8971,1700,21,6,12
4752,13,5,2,3117.9152,2000,21,9,18
4753,10,12,2,3118.0397,1800,21,7,14
4754,6,13,2,3119.4679,4700,21,5,10
4755,6,18,2,3120.0186,3700,21,5,10
4756,19,11,2,3120.6634,1700,21,10,20
4757,15,13,2,3121.0197,3100,21,10,20
4758,4,10,2,3121.3894,3900,21,4,8
4759,10,7,2,3121.7094,4800,21,7,14
4760,4,9,2,3122.1664,3000,21,4,8
4761,10,18,2,3125.5728,4800,21,7,14
4762,3,6,2,3127.8135,4900,21,4,6
4763,4,9,2,3128.2644,1700,21,4,8
4764,20,17,2,3128.7689,2600,21,10,20
4765,7,15,2,3128.8647,2000,21,6,11
4766,3,7,2,3130.009,4100,21,4,6
4767,6,11,2,3130.8918,3200,21,5,10
4768,6,5,2,3133.3292,1200,21,5,10
4769,13,12,2,3133.6722,3700,21,9,18
4770,5,19,2,3134.0563,2000,21,5,9
4771,14,14,2,3134.7136,2700,21,9,19
4772,3,18,2,3135.0516,2400,21,4,6
4773,12,20,2,3135.907,1900,21,8,17
4774,13,8,2,3136.0833,1600,21,9,18
4775,11,6,2,3136.2889,1700,21,8,15
4776,19,9,2,3136.4818,1100,21,10,20
4777,11,9,2,3136.7153,2900,21,8,15
4778,11,9,2,3136.7172,4600,21,8,15
4779,20,18,2,3136.9384,3700,21,10,20
4780,6,12,2,3137.0393,3600,21,5,10
4781,6,5,2,3137.2912,3300,21,5,10
4782,4,8,2,3139.4682,4300,21,4,8
4783,8,12,2,3141.3661,1900,21,6,12
4784,19,20,2,3141.6045,2400,21,10,20
4785,19,14,2,3142.8563,3400,21,10,20
4786,14,12,2,3143.4876,1800,21,9,19
4787,5,8,2,3143.8847,3400,21,5,9
4788,6,16,2,3144.1474,1700,21,5,10
4789,12,10,2,3144.8728,4600,21,8,17
4790,15,16,2,3147.0137,2000,21,10,20
4791,13,7,2,3147.1647,3300,21,9,18
4792,17,9,2,3147.5894,2700,21,10,20
4793,7,15,2,3147.6342,2400,21,6,11
4794,9,15,2,3147.7575,1600,21,7,13
4795,16,15,2,3150.7333,4800,21,10,20
4796,20,18,2,3152.009,1100,21,10,20
4797,6,7,2,3153.3584,2900,21,5,10
4798,14,7,2,3153.7415,2900,21,9,19
4799,20,7,2,3157.4685,5000,21,10,20
4800,19,20,2,3159.1317,2100,21,10,20
4801,6,18,2,3159.9228,4200,21,5,10
4802,14,7,2,3162.0467,2300,21,9,19
4803,18,18,2,3162.0469,1300,21,10,20
4804,19,18,2,3162.2008,4200,21,10,20
4805,19,18,2,3163.7473,4600,21,10,20
4806,18,13,2,3164.337,2500,21,10,20
4807,3,18,2,3164.5708,4800,21,4,6
4808,10,19,2,3165.4943,4600,21,7,14
4809,20,18,2,3165.5841,2100,21,10,20
4810,20,12,2,3165.9826,4500,21,10,20
4811,13,13,2,3166.9645,4000,21,9,18
4812,18,17,2,3167.1036,4600,21,10,20
4813,16,13,2,3167.1311,4800,21,10,20
4814,10,12,2,3168.4516,3900,21,7,14
4815,15,19,2,3170.0966,3300,21,10,20
4816,20,19,2,3170.4847,1300,21,10,20
4817,20,5,2,3170.9022,1600,21,10,20
4818,18,13,2,3171.9052,4700,21,10,20
4819,5,18,2,3173.2998,1600,21,5,9
4820,15,7,2,3173.5531,4000,21,10,20
4821,9,15,2,3175.1726,3700,21,7,13
4822,9,6,2,3175.6898,2400,21,7,13
4823,6,10,2,3177.3847,3000,21,5,10
4824,16,14,2,3177.5235,1000,21,10,20
4825,8,9,2,3177.7376,2900,21,6,12
4826,13,20,2,3179.0308,2200,21,9,18
4827,9,15,2,3179.7541,2600,21,7,13
4828,15,12,2,3180.6051,4500,21,10,20
4829,4,15,2,3180.6289,1200,21,4,8
4830,18,8,2,3180.6474,1200,21,10,20
4831,7,19,2,3181.1252,3100,21,6,11
4832,7,14,2,3181.3128,1100,21,6,11
4833,10,11,2,3181.5251,3600,21,7,14
4834,11,7,2,3182.0931,3700,21,8,15
4835,20,20,2,3182.8708,3700,21,10,20
4836,20,20,2,3183.214,5000,21,10,20
4837,15,19,2,3183.3812,2400,21,10,20
4838,17,11,2,3183.4365,1900,21,10,20
4839,7,14,2,3184.2377,3100,21,6,11
4840,13,12,2,3184.6523,4900,21,9,18
4841,11,9,2,3184.8609,4800,21,8,15
4842,16,9,2,3185.2595,4700,21,10,20
4843,8,11,2,3185.2817,3700,21,6,12
4844,3,14,2,3185.5158,2300,21,4,6
4845,10,10,2,3185.8989,2400,21,7,14
4846,5,18,2,3186.8865,3600,21,5,9
4847,19,8,2,3187.3123,3900,21,10,20
4848,13,9,2,3188.3624,4400,21,9,18
4849,3,10,2,3190.1134,3300,21,4,6
4850,7,8,2,3191.0837,3600,21,6,11
4851,15,20,2,3191.4421,4500,21,10,20
4852,13,6,2,3191.5936,2700,21,9,18
4853,15,16,2,3191.9285,3700,21,10,20
4854,10,19,2,3192.0858,4400,21,7,14
4855,10,12,2,3192.1966,1400,21,7,14
4856,18,5,2,3192.2679,1900,21,10,20
4857,19,6,2,3192.5302,2000,21,10,20
4858,3,9,2,3194.0308,1700,21,4,6
4859,18,19,2,3194.3087,4500,21,10,20
4860,20,8,2,3194.5465,1100,21,10,20
4861,6,18,2,3194.9866,2900,21,5,10
4862,4,18,2,3195.8914,3500,21,4,8
4863,4,6,2,3196.0076,4600,21,4,8
4864,14,11,2,3197.0119,5000,21,9,19
4865,17,10,2,3197.3606,2500,21,10,20
4866,3,6,2,3198.002,3600,21,4,6
4867,16,9,2,3199.1943,1600,21,10,20
4868,19,10,2,3199.6688,4500,21,10,20
4869,7,19,2,3201.0038,4500,21,6,11
4870,15,10,2,3202.902,2800,21,10,20
4871,19,5,2,3203.5238,2700,21,10,20
4872,3,8,2,3203.7389,2100,21,4,6
4873,11,7,2,3203.7615,4900,21,8,15
4874,12,6,2,3203.9282,3800,21,8,17
4875,7,11,2,3205.4185,3600,21,6,11
4876,5,17,2,3205.8123,3800,21,5,9
4877,8,15,2,3206.3543,3100,21,6,12
4878,19,19,2,3207.5647,1700,21,10,20
4879,13,6,2,3207.6453,4200,21,9,18
4880,7,19,2,3208.5091,3100,21,6,11
4881,19,17,2,3208.6614,3400,21,10,20
4882,4,14,2,3208.758,3000,21,4,8
4883,10,18,2,3208.9242,4000,21,7,14
4884,9,19,2,3210.3683,2400,21,7,13
4885,6,7,2,3211.4478,2100,21,5,10
4886,11,14,2,3211.9987,3600,21,8,15
4887,7,15,2,3213.3166,1100,21,6,11
4888,3,17,2,3213.8011,4300,21,4,6
4889,13,16,2,3215.2868,1000,21,9,18
4890,19,18,2,3215.4928,1500,21,10,20
4891,3,5,2,3216.3531,3300,21,4,6
4892,17,6,2,3216.5405,2500,21,10,20
4893,4,8,2,3217.0096,1800,21,4,8
4894,17,17,2,3217.3868,2000,21,10,20
4895,16,20,2,3219.3135,1800,21,10,20
4896,10,18,2,3219.4603,2900,21,7,14
4897,13,16,2,3219.8943,1200,21,9,18
4898,20,10,2,3220.4405,4600,21,10,20
4899,20,14,2,3222.1627,2400,21,10,20
4900,8,18,2,3222.7207,2700,21,6,12
4901,20,19,2,3222.8464,2400,21,10,20
4902,17,10,2,3223.0726,4000,21,10,20
4903,9,16,2,3223.7311,4000,21,7,13
4904,9,14,2,3223.863,3100,21,7,13
4905,7,16,2,3223.8903,2900,21,6,11
4906,9,16,2,3224.7309,1700,21,7,13
4907,13,19,2,3225.3897,1400,21,9,18
4908,6,7,2,3227.033,1700,21,5,10
4909,9,12,2,3227.0401,4900,21,7,13
4910,8,15,2,3227.2174,2300,21,6,12
4911,5,17,2,3227.4865,4000,21,5,9
4912,20,6,2,3228.5199,4300,21,10,20
4913,12,9,2,3229.0244,3500,21,8,17
4914,5,8,2,3230.4092,3300,21,5,9
4915,17,11,2,3230.4851,3200,21,10,20
4916,7,12,2,3230.8127,4500,21,6,11
4917,3,16,2,3231.052,1900,21,4,6
4918,14,5,2,3231.3803,4100,21,9,19
4919,14,16,2,3231.4635,1200,21,9,19
4920,8,11,2,3233.281,2100,21,6,12
4921,20,10,2,3234.9512,2700,21,10,20
4922,17,9,2,3235.0111,1500,21,10,20
4923,9,15,2,3235.0614,4400,21,7,13
4924,18,10,2,3236.2849,3700,21,10,20
4925,14,14,2,3237.5539,3600,21,9,19
4926,8,12,2,3238.2559,3000,21,6,12
4927,16,8,2,3238.3317,1600,21,10,20
4928,13,12,2,3238.3355,4400,21,9,18
4929,3,8,2,3238.7459,3700,21,4,6
4930,16,16,2,3240.99,4700,21,10,20
4931,13,13,2,3241.9599,3700,21,9,18
4932,19,7,2,3242.4071,4300,21,10,20
4933,3,14,2,3243.3264,1400,21,4,6
4934,10,19,2,3244.8135,1900,21,7,14
4935,15,18,2,3248.0928,1000,21,10,20
4936,12,5,2,3249.3423,1400,21,8,17
4937,9,9,2,3249.3633,2700,21,7,13
4938,12,11,2,3249.6964,2300,21,8,17
4939,10,11,2,3250.4509,2800,21,7,14
4940,13,19,2,3251.9965,2300,21,9,18
4941,6,9,2,3252.5495,3100,21,5,10
4942,4,5,2,3253.3298,4700,21,4,8
4943,9,9,2,3253.6929,3000,21,7,13
4944,18,14,2,3253.89,4100,21,10,20
4945,9,16,2,3254.0004,1200,21,7,13
4946,13,5,2,3254.3879,1300,21,9,18
4947,14,19,2,3254.6174,4400,21,9,19
4948,4,17,2,3254.6814,2900,21,4,8
4949,3,11,2,3254.8242,3200,21,4,6
4950,18,11,2,3254.9024,1700,21,10,20
4951,12,16,2,3255.4976,3300,21,8,17
4952,4,19,2,3256.1708,2900,21,4,8
4953,3,5,2,3257.7039,3000,21,4,6
4954,10,7,2,3257.97,1500,21,7,14
4955,20,18,2,3258.2786,1400,21,10,20
4956,9,12,2,3258.8879,2300,21,7,13
4957,8,13,2,3260.661,3800,21,6,12
4958,20,12,2,3261.2113,2400,21,10,20
4959,16,19,2,3261.4161,1900,21,10,20
4960,3,9,2,3261.8171,3900,21,4,6
4961,9,19,2,3262.1247,2400,21,7,13
4962,9,18,2,3262.2679,4700,21,7,13
4963,15,6,2,3263.5084,5000,21,10,20
4964,5,11,2,3265.8584,3000,21,5,9
4965,19,18,2,3266.2278,3900,21,10,20
4966,5,20,2,3266.5715,4200,21,5,9
4967,13,10,2,3267.1161,1900,21,9,18
4968,15,9,2,3268.2197,4800,21,10,20
4969,8,16,2,3268.2536,3200,21,6,12
4970,7,15,2,3268.3013,3900,21,6,11
4971,8,8,2,3268.5105,5000,21,6,12
4972,15,18,2,3268.6468,2100,21,10,20
4973,15,15,2,3270.1789,3100,21,10,20
4974,16,18,2,3270.4119,4800,21,10,20
4975,15,10,2,3271.9557,4600,21,10,20
4976,8,19,2,3273.3468,4800,21,6,12
4977,15,15,2,3273.8388,4200,21,10,20
4978,12,16,2,3274.291,4500,21,8,17
4979,7,10,2,3274.958,4700,21,6,11
4980,6,18,2,3275.6201,3500,21,5,10
4981,8,20,2,3277.8379,3300,21,6,12
4982,5,12,2,3278.9359,3600,21,5,9
4983,9,12,2,3278.9379,2800,21,7,13
4984,9,16,2,3280.8289,1200,21,7,13
4985,16,18,2,3281.1048,3500,21,10,20
4986,7,7,2,3281.2095,1000,21,6,11
4987,11,7,2,3281.4085,2000,21,8,15
4988,10,16,2,3282.2466,2200,21,7,14
4989,3,20,2,3282.476,4700,21,4,6
4990,15,10,2,3282.5593,3800,21,10,20
4991,15,14,2,3282.6618,1200,21,10,20
4992,6,17,2,3282.7367,1800,21,5,10
4993,5,17,2,3282.8671,3900,21,5,9
4994,13,17,2,3283.5056,1600,21,9,18
4995,12,7,2,3283.9147,2100,21,8,17
4996,8,18,2,3284.8971,3400,21,6,12
4997,4,11,2,3285.3149,2500,21,4,8
4998,13,19,2,3285.6678,3900,21,9,18
4999,14,6,2,3286.2434,2000,21,9,19