job_id,num_qubits,depth,priority,arrival_time,num_shots,req_iterations,cpu_units,mem_bw
0,11,13,2,0.4527,5000,10,8,15
1,19,12,2,0.5973,4700,6,10,20
2,18,14,2,0.8293,3200,6,10,20
3,18,10,2,1.6495,3000,10,10,20
4,12,11,2,3.1156,4300,6,8,17
5,13,17,2,3.82,3600,8,9,18
6,15,17,2,6.0208,3600,6,10,20
7,13,12,2,6.0295,3800,10,9,18
8,19,20,2,6.7726,4400,10,10,20
9,24,17,2,6.8952,4200,8,10,20
10,16,13,2,7.301,3900,6,10,20
11,24,13,2,7.8684,4000,10,10,20
12,18,17,2,8.5198,3400,9,10,20
13,23,11,2,8.7613,3000,7,10,20
14,23,15,2,9.6134,3400,7,10,20
15,22,20,2,10.5883,4500,10,10,20
16,19,17,2,11.8094,3400,9,10,20
17,13,10,2,11.8984,4500,10,9,18
18,15,20,2,12.4366,3900,6,10,20
19,13,13,2,12.5032,3300,9,9,18
20,18,14,2,14.4093,4100,6,10,20
21,25,15,2,15.1361,4900,8,10,20
22,16,16,2,15.5111,3200,8,10,20
23,10,16,2,16.3807,4200,7,7,14
24,15,14,2,16.4,3700,6,10,20
25,24,12,2,16.7898,5000,9,10,20
26,20,18,2,17.2282,4600,9,10,20
27,22,18,2,17.4807,4700,9,10,20
28,13,13,2,18.218,3000,9,9,18
29,19,18,2,20.4986,3000,10,10,20
30,10,11,2,21.6049,4800,8,7,14
31,13,19,2,22.835,4200,8,9,18
32,17,11,2,23.7964,3100,9,10,20
33,10,12,2,24.8108,4300,10,7,14
34,25,11,2,25.2526,4900,6,10,20
35,15,19,2,25.4714,4500,8,10,20
36,14,11,2,25.9308,4900,7,9,19
37,24,15,2,28.1684,4200,9,10,20
38,21,13,2,28.8502,3100,10,10,20
39,15,14,2,29.6084,3100,8,10,20
40,21,18,2,29.9234,3500,10,10,20
41,21,19,2,30.4376,4300,10,10,20
42,25,13,2,31.9274,4000,7,10,20
43,22,15,2,34.1119,3400,7,10,20
44,12,11,2,34.5323,4400,8,8,17
45,20,10,2,35.6604,4500,7,10,20
46,10,11,2,37.1119,5000,10,7,14
47,13,20,2,37.4072,4900,9,9,18
48,20,20,2,38.6944,4200,10,10,20
49,22,17,2,39.5884,3300,9,10,20
50,10,12,2,39.6954,4600,8,7,14
51,12,11,2,39.7881,4100,10,8,17
52,15,11,2,40.0919,3600,10,10,20
53,22,19,2,40.2133,4700,10,10,20
54,11,11,2,40.6958,3100,10,8,15
55,11,12,2,41.0544,4600,8,8,15
56,13,12,2,41.2971,4700,9,9,18
57,17,19,2,41.7758,3300,6,10,20
58,25,18,2,42.8722,3700,10,10,20
59,18,13,2,43.1044,4200,6,10,20
60,18,16,2,43.1182,4800,8,10,20
61,12,17,2,44.6382,3800,7,8,17
62,14,13,2,44.8473,4800,7,9,19
63,18,10,2,45.5027,3900,6,10,20
64,15,16,2,45.5225,3200,6,10,20
65,23,18,2,45.5676,4400,7,10,20
66,13,17,2,45.9359,4700,10,9,18
67,15,15,2,46.2882,3700,6,10,20
68,14,20,2,46.4037,3300,9,9,19
69,23,14,2,46.6447,5000,7,10,20
70,21,20,2,46.9735,4800,9,10,20
71,12,17,2,47.2248,4000,10,8,17
72,14,13,2,48.2369,3000,10,9,19
73,13,12,2,49.1308,3800,8,9,18
74,11,15,2,52.1271,4900,9,8,15
75,17,20,2,52.2452,4700,10,10,20
76,18,15,2,52.8122,3500,8,10,20
77,14,19,2,53.2976,3600,7,9,19
78,11,10,2,53.553,3200,9,8,15
79,13,20,2,53.894,4800,10,9,18
80,14,17,2,54.7729,4600,10,9,19
81,17,19,2,55.8844,4100,10,10,20
82,16,18,2,56.3487,4700,9,10,20
83,24,14,2,57.7685,4800,7,10,20
84,23,10,2,57.8217,3700,8,10,20
85,13,13,2,61.0987,5000,7,9,18
86,16,19,2,63.2438,4300,7,10,20
87,16,19,2,63.2632,3100,10,10,20
88,10,14,2,63.3108,4200,9,7,14
89,16,20,2,63.3303,4100,7,10,20
90,10,10,2,64.3068,3200,8,7,14
91,16,17,2,65.1265,3000,10,10,20
92,20,20,2,65.1547,4000,8,10,20
93,16,11,2,65.4306,4000,6,10,20
94,17,15,2,66.6811,3800,10,10,20
95,17,12,2,66.7965,4700,10,10,20
96,16,13,2,67.2208,4900,9,10,20
97,10,18,2,68.1578,4300,8,7,14
98,12,10,2,68.3103,4800,8,8,17
99,18,20,2,68.7268,3700,7,10,20
100,10,14,2,69.4157,4700,6,7,14
101,10,17,2,69.743,4800,6,7,14
102,22,12,2,70.1127,3200,8,10,20
103,22,11,2,70.2805,3000,10,10,20
104,17,11,2,71.7294,5000,9,10,20
105,19,12,2,71.9491,3900,10,10,20
106,21,11,2,72.1783,3600,8,10,20
107,15,17,2,72.6691,3100,10,10,20
108,18,19,2,74.9022,3000,7,10,20
109,11,16,2,76.6878,3400,8,8,15
110,20,16,2,78.622,4800,7,10,20
111,17,12,2,78.6351,3500,6,10,20
112,15,17,2,78.6566,3800,6,10,20
113,21,18,2,78.8239,4400,10,10,20
114,19,17,2,79.6553,4000,6,10,20
115,11,11,2,81.067,3000,9,8,15
116,17,13,2,81.0696,3600,6,10,20
117,14,20,2,82.4089,3000,10,9,19
118,18,14,2,83.9174,3100,8,10,20
119,12,16,2,85.1823,4400,9,8,17
120,13,19,2,85.2304,4800,7,9,18
121,15,18,2,85.6356,4600,6,10,20
122,16,14,2,86.3099,3500,10,10,20
123,11,11,2,87.8757,3400,9,8,15
124,24,12,2,87.9585,3300,8,10,20
125,18,17,2,88.051,4700,8,10,20
126,18,15,2,88.1633,4000,10,10,20
127,12,13,2,88.6165,4000,10,8,17
128,10,14,2,89.4586,4000,7,7,14
129,23,10,2,90.2595,4600,8,10,20
130,11,16,2,90.2681,4000,10,8,15
131,10,14,2,90.917,3000,7,7,14
132,24,13,2,90.9399,4200,8,10,20
133,11,15,2,91.2798,4800,9,8,15
134,14,18,2,94.5384,3100,8,9,19
135,14,18,2,95.0295,3600,9,9,19
136,18,11,2,95.2336,3200,10,10,20
137,15,15,2,95.2793,3500,10,10,20
138,11,10,2,95.6517,3100,8,8,15
139,16,16,2,96.7051,4400,7,10,20
140,24,19,2,97.1105,4900,9,10,20
141,24,11,2,97.632,3900,7,10,20
142,25,15,2,97.6644,3800,10,10,20
143,22,12,2,98.5958,4100,7,10,20
144,10,17,2,98.9122,3300,10,7,14
145,23,17,2,99.0572,3000,10,10,20
146,19,15,2,99.0935,4400,6,10,20
147,24,13,2,99.6171,3100,9,10,20
148,25,15,2,100.1301,4800,8,10,20
149,17,12,2,100.2373,4700,10,10,20
150,24,12,2,100.4588,4500,8,10,20
151,22,14,2,101.5107,3300,9,10,20
152,18,12,2,102.548,4000,9,10,20
153,23,18,2,103.2345,4300,10,10,20
154,10,20,2,103.6202,4500,6,7,14
155,12,17,2,103.9233,4000,9,8,17
156,22,18,2,104.2122,3800,8,10,20
157,16,15,2,104.3764,3800,6,10,20
158,17,18,2,105.2567,3900,10,10,20
159,13,20,2,106.2055,3600,6,9,18
160,21,11,2,106.9048,4400,8,10,20
161,14,15,2,107.3379,4600,9,9,19
162,11,10,2,107.7069,3200,7,8,15
163,17,10,2,107.9277,4300,6,10,20
164,11,13,2,108.0617,4900,6,8,15
165,23,20,2,108.7311,4400,9,10,20
166,16,10,2,109.0026,4300,8,10,20
167,11,12,2,110.383,5000,10,8,15
168,22,15,2,111.1733,3200,10,10,20
169,18,11,2,111.3405,3100,7,10,20
170,20,18,2,111.3963,4000,6,10,20
171,10,12,2,112.0043,3100,8,7,14
172,19,16,2,112.4502,4300,6,10,20
173,13,10,2,112.8652,3700,9,9,18
174,22,20,2,113.7282,4200,7,10,20
175,22,18,2,114.6988,4900,8,10,20
176,14,19,2,117.0648,3900,6,9,19
177,22,15,2,119.4765,3300,9,10,20
178,19,15,2,119.4936,3800,8,10,20
179,23,20,2,119.9695,3800,9,10,20
180,20,14,2,120.1135,4800,8,10,20
181,12,19,2,120.677,3800,6,8,17
182,22,10,2,121.2333,4800,7,10,20
183,16,16,2,122.084,3200,8,10,20
184,24,11,2,122.6201,4000,6,10,20
185,24,18,2,124.1696,4900,10,10,20
186,24,20,2,126.3613,4100,8,10,20
187,25,10,2,126.39,4400,6,10,20
188,21,18,2,127.4307,4200,10,10,20
189,20,10,2,127.4519,4800,6,10,20
190,16,17,2,127.533,3500,7,10,20
191,18,11,2,128.0547,3500,8,10,20
192,24,13,2,128.4282,3000,6,10,20
193,12,10,2,128.5647,4500,10,8,17
194,16,13,2,130.0339,4700,7,10,20
195,10,12,2,130.3747,4600,6,7,14
196,14,15,2,130.3912,4200,6,9,19
197,17,14,2,130.8302,4700,6,10,20
198,22,12,2,132.8501,3300,10,10,20
199,11,19,2,132.9237,3300,9,8,15
200,13,20,2,133.6413,3300,10,9,18
201,15,11,2,133.8459,3300,7,10,20
202,13,15,2,134.2566,3400,8,9,18
203,25,11,2,137.0641,3200,10,10,20
204,10,20,2,137.0856,4500,9,7,14
205,18,13,2,137.2238,3400,8,10,20
206,20,18,2,137.9619,4400,9,10,20
207,22,12,2,138.1728,4900,6,10,20
208,13,16,2,138.371,3300,6,9,18
209,25,18,2,138.9763,3800,7,10,20
210,11,12,2,139.2718,3600,6,8,15
211,24,13,2,139.3093,4800,7,10,20
212,17,19,2,139.7979,3300,7,10,20
213,25,16,2,139.9608,3800,7,10,20
214,23,17,2,140.0556,3300,7,10,20
215,25,16,2,140.7089,5000,7,10,20
216,13,10,2,142.7388,3900,10,9,18
217,17,15,2,143.3717,3300,6,10,20
218,21,11,2,145.404,3400,7,10,20
219,18,13,2,145.5971,3700,10,10,20
220,23,13,2,146.6646,4100,8,10,20
221,23,19,2,147.481,5000,10,10,20
222,15,12,2,147.64,3000,8,10,20
223,19,10,2,147.8809,4700,7,10,20
224,13,16,2,149.6426,3900,10,9,18
225,17,12,2,150.9905,4600,8,10,20
226,19,19,2,151.4911,4200,10,10,20
227,12,16,2,151.963,3200,7,8,17
228,24,18,2,152.0934,3900,9,10,20
229,17,14,2,152.8704,3100,10,10,20
230,11,17,2,153.3423,3600,9,8,15
231,21,17,2,154.3711,4400,6,10,20
232,23,10,2,155.2829,3400,10,10,20
233,16,12,2,156.1955,3100,7,10,20
234,13,16,2,156.3713,3500,10,9,18
235,19,19,2,158.0254,3700,9,10,20
236,16,19,2,158.4699,3800,7,10,20
237,22,14,2,159.669,4900,6,10,20
238,20,15,2,160.8414,3600,9,10,20
239,10,19,2,161.0674,3500,7,7,14
240,13,19,2,161.4507,3800,6,9,18
241,12,10,2,162.6193,4600,8,8,17
242,25,16,2,162.8267,4200,8,10,20
243,20,12,2,165.3305,4300,7,10,20
244,10,16,2,165.6023,4000,8,7,14
245,18,11,2,165.7071,4700,8,10,20
246,25,18,2,165.8658,4000,6,10,20
247,24,16,2,166.6918,4000,6,10,20
248,11,19,2,168.9016,3400,6,8,15
249,20,17,2,169.1405,4700,8,10,20
250,21,12,2,169.2556,4000,8,10,20
251,14,11,2,169.7855,4700,9,9,19
252,10,19,2,169.8066,4900,8,7,14
253,18,17,2,170.2619,4800,10,10,20
254,19,14,2,170.294,4300,9,10,20
255,10,20,2,172.0499,3500,10,7,14
256,13,14,2,172.9496,4400,9,9,18
257,20,15,2,173.2775,3600,7,10,20
258,22,20,2,177.0772,3800,7,10,20
259,24,20,2,177.1561,4200,7,10,20
260,20,20,2,177.238,4800,7,10,20
261,18,10,2,177.9924,4500,9,10,20
262,23,15,2,179.3277,3500,8,10,20
263,17,18,2,179.457,3600,9,10,20
264,18,16,2,181.0623,4800,7,10,20
265,15,13,2,181.9713,4000,6,10,20
266,13,12,2,181.9932,3100,6,9,18
267,25,12,2,182.2063,4500,10,10,20
268,19,14,2,182.3488,4800,7,10,20
269,12,17,2,182.6649,4700,9,8,17
270,17,19,2,182.8349,3900,6,10,20
271,18,10,2,184.8816,4300,8,10,20
272,19,18,2,184.9277,3100,7,10,20
273,24,11,2,185.265,4300,8,10,20
274,21,12,2,185.5571,4500,6,10,20
275,10,18,2,185.9205,4600,10,7,14
276,20,15,2,186.2688,3100,10,10,20
277,25,12,2,186.7095,3300,10,10,20
278,25,11,2,187.695,3000,8,10,20
279,10,19,2,187.8102,5000,7,7,14
280,20,13,2,187.9472,4100,10,10,20
281,11,15,2,189.5644,3500,10,8,15
282,25,18,2,189.5701,4900,10,10,20
283,17,17,2,189.7284,3900,10,10,20
284,11,16,2,191.4262,3300,8,8,15
285,11,16,2,191.685,3200,6,8,15
286,24,14,2,192.3865,3100,10,10,20
287,17,20,2,193.3804,5000,6,10,20
288,14,14,2,193.4789,5000,6,9,19
289,14,14,2,193.7202,4200,6,9,19
290,16,10,2,193.869,3500,10,10,20
291,13,15,2,196.2299,4200,9,9,18
292,10,10,2,196.8803,3800,6,7,14
293,24,12,2,196.9297,3500,10,10,20
294,24,11,2,201.6511,4200,10,10,20
295,14,18,2,202.8978,4400,6,9,19
296,16,15,2,204.0656,3200,10,10,20
297,22,19,2,205.0345,4300,9,10,20
298,17,10,2,205.2461,3500,10,10,20
299,24,18,2,205.8171,4000,8,10,20
300,18,11,2,206.9699,4700,10,10,20
301,14,13,2,207.5498,3600,8,9,19
302,22,16,2,207.9614,3300,10,10,20
303,11,14,2,208.5611,4400,6,8,15
304,13,13,2,209.6974,4800,6,9,18
305,24,17,2,209.7859,4400,7,10,20
306,10,13,2,210.6916,3200,9,7,14
307,16,17,2,210.9533,4400,9,10,20
308,18,11,2,211.2439,4800,7,10,20
309,16,18,2,211.9977,4900,9,10,20
310,10,10,2,212.0937,4900,10,7,14
311,11,10,2,212.9269,3800,6,8,15
312,17,18,2,213.1903,3400,10,10,20
313,12,18,2,213.8343,3700,8,8,17
314,15,17,2,213.9378,3000,8,10,20
315,18,15,2,214.5954,4500,8,10,20
316,13,15,2,214.7284,4200,7,9,18
317,13,19,2,214.9548,3600,7,9,18
318,25,14,2,215.9169,4100,6,10,20
319,22,15,2,216.4942,3500,8,10,20
320,14,17,2,217.6059,3100,6,9,19
321,24,19,2,217.6299,5000,8,10,20
322,10,11,2,218.4611,4300,6,7,14
323,19,18,2,219.0128,3200,10,10,20
324,14,10,2,219.8711,3100,9,9,19
325,12,19,2,220.4767,4800,6,8,17
326,14,18,2,220.7375,4500,10,9,19
327,17,14,2,221.5262,4200,9,10,20
328,19,15,2,221.5556,3700,6,10,20
329,23,10,2,222.3364,3200,6,10,20
330,10,15,2,222.5801,4200,8,7,14
331,15,20,2,222.6142,4100,8,10,20
332,20,10,2,223.5644,3800,7,10,20
333,15,17,2,224.0352,4400,8,10,20
334,24,10,2,224.4095,4000,8,10,20
335,12,10,2,225.8857,3100,7,8,17
336,22,12,2,226.4217,4100,6,10,20
337,24,20,2,226.6039,3000,7,10,20
338,16,16,2,227.0947,3000,7,10,20
339,13,16,2,228.4232,4500,10,9,18
340,23,17,2,228.9313,4700,10,10,20
341,14,16,2,229.2225,3800,8,9,19
342,13,17,2,230.1483,3100,10,9,18
343,18,15,2,233.0833,4100,9,10,20
344,13,14,2,233.5939,4600,10,9,18
345,18,18,2,235.3425,3300,9,10,20
346,23,15,2,236.7114,3500,10,10,20
347,15,13,2,236.915,3300,8,10,20
348,16,18,2,237.1771,3800,9,10,20
349,24,16,2,237.2054,3500,10,10,20
350,10,10,2,237.5987,4300,8,7,14
351,20,12,2,240.3128,4700,9,10,20
352,14,14,2,240.7635,5000,10,9,19
353,13,15,2,241.1342,3200,7,9,18
354,19,16,2,241.6021,4900,10,10,20
355,25,13,2,242.3699,3700,10,10,20
356,23,13,2,242.56,4200,7,10,20
357,17,17,2,243.027,4400,7,10,20
358,14,12,2,243.8115,4200,8,9,19
359,25,13,2,243.9003,3000,7,10,20
360,17,10,2,244.7649,4500,10,10,20
361,22,17,2,245.1221,4100,10,10,20
362,12,18,2,245.513,3100,9,8,17
363,15,13,2,246.7999,3200,6,10,20
364,13,17,2,247.1362,3900,7,9,18
365,22,11,2,247.3866,4500,7,10,20
366,12,11,2,249.3872,3800,6,8,17
367,20,11,2,251.5365,3200,7,10,20
368,21,13,2,252.5039,5000,7,10,20
369,18,10,2,252.9371,4600,10,10,20
370,10,19,2,253.503,3300,9,7,14
371,12,13,2,254.5877,4400,8,8,17
372,18,15,2,256.6862,4800,10,10,20
373,17,16,2,257.0475,3300,10,10,20
374,16,10,2,258.0681,4800,9,10,20
375,18,18,2,258.7857,5000,6,10,20
376,13,11,2,259.1931,5000,10,9,18
377,19,14,2,259.2817,4700,9,10,20
378,18,15,2,260.0011,3100,6,10,20
379,23,18,2,260.8866,4700,8,10,20
380,12,16,2,261.9776,4900,8,8,17
381,21,12,2,262.2041,3000,7,10,20
382,16,13,2,262.9786,4300,8,10,20
383,20,12,2,263.3752,4600,6,10,20
384,13,19,2,263.5565,4100,10,9,18
385,14,19,2,263.5701,3000,8,9,19
386,25,14,2,263.8219,3900,8,10,20
387,25,19,2,264.0523,3300,7,10,20
388,15,10,2,264.129,3500,10,10,20
389,11,17,2,264.5138,4500,6,8,15
390,23,13,2,265.5359,4100,7,10,20
391,24,19,2,265.7692,3500,10,10,20
392,12,17,2,265.8059,3000,9,8,17
393,13,19,2,266.2402,4900,7,9,18
394,18,19,2,267.5593,4000,6,10,20
395,18,12,2,268.4717,4300,10,10,20
396,18,10,2,268.5672,3800,9,10,20
397,20,14,2,270.1407,3800,6,10,20
398,12,10,2,270.2545,4400,7,8,17
399,19,16,2,270.2547,3800,9,10,20
400,22,20,2,270.7406,4600,10,10,20
401,21,17,2,271.2877,3500,6,10,20
402,20,15,2,272.5116,3900,8,10,20
403,19,10,2,272.5152,4100,8,10,20
404,17,18,2,273.1281,4500,6,10,20
405,18,12,2,273.7016,3300,6,10,20
406,21,17,2,273.8801,4100,6,10,20
407,17,20,2,274.0475,4600,10,10,20
408,13,13,2,274.2254,3400,8,9,18
409,11,12,2,274.4692,4200,7,8,15
410,25,10,2,275.3657,4200,8,10,20
411,18,15,2,275.6184,3600,8,10,20
412,24,17,2,275.6876,5000,6,10,20
413,14,18,2,276.7855,4700,9,9,19
414,20,10,2,276.84,4600,6,10,20
415,15,15,2,277.5611,4100,7,10,20
416,24,14,2,278.0335,4900,10,10,20
417,18,12,2,278.6408,3900,9,10,20
418,19,10,2,278.9379,4800,7,10,20
419,15,17,2,279.1665,4500,6,10,20
420,16,14,2,279.5183,4200,9,10,20
421,18,17,2,279.6817,3800,10,10,20
422,20,17,2,280.1381,4500,8,10,20
423,16,10,2,280.6193,4000,8,10,20
424,12,13,2,281.1902,5000,8,8,17
425,24,19,2,281.91,3600,9,10,20
426,17,12,2,282.2064,3000,10,10,20
427,22,10,2,282.7471,3200,7,10,20
428,23,12,2,283.3726,4000,6,10,20
429,12,20,2,284.3567,3600,8,8,17
430,11,14,2,288.1939,3800,9,8,15
431,10,16,2,288.9306,4300,8,7,14
432,15,19,2,289.9144,4100,9,10,20
433,23,19,2,290.1318,4200,8,10,20
434,15,14,2,290.6992,5000,10,10,20
435,24,13,2,296.0625,4900,7,10,20
436,13,19,2,296.2812,3700,9,9,18
437,14,11,2,296.585,3300,8,9,19
438,18,20,2,298.2511,3300,8,10,20
439,20,16,2,298.8961,4400,9,10,20
440,12,20,2,299.5542,4600,8,8,17
441,11,17,2,299.6378,3900,7,8,15
442,25,18,2,299.6921,3800,8,10,20
443,15,18,2,300.7868,3100,9,10,20
444,17,12,2,301.1335,5000,7,10,20
445,10,20,2,301.3497,3100,7,7,14
446,21,14,2,301.7978,3400,10,10,20
447,10,17,2,301.9401,4900,9,7,14
448,11,10,2,302.8104,4800,9,8,15
449,18,20,2,303.0866,4600,9,10,20
450,12,12,2,304.7275,5000,8,8,17
451,23,19,2,306.4552,3700,10,10,20
452,19,15,2,306.6089,3300,9,10,20
453,22,14,2,309.3753,3200,7,10,20
454,18,13,2,310.1248,3900,6,10,20
455,21,18,2,310.8663,3000,7,10,20
456,25,12,2,310.9397,3800,7,10,20
457,16,18,2,316.2762,4400,10,10,20
458,22,15,2,316.2898,3000,6,10,20
459,14,20,2,316.7666,3900,10,9,19
460,19,17,2,317.3764,3000,7,10,20
461,23,10,2,317.8018,3300,6,10,20
462,21,19,2,318.2599,3400,10,10,20
463,13,20,2,318.3388,3500,6,9,18
464,15,13,2,318.3462,3800,10,10,20
465,18,10,2,319.3828,4400,8,10,20
466,18,11,2,319.5253,4500,10,10,20
467,20,14,2,320.0824,4700,6,10,20
468,19,15,2,320.2513,3900,10,10,20
469,12,19,2,320.3291,4300,7,8,17
470,23,14,2,321.2427,3300,10,10,20
471,22,15,2,321.8985,4500,6,10,20
472,20,18,2,322.8822,4000,8,10,20
473,23,11,2,323.2064,4800,8,10,20
474,24,19,2,323.6128,5000,9,10,20
475,17,11,2,324.667,3200,7,10,20
476,21,16,2,325.9489,3500,10,10,20
477,15,17,2,326.1487,4900,8,10,20
478,10,15,2,326.1513,3100,6,7,14
479,10,11,2,328.2049,3900,8,7,14
480,17,13,2,330.5189,3200,10,10,20
481,25,20,2,331.1575,4400,10,10,20
482,13,13,2,332.1469,4600,9,9,18
483,21,11,2,334.0424,3700,8,10,20
484,19,12,2,335.1449,4100,8,10,20
485,20,10,2,335.4019,4300,6,10,20
486,13,14,2,335.8971,3500,10,9,18
487,13,15,2,336.1721,3300,6,9,18
488,18,20,2,336.7099,4900,6,10,20
489,20,16,2,337.3681,3100,7,10,20
490,21,12,2,337.6714,3200,8,10,20
491,12,12,2,338.5245,4700,6,8,17
492,24,18,2,339.4714,3300,8,10,20
493,14,10,2,339.907,4900,9,9,19
494,13,19,2,341.8783,4300,8,9,18
495,25,12,2,341.9989,4400,6,10,20
496,23,19,2,344.1595,3400,9,10,20
497,22,18,2,345.2965,3800,9,10,20
498,23,10,2,345.3813,3600,7,10,20
499,14,10,2,345.506,3400,6,9,19
500,22,17,2,346.093,4500,6,10,20
501,24,11,2,346.2966,4400,9,10,20
502,20,13,2,346.8676,4600,6,10,20
503,13,15,2,347.0208,4200,10,9,18
504,14,14,2,347.2906,3300,6,9,19
505,22,19,2,348.8967,4500,8,10,20
506,15,17,2,349.6719,3300,8,10,20
507,22,14,2,349.9009,3800,9,10,20
508,11,10,2,350.3152,3700,7,8,15
509,15,17,2,350.9315,3800,6,10,20
510,19,16,2,351.8361,4000,10,10,20
511,18,19,2,352.9767,4000,9,10,20
512,15,18,2,353.4459,3200,8,10,20
513,15,11,2,353.4701,3800,8,10,20
514,23,17,2,354.1881,3800,9,10,20
515,23,13,2,354.3462,4400,8,10,20
516,19,18,2,354.6186,4300,6,10,20
517,22,20,2,354.6915,4200,8,10,20
518,14,19,2,356.6351,3700,8,9,19
519,17,15,2,357.0552,4100,7,10,20
520,21,20,2,357.7261,3100,8,10,20
521,19,15,2,358.1385,4000,6,10,20
522,15,19,2,358.6707,5000,10,10,20
523,16,18,2,358.9386,3700,10,10,20
524,23,17,2,358.9636,4900,6,10,20
525,22,20,2,359.0389,3100,7,10,20
526,16,19,2,359.1506,3600,8,10,20
527,17,20,2,359.453,3700,7,10,20
528,17,12,2,360.795,3200,9,10,20
529,14,19,2,362.1856,3200,8,9,19
530,19,18,2,362.2974,4400,9,10,20
531,20,16,2,363.1513,4400,9,10,20
532,25,20,2,363.8538,4000,8,10,20
533,20,13,2,364.2564,4200,8,10,20
534,24,19,2,364.3351,4800,8,10,20
535,14,18,2,366.3429,3200,6,9,19
536,21,15,2,367.3484,3400,10,10,20
537,12,10,2,367.3688,3500,7,8,17
538,13,10,2,369.0114,4000,9,9,18
539,20,18,2,369.1413,4000,6,10,20
540,10,11,2,369.5248,5000,10,7,14
541,14,17,2,369.955,4600,7,9,19
542,15,11,2,371.5838,3500,6,10,20
543,22,13,2,373.0889,4000,6,10,20
544,23,20,2,373.3366,4900,8,10,20
545,14,19,2,373.4181,4400,9,9,19
546,14,15,2,373.4519,3900,6,9,19
547,21,10,2,373.5875,3200,7,10,20
548,18,16,2,374.7818,4900,8,10,20
549,19,11,2,374.9485,4600,6,10,20
550,18,19,2,375.1975,3700,9,10,20
551,14,16,2,376.1929,3400,10,9,19
552,16,20,2,379.3966,3000,9,10,20
553,19,15,2,380.1188,3000,8,10,20
554,22,19,2,381.0586,3200,7,10,20
555,25,14,2,381.1649,3000,8,10,20
556,22,17,2,381.7283,3200,10,10,20
557,23,19,2,382.4136,4900,6,10,20
558,10,16,2,382.6422,3600,10,7,14
559,15,19,2,383.0158,4500,9,10,20
560,15,14,2,383.6062,3600,6,10,20
561,23,16,2,383.9364,4000,10,10,20
562,20,12,2,384.4438,4000,7,10,20
563,14,20,2,384.6572,3000,8,9,19
564,25,15,2,385.2734,3100,9,10,20
565,25,11,2,385.7707,4300,10,10,20
566,13,11,2,385.7946,3900,10,9,18
567,17,12,2,386.1574,4400,7,10,20
568,19,20,2,386.2705,3500,6,10,20
569,15,13,2,386.3612,4300,8,10,20
570,21,20,2,386.8084,4900,10,10,20
571,12,10,2,387.2971,4000,7,8,17
572,18,14,2,388.1255,3400,10,10,20
573,12,13,2,388.3664,4000,8,8,17
574,24,16,2,388.4938,3300,9,10,20
575,16,16,2,388.6335,5000,8,10,20
576,16,11,2,389.6653,4000,8,10,20
577,12,18,2,389.9918,4000,9,8,17
578,22,13,2,390.0528,3800,10,10,20
579,11,17,2,392.0101,3300,7,8,15
580,20,16,2,392.0598,3500,7,10,20
581,14,14,2,392.374,5000,7,9,19
582,11,20,2,392.5294,4400,9,8,15
583,23,18,2,392.6167,3500,7,10,20
584,18,19,2,393.5709,4600,10,10,20
585,24,16,2,393.7017,3000,9,10,20
586,24,10,2,393.7693,3400,8,10,20
587,11,13,2,395.7272,3600,6,8,15
588,16,19,2,396.0546,4700,10,10,20
589,22,19,2,396.6247,4600,9,10,20
590,13,11,2,396.727,4300,8,9,18
591,18,10,2,396.8091,4200,7,10,20
592,10,14,2,396.818,3200,10,7,14
593,24,15,2,397.5942,4600,8,10,20
594,21,15,2,398.104,3600,9,10,20
595,17,17,2,398.1675,4900,6,10,20
596,16,15,2,398.7907,3600,9,10,20
597,25,14,2,398.8219,4900,6,10,20
598,22,14,2,399.2355,4200,7,10,20
599,17,15,2,401.2852,3200,10,10,20
600,25,17,2,402.331,4800,8,10,20
601,16,10,2,402.6457,4600,7,10,20
602,12,17,2,405.0882,4800,10,8,17
603,19,11,2,405.3764,4600,9,10,20
604,17,11,2,406.0506,4400,7,10,20
605,20,15,2,406.7812,4100,9,10,20
606,12,17,2,407.3883,3500,7,8,17
607,13,16,2,408.8714,3900,8,9,18
608,16,17,2,409.1258,3000,10,10,20
609,12,16,2,411.1291,4300,6,8,17
610,16,18,2,411.1863,3500,7,10,20
611,18,19,2,412.0248,4300,6,10,20
612,20,16,2,412.2652,3200,10,10,20
613,23,10,2,413.528,3600,10,10,20
614,12,12,2,413.5691,3400,7,8,17
615,14,15,2,414.5598,4600,9,9,19
616,14,17,2,415.6707,4500,7,9,19
617,11,20,2,416.1503,4900,8,8,15
618,17,10,2,416.718,3100,9,10,20
619,20,14,2,418.1077,4300,6,10,20
620,22,11,2,418.1255,4800,9,10,20
621,20,14,2,419.0962,3900,6,10,20
622,23,16,2,419.4786,4800,6,10,20
623,13,12,2,419.7228,3800,8,9,18
624,11,19,2,422.4994,3200,6,8,15
625,18,10,2,423.295,3500,9,10,20
626,13,16,2,423.6569,3000,10,9,18
627,24,11,2,423.8377,3500,7,10,20
628,14,18,2,425.4554,3300,7,9,19
629,15,14,2,427.9746,4900,10,10,20
630,13,16,2,428.1269,3300,10,9,18
631,21,20,2,429.1477,4900,7,10,20
632,21,18,2,430.3114,4700,10,10,20
633,12,14,2,431.1563,4700,6,8,17
634,14,19,2,434.0911,4500,6,9,19
635,24,10,2,434.1293,3000,8,10,20
636,17,15,2,434.3616,3900,10,10,20
637,15,12,2,435.5987,4300,7,10,20
638,14,13,2,435.839,3600,9,9,19
639,17,15,2,435.9824,3400,8,10,20
640,21,17,2,436.062,4000,7,10,20
641,18,19,2,437.3254,4100,7,10,20
642,18,19,2,437.4997,3400,7,10,20
643,18,10,2,437.6058,4000,9,10,20
644,18,19,2,437.9462,3200,6,10,20
645,21,13,2,439.0885,3800,10,10,20
646,24,15,2,439.1691,4900,10,10,20
647,24,19,2,440.2682,4800,7,10,20
648,25,11,2,440.3185,3500,10,10,20
649,20,15,2,440.6332,3500,7,10,20
650,12,16,2,441.1324,4600,6,8,17
651,24,10,2,441.4379,4200,10,10,20
652,23,16,2,441.8211,4000,9,10,20
653,10,20,2,443.3947,5000,10,7,14
654,14,12,2,443.7374,4700,6,9,19
655,13,12,2,444.017,3200,9,9,18
656,24,12,2,444.566,3000,9,10,20
657,24,12,2,444.9003,4800,9,10,20
658,20,11,2,445.696,3300,6,10,20
659,22,18,2,447.1098,3100,8,10,20
660,12,17,2,447.2136,3000,8,8,17
661,20,19,2,447.3272,3200,8,10,20
662,18,13,2,448.9804,4500,9,10,20
663,11,16,2,449.3827,3000,8,8,15
664,12,14,2,449.7614,4100,7,8,17
665,20,18,2,449.9695,3300,10,10,20
666,17,20,2,451.9834,3500,6,10,20
667,22,12,2,452.612,3000,7,10,20
668,17,11,2,452.7478,4600,10,10,20
669,17,10,2,452.7895,3500,8,10,20
670,10,13,2,453.0549,4300,10,7,14
671,24,11,2,453.1446,3300,8,10,20
672,25,11,2,453.4591,3000,9,10,20
673,16,12,2,453.7997,3000,8,10,20
674,12,14,2,454.7405,4400,8,8,17
675,19,11,2,454.8281,4500,6,10,20
676,15,10,2,455.0446,4800,8,10,20
677,24,14,2,455.9386,3400,6,10,20
678,12,10,2,456.4388,3300,10,8,17
679,10,11,2,458.733,4300,6,7,14
680,15,10,2,459.3067,3100,9,10,20
681,15,10,2,459.7457,4900,6,10,20
682,23,10,2,459.75,3100,10,10,20
683,15,13,2,460.7993,3700,10,10,20
684,14,20,2,461.1489,3900,10,9,19
685,16,17,2,461.9582,3100,10,10,20
686,16,17,2,462.6809,3500,8,10,20
687,24,16,2,462.9759,4000,9,10,20
688,12,10,2,464.1934,4800,10,8,17
689,10,15,2,464.7024,5000,8,7,14
690,18,20,2,464.774,3500,8,10,20
691,12,20,2,464.8067,3600,9,8,17
692,22,14,2,465.0901,4400,9,10,20
693,21,18,2,466.8986,4500,8,10,20
694,12,10,2,469.5245,3500,10,8,17
695,10,14,2,469.7845,3300,8,7,14
696,18,11,2,470.7475,4500,7,10,20
697,25,20,2,470.9679,5000,10,10,20
698,10,16,2,471.3954,4800,7,7,14
699,11,10,2,472.7626,3900,10,8,15
700,10,15,2,473.6155,4200,8,7,14
701,21,17,2,473.7311,3400,7,10,20
702,22,17,2,474.811,4900,10,10,20
703,19,10,2,474.9673,3200,7,10,20
704,13,18,2,475.0426,4800,8,9,18
705,22,16,2,475.2611,3800,7,10,20
706,18,20,2,475.7258,3200,7,10,20
707,16,17,2,476.5226,3000,10,10,20
708,25,11,2,479.006,3900,7,10,20
709,14,19,2,479.9156,3500,7,9,19
710,16,14,2,480.3617,3800,8,10,20
711,14,15,2,481.1328,4900,6,9,19
712,16,11,2,481.5311,4600,8,10,20
713,19,15,2,481.5928,3800,9,10,20
714,16,14,2,482.215,4000,9,10,20
715,12,10,2,482.3846,4400,10,8,17
716,12,18,2,482.3846,4300,8,8,17
717,13,11,2,482.4502,4300,6,9,18
718,25,15,2,483.561,5000,6,10,20
719,11,20,2,484.3798,3900,8,8,15
720,22,16,2,485.639,3400,10,10,20
721,17,17,2,485.9971,3500,6,10,20
722,20,14,2,488.8069,4900,8,10,20
723,21,11,2,490.1586,3700,6,10,20
724,19,15,2,490.3144,5000,8,10,20
725,25,17,2,491.1576,4900,6,10,20
726,22,10,2,491.4544,4000,10,10,20
727,19,20,2,492.2113,4600,10,10,20
728,13,11,2,492.5887,3100,6,9,18
729,19,13,2,494.1009,3700,9,10,20
730,13,18,2,494.3137,4500,8,9,18
731,13,14,2,494.7991,3200,6,9,18
732,10,20,2,494.9372,4600,9,7,14
733,15,20,2,495.0439,4500,9,10,20
734,18,20,2,495.2236,5000,7,10,20
735,22,20,2,495.3725,3600,9,10,20
736,22,16,2,495.4097,3900,9,10,20
737,20,13,2,496.8357,4000,7,10,20
738,11,16,2,497.0199,3600,7,8,15
739,14,16,2,497.1242,4500,10,9,19
740,16,19,2,497.3524,4800,9,10,20
741,12,10,2,497.8105,4400,7,8,17
742,25,16,2,497.8927,3000,6,10,20
743,16,10,2,498.435,3000,7,10,20
744,12,13,2,498.5768,3300,10,8,17
745,18,19,2,499.0547,4000,10,10,20
746,24,10,2,499.2888,4200,7,10,20
747,21,17,2,500.6331,4500,8,10,20
748,19,20,2,501.5313,3400,10,10,20
749,24,10,2,502.9416,3000,6,10,20
750,11,19,2,503.127,3800,9,8,15
751,11,12,2,503.4421,3000,10,8,15
752,21,16,2,503.4601,5000,6,10,20
753,21,17,2,505.6026,3700,7,10,20
754,17,17,2,507.1053,4300,6,10,20
755,11,20,2,508.3195,3600,10,8,15
756,14,15,2,508.3969,4400,9,9,19
757,17,15,2,508.6165,4000,8,10,20
758,22,19,2,509.9777,3600,10,10,20
759,22,18,2,510.756,4700,8,10,20
760,20,16,2,511.4094,3000,8,10,20
761,25,14,2,511.7997,4600,7,10,20
762,17,16,2,513.3883,3800,6,10,20
763,17,13,2,513.7207,4600,9,10,20
764,18,13,2,514.6717,3200,9,10,20
765,22,18,2,515.1645,3500,10,10,20
766,13,19,2,515.3258,3600,6,9,18
767,14,20,2,516.6711,4200,8,9,19
768,10,14,2,516.8179,3300,7,7,14
769,11,11,2,519.0139,3600,7,8,15
770,25,17,2,519.9357,5000,7,10,20
771,20,14,2,520.7341,4400,6,10,20
772,11,14,2,521.4662,4600,10,8,15
773,10,20,2,521.9771,4500,10,7,14
774,23,20,2,522.6637,3200,6,10,20
775,19,18,2,522.749,3000,8,10,20
776,13,18,2,523.0101,3200,8,9,18
777,18,13,2,524.0641,3200,6,10,20
778,10,13,2,524.3925,4800,8,7,14
779,11,19,2,525.1623,3200,10,8,15
780,21,18,2,525.728,3900,9,10,20
781,20,20,2,526.1976,3300,6,10,20
782,18,13,2,526.2445,4700,8,10,20
783,19,18,2,526.6254,3800,6,10,20
784,22,12,2,526.8271,3000,8,10,20
785,19,20,2,527.6317,3100,10,10,20
786,10,13,2,528.7358,4900,10,7,14
787,20,12,2,528.8347,3300,9,10,20
788,17,13,2,529.2339,4400,8,10,20
789,10,15,2,529.4476,4300,7,7,14
790,12,15,2,529.8971,3200,7,8,17
791,11,13,2,530.5306,4100,6,8,15
792,11,14,2,530.6225,3600,10,8,15
793,15,14,2,530.6781,4500,9,10,20
794,11,13,2,530.716,4000,7,8,15
795,23,10,2,530.7439,4000,9,10,20
796,10,20,2,531.1204,4500,7,7,14
797,16,18,2,531.2995,4100,9,10,20
798,10,10,2,531.4577,4400,10,7,14
799,21,12,2,531.5619,4000,9,10,20
800,24,20,2,533.1142,4500,6,10,20
801,13,16,2,533.3838,4800,9,9,18
802,20,16,2,533.8481,3800,9,10,20
803,14,13,2,533.9755,4300,7,9,19
804,24,14,2,534.295,4100,9,10,20
805,21,19,2,534.8112,4100,10,10,20
806,13,16,2,536.3423,3800,8,9,18
807,13,12,2,536.3544,3900,10,9,18
808,11,18,2,536.384,3200,6,8,15
809,12,16,2,536.4561,3700,7,8,17
810,15,13,2,536.5973,3100,8,10,20
811,14,16,2,536.6629,3100,10,9,19
812,23,19,2,536.7361,3000,8,10,20
813,18,14,2,536.8977,4500,7,10,20
814,23,14,2,537.0302,4200,7,10,20
815,12,17,2,537.314,3200,6,8,17
816,18,12,2,538.2148,3900,9,10,20
817,25,16,2,538.583,3600,10,10,20
818,15,13,2,539.5982,4400,9,10,20
819,11,10,2,541.2399,3900,6,8,15
820,12,14,2,542.4855,4200,9,8,17
821,24,19,2,543.7536,4300,7,10,20
822,24,19,2,545.1772,4200,9,10,20
823,21,20,2,545.1906,4400,10,10,20
824,19,14,2,545.6309,4500,9,10,20
825,19,10,2,545.8457,3400,7,10,20
826,20,10,2,546.0969,3700,9,10,20
827,14,13,2,546.658,5000,10,9,19
828,12,19,2,546.7011,4000,7,8,17
829,10,19,2,546.8907,4600,7,7,14
830,23,13,2,547.5054,4700,8,10,20
831,16,10,2,547.6934,3400,7,10,20
832,13,12,2,550.4167,4800,9,9,18
833,23,18,2,552.2674,4000,8,10,20
834,16,17,2,552.6341,4100,7,10,20
835,21,15,2,555.3794,4200,8,10,20
836,17,10,2,555.7417,4100,8,10,20
837,19,17,2,556.457,3300,7,10,20
838,12,16,2,557.0424,4100,9,8,17
839,19,18,2,557.775,4700,7,10,20
840,20,17,2,559.6757,4100,8,10,20
841,16,10,2,560.2644,3200,9,10,20
842,17,11,2,561.161,3600,10,10,20
843,12,17,2,562.7162,4000,8,8,17
844,11,12,2,563.0548,4500,9,8,15
845,23,10,2,563.125,3400,6,10,20
846,13,18,2,563.2047,4300,6,9,18
847,25,10,2,563.3792,4100,9,10,20
848,15,10,2,564.2274,3100,8,10,20
849,10,19,2,564.7176,4600,6,7,14
850,25,19,2,565.2755,3100,6,10,20
851,21,12,2,565.3461,4100,7,10,20
852,17,20,2,565.6332,3500,9,10,20
853,13,19,2,566.0712,3900,8,9,18
854,23,18,2,566.8435,3600,10,10,20
855,22,17,2,567.4431,4600,10,10,20
856,21,18,2,567.6826,3800,10,10,20
857,13,10,2,568.3977,4700,7,9,18
858,25,17,2,568.6935,3800,8,10,20
859,17,20,2,571.3594,3300,8,10,20
860,10,20,2,571.4456,4400,10,7,14
861,19,13,2,571.504,4500,8,10,20
862,25,13,2,571.5996,4600,9,10,20
863,23,15,2,572.1497,3400,7,10,20
864,18,10,2,573.0759,4600,6,10,20
865,25,11,2,573.1442,3900,8,10,20
866,15,17,2,573.1734,3200,9,10,20
867,10,17,2,574.518,3800,6,7,14
868,11,12,2,574.9401,3100,8,8,15
869,22,20,2,575.3154,5000,9,10,20
870,23,15,2,578.2075,4800,10,10,20
871,17,12,2,578.9769,3200,9,10,20
872,11,13,2,579.9052,3600,6,8,15
873,18,17,2,579.9709,4400,10,10,20
874,15,12,2,580.4317,4200,6,10,20
875,13,18,2,580.986,4600,7,9,18
876,20,12,2,581.7238,3100,8,10,20
877,11,18,2,582.5927,3400,7,8,15
878,24,14,2,583.4183,3800,7,10,20
879,13,15,2,583.6252,4700,8,9,18
880,10,15,2,584.5735,4000,10,7,14
881,19,17,2,584.9256,3200,7,10,20
882,21,14,2,585.6969,4400,9,10,20
883,19,13,2,586.418,3900,8,10,20
884,11,10,2,587.0863,3100,6,8,15
885,22,17,2,587.571,3600,8,10,20
886,10,12,2,588.7413,4600,9,7,14
887,15,15,2,588.7813,4200,6,10,20
888,13,20,2,588.8105,4500,8,9,18
889,24,11,2,589.6604,4800,6,10,20
890,17,16,2,589.8935,4100,9,10,20
891,17,16,2,590.085,4000,8,10,20
892,23,20,2,590.1923,3500,7,10,20
893,22,14,2,590.4985,5000,6,10,20
894,13,19,2,590.561,4600,7,9,18
895,17,14,2,591.2028,3600,10,10,20
896,11,11,2,591.9237,4200,9,8,15
897,21,15,2,592.6165,4300,8,10,20
898,16,17,2,593.0852,3600,9,10,20
899,13,18,2,593.183,4800,8,9,18
900,12,17,2,593.6415,3000,8,8,17
901,15,11,2,593.8068,5000,9,10,20
902,24,16,2,593.9738,4600,8,10,20
903,23,20,2,594.0575,3500,10,10,20
904,14,10,2,594.3478,3300,7,9,19
905,23,15,2,594.7297,3000,8,10,20
906,17,10,2,594.9105,3100,10,10,20
907,23,12,2,595.2355,3600,10,10,20
908,24,20,2,595.5403,4000,10,10,20
909,10,18,2,596.2122,3300,8,7,14
910,22,17,2,596.985,3700,8,10,20
911,21,15,2,597.1006,4200,8,10,20
912,13,19,2,597.233,4700,9,9,18
913,16,18,2,597.416,3500,7,10,20
914,15,19,2,598.164,3500,7,10,20
915,22,10,2,598.6872,3500,9,10,20
916,19,16,2,599.2426,5000,10,10,20
917,16,14,2,600.0916,3100,6,10,20
918,15,12,2,600.7164,4600,7,10,20
919,25,14,2,600.8299,3100,8,10,20
920,24,15,2,601.1944,3100,8,10,20
921,23,17,2,601.5678,3900,9,10,20
922,11,15,2,601.8561,4300,8,8,15
923,10,17,2,603.0816,4600,6,7,14
924,10,17,2,605.0344,4500,6,7,14
925,16,15,2,608.0034,4700,6,10,20
926,13,17,2,609.2214,3600,9,9,18
927,12,14,2,610.2284,3300,6,8,17
928,24,18,2,610.335,4300,8,10,20
929,20,19,2,610.4603,3700,7,10,20
930,25,14,2,610.7292,4600,10,10,20
931,12,11,2,610.7526,3600,9,8,17
932,11,10,2,611.2335,3600,9,8,15
933,18,13,2,611.3503,4400,6,10,20
934,25,14,2,611.6023,3400,10,10,20
935,11,11,2,611.612,3100,6,8,15
936,22,18,2,611.836,4200,6,10,20
937,21,10,2,612.8798,3400,6,10,20
938,16,10,2,613.5019,3600,9,10,20
939,17,20,2,613.5823,3000,7,10,20
940,22,15,2,614.4369,4100,7,10,20
941,11,10,2,614.7468,4500,10,8,15
942,23,18,2,615.0877,4400,8,10,20
943,15,20,2,615.6229,3300,7,10,20
944,21,17,2,616.4626,4700,10,10,20
945,22,16,2,619.2013,4900,6,10,20
946,14,17,2,620.0444,3200,7,9,19
947,16,16,2,620.1527,3900,9,10,20
948,11,13,2,620.5135,3000,8,8,15
949,10,19,2,621.3163,5000,10,7,14
950,13,16,2,621.4723,4200,10,9,18
951,12,18,2,622.898,4900,9,8,17
952,21,14,2,624.8677,3600,7,10,20
953,15,14,2,624.9687,3700,6,10,20
954,11,14,2,625.0926,3900,6,8,15
955,14,11,2,625.4047,4900,8,9,19
956,19,14,2,625.5645,4900,7,10,20
957,20,10,2,626.4067,4900,10,10,20
958,20,20,2,626.4069,4500,6,10,20
959,11,13,2,626.9876,4700,9,8,15
960,20,18,2,627.4856,3500,6,10,20
961,25,15,2,627.4894,3600,6,10,20
962,22,15,2,628.3948,4900,10,10,20
963,21,14,2,629.1883,3100,10,10,20
964,19,20,2,629.3951,4000,10,10,20
965,21,18,2,630.9338,4200,10,10,20
966,17,10,2,632.3566,3800,7,10,20
967,21,18,2,632.5694,4200,8,10,20
968,10,19,2,632.6646,3700,8,7,14
969,17,17,2,633.3013,4400,10,10,20
970,11,12,2,633.6068,4700,9,8,15
971,15,13,2,633.6956,4100,6,10,20
972,23,12,2,634.613,4100,9,10,20
973,16,13,2,635.0543,4800,10,10,20
974,12,10,2,635.7779,4800,8,8,17
975,19,11,2,640.8329,4200,9,10,20
976,13,20,2,642.543,5000,7,9,18
977,10,16,2,643.0538,3800,6,7,14
978,23,11,2,643.5977,3600,10,10,20
979,13,18,2,644.5341,4500,8,9,18
980,16,20,2,644.6932,4600,7,10,20
981,13,16,2,645.5993,3300,6,9,18
982,19,20,2,646.0466,4300,10,10,20
983,19,16,2,646.7599,4100,7,10,20
984,22,13,2,647.5715,4100,6,10,20
985,25,18,2,650.3578,4800,7,10,20
986,18,19,2,650.5043,3800,7,10,20
987,23,11,2,650.5775,4000,9,10,20
988,22,10,2,650.72,4000,8,10,20
989,18,17,2,650.8426,4200,9,10,20
990,12,11,2,651.1137,4500,7,8,17
991,11,16,2,652.1411,3600,8,8,15
992,12,19,2,652.2112,3600,9,8,17
993,21,15,2,652.4871,4900,6,10,20
994,15,16,2,653.2028,3300,10,10,20
995,10,11,2,653.614,3800,10,7,14
996,14,10,2,655.8218,4800,8,9,19
997,11,19,2,657.4364,3700,9,8,15
998,20,18,2,657.772,4200,8,10,20
999,19,13,2,658.368,4800,8,10,20
1000,23,18,2,660.2792,3900,8,10,20
1001,10,16,2,661.7463,3600,9,7,14
1002,14,18,2,662.5058,4700,6,9,19
1003,23,12,2,663.5846,4400,10,10,20
1004,22,18,2,665.7566,4600,7,10,20
1005,21,14,2,666.5048,3700,9,10,20
1006,17,13,2,666.9153,4900,10,10,20
1007,10,15,2,666.9675,3800,7,7,14
1008,19,10,2,667.3218,3800,6,10,20
1009,23,13,2,668.0931,4200,7,10,20
1010,15,17,2,668.5214,4200,7,10,20
1011,18,13,2,668.6462,3800,6,10,20
1012,14,13,2,668.6716,4400,10,9,19
1013,19,19,2,668.9239,4100,10,10,20
1014,23,18,2,672.1637,3100,9,10,20
1015,12,15,2,672.736,3100,10,8,17
1016,12,10,2,672.7852,4400,7,8,17
1017,16,15,2,673.5022,4000,8,10,20
1018,18,10,2,674.1635,3200,8,10,20
1019,18,15,2,674.8678,4700,9,10,20
1020,13,20,2,675.2883,4400,9,9,18
1021,18,14,2,675.3532,3600,8,10,20
1022,18,17,2,675.4969,4800,10,10,20
1023,14,20,2,676.1247,4000,8,9,19
1024,11,10,2,678.3586,3700,10,8,15
1025,23,17,2,678.8257,4300,8,10,20
1026,10,15,2,679.3638,4800,8,7,14
1027,19,16,2,679.4979,4400,10,10,20
1028,18,17,2,679.7009,4800,9,10,20
1029,23,14,2,679.8938,4200,10,10,20
1030,14,10,2,680.9831,4200,7,9,19
1031,14,10,2,681.1239,4600,7,9,19
1032,25,15,2,682.7093,4600,7,10,20
1033,25,18,2,683.5304,3100,9,10,20
1034,10,20,2,684.0491,4800,9,7,14
1035,25,17,2,685.5142,3800,8,10,20
1036,17,13,2,686.8883,4600,6,10,20
1037,24,10,2,688.3859,4200,7,10,20
1038,16,12,2,688.9723,3500,9,10,20
1039,12,18,2,691.5749,4500,8,8,17
1040,10,14,2,692.4723,3000,8,7,14
1041,10,12,2,692.7704,3200,10,7,14
1042,23,11,2,692.9274,4400,7,10,20
1043,12,11,2,693.6311,4600,8,8,17
1044,11,20,2,694.3909,3200,8,8,15
1045,13,16,2,694.7959,4100,7,9,18
1046,17,14,2,697.9331,3100,10,10,20
1047,16,17,2,697.981,4700,7,10,20
1048,24,10,2,698.0013,5000,8,10,20
1049,22,12,2,698.5723,4000,6,10,20
1050,22,18,2,698.8466,4500,7,10,20
1051,16,14,2,699.3474,4700,10,10,20
1052,19,15,2,699.915,3500,10,10,20
1053,18,10,2,700.2094,4600,9,10,20
1054,17,20,2,700.4778,4600,7,10,20
1055,21,16,2,700.8562,3900,10,10,20
1056,14,18,2,701.3661,4400,7,9,19
1057,10,18,2,701.4672,3400,7,7,14
1058,11,20,2,702.0465,4300,8,8,15
1059,16,17,2,702.062,3300,10,10,20
1060,12,20,2,703.3516,4000,8,8,17
1061,22,13,2,703.3943,4500,9,10,20
1062,10,15,2,705.6024,3100,9,7,14
1063,21,17,2,705.8539,4500,6,10,20
1064,10,16,2,707.6144,3200,10,7,14
1065,13,10,2,707.8301,3500,9,9,18
1066,15,14,2,708.1289,3600,7,10,20
1067,12,12,2,709.5492,4400,9,8,17
1068,23,17,2,711.0495,3300,7,10,20
1069,14,12,2,711.1618,4000,8,9,19
1070,15,20,2,711.7964,4400,8,10,20
1071,14,10,2,712.6502,3600,8,9,19
1072,15,13,2,712.9575,4900,8,10,20
1073,18,16,2,713.2373,4200,9,10,20
1074,10,13,2,714.5231,3200,9,7,14
1075,10,10,2,714.7373,4700,10,7,14
1076,23,18,2,714.8512,4700,7,10,20
1077,11,13,2,716.2665,4800,9,8,15
1078,15,13,2,717.2103,3300,6,10,20
1079,17,13,2,717.5204,3000,6,10,20
1080,22,19,2,718.3009,4000,6,10,20
1081,12,15,2,719.1818,3600,6,8,17
1082,17,17,2,719.2342,4600,8,10,20
1083,20,16,2,720.4564,3100,6,10,20
1084,10,19,2,722.1417,3700,8,7,14
1085,18,19,2,722.2611,4800,9,10,20
1086,11,18,2,722.8526,3100,7,8,15
1087,11,15,2,723.1507,4700,9,8,15
1088,14,20,2,723.6309,4300,9,9,19
1089,15,18,2,723.8412,3600,7,10,20
1090,19,18,2,726.5405,3400,10,10,20
1091,19,15,2,726.9431,4800,6,10,20
1092,25,13,2,727.4318,3100,8,10,20
1093,24,15,2,727.5582,3500,9,10,20
1094,24,11,2,728.3839,3600,9,10,20
1095,21,10,2,728.5269,4700,6,10,20
1096,21,13,2,729.1828,4400,10,10,20
1097,12,11,2,729.6048,3100,9,8,17
1098,19,16,2,729.8686,4600,8,10,20
1099,25,14,2,730.3371,3900,8,10,20
1100,22,11,2,730.5287,3800,10,10,20
1101,12,17,2,730.7924,3200,6,8,17
1102,17,11,2,732.5054,3000,6,10,20
1103,21,16,2,732.5269,4800,10,10,20
1104,23,18,2,732.8393,4000,10,10,20
1105,10,13,2,734.3598,3600,8,7,14
1106,23,20,2,734.4875,4700,8,10,20
1107,20,14,2,734.4942,3000,7,10,20
1108,23,16,2,734.7447,3500,8,10,20
1109,13,19,2,735.2017,4800,10,9,18
1110,11,18,2,735.3728,3000,8,8,15
1111,20,16,2,735.5153,3000,8,10,20
1112,10,13,2,735.9227,3600,9,7,14
1113,20,11,2,737.0088,3800,6,10,20
1114,11,10,2,737.9461,3000,8,8,15
1115,16,11,2,738.6758,4000,9,10,20
1116,22,19,2,739.8074,5000,9,10,20
1117,14,18,2,740.5762,3100,8,9,19
1118,17,20,2,740.7796,3000,7,10,20
1119,10,13,2,741.0876,4600,9,7,14
1120,21,11,2,741.3164,3000,10,10,20
1121,19,13,2,741.382,3700,8,10,20
1122,24,15,2,741.8094,4900,7,10,20
1123,14,12,2,742.1728,3500,8,9,19
1124,10,11,2,742.4149,3100,9,7,14
1125,20,18,2,743.2684,3000,7,10,20
1126,18,11,2,744.5838,4200,6,10,20
1127,10,12,2,745.4487,3900,6,7,14
1128,20,11,2,745.4835,3900,8,10,20
1129,10,16,2,745.5796,3400,7,7,14
1130,20,18,2,745.8848,3900,7,10,20
1131,23,15,2,746.3736,4500,6,10,20
1132,19,20,2,747.1671,3100,9,10,20
1133,23,20,2,748.1334,5000,8,10,20
1134,18,13,2,748.845,3500,7,10,20
1135,23,10,2,749.1952,3500,6,10,20
1136,11,13,2,749.5879,4700,7,8,15
1137,22,14,2,752.8231,4900,6,10,20
1138,24,18,2,753.1614,3400,6,10,20
1139,21,18,2,753.3391,3200,7,10,20
1140,14,15,2,753.682,4900,9,9,19
1141,23,11,2,754.5103,4600,7,10,20
1142,14,13,2,755.0593,3100,7,9,19
1143,14,17,2,755.1596,5000,6,9,19
1144,23,17,2,755.5365,4100,10,10,20
1145,23,12,2,756.55,4700,6,10,20
1146,19,13,2,758.0264,3700,8,10,20
1147,14,16,2,758.7849,4100,6,9,19
1148,22,19,2,758.8993,4800,6,10,20
1149,13,14,2,759.3331,4500,9,9,18
1150,13,14,2,761.7699,3400,8,9,18
1151,24,14,2,762.4378,3600,7,10,20
1152,16,13,2,763.6165,3700,7,10,20
1153,23,18,2,763.854,4500,8,10,20
1154,13,10,2,764.2451,3500,9,9,18
1155,18,16,2,764.3302,3800,8,10,20
1156,21,19,2,764.7019,4200,7,10,20
1157,25,18,2,765.115,3800,9,10,20
1158,20,20,2,765.1166,3400,8,10,20
1159,16,18,2,765.6621,3200,10,10,20
1160,25,15,2,765.7053,3900,7,10,20
1161,19,13,2,766.1711,3900,9,10,20
1162,13,16,2,766.6873,3200,9,9,18
1163,20,12,2,767.3988,3600,10,10,20
1164,10,10,2,767.6945,3400,8,7,14
1165,19,16,2,768.0782,3900,6,10,20
1166,14,17,2,768.6782,4300,7,9,19
1167,18,16,2,769.4428,4000,10,10,20
1168,12,10,2,771.3023,3000,7,8,17
1169,12,11,2,771.5693,4500,8,8,17
1170,17,18,2,772.6784,3800,8,10,20
1171,21,20,2,773.2745,4000,8,10,20
1172,22,13,2,774.4071,3800,7,10,20
1173,16,14,2,775.5986,4800,7,10,20
1174,17,17,2,775.9426,3200,9,10,20
1175,19,17,2,777.2127,3200,9,10,20
1176,22,13,2,778.1147,4800,7,10,20
1177,20,10,2,778.6474,3400,7,10,20
1178,15,14,2,778.8162,4200,9,10,20
1179,24,20,2,778.9706,3500,8,10,20
1180,21,11,2,781.3802,4100,7,10,20
1181,17,17,2,781.3882,4400,9,10,20
1182,21,15,2,782.0075,4400,7,10,20
1183,13,17,2,782.7635,3200,7,9,18
1184,25,20,2,782.8268,3900,10,10,20
1185,25,19,2,783.5927,4800,10,10,20
1186,18,19,2,784.2858,3800,6,10,20
1187,15,15,2,784.7433,4800,10,10,20
1188,19,13,2,786.6839,3200,6,10,20
1189,14,15,2,788.681,5000,7,9,19
1190,12,20,2,789.1293,4700,6,8,17
1191,21,15,2,791.4071,4600,9,10,20
1192,16,12,2,792.3996,4400,8,10,20
1193,15,19,2,792.7998,4800,6,10,20
1194,24,18,2,792.8614,3800,8,10,20
1195,14,19,2,793.589,4600,8,9,19
1196,19,10,2,793.7515,4200,7,10,20
1197,12,16,2,793.8836,5000,9,8,17
1198,21,13,2,793.9019,3600,7,10,20
1199,15,14,2,793.9524,4700,6,10,20
1200,12,14,2,794.5024,4300,7,8,17
1201,14,17,2,796.5382,4500,9,9,19
1202,20,17,2,797.8971,3900,10,10,20
1203,20,11,2,798.0312,4300,8,10,20
1204,11,17,2,799.8523,4900,7,8,15
1205,12,18,2,800.922,3400,6,8,17
1206,20,16,2,802.9953,3500,9,10,20
1207,18,16,2,804.0683,4300,6,10,20
1208,11,19,2,805.5093,4300,8,8,15
1209,13,19,2,806.1831,4200,8,9,18
1210,25,15,2,807.4044,3500,9,10,20
1211,21,18,2,809.7936,3200,8,10,20
1212,25,13,2,809.8111,4100,10,10,20
1213,16,19,2,809.8511,4500,6,10,20
1214,12,14,2,812.0568,3000,6,8,17
1215,19,14,2,812.0994,3600,10,10,20
1216,16,12,2,812.8998,3100,7,10,20
1217,14,16,2,813.2212,3100,6,9,19
1218,20,20,2,813.3723,4900,8,10,20
1219,10,13,2,813.7727,5000,10,7,14
1220,14,14,2,814.2085,5000,10,9,19
1221,18,14,2,814.4614,3200,10,10,20
1222,16,19,2,814.568,4200,10,10,20
1223,16,18,2,814.6805,5000,6,10,20
1224,10,18,2,815.2855,4000,7,7,14
1225,20,12,2,817.3388,5000,9,10,20
1226,16,10,2,817.8198,4600,8,10,20
1227,20,15,2,817.8701,3300,7,10,20
1228,18,20,2,818.6088,3600,8,10,20
1229,25,18,2,819.0626,4500,9,10,20
1230,12,10,2,819.363,3800,8,8,17
1231,17,12,2,819.9663,4000,7,10,20
1232,20,11,2,820.2368,3800,9,10,20
1233,21,20,2,820.4212,4700,6,10,20
1234,22,17,2,821.1684,4500,10,10,20
1235,21,18,2,821.6113,3600,7,10,20
1236,13,11,2,822.1416,3900,10,9,18
1237,22,10,2,822.6641,4900,7,10,20
1238,18,15,2,823.2812,4300,10,10,20
1239,12,12,2,823.6696,4200,10,8,17
1240,20,18,2,823.959,4200,9,10,20
1241,18,14,2,824.7582,4300,10,10,20
1242,19,10,2,825.2308,5000,6,10,20
1243,20,12,2,825.5826,3500,6,10,20
1244,24,20,2,825.5948,3400,9,10,20
1245,18,10,2,826.336,4800,8,10,20
1246,23,19,2,826.9767,4400,10,10,20
1247,24,12,2,827.0205,3900,8,10,20
1248,23,14,2,827.6552,4300,8,10,20
1249,21,10,2,829.1025,3300,7,10,20
1250,20,13,2,829.3603,4700,8,10,20
1251,17,10,2,829.4741,5000,6,10,20
1252,21,12,2,829.7636,3300,8,10,20
1253,13,19,2,829.9683,4900,8,9,18
1254,14,17,2,832.1166,4000,8,9,19
1255,21,16,2,832.9538,4700,8,10,20
1256,10,18,2,833.4298,4300,6,7,14
1257,18,12,2,833.8729,4900,9,10,20
1258,25,20,2,834.5889,4300,8,10,20
1259,11,19,2,834.7424,4200,10,8,15
1260,20,14,2,835.0418,3000,10,10,20
1261,22,15,2,836.8088,4800,10,10,20
1262,14,14,2,837.27,4500,8,9,19
1263,23,18,2,838.5697,4300,10,10,20
1264,25,13,2,838.7425,4500,6,10,20
1265,15,12,2,840.0611,3600,6,10,20
1266,20,19,2,840.5648,4200,8,10,20
1267,14,10,2,840.9496,3200,6,9,19
1268,19,10,2,841.211,5000,8,10,20
1269,14,15,2,841.4787,3400,9,9,19
1270,11,11,2,841.7423,3800,8,8,15
1271,13,19,2,842.1516,3400,7,9,18
1272,15,10,2,842.3716,3700,9,10,20
1273,18,13,2,843.6774,3600,9,10,20
1274,18,19,2,843.7368,4700,7,10,20
1275,10,19,2,844.6192,3300,8,7,14
1276,25,17,2,845.6558,4100,10,10,20
1277,18,17,2,845.8768,4500,9,10,20
1278,17,15,2,846.1036,4400,10,10,20
1279,25,13,2,847.2549,4000,7,10,20
1280,17,13,2,847.5463,3400,7,10,20
1281,10,11,2,848.7565,3600,7,7,14
1282,21,15,2,848.9924,3000,10,10,20
1283,12,16,2,849.8133,4800,10,8,17
1284,18,17,2,850.0713,3900,6,10,20
1285,18,10,2,851.2915,3600,10,10,20
1286,23,14,2,851.4981,4600,9,10,20
1287,13,18,2,851.9484,4600,9,9,18
1288,18,15,2,852.136,4900,10,10,20
1289,16,14,2,852.923,4000,10,10,20
1290,14,20,2,852.9911,5000,8,9,19
1291,24,10,2,853.8976,4100,10,10,20
1292,25,11,2,854.3146,4200,9,10,20
1293,18,18,2,854.6342,4500,7,10,20
1294,25,15,2,856.0915,4200,7,10,20
1295,25,15,2,856.2414,3100,9,10,20
1296,14,19,2,856.3336,4700,10,9,19
1297,10,12,2,857.0998,4000,6,7,14
1298,11,12,2,857.2095,4000,8,8,15
1299,25,14,2,857.7867,3000,10,10,20
1300,11,16,2,857.9289,4300,6,8,15
1301,20,11,2,858.3752,3300,7,10,20
1302,22,18,2,859.2035,4200,6,10,20
1303,25,15,2,859.4172,3500,7,10,20
1304,17,14,2,859.9265,4800,7,10,20
1305,18,10,2,860.0345,4300,10,10,20
1306,25,19,2,860.8761,4300,9,10,20
1307,13,20,2,861.7739,4900,6,9,18
1308,25,15,2,862.2472,3400,7,10,20
1309,24,19,2,862.7305,3900,8,10,20
1310,15,17,2,862.8796,3400,9,10,20
1311,24,17,2,863.8447,3000,6,10,20
1312,10,20,2,863.9035,3200,8,7,14
1313,14,16,2,864.2886,5000,10,9,19
1314,25,12,2,864.5132,3600,10,10,20
1315,10,20,2,865.3136,4200,8,7,14
1316,20,12,2,866.3286,3500,6,10,20
1317,19,14,2,866.426,3000,7,10,20
1318,23,16,2,866.9034,4000,7,10,20
1319,11,11,2,867.127,3400,6,8,15
1320,23,11,2,867.2979,3400,6,10,20
1321,20,15,2,867.5461,4500,8,10,20
1322,13,16,2,869.5121,3900,10,9,18
1323,18,17,2,871.0736,5000,7,10,20
1324,12,12,2,871.5978,3700,10,8,17
1325,13,17,2,872.7752,4100,8,9,18
1326,18,11,2,873.0092,4600,6,10,20
1327,13,19,2,873.3336,3700,7,9,18
1328,22,10,2,874.1268,4300,9,10,20
1329,15,17,2,874.511,3000,6,10,20
1330,19,14,2,875.2185,3600,7,10,20
1331,19,18,2,875.2218,4900,8,10,20
1332,14,10,2,875.3505,3400,10,9,19
1333,12,19,2,875.7462,4000,8,8,17
1334,18,14,2,879.4008,3600,7,10,20
1335,25,18,2,880.8742,3100,8,10,20
1336,13,18,2,881.0673,4400,8,9,18
1337,24,19,2,883.0521,3400,10,10,20
1338,21,12,2,883.804,3200,7,10,20
1339,25,19,2,884.508,3700,6,10,20
1340,14,16,2,885.2016,4600,7,9,19
1341,24,14,2,885.5774,3100,10,10,20
1342,22,12,2,886.175,5000,8,10,20
1343,16,16,2,886.2417,4900,7,10,20
1344,13,15,2,888.4034,4500,7,9,18
1345,20,12,2,888.9403,4500,8,10,20
1346,12,19,2,890.0533,3100,8,8,17
1347,15,17,2,890.29,4000,6,10,20
1348,25,19,2,891.622,4400,7,10,20
1349,14,15,2,892.2241,5000,9,9,19
1350,19,14,2,892.9799,3000,7,10,20
1351,20,18,2,893.9502,4100,9,10,20
1352,16,19,2,894.1104,4700,6,10,20
1353,20,10,2,894.3833,3200,9,10,20
1354,25,10,2,894.5761,4000,6,10,20
1355,21,11,2,895.1622,4500,10,10,20
1356,17,10,2,895.1738,3600,8,10,20
1357,20,17,2,895.6511,3500,6,10,20
1358,17,11,2,896.3037,4100,9,10,20
1359,11,12,2,896.3524,3800,10,8,15
1360,16,20,2,898.7226,4100,7,10,20
1361,22,17,2,898.9918,3800,6,10,20
1362,19,14,2,899.0597,5000,8,10,20
1363,21,16,2,899.0928,3200,8,10,20
1364,21,17,2,899.3556,3700,6,10,20
1365,17,13,2,899.3667,4300,8,10,20
1366,13,15,2,900.0113,4500,6,9,18
1367,21,10,2,900.3447,4400,10,10,20
1368,20,10,2,900.4769,4100,10,10,20
1369,17,12,2,900.9731,4100,7,10,20
1370,10,20,2,901.215,4800,8,7,14
1371,12,14,2,901.983,3500,9,8,17
1372,10,13,2,902.6001,3000,10,7,14
1373,11,10,2,903.0744,4000,6,8,15
1374,14,14,2,904.6045,4200,7,9,19
1375,15,17,2,905.081,3600,6,10,20
1376,21,19,2,905.1648,4400,10,10,20
1377,24,15,2,905.316,4600,7,10,20
1378,19,13,2,905.4489,4700,9,10,20
1379,10,14,2,906.3763,4600,7,7,14
1380,25,13,2,908.642,5000,6,10,20
1381,19,14,2,909.5289,3400,6,10,20
1382,18,17,2,912.7576,3700,7,10,20
1383,19,18,2,915.1717,3500,6,10,20
1384,10,12,2,916.1425,4800,8,7,14
1385,17,20,2,916.7509,3200,6,10,20
1386,10,10,2,916.8651,3300,9,7,14
1387,17,15,2,916.9397,4400,10,10,20
1388,22,16,2,917.9213,4700,6,10,20
1389,20,10,2,918.7323,3600,7,10,20
1390,23,11,2,918.9405,3400,8,10,20
1391,22,12,2,921.7518,4700,8,10,20
1392,22,19,2,922.5478,3400,7,10,20
1393,10,11,2,923.1045,3100,8,7,14
1394,20,20,2,923.4875,3100,6,10,20
1395,21,12,2,925.5047,3800,8,10,20
1396,21,17,2,926.6985,3900,7,10,20
1397,11,10,2,928.1965,4900,8,8,15
1398,13,16,2,929.7464,3300,7,9,18
1399,10,12,2,930.1812,4700,8,7,14
1400,23,16,2,930.2556,3800,9,10,20
1401,22,15,2,931.7024,4700,8,10,20
1402,17,15,2,932.456,3600,10,10,20
1403,22,14,2,932.6335,3300,9,10,20
1404,10,19,2,933.732,3100,7,7,14
1405,15,10,2,935.2019,4600,9,10,20
1406,20,11,2,937.625,3300,6,10,20
1407,12,15,2,938.1258,4400,10,8,17
1408,24,20,2,938.1683,5000,6,10,20
1409,12,11,2,940.2935,4400,8,8,17
1410,24,12,2,945.0963,4500,8,10,20
1411,19,19,2,946.3376,4500,7,10,20
1412,23,20,2,946.6052,3000,7,10,20
1413,19,12,2,949.5331,4900,6,10,20
1414,16,17,2,949.8247,3000,10,10,20
1415,16,14,2,950.7047,4400,9,10,20
1416,25,10,2,951.4465,4200,10,10,20
1417,24,20,2,952.0542,4300,9,10,20
1418,11,10,2,953.9223,4500,7,8,15
1419,19,11,2,954.3448,4300,9,10,20
1420,10,17,2,954.9736,3000,10,7,14
1421,17,19,2,956.252,4600,10,10,20
1422,12,11,2,956.7832,4000,8,8,17
1423,18,16,2,956.9446,3300,8,10,20
1424,18,19,2,957.2432,3200,9,10,20
1425,14,13,2,957.3417,3800,9,9,19
1426,25,13,2,958.0641,4900,8,10,20
1427,20,11,2,959.0752,4700,7,10,20
1428,16,20,2,960.5835,4000,6,10,20
1429,24,10,2,961.6085,4100,10,10,20
1430,16,12,2,961.6297,3300,6,10,20
1431,15,20,2,962.2756,4300,9,10,20
1432,17,11,2,962.3198,4200,10,10,20
1433,22,11,2,963.4933,3200,8,10,20
1434,10,14,2,964.742,3300,6,7,14
1435,16,17,2,965.9391,3800,7,10,20
1436,16,16,2,967.3731,4600,6,10,20
1437,10,18,2,967.5327,3900,7,7,14
1438,24,17,2,968.1408,4100,6,10,20
1439,21,17,2,968.195,4800,7,10,20
1440,12,14,2,971.0466,3900,6,8,17
1441,24,16,2,971.6397,4900,9,10,20
1442,21,16,2,971.8381,5000,7,10,20
1443,16,13,2,972.3411,3500,6,10,20
1444,18,17,2,972.7995,4500,7,10,20
1445,11,13,2,973.7127,4600,6,8,15
1446,23,14,2,975.4211,3300,9,10,20
1447,20,19,2,975.4469,5000,8,10,20
1448,10,17,2,975.9734,3600,6,7,14
1449,20,10,2,977.3425,3400,9,10,20
1450,12,18,2,977.9647,3800,10,8,17
1451,19,15,2,978.1646,4700,8,10,20
1452,18,20,2,979.3714,3600,6,10,20
1453,19,19,2,979.3924,4500,8,10,20
1454,16,13,2,980.462,3300,10,10,20
1455,18,12,2,980.5005,4800,6,10,20
1456,13,12,2,981.4125,4300,9,9,18
1457,14,15,2,986.8312,4000,10,9,19
1458,13,19,2,987.8478,3700,10,9,18
1459,14,20,2,989.4367,3200,8,9,19
1460,20,11,2,989.8094,3500,9,10,20
1461,18,19,2,990.119,4900,7,10,20
1462,21,10,2,990.2668,3200,10,10,20
1463,10,13,2,990.4722,4100,6,7,14
1464,20,13,2,991.1488,3300,8,10,20
1465,11,18,2,991.3844,4000,6,8,15
1466,20,16,2,992.3914,4600,6,10,20
1467,12,17,2,993.1088,3400,6,8,17
1468,20,17,2,993.4165,3300,6,10,20
1469,17,18,2,993.4506,3800,7,10,20
1470,11,10,2,993.9625,3100,8,8,15
1471,18,16,2,994.1679,3200,9,10,20
1472,17,18,2,995.1944,5000,10,10,20
1473,18,11,2,996.6807,4200,9,10,20
1474,21,14,2,997.9406,4000,10,10,20
1475,23,16,2,997.9606,3300,8,10,20
1476,17,15,2,998.3611,3200,10,10,20
1477,23,10,2,998.685,3200,7,10,20
1478,13,18,2,998.7272,3500,9,9,18
1479,20,17,2,999.0812,3500,10,10,20
1480,13,19,2,999.2437,3700,8,9,18
1481,21,19,2,999.6143,4500,6,10,20
1482,10,18,2,1000.3234,3200,10,7,14
1483,17,15,2,1002.4817,4400,10,10,20
1484,13,15,2,1004.1083,4000,7,9,18
1485,20,15,2,1005.362,3600,10,10,20
1486,14,14,2,1005.4735,4100,9,9,19
1487,19,16,2,1006.2414,3900,7,10,20
1488,11,17,2,1008.807,5000,9,8,15
1489,21,10,2,1009.0559,3600,7,10,20
1490,18,18,2,1010.5743,4900,9,10,20
1491,18,11,2,1010.726,4300,9,10,20
1492,11,18,2,1010.9593,4100,7,8,15
1493,25,10,2,1011.1307,4800,7,10,20
1494,22,18,2,1011.2881,4600,9,10,20
1495,20,14,2,1011.6193,3700,10,10,20
1496,10,15,2,1011.7331,3700,9,7,14
1497,16,20,2,1012.4676,4500,10,10,20
1498,15,20,2,1015.6732,4600,9,10,20
1499,16,15,2,1016.0389,3600,10,10,20
1500,21,11,2,1016.3363,3400,7,10,20
1501,23,14,2,1017.0447,3900,8,10,20
1502,19,11,2,1018.2156,4300,6,10,20
1503,24,14,2,1018.8965,3400,6,10,20
1504,11,11,2,1019.3055,4700,9,8,15
1505,16,15,2,1019.3474,3100,8,10,20
1506,17,19,2,1019.5389,3500,7,10,20
1507,10,20,2,1020.8657,5000,6,7,14
1508,20,17,2,1021.0879,3000,7,10,20
1509,19,10,2,1021.4017,3000,6,10,20
1510,24,18,2,1023.3764,3900,6,10,20
1511,20,13,2,1024.0122,3800,9,10,20
1512,10,19,2,1024.0638,4500,6,7,14
1513,22,13,2,1024.2568,4200,7,10,20
1514,17,19,2,1024.9254,3900,7,10,20
1515,18,19,2,1025.1135,4300,10,10,20
1516,17,12,2,1025.6153,3800,9,10,20
1517,10,19,2,1026.5246,3700,10,7,14
1518,23,11,2,1026.8923,5000,10,10,20
1519,20,13,2,1027.2614,3300,9,10,20
1520,20,19,2,1027.551,4200,6,10,20
1521,21,10,2,1027.6005,3400,6,10,20
1522,19,19,2,1028.6761,4400,6,10,20
1523,16,18,2,1028.7106,4400,9,10,20
1524,15,11,2,1028.7176,4000,8,10,20
1525,23,14,2,1029.3722,3600,6,10,20
1526,18,20,2,1030.5573,3600,6,10,20
1527,12,12,2,1032.4499,3300,6,8,17
1528,11,13,2,1033.8423,3300,6,8,15
1529,18,11,2,1034.8698,4500,7,10,20
1530,23,12,2,1035.1525,3000,7,10,20
1531,13,20,2,1035.4214,3800,8,9,18
1532,10,15,2,1036.7098,3200,10,7,14
1533,16,19,2,1037.3191,4700,9,10,20
1534,15,16,2,1037.5987,4900,9,10,20
1535,19,14,2,1037.7296,3500,10,10,20
1536,17,19,2,1038.2184,4300,10,10,20
1537,12,17,2,1038.4016,3300,8,8,17
1538,14,15,2,1038.6079,4100,8,9,19
1539,19,20,2,1039.0599,4000,7,10,20
1540,19,16,2,1039.6977,5000,9,10,20
1541,25,16,2,1039.7955,3200,9,10,20
1542,17,17,2,1039.9652,4400,8,10,20
1543,17,18,2,1041.2681,5000,6,10,20
1544,15,10,2,1042.0969,3200,9,10,20
1545,20,20,2,1042.2328,3200,9,10,20
1546,23,20,2,1042.2608,3400,7,10,20
1547,12,13,2,1042.7161,4600,10,8,17
1548,20,19,2,1043.0913,4500,8,10,20
1549,16,20,2,1043.7838,4200,8,10,20
1550,23,18,2,1044.039,4800,6,10,20
1551,13,15,2,1044.1611,3300,10,9,18
1552,12,13,2,1044.3766,4900,10,8,17
1553,21,13,2,1044.5728,4500,10,10,20
1554,16,18,2,1044.7097,3700,9,10,20
1555,19,11,2,1045.1856,3400,10,10,20
1556,17,17,2,1045.9343,3900,6,10,20
1557,22,15,2,1046.9876,3600,6,10,20
1558,23,12,2,1047.3897,3200,7,10,20
1559,13,15,2,1048.0592,4400,6,9,18
1560,17,12,2,1048.5776,3300,7,10,20
1561,22,18,2,1048.6963,4400,10,10,20
1562,25,13,2,1049.1122,4100,6,10,20
1563,22,17,2,1050.1202,3200,10,10,20
1564,13,20,2,1051.5338,3500,6,9,18
1565,14,17,2,1051.6201,3300,7,9,19
1566,25,14,2,1051.6469,3800,8,10,20
1567,24,17,2,1052.0848,3400,10,10,20
1568,15,13,2,1052.2889,4300,7,10,20
1569,13,16,2,1052.5894,4800,8,9,18
1570,16,12,2,1054.0173,4800,6,10,20
1571,11,12,2,1054.8081,4700,8,8,15
1572,23,20,2,1056.6523,4200,9,10,20
1573,24,10,2,1057.3228,4100,10,10,20
1574,20,14,2,1057.442,4500,6,10,20
1575,15,14,2,1058.3696,3000,6,10,20
1576,15,11,2,1060.3324,4700,6,10,20
1577,22,11,2,1060.4517,4200,7,10,20
1578,18,20,2,1061.6498,4700,6,10,20
1579,25,19,2,1062.1912,3400,10,10,20
1580,16,19,2,1062.2087,3600,8,10,20
1581,10,15,2,1062.5124,5000,6,7,14
1582,21,10,2,1063.3048,3300,7,10,20
1583,21,19,2,1065.0288,3600,8,10,20
1584,12,10,2,1065.1963,4700,7,8,17
1585,18,13,2,1065.9101,3800,8,10,20
1586,12,10,2,1066.4573,5000,10,8,17
1587,18,10,2,1067.9822,3800,9,10,20
1588,20,10,2,1068.8576,4500,8,10,20
1589,21,15,2,1069.8963,3600,7,10,20
1590,18,19,2,1070.754,4000,10,10,20
1591,24,16,2,1074.2072,4100,10,10,20
1592,12,17,2,1075.6155,3400,10,8,17
1593,13,15,2,1075.849,4900,6,9,18
1594,25,20,2,1076.6061,3800,8,10,20
1595,11,19,2,1077.5129,3500,6,8,15
1596,14,11,2,1077.8522,3500,8,9,19
1597,16,20,2,1079.6008,3300,8,10,20
1598,12,12,2,1079.6633,3200,10,8,17
1599,20,17,2,1080.5788,5000,9,10,20
1600,13,17,2,1080.9624,4500,8,9,18
1601,15,13,2,1081.8478,4700,8,10,20
1602,25,16,2,1082.4143,4600,10,10,20
1603,17,10,2,1082.7463,4900,7,10,20
1604,11,13,2,1083.8117,3100,7,8,15
1605,18,20,2,1083.9184,4800,9,10,20
1606,23,20,2,1085.1416,3100,9,10,20
1607,20,13,2,1087.1544,4700,8,10,20
1608,24,10,2,1087.8395,3000,8,10,20
1609,23,12,2,1089.3019,4200,6,10,20
1610,16,13,2,1089.3325,3400,10,10,20
1611,25,20,2,1089.9247,4200,7,10,20
1612,19,16,2,1090.35,3400,8,10,20
1613,19,10,2,1091.0928,3100,8,10,20
1614,17,18,2,1091.5927,3000,8,10,20
1615,25,17,2,1091.6953,3300,7,10,20
1616,24,20,2,1092.3164,3600,6,10,20
1617,19,18,2,1092.3989,5000,8,10,20
1618,20,20,2,1092.5331,4600,8,10,20
1619,23,16,2,1093.4095,3000,10,10,20
1620,17,18,2,1093.7435,3300,8,10,20
1621,21,13,2,1096.1978,3800,9,10,20
1622,17,11,2,1096.5904,4400,8,10,20
1623,19,14,2,1097.6938,3000,10,10,20
1624,17,10,2,1098.0654,3900,8,10,20
1625,16,20,2,1098.6697,4500,8,10,20
1626,11,14,2,1099.2533,4300,10,8,15
1627,10,11,2,1101.0261,5000,7,7,14
1628,17,14,2,1103.0933,3300,6,10,20
1629,11,11,2,1104.9939,4600,10,8,15
1630,21,19,2,1105.5689,4500,8,10,20
1631,13,10,2,1105.7368,3100,6,9,18
1632,25,16,2,1106.1551,3900,6,10,20
1633,10,18,2,1106.4712,4700,8,7,14
1634,17,13,2,1108.6213,3600,10,10,20
1635,18,19,2,1109.0799,4800,9,10,20
1636,18,14,2,1109.6517,3400,6,10,20
1637,17,16,2,1109.6645,4100,8,10,20
1638,23,12,2,1109.6957,3100,9,10,20
1639,24,16,2,1110.4936,3200,10,10,20
1640,17,10,2,1110.9143,5000,7,10,20
1641,20,11,2,1111.1103,4500,8,10,20
1642,13,11,2,1111.6534,3500,8,9,18
1643,19,12,2,1111.8427,4300,6,10,20
1644,10,17,2,1112.5914,4200,9,7,14
1645,12,10,2,1114.1209,3800,6,8,17
1646,20,19,2,1114.4379,3200,10,10,20
1647,23,20,2,1114.993,4200,9,10,20
1648,16,16,2,1116.304,4600,7,10,20
1649,21,17,2,1117.1053,5000,9,10,20
1650,17,17,2,1117.979,3400,6,10,20
1651,11,12,2,1118.117,4000,7,8,15
1652,22,18,2,1118.8772,5000,7,10,20
1653,16,18,2,1119.3796,3100,10,10,20
1654,21,14,2,1119.839,4400,8,10,20
1655,12,14,2,1119.9588,4900,6,8,17
1656,12,13,2,1119.9946,3300,10,8,17
1657,23,15,2,1120.6573,4600,7,10,20
1658,15,16,2,1120.781,4200,6,10,20
1659,21,11,2,1122.1817,3400,6,10,20
1660,15,20,2,1123.254,4000,6,10,20
1661,10,11,2,1123.3844,4600,7,7,14
1662,24,15,2,1124.1805,3900,6,10,20
1663,20,11,2,1124.3632,3400,10,10,20
1664,14,10,2,1125.9989,3000,9,9,19
1665,24,12,2,1126.3509,3000,9,10,20
1666,13,15,2,1126.6171,4900,7,9,18
1667,20,20,2,1126.6843,4200,7,10,20
1668,17,14,2,1126.9738,4200,7,10,20
1669,10,14,2,1127.0268,4000,8,7,14
1670,15,15,2,1127.922,4200,10,10,20
1671,18,18,2,1129.1563,4400,10,10,20
1672,12,10,2,1129.9398,4900,7,8,17
1673,24,11,2,1131.3233,3100,8,10,20
1674,24,13,2,1132.3112,3400,10,10,20
1675,19,20,2,1132.7117,4400,10,10,20
1676,19,18,2,1132.9926,3500,10,10,20
1677,12,10,2,1134.1168,4900,8,8,17
1678,16,20,2,1134.3589,3400,7,10,20
1679,23,14,2,1134.8212,3200,7,10,20
1680,12,19,2,1134.9141,4700,7,8,17
1681,18,18,2,1134.954,4400,9,10,20
1682,19,12,2,1134.9771,4900,8,10,20
1683,25,12,2,1136.4743,3800,7,10,20
1684,10,11,2,1136.8139,4700,6,7,14
1685,15,13,2,1138.5963,4500,10,10,20
1686,21,15,2,1145.1416,4900,10,10,20
1687,11,13,2,1145.5406,3300,10,8,15
1688,16,18,2,1145.7025,4800,6,10,20
1689,19,15,2,1145.9444,3100,6,10,20
1690,12,18,2,1145.9698,4400,7,8,17
1691,24,19,2,1147.3126,3300,10,10,20
1692,20,17,2,1148.0431,4900,10,10,20
1693,15,15,2,1149.5843,3900,8,10,20
1694,19,10,2,1149.9262,5000,7,10,20
1695,13,19,2,1155.219,5000,8,9,18
1696,23,17,2,1155.3654,4200,9,10,20
1697,25,11,2,1155.6463,4200,9,10,20
1698,10,12,2,1155.8259,3000,10,7,14
1699,15,15,2,1158.0016,4700,10,10,20
1700,20,11,2,1159.3061,3300,10,10,20
1701,20,14,2,1159.7867,3400,9,10,20
1702,17,12,2,1159.9453,4400,6,10,20
1703,25,17,2,1160.4568,3800,7,10,20
1704,20,12,2,1161.3483,4100,7,10,20
1705,13,17,2,1161.6244,4100,7,9,18
1706,13,14,2,1161.9834,4400,10,9,18
1707,25,17,2,1162.0246,3400,7,10,20
1708,25,11,2,1162.1503,3000,9,10,20
1709,10,20,2,1162.5869,4200,7,7,14
1710,15,17,2,1165.1669,4900,10,10,20
1711,15,12,2,1165.7863,3000,6,10,20
1712,14,17,2,1166.0526,3200,8,9,19
1713,18,12,2,1166.5679,3800,8,10,20
1714,15,13,2,1167.2327,4200,9,10,20
1715,18,10,2,1167.9594,4500,10,10,20
1716,12,16,2,1168.7529,4600,6,8,17
1717,25,13,2,1169.3617,4800,6,10,20
1718,17,15,2,1169.4804,4400,8,10,20
1719,25,11,2,1170.9928,4300,7,10,20
1720,12,10,2,1172.2773,3800,7,8,17
1721,23,14,2,1173.3181,3700,10,10,20
1722,11,16,2,1173.9488,4900,9,8,15
1723,20,19,2,1175.0531,3400,10,10,20
1724,14,11,2,1175.3148,3100,10,9,19
1725,21,19,2,1175.4503,3100,8,10,20
1726,20,17,2,1177.5388,3000,6,10,20
1727,17,20,2,1178.2517,3200,8,10,20
1728,18,14,2,1178.7797,4900,10,10,20
1729,21,16,2,1180.8576,3300,9,10,20
1730,10,18,2,1180.8679,4700,6,7,14
1731,14,10,2,1181.3942,4200,6,9,19
1732,25,10,2,1181.8263,3900,10,10,20
1733,25,19,2,1183.5759,3100,7,10,20
1734,11,11,2,1184.6894,4000,8,8,15
1735,12,20,2,1186.2778,3300,8,8,17
1736,11,18,2,1186.4804,3000,8,8,15
1737,14,13,2,1187.0019,4500,10,9,19
1738,20,16,2,1187.782,4500,6,10,20
1739,19,15,2,1188.0835,3800,9,10,20
1740,25,16,2,1188.3127,4600,8,10,20
1741,17,15,2,1188.3805,3600,6,10,20
1742,23,13,2,1189.5022,4800,8,10,20
1743,12,10,2,1190.8945,4500,8,8,17
1744,23,12,2,1191.418,3500,6,10,20
1745,23,15,2,1191.5221,3900,7,10,20
1746,19,16,2,1191.6579,3800,9,10,20
1747,14,10,2,1192.6813,4100,9,9,19
1748,14,13,2,1193.164,3000,6,9,19
1749,18,16,2,1193.3605,4900,10,10,20
1750,17,10,2,1194.4131,4200,6,10,20
1751,17,12,2,1195.1736,4900,6,10,20
1752,13,16,2,1195.6772,3600,8,9,18
1753,18,16,2,1196.0418,3200,8,10,20
1754,14,20,2,1196.0522,4300,7,9,19
1755,18,20,2,1196.2482,4300,8,10,20
1756,20,13,2,1196.7932,4000,8,10,20
1757,14,12,2,1197.0184,4100,8,9,19
1758,18,10,2,1197.3136,3100,6,10,20
1759,10,15,2,1197.7511,4000,10,7,14
1760,19,17,2,1199.2616,3300,10,10,20
1761,19,12,2,1199.3528,4600,8,10,20
1762,19,19,2,1199.4088,4000,9,10,20
1763,12,14,2,1201.1131,3700,10,8,17
1764,25,15,2,1201.339,5000,10,10,20
1765,23,10,2,1201.6231,3900,10,10,20
1766,21,20,2,1201.7971,3300,8,10,20
1767,21,17,2,1203.0053,4300,7,10,20
1768,16,15,2,1203.1094,3200,7,10,20
1769,11,13,2,1203.6289,3500,8,8,15
1770,11,16,2,1204.1527,4000,8,8,15
1771,14,20,2,1204.9557,3500,6,9,19
1772,17,12,2,1208.5534,4100,10,10,20
1773,17,11,2,1209.3892,4200,7,10,20
1774,12,12,2,1210.5795,4000,10,8,17
1775,21,16,2,1211.0148,3600,8,10,20
1776,17,17,2,1211.4787,3900,8,10,20
1777,23,15,2,1212.9845,4700,8,10,20
1778,17,16,2,1213.3098,3500,8,10,20
1779,23,10,2,1213.3383,4000,6,10,20
1780,20,15,2,1213.7804,4600,6,10,20
1781,11,12,2,1215.7006,4700,7,8,15
1782,19,11,2,1216.2267,3200,7,10,20
1783,22,16,2,1217.2576,3200,8,10,20
1784,19,15,2,1217.3192,4200,9,10,20
1785,12,14,2,1217.4072,4900,9,8,17
1786,14,20,2,1218.2483,5000,9,9,19
1787,19,10,2,1218.5399,3100,7,10,20
1788,21,16,2,1219.2506,3700,10,10,20
1789,18,18,2,1219.4194,4700,6,10,20
1790,15,20,2,1220.735,4200,10,10,20
1791,23,19,2,1220.8575,4500,9,10,20
1792,15,14,2,1221.9551,3500,10,10,20
1793,23,19,2,1222.0569,4000,8,10,20
1794,23,18,2,1222.657,4100,10,10,20
1795,14,13,2,1223.1019,3000,8,9,19
1796,17,14,2,1225.6544,3000,9,10,20
1797,11,10,2,1226.2825,4500,8,8,15
1798,10,20,2,1227.4515,4100,6,7,14
1799,14,13,2,1227.9048,3800,10,9,19
1800,21,20,2,1228.2951,4800,10,10,20
1801,20,19,2,1230.3867,3000,10,10,20
1802,16,14,2,1230.753,4600,7,10,20
1803,11,11,2,1230.7651,3200,7,8,15
1804,19,18,2,1231.2094,3600,9,10,20
1805,23,15,2,1232.602,4900,10,10,20
1806,11,17,2,1233.1202,4500,7,8,15
1807,18,18,2,1233.776,4300,6,10,20
1808,24,20,2,1233.9048,4500,9,10,20
1809,25,20,2,1234.068,3100,7,10,20
1810,19,12,2,1234.3734,3400,9,10,20
1811,10,17,2,1235.2137,3500,7,7,14
1812,15,17,2,1235.6915,4400,6,10,20
1813,10,11,2,1235.9246,3500,8,7,14
1814,24,11,2,1236.0216,4000,9,10,20
1815,22,18,2,1236.0951,4600,9,10,20
1816,19,15,2,1236.1922,3900,10,10,20
1817,22,16,2,1236.3451,3200,6,10,20
1818,17,20,2,1236.8494,4800,6,10,20
1819,18,20,2,1237.3986,4700,8,10,20
1820,18,20,2,1237.5998,3000,9,10,20
1821,21,15,2,1237.7197,3600,9,10,20
1822,21,12,2,1238.1856,3200,10,10,20
1823,15,18,2,1238.3815,3500,8,10,20
1824,15,19,2,1239.0325,3700,7,10,20
1825,18,15,2,1239.2611,4000,6,10,20
1826,16,17,2,1240.5289,4700,10,10,20
1827,23,15,2,1241.1247,3500,7,10,20
1828,14,11,2,1241.3661,3800,6,9,19
1829,10,15,2,1243.7695,4900,10,7,14
1830,16,18,2,1243.8606,5000,8,10,20
1831,24,10,2,1244.4798,4500,6,10,20
1832,23,14,2,1244.4862,4400,6,10,20
1833,12,20,2,1244.6623,3200,8,8,17
1834,11,10,2,1244.8906,4500,6,8,15
1835,16,12,2,1245.9189,4100,8,10,20
1836,24,19,2,1248.8372,3000,10,10,20
1837,21,10,2,1249.107,4700,9,10,20
1838,15,18,2,1249.8091,3900,7,10,20
1839,25,10,2,1249.8963,4300,7,10,20
1840,14,14,2,1251.4503,4000,10,9,19
1841,24,13,2,1251.6864,3700,9,10,20
1842,23,16,2,1252.4008,3600,10,10,20
1843,19,17,2,1253.3552,4400,6,10,20
1844,18,19,2,1254.4456,4700,9,10,20
1845,20,17,2,1254.5552,4000,7,10,20
1846,24,20,2,1256.8778,4400,6,10,20
1847,10,11,2,1257.4137,4900,8,7,14
1848,10,19,2,1257.4549,4200,10,7,14
1849,24,19,2,1258.1415,3600,8,10,20
1850,12,13,2,1258.7678,3800,7,8,17
1851,11,12,2,1259.1843,4400,6,8,15
1852,17,10,2,1260.0203,3200,7,10,20
1853,22,13,2,1260.6205,4400,8,10,20
1854,10,20,2,1261.2338,3600,7,7,14
1855,19,17,2,1261.8663,3300,6,10,20
1856,14,11,2,1262.6399,4600,7,9,19
1857,23,20,2,1262.7475,4700,8,10,20
1858,17,19,2,1264.6773,3400,8,10,20
1859,12,11,2,1265.0848,4400,8,8,17
1860,22,19,2,1266.4556,3400,8,10,20
1861,23,15,2,1266.59,4700,9,10,20
1862,25,14,2,1267.309,4500,6,10,20
1863,18,17,2,1267.9526,3900,8,10,20
1864,24,16,2,1268.4092,5000,8,10,20
1865,14,15,2,1268.9036,3900,7,9,19
1866,25,15,2,1270.0973,3700,7,10,20
1867,14,15,2,1270.7138,3900,9,9,19
1868,14,15,2,1270.8725,4900,10,9,19
1869,11,10,2,1273.504,4300,7,8,15
1870,19,19,2,1273.797,4000,9,10,20
1871,14,15,2,1274.0617,4700,10,9,19
1872,21,18,2,1275.0947,3800,10,10,20
1873,13,14,2,1275.1058,5000,6,9,18
1874,23,10,2,1275.1697,4800,7,10,20
1875,20,15,2,1275.3408,3100,8,10,20
1876,21,18,2,1275.6847,3000,6,10,20
1877,19,10,2,1275.8218,4300,8,10,20
1878,20,19,2,1276.1699,3600,8,10,20
1879,12,16,2,1276.9687,3900,8,8,17
1880,17,10,2,1277.1096,3500,8,10,20
1881,12,20,2,1277.2344,4800,7,8,17
1882,22,13,2,1277.6127,4400,10,10,20
1883,14,13,2,1277.6633,3300,6,9,19
1884,12,10,2,1278.062,3000,9,8,17
1885,14,18,2,1279.5671,3800,10,9,19
1886,15,14,2,1279.6283,4600,7,10,20
1887,16,11,2,1281.5747,4700,7,10,20
1888,20,15,2,1282.0556,5000,6,10,20
1889,11,10,2,1282.7154,4500,7,8,15
1890,17,11,2,1282.7533,4200,10,10,20
1891,23,16,2,1282.8621,4800,6,10,20
1892,14,17,2,1283.0528,3700,7,9,19
1893,21,15,2,1284.2987,3300,7,10,20
1894,11,19,2,1284.4007,3300,7,8,15
1895,18,12,2,1284.6166,5000,9,10,20
1896,24,14,2,1284.8007,3600,8,10,20
1897,15,16,2,1286.0781,4100,7,10,20
1898,20,12,2,1287.6021,4200,9,10,20
1899,20,10,2,1287.7733,4500,7,10,20
1900,12,16,2,1287.9953,4600,7,8,17
1901,16,15,2,1288.3793,3100,8,10,20
1902,19,12,2,1289.9762,4600,10,10,20
1903,15,15,2,1291.3219,3500,7,10,20
1904,19,13,2,1291.5414,3100,7,10,20
1905,22,18,2,1291.9247,4500,6,10,20
1906,14,15,2,1293.9953,3700,10,9,19
1907,16,10,2,1294.234,4400,10,10,20
1908,22,12,2,1295.9128,3600,6,10,20
1909,15,15,2,1296.5308,4200,6,10,20
1910,13,13,2,1296.7006,3900,6,9,18
1911,25,20,2,1299.5454,4700,7,10,20
1912,14,11,2,1299.5538,4600,10,9,19
1913,23,16,2,1299.5804,4900,9,10,20
1914,13,11,2,1299.815,4700,7,9,18
1915,13,15,2,1300.0043,3600,10,9,18
1916,11,20,2,1300.3981,4800,6,8,15
1917,16,17,2,1301.1695,4200,6,10,20
1918,14,15,2,1301.6838,4000,10,9,19
1919,13,13,2,1302.5173,3900,8,9,18
1920,22,13,2,1302.7299,5000,6,10,20
1921,21,11,2,1303.2234,4400,7,10,20
1922,11,10,2,1303.8924,4400,7,8,15
1923,16,10,2,1305.6802,4400,7,10,20
1924,21,10,2,1306.7388,4600,6,10,20
1925,15,13,2,1308.1063,3200,8,10,20
1926,13,16,2,1309.7666,5000,10,9,18
1927,19,18,2,1310.9068,3200,8,10,20
1928,14,19,2,1312.019,4000,7,9,19
1929,24,16,2,1312.8268,4500,10,10,20
1930,23,11,2,1313.0322,4300,10,10,20
1931,25,19,2,1315.9371,4300,7,10,20
1932,13,16,2,1316.3305,5000,7,9,18
1933,13,13,2,1316.5527,3800,8,9,18
1934,24,20,2,1317.2556,4100,7,10,20
1935,25,11,2,1318.9434,3600,6,10,20
1936,15,14,2,1318.9448,3000,7,10,20
1937,12,12,2,1319.1205,5000,9,8,17
1938,13,20,2,1320.1238,3300,6,9,18
1939,17,12,2,1320.1872,3400,7,10,20
1940,25,17,2,1320.4155,3000,9,10,20
1941,25,19,2,1321.1247,4500,8,10,20
1942,12,10,2,1321.2271,4100,9,8,17
1943,21,14,2,1321.3672,3000,8,10,20
1944,18,17,2,1322.3347,4500,8,10,20
1945,23,15,2,1322.9764,4900,6,10,20
1946,15,15,2,1323.542,4800,10,10,20
1947,12,19,2,1324.5837,4200,6,8,17
1948,13,12,2,1326.2957,3300,6,9,18
1949,19,17,2,1326.7313,4500,6,10,20
1950,14,15,2,1326.8923,3400,9,9,19
1951,13,20,2,1327.2867,3600,7,9,18
1952,14,19,2,1328.2418,4400,6,9,19
1953,16,16,2,1328.305,5000,6,10,20
1954,23,13,2,1328.5614,3600,9,10,20
1955,19,15,2,1328.6303,4200,8,10,20
1956,16,20,2,1329.4852,4600,8,10,20
1957,17,11,2,1330.3282,3800,7,10,20
1958,17,18,2,1330.7536,4900,6,10,20
1959,16,10,2,1331.002,4100,9,10,20
1960,14,20,2,1331.8846,4800,6,9,19
1961,19,20,2,1332.4599,5000,9,10,20
1962,16,18,2,1333.11,3100,7,10,20
1963,12,20,2,1333.6865,4800,9,8,17
1964,20,10,2,1334.0479,3100,9,10,20
1965,11,14,2,1334.9408,3500,10,8,15
1966,10,10,2,1336.9649,3900,10,7,14
1967,11,15,2,1339.7098,3000,10,8,15
1968,23,13,2,1340.2182,3400,9,10,20
1969,17,12,2,1341.8896,3800,6,10,20
1970,14,19,2,1342.4548,3600,7,9,19
1971,11,13,2,1343.4615,4600,6,8,15
1972,22,11,2,1344.8653,5000,6,10,20
1973,10,18,2,1345.1634,3100,9,7,14
1974,25,10,2,1345.4084,4900,9,10,20
1975,13,13,2,1346.1204,4900,8,9,18
1976,24,17,2,1346.3121,3600,10,10,20
1977,18,19,2,1346.3672,4300,6,10,20
1978,22,14,2,1348.1658,3000,10,10,20
1979,23,13,2,1348.2855,3900,7,10,20
1980,13,17,2,1348.355,3500,7,9,18
1981,24,14,2,1348.4079,4700,6,10,20
1982,19,13,2,1349.0977,3800,6,10,20
1983,22,12,2,1350.4856,3900,8,10,20
1984,15,15,2,1351.8641,3100,7,10,20
1985,17,13,2,1352.5732,3500,9,10,20
1986,15,20,2,1352.7733,4800,8,10,20
1987,21,12,2,1353.1715,4700,10,10,20
1988,16,17,2,1353.8941,4800,8,10,20
1989,23,16,2,1354.6642,5000,9,10,20
1990,22,13,2,1355.0841,4100,9,10,20
1991,10,19,2,1355.305,4600,10,7,14
1992,18,15,2,1357.4578,5000,7,10,20
1993,12,15,2,1357.4583,4800,10,8,17
1994,13,17,2,1357.6386,3800,6,9,18
1995,25,19,2,1358.1345,4800,6,10,20
1996,20,13,2,1358.4949,4100,8,10,20
1997,16,18,2,1358.6686,3000,8,10,20
1998,11,10,2,1359.0779,3400,8,8,15
1999,22,16,2,1359.4045,3500,10,10,20
2000,17,16,2,1359.682,3000,7,10,20
2001,24,18,2,1361.3099,3300,7,10,20
2002,14,11,2,1361.4915,3500,10,9,19
2003,12,12,2,1361.7718,4600,10,8,17
2004,22,19,2,1362.589,3100,7,10,20
2005,15,13,2,1362.9457,4900,6,10,20
2006,20,15,2,1363.19,4900,9,10,20
2007,22,18,2,1363.4581,4200,9,10,20
2008,19,18,2,1364.4188,4000,6,10,20
2009,20,10,2,1365.3404,3400,10,10,20
2010,20,16,2,1365.9235,4000,6,10,20
2011,14,20,2,1366.7354,3400,7,9,19
2012,19,19,2,1367.1884,5000,8,10,20
2013,14,11,2,1368.4945,3800,7,9,19
2014,10,16,2,1368.8049,3100,7,7,14
2015,13,15,2,1369.5281,3300,9,9,18
2016,17,14,2,1369.5908,3200,10,10,20
2017,25,17,2,1369.8619,4600,8,10,20
2018,21,12,2,1370.1109,4100,7,10,20
2019,24,19,2,1370.8897,3900,8,10,20
2020,23,10,2,1372.9631,4800,10,10,20
2021,23,11,2,1373.0096,5000,9,10,20
2022,19,20,2,1373.3463,3300,7,10,20
2023,16,20,2,1374.3258,5000,9,10,20
2024,18,20,2,1374.504,4300,10,10,20
2025,13,18,2,1375.1082,3300,6,9,18
2026,12,13,2,1375.9335,4400,7,8,17
2027,17,12,2,1376.2966,4100,9,10,20
2028,14,15,2,1376.7577,4500,9,9,19
2029,16,14,2,1377.0791,4400,7,10,20
2030,24,14,2,1378.0254,4900,9,10,20
2031,17,17,2,1379.0232,4200,6,10,20
2032,14,13,2,1379.1032,4400,10,9,19
2033,15,11,2,1379.6177,3900,6,10,20
2034,10,14,2,1379.6465,4000,6,7,14
2035,16,16,2,1381.7662,4400,6,10,20
2036,21,20,2,1382.4286,3200,8,10,20
2037,19,18,2,1384.1007,3200,6,10,20
2038,23,18,2,1384.1114,3600,8,10,20
2039,22,15,2,1385.068,3900,7,10,20
2040,10,13,2,1386.0081,4100,6,7,14
2041,24,12,2,1386.5979,4500,8,10,20
2042,21,13,2,1386.6786,4700,10,10,20
2043,11,13,2,1387.6337,3600,8,8,15
2044,18,12,2,1387.8818,3000,7,10,20
2045,23,19,2,1388.0299,3700,8,10,20
2046,25,10,2,1391.1253,3400,10,10,20
2047,22,12,2,1391.5021,4500,7,10,20
2048,15,10,2,1391.9269,3800,7,10,20
2049,18,10,2,1393.0511,3600,9,10,20
2050,21,11,2,1394.9308,3600,8,10,20
2051,24,17,2,1395.4178,4100,7,10,20
2052,12,12,2,1395.6203,5000,6,8,17
2053,13,11,2,1395.7676,3800,9,9,18
2054,21,15,2,1395.7953,3600,9,10,20
2055,11,13,2,1396.2616,3500,8,8,15
2056,17,19,2,1396.6587,3500,8,10,20
2057,19,16,2,1397.3481,4000,9,10,20
2058,13,14,2,1397.636,4000,10,9,18
2059,18,19,2,1398.8619,4100,10,10,20
2060,10,20,2,1398.9524,3600,6,7,14
2061,14,20,2,1400.3339,4000,6,9,19
2062,22,12,2,1400.7623,4500,8,10,20
2063,19,11,2,1401.293,3300,9,10,20
2064,16,16,2,1401.675,4300,9,10,20
2065,19,14,2,1402.0095,4900,8,10,20
2066,23,18,2,1402.2518,3100,6,10,20
2067,14,12,2,1403.6846,3700,7,9,19
2068,24,10,2,1404.065,4600,8,10,20
2069,19,18,2,1404.1839,4900,10,10,20
2070,21,14,2,1406.2889,4000,8,10,20
2071,14,10,2,1406.6207,4700,6,9,19
2072,10,19,2,1407.2791,4200,8,7,14
2073,18,18,2,1408.1224,4200,6,10,20
2074,10,14,2,1409.7117,4400,7,7,14
2075,12,19,2,1410.3242,3500,7,8,17
2076,25,16,2,1410.5519,4200,10,10,20
2077,16,19,2,1410.6549,4700,9,10,20
2078,22,10,2,1410.8089,3400,10,10,20
2079,14,16,2,1411.1477,4000,8,9,19
2080,22,15,2,1411.862,3500,9,10,20
2081,15,20,2,1412.7373,3300,8,10,20
2082,18,15,2,1412.9291,4800,7,10,20
2083,17,14,2,1413.8788,3400,6,10,20
2084,25,19,2,1413.8947,4400,9,10,20
2085,23,15,2,1413.9477,4000,10,10,20
2086,21,11,2,1413.9979,3700,8,10,20
2087,18,19,2,1414.8478,3800,7,10,20
2088,21,11,2,1414.851,3400,8,10,20
2089,22,12,2,1415.078,4800,8,10,20
2090,20,15,2,1417.943,4300,7,10,20
2091,17,10,2,1418.1457,4800,8,10,20
2092,19,10,2,1418.8067,3000,9,10,20
2093,25,20,2,1418.8202,3000,10,10,20
2094,19,11,2,1419.0084,4600,6,10,20
2095,21,12,2,1419.0495,4900,7,10,20
2096,11,16,2,1419.1001,3100,7,8,15
2097,10,14,2,1420.3815,4300,8,7,14
2098,16,13,2,1420.5488,3900,10,10,20
2099,12,11,2,1420.7838,4600,6,8,17
2100,21,18,2,1421.8612,3800,6,10,20
2101,23,18,2,1423.8769,3300,7,10,20
2102,21,18,2,1423.9147,3800,9,10,20
2103,13,13,2,1425.3883,4700,10,9,18
2104,23,11,2,1426.3216,3600,6,10,20
2105,18,16,2,1426.3935,4900,9,10,20
2106,21,13,2,1427.4411,4700,6,10,20
2107,20,13,2,1427.5882,3700,6,10,20
2108,22,19,2,1428.1687,3500,9,10,20
2109,16,10,2,1428.6108,3200,8,10,20
2110,11,17,2,1428.9197,4200,6,8,15
2111,19,10,2,1429.0621,3100,9,10,20
2112,14,14,2,1429.66,3800,7,9,19
2113,20,17,2,1430.4712,4300,10,10,20
2114,12,15,2,1430.8787,3600,8,8,17
2115,25,18,2,1431.0758,4100,7,10,20
2116,22,20,2,1432.4069,3100,10,10,20
2117,16,16,2,1432.6468,4000,10,10,20
2118,21,15,2,1432.8742,4100,7,10,20
2119,17,19,2,1433.365,4400,9,10,20
2120,17,16,2,1433.7211,3600,6,10,20
2121,21,15,2,1434.026,3500,6,10,20
2122,12,18,2,1434.098,4600,7,8,17
2123,20,12,2,1435.3324,4200,10,10,20
2124,20,12,2,1435.4249,4000,9,10,20
2125,17,18,2,1435.4653,5000,6,10,20
2126,25,13,2,1436.3162,4600,9,10,20
2127,11,12,2,1436.9831,3500,6,8,15
2128,23,11,2,1437.3264,4600,9,10,20
2129,13,19,2,1437.4214,3700,10,9,18
2130,10,16,2,1437.7076,4900,8,7,14
2131,23,20,2,1437.9714,4900,7,10,20
2132,13,18,2,1438.0951,3500,10,9,18
2133,16,18,2,1439.1464,4100,6,10,20
2134,13,19,2,1439.775,4900,6,9,18
2135,17,10,2,1441.1686,4700,9,10,20
2136,25,17,2,1441.4049,4600,6,10,20
2137,20,19,2,1442.0775,3500,9,10,20
2138,16,20,2,1442.1808,3200,7,10,20
2139,16,13,2,1442.4593,4900,9,10,20
2140,12,10,2,1442.7579,4400,10,8,17
2141,23,16,2,1443.1095,3000,6,10,20
2142,20,14,2,1444.5061,4800,8,10,20
2143,23,14,2,1444.7051,3500,9,10,20
2144,18,18,2,1445.5401,3100,7,10,20
2145,23,12,2,1446.4775,4800,10,10,20
2146,14,16,2,1446.9596,3300,8,9,19
2147,13,19,2,1447.3834,3200,10,9,18
2148,11,15,2,1448.3503,4800,7,8,15
2149,11,19,2,1450.1169,5000,7,8,15
2150,13,17,2,1450.2628,4800,7,9,18
2151,23,14,2,1450.5387,4800,6,10,20
2152,17,12,2,1450.7101,3300,8,10,20
2153,14,20,2,1450.7552,3600,7,9,19
2154,23,15,2,1452.1006,4300,8,10,20
2155,11,19,2,1452.3547,4200,10,8,15
2156,23,16,2,1452.9108,4700,6,10,20
2157,11,19,2,1452.9445,4200,7,8,15
2158,20,13,2,1453.2846,4900,7,10,20
2159,17,20,2,1454.7289,5000,7,10,20
2160,15,19,2,1455.1604,4500,6,10,20
2161,20,12,2,1455.5172,4700,7,10,20
2162,21,19,2,1455.8985,3300,8,10,20
2163,24,10,2,1456.5736,4300,7,10,20
2164,18,20,2,1456.6173,3000,6,10,20
2165,16,14,2,1457.9316,3000,9,10,20
2166,13,10,2,1458.4554,3700,10,9,18
2167,25,17,2,1458.5201,3600,6,10,20
2168,12,13,2,1459.0192,5000,10,8,17
2169,21,17,2,1460.8958,3800,8,10,20
2170,11,11,2,1461.213,3700,7,8,15
2171,16,16,2,1461.3842,4200,9,10,20
2172,17,11,2,1461.7259,3100,9,10,20
2173,17,20,2,1462.1357,3200,8,10,20
2174,14,13,2,1463.0732,3500,8,9,19
2175,21,11,2,1464.6971,5000,6,10,20
2176,18,20,2,1465.2483,3700,8,10,20
2177,20,20,2,1465.9215,4200,7,10,20
2178,12,12,2,1466.6202,3800,10,8,17
2179,15,13,2,1467.2537,3100,9,10,20
2180,14,11,2,1467.2538,3100,9,9,19
2181,21,10,2,1467.4251,4600,10,10,20
2182,22,20,2,1467.919,4700,9,10,20
2183,14,14,2,1468.3695,3200,7,9,19
2184,24,13,2,1469.1542,3700,7,10,20
2185,21,11,2,1470.001,3300,6,10,20
2186,22,17,2,1470.0587,3800,10,10,20
2187,11,16,2,1470.241,3500,7,8,15
2188,17,13,2,1471.3227,4400,9,10,20
2189,18,11,2,1471.9211,3500,6,10,20
2190,24,19,2,1471.9261,4100,8,10,20
2191,21,19,2,1472.1055,3000,9,10,20
2192,10,16,2,1472.3333,3700,10,7,14
2193,18,15,2,1472.9539,4900,9,10,20
2194,13,14,2,1473.1692,4500,10,9,18
2195,18,10,2,1473.422,3700,9,10,20
2196,10,16,2,1473.6746,3400,8,7,14
2197,25,16,2,1475.0907,4800,6,10,20
2198,14,19,2,1475.0939,3700,10,9,19
2199,12,20,2,1475.8151,4900,6,8,17
2200,11,14,2,1476.5703,3500,6,8,15
2201,24,14,2,1476.7628,3400,8,10,20
2202,25,17,2,1478.3851,3200,9,10,20
2203,21,20,2,1479.4761,3600,7,10,20
2204,22,12,2,1479.5717,4500,6,10,20
2205,16,15,2,1480.849,4600,10,10,20
2206,19,12,2,1481.0283,3600,9,10,20
2207,18,13,2,1481.5828,3600,10,10,20
2208,12,15,2,1481.9543,4900,8,8,17
2209,22,16,2,1483.1997,3300,8,10,20
2210,20,13,2,1483.3902,4000,6,10,20
2211,21,16,2,1483.4999,4400,7,10,20
2212,13,20,2,1483.7322,3400,6,9,18
2213,15,17,2,1484.3667,3200,6,10,20
2214,11,19,2,1485.5013,4100,10,8,15
2215,19,14,2,1485.7331,4300,8,10,20
2216,22,14,2,1487.5112,4700,8,10,20
2217,19,17,2,1488.5707,3100,10,10,20
2218,18,11,2,1488.8632,4600,10,10,20
2219,25,12,2,1489.8583,3900,6,10,20
2220,20,16,2,1490.1729,4800,8,10,20
2221,19,13,2,1490.4911,4300,8,10,20
2222,18,19,2,1490.5849,3300,6,10,20
2223,18,20,2,1490.8736,3100,10,10,20
2224,18,13,2,1491.6831,4100,7,10,20
2225,14,11,2,1494.6812,3600,10,9,19
2226,16,10,2,1494.969,4300,9,10,20
2227,17,11,2,1495.4532,3900,6,10,20
2228,25,19,2,1497.6481,4500,10,10,20
2229,15,17,2,1497.8358,4000,9,10,20
2230,20,18,2,1497.9989,4800,9,10,20
2231,18,16,2,1498.5689,4200,6,10,20
2232,21,14,2,1499.1955,3200,10,10,20
2233,23,10,2,1499.4379,3000,7,10,20
2234,18,11,2,1500.7055,4200,7,10,20
2235,15,17,2,1502.3786,4700,8,10,20
2236,13,18,2,1502.4596,4000,7,9,18
2237,23,17,2,1502.4984,3300,7,10,20
2238,15,10,2,1502.9584,3300,7,10,20
2239,15,18,2,1503.2881,3600,7,10,20
2240,13,15,2,1503.6258,4200,7,9,18
2241,17,19,2,1504.1535,3900,7,10,20
2242,23,12,2,1504.7226,3200,7,10,20
2243,16,10,2,1505.2259,4100,6,10,20
2244,18,11,2,1505.2305,4900,9,10,20
2245,20,15,2,1506.8287,4800,7,10,20
2246,12,18,2,1507.042,4500,6,8,17
2247,15,12,2,1507.1592,3100,10,10,20
2248,14,17,2,1508.2813,5000,10,9,19
2249,16,19,2,1508.8377,4000,9,10,20
2250,21,19,2,1510.364,4900,7,10,20
2251,14,20,2,1511.2407,4200,7,9,19
2252,11,19,2,1512.4397,4800,9,8,15
2253,18,20,2,1513.0072,3700,9,10,20
2254,12,16,2,1513.2864,4300,6,8,17
2255,25,15,2,1514.0813,4400,8,10,20
2256,10,13,2,1515.3171,4500,6,7,14
2257,23,10,2,1515.39,3200,7,10,20
2258,14,14,2,1516.0426,3500,9,9,19
2259,19,13,2,1516.4632,4900,6,10,20
2260,13,18,2,1517.0937,4500,10,9,18
2261,24,10,2,1517.2706,3100,9,10,20
2262,19,13,2,1517.2926,3500,9,10,20
2263,21,17,2,1518.4746,4500,8,10,20
2264,14,19,2,1518.8936,3000,10,9,19
2265,20,20,2,1519.0667,3300,10,10,20
2266,25,14,2,1519.1652,3100,7,10,20
2267,24,15,2,1519.6159,3900,8,10,20
2268,13,19,2,1520.352,5000,8,9,18
2269,17,16,2,1520.442,4900,7,10,20
2270,14,20,2,1520.7129,4500,7,9,19
2271,20,14,2,1521.9254,4500,6,10,20
2272,17,16,2,1522.14,3100,8,10,20
2273,24,10,2,1522.829,3800,7,10,20
2274,19,15,2,1523.1908,4100,7,10,20
2275,20,11,2,1524.4969,3300,8,10,20
2276,12,18,2,1525.4793,4600,8,8,17
2277,22,18,2,1525.9093,4900,6,10,20
2278,16,13,2,1526.7762,3200,6,10,20
2279,19,15,2,1527.5312,3100,9,10,20
2280,25,18,2,1528.1726,3200,8,10,20
2281,22,10,2,1528.2875,4100,8,10,20
2282,23,18,2,1528.7565,3300,8,10,20
2283,24,17,2,1533.6003,3500,9,10,20
2284,13,17,2,1534.1291,3200,8,9,18
2285,19,12,2,1534.9213,5000,6,10,20
2286,12,16,2,1536.1332,5000,9,8,17
2287,16,15,2,1537.1096,3300,10,10,20
2288,15,11,2,1537.5558,4900,7,10,20
2289,22,17,2,1538.0364,3200,9,10,20
2290,21,19,2,1538.4174,4500,6,10,20
2291,19,13,2,1539.3513,3100,10,10,20
2292,24,13,2,1540.8536,4800,8,10,20
2293,16,14,2,1540.9477,4900,9,10,20
2294,15,13,2,1541.9595,3100,10,10,20
2295,17,17,2,1542.1678,3000,8,10,20
2296,22,18,2,1543.6751,4500,6,10,20
2297,16,11,2,1544.1475,4500,10,10,20
2298,11,15,2,1544.6159,4700,7,8,15
2299,16,15,2,1544.9007,4900,9,10,20
2300,23,18,2,1545.1062,4100,6,10,20
2301,25,17,2,1545.2456,3900,6,10,20
2302,15,15,2,1545.7242,3700,10,10,20
2303,24,16,2,1545.9896,3500,9,10,20
2304,20,10,2,1546.7156,5000,7,10,20
2305,14,17,2,1547.922,3600,7,9,19
2306,12,13,2,1548.4732,4600,9,8,17
2307,11,11,2,1548.7268,5000,6,8,15
2308,24,10,2,1549.1079,5000,6,10,20
2309,16,20,2,1549.278,4300,6,10,20
2310,11,17,2,1552.3496,3000,10,8,15
2311,19,19,2,1552.6564,3800,10,10,20
2312,11,10,2,1553.1677,4400,6,8,15
2313,25,11,2,1553.938,4700,6,10,20
2314,21,12,2,1554.054,4100,9,10,20
2315,14,15,2,1554.4691,4800,9,9,19
2316,16,17,2,1556.2974,4200,9,10,20
2317,13,11,2,1557.1888,3900,8,9,18
2318,10,12,2,1558.4435,4900,8,7,14
2319,25,13,2,1558.4727,4300,7,10,20
2320,23,18,2,1558.5072,3100,9,10,20
2321,13,11,2,1560.2422,3900,9,9,18
2322,13,13,2,1561.3346,5000,8,9,18
2323,11,20,2,1561.4699,3000,9,8,15
2324,22,19,2,1562.3933,3500,6,10,20
2325,20,14,2,1562.814,4100,7,10,20
2326,12,18,2,1563.2526,4400,10,8,17
2327,14,19,2,1563.7089,3100,6,9,19
2328,18,15,2,1564.6247,3600,10,10,20
2329,23,19,2,1565.067,4400,7,10,20
2330,24,19,2,1565.1486,3000,10,10,20
2331,23,17,2,1565.4639,3000,9,10,20
2332,19,19,2,1566.1842,3600,10,10,20
2333,12,20,2,1566.4605,4500,7,8,17
2334,21,13,2,1567.3625,3600,10,10,20
2335,25,16,2,1567.4147,4900,9,10,20
2336,22,11,2,1568.1397,3800,7,10,20
2337,13,13,2,1568.8942,4100,7,9,18
2338,13,18,2,1568.9792,5000,7,9,18
2339,17,12,2,1571.2761,3300,6,10,20
2340,12,18,2,1571.6343,4700,6,8,17
2341,17,19,2,1571.6714,4900,8,10,20
2342,24,19,2,1573.0826,5000,9,10,20
2343,13,10,2,1573.6292,3200,7,9,18
2344,19,16,2,1575.1793,3400,10,10,20
2345,23,15,2,1576.8343,4400,7,10,20
2346,17,10,2,1578.3816,4700,10,10,20
2347,15,18,2,1578.7659,5000,7,10,20
2348,16,17,2,1579.5329,4600,8,10,20
2349,18,16,2,1580.0042,4800,7,10,20
2350,12,15,2,1580.0287,3100,10,8,17
2351,12,10,2,1580.2624,4500,7,8,17
2352,17,20,2,1580.6679,4700,9,10,20
2353,24,14,2,1581.5966,3800,7,10,20
2354,20,10,2,1581.6113,4100,7,10,20
2355,22,13,2,1582.2122,4500,6,10,20
2356,17,17,2,1582.5572,4800,7,10,20
2357,23,16,2,1582.6909,3500,7,10,20
2358,24,14,2,1583.5659,4500,7,10,20
2359,18,10,2,1583.8205,3400,6,10,20
2360,19,15,2,1583.9944,3500,9,10,20
2361,19,19,2,1584.7247,5000,10,10,20
2362,18,17,2,1584.8804,4200,6,10,20
2363,11,11,2,1586.0958,4300,9,8,15
2364,11,10,2,1586.9368,3400,6,8,15
2365,11,19,2,1586.9577,4600,8,8,15
2366,20,11,2,1586.9718,4700,10,10,20
2367,20,19,2,1587.7763,4500,10,10,20
2368,16,16,2,1587.8961,4100,7,10,20
2369,18,12,2,1588.6333,4000,9,10,20
2370,21,16,2,1588.7399,4600,10,10,20
2371,15,12,2,1588.898,3800,7,10,20
2372,24,16,2,1590.1706,4900,6,10,20
2373,10,14,2,1590.5874,5000,10,7,14
2374,18,10,2,1591.3474,4200,8,10,20
2375,11,19,2,1592.6944,3900,6,8,15
2376,18,11,2,1593.4569,3900,10,10,20
2377,20,14,2,1593.5507,4500,9,10,20
2378,11,15,2,1593.6807,4500,6,8,15
2379,10,13,2,1595.0948,4300,9,7,14
2380,22,19,2,1596.1314,4900,7,10,20
2381,24,16,2,1596.1356,4400,9,10,20
2382,15,19,2,1596.5488,4200,8,10,20
2383,14,13,2,1598.339,4700,6,9,19
2384,24,11,2,1598.3656,4900,10,10,20
2385,18,20,2,1598.7926,4300,10,10,20
2386,25,14,2,1598.7989,4300,8,10,20
2387,19,13,2,1599.3483,3100,9,10,20
2388,19,15,2,1599.3535,4300,9,10,20
2389,14,16,2,1599.4207,3700,7,9,19
2390,16,15,2,1600.0134,4100,9,10,20
2391,23,20,2,1601.4989,3100,7,10,20
2392,22,17,2,1601.8631,3300,8,10,20
2393,14,15,2,1602.2944,4000,10,9,19
2394,22,19,2,1603.5896,4200,7,10,20
2395,11,10,2,1605.2174,3800,8,8,15
2396,19,14,2,1605.3692,5000,6,10,20
2397,20,10,2,1605.8697,4500,10,10,20
2398,20,11,2,1606.0143,4000,7,10,20
2399,13,15,2,1606.2792,4000,10,9,18
2400,11,16,2,1606.4149,3300,6,8,15
2401,11,20,2,1607.1589,3200,10,8,15
2402,17,19,2,1607.2795,4600,8,10,20
2403,25,11,2,1607.6335,5000,7,10,20
2404,20,16,2,1607.9056,3800,6,10,20
2405,20,18,2,1609.5059,3500,6,10,20
2406,17,16,2,1609.8853,3900,7,10,20
2407,23,11,2,1610.9444,4000,6,10,20
2408,23,20,2,1611.1928,5000,9,10,20
2409,25,14,2,1613.4283,3900,8,10,20
2410,24,12,2,1614.3805,3200,8,10,20
2411,18,13,2,1614.5555,3800,7,10,20
2412,14,13,2,1615.2327,3200,7,9,19
2413,22,15,2,1616.675,3000,6,10,20
2414,16,13,2,1617.1546,4500,6,10,20
2415,18,16,2,1617.2241,4800,8,10,20
2416,19,13,2,1618.7815,5000,7,10,20
2417,13,15,2,1619.0975,3400,8,9,18
2418,14,11,2,1620.3828,4200,6,9,19
2419,25,12,2,1620.4137,3200,9,10,20
2420,11,11,2,1620.4376,3000,10,8,15
2421,20,12,2,1620.9436,3200,8,10,20
2422,10,20,2,1624.1272,3800,10,7,14
2423,10,14,2,1625.2683,3600,10,7,14
2424,11,12,2,1625.3837,3500,8,8,15
2425,17,15,2,1625.9056,5000,7,10,20
2426,22,11,2,1626.181,4900,10,10,20
2427,13,11,2,1628.3586,4300,9,9,18
2428,16,15,2,1629.5102,3000,7,10,20
2429,19,20,2,1630.3843,3500,10,10,20
2430,17,16,2,1630.4803,3100,6,10,20
2431,16,20,2,1631.1962,4200,9,10,20
2432,17,17,2,1631.4074,4900,10,10,20
2433,14,20,2,1631.9903,4800,6,9,19
2434,17,17,2,1633.9202,3500,8,10,20
2435,23,20,2,1633.9919,3200,7,10,20
2436,13,20,2,1635.0158,4800,10,9,18
2437,20,10,2,1635.0555,4800,6,10,20
2438,22,19,2,1635.2594,3000,7,10,20
2439,18,11,2,1637.2611,3400,6,10,20
2440,17,10,2,1637.63,4100,7,10,20
2441,20,12,2,1637.8271,3500,10,10,20
2442,17,11,2,1640.5995,4100,6,10,20
2443,13,19,2,1640.6964,3600,10,9,18
2444,10,18,2,1642.4746,4700,6,7,14
2445,19,18,2,1643.5413,3300,6,10,20
2446,12,14,2,1644.1368,4800,8,8,17
2447,22,17,2,1644.4902,4400,10,10,20
2448,18,18,2,1645.2494,4900,10,10,20
2449,18,10,2,1645.4393,3800,7,10,20
2450,24,14,2,1645.5138,3000,9,10,20
2451,11,18,2,1645.7913,3100,8,8,15
2452,20,18,2,1646.5402,3000,7,10,20
2453,13,12,2,1648.1083,4400,8,9,18
2454,10,15,2,1648.6927,3100,7,7,14
2455,12,12,2,1648.9862,3900,6,8,17
2456,16,15,2,1648.992,4000,8,10,20
2457,22,18,2,1649.2593,4300,7,10,20
2458,24,20,2,1650.4527,4400,7,10,20
2459,11,17,2,1651.7616,4400,6,8,15
2460,25,10,2,1651.8234,4500,7,10,20
2461,22,20,2,1651.8636,3600,8,10,20
2462,15,16,2,1653.569,4400,6,10,20
2463,15,13,2,1653.6111,3800,10,10,20
2464,25,20,2,1653.6765,3900,6,10,20
2465,12,19,2,1654.9141,3200,6,8,17
2466,17,14,2,1655.1179,3200,8,10,20
2467,18,13,2,1655.7525,3900,10,10,20
2468,18,13,2,1657.1123,4200,8,10,20
2469,20,10,2,1659.1275,3500,9,10,20
2470,19,13,2,1659.7511,4000,10,10,20
2471,11,11,2,1661.3817,3300,9,8,15
2472,18,17,2,1661.4505,3100,9,10,20
2473,22,10,2,1662.5537,4000,8,10,20
2474,24,20,2,1663.8054,4500,7,10,20
2475,10,17,2,1664.1157,4900,7,7,14
2476,15,12,2,1664.514,3900,7,10,20
2477,23,12,2,1665.3963,3600,9,10,20
2478,23,18,2,1665.4166,3700,7,10,20
2479,21,18,2,1666.3396,3100,10,10,20
2480,11,18,2,1666.6865,3600,6,8,15
2481,12,20,2,1667.5611,3900,6,8,17
2482,19,13,2,1668.247,5000,6,10,20
2483,14,17,2,1668.9623,4600,9,9,19
2484,18,13,2,1669.2817,4100,6,10,20
2485,14,10,2,1670.1095,4700,8,9,19
2486,18,14,2,1671.2359,4300,10,10,20
2487,18,13,2,1671.6162,3500,8,10,20
2488,14,18,2,1672.3591,4500,8,9,19
2489,16,15,2,1672.5097,4100,10,10,20
2490,10,17,2,1672.6054,3500,8,7,14
2491,22,19,2,1672.875,3000,6,10,20
2492,17,16,2,1672.9758,5000,6,10,20
2493,18,17,2,1673.5317,3200,7,10,20
2494,12,15,2,1673.5721,4100,6,8,17
2495,10,11,2,1674.5537,3700,8,7,14
2496,14,17,2,1675.8714,5000,9,9,19
2497,20,17,2,1676.2803,4700,8,10,20
2498,16,15,2,1676.8539,5000,10,10,20
2499,13,14,2,1677.0182,4800,10,9,18
2500,15,15,2,1677.099,3200,6,10,20
2501,12,11,2,1678.4167,4200,9,8,17
2502,11,15,2,1678.7554,4200,7,8,15
2503,12,16,2,1680.379,4200,7,8,17
2504,11,15,2,1680.6098,4000,6,8,15
2505,15,11,2,1681.0551,4500,7,10,20
2506,24,18,2,1682.0718,4800,9,10,20
2507,12,20,2,1682.9409,3700,10,8,17
2508,25,16,2,1683.8126,4300,10,10,20
2509,12,16,2,1683.9672,4700,7,8,17
2510,21,16,2,1684.5797,3500,7,10,20
2511,16,12,2,1684.8713,4800,10,10,20
2512,23,10,2,1685.6992,3600,8,10,20
2513,24,16,2,1686.2181,4500,8,10,20
2514,10,20,2,1686.6827,3900,6,7,14
2515,12,11,2,1688.8075,4800,6,8,17
2516,17,11,2,1689.2898,4800,6,10,20
2517,24,19,2,1691.0402,3000,10,10,20
2518,14,11,2,1691.9523,3200,10,9,19
2519,16,19,2,1692.0655,3700,6,10,20
2520,12,17,2,1692.3694,4800,9,8,17
2521,18,19,2,1692.8246,5000,8,10,20
2522,25,18,2,1693.1006,3100,9,10,20
2523,11,13,2,1693.253,4600,10,8,15
2524,13,19,2,1694.1149,4700,8,9,18
2525,11,15,2,1694.8345,4000,8,8,15
2526,22,15,2,1694.9929,4600,7,10,20
2527,21,17,2,1696.4737,4700,10,10,20
2528,21,17,2,1696.5481,4400,6,10,20
2529,24,17,2,1697.6726,4900,8,10,20
2530,11,14,2,1700.2074,3900,6,8,15
2531,25,13,2,1700.6814,3300,6,10,20
2532,25,11,2,1701.0949,3600,8,10,20
2533,13,15,2,1701.8184,3200,6,9,18
2534,20,10,2,1702.7492,4600,6,10,20
2535,11,20,2,1704.7374,4300,8,8,15
2536,23,15,2,1704.7929,3200,10,10,20
2537,25,11,2,1705.5711,3000,8,10,20
2538,10,14,2,1706.0139,3500,8,7,14
2539,24,11,2,1706.0848,3500,6,10,20
2540,16,11,2,1709.0186,4300,6,10,20
2541,15,11,2,1711.1358,3200,8,10,20
2542,23,15,2,1711.8704,3500,10,10,20
2543,12,16,2,1712.3895,4100,10,8,17
2544,22,10,2,1712.5018,3100,9,10,20
2545,25,15,2,1713.9676,3500,8,10,20
2546,14,17,2,1714.153,4500,7,9,19
2547,24,12,2,1714.7549,4600,8,10,20
2548,25,11,2,1715.0816,4900,8,10,20
2549,20,17,2,1715.915,3000,7,10,20
2550,12,17,2,1716.1528,3600,9,8,17
2551,22,14,2,1716.9711,4500,7,10,20
2552,14,20,2,1717.302,4700,10,9,19
2553,23,11,2,1717.3642,3100,6,10,20
2554,21,18,2,1717.5933,4200,7,10,20
2555,20,17,2,1717.7358,4100,7,10,20
2556,13,10,2,1718.8307,3500,7,9,18
2557,23,10,2,1719.9793,4400,6,10,20
2558,21,13,2,1720.2638,5000,9,10,20
2559,22,17,2,1720.6291,4300,9,10,20
2560,24,19,2,1720.8621,4000,9,10,20
2561,11,15,2,1721.8652,4400,9,8,15
2562,11,17,2,1721.9907,3600,6,8,15
2563,12,20,2,1722.0479,4700,6,8,17
2564,22,12,2,1722.6007,4300,7,10,20
2565,12,18,2,1722.9352,3700,10,8,17
2566,20,17,2,1723.9188,4100,10,10,20
2567,25,16,2,1724.1085,4200,7,10,20
2568,14,13,2,1724.1562,4500,7,9,19
2569,23,12,2,1725.207,3900,7,10,20
2570,13,12,2,1725.9226,4500,7,9,18
2571,12,11,2,1726.037,4700,10,8,17
2572,24,19,2,1726.3074,4100,10,10,20
2573,15,14,2,1726.4658,3800,9,10,20
2574,24,16,2,1726.5557,4600,7,10,20
2575,24,17,2,1726.5937,3900,9,10,20
2576,14,20,2,1726.6531,4500,7,9,19
2577,18,10,2,1726.9676,3900,7,10,20
2578,15,16,2,1727.1148,4100,9,10,20
2579,23,10,2,1728.0129,3900,10,10,20
2580,21,17,2,1731.0355,3600,6,10,20
2581,19,15,2,1732.1166,4900,9,10,20
2582,19,15,2,1734.5402,5000,10,10,20
2583,12,17,2,1735.7845,3100,10,8,17
2584,12,19,2,1736.0257,3100,7,8,17
2585,21,16,2,1736.1767,4700,7,10,20
2586,25,12,2,1737.0004,4800,7,10,20
2587,22,17,2,1737.1008,4700,9,10,20
2588,25,15,2,1737.2784,3600,7,10,20
2589,18,14,2,1737.9576,4100,10,10,20
2590,17,12,2,1738.1475,4800,7,10,20
2591,23,15,2,1739.4025,4500,9,10,20
2592,12,11,2,1741.0804,3200,6,8,17
2593,11,17,2,1741.1967,3600,10,8,15
2594,24,16,2,1741.6735,4500,8,10,20
2595,15,13,2,1742.7794,4300,9,10,20
2596,19,16,2,1743.6678,4200,6,10,20
2597,17,12,2,1743.8005,3100,7,10,20
2598,24,14,2,1745.0578,4200,10,10,20
2599,24,18,2,1745.1972,4400,8,10,20
2600,21,16,2,1745.8871,5000,8,10,20
2601,17,11,2,1747.0661,4500,9,10,20
2602,12,12,2,1747.6722,4100,9,8,17
2603,17,10,2,1747.8543,5000,8,10,20
2604,14,12,2,1748.5436,3800,6,9,19
2605,14,13,2,1748.6982,3700,7,9,19
2606,19,16,2,1749.9393,3700,6,10,20
2607,15,13,2,1750.3233,4900,6,10,20
2608,17,14,2,1750.9793,3600,10,10,20
2609,25,14,2,1751.4954,4800,10,10,20
2610,21,11,2,1752.1391,4100,10,10,20
2611,16,16,2,1752.3766,4700,10,10,20
2612,11,13,2,1753.1641,3100,9,8,15
2613,12,15,2,1753.5069,3300,6,8,17
2614,15,14,2,1753.9252,4400,10,10,20
2615,21,10,2,1754.1328,4500,6,10,20
2616,12,10,2,1754.4703,4600,7,8,17
2617,19,12,2,1755.8503,3000,6,10,20
2618,21,11,2,1756.0926,3200,10,10,20
2619,25,11,2,1757.2918,4000,9,10,20
2620,13,16,2,1759.2923,4600,9,9,18
2621,24,13,2,1759.6007,4000,9,10,20
2622,19,19,2,1759.6724,4800,8,10,20
2623,17,17,2,1761.2982,3800,7,10,20
2624,22,18,2,1761.3786,3400,8,10,20
2625,16,17,2,1762.508,4100,10,10,20
2626,14,19,2,1763.2637,4500,6,9,19
2627,11,18,2,1764.0722,4300,7,8,15
2628,20,12,2,1764.1986,3400,8,10,20
2629,20,14,2,1764.6185,3000,8,10,20
2630,20,14,2,1766.6362,5000,9,10,20
2631,13,18,2,1767.1304,3300,8,9,18
2632,11,20,2,1767.7819,4600,7,8,15
2633,23,19,2,1768.0275,5000,6,10,20
2634,23,12,2,1769.15,4700,8,10,20
2635,20,19,2,1769.186,3200,7,10,20
2636,10,16,2,1769.5219,4000,9,7,14
2637,13,18,2,1770.0635,3000,10,9,18
2638,15,16,2,1770.971,4000,6,10,20
2639,18,20,2,1771.1095,3900,7,10,20
2640,24,14,2,1771.2273,4700,10,10,20
2641,13,10,2,1772.257,4900,9,9,18
2642,21,16,2,1773.7162,4200,6,10,20
2643,22,11,2,1774.3308,4800,6,10,20
2644,21,19,2,1774.5158,4400,8,10,20
2645,18,10,2,1775.4445,4300,9,10,20
2646,12,15,2,1776.4468,4900,8,8,17
2647,23,18,2,1776.5463,4300,8,10,20
2648,13,18,2,1777.3536,3000,6,9,18
2649,10,11,2,1777.6584,4500,6,7,14
2650,22,11,2,1777.7596,4300,8,10,20
2651,25,10,2,1777.7695,4500,10,10,20
2652,15,16,2,1779.3734,4800,9,10,20
2653,17,20,2,1780.1063,4100,7,10,20
2654,21,12,2,1781.0026,4000,8,10,20
2655,21,17,2,1781.9337,3400,10,10,20
2656,15,12,2,1782.0399,4400,8,10,20
2657,15,17,2,1782.7347,4000,8,10,20
2658,23,19,2,1782.7766,4000,7,10,20
2659,25,10,2,1784.0561,3400,9,10,20
2660,14,13,2,1784.7977,3300,7,9,19
2661,11,16,2,1785.3643,3400,9,8,15
2662,25,20,2,1786.0564,3900,9,10,20
2663,19,13,2,1786.9087,4600,10,10,20
2664,15,16,2,1786.9992,4000,9,10,20
2665,11,10,2,1787.3905,3100,7,8,15
2666,15,16,2,1788.2889,3800,6,10,20
2667,20,11,2,1789.0393,3000,6,10,20
2668,16,13,2,1789.5557,3700,9,10,20
2669,22,20,2,1789.5623,4400,9,10,20
2670,10,12,2,1790.3368,3700,10,7,14
2671,25,20,2,1790.5126,4400,10,10,20
2672,10,10,2,1791.2394,4000,10,7,14
2673,12,13,2,1793.3628,3300,9,8,17
2674,10,19,2,1793.3875,3600,7,7,14
2675,21,16,2,1793.5642,4800,8,10,20
2676,11,11,2,1794.0007,3800,6,8,15
2677,22,10,2,1794.2886,3100,7,10,20
2678,12,14,2,1796.4801,3800,6,8,17
2679,25,19,2,1797.6085,3000,7,10,20
2680,14,20,2,1799.0861,4600,9,9,19
2681,22,18,2,1799.1875,3100,8,10,20
2682,25,19,2,1801.0711,3700,7,10,20
2683,24,16,2,1801.3232,4600,6,10,20
2684,10,15,2,1801.6542,4400,7,7,14
2685,20,18,2,1802.0381,3500,7,10,20
2686,18,11,2,1802.8021,4600,8,10,20
2687,13,12,2,1802.92,4600,7,9,18
2688,16,18,2,1803.1741,3500,7,10,20
2689,25,14,2,1803.9296,4700,7,10,20
2690,15,17,2,1804.4138,3800,6,10,20
2691,13,17,2,1804.7029,3800,9,9,18
2692,16,14,2,1805.9876,3700,8,10,20
2693,23,11,2,1806.6502,4500,9,10,20
2694,25,15,2,1806.9406,4200,9,10,20
2695,19,10,2,1807.143,3400,8,10,20
2696,25,12,2,1807.3636,4100,8,10,20
2697,14,11,2,1807.512,4900,7,9,19
2698,13,18,2,1807.9596,3200,6,9,18
2699,19,19,2,1808.2672,3500,7,10,20
2700,19,20,2,1809.0037,3800,8,10,20
2701,13,11,2,1809.3976,4300,10,9,18
2702,18,10,2,1809.8636,4600,8,10,20
2703,23,14,2,1812.1585,4500,6,10,20
2704,15,12,2,1812.3018,4300,8,10,20
2705,11,20,2,1812.6478,4000,6,8,15
2706,25,13,2,1812.6962,3400,7,10,20
2707,12,16,2,1812.8844,4200,8,8,17
2708,25,10,2,1814.2281,4900,8,10,20
2709,20,19,2,1816.1755,3200,10,10,20
2710,24,17,2,1816.3676,3700,8,10,20
2711,13,11,2,1817.1413,4600,7,9,18
2712,16,13,2,1817.7422,4900,9,10,20
2713,14,14,2,1819.9434,4700,8,9,19
2714,17,15,2,1820.2884,3700,8,10,20
2715,14,14,2,1820.4949,4400,10,9,19
2716,17,19,2,1820.6349,3100,8,10,20
2717,21,11,2,1820.8537,4400,8,10,20
2718,12,18,2,1821.4495,4700,9,8,17
2719,13,10,2,1822.5195,5000,10,9,18
2720,23,17,2,1822.6092,3300,8,10,20
2721,12,10,2,1823.5569,4600,9,8,17
2722,12,14,2,1826.6045,4600,9,8,17
2723,12,15,2,1827.3703,4600,7,8,17
2724,24,12,2,1827.6902,3800,8,10,20
2725,19,11,2,1827.8886,3500,9,10,20
2726,15,17,2,1828.0877,4000,8,10,20
2727,20,12,2,1829.452,3800,6,10,20
2728,20,19,2,1829.6216,4700,9,10,20
2729,17,19,2,1829.6913,4800,9,10,20
2730,19,19,2,1829.9421,3800,10,10,20
2731,16,14,2,1830.1648,4500,7,10,20
2732,11,11,2,1830.3139,3100,8,8,15
2733,14,12,2,1831.4761,4400,7,9,19
2734,21,15,2,1831.5827,3100,10,10,20
2735,19,14,2,1831.6302,4100,6,10,20
2736,17,10,2,1831.7921,5000,10,10,20
2737,24,17,2,1831.9443,3200,9,10,20
2738,23,14,2,1831.9966,4800,10,10,20
2739,21,14,2,1832.6542,4300,8,10,20
2740,21,10,2,1832.7603,4000,10,10,20
2741,17,15,2,1833.6703,3800,6,10,20
2742,18,10,2,1834.9399,4800,6,10,20
2743,22,11,2,1835.9668,3500,10,10,20
2744,11,19,2,1835.9798,4100,10,8,15
2745,18,20,2,1836.6663,4700,8,10,20
2746,19,17,2,1837.0318,4500,9,10,20
2747,18,18,2,1838.4553,3800,6,10,20
2748,25,15,2,1838.5396,4700,9,10,20
2749,16,18,2,1839.9103,5000,7,10,20
2750,10,18,2,1840.3258,4800,7,7,14
2751,17,13,2,1840.6851,3900,6,10,20
2752,16,13,2,1841.5211,4800,10,10,20
2753,18,18,2,1841.62,4900,6,10,20
2754,15,10,2,1841.7444,4100,10,10,20
2755,10,15,2,1842.3645,3900,8,7,14
2756,23,15,2,1842.5212,4800,10,10,20
2757,25,14,2,1842.8392,3300,8,10,20
2758,13,18,2,1842.9676,3500,9,9,18
2759,21,14,2,1844.1689,3500,7,10,20
2760,22,11,2,1844.5264,4000,8,10,20
2761,21,11,2,1845.5963,4900,10,10,20
2762,13,14,2,1845.9936,3100,7,9,18
2763,23,17,2,1846.3411,4500,10,10,20
2764,22,15,2,1846.7422,4000,9,10,20
2765,22,12,2,1846.9036,4200,10,10,20
2766,23,15,2,1847.093,4900,9,10,20
2767,22,15,2,1847.6543,3000,6,10,20
2768,14,14,2,1849.1936,4500,8,9,19
2769,17,14,2,1850.4546,4500,9,10,20
2770,24,12,2,1850.5851,4000,10,10,20
2771,21,18,2,1850.6184,4900,10,10,20
2772,10,20,2,1851.7238,3800,10,7,14
2773,21,18,2,1851.7433,3000,6,10,20
2774,13,19,2,1851.8287,3700,10,9,18
2775,25,19,2,1852.3488,4600,6,10,20
2776,19,19,2,1852.4451,4800,10,10,20
2777,11,18,2,1852.5398,4800,10,8,15
2778,18,12,2,1852.6041,4300,10,10,20
2779,25,10,2,1853.9434,3300,8,10,20
2780,14,16,2,1854.9505,3100,6,9,19
2781,14,19,2,1856.2101,4200,8,9,19
2782,17,13,2,1856.4342,4500,9,10,20
2783,13,17,2,1856.8836,5000,7,9,18
2784,10,16,2,1857.1323,3300,8,7,14
2785,16,16,2,1857.1727,4400,9,10,20
2786,16,20,2,1857.8305,4700,6,10,20
2787,15,16,2,1857.9524,3700,9,10,20
2788,16,13,2,1858.17,3400,8,10,20
2789,23,15,2,1859.5855,3900,6,10,20
2790,10,11,2,1859.6249,3300,6,7,14
2791,25,18,2,1859.9311,3600,7,10,20
2792,20,17,2,1861.1133,4400,8,10,20
2793,20,14,2,1864.5014,4200,9,10,20
2794,15,19,2,1865.1288,4300,6,10,20
2795,21,14,2,1865.6621,4600,6,10,20
2796,14,16,2,1868.5006,4100,9,9,19
2797,13,17,2,1868.5909,4500,7,9,18
2798,23,17,2,1869.1844,4900,10,10,20
2799,20,15,2,1870.0006,3200,7,10,20
2800,15,10,2,1870.0238,4700,6,10,20
2801,19,11,2,1870.9724,4900,8,10,20
2802,11,19,2,1871.0862,4000,6,8,15
2803,17,19,2,1871.9238,4400,8,10,20
2804,11,20,2,1872.2292,4100,8,8,15
2805,14,15,2,1872.614,3200,8,9,19
2806,16,18,2,1875.5557,4800,9,10,20
2807,17,14,2,1875.7782,4500,8,10,20
2808,20,20,2,1876.1853,4600,6,10,20
2809,24,10,2,1876.9575,3200,10,10,20
2810,14,19,2,1877.0058,4300,9,9,19
2811,22,11,2,1877.3726,3800,8,10,20
2812,23,11,2,1877.4601,4400,7,10,20
2813,13,13,2,1877.7592,3400,10,9,18
2814,10,17,2,1878.3668,3000,7,7,14
2815,20,15,2,1878.7107,4000,8,10,20
2816,18,13,2,1879.4155,3300,8,10,20
2817,16,17,2,1880.1014,5000,10,10,20
2818,25,11,2,1880.2644,3600,8,10,20
2819,19,12,2,1881.04,4200,6,10,20
2820,22,17,2,1881.2278,3700,8,10,20
2821,17,11,2,1881.8777,4200,7,10,20
2822,19,15,2,1882.0707,3400,9,10,20
2823,11,14,2,1882.3577,4200,9,8,15
2824,12,19,2,1882.744,3600,10,8,17
2825,23,12,2,1882.8561,3200,6,10,20
2826,11,11,2,1883.1534,3900,6,8,15
2827,17,20,2,1884.068,4700,7,10,20
2828,14,10,2,1884.6181,4000,9,9,19
2829,23,17,2,1884.7483,3100,9,10,20
2830,11,12,2,1885.3484,3400,6,8,15
2831,21,16,2,1885.9717,4900,9,10,20
2832,17,16,2,1886.4564,4600,8,10,20
2833,23,20,2,1886.5074,4200,8,10,20
2834,19,12,2,1886.5243,4200,6,10,20
2835,22,12,2,1887.6064,3400,8,10,20
2836,21,11,2,1887.7093,3300,10,10,20
2837,19,15,2,1887.7211,3500,6,10,20
2838,20,13,2,1887.7588,3000,8,10,20
2839,21,11,2,1888.1898,3100,9,10,20
2840,24,20,2,1888.3121,3300,8,10,20
2841,22,19,2,1891.1966,4100,6,10,20
2842,14,17,2,1891.3661,4800,6,9,19
2843,17,19,2,1891.5349,4600,10,10,20
2844,23,16,2,1892.0086,4300,6,10,20
2845,20,20,2,1893.0745,4600,8,10,20
2846,17,11,2,1893.6165,4100,8,10,20
2847,24,10,2,1894.5647,4000,9,10,20
2848,14,20,2,1894.7153,4200,6,9,19
2849,21,10,2,1895.4665,3600,7,10,20
2850,23,17,2,1896.018,3500,8,10,20
2851,10,11,2,1898.6164,3200,7,7,14
2852,23,19,2,1899.2858,3900,9,10,20
2853,14,12,2,1899.3829,4800,8,9,19
2854,24,11,2,1899.4549,4900,9,10,20
2855,21,14,2,1899.5984,3500,9,10,20
2856,15,12,2,1900.1601,3100,7,10,20
2857,24,13,2,1902.3398,4500,6,10,20
2858,17,17,2,1903.3381,3600,7,10,20
2859,13,15,2,1904.3457,4200,8,9,18
2860,16,18,2,1904.4394,4100,7,10,20
2861,12,10,2,1904.7341,4800,8,8,17
2862,24,16,2,1905.1114,4100,9,10,20
2863,24,19,2,1905.9654,3600,7,10,20
2864,24,12,2,1906.2506,3800,7,10,20
2865,25,14,2,1906.65,4300,7,10,20
2866,10,17,2,1907.8061,5000,7,7,14
2867,21,15,2,1909.1339,4400,8,10,20
2868,15,18,2,1909.2753,4100,7,10,20
2869,17,17,2,1909.8749,4200,6,10,20
2870,14,20,2,1910.1653,4300,6,9,19
2871,22,10,2,1910.4062,3000,9,10,20
2872,23,17,2,1910.6364,4400,8,10,20
2873,10,18,2,1911.7482,4700,7,7,14
2874,21,13,2,1912.6713,4900,10,10,20
2875,19,11,2,1912.8868,5000,6,10,20
2876,22,12,2,1912.9204,3400,7,10,20
2877,24,20,2,1914.2893,4100,7,10,20
2878,22,18,2,1914.7846,4000,6,10,20
2879,16,15,2,1915.2309,3900,7,10,20
2880,22,20,2,1915.4006,4700,10,10,20
2881,18,10,2,1915.4793,4700,10,10,20
2882,12,16,2,1915.5958,4300,7,8,17
2883,23,15,2,1915.6848,3800,10,10,20
2884,19,10,2,1917.8595,3400,8,10,20
2885,12,10,2,1918.1429,3100,7,8,17
2886,15,10,2,1920.2613,3000,9,10,20
2887,18,16,2,1920.7541,4400,8,10,20
2888,11,15,2,1922.4793,4400,8,8,15
2889,10,17,2,1922.6091,3200,9,7,14
2890,20,16,2,1923.4038,3000,9,10,20
2891,22,19,2,1923.6773,4100,6,10,20
2892,21,20,2,1925.0594,4100,9,10,20
2893,18,20,2,1925.0712,3500,10,10,20
2894,14,14,2,1926.1936,4500,8,9,19
2895,25,15,2,1928.0988,3800,9,10,20
2896,12,12,2,1928.8286,5000,7,8,17
2897,23,16,2,1929.0858,3400,9,10,20
2898,11,16,2,1931.1873,3200,8,8,15
2899,22,20,2,1931.7624,5000,10,10,20
2900,24,13,2,1933.4801,3200,9,10,20
2901,25,10,2,1934.9838,4800,10,10,20
2902,17,13,2,1935.4848,4200,9,10,20
2903,15,12,2,1936.0484,4600,7,10,20
2904,25,12,2,1936.3322,4700,6,10,20
2905,19,17,2,1936.5924,3300,10,10,20
2906,14,11,2,1936.6439,4800,9,9,19
2907,22,16,2,1937.4802,4300,10,10,20
2908,24,20,2,1938.3987,4100,9,10,20
2909,25,11,2,1939.2031,3200,8,10,20
2910,22,15,2,1939.3434,4100,10,10,20
2911,15,18,2,1940.7369,4700,10,10,20
2912,18,13,2,1942.6735,4200,10,10,20
2913,17,10,2,1944.8677,4800,10,10,20
2914,10,16,2,1945.3306,4300,7,7,14
2915,16,16,2,1945.4686,4200,10,10,20
2916,17,12,2,1945.8166,3900,7,10,20
2917,16,14,2,1946.0707,4700,10,10,20
2918,22,20,2,1946.1401,3600,6,10,20
2919,16,14,2,1946.5396,3500,9,10,20
2920,15,10,2,1947.1769,4000,6,10,20
2921,19,10,2,1947.6426,4700,7,10,20
2922,16,18,2,1947.6538,3200,9,10,20
2923,13,11,2,1948.4216,3300,10,9,18
2924,15,20,2,1948.8239,3700,8,10,20
2925,16,14,2,1950.2105,4100,6,10,20
2926,14,19,2,1950.5681,4700,10,9,19
2927,10,20,2,1950.6413,3400,9,7,14
2928,19,19,2,1952.964,4100,10,10,20
2929,12,13,2,1953.2859,3500,9,8,17
2930,18,18,2,1953.5601,3800,7,10,20
2931,20,20,2,1954.1946,3800,7,10,20
2932,15,13,2,1954.2816,3300,9,10,20
2933,13,20,2,1954.6247,3000,6,9,18
2934,11,15,2,1955.3308,3200,9,8,15
2935,16,15,2,1956.1347,3800,6,10,20
2936,21,11,2,1956.4777,4800,10,10,20
2937,18,16,2,1956.8751,3700,8,10,20
2938,25,14,2,1957.7565,3300,9,10,20
2939,17,20,2,1959.3053,4300,10,10,20
2940,16,14,2,1959.7823,3900,9,10,20
2941,18,20,2,1960.8378,3800,6,10,20
2942,13,16,2,1960.9869,3500,8,9,18
2943,16,12,2,1961.2543,5000,10,10,20
2944,25,17,2,1961.2954,3900,6,10,20
2945,24,17,2,1962.1215,3300,10,10,20
2946,10,18,2,1963.2817,4400,9,7,14
2947,25,10,2,1963.3133,3000,8,10,20
2948,24,14,2,1964.9609,3000,6,10,20
2949,20,12,2,1965.0263,3100,6,10,20
2950,18,16,2,1966.7522,4700,9,10,20
2951,21,14,2,1968.5365,3900,8,10,20
2952,18,11,2,1969.8719,4500,10,10,20
2953,12,13,2,1969.9604,4100,9,8,17
2954,21,14,2,1970.5206,3000,7,10,20
2955,11,19,2,1970.8184,3800,6,8,15
2956,24,18,2,1971.1046,4500,10,10,20
2957,20,16,2,1971.2013,4500,8,10,20
2958,12,11,2,1971.2384,3600,7,8,17
2959,14,17,2,1971.6754,3700,7,9,19
2960,23,20,2,1972.2529,4600,7,10,20
2961,23,15,2,1973.0167,3400,10,10,20
2962,21,14,2,1973.8667,3800,6,10,20
2963,24,20,2,1975.5303,3400,7,10,20
2964,16,10,2,1975.806,3300,9,10,20
2965,10,12,2,1975.8445,3600,9,7,14
2966,24,20,2,1976.2238,3800,9,10,20
2967,18,10,2,1976.7358,3000,7,10,20
2968,16,14,2,1977.7744,4300,9,10,20
2969,16,11,2,1978.4528,4500,7,10,20
2970,21,10,2,1978.7679,3100,6,10,20
2971,25,15,2,1980.3528,3000,9,10,20
2972,13,15,2,1981.74,4600,10,9,18
2973,23,17,2,1982.5164,4000,9,10,20
2974,21,14,2,1983.7554,4800,9,10,20
2975,24,14,2,1983.7644,3500,9,10,20
2976,21,19,2,1984.3394,4200,7,10,20
2977,25,17,2,1984.6113,3800,9,10,20
2978,22,12,2,1984.8467,3600,8,10,20
2979,12,11,2,1985.1088,3800,9,8,17
2980,22,18,2,1985.3614,3900,9,10,20
2981,16,20,2,1985.5675,3100,9,10,20
2982,18,17,2,1985.6185,3000,8,10,20
2983,17,19,2,1985.6683,4600,6,10,20
2984,17,13,2,1985.8581,3300,10,10,20
2985,18,13,2,1987.6724,3600,10,10,20
2986,23,10,2,1989.0515,4700,9,10,20
2987,22,15,2,1989.0986,4500,7,10,20
2988,16,20,2,1989.5838,4500,8,10,20
2989,20,13,2,1990.6198,3100,10,10,20
2990,19,12,2,1991.1351,3300,10,10,20
2991,16,17,2,1991.7474,3200,8,10,20
2992,24,19,2,1992.6116,3800,9,10,20
2993,11,19,2,1992.7711,3400,7,8,15
2994,24,14,2,1993.36,5000,7,10,20
2995,25,20,2,1993.5684,4900,9,10,20
2996,22,19,2,1994.2962,4900,9,10,20
2997,15,11,2,1994.4536,3800,8,10,20
2998,10,17,2,1994.4892,4200,7,7,14
2999,20,10,2,1995.0417,4800,9,10,20
3000,16,15,2,1996.9775,3900,9,10,20
3001,23,19,2,1997.0275,3100,8,10,20
3002,24,18,2,1997.0988,4900,10,10,20
3003,23,19,2,1997.1878,3100,8,10,20
3004,17,11,2,1997.1948,3700,7,10,20
3005,12,16,2,1998.7766,3300,6,8,17
3006,24,18,2,1999.3346,3800,10,10,20
3007,14,17,2,1999.9293,4500,6,9,19
3008,19,15,2,2000.0455,3800,8,10,20
3009,13,12,2,2000.0917,4800,9,9,18
3010,12,13,2,2001.1216,3500,7,8,17
3011,12,19,2,2001.3207,3700,7,8,17
3012,20,14,2,2001.6621,3300,6,10,20
3013,25,17,2,2002.1198,4000,7,10,20
3014,20,10,2,2002.162,4900,7,10,20
3015,23,13,2,2003.7167,3000,9,10,20
3016,16,14,2,2003.8425,3700,9,10,20
3017,22,18,2,2003.9363,4900,6,10,20
3018,14,15,2,2004.0502,3300,6,9,19
3019,25,17,2,2004.128,4900,9,10,20
3020,25,10,2,2006.2499,3100,7,10,20
3021,18,13,2,2006.3896,4700,6,10,20
3022,21,16,2,2006.8812,4300,7,10,20
3023,21,20,2,2007.1818,4100,8,10,20
3024,17,19,2,2007.9372,4700,6,10,20
3025,11,12,2,2008.022,3000,7,8,15
3026,13,19,2,2009.1454,4000,8,9,18
3027,16,18,2,2009.9431,3300,8,10,20
3028,16,16,2,2010.1863,5000,7,10,20
3029,18,11,2,2011.3078,4100,8,10,20
3030,25,16,2,2014.6461,4400,10,10,20
3031,18,17,2,2014.9818,4600,9,10,20
3032,25,13,2,2015.0045,3200,8,10,20
3033,25,13,2,2015.717,3000,10,10,20
3034,20,15,2,2015.8269,4600,6,10,20
3035,19,11,2,2016.4593,3200,9,10,20
3036,22,13,2,2016.8362,3600,10,10,20
3037,15,16,2,2017.1491,4300,10,10,20
3038,13,19,2,2017.6496,4700,7,9,18
3039,22,18,2,2018.0063,4200,8,10,20
3040,13,15,2,2019.9256,3200,7,9,18
3041,17,10,2,2020.6051,3900,7,10,20
3042,23,16,2,2021.5725,3500,7,10,20
3043,22,10,2,2021.7517,3000,9,10,20
3044,18,13,2,2021.7656,3600,10,10,20
3045,10,12,2,2022.3032,4500,6,7,14
3046,19,17,2,2022.5234,3300,10,10,20
3047,13,19,2,2023.1723,4800,6,9,18
3048,13,13,2,2023.9442,4100,8,9,18
3049,17,18,2,2024.1551,4400,10,10,20
3050,16,19,2,2024.4138,3500,9,10,20
3051,18,19,2,2025.0632,3900,8,10,20
3052,24,16,2,2025.3696,4100,6,10,20
3053,12,11,2,2025.3751,3400,8,8,17
3054,22,17,2,2026.0952,4700,7,10,20
3055,24,11,2,2026.7118,3900,6,10,20
3056,11,15,2,2027.0324,4900,10,8,15
3057,19,10,2,2028.0024,3800,10,10,20
3058,12,12,2,2028.0907,3700,7,8,17
3059,23,10,2,2029.2469,3900,7,10,20
3060,19,13,2,2030.7478,3300,9,10,20
3061,25,16,2,2030.866,4500,10,10,20
3062,11,14,2,2031.0661,3600,8,8,15
3063,12,13,2,2031.1256,4700,6,8,17
3064,10,12,2,2031.2156,3900,7,7,14
3065,22,12,2,2032.177,3400,10,10,20
3066,14,15,2,2032.6763,4400,8,9,19
3067,21,12,2,2033.5875,5000,6,10,20
3068,14,14,2,2033.7363,4600,8,9,19
3069,10,20,2,2035.5986,5000,6,7,14
3070,17,10,2,2037.0537,4100,10,10,20
3071,25,19,2,2037.1424,3100,8,10,20
3072,14,10,2,2037.3443,4500,8,9,19
3073,13,15,2,2038.4831,4800,8,9,18
3074,21,14,2,2038.7575,4800,6,10,20
3075,17,16,2,2039.4304,3700,10,10,20
3076,22,17,2,2040.4354,3300,9,10,20
3077,12,17,2,2040.5287,3100,8,8,17
3078,14,13,2,2040.9504,3800,6,9,19
3079,16,20,2,2042.1494,5000,10,10,20
3080,11,19,2,2043.46,4000,7,8,15
3081,10,18,2,2043.7587,4400,7,7,14
3082,13,12,2,2044.7638,3600,6,9,18
3083,19,19,2,2045.1109,5000,6,10,20
3084,23,18,2,2045.6926,5000,10,10,20
3085,23,12,2,2045.8323,3600,6,10,20
3086,10,12,2,2045.8823,3300,6,7,14
3087,18,12,2,2047.4401,3500,9,10,20
3088,20,12,2,2049.2633,4100,9,10,20
3089,18,13,2,2049.4609,3100,10,10,20
3090,19,20,2,2049.9898,5000,6,10,20
3091,11,13,2,2050.0204,3500,8,8,15
3092,25,15,2,2050.7797,4800,10,10,20
3093,24,12,2,2050.84,4800,9,10,20
3094,13,12,2,2052.5513,3400,8,9,18
3095,23,14,2,2052.8714,4000,7,10,20
3096,10,19,2,2052.9125,4200,9,7,14
3097,16,18,2,2054.0801,4700,8,10,20
3098,12,18,2,2055.8957,3300,10,8,17
3099,21,10,2,2056.1983,5000,10,10,20
3100,25,14,2,2057.4161,4100,8,10,20
3101,22,19,2,2059.9272,4800,8,10,20
3102,15,20,2,2061.0966,4900,8,10,20
3103,15,13,2,2061.1339,3200,10,10,20
3104,23,18,2,2061.3935,3600,10,10,20
3105,12,17,2,2061.8808,3500,7,8,17
3106,13,11,2,2062.1743,3200,6,9,18
3107,23,20,2,2062.2964,4500,10,10,20
3108,21,11,2,2063.3034,3000,7,10,20
3109,22,16,2,2063.53,3400,7,10,20
3110,10,20,2,2065.5926,4600,9,7,14
3111,20,11,2,2065.6638,4100,6,10,20
3112,15,17,2,2065.7967,3800,10,10,20
3113,10,18,2,2065.9531,3500,9,7,14
3114,19,12,2,2066.0052,4300,7,10,20
3115,22,20,2,2066.5446,4600,6,10,20
3116,22,18,2,2066.6192,4500,8,10,20
3117,19,19,2,2066.7171,4500,7,10,20
3118,10,14,2,2066.9905,3100,8,7,14
3119,20,18,2,2067.1659,4600,8,10,20
3120,25,14,2,2067.8174,4400,9,10,20
3121,19,12,2,2067.9047,3600,10,10,20
3122,18,13,2,2068.0505,4200,9,10,20
3123,21,14,2,2068.4305,4900,9,10,20
3124,14,16,2,2069.0438,3900,10,9,19
3125,16,20,2,2070.4161,3900,10,10,20
3126,18,18,2,2071.3013,5000,8,10,20
3127,18,16,2,2071.5916,3600,8,10,20
3128,16,16,2,2072.4496,3000,10,10,20
3129,13,16,2,2072.6801,3500,8,9,18
3130,11,19,2,2073.666,4200,7,8,15
3131,18,15,2,2073.7513,3300,10,10,20
3132,14,13,2,2074.2896,3900,7,9,19
3133,22,14,2,2075.0294,4800,6,10,20
3134,12,16,2,2075.1388,3500,7,8,17
3135,23,11,2,2075.7842,4400,6,10,20
3136,13,19,2,2075.8115,4600,6,9,18
3137,15,18,2,2076.3149,3500,8,10,20
3138,13,10,2,2077.4396,5000,7,9,18
3139,13,16,2,2078.5976,4400,9,9,18
3140,18,12,2,2079.4282,3600,9,10,20
3141,25,19,2,2080.5816,4300,10,10,20
3142,18,15,2,2080.6226,3800,7,10,20
3143,18,17,2,2081.1591,3200,7,10,20
3144,25,10,2,2081.2109,3000,10,10,20
3145,17,20,2,2081.5953,4200,7,10,20
3146,16,13,2,2081.8846,3000,10,10,20
3147,12,16,2,2082.1007,3100,6,8,17
3148,23,12,2,2083.2438,5000,10,10,20
3149,11,18,2,2083.3593,3300,10,8,15
3150,12,17,2,2083.6234,3200,10,8,17
3151,24,14,2,2084.6512,3100,8,10,20
3152,25,15,2,2084.7807,3800,7,10,20
3153,25,19,2,2085.1894,4300,10,10,20
3154,12,20,2,2085.66,4200,8,8,17
3155,19,16,2,2085.8056,3100,9,10,20
3156,11,14,2,2086.4444,4700,10,8,15
3157,25,16,2,2088.0305,3600,10,10,20
3158,20,11,2,2088.9375,3900,9,10,20
3159,25,20,2,2089.9481,3000,6,10,20
3160,14,19,2,2090.5216,4900,10,9,19
3161,12,19,2,2091.6655,4500,7,8,17
3162,17,11,2,2091.6658,3700,7,10,20
3163,20,12,2,2092.2554,3700,10,10,20
3164,10,11,2,2093.0457,4200,6,7,14
3165,17,14,2,2093.5939,4100,8,10,20
3166,23,15,2,2093.7893,4300,9,10,20
3167,20,10,2,2093.9085,4600,10,10,20
3168,14,12,2,2095.5864,3900,8,9,19
3169,15,17,2,2096.7366,4100,7,10,20
3170,20,13,2,2097.3783,4300,8,10,20
3171,16,14,2,2097.7413,3600,9,10,20
3172,23,12,2,2097.8213,3900,7,10,20
3173,24,13,2,2098.0333,3900,6,10,20
3174,22,14,2,2098.803,3900,7,10,20
3175,23,20,2,2098.9141,3900,7,10,20
3176,10,12,2,2100.8427,4600,9,7,14
3177,14,15,2,2100.9406,4000,10,9,19
3178,10,11,2,2102.3079,4700,6,7,14
3179,16,11,2,2103.1708,5000,10,10,20
3180,12,15,2,2103.4551,3200,10,8,17
3181,20,13,2,2104.9116,4300,10,10,20
3182,12,19,2,2105.3911,4600,7,8,17
3183,17,14,2,2105.9435,5000,7,10,20
3184,18,11,2,2106.6126,4800,10,10,20
3185,10,14,2,2107.0943,4300,10,7,14
3186,17,12,2,2107.5937,5000,10,10,20
3187,14,19,2,2107.8327,4100,6,9,19
3188,25,10,2,2107.9059,4000,10,10,20
3189,10,15,2,2108.8399,3900,10,7,14
3190,18,19,2,2109.8526,4800,9,10,20
3191,19,15,2,2110.5129,3300,6,10,20
3192,12,12,2,2111.5474,3000,8,8,17
3193,23,10,2,2111.5782,3100,10,10,20
3194,10,13,2,2111.9016,4200,9,7,14
3195,15,16,2,2112.894,3700,7,10,20
3196,19,12,2,2114.1707,4600,10,10,20
3197,11,20,2,2114.314,4100,8,8,15
3198,10,14,2,2115.5476,3700,8,7,14
3199,17,18,2,2115.6102,4600,6,10,20
3200,11,17,2,2115.6917,3700,6,8,15
3201,18,14,2,2116.3595,3700,6,10,20
3202,15,17,2,2116.9123,3900,9,10,20
3203,21,15,2,2117.0702,3200,9,10,20
3204,14,11,2,2119.643,4000,10,9,19
3205,14,12,2,2119.756,4400,10,9,19
3206,16,11,2,2119.8467,4700,9,10,20
3207,16,15,2,2121.7254,4000,8,10,20
3208,17,14,2,2121.91,3900,7,10,20
3209,24,18,2,2121.9955,3000,8,10,20
3210,23,11,2,2123.1129,3300,9,10,20
3211,14,13,2,2123.203,4700,7,9,19
3212,16,13,2,2124.4442,3600,7,10,20
3213,16,20,2,2124.9651,4400,10,10,20
3214,23,15,2,2125.3577,4500,10,10,20
3215,12,18,2,2125.4116,4700,6,8,17
3216,16,20,2,2126.5498,3200,8,10,20
3217,13,12,2,2126.5708,4500,10,9,18
3218,12,13,2,2127.2418,3400,10,8,17
3219,12,10,2,2127.6902,4300,10,8,17
3220,11,20,2,2128.6425,3300,6,8,15
3221,19,16,2,2128.8813,3500,6,10,20
3222,15,15,2,2132.386,5000,7,10,20
3223,19,19,2,2132.4078,3000,10,10,20
3224,14,10,2,2133.9132,3600,10,9,19
3225,25,19,2,2134.1336,3100,7,10,20
3226,23,20,2,2134.9376,4200,8,10,20
3227,20,11,2,2136.2292,4000,7,10,20
3228,20,10,2,2138.3056,4800,6,10,20
3229,17,18,2,2140.7925,4800,8,10,20
3230,16,11,2,2141.0424,3700,8,10,20
3231,23,15,2,2141.1211,3600,10,10,20
3232,17,14,2,2141.3555,3800,8,10,20
3233,10,11,2,2141.3642,3100,10,7,14
3234,25,10,2,2141.4815,3500,10,10,20
3235,20,12,2,2141.598,4200,9,10,20
3236,25,20,2,2143.1398,3000,6,10,20
3237,14,12,2,2143.3859,3400,9,9,19
3238,10,16,2,2143.4499,3800,9,7,14
3239,19,16,2,2143.7125,3100,7,10,20
3240,13,18,2,2143.8272,4600,7,9,18
3241,22,13,2,2144.2656,3900,6,10,20
3242,13,20,2,2144.7833,3700,7,9,18
3243,23,10,2,2145.6723,3100,9,10,20
3244,13,11,2,2146.2257,4200,10,9,18
3245,20,15,2,2147.4172,3300,8,10,20
3246,15,16,2,2147.5972,3100,9,10,20
3247,23,11,2,2148.0643,3100,10,10,20
3248,20,17,2,2148.113,4200,10,10,20
3249,12,20,2,2148.8605,4100,10,8,17
3250,12,20,2,2149.3365,4400,10,8,17
3251,25,17,2,2150.6509,4100,6,10,20
3252,17,14,2,2151.4636,4700,9,10,20
3253,17,12,2,2151.7768,3400,8,10,20
3254,23,18,2,2152.3768,3700,6,10,20
3255,12,20,2,2152.4914,3500,6,8,17
3256,10,19,2,2154.2266,4600,10,7,14
3257,14,20,2,2154.9743,3400,8,9,19
3258,23,17,2,2156.0768,3000,9,10,20
3259,14,14,2,2156.1933,4400,9,9,19
3260,16,17,2,2157.0418,4300,7,10,20
3261,17,10,2,2157.1874,4700,10,10,20
3262,15,18,2,2157.5932,3700,6,10,20
3263,21,20,2,2158.3842,4300,7,10,20
3264,22,18,2,2159.3769,3300,10,10,20
3265,11,15,2,2159.6884,4500,9,8,15
3266,19,20,2,2159.9667,3800,10,10,20
3267,14,13,2,2161.4708,4500,9,9,19
3268,11,16,2,2163.001,3500,6,8,15
3269,25,18,2,2165.035,3000,6,10,20
3270,13,13,2,2165.6461,4100,9,9,18
3271,19,19,2,2167.2541,3400,10,10,20
3272,13,14,2,2168.2684,3100,8,9,18
3273,20,17,2,2170.2637,3600,8,10,20
3274,15,13,2,2171.0069,3800,10,10,20
3275,15,10,2,2171.1835,3300,6,10,20
3276,18,17,2,2171.7455,4500,8,10,20
3277,14,12,2,2173.3833,3100,6,9,19
3278,10,18,2,2173.731,3700,8,7,14
3279,23,16,2,2173.8928,4100,10,10,20
3280,16,10,2,2175.0942,4800,6,10,20
3281,17,13,2,2175.4758,3100,10,10,20
3282,12,16,2,2176.1321,4100,10,8,17
3283,14,14,2,2178.2999,4100,7,9,19
3284,13,14,2,2178.3053,4900,6,9,18
3285,17,11,2,2178.3834,3900,10,10,20
3286,15,10,2,2178.6296,3200,6,10,20
3287,21,12,2,2178.6731,3100,6,10,20
3288,25,20,2,2178.8477,4100,7,10,20
3289,11,16,2,2179.7783,4800,7,8,15
3290,20,13,2,2180.0546,5000,9,10,20
3291,12,19,2,2181.1892,3200,6,8,17
3292,14,12,2,2181.9996,4100,9,9,19
3293,12,19,2,2182.136,4300,7,8,17
3294,14,17,2,2182.2053,3900,9,9,19
3295,13,15,2,2183.2332,3700,9,9,18
3296,22,10,2,2183.8121,4500,6,10,20
3297,20,10,2,2183.9213,4300,7,10,20
3298,14,20,2,2184.1316,4200,8,9,19
3299,16,14,2,2184.817,4800,7,10,20
3300,24,15,2,2185.0193,3700,6,10,20
3301,25,10,2,2186.7777,3200,9,10,20
3302,17,15,2,2186.9777,3700,8,10,20
3303,25,18,2,2188.4955,4200,8,10,20
3304,12,12,2,2188.5778,4200,10,8,17
3305,23,14,2,2188.8062,3300,9,10,20
3306,22,16,2,2189.256,4000,10,10,20
3307,14,11,2,2189.7982,3300,9,9,19
3308,23,11,2,2190.3228,4300,8,10,20
3309,10,11,2,2190.457,4500,10,7,14
3310,11,11,2,2190.4756,3700,9,8,15
3311,12,11,2,2190.733,5000,6,8,17
3312,18,11,2,2190.9973,3300,6,10,20
3313,15,11,2,2191.2241,4100,6,10,20
3314,18,16,2,2191.6665,3200,8,10,20
3315,25,16,2,2191.7496,3400,7,10,20
3316,12,19,2,2192.5437,4500,8,8,17
3317,25,15,2,2193.6196,3100,8,10,20
3318,23,19,2,2193.9846,4300,10,10,20
3319,24,14,2,2194.4529,4600,7,10,20
3320,19,11,2,2194.5653,4000,8,10,20
3321,20,16,2,2194.6846,3500,10,10,20
3322,17,15,2,2195.7543,3600,10,10,20
3323,14,13,2,2195.9286,3900,9,9,19
3324,17,12,2,2196.0515,3100,7,10,20
3325,10,20,2,2196.2323,3200,7,7,14
3326,17,17,2,2196.4004,4100,8,10,20
3327,23,13,2,2196.5369,4200,9,10,20
3328,25,10,2,2197.0921,4200,7,10,20
3329,23,12,2,2197.7175,5000,7,10,20
3330,13,19,2,2197.7973,4700,9,9,18
3331,11,12,2,2198.0039,4600,6,8,15
3332,18,17,2,2198.1217,4600,6,10,20
3333,25,19,2,2198.4051,4200,10,10,20
3334,21,15,2,2199.2349,3700,9,10,20
3335,16,13,2,2200.1116,3000,10,10,20
3336,17,20,2,2200.7235,3900,10,10,20
3337,21,20,2,2201.1774,4800,9,10,20
3338,15,13,2,2201.5818,3200,7,10,20
3339,23,18,2,2201.6894,4100,10,10,20
3340,12,13,2,2202.4278,3800,7,8,17
3341,21,11,2,2203.6429,4500,8,10,20
3342,10,18,2,2204.3488,3600,7,7,14
3343,13,10,2,2204.4408,5000,6,9,18
3344,21,19,2,2204.516,3800,9,10,20
3345,25,17,2,2205.5142,3300,6,10,20
3346,24,12,2,2207.9033,3600,7,10,20
3347,14,11,2,2207.9675,3100,8,9,19
3348,11,10,2,2208.3931,3700,6,8,15
3349,17,11,2,2208.4207,3800,8,10,20
3350,22,17,2,2209.6854,4400,9,10,20
3351,15,12,2,2209.8269,4400,9,10,20
3352,12,19,2,2211.3889,3100,6,8,17
3353,17,14,2,2211.8864,3000,9,10,20
3354,23,10,2,2213.0432,3400,8,10,20
3355,22,17,2,2213.1423,4600,8,10,20
3356,20,10,2,2215.3177,4600,7,10,20
3357,13,10,2,2215.337,3900,9,9,18
3358,17,11,2,2215.5083,4100,9,10,20
3359,18,11,2,2215.7099,3100,6,10,20
3360,25,17,2,2217.0624,4000,6,10,20
3361,22,10,2,2217.2984,3500,8,10,20
3362,18,18,2,2220.7121,3800,7,10,20
3363,23,18,2,2221.6405,3100,9,10,20
3364,25,15,2,2221.7044,3500,8,10,20
3365,23,18,2,2222.9892,5000,10,10,20
3366,17,18,2,2223.6844,4700,6,10,20
3367,20,15,2,2224.5628,3400,10,10,20
3368,24,14,2,2224.5973,4400,6,10,20
3369,13,16,2,2226.4619,5000,9,9,18
3370,18,20,2,2227.2352,3800,10,10,20
3371,13,13,2,2227.4706,3100,10,9,18
3372,18,20,2,2229.5543,4600,6,10,20
3373,19,13,2,2230.4092,4500,7,10,20
3374,15,12,2,2230.9107,3000,7,10,20
3375,22,12,2,2231.1892,3200,7,10,20
3376,13,12,2,2231.1908,3600,9,9,18
3377,14,20,2,2231.3422,4500,8,9,19
3378,24,13,2,2231.7035,4500,10,10,20
3379,11,13,2,2232.9475,3800,7,8,15
3380,12,13,2,2233.1763,4700,7,8,17
3381,11,13,2,2234.1241,4600,10,8,15
3382,21,12,2,2234.2724,3600,7,10,20
3383,20,17,2,2235.3374,3500,8,10,20
3384,21,13,2,2235.7131,4200,9,10,20
3385,10,15,2,2235.9285,3600,10,7,14
3386,18,19,2,2236.4041,3600,7,10,20
3387,22,20,2,2237.314,4000,10,10,20
3388,22,17,2,2238.1035,5000,7,10,20
3389,21,14,2,2238.3652,3300,8,10,20
3390,17,20,2,2238.3953,4600,10,10,20
3391,13,15,2,2238.4199,3600,9,9,18
3392,10,10,2,2240.649,4600,10,7,14
3393,16,17,2,2242.4692,3900,10,10,20
3394,22,10,2,2242.6506,4300,9,10,20
3395,21,13,2,2243.1221,4400,9,10,20
3396,18,12,2,2243.5145,3500,7,10,20
3397,10,19,2,2243.8253,4400,8,7,14
3398,15,10,2,2245.1838,3500,7,10,20
3399,25,10,2,2247.0005,3700,8,10,20
3400,11,11,2,2247.7705,3600,8,8,15
3401,18,17,2,2248.0231,4800,6,10,20
3402,14,13,2,2248.0506,3700,7,9,19
3403,11,11,2,2249.4446,3500,10,8,15
3404,23,11,2,2250.434,4800,10,10,20
3405,24,18,2,2250.9124,3400,9,10,20
3406,10,19,2,2251.2925,3200,7,7,14
3407,23,16,2,2253.8029,5000,8,10,20
3408,21,12,2,2254.2066,3800,6,10,20
3409,17,12,2,2255.0221,4300,8,10,20
3410,20,15,2,2258.501,3800,10,10,20
3411,19,16,2,2258.8494,5000,10,10,20
3412,17,19,2,2259.3819,4300,8,10,20
3413,10,16,2,2259.4001,5000,8,7,14
3414,16,20,2,2260.781,4100,10,10,20
3415,16,17,2,2261.9735,4600,10,10,20
3416,20,14,2,2262.9382,3700,8,10,20
3417,22,13,2,2264.2935,4000,10,10,20
3418,12,20,2,2264.9295,4300,7,8,17
3419,23,13,2,2265.2919,4600,6,10,20
3420,25,14,2,2266.1326,3800,8,10,20
3421,24,19,2,2266.3488,4300,10,10,20
3422,11,11,2,2266.3713,4600,7,8,15
3423,19,10,2,2266.8785,4400,6,10,20
3424,15,20,2,2266.9486,3600,7,10,20
3425,21,10,2,2267.0516,4000,6,10,20
3426,24,15,2,2268.3792,3000,7,10,20
3427,12,10,2,2271.2489,3500,10,8,17
3428,18,19,2,2273.1489,3300,10,10,20
3429,18,13,2,2273.7824,3100,10,10,20
3430,18,16,2,2275.1797,4800,8,10,20
3431,25,20,2,2276.9201,4800,10,10,20
3432,22,13,2,2277.5013,4700,10,10,20
3433,21,14,2,2277.7655,4200,9,10,20
3434,17,20,2,2279.9873,4400,9,10,20
3435,24,14,2,2281.7942,4700,8,10,20
3436,16,10,2,2282.1903,4100,10,10,20
3437,13,13,2,2284.0259,3700,8,9,18
3438,17,17,2,2285.1747,3900,6,10,20
3439,21,18,2,2287.5134,3500,10,10,20
3440,20,10,2,2287.5381,3500,10,10,20
3441,20,12,2,2287.5386,4600,9,10,20
3442,10,12,2,2288.2166,3700,10,7,14
3443,15,11,2,2288.5821,3900,8,10,20
3444,16,18,2,2288.8424,3500,6,10,20
3445,21,11,2,2289.2871,5000,7,10,20
3446,14,20,2,2290.1767,4700,8,9,19
3447,15,14,2,2290.2736,3300,8,10,20
3448,17,10,2,2290.3207,3400,7,10,20
3449,19,18,2,2291.0553,3000,6,10,20
3450,23,15,2,2291.7929,5000,8,10,20
3451,10,16,2,2292.8776,3900,8,7,14
3452,24,11,2,2292.9292,4000,6,10,20
3453,20,18,2,2293.098,4000,7,10,20
3454,25,11,2,2293.4067,4500,8,10,20
3455,24,19,2,2293.6326,4300,9,10,20
3456,11,10,2,2293.9675,4500,6,8,15
3457,20,13,2,2294.2342,3900,10,10,20
3458,25,17,2,2295.8126,4500,8,10,20
3459,25,16,2,2295.9688,3700,10,10,20
3460,16,16,2,2297.0576,4700,6,10,20
3461,22,14,2,2297.3575,4000,10,10,20
3462,25,14,2,2298.9101,5000,10,10,20
3463,11,20,2,2301.0734,4000,10,8,15
3464,22,15,2,2301.3318,3800,7,10,20
3465,21,20,2,2302.4668,4700,6,10,20
3466,18,17,2,2303.3212,4400,8,10,20
3467,19,20,2,2304.3087,3600,6,10,20
3468,13,14,2,2304.7944,4100,8,9,18
3469,11,15,2,2305.1102,3200,9,8,15
3470,25,10,2,2305.8708,4100,8,10,20
3471,16,15,2,2306.0845,4900,7,10,20
3472,13,10,2,2306.3432,3200,7,9,18
3473,23,13,2,2306.7731,4800,8,10,20
3474,11,18,2,2308.369,4200,8,8,15
3475,23,16,2,2309.1507,4900,10,10,20
3476,20,14,2,2312.3766,5000,10,10,20
3477,15,20,2,2312.5985,3800,8,10,20
3478,14,10,2,2313.2342,4200,10,9,19
3479,11,12,2,2313.5686,3800,8,8,15
3480,20,20,2,2313.6655,3400,8,10,20
3481,10,10,2,2313.9079,4600,7,7,14
3482,25,14,2,2314.1941,4800,10,10,20
3483,23,20,2,2314.6899,4900,10,10,20
3484,20,13,2,2315.599,4100,9,10,20
3485,10,11,2,2316.3339,5000,8,7,14
3486,16,20,2,2316.9578,4100,9,10,20
3487,11,17,2,2317.3339,3600,6,8,15
3488,22,18,2,2318.6539,3200,9,10,20
3489,19,17,2,2319.0962,4300,8,10,20
3490,25,15,2,2319.8367,4500,8,10,20
3491,20,19,2,2320.363,5000,9,10,20
3492,18,11,2,2320.9625,3600,7,10,20
3493,21,17,2,2325.7005,3600,10,10,20
3494,19,14,2,2326.0199,3100,8,10,20
3495,13,20,2,2326.3718,3400,9,9,18
3496,13,20,2,2327.9415,4000,7,9,18
3497,14,15,2,2328.4974,3800,9,9,19
3498,10,12,2,2328.611,3200,10,7,14
3499,14,15,2,2328.6257,3000,9,9,19
3500,18,14,2,2329.9275,4300,7,10,20
3501,24,13,2,2330.2772,3500,8,10,20
3502,12,17,2,2330.608,3300,9,8,17
3503,10,14,2,2331.1459,3900,8,7,14
3504,22,10,2,2331.4122,4500,8,10,20
3505,19,11,2,2331.7907,4300,9,10,20
3506,13,10,2,2331.9572,4800,6,9,18
3507,23,20,2,2332.3929,3100,10,10,20
3508,11,11,2,2332.7237,3800,7,8,15
3509,15,17,2,2333.1752,4800,8,10,20
3510,13,11,2,2333.9288,3600,7,9,18
3511,18,20,2,2333.9525,4300,7,10,20
3512,10,15,2,2334.2732,4100,10,7,14
3513,21,12,2,2334.4691,4000,10,10,20
3514,23,11,2,2334.8943,3500,6,10,20
3515,19,12,2,2336.5497,4000,10,10,20
3516,20,10,2,2337.6825,4200,9,10,20
3517,20,19,2,2338.1429,4700,6,10,20
3518,16,10,2,2338.9972,4100,10,10,20
3519,15,13,2,2339.3195,3400,9,10,20
3520,22,12,2,2339.3361,4600,9,10,20
3521,17,12,2,2340.4023,4000,10,10,20
3522,12,16,2,2341.0595,4000,8,8,17
3523,20,10,2,2341.2809,5000,6,10,20
3524,13,13,2,2341.8931,4300,10,9,18
3525,13,15,2,2342.4129,3800,6,9,18
3526,19,17,2,2344.9887,4100,9,10,20
3527,12,14,2,2345.301,4900,9,8,17
3528,18,12,2,2346.2342,3100,8,10,20
3529,23,14,2,2347.399,3100,7,10,20
3530,24,10,2,2347.7498,3500,10,10,20
3531,20,11,2,2348.2077,4600,8,10,20
3532,21,20,2,2348.609,3000,7,10,20
3533,17,20,2,2348.6808,3700,9,10,20
3534,21,15,2,2348.8856,4000,7,10,20
3535,22,16,2,2349.5681,3100,10,10,20
3536,25,15,2,2349.7716,4100,7,10,20
3537,19,16,2,2349.9815,3900,10,10,20
3538,19,15,2,2350.0306,4300,7,10,20
3539,10,10,2,2352.3178,4300,8,7,14
3540,19,12,2,2353.5438,5000,8,10,20
3541,24,10,2,2354.0568,4900,8,10,20
3542,25,20,2,2355.5389,4300,6,10,20
3543,23,10,2,2355.6559,3500,9,10,20
3544,18,12,2,2356.0217,3800,7,10,20
3545,17,11,2,2356.3617,4700,9,10,20
3546,16,18,2,2356.4844,4000,6,10,20
3547,12,13,2,2356.7879,3600,7,8,17
3548,13,14,2,2357.2155,4900,7,9,18
3549,12,20,2,2357.4761,4300,6,8,17
3550,10,20,2,2357.8917,4600,7,7,14
3551,23,14,2,2358.5251,4600,10,10,20
3552,15,16,2,2358.8718,3300,7,10,20
3553,23,12,2,2358.9034,4500,8,10,20
3554,25,18,2,2358.9954,4200,9,10,20
3555,15,15,2,2359.1615,4700,6,10,20
3556,25,14,2,2360.1149,3400,8,10,20
3557,20,15,2,2361.4328,4600,6,10,20
3558,12,15,2,2361.4362,4700,6,8,17
3559,11,16,2,2362.2181,3000,10,8,15
3560,22,15,2,2363.0899,5000,7,10,20
3561,24,13,2,2363.1663,4700,8,10,20
3562,21,13,2,2363.2449,3100,9,10,20
3563,20,18,2,2363.3261,3800,6,10,20
3564,12,13,2,2363.8245,3400,9,8,17
3565,19,11,2,2364.0635,3800,7,10,20
3566,14,11,2,2369.1219,3400,9,9,19
3567,20,15,2,2370.0548,4300,7,10,20
3568,16,11,2,2370.7106,5000,10,10,20
3569,25,14,2,2371.0581,4600,6,10,20
3570,16,17,2,2371.2154,4700,6,10,20
3571,15,12,2,2371.9511,5000,7,10,20
3572,16,15,2,2372.7574,3000,9,10,20
3573,16,11,2,2373.9923,3200,8,10,20
3574,10,15,2,2374.268,3900,9,7,14
3575,24,13,2,2374.8821,4400,6,10,20
3576,19,16,2,2375.2024,3900,6,10,20
3577,22,10,2,2376.7299,3300,9,10,20
3578,18,15,2,2377.0916,3400,10,10,20
3579,13,17,2,2377.4034,4900,9,9,18
3580,17,13,2,2378.0448,3500,10,10,20
3581,15,10,2,2378.1687,3200,6,10,20
3582,13,12,2,2378.3387,4100,9,9,18
3583,10,11,2,2378.4652,3300,9,7,14
3584,13,14,2,2378.7439,3400,9,9,18
3585,19,18,2,2379.419,4300,10,10,20
3586,13,20,2,2379.6797,5000,10,9,18
3587,20,12,2,2379.7638,3100,8,10,20
3588,14,12,2,2380.1327,3800,7,9,19
3589,19,20,2,2380.4079,3000,7,10,20
3590,10,11,2,2380.5191,3500,6,7,14
3591,12,13,2,2380.5799,3000,8,8,17
3592,20,17,2,2380.9474,3100,7,10,20
3593,25,11,2,2382.4586,3000,9,10,20
3594,23,19,2,2384.4447,3600,8,10,20
3595,25,19,2,2384.4909,3100,9,10,20
3596,11,13,2,2384.8087,3400,10,8,15
3597,13,19,2,2385.1088,5000,7,9,18
3598,12,20,2,2385.5528,4300,6,8,17
3599,18,10,2,2386.7879,4500,8,10,20
3600,14,13,2,2388.8579,3900,7,9,19
3601,11,13,2,2392.0579,4700,6,8,15
3602,13,11,2,2393.4366,4000,6,9,18
3603,10,10,2,2394.5671,4300,6,7,14
3604,10,10,2,2395.0507,4200,10,7,14
3605,10,19,2,2395.2387,3500,9,7,14
3606,22,12,2,2395.3499,4600,7,10,20
3607,15,18,2,2395.5994,3400,10,10,20
3608,12,15,2,2395.6793,4500,9,8,17
3609,18,19,2,2396.5976,3300,8,10,20
3610,16,14,2,2396.7747,3800,7,10,20
3611,24,19,2,2397.3757,3600,10,10,20
3612,17,17,2,2397.5181,4100,8,10,20
3613,17,10,2,2398.8959,5000,9,10,20
3614,20,16,2,2399.1852,3300,9,10,20
3615,14,17,2,2400.6656,4400,9,9,19
3616,17,17,2,2401.3701,4400,9,10,20
3617,11,16,2,2401.3717,4700,9,8,15
3618,16,11,2,2402.0701,3400,8,10,20
3619,24,18,2,2402.1087,3800,8,10,20
3620,23,10,2,2402.268,3000,10,10,20
3621,16,18,2,2402.3396,4500,7,10,20
3622,15,13,2,2402.5682,4500,7,10,20
3623,22,20,2,2402.708,3600,6,10,20
3624,25,20,2,2403.1906,3600,8,10,20
3625,14,17,2,2403.213,3100,10,9,19
3626,16,15,2,2403.9211,4400,9,10,20
3627,16,20,2,2406.7868,3700,8,10,20
3628,11,12,2,2408.2465,4400,9,8,15
3629,23,13,2,2409.7002,4000,6,10,20
3630,16,18,2,2410.704,4700,8,10,20
3631,10,13,2,2410.7196,3500,8,7,14
3632,10,19,2,2410.825,4000,7,7,14
3633,19,10,2,2411.4539,4100,8,10,20
3634,15,17,2,2411.839,3300,9,10,20
3635,17,16,2,2415.324,3300,9,10,20
3636,20,17,2,2415.6858,3200,10,10,20
3637,19,20,2,2416.7639,3800,9,10,20
3638,10,12,2,2418.2228,4100,7,7,14
3639,24,17,2,2418.4721,3700,6,10,20
3640,10,12,2,2419.6885,3500,6,7,14
3641,18,12,2,2419.778,4000,9,10,20
3642,19,14,2,2420.1098,4000,6,10,20
3643,24,19,2,2420.5782,4800,9,10,20
3644,25,20,2,2420.7718,3900,10,10,20
3645,18,16,2,2421.2175,3000,6,10,20
3646,16,11,2,2422.023,3100,6,10,20
3647,15,17,2,2423.67,3600,9,10,20
3648,25,15,2,2423.684,4700,6,10,20
3649,12,17,2,2425.9923,4500,10,8,17
3650,18,19,2,2426.0023,3300,7,10,20
3651,12,12,2,2426.5023,3600,6,8,17
3652,19,20,2,2427.8626,4800,9,10,20
3653,10,12,2,2427.9728,3800,10,7,14
3654,24,18,2,2429.1122,4100,6,10,20
3655,20,14,2,2429.735,3300,7,10,20
3656,21,17,2,2430.5034,3700,9,10,20
3657,24,19,2,2431.4282,3600,8,10,20
3658,23,12,2,2431.6968,3600,8,10,20
3659,12,20,2,2432.4984,4400,6,8,17
3660,23,16,2,2432.8192,3400,8,10,20
3661,22,13,2,2433.8439,4100,8,10,20
3662,21,13,2,2434.1733,4000,10,10,20
3663,22,11,2,2434.287,5000,9,10,20
3664,25,12,2,2434.7307,4900,10,10,20
3665,21,20,2,2434.9012,5000,9,10,20
3666,20,20,2,2435.1327,3100,10,10,20
3667,25,11,2,2435.2491,4300,6,10,20
3668,11,13,2,2435.3004,4200,6,8,15
3669,25,17,2,2435.521,5000,10,10,20
3670,17,10,2,2436.4582,3000,9,10,20
3671,11,10,2,2436.6712,4300,7,8,15
3672,22,11,2,2436.7051,4700,10,10,20
3673,19,11,2,2437.3414,3800,7,10,20
3674,25,13,2,2438.0876,4500,7,10,20
3675,14,10,2,2438.9434,5000,9,9,19
3676,16,10,2,2439.0955,3400,10,10,20
3677,21,10,2,2439.3084,4500,6,10,20
3678,16,18,2,2439.4415,3700,7,10,20
3679,18,19,2,2439.9843,5000,7,10,20
3680,19,19,2,2441.307,4400,6,10,20
3681,12,13,2,2441.4022,4700,9,8,17
3682,20,15,2,2442.2986,4900,7,10,20
3683,13,20,2,2442.6927,3700,7,9,18
3684,22,16,2,2443.6161,3900,8,10,20
3685,14,20,2,2443.7618,4200,8,9,19
3686,21,15,2,2444.1915,3400,8,10,20
3687,13,13,2,2444.3371,3700,8,9,18
3688,20,12,2,2445.9139,4000,7,10,20
3689,14,18,2,2446.2684,4200,8,9,19
3690,20,15,2,2446.4037,4800,8,10,20
3691,24,18,2,2447.0264,3300,9,10,20
3692,15,13,2,2447.7862,4900,8,10,20
3693,21,14,2,2448.2648,3700,6,10,20
3694,22,13,2,2448.3013,4900,10,10,20
3695,10,17,2,2449.2274,3500,7,7,14
3696,13,12,2,2449.3695,4400,7,9,18
3697,18,14,2,2449.7714,4400,8,10,20
3698,24,11,2,2450.9069,3000,7,10,20
3699,17,11,2,2451.2566,4500,8,10,20
3700,19,10,2,2451.5429,4800,7,10,20
3701,19,20,2,2451.7146,4600,10,10,20
3702,15,14,2,2451.817,4400,7,10,20
3703,14,17,2,2452.394,3300,9,9,19
3704,12,18,2,2454.1384,4700,9,8,17
3705,11,19,2,2454.8916,3800,8,8,15
3706,22,18,2,2455.9136,3600,9,10,20
3707,22,10,2,2456.2166,3600,9,10,20
3708,18,18,2,2456.9379,5000,8,10,20
3709,14,10,2,2458.1555,3300,6,9,19
3710,18,18,2,2461.3269,3100,7,10,20
3711,24,12,2,2461.471,3700,6,10,20
3712,14,16,2,2463.0562,3800,10,9,19
3713,22,15,2,2463.1973,4700,9,10,20
3714,14,14,2,2463.288,4000,9,9,19
3715,20,11,2,2464.6523,4500,10,10,20
3716,13,18,2,2466.5262,4100,8,9,18
3717,22,20,2,2466.6638,3800,10,10,20
3718,23,18,2,2467.0614,4200,6,10,20
3719,10,18,2,2467.1479,3500,9,7,14
3720,12,13,2,2467.9086,3000,8,8,17
3721,19,19,2,2468.2966,4200,8,10,20
3722,19,15,2,2468.7269,3000,7,10,20
3723,22,18,2,2468.911,3800,8,10,20
3724,17,15,2,2469.4622,4500,8,10,20
3725,10,19,2,2471.4333,3900,8,7,14
3726,20,12,2,2471.6259,3500,9,10,20
3727,22,11,2,2471.7321,4300,10,10,20
3728,20,19,2,2471.8807,4800,9,10,20
3729,11,14,2,2471.8976,4300,10,8,15
3730,25,12,2,2471.9068,4300,10,10,20
3731,11,15,2,2472.12,3000,10,8,15
3732,17,18,2,2474.4502,3400,9,10,20
3733,17,10,2,2474.6289,4400,7,10,20
3734,18,11,2,2475.2175,4600,6,10,20
3735,15,12,2,2475.3491,4800,8,10,20
3736,23,14,2,2476.4442,4200,6,10,20
3737,14,14,2,2477.0253,4000,7,9,19
3738,24,20,2,2477.4928,3600,6,10,20
3739,11,16,2,2478.8217,4100,9,8,15
3740,21,12,2,2478.9264,3900,9,10,20
3741,24,18,2,2480.221,3500,9,10,20
3742,10,16,2,2480.7326,5000,8,7,14
3743,17,14,2,2480.8994,4000,7,10,20
3744,25,17,2,2481.3484,3100,8,10,20
3745,22,16,2,2481.9781,3100,7,10,20
3746,11,20,2,2484.2163,3900,10,8,15
3747,13,17,2,2485.0446,4800,8,9,18
3748,24,15,2,2485.1491,3100,6,10,20
3749,11,12,2,2485.8346,3700,9,8,15
3750,16,14,2,2486.6199,3700,6,10,20
3751,20,11,2,2487.1472,3500,10,10,20
3752,25,11,2,2487.2097,4500,10,10,20
3753,24,19,2,2488.7096,5000,10,10,20
3754,11,17,2,2489.7673,4000,6,8,15
3755,24,13,2,2491.1054,3200,6,10,20
3756,14,14,2,2491.472,4400,10,9,19
3757,13,11,2,2491.9991,3400,9,9,18
3758,25,17,2,2492.0071,4800,8,10,20
3759,22,14,2,2492.0342,3900,7,10,20
3760,10,14,2,2492.7776,3500,7,7,14
3761,23,19,2,2493.6277,3400,10,10,20
3762,12,11,2,2493.9657,3100,10,8,17
3763,24,20,2,2495.5197,3700,7,10,20
3764,16,20,2,2496.3601,4900,8,10,20
3765,11,11,2,2496.3688,3100,8,8,15
3766,13,10,2,2496.9101,3700,6,9,18
3767,16,17,2,2497.2435,4600,8,10,20
3768,25,19,2,2497.6112,5000,7,10,20
3769,12,14,2,2497.669,4000,9,8,17
3770,13,12,2,2498.11,4900,8,9,18
3771,21,19,2,2498.96,4000,8,10,20
3772,14,18,2,2499.0537,3900,10,9,19
3773,15,10,2,2499.5369,4500,7,10,20
3774,22,12,2,2500.7059,3800,6,10,20
3775,18,10,2,2501.6815,3100,7,10,20
3776,11,10,2,2502.8659,3000,7,8,15
3777,21,12,2,2502.9175,3800,9,10,20
3778,16,11,2,2504.066,4500,6,10,20
3779,25,10,2,2504.7481,4800,7,10,20
3780,18,14,2,2505.3685,3100,10,10,20
3781,14,11,2,2505.4575,4200,10,9,19
3782,18,16,2,2506.8259,4400,9,10,20
3783,18,14,2,2507.9998,4600,9,10,20
3784,13,10,2,2509.2862,4800,6,9,18
3785,13,15,2,2510.7882,5000,8,9,18
3786,22,15,2,2511.7215,3000,9,10,20
3787,12,10,2,2512.3978,3300,7,8,17
3788,14,12,2,2513.1465,4000,8,9,19
3789,14,12,2,2514.0023,5000,10,9,19
3790,20,14,2,2514.0083,4000,7,10,20
3791,10,14,2,2515.4838,4200,10,7,14
3792,11,18,2,2517.6426,4900,6,8,15
3793,16,12,2,2518.0263,3700,7,10,20
3794,19,11,2,2518.0595,4500,8,10,20
3795,13,19,2,2518.0934,3700,7,9,18
3796,10,16,2,2518.5302,4700,8,7,14
3797,24,14,2,2518.6267,4100,8,10,20
3798,19,10,2,2518.746,3100,6,10,20
3799,16,12,2,2518.9243,4000,10,10,20
3800,12,10,2,2518.954,3500,10,8,17
3801,13,12,2,2519.054,4200,10,9,18
3802,16,11,2,2519.935,3100,8,10,20
3803,17,14,2,2520.5458,3200,6,10,20
3804,20,12,2,2522.1449,3500,6,10,20
3805,14,12,2,2522.8652,3300,9,9,19
3806,22,17,2,2523.5675,4100,8,10,20
3807,10,11,2,2526.266,3700,10,7,14
3808,25,20,2,2526.6546,4800,10,10,20
3809,11,20,2,2528.7403,4000,9,8,15
3810,17,15,2,2529.084,4500,6,10,20
3811,20,15,2,2529.4853,4100,10,10,20
3812,24,20,2,2529.6113,4300,10,10,20
3813,14,16,2,2530.259,3200,6,9,19
3814,15,10,2,2530.7546,3500,7,10,20
3815,12,13,2,2530.8325,4400,6,8,17
3816,20,17,2,2531.5977,4800,10,10,20
3817,11,16,2,2531.8561,3500,7,8,15
3818,20,19,2,2533.8244,4000,9,10,20
3819,24,15,2,2534.9111,3200,8,10,20
3820,24,13,2,2535.399,4300,10,10,20
3821,11,17,2,2535.682,4200,6,8,15
3822,22,14,2,2535.8561,4200,6,10,20
3823,19,20,2,2535.9048,3600,8,10,20
3824,17,20,2,2537.0284,3100,6,10,20
3825,17,13,2,2538.188,4600,7,10,20
3826,12,10,2,2538.1957,3000,6,8,17
3827,14,14,2,2538.2998,3600,9,9,19
3828,18,17,2,2538.5531,3900,10,10,20
3829,15,20,2,2540.6336,4200,10,10,20
3830,23,18,2,2542.9475,3700,8,10,20
3831,18,11,2,2543.0589,4200,8,10,20
3832,12,12,2,2543.5473,4000,9,8,17
3833,16,19,2,2543.5986,4000,6,10,20
3834,20,18,2,2544.27,4900,9,10,20
3835,14,20,2,2544.3995,4800,9,9,19
3836,13,19,2,2544.755,3200,7,9,18
3837,12,20,2,2545.8649,4900,10,8,17
3838,21,15,2,2547.1575,4900,7,10,20
3839,13,17,2,2547.8348,3600,10,9,18
3840,15,12,2,2548.0906,3800,8,10,20
3841,25,16,2,2548.4678,3600,7,10,20
3842,23,11,2,2548.8277,3600,7,10,20
3843,15,11,2,2549.2678,4800,9,10,20
3844,12,12,2,2549.5282,3300,9,8,17
3845,19,17,2,2549.5801,4700,7,10,20
3846,11,14,2,2550.0594,3500,10,8,15
3847,24,13,2,2550.5833,3200,9,10,20
3848,18,11,2,2550.7177,4900,9,10,20
3849,14,13,2,2552.9606,3900,7,9,19
3850,23,19,2,2553.4348,3400,7,10,20
3851,23,17,2,2554.1932,3000,10,10,20
3852,10,16,2,2554.2565,3300,9,7,14
3853,10,10,2,2555.0175,4700,6,7,14
3854,11,17,2,2555.8254,4100,7,8,15
3855,14,17,2,2558.2797,4400,8,9,19
3856,11,11,2,2558.4202,3200,8,8,15
3857,24,18,2,2559.1499,3000,7,10,20
3858,11,17,2,2561.0598,3900,9,8,15
3859,16,14,2,2562.5002,3300,9,10,20
3860,25,11,2,2563.5075,4000,7,10,20
3861,17,12,2,2564.8187,4900,9,10,20
3862,14,12,2,2565.0864,4900,9,9,19
3863,18,16,2,2567.0804,4400,8,10,20
3864,21,12,2,2567.2391,3200,9,10,20
3865,22,11,2,2568.4597,3000,6,10,20
3866,18,10,2,2569.2998,3100,6,10,20
3867,15,20,2,2569.6644,3500,10,10,20
3868,23,11,2,2569.81,3200,10,10,20
3869,11,12,2,2571.2444,3800,9,8,15
3870,18,14,2,2571.6154,4100,8,10,20
3871,25,15,2,2571.9869,4100,8,10,20
3872,18,18,2,2572.4131,3200,10,10,20
3873,25,15,2,2573.0031,4400,9,10,20
3874,22,11,2,2573.0178,3600,8,10,20
3875,14,12,2,2573.3409,3900,10,9,19
3876,21,20,2,2574.632,4600,6,10,20
3877,20,20,2,2575.8594,4600,9,10,20
3878,11,11,2,2575.9126,4700,6,8,15
3879,15,14,2,2577.0271,3800,6,10,20
3880,12,11,2,2577.762,3600,7,8,17
3881,13,20,2,2577.7863,3700,6,9,18
3882,17,11,2,2580.3293,3800,10,10,20
3883,18,19,2,2581.4914,3900,8,10,20
3884,25,16,2,2581.5973,3400,9,10,20
3885,20,12,2,2582.117,3500,9,10,20
3886,22,11,2,2582.432,4000,9,10,20
3887,25,13,2,2582.7091,3700,10,10,20
3888,12,18,2,2582.8853,4000,6,8,17
3889,25,10,2,2583.0198,3800,10,10,20
3890,20,13,2,2583.0632,4800,10,10,20
3891,22,14,2,2584.9376,4700,6,10,20
3892,16,17,2,2585.4582,4800,7,10,20
3893,23,12,2,2587.6285,3700,10,10,20
3894,20,17,2,2587.8608,4800,7,10,20
3895,23,16,2,2589.0523,4600,6,10,20
3896,21,10,2,2589.8053,5000,6,10,20
3897,12,14,2,2590.1724,3100,6,8,17
3898,21,17,2,2590.4804,3000,9,10,20
3899,11,11,2,2590.8291,4600,9,8,15
3900,22,20,2,2591.5001,3300,6,10,20
3901,25,14,2,2591.533,3500,6,10,20
3902,11,14,2,2591.68,5000,9,8,15
3903,15,14,2,2592.2086,4300,8,10,20
3904,25,19,2,2592.7014,5000,7,10,20
3905,15,15,2,2592.727,4900,8,10,20
3906,20,12,2,2593.0578,3800,9,10,20
3907,17,18,2,2593.9078,3800,10,10,20
3908,17,19,2,2594.1073,4700,9,10,20
3909,21,18,2,2594.1233,3300,9,10,20
3910,16,12,2,2594.2228,4400,8,10,20
3911,10,10,2,2596.2073,5000,7,7,14
3912,23,16,2,2596.62,4200,8,10,20
3913,22,12,2,2597.164,3100,7,10,20
3914,16,20,2,2599.6005,3100,10,10,20
3915,17,17,2,2600.3028,3400,6,10,20
3916,13,16,2,2600.5332,4400,6,9,18
3917,24,18,2,2600.9552,3400,10,10,20
3918,15,14,2,2602.0342,3700,7,10,20
3919,17,15,2,2602.1225,4300,7,10,20
3920,24,13,2,2603.814,3600,6,10,20
3921,24,17,2,2603.8447,5000,9,10,20
3922,11,20,2,2603.9205,4200,7,8,15
3923,10,15,2,2604.8147,5000,6,7,14
3924,15,16,2,2605.855,4400,8,10,20
3925,16,16,2,2605.8873,4500,8,10,20
3926,12,15,2,2606.1688,3300,8,8,17
3927,10,12,2,2606.2483,3400,8,7,14
3928,25,10,2,2608.0064,3500,9,10,20
3929,13,14,2,2608.5168,3000,8,9,18
3930,20,18,2,2608.8565,3100,6,10,20
3931,24,12,2,2608.936,3900,6,10,20
3932,14,15,2,2609.4617,3900,9,9,19
3933,13,20,2,2609.8676,4100,9,9,18
3934,12,12,2,2610.6381,4700,10,8,17
3935,17,18,2,2611.0022,3700,10,10,20
3936,14,14,2,2611.987,5000,9,9,19
3937,17,18,2,2612.1744,4100,7,10,20
3938,22,13,2,2612.7878,4000,6,10,20
3939,15,20,2,2612.9097,3400,8,10,20
3940,16,11,2,2613.0007,3800,7,10,20
3941,18,16,2,2613.7518,4800,8,10,20
3942,19,16,2,2615.6195,4600,8,10,20
3943,11,14,2,2616.4985,4700,10,8,15
3944,21,10,2,2618.0267,4500,9,10,20
3945,21,17,2,2619.4052,3500,9,10,20
3946,22,20,2,2619.7366,4300,10,10,20
3947,24,17,2,2619.9676,3800,10,10,20
3948,25,19,2,2621.2689,4100,8,10,20
3949,15,11,2,2622.0958,4900,7,10,20
3950,21,12,2,2622.2438,4300,6,10,20
3951,20,20,2,2623.7722,4900,10,10,20
3952,21,12,2,2624.2489,3700,10,10,20
3953,12,14,2,2624.4023,4700,10,8,17
3954,14,16,2,2625.522,3500,6,9,19
3955,15,12,2,2625.8553,3000,8,10,20
3956,11,18,2,2626.2104,4700,9,8,15
3957,24,20,2,2626.7404,4000,6,10,20
3958,25,15,2,2626.7887,3700,9,10,20
3959,10,19,2,2627.0898,4500,6,7,14
3960,23,18,2,2627.2442,3700,8,10,20
3961,21,15,2,2627.4348,4000,8,10,20
3962,15,20,2,2628.1763,4600,10,10,20
3963,18,13,2,2628.2081,4000,8,10,20
3964,12,18,2,2629.4568,3500,9,8,17
3965,12,13,2,2630.6357,3200,7,8,17
3966,14,10,2,2630.8731,3600,7,9,19
3967,14,13,2,2631.6525,4200,8,9,19
3968,19,14,2,2632.4121,4800,7,10,20
3969,22,20,2,2632.8687,3200,7,10,20
3970,17,17,2,2633.741,3900,6,10,20
3971,16,12,2,2634.051,4700,8,10,20
3972,22,16,2,2634.5197,3800,10,10,20
3973,17,15,2,2634.9322,5000,8,10,20
3974,19,17,2,2635.9059,4600,8,10,20
3975,15,15,2,2637.2884,3100,7,10,20
3976,22,13,2,2638.3892,4900,7,10,20
3977,21,16,2,2638.9967,3900,8,10,20
3978,18,17,2,2639.5141,3900,7,10,20
3979,12,20,2,2640.3465,3700,7,8,17
3980,14,19,2,2640.7508,4200,9,9,19
3981,13,15,2,2641.947,4500,9,9,18
3982,21,20,2,2642.1842,3900,10,10,20
3983,22,12,2,2642.4888,4400,6,10,20
3984,19,11,2,2642.9515,3400,10,10,20
3985,17,15,2,2643.6325,3000,7,10,20
3986,14,12,2,2644.5745,3000,7,9,19
3987,10,13,2,2644.6856,3500,8,7,14
3988,25,18,2,2645.1215,3400,6,10,20
3989,14,16,2,2645.2022,3200,8,9,19
3990,21,19,2,2645.3011,3500,8,10,20
3991,10,18,2,2646.0265,4500,8,7,14
3992,10,11,2,2646.1373,4900,6,7,14
3993,20,14,2,2647.1699,3400,7,10,20
3994,13,15,2,2647.1986,3400,10,9,18
3995,11,14,2,2647.4263,4600,6,8,15
3996,22,15,2,2647.8063,3100,7,10,20
3997,19,13,2,2650.0021,3200,9,10,20
3998,11,17,2,2650.4492,4200,6,8,15
3999,24,15,2,2650.8429,4800,9,10,20
4000,22,15,2,2650.9538,3300,10,10,20
4001,16,15,2,2652.9085,4000,10,10,20
4002,13,16,2,2652.9423,3100,7,9,18
4003,21,20,2,2653.6826,3900,8,10,20
4004,22,18,2,2653.9795,3700,9,10,20
4005,17,13,2,2653.9831,5000,7,10,20
4006,22,17,2,2657.2981,4300,9,10,20
4007,14,10,2,2658.3045,3400,6,9,19
4008,22,13,2,2659.589,3100,10,10,20
4009,25,10,2,2660.4658,5000,10,10,20
4010,24,17,2,2663.0184,4200,7,10,20
4011,23,19,2,2665.715,3800,9,10,20
4012,13,19,2,2666.4417,4100,9,9,18
4013,17,20,2,2667.3742,3200,7,10,20
4014,12,15,2,2667.573,3000,8,8,17
4015,14,20,2,2667.8446,3100,9,9,19
4016,23,20,2,2668.0541,4300,10,10,20
4017,25,17,2,2669.2171,4100,6,10,20
4018,20,15,2,2669.7017,4900,7,10,20
4019,22,17,2,2671.5148,4700,9,10,20
4020,25,12,2,2671.7659,4800,9,10,20
4021,24,17,2,2671.8731,4000,10,10,20
4022,15,13,2,2672.8714,4200,7,10,20
4023,22,18,2,2672.9061,4000,6,10,20
4024,25,16,2,2672.9801,4700,7,10,20
4025,18,14,2,2673.5036,3900,9,10,20
4026,19,14,2,2673.5909,4300,7,10,20
4027,10,20,2,2675.2587,4100,9,7,14
4028,18,19,2,2675.9543,4000,7,10,20
4029,14,11,2,2676.2479,3100,8,9,19
4030,22,12,2,2678.1725,3000,8,10,20
4031,20,20,2,2678.2992,4200,6,10,20
4032,14,17,2,2679.3166,4800,9,9,19
4033,23,19,2,2679.6008,4000,10,10,20
4034,10,17,2,2679.9867,4200,7,7,14
4035,12,13,2,2680.0466,3800,6,8,17
4036,24,20,2,2681.2386,4800,10,10,20
4037,14,19,2,2681.5663,4200,10,9,19
4038,15,20,2,2681.906,5000,10,10,20
4039,19,19,2,2682.2006,4800,9,10,20
4040,15,17,2,2682.2698,3800,7,10,20
4041,15,17,2,2682.955,3200,9,10,20
4042,14,14,2,2683.0616,3600,7,9,19
4043,23,10,2,2683.6505,3100,10,10,20
4044,21,17,2,2684.3703,3500,9,10,20
4045,12,16,2,2684.8095,4200,6,8,17
4046,23,12,2,2684.8608,3800,9,10,20
4047,14,12,2,2685.2999,4400,8,9,19
4048,16,19,2,2685.5857,3600,6,10,20
4049,14,12,2,2685.6117,3700,8,9,19
4050,25,10,2,2685.9282,3100,10,10,20
4051,20,12,2,2685.9953,4000,6,10,20
4052,16,15,2,2690.6169,3000,6,10,20
4053,13,11,2,2691.2741,3500,8,9,18
4054,17,18,2,2691.3473,4100,9,10,20
4055,17,11,2,2692.4728,4600,8,10,20
4056,20,15,2,2692.8671,3900,10,10,20
4057,21,18,2,2693.7616,3100,9,10,20
4058,22,15,2,2693.8292,4300,7,10,20
4059,21,11,2,2694.0713,5000,8,10,20
4060,15,11,2,2694.5577,4800,8,10,20
4061,12,12,2,2695.123,3300,7,8,17
4062,15,16,2,2697.0385,3300,10,10,20
4063,19,16,2,2697.4479,4400,8,10,20
4064,12,18,2,2698.0702,4000,10,8,17
4065,12,14,2,2698.7061,4000,7,8,17
4066,19,14,2,2699.1187,4500,7,10,20
4067,10,16,2,2701.1799,4200,8,7,14
4068,23,14,2,2701.4733,4400,6,10,20
4069,10,20,2,2702.0371,4600,7,7,14
4070,17,15,2,2702.9766,3300,9,10,20
4071,10,18,2,2705.3869,4700,10,7,14
4072,15,10,2,2705.4316,4900,7,10,20
4073,19,19,2,2705.4447,3300,7,10,20
4074,17,11,2,2706.7175,4500,10,10,20
4075,22,11,2,2707.2824,3700,6,10,20
4076,11,20,2,2707.7134,4100,10,8,15
4077,20,18,2,2708.1612,4800,8,10,20
4078,14,19,2,2708.4103,3400,8,9,19
4079,24,20,2,2708.7509,3900,9,10,20
4080,23,13,2,2709.3135,4400,10,10,20
4081,10,19,2,2709.8235,4900,7,7,14
4082,24,15,2,2709.9416,3800,10,10,20
4083,14,20,2,2710.0321,3100,10,9,19
4084,11,18,2,2710.7386,3200,9,8,15
4085,16,20,2,2712.3274,4700,6,10,20
4086,25,11,2,2712.3892,4800,10,10,20
4087,10,13,2,2712.3958,3900,7,7,14
4088,20,20,2,2712.4887,3900,9,10,20
4089,20,15,2,2712.9457,3200,8,10,20
4090,12,14,2,2713.9928,4200,8,8,17
4091,23,18,2,2714.5644,3000,8,10,20
4092,17,12,2,2714.9905,3900,9,10,20
4093,23,16,2,2715.4704,5000,6,10,20
4094,17,17,2,2715.7813,3400,9,10,20
4095,15,17,2,2716.2797,3000,7,10,20
4096,10,11,2,2716.5991,3200,10,7,14
4097,11,18,2,2716.7118,4700,9,8,15
4098,17,17,2,2716.7264,3600,6,10,20
4099,21,13,2,2716.8394,3900,6,10,20
4100,17,11,2,2718.5871,4200,10,10,20
4101,17,12,2,2719.0222,3200,9,10,20
4102,15,15,2,2720.0918,4400,7,10,20
4103,25,19,2,2721.3618,4300,7,10,20
4104,11,19,2,2721.4686,3500,9,8,15
4105,20,16,2,2722.3377,4400,8,10,20
4106,14,17,2,2722.4616,3400,10,9,19
4107,16,10,2,2722.655,4400,9,10,20
4108,12,13,2,2723.085,3100,6,8,17
4109,10,11,2,2723.0908,3000,10,7,14
4110,19,19,2,2723.3713,4100,9,10,20
4111,24,10,2,2723.6917,3100,8,10,20
4112,24,20,2,2724.9048,3400,8,10,20
4113,17,10,2,2725.374,3800,6,10,20
4114,25,14,2,2725.7435,3000,10,10,20
4115,11,12,2,2725.775,4800,7,8,15
4116,24,19,2,2726.3743,4100,9,10,20
4117,10,14,2,2726.8223,3000,10,7,14
4118,11,16,2,2726.9297,4700,9,8,15
4119,24,16,2,2729.8901,3800,10,10,20
4120,16,20,2,2731.6612,3700,7,10,20
4121,23,19,2,2732.6025,4800,7,10,20
4122,25,19,2,2732.6764,3800,9,10,20
4123,25,11,2,2732.7698,3000,10,10,20
4124,11,13,2,2732.8161,4800,9,8,15
4125,18,15,2,2732.9655,3200,8,10,20
4126,23,10,2,2733.1009,3800,9,10,20
4127,21,14,2,2733.6403,3100,6,10,20
4128,17,14,2,2733.7972,4200,10,10,20
4129,19,12,2,2734.4497,3100,8,10,20
4130,16,13,2,2735.5627,3400,6,10,20
4131,15,19,2,2736.2565,4600,9,10,20
4132,24,11,2,2738.22,3700,9,10,20
4133,13,10,2,2738.7517,4000,9,9,18
4134,19,17,2,2738.7975,4500,7,10,20
4135,24,13,2,2739.5523,4700,6,10,20
4136,20,14,2,2739.7559,3900,6,10,20
4137,22,11,2,2739.7945,4800,9,10,20
4138,10,19,2,2741.2953,3200,8,7,14
4139,12,13,2,2741.4276,4300,7,8,17
4140,21,11,2,2743.2195,3000,6,10,20
4141,24,19,2,2745.5254,3000,6,10,20
4142,12,11,2,2746.2287,5000,7,8,17
4143,14,11,2,2746.5118,3600,7,9,19
4144,14,12,2,2747.2474,4200,6,9,19
4145,21,15,2,2747.3311,3800,7,10,20
4146,14,12,2,2747.6666,4500,9,9,19
4147,23,12,2,2750.3722,4800,10,10,20
4148,22,20,2,2750.5425,4700,10,10,20
4149,18,11,2,2751.4519,4000,7,10,20
4150,18,15,2,2751.9186,4100,9,10,20
4151,20,10,2,2752.0824,3600,10,10,20
4152,23,17,2,2752.3707,3900,10,10,20
4153,18,10,2,2752.3986,3200,6,10,20
4154,14,16,2,2752.8831,4700,8,9,19
4155,17,18,2,2753.3363,5000,9,10,20
4156,15,16,2,2754.0047,3400,8,10,20
4157,18,20,2,2754.5823,4000,8,10,20
4158,11,20,2,2756.1027,3400,9,8,15
4159,13,10,2,2757.4914,4200,6,9,18
4160,12,14,2,2758.039,4700,7,8,17
4161,21,19,2,2760.0872,5000,8,10,20
4162,13,18,2,2760.2696,4100,6,9,18
4163,23,16,2,2760.6433,3300,6,10,20
4164,21,11,2,2760.9101,4700,9,10,20
4165,14,14,2,2761.0205,3200,8,9,19
4166,11,14,2,2761.2903,3500,9,8,15
4167,19,18,2,2761.5047,4900,9,10,20
4168,15,17,2,2761.9376,3100,10,10,20
4169,25,18,2,2762.5067,4600,10,10,20
4170,19,15,2,2765.3263,3500,10,10,20
4171,17,17,2,2765.6718,4600,8,10,20
4172,12,17,2,2765.8477,3100,7,8,17
4173,15,19,2,2766.0671,4700,6,10,20
4174,22,20,2,2767.3046,3800,6,10,20
4175,25,16,2,2767.9034,3400,10,10,20
4176,12,12,2,2768.9274,3700,9,8,17
4177,25,16,2,2769.0311,4200,10,10,20
4178,16,16,2,2769.6265,5000,10,10,20
4179,21,10,2,2769.6492,3100,7,10,20
4180,22,16,2,2769.8566,3700,8,10,20
4181,17,17,2,2770.0327,3800,6,10,20
4182,12,16,2,2770.2461,3000,6,8,17
4183,15,18,2,2771.0648,4000,10,10,20
4184,15,14,2,2772.5117,4900,7,10,20
4185,11,19,2,2772.5126,4200,7,8,15
4186,16,12,2,2773.9776,3400,9,10,20
4187,15,15,2,2774.1881,3600,9,10,20
4188,16,11,2,2775.6961,4600,8,10,20
4189,13,13,2,2775.8465,4400,8,9,18
4190,19,13,2,2776.8834,3000,7,10,20
4191,21,17,2,2778.3233,3000,9,10,20
4192,12,11,2,2778.4416,4500,8,8,17
4193,24,13,2,2778.6844,3900,7,10,20
4194,13,14,2,2779.2622,3300,10,9,18
4195,17,14,2,2780.2792,3500,6,10,20
4196,24,20,2,2780.7147,4500,6,10,20
4197,25,18,2,2782.9252,4300,8,10,20
4198,23,20,2,2787.4466,4900,10,10,20
4199,13,17,2,2787.8604,3200,7,9,18
4200,21,10,2,2788.1676,4700,6,10,20
4201,12,10,2,2788.4737,3700,9,8,17
4202,17,15,2,2788.5252,3800,9,10,20
4203,16,18,2,2788.7157,4500,10,10,20
4204,13,15,2,2790.0147,4900,7,9,18
4205,11,20,2,2790.2256,3600,6,8,15
4206,12,16,2,2791.2001,3300,6,8,17
4207,23,12,2,2791.5855,4000,8,10,20
4208,11,16,2,2792.0108,3000,8,8,15
4209,21,16,2,2792.4252,3000,6,10,20
4210,25,20,2,2792.5734,3000,7,10,20
4211,10,16,2,2795.7273,3900,10,7,14
4212,24,10,2,2797.3773,4000,7,10,20
4213,22,15,2,2797.9469,3800,6,10,20
4214,15,12,2,2797.974,4000,9,10,20
4215,25,18,2,2798.4561,4000,6,10,20
4216,23,10,2,2799.9029,3600,7,10,20
4217,21,20,2,2801.3971,3500,9,10,20
4218,11,12,2,2801.5105,4500,7,8,15
4219,15,11,2,2801.6496,5000,8,10,20
4220,10,20,2,2802.1397,5000,8,7,14
4221,24,14,2,2802.2835,3000,7,10,20
4222,12,14,2,2802.8166,4500,6,8,17
4223,18,20,2,2803.5508,5000,9,10,20
4224,20,18,2,2804.6298,4600,9,10,20
4225,19,16,2,2805.4322,4800,8,10,20
4226,12,10,2,2806.2877,3600,6,8,17
4227,21,19,2,2807.6294,4400,7,10,20
4228,11,20,2,2807.8834,3500,9,8,15
4229,18,17,2,2808.9221,4000,6,10,20
4230,25,18,2,2809.4158,4200,9,10,20
4231,21,12,2,2809.606,3800,10,10,20
4232,22,17,2,2809.7524,4600,8,10,20
4233,17,10,2,2810.2226,3800,10,10,20
4234,12,17,2,2810.2982,4800,6,8,17
4235,18,13,2,2810.6095,4700,7,10,20
4236,17,18,2,2810.7713,5000,7,10,20
4237,17,18,2,2810.7777,4800,9,10,20
4238,20,16,2,2811.7329,4600,9,10,20
4239,21,19,2,2814.504,3200,10,10,20
4240,15,11,2,2814.9843,4100,7,10,20
4241,15,11,2,2816.9445,4700,10,10,20
4242,15,19,2,2818.5495,3500,7,10,20
4243,24,11,2,2818.9827,3900,6,10,20
4244,17,20,2,2819.5273,3900,7,10,20
4245,21,14,2,2819.8561,4400,6,10,20
4246,14,10,2,2820.5399,4900,6,9,19
4247,16,13,2,2821.6646,4200,7,10,20
4248,25,20,2,2821.9216,4800,9,10,20
4249,14,15,2,2822.1921,4200,8,9,19
4250,19,19,2,2824.8985,3200,8,10,20
4251,17,15,2,2825.2496,4500,8,10,20
4252,20,12,2,2825.4489,4700,9,10,20
4253,24,14,2,2826.685,3400,7,10,20
4254,10,15,2,2827.8163,3000,7,7,14
4255,24,10,2,2828.2614,4800,10,10,20
4256,24,17,2,2829.1488,3900,8,10,20
4257,18,14,2,2829.6504,4100,9,10,20
4258,18,20,2,2829.6575,4900,9,10,20
4259,14,14,2,2829.829,3400,9,9,19
4260,13,10,2,2830.6408,4700,7,9,18
4261,19,10,2,2831.1128,4700,8,10,20
4262,24,11,2,2831.347,4600,10,10,20
4263,10,10,2,2832.0735,4400,7,7,14
4264,19,17,2,2832.8531,3200,8,10,20
4265,23,17,2,2833.188,4600,6,10,20
4266,24,10,2,2833.3604,3900,7,10,20
4267,14,14,2,2833.6948,4000,8,9,19
4268,12,17,2,2836.9405,3900,9,8,17
4269,11,17,2,2838.1983,4700,9,8,15
4270,25,14,2,2839.7084,3500,10,10,20
4271,20,13,2,2839.7791,4300,7,10,20
4272,12,11,2,2839.9297,4700,7,8,17
4273,23,15,2,2839.9494,4200,8,10,20
4274,16,12,2,2841.4036,5000,6,10,20
4275,12,16,2,2841.506,3100,8,8,17
4276,17,16,2,2841.9127,4400,7,10,20
4277,14,18,2,2845.2639,4800,8,9,19
4278,22,11,2,2845.956,4300,7,10,20
4279,19,13,2,2846.3302,3000,8,10,20
4280,20,16,2,2847.1081,5000,6,10,20
4281,15,18,2,2847.6119,3900,10,10,20
4282,10,14,2,2847.9816,4500,8,7,14
4283,24,10,2,2848.6037,3400,9,10,20
4284,21,18,2,2849.063,4900,6,10,20
4285,16,18,2,2849.2317,4000,8,10,20
4286,20,16,2,2849.2755,4000,7,10,20
4287,12,12,2,2849.7607,4300,9,8,17
4288,11,12,2,2851.4325,4300,6,8,15
4289,16,19,2,2851.7603,4400,8,10,20
4290,14,16,2,2851.9654,4900,7,9,19
4291,11,11,2,2853.0214,4300,6,8,15
4292,11,17,2,2853.0308,3500,8,8,15
4293,24,14,2,2853.2315,4700,8,10,20
4294,12,17,2,2854.0743,4700,9,8,17
4295,20,14,2,2855.0778,3600,7,10,20
4296,20,18,2,2855.7154,3300,6,10,20
4297,15,18,2,2857.655,3400,8,10,20
4298,10,13,2,2858.0341,5000,10,7,14
4299,15,12,2,2859.1816,4500,10,10,20
4300,24,14,2,2859.5834,4000,7,10,20
4301,12,20,2,2860.2219,4300,6,8,17
4302,23,11,2,2860.4131,3000,7,10,20
4303,18,17,2,2861.5779,3000,6,10,20
4304,25,16,2,2863.2642,3800,6,10,20
4305,23,16,2,2863.4423,3900,7,10,20
4306,10,14,2,2864.8424,5000,8,7,14
4307,24,17,2,2865.3805,3600,7,10,20
4308,16,13,2,2866.186,4300,7,10,20
4309,13,18,2,2869.8768,3400,6,9,18
4310,14,16,2,2870.4154,4600,6,9,19
4311,13,15,2,2872.0852,4100,6,9,18
4312,10,17,2,2872.2629,3900,10,7,14
4313,23,16,2,2873.4921,3800,9,10,20
4314,10,18,2,2874.3984,3400,10,7,14
4315,15,18,2,2874.8722,3500,9,10,20
4316,19,18,2,2875.405,4500,6,10,20
4317,22,10,2,2875.8999,4300,6,10,20
4318,24,18,2,2876.211,4400,7,10,20
4319,14,10,2,2876.6777,4700,9,9,19
4320,17,10,2,2878.2706,4800,7,10,20
4321,15,12,2,2878.3702,3900,10,10,20
4322,25,15,2,2878.4183,3600,10,10,20
4323,10,18,2,2878.7335,3600,7,7,14
4324,15,18,2,2878.9753,4900,7,10,20
4325,13,14,2,2879.3308,3500,9,9,18
4326,22,16,2,2879.3542,4900,6,10,20
4327,12,19,2,2879.3651,3900,10,8,17
4328,18,14,2,2879.4982,4600,6,10,20
4329,16,17,2,2879.5108,3400,6,10,20
4330,25,15,2,2880.6466,4400,10,10,20
4331,19,11,2,2882.0038,3700,10,10,20
4332,16,10,2,2883.443,3300,7,10,20
4333,15,10,2,2885.3249,4200,7,10,20
4334,14,18,2,2886.2084,3100,8,9,19
4335,14,20,2,2886.3888,3800,8,9,19
4336,11,13,2,2887.1663,3600,10,8,15
4337,17,17,2,2887.2362,4800,7,10,20
4338,17,16,2,2888.6627,3200,8,10,20
4339,11,14,2,2889.156,4200,6,8,15
4340,22,11,2,2889.2102,4100,7,10,20
4341,10,20,2,2890.7151,4900,7,7,14
4342,21,18,2,2890.8047,4400,8,10,20
4343,11,15,2,2891.0503,3200,9,8,15
4344,16,16,2,2891.9036,4600,8,10,20
4345,21,14,2,2893.1252,3000,10,10,20
4346,24,16,2,2894.0027,3600,7,10,20
4347,24,15,2,2894.9609,3200,10,10,20
4348,15,16,2,2895.2621,4500,9,10,20
4349,24,19,2,2895.6832,3000,7,10,20
4350,25,12,2,2895.6876,4500,6,10,20
4351,19,19,2,2897.5176,4200,9,10,20
4352,10,15,2,2897.7331,4000,7,7,14
4353,15,11,2,2898.3804,3400,7,10,20
4354,11,13,2,2898.5154,3600,7,8,15
4355,10,11,2,2898.8234,3700,8,7,14
4356,12,11,2,2899.1631,5000,9,8,17
4357,11,20,2,2899.3638,3600,6,8,15
4358,17,15,2,2899.9633,4500,10,10,20
4359,15,14,2,2899.9923,4700,8,10,20
4360,16,19,2,2900.3445,3300,6,10,20
4361,16,15,2,2900.777,4100,10,10,20
4362,20,14,2,2901.5156,3800,10,10,20
4363,19,20,2,2901.7225,3700,6,10,20
4364,19,11,2,2901.7332,4000,8,10,20
4365,19,14,2,2901.8034,3400,10,10,20
4366,20,15,2,2902.1233,4800,7,10,20
4367,22,15,2,2902.6244,4500,9,10,20
4368,18,17,2,2902.6285,5000,6,10,20
4369,23,20,2,2902.6333,4000,6,10,20
4370,16,19,2,2904.4099,4200,9,10,20
4371,25,13,2,2905.0936,4000,8,10,20
4372,14,18,2,2905.4892,3800,6,9,19
4373,18,18,2,2906.7387,3800,8,10,20
4374,16,19,2,2906.8089,3600,8,10,20
4375,20,14,2,2907.2518,4300,10,10,20
4376,14,11,2,2908.5018,4200,9,9,19
4377,19,16,2,2911.4076,4800,10,10,20
4378,19,14,2,2911.7171,3700,10,10,20
4379,23,11,2,2912.6151,3800,8,10,20
4380,14,13,2,2912.7833,4900,7,9,19
4381,13,12,2,2912.9175,3300,10,9,18
4382,11,14,2,2913.3292,4900,10,8,15
4383,22,20,2,2913.732,4600,7,10,20
4384,20,17,2,2913.8782,3800,9,10,20
4385,16,18,2,2913.9653,4300,8,10,20
4386,13,15,2,2914.1648,3700,8,9,18
4387,14,12,2,2914.2422,4200,7,9,19
4388,24,11,2,2914.5116,3200,8,10,20
4389,12,17,2,2914.8758,3300,8,8,17
4390,21,12,2,2915.0359,4900,8,10,20
4391,25,17,2,2915.3768,4100,9,10,20
4392,23,20,2,2915.9244,4600,6,10,20
4393,24,14,2,2915.9501,4000,9,10,20
4394,20,15,2,2916.7615,3900,9,10,20
4395,11,16,2,2917.0128,4600,8,8,15
4396,16,16,2,2917.4724,3700,8,10,20
4397,21,12,2,2918.5025,3900,9,10,20
4398,15,18,2,2918.645,3700,7,10,20
4399,21,17,2,2918.7034,3900,10,10,20
4400,22,12,2,2918.777,3500,9,10,20
4401,24,18,2,2920.3821,4500,7,10,20
4402,19,11,2,2921.7583,3900,6,10,20
4403,22,10,2,2922.0521,4500,10,10,20
4404,18,14,2,2922.5679,3500,8,10,20
4405,24,18,2,2922.9218,4100,8,10,20
4406,21,17,2,2924.002,3900,7,10,20
4407,15,15,2,2924.151,5000,10,10,20
4408,25,20,2,2924.8192,4900,9,10,20
4409,16,15,2,2924.8221,4400,9,10,20
4410,18,12,2,2925.5491,3900,10,10,20
4411,16,16,2,2926.4642,3000,10,10,20
4412,18,18,2,2927.5223,4300,8,10,20
4413,19,10,2,2928.2584,3000,10,10,20
4414,24,16,2,2928.7773,4400,6,10,20
4415,20,17,2,2929.1959,3600,9,10,20
4416,17,16,2,2929.6556,5000,8,10,20
4417,13,18,2,2929.9096,4900,7,9,18
4418,22,14,2,2929.9778,4600,9,10,20
4419,12,18,2,2936.2586,4200,9,8,17
4420,17,11,2,2937.9369,4800,9,10,20
4421,19,18,2,2938.1764,3200,10,10,20
4422,20,13,2,2938.2676,3800,6,10,20
4423,16,17,2,2938.329,3600,8,10,20
4424,16,16,2,2939.036,4600,7,10,20
4425,17,20,2,2940.4004,5000,8,10,20
4426,25,13,2,2940.407,3300,9,10,20
4427,10,18,2,2940.6365,4100,10,7,14
4428,22,12,2,2942.6187,4500,7,10,20
4429,14,11,2,2942.6329,3200,10,9,19
4430,20,10,2,2943.8274,4300,9,10,20
4431,20,17,2,2944.8211,4800,8,10,20
4432,20,19,2,2944.8233,4600,8,10,20
4433,23,11,2,2944.9684,3100,6,10,20
4434,20,19,2,2944.9808,3200,7,10,20
4435,23,12,2,2945.8411,3700,7,10,20
4436,21,11,2,2946.101,4600,9,10,20
4437,16,12,2,2946.9868,4600,7,10,20
4438,25,18,2,2947.804,3000,6,10,20
4439,10,11,2,2948.1816,4900,10,7,14
4440,18,14,2,2949.2163,4000,6,10,20
4441,18,17,2,2949.7446,4000,9,10,20
4442,25,14,2,2950.2171,4900,8,10,20
4443,24,10,2,2950.3586,3600,8,10,20
4444,15,20,2,2951.1682,4600,6,10,20
4445,17,15,2,2951.6849,3300,7,10,20
4446,17,18,2,2952.036,4700,10,10,20
4447,24,12,2,2953.4756,4500,10,10,20
4448,15,13,2,2953.5215,3000,8,10,20
4449,23,14,2,2954.8186,4000,6,10,20
4450,25,12,2,2955.5866,4300,6,10,20
4451,21,16,2,2957.6454,3900,8,10,20
4452,25,19,2,2958.111,3900,7,10,20
4453,20,18,2,2958.6161,3000,10,10,20
4454,23,17,2,2959.494,3500,7,10,20
4455,21,18,2,2960.6851,4700,10,10,20
4456,23,20,2,2961.1678,3400,6,10,20
4457,20,15,2,2961.7765,5000,10,10,20
4458,25,10,2,2962.1588,3300,10,10,20
4459,21,17,2,2962.5039,4100,8,10,20
4460,22,10,2,2962.9573,3600,8,10,20
4461,11,12,2,2963.4634,3200,10,8,15
4462,19,11,2,2963.6429,3200,7,10,20
4463,21,20,2,2964.3977,5000,6,10,20
4464,19,19,2,2965.5885,4500,10,10,20
4465,21,18,2,2965.694,4100,7,10,20
4466,24,11,2,2966.9091,4900,6,10,20
4467,19,15,2,2967.1713,3500,6,10,20
4468,23,15,2,2967.5437,3700,8,10,20
4469,20,20,2,2967.8249,3100,7,10,20
4470,11,17,2,2968.9199,4100,7,8,15
4471,17,19,2,2969.9123,4700,7,10,20
4472,21,11,2,2969.9376,4000,7,10,20
4473,11,16,2,2970.2602,4200,6,8,15
4474,18,12,2,2970.4682,4200,9,10,20
4475,15,13,2,2971.3936,4300,8,10,20
4476,21,20,2,2971.5921,4100,10,10,20
4477,18,17,2,2972.8019,3500,6,10,20
4478,20,12,2,2974.9068,3500,6,10,20
4479,15,18,2,2975.7516,3200,6,10,20
4480,25,19,2,2976.3135,4400,6,10,20
4481,15,10,2,2976.4512,3000,9,10,20
4482,15,13,2,2977.9181,3400,7,10,20
4483,13,12,2,2978.0728,4000,10,9,18
4484,20,15,2,2978.1797,4600,7,10,20
4485,23,19,2,2978.7208,3500,6,10,20
4486,16,19,2,2979.178,3200,9,10,20
4487,16,20,2,2980.2864,3700,7,10,20
4488,15,10,2,2980.8733,3100,8,10,20
4489,14,18,2,2982.9892,3600,8,9,19
4490,20,14,2,2983.2307,3000,10,10,20
4491,23,10,2,2983.7752,3500,6,10,20
4492,15,15,2,2984.3779,4900,6,10,20
4493,18,11,2,2984.6947,4400,8,10,20
4494,10,10,2,2985.7119,3500,6,7,14
4495,23,20,2,2985.7397,4200,8,10,20
4496,11,14,2,2986.6347,3900,7,8,15
4497,14,10,2,2987.6856,3100,7,9,19
4498,17,12,2,2988.2773,3000,8,10,20
4499,19,15,2,2988.9765,4100,8,10,20
4500,11,15,2,2989.0984,4900,9,8,15
4501,20,11,2,2989.5583,4800,7,10,20
4502,11,13,2,2989.7286,4600,10,8,15
4503,18,16,2,2990.0479,3100,6,10,20
4504,22,17,2,2990.1765,3200,9,10,20
4505,16,15,2,2990.2997,3300,10,10,20
4506,17,17,2,2990.323,4600,9,10,20
4507,16,12,2,2990.9933,3100,7,10,20
4508,17,15,2,2992.6113,4700,7,10,20
4509,24,11,2,2992.8382,3200,7,10,20
4510,23,18,2,2992.8607,5000,9,10,20
4511,21,14,2,2993.0539,4500,6,10,20
4512,18,16,2,2993.6631,3500,9,10,20
4513,20,13,2,2994.9986,3300,8,10,20
4514,12,11,2,2995.6056,4200,9,8,17
4515,16,18,2,2995.6316,3000,10,10,20
4516,12,10,2,2995.9072,3700,8,8,17
4517,24,16,2,2996.8783,5000,7,10,20
4518,22,13,2,2996.9738,3300,9,10,20
4519,17,16,2,2998.3608,3500,10,10,20
4520,24,18,2,2998.9365,4800,10,10,20
4521,16,12,2,2999.6743,4200,8,10,20
4522,17,13,2,2999.8283,3700,10,10,20
4523,19,19,2,2999.8704,4300,7,10,20
4524,20,18,2,3000.2526,4300,9,10,20
4525,12,17,2,3000.562,4800,7,8,17
4526,11,18,2,3001.487,4700,9,8,15
4527,23,20,2,3003.9124,5000,10,10,20
4528,20,11,2,3004.7885,4300,7,10,20
4529,21,15,2,3005.9234,4800,9,10,20
4530,13,10,2,3006.3501,3700,7,9,18
4531,18,11,2,3007.1338,4900,6,10,20
4532,20,11,2,3007.5062,4000,7,10,20
4533,25,18,2,3007.6792,4900,9,10,20
4534,13,11,2,3007.7927,4800,9,9,18
4535,17,16,2,3008.8087,4100,6,10,20
4536,23,11,2,3009.0295,3800,8,10,20
4537,25,13,2,3009.0964,4000,6,10,20
4538,12,20,2,3009.6088,4000,8,8,17
4539,25,10,2,3010.4038,4400,10,10,20
4540,24,14,2,3011.1395,3200,10,10,20
4541,21,11,2,3011.4681,4900,9,10,20
4542,11,14,2,3011.6858,4200,7,8,15
4543,11,12,2,3012.1743,3900,9,8,15
4544,10,11,2,3012.8148,4000,7,7,14
4545,24,16,2,3012.8364,3100,7,10,20
4546,15,16,2,3012.856,5000,10,10,20
4547,13,17,2,3017.9518,4900,7,9,18
4548,21,11,2,3018.2313,3700,6,10,20
4549,15,13,2,3018.5708,3000,7,10,20
4550,18,12,2,3018.7125,4300,6,10,20
4551,21,17,2,3019.871,3300,9,10,20
4552,17,10,2,3020.9326,4800,9,10,20
4553,24,20,2,3021.7103,4900,9,10,20
4554,13,13,2,3021.7681,4800,9,9,18
4555,20,14,2,3022.1387,4000,9,10,20
4556,16,10,2,3022.8097,4500,7,10,20
4557,15,11,2,3023.1434,4200,8,10,20
4558,16,11,2,3023.7392,4900,6,10,20
4559,23,10,2,3025.1553,4300,10,10,20
4560,16,10,2,3025.4523,4500,8,10,20
4561,22,15,2,3025.9496,5000,9,10,20
4562,18,14,2,3026.7749,4500,9,10,20
4563,21,20,2,3027.0543,3800,10,10,20
4564,21,15,2,3027.9102,4700,9,10,20
4565,10,18,2,3028.0845,3000,8,7,14
4566,15,15,2,3028.1218,4500,7,10,20
4567,16,18,2,3029.6113,4000,6,10,20
4568,19,11,2,3029.9811,3400,10,10,20
4569,16,18,2,3030.256,4700,8,10,20
4570,11,15,2,3030.6421,3100,6,8,15
4571,23,20,2,3031.6248,4600,9,10,20
4572,20,14,2,3032.7609,3300,9,10,20
4573,24,14,2,3032.8301,4000,7,10,20
4574,18,19,2,3033.6671,3300,10,10,20
4575,19,18,2,3034.0872,4900,7,10,20
4576,10,12,2,3034.4314,3600,7,7,14
4577,21,13,2,3035.3705,3800,9,10,20
4578,22,17,2,3039.1861,4800,6,10,20
4579,22,13,2,3039.824,3300,8,10,20
4580,11,12,2,3040.9781,3200,6,8,15
4581,22,19,2,3041.8328,3000,8,10,20
4582,24,15,2,3042.0222,4900,6,10,20
4583,21,14,2,3042.0584,4900,7,10,20
4584,21,14,2,3042.9568,3500,7,10,20
4585,23,14,2,3043.5048,4800,10,10,20
4586,23,13,2,3044.7085,3300,7,10,20
4587,14,13,2,3048.3157,4300,10,9,19
4588,12,14,2,3048.3619,4500,8,8,17
4589,13,17,2,3048.8666,4100,6,9,18
4590,10,14,2,3049.0451,4000,10,7,14
4591,18,15,2,3049.4822,3600,8,10,20
4592,20,10,2,3050.8402,3600,10,10,20
4593,16,10,2,3050.8662,4200,8,10,20
4594,21,13,2,3051.935,4200,10,10,20
4595,20,18,2,3052.3259,3500,10,10,20
4596,25,19,2,3052.4485,4800,8,10,20
4597,16,14,2,3052.7429,3600,8,10,20
4598,25,18,2,3054.0057,4200,10,10,20
4599,18,11,2,3054.1023,4600,6,10,20
4600,11,15,2,3054.2139,3400,10,8,15
4601,18,18,2,3054.6311,4500,7,10,20
4602,21,14,2,3055.6182,3500,6,10,20
4603,12,12,2,3056.7224,3300,6,8,17
4604,11,16,2,3057.0155,4700,7,8,15
4605,24,13,2,3057.2832,3900,6,10,20
4606,16,15,2,3057.9676,4800,6,10,20
4607,13,18,2,3059.4592,3600,7,9,18
4608,25,12,2,3059.7096,4400,10,10,20
4609,25,19,2,3059.7462,4700,10,10,20
4610,21,18,2,3060.2382,4200,7,10,20
4611,15,10,2,3060.3278,4400,8,10,20
4612,22,10,2,3060.756,4900,6,10,20
4613,11,12,2,3061.8732,4100,6,8,15
4614,21,17,2,3062.9624,3900,8,10,20
4615,15,16,2,3062.995,3900,10,10,20
4616,11,10,2,3065.1054,4500,8,8,15
4617,18,20,2,3065.1374,3100,9,10,20
4618,19,20,2,3066.5122,4800,6,10,20
4619,11,20,2,3066.982,4200,10,8,15
4620,19,12,2,3067.5271,3800,6,10,20
4621,12,15,2,3067.6548,5000,7,8,17
4622,24,11,2,3069.1609,3900,9,10,20
4623,17,12,2,3069.4529,4700,8,10,20
4624,25,17,2,3070.215,4700,7,10,20
4625,20,20,2,3070.2669,3700,6,10,20
4626,12,13,2,3070.4865,4800,6,8,17
4627,10,15,2,3070.5996,3800,10,7,14
4628,15,12,2,3071.7048,3000,9,10,20
4629,24,10,2,3071.9551,3300,8,10,20
4630,21,10,2,3072.1352,3000,8,10,20
4631,13,16,2,3074.2185,3800,8,9,18
4632,19,17,2,3074.2482,4400,8,10,20
4633,25,13,2,3074.9001,3300,7,10,20
4634,18,10,2,3074.9814,5000,10,10,20
4635,11,16,2,3074.9828,4400,6,8,15
4636,16,13,2,3075.0592,3800,10,10,20
4637,19,17,2,3076.5681,4300,9,10,20
4638,10,12,2,3076.8909,4300,6,7,14
4639,14,19,2,3077.5836,4200,10,9,19
4640,25,14,2,3078.1739,3900,10,10,20
4641,24,12,2,3078.9106,4700,10,10,20
4642,20,16,2,3079.7109,3700,6,10,20
4643,16,18,2,3080.1094,4500,7,10,20
4644,14,13,2,3080.5867,4100,9,9,19
4645,21,10,2,3080.8584,3400,8,10,20
4646,11,19,2,3081.2608,4100,6,8,15
4647,19,11,2,3082.5011,3900,8,10,20
4648,13,19,2,3082.7361,3400,7,9,18
4649,19,10,2,3082.8431,4300,7,10,20
4650,17,20,2,3083.1738,3300,8,10,20
4651,14,18,2,3084.4604,4800,8,9,19
4652,11,17,2,3085.6233,4600,9,8,15
4653,11,16,2,3088.0674,3300,7,8,15
4654,15,14,2,3088.1185,3700,8,10,20
4655,17,10,2,3088.1444,3900,8,10,20
4656,11,16,2,3088.355,4800,10,8,15
4657,19,12,2,3090.6939,4300,7,10,20
4658,13,15,2,3091.2311,3400,6,9,18
4659,14,16,2,3091.2508,3700,9,9,19
4660,17,13,2,3091.7982,4100,7,10,20
4661,16,13,2,3092.4621,3400,10,10,20
4662,17,10,2,3092.5022,3700,8,10,20
4663,20,15,2,3092.6101,3200,8,10,20
4664,11,19,2,3092.6775,3200,6,8,15
4665,20,20,2,3092.8202,4300,7,10,20
4666,24,14,2,3094.5222,4500,10,10,20
4667,20,16,2,3095.6679,3200,9,10,20
4668,23,15,2,3096.5849,4300,6,10,20
4669,23,11,2,3096.9535,4000,6,10,20
4670,13,11,2,3097.0388,4000,10,9,18
4671,21,14,2,3097.1183,3000,7,10,20
4672,16,14,2,3098.236,4000,7,10,20
4673,22,20,2,3098.3431,4900,10,10,20
4674,12,18,2,3100.2863,4900,9,8,17
4675,12,11,2,3100.6273,3600,7,8,17
4676,14,20,2,3100.7904,3200,10,9,19
4677,19,14,2,3101.059,3100,9,10,20
4678,21,16,2,3101.7658,4500,8,10,20
4679,18,17,2,3102.2833,5000,7,10,20
4680,22,18,2,3102.2971,3700,8,10,20
4681,18,13,2,3102.7254,4700,7,10,20
4682,16,13,2,3103.1956,3100,6,10,20
4683,11,14,2,3103.8748,3000,8,8,15
4684,24,16,2,3103.8879,4400,7,10,20
4685,20,11,2,3103.9692,4100,9,10,20
4686,21,18,2,3105.3442,4500,8,10,20
4687,24,14,2,3105.4616,3900,10,10,20
4688,18,10,2,3105.5252,3600,8,10,20
4689,13,15,2,3105.6674,4600,10,9,18
4690,10,17,2,3106.9406,3100,10,7,14
4691,22,18,2,3106.9465,4600,7,10,20
4692,20,17,2,3107.277,4500,9,10,20
4693,24,14,2,3108.2844,4300,10,10,20
4694,16,19,2,3109.009,3400,9,10,20
4695,16,11,2,3109.0677,3200,6,10,20
4696,20,13,2,3110.505,4900,10,10,20
4697,14,20,2,3110.5296,4400,10,9,19
4698,12,17,2,3112.619,3800,8,8,17
4699,17,12,2,3112.7008,3600,8,10,20
4700,20,20,2,3113.3739,3000,7,10,20
4701,23,15,2,3113.5228,3000,8,10,20
4702,18,11,2,3113.6432,3800,7,10,20
4703,11,13,2,3114.1189,3700,7,8,15
4704,16,17,2,3115.2132,3000,9,10,20
4705,14,16,2,3115.4046,4600,10,9,19
4706,25,20,2,3116.3257,4900,6,10,20
4707,15,20,2,3117.4544,5000,8,10,20
4708,15,15,2,3117.5888,4400,10,10,20
4709,10,18,2,3118.2147,4200,9,7,14
4710,17,12,2,3119.1178,3200,8,10,20
4711,12,19,2,3119.5099,4400,7,8,17
4712,23,19,2,3120.3096,3700,9,10,20
4713,21,14,2,3120.8192,4500,10,10,20
4714,24,19,2,3123.3135,3900,8,10,20
4715,15,20,2,3123.6226,4400,6,10,20
4716,24,13,2,3124.1601,3300,7,10,20
4717,13,11,2,3124.3105,3100,8,9,18
4718,25,14,2,3125.8123,4200,9,10,20
4719,20,16,2,3126.2256,3400,9,10,20
4720,15,19,2,3126.3381,3300,6,10,20
4721,21,13,2,3126.9828,4100,9,10,20
4722,13,16,2,3127.084,3000,7,9,18
4723,20,18,2,3128.1497,4300,7,10,20
4724,10,10,2,3128.287,4900,9,7,14
4725,20,17,2,3128.9195,3100,10,10,20
4726,24,19,2,3130.5064,4700,9,10,20
4727,24,13,2,3131.6773,4400,8,10,20
4728,15,19,2,3132.5312,4100,6,10,20
4729,20,19,2,3133.3347,4800,6,10,20
4730,25,18,2,3133.7657,3300,9,10,20
4731,20,14,2,3134.1036,3700,6,10,20
4732,22,19,2,3134.7156,3900,6,10,20
4733,18,15,2,3135.8702,3300,10,10,20
4734,13,15,2,3136.3538,3000,6,9,18
4735,15,14,2,3136.4187,4100,10,10,20
4736,16,14,2,3137.3213,4900,10,10,20
4737,25,18,2,3137.7057,4700,10,10,20
4738,18,11,2,3137.8621,3300,10,10,20
4739,18,10,2,3137.9738,4900,9,10,20
4740,20,19,2,3139.7082,3900,6,10,20
4741,14,17,2,3139.8031,4300,9,9,19
4742,15,15,2,3141.248,4600,7,10,20
4743,14,14,2,3141.6409,4500,7,9,19
4744,13,12,2,3141.7756,3600,9,9,18
4745,21,14,2,3142.6694,3000,10,10,20
4746,24,18,2,3142.7863,3100,9,10,20
4747,24,17,2,3142.8142,4000,10,10,20
4748,14,10,2,3143.5025,3200,7,9,19
4749,15,20,2,3144.9454,3200,10,10,20
4750,15,12,2,3145.0958,3500,8,10,20
4751,21,20,2,3148.4858,3700,8,10,20
4752,13,12,2,3149.9214,4800,6,9,18
4753,22,11,2,3150.0046,4400,9,10,20
4754,24,13,2,3151.7794,3600,7,10,20
4755,22,13,2,3152.7116,4200,8,10,20
4756,15,17,2,3154.3589,5000,8,10,20
4757,23,11,2,3155.0196,4500,8,10,20
4758,12,18,2,3155.395,3600,7,8,17
4759,15,15,2,3155.6072,3100,10,10,20
4760,18,16,2,3155.6646,5000,10,10,20
4761,19,10,2,3155.6732,3600,6,10,20
4762,24,15,2,3155.7086,4700,9,10,20
4763,22,10,2,3158.4822,3700,8,10,20
4764,11,10,2,3158.5385,4700,10,8,15
4765,22,17,2,3158.9102,4700,7,10,20
4766,13,16,2,3162.3905,3600,6,9,18
4767,15,11,2,3163.6789,3400,9,10,20
4768,21,11,2,3164.2229,4700,9,10,20
4769,11,20,2,3164.6067,3300,8,8,15
4770,15,13,2,3164.7769,4600,6,10,20
4771,10,15,2,3164.861,3400,6,7,14
4772,18,14,2,3164.9312,3000,8,10,20
4773,25,17,2,3165.1487,4700,6,10,20
4774,24,11,2,3165.2469,3400,6,10,20
4775,11,18,2,3165.462,3800,10,8,15
4776,22,11,2,3165.6374,5000,10,10,20
4777,21,19,2,3166.4072,4900,6,10,20
4778,12,16,2,3166.785,4400,9,8,17
4779,13,14,2,3167.0265,4000,10,9,18
4780,25,17,2,3167.0724,5000,9,10,20
4781,24,11,2,3168.0589,4800,8,10,20
4782,21,11,2,3168.4354,5000,10,10,20
4783,10,14,2,3168.6387,3100,7,7,14
4784,24,19,2,3168.8609,4800,7,10,20
4785,24,13,2,3169.5943,3900,8,10,20
4786,22,13,2,3170.0118,3300,6,10,20
4787,10,10,2,3170.5749,3900,9,7,14
4788,16,12,2,3171.9738,3600,7,10,20
4789,15,20,2,3173.1425,4400,9,10,20
4790,18,17,2,3173.2271,4400,9,10,20
4791,15,19,2,3173.3887,4000,6,10,20
4792,13,16,2,3174.1647,3800,10,9,18
4793,22,10,2,3174.3109,3100,7,10,20
4794,24,11,2,3175.542,3400,10,10,20
4795,11,15,2,3176.0134,3900,7,8,15
4796,20,11,2,3176.7713,3200,10,10,20
4797,12,20,2,3176.857,3000,7,8,17
4798,14,12,2,3177.4857,4000,6,9,19
4799,24,17,2,3177.8396,4200,7,10,20
4800,13,16,2,3177.9412,3500,9,9,18
4801,24,13,2,3180.7475,4100,8,10,20
4802,21,13,2,3181.3887,4200,8,10,20
4803,12,13,2,3181.5092,3600,8,8,17
4804,13,17,2,3183.0161,3100,8,9,18
4805,13,12,2,3184.1527,5000,6,9,18
4806,11,15,2,3184.5895,3200,6,8,15
4807,18,16,2,3185.8864,3600,7,10,20
4808,25,17,2,3186.5794,3000,7,10,20
4809,25,11,2,3187.1107,4000,8,10,20
4810,17,15,2,3188.2229,3800,6,10,20
4811,10,19,2,3189.2555,3400,10,7,14
4812,24,13,2,3189.7099,3800,8,10,20
4813,10,16,2,3191.2732,4600,9,7,14
4814,25,14,2,3191.5377,4400,10,10,20
4815,10,15,2,3191.7761,3800,10,7,14
4816,24,13,2,3192.3527,4700,9,10,20
4817,18,20,2,3193.0257,3700,7,10,20
4818,15,12,2,3193.9655,5000,8,10,20
4819,25,13,2,3194.0431,3400,7,10,20
4820,24,15,2,3194.1483,4500,9,10,20
4821,12,14,2,3194.5766,3100,7,8,17
4822,17,17,2,3195.1965,3000,10,10,20
4823,11,14,2,3195.4582,3700,8,8,15
4824,11,20,2,3195.8136,4800,7,8,15
4825,23,20,2,3196.6323,3000,8,10,20
4826,21,11,2,3198.7027,3200,7,10,20
4827,23,16,2,3198.7836,3300,7,10,20
4828,11,10,2,3199.4003,3200,9,8,15
4829,19,10,2,3200.0672,4800,10,10,20
4830,16,20,2,3200.6269,5000,6,10,20
4831,21,14,2,3200.9515,3900,8,10,20
4832,14,13,2,3202.1168,4000,10,9,19
4833,11,16,2,3203.5864,3600,9,8,15
4834,13,11,2,3204.1535,4200,7,9,18
4835,24,14,2,3205.7816,3500,9,10,20
4836,23,19,2,3206.3463,4800,10,10,20
4837,15,17,2,3206.8744,4500,6,10,20
4838,21,14,2,3207.1854,4500,9,10,20
4839,17,19,2,3208.113,4100,9,10,20
4840,12,11,2,3208.2487,5000,10,8,17
4841,13,15,2,3208.8239,3800,9,9,18
4842,25,18,2,3209.4693,4700,7,10,20
4843,10,18,2,3209.6572,3600,7,7,14
4844,24,13,2,3209.9374,3500,7,10,20
4845,16,18,2,3210.6641,4400,6,10,20
4846,13,12,2,3211.1266,3500,9,9,18
4847,24,18,2,3211.3288,4000,9,10,20
4848,14,13,2,3212.7823,4500,7,9,19
4849,13,11,2,3212.8443,3300,10,9,18
4850,16,18,2,3213.0934,3600,9,10,20
4851,10,14,2,3214.703,4000,8,7,14
4852,12,13,2,3215.3163,3200,7,8,17
4853,22,17,2,3216.1391,3300,9,10,20
4854,23,11,2,3216.7888,3600,8,10,20
4855,10,17,2,3217.3732,4900,9,7,14
4856,16,17,2,3217.4736,3500,7,10,20
4857,25,20,2,3220.7718,4800,9,10,20
4858,14,20,2,3221.716,3700,9,9,19
4859,21,20,2,3222.4613,3000,7,10,20
4860,20,20,2,3223.1112,4400,7,10,20
4861,19,14,2,3223.5467,3500,9,10,20
4862,18,16,2,3223.7844,3000,9,10,20
4863,21,17,2,3223.809,3800,9,10,20
4864,12,20,2,3223.8386,4300,9,8,17
4865,14,13,2,3223.9205,4300,10,9,19
4866,12,12,2,3224.0145,3600,8,8,17
4867,17,20,2,3224.1596,3400,10,10,20
4868,14,18,2,3224.2179,4200,8,9,19
4869,23,13,2,3224.5797,3100,6,10,20
4870,17,13,2,3225.5364,3600,6,10,20
4871,19,16,2,3225.6043,4100,9,10,20
4872,16,15,2,3225.8956,4700,6,10,20
4873,18,17,2,3225.9948,3100,6,10,20
4874,22,20,2,3226.1176,4900,8,10,20
4875,19,18,2,3226.2542,4700,6,10,20
4876,11,13,2,3227.3914,3300,8,8,15
4877,11,16,2,3228.0605,3400,8,8,15
4878,19,16,2,3228.4316,4600,8,10,20
4879,25,11,2,3228.82,3700,7,10,20
4880,20,18,2,3229.0798,4300,6,10,20
4881,17,16,2,3230.5569,5000,6,10,20
4882,23,13,2,3231.0502,3300,9,10,20
4883,18,10,2,3232.97,4400,8,10,20
4884,20,17,2,3234.7502,5000,8,10,20
4885,23,11,2,3234.8092,4300,7,10,20
4886,24,14,2,3235.1843,3700,7,10,20
4887,17,20,2,3237.8429,4300,9,10,20
4888,23,20,2,3239.2144,5000,9,10,20
4889,14,14,2,3240.5139,3400,9,9,19
4890,15,15,2,3240.5559,3300,9,10,20
4891,19,12,2,3241.6487,3800,7,10,20
4892,18,15,2,3243.1008,3600,8,10,20
4893,17,16,2,3243.6818,4800,8,10,20
4894,19,20,2,3243.7783,3500,10,10,20
4895,20,15,2,3244.1563,4100,8,10,20
4896,17,14,2,3245.4475,4400,10,10,20
4897,17,16,2,3245.7412,3900,6,10,20
4898,13,11,2,3246.7412,3400,9,9,18
4899,15,16,2,3247.9436,4500,7,10,20
4900,18,16,2,3248.1066,4800,6,10,20
4901,24,13,2,3248.2863,4800,6,10,20
4902,22,14,2,3248.9024,4500,9,10,20
4903,10,14,2,3249.2626,4500,6,7,14
4904,25,20,2,3250.6098,4300,6,10,20
4905,23,11,2,3250.9896,3700,10,10,20
4906,24,11,2,3252.1975,3500,10,10,20
4907,21,20,2,3252.2132,5000,9,10,20
4908,22,13,2,3252.5561,4000,8,10,20
4909,20,11,2,3252.844,3800,9,10,20
4910,14,10,2,3252.9999,4200,7,9,19
4911,14,13,2,3253.2315,4400,9,9,19
4912,12,16,2,3254.3443,4500,8,8,17
4913,14,16,2,3255.5941,3300,8,9,19
4914,22,14,2,3255.6921,4300,6,10,20
4915,24,11,2,3256.2243,4100,6,10,20
4916,19,16,2,3256.468,4400,6,10,20
4917,17,12,2,3256.8017,4400,9,10,20
4918,20,17,2,3256.9633,5000,6,10,20
4919,13,17,2,3257.0309,4200,9,9,18
4920,23,15,2,3257.2887,3000,6,10,20
4921,15,13,2,3258.0881,3000,9,10,20
4922,20,16,2,3259.5744,4500,9,10,20
4923,20,14,2,3259.6578,3700,6,10,20
4924,11,11,2,3259.7601,3100,8,8,15
4925,15,10,2,3259.9593,3100,10,10,20
4926,17,12,2,3259.9775,5000,6,10,20
4927,21,14,2,3261.2663,3400,7,10,20
4928,21,10,2,3261.4451,4600,8,10,20
4929,22,14,2,3261.6831,4800,8,10,20
4930,12,11,2,3262.0157,5000,9,8,17
4931,17,12,2,3262.1704,4500,8,10,20
4932,19,12,2,3263.1682,3200,10,10,20
4933,12,15,2,3263.8397,3400,7,8,17
4934,22,16,2,3264.8656,5000,8,10,20
4935,16,10,2,3264.8845,4100,6,10,20
4936,17,18,2,3265.6171,3100,7,10,20
4937,11,12,2,3265.6602,4800,9,8,15
4938,14,15,2,3265.9623,3900,7,9,19
4939,10,10,2,3266.4456,4300,8,7,14
4940,12,18,2,3267.3202,4300,6,8,17
4941,19,17,2,3267.9126,3200,7,10,20
4942,21,16,2,3268.1974,4900,6,10,20
4943,23,17,2,3268.8276,3000,8,10,20
4944,16,13,2,3269.5211,3300,9,10,20
4945,24,15,2,3270.0272,4300,6,10,20
4946,25,11,2,3270.746,3300,6,10,20
4947,18,15,2,3270.9961,4000,6,10,20
4948,10,19,2,3271.0249,3900,10,7,14
4949,12,15,2,3273.7096,3300,10,8,17
4950,11,12,2,3276.7038,4500,8,8,15
4951,21,11,2,3277.0789,4000,6,10,20
4952,21,11,2,3277.1463,4200,8,10,20
4953,14,12,2,3277.588,3900,9,9,19
4954,13,11,2,3278.5579,4300,8,9,18
4955,25,18,2,3278.6148,4900,7,10,20
4956,16,10,2,3278.6329,4700,9,10,20
4957,12,12,2,3278.8729,3700,10,8,17
4958,18,20,2,3280.0124,3300,10,10,20
4959,23,16,2,3280.89,3700,7,10,20
4960,23,20,2,3281.1691,3100,10,10,20
4961,13,17,2,3281.5031,4100,8,9,18
4962,13,19,2,3281.9811,3100,6,9,18
4963,25,18,2,3282.2374,4500,10,10,20
4964,20,12,2,3282.3259,4100,10,10,20
4965,12,14,2,3282.4407,3100,7,8,17
4966,21,16,2,3283.2146,4200,8,10,20
4967,25,11,2,3283.3307,4300,6,10,20
4968,21,15,2,3283.8978,4000,8,10,20
4969,18,13,2,3284.3413,5000,9,10,20
4970,22,17,2,3284.4408,4300,7,10,20
4971,18,17,2,3284.4681,4700,10,10,20
4972,25,14,2,3284.9665,3700,10,10,20
4973,19,15,2,3287.7752,4300,7,10,20
4974,18,17,2,3288.4296,3700,6,10,20
4975,10,16,2,3289.0127,4900,10,7,14
4976,16,15,2,3289.1282,4300,8,10,20
4977,12,19,2,3289.9286,3400,8,8,17
4978,14,14,2,3292.8874,3000,10,9,19
4979,10,20,2,3292.9308,3000,7,7,14
4980,22,18,2,3292.9368,3600,8,10,20
4981,12,17,2,3292.9613,4800,7,8,17
4982,13,16,2,3295.1169,3800,6,9,18
4983,14,17,2,3295.7687,4200,6,9,19
4984,17,14,2,3296.5487,4700,8,10,20
4985,10,13,2,3296.8409,3000,6,7,14
4986,20,11,2,3298.154,4600,7,10,20
4987,14,15,2,3301.6211,4700,9,9,19
4988,13,15,2,3301.9375,3900,9,9,18
4989,24,15,2,3302.0262,4500,9,10,20
4990,25,17,2,3302.2141,4800,9,10,20
4991,22,11,2,3305.9286,3400,6,10,20
4992,17,10,2,3306.0218,3700,7,10,20
4993,13,11,2,3307.9321,3800,6,9,18
4994,20,14,2,3308.8922,4100,6,10,20
4995,10,17,2,3308.9088,4600,10,7,14
4996,15,11,2,3309.945,3100,6,10,20
4997,23,18,2,3311.2725,3000,6,10,20
4998,15,16,2,3315.2642,3200,7,10,20
4999,16,20,2,3315.5611,4500,10,10,20
5000,13,12,2,3316.2247,3800,9,9,18
5001,11,20,2,3316.4738,3300,7,8,15
5002,24,13,2,3316.9968,3500,9,10,20
5003,23,19,2,3317.5017,4100,8,10,20
5004,13,11,2,3317.5965,4800,6,9,18
5005,21,13,2,3318.1624,4500,7,10,20
5006,14,19,2,3318.2881,4000,8,9,19
5007,13,15,2,3318.5115,4500,9,9,18
5008,17,14,2,3318.8656,4700,7,10,20
5009,12,16,2,3320.8034,4200,9,8,17
5010,21,19,2,3321.2434,3300,8,10,20
5011,24,20,2,3321.4267,3300,7,10,20
5012,10,15,2,3322.6821,4300,6,7,14
5013,20,14,2,3324.6654,3200,7,10,20
5014,18,13,2,3325.4467,3600,10,10,20
5015,15,13,2,3325.6517,4400,7,10,20
5016,20,12,2,3326.9827,3200,10,10,20
5017,16,14,2,3327.2112,3400,6,10,20
5018,16,14,2,3327.2247,3200,9,10,20
5019,21,10,2,3328.3737,5000,6,10,20
5020,20,11,2,3328.851,5000,6,10,20
5021,16,13,2,3329.7153,3500,6,10,20
5022,13,11,2,3329.739,4600,10,9,18
5023,14,19,2,3329.7575,3400,9,9,19
5024,25,18,2,3330.9029,3200,7,10,20
5025,13,16,2,3331.2891,4800,7,9,18
5026,11,16,2,3332.3722,3100,7,8,15
5027,11,17,2,3333.0925,4600,10,8,15
5028,14,20,2,3335.8787,5000,9,9,19
5029,25,12,2,3336.9388,3000,6,10,20
5030,16,19,2,3337.6896,3300,9,10,20
5031,12,14,2,3338.4215,4100,9,8,17
5032,13,16,2,3339.0661,3100,9,9,18
5033,20,13,2,3339.5386,4600,9,10,20
5034,10,12,2,3339.7058,3700,8,7,14
5035,17,20,2,3339.7273,4100,8,10,20
5036,23,18,2,3341.2043,4500,9,10,20
5037,25,15,2,3341.351,4400,10,10,20
5038,12,20,2,3343.2407,4200,7,8,17
5039,16,13,2,3344.7847,3700,7,10,20
5040,19,11,2,3344.8424,4600,6,10,20
5041,15,15,2,3346.2006,3400,9,10,20
5042,19,10,2,3347.457,3300,6,10,20
5043,18,10,2,3347.6358,4500,8,10,20
5044,10,13,2,3347.7041,3700,6,7,14
5045,15,19,2,3350.4015,4600,6,10,20
5046,13,11,2,3351.197,4300,7,9,18
5047,19,11,2,3352.7377,4900,9,10,20
5048,22,19,2,3352.7415,4600,8,10,20
5049,12,11,2,3353.2734,4200,7,8,17
5050,13,14,2,3355.4292,3900,6,9,18
5051,18,17,2,3355.6248,3600,6,10,20
5052,20,10,2,3355.6918,3200,6,10,20
5053,11,17,2,3357.2606,3700,10,8,15
5054,13,15,2,3357.9776,4400,9,9,18
5055,13,15,2,3359.6694,3200,9,9,18
5056,15,17,2,3360.997,4300,8,10,20
5057,14,13,2,3363.1412,3600,8,9,19
5058,21,17,2,3363.144,3900,10,10,20
5059,19,14,2,3364.2744,3600,6,10,20
5060,18,10,2,3365.3997,4800,8,10,20
5061,20,18,2,3366.5791,4600,9,10,20
5062,13,15,2,3366.8542,3200,8,9,18
5063,15,17,2,3366.9653,3900,10,10,20
5064,13,18,2,3367.5601,3200,7,9,18
5065,12,10,2,3369.2614,4300,8,8,17
5066,10,19,2,3369.7149,4300,7,7,14
5067,20,19,2,3369.7799,4600,9,10,20
5068,22,18,2,3369.8172,3200,10,10,20
5069,22,18,2,3370.43,4300,10,10,20
5070,19,16,2,3371.2215,3400,6,10,20
5071,12,11,2,3371.917,3700,9,8,17
5072,10,12,2,3372.5812,3700,7,7,14
5073,12,19,2,3373.4824,3800,6,8,17
5074,16,16,2,3373.8529,4800,7,10,20
5075,13,13,2,3373.8756,5000,8,9,18
5076,12,15,2,3374.7576,3000,6,8,17
5077,21,15,2,3374.9016,4400,8,10,20
5078,19,19,2,3376.253,4600,6,10,20
5079,22,14,2,3377.1439,3100,6,10,20
5080,10,11,2,3377.6299,3700,10,7,14
5081,11,15,2,3377.6904,3000,10,8,15
5082,24,15,2,3377.8079,3100,8,10,20
5083,22,16,2,3378.3278,5000,6,10,20
5084,19,14,2,3378.9418,3300,7,10,20
5085,19,19,2,3379.3562,3100,6,10,20
5086,25,14,2,3380.027,3500,9,10,20
5087,15,13,2,3380.6203,4600,10,10,20
5088,17,13,2,3380.9792,3800,10,10,20
5089,13,18,2,3383.4299,4000,8,9,18
5090,25,10,2,3383.9503,3500,10,10,20
5091,24,14,2,3385.0387,4000,7,10,20
5092,14,14,2,3385.3696,3600,7,9,19
5093,17,19,2,3385.8524,4500,8,10,20
5094,16,11,2,3385.999,4700,7,10,20
5095,20,13,2,3386.0731,3200,9,10,20
5096,16,16,2,3386.1969,3400,9,10,20
5097,12,10,2,3387.0157,3100,7,8,17
5098,22,15,2,3387.3062,3300,7,10,20
5099,19,13,2,3387.6258,3100,6,10,20
5100,11,20,2,3388.4423,4400,9,8,15
5101,17,19,2,3388.8142,3900,10,10,20
5102,18,11,2,3389.1756,4300,7,10,20
5103,25,19,2,3389.6622,3100,10,10,20
5104,24,20,2,3390.1302,4300,7,10,20
5105,16,19,2,3390.908,5000,8,10,20
5106,25,15,2,3391.1817,3300,10,10,20
5107,18,17,2,3391.2557,4500,6,10,20
5108,11,10,2,3391.8778,4200,10,8,15
5109,17,12,2,3392.1162,3500,9,10,20
5110,21,13,2,3393.2592,3500,6,10,20
5111,13,12,2,3395.7655,3800,8,9,18
5112,13,15,2,3396.1761,3000,9,9,18
5113,11,13,2,3396.3875,3700,7,8,15
5114,19,20,2,3396.9008,3600,6,10,20
5115,18,19,2,3397.1681,3500,7,10,20
5116,23,11,2,3398.1956,4400,8,10,20
5117,18,12,2,3398.3338,3300,6,10,20
5118,16,17,2,3399.7225,3700,6,10,20
5119,19,18,2,3401.0921,4000,6,10,20
5120,12,16,2,3401.6748,4500,7,8,17
5121,16,20,2,3402.7661,3400,10,10,20
5122,18,12,2,3402.8554,4900,6,10,20
5123,15,18,2,3403.1804,4600,9,10,20
5124,11,13,2,3404.0858,4400,10,8,15
5125,25,16,2,3404.1449,4600,9,10,20
5126,20,17,2,3405.1655,4200,8,10,20
5127,25,14,2,3405.8231,3800,9,10,20
5128,24,20,2,3407.0974,4000,7,10,20
5129,20,20,2,3409.7602,3500,7,10,20
5130,12,11,2,3410.3384,3900,9,8,17
5131,25,12,2,3411.2755,5000,6,10,20
5132,25,17,2,3411.6789,4000,9,10,20
5133,21,18,2,3412.1307,4800,7,10,20
5134,21,15,2,3412.7457,3700,9,10,20
5135,12,12,2,3413.1015,3500,8,8,17
5136,15,19,2,3413.6281,3200,9,10,20
5137,17,12,2,3413.9642,4600,10,10,20
5138,22,14,2,3414.1217,3900,6,10,20
5139,23,17,2,3414.2368,3000,9,10,20
5140,19,13,2,3415.1318,5000,6,10,20
5141,23,20,2,3416.8899,3000,8,10,20
5142,12,13,2,3417.7169,3600,6,8,17
5143,24,14,2,3418.4596,3500,7,10,20
5144,24,16,2,3419.2341,3100,7,10,20
5145,23,16,2,3419.5156,4200,10,10,20
5146,14,20,2,3422.5735,3500,7,9,19
5147,13,10,2,3423.913,3400,7,9,18
5148,12,16,2,3424.7482,4600,8,8,17
5149,17,16,2,3425.262,3100,10,10,20
5150,13,17,2,3425.8725,3900,6,9,18
5151,19,11,2,3426.4253,4000,7,10,20
5152,11,14,2,3427.8884,4700,6,8,15
5153,14,19,2,3427.9639,3700,8,9,19
5154,24,14,2,3428.035,4200,8,10,20
5155,18,13,2,3428.5541,3100,7,10,20
5156,20,16,2,3429.6915,3500,9,10,20
5157,20,19,2,3434.6051,3000,8,10,20
5158,11,16,2,3435.303,4500,9,8,15
5159,15,20,2,3435.615,4700,10,10,20
5160,13,10,2,3436.2376,4000,6,9,18
5161,11,13,2,3436.8786,4700,10,8,15
5162,15,17,2,3437.668,4300,9,10,20
5163,12,19,2,3437.9853,3500,7,8,17
5164,21,14,2,3438.1946,4100,8,10,20
5165,24,16,2,3438.9138,3600,7,10,20
5166,13,14,2,3440.0222,4900,6,9,18
5167,22,18,2,3440.0804,4100,6,10,20
5168,22,16,2,3441.1233,4800,6,10,20
5169,14,16,2,3441.5621,5000,6,9,19
5170,18,13,2,3441.8743,5000,8,10,20
5171,14,20,2,3443.1784,4700,7,9,19
5172,17,10,2,3443.3363,3300,9,10,20
5173,23,18,2,3443.9368,4500,7,10,20
5174,10,10,2,3445.6998,3500,7,7,14
5175,20,12,2,3445.7087,3300,9,10,20
5176,25,20,2,3447.3958,3700,6,10,20
5177,18,12,2,3447.5893,4200,9,10,20
5178,18,15,2,3447.6103,4400,9,10,20
5179,18,10,2,3447.9803,4800,10,10,20
5180,11,14,2,3448.2745,3400,8,8,15
5181,12,11,2,3448.3591,4100,10,8,17
5182,20,17,2,3448.4294,4500,9,10,20
5183,12,20,2,3448.8912,4700,9,8,17
5184,24,15,2,3448.9743,4200,6,10,20
5185,22,19,2,3449.734,4400,10,10,20
5186,16,12,2,3450.9323,4300,9,10,20
5187,20,20,2,3452.1724,3400,6,10,20
5188,11,10,2,3452.6393,3300,10,8,15
5189,19,12,2,3453.4158,4700,8,10,20
5190,24,12,2,3454.8921,4100,10,10,20
5191,10,16,2,3455.309,4700,9,7,14
5192,12,20,2,3455.4513,5000,8,8,17
5193,16,13,2,3455.8015,3600,7,10,20
5194,19,12,2,3455.963,4000,10,10,20
5195,22,20,2,3456.0844,3300,8,10,20
5196,18,13,2,3456.3981,4800,8,10,20
5197,13,20,2,3456.4685,4600,7,9,18
5198,21,19,2,3457.6677,3100,9,10,20
5199,25,17,2,3458.5658,4100,9,10,20
5200,23,19,2,3459.7895,4800,9,10,20
5201,22,14,2,3461.0972,4300,7,10,20
5202,21,20,2,3461.2285,3700,10,10,20
5203,21,14,2,3461.6551,4000,10,10,20
5204,18,13,2,3461.9814,4500,9,10,20
5205,15,13,2,3462.3441,4500,10,10,20
5206,18,15,2,3462.7816,3100,10,10,20
5207,16,19,2,3463.0437,3700,8,10,20
5208,18,16,2,3463.0533,3700,8,10,20
5209,24,13,2,3464.2389,4800,10,10,20
5210,18,15,2,3464.6632,3900,10,10,20
5211,16,19,2,3465.0679,3200,9,10,20
5212,21,15,2,3465.3738,3200,6,10,20
5213,15,15,2,3465.5064,4200,8,10,20
5214,18,17,2,3465.6168,4900,6,10,20
5215,14,16,2,3466.4154,3500,7,9,19
5216,11,14,2,3466.5353,3600,9,8,15
5217,25,14,2,3467.0425,3600,7,10,20
5218,11,20,2,3467.3092,3300,9,8,15
5219,23,19,2,3467.3431,3600,10,10,20
5220,22,18,2,3469.0237,4300,10,10,20
5221,22,12,2,3470.4614,4200,7,10,20
5222,18,10,2,3471.2238,3600,9,10,20
5223,22,13,2,3471.3879,4900,8,10,20
5224,15,11,2,3472.6043,3600,9,10,20
5225,17,16,2,3473.122,3100,8,10,20
5226,17,19,2,3475.219,3700,9,10,20
5227,21,18,2,3475.5202,4800,10,10,20
5228,13,17,2,3475.5481,5000,10,9,18
5229,14,16,2,3476.0079,4600,8,9,19
5230,19,15,2,3476.2053,4600,9,10,20
5231,14,15,2,3478.3647,4100,8,9,19
5232,22,18,2,3482.3813,4600,8,10,20
5233,24,18,2,3482.4026,4100,10,10,20
5234,10,11,2,3482.5134,4200,6,7,14
5235,19,11,2,3482.5295,4000,9,10,20
5236,23,17,2,3483.5209,4200,8,10,20
5237,17,13,2,3483.6541,4800,10,10,20
5238,13,10,2,3483.933,4300,6,9,18
5239,22,11,2,3484.0018,4800,10,10,20
5240,13,14,2,3484.466,3300,7,9,18
5241,20,13,2,3484.6394,3300,6,10,20
5242,23,10,2,3485.0358,3200,8,10,20
5243,21,16,2,3485.0361,4900,8,10,20
5244,13,19,2,3485.6716,4800,9,9,18
5245,10,15,2,3485.8657,4300,10,7,14
5246,13,19,2,3486.4396,5000,8,9,18
5247,20,18,2,3486.6325,3000,10,10,20
5248,12,13,2,3487.1751,5000,7,8,17
5249,16,17,2,3487.8396,4600,7,10,20
5250,25,18,2,3489.2164,3500,6,10,20
5251,17,12,2,3489.4323,5000,8,10,20
5252,11,18,2,3490.9544,3300,6,8,15
5253,23,16,2,3491.6583,3700,7,10,20
5254,11,14,2,3492.0255,4500,8,8,15
5255,10,17,2,3492.9486,3100,9,7,14
5256,14,17,2,3493.4403,3100,9,9,19
5257,13,14,2,3495.1959,5000,8,9,18
5258,16,17,2,3496.2242,4300,7,10,20
5259,16,11,2,3496.6862,3600,6,10,20
5260,24,17,2,3497.3037,4000,10,10,20
5261,13,17,2,3498.2461,4200,10,9,18
5262,19,10,2,3504.8871,3300,9,10,20
5263,21,13,2,3504.9315,3000,6,10,20
5264,19,16,2,3505.3934,3400,7,10,20
5265,24,19,2,3505.6366,4800,7,10,20
5266,24,18,2,3506.8458,3900,10,10,20
5267,24,10,2,3506.9749,3300,9,10,20
5268,11,17,2,3507.1219,4800,7,8,15
5269,14,14,2,3507.9915,4500,7,9,19
5270,19,16,2,3509.3129,4200,6,10,20
5271,21,13,2,3509.4383,5000,9,10,20
5272,23,14,2,3509.4809,4900,9,10,20
5273,16,12,2,3510.034,4000,10,10,20
5274,13,15,2,3511.1884,4000,8,9,18
5275,11,10,2,3511.3058,4400,6,8,15
5276,18,18,2,3511.4128,3100,9,10,20
5277,11,19,2,3511.4873,3000,8,8,15
5278,25,13,2,3512.1786,4500,8,10,20
5279,15,17,2,3512.7001,3500,9,10,20
5280,24,13,2,3513.0485,3200,8,10,20
5281,21,18,2,3514.1131,3800,8,10,20
5282,18,16,2,3514.4826,3300,8,10,20
5283,20,20,2,3515.2533,3700,10,10,20
5284,10,13,2,3515.6018,4000,9,7,14
5285,16,14,2,3515.881,4200,8,10,20
5286,18,17,2,3517.5866,5000,9,10,20
5287,15,10,2,3517.8841,3000,9,10,20
5288,19,18,2,3520.9009,3000,9,10,20
5289,25,10,2,3521.6872,4600,10,10,20
5290,21,10,2,3522.256,4100,10,10,20
5291,22,20,2,3522.6921,3000,9,10,20
5292,23,17,2,3522.7191,4700,6,10,20
5293,10,17,2,3523.1248,3800,7,7,14
5294,25,12,2,3523.9451,3000,8,10,20
5295,19,16,2,3524.8331,4700,8,10,20
5296,10,13,2,3524.8409,3800,6,7,14
5297,12,15,2,3526.8818,3400,10,8,17
5298,21,13,2,3527.0088,3400,9,10,20
5299,11,10,2,3528.5903,3400,9,8,15
5300,17,20,2,3529.2286,3600,7,10,20
5301,13,13,2,3529.3038,4800,8,9,18
5302,24,16,2,3529.6288,3200,8,10,20
5303,17,19,2,3529.9357,3900,6,10,20
5304,15,14,2,3530.7845,4900,10,10,20
5305,20,18,2,3532.8587,3200,6,10,20
5306,22,11,2,3533.177,4200,10,10,20
5307,19,17,2,3533.4986,4900,6,10,20
5308,17,10,2,3533.7177,4000,10,10,20
5309,25,13,2,3533.8491,4000,10,10,20
5310,10,17,2,3535.0381,4200,6,7,14
5311,17,17,2,3535.8997,4000,9,10,20
5312,20,17,2,3536.1004,3300,6,10,20
5313,16,19,2,3536.5449,3400,10,10,20
5314,22,15,2,3538.3994,3700,10,10,20
5315,10,11,2,3538.435,3400,8,7,14
5316,18,15,2,3541.1248,5000,7,10,20
5317,13,19,2,3541.2976,4600,9,9,18
5318,20,19,2,3541.7243,3200,7,10,20
5319,20,12,2,3544.2378,4300,9,10,20
5320,21,20,2,3544.8857,4300,9,10,20
5321,11,19,2,3545.0043,3500,9,8,15
5322,15,18,2,3545.1594,4100,6,10,20
5323,23,12,2,3546.712,4400,9,10,20
5324,25,19,2,3548.5822,4800,9,10,20
5325,22,16,2,3548.8563,4300,6,10,20
5326,24,18,2,3549.1239,3500,10,10,20
5327,16,18,2,3549.1954,3200,9,10,20
5328,14,18,2,3549.3516,3700,10,9,19
5329,12,15,2,3549.778,4200,6,8,17
5330,11,20,2,3550.0713,4200,9,8,15
5331,12,17,2,3550.1033,4800,7,8,17
5332,10,19,2,3550.1913,3900,9,7,14
5333,22,11,2,3550.2692,3600,7,10,20
5334,16,16,2,3550.3459,4500,6,10,20
5335,12,11,2,3552.4584,4300,8,8,17
5336,10,14,2,3552.5789,4200,6,7,14
5337,21,17,2,3552.8265,3400,8,10,20
5338,13,13,2,3552.8394,3200,8,9,18
5339,18,16,2,3553.284,4800,8,10,20
5340,20,20,2,3554.1763,5000,7,10,20
5341,10,13,2,3556.604,3800,10,7,14
5342,17,13,2,3558.2104,3000,8,10,20
5343,17,12,2,3558.4772,4200,6,10,20
5344,20,20,2,3561.051,4600,6,10,20
5345,15,20,2,3561.9432,4300,10,10,20
5346,17,15,2,3561.9645,3700,8,10,20
5347,15,12,2,3562.0553,4300,7,10,20
5348,15,20,2,3562.188,4100,9,10,20
5349,15,19,2,3562.4363,4000,8,10,20
5350,18,12,2,3563.1271,4200,8,10,20
5351,13,19,2,3563.1376,3000,7,9,18
5352,25,13,2,3563.6852,3400,7,10,20
5353,24,10,2,3564.0683,4000,9,10,20
5354,14,11,2,3564.0965,4300,7,9,19
5355,11,16,2,3564.3044,4800,8,8,15
5356,11,20,2,3564.3142,3900,10,8,15
5357,25,16,2,3564.4386,4100,10,10,20
5358,20,16,2,3564.8643,4400,9,10,20
5359,25,17,2,3566.3786,3300,6,10,20
5360,24,11,2,3566.5658,3900,10,10,20
5361,21,13,2,3568.4337,3300,6,10,20
5362,13,13,2,3569.0807,4300,7,9,18
5363,15,14,2,3569.8146,3100,7,10,20
5364,16,14,2,3570.5752,4500,8,10,20
5365,25,11,2,3570.6672,3700,6,10,20
5366,10,16,2,3571.0539,4400,10,7,14
5367,20,15,2,3571.5438,4700,9,10,20
5368,10,11,2,3571.8291,3700,8,7,14
5369,14,18,2,3572.2049,4700,9,9,19
5370,23,11,2,3572.6465,4100,9,10,20
5371,22,11,2,3573.0571,4900,9,10,20
5372,15,18,2,3573.4891,4300,6,10,20
5373,18,16,2,3573.8179,3800,9,10,20
5374,21,17,2,3574.0067,3000,6,10,20
5375,24,13,2,3574.7294,3300,6,10,20
5376,14,14,2,3576.7008,4900,10,9,19
5377,14,10,2,3576.9704,3700,9,9,19
5378,23,13,2,3578.0649,4400,9,10,20
5379,20,14,2,3578.8417,3700,8,10,20
5380,18,11,2,3579.8442,3500,7,10,20
5381,18,16,2,3580.6623,3900,7,10,20
5382,20,12,2,3580.7801,3600,10,10,20
5383,25,18,2,3581.3911,4600,9,10,20
5384,24,12,2,3582.0825,3900,7,10,20
5385,22,14,2,3582.1926,3200,9,10,20
5386,22,20,2,3582.4091,4500,9,10,20
5387,18,11,2,3582.9599,3100,6,10,20
5388,18,15,2,3583.5179,3700,10,10,20
5389,24,12,2,3583.8837,4100,9,10,20
5390,15,14,2,3584.0159,3800,9,10,20
5391,13,11,2,3584.4568,5000,6,9,18
5392,22,13,2,3584.472,4500,8,10,20
5393,22,20,2,3585.7579,3900,8,10,20
5394,19,17,2,3585.8564,4600,6,10,20
5395,11,18,2,3586.1738,4700,6,8,15
5396,18,10,2,3586.2995,4900,6,10,20
5397,18,10,2,3586.3515,4400,10,10,20
5398,22,13,2,3586.4805,4500,6,10,20
5399,20,14,2,3586.5585,4700,9,10,20
5400,16,11,2,3587.2406,3300,6,10,20
5401,23,19,2,3587.241,3300,8,10,20
5402,10,15,2,3587.7717,4600,6,7,14
5403,23,10,2,3589.6987,4500,6,10,20
5404,18,15,2,3590.0463,3100,8,10,20
5405,14,13,2,3590.2385,3600,9,9,19
5406,25,20,2,3591.0843,4200,10,10,20
5407,12,14,2,3591.7203,3700,6,8,17
5408,12,19,2,3591.9641,4800,9,8,17
5409,25,16,2,3591.9649,4800,8,10,20
5410,14,12,2,3591.9712,3000,10,9,19
5411,19,11,2,3592.1691,3300,9,10,20
5412,20,17,2,3593.5946,3500,10,10,20
5413,23,13,2,3593.7544,3500,9,10,20
5414,21,11,2,3594.4598,3100,10,10,20
5415,11,18,2,3596.096,4600,9,8,15
5416,25,13,2,3596.6353,3200,6,10,20
5417,21,12,2,3597.2655,4500,6,10,20
5418,15,11,2,3597.5061,4600,8,10,20
5419,21,17,2,3599.4694,4600,7,10,20
5420,13,17,2,3599.8987,3700,10,9,18
5421,24,10,2,3600.2549,4800,7,10,20
5422,19,10,2,3600.7748,4300,9,10,20
5423,10,19,2,3600.9967,3100,6,7,14
5424,16,13,2,3601.1402,3800,9,10,20
5425,19,10,2,3602.5724,4800,10,10,20
5426,11,17,2,3603.0819,3100,8,8,15
5427,11,10,2,3604.685,4900,7,8,15
5428,11,13,2,3605.2194,3000,9,8,15
5429,20,15,2,3606.1752,3500,6,10,20
5430,24,13,2,3606.5195,4100,6,10,20
5431,20,18,2,3607.4493,3800,7,10,20
5432,25,17,2,3608.19,3500,8,10,20
5433,21,15,2,3608.4542,4600,9,10,20
5434,17,20,2,3609.2233,3100,7,10,20
5435,16,18,2,3609.405,3600,10,10,20
5436,12,11,2,3609.7521,3100,7,8,17
5437,25,19,2,3610.3132,4400,8,10,20
5438,21,15,2,3610.3789,5000,6,10,20
5439,16,14,2,3612.135,4900,7,10,20
5440,13,15,2,3612.1656,4000,7,9,18
5441,24,16,2,3612.7539,4700,8,10,20
5442,24,12,2,3612.7972,4400,6,10,20
5443,14,14,2,3612.9623,3000,10,9,19
5444,16,12,2,3613.0736,4300,10,10,20
5445,18,12,2,3613.3666,5000,9,10,20
5446,14,16,2,3615.0962,3100,8,9,19
5447,18,17,2,3615.1333,3500,10,10,20
5448,15,15,2,3616.0197,4800,7,10,20
5449,16,17,2,3617.1457,3300,8,10,20
5450,23,20,2,3619.4118,4900,7,10,20
5451,18,18,2,3619.5555,4800,9,10,20
5452,20,12,2,3619.7642,4800,6,10,20
5453,11,19,2,3620.9745,4600,9,8,15
5454,14,10,2,3621.2001,3400,7,9,19
5455,18,19,2,3621.36,4800,7,10,20
5456,24,12,2,3621.6353,3300,6,10,20
5457,17,14,2,3622.1214,4300,8,10,20
5458,11,19,2,3622.7266,3800,6,8,15
5459,21,13,2,3622.834,4900,10,10,20
5460,22,12,2,3623.3457,3600,9,10,20
5461,20,20,2,3623.487,3100,7,10,20
5462,18,18,2,3624.8221,3300,9,10,20
5463,22,11,2,3625.6103,3500,8,10,20
5464,12,18,2,3625.7305,5000,9,8,17
5465,10,13,2,3625.8707,3400,9,7,14
5466,20,19,2,3625.9242,4700,9,10,20
5467,10,19,2,3625.9554,4700,8,7,14
5468,15,12,2,3627.2296,4600,9,10,20
5469,19,18,2,3627.4699,4200,10,10,20
5470,14,11,2,3628.2764,4700,6,9,19
5471,10,11,2,3628.6669,4200,6,7,14
5472,24,10,2,3629.356,4200,8,10,20
5473,22,15,2,3630.7316,4600,10,10,20
5474,15,11,2,3630.7961,3300,8,10,20
5475,15,18,2,3631.2104,3400,6,10,20
5476,24,12,2,3632.26,3300,8,10,20
5477,22,15,2,3632.7116,4600,8,10,20
5478,13,10,2,3632.8081,3400,7,9,18
5479,24,18,2,3634.7284,4800,8,10,20
5480,15,13,2,3635.5724,3000,6,10,20
5481,24,19,2,3635.8363,3000,10,10,20
5482,13,17,2,3637.3299,3500,6,9,18
5483,21,10,2,3638.4162,4100,10,10,20
5484,16,14,2,3639.6265,3000,7,10,20
5485,18,10,2,3640.2725,4500,10,10,20
5486,10,17,2,3642.1388,3300,8,7,14
5487,14,20,2,3643.7117,3000,9,9,19
5488,23,20,2,3643.996,4700,8,10,20
5489,17,11,2,3644.47,3600,10,10,20
5490,10,15,2,3646.3719,3600,8,7,14
5491,15,18,2,3647.4947,4900,6,10,20
5492,16,15,2,3647.9287,4200,7,10,20
5493,13,16,2,3648.4525,4200,9,9,18
5494,19,12,2,3648.482,4300,6,10,20
5495,17,18,2,3650.3189,3600,6,10,20
5496,17,18,2,3651.0022,3700,7,10,20
5497,16,19,2,3651.436,4700,7,10,20
5498,21,12,2,3651.4689,3800,6,10,20
5499,16,20,2,3652.0818,3400,10,10,20
5500,11,14,2,3652.1259,4600,7,8,15
5501,24,17,2,3652.4125,3500,9,10,20
5502,17,18,2,3653.2176,3500,10,10,20
5503,22,19,2,3653.8421,3600,9,10,20
5504,12,14,2,3655.1335,4300,8,8,17
5505,20,12,2,3656.8894,4900,8,10,20
5506,16,16,2,3656.9081,3500,10,10,20
5507,12,19,2,3657.0501,4600,8,8,17
5508,16,19,2,3657.0567,5000,9,10,20
5509,15,17,2,3657.7444,4200,10,10,20
5510,18,10,2,3658.4778,3100,7,10,20
5511,19,20,2,3659.2399,3700,6,10,20
5512,20,15,2,3659.2798,4300,7,10,20
5513,23,11,2,3659.8912,3400,6,10,20
5514,16,17,2,3660.2131,3500,9,10,20
5515,11,15,2,3660.578,4600,8,8,15
5516,23,12,2,3661.7375,4000,7,10,20
5517,25,19,2,3661.832,3400,7,10,20
5518,12,13,2,3662.325,4100,9,8,17
5519,25,13,2,3662.5785,5000,7,10,20
5520,21,13,2,3663.1293,3300,9,10,20
5521,14,13,2,3663.3515,3900,8,9,19
5522,23,11,2,3663.3662,3100,8,10,20
5523,19,10,2,3663.4909,3200,10,10,20
5524,25,16,2,3666.5017,4900,10,10,20
5525,16,16,2,3666.7209,3600,6,10,20
5526,19,14,2,3667.7245,4700,10,10,20
5527,23,12,2,3667.8518,3000,10,10,20
5528,24,18,2,3668.1896,4400,8,10,20
5529,25,18,2,3669.441,5000,10,10,20
5530,22,10,2,3669.6857,3900,8,10,20
5531,15,17,2,3670.1565,5000,10,10,20
5532,21,17,2,3670.4256,3800,7,10,20
5533,16,11,2,3671.3854,5000,6,10,20
5534,14,13,2,3671.4324,5000,6,9,19
5535,12,20,2,3672.1041,4100,10,8,17
5536,13,18,2,3672.1631,4000,7,9,18
5537,12,16,2,3673.9539,4700,7,8,17
5538,21,18,2,3674.0516,3500,9,10,20
5539,15,19,2,3674.1425,4700,9,10,20
5540,15,17,2,3674.5099,3900,6,10,20
5541,12,14,2,3674.6609,3300,9,8,17
5542,19,16,2,3674.861,3300,9,10,20
5543,19,11,2,3675.3721,4100,9,10,20
5544,23,16,2,3677.4355,4700,7,10,20
5545,25,11,2,3678.0139,4200,7,10,20
5546,19,11,2,3678.2369,3800,9,10,20
5547,20,17,2,3678.9549,5000,10,10,20
5548,10,11,2,3680.2053,3400,8,7,14
5549,12,19,2,3680.4993,3700,8,8,17
5550,21,12,2,3680.9771,3900,6,10,20
5551,17,16,2,3681.2051,4500,6,10,20
5552,19,16,2,3681.2246,4000,10,10,20
5553,14,16,2,3682.0168,4700,8,9,19
5554,20,17,2,3682.9898,3300,10,10,20
5555,17,17,2,3684.8911,3500,8,10,20
5556,18,14,2,3685.0973,3900,9,10,20
5557,25,17,2,3685.8938,4300,9,10,20
5558,16,12,2,3687.3157,3100,8,10,20
5559,14,15,2,3687.619,4300,9,9,19
5560,17,14,2,3688.7952,3800,9,10,20
5561,14,18,2,3688.8145,3600,8,9,19
5562,16,12,2,3689.1889,3400,6,10,20
5563,17,15,2,3689.2388,4000,7,10,20
5564,15,15,2,3689.6937,3700,9,10,20
5565,16,16,2,3689.8594,4200,7,10,20
5566,22,11,2,3690.1301,3100,9,10,20
5567,18,12,2,3690.7448,4300,9,10,20
5568,21,12,2,3690.7535,3900,7,10,20
5569,16,16,2,3690.882,4600,6,10,20
5570,11,10,2,3692.1597,5000,9,8,15
5571,15,11,2,3693.1434,3700,8,10,20
5572,12,19,2,3694.4202,3200,10,8,17
5573,25,18,2,3694.7353,3000,10,10,20
5574,14,15,2,3694.9532,4100,10,9,19
5575,18,13,2,3695.1557,4300,9,10,20
5576,20,15,2,3696.2763,4900,10,10,20
5577,12,17,2,3696.9378,3400,8,8,17
5578,23,19,2,3696.9486,4800,10,10,20
5579,24,12,2,3698.3885,3000,9,10,20
5580,21,19,2,3700.3938,3000,6,10,20
5581,10,17,2,3700.6884,4400,7,7,14
5582,22,13,2,3701.4925,3800,8,10,20
5583,16,14,2,3701.7586,3600,10,10,20
5584,23,15,2,3701.8569,4700,7,10,20
5585,15,15,2,3702.3546,4400,7,10,20
5586,23,11,2,3703.22,3200,10,10,20
5587,19,14,2,3703.3423,4400,8,10,20
5588,20,18,2,3703.5763,3900,9,10,20
5589,24,16,2,3703.8275,4400,8,10,20
5590,21,13,2,3703.9314,4600,6,10,20
5591,17,14,2,3704.5968,4600,7,10,20
5592,18,18,2,3704.6483,3500,10,10,20
5593,11,18,2,3705.4231,4000,8,8,15
5594,10,15,2,3706.1567,3600,10,7,14
5595,24,16,2,3707.7796,3700,6,10,20
5596,12,17,2,3708.2682,3500,9,8,17
5597,21,12,2,3708.6176,3400,8,10,20
5598,10,11,2,3709.4327,3900,7,7,14
5599,23,15,2,3710.3124,5000,6,10,20
5600,20,19,2,3710.494,4100,9,10,20
5601,19,15,2,3711.2286,3400,7,10,20
5602,23,17,2,3711.9328,3200,9,10,20
5603,21,10,2,3712.454,3600,9,10,20
5604,21,12,2,3712.481,4600,9,10,20
5605,16,10,2,3715.7953,3900,10,10,20
5606,10,13,2,3716.255,3300,9,7,14
5607,24,14,2,3716.5823,3100,6,10,20
5608,23,20,2,3717.1425,4500,8,10,20
5609,22,18,2,3717.4744,3600,7,10,20
5610,10,14,2,3717.7212,4000,8,7,14
5611,16,19,2,3718.8689,3400,7,10,20
5612,24,14,2,3719.3183,3500,8,10,20
5613,20,12,2,3719.4407,3700,8,10,20
5614,14,12,2,3719.785,4400,9,9,19
5615,16,16,2,3720.5782,4600,7,10,20
5616,14,11,2,3720.7666,4200,6,9,19
5617,17,18,2,3721.7124,3700,6,10,20
5618,18,19,2,3721.8396,3000,9,10,20
5619,16,15,2,3722.6821,4300,6,10,20
5620,13,10,2,3722.7231,3600,6,9,18
5621,19,11,2,3722.7433,4100,10,10,20
5622,18,12,2,3723.1708,4000,6,10,20
5623,11,11,2,3724.2054,4900,8,8,15
5624,19,10,2,3724.4635,4500,9,10,20
5625,15,11,2,3724.7865,4700,8,10,20
5626,15,19,2,3725.5662,4700,8,10,20
5627,24,17,2,3725.9491,3400,9,10,20
5628,20,15,2,3725.9972,4200,7,10,20
5629,24,13,2,3726.3637,4700,10,10,20
5630,18,15,2,3726.7765,3700,8,10,20
5631,15,16,2,3729.0763,4700,6,10,20
5632,15,16,2,3729.9113,4400,10,10,20
5633,17,16,2,3731.1672,4900,7,10,20
5634,25,17,2,3732.0018,4100,9,10,20
5635,23,15,2,3733.3309,3000,9,10,20
5636,16,17,2,3735.8586,3800,7,10,20
5637,12,17,2,3737.5949,3000,9,8,17
5638,22,12,2,3737.7742,3000,10,10,20
5639,13,10,2,3737.7847,4600,9,9,18
5640,11,13,2,3737.9699,3300,9,8,15
5641,13,10,2,3738.3775,4500,8,9,18
5642,19,13,2,3738.5243,4800,9,10,20
5643,15,18,2,3738.5382,3700,7,10,20
5644,24,14,2,3738.5773,4100,7,10,20
5645,21,11,2,3738.9223,4600,8,10,20
5646,12,16,2,3739.0911,3800,6,8,17
5647,23,17,2,3739.4739,3200,6,10,20
5648,13,13,2,3739.5573,3000,7,9,18
5649,25,11,2,3741.5066,4900,9,10,20
5650,15,17,2,3742.1543,3900,6,10,20
5651,20,17,2,3742.2985,4400,10,10,20
5652,14,17,2,3742.8529,4600,7,9,19
5653,18,16,2,3743.3419,4000,8,10,20
5654,23,14,2,3745.2275,4700,8,10,20
5655,23,14,2,3745.3672,4100,10,10,20
5656,14,15,2,3746.1071,4000,9,9,19
5657,14,18,2,3746.1389,4100,6,9,19
5658,21,15,2,3746.5388,4600,10,10,20
5659,16,11,2,3746.7017,3900,10,10,20
5660,24,15,2,3747.9262,3100,9,10,20
5661,21,11,2,3748.3845,3800,9,10,20
5662,24,18,2,3751.3364,3300,6,10,20
5663,24,14,2,3751.4294,3700,7,10,20
5664,11,18,2,3753.6994,4900,7,8,15
5665,15,17,2,3754.2197,4500,8,10,20
5666,19,19,2,3754.4217,4400,6,10,20
5667,15,20,2,3755.1853,4500,8,10,20
5668,16,19,2,3755.4952,3600,7,10,20
5669,12,14,2,3755.7306,3600,10,8,17
5670,19,11,2,3755.887,3600,10,10,20
5671,20,20,2,3756.6608,4300,9,10,20
5672,17,18,2,3756.9842,4100,10,10,20
5673,23,18,2,3757.2601,3000,8,10,20
5674,22,18,2,3757.352,4300,10,10,20
5675,16,13,2,3757.5438,3600,6,10,20
5676,12,16,2,3758.2837,3600,7,8,17
5677,21,18,2,3760.2273,3200,6,10,20
5678,25,17,2,3762.6867,4500,9,10,20
5679,10,14,2,3763.5634,4900,8,7,14
5680,25,10,2,3765.0294,3500,9,10,20
5681,13,11,2,3765.3004,4400,8,9,18
5682,24,11,2,3766.1452,3200,8,10,20
5683,14,14,2,3767.5038,4500,10,9,19
5684,19,17,2,3767.7522,4700,8,10,20
5685,11,11,2,3768.7834,3000,9,8,15
5686,16,14,2,3768.8519,3200,7,10,20
5687,11,16,2,3769.0247,4700,10,8,15
5688,20,18,2,3769.4549,3400,6,10,20
5689,23,20,2,3771.513,3900,9,10,20
5690,10,14,2,3771.5322,4600,8,7,14
5691,16,11,2,3771.7428,3700,8,10,20
5692,10,20,2,3771.9297,3500,9,7,14
5693,23,15,2,3773.9509,4400,7,10,20
5694,13,17,2,3774.3755,3900,6,9,18
5695,23,11,2,3774.5905,4900,10,10,20
5696,22,13,2,3776.7308,3500,7,10,20
5697,21,13,2,3779.0789,4000,6,10,20
5698,15,19,2,3779.6558,4500,6,10,20
5699,16,12,2,3779.7116,3700,8,10,20
5700,14,17,2,3780.0517,3700,6,9,19
5701,17,15,2,3780.1211,3900,7,10,20
5702,17,12,2,3780.6325,3400,10,10,20
5703,23,11,2,3780.66,3500,10,10,20
5704,19,11,2,3782.2768,3100,6,10,20
5705,24,18,2,3782.7797,3000,9,10,20
5706,20,11,2,3783.4093,3100,7,10,20
5707,20,10,2,3783.561,4000,8,10,20
5708,19,20,2,3783.8439,4800,8,10,20
5709,14,13,2,3784.6604,3400,8,9,19
5710,19,20,2,3784.9713,4600,8,10,20
5711,21,17,2,3785.8418,3700,8,10,20
5712,18,19,2,3785.9853,3800,6,10,20
5713,24,14,2,3788.0772,4200,9,10,20
5714,24,12,2,3788.4332,4300,10,10,20
5715,24,17,2,3789.7799,3200,6,10,20
5716,21,18,2,3790.2498,4600,8,10,20
5717,17,10,2,3790.509,3300,9,10,20
5718,24,18,2,3790.6947,3700,10,10,20
5719,18,13,2,3790.9491,3100,6,10,20
5720,19,17,2,3793.3442,3800,7,10,20
5721,20,10,2,3794.4963,4200,6,10,20
5722,11,12,2,3795.7583,3100,7,8,15
5723,10,15,2,3796.0607,3800,6,7,14
5724,13,11,2,3796.6239,4800,7,9,18
5725,11,19,2,3796.8401,3800,6,8,15
5726,22,16,2,3798.2872,5000,7,10,20
5727,20,20,2,3798.6001,3900,7,10,20
5728,23,16,2,3799.3489,3500,7,10,20
5729,13,20,2,3799.7245,3300,9,9,18
5730,22,15,2,3799.7938,4000,6,10,20
5731,13,10,2,3802.0385,3300,10,9,18
5732,19,12,2,3802.8559,3200,8,10,20
5733,21,12,2,3803.4038,3400,6,10,20
5734,25,11,2,3803.8266,4800,6,10,20
5735,12,16,2,3805.34,4500,7,8,17
5736,16,15,2,3806.0469,4500,7,10,20
5737,10,17,2,3806.359,5000,7,7,14
5738,10,11,2,3807.7178,3300,8,7,14
5739,21,18,2,3808.0782,3400,8,10,20
5740,15,17,2,3808.5588,3800,9,10,20
5741,14,14,2,3809.1573,4400,8,9,19
5742,14,11,2,3811.1053,4000,10,9,19
5743,22,14,2,3811.2445,3900,9,10,20
5744,21,13,2,3811.365,4600,9,10,20
5745,12,20,2,3812.7945,3500,8,8,17
5746,25,16,2,3812.8687,4000,10,10,20
5747,16,15,2,3813.1292,3700,7,10,20
5748,23,16,2,3813.959,4400,7,10,20
5749,15,17,2,3814.2624,4800,6,10,20
5750,13,11,2,3814.264,4500,8,9,18
5751,18,18,2,3814.6735,4300,10,10,20
5752,15,14,2,3814.8793,3000,9,10,20
5753,14,16,2,3815.174,5000,8,9,19
5754,12,10,2,3815.1856,3800,9,8,17
5755,13,15,2,3815.3587,4900,8,9,18
5756,17,13,2,3815.7414,3000,8,10,20
5757,21,13,2,3817.7019,3400,10,10,20
5758,17,12,2,3818.0139,3700,10,10,20
5759,12,16,2,3818.2776,4700,9,8,17
5760,20,15,2,3818.2902,3400,6,10,20
5761,25,13,2,3819.1194,4200,6,10,20
5762,10,13,2,3819.5104,3800,7,7,14
5763,12,20,2,3820.0495,4000,6,8,17
5764,25,18,2,3820.7464,4700,9,10,20
5765,21,13,2,3821.9982,3500,8,10,20
5766,24,17,2,3822.4583,4100,10,10,20
5767,23,19,2,3822.516,3600,8,10,20
5768,23,17,2,3822.629,4500,6,10,20
5769,19,16,2,3822.7979,5000,7,10,20
5770,18,17,2,3822.8387,4000,7,10,20
5771,18,13,2,3823.1491,3000,9,10,20
5772,16,11,2,3823.8432,3500,9,10,20
5773,17,15,2,3824.5919,3700,7,10,20
5774,15,20,2,3825.8343,3200,8,10,20
5775,24,16,2,3826.2347,5000,7,10,20
5776,19,16,2,3827.3307,3700,8,10,20
5777,12,19,2,3828.4067,4400,7,8,17
5778,10,12,2,3829.2752,3800,8,7,14
5779,16,14,2,3831.4449,3800,7,10,20
5780,21,15,2,3833.366,3100,6,10,20
5781,19,12,2,3834.5689,4600,10,10,20
5782,13,11,2,3835.3837,4600,6,9,18
5783,11,11,2,3835.7587,4200,6,8,15
5784,19,14,2,3836.2054,3000,8,10,20
5785,16,19,2,3836.9562,4000,10,10,20
5786,11,14,2,3836.9788,3500,8,8,15
5787,12,16,2,3839.0612,3800,10,8,17
5788,23,11,2,3840.4499,3600,6,10,20
5789,17,10,2,3840.4781,3300,8,10,20
5790,16,18,2,3840.6555,3400,7,10,20
5791,22,20,2,3840.9983,4200,6,10,20
5792,25,14,2,3841.1415,4500,6,10,20
5793,15,18,2,3841.724,4100,6,10,20
5794,23,17,2,3841.9523,4700,6,10,20
5795,14,16,2,3842.2011,3600,7,9,19
5796,21,13,2,3842.6044,4000,9,10,20
5797,23,13,2,3842.7723,3600,9,10,20
5798,15,20,2,3843.5606,5000,9,10,20
5799,10,12,2,3844.0876,3800,10,7,14
5800,15,12,2,3845.3935,4600,8,10,20
5801,25,17,2,3847.5619,4800,9,10,20
5802,21,20,2,3848.0366,4000,10,10,20
5803,17,17,2,3848.1628,4400,10,10,20
5804,23,12,2,3848.6552,3700,10,10,20
5805,16,14,2,3849.9753,3600,6,10,20
5806,22,10,2,3852.036,3900,7,10,20
5807,11,11,2,3852.8335,3500,7,8,15
5808,10,11,2,3852.8687,4700,10,7,14
5809,21,15,2,3854.3243,3800,8,10,20
5810,11,18,2,3854.4261,4400,9,8,15
5811,21,17,2,3854.6393,3000,9,10,20
5812,13,14,2,3855.0478,4200,7,9,18
5813,13,11,2,3855.1964,3300,9,9,18
5814,24,19,2,3855.7292,3800,7,10,20
5815,16,11,2,3855.826,4900,10,10,20
5816,15,20,2,3857.9048,4100,6,10,20
5817,25,15,2,3858.4619,4900,9,10,20
5818,19,18,2,3858.6535,4400,10,10,20
5819,15,18,2,3859.7042,5000,8,10,20
5820,14,18,2,3860.1971,4400,6,9,19
5821,13,16,2,3860.874,3000,9,9,18
5822,23,13,2,3861.3957,3200,7,10,20
5823,15,17,2,3862.3559,3500,8,10,20
5824,14,15,2,3862.6657,3000,7,9,19
5825,18,14,2,3864.2383,4900,8,10,20
5826,10,20,2,3864.3248,3500,8,7,14
5827,23,12,2,3864.4405,3900,8,10,20
5828,19,12,2,3865.5784,3800,9,10,20
5829,24,19,2,3866.004,3600,8,10,20
5830,18,18,2,3867.1463,4500,8,10,20
5831,10,20,2,3868.5847,4700,7,7,14
5832,18,16,2,3868.8822,4400,9,10,20
5833,23,19,2,3870.591,3400,9,10,20
5834,13,15,2,3871.0381,3600,6,9,18
5835,21,17,2,3871.5391,4000,8,10,20
5836,15,17,2,3871.7945,4900,10,10,20
5837,17,15,2,3872.615,3200,9,10,20
5838,20,14,2,3873.6455,4100,8,10,20
5839,13,11,2,3874.8974,3400,8,9,18
5840,24,10,2,3876.5571,4000,10,10,20
5841,18,17,2,3876.7898,5000,6,10,20
5842,19,16,2,3877.3825,5000,7,10,20
5843,14,16,2,3878.5104,4100,8,9,19
5844,17,17,2,3878.8631,4000,9,10,20
5845,22,16,2,3879.9649,4600,9,10,20
5846,19,13,2,3880.1689,3200,6,10,20
5847,15,13,2,3882.689,3100,7,10,20
5848,23,15,2,3883.1477,3000,6,10,20
5849,23,13,2,3883.7811,4000,7,10,20
5850,23,17,2,3884.0917,3800,9,10,20
5851,12,13,2,3885.7029,4600,8,8,17
5852,15,20,2,3886.1283,3000,10,10,20
5853,18,10,2,3888.149,4900,7,10,20
5854,22,20,2,3888.1759,4300,8,10,20
5855,21,15,2,3888.4424,4000,6,10,20
5856,13,17,2,3888.7842,4200,6,9,18
5857,14,16,2,3889.2383,4100,10,9,19
5858,18,19,2,3889.4182,4600,7,10,20
5859,20,14,2,3890.0888,3000,8,10,20
5860,24,12,2,3890.9615,3000,10,10,20
5861,23,19,2,3891.2433,3500,10,10,20
5862,12,15,2,3891.6416,4300,6,8,17
5863,19,19,2,3891.6559,3700,7,10,20
5864,20,12,2,3892.1288,4600,7,10,20
5865,25,20,2,3893.1192,3700,6,10,20
5866,14,12,2,3893.2096,4000,6,9,19
5867,13,20,2,3893.9229,4500,8,9,18
5868,17,18,2,3894.6985,4200,9,10,20
5869,17,13,2,3894.7532,3000,7,10,20
5870,19,16,2,3895.2542,4400,9,10,20
5871,20,14,2,3896.1814,4000,6,10,20
5872,20,13,2,3896.6903,3900,10,10,20
5873,13,19,2,3896.8475,4100,7,9,18
5874,14,17,2,3897.0244,3200,9,9,19
5875,16,19,2,3897.1247,3400,6,10,20
5876,21,20,2,3897.4539,4100,7,10,20
5877,18,10,2,3898.2526,3200,8,10,20
5878,11,17,2,3898.3423,4600,9,8,15
5879,17,16,2,3898.5261,3400,10,10,20
5880,16,12,2,3900.0643,3500,6,10,20
5881,13,14,2,3901.0653,5000,9,9,18
5882,13,16,2,3901.4424,5000,6,9,18
5883,24,15,2,3901.5798,4800,10,10,20
5884,18,18,2,3902.2345,5000,6,10,20
5885,22,11,2,3902.6456,3300,7,10,20
5886,22,12,2,3902.8148,3200,9,10,20
5887,12,16,2,3903.4718,4200,6,8,17
5888,12,11,2,3904.5681,3200,6,8,17
5889,20,10,2,3904.7088,4600,9,10,20
5890,10,16,2,3904.7515,3400,8,7,14
5891,12,14,2,3904.9559,3100,10,8,17
5892,25,15,2,3905.2994,3400,6,10,20
5893,16,16,2,3906.0001,4900,7,10,20
5894,18,19,2,3906.1804,4400,8,10,20
5895,19,16,2,3906.5847,3200,9,10,20
5896,14,11,2,3906.6024,4800,8,9,19
5897,24,15,2,3907.3428,4200,6,10,20
5898,12,18,2,3907.9644,4800,7,8,17
5899,21,18,2,3908.3069,3600,10,10,20
5900,24,18,2,3908.8247,4800,10,10,20
5901,11,10,2,3908.8864,4900,10,8,15
5902,13,16,2,3908.9836,3200,7,9,18
5903,22,18,2,3909.7465,3000,10,10,20
5904,19,14,2,3909.8354,3400,9,10,20
5905,11,14,2,3910.3654,4200,8,8,15
5906,22,15,2,3910.5862,4000,6,10,20
5907,16,19,2,3911.0567,3800,10,10,20
5908,22,13,2,3911.2291,4200,9,10,20
5909,10,10,2,3914.0174,3400,9,7,14
5910,19,16,2,3915.1547,4600,8,10,20
5911,20,18,2,3915.4189,3900,6,10,20
5912,13,14,2,3915.5641,3900,8,9,18
5913,17,18,2,3915.6735,5000,7,10,20
5914,17,20,2,3916.067,4600,8,10,20
5915,12,19,2,3916.3625,3500,6,8,17
5916,18,11,2,3916.4121,4400,8,10,20
5917,24,14,2,3917.5696,4300,7,10,20
5918,21,15,2,3919.515,5000,7,10,20
5919,16,12,2,3919.9582,4900,6,10,20
5920,17,19,2,3921.0755,3500,9,10,20
5921,24,12,2,3922.9792,4100,9,10,20
5922,13,11,2,3924.6713,3400,9,9,18
5923,13,15,2,3925.4277,4900,10,9,18
5924,20,13,2,3926.8057,4200,9,10,20
5925,13,20,2,3926.9957,3800,8,9,18
5926,15,19,2,3928.0289,5000,8,10,20
5927,25,19,2,3928.8331,4500,10,10,20
5928,13,12,2,3930.0509,3800,8,9,18
5929,24,16,2,3930.1888,4100,7,10,20
5930,13,20,2,3930.8334,4300,9,9,18
5931,21,19,2,3931.9347,3400,7,10,20
5932,22,10,2,3932.3533,3800,10,10,20
5933,10,18,2,3932.6281,4400,9,7,14
5934,23,10,2,3932.8539,4400,9,10,20
5935,24,12,2,3933.2774,3600,9,10,20
5936,12,10,2,3933.9937,3800,9,8,17
5937,14,13,2,3934.088,4800,9,9,19
5938,19,19,2,3934.8821,3700,10,10,20
5939,25,10,2,3935.193,4300,6,10,20
5940,24,17,2,3936.7858,4100,10,10,20
5941,10,15,2,3937.2605,3400,9,7,14
5942,18,20,2,3938.0202,4800,7,10,20
5943,20,14,2,3938.5168,3200,7,10,20
5944,13,11,2,3939.6049,3300,7,9,18
5945,15,12,2,3939.8449,4700,8,10,20
5946,24,18,2,3939.9035,3200,8,10,20
5947,23,13,2,3940.9074,3100,7,10,20
5948,25,17,2,3941.0126,3500,8,10,20
5949,24,14,2,3942.0703,3600,10,10,20
5950,24,11,2,3942.1817,3000,10,10,20
5951,11,16,2,3942.1837,4800,6,8,15
5952,19,10,2,3942.2391,4500,8,10,20
5953,12,10,2,3942.3255,3300,10,8,17
5954,13,16,2,3943.459,3500,8,9,18
5955,14,10,2,3944.2422,3100,6,9,19
5956,16,19,2,3944.3302,4400,7,10,20
5957,23,20,2,3944.3453,3600,10,10,20
5958,17,14,2,3945.1384,4600,9,10,20
5959,17,20,2,3945.297,3700,8,10,20
5960,21,15,2,3945.729,3700,6,10,20
5961,24,11,2,3946.0026,3800,6,10,20
5962,23,18,2,3946.8633,3900,10,10,20
5963,14,13,2,3947.6203,3200,10,9,19
5964,14,11,2,3947.8997,3100,8,9,19
5965,24,18,2,3949.5768,3600,8,10,20
5966,17,20,2,3950.7137,3100,8,10,20
5967,16,11,2,3950.7952,4000,8,10,20
5968,25,19,2,3952.1307,4500,8,10,20
5969,13,13,2,3952.2231,3400,6,9,18
5970,16,13,2,3952.6609,4700,7,10,20
5971,16,18,2,3953.8454,3800,9,10,20
5972,10,18,2,3953.9375,3100,6,7,14
5973,23,13,2,3954.2228,3500,6,10,20
5974,15,14,2,3955.1852,3400,7,10,20
5975,15,19,2,3955.6867,4400,8,10,20
5976,24,12,2,3955.9231,3700,6,10,20
5977,22,20,2,3956.2944,4600,10,10,20
5978,22,12,2,3958.2687,3000,6,10,20
5979,19,12,2,3959.7332,4100,7,10,20
5980,12,14,2,3959.8535,3700,7,8,17
5981,16,16,2,3961.0975,3500,7,10,20
5982,14,20,2,3961.7082,3200,10,9,19
5983,20,15,2,3961.8056,4000,8,10,20
5984,23,14,2,3961.9185,3600,9,10,20
5985,17,17,2,3963.2638,3700,8,10,20
5986,13,18,2,3964.0363,4000,7,9,18
5987,12,10,2,3964.4741,3500,6,8,17
5988,15,11,2,3964.5866,3200,7,10,20
5989,10,12,2,3965.2461,3200,10,7,14
5990,22,13,2,3965.8166,4300,9,10,20
5991,23,14,2,3966.0112,4100,8,10,20
5992,23,13,2,3966.5433,4300,7,10,20
5993,25,14,2,3968.0179,3100,7,10,20
5994,22,20,2,3969.3622,3300,9,10,20
5995,15,15,2,3969.996,4500,9,10,20
5996,12,10,2,3971.1821,4500,6,8,17
5997,22,20,2,3972.0696,4800,8,10,20
5998,13,20,2,3972.1075,3300,10,9,18
5999,22,18,2,3972.3526,4100,9,10,20
