job_id,energy_qpu_kwh,energy_cpu_kwh,energy_total_kwh,cost_energy_total,phi_qpu,phi_cpu,qpu_time_s,cpu_time_s,qpu_wait_s,cpu_wait_s,wait_total_s,qpu_turn_s,cpu_turn_s,turn_total_s,job_turnaround_s
0,0.0,0.0022,0.0022,0.0004,0.0,1.0,0.0,3.53,0.0,0.0,0.0,0.0,3.5300000000000002,3.5300000000000002,3.5332
1,0.0,0.0021,0.0021,0.0004,0.0,1.0,0.0,3.3497,0.0,0.0,0.0,0.0,3.3497000000000003,3.3497000000000003,3.3525
2,0.0,0.0029,0.0029,0.0005,0.0,1.0,0.0,4.3851,0.0,0.0,0.0,0.0,4.3850999999999996,4.3850999999999996,4.3897
3,0.0,0.0028,0.0028,0.0005,0.0,1.0,0.0,4.0584,0.0,0.0,0.0,0.0,4.0584,4.0584,4.054
4,0.0,0.0028,0.0028,0.0005,0.0,1.0,0.0,3.8532,0.0,0.0,0.0,0.0,3.8532,3.8532,3.8535
5,0.0,0.0031,0.0031,0.0006,0.0,1.0,0.0,4.0206,0.0,0.0,0.0,0.0,4.0206,4.0206,4.0174
6,0.0,0.0026,0.0026,0.0005,0.0,1.0,0.0,4.1779,0.0,0.0,0.0,0.0,4.1779,4.1779,4.1825
7,0.0,0.0026,0.0026,0.0005,0.0,1.0,0.0,3.4022,0.0,0.0,0.0,0.0,3.4022,3.4022,3.401
8,0.0,0.0027,0.0027,0.0005,0.0,1.0,0.0,3.1867,0.0,0.0,0.0,0.0,3.1866999999999996,3.1866999999999996,3.1827
9,0.0,0.0028,0.0028,0.0005,0.0,1.0,0.0,4.031,0.0,0.0,0.0,0.0,4.031000000000001,4.031000000000001,4.0306
10,0.0,0.0031,0.0031,0.0006,0.0,1.0,0.0,4.1566,0.0,0.0,0.0,0.0,4.1566,4.1566,4.1543
11,0.0,0.0028,0.0028,0.0005,0.0,1.0,0.0,4.2093,0.0,0.0,0.0,0.0,4.2093,4.2093,4.2085
12,0.0,0.0032,0.0032,0.0006,0.0,1.0,0.0,4.1455,0.0,0.0,0.0,0.0,4.1455,4.1455,4.1502
13,0.0,0.0025,0.0025,0.0004,0.0,1.0,0.0,3.4642,0.0,0.0,0.0,0.0,3.4642,3.4642,3.4593
14,0.0,0.0034,0.0034,0.0006,0.0,1.0,0.0,3.9955,0.0,0.0,0.0,0.0,3.9955000000000003,3.9955000000000003,3.9907
15,0.0,0.0022,0.0022,0.0004,0.0,1.0,0.0,3.4613,0.0,0.0,0.0,0.0,3.4613000000000005,3.4613000000000005,3.4641
16,0.0,0.0023,0.0023,0.0004,0.0,1.0,0.0,3.2337,0.0,0.0,0.0,0.0,3.2337,3.2337,3.2314
17,0.0,0.003,0.003,0.0005,0.0,1.0,0.0,3.425,0.0,0.0,0.0,0.0,3.425,3.425,3.4234
18,0.0,0.002,0.002,0.0004,0.0,1.0,0.0,3.3616,0.0,0.0,0.0,0.0,3.3615999999999997,3.3615999999999997,3.3641
19,0.0,0.0031,0.0031,0.0006,0.0,1.0,0.0,3.9288,0.0,0.0,0.0,0.0,3.9288,3.9288,3.9264
20,0.0,0.0037,0.0037,0.0007,0.0,1.0,0.0,3.6719,0.0,0.0,0.0,0.0,3.6719,3.6719,3.67
21,0.0,0.003,0.003,0.0005,0.0,1.0,0.0,4.1973,0.0,0.0,0.0,0.0,4.197299999999999,4.197299999999999,4.1999
22,0.0,0.0027,0.0027,0.0005,0.0,1.0,0.0,3.622,0.0,0.0,0.0,0.0,3.622,3.622,3.6246
23,0.0,0.0032,0.0032,0.0006,0.0,1.0,0.0,4.0866,0.0,0.0,0.0,0.0,4.0866,4.0866,4.0852
24,0.0,0.0028,0.0028,0.0005,0.0,1.0,0.0,3.4077,0.0,0.0,0.0,0.0,3.4076999999999997,3.4076999999999997,3.4067
25,0.0,0.0021,0.0021,0.0004,0.0,1.0,0.0,2.9151,0.0,0.0,0.0,0.0,2.9151000000000002,2.9151000000000002,2.9177
26,0.0,0.0021,0.0021,0.0004,0.0,1.0,0.0,3.0509,0.0,0.0,0.0,0.0,3.0509,3.0509,3.0481
27,0.0,0.0038,0.0038,0.0007,0.0,1.0,0.0,4.5552,0.0,0.0,0.0,0.0,4.5552,4.5552,4.5571
28,0.0,0.0021,0.0021,0.0004,0.0,1.0,0.0,3.6037,0.0,0.0,0.0,0.0,3.6037,3.6037,3.601
29,0.0,0.0021,0.0021,0.0004,0.0,1.0,0.0,3.2728,0.0,0.0,0.0,0.0,3.2728,3.2728,3.2711
30,0.0,0.0034,0.0034,0.0006,0.0,1.0,0.0,4.2761,0.0,0.0,0.0,0.0,4.2761,4.2761,4.28
31,0.0,0.0021,0.0021,0.0004,0.0,1.0,0.0,3.5377,0.0,0.0,0.0,0.0,3.5376999999999996,3.5376999999999996,3.5342
32,0.0,0.0029,0.0029,0.0005,0.0,1.0,0.0,3.9848,0.0,0.0,0.0,0.0,3.9848,3.9848,3.9814
33,0.0,0.0029,0.0029,0.0005,0.0,1.0,0.0,4.357,0.0,0.0,0.0,0.0,4.357,4.357,4.355
34,0.0,0.0021,0.0021,0.0004,0.0,1.0,0.0,3.6772,0.0,0.0,0.0,0.0,3.6772,3.6772,3.6797
35,0.0,0.0028,0.0028,0.0005,0.0,1.0,0.0,3.4614,0.0,0.0,0.0,0.0,3.4614000000000003,3.4614000000000003,3.4664
36,0.0,0.0025,0.0025,0.0005,0.0,1.0,0.0,3.8088,0.0,0.0,0.0,0.0,3.8087999999999997,3.8087999999999997,3.8099
37,0.0,0.0029,0.0029,0.0005,0.0,1.0,0.0,4.2499,0.0,0.0,0.0,0.0,4.2499,4.2499,4.2481
38,0.0,0.0032,0.0032,0.0006,0.0,1.0,0.0,3.9264,0.0,0.0,0.0,0.0,3.9264000000000006,3.9264000000000006,3.9291
39,0.0,0.0022,0.0022,0.0004,0.0,1.0,0.0,3.3911,0.0,0.0,0.0,0.0,3.3911,3.3911,3.3956
40,0.0,0.0017,0.0017,0.0003,0.0,1.0,0.0,3.4845,0.0,0.0,0.0,0.0,3.4845,3.4845,3.4874
41,0.0,0.0022,0.0022,0.0004,0.0,1.0,0.0,3.5896,0.0,0.0,0.0,0.0,3.5895999999999995,3.5895999999999995,3.5899
42,0.0,0.0029,0.0029,0.0005,0.0,1.0,0.0,4.0502,0.0,0.0,0.0,0.0,4.050199999999999,4.050199999999999,4.0472
43,0.0,0.0026,0.0026,0.0005,0.0,1.0,0.0,3.858,0.0,0.0,0.0,0.0,3.8579999999999997,3.8579999999999997,3.8558
44,0.0,0.0026,0.0026,0.0005,0.0,1.0,0.0,3.5914,0.0,0.0,0.0,0.0,3.5913999999999997,3.5913999999999997,3.5941
45,0.0,0.0024,0.0024,0.0004,0.0,1.0,0.0,3.7778,0.0,0.0,0.0,0.0,3.7778,3.7778,3.7815
46,0.0,0.003,0.003,0.0005,0.0,1.0,0.0,3.4609,0.0,0.0,0.0,0.0,3.4608999999999996,3.4608999999999996,3.4571
47,0.0,0.0023,0.0023,0.0004,0.0,1.0,0.0,3.661,0.0,0.0,0.0,0.0,3.6609999999999996,3.6609999999999996,3.6612
48,0.0,0.0021,0.0021,0.0004,0.0,1.0,0.0,3.3222,0.0,0.0,0.0,0.0,3.3222,3.3222,3.3213
49,0.0,0.0025,0.0025,0.0005,0.0,1.0,0.0,3.579,0.0,0.0,0.0,0.0,3.5789999999999997,3.5789999999999997,3.5817
50,0.0,0.0028,0.0028,0.0005,0.0,1.0,0.0,3.6669,0.0,0.0,0.0,0.0,3.6669,3.6669,3.6709
51,0.0,0.0023,0.0023,0.0004,0.0,1.0,0.0,3.8418,0.0,0.0,0.0,0.0,3.8418,3.8418,3.8394
52,0.0,0.0026,0.0026,0.0005,0.0,1.0,0.0,3.5188,0.0,0.0,0.0,0.0,3.5188,3.5188,3.5201
53,0.0,0.0026,0.0026,0.0005,0.0,1.0,0.0,3.7046,0.0,0.0,0.0,0.0,3.7046,3.7046,3.7086
54,0.0,0.0026,0.0026,0.0005,0.0,1.0,0.0,3.3744,0.0,0.0,0.0,0.0,3.3744,3.3744,3.3785
55,0.0,0.0036,0.0036,0.0007,0.0,1.0,0.0,3.9249,0.0,0.0,0.0,0.0,3.9248999999999996,3.9248999999999996,3.9252
56,0.0,0.0026,0.0026,0.0005,0.0,1.0,0.0,3.535,0.0,0.0,0.0,0.0,3.535,3.535,3.5304
57,0.0,0.0027,0.0027,0.0005,0.0,1.0,0.0,4.0966,0.0,0.0,0.0,0.0,4.0966000000000005,4.0966000000000005,4.0953
58,0.0,0.0027,0.0027,0.0005,0.0,1.0,0.0,4.4471,0.0,0.0,0.0,0.0,4.4471,4.4471,4.4459
59,0.0,0.0021,0.0021,0.0004,0.0,1.0,0.0,3.4161,0.0,0.0,0.0,0.0,3.4160999999999997,3.4160999999999997,3.4134
60,0.0,0.0027,0.0027,0.0005,0.0,1.0,0.0,3.8117,0.0,0.0,0.0,0.0,3.8117,3.8117,3.8134
61,0.0,0.0029,0.0029,0.0005,0.0,1.0,0.0,3.2755,0.0,0.0,0.0,0.0,3.2755,3.2755,3.2735
62,0.0,0.0022,0.0022,0.0004,0.0,1.0,0.0,3.7518,0.0,0.0,0.0,0.0,3.7518,3.7518,3.7551
63,0.0,0.0033,0.0033,0.0006,0.0,1.0,0.0,3.9317,0.0,0.0,0.0,0.0,3.9317,3.9317,3.934
64,0.0,0.0025,0.0025,0.0004,0.0,1.0,0.0,3.9443,0.0,0.0,0.0,0.0,3.9443,3.9443,3.9488
65,0.0,0.0028,0.0028,0.0005,0.0,1.0,0.0,3.9593,0.0,0.0,0.0,0.0,3.9593000000000003,3.9593000000000003,3.9584
66,0.0,0.003,0.003,0.0005,0.0,1.0,0.0,3.8529,0.0,0.0,0.0,0.0,3.8529,3.8529,3.8524
67,0.0,0.003,0.003,0.0005,0.0,1.0,0.0,3.7853,0.0,0.0,0.0,0.0,3.7853000000000003,3.7853000000000003,3.7867
68,0.0,0.0027,0.0027,0.0005,0.0,1.0,0.0,4.1321,0.0,0.0,0.0,0.0,4.132099999999999,4.132099999999999,4.1281
69,0.0,0.003,0.003,0.0005,0.0,1.0,0.0,3.9163,0.0,0.0,0.0,0.0,3.9163,3.9163,3.9197
70,0.0,0.0024,0.0024,0.0004,0.0,1.0,0.0,3.8827,0.0,0.0,0.0,0.0,3.8827000000000003,3.8827000000000003,3.8796
71,0.0,0.0027,0.0027,0.0005,0.0,1.0,0.0,3.4438,0.0,0.0,0.0,0.0,3.4438000000000004,3.4438000000000004,3.4486
72,0.0,0.0026,0.0026,0.0005,0.0,1.0,0.0,3.922,0.0,0.0,0.0,0.0,3.9219999999999997,3.9219999999999997,3.9171
73,0.0,0.0019,0.0019,0.0003,0.0,1.0,0.0,3.504,0.0,0.0,0.0,0.0,3.5039999999999996,3.5039999999999996,3.5087
74,0.0,0.0026,0.0026,0.0005,0.0,1.0,0.0,4.0717,0.0,0.0,0.0,0.0,4.0717,4.0717,4.0766
75,0.0,0.0034,0.0034,0.0006,0.0,1.0,0.0,4.254,0.0,0.0,0.0,0.0,4.254,4.254,4.251
76,0.0,0.0031,0.0031,0.0006,0.0,1.0,0.0,3.6496,0.0,0.0,0.0,0.0,3.6496,3.6496,3.6504
77,0.0,0.0036,0.0036,0.0007,0.0,1.0,0.0,4.4836,0.0,0.0,0.0,0.0,4.4836,4.4836,4.4867
78,0.0,0.0029,0.0029,0.0005,0.0,1.0,0.0,3.8395,0.0,0.0,0.0,0.0,3.8395,3.8395,3.835
79,0.0,0.0025,0.0025,0.0005,0.0,1.0,0.0,3.3611,0.0,0.0,0.0,0.0,3.3611,3.3611,3.3626
80,0.0,0.0023,0.0023,0.0004,0.0,1.0,0.0,3.5655,0.0,0.0,0.0,0.0,3.5654999999999997,3.5654999999999997,3.5622
81,0.0,0.0028,0.0028,0.0005,0.0,1.0,0.0,3.3341,0.0,0.0,0.0,0.0,3.3341000000000003,3.3341000000000003,3.3362
82,0.0,0.0021,0.0021,0.0004,0.0,1.0,0.0,3.4953,0.0,0.0,0.0,0.0,3.4952999999999994,3.4952999999999994,3.4931
83,0.0,0.0032,0.0032,0.0006,0.0,1.0,0.0,4.2838,0.0,0.0,0.0,0.0,4.2838,4.2838,4.2805
84,0.0,0.0031,0.0031,0.0006,0.0,1.0,0.0,4.0749,0.0,0.0,0.0,0.0,4.0749,4.0749,4.0702
85,0.0,0.0025,0.0025,0.0004,0.0,1.0,0.0,3.2123,0.0,0.0,0.0,0.0,3.2123,3.2123,3.2167
86,0.0,0.0028,0.0028,0.0005,0.0,1.0,0.0,3.927,0.0,0.0,0.0,0.0,3.927,3.927,3.9273
87,0.0,0.0023,0.0023,0.0004,0.0,1.0,0.0,3.9352,0.0,0.0,0.0,0.0,3.9352,3.9352,3.9315
88,0.0,0.0021,0.0021,0.0004,0.0,1.0,0.0,3.0974,0.0,0.0,0.0,0.0,3.0974000000000004,3.0974000000000004,3.0964
89,0.0,0.0024,0.0024,0.0004,0.0,1.0,0.0,3.3749,0.0,0.0,0.0,0.0,3.3748999999999993,3.3748999999999993,3.3759
90,0.0,0.0027,0.0027,0.0005,0.0,1.0,0.0,3.8364,0.0,0.0,0.0,0.0,3.8364000000000003,3.8364000000000003,3.836
91,0.0,0.0021,0.0021,0.0004,0.0,1.0,0.0,2.9466,0.0,0.0,0.0,0.0,2.9465999999999997,2.9465999999999997,2.9497
92,0.0,0.0024,0.0024,0.0004,0.0,1.0,0.0,3.809,0.0,0.0,0.0,0.0,3.809,3.809,3.8083
93,0.0,0.0023,0.0023,0.0004,0.0,1.0,0.0,3.394,0.0,0.0,0.0,0.0,3.3939999999999997,3.3939999999999997,3.3962
94,0.0,0.0036,0.0036,0.0007,0.0,1.0,0.0,4.3632,0.0,0.0,0.0,0.0,4.3632,4.3632,4.3657
95,0.0,0.0029,0.0029,0.0005,0.0,1.0,0.0,4.1979,0.0,0.0,0.0,0.0,4.1979,4.1979,4.1983
96,0.0,0.0027,0.0027,0.0005,0.0,1.0,0.0,4.0436,0.0,0.0,0.0,0.0,4.0436,4.0436,4.0453
97,0.0,0.0016,0.0016,0.0003,0.0,1.0,0.0,3.1398,0.0,0.0,0.0,0.0,3.1398,3.1398,3.1372
98,0.0,0.0021,0.0021,0.0004,0.0,1.0,0.0,3.6635,0.0,0.0,0.0,0.0,3.6635,3.6635,3.6619
99,0.0,0.0021,0.0021,0.0004,0.0,1.0,0.0,3.2681,0.0,0.0,0.0,0.0,3.2681,3.2681,3.2692
100,0.0,0.0024,0.0024,0.0004,0.0,1.0,0.0,3.7398,0.0,0.0,0.0,0.0,3.7398,3.7398,3.7388
101,0.0,0.0025,0.0025,0.0005,0.0,1.0,0.0,3.5851,0.0,0.0,0.0,0.0,3.5851,3.5851,3.5836
102,0.0,0.0024,0.0024,0.0004,0.0,1.0,0.0,3.9428,0.0,0.0,0.0,0.0,3.9427999999999996,3.9427999999999996,3.9379
103,0.0,0.003,0.003,0.0005,0.0,1.0,0.0,3.4988,0.0,0.0,0.0,0.0,3.4988,3.4988,3.4969
104,0.0,0.0024,0.0024,0.0004,0.0,1.0,0.0,3.983,0.0,0.0,0.0,0.0,3.9830000000000005,3.9830000000000005,3.9857
105,0.0,0.0024,0.0024,0.0004,0.0,1.0,0.0,3.4804,0.0,0.0,0.0,0.0,3.4804,3.4804,3.4833
106,0.0,0.0029,0.0029,0.0005,0.0,1.0,0.0,4.1501,0.0,0.0,0.0,0.0,4.1501,4.1501,4.1523
107,0.0,0.0033,0.0033,0.0006,0.0,1.0,0.0,3.873,0.0,0.0,0.0,0.0,3.8729999999999998,3.8729999999999998,3.874
108,0.0,0.0026,0.0026,0.0005,0.0,1.0,0.0,3.6888,0.0,0.0,0.0,0.0,3.6888,3.6888,3.6916
109,0.0,0.0023,0.0023,0.0004,0.0,1.0,0.0,3.6784,0.0,0.0,0.0,0.0,3.6784,3.6784,3.68
110,0.0,0.0027,0.0027,0.0005,0.0,1.0,0.0,3.7201,0.0,0.0,0.0,0.0,3.7200999999999995,3.7200999999999995,3.7227
111,0.0,0.003,0.003,0.0005,0.0,1.0,0.0,4.12,0.0,0.0,0.0,0.0,4.12,4.12,4.1176
112,0.0,0.0019,0.0019,0.0003,0.0,1.0,0.0,3.7952,0.0,0.0,0.0,0.0,3.7952000000000004,3.7952000000000004,3.7974
113,0.0,0.0026,0.0026,0.0005,0.0,1.0,0.0,3.5268,0.0,0.0,0.0,0.0,3.5268,3.5268,3.5253
114,0.0,0.0032,0.0032,0.0006,0.0,1.0,0.0,3.679,0.0,0.0,0.0,0.0,3.679,3.679,3.6741
115,0.0,0.0026,0.0026,0.0005,0.0,1.0,0.0,3.7686,0.0,0.0,0.0,0.0,3.7686,3.7686,3.7678
116,0.0,0.0026,0.0026,0.0005,0.0,1.0,0.0,3.8665,0.0,0.0,0.0,0.0,3.8664999999999994,3.8664999999999994,3.865
117,0.0,0.0025,0.0025,0.0004,0.0,1.0,0.0,3.9049,0.0,0.0,0.0,0.0,3.9049,3.9049,3.9072
118,0.0,0.0027,0.0027,0.0005,0.0,1.0,0.0,4.1901,0.0,0.0,0.0,0.0,4.190099999999999,4.190099999999999,4.193
119,0.0,0.0021,0.0021,0.0004,0.0,1.0,0.0,3.0499,0.0,0.0,0.0,0.0,3.0499,3.0499,3.046
120,0.0,0.0023,0.0023,0.0004,0.0,1.0,0.0,3.5152,0.0,0.0,0.0,0.0,3.5152,3.5152,3.5142
121,0.0,0.0026,0.0026,0.0005,0.0,1.0,0.0,3.1407,0.0,0.0,0.0,0.0,3.1406999999999994,3.1406999999999994,3.1406
122,0.0,0.0026,0.0026,0.0005,0.0,1.0,0.0,3.2254,0.0,0.0,0.0,0.0,3.2254,3.2254,3.2265
123,0.0,0.0023,0.0023,0.0004,0.0,1.0,0.0,3.6239,0.0,0.0,0.0,0.0,3.6239,3.6239,3.6275
124,0.0,0.0034,0.0034,0.0006,0.0,1.0,0.0,4.0835,0.0,0.0,0.0,0.0,4.0835,4.0835,4.0876
125,0.0,0.0022,0.0022,0.0004,0.0,1.0,0.0,3.441,0.0,0.0,0.0,0.0,3.441,3.441,3.4403
126,0.0,0.0029,0.0029,0.0005,0.0,1.0,0.0,4.0368,0.0,0.0,0.0,0.0,4.0368,4.0368,4.0388
127,0.0,0.0025,0.0025,0.0004,0.0,1.0,0.0,3.333,0.0,0.0,0.0,0.0,3.333,3.333,3.3286
128,0.0,0.0026,0.0026,0.0005,0.0,1.0,0.0,3.6209,0.0,0.0,0.0,0.0,3.6209,3.6209,3.624
129,0.0,0.0025,0.0025,0.0004,0.0,1.0,0.0,4.0051,0.0,0.0,0.0,0.0,4.0051000000000005,4.0051000000000005,4.0038
130,0.0,0.0019,0.0019,0.0003,0.0,1.0,0.0,3.5832,0.0,0.0,0.0,0.0,3.5831999999999997,3.5831999999999997,3.5862
131,0.0,0.0027,0.0027,0.0005,0.0,1.0,0.0,4.0026,0.0,0.0,0.0,0.0,4.0026,4.0026,3.998
132,0.0,0.0024,0.0024,0.0004,0.0,1.0,0.0,3.0494,0.0,0.0,0.0,0.0,3.0494,3.0494,3.0447
133,0.0,0.0032,0.0032,0.0006,0.0,1.0,0.0,3.7809,0.0,0.0,0.0,0.0,3.7809,3.7809,3.7819
134,0.0,0.0025,0.0025,0.0005,0.0,1.0,0.0,4.022,0.0,0.0,0.0,0.0,4.022,4.022,4.0267
135,0.0,0.0022,0.0022,0.0004,0.0,1.0,0.0,3.2808,0.0,0.0,0.0,0.0,3.2808,3.2808,3.2807
136,0.0,0.0023,0.0023,0.0004,0.0,1.0,0.0,3.0824,0.0,0.0,0.0,0.0,3.0824,3.0824,3.0828
137,0.0,0.0025,0.0025,0.0004,0.0,1.0,0.0,3.2905,0.0,0.0,0.0,0.0,3.2904999999999998,3.2904999999999998,3.2876
138,0.0,0.0022,0.0022,0.0004,0.0,1.0,0.0,3.4995,0.0,0.0,0.0,0.0,3.4995,3.4995,3.4968
139,0.0,0.0026,0.0026,0.0005,0.0,1.0,0.0,3.6213,0.0,0.0,0.0,0.0,3.6212999999999997,3.6212999999999997,3.6235
140,0.0,0.003,0.003,0.0005,0.0,1.0,0.0,3.7332,0.0,0.0,0.0,0.0,3.7332,3.7332,3.7359
141,0.0,0.0028,0.0028,0.0005,0.0,1.0,0.0,3.9325,0.0,0.0,0.0,0.0,3.9324999999999997,3.9324999999999997,3.9276
142,0.0,0.0022,0.0022,0.0004,0.0,1.0,0.0,3.3676,0.0,0.0,0.0,0.0,3.3676000000000004,3.3676000000000004,3.3641
143,0.0,0.0023,0.0023,0.0004,0.0,1.0,0.0,3.3079,0.0,0.0,0.0,0.0,3.3079,3.3079,3.3104
144,0.0,0.0021,0.0021,0.0004,0.0,1.0,0.0,3.6335,0.0,0.0,0.0,0.0,3.6335,3.6335,3.6344
145,0.0,0.0034,0.0034,0.0006,0.0,1.0,0.0,4.2688,0.0,0.0,0.0,0.0,4.268800000000001,4.268800000000001,4.2667
146,0.0,0.0019,0.0019,0.0003,0.0,1.0,0.0,3.5417,0.0,0.0,0.0,0.0,3.5417,3.5417,3.5376
147,0.0,0.0027,0.0027,0.0005,0.0,1.0,0.0,3.3803,0.0,0.0,0.0,0.0,3.3803,3.3803,3.3851
148,0.0,0.0032,0.0032,0.0006,0.0,1.0,0.0,4.3623,0.0,0.0,0.0,0.0,4.3623,4.3623,4.3575
149,0.0,0.0021,0.0021,0.0004,0.0,1.0,0.0,4.1028,0.0,0.0,0.0,0.0,4.1028,4.1028,4.1025
150,0.0,0.0029,0.0029,0.0005,0.0,1.0,0.0,4.2927,0.0,0.0,0.0,0.0,4.2927,4.2927,4.2948
151,0.0,0.002,0.002,0.0004,0.0,1.0,0.0,3.5972,0.0,0.0,0.0,0.0,3.5972,3.5972,3.5958
152,0.0,0.0025,0.0025,0.0004,0.0,1.0,0.0,3.6551,0.0,0.0,0.0,0.0,3.6551,3.6551,3.6562
153,0.0,0.0025,0.0025,0.0005,0.0,1.0,0.0,3.6518,0.0,0.0,0.0,0.0,3.6518,3.6518,3.6475
154,0.0,0.0025,0.0025,0.0004,0.0,1.0,0.0,3.2542,0.0,0.0,0.0,0.0,3.2542,3.2542,3.2524
155,0.0,0.002,0.002,0.0004,0.0,1.0,0.0,3.6373,0.0,0.0,0.0,0.0,3.6372999999999998,3.6372999999999998,3.6328
156,0.0,0.0028,0.0028,0.0005,0.0,1.0,0.0,4.378,0.0,0.0,0.0,0.0,4.378,4.378,4.3737
157,0.0,0.003,0.003,0.0005,0.0,1.0,0.0,3.5598,0.0,0.0,0.0,0.0,3.5598,3.5598,3.5635
158,0.0,0.0019,0.0019,0.0003,0.0,1.0,0.0,2.929,0.0,0.0,0.0,0.0,2.929,2.929,2.9272
159,0.0,0.0026,0.0026,0.0005,0.0,1.0,0.0,3.3621,0.0,0.0,0.0,0.0,3.3621,3.3621,3.3583
160,0.0,0.0031,0.0031,0.0006,0.0,1.0,0.0,3.9397,0.0,0.0,0.0,0.0,3.9396999999999998,3.9396999999999998,3.9385
161,0.0,0.0022,0.0022,0.0004,0.0,1.0,0.0,4.2697,0.0,0.0,0.0,0.0,4.2697,4.2697,4.2723
162,0.0,0.0027,0.0027,0.0005,0.0,1.0,0.0,3.6167,0.0,0.0,0.0,0.0,3.6167000000000002,3.6167000000000002,3.6146
163,0.0,0.0031,0.0031,0.0006,0.0,1.0,0.0,3.4176,0.0,0.0,0.0,0.0,3.4175999999999997,3.4175999999999997,3.4175
164,0.0,0.0031,0.0031,0.0006,0.0,1.0,0.0,4.2513,0.0,0.0,0.0,0.0,4.2513,4.2513,4.2545
165,0.0,0.003,0.003,0.0005,0.0,1.0,0.0,3.6041,0.0,0.0,0.0,0.0,3.6041,3.6041,3.602
166,0.0,0.0028,0.0028,0.0005,0.0,1.0,0.0,3.2982,0.0,0.0,0.0,0.0,3.2981999999999996,3.2981999999999996,3.2948
167,0.0,0.0019,0.0019,0.0003,0.0,1.0,0.0,3.4204,0.0,0.0,0.0,0.0,3.4203999999999994,3.4203999999999994,3.4164
168,0.0,0.0033,0.0033,0.0006,0.0,1.0,0.0,3.9835,0.0,0.0,0.0,0.0,3.9835000000000003,3.9835000000000003,3.9829
169,0.0,0.0022,0.0022,0.0004,0.0,1.0,0.0,3.4847,0.0,0.0,0.0,0.0,3.4847,3.4847,3.4895
170,0.0,0.0021,0.0021,0.0004,0.0,1.0,0.0,3.5002,0.0,0.0,0.0,0.0,3.5002000000000004,3.5002000000000004,3.503
171,0.0,0.0024,0.0024,0.0004,0.0,1.0,0.0,3.2304,0.0,0.0,0.0,0.0,3.2304,3.2304,3.2325
172,0.0,0.0021,0.0021,0.0004,0.0,1.0,0.0,3.8912,0.0,0.0,0.0,0.0,3.8912,3.8912,3.8957
173,0.0,0.0031,0.0031,0.0006,0.0,1.0,0.0,3.9783,0.0,0.0,0.0,0.0,3.9783,3.9783,3.976
174,0.0,0.0026,0.0026,0.0005,0.0,1.0,0.0,3.8734,0.0,0.0,0.0,0.0,3.8734,3.8734,3.8716
175,0.0,0.0029,0.0029,0.0005,0.0,1.0,0.0,4.315,0.0,0.0,0.0,0.0,4.315,4.315,4.3133
176,0.0,0.0019,0.0019,0.0003,0.0,1.0,0.0,3.6518,0.0,0.0,0.0,0.0,3.6517999999999997,3.6517999999999997,3.6557
177,0.0,0.0021,0.0021,0.0004,0.0,1.0,0.0,3.442,0.0,0.0,0.0,0.0,3.4419999999999997,3.4419999999999997,3.4437
178,0.0,0.003,0.003,0.0005,0.0,1.0,0.0,3.8164,0.0,0.0,0.0,0.0,3.8164,3.8164,3.8147
179,0.0,0.0022,0.0022,0.0004,0.0,1.0,0.0,3.3121,0.0,0.0,0.0,0.0,3.3121,3.3121,3.3148
180,0.0,0.0024,0.0024,0.0004,0.0,1.0,0.0,3.3437,0.0,0.0,0.0,0.0,3.3436999999999997,3.3436999999999997,3.3408
181,0.0,0.0029,0.0029,0.0005,0.0,1.0,0.0,3.7889,0.0,0.0,0.0,0.0,3.7889,3.7889,3.7937
182,0.0,0.0026,0.0026,0.0005,0.0,1.0,0.0,3.8187,0.0,0.0,0.0,0.0,3.8186999999999998,3.8186999999999998,3.8138
183,0.0,0.0032,0.0032,0.0006,0.0,1.0,0.0,3.7986,0.0,0.0,0.0,0.0,3.7986000000000004,3.7986000000000004,3.7982
184,0.0,0.0019,0.0019,0.0003,0.0,1.0,0.0,3.5335,0.0,0.0,0.0,0.0,3.5335,3.5335,3.5319
185,0.0,0.0017,0.0017,0.0003,0.0,1.0,0.0,3.0267,0.0,0.0,0.0,0.0,3.0267,3.0267,3.0241
186,0.0,0.0028,0.0028,0.0005,0.0,1.0,0.0,4.1743,0.0,0.0,0.0,0.0,4.174300000000001,4.174300000000001,4.1698
187,0.0,0.0029,0.0029,0.0005,0.0,1.0,0.0,4.1869,0.0,0.0,0.0,0.0,4.1869000000000005,4.1869000000000005,4.1864
188,0.0,0.0026,0.0026,0.0005,0.0,1.0,0.0,4.2812,0.0,0.0,0.0,0.0,4.2812,4.2812,4.2836
189,0.0,0.0026,0.0026,0.0005,0.0,1.0,0.0,3.5032,0.0,0.0,0.0,0.0,3.5032,3.5032,3.5074
190,0.0,0.0024,0.0024,0.0004,0.0,1.0,0.0,3.8046,0.0,0.0,0.0,0.0,3.8046,3.8046,3.8028
191,0.0,0.0028,0.0028,0.0005,0.0,1.0,0.0,3.6211,0.0,0.0,0.0,0.0,3.6210999999999998,3.6210999999999998,3.6161
192,0.0,0.0019,0.0019,0.0003,0.0,1.0,0.0,3.699,0.0,0.0,0.0,0.0,3.6990000000000003,3.6990000000000003,3.6975
193,0.0,0.0021,0.0021,0.0004,0.0,1.0,0.0,3.4037,0.0,0.0,0.0,0.0,3.4037,3.4037,3.4035
194,0.0,0.0026,0.0026,0.0005,0.0,1.0,0.0,3.9561,0.0,0.0,0.0,0.0,3.9561,3.9561,3.9558
195,0.0,0.003,0.003,0.0005,0.0,1.0,0.0,4.0035,0.0,0.0,0.0,0.0,4.0035,4.0035,4.0055
196,0.0,0.0025,0.0025,0.0004,0.0,1.0,0.0,3.4208,0.0,0.0,0.0,0.0,3.4208,3.4208,3.4204
197,0.0,0.0024,0.0024,0.0004,0.0,1.0,0.0,4.0338,0.0,0.0,0.0,0.0,4.0338,4.0338,4.0326
198,0.0,0.0025,0.0025,0.0004,0.0,1.0,0.0,3.5397,0.0,0.0,0.0,0.0,3.5397,3.5397,3.5376
199,0.0,0.0027,0.0027,0.0005,0.0,1.0,0.0,3.884,0.0,0.0,0.0,0.0,3.884,3.884,3.8857
200,0.0,0.0026,0.0026,0.0005,0.0,1.0,0.0,4.2177,0.0,0.0,0.0,0.0,4.2177,4.2177,4.2168
201,0.0,0.0028,0.0028,0.0005,0.0,1.0,0.0,4.0094,0.0,0.0,0.0,0.0,4.009399999999999,4.009399999999999,4.0143
202,0.0,0.0026,0.0026,0.0005,0.0,1.0,0.0,3.4986,0.0,0.0,0.0,0.0,3.4986000000000006,3.4986000000000006,3.4988
203,0.0,0.0029,0.0029,0.0005,0.0,1.0,0.0,3.9565,0.0,0.0,0.0,0.0,3.9564999999999997,3.9564999999999997,3.9596
204,0.0,0.0028,0.0028,0.0005,0.0,1.0,0.0,3.8504,0.0,0.0,0.0,0.0,3.8503999999999996,3.8503999999999996,3.8535
205,0.0,0.0024,0.0024,0.0004,0.0,1.0,0.0,3.3886,0.0,0.0,0.0,0.0,3.3886,3.3886,3.3848
206,0.0,0.0032,0.0032,0.0006,0.0,1.0,0.0,3.6989,0.0,0.0,0.0,0.0,3.6989,3.6989,3.7026
207,0.0,0.0025,0.0025,0.0004,0.0,1.0,0.0,3.5252,0.0,0.0,0.0,0.0,3.5252,3.5252,3.5223
208,0.0,0.0029,0.0029,0.0005,0.0,1.0,0.0,3.832,0.0,0.0,0.0,0.0,3.8320000000000003,3.8320000000000003,3.8304
209,0.0,0.0033,0.0033,0.0006,0.0,1.0,0.0,3.9672,0.0,0.0,0.0,0.0,3.9672,3.9672,3.9643
210,0.0,0.0024,0.0024,0.0004,0.0,1.0,0.0,3.7957,0.0,0.0,0.0,0.0,3.7956999999999996,3.7956999999999996,3.7992
211,0.0,0.002,0.002,0.0004,0.0,1.0,0.0,3.5948,0.0,0.0,0.0,0.0,3.5947999999999998,3.5947999999999998,3.5933
212,0.0,0.002,0.002,0.0004,0.0,1.0,0.0,3.504,0.0,0.0,0.0,0.0,3.504,3.504,3.5065
213,0.0,0.0022,0.0022,0.0004,0.0,1.0,0.0,3.3512,0.0,0.0,0.0,0.0,3.3512,3.3512,3.3469
214,0.0,0.0022,0.0022,0.0004,0.0,1.0,0.0,3.3946,0.0,0.0,0.0,0.0,3.3946,3.3946,3.3901
215,0.0,0.0029,0.0029,0.0005,0.0,1.0,0.0,3.697,0.0,0.0,0.0,0.0,3.697,3.697,3.7
216,0.0,0.0017,0.0017,0.0003,0.0,1.0,0.0,2.816,0.0,0.0,0.0,0.0,2.816,2.816,2.8136
217,0.0,0.0021,0.0021,0.0004,0.0,1.0,0.0,3.7429,0.0,0.0,0.0,0.0,3.7429,3.7429,3.7385
218,0.0,0.0023,0.0023,0.0004,0.0,1.0,0.0,3.5623,0.0,0.0,0.0,0.0,3.5623,3.5623,3.5663
219,0.0,0.0022,0.0022,0.0004,0.0,1.0,0.0,3.251,0.0,0.0,0.0,0.0,3.2510000000000003,3.2510000000000003,3.2461
220,0.0,0.0026,0.0026,0.0005,0.0,1.0,0.0,4.1389,0.0,0.0,0.0,0.0,4.1389,4.1389,4.1412
221,0.0,0.0024,0.0024,0.0004,0.0,1.0,0.0,3.8768,0.0,0.0,0.0,0.0,3.8768,3.8768,3.8813
222,0.0,0.0031,0.0031,0.0006,0.0,1.0,0.0,4.0321,0.0,0.0,0.0,0.0,4.0321,4.0321,4.0323
223,0.0,0.0027,0.0027,0.0005,0.0,1.0,0.0,3.821,0.0,0.0,0.0,0.0,3.821,3.821,3.8228
224,0.0,0.0031,0.0031,0.0006,0.0,1.0,0.0,3.5748,0.0,0.0,0.0,0.0,3.5748,3.5748,3.5796
225,0.0,0.0025,0.0025,0.0005,0.0,1.0,0.0,3.8463,0.0,0.0,0.0,0.0,3.8463000000000003,3.8463000000000003,3.848
226,0.0,0.0026,0.0026,0.0005,0.0,1.0,0.0,3.5971,0.0,0.0,0.0,0.0,3.5970999999999997,3.5970999999999997,3.5981
227,0.0,0.0027,0.0027,0.0005,0.0,1.0,0.0,3.9029,0.0,0.0,0.0,0.0,3.9029,3.9029,3.9061
228,0.0,0.0027,0.0027,0.0005,0.0,1.0,0.0,3.8779,0.0,0.0,0.0,0.0,3.8779000000000003,3.8779000000000003,3.8814
229,0.0,0.0026,0.0026,0.0005,0.0,1.0,0.0,3.5634,0.0,0.0,0.0,0.0,3.5633999999999997,3.5633999999999997,3.5597
230,0.0,0.0021,0.0021,0.0004,0.0,1.0,0.0,3.7161,0.0,0.0,0.0,0.0,3.7161,3.7161,3.7177
231,0.0,0.0031,0.0031,0.0006,0.0,1.0,0.0,4.3293,0.0,0.0,0.0,0.0,4.3293,4.3293,4.334
232,0.0,0.0021,0.0021,0.0004,0.0,1.0,0.0,3.2904,0.0,0.0,0.0,0.0,3.2904,3.2904,3.2875
233,0.0,0.0027,0.0027,0.0005,0.0,1.0,0.0,3.6443,0.0,0.0,0.0,0.0,3.6443,3.6443,3.6429
234,0.0,0.0023,0.0023,0.0004,0.0,1.0,0.0,3.8034,0.0,0.0,0.0,0.0,3.8034000000000003,3.8034000000000003,3.8042
235,0.0,0.0031,0.0031,0.0006,0.0,1.0,0.0,4.4178,0.0,0.0,0.0,0.0,4.4178,4.4178,4.4183
236,0.0,0.0028,0.0028,0.0005,0.0,1.0,0.0,3.7169,0.0,0.0,0.0,0.0,3.7169,3.7169,3.7164
237,0.0,0.0024,0.0024,0.0004,0.0,1.0,0.0,3.4791,0.0,0.0,0.0,0.0,3.4791,3.4791,3.4824
238,0.0,0.0022,0.0022,0.0004,0.0,1.0,0.0,3.2489,0.0,0.0,0.0,0.0,3.2489000000000003,3.2489000000000003,3.2536
239,0.0,0.0026,0.0026,0.0005,0.0,1.0,0.0,3.8067,0.0,0.0,0.0,0.0,3.8067,3.8067,3.8045
240,0.0,0.0023,0.0023,0.0004,0.0,1.0,0.0,3.5374,0.0,0.0,0.0,0.0,3.5374,3.5374,3.5342
241,0.0,0.0033,0.0033,0.0006,0.0,1.0,0.0,3.9054,0.0,0.0,0.0,0.0,3.9054,3.9054,3.907
242,0.0,0.0024,0.0024,0.0004,0.0,1.0,0.0,3.6277,0.0,0.0,0.0,0.0,3.6277,3.6277,3.6314
243,0.0,0.0036,0.0036,0.0006,0.0,1.0,0.0,3.9684,0.0,0.0,0.0,0.0,3.9684,3.9684,3.9676
244,0.0,0.0019,0.0019,0.0003,0.0,1.0,0.0,3.3481,0.0,0.0,0.0,0.0,3.3481,3.3481,3.3495
245,0.0,0.0027,0.0027,0.0005,0.0,1.0,0.0,3.8509,0.0,0.0,0.0,0.0,3.8509,3.8509,3.851
246,0.0,0.002,0.002,0.0004,0.0,1.0,0.0,3.8096,0.0,0.0,0.0,0.0,3.8096,3.8096,3.8137
247,0.0,0.0034,0.0034,0.0006,0.0,1.0,0.0,4.3022,0.0,0.0,0.0,0.0,4.3022,4.3022,4.3063
248,0.0,0.003,0.003,0.0005,0.0,1.0,0.0,3.4601,0.0,0.0,0.0,0.0,3.4600999999999997,3.4600999999999997,3.4595
249,0.0,0.0028,0.0028,0.0005,0.0,1.0,0.0,4.0167,0.0,0.0,0.0,0.0,4.0167,4.0167,4.0208
250,0.0,0.0025,0.0025,0.0004,0.0,1.0,0.0,3.7879,0.0,0.0,0.0,0.0,3.7878999999999996,3.7878999999999996,3.791
251,0.0,0.0015,0.0015,0.0003,0.0,1.0,0.0,3.2452,0.0,0.0,0.0,0.0,3.2451999999999996,3.2451999999999996,3.244
252,0.0,0.0029,0.0029,0.0005,0.0,1.0,0.0,3.7399,0.0,0.0,0.0,0.0,3.7399,3.7399,3.7434
253,0.0,0.0035,0.0035,0.0006,0.0,1.0,0.0,4.7217,0.0,0.0,0.0,0.0,4.7217,4.7217,4.7171
254,0.0,0.0023,0.0023,0.0004,0.0,1.0,0.0,3.514,0.0,0.0,0.0,0.0,3.5140000000000002,3.5140000000000002,3.5184
255,0.0,0.0029,0.0029,0.0005,0.0,1.0,0.0,4.2568,0.0,0.0,0.0,0.0,4.256799999999999,4.256799999999999,4.2595
256,0.0,0.0031,0.0031,0.0006,0.0,1.0,0.0,4.1149,0.0,0.0,0.0,0.0,4.1149000000000004,4.1149000000000004,4.111
257,0.0,0.0032,0.0032,0.0006,0.0,1.0,0.0,4.0001,0.0,0.0,0.0,0.0,4.0001,4.0001,4.0025
258,0.0,0.0026,0.0026,0.0005,0.0,1.0,0.0,3.6085,0.0,0.0,0.0,0.0,3.6085000000000003,3.6085000000000003,3.6102
259,0.0,0.002,0.002,0.0004,0.0,1.0,0.0,3.1705,0.0,0.0,0.0,0.0,3.1705,3.1705,3.1697
260,0.0,0.0017,0.0017,0.0003,0.0,1.0,0.0,3.467,0.0,0.0,0.0,0.0,3.467,3.467,3.4715
261,0.0,0.0026,0.0026,0.0005,0.0,1.0,0.0,3.4833,0.0,0.0,0.0,0.0,3.4833000000000003,3.4833000000000003,3.4876
262,0.0,0.0037,0.0037,0.0007,0.0,1.0,0.0,3.6857,0.0,0.0,0.0,0.0,3.6856999999999998,3.6856999999999998,3.6817
263,0.0,0.0019,0.0019,0.0003,0.0,1.0,0.0,3.1777,0.0,0.0,0.0,0.0,3.1776999999999997,3.1776999999999997,3.1794
264,0.0,0.0028,0.0028,0.0005,0.0,1.0,0.0,3.8042,0.0,0.0,0.0,0.0,3.8042000000000002,3.8042000000000002,3.8
265,0.0,0.003,0.003,0.0005,0.0,1.0,0.0,4.2473,0.0,0.0,0.0,0.0,4.2473,4.2473,4.2497
266,0.0,0.0027,0.0027,0.0005,0.0,1.0,0.0,3.9357,0.0,0.0,0.0,0.0,3.9356999999999998,3.9356999999999998,3.9328
267,0.0,0.002,0.002,0.0004,0.0,1.0,0.0,3.7773,0.0,0.0,0.0,0.0,3.7773,3.7773,3.7741
268,0.0,0.0028,0.0028,0.0005,0.0,1.0,0.0,3.7017,0.0,0.0,0.0,0.0,3.7016999999999998,3.7016999999999998,3.7051
269,0.0,0.0025,0.0025,0.0005,0.0,1.0,0.0,3.9143,0.0,0.0,0.0,0.0,3.9143,3.9143,3.914
270,0.0,0.0023,0.0023,0.0004,0.0,1.0,0.0,3.8423,0.0,0.0,0.0,0.0,3.8423,3.8423,3.8426
271,0.0,0.0036,0.0036,0.0006,0.0,1.0,0.0,4.4051,0.0,0.0,0.0,0.0,4.4051,4.4051,4.4097
272,0.0,0.0029,0.0029,0.0005,0.0,1.0,0.0,4.0578,0.0,0.0,0.0,0.0,4.0578,4.0578,4.0625
273,0.0,0.0026,0.0026,0.0005,0.0,1.0,0.0,3.8027,0.0,0.0,0.0,0.0,3.8026999999999997,3.8026999999999997,3.8055
274,0.0,0.003,0.003,0.0005,0.0,1.0,0.0,4.5527,0.0,0.0,0.0,0.0,4.552700000000001,4.552700000000001,4.5537
275,0.0,0.0037,0.0037,0.0007,0.0,1.0,0.0,4.2628,0.0,0.0,0.0,0.0,4.2628,4.2628,4.2582
276,0.0,0.0022,0.0022,0.0004,0.0,1.0,0.0,3.6727,0.0,0.0,0.0,0.0,3.6727,3.6727,3.6737
277,0.0,0.0021,0.0021,0.0004,0.0,1.0,0.0,3.4795,0.0,0.0,0.0,0.0,3.4795,3.4795,3.4821
278,0.0,0.0023,0.0023,0.0004,0.0,1.0,0.0,3.0738,0.0,0.0,0.0,0.0,3.0738,3.0738,3.0694
279,0.0,0.0019,0.0019,0.0003,0.0,1.0,0.0,3.2739,0.0,0.0,0.0,0.0,3.2739000000000003,3.2739000000000003,3.2763
280,0.0,0.0034,0.0034,0.0006,0.0,1.0,0.0,3.9065,0.0,0.0,0.0,0.0,3.9065000000000003,3.9065000000000003,3.9042
281,0.0,0.0032,0.0032,0.0006,0.0,1.0,0.0,4.0628,0.0,0.0,0.0,0.0,4.0628,4.0628,4.0591
282,0.0,0.0021,0.0021,0.0004,0.0,1.0,0.0,3.9097,0.0,0.0,0.0,0.0,3.9097,3.9097,3.911
283,0.0,0.0025,0.0025,0.0005,0.0,1.0,0.0,3.4949,0.0,0.0,0.0,0.0,3.4949,3.4949,3.4955
284,0.0,0.0024,0.0024,0.0004,0.0,1.0,0.0,3.2933,0.0,0.0,0.0,0.0,3.2933,3.2933,3.2903
285,0.0,0.0021,0.0021,0.0004,0.0,1.0,0.0,3.2895,0.0,0.0,0.0,0.0,3.2895,3.2895,3.2932
286,0.0,0.0031,0.0031,0.0006,0.0,1.0,0.0,4.0325,0.0,0.0,0.0,0.0,4.0325,4.0325,4.0361
287,0.0,0.0034,0.0034,0.0006,0.0,1.0,0.0,3.5243,0.0,0.0,0.0,0.0,3.5242999999999998,3.5242999999999998,3.5232
288,0.0,0.0031,0.0031,0.0006,0.0,1.0,0.0,3.6073,0.0,0.0,0.0,0.0,3.6073000000000004,3.6073000000000004,3.6034
289,0.0,0.0025,0.0025,0.0004,0.0,1.0,0.0,3.6736,0.0,0.0,0.0,0.0,3.6736,3.6736,3.6774
290,0.0,0.0034,0.0034,0.0006,0.0,1.0,0.0,4.0761,0.0,0.0,0.0,0.0,4.0761,4.0761,4.0786
291,0.0,0.0025,0.0025,0.0005,0.0,1.0,0.0,3.6163,0.0,0.0,0.0,0.0,3.6163000000000003,3.6163000000000003,3.6121
292,0.0,0.0031,0.0031,0.0006,0.0,1.0,0.0,3.9105,0.0,0.0,0.0,0.0,3.9105,3.9105,3.9127
293,0.0,0.0022,0.0022,0.0004,0.0,1.0,0.0,3.7529,0.0,0.0,0.0,0.0,3.7529,3.7529,3.7508
294,0.0,0.0028,0.0028,0.0005,0.0,1.0,0.0,3.8679,0.0,0.0,0.0,0.0,3.8679,3.8679,3.8672
295,0.0,0.0027,0.0027,0.0005,0.0,1.0,0.0,4.01,0.0,0.0,0.0,0.0,4.01,4.01,4.0117
296,0.0,0.0034,0.0034,0.0006,0.0,1.0,0.0,3.8943,0.0,0.0,0.0,0.0,3.8943000000000003,3.8943000000000003,3.896
297,0.0,0.0025,0.0025,0.0004,0.0,1.0,0.0,4.1311,0.0,0.0,0.0,0.0,4.1311,4.1311,4.1321
298,0.0,0.0029,0.0029,0.0005,0.0,1.0,0.0,4.2578,0.0,0.0,0.0,0.0,4.2578000000000005,4.2578000000000005,4.2551
299,0.0,0.0033,0.0033,0.0006,0.0,1.0,0.0,4.203,0.0,0.0,0.0,0.0,4.202999999999999,4.202999999999999,4.1985
300,0.0,0.0034,0.0034,0.0006,0.0,1.0,0.0,4.4519,0.0,0.0,0.0,0.0,4.4519,4.4519,4.447
301,0.0,0.0021,0.0021,0.0004,0.0,1.0,0.0,3.8685,0.0,0.0,0.0,0.0,3.8685000000000005,3.8685000000000005,3.8638
302,0.0,0.0031,0.0031,0.0006,0.0,1.0,0.0,3.7216,0.0,0.0,0.0,0.0,3.7215999999999996,3.7215999999999996,3.721
303,0.0,0.003,0.003,0.0005,0.0,1.0,0.0,4.4971,0.0,0.0,0.0,0.0,4.4971,4.4971,4.4986
304,0.0,0.0019,0.0019,0.0003,0.0,1.0,0.0,3.6071,0.0,0.0,0.0,0.0,3.6071,3.6071,3.6095
305,0.0,0.0028,0.0028,0.0005,0.0,1.0,0.0,3.1068,0.0,0.0,0.0,0.0,3.1068000000000002,3.1068000000000002,3.1092
306,0.0,0.0022,0.0022,0.0004,0.0,1.0,0.0,3.2169,0.0,0.0,0.0,0.0,3.2169,3.2169,3.2131
307,0.0,0.0021,0.0021,0.0004,0.0,1.0,0.0,3.9634,0.0,0.0,0.0,0.0,3.9633999999999996,3.9633999999999996,3.9634
308,0.0,0.0027,0.0027,0.0005,0.0,1.0,0.0,3.061,0.0,0.0,0.0,0.0,3.061,3.061,3.0592
309,0.0,0.0029,0.0029,0.0005,0.0,1.0,0.0,4.159,0.0,0.0,0.0,0.0,4.159,4.159,4.1578
310,0.0,0.0032,0.0032,0.0006,0.0,1.0,0.0,4.1313,0.0,0.0,0.0,0.0,4.1312999999999995,4.1312999999999995,4.1267
311,0.0,0.0029,0.0029,0.0005,0.0,1.0,0.0,3.9066,0.0,0.0,0.0,0.0,3.9066,3.9066,3.9044
312,0.0,0.0023,0.0023,0.0004,0.0,1.0,0.0,3.7304,0.0,0.0,0.0,0.0,3.7303999999999995,3.7303999999999995,3.7344
313,0.0,0.0028,0.0028,0.0005,0.0,1.0,0.0,3.3157,0.0,0.0,0.0,0.0,3.3157,3.3157,3.3135
314,0.0,0.0025,0.0025,0.0005,0.0,1.0,0.0,3.7074,0.0,0.0,0.0,0.0,3.7074000000000003,3.7074000000000003,3.7036
315,0.0,0.0024,0.0024,0.0004,0.0,1.0,0.0,3.059,0.0,0.0,0.0,0.0,3.059,3.059,3.0553
316,0.0,0.0029,0.0029,0.0005,0.0,1.0,0.0,3.1691,0.0,0.0,0.0,0.0,3.1691000000000003,3.1691000000000003,3.1711
317,0.0,0.003,0.003,0.0005,0.0,1.0,0.0,4.1452,0.0,0.0,0.0,0.0,4.1452,4.1452,4.1471
318,0.0,0.0029,0.0029,0.0005,0.0,1.0,0.0,4.0278,0.0,0.0,0.0,0.0,4.0278,4.0278,4.0233
319,0.0,0.002,0.002,0.0004,0.0,1.0,0.0,3.178,0.0,0.0,0.0,0.0,3.1780000000000004,3.1780000000000004,3.1772
320,0.0,0.0028,0.0028,0.0005,0.0,1.0,0.0,4.1652,0.0,0.0,0.0,0.0,4.1652000000000005,4.1652000000000005,4.167
321,0.0,0.002,0.002,0.0004,0.0,1.0,0.0,3.0236,0.0,0.0,0.0,0.0,3.0236,3.0236,3.0195
322,0.0,0.0031,0.0031,0.0006,0.0,1.0,0.0,3.9136,0.0,0.0,0.0,0.0,3.9135999999999997,3.9135999999999997,3.9173
323,0.0,0.0028,0.0028,0.0005,0.0,1.0,0.0,3.2454,0.0,0.0,0.0,0.0,3.2454,3.2454,3.2472
324,0.0,0.0023,0.0023,0.0004,0.0,1.0,0.0,3.8715,0.0,0.0,0.0,0.0,3.8715,3.8715,3.8682
325,0.0,0.0019,0.0019,0.0003,0.0,1.0,0.0,3.8871,0.0,0.0,0.0,0.0,3.8871,3.8871,3.8859
326,0.0,0.0028,0.0028,0.0005,0.0,1.0,0.0,3.678,0.0,0.0,0.0,0.0,3.678,3.678,3.6733
327,0.0,0.0021,0.0021,0.0004,0.0,1.0,0.0,3.5863,0.0,0.0,0.0,0.0,3.5862999999999996,3.5862999999999996,3.59
328,0.0,0.0026,0.0026,0.0005,0.0,1.0,0.0,3.8651,0.0,0.0,0.0,0.0,3.8651,3.8651,3.8616
329,0.0,0.0037,0.0037,0.0007,0.0,1.0,0.0,4.1722,0.0,0.0,0.0,0.0,4.1722,4.1722,4.1722
330,0.0,0.0024,0.0024,0.0004,0.0,1.0,0.0,3.5147,0.0,0.0,0.0,0.0,3.5147000000000004,3.5147000000000004,3.5195
331,0.0,0.0027,0.0027,0.0005,0.0,1.0,0.0,4.0797,0.0,0.0,0.0,0.0,4.0797,4.0797,4.0844
332,0.0,0.003,0.003,0.0005,0.0,1.0,0.0,3.7406,0.0,0.0,0.0,0.0,3.7405999999999997,3.7405999999999997,3.7441
333,0.0,0.0031,0.0031,0.0006,0.0,1.0,0.0,3.7922,0.0,0.0,0.0,0.0,3.7922000000000002,3.7922000000000002,3.7907
334,0.0,0.0026,0.0026,0.0005,0.0,1.0,0.0,3.1717,0.0,0.0,0.0,0.0,3.1717,3.1717,3.1736
335,0.0,0.0021,0.0021,0.0004,0.0,1.0,0.0,3.2513,0.0,0.0,0.0,0.0,3.2513000000000005,3.2513000000000005,3.2477
336,0.0,0.0028,0.0028,0.0005,0.0,1.0,0.0,4.2382,0.0,0.0,0.0,0.0,4.2382,4.2382,4.2408
337,0.0,0.0026,0.0026,0.0005,0.0,1.0,0.0,3.1575,0.0,0.0,0.0,0.0,3.1575,3.1575,3.1569
338,0.0,0.003,0.003,0.0005,0.0,1.0,0.0,3.837,0.0,0.0,0.0,0.0,3.8369999999999997,3.8369999999999997,3.8339
339,0.0,0.0029,0.0029,0.0005,0.0,1.0,0.0,3.6804,0.0,0.0,0.0,0.0,3.6804,3.6804,3.6772
340,0.0,0.0026,0.0026,0.0005,0.0,1.0,0.0,3.9306,0.0,0.0,0.0,0.0,3.9306,3.9306,3.9265
341,0.0,0.0025,0.0025,0.0005,0.0,1.0,0.0,3.4394,0.0,0.0,0.0,0.0,3.4394,3.4394,3.4363
342,0.0,0.0029,0.0029,0.0005,0.0,1.0,0.0,3.833,0.0,0.0,0.0,0.0,3.8329999999999997,3.8329999999999997,3.8353
343,0.0,0.0024,0.0024,0.0004,0.0,1.0,0.0,3.4213,0.0,0.0,0.0,0.0,3.4212999999999996,3.4212999999999996,3.426
344,0.0,0.0021,0.0021,0.0004,0.0,1.0,0.0,3.3091,0.0,0.0,0.0,0.0,3.3091,3.3091,3.3071
345,0.0,0.0024,0.0024,0.0004,0.0,1.0,0.0,3.753,0.0,0.0,0.0,0.0,3.7529999999999997,3.7529999999999997,3.7569
346,0.0,0.0038,0.0038,0.0007,0.0,1.0,0.0,4.0434,0.0,0.0,0.0,0.0,4.0434,4.0434,4.0467
347,0.0,0.0017,0.0017,0.0003,0.0,1.0,0.0,3.7328,0.0,0.0,0.0,0.0,3.7328,3.7328,3.7365
348,0.0,0.0029,0.0029,0.0005,0.0,1.0,0.0,3.9614,0.0,0.0,0.0,0.0,3.9614,3.9614,3.9579
349,0.0,0.0028,0.0028,0.0005,0.0,1.0,0.0,3.7649,0.0,0.0,0.0,0.0,3.7649,3.7649,3.7638
350,0.0,0.0029,0.0029,0.0005,0.0,1.0,0.0,4.1784,0.0,0.0,0.0,0.0,4.1784,4.1784,4.182
351,0.0,0.0024,0.0024,0.0004,0.0,1.0,0.0,3.4269,0.0,0.0,0.0,0.0,3.4269,3.4269,3.4221
352,0.0,0.0025,0.0025,0.0005,0.0,1.0,0.0,3.7339,0.0,0.0,0.0,0.0,3.7338999999999998,3.7338999999999998,3.7378
353,0.0,0.0033,0.0033,0.0006,0.0,1.0,0.0,3.5572,0.0,0.0,0.0,0.0,3.5572,3.5572,3.5597
354,0.0,0.0023,0.0023,0.0004,0.0,1.0,0.0,3.9299,0.0,0.0,0.0,0.0,3.9299,3.9299,3.9329
355,0.0,0.0029,0.0029,0.0005,0.0,1.0,0.0,3.9902,0.0,0.0,0.0,0.0,3.9901999999999997,3.9901999999999997,3.9867
356,0.0,0.0031,0.0031,0.0005,0.0,1.0,0.0,3.7476,0.0,0.0,0.0,0.0,3.7476,3.7476,3.7449
357,0.0,0.0027,0.0027,0.0005,0.0,1.0,0.0,4.5135,0.0,0.0,0.0,0.0,4.5135,4.5135,4.5164
358,0.0,0.0017,0.0017,0.0003,0.0,1.0,0.0,2.856,0.0,0.0,0.0,0.0,2.856,2.856,2.8583
359,0.0,0.003,0.003,0.0005,0.0,1.0,0.0,3.8886,0.0,0.0,0.0,0.0,3.8886,3.8886,3.8843
360,0.0,0.0025,0.0025,0.0005,0.0,1.0,0.0,3.9846,0.0,0.0,0.0,0.0,3.9846,3.9846,3.9849
361,0.0,0.0027,0.0027,0.0005,0.0,1.0,0.0,3.4333,0.0,0.0,0.0,0.0,3.4333,3.4333,3.4301
362,0.0,0.0031,0.0031,0.0006,0.0,1.0,0.0,4.0967,0.0,0.0,0.0,0.0,4.0967,4.0967,4.0919
363,0.0,0.0021,0.0021,0.0004,0.0,1.0,0.0,3.4937,0.0,0.0,0.0,0.0,3.4937,3.4937,3.4895
364,0.0,0.0022,0.0022,0.0004,0.0,1.0,0.0,3.4385,0.0,0.0,0.0,0.0,3.4385,3.4385,3.4413
365,0.0,0.0018,0.0018,0.0003,0.0,1.0,0.0,3.6212,0.0,0.0,0.0,0.0,3.6211999999999995,3.6211999999999995,3.6229
366,0.0,0.0024,0.0024,0.0004,0.0,1.0,0.0,3.5757,0.0,0.0,0.0,0.0,3.5757000000000003,3.5757000000000003,3.5732
367,0.0,0.0024,0.0024,0.0004,0.0,1.0,0.0,3.5895,0.0,0.0,0.0,0.0,3.5894999999999997,3.5894999999999997,3.5855
368,0.0,0.0028,0.0028,0.0005,0.0,1.0,0.0,4.2788,0.0,0.0,0.0,0.0,4.2788,4.2788,4.2815
369,0.0,0.0028,0.0028,0.0005,0.0,1.0,0.0,3.9693,0.0,0.0,0.0,0.0,3.9693,3.9693,3.9666
370,0.0,0.0032,0.0032,0.0006,0.0,1.0,0.0,3.4072,0.0,0.0,0.0,0.0,3.4072,3.4072,3.4078
371,0.0,0.0026,0.0026,0.0005,0.0,1.0,0.0,3.4174,0.0,0.0,0.0,0.0,3.4174,3.4174,3.4159
372,0.0,0.0028,0.0028,0.0005,0.0,1.0,0.0,3.7554,0.0,0.0,0.0,0.0,3.7554000000000003,3.7554000000000003,3.7516
373,0.0,0.0028,0.0028,0.0005,0.0,1.0,0.0,3.7682,0.0,0.0,0.0,0.0,3.7681999999999993,3.7681999999999993,3.7724
374,0.0,0.0033,0.0033,0.0006,0.0,1.0,0.0,4.0805,0.0,0.0,0.0,0.0,4.0805,4.0805,4.0837
375,0.0,0.0024,0.0024,0.0004,0.0,1.0,0.0,3.7523,0.0,0.0,0.0,0.0,3.7523,3.7523,3.7496
376,0.0,0.0038,0.0038,0.0007,0.0,1.0,0.0,4.1225,0.0,0.0,0.0,0.0,4.1225,4.1225,4.1175
377,0.0,0.0024,0.0024,0.0004,0.0,1.0,0.0,4.0854,0.0,0.0,0.0,0.0,4.0854,4.0854,4.081
378,0.0,0.002,0.002,0.0004,0.0,1.0,0.0,3.2683,0.0,0.0,0.0,0.0,3.2682999999999995,3.2682999999999995,3.2674
379,0.0,0.0028,0.0028,0.0005,0.0,1.0,0.0,3.4412,0.0,0.0,0.0,0.0,3.4412,3.4412,3.4402
380,0.0,0.0019,0.0019,0.0003,0.0,1.0,0.0,3.2071,0.0,0.0,0.0,0.0,3.2071000000000005,3.2071000000000005,3.2117
381,0.0,0.0023,0.0023,0.0004,0.0,1.0,0.0,3.8112,0.0,0.0,0.0,0.0,3.8112,3.8112,3.8103
382,0.0,0.003,0.003,0.0005,0.0,1.0,0.0,3.6446,0.0,0.0,0.0,0.0,3.6446000000000005,3.6446000000000005,3.6424
383,0.0,0.0028,0.0028,0.0005,0.0,1.0,0.0,3.6912,0.0,0.0,0.0,0.0,3.6912000000000003,3.6912000000000003,3.6893
384,0.0,0.0023,0.0023,0.0004,0.0,1.0,0.0,3.5001,0.0,0.0,0.0,0.0,3.5000999999999998,3.5000999999999998,3.4991
385,0.0,0.0027,0.0027,0.0005,0.0,1.0,0.0,3.8905,0.0,0.0,0.0,0.0,3.8905000000000003,3.8905000000000003,3.8951
386,0.0,0.0026,0.0026,0.0005,0.0,1.0,0.0,4.2617,0.0,0.0,0.0,0.0,4.261699999999999,4.261699999999999,4.2611
387,0.0,0.0028,0.0028,0.0005,0.0,1.0,0.0,4.1664,0.0,0.0,0.0,0.0,4.166399999999999,4.166399999999999,4.1691
388,0.0,0.0025,0.0025,0.0005,0.0,1.0,0.0,3.1993,0.0,0.0,0.0,0.0,3.1993000000000005,3.1993000000000005,3.1957
389,0.0,0.0023,0.0023,0.0004,0.0,1.0,0.0,3.5643,0.0,0.0,0.0,0.0,3.5643,3.5643,3.5598
390,0.0,0.0019,0.0019,0.0003,0.0,1.0,0.0,3.5645,0.0,0.0,0.0,0.0,3.5645,3.5645,3.5643
391,0.0,0.0026,0.0026,0.0005,0.0,1.0,0.0,3.6864,0.0,0.0,0.0,0.0,3.6864000000000003,3.6864000000000003,3.6864
392,0.0,0.0028,0.0028,0.0005,0.0,1.0,0.0,3.7841,0.0,0.0,0.0,0.0,3.7841,3.7841,3.7811
393,0.0,0.0032,0.0032,0.0006,0.0,1.0,0.0,3.4441,0.0,0.0,0.0,0.0,3.4440999999999997,3.4440999999999997,3.4442
394,0.0,0.0026,0.0026,0.0005,0.0,1.0,0.0,3.8369,0.0,0.0,0.0,0.0,3.8369,3.8369,3.8338
395,0.0,0.0026,0.0026,0.0005,0.0,1.0,0.0,3.3308,0.0,0.0,0.0,0.0,3.3308,3.3308,3.3346
396,0.0,0.0021,0.0021,0.0004,0.0,1.0,0.0,3.3034,0.0,0.0,0.0,0.0,3.3034,3.3034,3.3046
397,0.0,0.0022,0.0022,0.0004,0.0,1.0,0.0,3.521,0.0,0.0,0.0,0.0,3.521,3.521,3.5253
398,0.0,0.0023,0.0023,0.0004,0.0,1.0,0.0,3.5999,0.0,0.0,0.0,0.0,3.5999,3.5999,3.6026
399,0.0,0.0022,0.0022,0.0004,0.0,1.0,0.0,3.3692,0.0,0.0,0.0,0.0,3.3692,3.3692,3.3651
400,0.0,0.0028,0.0028,0.0005,0.0,1.0,0.0,3.2616,0.0,0.0,0.0,0.0,3.2615999999999996,3.2615999999999996,3.2625
401,0.0,0.0024,0.0024,0.0004,0.0,1.0,0.0,3.365,0.0,0.0,0.0,0.0,3.365,3.365,3.3688
402,0.0,0.0024,0.0024,0.0004,0.0,1.0,0.0,3.2498,0.0,0.0,0.0,0.0,3.2498,3.2498,3.2516
403,0.0,0.0032,0.0032,0.0006,0.0,1.0,0.0,3.9939,0.0,0.0,0.0,0.0,3.9939,3.9939,3.9987
404,0.0,0.0021,0.0021,0.0004,0.0,1.0,0.0,3.6999,0.0,0.0,0.0,0.0,3.6999,3.6999,3.6952
405,0.0,0.0027,0.0027,0.0005,0.0,1.0,0.0,3.6986,0.0,0.0,0.0,0.0,3.6986,3.6986,3.6982
406,0.0,0.0028,0.0028,0.0005,0.0,1.0,0.0,4.0622,0.0,0.0,0.0,0.0,4.0622,4.0622,4.0623
407,0.0,0.0028,0.0028,0.0005,0.0,1.0,0.0,3.7625,0.0,0.0,0.0,0.0,3.7625,3.7625,3.7583
408,0.0,0.0027,0.0027,0.0005,0.0,1.0,0.0,4.1456,0.0,0.0,0.0,0.0,4.1456,4.1456,4.1485
409,0.0,0.0022,0.0022,0.0004,0.0,1.0,0.0,3.7215,0.0,0.0,0.0,0.0,3.7215,3.7215,3.718
410,0.0,0.0035,0.0035,0.0006,0.0,1.0,0.0,3.9539,0.0,0.0,0.0,0.0,3.9539,3.9539,3.953
411,0.0,0.0028,0.0028,0.0005,0.0,1.0,0.0,3.8323,0.0,0.0,0.0,0.0,3.8323000000000005,3.8323000000000005,3.8313
412,0.0,0.0026,0.0026,0.0005,0.0,1.0,0.0,3.3736,0.0,0.0,0.0,0.0,3.3736,3.3736,3.3758
413,0.0,0.0035,0.0035,0.0006,0.0,1.0,0.0,4.31,0.0,0.0,0.0,0.0,4.3100000000000005,4.3100000000000005,4.3138
414,0.0,0.0028,0.0028,0.0005,0.0,1.0,0.0,3.2461,0.0,0.0,0.0,0.0,3.2461,3.2461,3.2504
415,0.0,0.0029,0.0029,0.0005,0.0,1.0,0.0,3.6906,0.0,0.0,0.0,0.0,3.6906000000000003,3.6906000000000003,3.6898
416,0.0,0.0029,0.0029,0.0005,0.0,1.0,0.0,4.0162,0.0,0.0,0.0,0.0,4.0161999999999995,4.0161999999999995,4.0165
417,0.0,0.0026,0.0026,0.0005,0.0,1.0,0.0,4.0033,0.0,0.0,0.0,0.0,4.0033,4.0033,4.005
418,0.0,0.003,0.003,0.0005,0.0,1.0,0.0,3.4259,0.0,0.0,0.0,0.0,3.4259,3.4259,3.4243
419,0.0,0.0028,0.0028,0.0005,0.0,1.0,0.0,4.2502,0.0,0.0,0.0,0.0,4.2502,4.2502,4.2536
420,0.0,0.0023,0.0023,0.0004,0.0,1.0,0.0,3.055,0.0,0.0,0.0,0.0,3.0549999999999997,3.0549999999999997,3.0557
421,0.0,0.0033,0.0033,0.0006,0.0,1.0,0.0,3.5019,0.0,0.0,0.0,0.0,3.5019,3.5019,3.4978
422,0.0,0.0022,0.0022,0.0004,0.0,1.0,0.0,3.3913,0.0,0.0,0.0,0.0,3.3912999999999998,3.3912999999999998,3.3949
423,0.0,0.0029,0.0029,0.0005,0.0,1.0,0.0,3.0669,0.0,0.0,0.0,0.0,3.0669,3.0669,3.0701
424,0.0,0.0033,0.0033,0.0006,0.0,1.0,0.0,3.8306,0.0,0.0,0.0,0.0,3.8306,3.8306,3.8287
425,0.0,0.0032,0.0032,0.0006,0.0,1.0,0.0,3.6902,0.0,0.0,0.0,0.0,3.6902,3.6902,3.6887
426,0.0,0.002,0.002,0.0004,0.0,1.0,0.0,3.6133,0.0,0.0,0.0,0.0,3.6133,3.6133,3.6146
427,0.0,0.0029,0.0029,0.0005,0.0,1.0,0.0,3.5614,0.0,0.0,0.0,0.0,3.5614,3.5614,3.5602
428,0.0,0.003,0.003,0.0005,0.0,1.0,0.0,3.7694,0.0,0.0,0.0,0.0,3.7694,3.7694,3.7743
429,0.0,0.0036,0.0036,0.0007,0.0,1.0,0.0,4.1148,0.0,0.0,0.0,0.0,4.1148,4.1148,4.1133
430,0.0,0.0022,0.0022,0.0004,0.0,1.0,0.0,3.466,0.0,0.0,0.0,0.0,3.466,3.466,3.4669
431,0.0,0.0033,0.0033,0.0006,0.0,1.0,0.0,4.3423,0.0,0.0,0.0,0.0,4.3423,4.3423,4.3412
432,0.0,0.0026,0.0026,0.0005,0.0,1.0,0.0,3.921,0.0,0.0,0.0,0.0,3.9210000000000003,3.9210000000000003,3.9173
433,0.0,0.0018,0.0018,0.0003,0.0,1.0,0.0,3.6785,0.0,0.0,0.0,0.0,3.6784999999999997,3.6784999999999997,3.6792
434,0.0,0.0035,0.0035,0.0006,0.0,1.0,0.0,4.0111,0.0,0.0,0.0,0.0,4.0111,4.0111,4.0066
435,0.0,0.0021,0.0021,0.0004,0.0,1.0,0.0,3.6402,0.0,0.0,0.0,0.0,3.6401999999999997,3.6401999999999997,3.6411
436,0.0,0.0026,0.0026,0.0005,0.0,1.0,0.0,3.8328,0.0,0.0,0.0,0.0,3.8328,3.8328,3.8372
437,0.0,0.0024,0.0024,0.0004,0.0,1.0,0.0,3.0093,0.0,0.0,0.0,0.0,3.0092999999999996,3.0092999999999996,3.0053
438,0.0,0.0029,0.0029,0.0005,0.0,1.0,0.0,3.9218,0.0,0.0,0.0,0.0,3.9218,3.9218,3.9189
439,0.0,0.0026,0.0026,0.0005,0.0,1.0,0.0,3.7956,0.0,0.0,0.0,0.0,3.7956000000000003,3.7956000000000003,3.7999
440,0.0,0.0029,0.0029,0.0005,0.0,1.0,0.0,3.7848,0.0,0.0,0.0,0.0,3.7848,3.7848,3.789
441,0.0,0.0026,0.0026,0.0005,0.0,1.0,0.0,3.1772,0.0,0.0,0.0,0.0,3.1771999999999996,3.1771999999999996,3.176
442,0.0,0.0032,0.0032,0.0006,0.0,1.0,0.0,3.4589,0.0,0.0,0.0,0.0,3.4589,3.4589,3.4592
443,0.0,0.0024,0.0024,0.0004,0.0,1.0,0.0,3.5607,0.0,0.0,0.0,0.0,3.5606999999999998,3.5606999999999998,3.5588
444,0.0,0.0035,0.0035,0.0006,0.0,1.0,0.0,4.1785,0.0,0.0,0.0,0.0,4.1785000000000005,4.1785000000000005,4.1771
445,0.0,0.0036,0.0036,0.0006,0.0,1.0,0.0,4.4002,0.0,0.0,0.0,0.0,4.4002,4.4002,4.3994
446,0.0,0.0025,0.0025,0.0004,0.0,1.0,0.0,4.1883,0.0,0.0,0.0,0.0,4.1883,4.1883,4.1932
447,0.0,0.0019,0.0019,0.0003,0.0,1.0,0.0,2.99,0.0,0.0,0.0,0.0,2.99,2.99,2.9901
448,0.0,0.0025,0.0025,0.0004,0.0,1.0,0.0,3.7051,0.0,0.0,0.0,0.0,3.7051,3.7051,3.7073
449,0.0,0.0018,0.0018,0.0003,0.0,1.0,0.0,2.8215,0.0,0.0,0.0,0.0,2.8215,2.8215,2.8175
450,0.0,0.0023,0.0023,0.0004,0.0,1.0,0.0,3.5225,0.0,0.0,0.0,0.0,3.5225000000000004,3.5225000000000004,3.5199
451,0.0,0.0026,0.0026,0.0005,0.0,1.0,0.0,3.5432,0.0,0.0,0.0,0.0,3.5431999999999997,3.5431999999999997,3.5405
452,0.0,0.0024,0.0024,0.0004,0.0,1.0,0.0,3.5315,0.0,0.0,0.0,0.0,3.5315,3.5315,3.5354
453,0.0,0.0027,0.0027,0.0005,0.0,1.0,0.0,3.8773,0.0,0.0,0.0,0.0,3.8773,3.8773,3.8795
454,0.0,0.0031,0.0031,0.0006,0.0,1.0,0.0,3.6936,0.0,0.0,0.0,0.0,3.6936,3.6936,3.6968
455,0.0,0.0022,0.0022,0.0004,0.0,1.0,0.0,3.9187,0.0,0.0,0.0,0.0,3.9187,3.9187,3.9154
456,0.0,0.0036,0.0036,0.0007,0.0,1.0,0.0,4.0476,0.0,0.0,0.0,0.0,4.047599999999999,4.047599999999999,4.0477
457,0.0,0.0029,0.0029,0.0005,0.0,1.0,0.0,4.3127,0.0,0.0,0.0,0.0,4.3127,4.3127,4.3103
458,0.0,0.0022,0.0022,0.0004,0.0,1.0,0.0,3.5396,0.0,0.0,0.0,0.0,3.5396000000000005,3.5396000000000005,3.5359
459,0.0,0.0031,0.0031,0.0006,0.0,1.0,0.0,3.9199,0.0,0.0,0.0,0.0,3.9199,3.9199,3.9192
460,0.0,0.0026,0.0026,0.0005,0.0,1.0,0.0,3.4761,0.0,0.0,0.0,0.0,3.4760999999999997,3.4760999999999997,3.4742
461,0.0,0.0029,0.0029,0.0005,0.0,1.0,0.0,3.0436,0.0,0.0,0.0,0.0,3.0436,3.0436,3.0486
462,0.0,0.002,0.002,0.0004,0.0,1.0,0.0,3.6075,0.0,0.0,0.0,0.0,3.6075,3.6075,3.6101
463,0.0,0.002,0.002,0.0004,0.0,1.0,0.0,3.2936,0.0,0.0,0.0,0.0,3.2935999999999996,3.2935999999999996,3.2936
464,0.0,0.0031,0.0031,0.0006,0.0,1.0,0.0,3.3839,0.0,0.0,0.0,0.0,3.3838999999999997,3.3838999999999997,3.379
465,0.0,0.0026,0.0026,0.0005,0.0,1.0,0.0,4.0385,0.0,0.0,0.0,0.0,4.0385,4.0385,4.0383
466,0.0,0.0026,0.0026,0.0005,0.0,1.0,0.0,4.0165,0.0,0.0,0.0,0.0,4.0165,4.0165,4.0138
467,0.0,0.0028,0.0028,0.0005,0.0,1.0,0.0,3.7618,0.0,0.0,0.0,0.0,3.7618,3.7618,3.7574
468,0.0,0.0027,0.0027,0.0005,0.0,1.0,0.0,3.8331,0.0,0.0,0.0,0.0,3.8331000000000004,3.8331000000000004,3.8344
469,0.0,0.0029,0.0029,0.0005,0.0,1.0,0.0,4.2954,0.0,0.0,0.0,0.0,4.2954,4.2954,4.2978
470,0.0,0.0029,0.0029,0.0005,0.0,1.0,0.0,4.016,0.0,0.0,0.0,0.0,4.016,4.016,4.0152
471,0.0,0.0028,0.0028,0.0005,0.0,1.0,0.0,3.6567,0.0,0.0,0.0,0.0,3.6567,3.6567,3.6598
472,0.0,0.0024,0.0024,0.0004,0.0,1.0,0.0,3.5364,0.0,0.0,0.0,0.0,3.5364,3.5364,3.5341
473,0.0,0.0025,0.0025,0.0004,0.0,1.0,0.0,3.4236,0.0,0.0,0.0,0.0,3.4235999999999995,3.4235999999999995,3.4279
474,0.0,0.0022,0.0022,0.0004,0.0,1.0,0.0,3.4161,0.0,0.0,0.0,0.0,3.4161,3.4161,3.4179
475,0.0,0.0031,0.0031,0.0006,0.0,1.0,0.0,3.8377,0.0,0.0,0.0,0.0,3.8377,3.8377,3.8421
476,0.0,0.0027,0.0027,0.0005,0.0,1.0,0.0,3.7889,0.0,0.0,0.0,0.0,3.7889,3.7889,3.7924
477,0.0,0.0023,0.0023,0.0004,0.0,1.0,0.0,3.452,0.0,0.0,0.0,0.0,3.452,3.452,3.4543
478,0.0,0.0035,0.0035,0.0006,0.0,1.0,0.0,4.0098,0.0,0.0,0.0,0.0,4.0098,4.0098,4.0139
479,0.0,0.0021,0.0021,0.0004,0.0,1.0,0.0,2.9998,0.0,0.0,0.0,0.0,2.9998,2.9998,3.001
480,0.0,0.0025,0.0025,0.0004,0.0,1.0,0.0,3.7009,0.0,0.0,0.0,0.0,3.7009,3.7009,3.6984
481,0.0,0.0022,0.0022,0.0004,0.0,1.0,0.0,3.6051,0.0,0.0,0.0,0.0,3.6051,3.6051,3.6062
482,0.0,0.0028,0.0028,0.0005,0.0,1.0,0.0,3.7312,0.0,0.0,0.0,0.0,3.7312,3.7312,3.7341
483,0.0,0.0025,0.0025,0.0005,0.0,1.0,0.0,3.1847,0.0,0.0,0.0,0.0,3.1847000000000003,3.1847000000000003,3.1875
484,0.0,0.0028,0.0028,0.0005,0.0,1.0,0.0,4.0515,0.0,0.0,0.0,0.0,4.0515,4.0515,4.0471
485,0.0,0.0016,0.0016,0.0003,0.0,1.0,0.0,3.2496,0.0,0.0,0.0,0.0,3.2496,3.2496,3.2454
486,0.0,0.0029,0.0029,0.0005,0.0,1.0,0.0,4.0586,0.0,0.0,0.0,0.0,4.0586,4.0586,4.0624
487,0.0,0.0027,0.0027,0.0005,0.0,1.0,0.0,3.5153,0.0,0.0,0.0,0.0,3.5153,3.5153,3.519
488,0.0,0.0022,0.0022,0.0004,0.0,1.0,0.0,3.6723,0.0,0.0,0.0,0.0,3.6723000000000003,3.6723000000000003,3.6727
489,0.0,0.0029,0.0029,0.0005,0.0,1.0,0.0,3.9085,0.0,0.0,0.0,0.0,3.9084999999999996,3.9084999999999996,3.9054
490,0.0,0.0024,0.0024,0.0004,0.0,1.0,0.0,3.2294,0.0,0.0,0.0,0.0,3.2294,3.2294,3.2298
491,0.0,0.0023,0.0023,0.0004,0.0,1.0,0.0,3.6815,0.0,0.0,0.0,0.0,3.6814999999999998,3.6814999999999998,3.6799
492,0.0,0.003,0.003,0.0005,0.0,1.0,0.0,3.8779,0.0,0.0,0.0,0.0,3.8779,3.8779,3.8771
493,0.0,0.0027,0.0027,0.0005,0.0,1.0,0.0,3.688,0.0,0.0,0.0,0.0,3.688,3.688,3.6845
494,0.0,0.0021,0.0021,0.0004,0.0,1.0,0.0,3.5401,0.0,0.0,0.0,0.0,3.5401000000000002,3.5401000000000002,3.5404
495,0.0,0.0024,0.0024,0.0004,0.0,1.0,0.0,4.0426,0.0,0.0,0.0,0.0,4.0426,4.0426,4.0423
496,0.0,0.0017,0.0017,0.0003,0.0,1.0,0.0,3.2821,0.0,0.0,0.0,0.0,3.2821,3.2821,3.2831
497,0.0,0.0023,0.0023,0.0004,0.0,1.0,0.0,3.8264,0.0,0.0,0.0,0.0,3.8264,3.8264,3.8304
498,0.0,0.0029,0.0029,0.0005,0.0,1.0,0.0,3.3307,0.0,0.0,0.0,0.0,3.3307,3.3307,3.326
499,0.0,0.0021,0.0021,0.0004,0.0,1.0,0.0,3.4104,0.0,0.0,0.0,0.0,3.4104,3.4104,3.4135
500,0.0,0.0027,0.0027,0.0005,0.0,1.0,0.0,3.3814,0.0,0.0,0.0,0.0,3.3814,3.3814,3.3835
501,0.0,0.002,0.002,0.0004,0.0,1.0,0.0,3.3058,0.0,0.0,0.0,0.0,3.3058,3.3058,3.3028
502,0.0,0.0025,0.0025,0.0005,0.0,1.0,0.0,3.7374,0.0,0.0,0.0,0.0,3.7374,3.7374,3.7423
503,0.0,0.0023,0.0023,0.0004,0.0,1.0,0.0,3.9449,0.0,0.0,0.0,0.0,3.9449,3.9449,3.9468
504,0.0,0.0032,0.0032,0.0006,0.0,1.0,0.0,3.3461,0.0,0.0,0.0,0.0,3.3461000000000003,3.3461000000000003,3.3509
505,0.0,0.0035,0.0035,0.0006,0.0,1.0,0.0,4.1559,0.0,0.0,0.0,0.0,4.1559,4.1559,4.1569
506,0.0,0.0016,0.0016,0.0003,0.0,1.0,0.0,3.8773,0.0,0.0,0.0,0.0,3.8772999999999995,3.8772999999999995,3.8737
507,0.0,0.0033,0.0033,0.0006,0.0,1.0,0.0,3.9772,0.0,0.0,0.0,0.0,3.9772,3.9772,3.9784
508,0.0,0.0025,0.0025,0.0005,0.0,1.0,0.0,3.228,0.0,0.0,0.0,0.0,3.228,3.228,3.2248
509,0.0,0.0025,0.0025,0.0004,0.0,1.0,0.0,3.9075,0.0,0.0,0.0,0.0,3.9075,3.9075,3.9071
510,0.0,0.0036,0.0036,0.0006,0.0,1.0,0.0,4.0218,0.0,0.0,0.0,0.0,4.0218,4.0218,4.0223
511,0.0,0.0028,0.0028,0.0005,0.0,1.0,0.0,4.2001,0.0,0.0,0.0,0.0,4.2001,4.2001,4.1976
512,0.0,0.0016,0.0016,0.0003,0.0,1.0,0.0,3.4658,0.0,0.0,0.0,0.0,3.4657999999999998,3.4657999999999998,3.4705
513,0.0,0.0021,0.0021,0.0004,0.0,1.0,0.0,3.8068,0.0,0.0,0.0,0.0,3.8068,3.8068,3.8066
514,0.0,0.0037,0.0037,0.0007,0.0,1.0,0.0,4.6853,0.0,0.0,0.0,0.0,4.6853,4.6853,4.6809
515,0.0,0.0021,0.0021,0.0004,0.0,1.0,0.0,3.1792,0.0,0.0,0.0,0.0,3.1792,3.1792,3.1828
516,0.0,0.0032,0.0032,0.0006,0.0,1.0,0.0,3.4538,0.0,0.0,0.0,0.0,3.4538,3.4538,3.4587
517,0.0,0.003,0.003,0.0005,0.0,1.0,0.0,3.7817,0.0,0.0,0.0,0.0,3.7817,3.7817,3.7792
518,0.0,0.0018,0.0018,0.0003,0.0,1.0,0.0,3.4365,0.0,0.0,0.0,0.0,3.4365,3.4365,3.4357
519,0.0,0.0022,0.0022,0.0004,0.0,1.0,0.0,3.6297,0.0,0.0,0.0,0.0,3.6296999999999997,3.6296999999999997,3.6319
520,0.0,0.0035,0.0035,0.0006,0.0,1.0,0.0,4.081,0.0,0.0,0.0,0.0,4.081,4.081,4.077
521,0.0,0.0029,0.0029,0.0005,0.0,1.0,0.0,4.1672,0.0,0.0,0.0,0.0,4.167199999999999,4.167199999999999,4.1708
522,0.0,0.0025,0.0025,0.0004,0.0,1.0,0.0,3.6039,0.0,0.0,0.0,0.0,3.6039,3.6039,3.6025
523,0.0,0.0026,0.0026,0.0005,0.0,1.0,0.0,3.6482,0.0,0.0,0.0,0.0,3.6482000000000006,3.6482000000000006,3.6468
524,0.0,0.0027,0.0027,0.0005,0.0,1.0,0.0,3.9951,0.0,0.0,0.0,0.0,3.9951000000000003,3.9951000000000003,3.9982
525,0.0,0.0025,0.0025,0.0004,0.0,1.0,0.0,3.8786,0.0,0.0,0.0,0.0,3.8785999999999996,3.8785999999999996,3.8826
526,0.0,0.0033,0.0033,0.0006,0.0,1.0,0.0,3.477,0.0,0.0,0.0,0.0,3.4770000000000003,3.4770000000000003,3.4735
527,0.0,0.0024,0.0024,0.0004,0.0,1.0,0.0,4.2228,0.0,0.0,0.0,0.0,4.2228,4.2228,4.2228
528,0.0,0.0035,0.0035,0.0006,0.0,1.0,0.0,3.9632,0.0,0.0,0.0,0.0,3.9632,3.9632,3.9585
529,0.0,0.0023,0.0023,0.0004,0.0,1.0,0.0,3.4657,0.0,0.0,0.0,0.0,3.4656999999999996,3.4656999999999996,3.4661
530,0.0,0.0034,0.0034,0.0006,0.0,1.0,0.0,3.644,0.0,0.0,0.0,0.0,3.644,3.644,3.646
531,0.0,0.0023,0.0023,0.0004,0.0,1.0,0.0,3.6016,0.0,0.0,0.0,0.0,3.6016,3.6016,3.6004
532,0.0,0.0027,0.0027,0.0005,0.0,1.0,0.0,3.8559,0.0,0.0,0.0,0.0,3.8559,3.8559,3.8571
533,0.0,0.0022,0.0022,0.0004,0.0,1.0,0.0,3.7871,0.0,0.0,0.0,0.0,3.7871,3.7871,3.7898
534,0.0,0.0037,0.0037,0.0007,0.0,1.0,0.0,3.7686,0.0,0.0,0.0,0.0,3.7686,3.7686,3.7707
535,0.0,0.0026,0.0026,0.0005,0.0,1.0,0.0,3.6029,0.0,0.0,0.0,0.0,3.6029000000000004,3.6029000000000004,3.6019
536,0.0,0.0022,0.0022,0.0004,0.0,1.0,0.0,3.3354,0.0,0.0,0.0,0.0,3.3354,3.3354,3.338
537,0.0,0.0022,0.0022,0.0004,0.0,1.0,0.0,3.4106,0.0,0.0,0.0,0.0,3.4106000000000005,3.4106000000000005,3.4129
538,0.0,0.0031,0.0031,0.0006,0.0,1.0,0.0,4.4199,0.0,0.0,0.0,0.0,4.4199,4.4199,4.4181
539,0.0,0.0026,0.0026,0.0005,0.0,1.0,0.0,3.8838,0.0,0.0,0.0,0.0,3.8837999999999995,3.8837999999999995,3.8844
540,0.0,0.0027,0.0027,0.0005,0.0,1.0,0.0,3.5631,0.0,0.0,0.0,0.0,3.5631,3.5631,3.5605
541,0.0,0.0022,0.0022,0.0004,0.0,1.0,0.0,3.3235,0.0,0.0,0.0,0.0,3.3235,3.3235,3.3281
542,0.0,0.003,0.003,0.0005,0.0,1.0,0.0,4.2899,0.0,0.0,0.0,0.0,4.2899,4.2899,4.289
543,0.0,0.0025,0.0025,0.0004,0.0,1.0,0.0,3.2252,0.0,0.0,0.0,0.0,3.2252,3.2252,3.2281
544,0.0,0.0027,0.0027,0.0005,0.0,1.0,0.0,3.7256,0.0,0.0,0.0,0.0,3.7256,3.7256,3.723
545,0.0,0.0024,0.0024,0.0004,0.0,1.0,0.0,3.7282,0.0,0.0,0.0,0.0,3.7282,3.7282,3.7317
546,0.0,0.0036,0.0036,0.0006,0.0,1.0,0.0,4.401,0.0,0.0,0.0,0.0,4.401,4.401,4.403
547,0.0,0.0019,0.0019,0.0003,0.0,1.0,0.0,3.5461,0.0,0.0,0.0,0.0,3.5461,3.5461,3.5452
548,0.0,0.0026,0.0026,0.0005,0.0,1.0,0.0,3.9015,0.0,0.0,0.0,0.0,3.9015,3.9015,3.8989
549,0.0,0.0029,0.0029,0.0005,0.0,1.0,0.0,3.9508,0.0,0.0,0.0,0.0,3.9507999999999996,3.9507999999999996,3.9533
550,0.0,0.0027,0.0027,0.0005,0.0,1.0,0.0,3.6195,0.0,0.0,0.0,0.0,3.6195000000000004,3.6195000000000004,3.6198
551,0.0,0.0025,0.0025,0.0004,0.0,1.0,0.0,3.5306,0.0,0.0,0.0,0.0,3.5306,3.5306,3.533
552,0.0,0.0019,0.0019,0.0003,0.0,1.0,0.0,3.1592,0.0,0.0,0.0,0.0,3.1592,3.1592,3.1632
553,0.0,0.0021,0.0021,0.0004,0.0,1.0,0.0,3.8135,0.0,0.0,0.0,0.0,3.8135000000000003,3.8135000000000003,3.8129
554,0.0,0.0028,0.0028,0.0005,0.0,1.0,0.0,3.9926,0.0,0.0,0.0,0.0,3.9926,3.9926,3.9881
555,0.0,0.0034,0.0034,0.0006,0.0,1.0,0.0,3.9507,0.0,0.0,0.0,0.0,3.9506999999999994,3.9506999999999994,3.9459
556,0.0,0.003,0.003,0.0005,0.0,1.0,0.0,4.0515,0.0,0.0,0.0,0.0,4.0515,4.0515,4.0475
557,0.0,0.0031,0.0031,0.0006,0.0,1.0,0.0,3.8279,0.0,0.0,0.0,0.0,3.8279,3.8279,3.8313
558,0.0,0.0026,0.0026,0.0005,0.0,1.0,0.0,3.4165,0.0,0.0,0.0,0.0,3.4165,3.4165,3.4177
559,0.0,0.0032,0.0032,0.0006,0.0,1.0,0.0,3.9852,0.0,0.0,0.0,0.0,3.9852,3.9852,3.9851
560,0.0,0.0024,0.0024,0.0004,0.0,1.0,0.0,3.9454,0.0,0.0,0.0,0.0,3.9454000000000002,3.9454000000000002,3.9405
561,0.0,0.0023,0.0023,0.0004,0.0,1.0,0.0,3.7675,0.0,0.0,0.0,0.0,3.7675000000000005,3.7675000000000005,3.7639
562,0.0,0.0029,0.0029,0.0005,0.0,1.0,0.0,3.6741,0.0,0.0,0.0,0.0,3.6741,3.6741,3.6717
563,0.0,0.0027,0.0027,0.0005,0.0,1.0,0.0,4.6217,0.0,0.0,0.0,0.0,4.6217,4.6217,4.6168
564,0.0,0.0031,0.0031,0.0006,0.0,1.0,0.0,4.2459,0.0,0.0,0.0,0.0,4.2459,4.2459,4.2449
565,0.0,0.0027,0.0027,0.0005,0.0,1.0,0.0,3.8221,0.0,0.0,0.0,0.0,3.8221,3.8221,3.8184
566,0.0,0.0033,0.0033,0.0006,0.0,1.0,0.0,3.8388,0.0,0.0,0.0,0.0,3.8388,3.8388,3.8417
567,0.0,0.0023,0.0023,0.0004,0.0,1.0,0.0,3.999,0.0,0.0,0.0,0.0,3.9989999999999997,3.9989999999999997,3.9973
568,0.0,0.0026,0.0026,0.0005,0.0,1.0,0.0,3.8427,0.0,0.0,0.0,0.0,3.8427,3.8427,3.8397
569,0.0,0.0031,0.0031,0.0006,0.0,1.0,0.0,3.681,0.0,0.0,0.0,0.0,3.681,3.681,3.6796
570,0.0,0.0027,0.0027,0.0005,0.0,1.0,0.0,4.0742,0.0,0.0,0.0,0.0,4.0742,4.0742,4.0759
571,0.0,0.0019,0.0019,0.0003,0.0,1.0,0.0,3.8777,0.0,0.0,0.0,0.0,3.8776999999999995,3.8776999999999995,3.8802
572,0.0,0.0025,0.0025,0.0004,0.0,1.0,0.0,3.4014,0.0,0.0,0.0,0.0,3.4013999999999998,3.4013999999999998,3.4024
573,0.0,0.0031,0.0031,0.0006,0.0,1.0,0.0,4.2274,0.0,0.0,0.0,0.0,4.2274,4.2274,4.229
574,0.0,0.0028,0.0028,0.0005,0.0,1.0,0.0,3.9429,0.0,0.0,0.0,0.0,3.9429000000000003,3.9429000000000003,3.9419
575,0.0,0.0025,0.0025,0.0005,0.0,1.0,0.0,3.6684,0.0,0.0,0.0,0.0,3.6684,3.6684,3.6732
576,0.0,0.0018,0.0018,0.0003,0.0,1.0,0.0,3.0077,0.0,0.0,0.0,0.0,3.0077000000000003,3.0077000000000003,3.0122
577,0.0,0.0028,0.0028,0.0005,0.0,1.0,0.0,3.5174,0.0,0.0,0.0,0.0,3.5174000000000003,3.5174000000000003,3.5162
578,0.0,0.0025,0.0025,0.0004,0.0,1.0,0.0,3.5618,0.0,0.0,0.0,0.0,3.5618,3.5618,3.5574
579,0.0,0.0033,0.0033,0.0006,0.0,1.0,0.0,4.0317,0.0,0.0,0.0,0.0,4.0317,4.0317,4.0364
580,0.0,0.0035,0.0035,0.0006,0.0,1.0,0.0,4.1694,0.0,0.0,0.0,0.0,4.1694,4.1694,4.1675
581,0.0,0.0024,0.0024,0.0004,0.0,1.0,0.0,3.6266,0.0,0.0,0.0,0.0,3.6266,3.6266,3.6229
582,0.0,0.0028,0.0028,0.0005,0.0,1.0,0.0,3.8177,0.0,0.0,0.0,0.0,3.8177,3.8177,3.817
583,0.0,0.0028,0.0028,0.0005,0.0,1.0,0.0,4.161,0.0,0.0,0.0,0.0,4.161,4.161,4.1639
584,0.0,0.0025,0.0025,0.0004,0.0,1.0,0.0,3.8755,0.0,0.0,0.0,0.0,3.8754999999999997,3.8754999999999997,3.8765
585,0.0,0.0037,0.0037,0.0007,0.0,1.0,0.0,4.2911,0.0,0.0,0.0,0.0,4.2911,4.2911,4.2943
586,0.0,0.0024,0.0024,0.0004,0.0,1.0,0.0,3.5338,0.0,0.0,0.0,0.0,3.5338000000000003,3.5338000000000003,3.5292
587,0.0,0.0019,0.0019,0.0003,0.0,1.0,0.0,3.4299,0.0,0.0,0.0,0.0,3.4299000000000004,3.4299000000000004,3.4302
588,0.0,0.0028,0.0028,0.0005,0.0,1.0,0.0,3.7167,0.0,0.0,0.0,0.0,3.7167,3.7167,3.7156
589,0.0,0.0027,0.0027,0.0005,0.0,1.0,0.0,3.9072,0.0,0.0,0.0,0.0,3.9072000000000005,3.9072000000000005,3.9106
590,0.0,0.002,0.002,0.0004,0.0,1.0,0.0,3.3996,0.0,0.0,0.0,0.0,3.3995999999999995,3.3995999999999995,3.3958
591,0.0,0.0027,0.0027,0.0005,0.0,1.0,0.0,3.6032,0.0,0.0,0.0,0.0,3.6032,3.6032,3.5998
592,0.0,0.0028,0.0028,0.0005,0.0,1.0,0.0,3.6441,0.0,0.0,0.0,0.0,3.6441000000000003,3.6441000000000003,3.6415
593,0.0,0.0029,0.0029,0.0005,0.0,1.0,0.0,4.149,0.0,0.0,0.0,0.0,4.149,4.149,4.1472
594,0.0,0.0026,0.0026,0.0005,0.0,1.0,0.0,3.9366,0.0,0.0,0.0,0.0,3.9366000000000003,3.9366000000000003,3.9375
595,0.0,0.0025,0.0025,0.0004,0.0,1.0,0.0,3.7736,0.0,0.0,0.0,0.0,3.7736,3.7736,3.7729
596,0.0,0.0019,0.0019,0.0004,0.0,1.0,0.0,3.2245,0.0,0.0,0.0,0.0,3.2245,3.2245,3.2267
597,0.0,0.0023,0.0023,0.0004,0.0,1.0,0.0,3.7675,0.0,0.0,0.0,0.0,3.7675,3.7675,3.769
598,0.0,0.0024,0.0024,0.0004,0.0,1.0,0.0,2.9087,0.0,0.0,0.0,0.0,2.9087,2.9087,2.9059
599,0.0,0.0027,0.0027,0.0005,0.0,1.0,0.0,4.3259,0.0,0.0,0.0,0.0,4.3259,4.3259,4.3291
600,0.0,0.0031,0.0031,0.0006,0.0,1.0,0.0,3.6815,0.0,0.0,0.0,0.0,3.6814999999999998,3.6814999999999998,3.686
601,0.0,0.0026,0.0026,0.0005,0.0,1.0,0.0,3.3744,0.0,0.0,0.0,0.0,3.3743999999999996,3.3743999999999996,3.3708
602,0.0,0.0021,0.0021,0.0004,0.0,1.0,0.0,3.5721,0.0,0.0,0.0,0.0,3.5721000000000003,3.5721000000000003,3.5695
603,0.0,0.0025,0.0025,0.0004,0.0,1.0,0.0,4.1234,0.0,0.0,0.0,0.0,4.1234,4.1234,4.1216
604,0.0,0.0026,0.0026,0.0005,0.0,1.0,0.0,3.8086,0.0,0.0,0.0,0.0,3.8085999999999998,3.8085999999999998,3.8094
605,0.0,0.0018,0.0018,0.0003,0.0,1.0,0.0,2.7725,0.0,0.0,0.0,0.0,2.7725000000000004,2.7725000000000004,2.7774
606,0.0,0.0026,0.0026,0.0005,0.0,1.0,0.0,3.6972,0.0,0.0,0.0,0.0,3.6972,3.6972,3.6949
607,0.0,0.0025,0.0025,0.0004,0.0,1.0,0.0,4.0696,0.0,0.0,0.0,0.0,4.0696,4.0696,4.0733
608,0.0,0.0025,0.0025,0.0004,0.0,1.0,0.0,4.2803,0.0,0.0,0.0,0.0,4.2802999999999995,4.2802999999999995,4.2804
609,0.0,0.0036,0.0036,0.0007,0.0,1.0,0.0,4.1118,0.0,0.0,0.0,0.0,4.1118,4.1118,4.1098
610,0.0,0.0027,0.0027,0.0005,0.0,1.0,0.0,3.4738,0.0,0.0,0.0,0.0,3.4738,3.4738,3.4732
611,0.0,0.0033,0.0033,0.0006,0.0,1.0,0.0,3.852,0.0,0.0,0.0,0.0,3.8520000000000003,3.8520000000000003,3.8556
612,0.0,0.0019,0.0019,0.0003,0.0,1.0,0.0,3.4508,0.0,0.0,0.0,0.0,3.4508,3.4508,3.4551
613,0.0,0.0035,0.0035,0.0006,0.0,1.0,0.0,3.6076,0.0,0.0,0.0,0.0,3.6075999999999997,3.6075999999999997,3.6123
614,0.0,0.0027,0.0027,0.0005,0.0,1.0,0.0,3.5523,0.0,0.0,0.0,0.0,3.5523000000000002,3.5523000000000002,3.5569
615,0.0,0.0029,0.0029,0.0005,0.0,1.0,0.0,3.694,0.0,0.0,0.0,0.0,3.6939999999999995,3.6939999999999995,3.698
616,0.0,0.0032,0.0032,0.0006,0.0,1.0,0.0,4.2246,0.0,0.0,0.0,0.0,4.224600000000001,4.224600000000001,4.2228
617,0.0,0.0022,0.0022,0.0004,0.0,1.0,0.0,3.5462,0.0,0.0,0.0,0.0,3.5462,3.5462,3.5433
618,0.0,0.003,0.003,0.0005,0.0,1.0,0.0,3.9973,0.0,0.0,0.0,0.0,3.9973000000000005,3.9973000000000005,3.9949
619,0.0,0.0023,0.0023,0.0004,0.0,1.0,0.0,3.837,0.0,0.0,0.0,0.0,3.837,3.837,3.8401
620,0.0,0.0019,0.0019,0.0003,0.0,1.0,0.0,3.1552,0.0,0.0,0.0,0.0,3.1552,3.1552,3.1593
621,0.0,0.0024,0.0024,0.0004,0.0,1.0,0.0,3.7346,0.0,0.0,0.0,0.0,3.7346000000000004,3.7346000000000004,3.7325
622,0.0,0.0034,0.0034,0.0006,0.0,1.0,0.0,4.2991,0.0,0.0,0.0,0.0,4.2991,4.2991,4.3037
623,0.0,0.0029,0.0029,0.0005,0.0,1.0,0.0,3.1222,0.0,0.0,0.0,0.0,3.1221999999999994,3.1221999999999994,3.1215
624,0.0,0.0029,0.0029,0.0005,0.0,1.0,0.0,3.6515,0.0,0.0,0.0,0.0,3.6515,3.6515,3.6527
625,0.0,0.0027,0.0027,0.0005,0.0,1.0,0.0,3.8043,0.0,0.0,0.0,0.0,3.8043,3.8043,3.801
626,0.0,0.0019,0.0019,0.0003,0.0,1.0,0.0,3.1382,0.0,0.0,0.0,0.0,3.1382000000000003,3.1382000000000003,3.1364
627,0.0,0.0021,0.0021,0.0004,0.0,1.0,0.0,3.7204,0.0,0.0,0.0,0.0,3.7204,3.7204,3.723
628,0.0,0.0026,0.0026,0.0005,0.0,1.0,0.0,3.7947,0.0,0.0,0.0,0.0,3.7946999999999997,3.7946999999999997,3.7959
629,0.0,0.003,0.003,0.0005,0.0,1.0,0.0,3.7986,0.0,0.0,0.0,0.0,3.7986000000000004,3.7986000000000004,3.8013
630,0.0,0.0025,0.0025,0.0005,0.0,1.0,0.0,3.7354,0.0,0.0,0.0,0.0,3.7354000000000003,3.7354000000000003,3.7358
631,0.0,0.0039,0.0039,0.0007,0.0,1.0,0.0,4.1607,0.0,0.0,0.0,0.0,4.1607,4.1607,4.1562
632,0.0,0.0022,0.0022,0.0004,0.0,1.0,0.0,3.9069,0.0,0.0,0.0,0.0,3.9069,3.9069,3.91
633,0.0,0.0019,0.0019,0.0003,0.0,1.0,0.0,3.1613,0.0,0.0,0.0,0.0,3.1612999999999998,3.1612999999999998,3.1575
634,0.0,0.0026,0.0026,0.0005,0.0,1.0,0.0,3.3265,0.0,0.0,0.0,0.0,3.3265,3.3265,3.3255
635,0.0,0.0028,0.0028,0.0005,0.0,1.0,0.0,3.7287,0.0,0.0,0.0,0.0,3.7287000000000003,3.7287000000000003,3.7284
636,0.0,0.003,0.003,0.0005,0.0,1.0,0.0,4.0239,0.0,0.0,0.0,0.0,4.023899999999999,4.023899999999999,4.0237
637,0.0,0.0028,0.0028,0.0005,0.0,1.0,0.0,3.8409,0.0,0.0,0.0,0.0,3.8409,3.8409,3.8445
638,0.0,0.0022,0.0022,0.0004,0.0,1.0,0.0,3.3302,0.0,0.0,0.0,0.0,3.3302000000000005,3.3302000000000005,3.3303
639,0.0,0.0026,0.0026,0.0005,0.0,1.0,0.0,3.1712,0.0,0.0,0.0,0.0,3.1712,3.1712,3.1689
640,0.0,0.0026,0.0026,0.0005,0.0,1.0,0.0,3.5434,0.0,0.0,0.0,0.0,3.5434,3.5434,3.5406
641,0.0,0.0025,0.0025,0.0004,0.0,1.0,0.0,3.8686,0.0,0.0,0.0,0.0,3.8686,3.8686,3.8676
642,0.0,0.0021,0.0021,0.0004,0.0,1.0,0.0,2.9831,0.0,0.0,0.0,0.0,2.9831,2.9831,2.9876
643,0.0,0.0021,0.0021,0.0004,0.0,1.0,0.0,3.9119,0.0,0.0,0.0,0.0,3.9118999999999997,3.9118999999999997,3.9088
644,0.0,0.0024,0.0024,0.0004,0.0,1.0,0.0,3.5076,0.0,0.0,0.0,0.0,3.5076000000000005,3.5076000000000005,3.5043
645,0.0,0.0029,0.0029,0.0005,0.0,1.0,0.0,3.7239,0.0,0.0,0.0,0.0,3.7239000000000004,3.7239000000000004,3.7233
646,0.0,0.002,0.002,0.0004,0.0,1.0,0.0,3.4099,0.0,0.0,0.0,0.0,3.4099,3.4099,3.4093
647,0.0,0.0026,0.0026,0.0005,0.0,1.0,0.0,3.5375,0.0,0.0,0.0,0.0,3.5375,3.5375,3.5378
648,0.0,0.0025,0.0025,0.0005,0.0,1.0,0.0,3.6566,0.0,0.0,0.0,0.0,3.6566,3.6566,3.6558
649,0.0,0.0024,0.0024,0.0004,0.0,1.0,0.0,4.0689,0.0,0.0,0.0,0.0,4.0689,4.0689,4.0646
650,0.0,0.002,0.002,0.0004,0.0,1.0,0.0,3.5506,0.0,0.0,0.0,0.0,3.5505999999999998,3.5505999999999998,3.5508
651,0.0,0.0028,0.0028,0.0005,0.0,1.0,0.0,3.4004,0.0,0.0,0.0,0.0,3.4003999999999994,3.4003999999999994,3.3962
652,0.0,0.0024,0.0024,0.0004,0.0,1.0,0.0,3.6352,0.0,0.0,0.0,0.0,3.6351999999999998,3.6351999999999998,3.6348
653,0.0,0.0031,0.0031,0.0006,0.0,1.0,0.0,3.4612,0.0,0.0,0.0,0.0,3.4612,3.4612,3.4626
654,0.0,0.0023,0.0023,0.0004,0.0,1.0,0.0,3.7364,0.0,0.0,0.0,0.0,3.7363999999999997,3.7363999999999997,3.735
655,0.0,0.002,0.002,0.0004,0.0,1.0,0.0,2.9757,0.0,0.0,0.0,0.0,2.9757,2.9757,2.9756
656,0.0,0.0028,0.0028,0.0005,0.0,1.0,0.0,3.6819,0.0,0.0,0.0,0.0,3.6819000000000006,3.6819000000000006,3.6826
657,0.0,0.0028,0.0028,0.0005,0.0,1.0,0.0,3.7781,0.0,0.0,0.0,0.0,3.7780999999999993,3.7780999999999993,3.7821
658,0.0,0.0019,0.0019,0.0003,0.0,1.0,0.0,3.5585,0.0,0.0,0.0,0.0,3.5585,3.5585,3.5577
659,0.0,0.0027,0.0027,0.0005,0.0,1.0,0.0,3.6239,0.0,0.0,0.0,0.0,3.6239,3.6239,3.6216
660,0.0,0.0028,0.0028,0.0005,0.0,1.0,0.0,3.9384,0.0,0.0,0.0,0.0,3.9384,3.9384,3.941
661,0.0,0.0027,0.0027,0.0005,0.0,1.0,0.0,4.0872,0.0,0.0,0.0,0.0,4.0872,4.0872,4.0832
662,0.0,0.003,0.003,0.0005,0.0,1.0,0.0,3.5234,0.0,0.0,0.0,0.0,3.5233999999999996,3.5233999999999996,3.5184
663,0.0,0.0024,0.0024,0.0004,0.0,1.0,0.0,3.806,0.0,0.0,0.0,0.0,3.806,3.806,3.8026
664,0.0,0.0026,0.0026,0.0005,0.0,1.0,0.0,3.4529,0.0,0.0,0.0,0.0,3.4529,3.4529,3.4538
665,0.0,0.0018,0.0018,0.0003,0.0,1.0,0.0,3.5817,0.0,0.0,0.0,0.0,3.5817,3.5817,3.5816
666,0.0,0.0029,0.0029,0.0005,0.0,1.0,0.0,3.7038,0.0,0.0,0.0,0.0,3.7037999999999998,3.7037999999999998,3.6994
667,0.0,0.0025,0.0025,0.0004,0.0,1.0,0.0,3.5179,0.0,0.0,0.0,0.0,3.5179,3.5179,3.5189
668,0.0,0.0028,0.0028,0.0005,0.0,1.0,0.0,3.7401,0.0,0.0,0.0,0.0,3.7401,3.7401,3.7362
669,0.0,0.0019,0.0019,0.0003,0.0,1.0,0.0,3.0267,0.0,0.0,0.0,0.0,3.0267,3.0267,3.03
670,0.0,0.0029,0.0029,0.0005,0.0,1.0,0.0,3.4423,0.0,0.0,0.0,0.0,3.4423000000000004,3.4423000000000004,3.4473
671,0.0,0.0026,0.0026,0.0005,0.0,1.0,0.0,4.3247,0.0,0.0,0.0,0.0,4.3247,4.3247,4.3231
672,0.0,0.0026,0.0026,0.0005,0.0,1.0,0.0,3.7317,0.0,0.0,0.0,0.0,3.7317,3.7317,3.7319
673,0.0,0.0029,0.0029,0.0005,0.0,1.0,0.0,3.3593,0.0,0.0,0.0,0.0,3.3592999999999997,3.3592999999999997,3.3631
674,0.0,0.0019,0.0019,0.0003,0.0,1.0,0.0,3.2545,0.0,0.0,0.0,0.0,3.2544999999999997,3.2544999999999997,3.257
675,0.0,0.0026,0.0026,0.0005,0.0,1.0,0.0,3.3746,0.0,0.0,0.0,0.0,3.3746,3.3746,3.3776
676,0.0,0.0033,0.0033,0.0006,0.0,1.0,0.0,3.5998,0.0,0.0,0.0,0.0,3.5998,3.5998,3.5972
677,0.0,0.0026,0.0026,0.0005,0.0,1.0,0.0,3.692,0.0,0.0,0.0,0.0,3.692,3.692,3.6918
678,0.0,0.0023,0.0023,0.0004,0.0,1.0,0.0,3.7724,0.0,0.0,0.0,0.0,3.7723999999999998,3.7723999999999998,3.7724
679,0.0,0.0026,0.0026,0.0005,0.0,1.0,0.0,3.4294,0.0,0.0,0.0,0.0,3.4294,3.4294,3.4273
680,0.0,0.002,0.002,0.0004,0.0,1.0,0.0,3.2867,0.0,0.0,0.0,0.0,3.2866999999999997,3.2866999999999997,3.2891
681,0.0,0.0024,0.0024,0.0004,0.0,1.0,0.0,3.4372,0.0,0.0,0.0,0.0,3.4372,3.4372,3.4343
682,0.0,0.0035,0.0035,0.0006,0.0,1.0,0.0,3.7083,0.0,0.0,0.0,0.0,3.7083,3.7083,3.7112
683,0.0,0.0023,0.0023,0.0004,0.0,1.0,0.0,3.5812,0.0,0.0,0.0,0.0,3.5812000000000004,3.5812000000000004,3.585
684,0.0,0.0029,0.0029,0.0005,0.0,1.0,0.0,4.0265,0.0,0.0,0.0,0.0,4.0265,4.0265,4.0242
685,0.0,0.0028,0.0028,0.0005,0.0,1.0,0.0,3.8128,0.0,0.0,0.0,0.0,3.8128,3.8128,3.8132
686,0.0,0.0019,0.0019,0.0003,0.0,1.0,0.0,3.3339,0.0,0.0,0.0,0.0,3.3339,3.3339,3.3291
687,0.0,0.0022,0.0022,0.0004,0.0,1.0,0.0,3.9678,0.0,0.0,0.0,0.0,3.9678,3.9678,3.963
688,0.0,0.0036,0.0036,0.0006,0.0,1.0,0.0,3.8778,0.0,0.0,0.0,0.0,3.8778,3.8778,3.8745
689,0.0,0.0015,0.0015,0.0003,0.0,1.0,0.0,3.2554,0.0,0.0,0.0,0.0,3.2554,3.2554,3.2506
690,0.0,0.0023,0.0023,0.0004,0.0,1.0,0.0,3.3833,0.0,0.0,0.0,0.0,3.3832999999999998,3.3832999999999998,3.3881
691,0.0,0.0022,0.0022,0.0004,0.0,1.0,0.0,3.9776,0.0,0.0,0.0,0.0,3.9776,3.9776,3.9789
692,0.0,0.0026,0.0026,0.0005,0.0,1.0,0.0,3.3311,0.0,0.0,0.0,0.0,3.3311,3.3311,3.3337
693,0.0,0.0027,0.0027,0.0005,0.0,1.0,0.0,3.6495,0.0,0.0,0.0,0.0,3.6494999999999997,3.6494999999999997,3.6487
694,0.0,0.0024,0.0024,0.0004,0.0,1.0,0.0,3.7149,0.0,0.0,0.0,0.0,3.7149,3.7149,3.7128
695,0.0,0.0021,0.0021,0.0004,0.0,1.0,0.0,3.2013,0.0,0.0,0.0,0.0,3.2013,3.2013,3.1984
696,0.0,0.0023,0.0023,0.0004,0.0,1.0,0.0,3.4177,0.0,0.0,0.0,0.0,3.4177,3.4177,3.4153
697,0.0,0.0025,0.0025,0.0005,0.0,1.0,0.0,3.2249,0.0,0.0,0.0,0.0,3.2249000000000003,3.2249000000000003,3.2263
698,0.0,0.0029,0.0029,0.0005,0.0,1.0,0.0,3.413,0.0,0.0,0.0,0.0,3.413,3.413,3.4162
699,0.0,0.0026,0.0026,0.0005,0.0,1.0,0.0,3.7269,0.0,0.0,0.0,0.0,3.7268999999999997,3.7268999999999997,3.7313
700,0.0,0.0025,0.0025,0.0004,0.0,1.0,0.0,3.785,0.0,0.0,0.0,0.0,3.7849999999999997,3.7849999999999997,3.7881
701,0.0,0.0035,0.0035,0.0006,0.0,1.0,0.0,4.1995,0.0,0.0,0.0,0.0,4.1995000000000005,4.1995000000000005,4.1947
702,0.0,0.0024,0.0024,0.0004,0.0,1.0,0.0,3.6825,0.0,0.0,0.0,0.0,3.6825000000000006,3.6825000000000006,3.6844
703,0.0,0.0027,0.0027,0.0005,0.0,1.0,0.0,3.469,0.0,0.0,0.0,0.0,3.469,3.469,3.4703
704,0.0,0.0017,0.0017,0.0003,0.0,1.0,0.0,3.4751,0.0,0.0,0.0,0.0,3.4751000000000003,3.4751000000000003,3.4708
705,0.0,0.0021,0.0021,0.0004,0.0,1.0,0.0,3.1559,0.0,0.0,0.0,0.0,3.1559,3.1559,3.1528
706,0.0,0.0036,0.0036,0.0006,0.0,1.0,0.0,4.411,0.0,0.0,0.0,0.0,4.4110000000000005,4.4110000000000005,4.4081
707,0.0,0.0023,0.0023,0.0004,0.0,1.0,0.0,3.6262,0.0,0.0,0.0,0.0,3.6262,3.6262,3.6264
708,0.0,0.0026,0.0026,0.0005,0.0,1.0,0.0,3.9022,0.0,0.0,0.0,0.0,3.9022,3.9022,3.8981
709,0.0,0.0031,0.0031,0.0006,0.0,1.0,0.0,4.0353,0.0,0.0,0.0,0.0,4.0353,4.0353,4.0333
710,0.0,0.0026,0.0026,0.0005,0.0,1.0,0.0,3.3572,0.0,0.0,0.0,0.0,3.3571999999999997,3.3571999999999997,3.3599
711,0.0,0.0025,0.0025,0.0004,0.0,1.0,0.0,3.3769,0.0,0.0,0.0,0.0,3.3769,3.3769,3.3808
712,0.0,0.0029,0.0029,0.0005,0.0,1.0,0.0,3.8147,0.0,0.0,0.0,0.0,3.8146999999999998,3.8146999999999998,3.8141
713,0.0,0.0034,0.0034,0.0006,0.0,1.0,0.0,4.3223,0.0,0.0,0.0,0.0,4.322299999999999,4.322299999999999,4.3177
714,0.0,0.0026,0.0026,0.0005,0.0,1.0,0.0,3.3861,0.0,0.0,0.0,0.0,3.3861,3.3861,3.3869
715,0.0,0.0026,0.0026,0.0005,0.0,1.0,0.0,3.8053,0.0,0.0,0.0,0.0,3.8053,3.8053,3.8061
716,0.0,0.0027,0.0027,0.0005,0.0,1.0,0.0,3.947,0.0,0.0,0.0,0.0,3.947,3.947,3.944
717,0.0,0.0023,0.0023,0.0004,0.0,1.0,0.0,3.8614,0.0,0.0,0.0,0.0,3.8614,3.8614,3.8576
718,0.0,0.0037,0.0037,0.0007,0.0,1.0,0.0,4.4052,0.0,0.0,0.0,0.0,4.4052,4.4052,4.4051
719,0.0,0.0027,0.0027,0.0005,0.0,1.0,0.0,3.8124,0.0,0.0,0.0,0.0,3.8124000000000002,3.8124000000000002,3.8078
720,0.0,0.0027,0.0027,0.0005,0.0,1.0,0.0,3.6408,0.0,0.0,0.0,0.0,3.6407999999999996,3.6407999999999996,3.642
721,0.0,0.0025,0.0025,0.0004,0.0,1.0,0.0,3.8939,0.0,0.0,0.0,0.0,3.8939,3.8939,3.8889
722,0.0,0.0023,0.0023,0.0004,0.0,1.0,0.0,3.8718,0.0,0.0,0.0,0.0,3.8718,3.8718,3.875
723,0.0,0.002,0.002,0.0004,0.0,1.0,0.0,3.9783,0.0,0.0,0.0,0.0,3.9783,3.9783,3.9785
724,0.0,0.0037,0.0037,0.0007,0.0,1.0,0.0,4.1687,0.0,0.0,0.0,0.0,4.1687,4.1687,4.1734
725,0.0,0.0039,0.0039,0.0007,0.0,1.0,0.0,4.6115,0.0,0.0,0.0,0.0,4.6115,4.6115,4.6132
726,0.0,0.0027,0.0027,0.0005,0.0,1.0,0.0,3.5345,0.0,0.0,0.0,0.0,3.5345,3.5345,3.5316
727,0.0,0.0021,0.0021,0.0004,0.0,1.0,0.0,3.501,0.0,0.0,0.0,0.0,3.5010000000000003,3.5010000000000003,3.5039
728,0.0,0.0029,0.0029,0.0005,0.0,1.0,0.0,3.9363,0.0,0.0,0.0,0.0,3.9363,3.9363,3.938
729,0.0,0.0021,0.0021,0.0004,0.0,1.0,0.0,3.3677,0.0,0.0,0.0,0.0,3.3677,3.3677,3.3655
730,0.0,0.0023,0.0023,0.0004,0.0,1.0,0.0,3.6964,0.0,0.0,0.0,0.0,3.6963999999999997,3.6963999999999997,3.7005
731,0.0,0.0022,0.0022,0.0004,0.0,1.0,0.0,3.5613,0.0,0.0,0.0,0.0,3.5613,3.5613,3.5569
732,0.0,0.0021,0.0021,0.0004,0.0,1.0,0.0,3.1566,0.0,0.0,0.0,0.0,3.1566,3.1566,3.1557
733,0.0,0.0023,0.0023,0.0004,0.0,1.0,0.0,2.8031,0.0,0.0,0.0,0.0,2.8031,2.8031,2.8057
734,0.0,0.0024,0.0024,0.0004,0.0,1.0,0.0,3.8397,0.0,0.0,0.0,0.0,3.8397,3.8397,3.8371
735,0.0,0.003,0.003,0.0005,0.0,1.0,0.0,3.5671,0.0,0.0,0.0,0.0,3.5671,3.5671,3.5645
736,0.0,0.0023,0.0023,0.0004,0.0,1.0,0.0,3.1309,0.0,0.0,0.0,0.0,3.1308999999999996,3.1308999999999996,3.1358
737,0.0,0.0022,0.0022,0.0004,0.0,1.0,0.0,3.905,0.0,0.0,0.0,0.0,3.9050000000000002,3.9050000000000002,3.9039
738,0.0,0.0034,0.0034,0.0006,0.0,1.0,0.0,4.27,0.0,0.0,0.0,0.0,4.2700000000000005,4.2700000000000005,4.2693
739,0.0,0.0026,0.0026,0.0005,0.0,1.0,0.0,3.1282,0.0,0.0,0.0,0.0,3.1282,3.1282,3.1289
740,0.0,0.0027,0.0027,0.0005,0.0,1.0,0.0,3.5079,0.0,0.0,0.0,0.0,3.5079000000000002,3.5079000000000002,3.5116
741,0.0,0.0028,0.0028,0.0005,0.0,1.0,0.0,3.6896,0.0,0.0,0.0,0.0,3.6896,3.6896,3.6859
742,0.0,0.0026,0.0026,0.0005,0.0,1.0,0.0,3.9513,0.0,0.0,0.0,0.0,3.9513,3.9513,3.9497
743,0.0,0.0026,0.0026,0.0005,0.0,1.0,0.0,3.4688,0.0,0.0,0.0,0.0,3.4688,3.4688,3.4719
744,0.0,0.0032,0.0032,0.0006,0.0,1.0,0.0,3.7912,0.0,0.0,0.0,0.0,3.7912000000000003,3.7912000000000003,3.7941
745,0.0,0.0021,0.0021,0.0004,0.0,1.0,0.0,3.4562,0.0,0.0,0.0,0.0,3.4562,3.4562,3.4543
746,0.0,0.0032,0.0032,0.0006,0.0,1.0,0.0,3.5582,0.0,0.0,0.0,0.0,3.5582000000000003,3.5582000000000003,3.5623
747,0.0,0.0019,0.0019,0.0003,0.0,1.0,0.0,3.642,0.0,0.0,0.0,0.0,3.642,3.642,3.643
748,0.0,0.0028,0.0028,0.0005,0.0,1.0,0.0,3.6186,0.0,0.0,0.0,0.0,3.6186,3.6186,3.6189
749,0.0,0.0026,0.0026,0.0005,0.0,1.0,0.0,4.4166,0.0,0.0,0.0,0.0,4.4166,4.4166,4.4141
750,0.0,0.0024,0.0024,0.0004,0.0,1.0,0.0,3.839,0.0,0.0,0.0,0.0,3.839,3.839,3.8387
751,0.0,0.0021,0.0021,0.0004,0.0,1.0,0.0,4.0973,0.0,0.0,0.0,0.0,4.097300000000001,4.097300000000001,4.096
752,0.0,0.0024,0.0024,0.0004,0.0,1.0,0.0,3.7981,0.0,0.0,0.0,0.0,3.7981,3.7981,3.7963
753,0.0,0.0034,0.0034,0.0006,0.0,1.0,0.0,4.2782,0.0,0.0,0.0,0.0,4.2782,4.2782,4.2791
754,0.0,0.0028,0.0028,0.0005,0.0,1.0,0.0,3.9386,0.0,0.0,0.0,0.0,3.9385999999999997,3.9385999999999997,3.935
755,0.0,0.0029,0.0029,0.0005,0.0,1.0,0.0,3.8592,0.0,0.0,0.0,0.0,3.8592000000000004,3.8592000000000004,3.8543
756,0.0,0.0025,0.0025,0.0005,0.0,1.0,0.0,3.5231,0.0,0.0,0.0,0.0,3.5231,3.5231,3.5267
757,0.0,0.0023,0.0023,0.0004,0.0,1.0,0.0,3.8898,0.0,0.0,0.0,0.0,3.8897999999999997,3.8897999999999997,3.8903
758,0.0,0.0033,0.0033,0.0006,0.0,1.0,0.0,4.603,0.0,0.0,0.0,0.0,4.603,4.603,4.5981
759,0.0,0.0031,0.0031,0.0006,0.0,1.0,0.0,4.1886,0.0,0.0,0.0,0.0,4.1886,4.1886,4.1925
760,0.0,0.0025,0.0025,0.0005,0.0,1.0,0.0,3.4706,0.0,0.0,0.0,0.0,3.4706,3.4706,3.4663
761,0.0,0.002,0.002,0.0004,0.0,1.0,0.0,3.4394,0.0,0.0,0.0,0.0,3.4394,3.4394,3.4395
762,0.0,0.0034,0.0034,0.0006,0.0,1.0,0.0,4.0605,0.0,0.0,0.0,0.0,4.0605,4.0605,4.0632
763,0.0,0.0035,0.0035,0.0006,0.0,1.0,0.0,4.0648,0.0,0.0,0.0,0.0,4.0648,4.0648,4.0687
764,0.0,0.0024,0.0024,0.0004,0.0,1.0,0.0,3.563,0.0,0.0,0.0,0.0,3.5629999999999997,3.5629999999999997,3.5614
765,0.0,0.0023,0.0023,0.0004,0.0,1.0,0.0,3.6223,0.0,0.0,0.0,0.0,3.6223,3.6223,3.6238
766,0.0,0.002,0.002,0.0004,0.0,1.0,0.0,3.3276,0.0,0.0,0.0,0.0,3.3276,3.3276,3.3288
767,0.0,0.0023,0.0023,0.0004,0.0,1.0,0.0,3.595,0.0,0.0,0.0,0.0,3.595,3.595,3.5906
768,0.0,0.0036,0.0036,0.0006,0.0,1.0,0.0,3.5011,0.0,0.0,0.0,0.0,3.5011,3.5011,3.5059
769,0.0,0.0029,0.0029,0.0005,0.0,1.0,0.0,3.7944,0.0,0.0,0.0,0.0,3.7944,3.7944,3.7982
770,0.0,0.0024,0.0024,0.0004,0.0,1.0,0.0,3.4548,0.0,0.0,0.0,0.0,3.4547999999999996,3.4547999999999996,3.459
771,0.0,0.0039,0.0039,0.0007,0.0,1.0,0.0,4.2418,0.0,0.0,0.0,0.0,4.2418,4.2418,4.2374
772,0.0,0.0031,0.0031,0.0006,0.0,1.0,0.0,3.792,0.0,0.0,0.0,0.0,3.7920000000000003,3.7920000000000003,3.7905
773,0.0,0.0022,0.0022,0.0004,0.0,1.0,0.0,3.7944,0.0,0.0,0.0,0.0,3.7944,3.7944,3.7969
774,0.0,0.0026,0.0026,0.0005,0.0,1.0,0.0,3.6822,0.0,0.0,0.0,0.0,3.6822,3.6822,3.6807
775,0.0,0.0024,0.0024,0.0004,0.0,1.0,0.0,3.4273,0.0,0.0,0.0,0.0,3.4273000000000002,3.4273000000000002,3.4316
776,0.0,0.002,0.002,0.0004,0.0,1.0,0.0,3.5952,0.0,0.0,0.0,0.0,3.5952,3.5952,3.5965
777,0.0,0.0022,0.0022,0.0004,0.0,1.0,0.0,3.6085,0.0,0.0,0.0,0.0,3.6085000000000003,3.6085000000000003,3.604
778,0.0,0.0023,0.0023,0.0004,0.0,1.0,0.0,3.3372,0.0,0.0,0.0,0.0,3.3372,3.3372,3.3347
779,0.0,0.0023,0.0023,0.0004,0.0,1.0,0.0,3.4939,0.0,0.0,0.0,0.0,3.4939000000000004,3.4939000000000004,3.4897
780,0.0,0.002,0.002,0.0004,0.0,1.0,0.0,3.4918,0.0,0.0,0.0,0.0,3.4918,3.4918,3.4898
781,0.0,0.0023,0.0023,0.0004,0.0,1.0,0.0,3.796,0.0,0.0,0.0,0.0,3.796,3.796,3.7939
782,0.0,0.0029,0.0029,0.0005,0.0,1.0,0.0,3.8233,0.0,0.0,0.0,0.0,3.8232999999999997,3.8232999999999997,3.8254
783,0.0,0.0027,0.0027,0.0005,0.0,1.0,0.0,3.4659,0.0,0.0,0.0,0.0,3.4659,3.4659,3.47
784,0.0,0.0032,0.0032,0.0006,0.0,1.0,0.0,3.7453,0.0,0.0,0.0,0.0,3.7453000000000003,3.7453000000000003,3.7431
785,0.0,0.0029,0.0029,0.0005,0.0,1.0,0.0,3.907,0.0,0.0,0.0,0.0,3.907,3.907,3.9048
786,0.0,0.0024,0.0024,0.0004,0.0,1.0,0.0,3.8509,0.0,0.0,0.0,0.0,3.8509,3.8509,3.8533
787,0.0,0.0021,0.0021,0.0004,0.0,1.0,0.0,2.9766,0.0,0.0,0.0,0.0,2.9765999999999995,2.9765999999999995,2.9785
788,0.0,0.0025,0.0025,0.0005,0.0,1.0,0.0,3.9367,0.0,0.0,0.0,0.0,3.9367,3.9367,3.9408
789,0.0,0.0028,0.0028,0.0005,0.0,1.0,0.0,3.1182,0.0,0.0,0.0,0.0,3.1182000000000003,3.1182000000000003,3.1182
790,0.0,0.0022,0.0022,0.0004,0.0,1.0,0.0,3.2923,0.0,0.0,0.0,0.0,3.2923,3.2923,3.2909
791,0.0,0.0032,0.0032,0.0006,0.0,1.0,0.0,3.8226,0.0,0.0,0.0,0.0,3.8226000000000004,3.8226000000000004,3.821
792,0.0,0.0024,0.0024,0.0004,0.0,1.0,0.0,3.501,0.0,0.0,0.0,0.0,3.501,3.501,3.5038
793,0.0,0.0029,0.0029,0.0005,0.0,1.0,0.0,4.1718,0.0,0.0,0.0,0.0,4.1718,4.1718,4.1735
794,0.0,0.0026,0.0026,0.0005,0.0,1.0,0.0,3.6565,0.0,0.0,0.0,0.0,3.6565,3.6565,3.6571
795,0.0,0.0026,0.0026,0.0005,0.0,1.0,0.0,3.8884,0.0,0.0,0.0,0.0,3.8884,3.8884,3.8928
796,0.0,0.0028,0.0028,0.0005,0.0,1.0,0.0,3.9448,0.0,0.0,0.0,0.0,3.9448,3.9448,3.9405
797,0.0,0.0027,0.0027,0.0005,0.0,1.0,0.0,3.6251,0.0,0.0,0.0,0.0,3.6251,3.6251,3.6214
798,0.0,0.0015,0.0015,0.0003,0.0,1.0,0.0,3.5306,0.0,0.0,0.0,0.0,3.5305999999999997,3.5305999999999997,3.5348
799,0.0,0.0021,0.0021,0.0004,0.0,1.0,0.0,3.1934,0.0,0.0,0.0,0.0,3.1933999999999996,3.1933999999999996,3.1895
800,0.0,0.0029,0.0029,0.0005,0.0,1.0,0.0,3.217,0.0,0.0,0.0,0.0,3.2170000000000005,3.2170000000000005,3.213
801,0.0,0.0029,0.0029,0.0005,0.0,1.0,0.0,3.9269,0.0,0.0,0.0,0.0,3.9269,3.9269,3.9252
802,0.0,0.0023,0.0023,0.0004,0.0,1.0,0.0,3.2003,0.0,0.0,0.0,0.0,3.2003000000000004,3.2003000000000004,3.197
803,0.0,0.0029,0.0029,0.0005,0.0,1.0,0.0,3.5494,0.0,0.0,0.0,0.0,3.5494,3.5494,3.5462
804,0.0,0.0023,0.0023,0.0004,0.0,1.0,0.0,3.6583,0.0,0.0,0.0,0.0,3.6583,3.6583,3.6586
805,0.0,0.0034,0.0034,0.0006,0.0,1.0,0.0,3.4815,0.0,0.0,0.0,0.0,3.4815,3.4815,3.4863
806,0.0,0.0028,0.0028,0.0005,0.0,1.0,0.0,4.1347,0.0,0.0,0.0,0.0,4.1347000000000005,4.1347000000000005,4.1302
807,0.0,0.0023,0.0023,0.0004,0.0,1.0,0.0,3.6162,0.0,0.0,0.0,0.0,3.6162,3.6162,3.6207
808,0.0,0.003,0.003,0.0005,0.0,1.0,0.0,3.7701,0.0,0.0,0.0,0.0,3.7701,3.7701,3.7686
809,0.0,0.0024,0.0024,0.0004,0.0,1.0,0.0,3.7291,0.0,0.0,0.0,0.0,3.7291,3.7291,3.7279
810,0.0,0.0031,0.0031,0.0006,0.0,1.0,0.0,3.3436,0.0,0.0,0.0,0.0,3.3436,3.3436,3.346
811,0.0,0.0032,0.0032,0.0006,0.0,1.0,0.0,3.9269,0.0,0.0,0.0,0.0,3.9269000000000003,3.9269000000000003,3.9316
812,0.0,0.0026,0.0026,0.0005,0.0,1.0,0.0,3.7395,0.0,0.0,0.0,0.0,3.7394999999999996,3.7394999999999996,3.7441
813,0.0,0.0035,0.0035,0.0006,0.0,1.0,0.0,4.342,0.0,0.0,0.0,0.0,4.3420000000000005,4.3420000000000005,4.347
814,0.0,0.0033,0.0033,0.0006,0.0,1.0,0.0,3.8508,0.0,0.0,0.0,0.0,3.8507999999999996,3.8507999999999996,3.8466
815,0.0,0.0027,0.0027,0.0005,0.0,1.0,0.0,3.7381,0.0,0.0,0.0,0.0,3.7381,3.7381,3.7355
816,0.0,0.0029,0.0029,0.0005,0.0,1.0,0.0,4.0135,0.0,0.0,0.0,0.0,4.0135,4.0135,4.0091
817,0.0,0.0028,0.0028,0.0005,0.0,1.0,0.0,4.0895,0.0,0.0,0.0,0.0,4.089499999999999,4.089499999999999,4.0883
818,0.0,0.0034,0.0034,0.0006,0.0,1.0,0.0,4.2942,0.0,0.0,0.0,0.0,4.2942,4.2942,4.293
819,0.0,0.0032,0.0032,0.0006,0.0,1.0,0.0,3.9215,0.0,0.0,0.0,0.0,3.9215,3.9215,3.9261
820,0.0,0.0026,0.0026,0.0005,0.0,1.0,0.0,3.3895,0.0,0.0,0.0,0.0,3.3895,3.3895,3.39
821,0.0,0.0023,0.0023,0.0004,0.0,1.0,0.0,3.7262,0.0,0.0,0.0,0.0,3.7262000000000004,3.7262000000000004,3.7258
822,0.0,0.0031,0.0031,0.0005,0.0,1.0,0.0,4.3104,0.0,0.0,0.0,0.0,4.3104,4.3104,4.3131
823,0.0,0.0024,0.0024,0.0004,0.0,1.0,0.0,4.0539,0.0,0.0,0.0,0.0,4.0539,4.0539,4.0526
824,0.0,0.0031,0.0031,0.0006,0.0,1.0,0.0,3.8282,0.0,0.0,0.0,0.0,3.8282,3.8282,3.831
825,0.0,0.0024,0.0024,0.0004,0.0,1.0,0.0,3.5952,0.0,0.0,0.0,0.0,3.5952,3.5952,3.5951
826,0.0,0.0022,0.0022,0.0004,0.0,1.0,0.0,3.5626,0.0,0.0,0.0,0.0,3.5626,3.5626,3.5578
827,0.0,0.0024,0.0024,0.0004,0.0,1.0,0.0,3.257,0.0,0.0,0.0,0.0,3.257,3.257,3.2542
828,0.0,0.0025,0.0025,0.0005,0.0,1.0,0.0,3.8322,0.0,0.0,0.0,0.0,3.8322000000000003,3.8322000000000003,3.8348
829,0.0,0.0034,0.0034,0.0006,0.0,1.0,0.0,3.7993,0.0,0.0,0.0,0.0,3.7992999999999997,3.7992999999999997,3.8017
830,0.0,0.002,0.002,0.0004,0.0,1.0,0.0,3.213,0.0,0.0,0.0,0.0,3.2130000000000005,3.2130000000000005,3.2165
831,0.0,0.003,0.003,0.0005,0.0,1.0,0.0,3.9658,0.0,0.0,0.0,0.0,3.9657999999999998,3.9657999999999998,3.9701
832,0.0,0.0022,0.0022,0.0004,0.0,1.0,0.0,3.3125,0.0,0.0,0.0,0.0,3.3125,3.3125,3.3166
833,0.0,0.0033,0.0033,0.0006,0.0,1.0,0.0,4.1678,0.0,0.0,0.0,0.0,4.1678,4.1678,4.1708
834,0.0,0.0025,0.0025,0.0004,0.0,1.0,0.0,3.4667,0.0,0.0,0.0,0.0,3.4666999999999994,3.4666999999999994,3.4631
835,0.0,0.0023,0.0023,0.0004,0.0,1.0,0.0,3.5839,0.0,0.0,0.0,0.0,3.5839,3.5839,3.5816
836,0.0,0.0032,0.0032,0.0006,0.0,1.0,0.0,4.1335,0.0,0.0,0.0,0.0,4.1335,4.1335,4.1368
837,0.0,0.0027,0.0027,0.0005,0.0,1.0,0.0,3.5411,0.0,0.0,0.0,0.0,3.5411,3.5411,3.541
838,0.0,0.0032,0.0032,0.0006,0.0,1.0,0.0,4.241,0.0,0.0,0.0,0.0,4.241,4.241,4.2426
839,0.0,0.0024,0.0024,0.0004,0.0,1.0,0.0,4.1232,0.0,0.0,0.0,0.0,4.123200000000001,4.123200000000001,4.1183
840,0.0,0.0034,0.0034,0.0006,0.0,1.0,0.0,3.7309,0.0,0.0,0.0,0.0,3.7309,3.7309,3.7342
841,0.0,0.0025,0.0025,0.0005,0.0,1.0,0.0,4.0081,0.0,0.0,0.0,0.0,4.0081,4.0081,4.0038
842,0.0,0.0025,0.0025,0.0005,0.0,1.0,0.0,4.2283,0.0,0.0,0.0,0.0,4.2283,4.2283,4.2265
843,0.0,0.0026,0.0026,0.0005,0.0,1.0,0.0,3.6487,0.0,0.0,0.0,0.0,3.6487,3.6487,3.646
844,0.0,0.0029,0.0029,0.0005,0.0,1.0,0.0,3.684,0.0,0.0,0.0,0.0,3.6839999999999997,3.6839999999999997,3.6803
845,0.0,0.0028,0.0028,0.0005,0.0,1.0,0.0,4.2641,0.0,0.0,0.0,0.0,4.2641,4.2641,4.2684
846,0.0,0.0019,0.0019,0.0003,0.0,1.0,0.0,3.6753,0.0,0.0,0.0,0.0,3.6753,3.6753,3.672
847,0.0,0.003,0.003,0.0005,0.0,1.0,0.0,4.1185,0.0,0.0,0.0,0.0,4.1185,4.1185,4.1206
848,0.0,0.0024,0.0024,0.0004,0.0,1.0,0.0,3.2703,0.0,0.0,0.0,0.0,3.2703,3.2703,3.2726
849,0.0,0.0024,0.0024,0.0004,0.0,1.0,0.0,3.3826,0.0,0.0,0.0,0.0,3.3826,3.3826,3.3804
850,0.0,0.0021,0.0021,0.0004,0.0,1.0,0.0,3.0373,0.0,0.0,0.0,0.0,3.0372999999999997,3.0372999999999997,3.0361
851,0.0,0.0026,0.0026,0.0005,0.0,1.0,0.0,3.6334,0.0,0.0,0.0,0.0,3.6334,3.6334,3.6382
852,0.0,0.0027,0.0027,0.0005,0.0,1.0,0.0,4.3864,0.0,0.0,0.0,0.0,4.3864,4.3864,4.3902
853,0.0,0.0027,0.0027,0.0005,0.0,1.0,0.0,3.5201,0.0,0.0,0.0,0.0,3.5201,3.5201,3.5171
854,0.0,0.0018,0.0018,0.0003,0.0,1.0,0.0,3.2819,0.0,0.0,0.0,0.0,3.2819,3.2819,3.2795
855,0.0,0.0027,0.0027,0.0005,0.0,1.0,0.0,3.9748,0.0,0.0,0.0,0.0,3.9748,3.9748,3.9714
856,0.0,0.0025,0.0025,0.0005,0.0,1.0,0.0,3.2773,0.0,0.0,0.0,0.0,3.2773,3.2773,3.2793
857,0.0,0.0025,0.0025,0.0004,0.0,1.0,0.0,4.021,0.0,0.0,0.0,0.0,4.021,4.021,4.0206
858,0.0,0.0025,0.0025,0.0005,0.0,1.0,0.0,3.3752,0.0,0.0,0.0,0.0,3.3752,3.3752,3.3763
859,0.0,0.0032,0.0032,0.0006,0.0,1.0,0.0,3.6844,0.0,0.0,0.0,0.0,3.6844,3.6844,3.6821
860,0.0,0.0026,0.0026,0.0005,0.0,1.0,0.0,3.6818,0.0,0.0,0.0,0.0,3.6818,3.6818,3.6817
861,0.0,0.0023,0.0023,0.0004,0.0,1.0,0.0,2.7861,0.0,0.0,0.0,0.0,2.7861000000000002,2.7861000000000002,2.7816
862,0.0,0.0033,0.0033,0.0006,0.0,1.0,0.0,3.8946,0.0,0.0,0.0,0.0,3.8946,3.8946,3.8943
863,0.0,0.0024,0.0024,0.0004,0.0,1.0,0.0,4.04,0.0,0.0,0.0,0.0,4.04,4.04,4.0359
864,0.0,0.0024,0.0024,0.0004,0.0,1.0,0.0,3.6613,0.0,0.0,0.0,0.0,3.6612999999999998,3.6612999999999998,3.6654
865,0.0,0.0029,0.0029,0.0005,0.0,1.0,0.0,3.7216,0.0,0.0,0.0,0.0,3.7216,3.7216,3.7218
866,0.0,0.0022,0.0022,0.0004,0.0,1.0,0.0,3.8017,0.0,0.0,0.0,0.0,3.8017,3.8017,3.7994
867,0.0,0.0022,0.0022,0.0004,0.0,1.0,0.0,3.7054,0.0,0.0,0.0,0.0,3.7054,3.7054,3.7085
868,0.0,0.0028,0.0028,0.0005,0.0,1.0,0.0,3.4812,0.0,0.0,0.0,0.0,3.4812,3.4812,3.4825
869,0.0,0.0028,0.0028,0.0005,0.0,1.0,0.0,3.2223,0.0,0.0,0.0,0.0,3.2223,3.2223,3.2224
870,0.0,0.0027,0.0027,0.0005,0.0,1.0,0.0,3.6695,0.0,0.0,0.0,0.0,3.6694999999999998,3.6694999999999998,3.6665
871,0.0,0.0018,0.0018,0.0003,0.0,1.0,0.0,3.3116,0.0,0.0,0.0,0.0,3.3115999999999994,3.3115999999999994,3.3127
872,0.0,0.0022,0.0022,0.0004,0.0,1.0,0.0,3.0934,0.0,0.0,0.0,0.0,3.0934,3.0934,3.0944
873,0.0,0.0022,0.0022,0.0004,0.0,1.0,0.0,3.6925,0.0,0.0,0.0,0.0,3.6925000000000003,3.6925000000000003,3.6945
874,0.0,0.0024,0.0024,0.0004,0.0,1.0,0.0,3.6732,0.0,0.0,0.0,0.0,3.6731999999999996,3.6731999999999996,3.6727
875,0.0,0.0035,0.0035,0.0006,0.0,1.0,0.0,3.9506,0.0,0.0,0.0,0.0,3.9506,3.9506,3.9536
876,0.0,0.0027,0.0027,0.0005,0.0,1.0,0.0,3.8882,0.0,0.0,0.0,0.0,3.8882,3.8882,3.8839
877,0.0,0.003,0.003,0.0005,0.0,1.0,0.0,3.5484,0.0,0.0,0.0,0.0,3.5484000000000004,3.5484000000000004,3.5452
878,0.0,0.0027,0.0027,0.0005,0.0,1.0,0.0,3.2633,0.0,0.0,0.0,0.0,3.2633,3.2633,3.2597
879,0.0,0.0021,0.0021,0.0004,0.0,1.0,0.0,3.8214,0.0,0.0,0.0,0.0,3.8214000000000006,3.8214000000000006,3.826
880,0.0,0.0028,0.0028,0.0005,0.0,1.0,0.0,3.962,0.0,0.0,0.0,0.0,3.962,3.962,3.9648
881,0.0,0.0025,0.0025,0.0004,0.0,1.0,0.0,4.305,0.0,0.0,0.0,0.0,4.305,4.305,4.3059
882,0.0,0.0029,0.0029,0.0005,0.0,1.0,0.0,3.6958,0.0,0.0,0.0,0.0,3.6957999999999998,3.6957999999999998,3.6975
883,0.0,0.0027,0.0027,0.0005,0.0,1.0,0.0,3.3655,0.0,0.0,0.0,0.0,3.3655000000000004,3.3655000000000004,3.3653
884,0.0,0.0021,0.0021,0.0004,0.0,1.0,0.0,3.1611,0.0,0.0,0.0,0.0,3.1611,3.1611,3.1621
885,0.0,0.0027,0.0027,0.0005,0.0,1.0,0.0,3.6677,0.0,0.0,0.0,0.0,3.6677,3.6677,3.667
886,0.0,0.0023,0.0023,0.0004,0.0,1.0,0.0,3.6566,0.0,0.0,0.0,0.0,3.6566,3.6566,3.6601
887,0.0,0.0029,0.0029,0.0005,0.0,1.0,0.0,3.4277,0.0,0.0,0.0,0.0,3.4277,3.4277,3.4294
888,0.0,0.002,0.002,0.0004,0.0,1.0,0.0,3.388,0.0,0.0,0.0,0.0,3.388,3.388,3.3838
889,0.0,0.0024,0.0024,0.0004,0.0,1.0,0.0,4.1893,0.0,0.0,0.0,0.0,4.1893,4.1893,4.1895
890,0.0,0.0021,0.0021,0.0004,0.0,1.0,0.0,3.6395,0.0,0.0,0.0,0.0,3.6395,3.6395,3.6359
891,0.0,0.0028,0.0028,0.0005,0.0,1.0,0.0,3.6161,0.0,0.0,0.0,0.0,3.6161,3.6161,3.6135
892,0.0,0.0026,0.0026,0.0005,0.0,1.0,0.0,3.6123,0.0,0.0,0.0,0.0,3.6123000000000003,3.6123000000000003,3.6125
893,0.0,0.0019,0.0019,0.0003,0.0,1.0,0.0,3.2519,0.0,0.0,0.0,0.0,3.2519,3.2519,3.2509
894,0.0,0.0029,0.0029,0.0005,0.0,1.0,0.0,3.874,0.0,0.0,0.0,0.0,3.8739999999999997,3.8739999999999997,3.8756
895,0.0,0.0031,0.0031,0.0006,0.0,1.0,0.0,4.0466,0.0,0.0,0.0,0.0,4.0466,4.0466,4.0477
896,0.0,0.0027,0.0027,0.0005,0.0,1.0,0.0,4.1822,0.0,0.0,0.0,0.0,4.1822,4.1822,4.1849
897,0.0,0.0035,0.0035,0.0006,0.0,1.0,0.0,4.0667,0.0,0.0,0.0,0.0,4.0667,4.0667,4.0672
898,0.0,0.0023,0.0023,0.0004,0.0,1.0,0.0,3.4713,0.0,0.0,0.0,0.0,3.4713000000000003,3.4713000000000003,3.4681
899,0.0,0.0026,0.0026,0.0005,0.0,1.0,0.0,3.9519,0.0,0.0,0.0,0.0,3.9518999999999997,3.9518999999999997,3.951
900,0.0,0.0034,0.0034,0.0006,0.0,1.0,0.0,4.5455,0.0,0.0,0.0,0.0,4.5455,4.5455,4.5453
901,0.0,0.0031,0.0031,0.0006,0.0,1.0,0.0,4.3635,0.0,0.0,0.0,0.0,4.363499999999999,4.363499999999999,4.3648
902,0.0,0.0033,0.0033,0.0006,0.0,1.0,0.0,3.8602,0.0,0.0,0.0,0.0,3.8602000000000003,3.8602000000000003,3.862
903,0.0,0.0021,0.0021,0.0004,0.0,1.0,0.0,3.7755,0.0,0.0,0.0,0.0,3.7755,3.7755,3.7751
904,0.0,0.0026,0.0026,0.0005,0.0,1.0,0.0,4.3864,0.0,0.0,0.0,0.0,4.3864,4.3864,4.3825
905,0.0,0.0029,0.0029,0.0005,0.0,1.0,0.0,4.1456,0.0,0.0,0.0,0.0,4.1456,4.1456,4.1506
906,0.0,0.003,0.003,0.0005,0.0,1.0,0.0,3.4533,0.0,0.0,0.0,0.0,3.4532999999999996,3.4532999999999996,3.4569
907,0.0,0.0031,0.0031,0.0006,0.0,1.0,0.0,3.9635,0.0,0.0,0.0,0.0,3.9635000000000002,3.9635000000000002,3.9662
908,0.0,0.0024,0.0024,0.0004,0.0,1.0,0.0,3.5505,0.0,0.0,0.0,0.0,3.5505,3.5505,3.5493
909,0.0,0.0027,0.0027,0.0005,0.0,1.0,0.0,4.1731,0.0,0.0,0.0,0.0,4.1731,4.1731,4.1742
910,0.0,0.0032,0.0032,0.0006,0.0,1.0,0.0,3.7846,0.0,0.0,0.0,0.0,3.7846,3.7846,3.7877
911,0.0,0.002,0.002,0.0004,0.0,1.0,0.0,3.7151,0.0,0.0,0.0,0.0,3.7151000000000005,3.7151000000000005,3.7132
912,0.0,0.0026,0.0026,0.0005,0.0,1.0,0.0,3.4087,0.0,0.0,0.0,0.0,3.4087,3.4087,3.4124
913,0.0,0.0027,0.0027,0.0005,0.0,1.0,0.0,3.6591,0.0,0.0,0.0,0.0,3.6590999999999996,3.6590999999999996,3.663
914,0.0,0.0029,0.0029,0.0005,0.0,1.0,0.0,3.1672,0.0,0.0,0.0,0.0,3.1672,3.1672,3.1699
915,0.0,0.0024,0.0024,0.0004,0.0,1.0,0.0,3.6545,0.0,0.0,0.0,0.0,3.6544999999999996,3.6544999999999996,3.6549
916,0.0,0.0019,0.0019,0.0003,0.0,1.0,0.0,3.1369,0.0,0.0,0.0,0.0,3.1369,3.1369,3.1376
917,0.0,0.0021,0.0021,0.0004,0.0,1.0,0.0,3.9815,0.0,0.0,0.0,0.0,3.9815,3.9815,3.9776
918,0.0,0.0021,0.0021,0.0004,0.0,1.0,0.0,3.3169,0.0,0.0,0.0,0.0,3.3169,3.3169,3.3168
919,0.0,0.0032,0.0032,0.0006,0.0,1.0,0.0,3.8323,0.0,0.0,0.0,0.0,3.8323,3.8323,3.8281
920,0.0,0.003,0.003,0.0005,0.0,1.0,0.0,3.7078,0.0,0.0,0.0,0.0,3.7078,3.7078,3.7109
921,0.0,0.0024,0.0024,0.0004,0.0,1.0,0.0,4.056,0.0,0.0,0.0,0.0,4.056,4.056,4.0567
922,0.0,0.0033,0.0033,0.0006,0.0,1.0,0.0,3.6222,0.0,0.0,0.0,0.0,3.6222,3.6222,3.6245
923,0.0,0.0029,0.0029,0.0005,0.0,1.0,0.0,3.6541,0.0,0.0,0.0,0.0,3.6541,3.6541,3.6522
924,0.0,0.0025,0.0025,0.0004,0.0,1.0,0.0,4.0519,0.0,0.0,0.0,0.0,4.0519,4.0519,4.0518
925,0.0,0.0026,0.0026,0.0005,0.0,1.0,0.0,3.8761,0.0,0.0,0.0,0.0,3.8761,3.8761,3.8804
926,0.0,0.0025,0.0025,0.0005,0.0,1.0,0.0,3.2546,0.0,0.0,0.0,0.0,3.2546,3.2546,3.254
927,0.0,0.0021,0.0021,0.0004,0.0,1.0,0.0,3.1028,0.0,0.0,0.0,0.0,3.1027999999999993,3.1027999999999993,3.099
928,0.0,0.003,0.003,0.0005,0.0,1.0,0.0,3.453,0.0,0.0,0.0,0.0,3.453,3.453,3.4517
929,0.0,0.0026,0.0026,0.0005,0.0,1.0,0.0,4.0877,0.0,0.0,0.0,0.0,4.0877,4.0877,4.0828
930,0.0,0.0035,0.0035,0.0006,0.0,1.0,0.0,4.0451,0.0,0.0,0.0,0.0,4.0451,4.0451,4.0477
931,0.0,0.0025,0.0025,0.0005,0.0,1.0,0.0,4.2061,0.0,0.0,0.0,0.0,4.2061,4.2061,4.2012
932,0.0,0.0025,0.0025,0.0004,0.0,1.0,0.0,3.6164,0.0,0.0,0.0,0.0,3.6164,3.6164,3.6144
933,0.0,0.0023,0.0023,0.0004,0.0,1.0,0.0,3.7434,0.0,0.0,0.0,0.0,3.7434000000000003,3.7434000000000003,3.7409
934,0.0,0.0028,0.0028,0.0005,0.0,1.0,0.0,3.9401,0.0,0.0,0.0,0.0,3.9401,3.9401,3.9395
935,0.0,0.0025,0.0025,0.0005,0.0,1.0,0.0,3.5017,0.0,0.0,0.0,0.0,3.5017,3.5017,3.5002
936,0.0,0.0022,0.0022,0.0004,0.0,1.0,0.0,3.3394,0.0,0.0,0.0,0.0,3.3394000000000004,3.3394000000000004,3.3388
937,0.0,0.0036,0.0036,0.0006,0.0,1.0,0.0,4.3659,0.0,0.0,0.0,0.0,4.3659,4.3659,4.3646
938,0.0,0.0027,0.0027,0.0005,0.0,1.0,0.0,3.463,0.0,0.0,0.0,0.0,3.463,3.463,3.4597
939,0.0,0.0022,0.0022,0.0004,0.0,1.0,0.0,3.4824,0.0,0.0,0.0,0.0,3.4823999999999997,3.4823999999999997,3.4829
940,0.0,0.0027,0.0027,0.0005,0.0,1.0,0.0,3.8815,0.0,0.0,0.0,0.0,3.8815000000000004,3.8815000000000004,3.8767
941,0.0,0.003,0.003,0.0005,0.0,1.0,0.0,4.1286,0.0,0.0,0.0,0.0,4.1286,4.1286,4.1319
942,0.0,0.0023,0.0023,0.0004,0.0,1.0,0.0,3.657,0.0,0.0,0.0,0.0,3.657,3.657,3.6611
943,0.0,0.0034,0.0034,0.0006,0.0,1.0,0.0,4.1412,0.0,0.0,0.0,0.0,4.1412,4.1412,4.1445
944,0.0,0.0028,0.0028,0.0005,0.0,1.0,0.0,3.3847,0.0,0.0,0.0,0.0,3.3847,3.3847,3.3863
945,0.0,0.0025,0.0025,0.0005,0.0,1.0,0.0,4.0602,0.0,0.0,0.0,0.0,4.0602,4.0602,4.0632
946,0.0,0.0025,0.0025,0.0005,0.0,1.0,0.0,3.2146,0.0,0.0,0.0,0.0,3.2146,3.2146,3.2098
947,0.0,0.0025,0.0025,0.0005,0.0,1.0,0.0,3.4255,0.0,0.0,0.0,0.0,3.4255000000000004,3.4255000000000004,3.4236
948,0.0,0.0024,0.0024,0.0004,0.0,1.0,0.0,3.5607,0.0,0.0,0.0,0.0,3.5606999999999998,3.5606999999999998,3.5639
949,0.0,0.0029,0.0029,0.0005,0.0,1.0,0.0,4.0777,0.0,0.0,0.0,0.0,4.0777,4.0777,4.0799
950,0.0,0.0024,0.0024,0.0004,0.0,1.0,0.0,3.6694,0.0,0.0,0.0,0.0,3.6694,3.6694,3.6655
951,0.0,0.0029,0.0029,0.0005,0.0,1.0,0.0,4.2447,0.0,0.0,0.0,0.0,4.2447,4.2447,4.2447
952,0.0,0.0022,0.0022,0.0004,0.0,1.0,0.0,3.0516,0.0,0.0,0.0,0.0,3.0515999999999996,3.0515999999999996,3.0534
953,0.0,0.0026,0.0026,0.0005,0.0,1.0,0.0,3.7215,0.0,0.0,0.0,0.0,3.7215000000000003,3.7215000000000003,3.7232
954,0.0,0.0029,0.0029,0.0005,0.0,1.0,0.0,3.5134,0.0,0.0,0.0,0.0,3.5134,3.5134,3.518
955,0.0,0.002,0.002,0.0004,0.0,1.0,0.0,3.6172,0.0,0.0,0.0,0.0,3.6172,3.6172,3.6153
956,0.0,0.0029,0.0029,0.0005,0.0,1.0,0.0,4.3049,0.0,0.0,0.0,0.0,4.3049,4.3049,4.3069
957,0.0,0.003,0.003,0.0005,0.0,1.0,0.0,3.7657,0.0,0.0,0.0,0.0,3.7657,3.7657,3.7681
958,0.0,0.0032,0.0032,0.0006,0.0,1.0,0.0,4.2842,0.0,0.0,0.0,0.0,4.284199999999999,4.284199999999999,4.2866
959,0.0,0.0025,0.0025,0.0005,0.0,1.0,0.0,3.6581,0.0,0.0,0.0,0.0,3.6580999999999997,3.6580999999999997,3.6605
960,0.0,0.0022,0.0022,0.0004,0.0,1.0,0.0,3.7718,0.0,0.0,0.0,0.0,3.7718000000000003,3.7718000000000003,3.7712
961,0.0,0.0027,0.0027,0.0005,0.0,1.0,0.0,3.6973,0.0,0.0,0.0,0.0,3.6973,3.6973,3.6941
962,0.0,0.0036,0.0036,0.0007,0.0,1.0,0.0,3.535,0.0,0.0,0.0,0.0,3.535,3.535,3.5388
963,0.0,0.0019,0.0019,0.0003,0.0,1.0,0.0,3.7126,0.0,0.0,0.0,0.0,3.7126,3.7126,3.7129
964,0.0,0.0022,0.0022,0.0004,0.0,1.0,0.0,3.6466,0.0,0.0,0.0,0.0,3.6466,3.6466,3.6446
965,0.0,0.0029,0.0029,0.0005,0.0,1.0,0.0,3.8122,0.0,0.0,0.0,0.0,3.8122,3.8122,3.8137
966,0.0,0.0022,0.0022,0.0004,0.0,1.0,0.0,2.7966,0.0,0.0,0.0,0.0,2.7966,2.7966,2.7923
967,0.0,0.0032,0.0032,0.0006,0.0,1.0,0.0,3.1287,0.0,0.0,0.0,0.0,3.1287000000000007,3.1287000000000007,3.1304
968,0.0,0.0019,0.0019,0.0003,0.0,1.0,0.0,3.7605,0.0,0.0,0.0,0.0,3.7605,3.7605,3.762
969,0.0,0.0023,0.0023,0.0004,0.0,1.0,0.0,3.4818,0.0,0.0,0.0,0.0,3.4818,3.4818,3.4802
970,0.0,0.0026,0.0026,0.0005,0.0,1.0,0.0,3.8598,0.0,0.0,0.0,0.0,3.8598,3.8598,3.8615
971,0.0,0.0035,0.0035,0.0006,0.0,1.0,0.0,4.1519,0.0,0.0,0.0,0.0,4.1518999999999995,4.1518999999999995,4.1558
972,0.0,0.0025,0.0025,0.0004,0.0,1.0,0.0,3.7366,0.0,0.0,0.0,0.0,3.7365999999999997,3.7365999999999997,3.7344
973,0.0,0.0024,0.0024,0.0004,0.0,1.0,0.0,3.6573,0.0,0.0,0.0,0.0,3.6573,3.6573,3.6545
974,0.0,0.0035,0.0035,0.0006,0.0,1.0,0.0,4.5338,0.0,0.0,0.0,0.0,4.5338,4.5338,4.5345
975,0.0,0.0023,0.0023,0.0004,0.0,1.0,0.0,4.0467,0.0,0.0,0.0,0.0,4.0467,4.0467,4.0453
976,0.0,0.0031,0.0031,0.0006,0.0,1.0,0.0,3.5265,0.0,0.0,0.0,0.0,3.5265,3.5265,3.5301
977,0.0,0.0026,0.0026,0.0005,0.0,1.0,0.0,3.5288,0.0,0.0,0.0,0.0,3.5288,3.5288,3.5269
978,0.0,0.0029,0.0029,0.0005,0.0,1.0,0.0,4.2942,0.0,0.0,0.0,0.0,4.2942,4.2942,4.2901
979,0.0,0.0032,0.0032,0.0006,0.0,1.0,0.0,4.2358,0.0,0.0,0.0,0.0,4.2358,4.2358,4.2319
980,0.0,0.0036,0.0036,0.0007,0.0,1.0,0.0,3.9971,0.0,0.0,0.0,0.0,3.9971,3.9971,3.9992
981,0.0,0.003,0.003,0.0005,0.0,1.0,0.0,4.0784,0.0,0.0,0.0,0.0,4.078399999999999,4.078399999999999,4.0737
982,0.0,0.0024,0.0024,0.0004,0.0,1.0,0.0,3.9327,0.0,0.0,0.0,0.0,3.9327,3.9327,3.9318
983,0.0,0.0033,0.0033,0.0006,0.0,1.0,0.0,4.3109,0.0,0.0,0.0,0.0,4.3109,4.3109,4.3116
984,0.0,0.0028,0.0028,0.0005,0.0,1.0,0.0,3.9018,0.0,0.0,0.0,0.0,3.9017999999999997,3.9017999999999997,3.9065
985,0.0,0.0027,0.0027,0.0005,0.0,1.0,0.0,3.4537,0.0,0.0,0.0,0.0,3.4537,3.4537,3.4513
986,0.0,0.002,0.002,0.0004,0.0,1.0,0.0,3.7932,0.0,0.0,0.0,0.0,3.7932,3.7932,3.7971
987,0.0,0.0024,0.0024,0.0004,0.0,1.0,0.0,3.7576,0.0,0.0,0.0,0.0,3.7576,3.7576,3.7576
988,0.0,0.0027,0.0027,0.0005,0.0,1.0,0.0,3.8982,0.0,0.0,0.0,0.0,3.8981999999999997,3.8981999999999997,3.902
989,0.0,0.0027,0.0027,0.0005,0.0,1.0,0.0,4.0222,0.0,0.0,0.0,0.0,4.0222,4.0222,4.0228
990,0.0,0.0026,0.0026,0.0005,0.0,1.0,0.0,3.955,0.0,0.0,0.0,0.0,3.955,3.955,3.9501
991,0.0,0.0021,0.0021,0.0004,0.0,1.0,0.0,3.4887,0.0,0.0,0.0,0.0,3.4887,3.4887,3.4865
992,0.0,0.0025,0.0025,0.0005,0.0,1.0,0.0,3.5985,0.0,0.0,0.0,0.0,3.5985,3.5985,3.5954
993,0.0,0.0021,0.0021,0.0004,0.0,1.0,0.0,3.2273,0.0,0.0,0.0,0.0,3.2273,3.2273,3.2302
994,0.0,0.0032,0.0032,0.0006,0.0,1.0,0.0,3.9707,0.0,0.0,0.0,0.0,3.9707,3.9707,3.9739
995,0.0,0.0023,0.0023,0.0004,0.0,1.0,0.0,3.6997,0.0,0.0,0.0,0.0,3.6997,3.6997,3.697
996,0.0,0.0023,0.0023,0.0004,0.0,1.0,0.0,3.6505,0.0,0.0,0.0,0.0,3.6505,3.6505,3.6475
997,0.0,0.0025,0.0025,0.0004,0.0,1.0,0.0,3.3734,0.0,0.0,0.0,0.0,3.3734,3.3734,3.3712
998,0.0,0.0031,0.0031,0.0006,0.0,1.0,0.0,4.017,0.0,0.0,0.0,0.0,4.017,4.017,4.0146
999,0.0,0.002,0.002,0.0004,0.0,1.0,0.0,3.469,0.0,0.0,0.0,0.0,3.4690000000000003,3.4690000000000003,3.4678
1000,0.0,0.0023,0.0023,0.0004,0.0,1.0,0.0,3.6627,0.0,0.0,0.0,0.0,3.6626999999999996,3.6626999999999996,3.6661
1001,0.0,0.0024,0.0024,0.0004,0.0,1.0,0.0,3.143,0.0,0.0,0.0,0.0,3.143,3.143,3.1444
1002,0.0,0.003,0.003,0.0005,0.0,1.0,0.0,3.7455,0.0,0.0,0.0,0.0,3.7455,3.7455,3.7435
1003,0.0,0.0031,0.0031,0.0006,0.0,1.0,0.0,4.8552,0.0,0.0,0.0,0.0,4.8552,4.8552,4.8526
1004,0.0,0.0024,0.0024,0.0004,0.0,1.0,0.0,3.3969,0.0,0.0,0.0,0.0,3.3969,3.3969,3.3927
1005,0.0,0.0026,0.0026,0.0005,0.0,1.0,0.0,4.1536,0.0,0.0,0.0,0.0,4.1536,4.1536,4.1486
1006,0.0,0.0026,0.0026,0.0005,0.0,1.0,0.0,3.186,0.0,0.0,0.0,0.0,3.186,3.186,3.1909
1007,0.0,0.0035,0.0035,0.0006,0.0,1.0,0.0,4.154,0.0,0.0,0.0,0.0,4.154,4.154,4.1496
1008,0.0,0.0029,0.0029,0.0005,0.0,1.0,0.0,3.5703,0.0,0.0,0.0,0.0,3.5703,3.5703,3.5661
1009,0.0,0.0025,0.0025,0.0004,0.0,1.0,0.0,3.2453,0.0,0.0,0.0,0.0,3.2453000000000003,3.2453000000000003,3.2457
1010,0.0,0.0023,0.0023,0.0004,0.0,1.0,0.0,3.4961,0.0,0.0,0.0,0.0,3.4960999999999998,3.4960999999999998,3.495
1011,0.0,0.0022,0.0022,0.0004,0.0,1.0,0.0,3.7362,0.0,0.0,0.0,0.0,3.7362,3.7362,3.7381
1012,0.0,0.0029,0.0029,0.0005,0.0,1.0,0.0,3.9984,0.0,0.0,0.0,0.0,3.9984,3.9984,4.0025
1013,0.0,0.002,0.002,0.0004,0.0,1.0,0.0,3.2849,0.0,0.0,0.0,0.0,3.2849000000000004,3.2849000000000004,3.2887
1014,0.0,0.0022,0.0022,0.0004,0.0,1.0,0.0,3.5394,0.0,0.0,0.0,0.0,3.5394,3.5394,3.5398
1015,0.0,0.0015,0.0015,0.0003,0.0,1.0,0.0,2.9053,0.0,0.0,0.0,0.0,2.9053000000000004,2.9053000000000004,2.9029
1016,0.0,0.0027,0.0027,0.0005,0.0,1.0,0.0,3.5977,0.0,0.0,0.0,0.0,3.5976999999999997,3.5976999999999997,3.5987
1017,0.0,0.002,0.002,0.0004,0.0,1.0,0.0,3.164,0.0,0.0,0.0,0.0,3.164,3.164,3.1653
1018,0.0,0.0019,0.0019,0.0003,0.0,1.0,0.0,3.1556,0.0,0.0,0.0,0.0,3.1556,3.1556,3.1544
1019,0.0,0.0033,0.0033,0.0006,0.0,1.0,0.0,3.4951,0.0,0.0,0.0,0.0,3.4951,3.4951,3.4973
1020,0.0,0.0029,0.0029,0.0005,0.0,1.0,0.0,4.0918,0.0,0.0,0.0,0.0,4.0918,4.0918,4.0889
1021,0.0,0.0034,0.0034,0.0006,0.0,1.0,0.0,3.9738,0.0,0.0,0.0,0.0,3.9738,3.9738,3.9693
1022,0.0,0.0029,0.0029,0.0005,0.0,1.0,0.0,4.0343,0.0,0.0,0.0,0.0,4.0343,4.0343,4.033
1023,0.0,0.0024,0.0024,0.0004,0.0,1.0,0.0,3.3555,0.0,0.0,0.0,0.0,3.3555,3.3555,3.3577
1024,0.0,0.0023,0.0023,0.0004,0.0,1.0,0.0,3.2576,0.0,0.0,0.0,0.0,3.2576,3.2576,3.2586
1025,0.0,0.0024,0.0024,0.0004,0.0,1.0,0.0,2.9146,0.0,0.0,0.0,0.0,2.9146,2.9146,2.9148
1026,0.0,0.0021,0.0021,0.0004,0.0,1.0,0.0,3.6308,0.0,0.0,0.0,0.0,3.6308,3.6308,3.6294
1027,0.0,0.003,0.003,0.0005,0.0,1.0,0.0,4.1028,0.0,0.0,0.0,0.0,4.1028,4.1028,4.1027
1028,0.0,0.0029,0.0029,0.0005,0.0,1.0,0.0,3.7557,0.0,0.0,0.0,0.0,3.7556999999999996,3.7556999999999996,3.7514
1029,0.0,0.0029,0.0029,0.0005,0.0,1.0,0.0,3.9691,0.0,0.0,0.0,0.0,3.9691,3.9691,3.9713
1030,0.0,0.0022,0.0022,0.0004,0.0,1.0,0.0,3.6645,0.0,0.0,0.0,0.0,3.6645,3.6645,3.6631
1031,0.0,0.0032,0.0032,0.0006,0.0,1.0,0.0,3.7009,0.0,0.0,0.0,0.0,3.7009000000000003,3.7009000000000003,3.6995
1032,0.0,0.0033,0.0033,0.0006,0.0,1.0,0.0,3.7113,0.0,0.0,0.0,0.0,3.7113000000000005,3.7113000000000005,3.7134
1033,0.0,0.0024,0.0024,0.0004,0.0,1.0,0.0,3.7527,0.0,0.0,0.0,0.0,3.7527,3.7527,3.7565
1034,0.0,0.0024,0.0024,0.0004,0.0,1.0,0.0,3.1907,0.0,0.0,0.0,0.0,3.1907,3.1907,3.1929
1035,0.0,0.0024,0.0024,0.0004,0.0,1.0,0.0,3.6664,0.0,0.0,0.0,0.0,3.6664,3.6664,3.6639
1036,0.0,0.0022,0.0022,0.0004,0.0,1.0,0.0,2.9405,0.0,0.0,0.0,0.0,2.9405,2.9405,2.9356
1037,0.0,0.0022,0.0022,0.0004,0.0,1.0,0.0,3.5779,0.0,0.0,0.0,0.0,3.5779,3.5779,3.5788
1038,0.0,0.0022,0.0022,0.0004,0.0,1.0,0.0,3.6242,0.0,0.0,0.0,0.0,3.6242,3.6242,3.6222
1039,0.0,0.0027,0.0027,0.0005,0.0,1.0,0.0,3.1639,0.0,0.0,0.0,0.0,3.1638999999999995,3.1638999999999995,3.1659
1040,0.0,0.0027,0.0027,0.0005,0.0,1.0,0.0,3.9519,0.0,0.0,0.0,0.0,3.9519,3.9519,3.9556
1041,0.0,0.0031,0.0031,0.0006,0.0,1.0,0.0,3.5929,0.0,0.0,0.0,0.0,3.5928999999999998,3.5928999999999998,3.5882
1042,0.0,0.0029,0.0029,0.0005,0.0,1.0,0.0,3.6654,0.0,0.0,0.0,0.0,3.6654,3.6654,3.6619
1043,0.0,0.0018,0.0018,0.0003,0.0,1.0,0.0,3.2972,0.0,0.0,0.0,0.0,3.2972,3.2972,3.2975
1044,0.0,0.0031,0.0031,0.0006,0.0,1.0,0.0,3.9635,0.0,0.0,0.0,0.0,3.9635000000000002,3.9635000000000002,3.9669
1045,0.0,0.002,0.002,0.0004,0.0,1.0,0.0,2.9978,0.0,0.0,0.0,0.0,2.9978000000000002,2.9978000000000002,2.9939
1046,0.0,0.0029,0.0029,0.0005,0.0,1.0,0.0,3.8932,0.0,0.0,0.0,0.0,3.8931999999999998,3.8931999999999998,3.8883
1047,0.0,0.0023,0.0023,0.0004,0.0,1.0,0.0,3.5155,0.0,0.0,0.0,0.0,3.5155,3.5155,3.5124
1048,0.0,0.0036,0.0036,0.0006,0.0,1.0,0.0,4.3119,0.0,0.0,0.0,0.0,4.3119,4.3119,4.3074
1049,0.0,0.0028,0.0028,0.0005,0.0,1.0,0.0,4.2467,0.0,0.0,0.0,0.0,4.2467,4.2467,4.2444
1050,0.0,0.0027,0.0027,0.0005,0.0,1.0,0.0,4.1218,0.0,0.0,0.0,0.0,4.1218,4.1218,4.1249
1051,0.0,0.0026,0.0026,0.0005,0.0,1.0,0.0,3.2596,0.0,0.0,0.0,0.0,3.2596,3.2596,3.2547
1052,0.0,0.0032,0.0032,0.0006,0.0,1.0,0.0,3.5061,0.0,0.0,0.0,0.0,3.5061,3.5061,3.5019
1053,0.0,0.0024,0.0024,0.0004,0.0,1.0,0.0,3.4716,0.0,0.0,0.0,0.0,3.4716,3.4716,3.4753
1054,0.0,0.0031,0.0031,0.0006,0.0,1.0,0.0,3.796,0.0,0.0,0.0,0.0,3.7960000000000003,3.7960000000000003,3.7978
1055,0.0,0.0025,0.0025,0.0005,0.0,1.0,0.0,4.2275,0.0,0.0,0.0,0.0,4.2275,4.2275,4.2309
1056,0.0,0.0026,0.0026,0.0005,0.0,1.0,0.0,3.7755,0.0,0.0,0.0,0.0,3.7755,3.7755,3.7773
1057,0.0,0.003,0.003,0.0005,0.0,1.0,0.0,4.0125,0.0,0.0,0.0,0.0,4.0125,4.0125,4.009
1058,0.0,0.0031,0.0031,0.0006,0.0,1.0,0.0,3.5938,0.0,0.0,0.0,0.0,3.5938,3.5938,3.5913
1059,0.0,0.0029,0.0029,0.0005,0.0,1.0,0.0,3.686,0.0,0.0,0.0,0.0,3.686,3.686,3.6836
1060,0.0,0.0021,0.0021,0.0004,0.0,1.0,0.0,3.1134,0.0,0.0,0.0,0.0,3.1134,3.1134,3.1159
1061,0.0,0.003,0.003,0.0005,0.0,1.0,0.0,3.51,0.0,0.0,0.0,0.0,3.5100000000000002,3.5100000000000002,3.51
1062,0.0,0.0027,0.0027,0.0005,0.0,1.0,0.0,3.8983,0.0,0.0,0.0,0.0,3.8983,3.8983,3.8978
1063,0.0,0.0032,0.0032,0.0006,0.0,1.0,0.0,3.9323,0.0,0.0,0.0,0.0,3.9322999999999997,3.9322999999999997,3.9274
1064,0.0,0.0026,0.0026,0.0005,0.0,1.0,0.0,3.9456,0.0,0.0,0.0,0.0,3.9456,3.9456,3.9426
1065,0.0,0.0022,0.0022,0.0004,0.0,1.0,0.0,3.6683,0.0,0.0,0.0,0.0,3.6683000000000003,3.6683000000000003,3.6661
1066,0.0,0.0025,0.0025,0.0005,0.0,1.0,0.0,3.9667,0.0,0.0,0.0,0.0,3.9667000000000003,3.9667000000000003,3.9622
1067,0.0,0.0024,0.0024,0.0004,0.0,1.0,0.0,3.5606,0.0,0.0,0.0,0.0,3.5606,3.5606,3.5558
1068,0.0,0.002,0.002,0.0004,0.0,1.0,0.0,2.5746,0.0,0.0,0.0,0.0,2.5746,2.5746,2.5699
1069,0.0,0.002,0.002,0.0004,0.0,1.0,0.0,3.4677,0.0,0.0,0.0,0.0,3.4677,3.4677,3.4722
1070,0.0,0.0022,0.0022,0.0004,0.0,1.0,0.0,3.4626,0.0,0.0,0.0,0.0,3.4626,3.4626,3.4595
1071,0.0,0.0021,0.0021,0.0004,0.0,1.0,0.0,3.7925,0.0,0.0,0.0,0.0,3.7925,3.7925,3.7897
1072,0.0,0.0027,0.0027,0.0005,0.0,1.0,0.0,3.5462,0.0,0.0,0.0,0.0,3.5462,3.5462,3.5507
1073,0.0,0.0024,0.0024,0.0004,0.0,1.0,0.0,3.9545,0.0,0.0,0.0,0.0,3.9545000000000003,3.9545000000000003,3.9528
1074,0.0,0.0035,0.0035,0.0006,0.0,1.0,0.0,4.5331,0.0,0.0,0.0,0.0,4.5331,4.5331,4.5373
1075,0.0,0.0023,0.0023,0.0004,0.0,1.0,0.0,3.7443,0.0,0.0,0.0,0.0,3.7443,3.7443,3.7414
1076,0.0,0.0029,0.0029,0.0005,0.0,1.0,0.0,3.98,0.0,0.0,0.0,0.0,3.98,3.98,3.9816
1077,0.0,0.0031,0.0031,0.0005,0.0,1.0,0.0,3.8903,0.0,0.0,0.0,0.0,3.8903,3.8903,3.8909
1078,0.0,0.0033,0.0033,0.0006,0.0,1.0,0.0,3.7395,0.0,0.0,0.0,0.0,3.7395,3.7395,3.7389
1079,0.0,0.0028,0.0028,0.0005,0.0,1.0,0.0,3.7112,0.0,0.0,0.0,0.0,3.7112000000000003,3.7112000000000003,3.7141
1080,0.0,0.0024,0.0024,0.0004,0.0,1.0,0.0,3.5625,0.0,0.0,0.0,0.0,3.5624999999999996,3.5624999999999996,3.5632
1081,0.0,0.0025,0.0025,0.0005,0.0,1.0,0.0,4.1909,0.0,0.0,0.0,0.0,4.1909,4.1909,4.1942
1082,0.0,0.0024,0.0024,0.0004,0.0,1.0,0.0,3.3787,0.0,0.0,0.0,0.0,3.3787,3.3787,3.3786
1083,0.0,0.0018,0.0018,0.0003,0.0,1.0,0.0,3.5514,0.0,0.0,0.0,0.0,3.5514,3.5514,3.5506
1084,0.0,0.003,0.003,0.0005,0.0,1.0,0.0,4.037,0.0,0.0,0.0,0.0,4.037,4.037,4.0402
1085,0.0,0.0024,0.0024,0.0004,0.0,1.0,0.0,3.3919,0.0,0.0,0.0,0.0,3.3919,3.3919,3.3933
1086,0.0,0.0033,0.0033,0.0006,0.0,1.0,0.0,3.3832,0.0,0.0,0.0,0.0,3.3831999999999995,3.3831999999999995,3.387
1087,0.0,0.0026,0.0026,0.0005,0.0,1.0,0.0,3.6296,0.0,0.0,0.0,0.0,3.6296,3.6296,3.6336
1088,0.0,0.0022,0.0022,0.0004,0.0,1.0,0.0,3.533,0.0,0.0,0.0,0.0,3.533,3.533,3.5337
1089,0.0,0.0027,0.0027,0.0005,0.0,1.0,0.0,3.4331,0.0,0.0,0.0,0.0,3.4331,3.4331,3.4295
1090,0.0,0.0033,0.0033,0.0006,0.0,1.0,0.0,3.8934,0.0,0.0,0.0,0.0,3.8933999999999997,3.8933999999999997,3.8929
1091,0.0,0.0021,0.0021,0.0004,0.0,1.0,0.0,3.3406,0.0,0.0,0.0,0.0,3.3406000000000002,3.3406000000000002,3.338
1092,0.0,0.0029,0.0029,0.0005,0.0,1.0,0.0,3.854,0.0,0.0,0.0,0.0,3.854,3.854,3.8497
1093,0.0,0.0022,0.0022,0.0004,0.0,1.0,0.0,3.1175,0.0,0.0,0.0,0.0,3.1174999999999997,3.1174999999999997,3.1185
1094,0.0,0.0022,0.0022,0.0004,0.0,1.0,0.0,3.7356,0.0,0.0,0.0,0.0,3.7356,3.7356,3.7308
1095,0.0,0.0024,0.0024,0.0004,0.0,1.0,0.0,3.9682,0.0,0.0,0.0,0.0,3.9681999999999995,3.9681999999999995,3.9704
1096,0.0,0.0029,0.0029,0.0005,0.0,1.0,0.0,4.2122,0.0,0.0,0.0,0.0,4.2122,4.2122,4.2078
1097,0.0,0.0031,0.0031,0.0006,0.0,1.0,0.0,3.964,0.0,0.0,0.0,0.0,3.964,3.964,3.9631
1098,0.0,0.0022,0.0022,0.0004,0.0,1.0,0.0,3.4641,0.0,0.0,0.0,0.0,3.4641,3.4641,3.4672
1099,0.0,0.0025,0.0025,0.0004,0.0,1.0,0.0,3.8131,0.0,0.0,0.0,0.0,3.8131,3.8131,3.8155
1100,0.0,0.0023,0.0023,0.0004,0.0,1.0,0.0,3.5197,0.0,0.0,0.0,0.0,3.5197,3.5197,3.5154
1101,0.0,0.0036,0.0036,0.0007,0.0,1.0,0.0,4.0202,0.0,0.0,0.0,0.0,4.0202,4.0202,4.0205
1102,0.0,0.0025,0.0025,0.0005,0.0,1.0,0.0,3.3356,0.0,0.0,0.0,0.0,3.3356,3.3356,3.3375
1103,0.0,0.0035,0.0035,0.0006,0.0,1.0,0.0,3.9318,0.0,0.0,0.0,0.0,3.9318,3.9318,3.9357
1104,0.0,0.002,0.002,0.0004,0.0,1.0,0.0,3.4945,0.0,0.0,0.0,0.0,3.4945,3.4945,3.4993
1105,0.0,0.0025,0.0025,0.0005,0.0,1.0,0.0,3.8844,0.0,0.0,0.0,0.0,3.8844,3.8844,3.8832
1106,0.0,0.0029,0.0029,0.0005,0.0,1.0,0.0,3.534,0.0,0.0,0.0,0.0,3.5340000000000003,3.5340000000000003,3.5379
1107,0.0,0.002,0.002,0.0004,0.0,1.0,0.0,3.6382,0.0,0.0,0.0,0.0,3.6382,3.6382,3.6391
1108,0.0,0.0026,0.0026,0.0005,0.0,1.0,0.0,3.1054,0.0,0.0,0.0,0.0,3.1054000000000004,3.1054000000000004,3.1008
1109,0.0,0.0021,0.0021,0.0004,0.0,1.0,0.0,3.0134,0.0,0.0,0.0,0.0,3.0134,3.0134,3.0174
1110,0.0,0.0025,0.0025,0.0004,0.0,1.0,0.0,3.5062,0.0,0.0,0.0,0.0,3.5062,3.5062,3.5056
1111,0.0,0.003,0.003,0.0005,0.0,1.0,0.0,3.8188,0.0,0.0,0.0,0.0,3.8188,3.8188,3.814
1112,0.0,0.0021,0.0021,0.0004,0.0,1.0,0.0,3.0883,0.0,0.0,0.0,0.0,3.0883000000000003,3.0883000000000003,3.0882
1113,0.0,0.0028,0.0028,0.0005,0.0,1.0,0.0,3.7503,0.0,0.0,0.0,0.0,3.7503,3.7503,3.749
1114,0.0,0.0028,0.0028,0.0005,0.0,1.0,0.0,3.3262,0.0,0.0,0.0,0.0,3.3262,3.3262,3.3263
1115,0.0,0.0024,0.0024,0.0004,0.0,1.0,0.0,3.4428,0.0,0.0,0.0,0.0,3.4428,3.4428,3.4425
1116,0.0,0.0021,0.0021,0.0004,0.0,1.0,0.0,3.2377,0.0,0.0,0.0,0.0,3.2377,3.2377,3.235
1117,0.0,0.0024,0.0024,0.0004,0.0,1.0,0.0,4.0906,0.0,0.0,0.0,0.0,4.0906,4.0906,4.0931
1118,0.0,0.003,0.003,0.0005,0.0,1.0,0.0,3.6565,0.0,0.0,0.0,0.0,3.6565,3.6565,3.6571
1119,0.0,0.003,0.003,0.0005,0.0,1.0,0.0,4.0429,0.0,0.0,0.0,0.0,4.0429,4.0429,4.0439
1120,0.0,0.0026,0.0026,0.0005,0.0,1.0,0.0,3.8058,0.0,0.0,0.0,0.0,3.8058,3.8058,3.8039
1121,0.0,0.0027,0.0027,0.0005,0.0,1.0,0.0,3.7415,0.0,0.0,0.0,0.0,3.7415000000000003,3.7415000000000003,3.738
1122,0.0,0.0021,0.0021,0.0004,0.0,1.0,0.0,3.3421,0.0,0.0,0.0,0.0,3.3420999999999994,3.3420999999999994,3.3383
1123,0.0,0.0033,0.0033,0.0006,0.0,1.0,0.0,3.8019,0.0,0.0,0.0,0.0,3.8019,3.8019,3.8063
1124,0.0,0.0034,0.0034,0.0006,0.0,1.0,0.0,4.5834,0.0,0.0,0.0,0.0,4.5834,4.5834,4.5788
1125,0.0,0.0019,0.0019,0.0003,0.0,1.0,0.0,3.6413,0.0,0.0,0.0,0.0,3.6413,3.6413,3.6425
1126,0.0,0.0024,0.0024,0.0004,0.0,1.0,0.0,3.8146,0.0,0.0,0.0,0.0,3.8145999999999995,3.8145999999999995,3.8159
1127,0.0,0.0033,0.0033,0.0006,0.0,1.0,0.0,4.1515,0.0,0.0,0.0,0.0,4.1514999999999995,4.1514999999999995,4.1537
1128,0.0,0.0027,0.0027,0.0005,0.0,1.0,0.0,3.7777,0.0,0.0,0.0,0.0,3.7777000000000003,3.7777000000000003,3.773
1129,0.0,0.003,0.003,0.0005,0.0,1.0,0.0,4.2494,0.0,0.0,0.0,0.0,4.2494000000000005,4.2494000000000005,4.2457
1130,0.0,0.0023,0.0023,0.0004,0.0,1.0,0.0,3.7489,0.0,0.0,0.0,0.0,3.7489000000000003,3.7489000000000003,3.7446
1131,0.0,0.003,0.003,0.0005,0.0,1.0,0.0,3.7138,0.0,0.0,0.0,0.0,3.7137999999999995,3.7137999999999995,3.716
1132,0.0,0.0031,0.0031,0.0006,0.0,1.0,0.0,3.8573,0.0,0.0,0.0,0.0,3.8573,3.8573,3.8607
1133,0.0,0.0027,0.0027,0.0005,0.0,1.0,0.0,3.237,0.0,0.0,0.0,0.0,3.237,3.237,3.2401
1134,0.0,0.0023,0.0023,0.0004,0.0,1.0,0.0,3.7592,0.0,0.0,0.0,0.0,3.7592,3.7592,3.7598
1135,0.0,0.0029,0.0029,0.0005,0.0,1.0,0.0,3.8719,0.0,0.0,0.0,0.0,3.8719,3.8719,3.8719
1136,0.0,0.0025,0.0025,0.0005,0.0,1.0,0.0,3.205,0.0,0.0,0.0,0.0,3.205,3.205,3.2079
1137,0.0,0.0026,0.0026,0.0005,0.0,1.0,0.0,3.4407,0.0,0.0,0.0,0.0,3.4407000000000005,3.4407000000000005,3.4396
1138,0.0,0.0027,0.0027,0.0005,0.0,1.0,0.0,4.4104,0.0,0.0,0.0,0.0,4.4104,4.4104,4.4154
1139,0.0,0.0023,0.0023,0.0004,0.0,1.0,0.0,3.8438,0.0,0.0,0.0,0.0,3.8438,3.8438,3.8413
1140,0.0,0.0021,0.0021,0.0004,0.0,1.0,0.0,3.1813,0.0,0.0,0.0,0.0,3.1813,3.1813,3.1805
1141,0.0,0.0018,0.0018,0.0003,0.0,1.0,0.0,3.2367,0.0,0.0,0.0,0.0,3.2367,3.2367,3.2401
1142,0.0,0.0022,0.0022,0.0004,0.0,1.0,0.0,4.1407,0.0,0.0,0.0,0.0,4.1407,4.1407,4.1376
1143,0.0,0.0023,0.0023,0.0004,0.0,1.0,0.0,3.5843,0.0,0.0,0.0,0.0,3.5843000000000003,3.5843000000000003,3.5868
1144,0.0,0.0023,0.0023,0.0004,0.0,1.0,0.0,3.7808,0.0,0.0,0.0,0.0,3.7808,3.7808,3.7854
1145,0.0,0.0028,0.0028,0.0005,0.0,1.0,0.0,3.6001,0.0,0.0,0.0,0.0,3.6001000000000003,3.6001000000000003,3.5997
1146,0.0,0.002,0.002,0.0004,0.0,1.0,0.0,3.1787,0.0,0.0,0.0,0.0,3.1787,3.1787,3.1751
1147,0.0,0.0037,0.0037,0.0007,0.0,1.0,0.0,4.5833,0.0,0.0,0.0,0.0,4.5833,4.5833,4.5844
1148,0.0,0.0021,0.0021,0.0004,0.0,1.0,0.0,3.572,0.0,0.0,0.0,0.0,3.572,3.572,3.5715
1149,0.0,0.0026,0.0026,0.0005,0.0,1.0,0.0,3.8368,0.0,0.0,0.0,0.0,3.8368,3.8368,3.8402
1150,0.0,0.0024,0.0024,0.0004,0.0,1.0,0.0,3.4626,0.0,0.0,0.0,0.0,3.4626,3.4626,3.461
1151,0.0,0.0035,0.0035,0.0006,0.0,1.0,0.0,4.3634,0.0,0.0,0.0,0.0,4.3633999999999995,4.3633999999999995,4.3615
1152,0.0,0.0023,0.0023,0.0004,0.0,1.0,0.0,3.1592,0.0,0.0,0.0,0.0,3.1592,3.1592,3.1621
1153,0.0,0.0026,0.0026,0.0005,0.0,1.0,0.0,4.1321,0.0,0.0,0.0,0.0,4.1321,4.1321,4.1352
1154,0.0,0.0027,0.0027,0.0005,0.0,1.0,0.0,3.6134,0.0,0.0,0.0,0.0,3.6133999999999995,3.6133999999999995,3.6151
1155,0.0,0.0039,0.0039,0.0007,0.0,1.0,0.0,4.1868,0.0,0.0,0.0,0.0,4.1868,4.1868,4.1849
1156,0.0,0.0023,0.0023,0.0004,0.0,1.0,0.0,3.4825,0.0,0.0,0.0,0.0,3.4825,3.4825,3.4806
1157,0.0,0.003,0.003,0.0005,0.0,1.0,0.0,4.0069,0.0,0.0,0.0,0.0,4.0069,4.0069,4.0021
1158,0.0,0.0025,0.0025,0.0005,0.0,1.0,0.0,3.8464,0.0,0.0,0.0,0.0,3.8463999999999996,3.8463999999999996,3.8472
1159,0.0,0.0026,0.0026,0.0005,0.0,1.0,0.0,3.5206,0.0,0.0,0.0,0.0,3.5206,3.5206,3.5188
1160,0.0,0.0029,0.0029,0.0005,0.0,1.0,0.0,4.3621,0.0,0.0,0.0,0.0,4.3621,4.3621,4.3652
1161,0.0,0.003,0.003,0.0005,0.0,1.0,0.0,3.572,0.0,0.0,0.0,0.0,3.572,3.572,3.5692
1162,0.0,0.003,0.003,0.0005,0.0,1.0,0.0,3.8705,0.0,0.0,0.0,0.0,3.8705,3.8705,3.872
1163,0.0,0.0026,0.0026,0.0005,0.0,1.0,0.0,3.3012,0.0,0.0,0.0,0.0,3.3011999999999997,3.3011999999999997,3.3
1164,0.0,0.0032,0.0032,0.0006,0.0,1.0,0.0,3.8226,0.0,0.0,0.0,0.0,3.8226000000000004,3.8226000000000004,3.8237
1165,0.0,0.0031,0.0031,0.0006,0.0,1.0,0.0,4.0612,0.0,0.0,0.0,0.0,4.0611999999999995,4.0611999999999995,4.0598
1166,0.0,0.002,0.002,0.0004,0.0,1.0,0.0,3.6906,0.0,0.0,0.0,0.0,3.6906,3.6906,3.6932
1167,0.0,0.0024,0.0024,0.0004,0.0,1.0,0.0,3.7767,0.0,0.0,0.0,0.0,3.7767,3.7767,3.7741
1168,0.0,0.0024,0.0024,0.0004,0.0,1.0,0.0,3.668,0.0,0.0,0.0,0.0,3.668,3.668,3.6706
1169,0.0,0.003,0.003,0.0005,0.0,1.0,0.0,3.3132,0.0,0.0,0.0,0.0,3.3131999999999997,3.3131999999999997,3.3173
1170,0.0,0.0026,0.0026,0.0005,0.0,1.0,0.0,3.3865,0.0,0.0,0.0,0.0,3.3865000000000003,3.3865000000000003,3.3868
1171,0.0,0.0022,0.0022,0.0004,0.0,1.0,0.0,3.3632,0.0,0.0,0.0,0.0,3.3632,3.3632,3.3631
1172,0.0,0.0025,0.0025,0.0004,0.0,1.0,0.0,3.6634,0.0,0.0,0.0,0.0,3.6634,3.6634,3.6667
1173,0.0,0.0023,0.0023,0.0004,0.0,1.0,0.0,3.0421,0.0,0.0,0.0,0.0,3.0420999999999996,3.0420999999999996,3.0459
1174,0.0,0.0027,0.0027,0.0005,0.0,1.0,0.0,4.248,0.0,0.0,0.0,0.0,4.248,4.248,4.2449
1175,0.0,0.0021,0.0021,0.0004,0.0,1.0,0.0,3.9297,0.0,0.0,0.0,0.0,3.9297,3.9297,3.9279
1176,0.0,0.0026,0.0026,0.0005,0.0,1.0,0.0,3.4757,0.0,0.0,0.0,0.0,3.4757,3.4757,3.4755
1177,0.0,0.0017,0.0017,0.0003,0.0,1.0,0.0,2.442,0.0,0.0,0.0,0.0,2.442,2.442,2.4415
1178,0.0,0.0026,0.0026,0.0005,0.0,1.0,0.0,2.9352,0.0,0.0,0.0,0.0,2.9352,2.9352,2.933
1179,0.0,0.0026,0.0026,0.0005,0.0,1.0,0.0,3.4916,0.0,0.0,0.0,0.0,3.4916,3.4916,3.4902
1180,0.0,0.0024,0.0024,0.0004,0.0,1.0,0.0,3.723,0.0,0.0,0.0,0.0,3.723,3.723,3.7218
1181,0.0,0.0017,0.0017,0.0003,0.0,1.0,0.0,2.5794,0.0,0.0,0.0,0.0,2.5793999999999997,2.5793999999999997,2.5772
1182,0.0,0.0035,0.0035,0.0006,0.0,1.0,0.0,4.145,0.0,0.0,0.0,0.0,4.145,4.145,4.144
1183,0.0,0.0028,0.0028,0.0005,0.0,1.0,0.0,3.5734,0.0,0.0,0.0,0.0,3.5734,3.5734,3.5685
1184,0.0,0.0031,0.0031,0.0006,0.0,1.0,0.0,4.3035,0.0,0.0,0.0,0.0,4.3035000000000005,4.3035000000000005,4.3025
1185,0.0,0.0028,0.0028,0.0005,0.0,1.0,0.0,3.9448,0.0,0.0,0.0,0.0,3.9448,3.9448,3.9427
1186,0.0,0.0021,0.0021,0.0004,0.0,1.0,0.0,3.1697,0.0,0.0,0.0,0.0,3.1696999999999997,3.1696999999999997,3.1709
1187,0.0,0.0019,0.0019,0.0003,0.0,1.0,0.0,3.386,0.0,0.0,0.0,0.0,3.3859999999999997,3.3859999999999997,3.3816
1188,0.0,0.0024,0.0024,0.0004,0.0,1.0,0.0,3.2387,0.0,0.0,0.0,0.0,3.2387,3.2387,3.2393
1189,0.0,0.0021,0.0021,0.0004,0.0,1.0,0.0,3.7918,0.0,0.0,0.0,0.0,3.7918,3.7918,3.7889
1190,0.0,0.0023,0.0023,0.0004,0.0,1.0,0.0,3.5328,0.0,0.0,0.0,0.0,3.5328,3.5328,3.5365
1191,0.0,0.0028,0.0028,0.0005,0.0,1.0,0.0,4.1574,0.0,0.0,0.0,0.0,4.1574,4.1574,4.1532
1192,0.0,0.003,0.003,0.0005,0.0,1.0,0.0,4.2434,0.0,0.0,0.0,0.0,4.2434,4.2434,4.2392
1193,0.0,0.0021,0.0021,0.0004,0.0,1.0,0.0,3.2769,0.0,0.0,0.0,0.0,3.2769,3.2769,3.2818
1194,0.0,0.0027,0.0027,0.0005,0.0,1.0,0.0,3.7646,0.0,0.0,0.0,0.0,3.7646,3.7646,3.7683
1195,0.0,0.0026,0.0026,0.0005,0.0,1.0,0.0,3.8819,0.0,0.0,0.0,0.0,3.8819,3.8819,3.8812
1196,0.0,0.0021,0.0021,0.0004,0.0,1.0,0.0,3.4285,0.0,0.0,0.0,0.0,3.4284999999999997,3.4284999999999997,3.4284
1197,0.0,0.0031,0.0031,0.0006,0.0,1.0,0.0,3.8716,0.0,0.0,0.0,0.0,3.8716,3.8716,3.8742
1198,0.0,0.0025,0.0025,0.0004,0.0,1.0,0.0,4.0426,0.0,0.0,0.0,0.0,4.0426,4.0426,4.0395
1199,0.0,0.0027,0.0027,0.0005,0.0,1.0,0.0,3.9509,0.0,0.0,0.0,0.0,3.9509000000000003,3.9509000000000003,3.9529
1200,0.0,0.0023,0.0023,0.0004,0.0,1.0,0.0,3.5222,0.0,0.0,0.0,0.0,3.5222,3.5222,3.5195
1201,0.0,0.0032,0.0032,0.0006,0.0,1.0,0.0,3.8092,0.0,0.0,0.0,0.0,3.8092,3.8092,3.8121
1202,0.0,0.0027,0.0027,0.0005,0.0,1.0,0.0,3.9711,0.0,0.0,0.0,0.0,3.9711,3.9711,3.9705
1203,0.0,0.0022,0.0022,0.0004,0.0,1.0,0.0,3.6139,0.0,0.0,0.0,0.0,3.6139,3.6139,3.6112
1204,0.0,0.0022,0.0022,0.0004,0.0,1.0,0.0,3.544,0.0,0.0,0.0,0.0,3.544,3.544,3.5396
1205,0.0,0.0028,0.0028,0.0005,0.0,1.0,0.0,4.1625,0.0,0.0,0.0,0.0,4.1625,4.1625,4.1618
1206,0.0,0.0023,0.0023,0.0004,0.0,1.0,0.0,3.1464,0.0,0.0,0.0,0.0,3.1464,3.1464,3.1477
1207,0.0,0.0035,0.0035,0.0006,0.0,1.0,0.0,4.345,0.0,0.0,0.0,0.0,4.345,4.345,4.3418
1208,0.0,0.0025,0.0025,0.0005,0.0,1.0,0.0,3.8399,0.0,0.0,0.0,0.0,3.8399,3.8399,3.8415
1209,0.0,0.0022,0.0022,0.0004,0.0,1.0,0.0,3.3402,0.0,0.0,0.0,0.0,3.3402,3.3402,3.3438
1210,0.0,0.003,0.003,0.0005,0.0,1.0,0.0,3.801,0.0,0.0,0.0,0.0,3.801,3.801,3.8057
1211,0.0,0.0025,0.0025,0.0004,0.0,1.0,0.0,3.6658,0.0,0.0,0.0,0.0,3.6658000000000004,3.6658000000000004,3.6693
1212,0.0,0.0029,0.0029,0.0005,0.0,1.0,0.0,4.495,0.0,0.0,0.0,0.0,4.495,4.495,4.4924
1213,0.0,0.0032,0.0032,0.0006,0.0,1.0,0.0,4.2787,0.0,0.0,0.0,0.0,4.278700000000001,4.278700000000001,4.2747
1214,0.0,0.0019,0.0019,0.0003,0.0,1.0,0.0,3.994,0.0,0.0,0.0,0.0,3.994,3.994,3.9958
1215,0.0,0.0023,0.0023,0.0004,0.0,1.0,0.0,4.0,0.0,0.0,0.0,0.0,4.0,4.0,4.0012
1216,0.0,0.0032,0.0032,0.0006,0.0,1.0,0.0,4.1036,0.0,0.0,0.0,0.0,4.1036,4.1036,4.1053
1217,0.0,0.0027,0.0027,0.0005,0.0,1.0,0.0,3.928,0.0,0.0,0.0,0.0,3.9280000000000004,3.9280000000000004,3.9322
1218,0.0,0.0034,0.0034,0.0006,0.0,1.0,0.0,4.0377,0.0,0.0,0.0,0.0,4.0377,4.0377,4.0378
1219,0.0,0.0027,0.0027,0.0005,0.0,1.0,0.0,3.9324,0.0,0.0,0.0,0.0,3.9324,3.9324,3.9314
1220,0.0,0.003,0.003,0.0005,0.0,1.0,0.0,4.4596,0.0,0.0,0.0,0.0,4.4596,4.4596,4.4556
1221,0.0,0.0024,0.0024,0.0004,0.0,1.0,0.0,3.7297,0.0,0.0,0.0,0.0,3.7297,3.7297,3.7342
1222,0.0,0.0024,0.0024,0.0004,0.0,1.0,0.0,3.219,0.0,0.0,0.0,0.0,3.2190000000000003,3.2190000000000003,3.2175
1223,0.0,0.0017,0.0017,0.0003,0.0,1.0,0.0,3.0943,0.0,0.0,0.0,0.0,3.0943,3.0943,3.0979
1224,0.0,0.0025,0.0025,0.0005,0.0,1.0,0.0,4.0082,0.0,0.0,0.0,0.0,4.0082,4.0082,4.0033
1225,0.0,0.0027,0.0027,0.0005,0.0,1.0,0.0,3.8057,0.0,0.0,0.0,0.0,3.8057,3.8057,3.8103
1226,0.0,0.0024,0.0024,0.0004,0.0,1.0,0.0,3.4781,0.0,0.0,0.0,0.0,3.4781,3.4781,3.4777
1227,0.0,0.0017,0.0017,0.0003,0.0,1.0,0.0,3.2123,0.0,0.0,0.0,0.0,3.2123,3.2123,3.2089
1228,0.0,0.002,0.002,0.0004,0.0,1.0,0.0,2.9305,0.0,0.0,0.0,0.0,2.9305000000000003,2.9305000000000003,2.9331
1229,0.0,0.0022,0.0022,0.0004,0.0,1.0,0.0,3.8393,0.0,0.0,0.0,0.0,3.8392999999999997,3.8392999999999997,3.837
1230,0.0,0.0022,0.0022,0.0004,0.0,1.0,0.0,3.7381,0.0,0.0,0.0,0.0,3.7381,3.7381,3.7331
1231,0.0,0.0022,0.0022,0.0004,0.0,1.0,0.0,3.5917,0.0,0.0,0.0,0.0,3.5917000000000003,3.5917000000000003,3.5948
1232,0.0,0.0031,0.0031,0.0006,0.0,1.0,0.0,3.9445,0.0,0.0,0.0,0.0,3.9445,3.9445,3.9427
1233,0.0,0.0025,0.0025,0.0005,0.0,1.0,0.0,3.3796,0.0,0.0,0.0,0.0,3.3796000000000004,3.3796000000000004,3.3829
1234,0.0,0.0025,0.0025,0.0004,0.0,1.0,0.0,3.8421,0.0,0.0,0.0,0.0,3.8421,3.8421,3.8402
1235,0.0,0.0035,0.0035,0.0006,0.0,1.0,0.0,4.0557,0.0,0.0,0.0,0.0,4.0557,4.0557,4.0569
1236,0.0,0.0026,0.0026,0.0005,0.0,1.0,0.0,3.2294,0.0,0.0,0.0,0.0,3.2293999999999996,3.2293999999999996,3.229
1237,0.0,0.0024,0.0024,0.0004,0.0,1.0,0.0,4.0622,0.0,0.0,0.0,0.0,4.0622,4.0622,4.0645
1238,0.0,0.002,0.002,0.0004,0.0,1.0,0.0,3.8416,0.0,0.0,0.0,0.0,3.8416,3.8416,3.8441
1239,0.0,0.0021,0.0021,0.0004,0.0,1.0,0.0,3.2889,0.0,0.0,0.0,0.0,3.2889,3.2889,3.2845
1240,0.0,0.0037,0.0037,0.0007,0.0,1.0,0.0,4.204,0.0,0.0,0.0,0.0,4.204000000000001,4.204000000000001,4.204
1241,0.0,0.0026,0.0026,0.0005,0.0,1.0,0.0,3.5319,0.0,0.0,0.0,0.0,3.5319000000000003,3.5319000000000003,3.5321
1242,0.0,0.0028,0.0028,0.0005,0.0,1.0,0.0,3.4479,0.0,0.0,0.0,0.0,3.4479,3.4479,3.446
1243,0.0,0.0031,0.0031,0.0006,0.0,1.0,0.0,4.1957,0.0,0.0,0.0,0.0,4.1956999999999995,4.1956999999999995,4.1979
1244,0.0,0.0023,0.0023,0.0004,0.0,1.0,0.0,3.6252,0.0,0.0,0.0,0.0,3.6252000000000004,3.6252000000000004,3.6282
1245,0.0,0.0031,0.0031,0.0006,0.0,1.0,0.0,4.0121,0.0,0.0,0.0,0.0,4.0121,4.0121,4.016
1246,0.0,0.0032,0.0032,0.0006,0.0,1.0,0.0,4.0293,0.0,0.0,0.0,0.0,4.0293,4.0293,4.0336
1247,0.0,0.0028,0.0028,0.0005,0.0,1.0,0.0,3.8197,0.0,0.0,0.0,0.0,3.8197,3.8197,3.816
1248,0.0,0.0021,0.0021,0.0004,0.0,1.0,0.0,3.6537,0.0,0.0,0.0,0.0,3.6536999999999997,3.6536999999999997,3.6498
1249,0.0,0.0027,0.0027,0.0005,0.0,1.0,0.0,3.0643,0.0,0.0,0.0,0.0,3.0643,3.0643,3.0626
1250,0.0,0.0023,0.0023,0.0004,0.0,1.0,0.0,3.4306,0.0,0.0,0.0,0.0,3.4306,3.4306,3.4289
1251,0.0,0.0028,0.0028,0.0005,0.0,1.0,0.0,3.9343,0.0,0.0,0.0,0.0,3.9343000000000004,3.9343000000000004,3.9299
1252,0.0,0.0033,0.0033,0.0006,0.0,1.0,0.0,3.7693,0.0,0.0,0.0,0.0,3.7693,3.7693,3.7706
1253,0.0,0.0021,0.0021,0.0004,0.0,1.0,0.0,2.8648,0.0,0.0,0.0,0.0,2.8648,2.8648,2.8641
1254,0.0,0.003,0.003,0.0005,0.0,1.0,0.0,3.9793,0.0,0.0,0.0,0.0,3.9793,3.9793,3.9801
1255,0.0,0.0026,0.0026,0.0005,0.0,1.0,0.0,3.8938,0.0,0.0,0.0,0.0,3.8937999999999997,3.8937999999999997,3.8959
1256,0.0,0.0025,0.0025,0.0004,0.0,1.0,0.0,3.5604,0.0,0.0,0.0,0.0,3.5604,3.5604,3.5644
1257,0.0,0.0037,0.0037,0.0007,0.0,1.0,0.0,4.8097,0.0,0.0,0.0,0.0,4.8097,4.8097,4.8084
1258,0.0,0.0026,0.0026,0.0005,0.0,1.0,0.0,3.9795,0.0,0.0,0.0,0.0,3.9795000000000003,3.9795000000000003,3.9842
1259,0.0,0.002,0.002,0.0004,0.0,1.0,0.0,3.6367,0.0,0.0,0.0,0.0,3.6367000000000003,3.6367000000000003,3.6376
1260,0.0,0.0023,0.0023,0.0004,0.0,1.0,0.0,3.7945,0.0,0.0,0.0,0.0,3.7944999999999998,3.7944999999999998,3.7972
1261,0.0,0.0022,0.0022,0.0004,0.0,1.0,0.0,3.5018,0.0,0.0,0.0,0.0,3.5018000000000002,3.5018000000000002,3.5012
1262,0.0,0.0019,0.0019,0.0003,0.0,1.0,0.0,3.0964,0.0,0.0,0.0,0.0,3.0964,3.0964,3.0992
1263,0.0,0.0028,0.0028,0.0005,0.0,1.0,0.0,4.0211,0.0,0.0,0.0,0.0,4.021100000000001,4.021100000000001,4.0224
1264,0.0,0.0023,0.0023,0.0004,0.0,1.0,0.0,3.4418,0.0,0.0,0.0,0.0,3.4418,3.4418,3.444
1265,0.0,0.0026,0.0026,0.0005,0.0,1.0,0.0,3.7101,0.0,0.0,0.0,0.0,3.7101,3.7101,3.7073
1266,0.0,0.0026,0.0026,0.0005,0.0,1.0,0.0,3.4724,0.0,0.0,0.0,0.0,3.4724,3.4724,3.4719
1267,0.0,0.0023,0.0023,0.0004,0.0,1.0,0.0,3.6128,0.0,0.0,0.0,0.0,3.6127999999999996,3.6127999999999996,3.6136
1268,0.0,0.0032,0.0032,0.0006,0.0,1.0,0.0,3.8014,0.0,0.0,0.0,0.0,3.8013999999999997,3.8013999999999997,3.8043
1269,0.0,0.0027,0.0027,0.0005,0.0,1.0,0.0,3.7847,0.0,0.0,0.0,0.0,3.7847,3.7847,3.7822
1270,0.0,0.0017,0.0017,0.0003,0.0,1.0,0.0,2.9938,0.0,0.0,0.0,0.0,2.9938,2.9938,2.9931
1271,0.0,0.0022,0.0022,0.0004,0.0,1.0,0.0,3.3795,0.0,0.0,0.0,0.0,3.3795,3.3795,3.3842
1272,0.0,0.002,0.002,0.0004,0.0,1.0,0.0,3.8119,0.0,0.0,0.0,0.0,3.8119,3.8119,3.8164
1273,0.0,0.0026,0.0026,0.0005,0.0,1.0,0.0,4.168,0.0,0.0,0.0,0.0,4.167999999999999,4.167999999999999,4.1719
1274,0.0,0.0027,0.0027,0.0005,0.0,1.0,0.0,3.7911,0.0,0.0,0.0,0.0,3.7911,3.7911,3.7951
1275,0.0,0.0027,0.0027,0.0005,0.0,1.0,0.0,3.6134,0.0,0.0,0.0,0.0,3.6134,3.6134,3.6108
1276,0.0,0.0028,0.0028,0.0005,0.0,1.0,0.0,3.1083,0.0,0.0,0.0,0.0,3.1083000000000003,3.1083000000000003,3.1047
1277,0.0,0.0023,0.0023,0.0004,0.0,1.0,0.0,3.4187,0.0,0.0,0.0,0.0,3.4187,3.4187,3.4215
1278,0.0,0.0028,0.0028,0.0005,0.0,1.0,0.0,3.5503,0.0,0.0,0.0,0.0,3.5503,3.5503,3.5533
1279,0.0,0.0022,0.0022,0.0004,0.0,1.0,0.0,3.3124,0.0,0.0,0.0,0.0,3.3124000000000002,3.3124000000000002,3.3145
1280,0.0,0.0025,0.0025,0.0005,0.0,1.0,0.0,3.7837,0.0,0.0,0.0,0.0,3.7837,3.7837,3.785
1281,0.0,0.0028,0.0028,0.0005,0.0,1.0,0.0,3.8305,0.0,0.0,0.0,0.0,3.8305,3.8305,3.8284
1282,0.0,0.002,0.002,0.0004,0.0,1.0,0.0,3.1517,0.0,0.0,0.0,0.0,3.1517,3.1517,3.1554
1283,0.0,0.0031,0.0031,0.0006,0.0,1.0,0.0,3.7182,0.0,0.0,0.0,0.0,3.7182,3.7182,3.7188
1284,0.0,0.0029,0.0029,0.0005,0.0,1.0,0.0,3.8618,0.0,0.0,0.0,0.0,3.8618,3.8618,3.8663
1285,0.0,0.0022,0.0022,0.0004,0.0,1.0,0.0,3.7788,0.0,0.0,0.0,0.0,3.7787999999999995,3.7787999999999995,3.7777
1286,0.0,0.002,0.002,0.0004,0.0,1.0,0.0,3.4246,0.0,0.0,0.0,0.0,3.4246000000000003,3.4246000000000003,3.4216
1287,0.0,0.0032,0.0032,0.0006,0.0,1.0,0.0,4.328,0.0,0.0,0.0,0.0,4.328,4.328,4.331
1288,0.0,0.0023,0.0023,0.0004,0.0,1.0,0.0,2.9865,0.0,0.0,0.0,0.0,2.9865000000000004,2.9865000000000004,2.9849
1289,0.0,0.0036,0.0036,0.0007,0.0,1.0,0.0,4.352,0.0,0.0,0.0,0.0,4.352,4.352,4.35
1290,0.0,0.0029,0.0029,0.0005,0.0,1.0,0.0,3.8828,0.0,0.0,0.0,0.0,3.8827999999999996,3.8827999999999996,3.8862
1291,0.0,0.0025,0.0025,0.0005,0.0,1.0,0.0,3.9899,0.0,0.0,0.0,0.0,3.9899,3.9899,3.9897
1292,0.0,0.0023,0.0023,0.0004,0.0,1.0,0.0,3.3407,0.0,0.0,0.0,0.0,3.3407,3.3407,3.3362
1293,0.0,0.0028,0.0028,0.0005,0.0,1.0,0.0,3.987,0.0,0.0,0.0,0.0,3.987,3.987,3.9821
1294,0.0,0.0024,0.0024,0.0004,0.0,1.0,0.0,3.9737,0.0,0.0,0.0,0.0,3.9737,3.9737,3.976
1295,0.0,0.0031,0.0031,0.0006,0.0,1.0,0.0,3.7731,0.0,0.0,0.0,0.0,3.7731,3.7731,3.7772
1296,0.0,0.0024,0.0024,0.0004,0.0,1.0,0.0,3.6583,0.0,0.0,0.0,0.0,3.6583,3.6583,3.6578
1297,0.0,0.0026,0.0026,0.0005,0.0,1.0,0.0,4.0699,0.0,0.0,0.0,0.0,4.0699,4.0699,4.0657
1298,0.0,0.0027,0.0027,0.0005,0.0,1.0,0.0,3.0975,0.0,0.0,0.0,0.0,3.0975,3.0975,3.0967
1299,0.0,0.003,0.003,0.0005,0.0,1.0,0.0,3.9846,0.0,0.0,0.0,0.0,3.9846,3.9846,3.9837
1300,0.0,0.0022,0.0022,0.0004,0.0,1.0,0.0,4.1324,0.0,0.0,0.0,0.0,4.1324,4.1324,4.1277
1301,0.0,0.0028,0.0028,0.0005,0.0,1.0,0.0,3.4656,0.0,0.0,0.0,0.0,3.4656,3.4656,3.4662
1302,0.0,0.0018,0.0018,0.0003,0.0,1.0,0.0,3.1963,0.0,0.0,0.0,0.0,3.1963,3.1963,3.1948
1303,0.0,0.0031,0.0031,0.0006,0.0,1.0,0.0,4.137,0.0,0.0,0.0,0.0,4.1370000000000005,4.1370000000000005,4.1359
1304,0.0,0.0021,0.0021,0.0004,0.0,1.0,0.0,3.5745,0.0,0.0,0.0,0.0,3.5745,3.5745,3.5701
1305,0.0,0.0031,0.0031,0.0006,0.0,1.0,0.0,4.1359,0.0,0.0,0.0,0.0,4.1358999999999995,4.1358999999999995,4.1319
1306,0.0,0.0019,0.0019,0.0003,0.0,1.0,0.0,2.9485,0.0,0.0,0.0,0.0,2.9485,2.9485,2.9499
1307,0.0,0.0026,0.0026,0.0005,0.0,1.0,0.0,4.0888,0.0,0.0,0.0,0.0,4.0888,4.0888,4.0909
1308,0.0,0.0025,0.0025,0.0005,0.0,1.0,0.0,3.77,0.0,0.0,0.0,0.0,3.7699999999999996,3.7699999999999996,3.7703
1309,0.0,0.0026,0.0026,0.0005,0.0,1.0,0.0,3.9247,0.0,0.0,0.0,0.0,3.9247,3.9247,3.9296
1310,0.0,0.0027,0.0027,0.0005,0.0,1.0,0.0,3.4134,0.0,0.0,0.0,0.0,3.4134,3.4134,3.4183
1311,0.0,0.0022,0.0022,0.0004,0.0,1.0,0.0,3.7373,0.0,0.0,0.0,0.0,3.7373,3.7373,3.7386
1312,0.0,0.003,0.003,0.0005,0.0,1.0,0.0,3.7679,0.0,0.0,0.0,0.0,3.7679,3.7679,3.7714
1313,0.0,0.0028,0.0028,0.0005,0.0,1.0,0.0,3.6738,0.0,0.0,0.0,0.0,3.6738,3.6738,3.6718
1314,0.0,0.003,0.003,0.0005,0.0,1.0,0.0,3.99,0.0,0.0,0.0,0.0,3.99,3.99,3.9906
1315,0.0,0.0024,0.0024,0.0004,0.0,1.0,0.0,3.865,0.0,0.0,0.0,0.0,3.865,3.865,3.8623
1316,0.0,0.0028,0.0028,0.0005,0.0,1.0,0.0,3.3739,0.0,0.0,0.0,0.0,3.3739,3.3739,3.3751
1317,0.0,0.0029,0.0029,0.0005,0.0,1.0,0.0,4.1787,0.0,0.0,0.0,0.0,4.1787,4.1787,4.1753
1318,0.0,0.0026,0.0026,0.0005,0.0,1.0,0.0,3.5252,0.0,0.0,0.0,0.0,3.5252,3.5252,3.5202
1319,0.0,0.0022,0.0022,0.0004,0.0,1.0,0.0,3.2889,0.0,0.0,0.0,0.0,3.2889,3.2889,3.291
1320,0.0,0.0025,0.0025,0.0004,0.0,1.0,0.0,3.7425,0.0,0.0,0.0,0.0,3.7424999999999997,3.7424999999999997,3.7466
1321,0.0,0.0026,0.0026,0.0005,0.0,1.0,0.0,3.7187,0.0,0.0,0.0,0.0,3.7187,3.7187,3.7171
1322,0.0,0.003,0.003,0.0005,0.0,1.0,0.0,4.189,0.0,0.0,0.0,0.0,4.189,4.189,4.1934
1323,0.0,0.0032,0.0032,0.0006,0.0,1.0,0.0,4.3397,0.0,0.0,0.0,0.0,4.3397,4.3397,4.3415
1324,0.0,0.0024,0.0024,0.0004,0.0,1.0,0.0,3.6879,0.0,0.0,0.0,0.0,3.6879,3.6879,3.6907
1325,0.0,0.0028,0.0028,0.0005,0.0,1.0,0.0,3.8723,0.0,0.0,0.0,0.0,3.8723,3.8723,3.8763
1326,0.0,0.003,0.003,0.0005,0.0,1.0,0.0,3.5691,0.0,0.0,0.0,0.0,3.5690999999999997,3.5690999999999997,3.5737
1327,0.0,0.0027,0.0027,0.0005,0.0,1.0,0.0,4.1745,0.0,0.0,0.0,0.0,4.1745,4.1745,4.1725
1328,0.0,0.0026,0.0026,0.0005,0.0,1.0,0.0,4.0313,0.0,0.0,0.0,0.0,4.0313,4.0313,4.0274
1329,0.0,0.0025,0.0025,0.0004,0.0,1.0,0.0,3.6702,0.0,0.0,0.0,0.0,3.6702000000000004,3.6702000000000004,3.6708
1330,0.0,0.003,0.003,0.0005,0.0,1.0,0.0,4.0716,0.0,0.0,0.0,0.0,4.0716,4.0716,4.0713
1331,0.0,0.0029,0.0029,0.0005,0.0,1.0,0.0,3.7712,0.0,0.0,0.0,0.0,3.7712,3.7712,3.7669
1332,0.0,0.0031,0.0031,0.0006,0.0,1.0,0.0,4.2359,0.0,0.0,0.0,0.0,4.2359,4.2359,4.2331
1333,0.0,0.003,0.003,0.0005,0.0,1.0,0.0,4.1671,0.0,0.0,0.0,0.0,4.1671,4.1671,4.1667
1334,0.0,0.0028,0.0028,0.0005,0.0,1.0,0.0,4.3065,0.0,0.0,0.0,0.0,4.3065,4.3065,4.3076
1335,0.0,0.0036,0.0036,0.0007,0.0,1.0,0.0,4.4393,0.0,0.0,0.0,0.0,4.4393,4.4393,4.4427
1336,0.0,0.0034,0.0034,0.0006,0.0,1.0,0.0,4.1136,0.0,0.0,0.0,0.0,4.1136,4.1136,4.1141
1337,0.0,0.002,0.002,0.0004,0.0,1.0,0.0,3.3136,0.0,0.0,0.0,0.0,3.3136,3.3136,3.3178
1338,0.0,0.0026,0.0026,0.0005,0.0,1.0,0.0,3.2983,0.0,0.0,0.0,0.0,3.2983,3.2983,3.2983
1339,0.0,0.0022,0.0022,0.0004,0.0,1.0,0.0,3.6782,0.0,0.0,0.0,0.0,3.6782000000000004,3.6782000000000004,3.6778
1340,0.0,0.002,0.002,0.0004,0.0,1.0,0.0,3.6721,0.0,0.0,0.0,0.0,3.6721,3.6721,3.6703
1341,0.0,0.0026,0.0026,0.0005,0.0,1.0,0.0,3.6027,0.0,0.0,0.0,0.0,3.6027000000000005,3.6027000000000005,3.6031
1342,0.0,0.0029,0.0029,0.0005,0.0,1.0,0.0,3.7002,0.0,0.0,0.0,0.0,3.7002,3.7002,3.7001
1343,0.0,0.0031,0.0031,0.0006,0.0,1.0,0.0,3.8044,0.0,0.0,0.0,0.0,3.8044000000000002,3.8044000000000002,3.8073
1344,0.0,0.0032,0.0032,0.0006,0.0,1.0,0.0,3.862,0.0,0.0,0.0,0.0,3.8620000000000005,3.8620000000000005,3.861
1345,0.0,0.0029,0.0029,0.0005,0.0,1.0,0.0,3.8996,0.0,0.0,0.0,0.0,3.8996,3.8996,3.9024
1346,0.0,0.0022,0.0022,0.0004,0.0,1.0,0.0,3.4837,0.0,0.0,0.0,0.0,3.4837000000000002,3.4837000000000002,3.4864
1347,0.0,0.002,0.002,0.0004,0.0,1.0,0.0,3.3829,0.0,0.0,0.0,0.0,3.3829000000000002,3.3829000000000002,3.3812
1348,0.0,0.0035,0.0035,0.0006,0.0,1.0,0.0,4.1485,0.0,0.0,0.0,0.0,4.1485,4.1485,4.1446
1349,0.0,0.003,0.003,0.0005,0.0,1.0,0.0,3.9984,0.0,0.0,0.0,0.0,3.9983999999999997,3.9983999999999997,3.9983
1350,0.0,0.0027,0.0027,0.0005,0.0,1.0,0.0,3.7922,0.0,0.0,0.0,0.0,3.7922,3.7922,3.7895
1351,0.0,0.0038,0.0038,0.0007,0.0,1.0,0.0,4.4037,0.0,0.0,0.0,0.0,4.4037,4.4037,4.3988
1352,0.0,0.0026,0.0026,0.0005,0.0,1.0,0.0,3.4657,0.0,0.0,0.0,0.0,3.4656999999999996,3.4656999999999996,3.4656
1353,0.0,0.0021,0.0021,0.0004,0.0,1.0,0.0,3.3424,0.0,0.0,0.0,0.0,3.3424,3.3424,3.3461
1354,0.0,0.0031,0.0031,0.0006,0.0,1.0,0.0,3.3445,0.0,0.0,0.0,0.0,3.3445,3.3445,3.3447
1355,0.0,0.0028,0.0028,0.0005,0.0,1.0,0.0,3.7965,0.0,0.0,0.0,0.0,3.7965,3.7965,3.7963
1356,0.0,0.0028,0.0028,0.0005,0.0,1.0,0.0,3.602,0.0,0.0,0.0,0.0,3.602,3.602,3.6033
1357,0.0,0.0023,0.0023,0.0004,0.0,1.0,0.0,3.4604,0.0,0.0,0.0,0.0,3.4604000000000004,3.4604000000000004,3.4616
1358,0.0,0.0026,0.0026,0.0005,0.0,1.0,0.0,3.6724,0.0,0.0,0.0,0.0,3.6723999999999997,3.6723999999999997,3.6765
1359,0.0,0.0026,0.0026,0.0005,0.0,1.0,0.0,3.5721,0.0,0.0,0.0,0.0,3.5721,3.5721,3.5725
1360,0.0,0.002,0.002,0.0004,0.0,1.0,0.0,3.8068,0.0,0.0,0.0,0.0,3.8068,3.8068,3.8035
1361,0.0,0.0035,0.0035,0.0006,0.0,1.0,0.0,4.1859,0.0,0.0,0.0,0.0,4.1859,4.1859,4.1864
1362,0.0,0.0022,0.0022,0.0004,0.0,1.0,0.0,3.5018,0.0,0.0,0.0,0.0,3.5018,3.5018,3.5045
1363,0.0,0.0023,0.0023,0.0004,0.0,1.0,0.0,3.5001,0.0,0.0,0.0,0.0,3.5001,3.5001,3.5027
1364,0.0,0.0026,0.0026,0.0005,0.0,1.0,0.0,4.3145,0.0,0.0,0.0,0.0,4.3145,4.3145,4.3165
1365,0.0,0.002,0.002,0.0004,0.0,1.0,0.0,3.2901,0.0,0.0,0.0,0.0,3.2901000000000002,3.2901000000000002,3.2906
1366,0.0,0.0022,0.0022,0.0004,0.0,1.0,0.0,3.6002,0.0,0.0,0.0,0.0,3.6002,3.6002,3.5973
1367,0.0,0.0023,0.0023,0.0004,0.0,1.0,0.0,3.6877,0.0,0.0,0.0,0.0,3.6877,3.6877,3.6892
1368,0.0,0.0026,0.0026,0.0005,0.0,1.0,0.0,3.5733,0.0,0.0,0.0,0.0,3.5732999999999997,3.5732999999999997,3.5766
1369,0.0,0.0029,0.0029,0.0005,0.0,1.0,0.0,3.8655,0.0,0.0,0.0,0.0,3.8655,3.8655,3.8679
1370,0.0,0.0021,0.0021,0.0004,0.0,1.0,0.0,3.643,0.0,0.0,0.0,0.0,3.6430000000000002,3.6430000000000002,3.6428
1371,0.0,0.0029,0.0029,0.0005,0.0,1.0,0.0,3.7754,0.0,0.0,0.0,0.0,3.7754000000000003,3.7754000000000003,3.771
1372,0.0,0.0033,0.0033,0.0006,0.0,1.0,0.0,3.1137,0.0,0.0,0.0,0.0,3.1137,3.1137,3.1175
1373,0.0,0.0021,0.0021,0.0004,0.0,1.0,0.0,3.6973,0.0,0.0,0.0,0.0,3.6973,3.6973,3.696
1374,0.0,0.0018,0.0018,0.0003,0.0,1.0,0.0,3.1101,0.0,0.0,0.0,0.0,3.1101,3.1101,3.1058
1375,0.0,0.0031,0.0031,0.0006,0.0,1.0,0.0,4.1175,0.0,0.0,0.0,0.0,4.1175,4.1175,4.1128
1376,0.0,0.0022,0.0022,0.0004,0.0,1.0,0.0,3.8992,0.0,0.0,0.0,0.0,3.8992000000000004,3.8992000000000004,3.8995
1377,0.0,0.0022,0.0022,0.0004,0.0,1.0,0.0,3.4499,0.0,0.0,0.0,0.0,3.4499,3.4499,3.4496
1378,0.0,0.0025,0.0025,0.0005,0.0,1.0,0.0,3.8418,0.0,0.0,0.0,0.0,3.8418,3.8418,3.8446
1379,0.0,0.0027,0.0027,0.0005,0.0,1.0,0.0,3.0811,0.0,0.0,0.0,0.0,3.0810999999999997,3.0810999999999997,3.0771
1380,0.0,0.0027,0.0027,0.0005,0.0,1.0,0.0,3.5842,0.0,0.0,0.0,0.0,3.5842,3.5842,3.5806
1381,0.0,0.0029,0.0029,0.0005,0.0,1.0,0.0,3.7749,0.0,0.0,0.0,0.0,3.7749,3.7749,3.7782
1382,0.0,0.0037,0.0037,0.0007,0.0,1.0,0.0,3.9975,0.0,0.0,0.0,0.0,3.9975000000000005,3.9975000000000005,3.9952
1383,0.0,0.0029,0.0029,0.0005,0.0,1.0,0.0,3.7536,0.0,0.0,0.0,0.0,3.7535999999999996,3.7535999999999996,3.7584
1384,0.0,0.0028,0.0028,0.0005,0.0,1.0,0.0,3.7621,0.0,0.0,0.0,0.0,3.7621,3.7621,3.7621
1385,0.0,0.0026,0.0026,0.0005,0.0,1.0,0.0,3.3157,0.0,0.0,0.0,0.0,3.3156999999999996,3.3156999999999996,3.3141
1386,0.0,0.0025,0.0025,0.0004,0.0,1.0,0.0,3.7272,0.0,0.0,0.0,0.0,3.7272,3.7272,3.7228
1387,0.0,0.0023,0.0023,0.0004,0.0,1.0,0.0,3.779,0.0,0.0,0.0,0.0,3.7790000000000004,3.7790000000000004,3.7755
1388,0.0,0.0023,0.0023,0.0004,0.0,1.0,0.0,3.6495,0.0,0.0,0.0,0.0,3.6495,3.6495,3.6503
1389,0.0,0.0022,0.0022,0.0004,0.0,1.0,0.0,3.4633,0.0,0.0,0.0,0.0,3.4633,3.4633,3.4649
1390,0.0,0.0021,0.0021,0.0004,0.0,1.0,0.0,3.5194,0.0,0.0,0.0,0.0,3.5194,3.5194,3.5243
1391,0.0,0.0027,0.0027,0.0005,0.0,1.0,0.0,3.3468,0.0,0.0,0.0,0.0,3.3467999999999996,3.3467999999999996,3.3457
1392,0.0,0.002,0.002,0.0004,0.0,1.0,0.0,3.1284,0.0,0.0,0.0,0.0,3.1284,3.1284,3.1266
1393,0.0,0.0026,0.0026,0.0005,0.0,1.0,0.0,4.1997,0.0,0.0,0.0,0.0,4.1997,4.1997,4.2035
1394,0.0,0.0028,0.0028,0.0005,0.0,1.0,0.0,3.9121,0.0,0.0,0.0,0.0,3.9121,3.9121,3.9081
1395,0.0,0.0027,0.0027,0.0005,0.0,1.0,0.0,3.6569,0.0,0.0,0.0,0.0,3.6569,3.6569,3.6559
1396,0.0,0.0035,0.0035,0.0006,0.0,1.0,0.0,4.0772,0.0,0.0,0.0,0.0,4.0772,4.0772,4.077
1397,0.0,0.0028,0.0028,0.0005,0.0,1.0,0.0,3.7753,0.0,0.0,0.0,0.0,3.7753,3.7753,3.7731
1398,0.0,0.0018,0.0018,0.0003,0.0,1.0,0.0,3.2976,0.0,0.0,0.0,0.0,3.2975999999999996,3.2975999999999996,3.295
1399,0.0,0.0024,0.0024,0.0004,0.0,1.0,0.0,3.1936,0.0,0.0,0.0,0.0,3.1936,3.1936,3.191
1400,0.0,0.0035,0.0035,0.0006,0.0,1.0,0.0,3.7657,0.0,0.0,0.0,0.0,3.7657,3.7657,3.7705
1401,0.0,0.0024,0.0024,0.0004,0.0,1.0,0.0,3.7968,0.0,0.0,0.0,0.0,3.7967999999999997,3.7967999999999997,3.7994
1402,0.0,0.0025,0.0025,0.0005,0.0,1.0,0.0,3.7256,0.0,0.0,0.0,0.0,3.7256,3.7256,3.7246
1403,0.0,0.0035,0.0035,0.0006,0.0,1.0,0.0,3.8854,0.0,0.0,0.0,0.0,3.8854,3.8854,3.8846
1404,0.0,0.0019,0.0019,0.0004,0.0,1.0,0.0,3.2385,0.0,0.0,0.0,0.0,3.2385,3.2385,3.2419
1405,0.0,0.0024,0.0024,0.0004,0.0,1.0,0.0,3.943,0.0,0.0,0.0,0.0,3.943,3.943,3.9449
1406,0.0,0.0027,0.0027,0.0005,0.0,1.0,0.0,3.8775,0.0,0.0,0.0,0.0,3.8775,3.8775,3.8796
1407,0.0,0.0017,0.0017,0.0003,0.0,1.0,0.0,3.2458,0.0,0.0,0.0,0.0,3.2458,3.2458,3.2495
1408,0.0,0.0033,0.0033,0.0006,0.0,1.0,0.0,3.645,0.0,0.0,0.0,0.0,3.6449999999999996,3.6449999999999996,3.6405
1409,0.0,0.0028,0.0028,0.0005,0.0,1.0,0.0,4.0658,0.0,0.0,0.0,0.0,4.065799999999999,4.065799999999999,4.0626
1410,0.0,0.0026,0.0026,0.0005,0.0,1.0,0.0,3.3925,0.0,0.0,0.0,0.0,3.3924999999999996,3.3924999999999996,3.3925
1411,0.0,0.0031,0.0031,0.0005,0.0,1.0,0.0,3.6545,0.0,0.0,0.0,0.0,3.6545,3.6545,3.6501
1412,0.0,0.0029,0.0029,0.0005,0.0,1.0,0.0,3.1488,0.0,0.0,0.0,0.0,3.1488,3.1488,3.1486
1413,0.0,0.0023,0.0023,0.0004,0.0,1.0,0.0,3.405,0.0,0.0,0.0,0.0,3.4050000000000002,3.4050000000000002,3.4068
1414,0.0,0.0032,0.0032,0.0006,0.0,1.0,0.0,4.1695,0.0,0.0,0.0,0.0,4.1695,4.1695,4.1655
1415,0.0,0.0026,0.0026,0.0005,0.0,1.0,0.0,3.7022,0.0,0.0,0.0,0.0,3.7022,3.7022,3.7001
1416,0.0,0.003,0.003,0.0005,0.0,1.0,0.0,3.8035,0.0,0.0,0.0,0.0,3.8034999999999997,3.8034999999999997,3.8011
1417,0.0,0.0024,0.0024,0.0004,0.0,1.0,0.0,3.3361,0.0,0.0,0.0,0.0,3.3361000000000005,3.3361000000000005,3.3335
1418,0.0,0.0022,0.0022,0.0004,0.0,1.0,0.0,3.5751,0.0,0.0,0.0,0.0,3.5751,3.5751,3.5791
1419,0.0,0.0031,0.0031,0.0006,0.0,1.0,0.0,4.1815,0.0,0.0,0.0,0.0,4.1815,4.1815,4.1804
1420,0.0,0.0026,0.0026,0.0005,0.0,1.0,0.0,3.4735,0.0,0.0,0.0,0.0,3.4734999999999996,3.4734999999999996,3.477
1421,0.0,0.0017,0.0017,0.0003,0.0,1.0,0.0,3.6558,0.0,0.0,0.0,0.0,3.6558,3.6558,3.6568
1422,0.0,0.0032,0.0032,0.0006,0.0,1.0,0.0,3.7242,0.0,0.0,0.0,0.0,3.7242,3.7242,3.7276
1423,0.0,0.0021,0.0021,0.0004,0.0,1.0,0.0,3.2066,0.0,0.0,0.0,0.0,3.2065999999999995,3.2065999999999995,3.2108
1424,0.0,0.0028,0.0028,0.0005,0.0,1.0,0.0,3.4778,0.0,0.0,0.0,0.0,3.4778,3.4778,3.4774
1425,0.0,0.0029,0.0029,0.0005,0.0,1.0,0.0,4.0933,0.0,0.0,0.0,0.0,4.0933,4.0933,4.0946
1426,0.0,0.0032,0.0032,0.0006,0.0,1.0,0.0,4.2591,0.0,0.0,0.0,0.0,4.2591,4.2591,4.2547
1427,0.0,0.0022,0.0022,0.0004,0.0,1.0,0.0,3.4754,0.0,0.0,0.0,0.0,3.4754000000000005,3.4754000000000005,3.4729
1428,0.0,0.0027,0.0027,0.0005,0.0,1.0,0.0,3.7893,0.0,0.0,0.0,0.0,3.7893,3.7893,3.7882
1429,0.0,0.0031,0.0031,0.0006,0.0,1.0,0.0,3.8372,0.0,0.0,0.0,0.0,3.8372,3.8372,3.8386
1430,0.0,0.0028,0.0028,0.0005,0.0,1.0,0.0,4.2071,0.0,0.0,0.0,0.0,4.2071,4.2071,4.2092
1431,0.0,0.0023,0.0023,0.0004,0.0,1.0,0.0,3.8284,0.0,0.0,0.0,0.0,3.8284000000000002,3.8284000000000002,3.8245
1432,0.0,0.0028,0.0028,0.0005,0.0,1.0,0.0,3.6226,0.0,0.0,0.0,0.0,3.6226000000000003,3.6226000000000003,3.6187
1433,0.0,0.0026,0.0026,0.0005,0.0,1.0,0.0,4.0011,0.0,0.0,0.0,0.0,4.0011,4.0011,4.0055
1434,0.0,0.0033,0.0033,0.0006,0.0,1.0,0.0,4.0632,0.0,0.0,0.0,0.0,4.0632,4.0632,4.0615
1435,0.0,0.0021,0.0021,0.0004,0.0,1.0,0.0,2.9303,0.0,0.0,0.0,0.0,2.9303,2.9303,2.9261
1436,0.0,0.0017,0.0017,0.0003,0.0,1.0,0.0,3.2786,0.0,0.0,0.0,0.0,3.2786000000000004,3.2786000000000004,3.2801
1437,0.0,0.003,0.003,0.0005,0.0,1.0,0.0,4.269,0.0,0.0,0.0,0.0,4.269,4.269,4.269
1438,0.0,0.0023,0.0023,0.0004,0.0,1.0,0.0,3.2748,0.0,0.0,0.0,0.0,3.2748,3.2748,3.2751
1439,0.0,0.0024,0.0024,0.0004,0.0,1.0,0.0,4.0776,0.0,0.0,0.0,0.0,4.0776,4.0776,4.0779
1440,0.0,0.0036,0.0036,0.0007,0.0,1.0,0.0,3.8747,0.0,0.0,0.0,0.0,3.8747,3.8747,3.8787
1441,0.0,0.0023,0.0023,0.0004,0.0,1.0,0.0,3.6482,0.0,0.0,0.0,0.0,3.6481999999999997,3.6481999999999997,3.645
1442,0.0,0.0024,0.0024,0.0004,0.0,1.0,0.0,3.7249,0.0,0.0,0.0,0.0,3.7249000000000003,3.7249000000000003,3.7287
1443,0.0,0.0024,0.0024,0.0004,0.0,1.0,0.0,3.4152,0.0,0.0,0.0,0.0,3.4152000000000005,3.4152000000000005,3.4197
1444,0.0,0.0033,0.0033,0.0006,0.0,1.0,0.0,3.9243,0.0,0.0,0.0,0.0,3.9242999999999997,3.9242999999999997,3.9282
1445,0.0,0.0028,0.0028,0.0005,0.0,1.0,0.0,4.3215,0.0,0.0,0.0,0.0,4.3215,4.3215,4.3191
1446,0.0,0.0029,0.0029,0.0005,0.0,1.0,0.0,3.306,0.0,0.0,0.0,0.0,3.306,3.306,3.3028
1447,0.0,0.0024,0.0024,0.0004,0.0,1.0,0.0,3.1289,0.0,0.0,0.0,0.0,3.1289000000000002,3.1289000000000002,3.1277
1448,0.0,0.0026,0.0026,0.0005,0.0,1.0,0.0,3.9518,0.0,0.0,0.0,0.0,3.9518000000000004,3.9518000000000004,3.947
1449,0.0,0.0023,0.0023,0.0004,0.0,1.0,0.0,3.7065,0.0,0.0,0.0,0.0,3.7065,3.7065,3.7031
1450,0.0,0.0019,0.0019,0.0003,0.0,1.0,0.0,3.3832,0.0,0.0,0.0,0.0,3.3832,3.3832,3.3849
1451,0.0,0.0031,0.0031,0.0006,0.0,1.0,0.0,3.991,0.0,0.0,0.0,0.0,3.991,3.991,3.992
1452,0.0,0.0025,0.0025,0.0005,0.0,1.0,0.0,3.3715,0.0,0.0,0.0,0.0,3.3715,3.3715,3.3698
1453,0.0,0.0026,0.0026,0.0005,0.0,1.0,0.0,3.6579,0.0,0.0,0.0,0.0,3.6578999999999997,3.6578999999999997,3.6554
1454,0.0,0.0021,0.0021,0.0004,0.0,1.0,0.0,3.4405,0.0,0.0,0.0,0.0,3.4405,3.4405,3.4364
1455,0.0,0.0026,0.0026,0.0005,0.0,1.0,0.0,3.7623,0.0,0.0,0.0,0.0,3.7622999999999998,3.7622999999999998,3.7602
1456,0.0,0.002,0.002,0.0004,0.0,1.0,0.0,3.3507,0.0,0.0,0.0,0.0,3.3507,3.3507,3.3467
1457,0.0,0.002,0.002,0.0004,0.0,1.0,0.0,3.3409,0.0,0.0,0.0,0.0,3.3409,3.3409,3.3449
1458,0.0,0.0023,0.0023,0.0004,0.0,1.0,0.0,3.93,0.0,0.0,0.0,0.0,3.93,3.93,3.926
1459,0.0,0.0024,0.0024,0.0004,0.0,1.0,0.0,3.6215,0.0,0.0,0.0,0.0,3.6214999999999997,3.6214999999999997,3.6224
1460,0.0,0.0025,0.0025,0.0004,0.0,1.0,0.0,3.6587,0.0,0.0,0.0,0.0,3.6587,3.6587,3.6567
1461,0.0,0.0019,0.0019,0.0003,0.0,1.0,0.0,3.3147,0.0,0.0,0.0,0.0,3.3147,3.3147,3.3196
1462,0.0,0.0023,0.0023,0.0004,0.0,1.0,0.0,3.7612,0.0,0.0,0.0,0.0,3.7611999999999997,3.7611999999999997,3.7584
1463,0.0,0.0029,0.0029,0.0005,0.0,1.0,0.0,3.6234,0.0,0.0,0.0,0.0,3.6234,3.6234,3.6268
1464,0.0,0.0034,0.0034,0.0006,0.0,1.0,0.0,4.0377,0.0,0.0,0.0,0.0,4.0377,4.0377,4.033
1465,0.0,0.0026,0.0026,0.0005,0.0,1.0,0.0,3.5616,0.0,0.0,0.0,0.0,3.5616000000000003,3.5616000000000003,3.5587
1466,0.0,0.0026,0.0026,0.0005,0.0,1.0,0.0,3.8618,0.0,0.0,0.0,0.0,3.8618,3.8618,3.8657
1467,0.0,0.0028,0.0028,0.0005,0.0,1.0,0.0,3.3756,0.0,0.0,0.0,0.0,3.3756,3.3756,3.3771
1468,0.0,0.0017,0.0017,0.0003,0.0,1.0,0.0,3.4755,0.0,0.0,0.0,0.0,3.4755,3.4755,3.4715
1469,0.0,0.0026,0.0026,0.0005,0.0,1.0,0.0,3.05,0.0,0.0,0.0,0.0,3.0500000000000003,3.0500000000000003,3.0539
1470,0.0,0.0021,0.0021,0.0004,0.0,1.0,0.0,3.2921,0.0,0.0,0.0,0.0,3.2921000000000005,3.2921000000000005,3.2936
1471,0.0,0.0033,0.0033,0.0006,0.0,1.0,0.0,3.9865,0.0,0.0,0.0,0.0,3.9865,3.9865,3.9863
1472,0.0,0.0025,0.0025,0.0004,0.0,1.0,0.0,3.0155,0.0,0.0,0.0,0.0,3.0155000000000003,3.0155000000000003,3.0173
1473,0.0,0.0027,0.0027,0.0005,0.0,1.0,0.0,3.7081,0.0,0.0,0.0,0.0,3.7081000000000004,3.7081000000000004,3.7103
1474,0.0,0.0021,0.0021,0.0004,0.0,1.0,0.0,3.4061,0.0,0.0,0.0,0.0,3.4061,3.4061,3.4071
1475,0.0,0.0034,0.0034,0.0006,0.0,1.0,0.0,3.8775,0.0,0.0,0.0,0.0,3.8775,3.8775,3.8753
1476,0.0,0.0032,0.0032,0.0006,0.0,1.0,0.0,4.2581,0.0,0.0,0.0,0.0,4.2581,4.2581,4.2564
1477,0.0,0.0027,0.0027,0.0005,0.0,1.0,0.0,3.6147,0.0,0.0,0.0,0.0,3.6146999999999996,3.6146999999999996,3.6173
1478,0.0,0.0024,0.0024,0.0004,0.0,1.0,0.0,3.4273,0.0,0.0,0.0,0.0,3.4273000000000002,3.4273000000000002,3.4247
1479,0.0,0.0024,0.0024,0.0004,0.0,1.0,0.0,4.0752,0.0,0.0,0.0,0.0,4.075200000000001,4.075200000000001,4.0733
1480,0.0,0.0019,0.0019,0.0003,0.0,1.0,0.0,3.3585,0.0,0.0,0.0,0.0,3.3585000000000003,3.3585000000000003,3.3557
1481,0.0,0.0032,0.0032,0.0006,0.0,1.0,0.0,4.4894,0.0,0.0,0.0,0.0,4.4894,4.4894,4.4937
1482,0.0,0.0031,0.0031,0.0006,0.0,1.0,0.0,3.7288,0.0,0.0,0.0,0.0,3.7288,3.7288,3.729
1483,0.0,0.0018,0.0018,0.0003,0.0,1.0,0.0,3.5455,0.0,0.0,0.0,0.0,3.5455,3.5455,3.5441
1484,0.0,0.0019,0.0019,0.0003,0.0,1.0,0.0,3.3315,0.0,0.0,0.0,0.0,3.3315,3.3315,3.3289
1485,0.0,0.0031,0.0031,0.0006,0.0,1.0,0.0,4.3491,0.0,0.0,0.0,0.0,4.3491,4.3491,4.3524
1486,0.0,0.0025,0.0025,0.0005,0.0,1.0,0.0,3.2292,0.0,0.0,0.0,0.0,3.2292,3.2292,3.2253
1487,0.0,0.0029,0.0029,0.0005,0.0,1.0,0.0,4.0186,0.0,0.0,0.0,0.0,4.0186,4.0186,4.0223
1488,0.0,0.0024,0.0024,0.0004,0.0,1.0,0.0,3.1841,0.0,0.0,0.0,0.0,3.1841,3.1841,3.1878
1489,0.0,0.0026,0.0026,0.0005,0.0,1.0,0.0,3.6958,0.0,0.0,0.0,0.0,3.6957999999999998,3.6957999999999998,3.692
1490,0.0,0.0017,0.0017,0.0003,0.0,1.0,0.0,2.8717,0.0,0.0,0.0,0.0,2.8717,2.8717,2.8713
1491,0.0,0.0022,0.0022,0.0004,0.0,1.0,0.0,3.7098,0.0,0.0,0.0,0.0,3.7098000000000004,3.7098000000000004,3.7065
1492,0.0,0.0022,0.0022,0.0004,0.0,1.0,0.0,3.7096,0.0,0.0,0.0,0.0,3.7096,3.7096,3.7089
1493,0.0,0.0026,0.0026,0.0005,0.0,1.0,0.0,4.3429,0.0,0.0,0.0,0.0,4.3429,4.3429,4.3458
1494,0.0,0.0029,0.0029,0.0005,0.0,1.0,0.0,3.543,0.0,0.0,0.0,0.0,3.543,3.543,3.5383
1495,0.0,0.0028,0.0028,0.0005,0.0,1.0,0.0,3.6999,0.0,0.0,0.0,0.0,3.6999000000000004,3.6999000000000004,3.6949
1496,0.0,0.0028,0.0028,0.0005,0.0,1.0,0.0,4.026,0.0,0.0,0.0,0.0,4.026,4.026,4.0215
1497,0.0,0.0021,0.0021,0.0004,0.0,1.0,0.0,3.3176,0.0,0.0,0.0,0.0,3.3175999999999997,3.3175999999999997,3.3127
1498,0.0,0.0019,0.0019,0.0003,0.0,1.0,0.0,3.1941,0.0,0.0,0.0,0.0,3.1941,3.1941,3.1975
1499,0.0,0.0024,0.0024,0.0004,0.0,1.0,0.0,3.8195,0.0,0.0,0.0,0.0,3.8195,3.8195,3.8204
1500,0.0,0.0024,0.0024,0.0004,0.0,1.0,0.0,3.0539,0.0,0.0,0.0,0.0,3.0538999999999996,3.0538999999999996,3.0553
1501,0.0,0.0025,0.0025,0.0005,0.0,1.0,0.0,3.6166,0.0,0.0,0.0,0.0,3.6166,3.6166,3.6131
1502,0.0,0.0031,0.0031,0.0006,0.0,1.0,0.0,4.1729,0.0,0.0,0.0,0.0,4.1729,4.1729,4.1694
1503,0.0,0.002,0.002,0.0004,0.0,1.0,0.0,3.3391,0.0,0.0,0.0,0.0,3.3390999999999997,3.3390999999999997,3.3438
1504,0.0,0.0031,0.0031,0.0005,0.0,1.0,0.0,4.2618,0.0,0.0,0.0,0.0,4.261799999999999,4.261799999999999,4.2651
1505,0.0,0.0022,0.0022,0.0004,0.0,1.0,0.0,3.1944,0.0,0.0,0.0,0.0,3.1944,3.1944,3.192
1506,0.0,0.0029,0.0029,0.0005,0.0,1.0,0.0,4.1818,0.0,0.0,0.0,0.0,4.1818,4.1818,4.178
1507,0.0,0.0019,0.0019,0.0003,0.0,1.0,0.0,3.5837,0.0,0.0,0.0,0.0,3.5837,3.5837,3.5856
1508,0.0,0.0029,0.0029,0.0005,0.0,1.0,0.0,3.5601,0.0,0.0,0.0,0.0,3.5601000000000003,3.5601000000000003,3.5642
1509,0.0,0.0023,0.0023,0.0004,0.0,1.0,0.0,3.9746,0.0,0.0,0.0,0.0,3.9745999999999997,3.9745999999999997,3.9757
1510,0.0,0.003,0.003,0.0005,0.0,1.0,0.0,4.1832,0.0,0.0,0.0,0.0,4.183199999999999,4.183199999999999,4.1843
1511,0.0,0.0027,0.0027,0.0005,0.0,1.0,0.0,3.8829,0.0,0.0,0.0,0.0,3.8829000000000002,3.8829000000000002,3.8871
1512,0.0,0.0033,0.0033,0.0006,0.0,1.0,0.0,3.7262,0.0,0.0,0.0,0.0,3.7261999999999995,3.7261999999999995,3.7296
1513,0.0,0.0028,0.0028,0.0005,0.0,1.0,0.0,3.6452,0.0,0.0,0.0,0.0,3.6452,3.6452,3.6405
1514,0.0,0.003,0.003,0.0005,0.0,1.0,0.0,3.6854,0.0,0.0,0.0,0.0,3.6853999999999996,3.6853999999999996,3.6858
1515,0.0,0.0031,0.0031,0.0006,0.0,1.0,0.0,3.3623,0.0,0.0,0.0,0.0,3.3623,3.3623,3.3649
1516,0.0,0.0031,0.0031,0.0006,0.0,1.0,0.0,4.2753,0.0,0.0,0.0,0.0,4.2753000000000005,4.2753000000000005,4.2732
1517,0.0,0.0019,0.0019,0.0003,0.0,1.0,0.0,3.0746,0.0,0.0,0.0,0.0,3.0746,3.0746,3.0711
1518,0.0,0.0025,0.0025,0.0004,0.0,1.0,0.0,3.6704,0.0,0.0,0.0,0.0,3.6704,3.6704,3.6752
1519,0.0,0.0029,0.0029,0.0005,0.0,1.0,0.0,3.5334,0.0,0.0,0.0,0.0,3.5334,3.5334,3.537
1520,0.0,0.0029,0.0029,0.0005,0.0,1.0,0.0,4.3997,0.0,0.0,0.0,0.0,4.3997,4.3997,4.3956
1521,0.0,0.0027,0.0027,0.0005,0.0,1.0,0.0,3.4503,0.0,0.0,0.0,0.0,3.4503,3.4503,3.4522
1522,0.0,0.0024,0.0024,0.0004,0.0,1.0,0.0,3.6069,0.0,0.0,0.0,0.0,3.6069,3.6069,3.6029
1523,0.0,0.0026,0.0026,0.0005,0.0,1.0,0.0,4.151,0.0,0.0,0.0,0.0,4.151,4.151,4.1508
1524,0.0,0.0027,0.0027,0.0005,0.0,1.0,0.0,3.405,0.0,0.0,0.0,0.0,3.4050000000000002,3.4050000000000002,3.4081
1525,0.0,0.0027,0.0027,0.0005,0.0,1.0,0.0,3.3682,0.0,0.0,0.0,0.0,3.3682000000000003,3.3682000000000003,3.3717
1526,0.0,0.0021,0.0021,0.0004,0.0,1.0,0.0,3.7068,0.0,0.0,0.0,0.0,3.7068000000000003,3.7068000000000003,3.7099
1527,0.0,0.0029,0.0029,0.0005,0.0,1.0,0.0,4.6642,0.0,0.0,0.0,0.0,4.6642,4.6642,4.6655
1528,0.0,0.0029,0.0029,0.0005,0.0,1.0,0.0,4.2441,0.0,0.0,0.0,0.0,4.2441,4.2441,4.2393
1529,0.0,0.0029,0.0029,0.0005,0.0,1.0,0.0,4.0267,0.0,0.0,0.0,0.0,4.0267,4.0267,4.0244
1530,0.0,0.0028,0.0028,0.0005,0.0,1.0,0.0,3.9415,0.0,0.0,0.0,0.0,3.9415,3.9415,3.9408
1531,0.0,0.0019,0.0019,0.0004,0.0,1.0,0.0,3.2059,0.0,0.0,0.0,0.0,3.2058999999999997,3.2058999999999997,3.2079
1532,0.0,0.0028,0.0028,0.0005,0.0,1.0,0.0,3.6672,0.0,0.0,0.0,0.0,3.6672000000000002,3.6672000000000002,3.6676
1533,0.0,0.0026,0.0026,0.0005,0.0,1.0,0.0,3.6975,0.0,0.0,0.0,0.0,3.6975000000000002,3.6975000000000002,3.6945
1534,0.0,0.0027,0.0027,0.0005,0.0,1.0,0.0,3.941,0.0,0.0,0.0,0.0,3.9410000000000003,3.9410000000000003,3.9378
1535,0.0,0.0032,0.0032,0.0006,0.0,1.0,0.0,3.7706,0.0,0.0,0.0,0.0,3.7706,3.7706,3.7686
1536,0.0,0.0033,0.0033,0.0006,0.0,1.0,0.0,4.4412,0.0,0.0,0.0,0.0,4.4412,4.4412,4.4423
1537,0.0,0.0035,0.0035,0.0006,0.0,1.0,0.0,3.8768,0.0,0.0,0.0,0.0,3.8768000000000002,3.8768000000000002,3.8741
1538,0.0,0.0026,0.0026,0.0005,0.0,1.0,0.0,3.8486,0.0,0.0,0.0,0.0,3.8486000000000002,3.8486000000000002,3.8506
1539,0.0,0.0028,0.0028,0.0005,0.0,1.0,0.0,3.7585,0.0,0.0,0.0,0.0,3.7585000000000006,3.7585000000000006,3.7556
1540,0.0,0.0028,0.0028,0.0005,0.0,1.0,0.0,3.5494,0.0,0.0,0.0,0.0,3.5494000000000003,3.5494000000000003,3.5539
1541,0.0,0.0021,0.0021,0.0004,0.0,1.0,0.0,3.7094,0.0,0.0,0.0,0.0,3.7094,3.7094,3.7065
1542,0.0,0.0025,0.0025,0.0005,0.0,1.0,0.0,3.351,0.0,0.0,0.0,0.0,3.351,3.351,3.3545
1543,0.0,0.0018,0.0018,0.0003,0.0,1.0,0.0,3.2943,0.0,0.0,0.0,0.0,3.2943000000000002,3.2943000000000002,3.29
1544,0.0,0.0028,0.0028,0.0005,0.0,1.0,0.0,3.3001,0.0,0.0,0.0,0.0,3.3001,3.3001,3.3044
1545,0.0,0.0022,0.0022,0.0004,0.0,1.0,0.0,3.6997,0.0,0.0,0.0,0.0,3.6997,3.6997,3.6953
1546,0.0,0.0028,0.0028,0.0005,0.0,1.0,0.0,3.7338,0.0,0.0,0.0,0.0,3.7337999999999996,3.7337999999999996,3.7349
1547,0.0,0.0029,0.0029,0.0005,0.0,1.0,0.0,3.7103,0.0,0.0,0.0,0.0,3.7102999999999997,3.7102999999999997,3.7063
1548,0.0,0.0022,0.0022,0.0004,0.0,1.0,0.0,3.2228,0.0,0.0,0.0,0.0,3.2227999999999994,3.2227999999999994,3.2241
1549,0.0,0.0034,0.0034,0.0006,0.0,1.0,0.0,4.1337,0.0,0.0,0.0,0.0,4.133699999999999,4.133699999999999,4.136
1550,0.0,0.0032,0.0032,0.0006,0.0,1.0,0.0,3.919,0.0,0.0,0.0,0.0,3.919,3.919,3.9146
1551,0.0,0.0028,0.0028,0.0005,0.0,1.0,0.0,3.5889,0.0,0.0,0.0,0.0,3.5888999999999998,3.5888999999999998,3.588
1552,0.0,0.0034,0.0034,0.0006,0.0,1.0,0.0,3.6614,0.0,0.0,0.0,0.0,3.6614,3.6614,3.6601
1553,0.0,0.0021,0.0021,0.0004,0.0,1.0,0.0,3.2908,0.0,0.0,0.0,0.0,3.2908,3.2908,3.2886
1554,0.0,0.0019,0.0019,0.0003,0.0,1.0,0.0,3.1726,0.0,0.0,0.0,0.0,3.1726,3.1726,3.1703
1555,0.0,0.0034,0.0034,0.0006,0.0,1.0,0.0,3.9743,0.0,0.0,0.0,0.0,3.9743000000000004,3.9743000000000004,3.9715
1556,0.0,0.002,0.002,0.0004,0.0,1.0,0.0,3.4486,0.0,0.0,0.0,0.0,3.4486,3.4486,3.4438
1557,0.0,0.0031,0.0031,0.0006,0.0,1.0,0.0,3.5071,0.0,0.0,0.0,0.0,3.5071000000000003,3.5071000000000003,3.5052
1558,0.0,0.0019,0.0019,0.0003,0.0,1.0,0.0,3.5005,0.0,0.0,0.0,0.0,3.5005,3.5005,3.5048
1559,0.0,0.003,0.003,0.0005,0.0,1.0,0.0,3.9104,0.0,0.0,0.0,0.0,3.9103999999999997,3.9103999999999997,3.9073
1560,0.0,0.0032,0.0032,0.0006,0.0,1.0,0.0,3.2321,0.0,0.0,0.0,0.0,3.2321,3.2321,3.2335
1561,0.0,0.0026,0.0026,0.0005,0.0,1.0,0.0,3.8421,0.0,0.0,0.0,0.0,3.8421000000000003,3.8421000000000003,3.8376
1562,0.0,0.002,0.002,0.0004,0.0,1.0,0.0,3.4921,0.0,0.0,0.0,0.0,3.4921,3.4921,3.4958
1563,0.0,0.0033,0.0033,0.0006,0.0,1.0,0.0,3.3949,0.0,0.0,0.0,0.0,3.3949000000000003,3.3949000000000003,3.3924
1564,0.0,0.0023,0.0023,0.0004,0.0,1.0,0.0,3.1805,0.0,0.0,0.0,0.0,3.1805,3.1805,3.1776
1565,0.0,0.0031,0.0031,0.0006,0.0,1.0,0.0,3.8395,0.0,0.0,0.0,0.0,3.8395,3.8395,3.8443
1566,0.0,0.0017,0.0017,0.0003,0.0,1.0,0.0,2.9337,0.0,0.0,0.0,0.0,2.9337,2.9337,2.9372
1567,0.0,0.0028,0.0028,0.0005,0.0,1.0,0.0,3.6107,0.0,0.0,0.0,0.0,3.6107000000000005,3.6107000000000005,3.61
1568,0.0,0.0023,0.0023,0.0004,0.0,1.0,0.0,3.2009,0.0,0.0,0.0,0.0,3.2009,3.2009,3.2045
1569,0.0,0.0027,0.0027,0.0005,0.0,1.0,0.0,3.6526,0.0,0.0,0.0,0.0,3.6526,3.6526,3.6565
1570,0.0,0.0026,0.0026,0.0005,0.0,1.0,0.0,3.7544,0.0,0.0,0.0,0.0,3.7543999999999995,3.7543999999999995,3.7547
1571,0.0,0.0034,0.0034,0.0006,0.0,1.0,0.0,3.98,0.0,0.0,0.0,0.0,3.9800000000000004,3.9800000000000004,3.9814
1572,0.0,0.0032,0.0032,0.0006,0.0,1.0,0.0,3.6867,0.0,0.0,0.0,0.0,3.6867,3.6867,3.6846
1573,0.0,0.0022,0.0022,0.0004,0.0,1.0,0.0,3.6129,0.0,0.0,0.0,0.0,3.6129,3.6129,3.61
1574,0.0,0.0033,0.0033,0.0006,0.0,1.0,0.0,4.011,0.0,0.0,0.0,0.0,4.011,4.011,4.0085
1575,0.0,0.0026,0.0026,0.0005,0.0,1.0,0.0,3.7951,0.0,0.0,0.0,0.0,3.7951,3.7951,3.7953
1576,0.0,0.0026,0.0026,0.0005,0.0,1.0,0.0,3.416,0.0,0.0,0.0,0.0,3.416,3.416,3.414
1577,0.0,0.0022,0.0022,0.0004,0.0,1.0,0.0,3.5634,0.0,0.0,0.0,0.0,3.5634,3.5634,3.5598
1578,0.0,0.002,0.002,0.0004,0.0,1.0,0.0,3.4595,0.0,0.0,0.0,0.0,3.4594999999999994,3.4594999999999994,3.4629
1579,0.0,0.0027,0.0027,0.0005,0.0,1.0,0.0,3.6042,0.0,0.0,0.0,0.0,3.6041999999999996,3.6041999999999996,3.6067
1580,0.0,0.0022,0.0022,0.0004,0.0,1.0,0.0,3.6805,0.0,0.0,0.0,0.0,3.6805000000000003,3.6805000000000003,3.6765
1581,0.0,0.0022,0.0022,0.0004,0.0,1.0,0.0,3.3555,0.0,0.0,0.0,0.0,3.3555,3.3555,3.3578
1582,0.0,0.0029,0.0029,0.0005,0.0,1.0,0.0,3.7341,0.0,0.0,0.0,0.0,3.7340999999999998,3.7340999999999998,3.7359
1583,0.0,0.0025,0.0025,0.0004,0.0,1.0,0.0,3.9419,0.0,0.0,0.0,0.0,3.9419000000000004,3.9419000000000004,3.9444
1584,0.0,0.0028,0.0028,0.0005,0.0,1.0,0.0,4.3312,0.0,0.0,0.0,0.0,4.3312,4.3312,4.3343
1585,0.0,0.0024,0.0024,0.0004,0.0,1.0,0.0,3.4135,0.0,0.0,0.0,0.0,3.4135,3.4135,3.4161
1586,0.0,0.0027,0.0027,0.0005,0.0,1.0,0.0,4.2119,0.0,0.0,0.0,0.0,4.2119,4.2119,4.2138
1587,0.0,0.0024,0.0024,0.0004,0.0,1.0,0.0,3.6147,0.0,0.0,0.0,0.0,3.6147,3.6147,3.615
1588,0.0,0.0035,0.0035,0.0006,0.0,1.0,0.0,3.8619,0.0,0.0,0.0,0.0,3.8619,3.8619,3.8622
1589,0.0,0.0026,0.0026,0.0005,0.0,1.0,0.0,3.9315,0.0,0.0,0.0,0.0,3.9315,3.9315,3.9282
1590,0.0,0.0026,0.0026,0.0005,0.0,1.0,0.0,3.6828,0.0,0.0,0.0,0.0,3.6828,3.6828,3.6806
1591,0.0,0.0031,0.0031,0.0006,0.0,1.0,0.0,4.0521,0.0,0.0,0.0,0.0,4.052099999999999,4.052099999999999,4.0509
1592,0.0,0.0021,0.0021,0.0004,0.0,1.0,0.0,2.8768,0.0,0.0,0.0,0.0,2.8768,2.8768,2.8796
1593,0.0,0.0023,0.0023,0.0004,0.0,1.0,0.0,3.6959,0.0,0.0,0.0,0.0,3.6959,3.6959,3.6956
1594,0.0,0.0029,0.0029,0.0005,0.0,1.0,0.0,4.2394,0.0,0.0,0.0,0.0,4.2394,4.2394,4.2407
1595,0.0,0.0027,0.0027,0.0005,0.0,1.0,0.0,3.8216,0.0,0.0,0.0,0.0,3.8216,3.8216,3.8225
1596,0.0,0.0027,0.0027,0.0005,0.0,1.0,0.0,3.8781,0.0,0.0,0.0,0.0,3.8781,3.8781,3.88
1597,0.0,0.0025,0.0025,0.0005,0.0,1.0,0.0,3.6088,0.0,0.0,0.0,0.0,3.6088,3.6088,3.6059
1598,0.0,0.0034,0.0034,0.0006,0.0,1.0,0.0,4.0777,0.0,0.0,0.0,0.0,4.0777,4.0777,4.0822
1599,0.0,0.003,0.003,0.0005,0.0,1.0,0.0,3.891,0.0,0.0,0.0,0.0,3.891,3.891,3.8934
1600,0.0,0.0027,0.0027,0.0005,0.0,1.0,0.0,3.8292,0.0,0.0,0.0,0.0,3.8292,3.8292,3.833
1601,0.0,0.0031,0.0031,0.0006,0.0,1.0,0.0,4.1709,0.0,0.0,0.0,0.0,4.1709,4.1709,4.172
1602,0.0,0.0029,0.0029,0.0005,0.0,1.0,0.0,3.6735,0.0,0.0,0.0,0.0,3.6734999999999998,3.6734999999999998,3.6761
1603,0.0,0.0024,0.0024,0.0004,0.0,1.0,0.0,4.0847,0.0,0.0,0.0,0.0,4.0847,4.0847,4.0838
1604,0.0,0.003,0.003,0.0005,0.0,1.0,0.0,3.7273,0.0,0.0,0.0,0.0,3.7272999999999996,3.7272999999999996,3.7278
1605,0.0,0.0025,0.0025,0.0004,0.0,1.0,0.0,3.602,0.0,0.0,0.0,0.0,3.602,3.602,3.6039
1606,0.0,0.002,0.002,0.0004,0.0,1.0,0.0,3.062,0.0,0.0,0.0,0.0,3.0620000000000003,3.0620000000000003,3.0604
1607,0.0,0.0018,0.0018,0.0003,0.0,1.0,0.0,3.6123,0.0,0.0,0.0,0.0,3.6123,3.6123,3.616
1608,0.0,0.0025,0.0025,0.0005,0.0,1.0,0.0,4.0127,0.0,0.0,0.0,0.0,4.012700000000001,4.012700000000001,4.0134
1609,0.0,0.0031,0.0031,0.0006,0.0,1.0,0.0,3.5816,0.0,0.0,0.0,0.0,3.5816,3.5816,3.5819
1610,0.0,0.0023,0.0023,0.0004,0.0,1.0,0.0,4.1352,0.0,0.0,0.0,0.0,4.1352,4.1352,4.1334
1611,0.0,0.003,0.003,0.0005,0.0,1.0,0.0,3.2397,0.0,0.0,0.0,0.0,3.2396999999999996,3.2396999999999996,3.2417
1612,0.0,0.0025,0.0025,0.0005,0.0,1.0,0.0,4.0879,0.0,0.0,0.0,0.0,4.0879,4.0879,4.0852
1613,0.0,0.0024,0.0024,0.0004,0.0,1.0,0.0,3.4892,0.0,0.0,0.0,0.0,3.4891999999999994,3.4891999999999994,3.4929
1614,0.0,0.0022,0.0022,0.0004,0.0,1.0,0.0,3.0847,0.0,0.0,0.0,0.0,3.0847,3.0847,3.0816
1615,0.0,0.0026,0.0026,0.0005,0.0,1.0,0.0,3.8161,0.0,0.0,0.0,0.0,3.8161,3.8161,3.812
1616,0.0,0.0027,0.0027,0.0005,0.0,1.0,0.0,3.374,0.0,0.0,0.0,0.0,3.3739999999999997,3.3739999999999997,3.3756
1617,0.0,0.0023,0.0023,0.0004,0.0,1.0,0.0,4.2253,0.0,0.0,0.0,0.0,4.225300000000001,4.225300000000001,4.2297
1618,0.0,0.0028,0.0028,0.0005,0.0,1.0,0.0,4.032,0.0,0.0,0.0,0.0,4.032,4.032,4.0299
1619,0.0,0.0029,0.0029,0.0005,0.0,1.0,0.0,4.03,0.0,0.0,0.0,0.0,4.03,4.03,4.0335
1620,0.0,0.0028,0.0028,0.0005,0.0,1.0,0.0,3.7117,0.0,0.0,0.0,0.0,3.7116999999999996,3.7116999999999996,3.7113
1621,0.0,0.0018,0.0018,0.0003,0.0,1.0,0.0,3.2433,0.0,0.0,0.0,0.0,3.2433,3.2433,3.2452
1622,0.0,0.0023,0.0023,0.0004,0.0,1.0,0.0,3.4688,0.0,0.0,0.0,0.0,3.4688,3.4688,3.4671
1623,0.0,0.0024,0.0024,0.0004,0.0,1.0,0.0,3.1835,0.0,0.0,0.0,0.0,3.1835,3.1835,3.1845
1624,0.0,0.0024,0.0024,0.0004,0.0,1.0,0.0,4.3273,0.0,0.0,0.0,0.0,4.327299999999999,4.327299999999999,4.3244
1625,0.0,0.0023,0.0023,0.0004,0.0,1.0,0.0,3.782,0.0,0.0,0.0,0.0,3.782,3.782,3.7855
1626,0.0,0.0027,0.0027,0.0005,0.0,1.0,0.0,3.7494,0.0,0.0,0.0,0.0,3.7493999999999996,3.7493999999999996,3.7512
1627,0.0,0.0027,0.0027,0.0005,0.0,1.0,0.0,3.404,0.0,0.0,0.0,0.0,3.404,3.404,3.4059
1628,0.0,0.003,0.003,0.0005,0.0,1.0,0.0,3.6651,0.0,0.0,0.0,0.0,3.6651000000000002,3.6651000000000002,3.6672
1629,0.0,0.0036,0.0036,0.0006,0.0,1.0,0.0,3.8373,0.0,0.0,0.0,0.0,3.8373,3.8373,3.8382
1630,0.0,0.0025,0.0025,0.0004,0.0,1.0,0.0,3.7988,0.0,0.0,0.0,0.0,3.7988,3.7988,3.7995
1631,0.0,0.0022,0.0022,0.0004,0.0,1.0,0.0,3.3974,0.0,0.0,0.0,0.0,3.3973999999999998,3.3973999999999998,3.3981
1632,0.0,0.0023,0.0023,0.0004,0.0,1.0,0.0,3.6583,0.0,0.0,0.0,0.0,3.6583,3.6583,3.659
1633,0.0,0.0024,0.0024,0.0004,0.0,1.0,0.0,3.6242,0.0,0.0,0.0,0.0,3.6242,3.6242,3.6196
1634,0.0,0.0023,0.0023,0.0004,0.0,1.0,0.0,3.955,0.0,0.0,0.0,0.0,3.955,3.955,3.9554
1635,0.0,0.0031,0.0031,0.0006,0.0,1.0,0.0,3.9591,0.0,0.0,0.0,0.0,3.9591,3.9591,3.9557
1636,0.0,0.0024,0.0024,0.0004,0.0,1.0,0.0,3.6748,0.0,0.0,0.0,0.0,3.6748000000000003,3.6748000000000003,3.6714
1637,0.0,0.0019,0.0019,0.0003,0.0,1.0,0.0,2.9258,0.0,0.0,0.0,0.0,2.9258000000000006,2.9258000000000006,2.9233
1638,0.0,0.0027,0.0027,0.0005,0.0,1.0,0.0,3.9141,0.0,0.0,0.0,0.0,3.9141,3.9141,3.9102
1639,0.0,0.0029,0.0029,0.0005,0.0,1.0,0.0,3.8539,0.0,0.0,0.0,0.0,3.8539,3.8539,3.8504
1640,0.0,0.0025,0.0025,0.0004,0.0,1.0,0.0,3.8066,0.0,0.0,0.0,0.0,3.8066,3.8066,3.8055
1641,0.0,0.0033,0.0033,0.0006,0.0,1.0,0.0,3.633,0.0,0.0,0.0,0.0,3.633,3.633,3.6302
1642,0.0,0.0025,0.0025,0.0005,0.0,1.0,0.0,3.4703,0.0,0.0,0.0,0.0,3.4703,3.4703,3.4689
1643,0.0,0.0027,0.0027,0.0005,0.0,1.0,0.0,3.3947,0.0,0.0,0.0,0.0,3.3947000000000003,3.3947000000000003,3.3965
1644,0.0,0.0033,0.0033,0.0006,0.0,1.0,0.0,3.5213,0.0,0.0,0.0,0.0,3.5213,3.5213,3.5213
1645,0.0,0.0024,0.0024,0.0004,0.0,1.0,0.0,3.6988,0.0,0.0,0.0,0.0,3.6988,3.6988,3.6953
1646,0.0,0.0021,0.0021,0.0004,0.0,1.0,0.0,3.6369,0.0,0.0,0.0,0.0,3.6369,3.6369,3.6415
1647,0.0,0.0025,0.0025,0.0004,0.0,1.0,0.0,3.9489,0.0,0.0,0.0,0.0,3.9489,3.9489,3.9495
1648,0.0,0.0028,0.0028,0.0005,0.0,1.0,0.0,3.8568,0.0,0.0,0.0,0.0,3.8568000000000002,3.8568000000000002,3.8589
1649,0.0,0.0022,0.0022,0.0004,0.0,1.0,0.0,3.5992,0.0,0.0,0.0,0.0,3.5992,3.5992,3.5976
1650,0.0,0.0031,0.0031,0.0006,0.0,1.0,0.0,3.7751,0.0,0.0,0.0,0.0,3.7750999999999997,3.7750999999999997,3.774
1651,0.0,0.0026,0.0026,0.0005,0.0,1.0,0.0,2.9907,0.0,0.0,0.0,0.0,2.9907000000000004,2.9907000000000004,2.9865
1652,0.0,0.0024,0.0024,0.0004,0.0,1.0,0.0,3.4507,0.0,0.0,0.0,0.0,3.4507,3.4507,3.4476
1653,0.0,0.0027,0.0027,0.0005,0.0,1.0,0.0,4.0641,0.0,0.0,0.0,0.0,4.0641,4.0641,4.0677
1654,0.0,0.0026,0.0026,0.0005,0.0,1.0,0.0,3.7317,0.0,0.0,0.0,0.0,3.7317,3.7317,3.7345
1655,0.0,0.0041,0.0041,0.0007,0.0,1.0,0.0,4.503,0.0,0.0,0.0,0.0,4.503,4.503,4.5074
1656,0.0,0.0027,0.0027,0.0005,0.0,1.0,0.0,3.3542,0.0,0.0,0.0,0.0,3.3541999999999996,3.3541999999999996,3.3517
1657,0.0,0.0022,0.0022,0.0004,0.0,1.0,0.0,3.1954,0.0,0.0,0.0,0.0,3.1954,3.1954,3.1908
1658,0.0,0.0031,0.0031,0.0006,0.0,1.0,0.0,4.5214,0.0,0.0,0.0,0.0,4.5214,4.5214,4.5236
1659,0.0,0.0025,0.0025,0.0005,0.0,1.0,0.0,3.1229,0.0,0.0,0.0,0.0,3.1229,3.1229,3.119
1660,0.0,0.0027,0.0027,0.0005,0.0,1.0,0.0,3.8807,0.0,0.0,0.0,0.0,3.8806999999999996,3.8806999999999996,3.8827
1661,0.0,0.003,0.003,0.0005,0.0,1.0,0.0,3.9361,0.0,0.0,0.0,0.0,3.9361,3.9361,3.932
1662,0.0,0.0021,0.0021,0.0004,0.0,1.0,0.0,3.8255,0.0,0.0,0.0,0.0,3.8255,3.8255,3.8301
1663,0.0,0.0021,0.0021,0.0004,0.0,1.0,0.0,3.3443,0.0,0.0,0.0,0.0,3.3442999999999996,3.3442999999999996,3.3442
1664,0.0,0.0026,0.0026,0.0005,0.0,1.0,0.0,3.8242,0.0,0.0,0.0,0.0,3.8242,3.8242,3.8238
1665,0.0,0.0022,0.0022,0.0004,0.0,1.0,0.0,3.8218,0.0,0.0,0.0,0.0,3.8218,3.8218,3.826
1666,0.0,0.003,0.003,0.0005,0.0,1.0,0.0,3.6258,0.0,0.0,0.0,0.0,3.6258,3.6258,3.6272
1667,0.0,0.0019,0.0019,0.0003,0.0,1.0,0.0,3.5673,0.0,0.0,0.0,0.0,3.5673000000000004,3.5673000000000004,3.5669
1668,0.0,0.0036,0.0036,0.0007,0.0,1.0,0.0,4.1725,0.0,0.0,0.0,0.0,4.1725,4.1725,4.175
1669,0.0,0.0023,0.0023,0.0004,0.0,1.0,0.0,3.41,0.0,0.0,0.0,0.0,3.4099999999999997,3.4099999999999997,3.4054
1670,0.0,0.0024,0.0024,0.0004,0.0,1.0,0.0,3.3733,0.0,0.0,0.0,0.0,3.3733000000000004,3.3733000000000004,3.3748
1671,0.0,0.0023,0.0023,0.0004,0.0,1.0,0.0,3.568,0.0,0.0,0.0,0.0,3.5680000000000005,3.5680000000000005,3.5691
1672,0.0,0.0028,0.0028,0.0005,0.0,1.0,0.0,4.421,0.0,0.0,0.0,0.0,4.421,4.421,4.4181
1673,0.0,0.0026,0.0026,0.0005,0.0,1.0,0.0,4.0381,0.0,0.0,0.0,0.0,4.0381,4.0381,4.0342
1674,0.0,0.0024,0.0024,0.0004,0.0,1.0,0.0,3.5589,0.0,0.0,0.0,0.0,3.5589,3.5589,3.5595
1675,0.0,0.0029,0.0029,0.0005,0.0,1.0,0.0,3.9346,0.0,0.0,0.0,0.0,3.9346,3.9346,3.9364
1676,0.0,0.0025,0.0025,0.0004,0.0,1.0,0.0,3.8308,0.0,0.0,0.0,0.0,3.8308,3.8308,3.8324
1677,0.0,0.0032,0.0032,0.0006,0.0,1.0,0.0,4.1253,0.0,0.0,0.0,0.0,4.1253,4.1253,4.122
1678,0.0,0.0031,0.0031,0.0006,0.0,1.0,0.0,4.1981,0.0,0.0,0.0,0.0,4.1981,4.1981,4.1961
1679,0.0,0.0023,0.0023,0.0004,0.0,1.0,0.0,3.4227,0.0,0.0,0.0,0.0,3.4227,3.4227,3.4271
1680,0.0,0.0035,0.0035,0.0006,0.0,1.0,0.0,4.113,0.0,0.0,0.0,0.0,4.1129999999999995,4.1129999999999995,4.1103
1681,0.0,0.003,0.003,0.0005,0.0,1.0,0.0,3.6221,0.0,0.0,0.0,0.0,3.6221,3.6221,3.6181
1682,0.0,0.0022,0.0022,0.0004,0.0,1.0,0.0,3.8035,0.0,0.0,0.0,0.0,3.8035,3.8035,3.803
1683,0.0,0.0023,0.0023,0.0004,0.0,1.0,0.0,3.7878,0.0,0.0,0.0,0.0,3.7878,3.7878,3.7878
1684,0.0,0.0034,0.0034,0.0006,0.0,1.0,0.0,3.6026,0.0,0.0,0.0,0.0,3.6026,3.6026,3.5986
1685,0.0,0.0019,0.0019,0.0003,0.0,1.0,0.0,3.5364,0.0,0.0,0.0,0.0,3.5364,3.5364,3.534
1686,0.0,0.0029,0.0029,0.0005,0.0,1.0,0.0,3.8388,0.0,0.0,0.0,0.0,3.8388,3.8388,3.8368
1687,0.0,0.0022,0.0022,0.0004,0.0,1.0,0.0,3.6569,0.0,0.0,0.0,0.0,3.6569,3.6569,3.6551
1688,0.0,0.003,0.003,0.0005,0.0,1.0,0.0,4.1455,0.0,0.0,0.0,0.0,4.1455,4.1455,4.1446
1689,0.0,0.0024,0.0024,0.0004,0.0,1.0,0.0,3.8035,0.0,0.0,0.0,0.0,3.8035,3.8035,3.803
1690,0.0,0.0036,0.0036,0.0007,0.0,1.0,0.0,3.761,0.0,0.0,0.0,0.0,3.7609999999999997,3.7609999999999997,3.761
1691,0.0,0.0031,0.0031,0.0006,0.0,1.0,0.0,3.3591,0.0,0.0,0.0,0.0,3.3591,3.3591,3.3575
1692,0.0,0.0023,0.0023,0.0004,0.0,1.0,0.0,3.4203,0.0,0.0,0.0,0.0,3.4202999999999997,3.4202999999999997,3.4239
1693,0.0,0.0028,0.0028,0.0005,0.0,1.0,0.0,3.5579,0.0,0.0,0.0,0.0,3.5579,3.5579,3.5596
1694,0.0,0.0022,0.0022,0.0004,0.0,1.0,0.0,3.386,0.0,0.0,0.0,0.0,3.3859999999999997,3.3859999999999997,3.3861
1695,0.0,0.0026,0.0026,0.0005,0.0,1.0,0.0,3.6707,0.0,0.0,0.0,0.0,3.6707,3.6707,3.6666
1696,0.0,0.0016,0.0016,0.0003,0.0,1.0,0.0,2.9793,0.0,0.0,0.0,0.0,2.9793,2.9793,2.9822
1697,0.0,0.002,0.002,0.0004,0.0,1.0,0.0,3.4216,0.0,0.0,0.0,0.0,3.4216,3.4216,3.4245
1698,0.0,0.0025,0.0025,0.0005,0.0,1.0,0.0,4.0205,0.0,0.0,0.0,0.0,4.0205,4.0205,4.017
1699,0.0,0.0032,0.0032,0.0006,0.0,1.0,0.0,3.7364,0.0,0.0,0.0,0.0,3.7364,3.7364,3.7315
1700,0.0,0.0028,0.0028,0.0005,0.0,1.0,0.0,3.302,0.0,0.0,0.0,0.0,3.302,3.302,3.2982
1701,0.0,0.0026,0.0026,0.0005,0.0,1.0,0.0,3.237,0.0,0.0,0.0,0.0,3.237,3.237,3.2389
1702,0.0,0.0029,0.0029,0.0005,0.0,1.0,0.0,3.8367,0.0,0.0,0.0,0.0,3.8367,3.8367,3.833
1703,0.0,0.0026,0.0026,0.0005,0.0,1.0,0.0,3.9892,0.0,0.0,0.0,0.0,3.9891999999999994,3.9891999999999994,3.993
1704,0.0,0.0023,0.0023,0.0004,0.0,1.0,0.0,3.6125,0.0,0.0,0.0,0.0,3.6125,3.6125,3.6141
1705,0.0,0.0022,0.0022,0.0004,0.0,1.0,0.0,3.348,0.0,0.0,0.0,0.0,3.3480000000000003,3.3480000000000003,3.3516
1706,0.0,0.0026,0.0026,0.0005,0.0,1.0,0.0,4.2139,0.0,0.0,0.0,0.0,4.213900000000001,4.213900000000001,4.2104
1707,0.0,0.0028,0.0028,0.0005,0.0,1.0,0.0,3.3912,0.0,0.0,0.0,0.0,3.3911999999999995,3.3911999999999995,3.3919
1708,0.0,0.0025,0.0025,0.0005,0.0,1.0,0.0,3.401,0.0,0.0,0.0,0.0,3.401,3.401,3.4046
1709,0.0,0.0028,0.0028,0.0005,0.0,1.0,0.0,4.0394,0.0,0.0,0.0,0.0,4.0394,4.0394,4.0401
1710,0.0,0.0026,0.0026,0.0005,0.0,1.0,0.0,3.3804,0.0,0.0,0.0,0.0,3.3804,3.3804,3.3844
1711,0.0,0.0032,0.0032,0.0006,0.0,1.0,0.0,4.065,0.0,0.0,0.0,0.0,4.0649999999999995,4.0649999999999995,4.0678
1712,0.0,0.0028,0.0028,0.0005,0.0,1.0,0.0,3.7385,0.0,0.0,0.0,0.0,3.7385,3.7385,3.734
1713,0.0,0.003,0.003,0.0005,0.0,1.0,0.0,3.985,0.0,0.0,0.0,0.0,3.9850000000000003,3.9850000000000003,3.9807
1714,0.0,0.0022,0.0022,0.0004,0.0,1.0,0.0,3.9301,0.0,0.0,0.0,0.0,3.9301000000000004,3.9301000000000004,3.9275
1715,0.0,0.0022,0.0022,0.0004,0.0,1.0,0.0,3.2763,0.0,0.0,0.0,0.0,3.2763000000000004,3.2763000000000004,3.2773
1716,0.0,0.0026,0.0026,0.0005,0.0,1.0,0.0,3.9227,0.0,0.0,0.0,0.0,3.9227,3.9227,3.9245
1717,0.0,0.0026,0.0026,0.0005,0.0,1.0,0.0,3.7263,0.0,0.0,0.0,0.0,3.7263,3.7263,3.7218
1718,0.0,0.0026,0.0026,0.0005,0.0,1.0,0.0,3.6276,0.0,0.0,0.0,0.0,3.6275999999999997,3.6275999999999997,3.6326
1719,0.0,0.0036,0.0036,0.0006,0.0,1.0,0.0,3.6537,0.0,0.0,0.0,0.0,3.6537,3.6537,3.6551
1720,0.0,0.0036,0.0036,0.0006,0.0,1.0,0.0,3.9871,0.0,0.0,0.0,0.0,3.9871000000000003,3.9871000000000003,3.9837
1721,0.0,0.0022,0.0022,0.0004,0.0,1.0,0.0,3.8997,0.0,0.0,0.0,0.0,3.8997,3.8997,3.8948
1722,0.0,0.0029,0.0029,0.0005,0.0,1.0,0.0,4.3007,0.0,0.0,0.0,0.0,4.3007,4.3007,4.2987
1723,0.0,0.0025,0.0025,0.0005,0.0,1.0,0.0,3.2776,0.0,0.0,0.0,0.0,3.2776,3.2776,3.2782
1724,0.0,0.0022,0.0022,0.0004,0.0,1.0,0.0,2.6351,0.0,0.0,0.0,0.0,2.6351,2.6351,2.6383
1725,0.0,0.0028,0.0028,0.0005,0.0,1.0,0.0,3.6298,0.0,0.0,0.0,0.0,3.6298,3.6298,3.631
1726,0.0,0.0023,0.0023,0.0004,0.0,1.0,0.0,3.4592,0.0,0.0,0.0,0.0,3.4592,3.4592,3.4565
1727,0.0,0.0018,0.0018,0.0003,0.0,1.0,0.0,3.6224,0.0,0.0,0.0,0.0,3.6224000000000003,3.6224000000000003,3.6177
1728,0.0,0.0021,0.0021,0.0004,0.0,1.0,0.0,3.6482,0.0,0.0,0.0,0.0,3.6482,3.6482,3.646
1729,0.0,0.0022,0.0022,0.0004,0.0,1.0,0.0,3.51,0.0,0.0,0.0,0.0,3.51,3.51,3.5109
1730,0.0,0.0033,0.0033,0.0006,0.0,1.0,0.0,3.3948,0.0,0.0,0.0,0.0,3.3948000000000005,3.3948000000000005,3.3989
1731,0.0,0.003,0.003,0.0005,0.0,1.0,0.0,3.7808,0.0,0.0,0.0,0.0,3.7808,3.7808,3.7847
1732,0.0,0.0028,0.0028,0.0005,0.0,1.0,0.0,3.6972,0.0,0.0,0.0,0.0,3.6971999999999996,3.6971999999999996,3.6927
1733,0.0,0.0025,0.0025,0.0005,0.0,1.0,0.0,3.6672,0.0,0.0,0.0,0.0,3.6671999999999993,3.6671999999999993,3.6642
1734,0.0,0.0023,0.0023,0.0004,0.0,1.0,0.0,3.293,0.0,0.0,0.0,0.0,3.293,3.293,3.2916
1735,0.0,0.0028,0.0028,0.0005,0.0,1.0,0.0,3.9943,0.0,0.0,0.0,0.0,3.9943,3.9943,3.9981
1736,0.0,0.003,0.003,0.0005,0.0,1.0,0.0,3.9719,0.0,0.0,0.0,0.0,3.9718999999999998,3.9718999999999998,3.9729
1737,0.0,0.0025,0.0025,0.0005,0.0,1.0,0.0,3.3519,0.0,0.0,0.0,0.0,3.3519,3.3519,3.3541
1738,0.0,0.002,0.002,0.0004,0.0,1.0,0.0,3.4365,0.0,0.0,0.0,0.0,3.4364999999999997,3.4364999999999997,3.4374
1739,0.0,0.0026,0.0026,0.0005,0.0,1.0,0.0,2.9804,0.0,0.0,0.0,0.0,2.9804,2.9804,2.979
1740,0.0,0.0026,0.0026,0.0005,0.0,1.0,0.0,3.6789,0.0,0.0,0.0,0.0,3.6789,3.6789,3.6749
1741,0.0,0.0026,0.0026,0.0005,0.0,1.0,0.0,3.7717,0.0,0.0,0.0,0.0,3.7717,3.7717,3.7691
1742,0.0,0.0026,0.0026,0.0005,0.0,1.0,0.0,3.695,0.0,0.0,0.0,0.0,3.695,3.695,3.697
1743,0.0,0.0027,0.0027,0.0005,0.0,1.0,0.0,3.4441,0.0,0.0,0.0,0.0,3.4441,3.4441,3.4457
1744,0.0,0.0032,0.0032,0.0006,0.0,1.0,0.0,3.6782,0.0,0.0,0.0,0.0,3.6782000000000004,3.6782000000000004,3.6768
1745,0.0,0.002,0.002,0.0004,0.0,1.0,0.0,3.1775,0.0,0.0,0.0,0.0,3.1774999999999998,3.1774999999999998,3.1734
1746,0.0,0.0023,0.0023,0.0004,0.0,1.0,0.0,3.6377,0.0,0.0,0.0,0.0,3.6376999999999997,3.6376999999999997,3.6353
1747,0.0,0.0017,0.0017,0.0003,0.0,1.0,0.0,3.1685,0.0,0.0,0.0,0.0,3.1685000000000003,3.1685000000000003,3.1684
1748,0.0,0.0033,0.0033,0.0006,0.0,1.0,0.0,3.8918,0.0,0.0,0.0,0.0,3.8918,3.8918,3.89
1749,0.0,0.0021,0.0021,0.0004,0.0,1.0,0.0,3.7188,0.0,0.0,0.0,0.0,3.7188,3.7188,3.7157
1750,0.0,0.0019,0.0019,0.0003,0.0,1.0,0.0,3.6214,0.0,0.0,0.0,0.0,3.6214,3.6214,3.6184
1751,0.0,0.0023,0.0023,0.0004,0.0,1.0,0.0,3.1689,0.0,0.0,0.0,0.0,3.1689000000000003,3.1689000000000003,3.1672
1752,0.0,0.0027,0.0027,0.0005,0.0,1.0,0.0,3.7355,0.0,0.0,0.0,0.0,3.7354999999999996,3.7354999999999996,3.7326
1753,0.0,0.002,0.002,0.0004,0.0,1.0,0.0,3.8006,0.0,0.0,0.0,0.0,3.8006,3.8006,3.8001
1754,0.0,0.0024,0.0024,0.0004,0.0,1.0,0.0,3.9185,0.0,0.0,0.0,0.0,3.9185,3.9185,3.9188
1755,0.0,0.0038,0.0038,0.0007,0.0,1.0,0.0,3.5671,0.0,0.0,0.0,0.0,3.5671,3.5671,3.5707
1756,0.0,0.0029,0.0029,0.0005,0.0,1.0,0.0,3.6657,0.0,0.0,0.0,0.0,3.6657,3.6657,3.6644
1757,0.0,0.002,0.002,0.0004,0.0,1.0,0.0,3.6105,0.0,0.0,0.0,0.0,3.6105,3.6105,3.6103
1758,0.0,0.0019,0.0019,0.0003,0.0,1.0,0.0,3.3449,0.0,0.0,0.0,0.0,3.3449000000000004,3.3449000000000004,3.3411
1759,0.0,0.0026,0.0026,0.0005,0.0,1.0,0.0,3.5885,0.0,0.0,0.0,0.0,3.5885,3.5885,3.5861
1760,0.0,0.0026,0.0026,0.0005,0.0,1.0,0.0,3.6715,0.0,0.0,0.0,0.0,3.6715,3.6715,3.6703
1761,0.0,0.0021,0.0021,0.0004,0.0,1.0,0.0,3.8978,0.0,0.0,0.0,0.0,3.8978,3.8978,3.8962
1762,0.0,0.0022,0.0022,0.0004,0.0,1.0,0.0,3.2514,0.0,0.0,0.0,0.0,3.2513999999999994,3.2513999999999994,3.2465
1763,0.0,0.0023,0.0023,0.0004,0.0,1.0,0.0,3.1805,0.0,0.0,0.0,0.0,3.1805,3.1805,3.1803
1764,0.0,0.0025,0.0025,0.0005,0.0,1.0,0.0,3.6644,0.0,0.0,0.0,0.0,3.6643999999999997,3.6643999999999997,3.6595
1765,0.0,0.0035,0.0035,0.0006,0.0,1.0,0.0,3.6798,0.0,0.0,0.0,0.0,3.6798,3.6798,3.6762
1766,0.0,0.0026,0.0026,0.0005,0.0,1.0,0.0,3.9249,0.0,0.0,0.0,0.0,3.9249,3.9249,3.9253
1767,0.0,0.0019,0.0019,0.0003,0.0,1.0,0.0,3.3627,0.0,0.0,0.0,0.0,3.3627000000000002,3.3627000000000002,3.3637
1768,0.0,0.003,0.003,0.0005,0.0,1.0,0.0,3.7168,0.0,0.0,0.0,0.0,3.7168,3.7168,3.7212
1769,0.0,0.0028,0.0028,0.0005,0.0,1.0,0.0,3.854,0.0,0.0,0.0,0.0,3.854,3.854,3.8578
1770,0.0,0.0032,0.0032,0.0006,0.0,1.0,0.0,3.9477,0.0,0.0,0.0,0.0,3.9477,3.9477,3.9439
1771,0.0,0.0032,0.0032,0.0006,0.0,1.0,0.0,3.9614,0.0,0.0,0.0,0.0,3.9614,3.9614,3.9566
1772,0.0,0.0019,0.0019,0.0003,0.0,1.0,0.0,3.4996,0.0,0.0,0.0,0.0,3.4996,3.4996,3.4978
1773,0.0,0.0024,0.0024,0.0004,0.0,1.0,0.0,3.7973,0.0,0.0,0.0,0.0,3.7973,3.7973,3.7992
1774,0.0,0.003,0.003,0.0005,0.0,1.0,0.0,3.813,0.0,0.0,0.0,0.0,3.8129999999999997,3.8129999999999997,3.8118
1775,0.0,0.0028,0.0028,0.0005,0.0,1.0,0.0,4.0658,0.0,0.0,0.0,0.0,4.0658,4.0658,4.0646
1776,0.0,0.0027,0.0027,0.0005,0.0,1.0,0.0,4.6897,0.0,0.0,0.0,0.0,4.6897,4.6897,4.6911
1777,0.0,0.0037,0.0037,0.0007,0.0,1.0,0.0,3.6937,0.0,0.0,0.0,0.0,3.6937,3.6937,3.6901
1778,0.0,0.0024,0.0024,0.0004,0.0,1.0,0.0,3.9384,0.0,0.0,0.0,0.0,3.9384,3.9384,3.9424
1779,0.0,0.0027,0.0027,0.0005,0.0,1.0,0.0,4.5047,0.0,0.0,0.0,0.0,4.5047,4.5047,4.5061
1780,0.0,0.0022,0.0022,0.0004,0.0,1.0,0.0,3.6683,0.0,0.0,0.0,0.0,3.6683,3.6683,3.6715
1781,0.0,0.0023,0.0023,0.0004,0.0,1.0,0.0,3.1452,0.0,0.0,0.0,0.0,3.1452,3.1452,3.1477
1782,0.0,0.0034,0.0034,0.0006,0.0,1.0,0.0,4.0832,0.0,0.0,0.0,0.0,4.0832,4.0832,4.0785
1783,0.0,0.0025,0.0025,0.0005,0.0,1.0,0.0,4.2701,0.0,0.0,0.0,0.0,4.2701,4.2701,4.2653
1784,0.0,0.0023,0.0023,0.0004,0.0,1.0,0.0,3.8565,0.0,0.0,0.0,0.0,3.8564999999999996,3.8564999999999996,3.8568
1785,0.0,0.0029,0.0029,0.0005,0.0,1.0,0.0,3.8238,0.0,0.0,0.0,0.0,3.8238,3.8238,3.8252
1786,0.0,0.0033,0.0033,0.0006,0.0,1.0,0.0,3.9172,0.0,0.0,0.0,0.0,3.9172,3.9172,3.9134
1787,0.0,0.003,0.003,0.0005,0.0,1.0,0.0,3.8634,0.0,0.0,0.0,0.0,3.8634000000000004,3.8634000000000004,3.8594
1788,0.0,0.0022,0.0022,0.0004,0.0,1.0,0.0,3.2987,0.0,0.0,0.0,0.0,3.2987,3.2987,3.3023
1789,0.0,0.0021,0.0021,0.0004,0.0,1.0,0.0,3.4493,0.0,0.0,0.0,0.0,3.4493,3.4493,3.453
1790,0.0,0.0021,0.0021,0.0004,0.0,1.0,0.0,3.523,0.0,0.0,0.0,0.0,3.5229999999999997,3.5229999999999997,3.5241
1791,0.0,0.0032,0.0032,0.0006,0.0,1.0,0.0,3.9157,0.0,0.0,0.0,0.0,3.9157,3.9157,3.9187
1792,0.0,0.0024,0.0024,0.0004,0.0,1.0,0.0,3.6017,0.0,0.0,0.0,0.0,3.6017,3.6017,3.6021
1793,0.0,0.0029,0.0029,0.0005,0.0,1.0,0.0,4.1196,0.0,0.0,0.0,0.0,4.1196,4.1196,4.1201
1794,0.0,0.0027,0.0027,0.0005,0.0,1.0,0.0,3.8216,0.0,0.0,0.0,0.0,3.8216,3.8216,3.8195
1795,0.0,0.0031,0.0031,0.0006,0.0,1.0,0.0,3.7797,0.0,0.0,0.0,0.0,3.7797000000000005,3.7797000000000005,3.7757
1796,0.0,0.0024,0.0024,0.0004,0.0,1.0,0.0,3.7557,0.0,0.0,0.0,0.0,3.7557,3.7557,3.757
1797,0.0,0.0031,0.0031,0.0006,0.0,1.0,0.0,4.2007,0.0,0.0,0.0,0.0,4.200699999999999,4.200699999999999,4.2044
1798,0.0,0.0032,0.0032,0.0006,0.0,1.0,0.0,4.1615,0.0,0.0,0.0,0.0,4.1615,4.1615,4.1608
1799,0.0,0.0031,0.0031,0.0006,0.0,1.0,0.0,3.9653,0.0,0.0,0.0,0.0,3.9653000000000005,3.9653000000000005,3.9613
1800,0.0,0.0023,0.0023,0.0004,0.0,1.0,0.0,3.1767,0.0,0.0,0.0,0.0,3.1767,3.1767,3.1793
1801,0.0,0.0029,0.0029,0.0005,0.0,1.0,0.0,3.7603,0.0,0.0,0.0,0.0,3.7603,3.7603,3.761
1802,0.0,0.0026,0.0026,0.0005,0.0,1.0,0.0,4.104,0.0,0.0,0.0,0.0,4.104,4.104,4.1084
1803,0.0,0.0031,0.0031,0.0006,0.0,1.0,0.0,4.348,0.0,0.0,0.0,0.0,4.348,4.348,4.3442
1804,0.0,0.0022,0.0022,0.0004,0.0,1.0,0.0,3.7267,0.0,0.0,0.0,0.0,3.7267,3.7267,3.7311
1805,0.0,0.0024,0.0024,0.0004,0.0,1.0,0.0,3.308,0.0,0.0,0.0,0.0,3.308,3.308,3.3117
1806,0.0,0.0034,0.0034,0.0006,0.0,1.0,0.0,4.1913,0.0,0.0,0.0,0.0,4.1913,4.1913,4.1928
1807,0.0,0.0021,0.0021,0.0004,0.0,1.0,0.0,3.8533,0.0,0.0,0.0,0.0,3.8533,3.8533,3.8527
1808,0.0,0.0024,0.0024,0.0004,0.0,1.0,0.0,3.2512,0.0,0.0,0.0,0.0,3.2512000000000003,3.2512000000000003,3.2549
1809,0.0,0.0025,0.0025,0.0005,0.0,1.0,0.0,3.6486,0.0,0.0,0.0,0.0,3.6486,3.6486,3.649
1810,0.0,0.0032,0.0032,0.0006,0.0,1.0,0.0,3.8519,0.0,0.0,0.0,0.0,3.8518999999999997,3.8518999999999997,3.8501
1811,0.0,0.0024,0.0024,0.0004,0.0,1.0,0.0,3.9732,0.0,0.0,0.0,0.0,3.9732000000000003,3.9732000000000003,3.972
1812,0.0,0.0023,0.0023,0.0004,0.0,1.0,0.0,3.6348,0.0,0.0,0.0,0.0,3.6348000000000003,3.6348000000000003,3.631
1813,0.0,0.0026,0.0026,0.0005,0.0,1.0,0.0,3.6002,0.0,0.0,0.0,0.0,3.6002,3.6002,3.6041
1814,0.0,0.0032,0.0032,0.0006,0.0,1.0,0.0,4.084,0.0,0.0,0.0,0.0,4.084,4.084,4.0847
1815,0.0,0.0019,0.0019,0.0003,0.0,1.0,0.0,2.9597,0.0,0.0,0.0,0.0,2.9596999999999998,2.9596999999999998,2.9619
1816,0.0,0.0035,0.0035,0.0006,0.0,1.0,0.0,4.5415,0.0,0.0,0.0,0.0,4.5415,4.5415,4.545
1817,0.0,0.0031,0.0031,0.0006,0.0,1.0,0.0,4.2519,0.0,0.0,0.0,0.0,4.2519,4.2519,4.2565
1818,0.0,0.0027,0.0027,0.0005,0.0,1.0,0.0,4.3464,0.0,0.0,0.0,0.0,4.3464,4.3464,4.3436
1819,0.0,0.003,0.003,0.0005,0.0,1.0,0.0,3.6305,0.0,0.0,0.0,0.0,3.6304999999999996,3.6304999999999996,3.6343
1820,0.0,0.0027,0.0027,0.0005,0.0,1.0,0.0,3.3906,0.0,0.0,0.0,0.0,3.3906,3.3906,3.3897
1821,0.0,0.0021,0.0021,0.0004,0.0,1.0,0.0,3.238,0.0,0.0,0.0,0.0,3.238,3.238,3.2376
1822,0.0,0.0027,0.0027,0.0005,0.0,1.0,0.0,3.5732,0.0,0.0,0.0,0.0,3.5732000000000004,3.5732000000000004,3.5716
1823,0.0,0.0023,0.0023,0.0004,0.0,1.0,0.0,3.3891,0.0,0.0,0.0,0.0,3.3891,3.3891,3.3889
1824,0.0,0.003,0.003,0.0005,0.0,1.0,0.0,3.8673,0.0,0.0,0.0,0.0,3.8673,3.8673,3.8662
1825,0.0,0.0022,0.0022,0.0004,0.0,1.0,0.0,3.1267,0.0,0.0,0.0,0.0,3.1267,3.1267,3.127
1826,0.0,0.0025,0.0025,0.0004,0.0,1.0,0.0,3.8758,0.0,0.0,0.0,0.0,3.8758,3.8758,3.8756
1827,0.0,0.0024,0.0024,0.0004,0.0,1.0,0.0,3.8327,0.0,0.0,0.0,0.0,3.8327000000000004,3.8327000000000004,3.828
1828,0.0,0.0037,0.0037,0.0007,0.0,1.0,0.0,4.0986,0.0,0.0,0.0,0.0,4.0986,4.0986,4.0944
1829,0.0,0.0026,0.0026,0.0005,0.0,1.0,0.0,3.9524,0.0,0.0,0.0,0.0,3.9524,3.9524,3.9544
1830,0.0,0.003,0.003,0.0005,0.0,1.0,0.0,3.6974,0.0,0.0,0.0,0.0,3.6974000000000005,3.6974000000000005,3.6944
1831,0.0,0.0028,0.0028,0.0005,0.0,1.0,0.0,3.9517,0.0,0.0,0.0,0.0,3.9516999999999998,3.9516999999999998,3.9514
1832,0.0,0.0025,0.0025,0.0005,0.0,1.0,0.0,3.5664,0.0,0.0,0.0,0.0,3.5664,3.5664,3.5668
1833,0.0,0.0029,0.0029,0.0005,0.0,1.0,0.0,3.999,0.0,0.0,0.0,0.0,3.999,3.999,3.9973
1834,0.0,0.0024,0.0024,0.0004,0.0,1.0,0.0,3.3603,0.0,0.0,0.0,0.0,3.3603,3.3603,3.3567
1835,0.0,0.002,0.002,0.0004,0.0,1.0,0.0,3.3664,0.0,0.0,0.0,0.0,3.3664,3.3664,3.3712
1836,0.0,0.0023,0.0023,0.0004,0.0,1.0,0.0,3.6963,0.0,0.0,0.0,0.0,3.6963,3.6963,3.6949
1837,0.0,0.003,0.003,0.0005,0.0,1.0,0.0,4.4592,0.0,0.0,0.0,0.0,4.4592,4.4592,4.4551
1838,0.0,0.0028,0.0028,0.0005,0.0,1.0,0.0,3.6792,0.0,0.0,0.0,0.0,3.6792000000000002,3.6792000000000002,3.6814
1839,0.0,0.0028,0.0028,0.0005,0.0,1.0,0.0,3.6199,0.0,0.0,0.0,0.0,3.6199,3.6199,3.6221
1840,0.0,0.0022,0.0022,0.0004,0.0,1.0,0.0,3.8691,0.0,0.0,0.0,0.0,3.8691,3.8691,3.865
1841,0.0,0.0033,0.0033,0.0006,0.0,1.0,0.0,3.8118,0.0,0.0,0.0,0.0,3.8118000000000003,3.8118000000000003,3.8135
1842,0.0,0.0024,0.0024,0.0004,0.0,1.0,0.0,3.6094,0.0,0.0,0.0,0.0,3.6094000000000004,3.6094000000000004,3.6132
1843,0.0,0.0032,0.0032,0.0006,0.0,1.0,0.0,4.1142,0.0,0.0,0.0,0.0,4.1142,4.1142,4.1093
1844,0.0,0.0031,0.0031,0.0006,0.0,1.0,0.0,3.4633,0.0,0.0,0.0,0.0,3.4633000000000003,3.4633000000000003,3.4599
1845,0.0,0.0022,0.0022,0.0004,0.0,1.0,0.0,3.0965,0.0,0.0,0.0,0.0,3.0965000000000003,3.0965000000000003,3.1005
1846,0.0,0.003,0.003,0.0005,0.0,1.0,0.0,4.081,0.0,0.0,0.0,0.0,4.081,4.081,4.0858
1847,0.0,0.0029,0.0029,0.0005,0.0,1.0,0.0,3.3036,0.0,0.0,0.0,0.0,3.3036000000000003,3.3036000000000003,3.2993
1848,0.0,0.0029,0.0029,0.0005,0.0,1.0,0.0,3.7542,0.0,0.0,0.0,0.0,3.7542,3.7542,3.756
1849,0.0,0.0027,0.0027,0.0005,0.0,1.0,0.0,3.834,0.0,0.0,0.0,0.0,3.834,3.834,3.8298
1850,0.0,0.0027,0.0027,0.0005,0.0,1.0,0.0,3.8174,0.0,0.0,0.0,0.0,3.8174,3.8174,3.8126
1851,0.0,0.0026,0.0026,0.0005,0.0,1.0,0.0,4.0716,0.0,0.0,0.0,0.0,4.0716,4.0716,4.0743
1852,0.0,0.0028,0.0028,0.0005,0.0,1.0,0.0,3.776,0.0,0.0,0.0,0.0,3.776,3.776,3.773
1853,0.0,0.0031,0.0031,0.0006,0.0,1.0,0.0,3.8116,0.0,0.0,0.0,0.0,3.8116,3.8116,3.8138
1854,0.0,0.0025,0.0025,0.0005,0.0,1.0,0.0,4.0467,0.0,0.0,0.0,0.0,4.0466999999999995,4.0466999999999995,4.0508
1855,0.0,0.0025,0.0025,0.0004,0.0,1.0,0.0,3.4675,0.0,0.0,0.0,0.0,3.4674999999999994,3.4674999999999994,3.4673
1856,0.0,0.0016,0.0016,0.0003,0.0,1.0,0.0,3.0488,0.0,0.0,0.0,0.0,3.0488,3.0488,3.0459
1857,0.0,0.0022,0.0022,0.0004,0.0,1.0,0.0,3.7455,0.0,0.0,0.0,0.0,3.7455,3.7455,3.7461
1858,0.0,0.0027,0.0027,0.0005,0.0,1.0,0.0,3.2864,0.0,0.0,0.0,0.0,3.2864,3.2864,3.2895
1859,0.0,0.0028,0.0028,0.0005,0.0,1.0,0.0,3.69,0.0,0.0,0.0,0.0,3.69,3.69,3.6854
1860,0.0,0.0028,0.0028,0.0005,0.0,1.0,0.0,3.7986,0.0,0.0,0.0,0.0,3.7986000000000004,3.7986000000000004,3.7943
1861,0.0,0.0025,0.0025,0.0004,0.0,1.0,0.0,3.7772,0.0,0.0,0.0,0.0,3.7771999999999997,3.7771999999999997,3.7732
1862,0.0,0.0017,0.0017,0.0003,0.0,1.0,0.0,3.4928,0.0,0.0,0.0,0.0,3.4928,3.4928,3.4952
1863,0.0,0.002,0.002,0.0004,0.0,1.0,0.0,2.9344,0.0,0.0,0.0,0.0,2.9344,2.9344,2.9295
1864,0.0,0.0023,0.0023,0.0004,0.0,1.0,0.0,3.6397,0.0,0.0,0.0,0.0,3.6397,3.6397,3.6385
1865,0.0,0.0027,0.0027,0.0005,0.0,1.0,0.0,3.988,0.0,0.0,0.0,0.0,3.9879999999999995,3.9879999999999995,3.9871
1866,0.0,0.0031,0.0031,0.0006,0.0,1.0,0.0,3.8639,0.0,0.0,0.0,0.0,3.8638999999999997,3.8638999999999997,3.8669
1867,0.0,0.0028,0.0028,0.0005,0.0,1.0,0.0,4.2433,0.0,0.0,0.0,0.0,4.2433000000000005,4.2433000000000005,4.241
1868,0.0,0.0023,0.0023,0.0004,0.0,1.0,0.0,3.7047,0.0,0.0,0.0,0.0,3.7047,3.7047,3.7032
1869,0.0,0.0029,0.0029,0.0005,0.0,1.0,0.0,3.6114,0.0,0.0,0.0,0.0,3.6113999999999997,3.6113999999999997,3.6089
1870,0.0,0.0026,0.0026,0.0005,0.0,1.0,0.0,3.6229,0.0,0.0,0.0,0.0,3.6229,3.6229,3.6245
1871,0.0,0.003,0.003,0.0005,0.0,1.0,0.0,3.6511,0.0,0.0,0.0,0.0,3.6511,3.6511,3.6478
1872,0.0,0.0023,0.0023,0.0004,0.0,1.0,0.0,3.6022,0.0,0.0,0.0,0.0,3.6022,3.6022,3.5978
1873,0.0,0.0025,0.0025,0.0005,0.0,1.0,0.0,3.1437,0.0,0.0,0.0,0.0,3.1437,3.1437,3.1403
1874,0.0,0.0025,0.0025,0.0005,0.0,1.0,0.0,3.8899,0.0,0.0,0.0,0.0,3.8899,3.8899,3.8905
1875,0.0,0.0019,0.0019,0.0004,0.0,1.0,0.0,3.4148,0.0,0.0,0.0,0.0,3.4148,3.4148,3.4151
1876,0.0,0.0021,0.0021,0.0004,0.0,1.0,0.0,3.3181,0.0,0.0,0.0,0.0,3.3181,3.3181,3.3151
1877,0.0,0.0027,0.0027,0.0005,0.0,1.0,0.0,4.3219,0.0,0.0,0.0,0.0,4.321899999999999,4.321899999999999,4.3245
1878,0.0,0.0025,0.0025,0.0005,0.0,1.0,0.0,3.3554,0.0,0.0,0.0,0.0,3.3554000000000004,3.3554000000000004,3.356
1879,0.0,0.0028,0.0028,0.0005,0.0,1.0,0.0,3.1621,0.0,0.0,0.0,0.0,3.1621,3.1621,3.1653
1880,0.0,0.0024,0.0024,0.0004,0.0,1.0,0.0,3.6098,0.0,0.0,0.0,0.0,3.6098000000000003,3.6098000000000003,3.6146
1881,0.0,0.0027,0.0027,0.0005,0.0,1.0,0.0,3.235,0.0,0.0,0.0,0.0,3.235,3.235,3.2387
1882,0.0,0.0022,0.0022,0.0004,0.0,1.0,0.0,3.4527,0.0,0.0,0.0,0.0,3.4527,3.4527,3.4557
1883,0.0,0.0026,0.0026,0.0005,0.0,1.0,0.0,3.6606,0.0,0.0,0.0,0.0,3.6605999999999996,3.6605999999999996,3.6582
1884,0.0,0.0033,0.0033,0.0006,0.0,1.0,0.0,3.7868,0.0,0.0,0.0,0.0,3.7867999999999995,3.7867999999999995,3.7896
1885,0.0,0.0036,0.0036,0.0006,0.0,1.0,0.0,4.1193,0.0,0.0,0.0,0.0,4.1193,4.1193,4.1221
1886,0.0,0.0031,0.0031,0.0006,0.0,1.0,0.0,3.7756,0.0,0.0,0.0,0.0,3.7756,3.7756,3.7714
1887,0.0,0.0025,0.0025,0.0005,0.0,1.0,0.0,3.6429,0.0,0.0,0.0,0.0,3.6429,3.6429,3.6409
1888,0.0,0.0027,0.0027,0.0005,0.0,1.0,0.0,3.9807,0.0,0.0,0.0,0.0,3.9806999999999997,3.9806999999999997,3.9815
1889,0.0,0.0034,0.0034,0.0006,0.0,1.0,0.0,3.9494,0.0,0.0,0.0,0.0,3.9494000000000002,3.9494000000000002,3.9488
1890,0.0,0.0032,0.0032,0.0006,0.0,1.0,0.0,4.0701,0.0,0.0,0.0,0.0,4.0701,4.0701,4.0688
1891,0.0,0.0017,0.0017,0.0003,0.0,1.0,0.0,3.1641,0.0,0.0,0.0,0.0,3.1641,3.1641,3.1676
1892,0.0,0.0024,0.0024,0.0004,0.0,1.0,0.0,3.4579,0.0,0.0,0.0,0.0,3.4579,3.4579,3.4623
1893,0.0,0.0017,0.0017,0.0003,0.0,1.0,0.0,3.1466,0.0,0.0,0.0,0.0,3.1466,3.1466,3.1436
1894,0.0,0.0025,0.0025,0.0005,0.0,1.0,0.0,3.5755,0.0,0.0,0.0,0.0,3.5755000000000003,3.5755000000000003,3.5738
1895,0.0,0.0022,0.0022,0.0004,0.0,1.0,0.0,2.9054,0.0,0.0,0.0,0.0,2.9054,2.9054,2.902
1896,0.0,0.0025,0.0025,0.0005,0.0,1.0,0.0,4.0333,0.0,0.0,0.0,0.0,4.0333,4.0333,4.0373
1897,0.0,0.0024,0.0024,0.0004,0.0,1.0,0.0,3.3393,0.0,0.0,0.0,0.0,3.3392999999999997,3.3392999999999997,3.3395
1898,0.0,0.002,0.002,0.0004,0.0,1.0,0.0,3.8423,0.0,0.0,0.0,0.0,3.8423,3.8423,3.8446
1899,0.0,0.0021,0.0021,0.0004,0.0,1.0,0.0,3.5186,0.0,0.0,0.0,0.0,3.5185999999999997,3.5185999999999997,3.518
1900,0.0,0.003,0.003,0.0005,0.0,1.0,0.0,4.0289,0.0,0.0,0.0,0.0,4.0289,4.0289,4.0298
1901,0.0,0.0034,0.0034,0.0006,0.0,1.0,0.0,4.4434,0.0,0.0,0.0,0.0,4.4434,4.4434,4.4465
1902,0.0,0.0037,0.0037,0.0007,0.0,1.0,0.0,4.1183,0.0,0.0,0.0,0.0,4.1183,4.1183,4.1177
1903,0.0,0.0027,0.0027,0.0005,0.0,1.0,0.0,3.7958,0.0,0.0,0.0,0.0,3.7958000000000003,3.7958000000000003,3.7914
1904,0.0,0.0034,0.0034,0.0006,0.0,1.0,0.0,4.3551,0.0,0.0,0.0,0.0,4.3551,4.3551,4.3589
1905,0.0,0.0014,0.0014,0.0002,0.0,1.0,0.0,2.4438,0.0,0.0,0.0,0.0,2.4438,2.4438,2.4396
1906,0.0,0.0031,0.0031,0.0006,0.0,1.0,0.0,4.2556,0.0,0.0,0.0,0.0,4.2556,4.2556,4.2592
1907,0.0,0.0024,0.0024,0.0004,0.0,1.0,0.0,2.9862,0.0,0.0,0.0,0.0,2.9862,2.9862,2.9824
1908,0.0,0.0024,0.0024,0.0004,0.0,1.0,0.0,3.9587,0.0,0.0,0.0,0.0,3.9587,3.9587,3.9576
1909,0.0,0.0022,0.0022,0.0004,0.0,1.0,0.0,3.0364,0.0,0.0,0.0,0.0,3.0363999999999995,3.0363999999999995,3.0353
1910,0.0,0.0024,0.0024,0.0004,0.0,1.0,0.0,3.646,0.0,0.0,0.0,0.0,3.646,3.646,3.6418
1911,0.0,0.0027,0.0027,0.0005,0.0,1.0,0.0,4.0946,0.0,0.0,0.0,0.0,4.0946,4.0946,4.0948
1912,0.0,0.0026,0.0026,0.0005,0.0,1.0,0.0,3.7249,0.0,0.0,0.0,0.0,3.7249,3.7249,3.7275
1913,0.0,0.003,0.003,0.0005,0.0,1.0,0.0,3.6395,0.0,0.0,0.0,0.0,3.6395,3.6395,3.6385
1914,0.0,0.0026,0.0026,0.0005,0.0,1.0,0.0,3.6485,0.0,0.0,0.0,0.0,3.6485,3.6485,3.648
1915,0.0,0.0036,0.0036,0.0006,0.0,1.0,0.0,4.398,0.0,0.0,0.0,0.0,4.398,4.398,4.3981
1916,0.0,0.0027,0.0027,0.0005,0.0,1.0,0.0,3.8284,0.0,0.0,0.0,0.0,3.8284,3.8284,3.8302
1917,0.0,0.0023,0.0023,0.0004,0.0,1.0,0.0,3.7195,0.0,0.0,0.0,0.0,3.7195000000000005,3.7195000000000005,3.7214
1918,0.0,0.0023,0.0023,0.0004,0.0,1.0,0.0,3.9053,0.0,0.0,0.0,0.0,3.9052999999999995,3.9052999999999995,3.9012
1919,0.0,0.0026,0.0026,0.0005,0.0,1.0,0.0,4.1086,0.0,0.0,0.0,0.0,4.1086,4.1086,4.1133
1920,0.0,0.0023,0.0023,0.0004,0.0,1.0,0.0,3.1959,0.0,0.0,0.0,0.0,3.1959,3.1959,3.1981
1921,0.0,0.0024,0.0024,0.0004,0.0,1.0,0.0,3.9366,0.0,0.0,0.0,0.0,3.9366000000000003,3.9366000000000003,3.94
1922,0.0,0.0034,0.0034,0.0006,0.0,1.0,0.0,4.0011,0.0,0.0,0.0,0.0,4.0011,4.0011,4.0054
1923,0.0,0.0025,0.0025,0.0004,0.0,1.0,0.0,3.5658,0.0,0.0,0.0,0.0,3.5658,3.5658,3.5621
1924,0.0,0.0026,0.0026,0.0005,0.0,1.0,0.0,3.9744,0.0,0.0,0.0,0.0,3.9744,3.9744,3.9767
1925,0.0,0.003,0.003,0.0005,0.0,1.0,0.0,4.0624,0.0,0.0,0.0,0.0,4.0624,4.0624,4.0593
1926,0.0,0.003,0.003,0.0005,0.0,1.0,0.0,4.0684,0.0,0.0,0.0,0.0,4.0684000000000005,4.0684000000000005,4.0647
1927,0.0,0.0018,0.0018,0.0003,0.0,1.0,0.0,3.0002,0.0,0.0,0.0,0.0,3.0001999999999995,3.0001999999999995,3.0004
1928,0.0,0.0026,0.0026,0.0005,0.0,1.0,0.0,3.9039,0.0,0.0,0.0,0.0,3.9038999999999997,3.9038999999999997,3.9007
1929,0.0,0.0027,0.0027,0.0005,0.0,1.0,0.0,4.7071,0.0,0.0,0.0,0.0,4.7071,4.7071,4.7095
1930,0.0,0.0034,0.0034,0.0006,0.0,1.0,0.0,4.1771,0.0,0.0,0.0,0.0,4.177099999999999,4.177099999999999,4.1797
1931,0.0,0.0025,0.0025,0.0005,0.0,1.0,0.0,3.2953,0.0,0.0,0.0,0.0,3.2953,3.2953,3.299
1932,0.0,0.0021,0.0021,0.0004,0.0,1.0,0.0,3.8483,0.0,0.0,0.0,0.0,3.8483,3.8483,3.8522
1933,0.0,0.0034,0.0034,0.0006,0.0,1.0,0.0,4.0699,0.0,0.0,0.0,0.0,4.0699000000000005,4.0699000000000005,4.0664
1934,0.0,0.0026,0.0026,0.0005,0.0,1.0,0.0,4.0267,0.0,0.0,0.0,0.0,4.0267,4.0267,4.0288
1935,0.0,0.0031,0.0031,0.0006,0.0,1.0,0.0,4.4353,0.0,0.0,0.0,0.0,4.4353,4.4353,4.4312
1936,0.0,0.0034,0.0034,0.0006,0.0,1.0,0.0,4.3147,0.0,0.0,0.0,0.0,4.3147,4.3147,4.3193
1937,0.0,0.0024,0.0024,0.0004,0.0,1.0,0.0,3.7547,0.0,0.0,0.0,0.0,3.7547,3.7547,3.7585
1938,0.0,0.0024,0.0024,0.0004,0.0,1.0,0.0,3.1926,0.0,0.0,0.0,0.0,3.1926,3.1926,3.1958
1939,0.0,0.0027,0.0027,0.0005,0.0,1.0,0.0,3.5114,0.0,0.0,0.0,0.0,3.5114,3.5114,3.5093
1940,0.0,0.0031,0.0031,0.0006,0.0,1.0,0.0,3.7609,0.0,0.0,0.0,0.0,3.7609,3.7609,3.7648
1941,0.0,0.003,0.003,0.0005,0.0,1.0,0.0,3.5566,0.0,0.0,0.0,0.0,3.5565999999999995,3.5565999999999995,3.559
1942,0.0,0.0026,0.0026,0.0005,0.0,1.0,0.0,3.875,0.0,0.0,0.0,0.0,3.875,3.875,3.8709
1943,0.0,0.0022,0.0022,0.0004,0.0,1.0,0.0,3.4864,0.0,0.0,0.0,0.0,3.4864,3.4864,3.4857
1944,0.0,0.003,0.003,0.0005,0.0,1.0,0.0,3.6645,0.0,0.0,0.0,0.0,3.6645,3.6645,3.6679
1945,0.0,0.0022,0.0022,0.0004,0.0,1.0,0.0,3.3268,0.0,0.0,0.0,0.0,3.3267999999999995,3.3267999999999995,3.3288
1946,0.0,0.0035,0.0035,0.0006,0.0,1.0,0.0,4.3469,0.0,0.0,0.0,0.0,4.3469,4.3469,4.3517
1947,0.0,0.0026,0.0026,0.0005,0.0,1.0,0.0,3.5659,0.0,0.0,0.0,0.0,3.5659,3.5659,3.5695
1948,0.0,0.0033,0.0033,0.0006,0.0,1.0,0.0,3.8979,0.0,0.0,0.0,0.0,3.8979,3.8979,3.9029
1949,0.0,0.0025,0.0025,0.0004,0.0,1.0,0.0,3.6132,0.0,0.0,0.0,0.0,3.6132,3.6132,3.6107
1950,0.0,0.0026,0.0026,0.0005,0.0,1.0,0.0,3.8374,0.0,0.0,0.0,0.0,3.8373999999999997,3.8373999999999997,3.8351
1951,0.0,0.0023,0.0023,0.0004,0.0,1.0,0.0,3.4546,0.0,0.0,0.0,0.0,3.4546,3.4546,3.4565
1952,0.0,0.0032,0.0032,0.0006,0.0,1.0,0.0,3.9193,0.0,0.0,0.0,0.0,3.9193,3.9193,3.9239
1953,0.0,0.0025,0.0025,0.0005,0.0,1.0,0.0,3.6136,0.0,0.0,0.0,0.0,3.6136,3.6136,3.6133
1954,0.0,0.0024,0.0024,0.0004,0.0,1.0,0.0,3.9487,0.0,0.0,0.0,0.0,3.9486999999999997,3.9486999999999997,3.9502
1955,0.0,0.0028,0.0028,0.0005,0.0,1.0,0.0,4.3022,0.0,0.0,0.0,0.0,4.3022,4.3022,4.3068
1956,0.0,0.0032,0.0032,0.0006,0.0,1.0,0.0,3.6202,0.0,0.0,0.0,0.0,3.6201999999999996,3.6201999999999996,3.6211
1957,0.0,0.0023,0.0023,0.0004,0.0,1.0,0.0,3.61,0.0,0.0,0.0,0.0,3.61,3.61,3.6081
1958,0.0,0.003,0.003,0.0005,0.0,1.0,0.0,3.6746,0.0,0.0,0.0,0.0,3.6746,3.6746,3.6746
1959,0.0,0.0025,0.0025,0.0004,0.0,1.0,0.0,3.6585,0.0,0.0,0.0,0.0,3.6585,3.6585,3.6591
1960,0.0,0.003,0.003,0.0005,0.0,1.0,0.0,3.7727,0.0,0.0,0.0,0.0,3.7727,3.7727,3.7761
1961,0.0,0.0023,0.0023,0.0004,0.0,1.0,0.0,3.541,0.0,0.0,0.0,0.0,3.541,3.541,3.54
1962,0.0,0.0024,0.0024,0.0004,0.0,1.0,0.0,3.4774,0.0,0.0,0.0,0.0,3.4774,3.4774,3.4729
1963,0.0,0.0029,0.0029,0.0005,0.0,1.0,0.0,3.9935,0.0,0.0,0.0,0.0,3.9935,3.9935,3.9939
1964,0.0,0.0026,0.0026,0.0005,0.0,1.0,0.0,3.3683,0.0,0.0,0.0,0.0,3.3682999999999996,3.3682999999999996,3.3662
1965,0.0,0.0023,0.0023,0.0004,0.0,1.0,0.0,3.5362,0.0,0.0,0.0,0.0,3.5361999999999996,3.5361999999999996,3.5378
1966,0.0,0.002,0.002,0.0004,0.0,1.0,0.0,3.2924,0.0,0.0,0.0,0.0,3.2923999999999998,3.2923999999999998,3.294
1967,0.0,0.003,0.003,0.0005,0.0,1.0,0.0,3.7926,0.0,0.0,0.0,0.0,3.7926,3.7926,3.7952
1968,0.0,0.0017,0.0017,0.0003,0.0,1.0,0.0,2.7413,0.0,0.0,0.0,0.0,2.7413000000000003,2.7413000000000003,2.7422
1969,0.0,0.0026,0.0026,0.0005,0.0,1.0,0.0,3.8273,0.0,0.0,0.0,0.0,3.8272999999999997,3.8272999999999997,3.8281
1970,0.0,0.0032,0.0032,0.0006,0.0,1.0,0.0,3.5411,0.0,0.0,0.0,0.0,3.5410999999999997,3.5410999999999997,3.5407
1971,0.0,0.0025,0.0025,0.0005,0.0,1.0,0.0,3.6383,0.0,0.0,0.0,0.0,3.6383,3.6383,3.6412
1972,0.0,0.0027,0.0027,0.0005,0.0,1.0,0.0,3.5951,0.0,0.0,0.0,0.0,3.5951,3.5951,3.5992
1973,0.0,0.0025,0.0025,0.0005,0.0,1.0,0.0,3.3728,0.0,0.0,0.0,0.0,3.3728000000000007,3.3728000000000007,3.3772
1974,0.0,0.0023,0.0023,0.0004,0.0,1.0,0.0,3.5487,0.0,0.0,0.0,0.0,3.5486999999999997,3.5486999999999997,3.5531
1975,0.0,0.0025,0.0025,0.0004,0.0,1.0,0.0,3.3916,0.0,0.0,0.0,0.0,3.3916000000000004,3.3916000000000004,3.3868
1976,0.0,0.0023,0.0023,0.0004,0.0,1.0,0.0,3.7466,0.0,0.0,0.0,0.0,3.7466,3.7466,3.7491
1977,0.0,0.0026,0.0026,0.0005,0.0,1.0,0.0,3.3918,0.0,0.0,0.0,0.0,3.3918,3.3918,3.3957
1978,0.0,0.0029,0.0029,0.0005,0.0,1.0,0.0,3.5739,0.0,0.0,0.0,0.0,3.5738999999999996,3.5738999999999996,3.5702
1979,0.0,0.002,0.002,0.0004,0.0,1.0,0.0,3.1507,0.0,0.0,0.0,0.0,3.1507,3.1507,3.1476
1980,0.0,0.0029,0.0029,0.0005,0.0,1.0,0.0,3.5416,0.0,0.0,0.0,0.0,3.5416,3.5416,3.5401
1981,0.0,0.0021,0.0021,0.0004,0.0,1.0,0.0,3.7348,0.0,0.0,0.0,0.0,3.7348000000000003,3.7348000000000003,3.737
1982,0.0,0.0026,0.0026,0.0005,0.0,1.0,0.0,3.6263,0.0,0.0,0.0,0.0,3.6263,3.6263,3.6247
1983,0.0,0.003,0.003,0.0005,0.0,1.0,0.0,3.9294,0.0,0.0,0.0,0.0,3.9294000000000002,3.9294000000000002,3.9314
1984,0.0,0.0017,0.0017,0.0003,0.0,1.0,0.0,2.7359,0.0,0.0,0.0,0.0,2.7358999999999996,2.7358999999999996,2.7313
1985,0.0,0.003,0.003,0.0005,0.0,1.0,0.0,3.8013,0.0,0.0,0.0,0.0,3.8012999999999995,3.8012999999999995,3.7988
1986,0.0,0.0027,0.0027,0.0005,0.0,1.0,0.0,4.0823,0.0,0.0,0.0,0.0,4.0823,4.0823,4.0806
1987,0.0,0.0024,0.0024,0.0004,0.0,1.0,0.0,3.6945,0.0,0.0,0.0,0.0,3.6944999999999997,3.6944999999999997,3.6993
1988,0.0,0.0027,0.0027,0.0005,0.0,1.0,0.0,3.7436,0.0,0.0,0.0,0.0,3.7436,3.7436,3.7395
1989,0.0,0.0022,0.0022,0.0004,0.0,1.0,0.0,3.8851,0.0,0.0,0.0,0.0,3.8851000000000004,3.8851000000000004,3.8875
1990,0.0,0.0024,0.0024,0.0004,0.0,1.0,0.0,3.5651,0.0,0.0,0.0,0.0,3.5651,3.5651,3.5687
1991,0.0,0.0026,0.0026,0.0005,0.0,1.0,0.0,3.5392,0.0,0.0,0.0,0.0,3.5392,3.5392,3.5436
1992,0.0,0.0029,0.0029,0.0005,0.0,1.0,0.0,3.7446,0.0,0.0,0.0,0.0,3.7446,3.7446,3.7425
1993,0.0,0.0019,0.0019,0.0003,0.0,1.0,0.0,3.4638,0.0,0.0,0.0,0.0,3.4638,3.4638,3.4638
1994,0.0,0.0026,0.0026,0.0005,0.0,1.0,0.0,4.0457,0.0,0.0,0.0,0.0,4.0457,4.0457,4.0426
1995,0.0,0.0021,0.0021,0.0004,0.0,1.0,0.0,3.434,0.0,0.0,0.0,0.0,3.434,3.434,3.4307
1996,0.0,0.0033,0.0033,0.0006,0.0,1.0,0.0,4.5883,0.0,0.0,0.0,0.0,4.5883,4.5883,4.5922
1997,0.0,0.0019,0.0019,0.0003,0.0,1.0,0.0,4.1005,0.0,0.0,0.0,0.0,4.100499999999999,4.100499999999999,4.1043
1998,0.0,0.0035,0.0035,0.0006,0.0,1.0,0.0,4.1851,0.0,0.0,0.0,0.0,4.1851,4.1851,4.1889
1999,0.0,0.0025,0.0025,0.0005,0.0,1.0,0.0,3.743,0.0,0.0,0.0,0.0,3.7430000000000003,3.7430000000000003,3.7457
2000,0.0,0.003,0.003,0.0005,0.0,1.0,0.0,3.6946,0.0,0.0,0.0,0.0,3.6946000000000003,3.6946000000000003,3.6956
2001,0.0,0.0024,0.0024,0.0004,0.0,1.0,0.0,4.1421,0.0,0.0,0.0,0.0,4.1421,4.1421,4.1464
2002,0.0,0.0022,0.0022,0.0004,0.0,1.0,0.0,3.1388,0.0,0.0,0.0,0.0,3.1388000000000003,3.1388000000000003,3.1357
2003,0.0,0.0028,0.0028,0.0005,0.0,1.0,0.0,3.7084,0.0,0.0,0.0,0.0,3.7083999999999997,3.7083999999999997,3.713
2004,0.0,0.003,0.003,0.0005,0.0,1.0,0.0,3.8616,0.0,0.0,0.0,0.0,3.8616,3.8616,3.8622
2005,0.0,0.0036,0.0036,0.0006,0.0,1.0,0.0,3.8005,0.0,0.0,0.0,0.0,3.8005,3.8005,3.7959
2006,0.0,0.0028,0.0028,0.0005,0.0,1.0,0.0,3.5402,0.0,0.0,0.0,0.0,3.5402000000000005,3.5402000000000005,3.5424
2007,0.0,0.0027,0.0027,0.0005,0.0,1.0,0.0,3.6725,0.0,0.0,0.0,0.0,3.6725,3.6725,3.6772
2008,0.0,0.0028,0.0028,0.0005,0.0,1.0,0.0,3.9666,0.0,0.0,0.0,0.0,3.9666,3.9666,3.9655
2009,0.0,0.0029,0.0029,0.0005,0.0,1.0,0.0,3.1826,0.0,0.0,0.0,0.0,3.1826000000000003,3.1826000000000003,3.1824
2010,0.0,0.0025,0.0025,0.0004,0.0,1.0,0.0,3.9535,0.0,0.0,0.0,0.0,3.9534999999999996,3.9534999999999996,3.9561
2011,0.0,0.0027,0.0027,0.0005,0.0,1.0,0.0,3.5336,0.0,0.0,0.0,0.0,3.5336,3.5336,3.5367
2012,0.0,0.0016,0.0016,0.0003,0.0,1.0,0.0,2.6419,0.0,0.0,0.0,0.0,2.6418999999999997,2.6418999999999997,2.6439
2013,0.0,0.003,0.003,0.0005,0.0,1.0,0.0,3.9174,0.0,0.0,0.0,0.0,3.9173999999999998,3.9173999999999998,3.9196
2014,0.0,0.0024,0.0024,0.0004,0.0,1.0,0.0,3.6878,0.0,0.0,0.0,0.0,3.6877999999999997,3.6877999999999997,3.6927
2015,0.0,0.0031,0.0031,0.0006,0.0,1.0,0.0,3.8744,0.0,0.0,0.0,0.0,3.8744,3.8744,3.8712
2016,0.0,0.0021,0.0021,0.0004,0.0,1.0,0.0,3.6051,0.0,0.0,0.0,0.0,3.6051,3.6051,3.6029
2017,0.0,0.0027,0.0027,0.0005,0.0,1.0,0.0,3.3525,0.0,0.0,0.0,0.0,3.3525,3.3525,3.351
2018,0.0,0.0024,0.0024,0.0004,0.0,1.0,0.0,3.4582,0.0,0.0,0.0,0.0,3.4582,3.4582,3.4556
2019,0.0,0.0025,0.0025,0.0004,0.0,1.0,0.0,3.8002,0.0,0.0,0.0,0.0,3.8002,3.8002,3.799
2020,0.0,0.0029,0.0029,0.0005,0.0,1.0,0.0,4.1957,0.0,0.0,0.0,0.0,4.1957,4.1957,4.1976
2021,0.0,0.0025,0.0025,0.0004,0.0,1.0,0.0,3.6925,0.0,0.0,0.0,0.0,3.6925,3.6925,3.6892
2022,0.0,0.0025,0.0025,0.0004,0.0,1.0,0.0,4.0666,0.0,0.0,0.0,0.0,4.066599999999999,4.066599999999999,4.0715
2023,0.0,0.0031,0.0031,0.0006,0.0,1.0,0.0,3.7667,0.0,0.0,0.0,0.0,3.7667,3.7667,3.7671
2024,0.0,0.0019,0.0019,0.0003,0.0,1.0,0.0,3.8667,0.0,0.0,0.0,0.0,3.8667,3.8667,3.8702
2025,0.0,0.0021,0.0021,0.0004,0.0,1.0,0.0,3.2655,0.0,0.0,0.0,0.0,3.2655000000000003,3.2655000000000003,3.2671
2026,0.0,0.0037,0.0037,0.0007,0.0,1.0,0.0,4.2524,0.0,0.0,0.0,0.0,4.2524,4.2524,4.2562
2027,0.0,0.0023,0.0023,0.0004,0.0,1.0,0.0,4.3041,0.0,0.0,0.0,0.0,4.3041,4.3041,4.3025
2028,0.0,0.0022,0.0022,0.0004,0.0,1.0,0.0,4.0003,0.0,0.0,0.0,0.0,4.0003,4.0003,3.9996
2029,0.0,0.0027,0.0027,0.0005,0.0,1.0,0.0,3.7557,0.0,0.0,0.0,0.0,3.7557,3.7557,3.759
2030,0.0,0.0037,0.0037,0.0007,0.0,1.0,0.0,4.2332,0.0,0.0,0.0,0.0,4.2332,4.2332,4.2291
2031,0.0,0.0024,0.0024,0.0004,0.0,1.0,0.0,3.3518,0.0,0.0,0.0,0.0,3.3518,3.3518,3.3518
2032,0.0,0.0027,0.0027,0.0005,0.0,1.0,0.0,3.7653,0.0,0.0,0.0,0.0,3.7653,3.7653,3.7618
2033,0.0,0.0029,0.0029,0.0005,0.0,1.0,0.0,4.5617,0.0,0.0,0.0,0.0,4.5617,4.5617,4.5644
2034,0.0,0.0028,0.0028,0.0005,0.0,1.0,0.0,4.0162,0.0,0.0,0.0,0.0,4.0161999999999995,4.0161999999999995,4.0186
2035,0.0,0.0028,0.0028,0.0005,0.0,1.0,0.0,3.537,0.0,0.0,0.0,0.0,3.5370000000000004,3.5370000000000004,3.5356
2036,0.0,0.0022,0.0022,0.0004,0.0,1.0,0.0,3.546,0.0,0.0,0.0,0.0,3.546,3.546,3.548
2037,0.0,0.0026,0.0026,0.0005,0.0,1.0,0.0,3.4094,0.0,0.0,0.0,0.0,3.4093999999999998,3.4093999999999998,3.4053
2038,0.0,0.0025,0.0025,0.0005,0.0,1.0,0.0,4.0061,0.0,0.0,0.0,0.0,4.0061,4.0061,4.0044
2039,0.0,0.0029,0.0029,0.0005,0.0,1.0,0.0,4.4906,0.0,0.0,0.0,0.0,4.490600000000001,4.490600000000001,4.486
2040,0.0,0.0029,0.0029,0.0005,0.0,1.0,0.0,3.547,0.0,0.0,0.0,0.0,3.547,3.547,3.5515
2041,0.0,0.0023,0.0023,0.0004,0.0,1.0,0.0,3.7042,0.0,0.0,0.0,0.0,3.7042,3.7042,3.7081
2042,0.0,0.0033,0.0033,0.0006,0.0,1.0,0.0,3.7186,0.0,0.0,0.0,0.0,3.7186000000000003,3.7186000000000003,3.7231
2043,0.0,0.0027,0.0027,0.0005,0.0,1.0,0.0,3.8853,0.0,0.0,0.0,0.0,3.8853,3.8853,3.8876
2044,0.0,0.0029,0.0029,0.0005,0.0,1.0,0.0,3.7666,0.0,0.0,0.0,0.0,3.7666,3.7666,3.767
2045,0.0,0.0029,0.0029,0.0005,0.0,1.0,0.0,4.0013,0.0,0.0,0.0,0.0,4.0013000000000005,4.0013000000000005,3.9982
2046,0.0,0.0025,0.0025,0.0005,0.0,1.0,0.0,4.0248,0.0,0.0,0.0,0.0,4.0248,4.0248,4.0287
2047,0.0,0.0021,0.0021,0.0004,0.0,1.0,0.0,3.6696,0.0,0.0,0.0,0.0,3.6696,3.6696,3.6675
2048,0.0,0.0022,0.0022,0.0004,0.0,1.0,0.0,3.8759,0.0,0.0,0.0,0.0,3.8759,3.8759,3.8782
2049,0.0,0.0017,0.0017,0.0003,0.0,1.0,0.0,3.025,0.0,0.0,0.0,0.0,3.025,3.025,3.0275
2050,0.0,0.0029,0.0029,0.0005,0.0,1.0,0.0,4.1769,0.0,0.0,0.0,0.0,4.1769,4.1769,4.1805
2051,0.0,0.0029,0.0029,0.0005,0.0,1.0,0.0,3.9834,0.0,0.0,0.0,0.0,3.9834,3.9834,3.979
2052,0.0,0.0022,0.0022,0.0004,0.0,1.0,0.0,3.5571,0.0,0.0,0.0,0.0,3.5571,3.5571,3.5615
2053,0.0,0.0027,0.0027,0.0005,0.0,1.0,0.0,3.693,0.0,0.0,0.0,0.0,3.693,3.693,3.6942
2054,0.0,0.0022,0.0022,0.0004,0.0,1.0,0.0,3.3143,0.0,0.0,0.0,0.0,3.3143000000000002,3.3143000000000002,3.318
2055,0.0,0.0026,0.0026,0.0005,0.0,1.0,0.0,3.1859,0.0,0.0,0.0,0.0,3.1858999999999997,3.1858999999999997,3.1824
2056,0.0,0.0028,0.0028,0.0005,0.0,1.0,0.0,3.7953,0.0,0.0,0.0,0.0,3.7952999999999997,3.7952999999999997,3.7921
2057,0.0,0.0022,0.0022,0.0004,0.0,1.0,0.0,3.4609,0.0,0.0,0.0,0.0,3.4609,3.4609,3.4569
2058,0.0,0.0027,0.0027,0.0005,0.0,1.0,0.0,3.6098,0.0,0.0,0.0,0.0,3.6098,3.6098,3.6104
2059,0.0,0.0022,0.0022,0.0004,0.0,1.0,0.0,3.766,0.0,0.0,0.0,0.0,3.766,3.766,3.7698
2060,0.0,0.0027,0.0027,0.0005,0.0,1.0,0.0,3.4936,0.0,0.0,0.0,0.0,3.4936,3.4936,3.4896
2061,0.0,0.0029,0.0029,0.0005,0.0,1.0,0.0,3.5845,0.0,0.0,0.0,0.0,3.5845000000000002,3.5845000000000002,3.5872
2062,0.0,0.0031,0.0031,0.0006,0.0,1.0,0.0,4.2337,0.0,0.0,0.0,0.0,4.2337,4.2337,4.233
2063,0.0,0.0037,0.0037,0.0007,0.0,1.0,0.0,4.3914,0.0,0.0,0.0,0.0,4.3914,4.3914,4.389
2064,0.0,0.0025,0.0025,0.0005,0.0,1.0,0.0,3.5669,0.0,0.0,0.0,0.0,3.5669,3.5669,3.5705
2065,0.0,0.0029,0.0029,0.0005,0.0,1.0,0.0,3.5551,0.0,0.0,0.0,0.0,3.5551000000000004,3.5551000000000004,3.5559
2066,0.0,0.003,0.003,0.0005,0.0,1.0,0.0,3.5062,0.0,0.0,0.0,0.0,3.5062,3.5062,3.5029
2067,0.0,0.0029,0.0029,0.0005,0.0,1.0,0.0,3.8791,0.0,0.0,0.0,0.0,3.8790999999999998,3.8790999999999998,3.8811
2068,0.0,0.0021,0.0021,0.0004,0.0,1.0,0.0,3.5636,0.0,0.0,0.0,0.0,3.5636,3.5636,3.5611
2069,0.0,0.0026,0.0026,0.0005,0.0,1.0,0.0,3.8673,0.0,0.0,0.0,0.0,3.8672999999999997,3.8672999999999997,3.8689
2070,0.0,0.0027,0.0027,0.0005,0.0,1.0,0.0,3.2508,0.0,0.0,0.0,0.0,3.2507999999999995,3.2507999999999995,3.2524
2071,0.0,0.0027,0.0027,0.0005,0.0,1.0,0.0,4.2226,0.0,0.0,0.0,0.0,4.2226,4.2226,4.2204
2072,0.0,0.0018,0.0018,0.0003,0.0,1.0,0.0,3.6997,0.0,0.0,0.0,0.0,3.6997,3.6997,3.6955
2073,0.0,0.003,0.003,0.0005,0.0,1.0,0.0,4.228,0.0,0.0,0.0,0.0,4.228,4.228,4.2238
2074,0.0,0.0026,0.0026,0.0005,0.0,1.0,0.0,4.1315,0.0,0.0,0.0,0.0,4.1315,4.1315,4.13
2075,0.0,0.0026,0.0026,0.0005,0.0,1.0,0.0,3.4372,0.0,0.0,0.0,0.0,3.4372000000000003,3.4372000000000003,3.44
2076,0.0,0.0027,0.0027,0.0005,0.0,1.0,0.0,3.6169,0.0,0.0,0.0,0.0,3.6169000000000002,3.6169000000000002,3.6152
2077,0.0,0.0018,0.0018,0.0003,0.0,1.0,0.0,2.7506,0.0,0.0,0.0,0.0,2.7506,2.7506,2.7489
2078,0.0,0.0034,0.0034,0.0006,0.0,1.0,0.0,4.1163,0.0,0.0,0.0,0.0,4.1163,4.1163,4.1183
2079,0.0,0.0019,0.0019,0.0003,0.0,1.0,0.0,3.5989,0.0,0.0,0.0,0.0,3.5988999999999995,3.5988999999999995,3.6027
2080,0.0,0.0015,0.0015,0.0003,0.0,1.0,0.0,3.4834,0.0,0.0,0.0,0.0,3.4834000000000005,3.4834000000000005,3.4837
2081,0.0,0.0022,0.0022,0.0004,0.0,1.0,0.0,3.8113,0.0,0.0,0.0,0.0,3.8113,3.8113,3.8103
2082,0.0,0.0031,0.0031,0.0006,0.0,1.0,0.0,4.1203,0.0,0.0,0.0,0.0,4.1203,4.1203,4.1217
2083,0.0,0.0023,0.0023,0.0004,0.0,1.0,0.0,3.9909,0.0,0.0,0.0,0.0,3.9909000000000003,3.9909000000000003,3.9939
2084,0.0,0.0028,0.0028,0.0005,0.0,1.0,0.0,3.8429,0.0,0.0,0.0,0.0,3.8429,3.8429,3.843
2085,0.0,0.0024,0.0024,0.0004,0.0,1.0,0.0,3.6887,0.0,0.0,0.0,0.0,3.6887,3.6887,3.6885
2086,0.0,0.0031,0.0031,0.0006,0.0,1.0,0.0,4.0896,0.0,0.0,0.0,0.0,4.0896,4.0896,4.091
2087,0.0,0.0028,0.0028,0.0005,0.0,1.0,0.0,3.9655,0.0,0.0,0.0,0.0,3.9655,3.9655,3.9648
2088,0.0,0.0024,0.0024,0.0004,0.0,1.0,0.0,3.6525,0.0,0.0,0.0,0.0,3.6525,3.6525,3.6551
2089,0.0,0.0024,0.0024,0.0004,0.0,1.0,0.0,3.7485,0.0,0.0,0.0,0.0,3.7485,3.7485,3.7533
2090,0.0,0.0027,0.0027,0.0005,0.0,1.0,0.0,3.5742,0.0,0.0,0.0,0.0,3.5742,3.5742,3.573
2091,0.0,0.002,0.002,0.0004,0.0,1.0,0.0,3.5698,0.0,0.0,0.0,0.0,3.5698,3.5698,3.5694
2092,0.0,0.0032,0.0032,0.0006,0.0,1.0,0.0,4.4895,0.0,0.0,0.0,0.0,4.4895000000000005,4.4895000000000005,4.4918
2093,0.0,0.0028,0.0028,0.0005,0.0,1.0,0.0,3.9364,0.0,0.0,0.0,0.0,3.9364,3.9364,3.9372
2094,0.0,0.0024,0.0024,0.0004,0.0,1.0,0.0,3.788,0.0,0.0,0.0,0.0,3.7880000000000003,3.7880000000000003,3.7834
2095,0.0,0.0026,0.0026,0.0005,0.0,1.0,0.0,3.8996,0.0,0.0,0.0,0.0,3.8995999999999995,3.8995999999999995,3.9005
2096,0.0,0.003,0.003,0.0005,0.0,1.0,0.0,3.8795,0.0,0.0,0.0,0.0,3.8795000000000006,3.8795000000000006,3.8814
2097,0.0,0.0031,0.0031,0.0005,0.0,1.0,0.0,4.4292,0.0,0.0,0.0,0.0,4.4292,4.4292,4.4313
2098,0.0,0.0014,0.0014,0.0003,0.0,1.0,0.0,3.3068,0.0,0.0,0.0,0.0,3.3068,3.3068,3.3093
2099,0.0,0.0019,0.0019,0.0003,0.0,1.0,0.0,2.9046,0.0,0.0,0.0,0.0,2.9046000000000003,2.9046000000000003,2.9007
2100,0.0,0.0028,0.0028,0.0005,0.0,1.0,0.0,4.1426,0.0,0.0,0.0,0.0,4.1426,4.1426,4.1434
2101,0.0,0.0031,0.0031,0.0006,0.0,1.0,0.0,4.7975,0.0,0.0,0.0,0.0,4.7975,4.7975,4.7962
2102,0.0,0.0029,0.0029,0.0005,0.0,1.0,0.0,4.1556,0.0,0.0,0.0,0.0,4.1556,4.1556,4.1524
2103,0.0,0.0021,0.0021,0.0004,0.0,1.0,0.0,3.8289,0.0,0.0,0.0,0.0,3.8289000000000004,3.8289000000000004,3.8257
2104,0.0,0.0035,0.0035,0.0006,0.0,1.0,0.0,3.3929,0.0,0.0,0.0,0.0,3.3929,3.3929,3.3887
2105,0.0,0.0022,0.0022,0.0004,0.0,1.0,0.0,3.5352,0.0,0.0,0.0,0.0,3.5351999999999997,3.5351999999999997,3.5315
2106,0.0,0.0032,0.0032,0.0006,0.0,1.0,0.0,3.7952,0.0,0.0,0.0,0.0,3.7952,3.7952,3.7921
2107,0.0,0.003,0.003,0.0005,0.0,1.0,0.0,4.0344,0.0,0.0,0.0,0.0,4.0344,4.0344,4.035
2108,0.0,0.0026,0.0026,0.0005,0.0,1.0,0.0,3.811,0.0,0.0,0.0,0.0,3.811,3.811,3.8117
2109,0.0,0.0032,0.0032,0.0006,0.0,1.0,0.0,3.6105,0.0,0.0,0.0,0.0,3.6105,3.6105,3.6116
2110,0.0,0.0022,0.0022,0.0004,0.0,1.0,0.0,3.349,0.0,0.0,0.0,0.0,3.3489999999999998,3.3489999999999998,3.3449
2111,0.0,0.0029,0.0029,0.0005,0.0,1.0,0.0,4.5373,0.0,0.0,0.0,0.0,4.5373,4.5373,4.5368
2112,0.0,0.0028,0.0028,0.0005,0.0,1.0,0.0,3.285,0.0,0.0,0.0,0.0,3.2849999999999997,3.2849999999999997,3.2852
2113,0.0,0.0022,0.0022,0.0004,0.0,1.0,0.0,3.2654,0.0,0.0,0.0,0.0,3.2654,3.2654,3.2697
2114,0.0,0.0027,0.0027,0.0005,0.0,1.0,0.0,3.8478,0.0,0.0,0.0,0.0,3.8477999999999994,3.8477999999999994,3.8521
2115,0.0,0.0027,0.0027,0.0005,0.0,1.0,0.0,4.4035,0.0,0.0,0.0,0.0,4.4035,4.4035,4.4034
2116,0.0,0.0023,0.0023,0.0004,0.0,1.0,0.0,3.8115,0.0,0.0,0.0,0.0,3.8115,3.8115,3.8158
2117,0.0,0.0028,0.0028,0.0005,0.0,1.0,0.0,3.4515,0.0,0.0,0.0,0.0,3.4515000000000002,3.4515000000000002,3.448
2118,0.0,0.0028,0.0028,0.0005,0.0,1.0,0.0,3.8882,0.0,0.0,0.0,0.0,3.8882,3.8882,3.8913
2119,0.0,0.0031,0.0031,0.0006,0.0,1.0,0.0,3.7793,0.0,0.0,0.0,0.0,3.7793000000000005,3.7793000000000005,3.777
2120,0.0,0.0022,0.0022,0.0004,0.0,1.0,0.0,3.9114,0.0,0.0,0.0,0.0,3.9114,3.9114,3.9127
2121,0.0,0.0029,0.0029,0.0005,0.0,1.0,0.0,4.2993,0.0,0.0,0.0,0.0,4.2993,4.2993,4.298
2122,0.0,0.0026,0.0026,0.0005,0.0,1.0,0.0,3.972,0.0,0.0,0.0,0.0,3.9719999999999995,3.9719999999999995,3.9672
2123,0.0,0.0021,0.0021,0.0004,0.0,1.0,0.0,3.1775,0.0,0.0,0.0,0.0,3.1775,3.1775,3.1758
2124,0.0,0.0027,0.0027,0.0005,0.0,1.0,0.0,3.7726,0.0,0.0,0.0,0.0,3.7725999999999997,3.7725999999999997,3.7686
2125,0.0,0.0026,0.0026,0.0005,0.0,1.0,0.0,3.3911,0.0,0.0,0.0,0.0,3.3911,3.3911,3.3864
2126,0.0,0.0028,0.0028,0.0005,0.0,1.0,0.0,4.1343,0.0,0.0,0.0,0.0,4.1343,4.1343,4.1385
2127,0.0,0.0029,0.0029,0.0005,0.0,1.0,0.0,3.6376,0.0,0.0,0.0,0.0,3.6376,3.6376,3.642
2128,0.0,0.0022,0.0022,0.0004,0.0,1.0,0.0,3.7321,0.0,0.0,0.0,0.0,3.7321,3.7321,3.7281
2129,0.0,0.0025,0.0025,0.0005,0.0,1.0,0.0,3.4183,0.0,0.0,0.0,0.0,3.4183,3.4183,3.4162
2130,0.0,0.0025,0.0025,0.0004,0.0,1.0,0.0,3.8251,0.0,0.0,0.0,0.0,3.8251,3.8251,3.8287
2131,0.0,0.0022,0.0022,0.0004,0.0,1.0,0.0,3.5114,0.0,0.0,0.0,0.0,3.5114,3.5114,3.5138
2132,0.0,0.0026,0.0026,0.0005,0.0,1.0,0.0,3.5825,0.0,0.0,0.0,0.0,3.5825000000000005,3.5825000000000005,3.5791
2133,0.0,0.0036,0.0036,0.0006,0.0,1.0,0.0,4.1362,0.0,0.0,0.0,0.0,4.1362,4.1362,4.1331
2134,0.0,0.003,0.003,0.0005,0.0,1.0,0.0,3.8963,0.0,0.0,0.0,0.0,3.8963,3.8963,3.8943
2135,0.0,0.0029,0.0029,0.0005,0.0,1.0,0.0,3.8255,0.0,0.0,0.0,0.0,3.8255,3.8255,3.8237
2136,0.0,0.0031,0.0031,0.0006,0.0,1.0,0.0,4.406,0.0,0.0,0.0,0.0,4.406,4.406,4.41
2137,0.0,0.0031,0.0031,0.0005,0.0,1.0,0.0,4.0963,0.0,0.0,0.0,0.0,4.096299999999999,4.096299999999999,4.0993
2138,0.0,0.0027,0.0027,0.0005,0.0,1.0,0.0,3.5352,0.0,0.0,0.0,0.0,3.5352,3.5352,3.5307
2139,0.0,0.0026,0.0026,0.0005,0.0,1.0,0.0,3.0205,0.0,0.0,0.0,0.0,3.0205,3.0205,3.0166
2140,0.0,0.0027,0.0027,0.0005,0.0,1.0,0.0,3.9078,0.0,0.0,0.0,0.0,3.9078,3.9078,3.9078
2141,0.0,0.0026,0.0026,0.0005,0.0,1.0,0.0,3.6555,0.0,0.0,0.0,0.0,3.6555000000000004,3.6555000000000004,3.6518
2142,0.0,0.0021,0.0021,0.0004,0.0,1.0,0.0,3.7698,0.0,0.0,0.0,0.0,3.7698,3.7698,3.7669
2143,0.0,0.0029,0.0029,0.0005,0.0,1.0,0.0,3.8016,0.0,0.0,0.0,0.0,3.8016,3.8016,3.804
2144,0.0,0.0025,0.0025,0.0004,0.0,1.0,0.0,3.7396,0.0,0.0,0.0,0.0,3.7396000000000003,3.7396000000000003,3.739
2145,0.0,0.0033,0.0033,0.0006,0.0,1.0,0.0,4.3164,0.0,0.0,0.0,0.0,4.3164,4.3164,4.3162
2146,0.0,0.0022,0.0022,0.0004,0.0,1.0,0.0,2.8574,0.0,0.0,0.0,0.0,2.8574,2.8574,2.8568
2147,0.0,0.0026,0.0026,0.0005,0.0,1.0,0.0,4.2161,0.0,0.0,0.0,0.0,4.216100000000001,4.216100000000001,4.2174
2148,0.0,0.003,0.003,0.0005,0.0,1.0,0.0,4.228,0.0,0.0,0.0,0.0,4.228,4.228,4.233
2149,0.0,0.0024,0.0024,0.0004,0.0,1.0,0.0,3.6451,0.0,0.0,0.0,0.0,3.6451000000000002,3.6451000000000002,3.6457
2150,0.0,0.0019,0.0019,0.0003,0.0,1.0,0.0,3.2309,0.0,0.0,0.0,0.0,3.2309,3.2309,3.2314
2151,0.0,0.0024,0.0024,0.0004,0.0,1.0,0.0,3.4717,0.0,0.0,0.0,0.0,3.4717000000000002,3.4717000000000002,3.474
2152,0.0,0.0029,0.0029,0.0005,0.0,1.0,0.0,4.0565,0.0,0.0,0.0,0.0,4.0565,4.0565,4.0554
2153,0.0,0.0025,0.0025,0.0005,0.0,1.0,0.0,3.8615,0.0,0.0,0.0,0.0,3.8615,3.8615,3.8659
2154,0.0,0.0018,0.0018,0.0003,0.0,1.0,0.0,3.2368,0.0,0.0,0.0,0.0,3.2368,3.2368,3.2412
2155,0.0,0.0036,0.0036,0.0007,0.0,1.0,0.0,3.7795,0.0,0.0,0.0,0.0,3.779499999999999,3.779499999999999,3.7761
2156,0.0,0.0035,0.0035,0.0006,0.0,1.0,0.0,4.187,0.0,0.0,0.0,0.0,4.186999999999999,4.186999999999999,4.1826
2157,0.0,0.0027,0.0027,0.0005,0.0,1.0,0.0,3.9453,0.0,0.0,0.0,0.0,3.9453,3.9453,3.9408
2158,0.0,0.0032,0.0032,0.0006,0.0,1.0,0.0,3.8801,0.0,0.0,0.0,0.0,3.8801,3.8801,3.8759
2159,0.0,0.004,0.004,0.0007,0.0,1.0,0.0,4.5392,0.0,0.0,0.0,0.0,4.539199999999999,4.539199999999999,4.5368
2160,0.0,0.003,0.003,0.0005,0.0,1.0,0.0,4.0142,0.0,0.0,0.0,0.0,4.014200000000001,4.014200000000001,4.0159
2161,0.0,0.0034,0.0034,0.0006,0.0,1.0,0.0,4.5465,0.0,0.0,0.0,0.0,4.5465,4.5465,4.5496
2162,0.0,0.0029,0.0029,0.0005,0.0,1.0,0.0,3.5022,0.0,0.0,0.0,0.0,3.5021999999999998,3.5021999999999998,3.5019
2163,0.0,0.0025,0.0025,0.0004,0.0,1.0,0.0,3.2883,0.0,0.0,0.0,0.0,3.2883,3.2883,3.2889
2164,0.0,0.0021,0.0021,0.0004,0.0,1.0,0.0,3.4822,0.0,0.0,0.0,0.0,3.4822,3.4822,3.4779
2165,0.0,0.0031,0.0031,0.0006,0.0,1.0,0.0,3.771,0.0,0.0,0.0,0.0,3.771,3.771,3.771
2166,0.0,0.0026,0.0026,0.0005,0.0,1.0,0.0,3.3768,0.0,0.0,0.0,0.0,3.3768000000000002,3.3768000000000002,3.3804
2167,0.0,0.0025,0.0025,0.0005,0.0,1.0,0.0,3.8456,0.0,0.0,0.0,0.0,3.8456,3.8456,3.8465
2168,0.0,0.0037,0.0037,0.0007,0.0,1.0,0.0,3.7373,0.0,0.0,0.0,0.0,3.7373,3.7373,3.7398
2169,0.0,0.0025,0.0025,0.0005,0.0,1.0,0.0,3.6752,0.0,0.0,0.0,0.0,3.6752,3.6752,3.6747
2170,0.0,0.0023,0.0023,0.0004,0.0,1.0,0.0,3.4197,0.0,0.0,0.0,0.0,3.4196999999999997,3.4196999999999997,3.4157
2171,0.0,0.0029,0.0029,0.0005,0.0,1.0,0.0,3.9225,0.0,0.0,0.0,0.0,3.9225,3.9225,3.9263
2172,0.0,0.0031,0.0031,0.0006,0.0,1.0,0.0,3.8756,0.0,0.0,0.0,0.0,3.8756,3.8756,3.8733
2173,0.0,0.0028,0.0028,0.0005,0.0,1.0,0.0,4.4001,0.0,0.0,0.0,0.0,4.4001,4.4001,4.4009
2174,0.0,0.0031,0.0031,0.0006,0.0,1.0,0.0,4.4601,0.0,0.0,0.0,0.0,4.460100000000001,4.460100000000001,4.4552
2175,0.0,0.0023,0.0023,0.0004,0.0,1.0,0.0,4.1514,0.0,0.0,0.0,0.0,4.1514,4.1514,4.1554
2176,0.0,0.0033,0.0033,0.0006,0.0,1.0,0.0,3.58,0.0,0.0,0.0,0.0,3.5799999999999996,3.5799999999999996,3.5805
2177,0.0,0.0037,0.0037,0.0007,0.0,1.0,0.0,3.7931,0.0,0.0,0.0,0.0,3.7931000000000004,3.7931000000000004,3.7895
2178,0.0,0.0021,0.0021,0.0004,0.0,1.0,0.0,3.1007,0.0,0.0,0.0,0.0,3.1007000000000002,3.1007000000000002,3.1042
2179,0.0,0.0032,0.0032,0.0006,0.0,1.0,0.0,4.2668,0.0,0.0,0.0,0.0,4.2668,4.2668,4.2622
2180,0.0,0.0031,0.0031,0.0005,0.0,1.0,0.0,3.7613,0.0,0.0,0.0,0.0,3.7613,3.7613,3.7598
2181,0.0,0.0029,0.0029,0.0005,0.0,1.0,0.0,4.0182,0.0,0.0,0.0,0.0,4.0182,4.0182,4.0147
2182,0.0,0.0025,0.0025,0.0004,0.0,1.0,0.0,3.5642,0.0,0.0,0.0,0.0,3.5642,3.5642,3.5686
2183,0.0,0.0024,0.0024,0.0004,0.0,1.0,0.0,3.8508,0.0,0.0,0.0,0.0,3.8508,3.8508,3.8544
2184,0.0,0.0021,0.0021,0.0004,0.0,1.0,0.0,3.2919,0.0,0.0,0.0,0.0,3.2919000000000005,3.2919000000000005,3.2925
2185,0.0,0.0026,0.0026,0.0005,0.0,1.0,0.0,4.3925,0.0,0.0,0.0,0.0,4.3925,4.3925,4.3957
2186,0.0,0.0027,0.0027,0.0005,0.0,1.0,0.0,3.877,0.0,0.0,0.0,0.0,3.8770000000000002,3.8770000000000002,3.8773
2187,0.0,0.0032,0.0032,0.0006,0.0,1.0,0.0,4.0446,0.0,0.0,0.0,0.0,4.0446,4.0446,4.0454
2188,0.0,0.0029,0.0029,0.0005,0.0,1.0,0.0,3.5332,0.0,0.0,0.0,0.0,3.5332,3.5332,3.5358
2189,0.0,0.0029,0.0029,0.0005,0.0,1.0,0.0,3.8678,0.0,0.0,0.0,0.0,3.8678000000000003,3.8678000000000003,3.8655
2190,0.0,0.0023,0.0023,0.0004,0.0,1.0,0.0,3.7032,0.0,0.0,0.0,0.0,3.7032,3.7032,3.7042
2191,0.0,0.0028,0.0028,0.0005,0.0,1.0,0.0,3.9511,0.0,0.0,0.0,0.0,3.9511000000000003,3.9511000000000003,3.9519
2192,0.0,0.0033,0.0033,0.0006,0.0,1.0,0.0,3.4755,0.0,0.0,0.0,0.0,3.4755000000000003,3.4755000000000003,3.4798
2193,0.0,0.003,0.003,0.0005,0.0,1.0,0.0,3.918,0.0,0.0,0.0,0.0,3.918,3.918,3.9195
2194,0.0,0.0026,0.0026,0.0005,0.0,1.0,0.0,3.8453,0.0,0.0,0.0,0.0,3.8453,3.8453,3.8452
2195,0.0,0.0019,0.0019,0.0004,0.0,1.0,0.0,3.254,0.0,0.0,0.0,0.0,3.254,3.254,3.2502
2196,0.0,0.0033,0.0033,0.0006,0.0,1.0,0.0,3.8004,0.0,0.0,0.0,0.0,3.8004,3.8004,3.8016
2197,0.0,0.0024,0.0024,0.0004,0.0,1.0,0.0,4.057,0.0,0.0,0.0,0.0,4.0569999999999995,4.0569999999999995,4.0543
2198,0.0,0.0026,0.0026,0.0005,0.0,1.0,0.0,3.2827,0.0,0.0,0.0,0.0,3.2826999999999997,3.2826999999999997,3.2777
2199,0.0,0.0019,0.0019,0.0003,0.0,1.0,0.0,3.3064,0.0,0.0,0.0,0.0,3.3063999999999996,3.3063999999999996,3.3053
2200,0.0,0.0022,0.0022,0.0004,0.0,1.0,0.0,3.4126,0.0,0.0,0.0,0.0,3.4126,3.4126,3.4096
2201,0.0,0.0038,0.0038,0.0007,0.0,1.0,0.0,4.8535,0.0,0.0,0.0,0.0,4.8534999999999995,4.8534999999999995,4.8546
2202,0.0,0.0033,0.0033,0.0006,0.0,1.0,0.0,4.5557,0.0,0.0,0.0,0.0,4.5557,4.5557,4.5538
2203,0.0,0.0028,0.0028,0.0005,0.0,1.0,0.0,3.9191,0.0,0.0,0.0,0.0,3.9191000000000003,3.9191000000000003,3.9191
2204,0.0,0.0022,0.0022,0.0004,0.0,1.0,0.0,3.8481,0.0,0.0,0.0,0.0,3.8480999999999996,3.8480999999999996,3.8501
2205,0.0,0.0025,0.0025,0.0005,0.0,1.0,0.0,3.7897,0.0,0.0,0.0,0.0,3.7897,3.7897,3.789
2206,0.0,0.0025,0.0025,0.0004,0.0,1.0,0.0,4.0024,0.0,0.0,0.0,0.0,4.0024,4.0024,4.004
2207,0.0,0.0028,0.0028,0.0005,0.0,1.0,0.0,3.5419,0.0,0.0,0.0,0.0,3.5419,3.5419,3.5418
2208,0.0,0.0025,0.0025,0.0004,0.0,1.0,0.0,3.9053,0.0,0.0,0.0,0.0,3.9053,3.9053,3.9025
2209,0.0,0.0039,0.0039,0.0007,0.0,1.0,0.0,4.0841,0.0,0.0,0.0,0.0,4.084099999999999,4.084099999999999,4.0841
2210,0.0,0.002,0.002,0.0004,0.0,1.0,0.0,3.7278,0.0,0.0,0.0,0.0,3.7278,3.7278,3.7245
2211,0.0,0.0032,0.0032,0.0006,0.0,1.0,0.0,4.3639,0.0,0.0,0.0,0.0,4.3639,4.3639,4.3678
2212,0.0,0.0025,0.0025,0.0004,0.0,1.0,0.0,3.6021,0.0,0.0,0.0,0.0,3.6021,3.6021,3.6061
2213,0.0,0.0039,0.0039,0.0007,0.0,1.0,0.0,4.57,0.0,0.0,0.0,0.0,4.57,4.57,4.5692
2214,0.0,0.0027,0.0027,0.0005,0.0,1.0,0.0,4.1255,0.0,0.0,0.0,0.0,4.1255,4.1255,4.1247
2215,0.0,0.0024,0.0024,0.0004,0.0,1.0,0.0,3.5982,0.0,0.0,0.0,0.0,3.5982,3.5982,3.6015
2216,0.0,0.0024,0.0024,0.0004,0.0,1.0,0.0,3.4327,0.0,0.0,0.0,0.0,3.4327,3.4327,3.4358
2217,0.0,0.0029,0.0029,0.0005,0.0,1.0,0.0,3.629,0.0,0.0,0.0,0.0,3.629,3.629,3.6258
2218,0.0,0.0024,0.0024,0.0004,0.0,1.0,0.0,3.7314,0.0,0.0,0.0,0.0,3.7314,3.7314,3.7322
2219,0.0,0.0027,0.0027,0.0005,0.0,1.0,0.0,3.4408,0.0,0.0,0.0,0.0,3.4408000000000003,3.4408000000000003,3.4405
2220,0.0,0.0022,0.0022,0.0004,0.0,1.0,0.0,3.7435,0.0,0.0,0.0,0.0,3.7434999999999996,3.7434999999999996,3.7465
2221,0.0,0.0019,0.0019,0.0003,0.0,1.0,0.0,3.2923,0.0,0.0,0.0,0.0,3.2923,3.2923,3.2963
2222,0.0,0.0025,0.0025,0.0004,0.0,1.0,0.0,3.2967,0.0,0.0,0.0,0.0,3.2967,3.2967,3.3011
2223,0.0,0.003,0.003,0.0005,0.0,1.0,0.0,4.2949,0.0,0.0,0.0,0.0,4.2949,4.2949,4.2917
2224,0.0,0.0035,0.0035,0.0006,0.0,1.0,0.0,3.7345,0.0,0.0,0.0,0.0,3.7344999999999997,3.7344999999999997,3.7388
2225,0.0,0.003,0.003,0.0005,0.0,1.0,0.0,4.2935,0.0,0.0,0.0,0.0,4.2935,4.2935,4.2923
2226,0.0,0.0022,0.0022,0.0004,0.0,1.0,0.0,3.8827,0.0,0.0,0.0,0.0,3.8827000000000003,3.8827000000000003,3.8815
2227,0.0,0.0019,0.0019,0.0003,0.0,1.0,0.0,3.9813,0.0,0.0,0.0,0.0,3.9813,3.9813,3.982
2228,0.0,0.0023,0.0023,0.0004,0.0,1.0,0.0,3.57,0.0,0.0,0.0,0.0,3.57,3.57,3.5711
2229,0.0,0.0023,0.0023,0.0004,0.0,1.0,0.0,3.6664,0.0,0.0,0.0,0.0,3.6664,3.6664,3.6695
2230,0.0,0.0023,0.0023,0.0004,0.0,1.0,0.0,3.6746,0.0,0.0,0.0,0.0,3.6746,3.6746,3.6752
2231,0.0,0.0027,0.0027,0.0005,0.0,1.0,0.0,3.757,0.0,0.0,0.0,0.0,3.757,3.757,3.7531
2232,0.0,0.0031,0.0031,0.0006,0.0,1.0,0.0,3.7358,0.0,0.0,0.0,0.0,3.7358,3.7358,3.7317
2233,0.0,0.0028,0.0028,0.0005,0.0,1.0,0.0,3.9702,0.0,0.0,0.0,0.0,3.9702,3.9702,3.9683
2234,0.0,0.0036,0.0036,0.0007,0.0,1.0,0.0,3.7097,0.0,0.0,0.0,0.0,3.7097,3.7097,3.7105
2235,0.0,0.003,0.003,0.0005,0.0,1.0,0.0,3.3164,0.0,0.0,0.0,0.0,3.3164,3.3164,3.3131
2236,0.0,0.0025,0.0025,0.0004,0.0,1.0,0.0,3.4854,0.0,0.0,0.0,0.0,3.4854000000000003,3.4854000000000003,3.4885
2237,0.0,0.0027,0.0027,0.0005,0.0,1.0,0.0,3.8905,0.0,0.0,0.0,0.0,3.8905000000000003,3.8905000000000003,3.8856
2238,0.0,0.0029,0.0029,0.0005,0.0,1.0,0.0,3.75,0.0,0.0,0.0,0.0,3.75,3.75,3.7511
2239,0.0,0.0028,0.0028,0.0005,0.0,1.0,0.0,3.787,0.0,0.0,0.0,0.0,3.787,3.787,3.7871
2240,0.0,0.002,0.002,0.0004,0.0,1.0,0.0,3.5509,0.0,0.0,0.0,0.0,3.5509,3.5509,3.5495
2241,0.0,0.0029,0.0029,0.0005,0.0,1.0,0.0,4.2983,0.0,0.0,0.0,0.0,4.2983,4.2983,4.2948
2242,0.0,0.0024,0.0024,0.0004,0.0,1.0,0.0,3.6418,0.0,0.0,0.0,0.0,3.6418,3.6418,3.6447
2243,0.0,0.0031,0.0031,0.0006,0.0,1.0,0.0,3.9747,0.0,0.0,0.0,0.0,3.9747000000000003,3.9747000000000003,3.9795
2244,0.0,0.0023,0.0023,0.0004,0.0,1.0,0.0,3.3143,0.0,0.0,0.0,0.0,3.3143000000000002,3.3143000000000002,3.3189
2245,0.0,0.0032,0.0032,0.0006,0.0,1.0,0.0,3.9161,0.0,0.0,0.0,0.0,3.9160999999999997,3.9160999999999997,3.9151
2246,0.0,0.0028,0.0028,0.0005,0.0,1.0,0.0,4.2963,0.0,0.0,0.0,0.0,4.2963,4.2963,4.2946
2247,0.0,0.0026,0.0026,0.0005,0.0,1.0,0.0,3.782,0.0,0.0,0.0,0.0,3.782,3.782,3.7805
2248,0.0,0.0027,0.0027,0.0005,0.0,1.0,0.0,3.6289,0.0,0.0,0.0,0.0,3.6289,3.6289,3.6278
2249,0.0,0.0032,0.0032,0.0006,0.0,1.0,0.0,4.2027,0.0,0.0,0.0,0.0,4.2027,4.2027,4.1977
2250,0.0,0.0025,0.0025,0.0004,0.0,1.0,0.0,3.9579,0.0,0.0,0.0,0.0,3.9579000000000004,3.9579000000000004,3.956
2251,0.0,0.0021,0.0021,0.0004,0.0,1.0,0.0,3.3921,0.0,0.0,0.0,0.0,3.3921,3.3921,3.3925
2252,0.0,0.0026,0.0026,0.0005,0.0,1.0,0.0,3.418,0.0,0.0,0.0,0.0,3.418,3.418,3.4228
2253,0.0,0.0029,0.0029,0.0005,0.0,1.0,0.0,4.0147,0.0,0.0,0.0,0.0,4.0146999999999995,4.0146999999999995,4.0128
2254,0.0,0.0029,0.0029,0.0005,0.0,1.0,0.0,4.2877,0.0,0.0,0.0,0.0,4.2877,4.2877,4.2927
2255,0.0,0.0022,0.0022,0.0004,0.0,1.0,0.0,3.614,0.0,0.0,0.0,0.0,3.614,3.614,3.6186
2256,0.0,0.003,0.003,0.0005,0.0,1.0,0.0,3.8721,0.0,0.0,0.0,0.0,3.8721000000000005,3.8721000000000005,3.8744
2257,0.0,0.0024,0.0024,0.0004,0.0,1.0,0.0,3.6939,0.0,0.0,0.0,0.0,3.6938999999999997,3.6938999999999997,3.6896
2258,0.0,0.0024,0.0024,0.0004,0.0,1.0,0.0,3.6798,0.0,0.0,0.0,0.0,3.6797999999999997,3.6797999999999997,3.6807
2259,0.0,0.0026,0.0026,0.0005,0.0,1.0,0.0,3.7606,0.0,0.0,0.0,0.0,3.7605999999999997,3.7605999999999997,3.7559
2260,0.0,0.0021,0.0021,0.0004,0.0,1.0,0.0,2.966,0.0,0.0,0.0,0.0,2.966,2.966,2.9692
2261,0.0,0.0022,0.0022,0.0004,0.0,1.0,0.0,3.9141,0.0,0.0,0.0,0.0,3.9141000000000004,3.9141000000000004,3.9138
2262,0.0,0.0024,0.0024,0.0004,0.0,1.0,0.0,3.4033,0.0,0.0,0.0,0.0,3.4032999999999998,3.4032999999999998,3.3985
2263,0.0,0.0029,0.0029,0.0005,0.0,1.0,0.0,3.0407,0.0,0.0,0.0,0.0,3.0406999999999997,3.0406999999999997,3.0381
2264,0.0,0.0031,0.0031,0.0006,0.0,1.0,0.0,4.165,0.0,0.0,0.0,0.0,4.165,4.165,4.1611
2265,0.0,0.0028,0.0028,0.0005,0.0,1.0,0.0,3.5326,0.0,0.0,0.0,0.0,3.5326,3.5326,3.5347
2266,0.0,0.0026,0.0026,0.0005,0.0,1.0,0.0,3.4742,0.0,0.0,0.0,0.0,3.4742,3.4742,3.4762
2267,0.0,0.0023,0.0023,0.0004,0.0,1.0,0.0,3.5177,0.0,0.0,0.0,0.0,3.5177,3.5177,3.5212
2268,0.0,0.0026,0.0026,0.0005,0.0,1.0,0.0,4.5296,0.0,0.0,0.0,0.0,4.529599999999999,4.529599999999999,4.5272
2269,0.0,0.0027,0.0027,0.0005,0.0,1.0,0.0,3.5299,0.0,0.0,0.0,0.0,3.5299000000000005,3.5299000000000005,3.5312
2270,0.0,0.0024,0.0024,0.0004,0.0,1.0,0.0,2.885,0.0,0.0,0.0,0.0,2.8850000000000002,2.8850000000000002,2.8883
2271,0.0,0.002,0.002,0.0004,0.0,1.0,0.0,3.1988,0.0,0.0,0.0,0.0,3.1988,3.1988,3.2029
2272,0.0,0.0029,0.0029,0.0005,0.0,1.0,0.0,3.6659,0.0,0.0,0.0,0.0,3.6658999999999997,3.6658999999999997,3.6655
2273,0.0,0.0029,0.0029,0.0005,0.0,1.0,0.0,4.2382,0.0,0.0,0.0,0.0,4.2382,4.2382,4.2388
2274,0.0,0.002,0.002,0.0004,0.0,1.0,0.0,3.7373,0.0,0.0,0.0,0.0,3.7373000000000003,3.7373000000000003,3.7419
2275,0.0,0.004,0.004,0.0007,0.0,1.0,0.0,4.1101,0.0,0.0,0.0,0.0,4.1101,4.1101,4.1082
2276,0.0,0.0026,0.0026,0.0005,0.0,1.0,0.0,4.0239,0.0,0.0,0.0,0.0,4.0239,4.0239,4.0268
2277,0.0,0.0031,0.0031,0.0006,0.0,1.0,0.0,3.5069,0.0,0.0,0.0,0.0,3.5069000000000004,3.5069000000000004,3.5055
2278,0.0,0.0032,0.0032,0.0006,0.0,1.0,0.0,3.8325,0.0,0.0,0.0,0.0,3.8325,3.8325,3.8343
2279,0.0,0.0029,0.0029,0.0005,0.0,1.0,0.0,3.8954,0.0,0.0,0.0,0.0,3.8953999999999995,3.8953999999999995,3.891
2280,0.0,0.0027,0.0027,0.0005,0.0,1.0,0.0,4.324,0.0,0.0,0.0,0.0,4.324,4.324,4.3196
2281,0.0,0.0026,0.0026,0.0005,0.0,1.0,0.0,3.5368,0.0,0.0,0.0,0.0,3.5368,3.5368,3.539
2282,0.0,0.0029,0.0029,0.0005,0.0,1.0,0.0,3.7281,0.0,0.0,0.0,0.0,3.7281,3.7281,3.7249
2283,0.0,0.0028,0.0028,0.0005,0.0,1.0,0.0,3.6587,0.0,0.0,0.0,0.0,3.6587,3.6587,3.6565
2284,0.0,0.0027,0.0027,0.0005,0.0,1.0,0.0,3.9714,0.0,0.0,0.0,0.0,3.9714,3.9714,3.9708
2285,0.0,0.0019,0.0019,0.0003,0.0,1.0,0.0,3.6094,0.0,0.0,0.0,0.0,3.6094,3.6094,3.6085
2286,0.0,0.0022,0.0022,0.0004,0.0,1.0,0.0,3.4338,0.0,0.0,0.0,0.0,3.4338,3.4338,3.4294
2287,0.0,0.0034,0.0034,0.0006,0.0,1.0,0.0,4.0225,0.0,0.0,0.0,0.0,4.0225,4.0225,4.0201
2288,0.0,0.0028,0.0028,0.0005,0.0,1.0,0.0,4.3155,0.0,0.0,0.0,0.0,4.3155,4.3155,4.3192
2289,0.0,0.002,0.002,0.0004,0.0,1.0,0.0,3.4436,0.0,0.0,0.0,0.0,3.4436000000000004,3.4436000000000004,3.4435
2290,0.0,0.0035,0.0035,0.0006,0.0,1.0,0.0,3.727,0.0,0.0,0.0,0.0,3.727,3.727,3.7239
2291,0.0,0.0022,0.0022,0.0004,0.0,1.0,0.0,3.3338,0.0,0.0,0.0,0.0,3.3338,3.3338,3.3361
2292,0.0,0.0022,0.0022,0.0004,0.0,1.0,0.0,3.2765,0.0,0.0,0.0,0.0,3.2765,3.2765,3.2782
2293,0.0,0.0025,0.0025,0.0005,0.0,1.0,0.0,3.9192,0.0,0.0,0.0,0.0,3.9192,3.9192,3.917
2294,0.0,0.0026,0.0026,0.0005,0.0,1.0,0.0,3.9013,0.0,0.0,0.0,0.0,3.9013,3.9013,3.8995
2295,0.0,0.0027,0.0027,0.0005,0.0,1.0,0.0,3.5628,0.0,0.0,0.0,0.0,3.5627999999999997,3.5627999999999997,3.5654
2296,0.0,0.0018,0.0018,0.0003,0.0,1.0,0.0,3.3713,0.0,0.0,0.0,0.0,3.3713,3.3713,3.3679
2297,0.0,0.0023,0.0023,0.0004,0.0,1.0,0.0,3.2533,0.0,0.0,0.0,0.0,3.2533,3.2533,3.2505
2298,0.0,0.0032,0.0032,0.0006,0.0,1.0,0.0,4.193,0.0,0.0,0.0,0.0,4.193,4.193,4.1975
2299,0.0,0.0016,0.0016,0.0003,0.0,1.0,0.0,3.4705,0.0,0.0,0.0,0.0,3.4705,3.4705,3.4715
2300,0.0,0.002,0.002,0.0004,0.0,1.0,0.0,3.4249,0.0,0.0,0.0,0.0,3.4249,3.4249,3.4258
2301,0.0,0.0035,0.0035,0.0006,0.0,1.0,0.0,3.9165,0.0,0.0,0.0,0.0,3.9165,3.9165,3.9154
2302,0.0,0.0021,0.0021,0.0004,0.0,1.0,0.0,3.49,0.0,0.0,0.0,0.0,3.4899999999999998,3.4899999999999998,3.49
2303,0.0,0.0022,0.0022,0.0004,0.0,1.0,0.0,3.8628,0.0,0.0,0.0,0.0,3.8627999999999996,3.8627999999999996,3.8596
2304,0.0,0.0025,0.0025,0.0004,0.0,1.0,0.0,3.5757,0.0,0.0,0.0,0.0,3.5757000000000003,3.5757000000000003,3.5785
2305,0.0,0.0031,0.0031,0.0006,0.0,1.0,0.0,4.2336,0.0,0.0,0.0,0.0,4.2336,4.2336,4.2378
2306,0.0,0.0023,0.0023,0.0004,0.0,1.0,0.0,3.6224,0.0,0.0,0.0,0.0,3.6224000000000003,3.6224000000000003,3.6242
2307,0.0,0.0025,0.0025,0.0005,0.0,1.0,0.0,2.9426,0.0,0.0,0.0,0.0,2.9426000000000005,2.9426000000000005,2.9462
2308,0.0,0.0032,0.0032,0.0006,0.0,1.0,0.0,3.9424,0.0,0.0,0.0,0.0,3.9424,3.9424,3.9376
2309,0.0,0.0028,0.0028,0.0005,0.0,1.0,0.0,4.2078,0.0,0.0,0.0,0.0,4.2078,4.2078,4.2064
2310,0.0,0.0022,0.0022,0.0004,0.0,1.0,0.0,3.2332,0.0,0.0,0.0,0.0,3.2332,3.2332,3.2359
2311,0.0,0.0024,0.0024,0.0004,0.0,1.0,0.0,3.8459,0.0,0.0,0.0,0.0,3.8459,3.8459,3.8449
2312,0.0,0.0038,0.0038,0.0007,0.0,1.0,0.0,4.2803,0.0,0.0,0.0,0.0,4.2802999999999995,4.2802999999999995,4.276
2313,0.0,0.0028,0.0028,0.0005,0.0,1.0,0.0,4.029,0.0,0.0,0.0,0.0,4.029,4.029,4.0276
2314,0.0,0.0032,0.0032,0.0006,0.0,1.0,0.0,3.5861,0.0,0.0,0.0,0.0,3.5860999999999996,3.5860999999999996,3.5836
2315,0.0,0.0025,0.0025,0.0004,0.0,1.0,0.0,3.3251,0.0,0.0,0.0,0.0,3.3251,3.3251,3.329
2316,0.0,0.0019,0.0019,0.0003,0.0,1.0,0.0,3.2999,0.0,0.0,0.0,0.0,3.2999000000000005,3.2999000000000005,3.2987
2317,0.0,0.0027,0.0027,0.0005,0.0,1.0,0.0,4.1704,0.0,0.0,0.0,0.0,4.1704,4.1704,4.1751
2318,0.0,0.0035,0.0035,0.0006,0.0,1.0,0.0,3.9533,0.0,0.0,0.0,0.0,3.9532999999999996,3.9532999999999996,3.9575
2319,0.0,0.0023,0.0023,0.0004,0.0,1.0,0.0,4.2016,0.0,0.0,0.0,0.0,4.201600000000001,4.201600000000001,4.197
2320,0.0,0.0025,0.0025,0.0004,0.0,1.0,0.0,3.5476,0.0,0.0,0.0,0.0,3.5476,3.5476,3.5447
2321,0.0,0.003,0.003,0.0005,0.0,1.0,0.0,3.5324,0.0,0.0,0.0,0.0,3.5323999999999995,3.5323999999999995,3.5281
2322,0.0,0.0031,0.0031,0.0006,0.0,1.0,0.0,4.0219,0.0,0.0,0.0,0.0,4.0219000000000005,4.0219000000000005,4.0204
2323,0.0,0.0029,0.0029,0.0005,0.0,1.0,0.0,3.853,0.0,0.0,0.0,0.0,3.853,3.853,3.8543
2324,0.0,0.0033,0.0033,0.0006,0.0,1.0,0.0,3.4763,0.0,0.0,0.0,0.0,3.4762999999999997,3.4762999999999997,3.4755
2325,0.0,0.0027,0.0027,0.0005,0.0,1.0,0.0,3.5859,0.0,0.0,0.0,0.0,3.5859,3.5859,3.5888
2326,0.0,0.003,0.003,0.0005,0.0,1.0,0.0,4.3719,0.0,0.0,0.0,0.0,4.3719,4.3719,4.3687
2327,0.0,0.0022,0.0022,0.0004,0.0,1.0,0.0,3.4345,0.0,0.0,0.0,0.0,3.4345000000000003,3.4345000000000003,3.4316
2328,0.0,0.0025,0.0025,0.0005,0.0,1.0,0.0,3.6851,0.0,0.0,0.0,0.0,3.6851,3.6851,3.6862
2329,0.0,0.0026,0.0026,0.0005,0.0,1.0,0.0,4.2357,0.0,0.0,0.0,0.0,4.2357000000000005,4.2357000000000005,4.2334
2330,0.0,0.0023,0.0023,0.0004,0.0,1.0,0.0,4.2034,0.0,0.0,0.0,0.0,4.2034,4.2034,4.2025
2331,0.0,0.0028,0.0028,0.0005,0.0,1.0,0.0,3.6921,0.0,0.0,0.0,0.0,3.6921000000000004,3.6921000000000004,3.6882
2332,0.0,0.0019,0.0019,0.0003,0.0,1.0,0.0,3.3655,0.0,0.0,0.0,0.0,3.3654999999999995,3.3654999999999995,3.3607
2333,0.0,0.0026,0.0026,0.0005,0.0,1.0,0.0,3.812,0.0,0.0,0.0,0.0,3.812,3.812,3.8122
2334,0.0,0.0023,0.0023,0.0004,0.0,1.0,0.0,3.4236,0.0,0.0,0.0,0.0,3.4236,3.4236,3.4211
2335,0.0,0.0018,0.0018,0.0003,0.0,1.0,0.0,3.7507,0.0,0.0,0.0,0.0,3.7507,3.7507,3.7552
2336,0.0,0.0032,0.0032,0.0006,0.0,1.0,0.0,3.6473,0.0,0.0,0.0,0.0,3.6473,3.6473,3.6435
2337,0.0,0.0019,0.0019,0.0003,0.0,1.0,0.0,3.2706,0.0,0.0,0.0,0.0,3.2706,3.2706,3.267
2338,0.0,0.0028,0.0028,0.0005,0.0,1.0,0.0,3.9613,0.0,0.0,0.0,0.0,3.9613,3.9613,3.965
2339,0.0,0.0018,0.0018,0.0003,0.0,1.0,0.0,2.9151,0.0,0.0,0.0,0.0,2.9151000000000002,2.9151000000000002,2.9178
2340,0.0,0.0026,0.0026,0.0005,0.0,1.0,0.0,3.7301,0.0,0.0,0.0,0.0,3.7301,3.7301,3.7284
2341,0.0,0.0028,0.0028,0.0005,0.0,1.0,0.0,4.0344,0.0,0.0,0.0,0.0,4.0344,4.0344,4.0295
2342,0.0,0.0026,0.0026,0.0005,0.0,1.0,0.0,3.3697,0.0,0.0,0.0,0.0,3.3697,3.3697,3.3686
2343,0.0,0.0035,0.0035,0.0006,0.0,1.0,0.0,4.3438,0.0,0.0,0.0,0.0,4.3438,4.3438,4.346
2344,0.0,0.0025,0.0025,0.0004,0.0,1.0,0.0,3.956,0.0,0.0,0.0,0.0,3.9559999999999995,3.9559999999999995,3.9564
2345,0.0,0.0021,0.0021,0.0004,0.0,1.0,0.0,3.4326,0.0,0.0,0.0,0.0,3.4326,3.4326,3.4338
2346,0.0,0.0032,0.0032,0.0006,0.0,1.0,0.0,3.457,0.0,0.0,0.0,0.0,3.457,3.457,3.4579
2347,0.0,0.0025,0.0025,0.0005,0.0,1.0,0.0,3.4702,0.0,0.0,0.0,0.0,3.4701999999999997,3.4701999999999997,3.4688
2348,0.0,0.0021,0.0021,0.0004,0.0,1.0,0.0,3.5715,0.0,0.0,0.0,0.0,3.5715000000000003,3.5715000000000003,3.5755
2349,0.0,0.0024,0.0024,0.0004,0.0,1.0,0.0,3.6412,0.0,0.0,0.0,0.0,3.6412,3.6412,3.639
2350,0.0,0.0021,0.0021,0.0004,0.0,1.0,0.0,3.4301,0.0,0.0,0.0,0.0,3.4301,3.4301,3.4261
2351,0.0,0.003,0.003,0.0005,0.0,1.0,0.0,3.755,0.0,0.0,0.0,0.0,3.755,3.755,3.7544
2352,0.0,0.0029,0.0029,0.0005,0.0,1.0,0.0,3.6991,0.0,0.0,0.0,0.0,3.6991000000000005,3.6991000000000005,3.7026
2353,0.0,0.0019,0.0019,0.0003,0.0,1.0,0.0,3.3814,0.0,0.0,0.0,0.0,3.3813999999999997,3.3813999999999997,3.3856
2354,0.0,0.0028,0.0028,0.0005,0.0,1.0,0.0,3.5979,0.0,0.0,0.0,0.0,3.5979,3.5979,3.598
2355,0.0,0.0028,0.0028,0.0005,0.0,1.0,0.0,4.0946,0.0,0.0,0.0,0.0,4.0946,4.0946,4.0923
2356,0.0,0.0023,0.0023,0.0004,0.0,1.0,0.0,3.6316,0.0,0.0,0.0,0.0,3.6316,3.6316,3.6272
2357,0.0,0.0021,0.0021,0.0004,0.0,1.0,0.0,3.4323,0.0,0.0,0.0,0.0,3.4322999999999997,3.4322999999999997,3.4291
2358,0.0,0.0031,0.0031,0.0006,0.0,1.0,0.0,4.0808,0.0,0.0,0.0,0.0,4.0808,4.0808,4.0764
2359,0.0,0.0024,0.0024,0.0004,0.0,1.0,0.0,3.5003,0.0,0.0,0.0,0.0,3.5003,3.5003,3.5
2360,0.0,0.0029,0.0029,0.0005,0.0,1.0,0.0,3.3982,0.0,0.0,0.0,0.0,3.3982,3.3982,3.3948
2361,0.0,0.0018,0.0018,0.0003,0.0,1.0,0.0,3.3422,0.0,0.0,0.0,0.0,3.3422,3.3422,3.3413
2362,0.0,0.0028,0.0028,0.0005,0.0,1.0,0.0,3.3286,0.0,0.0,0.0,0.0,3.3286000000000002,3.3286000000000002,3.329
2363,0.0,0.0033,0.0033,0.0006,0.0,1.0,0.0,3.424,0.0,0.0,0.0,0.0,3.424,3.424,3.429
2364,0.0,0.0026,0.0026,0.0005,0.0,1.0,0.0,3.377,0.0,0.0,0.0,0.0,3.377,3.377,3.3741
2365,0.0,0.0027,0.0027,0.0005,0.0,1.0,0.0,3.6813,0.0,0.0,0.0,0.0,3.6813000000000002,3.6813000000000002,3.6783
2366,0.0,0.0033,0.0033,0.0006,0.0,1.0,0.0,4.1469,0.0,0.0,0.0,0.0,4.1469000000000005,4.1469000000000005,4.1459
2367,0.0,0.0024,0.0024,0.0004,0.0,1.0,0.0,3.1641,0.0,0.0,0.0,0.0,3.1641,3.1641,3.1619
2368,0.0,0.0029,0.0029,0.0005,0.0,1.0,0.0,4.5122,0.0,0.0,0.0,0.0,4.5122,4.5122,4.5147
2369,0.0,0.0021,0.0021,0.0004,0.0,1.0,0.0,3.197,0.0,0.0,0.0,0.0,3.197,3.197,3.1996
2370,0.0,0.0023,0.0023,0.0004,0.0,1.0,0.0,2.8623,0.0,0.0,0.0,0.0,2.8623000000000003,2.8623000000000003,2.8581
2371,0.0,0.0025,0.0025,0.0005,0.0,1.0,0.0,3.3721,0.0,0.0,0.0,0.0,3.3721,3.3721,3.3768
2372,0.0,0.0024,0.0024,0.0004,0.0,1.0,0.0,3.2628,0.0,0.0,0.0,0.0,3.2628,3.2628,3.2591
2373,0.0,0.003,0.003,0.0005,0.0,1.0,0.0,3.2416,0.0,0.0,0.0,0.0,3.2415999999999996,3.2415999999999996,3.24
2374,0.0,0.0025,0.0025,0.0004,0.0,1.0,0.0,3.8038,0.0,0.0,0.0,0.0,3.8038000000000003,3.8038000000000003,3.8059
2375,0.0,0.0029,0.0029,0.0005,0.0,1.0,0.0,4.2397,0.0,0.0,0.0,0.0,4.2397,4.2397,4.2431
2376,0.0,0.0029,0.0029,0.0005,0.0,1.0,0.0,3.8948,0.0,0.0,0.0,0.0,3.8948,3.8948,3.8988
2377,0.0,0.0027,0.0027,0.0005,0.0,1.0,0.0,3.6469,0.0,0.0,0.0,0.0,3.6469000000000005,3.6469000000000005,3.6485
2378,0.0,0.003,0.003,0.0005,0.0,1.0,0.0,4.2623,0.0,0.0,0.0,0.0,4.2623,4.2623,4.2629
2379,0.0,0.002,0.002,0.0004,0.0,1.0,0.0,3.4865,0.0,0.0,0.0,0.0,3.4864999999999995,3.4864999999999995,3.4832
2380,0.0,0.0021,0.0021,0.0004,0.0,1.0,0.0,3.3937,0.0,0.0,0.0,0.0,3.3937000000000004,3.3937000000000004,3.3922
2381,0.0,0.003,0.003,0.0005,0.0,1.0,0.0,3.244,0.0,0.0,0.0,0.0,3.2439999999999998,3.2439999999999998,3.2419
2382,0.0,0.0027,0.0027,0.0005,0.0,1.0,0.0,3.5516,0.0,0.0,0.0,0.0,3.5515999999999996,3.5515999999999996,3.5557
2383,0.0,0.0019,0.0019,0.0003,0.0,1.0,0.0,3.528,0.0,0.0,0.0,0.0,3.5280000000000005,3.5280000000000005,3.5281
2384,0.0,0.003,0.003,0.0005,0.0,1.0,0.0,3.7969,0.0,0.0,0.0,0.0,3.7969,3.7969,3.7932
2385,0.0,0.0033,0.0033,0.0006,0.0,1.0,0.0,3.552,0.0,0.0,0.0,0.0,3.552,3.552,3.555
2386,0.0,0.0021,0.0021,0.0004,0.0,1.0,0.0,4.0235,0.0,0.0,0.0,0.0,4.0235,4.0235,4.0238
2387,0.0,0.002,0.002,0.0004,0.0,1.0,0.0,3.1738,0.0,0.0,0.0,0.0,3.1738,3.1738,3.1691
2388,0.0,0.0033,0.0033,0.0006,0.0,1.0,0.0,3.9985,0.0,0.0,0.0,0.0,3.9985,3.9985,3.9937
2389,0.0,0.0035,0.0035,0.0006,0.0,1.0,0.0,4.6067,0.0,0.0,0.0,0.0,4.606699999999999,4.606699999999999,4.6061
2390,0.0,0.0025,0.0025,0.0004,0.0,1.0,0.0,3.8868,0.0,0.0,0.0,0.0,3.8868,3.8868,3.8869
2391,0.0,0.0025,0.0025,0.0004,0.0,1.0,0.0,3.5353,0.0,0.0,0.0,0.0,3.5353,3.5353,3.5374
2392,0.0,0.0026,0.0026,0.0005,0.0,1.0,0.0,3.3997,0.0,0.0,0.0,0.0,3.3997,3.3997,3.3979
2393,0.0,0.0021,0.0021,0.0004,0.0,1.0,0.0,3.7474,0.0,0.0,0.0,0.0,3.7474000000000003,3.7474000000000003,3.7482
2394,0.0,0.0028,0.0028,0.0005,0.0,1.0,0.0,4.2556,0.0,0.0,0.0,0.0,4.255599999999999,4.255599999999999,4.2556
2395,0.0,0.0027,0.0027,0.0005,0.0,1.0,0.0,3.5372,0.0,0.0,0.0,0.0,3.5372000000000003,3.5372000000000003,3.5409
2396,0.0,0.0018,0.0018,0.0003,0.0,1.0,0.0,3.4899,0.0,0.0,0.0,0.0,3.4899,3.4899,3.4867
2397,0.0,0.003,0.003,0.0005,0.0,1.0,0.0,3.3942,0.0,0.0,0.0,0.0,3.3941999999999997,3.3941999999999997,3.3899
2398,0.0,0.0025,0.0025,0.0004,0.0,1.0,0.0,3.5797,0.0,0.0,0.0,0.0,3.5797,3.5797,3.581
2399,0.0,0.0029,0.0029,0.0005,0.0,1.0,0.0,4.0869,0.0,0.0,0.0,0.0,4.0869,4.0869,4.0855
2400,0.0,0.0031,0.0031,0.0006,0.0,1.0,0.0,4.0295,0.0,0.0,0.0,0.0,4.0295,4.0295,4.0289
2401,0.0,0.0029,0.0029,0.0005,0.0,1.0,0.0,3.6185,0.0,0.0,0.0,0.0,3.6185,3.6185,3.6227
2402,0.0,0.0029,0.0029,0.0005,0.0,1.0,0.0,4.121,0.0,0.0,0.0,0.0,4.1209999999999996,4.1209999999999996,4.1181
2403,0.0,0.0021,0.0021,0.0004,0.0,1.0,0.0,4.0085,0.0,0.0,0.0,0.0,4.0085,4.0085,4.0115
2404,0.0,0.0032,0.0032,0.0006,0.0,1.0,0.0,4.0426,0.0,0.0,0.0,0.0,4.0426,4.0426,4.0474
2405,0.0,0.0032,0.0032,0.0006,0.0,1.0,0.0,4.4075,0.0,0.0,0.0,0.0,4.407500000000001,4.407500000000001,4.4118
2406,0.0,0.0032,0.0032,0.0006,0.0,1.0,0.0,4.3189,0.0,0.0,0.0,0.0,4.3189,4.3189,4.3199
2407,0.0,0.002,0.002,0.0004,0.0,1.0,0.0,3.0666,0.0,0.0,0.0,0.0,3.0666,3.0666,3.0645
2408,0.0,0.0031,0.0031,0.0006,0.0,1.0,0.0,3.9471,0.0,0.0,0.0,0.0,3.9471,3.9471,3.9472
2409,0.0,0.0038,0.0038,0.0007,0.0,1.0,0.0,4.333,0.0,0.0,0.0,0.0,4.332999999999999,4.332999999999999,4.3352
2410,0.0,0.0028,0.0028,0.0005,0.0,1.0,0.0,3.7085,0.0,0.0,0.0,0.0,3.7085,3.7085,3.7126
2411,0.0,0.0023,0.0023,0.0004,0.0,1.0,0.0,3.4213,0.0,0.0,0.0,0.0,3.4212999999999996,3.4212999999999996,3.4234
2412,0.0,0.0022,0.0022,0.0004,0.0,1.0,0.0,3.7426,0.0,0.0,0.0,0.0,3.7426,3.7426,3.7416
2413,0.0,0.0019,0.0019,0.0003,0.0,1.0,0.0,2.8834,0.0,0.0,0.0,0.0,2.8834000000000004,2.8834000000000004,2.8785
2414,0.0,0.0026,0.0026,0.0005,0.0,1.0,0.0,3.7279,0.0,0.0,0.0,0.0,3.7279,3.7279,3.7321
2415,0.0,0.0027,0.0027,0.0005,0.0,1.0,0.0,4.0645,0.0,0.0,0.0,0.0,4.0645,4.0645,4.0662
2416,0.0,0.0025,0.0025,0.0004,0.0,1.0,0.0,3.5477,0.0,0.0,0.0,0.0,3.5477000000000003,3.5477000000000003,3.5501
2417,0.0,0.0022,0.0022,0.0004,0.0,1.0,0.0,3.7959,0.0,0.0,0.0,0.0,3.7959,3.7959,3.798
2418,0.0,0.0029,0.0029,0.0005,0.0,1.0,0.0,3.9617,0.0,0.0,0.0,0.0,3.9616999999999996,3.9616999999999996,3.9569
2419,0.0,0.0032,0.0032,0.0006,0.0,1.0,0.0,3.8479,0.0,0.0,0.0,0.0,3.8478999999999997,3.8478999999999997,3.8476
2420,0.0,0.0022,0.0022,0.0004,0.0,1.0,0.0,3.4902,0.0,0.0,0.0,0.0,3.4901999999999997,3.4901999999999997,3.49
2421,0.0,0.0021,0.0021,0.0004,0.0,1.0,0.0,3.4238,0.0,0.0,0.0,0.0,3.4238000000000004,3.4238000000000004,3.4262
2422,0.0,0.0036,0.0036,0.0006,0.0,1.0,0.0,4.1347,0.0,0.0,0.0,0.0,4.1347,4.1347,4.1382
2423,0.0,0.0023,0.0023,0.0004,0.0,1.0,0.0,3.5073,0.0,0.0,0.0,0.0,3.5073,3.5073,3.5103
2424,0.0,0.0028,0.0028,0.0005,0.0,1.0,0.0,4.2327,0.0,0.0,0.0,0.0,4.2326999999999995,4.2326999999999995,4.2279
2425,0.0,0.0034,0.0034,0.0006,0.0,1.0,0.0,3.659,0.0,0.0,0.0,0.0,3.6590000000000003,3.6590000000000003,3.6586
2426,0.0,0.0023,0.0023,0.0004,0.0,1.0,0.0,3.7133,0.0,0.0,0.0,0.0,3.7133,3.7133,3.7092
2427,0.0,0.0031,0.0031,0.0006,0.0,1.0,0.0,3.6969,0.0,0.0,0.0,0.0,3.6969,3.6969,3.6978
2428,0.0,0.0027,0.0027,0.0005,0.0,1.0,0.0,3.6118,0.0,0.0,0.0,0.0,3.6118,3.6118,3.6113
2429,0.0,0.003,0.003,0.0005,0.0,1.0,0.0,4.1202,0.0,0.0,0.0,0.0,4.1202000000000005,4.1202000000000005,4.1251
2430,0.0,0.0017,0.0017,0.0003,0.0,1.0,0.0,3.5605,0.0,0.0,0.0,0.0,3.5604999999999998,3.5604999999999998,3.5626
2431,0.0,0.0024,0.0024,0.0004,0.0,1.0,0.0,3.8908,0.0,0.0,0.0,0.0,3.8908,3.8908,3.8958
2432,0.0,0.0035,0.0035,0.0006,0.0,1.0,0.0,3.7165,0.0,0.0,0.0,0.0,3.7164999999999995,3.7164999999999995,3.7212
2433,0.0,0.0017,0.0017,0.0003,0.0,1.0,0.0,3.1809,0.0,0.0,0.0,0.0,3.1809,3.1809,3.177
2434,0.0,0.0033,0.0033,0.0006,0.0,1.0,0.0,4.2358,0.0,0.0,0.0,0.0,4.2358,4.2358,4.2332
2435,0.0,0.0029,0.0029,0.0005,0.0,1.0,0.0,3.9062,0.0,0.0,0.0,0.0,3.9062,3.9062,3.9105
2436,0.0,0.0034,0.0034,0.0006,0.0,1.0,0.0,4.1995,0.0,0.0,0.0,0.0,4.1995000000000005,4.1995000000000005,4.1995
2437,0.0,0.0022,0.0022,0.0004,0.0,1.0,0.0,3.9647,0.0,0.0,0.0,0.0,3.9647,3.9647,3.9637
2438,0.0,0.0029,0.0029,0.0005,0.0,1.0,0.0,3.8275,0.0,0.0,0.0,0.0,3.8275,3.8275,3.8288
2439,0.0,0.0022,0.0022,0.0004,0.0,1.0,0.0,3.2197,0.0,0.0,0.0,0.0,3.2197,3.2197,3.2214
2440,0.0,0.002,0.002,0.0004,0.0,1.0,0.0,3.2283,0.0,0.0,0.0,0.0,3.2283,3.2283,3.2256
2441,0.0,0.003,0.003,0.0005,0.0,1.0,0.0,4.0841,0.0,0.0,0.0,0.0,4.0841,4.0841,4.0791
2442,0.0,0.0026,0.0026,0.0005,0.0,1.0,0.0,4.2001,0.0,0.0,0.0,0.0,4.2001,4.2001,4.2025
2443,0.0,0.0019,0.0019,0.0003,0.0,1.0,0.0,3.2441,0.0,0.0,0.0,0.0,3.2441,3.2441,3.2419
2444,0.0,0.0022,0.0022,0.0004,0.0,1.0,0.0,3.2236,0.0,0.0,0.0,0.0,3.2236,3.2236,3.221
2445,0.0,0.0028,0.0028,0.0005,0.0,1.0,0.0,3.5647,0.0,0.0,0.0,0.0,3.5647,3.5647,3.5619
2446,0.0,0.002,0.002,0.0004,0.0,1.0,0.0,3.3139,0.0,0.0,0.0,0.0,3.3138999999999994,3.3138999999999994,3.3139
2447,0.0,0.0023,0.0023,0.0004,0.0,1.0,0.0,3.3865,0.0,0.0,0.0,0.0,3.3865,3.3865,3.3895
2448,0.0,0.0031,0.0031,0.0006,0.0,1.0,0.0,4.0609,0.0,0.0,0.0,0.0,4.0609,4.0609,4.0635
2449,0.0,0.0028,0.0028,0.0005,0.0,1.0,0.0,3.8295,0.0,0.0,0.0,0.0,3.8295000000000003,3.8295000000000003,3.8281
2450,0.0,0.0026,0.0026,0.0005,0.0,1.0,0.0,3.6622,0.0,0.0,0.0,0.0,3.6622,3.6622,3.6635
2451,0.0,0.0019,0.0019,0.0003,0.0,1.0,0.0,3.0716,0.0,0.0,0.0,0.0,3.0716,3.0716,3.076
2452,0.0,0.004,0.004,0.0007,0.0,1.0,0.0,4.267,0.0,0.0,0.0,0.0,4.267,4.267,4.271
2453,0.0,0.0031,0.0031,0.0006,0.0,1.0,0.0,4.0334,0.0,0.0,0.0,0.0,4.033399999999999,4.033399999999999,4.03
2454,0.0,0.0023,0.0023,0.0004,0.0,1.0,0.0,3.8202,0.0,0.0,0.0,0.0,3.8202,3.8202,3.8209
2455,0.0,0.0021,0.0021,0.0004,0.0,1.0,0.0,3.7844,0.0,0.0,0.0,0.0,3.7844000000000007,3.7844000000000007,3.7822
2456,0.0,0.0033,0.0033,0.0006,0.0,1.0,0.0,3.9009,0.0,0.0,0.0,0.0,3.9009,3.9009,3.8985
2457,0.0,0.0029,0.0029,0.0005,0.0,1.0,0.0,3.247,0.0,0.0,0.0,0.0,3.247,3.247,3.2505
2458,0.0,0.0032,0.0032,0.0006,0.0,1.0,0.0,3.596,0.0,0.0,0.0,0.0,3.5959999999999996,3.5959999999999996,3.5993
2459,0.0,0.0025,0.0025,0.0004,0.0,1.0,0.0,3.7486,0.0,0.0,0.0,0.0,3.7486,3.7486,3.7511
2460,0.0,0.0019,0.0019,0.0003,0.0,1.0,0.0,3.1851,0.0,0.0,0.0,0.0,3.1851000000000003,3.1851000000000003,3.1816
2461,0.0,0.0023,0.0023,0.0004,0.0,1.0,0.0,3.6366,0.0,0.0,0.0,0.0,3.6365999999999996,3.6365999999999996,3.6359
2462,0.0,0.0025,0.0025,0.0005,0.0,1.0,0.0,3.973,0.0,0.0,0.0,0.0,3.973,3.973,3.9682
2463,0.0,0.0029,0.0029,0.0005,0.0,1.0,0.0,3.6127,0.0,0.0,0.0,0.0,3.6127000000000002,3.6127000000000002,3.6125
2464,0.0,0.0023,0.0023,0.0004,0.0,1.0,0.0,3.75,0.0,0.0,0.0,0.0,3.75,3.75,3.7494
2465,0.0,0.0027,0.0027,0.0005,0.0,1.0,0.0,3.5855,0.0,0.0,0.0,0.0,3.5854999999999997,3.5854999999999997,3.5879
2466,0.0,0.0027,0.0027,0.0005,0.0,1.0,0.0,3.985,0.0,0.0,0.0,0.0,3.985,3.985,3.9897
2467,0.0,0.0022,0.0022,0.0004,0.0,1.0,0.0,3.5583,0.0,0.0,0.0,0.0,3.5583,3.5583,3.5571
2468,0.0,0.0029,0.0029,0.0005,0.0,1.0,0.0,3.9408,0.0,0.0,0.0,0.0,3.9408,3.9408,3.9455
2469,0.0,0.0031,0.0031,0.0005,0.0,1.0,0.0,4.0121,0.0,0.0,0.0,0.0,4.0121,4.0121,4.014
2470,0.0,0.0026,0.0026,0.0005,0.0,1.0,0.0,3.7803,0.0,0.0,0.0,0.0,3.7802999999999995,3.7802999999999995,3.7827
2471,0.0,0.0029,0.0029,0.0005,0.0,1.0,0.0,3.9301,0.0,0.0,0.0,0.0,3.9301,3.9301,3.9292
2472,0.0,0.0034,0.0034,0.0006,0.0,1.0,0.0,3.626,0.0,0.0,0.0,0.0,3.626,3.626,3.6211
2473,0.0,0.0029,0.0029,0.0005,0.0,1.0,0.0,3.7588,0.0,0.0,0.0,0.0,3.7588,3.7588,3.7571
2474,0.0,0.0026,0.0026,0.0005,0.0,1.0,0.0,4.1154,0.0,0.0,0.0,0.0,4.115399999999999,4.115399999999999,4.111
2475,0.0,0.002,0.002,0.0004,0.0,1.0,0.0,3.9475,0.0,0.0,0.0,0.0,3.9475,3.9475,3.9512
2476,0.0,0.0021,0.0021,0.0004,0.0,1.0,0.0,3.5508,0.0,0.0,0.0,0.0,3.5508,3.5508,3.5551
2477,0.0,0.0026,0.0026,0.0005,0.0,1.0,0.0,3.8758,0.0,0.0,0.0,0.0,3.8758000000000004,3.8758000000000004,3.8757
2478,0.0,0.0022,0.0022,0.0004,0.0,1.0,0.0,3.4683,0.0,0.0,0.0,0.0,3.4683,3.4683,3.4636
2479,0.0,0.0022,0.0022,0.0004,0.0,1.0,0.0,3.4611,0.0,0.0,0.0,0.0,3.4611,3.4611,3.4623
2480,0.0,0.002,0.002,0.0004,0.0,1.0,0.0,3.3404,0.0,0.0,0.0,0.0,3.3404000000000003,3.3404000000000003,3.3381
2481,0.0,0.0026,0.0026,0.0005,0.0,1.0,0.0,3.2695,0.0,0.0,0.0,0.0,3.2695000000000003,3.2695000000000003,3.2714
2482,0.0,0.0024,0.0024,0.0004,0.0,1.0,0.0,3.7461,0.0,0.0,0.0,0.0,3.7460999999999998,3.7460999999999998,3.7494
2483,0.0,0.0025,0.0025,0.0004,0.0,1.0,0.0,3.5217,0.0,0.0,0.0,0.0,3.5217,3.5217,3.5258
2484,0.0,0.0022,0.0022,0.0004,0.0,1.0,0.0,2.8639,0.0,0.0,0.0,0.0,2.8639,2.8639,2.8619
2485,0.0,0.0021,0.0021,0.0004,0.0,1.0,0.0,3.6247,0.0,0.0,0.0,0.0,3.6247000000000003,3.6247000000000003,3.6296
2486,0.0,0.0026,0.0026,0.0005,0.0,1.0,0.0,3.3093,0.0,0.0,0.0,0.0,3.3093,3.3093,3.3081
2487,0.0,0.0026,0.0026,0.0005,0.0,1.0,0.0,4.0667,0.0,0.0,0.0,0.0,4.0667,4.0667,4.066
2488,0.0,0.0032,0.0032,0.0006,0.0,1.0,0.0,3.5975,0.0,0.0,0.0,0.0,3.5975,3.5975,3.5968
2489,0.0,0.0036,0.0036,0.0006,0.0,1.0,0.0,4.2221,0.0,0.0,0.0,0.0,4.2221,4.2221,4.2203
2490,0.0,0.0027,0.0027,0.0005,0.0,1.0,0.0,3.5249,0.0,0.0,0.0,0.0,3.5249,3.5249,3.5225
2491,0.0,0.0019,0.0019,0.0003,0.0,1.0,0.0,3.0646,0.0,0.0,0.0,0.0,3.0646,3.0646,3.0663
2492,0.0,0.0022,0.0022,0.0004,0.0,1.0,0.0,3.8729,0.0,0.0,0.0,0.0,3.8729000000000005,3.8729000000000005,3.8691
2493,0.0,0.0021,0.0021,0.0004,0.0,1.0,0.0,3.3227,0.0,0.0,0.0,0.0,3.3227,3.3227,3.3246
2494,0.0,0.0022,0.0022,0.0004,0.0,1.0,0.0,3.5974,0.0,0.0,0.0,0.0,3.5974000000000004,3.5974000000000004,3.6009
2495,0.0,0.0022,0.0022,0.0004,0.0,1.0,0.0,3.6926,0.0,0.0,0.0,0.0,3.6925999999999997,3.6925999999999997,3.6884
2496,0.0,0.003,0.003,0.0005,0.0,1.0,0.0,3.9875,0.0,0.0,0.0,0.0,3.9875000000000003,3.9875000000000003,3.9861
2497,0.0,0.0031,0.0031,0.0006,0.0,1.0,0.0,3.5801,0.0,0.0,0.0,0.0,3.5801,3.5801,3.581
2498,0.0,0.0028,0.0028,0.0005,0.0,1.0,0.0,3.8812,0.0,0.0,0.0,0.0,3.8812,3.8812,3.8841
2499,0.0,0.0026,0.0026,0.0005,0.0,1.0,0.0,3.3757,0.0,0.0,0.0,0.0,3.3756999999999997,3.3756999999999997,3.3776
2500,0.0,0.0025,0.0025,0.0004,0.0,1.0,0.0,3.6242,0.0,0.0,0.0,0.0,3.6241999999999996,3.6241999999999996,3.6202
2501,0.0,0.0027,0.0027,0.0005,0.0,1.0,0.0,3.5128,0.0,0.0,0.0,0.0,3.5128,3.5128,3.5139
2502,0.0,0.0017,0.0017,0.0003,0.0,1.0,0.0,3.5011,0.0,0.0,0.0,0.0,3.5011,3.5011,3.5026
2503,0.0,0.0022,0.0022,0.0004,0.0,1.0,0.0,3.6366,0.0,0.0,0.0,0.0,3.6365999999999996,3.6365999999999996,3.6384
2504,0.0,0.0026,0.0026,0.0005,0.0,1.0,0.0,3.5954,0.0,0.0,0.0,0.0,3.5954,3.5954,3.5907
2505,0.0,0.0026,0.0026,0.0005,0.0,1.0,0.0,3.8204,0.0,0.0,0.0,0.0,3.8204000000000002,3.8204000000000002,3.8198
2506,0.0,0.0019,0.0019,0.0003,0.0,1.0,0.0,3.2374,0.0,0.0,0.0,0.0,3.2374,3.2374,3.2403
2507,0.0,0.0028,0.0028,0.0005,0.0,1.0,0.0,3.8053,0.0,0.0,0.0,0.0,3.8053000000000003,3.8053000000000003,3.8008
2508,0.0,0.0025,0.0025,0.0004,0.0,1.0,0.0,3.241,0.0,0.0,0.0,0.0,3.241,3.241,3.2393
2509,0.0,0.0019,0.0019,0.0003,0.0,1.0,0.0,3.5909,0.0,0.0,0.0,0.0,3.5909000000000004,3.5909000000000004,3.5867
2510,0.0,0.0022,0.0022,0.0004,0.0,1.0,0.0,3.6896,0.0,0.0,0.0,0.0,3.6896000000000004,3.6896000000000004,3.6933
2511,0.0,0.0034,0.0034,0.0006,0.0,1.0,0.0,3.7676,0.0,0.0,0.0,0.0,3.7675999999999994,3.7675999999999994,3.7724
2512,0.0,0.0032,0.0032,0.0006,0.0,1.0,0.0,3.6662,0.0,0.0,0.0,0.0,3.6662,3.6662,3.6683
2513,0.0,0.0022,0.0022,0.0004,0.0,1.0,0.0,3.9488,0.0,0.0,0.0,0.0,3.9488,3.9488,3.9505
2514,0.0,0.0027,0.0027,0.0005,0.0,1.0,0.0,3.5136,0.0,0.0,0.0,0.0,3.5136000000000003,3.5136000000000003,3.5165
2515,0.0,0.0024,0.0024,0.0004,0.0,1.0,0.0,3.4949,0.0,0.0,0.0,0.0,3.4949,3.4949,3.4955
2516,0.0,0.0027,0.0027,0.0005,0.0,1.0,0.0,3.894,0.0,0.0,0.0,0.0,3.894,3.894,3.893
2517,0.0,0.0019,0.0019,0.0003,0.0,1.0,0.0,3.3612,0.0,0.0,0.0,0.0,3.3612,3.3612,3.3594
2518,0.0,0.0027,0.0027,0.0005,0.0,1.0,0.0,4.1161,0.0,0.0,0.0,0.0,4.1161,4.1161,4.1147
2519,0.0,0.0031,0.0031,0.0006,0.0,1.0,0.0,3.7922,0.0,0.0,0.0,0.0,3.7922000000000002,3.7922000000000002,3.7962
2520,0.0,0.0027,0.0027,0.0005,0.0,1.0,0.0,4.4487,0.0,0.0,0.0,0.0,4.4487,4.4487,4.4445
2521,0.0,0.0028,0.0028,0.0005,0.0,1.0,0.0,3.8002,0.0,0.0,0.0,0.0,3.8002,3.8002,3.7983
2522,0.0,0.0021,0.0021,0.0004,0.0,1.0,0.0,3.7335,0.0,0.0,0.0,0.0,3.7335,3.7335,3.7353
2523,0.0,0.0024,0.0024,0.0004,0.0,1.0,0.0,3.6731,0.0,0.0,0.0,0.0,3.6731000000000003,3.6731000000000003,3.6731
2524,0.0,0.0028,0.0028,0.0005,0.0,1.0,0.0,3.7092,0.0,0.0,0.0,0.0,3.7092,3.7092,3.7132
2525,0.0,0.0024,0.0024,0.0004,0.0,1.0,0.0,3.3699,0.0,0.0,0.0,0.0,3.3699000000000003,3.3699000000000003,3.3737
2526,0.0,0.0026,0.0026,0.0005,0.0,1.0,0.0,4.0062,0.0,0.0,0.0,0.0,4.006200000000001,4.006200000000001,4.0093
2527,0.0,0.0023,0.0023,0.0004,0.0,1.0,0.0,3.7706,0.0,0.0,0.0,0.0,3.7706,3.7706,3.7752
2528,0.0,0.0026,0.0026,0.0005,0.0,1.0,0.0,3.1633,0.0,0.0,0.0,0.0,3.1633,3.1633,3.1673
2529,0.0,0.0023,0.0023,0.0004,0.0,1.0,0.0,3.6507,0.0,0.0,0.0,0.0,3.6507,3.6507,3.6506
2530,0.0,0.0031,0.0031,0.0006,0.0,1.0,0.0,3.8321,0.0,0.0,0.0,0.0,3.8321,3.8321,3.8345
2531,0.0,0.0025,0.0025,0.0005,0.0,1.0,0.0,3.9942,0.0,0.0,0.0,0.0,3.9941999999999993,3.9941999999999993,3.9898
2532,0.0,0.0025,0.0025,0.0004,0.0,1.0,0.0,3.5556,0.0,0.0,0.0,0.0,3.5556,3.5556,3.5571
2533,0.0,0.0029,0.0029,0.0005,0.0,1.0,0.0,4.1887,0.0,0.0,0.0,0.0,4.188700000000001,4.188700000000001,4.1917
2534,0.0,0.0024,0.0024,0.0004,0.0,1.0,0.0,3.6304,0.0,0.0,0.0,0.0,3.6304,3.6304,3.6353
2535,0.0,0.0026,0.0026,0.0005,0.0,1.0,0.0,3.2981,0.0,0.0,0.0,0.0,3.2981,3.2981,3.2988
2536,0.0,0.0021,0.0021,0.0004,0.0,1.0,0.0,3.449,0.0,0.0,0.0,0.0,3.449,3.449,3.4479
2537,0.0,0.003,0.003,0.0005,0.0,1.0,0.0,3.8998,0.0,0.0,0.0,0.0,3.8998,3.8998,3.902
2538,0.0,0.0023,0.0023,0.0004,0.0,1.0,0.0,3.9544,0.0,0.0,0.0,0.0,3.9543999999999997,3.9543999999999997,3.9525
2539,0.0,0.002,0.002,0.0004,0.0,1.0,0.0,3.7303,0.0,0.0,0.0,0.0,3.7303,3.7303,3.7264
2540,0.0,0.0027,0.0027,0.0005,0.0,1.0,0.0,3.7123,0.0,0.0,0.0,0.0,3.7123,3.7123,3.7115
2541,0.0,0.003,0.003,0.0005,0.0,1.0,0.0,3.8277,0.0,0.0,0.0,0.0,3.8276999999999997,3.8276999999999997,3.8276
2542,0.0,0.0029,0.0029,0.0005,0.0,1.0,0.0,3.3281,0.0,0.0,0.0,0.0,3.3280999999999996,3.3280999999999996,3.326
2543,0.0,0.0024,0.0024,0.0004,0.0,1.0,0.0,3.919,0.0,0.0,0.0,0.0,3.919,3.919,3.9158
2544,0.0,0.0022,0.0022,0.0004,0.0,1.0,0.0,3.4912,0.0,0.0,0.0,0.0,3.4912,3.4912,3.4937
2545,0.0,0.002,0.002,0.0004,0.0,1.0,0.0,3.3502,0.0,0.0,0.0,0.0,3.3502000000000005,3.3502000000000005,3.3477
2546,0.0,0.0028,0.0028,0.0005,0.0,1.0,0.0,3.6106,0.0,0.0,0.0,0.0,3.6106,3.6106,3.6131
2547,0.0,0.0025,0.0025,0.0004,0.0,1.0,0.0,3.974,0.0,0.0,0.0,0.0,3.974,3.974,3.9762
2548,0.0,0.0022,0.0022,0.0004,0.0,1.0,0.0,3.6598,0.0,0.0,0.0,0.0,3.6598000000000006,3.6598000000000006,3.6617
2549,0.0,0.0027,0.0027,0.0005,0.0,1.0,0.0,3.6037,0.0,0.0,0.0,0.0,3.6037,3.6037,3.6074
2550,0.0,0.0019,0.0019,0.0003,0.0,1.0,0.0,4.0543,0.0,0.0,0.0,0.0,4.0543,4.0543,4.0494
2551,0.0,0.0024,0.0024,0.0004,0.0,1.0,0.0,3.3987,0.0,0.0,0.0,0.0,3.3987000000000003,3.3987000000000003,3.3944
2552,0.0,0.0025,0.0025,0.0005,0.0,1.0,0.0,3.4498,0.0,0.0,0.0,0.0,3.4497999999999998,3.4497999999999998,3.4462
2553,0.0,0.0024,0.0024,0.0004,0.0,1.0,0.0,3.3687,0.0,0.0,0.0,0.0,3.3687,3.3687,3.3647
2554,0.0,0.0022,0.0022,0.0004,0.0,1.0,0.0,3.6272,0.0,0.0,0.0,0.0,3.6272,3.6272,3.6239
2555,0.0,0.0024,0.0024,0.0004,0.0,1.0,0.0,3.6928,0.0,0.0,0.0,0.0,3.6928,3.6928,3.6917
2556,0.0,0.0026,0.0026,0.0005,0.0,1.0,0.0,4.0906,0.0,0.0,0.0,0.0,4.0906,4.0906,4.0908
2557,0.0,0.0022,0.0022,0.0004,0.0,1.0,0.0,3.7947,0.0,0.0,0.0,0.0,3.7947,3.7947,3.7923
2558,0.0,0.003,0.003,0.0005,0.0,1.0,0.0,3.8593,0.0,0.0,0.0,0.0,3.8593,3.8593,3.858
2559,0.0,0.003,0.003,0.0005,0.0,1.0,0.0,4.087,0.0,0.0,0.0,0.0,4.087,4.087,4.0846
2560,0.0,0.0029,0.0029,0.0005,0.0,1.0,0.0,3.9944,0.0,0.0,0.0,0.0,3.9943999999999997,3.9943999999999997,3.9948
2561,0.0,0.0032,0.0032,0.0006,0.0,1.0,0.0,4.3719,0.0,0.0,0.0,0.0,4.3719,4.3719,4.3758
2562,0.0,0.003,0.003,0.0005,0.0,1.0,0.0,3.7586,0.0,0.0,0.0,0.0,3.7586000000000004,3.7586000000000004,3.7619
2563,0.0,0.0021,0.0021,0.0004,0.0,1.0,0.0,3.92,0.0,0.0,0.0,0.0,3.92,3.92,3.9213
2564,0.0,0.0027,0.0027,0.0005,0.0,1.0,0.0,3.3128,0.0,0.0,0.0,0.0,3.3127999999999997,3.3127999999999997,3.3081
2565,0.0,0.002,0.002,0.0004,0.0,1.0,0.0,2.9875,0.0,0.0,0.0,0.0,2.9875000000000003,2.9875000000000003,2.9885
2566,0.0,0.0029,0.0029,0.0005,0.0,1.0,0.0,4.1188,0.0,0.0,0.0,0.0,4.1188,4.1188,4.1236
2567,0.0,0.002,0.002,0.0004,0.0,1.0,0.0,2.8323,0.0,0.0,0.0,0.0,2.8323,2.8323,2.8352
2568,0.0,0.0025,0.0025,0.0004,0.0,1.0,0.0,3.3118,0.0,0.0,0.0,0.0,3.3117999999999994,3.3117999999999994,3.3139
2569,0.0,0.0024,0.0024,0.0004,0.0,1.0,0.0,2.9188,0.0,0.0,0.0,0.0,2.9188,2.9188,2.9231
2570,0.0,0.0025,0.0025,0.0005,0.0,1.0,0.0,3.5794,0.0,0.0,0.0,0.0,3.5794000000000006,3.5794000000000006,3.5784
2571,0.0,0.0023,0.0023,0.0004,0.0,1.0,0.0,3.1885,0.0,0.0,0.0,0.0,3.1885,3.1885,3.1893
2572,0.0,0.0032,0.0032,0.0006,0.0,1.0,0.0,3.9853,0.0,0.0,0.0,0.0,3.9853000000000005,3.9853000000000005,3.9865
2573,0.0,0.0034,0.0034,0.0006,0.0,1.0,0.0,4.0845,0.0,0.0,0.0,0.0,4.0845,4.0845,4.0873
2574,0.0,0.0029,0.0029,0.0005,0.0,1.0,0.0,3.7648,0.0,0.0,0.0,0.0,3.7648,3.7648,3.7681
2575,0.0,0.0031,0.0031,0.0006,0.0,1.0,0.0,4.1806,0.0,0.0,0.0,0.0,4.1806,4.1806,4.1772
2576,0.0,0.0027,0.0027,0.0005,0.0,1.0,0.0,3.8851,0.0,0.0,0.0,0.0,3.8850999999999996,3.8850999999999996,3.8894
2577,0.0,0.0023,0.0023,0.0004,0.0,1.0,0.0,3.2412,0.0,0.0,0.0,0.0,3.2412,3.2412,3.2384
2578,0.0,0.003,0.003,0.0005,0.0,1.0,0.0,3.7482,0.0,0.0,0.0,0.0,3.7482,3.7482,3.7453
2579,0.0,0.0024,0.0024,0.0004,0.0,1.0,0.0,3.8347,0.0,0.0,0.0,0.0,3.8347,3.8347,3.836
2580,0.0,0.0028,0.0028,0.0005,0.0,1.0,0.0,3.5398,0.0,0.0,0.0,0.0,3.5398000000000005,3.5398000000000005,3.5387
2581,0.0,0.0024,0.0024,0.0004,0.0,1.0,0.0,3.7509,0.0,0.0,0.0,0.0,3.7509,3.7509,3.746
2582,0.0,0.0022,0.0022,0.0004,0.0,1.0,0.0,3.6205,0.0,0.0,0.0,0.0,3.6205,3.6205,3.6253
2583,0.0,0.0024,0.0024,0.0004,0.0,1.0,0.0,3.9391,0.0,0.0,0.0,0.0,3.9391,3.9391,3.9347
2584,0.0,0.003,0.003,0.0005,0.0,1.0,0.0,4.2683,0.0,0.0,0.0,0.0,4.2683,4.2683,4.2645
2585,0.0,0.0033,0.0033,0.0006,0.0,1.0,0.0,3.5217,0.0,0.0,0.0,0.0,3.5217,3.5217,3.5216
2586,0.0,0.0034,0.0034,0.0006,0.0,1.0,0.0,4.4491,0.0,0.0,0.0,0.0,4.4491,4.4491,4.4502
2587,0.0,0.0024,0.0024,0.0004,0.0,1.0,0.0,3.7838,0.0,0.0,0.0,0.0,3.7838000000000003,3.7838000000000003,3.78
2588,0.0,0.0026,0.0026,0.0005,0.0,1.0,0.0,4.1004,0.0,0.0,0.0,0.0,4.1004000000000005,4.1004000000000005,4.0976
2589,0.0,0.0024,0.0024,0.0004,0.0,1.0,0.0,3.7679,0.0,0.0,0.0,0.0,3.7679,3.7679,3.7707
2590,0.0,0.0025,0.0025,0.0004,0.0,1.0,0.0,3.2827,0.0,0.0,0.0,0.0,3.2826999999999997,3.2826999999999997,3.2808
2591,0.0,0.0027,0.0027,0.0005,0.0,1.0,0.0,3.5641,0.0,0.0,0.0,0.0,3.5641,3.5641,3.5621
2592,0.0,0.0025,0.0025,0.0004,0.0,1.0,0.0,3.9027,0.0,0.0,0.0,0.0,3.9026999999999994,3.9026999999999994,3.905
2593,0.0,0.0019,0.0019,0.0003,0.0,1.0,0.0,2.8928,0.0,0.0,0.0,0.0,2.8928,2.8928,2.8909
2594,0.0,0.0032,0.0032,0.0006,0.0,1.0,0.0,3.5379,0.0,0.0,0.0,0.0,3.5379,3.5379,3.5394
2595,0.0,0.0025,0.0025,0.0005,0.0,1.0,0.0,3.6416,0.0,0.0,0.0,0.0,3.6416,3.6416,3.6415
2596,0.0,0.0023,0.0023,0.0004,0.0,1.0,0.0,3.9965,0.0,0.0,0.0,0.0,3.9965,3.9965,4.0013
2597,0.0,0.0025,0.0025,0.0005,0.0,1.0,0.0,4.351,0.0,0.0,0.0,0.0,4.351,4.351,4.3527
2598,0.0,0.003,0.003,0.0005,0.0,1.0,0.0,3.5556,0.0,0.0,0.0,0.0,3.555599999999999,3.555599999999999,3.5594
2599,0.0,0.0021,0.0021,0.0004,0.0,1.0,0.0,3.2726,0.0,0.0,0.0,0.0,3.2725999999999997,3.2725999999999997,3.2742
2600,0.0,0.003,0.003,0.0005,0.0,1.0,0.0,3.7736,0.0,0.0,0.0,0.0,3.7736,3.7736,3.7712
2601,0.0,0.0033,0.0033,0.0006,0.0,1.0,0.0,4.394,0.0,0.0,0.0,0.0,4.394,4.394,4.3894
2602,0.0,0.0029,0.0029,0.0005,0.0,1.0,0.0,4.3058,0.0,0.0,0.0,0.0,4.3058,4.3058,4.3025
2603,0.0,0.0024,0.0024,0.0004,0.0,1.0,0.0,3.4423,0.0,0.0,0.0,0.0,3.4423000000000004,3.4423000000000004,3.4388
2604,0.0,0.0025,0.0025,0.0005,0.0,1.0,0.0,3.4284,0.0,0.0,0.0,0.0,3.4284,3.4284,3.4295
2605,0.0,0.0033,0.0033,0.0006,0.0,1.0,0.0,3.7025,0.0,0.0,0.0,0.0,3.7025,3.7025,3.7074
2606,0.0,0.003,0.003,0.0005,0.0,1.0,0.0,3.4216,0.0,0.0,0.0,0.0,3.4215999999999998,3.4215999999999998,3.4259
2607,0.0,0.0021,0.0021,0.0004,0.0,1.0,0.0,3.115,0.0,0.0,0.0,0.0,3.115,3.115,3.1197
2608,0.0,0.003,0.003,0.0005,0.0,1.0,0.0,4.0137,0.0,0.0,0.0,0.0,4.0137,4.0137,4.0176
2609,0.0,0.0031,0.0031,0.0006,0.0,1.0,0.0,4.046,0.0,0.0,0.0,0.0,4.046,4.046,4.0437
2610,0.0,0.0025,0.0025,0.0004,0.0,1.0,0.0,3.5881,0.0,0.0,0.0,0.0,3.5881000000000003,3.5881000000000003,3.5847
2611,0.0,0.0029,0.0029,0.0005,0.0,1.0,0.0,4.05,0.0,0.0,0.0,0.0,4.05,4.05,4.0466
2612,0.0,0.0021,0.0021,0.0004,0.0,1.0,0.0,4.1319,0.0,0.0,0.0,0.0,4.1319,4.1319,4.1285
2613,0.0,0.0028,0.0028,0.0005,0.0,1.0,0.0,3.2571,0.0,0.0,0.0,0.0,3.2571,3.2571,3.2539
2614,0.0,0.0024,0.0024,0.0004,0.0,1.0,0.0,3.5654,0.0,0.0,0.0,0.0,3.5654,3.5654,3.5623
2615,0.0,0.0028,0.0028,0.0005,0.0,1.0,0.0,3.972,0.0,0.0,0.0,0.0,3.972,3.972,3.9747
2616,0.0,0.0027,0.0027,0.0005,0.0,1.0,0.0,3.8933,0.0,0.0,0.0,0.0,3.8933,3.8933,3.8904
2617,0.0,0.0029,0.0029,0.0005,0.0,1.0,0.0,2.9784,0.0,0.0,0.0,0.0,2.9784,2.9784,2.9798
2618,0.0,0.0017,0.0017,0.0003,0.0,1.0,0.0,3.4537,0.0,0.0,0.0,0.0,3.4537000000000004,3.4537000000000004,3.4578
2619,0.0,0.0018,0.0018,0.0003,0.0,1.0,0.0,3.4044,0.0,0.0,0.0,0.0,3.4044,3.4044,3.4053
2620,0.0,0.0023,0.0023,0.0004,0.0,1.0,0.0,4.2335,0.0,0.0,0.0,0.0,4.2335,4.2335,4.235
2621,0.0,0.0028,0.0028,0.0005,0.0,1.0,0.0,3.5776,0.0,0.0,0.0,0.0,3.5776000000000003,3.5776000000000003,3.5776
2622,0.0,0.0023,0.0023,0.0004,0.0,1.0,0.0,4.2492,0.0,0.0,0.0,0.0,4.2492,4.2492,4.2482
2623,0.0,0.0031,0.0031,0.0006,0.0,1.0,0.0,3.8796,0.0,0.0,0.0,0.0,3.8796,3.8796,3.8794
2624,0.0,0.0024,0.0024,0.0004,0.0,1.0,0.0,4.091,0.0,0.0,0.0,0.0,4.091,4.091,4.0872
2625,0.0,0.0023,0.0023,0.0004,0.0,1.0,0.0,3.6483,0.0,0.0,0.0,0.0,3.6483,3.6483,3.6484
2626,0.0,0.0021,0.0021,0.0004,0.0,1.0,0.0,3.4528,0.0,0.0,0.0,0.0,3.4528000000000003,3.4528000000000003,3.4566
2627,0.0,0.0023,0.0023,0.0004,0.0,1.0,0.0,3.6497,0.0,0.0,0.0,0.0,3.6496999999999997,3.6496999999999997,3.6476
2628,0.0,0.0023,0.0023,0.0004,0.0,1.0,0.0,3.4537,0.0,0.0,0.0,0.0,3.4536999999999995,3.4536999999999995,3.4498
2629,0.0,0.0023,0.0023,0.0004,0.0,1.0,0.0,3.5045,0.0,0.0,0.0,0.0,3.5044999999999997,3.5044999999999997,3.5088
2630,0.0,0.003,0.003,0.0005,0.0,1.0,0.0,3.6224,0.0,0.0,0.0,0.0,3.6224,3.6224,3.6203
2631,0.0,0.0024,0.0024,0.0004,0.0,1.0,0.0,3.4018,0.0,0.0,0.0,0.0,3.4017999999999997,3.4017999999999997,3.4015
2632,0.0,0.0026,0.0026,0.0005,0.0,1.0,0.0,3.6656,0.0,0.0,0.0,0.0,3.6656000000000004,3.6656000000000004,3.6622
2633,0.0,0.0029,0.0029,0.0005,0.0,1.0,0.0,3.6036,0.0,0.0,0.0,0.0,3.6036,3.6036,3.604
2634,0.0,0.0031,0.0031,0.0006,0.0,1.0,0.0,3.9061,0.0,0.0,0.0,0.0,3.9061,3.9061,3.9069
2635,0.0,0.003,0.003,0.0005,0.0,1.0,0.0,4.4436,0.0,0.0,0.0,0.0,4.4436,4.4436,4.4387
2636,0.0,0.0022,0.0022,0.0004,0.0,1.0,0.0,3.4821,0.0,0.0,0.0,0.0,3.4821,3.4821,3.4848
2637,0.0,0.0029,0.0029,0.0005,0.0,1.0,0.0,3.6288,0.0,0.0,0.0,0.0,3.6288,3.6288,3.6298
2638,0.0,0.0024,0.0024,0.0004,0.0,1.0,0.0,3.5175,0.0,0.0,0.0,0.0,3.5175,3.5175,3.5158
2639,0.0,0.0021,0.0021,0.0004,0.0,1.0,0.0,3.9354,0.0,0.0,0.0,0.0,3.9354,3.9354,3.9306
2640,0.0,0.0018,0.0018,0.0003,0.0,1.0,0.0,3.4361,0.0,0.0,0.0,0.0,3.4360999999999997,3.4360999999999997,3.4378
2641,0.0,0.0023,0.0023,0.0004,0.0,1.0,0.0,3.6698,0.0,0.0,0.0,0.0,3.6698,3.6698,3.6663
2642,0.0,0.0027,0.0027,0.0005,0.0,1.0,0.0,3.2861,0.0,0.0,0.0,0.0,3.2861000000000002,3.2861000000000002,3.2846
2643,0.0,0.0032,0.0032,0.0006,0.0,1.0,0.0,4.4455,0.0,0.0,0.0,0.0,4.4455,4.4455,4.4482
2644,0.0,0.003,0.003,0.0005,0.0,1.0,0.0,3.5116,0.0,0.0,0.0,0.0,3.5116,3.5116,3.5164
2645,0.0,0.0025,0.0025,0.0005,0.0,1.0,0.0,2.8173,0.0,0.0,0.0,0.0,2.8173,2.8173,2.8205
2646,0.0,0.003,0.003,0.0005,0.0,1.0,0.0,4.1472,0.0,0.0,0.0,0.0,4.1472,4.1472,4.1445
2647,0.0,0.0024,0.0024,0.0004,0.0,1.0,0.0,3.5573,0.0,0.0,0.0,0.0,3.5572999999999997,3.5572999999999997,3.5546
2648,0.0,0.0026,0.0026,0.0005,0.0,1.0,0.0,4.1843,0.0,0.0,0.0,0.0,4.1843,4.1843,4.189
2649,0.0,0.0018,0.0018,0.0003,0.0,1.0,0.0,3.3904,0.0,0.0,0.0,0.0,3.3904,3.3904,3.3954
2650,0.0,0.0025,0.0025,0.0005,0.0,1.0,0.0,3.3992,0.0,0.0,0.0,0.0,3.3992000000000004,3.3992000000000004,3.3979
2651,0.0,0.0024,0.0024,0.0004,0.0,1.0,0.0,3.3664,0.0,0.0,0.0,0.0,3.3664,3.3664,3.3712
2652,0.0,0.0021,0.0021,0.0004,0.0,1.0,0.0,3.4862,0.0,0.0,0.0,0.0,3.4861999999999997,3.4861999999999997,3.4889
2653,0.0,0.0024,0.0024,0.0004,0.0,1.0,0.0,3.8271,0.0,0.0,0.0,0.0,3.8271,3.8271,3.8238
2654,0.0,0.002,0.002,0.0004,0.0,1.0,0.0,3.8782,0.0,0.0,0.0,0.0,3.8782,3.8782,3.8808
2655,0.0,0.0024,0.0024,0.0004,0.0,1.0,0.0,3.6811,0.0,0.0,0.0,0.0,3.6811000000000003,3.6811000000000003,3.6826
2656,0.0,0.0024,0.0024,0.0004,0.0,1.0,0.0,3.7786,0.0,0.0,0.0,0.0,3.7786,3.7786,3.7749
2657,0.0,0.003,0.003,0.0005,0.0,1.0,0.0,3.8238,0.0,0.0,0.0,0.0,3.8238,3.8238,3.8272
2658,0.0,0.0027,0.0027,0.0005,0.0,1.0,0.0,4.2872,0.0,0.0,0.0,0.0,4.2872,4.2872,4.2866
2659,0.0,0.0032,0.0032,0.0006,0.0,1.0,0.0,3.6017,0.0,0.0,0.0,0.0,3.6017000000000006,3.6017000000000006,3.5996
2660,0.0,0.0029,0.0029,0.0005,0.0,1.0,0.0,3.9832,0.0,0.0,0.0,0.0,3.9832,3.9832,3.9798
2661,0.0,0.0029,0.0029,0.0005,0.0,1.0,0.0,4.0501,0.0,0.0,0.0,0.0,4.0501,4.0501,4.0508
2662,0.0,0.0021,0.0021,0.0004,0.0,1.0,0.0,3.0021,0.0,0.0,0.0,0.0,3.0020999999999995,3.0020999999999995,3.0001
2663,0.0,0.0031,0.0031,0.0006,0.0,1.0,0.0,4.2902,0.0,0.0,0.0,0.0,4.2902,4.2902,4.2854
2664,0.0,0.0029,0.0029,0.0005,0.0,1.0,0.0,3.815,0.0,0.0,0.0,0.0,3.815,3.815,3.8172
2665,0.0,0.0023,0.0023,0.0004,0.0,1.0,0.0,3.0531,0.0,0.0,0.0,0.0,3.0530999999999997,3.0530999999999997,3.0544
2666,0.0,0.0026,0.0026,0.0005,0.0,1.0,0.0,3.8088,0.0,0.0,0.0,0.0,3.8087999999999997,3.8087999999999997,3.8082
2667,0.0,0.0025,0.0025,0.0005,0.0,1.0,0.0,3.9952,0.0,0.0,0.0,0.0,3.9952,3.9952,3.9998
2668,0.0,0.003,0.003,0.0005,0.0,1.0,0.0,3.6644,0.0,0.0,0.0,0.0,3.6643999999999997,3.6643999999999997,3.6628
2669,0.0,0.003,0.003,0.0005,0.0,1.0,0.0,4.2323,0.0,0.0,0.0,0.0,4.2322999999999995,4.2322999999999995,4.2356
2670,0.0,0.0023,0.0023,0.0004,0.0,1.0,0.0,3.5819,0.0,0.0,0.0,0.0,3.5819,3.5819,3.5833
2671,0.0,0.003,0.003,0.0005,0.0,1.0,0.0,3.8666,0.0,0.0,0.0,0.0,3.8666,3.8666,3.8647
2672,0.0,0.0028,0.0028,0.0005,0.0,1.0,0.0,3.9159,0.0,0.0,0.0,0.0,3.9158999999999997,3.9158999999999997,3.9201
2673,0.0,0.0026,0.0026,0.0005,0.0,1.0,0.0,4.3893,0.0,0.0,0.0,0.0,4.3893,4.3893,4.3942
2674,0.0,0.0018,0.0018,0.0003,0.0,1.0,0.0,3.3731,0.0,0.0,0.0,0.0,3.3730999999999995,3.3730999999999995,3.3723
2675,0.0,0.0023,0.0023,0.0004,0.0,1.0,0.0,3.5918,0.0,0.0,0.0,0.0,3.5918,3.5918,3.5869
2676,0.0,0.0024,0.0024,0.0004,0.0,1.0,0.0,3.749,0.0,0.0,0.0,0.0,3.749,3.749,3.746
2677,0.0,0.003,0.003,0.0005,0.0,1.0,0.0,4.2963,0.0,0.0,0.0,0.0,4.2963000000000005,4.2963000000000005,4.2927
2678,0.0,0.0023,0.0023,0.0004,0.0,1.0,0.0,3.7045,0.0,0.0,0.0,0.0,3.7045,3.7045,3.7015
2679,0.0,0.0027,0.0027,0.0005,0.0,1.0,0.0,3.2362,0.0,0.0,0.0,0.0,3.2362,3.2362,3.2322
2680,0.0,0.0017,0.0017,0.0003,0.0,1.0,0.0,3.0809,0.0,0.0,0.0,0.0,3.0809,3.0809,3.08
2681,0.0,0.0026,0.0026,0.0005,0.0,1.0,0.0,3.5013,0.0,0.0,0.0,0.0,3.5012999999999996,3.5012999999999996,3.5014
2682,0.0,0.0025,0.0025,0.0004,0.0,1.0,0.0,3.2653,0.0,0.0,0.0,0.0,3.2653,3.2653,3.2634
2683,0.0,0.0023,0.0023,0.0004,0.0,1.0,0.0,3.8312,0.0,0.0,0.0,0.0,3.8311999999999995,3.8311999999999995,3.8316
2684,0.0,0.0029,0.0029,0.0005,0.0,1.0,0.0,4.167,0.0,0.0,0.0,0.0,4.167,4.167,4.165
2685,0.0,0.0031,0.0031,0.0006,0.0,1.0,0.0,3.5679,0.0,0.0,0.0,0.0,3.5679,3.5679,3.5677
2686,0.0,0.0024,0.0024,0.0004,0.0,1.0,0.0,3.4311,0.0,0.0,0.0,0.0,3.4311,3.4311,3.432
2687,0.0,0.0023,0.0023,0.0004,0.0,1.0,0.0,3.8542,0.0,0.0,0.0,0.0,3.8541999999999996,3.8541999999999996,3.85
2688,0.0,0.003,0.003,0.0005,0.0,1.0,0.0,3.5376,0.0,0.0,0.0,0.0,3.5376000000000003,3.5376000000000003,3.5326
2689,0.0,0.0026,0.0026,0.0005,0.0,1.0,0.0,4.4977,0.0,0.0,0.0,0.0,4.4977,4.4977,4.4959
2690,0.0,0.0033,0.0033,0.0006,0.0,1.0,0.0,4.0193,0.0,0.0,0.0,0.0,4.0193,4.0193,4.02
2691,0.0,0.0023,0.0023,0.0004,0.0,1.0,0.0,3.4171,0.0,0.0,0.0,0.0,3.4171,3.4171,3.414
2692,0.0,0.0027,0.0027,0.0005,0.0,1.0,0.0,3.5979,0.0,0.0,0.0,0.0,3.5979,3.5979,3.5992
2693,0.0,0.0026,0.0026,0.0005,0.0,1.0,0.0,3.924,0.0,0.0,0.0,0.0,3.924,3.924,3.9222
2694,0.0,0.0024,0.0024,0.0004,0.0,1.0,0.0,3.1073,0.0,0.0,0.0,0.0,3.1073,3.1073,3.1103
2695,0.0,0.0021,0.0021,0.0004,0.0,1.0,0.0,3.7558,0.0,0.0,0.0,0.0,3.7558000000000002,3.7558000000000002,3.7577
2696,0.0,0.0026,0.0026,0.0005,0.0,1.0,0.0,3.5886,0.0,0.0,0.0,0.0,3.5886000000000005,3.5886000000000005,3.5857
2697,0.0,0.0022,0.0022,0.0004,0.0,1.0,0.0,3.3584,0.0,0.0,0.0,0.0,3.3584,3.3584,3.3556
2698,0.0,0.0019,0.0019,0.0003,0.0,1.0,0.0,3.2082,0.0,0.0,0.0,0.0,3.2081999999999997,3.2081999999999997,3.2034
2699,0.0,0.0031,0.0031,0.0006,0.0,1.0,0.0,3.9409,0.0,0.0,0.0,0.0,3.9409,3.9409,3.9374
2700,0.0,0.0025,0.0025,0.0004,0.0,1.0,0.0,4.1611,0.0,0.0,0.0,0.0,4.1611,4.1611,4.1633
2701,0.0,0.0027,0.0027,0.0005,0.0,1.0,0.0,3.403,0.0,0.0,0.0,0.0,3.4029999999999996,3.4029999999999996,3.4007
2702,0.0,0.0031,0.0031,0.0006,0.0,1.0,0.0,4.102,0.0,0.0,0.0,0.0,4.102,4.102,4.105
2703,0.0,0.0027,0.0027,0.0005,0.0,1.0,0.0,4.1533,0.0,0.0,0.0,0.0,4.1533,4.1533,4.1577
2704,0.0,0.0028,0.0028,0.0005,0.0,1.0,0.0,3.4739,0.0,0.0,0.0,0.0,3.4738999999999995,3.4738999999999995,3.4761
2705,0.0,0.0027,0.0027,0.0005,0.0,1.0,0.0,4.111,0.0,0.0,0.0,0.0,4.111,4.111,4.1124
2706,0.0,0.0024,0.0024,0.0004,0.0,1.0,0.0,3.8913,0.0,0.0,0.0,0.0,3.8912999999999998,3.8912999999999998,3.8948
2707,0.0,0.0025,0.0025,0.0004,0.0,1.0,0.0,3.4223,0.0,0.0,0.0,0.0,3.4223,3.4223,3.4221
2708,0.0,0.0031,0.0031,0.0006,0.0,1.0,0.0,3.9676,0.0,0.0,0.0,0.0,3.9676,3.9676,3.9662
2709,0.0,0.0028,0.0028,0.0005,0.0,1.0,0.0,3.5128,0.0,0.0,0.0,0.0,3.5128,3.5128,3.5138
2710,0.0,0.0032,0.0032,0.0006,0.0,1.0,0.0,4.1592,0.0,0.0,0.0,0.0,4.1592,4.1592,4.1593
2711,0.0,0.0032,0.0032,0.0006,0.0,1.0,0.0,3.8574,0.0,0.0,0.0,0.0,3.8574,3.8574,3.8574
2712,0.0,0.0026,0.0026,0.0005,0.0,1.0,0.0,3.732,0.0,0.0,0.0,0.0,3.7319999999999998,3.7319999999999998,3.7271
2713,0.0,0.0028,0.0028,0.0005,0.0,1.0,0.0,4.2081,0.0,0.0,0.0,0.0,4.2081,4.2081,4.2061
2714,0.0,0.0032,0.0032,0.0006,0.0,1.0,0.0,4.2459,0.0,0.0,0.0,0.0,4.2459,4.2459,4.2427
2715,0.0,0.0025,0.0025,0.0005,0.0,1.0,0.0,4.0537,0.0,0.0,0.0,0.0,4.0537,4.0537,4.053
2716,0.0,0.0029,0.0029,0.0005,0.0,1.0,0.0,3.6582,0.0,0.0,0.0,0.0,3.6582000000000003,3.6582000000000003,3.6589
2717,0.0,0.002,0.002,0.0004,0.0,1.0,0.0,3.0719,0.0,0.0,0.0,0.0,3.0719000000000003,3.0719000000000003,3.0725
2718,0.0,0.0036,0.0036,0.0007,0.0,1.0,0.0,4.44,0.0,0.0,0.0,0.0,4.4399999999999995,4.4399999999999995,4.4438
2719,0.0,0.0026,0.0026,0.0005,0.0,1.0,0.0,3.9278,0.0,0.0,0.0,0.0,3.9278000000000004,3.9278000000000004,3.9288
2720,0.0,0.003,0.003,0.0005,0.0,1.0,0.0,3.7344,0.0,0.0,0.0,0.0,3.7344,3.7344,3.7335
2721,0.0,0.0025,0.0025,0.0005,0.0,1.0,0.0,3.8852,0.0,0.0,0.0,0.0,3.8851999999999998,3.8851999999999998,3.8896
2722,0.0,0.0024,0.0024,0.0004,0.0,1.0,0.0,3.4752,0.0,0.0,0.0,0.0,3.4752,3.4752,3.4783
2723,0.0,0.002,0.002,0.0004,0.0,1.0,0.0,3.6271,0.0,0.0,0.0,0.0,3.6271,3.6271,3.6229
2724,0.0,0.0025,0.0025,0.0004,0.0,1.0,0.0,3.8977,0.0,0.0,0.0,0.0,3.8977,3.8977,3.8942
2725,0.0,0.0027,0.0027,0.0005,0.0,1.0,0.0,4.2684,0.0,0.0,0.0,0.0,4.2684,4.2684,4.2695
2726,0.0,0.0026,0.0026,0.0005,0.0,1.0,0.0,3.8484,0.0,0.0,0.0,0.0,3.8484,3.8484,3.8503
2727,0.0,0.0027,0.0027,0.0005,0.0,1.0,0.0,3.4544,0.0,0.0,0.0,0.0,3.4544,3.4544,3.4552
2728,0.0,0.0034,0.0034,0.0006,0.0,1.0,0.0,4.2556,0.0,0.0,0.0,0.0,4.255599999999999,4.255599999999999,4.2562
2729,0.0,0.0027,0.0027,0.0005,0.0,1.0,0.0,3.7514,0.0,0.0,0.0,0.0,3.7514,3.7514,3.756
2730,0.0,0.0031,0.0031,0.0006,0.0,1.0,0.0,3.8684,0.0,0.0,0.0,0.0,3.8684000000000003,3.8684000000000003,3.8674
2731,0.0,0.0026,0.0026,0.0005,0.0,1.0,0.0,3.8561,0.0,0.0,0.0,0.0,3.8561,3.8561,3.8523
2732,0.0,0.0029,0.0029,0.0005,0.0,1.0,0.0,3.7473,0.0,0.0,0.0,0.0,3.7473,3.7473,3.7487
2733,0.0,0.0025,0.0025,0.0005,0.0,1.0,0.0,3.7516,0.0,0.0,0.0,0.0,3.7516,3.7516,3.754
2734,0.0,0.0025,0.0025,0.0005,0.0,1.0,0.0,4.0685,0.0,0.0,0.0,0.0,4.0685,4.0685,4.0692
2735,0.0,0.0033,0.0033,0.0006,0.0,1.0,0.0,3.8116,0.0,0.0,0.0,0.0,3.8116,3.8116,3.8111
2736,0.0,0.0023,0.0023,0.0004,0.0,1.0,0.0,3.7988,0.0,0.0,0.0,0.0,3.7988,3.7988,3.7969
2737,0.0,0.0035,0.0035,0.0006,0.0,1.0,0.0,3.856,0.0,0.0,0.0,0.0,3.856,3.856,3.8599
2738,0.0,0.0026,0.0026,0.0005,0.0,1.0,0.0,3.8651,0.0,0.0,0.0,0.0,3.8651,3.8651,3.8692
2739,0.0,0.0024,0.0024,0.0004,0.0,1.0,0.0,3.6783,0.0,0.0,0.0,0.0,3.6783,3.6783,3.6735
2740,0.0,0.0028,0.0028,0.0005,0.0,1.0,0.0,3.8331,0.0,0.0,0.0,0.0,3.8331,3.8331,3.8337
2741,0.0,0.0024,0.0024,0.0004,0.0,1.0,0.0,3.9022,0.0,0.0,0.0,0.0,3.9021999999999997,3.9021999999999997,3.9011
2742,0.0,0.0032,0.0032,0.0006,0.0,1.0,0.0,3.8791,0.0,0.0,0.0,0.0,3.8790999999999998,3.8790999999999998,3.8795
2743,0.0,0.0022,0.0022,0.0004,0.0,1.0,0.0,3.6113,0.0,0.0,0.0,0.0,3.6113,3.6113,3.6071
2744,0.0,0.0024,0.0024,0.0004,0.0,1.0,0.0,3.4058,0.0,0.0,0.0,0.0,3.4058,3.4058,3.4045
2745,0.0,0.0023,0.0023,0.0004,0.0,1.0,0.0,3.5858,0.0,0.0,0.0,0.0,3.5858000000000003,3.5858000000000003,3.5839
2746,0.0,0.0035,0.0035,0.0006,0.0,1.0,0.0,3.957,0.0,0.0,0.0,0.0,3.957,3.957,3.9606
2747,0.0,0.0029,0.0029,0.0005,0.0,1.0,0.0,4.375,0.0,0.0,0.0,0.0,4.375,4.375,4.3763
2748,0.0,0.0024,0.0024,0.0004,0.0,1.0,0.0,3.753,0.0,0.0,0.0,0.0,3.7529999999999997,3.7529999999999997,3.7516
2749,0.0,0.0025,0.0025,0.0005,0.0,1.0,0.0,4.0739,0.0,0.0,0.0,0.0,4.0739,4.0739,4.0757
2750,0.0,0.0028,0.0028,0.0005,0.0,1.0,0.0,3.8228,0.0,0.0,0.0,0.0,3.8228,3.8228,3.8241
2751,0.0,0.0024,0.0024,0.0004,0.0,1.0,0.0,3.903,0.0,0.0,0.0,0.0,3.9029999999999996,3.9029999999999996,3.8993
2752,0.0,0.0025,0.0025,0.0005,0.0,1.0,0.0,3.6145,0.0,0.0,0.0,0.0,3.6144999999999996,3.6144999999999996,3.6156
2753,0.0,0.0027,0.0027,0.0005,0.0,1.0,0.0,3.4402,0.0,0.0,0.0,0.0,3.4402,3.4402,3.4385
2754,0.0,0.0033,0.0033,0.0006,0.0,1.0,0.0,3.8874,0.0,0.0,0.0,0.0,3.8874000000000004,3.8874000000000004,3.8908
2755,0.0,0.0028,0.0028,0.0005,0.0,1.0,0.0,3.9082,0.0,0.0,0.0,0.0,3.9082,3.9082,3.911
2756,0.0,0.0036,0.0036,0.0006,0.0,1.0,0.0,4.2364,0.0,0.0,0.0,0.0,4.236400000000001,4.236400000000001,4.2338
2757,0.0,0.0025,0.0025,0.0005,0.0,1.0,0.0,3.4617,0.0,0.0,0.0,0.0,3.4617,3.4617,3.4644
2758,0.0,0.0018,0.0018,0.0003,0.0,1.0,0.0,2.8468,0.0,0.0,0.0,0.0,2.8468,2.8468,2.8457
2759,0.0,0.0028,0.0028,0.0005,0.0,1.0,0.0,4.003,0.0,0.0,0.0,0.0,4.003,4.003,3.9995
2760,0.0,0.0035,0.0035,0.0006,0.0,1.0,0.0,4.1287,0.0,0.0,0.0,0.0,4.1287,4.1287,4.1262
2761,0.0,0.0024,0.0024,0.0004,0.0,1.0,0.0,3.6046,0.0,0.0,0.0,0.0,3.6046,3.6046,3.6069
2762,0.0,0.0026,0.0026,0.0005,0.0,1.0,0.0,3.7479,0.0,0.0,0.0,0.0,3.7479,3.7479,3.7443
2763,0.0,0.0026,0.0026,0.0005,0.0,1.0,0.0,4.2333,0.0,0.0,0.0,0.0,4.2333,4.2333,4.2346
2764,0.0,0.0023,0.0023,0.0004,0.0,1.0,0.0,3.6984,0.0,0.0,0.0,0.0,3.6984000000000004,3.6984000000000004,3.6951
2765,0.0,0.0026,0.0026,0.0005,0.0,1.0,0.0,3.2152,0.0,0.0,0.0,0.0,3.2152,3.2152,3.22
2766,0.0,0.0029,0.0029,0.0005,0.0,1.0,0.0,4.3244,0.0,0.0,0.0,0.0,4.3244,4.3244,4.322
2767,0.0,0.0026,0.0026,0.0005,0.0,1.0,0.0,3.8088,0.0,0.0,0.0,0.0,3.8087999999999997,3.8087999999999997,3.8089
2768,0.0,0.003,0.003,0.0005,0.0,1.0,0.0,3.6335,0.0,0.0,0.0,0.0,3.6334999999999997,3.6334999999999997,3.6369
2769,0.0,0.0034,0.0034,0.0006,0.0,1.0,0.0,3.8545,0.0,0.0,0.0,0.0,3.8545000000000003,3.8545000000000003,3.8511
2770,0.0,0.0027,0.0027,0.0005,0.0,1.0,0.0,3.4868,0.0,0.0,0.0,0.0,3.4868000000000006,3.4868000000000006,3.4898
2771,0.0,0.0021,0.0021,0.0004,0.0,1.0,0.0,3.0574,0.0,0.0,0.0,0.0,3.0574,3.0574,3.0531
2772,0.0,0.0024,0.0024,0.0004,0.0,1.0,0.0,4.0252,0.0,0.0,0.0,0.0,4.0252,4.0252,4.0261
2773,0.0,0.0029,0.0029,0.0005,0.0,1.0,0.0,3.7185,0.0,0.0,0.0,0.0,3.7184999999999997,3.7184999999999997,3.7163
2774,0.0,0.0025,0.0025,0.0005,0.0,1.0,0.0,4.1337,0.0,0.0,0.0,0.0,4.1337,4.1337,4.135
2775,0.0,0.0031,0.0031,0.0006,0.0,1.0,0.0,3.5437,0.0,0.0,0.0,0.0,3.5437,3.5437,3.5412
2776,0.0,0.0022,0.0022,0.0004,0.0,1.0,0.0,3.5881,0.0,0.0,0.0,0.0,3.5881,3.5881,3.5928
2777,0.0,0.0029,0.0029,0.0005,0.0,1.0,0.0,3.1027,0.0,0.0,0.0,0.0,3.1027000000000005,3.1027000000000005,3.1004
2778,0.0,0.0024,0.0024,0.0004,0.0,1.0,0.0,3.2592,0.0,0.0,0.0,0.0,3.2592000000000003,3.2592000000000003,3.2558
2779,0.0,0.0026,0.0026,0.0005,0.0,1.0,0.0,3.3801,0.0,0.0,0.0,0.0,3.3801,3.3801,3.379
2780,0.0,0.0027,0.0027,0.0005,0.0,1.0,0.0,3.9257,0.0,0.0,0.0,0.0,3.9257,3.9257,3.9265
2781,0.0,0.002,0.002,0.0004,0.0,1.0,0.0,3.6324,0.0,0.0,0.0,0.0,3.6324,3.6324,3.636
2782,0.0,0.0024,0.0024,0.0004,0.0,1.0,0.0,4.0449,0.0,0.0,0.0,0.0,4.0449,4.0449,4.0457
2783,0.0,0.0031,0.0031,0.0006,0.0,1.0,0.0,4.1586,0.0,0.0,0.0,0.0,4.1586,4.1586,4.1537
2784,0.0,0.0023,0.0023,0.0004,0.0,1.0,0.0,3.2171,0.0,0.0,0.0,0.0,3.2171000000000003,3.2171000000000003,3.2163
2785,0.0,0.0023,0.0023,0.0004,0.0,1.0,0.0,2.8971,0.0,0.0,0.0,0.0,2.8971,2.8971,2.9008
2786,0.0,0.0026,0.0026,0.0005,0.0,1.0,0.0,3.1721,0.0,0.0,0.0,0.0,3.1721,3.1721,3.1674
2787,0.0,0.0033,0.0033,0.0006,0.0,1.0,0.0,4.3913,0.0,0.0,0.0,0.0,4.391299999999999,4.391299999999999,4.3915
2788,0.0,0.0019,0.0019,0.0003,0.0,1.0,0.0,3.5832,0.0,0.0,0.0,0.0,3.5832,3.5832,3.5851
2789,0.0,0.0035,0.0035,0.0006,0.0,1.0,0.0,3.706,0.0,0.0,0.0,0.0,3.706,3.706,3.7065
2790,0.0,0.0033,0.0033,0.0006,0.0,1.0,0.0,3.986,0.0,0.0,0.0,0.0,3.986,3.986,3.9866
2791,0.0,0.0029,0.0029,0.0005,0.0,1.0,0.0,3.6506,0.0,0.0,0.0,0.0,3.6506000000000003,3.6506000000000003,3.6476
2792,0.0,0.0017,0.0017,0.0003,0.0,1.0,0.0,3.2798,0.0,0.0,0.0,0.0,3.2798,3.2798,3.2795
2793,0.0,0.0025,0.0025,0.0005,0.0,1.0,0.0,3.9216,0.0,0.0,0.0,0.0,3.9215999999999998,3.9215999999999998,3.9249
2794,0.0,0.0024,0.0024,0.0004,0.0,1.0,0.0,3.8244,0.0,0.0,0.0,0.0,3.8244,3.8244,3.8282
2795,0.0,0.0021,0.0021,0.0004,0.0,1.0,0.0,3.348,0.0,0.0,0.0,0.0,3.3480000000000003,3.3480000000000003,3.3506
2796,0.0,0.0019,0.0019,0.0003,0.0,1.0,0.0,2.8722,0.0,0.0,0.0,0.0,2.8722000000000003,2.8722000000000003,2.8698
2797,0.0,0.0027,0.0027,0.0005,0.0,1.0,0.0,3.9572,0.0,0.0,0.0,0.0,3.9572,3.9572,3.9584
2798,0.0,0.003,0.003,0.0005,0.0,1.0,0.0,4.0313,0.0,0.0,0.0,0.0,4.0313,4.0313,4.0326
2799,0.0,0.0029,0.0029,0.0005,0.0,1.0,0.0,3.7195,0.0,0.0,0.0,0.0,3.7195,3.7195,3.7177
2800,0.0,0.0025,0.0025,0.0004,0.0,1.0,0.0,3.5259,0.0,0.0,0.0,0.0,3.5259,3.5259,3.529
2801,0.0,0.0027,0.0027,0.0005,0.0,1.0,0.0,3.8453,0.0,0.0,0.0,0.0,3.8453000000000004,3.8453000000000004,3.8409
2802,0.0,0.0027,0.0027,0.0005,0.0,1.0,0.0,3.7881,0.0,0.0,0.0,0.0,3.7881,3.7881,3.7924
2803,0.0,0.0029,0.0029,0.0005,0.0,1.0,0.0,4.5345,0.0,0.0,0.0,0.0,4.5344999999999995,4.5344999999999995,4.5334
2804,0.0,0.0022,0.0022,0.0004,0.0,1.0,0.0,3.5164,0.0,0.0,0.0,0.0,3.5164,3.5164,3.5147
2805,0.0,0.0028,0.0028,0.0005,0.0,1.0,0.0,3.4972,0.0,0.0,0.0,0.0,3.4972000000000003,3.4972000000000003,3.4993
2806,0.0,0.0028,0.0028,0.0005,0.0,1.0,0.0,3.9879,0.0,0.0,0.0,0.0,3.9879,3.9879,3.9837
2807,0.0,0.0032,0.0032,0.0006,0.0,1.0,0.0,4.0702,0.0,0.0,0.0,0.0,4.0702,4.0702,4.0692
2808,0.0,0.0022,0.0022,0.0004,0.0,1.0,0.0,3.2687,0.0,0.0,0.0,0.0,3.2687000000000004,3.2687000000000004,3.2668
2809,0.0,0.0026,0.0026,0.0005,0.0,1.0,0.0,3.6995,0.0,0.0,0.0,0.0,3.6994999999999996,3.6994999999999996,3.6964
2810,0.0,0.003,0.003,0.0005,0.0,1.0,0.0,4.0052,0.0,0.0,0.0,0.0,4.005199999999999,4.005199999999999,4.0038
2811,0.0,0.0016,0.0016,0.0003,0.0,1.0,0.0,3.5767,0.0,0.0,0.0,0.0,3.5766999999999998,3.5766999999999998,3.5766
2812,0.0,0.0022,0.0022,0.0004,0.0,1.0,0.0,3.6015,0.0,0.0,0.0,0.0,3.6014999999999997,3.6014999999999997,3.598
2813,0.0,0.0028,0.0028,0.0005,0.0,1.0,0.0,3.808,0.0,0.0,0.0,0.0,3.808,3.808,3.8109
2814,0.0,0.0025,0.0025,0.0004,0.0,1.0,0.0,3.6053,0.0,0.0,0.0,0.0,3.6052999999999997,3.6052999999999997,3.6022
2815,0.0,0.0025,0.0025,0.0004,0.0,1.0,0.0,2.9885,0.0,0.0,0.0,0.0,2.9885,2.9885,2.9854
2816,0.0,0.0026,0.0026,0.0005,0.0,1.0,0.0,3.4247,0.0,0.0,0.0,0.0,3.4246999999999996,3.4246999999999996,3.4277
2817,0.0,0.0025,0.0025,0.0005,0.0,1.0,0.0,4.0709,0.0,0.0,0.0,0.0,4.0709,4.0709,4.0731
2818,0.0,0.0029,0.0029,0.0005,0.0,1.0,0.0,3.3844,0.0,0.0,0.0,0.0,3.3844,3.3844,3.3812
2819,0.0,0.0032,0.0032,0.0006,0.0,1.0,0.0,3.667,0.0,0.0,0.0,0.0,3.667,3.667,3.669
2820,0.0,0.0022,0.0022,0.0004,0.0,1.0,0.0,3.5457,0.0,0.0,0.0,0.0,3.5456999999999996,3.5456999999999996,3.5469
2821,0.0,0.0023,0.0023,0.0004,0.0,1.0,0.0,4.0086,0.0,0.0,0.0,0.0,4.0086,4.0086,4.0076
2822,0.0,0.0025,0.0025,0.0004,0.0,1.0,0.0,3.8093,0.0,0.0,0.0,0.0,3.8093,3.8093,3.8113
2823,0.0,0.0029,0.0029,0.0005,0.0,1.0,0.0,3.8895,0.0,0.0,0.0,0.0,3.8895,3.8895,3.887
2824,0.0,0.0025,0.0025,0.0004,0.0,1.0,0.0,3.8923,0.0,0.0,0.0,0.0,3.8923,3.8923,3.8965
2825,0.0,0.0027,0.0027,0.0005,0.0,1.0,0.0,3.953,0.0,0.0,0.0,0.0,3.9530000000000003,3.9530000000000003,3.9503
2826,0.0,0.0031,0.0031,0.0006,0.0,1.0,0.0,3.7037,0.0,0.0,0.0,0.0,3.7037,3.7037,3.7001
2827,0.0,0.0017,0.0017,0.0003,0.0,1.0,0.0,3.2564,0.0,0.0,0.0,0.0,3.2564,3.2564,3.2598
2828,0.0,0.0025,0.0025,0.0004,0.0,1.0,0.0,3.5633,0.0,0.0,0.0,0.0,3.5633,3.5633,3.5634
2829,0.0,0.0017,0.0017,0.0003,0.0,1.0,0.0,3.2159,0.0,0.0,0.0,0.0,3.2159,3.2159,3.2182
2830,0.0,0.0029,0.0029,0.0005,0.0,1.0,0.0,3.6146,0.0,0.0,0.0,0.0,3.6146000000000003,3.6146000000000003,3.6158
2831,0.0,0.003,0.003,0.0005,0.0,1.0,0.0,4.2594,0.0,0.0,0.0,0.0,4.2594,4.2594,4.2641
2832,0.0,0.0027,0.0027,0.0005,0.0,1.0,0.0,3.2555,0.0,0.0,0.0,0.0,3.2555000000000005,3.2555000000000005,3.2543
2833,0.0,0.0027,0.0027,0.0005,0.0,1.0,0.0,3.6356,0.0,0.0,0.0,0.0,3.6356,3.6356,3.638
2834,0.0,0.0025,0.0025,0.0004,0.0,1.0,0.0,3.9224,0.0,0.0,0.0,0.0,3.9223999999999997,3.9223999999999997,3.9209
2835,0.0,0.0034,0.0034,0.0006,0.0,1.0,0.0,4.3092,0.0,0.0,0.0,0.0,4.309200000000001,4.309200000000001,4.3044
2836,0.0,0.0025,0.0025,0.0004,0.0,1.0,0.0,4.3457,0.0,0.0,0.0,0.0,4.3457,4.3457,4.3505
2837,0.0,0.0031,0.0031,0.0006,0.0,1.0,0.0,4.2318,0.0,0.0,0.0,0.0,4.2318,4.2318,4.2283
2838,0.0,0.0028,0.0028,0.0005,0.0,1.0,0.0,4.0755,0.0,0.0,0.0,0.0,4.0755,4.0755,4.0707
2839,0.0,0.0027,0.0027,0.0005,0.0,1.0,0.0,3.8505,0.0,0.0,0.0,0.0,3.8505,3.8505,3.8498
2840,0.0,0.0027,0.0027,0.0005,0.0,1.0,0.0,3.8766,0.0,0.0,0.0,0.0,3.8766,3.8766,3.8753
2841,0.0,0.003,0.003,0.0005,0.0,1.0,0.0,4.338,0.0,0.0,0.0,0.0,4.338,4.338,4.3366
2842,0.0,0.0026,0.0026,0.0005,0.0,1.0,0.0,4.2913,0.0,0.0,0.0,0.0,4.291300000000001,4.291300000000001,4.2882
2843,0.0,0.003,0.003,0.0005,0.0,1.0,0.0,3.5151,0.0,0.0,0.0,0.0,3.5151000000000003,3.5151000000000003,3.5103
2844,0.0,0.0027,0.0027,0.0005,0.0,1.0,0.0,3.7179,0.0,0.0,0.0,0.0,3.7178999999999998,3.7178999999999998,3.7219
2845,0.0,0.0031,0.0031,0.0006,0.0,1.0,0.0,4.253,0.0,0.0,0.0,0.0,4.253,4.253,4.2494
2846,0.0,0.0033,0.0033,0.0006,0.0,1.0,0.0,4.4601,0.0,0.0,0.0,0.0,4.4601,4.4601,4.4634
2847,0.0,0.0026,0.0026,0.0005,0.0,1.0,0.0,3.5995,0.0,0.0,0.0,0.0,3.5995,3.5995,3.5947
2848,0.0,0.0029,0.0029,0.0005,0.0,1.0,0.0,4.5477,0.0,0.0,0.0,0.0,4.5477,4.5477,4.5516
2849,0.0,0.0018,0.0018,0.0003,0.0,1.0,0.0,3.4191,0.0,0.0,0.0,0.0,3.4191,3.4191,3.4145
2850,0.0,0.0023,0.0023,0.0004,0.0,1.0,0.0,3.8532,0.0,0.0,0.0,0.0,3.8531999999999997,3.8531999999999997,3.8541
2851,0.0,0.0026,0.0026,0.0005,0.0,1.0,0.0,3.2804,0.0,0.0,0.0,0.0,3.2803999999999998,3.2803999999999998,3.2775
2852,0.0,0.0023,0.0023,0.0004,0.0,1.0,0.0,3.8563,0.0,0.0,0.0,0.0,3.8563,3.8563,3.8542
2853,0.0,0.0028,0.0028,0.0005,0.0,1.0,0.0,3.8254,0.0,0.0,0.0,0.0,3.8253999999999997,3.8253999999999997,3.8298
2854,0.0,0.0029,0.0029,0.0005,0.0,1.0,0.0,3.7367,0.0,0.0,0.0,0.0,3.7367,3.7367,3.7375
2855,0.0,0.0017,0.0017,0.0003,0.0,1.0,0.0,3.4399,0.0,0.0,0.0,0.0,3.4399,3.4399,3.4388
2856,0.0,0.0032,0.0032,0.0006,0.0,1.0,0.0,4.1965,0.0,0.0,0.0,0.0,4.1964999999999995,4.1964999999999995,4.1967
2857,0.0,0.0026,0.0026,0.0005,0.0,1.0,0.0,3.5934,0.0,0.0,0.0,0.0,3.5934,3.5934,3.5896
2858,0.0,0.0031,0.0031,0.0006,0.0,1.0,0.0,3.8193,0.0,0.0,0.0,0.0,3.8193,3.8193,3.8239
2859,0.0,0.002,0.002,0.0004,0.0,1.0,0.0,3.5653,0.0,0.0,0.0,0.0,3.5653,3.5653,3.5665
2860,0.0,0.0024,0.0024,0.0004,0.0,1.0,0.0,3.1679,0.0,0.0,0.0,0.0,3.1679,3.1679,3.1674
2861,0.0,0.0026,0.0026,0.0005,0.0,1.0,0.0,4.2904,0.0,0.0,0.0,0.0,4.2904,4.2904,4.2893
2862,0.0,0.003,0.003,0.0005,0.0,1.0,0.0,3.788,0.0,0.0,0.0,0.0,3.7880000000000003,3.7880000000000003,3.7911
2863,0.0,0.0026,0.0026,0.0005,0.0,1.0,0.0,3.5516,0.0,0.0,0.0,0.0,3.5515999999999996,3.5515999999999996,3.5549
2864,0.0,0.0027,0.0027,0.0005,0.0,1.0,0.0,3.6338,0.0,0.0,0.0,0.0,3.6338,3.6338,3.6333
2865,0.0,0.0021,0.0021,0.0004,0.0,1.0,0.0,3.3461,0.0,0.0,0.0,0.0,3.3461,3.3461,3.342
2866,0.0,0.0025,0.0025,0.0005,0.0,1.0,0.0,3.4156,0.0,0.0,0.0,0.0,3.4156,3.4156,3.4142
2867,0.0,0.0028,0.0028,0.0005,0.0,1.0,0.0,3.8476,0.0,0.0,0.0,0.0,3.8476,3.8476,3.8513
2868,0.0,0.0027,0.0027,0.0005,0.0,1.0,0.0,3.6296,0.0,0.0,0.0,0.0,3.6296,3.6296,3.6294
2869,0.0,0.0037,0.0037,0.0007,0.0,1.0,0.0,4.5813,0.0,0.0,0.0,0.0,4.5813,4.5813,4.5843
2870,0.0,0.0018,0.0018,0.0003,0.0,1.0,0.0,3.3027,0.0,0.0,0.0,0.0,3.3026999999999997,3.3026999999999997,3.2995
2871,0.0,0.0018,0.0018,0.0003,0.0,1.0,0.0,3.0789,0.0,0.0,0.0,0.0,3.0789,3.0789,3.0774
2872,0.0,0.0022,0.0022,0.0004,0.0,1.0,0.0,3.9051,0.0,0.0,0.0,0.0,3.9051,3.9051,3.9051
2873,0.0,0.0026,0.0026,0.0005,0.0,1.0,0.0,3.6258,0.0,0.0,0.0,0.0,3.6258,3.6258,3.6231
2874,0.0,0.0023,0.0023,0.0004,0.0,1.0,0.0,4.04,0.0,0.0,0.0,0.0,4.04,4.04,4.042
2875,0.0,0.003,0.003,0.0005,0.0,1.0,0.0,3.4142,0.0,0.0,0.0,0.0,3.4142,3.4142,3.4099
2876,0.0,0.0024,0.0024,0.0004,0.0,1.0,0.0,3.7954,0.0,0.0,0.0,0.0,3.7954,3.7954,3.7989
2877,0.0,0.0023,0.0023,0.0004,0.0,1.0,0.0,3.8734,0.0,0.0,0.0,0.0,3.8734,3.8734,3.8775
2878,0.0,0.0022,0.0022,0.0004,0.0,1.0,0.0,3.53,0.0,0.0,0.0,0.0,3.5300000000000002,3.5300000000000002,3.5332
2879,0.0,0.0025,0.0025,0.0004,0.0,1.0,0.0,3.2002,0.0,0.0,0.0,0.0,3.2002,3.2002,3.2016
2880,0.0,0.0027,0.0027,0.0005,0.0,1.0,0.0,3.6315,0.0,0.0,0.0,0.0,3.6315,3.6315,3.6349
2881,0.0,0.0025,0.0025,0.0004,0.0,1.0,0.0,4.3805,0.0,0.0,0.0,0.0,4.3805,4.3805,4.3806
2882,0.0,0.002,0.002,0.0004,0.0,1.0,0.0,3.6598,0.0,0.0,0.0,0.0,3.6598,3.6598,3.66
2883,0.0,0.0034,0.0034,0.0006,0.0,1.0,0.0,4.0943,0.0,0.0,0.0,0.0,4.0943,4.0943,4.0913
2884,0.0,0.0018,0.0018,0.0003,0.0,1.0,0.0,3.2996,0.0,0.0,0.0,0.0,3.2996,3.2996,3.3022
2885,0.0,0.0033,0.0033,0.0006,0.0,1.0,0.0,4.5033,0.0,0.0,0.0,0.0,4.5033,4.5033,4.5045
2886,0.0,0.0029,0.0029,0.0005,0.0,1.0,0.0,4.2082,0.0,0.0,0.0,0.0,4.2082,4.2082,4.2077
2887,0.0,0.0023,0.0023,0.0004,0.0,1.0,0.0,3.3145,0.0,0.0,0.0,0.0,3.3145,3.3145,3.3165
2888,0.0,0.0026,0.0026,0.0005,0.0,1.0,0.0,3.2706,0.0,0.0,0.0,0.0,3.2706,3.2706,3.2686
2889,0.0,0.0021,0.0021,0.0004,0.0,1.0,0.0,3.4497,0.0,0.0,0.0,0.0,3.4496999999999995,3.4496999999999995,3.4495
2890,0.0,0.0023,0.0023,0.0004,0.0,1.0,0.0,3.8426,0.0,0.0,0.0,0.0,3.8426,3.8426,3.8429
2891,0.0,0.0024,0.0024,0.0004,0.0,1.0,0.0,3.7477,0.0,0.0,0.0,0.0,3.7476999999999996,3.7476999999999996,3.7443
2892,0.0,0.0032,0.0032,0.0006,0.0,1.0,0.0,4.0146,0.0,0.0,0.0,0.0,4.0146,4.0146,4.011
2893,0.0,0.0026,0.0026,0.0005,0.0,1.0,0.0,3.2333,0.0,0.0,0.0,0.0,3.2333,3.2333,3.2363
2894,0.0,0.0027,0.0027,0.0005,0.0,1.0,0.0,4.1105,0.0,0.0,0.0,0.0,4.1105,4.1105,4.1082
2895,0.0,0.0023,0.0023,0.0004,0.0,1.0,0.0,3.5845,0.0,0.0,0.0,0.0,3.5845,3.5845,3.5798
2896,0.0,0.0028,0.0028,0.0005,0.0,1.0,0.0,4.2023,0.0,0.0,0.0,0.0,4.2023,4.2023,4.201
2897,0.0,0.0032,0.0032,0.0006,0.0,1.0,0.0,4.0047,0.0,0.0,0.0,0.0,4.004700000000001,4.004700000000001,4.0041
2898,0.0,0.002,0.002,0.0004,0.0,1.0,0.0,3.3379,0.0,0.0,0.0,0.0,3.3379000000000003,3.3379000000000003,3.3375
2899,0.0,0.0023,0.0023,0.0004,0.0,1.0,0.0,3.5904,0.0,0.0,0.0,0.0,3.5904,3.5904,3.5894
2900,0.0,0.0019,0.0019,0.0003,0.0,1.0,0.0,3.4435,0.0,0.0,0.0,0.0,3.4435000000000002,3.4435000000000002,3.4396
2901,0.0,0.0024,0.0024,0.0004,0.0,1.0,0.0,4.0467,0.0,0.0,0.0,0.0,4.0467,4.0467,4.0421
2902,0.0,0.0029,0.0029,0.0005,0.0,1.0,0.0,3.5171,0.0,0.0,0.0,0.0,3.5170999999999997,3.5170999999999997,3.5181
2903,0.0,0.0037,0.0037,0.0007,0.0,1.0,0.0,4.2585,0.0,0.0,0.0,0.0,4.258500000000001,4.258500000000001,4.2624
2904,0.0,0.0028,0.0028,0.0005,0.0,1.0,0.0,3.7437,0.0,0.0,0.0,0.0,3.7437,3.7437,3.7396
2905,0.0,0.0021,0.0021,0.0004,0.0,1.0,0.0,3.4767,0.0,0.0,0.0,0.0,3.4767,3.4767,3.4778
2906,0.0,0.0021,0.0021,0.0004,0.0,1.0,0.0,2.9248,0.0,0.0,0.0,0.0,2.9248,2.9248,2.9218
2907,0.0,0.0023,0.0023,0.0004,0.0,1.0,0.0,4.0856,0.0,0.0,0.0,0.0,4.0856,4.0856,4.0879
2908,0.0,0.0028,0.0028,0.0005,0.0,1.0,0.0,3.5994,0.0,0.0,0.0,0.0,3.5993999999999997,3.5993999999999997,3.6034
2909,0.0,0.0025,0.0025,0.0004,0.0,1.0,0.0,3.8287,0.0,0.0,0.0,0.0,3.8287,3.8287,3.8301
2910,0.0,0.0024,0.0024,0.0004,0.0,1.0,0.0,3.7157,0.0,0.0,0.0,0.0,3.7157000000000004,3.7157000000000004,3.7156
2911,0.0,0.002,0.002,0.0004,0.0,1.0,0.0,4.0462,0.0,0.0,0.0,0.0,4.0462,4.0462,4.0471
2912,0.0,0.002,0.002,0.0004,0.0,1.0,0.0,3.6703,0.0,0.0,0.0,0.0,3.6703,3.6703,3.6676
2913,0.0,0.0035,0.0035,0.0006,0.0,1.0,0.0,4.1919,0.0,0.0,0.0,0.0,4.1918999999999995,4.1918999999999995,4.1899
2914,0.0,0.0029,0.0029,0.0005,0.0,1.0,0.0,3.9715,0.0,0.0,0.0,0.0,3.9715,3.9715,3.9684
2915,0.0,0.0021,0.0021,0.0004,0.0,1.0,0.0,3.3796,0.0,0.0,0.0,0.0,3.3796,3.3796,3.3829
2916,0.0,0.0026,0.0026,0.0005,0.0,1.0,0.0,3.8756,0.0,0.0,0.0,0.0,3.8756000000000004,3.8756000000000004,3.8707
2917,0.0,0.0026,0.0026,0.0005,0.0,1.0,0.0,3.6319,0.0,0.0,0.0,0.0,3.6319,3.6319,3.6337
2918,0.0,0.0029,0.0029,0.0005,0.0,1.0,0.0,4.1815,0.0,0.0,0.0,0.0,4.1815,4.1815,4.181
2919,0.0,0.0025,0.0025,0.0004,0.0,1.0,0.0,3.3205,0.0,0.0,0.0,0.0,3.3205,3.3205,3.3213
2920,0.0,0.0015,0.0015,0.0003,0.0,1.0,0.0,3.2053,0.0,0.0,0.0,0.0,3.2053,3.2053,3.2093
2921,0.0,0.0029,0.0029,0.0005,0.0,1.0,0.0,3.9641,0.0,0.0,0.0,0.0,3.9641,3.9641,3.9618
2922,0.0,0.0038,0.0038,0.0007,0.0,1.0,0.0,4.1864,0.0,0.0,0.0,0.0,4.1864,4.1864,4.1844
2923,0.0,0.0024,0.0024,0.0004,0.0,1.0,0.0,3.3375,0.0,0.0,0.0,0.0,3.3375,3.3375,3.3394
2924,0.0,0.0024,0.0024,0.0004,0.0,1.0,0.0,3.8306,0.0,0.0,0.0,0.0,3.8306,3.8306,3.8303
2925,0.0,0.0025,0.0025,0.0004,0.0,1.0,0.0,3.5046,0.0,0.0,0.0,0.0,3.5046,3.5046,3.505
2926,0.0,0.0031,0.0031,0.0006,0.0,1.0,0.0,3.8008,0.0,0.0,0.0,0.0,3.8008,3.8008,3.8058
2927,0.0,0.0025,0.0025,0.0005,0.0,1.0,0.0,3.8215,0.0,0.0,0.0,0.0,3.8215,3.8215,3.8251
2928,0.0,0.0027,0.0027,0.0005,0.0,1.0,0.0,4.1119,0.0,0.0,0.0,0.0,4.1119,4.1119,4.1146
2929,0.0,0.0035,0.0035,0.0006,0.0,1.0,0.0,4.1438,0.0,0.0,0.0,0.0,4.1438,4.1438,4.1419
2930,0.0,0.0022,0.0022,0.0004,0.0,1.0,0.0,3.0665,0.0,0.0,0.0,0.0,3.0665,3.0665,3.0711
2931,0.0,0.0037,0.0037,0.0007,0.0,1.0,0.0,3.975,0.0,0.0,0.0,0.0,3.9750000000000005,3.9750000000000005,3.9704
2932,0.0,0.0024,0.0024,0.0004,0.0,1.0,0.0,3.6767,0.0,0.0,0.0,0.0,3.6767,3.6767,3.6761
2933,0.0,0.003,0.003,0.0005,0.0,1.0,0.0,3.9348,0.0,0.0,0.0,0.0,3.9348,3.9348,3.9305
2934,0.0,0.0022,0.0022,0.0004,0.0,1.0,0.0,3.5014,0.0,0.0,0.0,0.0,3.5014000000000003,3.5014000000000003,3.5002
2935,0.0,0.0038,0.0038,0.0007,0.0,1.0,0.0,3.974,0.0,0.0,0.0,0.0,3.974,3.974,3.9691
2936,0.0,0.0026,0.0026,0.0005,0.0,1.0,0.0,3.5521,0.0,0.0,0.0,0.0,3.5521,3.5521,3.5546
2937,0.0,0.0024,0.0024,0.0004,0.0,1.0,0.0,3.0108,0.0,0.0,0.0,0.0,3.0108,3.0108,3.0141
2938,0.0,0.0022,0.0022,0.0004,0.0,1.0,0.0,3.9433,0.0,0.0,0.0,0.0,3.9433,3.9433,3.9397
2939,0.0,0.0024,0.0024,0.0004,0.0,1.0,0.0,3.7498,0.0,0.0,0.0,0.0,3.7498,3.7498,3.7477
2940,0.0,0.0015,0.0015,0.0003,0.0,1.0,0.0,3.1103,0.0,0.0,0.0,0.0,3.1103000000000005,3.1103000000000005,3.1151
2941,0.0,0.0025,0.0025,0.0005,0.0,1.0,0.0,3.9434,0.0,0.0,0.0,0.0,3.9433999999999996,3.9433999999999996,3.9424
2942,0.0,0.0024,0.0024,0.0004,0.0,1.0,0.0,3.8017,0.0,0.0,0.0,0.0,3.8017000000000003,3.8017000000000003,3.7991
2943,0.0,0.0029,0.0029,0.0005,0.0,1.0,0.0,4.0594,0.0,0.0,0.0,0.0,4.0594,4.0594,4.0564
2944,0.0,0.0021,0.0021,0.0004,0.0,1.0,0.0,3.4847,0.0,0.0,0.0,0.0,3.4847,3.4847,3.4816
2945,0.0,0.0022,0.0022,0.0004,0.0,1.0,0.0,3.5116,0.0,0.0,0.0,0.0,3.5116,3.5116,3.5129
2946,0.0,0.0028,0.0028,0.0005,0.0,1.0,0.0,4.0094,0.0,0.0,0.0,0.0,4.0094,4.0094,4.0089
2947,0.0,0.0031,0.0031,0.0006,0.0,1.0,0.0,3.7754,0.0,0.0,0.0,0.0,3.7754,3.7754,3.7714
2948,0.0,0.0025,0.0025,0.0005,0.0,1.0,0.0,4.0974,0.0,0.0,0.0,0.0,4.0974,4.0974,4.1
2949,0.0,0.0023,0.0023,0.0004,0.0,1.0,0.0,2.9951,0.0,0.0,0.0,0.0,2.9951000000000003,2.9951000000000003,2.9922
2950,0.0,0.0025,0.0025,0.0005,0.0,1.0,0.0,4.1386,0.0,0.0,0.0,0.0,4.1386,4.1386,4.1394
2951,0.0,0.0031,0.0031,0.0006,0.0,1.0,0.0,4.3673,0.0,0.0,0.0,0.0,4.3673,4.3673,4.3654
2952,0.0,0.0029,0.0029,0.0005,0.0,1.0,0.0,3.968,0.0,0.0,0.0,0.0,3.968,3.968,3.9649
2953,0.0,0.0021,0.0021,0.0004,0.0,1.0,0.0,3.6308,0.0,0.0,0.0,0.0,3.6308000000000002,3.6308000000000002,3.6304
2954,0.0,0.0035,0.0035,0.0006,0.0,1.0,0.0,3.8977,0.0,0.0,0.0,0.0,3.8977000000000004,3.8977000000000004,3.8983
2955,0.0,0.002,0.002,0.0004,0.0,1.0,0.0,3.3914,0.0,0.0,0.0,0.0,3.3913999999999995,3.3913999999999995,3.3925
2956,0.0,0.0025,0.0025,0.0005,0.0,1.0,0.0,3.5679,0.0,0.0,0.0,0.0,3.5679,3.5679,3.5648
2957,0.0,0.0023,0.0023,0.0004,0.0,1.0,0.0,4.0348,0.0,0.0,0.0,0.0,4.0348,4.0348,4.0338
2958,0.0,0.0037,0.0037,0.0007,0.0,1.0,0.0,4.0117,0.0,0.0,0.0,0.0,4.0117,4.0117,4.0159
2959,0.0,0.0032,0.0032,0.0006,0.0,1.0,0.0,3.919,0.0,0.0,0.0,0.0,3.9189999999999996,3.9189999999999996,3.9228
2960,0.0,0.0024,0.0024,0.0004,0.0,1.0,0.0,3.4746,0.0,0.0,0.0,0.0,3.4746,3.4746,3.4767
2961,0.0,0.0024,0.0024,0.0004,0.0,1.0,0.0,3.6755,0.0,0.0,0.0,0.0,3.6754999999999995,3.6754999999999995,3.6767
2962,0.0,0.0024,0.0024,0.0004,0.0,1.0,0.0,3.4996,0.0,0.0,0.0,0.0,3.4996000000000005,3.4996000000000005,3.4998
2963,0.0,0.0021,0.0021,0.0004,0.0,1.0,0.0,3.4568,0.0,0.0,0.0,0.0,3.4568,3.4568,3.4532
2964,0.0,0.0025,0.0025,0.0005,0.0,1.0,0.0,3.6596,0.0,0.0,0.0,0.0,3.6595999999999997,3.6595999999999997,3.66
2965,0.0,0.0027,0.0027,0.0005,0.0,1.0,0.0,3.1235,0.0,0.0,0.0,0.0,3.1235,3.1235,3.1238
2966,0.0,0.0032,0.0032,0.0006,0.0,1.0,0.0,4.2879,0.0,0.0,0.0,0.0,4.2879,4.2879,4.2894
2967,0.0,0.003,0.003,0.0005,0.0,1.0,0.0,4.2991,0.0,0.0,0.0,0.0,4.2991,4.2991,4.3026
2968,0.0,0.0025,0.0025,0.0005,0.0,1.0,0.0,3.6534,0.0,0.0,0.0,0.0,3.6534,3.6534,3.6484
2969,0.0,0.0027,0.0027,0.0005,0.0,1.0,0.0,3.937,0.0,0.0,0.0,0.0,3.9370000000000003,3.9370000000000003,3.9418
2970,0.0,0.0022,0.0022,0.0004,0.0,1.0,0.0,3.3654,0.0,0.0,0.0,0.0,3.3653999999999997,3.3653999999999997,3.3693
2971,0.0,0.0019,0.0019,0.0003,0.0,1.0,0.0,3.152,0.0,0.0,0.0,0.0,3.152,3.152,3.1512
2972,0.0,0.0029,0.0029,0.0005,0.0,1.0,0.0,4.1285,0.0,0.0,0.0,0.0,4.128500000000001,4.128500000000001,4.1305
2973,0.0,0.0027,0.0027,0.0005,0.0,1.0,0.0,3.4402,0.0,0.0,0.0,0.0,3.4402,3.4402,3.4402
2974,0.0,0.0026,0.0026,0.0005,0.0,1.0,0.0,3.839,0.0,0.0,0.0,0.0,3.8389999999999995,3.8389999999999995,3.842
2975,0.0,0.0024,0.0024,0.0004,0.0,1.0,0.0,3.5985,0.0,0.0,0.0,0.0,3.5984999999999996,3.5984999999999996,3.6031
2976,0.0,0.003,0.003,0.0005,0.0,1.0,0.0,4.2338,0.0,0.0,0.0,0.0,4.2338000000000005,4.2338000000000005,4.234
2977,0.0,0.0028,0.0028,0.0005,0.0,1.0,0.0,3.7632,0.0,0.0,0.0,0.0,3.7632000000000003,3.7632000000000003,3.7656
2978,0.0,0.0025,0.0025,0.0005,0.0,1.0,0.0,3.5535,0.0,0.0,0.0,0.0,3.5534999999999997,3.5534999999999997,3.555
2979,0.0,0.0029,0.0029,0.0005,0.0,1.0,0.0,3.5154,0.0,0.0,0.0,0.0,3.5154,3.5154,3.5105
2980,0.0,0.0029,0.0029,0.0005,0.0,1.0,0.0,3.7694,0.0,0.0,0.0,0.0,3.7694,3.7694,3.7707
2981,0.0,0.0023,0.0023,0.0004,0.0,1.0,0.0,3.4837,0.0,0.0,0.0,0.0,3.4837,3.4837,3.48
2982,0.0,0.002,0.002,0.0004,0.0,1.0,0.0,3.5407,0.0,0.0,0.0,0.0,3.5406999999999997,3.5406999999999997,3.5378
2983,0.0,0.0028,0.0028,0.0005,0.0,1.0,0.0,3.8245,0.0,0.0,0.0,0.0,3.8244999999999996,3.8244999999999996,3.8222
2984,0.0,0.0034,0.0034,0.0006,0.0,1.0,0.0,3.6413,0.0,0.0,0.0,0.0,3.6413000000000006,3.6413000000000006,3.6442
2985,0.0,0.0026,0.0026,0.0005,0.0,1.0,0.0,3.6644,0.0,0.0,0.0,0.0,3.6644,3.6644,3.6606
2986,0.0,0.0025,0.0025,0.0005,0.0,1.0,0.0,3.7923,0.0,0.0,0.0,0.0,3.7923,3.7923,3.7918
2987,0.0,0.0024,0.0024,0.0004,0.0,1.0,0.0,3.9263,0.0,0.0,0.0,0.0,3.9263,3.9263,3.9215
2988,0.0,0.0029,0.0029,0.0005,0.0,1.0,0.0,4.1215,0.0,0.0,0.0,0.0,4.1215,4.1215,4.117
2989,0.0,0.0027,0.0027,0.0005,0.0,1.0,0.0,4.0104,0.0,0.0,0.0,0.0,4.0104,4.0104,4.0068
2990,0.0,0.0029,0.0029,0.0005,0.0,1.0,0.0,3.642,0.0,0.0,0.0,0.0,3.642,3.642,3.6466
2991,0.0,0.0022,0.0022,0.0004,0.0,1.0,0.0,3.4997,0.0,0.0,0.0,0.0,3.4997,3.4997,3.4954
2992,0.0,0.0031,0.0031,0.0006,0.0,1.0,0.0,3.9642,0.0,0.0,0.0,0.0,3.9642,3.9642,3.9629
2993,0.0,0.0034,0.0034,0.0006,0.0,1.0,0.0,4.102,0.0,0.0,0.0,0.0,4.102,4.102,4.1021
2994,0.0,0.0022,0.0022,0.0004,0.0,1.0,0.0,3.3744,0.0,0.0,0.0,0.0,3.3743999999999996,3.3743999999999996,3.371
2995,0.0,0.003,0.003,0.0005,0.0,1.0,0.0,3.5845,0.0,0.0,0.0,0.0,3.5845000000000002,3.5845000000000002,3.5869
2996,0.0,0.0026,0.0026,0.0005,0.0,1.0,0.0,3.8015,0.0,0.0,0.0,0.0,3.8015000000000003,3.8015000000000003,3.8027
2997,0.0,0.0025,0.0025,0.0005,0.0,1.0,0.0,3.6479,0.0,0.0,0.0,0.0,3.6479,3.6479,3.6501
2998,0.0,0.0025,0.0025,0.0005,0.0,1.0,0.0,3.9428,0.0,0.0,0.0,0.0,3.9427999999999996,3.9427999999999996,3.9451
2999,0.0,0.0022,0.0022,0.0004,0.0,1.0,0.0,3.4022,0.0,0.0,0.0,0.0,3.4021999999999997,3.4021999999999997,3.398
