job_id,energy_qpu_kwh,energy_cpu_kwh,energy_total_kwh,cost_energy_total,phi_qpu,phi_cpu,qpu_time_s,cpu_time_s,qpu_wait_s,cpu_wait_s,wait_total_s,qpu_turn_s,cpu_turn_s,turn_total_s,job_turnaround_s
0,0.0,0.0004,0.0004,0.0001,0.0,1.0,0.0,1.1367,0.0,0.0,0.0,0.0,1.1367,1.1367,1.1399
1,0.0,0.0006,0.0006,0.0001,0.0,1.0,0.0,1.2748,0.0,0.0,0.0,0.0,1.2748,1.2748,1.2776
2,0.0,0.0006,0.0006,0.0001,0.0,1.0,0.0,1.3748,0.0,0.0,0.0,0.0,1.3748,1.3748,1.3794
3,0.0,0.0005,0.0005,0.0001,0.0,1.0,0.0,1.212,0.0,0.0,0.0,0.0,1.212,1.212,1.2076
4,0.0,0.0008,0.0008,0.0001,0.0,1.0,0.0,1.34,0.0,0.0,0.0,0.0,1.3399999999999999,1.3399999999999999,1.3403
5,0.0,0.0007,0.0007,0.0001,0.0,1.0,0.0,1.3863,0.0,0.0,0.0,0.0,1.3862999999999999,1.3862999999999999,1.3831
6,0.0,0.0006,0.0006,0.0001,0.0,1.0,0.0,1.6921,0.0,0.0,0.0,0.0,1.6921,1.6921,1.6967
7,0.0,0.0008,0.0008,0.0001,0.0,1.0,0.0,1.3463,0.0,0.0,0.0,0.0,1.3463,1.3463,1.3451
8,0.0,0.001,0.001,0.0002,0.0,1.0,0.0,1.3528,0.0,0.0,0.0,0.0,1.3528,1.3528,1.3488
9,0.0,0.0008,0.0008,0.0002,0.0,1.0,0.0,1.5522,0.0,0.0,0.0,0.0,1.5522,1.5522,1.5518
10,0.0,0.0008,0.0008,0.0001,0.0,1.0,0.0,1.4585,0.0,0.0,0.0,0.0,1.4585000000000001,1.4585000000000001,1.4562
11,0.0,0.0007,0.0007,0.0001,0.0,1.0,0.0,1.4245,0.0,0.0,0.0,0.0,1.4245,1.4245,1.4237
12,0.0,0.0011,0.0011,0.0002,0.0,1.0,0.0,1.7049,0.0,0.0,0.0,0.0,1.7049,1.7049,1.7096
13,0.0,0.0007,0.0007,0.0001,0.0,1.0,0.0,1.2925,0.0,0.0,0.0,0.0,1.2925,1.2925,1.2876
14,0.0,0.0006,0.0006,0.0001,0.0,1.0,0.0,1.1952,0.0,0.0,0.0,0.0,1.1952,1.1952,1.1904
15,0.0,0.0004,0.0004,0.0001,0.0,1.0,0.0,0.7771,0.0,0.0,0.0,0.0,0.7771,0.7771,0.7799
16,0.0,0.0007,0.0007,0.0001,0.0,1.0,0.0,1.4724,0.0,0.0,0.0,0.0,1.4724,1.4724,1.4701
17,0.0,0.0007,0.0007,0.0001,0.0,1.0,0.0,1.3337,0.0,0.0,0.0,0.0,1.3337,1.3337,1.3321
18,0.0,0.0005,0.0005,0.0001,0.0,1.0,0.0,1.3366,0.0,0.0,0.0,0.0,1.3366,1.3366,1.3391
19,0.0,0.0008,0.0008,0.0001,0.0,1.0,0.0,1.2944,0.0,0.0,0.0,0.0,1.2944,1.2944,1.292
20,0.0,0.0005,0.0005,0.0001,0.0,1.0,0.0,1.2039,0.0,0.0,0.0,0.0,1.2039,1.2039,1.202
21,0.0,0.0007,0.0007,0.0001,0.0,1.0,0.0,1.2005,0.0,0.0,0.0,0.0,1.2005000000000001,1.2005000000000001,1.2031
22,0.0,0.0005,0.0005,0.0001,0.0,1.0,0.0,1.2089,0.0,0.0,0.0,0.0,1.2089,1.2089,1.2115
23,0.0,0.0005,0.0005,0.0001,0.0,1.0,0.0,0.9766,0.0,0.0,0.0,0.0,0.9766,0.9766,0.9752
24,0.0,0.0006,0.0006,0.0001,0.0,1.0,0.0,1.2324,0.0,0.0,0.0,0.0,1.2324,1.2324,1.2314
25,0.0,0.0005,0.0005,0.0001,0.0,1.0,0.0,1.3149,0.0,0.0,0.0,0.0,1.3149,1.3149,1.3175
26,0.0,0.0009,0.0009,0.0002,0.0,1.0,0.0,1.4475,0.0,0.0,0.0,0.0,1.4474999999999998,1.4474999999999998,1.4447
27,0.0,0.0007,0.0007,0.0001,0.0,1.0,0.0,1.3751,0.0,0.0,0.0,0.0,1.3751,1.3751,1.377
28,0.0,0.0006,0.0006,0.0001,0.0,1.0,0.0,0.9209,0.0,0.0,0.0,0.0,0.9208999999999999,0.9208999999999999,0.9182
29,0.0,0.0007,0.0007,0.0001,0.0,1.0,0.0,1.3701,0.0,0.0,0.0,0.0,1.3700999999999999,1.3700999999999999,1.3684
30,0.0,0.0009,0.0009,0.0002,0.0,1.0,0.0,1.2633,0.0,0.0,0.0,0.0,1.2632999999999999,1.2632999999999999,1.2672
31,0.0,0.0003,0.0003,0.0001,0.0,1.0,0.0,0.6886,0.0,0.0,0.0,0.0,0.6886,0.6886,0.6851
32,0.0,0.0011,0.0011,0.0002,0.0,1.0,0.0,1.4929,0.0,0.0,0.0,0.0,1.4929,1.4929,1.4895
33,0.0,0.0005,0.0005,0.0001,0.0,1.0,0.0,1.0881,0.0,0.0,0.0,0.0,1.0880999999999998,1.0880999999999998,1.0861
34,0.0,0.0006,0.0006,0.0001,0.0,1.0,0.0,1.4389,0.0,0.0,0.0,0.0,1.4388999999999998,1.4388999999999998,1.4414
35,0.0,0.0005,0.0005,0.0001,0.0,1.0,0.0,0.9883,0.0,0.0,0.0,0.0,0.9883,0.9883,0.9933
36,0.0,0.0009,0.0009,0.0002,0.0,1.0,0.0,1.3661,0.0,0.0,0.0,0.0,1.3660999999999999,1.3660999999999999,1.3672
37,0.0,0.0011,0.0011,0.0002,0.0,1.0,0.0,1.6105,0.0,0.0,0.0,0.0,1.6105,1.6105,1.6087
38,0.0,0.0003,0.0003,0.0001,0.0,1.0,0.0,1.274,0.0,0.0,0.0,0.0,1.274,1.274,1.2767
39,0.0,0.0005,0.0005,0.0001,0.0,1.0,0.0,1.2047,0.0,0.0,0.0,0.0,1.2046999999999999,1.2046999999999999,1.2092
40,0.0,0.0004,0.0004,0.0001,0.0,1.0,0.0,0.8667,0.0,0.0,0.0,0.0,0.8667,0.8667,0.8696
41,0.0,0.0004,0.0004,0.0001,0.0,1.0,0.0,0.7559,0.0,0.0,0.0,0.0,0.7559,0.7559,0.7562
42,0.0,0.0007,0.0007,0.0001,0.0,1.0,0.0,0.9124,0.0,0.0,0.0,0.0,0.9124,0.9124,0.9094
43,0.0,0.0009,0.0009,0.0002,0.0,1.0,0.0,1.4532,0.0,0.0,0.0,0.0,1.4532,1.4532,1.451
44,0.0,0.0004,0.0004,0.0001,0.0,1.0,0.0,1.3002,0.0,0.0,0.0,0.0,1.3002,1.3002,1.3029
45,0.0,0.0008,0.0008,0.0001,0.0,1.0,0.0,1.2618,0.0,0.0,0.0,0.0,1.2618,1.2618,1.2655
46,0.0,0.0009,0.0009,0.0002,0.0,1.0,0.0,1.136,0.0,0.0,0.0,0.0,1.1360000000000001,1.1360000000000001,1.1322
47,0.0,0.0007,0.0007,0.0001,0.0,1.0,0.0,1.3661,0.0,0.0,0.0,0.0,1.3661,1.3661,1.3663
48,0.0,0.0006,0.0006,0.0001,0.0,1.0,0.0,1.4219,0.0,0.0,0.0,0.0,1.4219,1.4219,1.421
49,0.0,0.001,0.001,0.0002,0.0,1.0,0.0,1.5547,0.0,0.0,0.0,0.0,1.5547,1.5547,1.5574
50,0.0,0.0006,0.0006,0.0001,0.0,1.0,0.0,1.0617,0.0,0.0,0.0,0.0,1.0616999999999999,1.0616999999999999,1.0657
51,0.0,0.0004,0.0004,0.0001,0.0,1.0,0.0,1.1034,0.0,0.0,0.0,0.0,1.1034000000000002,1.1034000000000002,1.101
52,0.0,0.0006,0.0006,0.0001,0.0,1.0,0.0,1.3029,0.0,0.0,0.0,0.0,1.3029,1.3029,1.3042
53,0.0,0.0007,0.0007,0.0001,0.0,1.0,0.0,1.2355,0.0,0.0,0.0,0.0,1.2355,1.2355,1.2395
54,0.0,0.0011,0.0011,0.0002,0.0,1.0,0.0,1.471,0.0,0.0,0.0,0.0,1.471,1.471,1.4751
55,0.0,0.0006,0.0006,0.0001,0.0,1.0,0.0,1.5009,0.0,0.0,0.0,0.0,1.5009000000000001,1.5009000000000001,1.5012
56,0.0,0.0007,0.0007,0.0001,0.0,1.0,0.0,1.221,0.0,0.0,0.0,0.0,1.2209999999999999,1.2209999999999999,1.2164
57,0.0,0.0006,0.0006,0.0001,0.0,1.0,0.0,1.0462,0.0,0.0,0.0,0.0,1.0462,1.0462,1.0449
58,0.0,0.0003,0.0003,0.0001,0.0,1.0,0.0,0.942,0.0,0.0,0.0,0.0,0.942,0.942,0.9408
59,0.0,0.0005,0.0005,0.0001,0.0,1.0,0.0,0.9106,0.0,0.0,0.0,0.0,0.9106000000000001,0.9106000000000001,0.9079
60,0.0,0.0004,0.0004,0.0001,0.0,1.0,0.0,0.8283,0.0,0.0,0.0,0.0,0.8283,0.8283,0.83
61,0.0,0.0008,0.0008,0.0001,0.0,1.0,0.0,1.179,0.0,0.0,0.0,0.0,1.179,1.179,1.177
62,0.0,0.0005,0.0005,0.0001,0.0,1.0,0.0,1.3242,0.0,0.0,0.0,0.0,1.3242,1.3242,1.3275
63,0.0,0.0008,0.0008,0.0001,0.0,1.0,0.0,1.107,0.0,0.0,0.0,0.0,1.107,1.107,1.1093
64,0.0,0.0009,0.0009,0.0002,0.0,1.0,0.0,1.071,0.0,0.0,0.0,0.0,1.071,1.071,1.0755
65,0.0,0.0008,0.0008,0.0001,0.0,1.0,0.0,1.3267,0.0,0.0,0.0,0.0,1.3267,1.3267,1.3258
66,0.0,0.0008,0.0008,0.0001,0.0,1.0,0.0,1.2631,0.0,0.0,0.0,0.0,1.2631000000000001,1.2631000000000001,1.2626
67,0.0,0.0003,0.0003,0.0001,0.0,1.0,0.0,1.0829,0.0,0.0,0.0,0.0,1.0829,1.0829,1.0843
68,0.0,0.0003,0.0003,0.0001,0.0,1.0,0.0,1.3053,0.0,0.0,0.0,0.0,1.3053,1.3053,1.3013
69,0.0,0.0005,0.0005,0.0001,0.0,1.0,0.0,1.2065,0.0,0.0,0.0,0.0,1.2065,1.2065,1.2099
70,0.0,0.0008,0.0008,0.0001,0.0,1.0,0.0,1.5599,0.0,0.0,0.0,0.0,1.5599,1.5599,1.5568
71,0.0,0.0006,0.0006,0.0001,0.0,1.0,0.0,1.4179,0.0,0.0,0.0,0.0,1.4179,1.4179,1.4227
72,0.0,0.0005,0.0005,0.0001,0.0,1.0,0.0,1.1632,0.0,0.0,0.0,0.0,1.1632,1.1632,1.1583
73,0.0,0.0005,0.0005,0.0001,0.0,1.0,0.0,1.2972,0.0,0.0,0.0,0.0,1.2972000000000001,1.2972000000000001,1.3019
74,0.0,0.0004,0.0004,0.0001,0.0,1.0,0.0,1.2847,0.0,0.0,0.0,0.0,1.2847,1.2847,1.2896
75,0.0,0.0004,0.0004,0.0001,0.0,1.0,0.0,1.1782,0.0,0.0,0.0,0.0,1.1782,1.1782,1.1752
76,0.0,0.0009,0.0009,0.0002,0.0,1.0,0.0,1.3463,0.0,0.0,0.0,0.0,1.3463,1.3463,1.3471
77,0.0,0.0006,0.0006,0.0001,0.0,1.0,0.0,1.4236,0.0,0.0,0.0,0.0,1.4236,1.4236,1.4267
78,0.0,0.0007,0.0007,0.0001,0.0,1.0,0.0,1.3534,0.0,0.0,0.0,0.0,1.3534000000000002,1.3534000000000002,1.3489
79,0.0,0.001,0.001,0.0002,0.0,1.0,0.0,1.4724,0.0,0.0,0.0,0.0,1.4724,1.4724,1.4739
80,0.0,0.0004,0.0004,0.0001,0.0,1.0,0.0,1.0738,0.0,0.0,0.0,0.0,1.0737999999999999,1.0737999999999999,1.0705
81,0.0,0.0004,0.0004,0.0001,0.0,1.0,0.0,0.7425,0.0,0.0,0.0,0.0,0.7425,0.7425,0.7446
82,0.0,0.0006,0.0006,0.0001,0.0,1.0,0.0,1.1751,0.0,0.0,0.0,0.0,1.1751,1.1751,1.1729
83,0.0,0.0004,0.0004,0.0001,0.0,1.0,0.0,1.0828,0.0,0.0,0.0,0.0,1.0828,1.0828,1.0795
84,0.0,0.0003,0.0003,0.0001,0.0,1.0,0.0,1.0881,0.0,0.0,0.0,0.0,1.0881,1.0881,1.0834
85,0.0,0.0007,0.0007,0.0001,0.0,1.0,0.0,1.1798,0.0,0.0,0.0,0.0,1.1798000000000002,1.1798000000000002,1.1842
86,0.0,0.0005,0.0005,0.0001,0.0,1.0,0.0,1.449,0.0,0.0,0.0,0.0,1.4489999999999998,1.4489999999999998,1.4493
87,0.0,0.0008,0.0008,0.0001,0.0,1.0,0.0,1.3322,0.0,0.0,0.0,0.0,1.3321999999999998,1.3321999999999998,1.3285
88,0.0,0.0004,0.0004,0.0001,0.0,1.0,0.0,1.0789,0.0,0.0,0.0,0.0,1.0789,1.0789,1.0779
89,0.0,0.0005,0.0005,0.0001,0.0,1.0,0.0,1.235,0.0,0.0,0.0,0.0,1.2349999999999999,1.2349999999999999,1.236
90,0.0,0.0004,0.0004,0.0001,0.0,1.0,0.0,0.8144,0.0,0.0,0.0,0.0,0.8144,0.8144,0.814
91,0.0,0.0004,0.0004,0.0001,0.0,1.0,0.0,1.0197,0.0,0.0,0.0,0.0,1.0197,1.0197,1.0228
92,0.0,0.0006,0.0006,0.0001,0.0,1.0,0.0,1.1891,0.0,0.0,0.0,0.0,1.1890999999999998,1.1890999999999998,1.1884
93,0.0,0.0008,0.0008,0.0001,0.0,1.0,0.0,1.3731,0.0,0.0,0.0,0.0,1.3731,1.3731,1.3753
94,0.0,0.0004,0.0004,0.0001,0.0,1.0,0.0,1.0509,0.0,0.0,0.0,0.0,1.0509,1.0509,1.0534
95,0.0,0.0006,0.0006,0.0001,0.0,1.0,0.0,1.2644,0.0,0.0,0.0,0.0,1.2644000000000002,1.2644000000000002,1.2648
96,0.0,0.001,0.001,0.0002,0.0,1.0,0.0,1.3916,0.0,0.0,0.0,0.0,1.3916,1.3916,1.3933
97,0.0,0.0005,0.0005,0.0001,0.0,1.0,0.0,1.1222,0.0,0.0,0.0,0.0,1.1221999999999999,1.1221999999999999,1.1196
98,0.0,0.0008,0.0008,0.0001,0.0,1.0,0.0,1.6999,0.0,0.0,0.0,0.0,1.6999,1.6999,1.6983
99,0.0,0.0005,0.0005,0.0001,0.0,1.0,0.0,1.5233,0.0,0.0,0.0,0.0,1.5232999999999999,1.5232999999999999,1.5244
100,0.0,0.0007,0.0007,0.0001,0.0,1.0,0.0,1.4409,0.0,0.0,0.0,0.0,1.4409,1.4409,1.4399
101,0.0,0.0008,0.0008,0.0001,0.0,1.0,0.0,1.4499,0.0,0.0,0.0,0.0,1.4499,1.4499,1.4484
102,0.0,0.0005,0.0005,0.0001,0.0,1.0,0.0,1.1382,0.0,0.0,0.0,0.0,1.1381999999999999,1.1381999999999999,1.1333
103,0.0,0.0006,0.0006,0.0001,0.0,1.0,0.0,1.3233,0.0,0.0,0.0,0.0,1.3233,1.3233,1.3214
104,0.0,0.0008,0.0008,0.0001,0.0,1.0,0.0,1.4527,0.0,0.0,0.0,0.0,1.4527,1.4527,1.4554
105,0.0,0.0005,0.0005,0.0001,0.0,1.0,0.0,1.2399,0.0,0.0,0.0,0.0,1.2399,1.2399,1.2428
106,0.0,0.0008,0.0008,0.0001,0.0,1.0,0.0,1.3312,0.0,0.0,0.0,0.0,1.3312,1.3312,1.3334
107,0.0,0.0003,0.0003,0.0001,0.0,1.0,0.0,0.8325,0.0,0.0,0.0,0.0,0.8325,0.8325,0.8335
108,0.0,0.0008,0.0008,0.0002,0.0,1.0,0.0,1.3262,0.0,0.0,0.0,0.0,1.3262,1.3262,1.329
109,0.0,0.0005,0.0005,0.0001,0.0,1.0,0.0,0.987,0.0,0.0,0.0,0.0,0.987,0.987,0.9886
110,0.0,0.0003,0.0003,0.0001,0.0,1.0,0.0,1.3952,0.0,0.0,0.0,0.0,1.3952,1.3952,1.3978
111,0.0,0.0005,0.0005,0.0001,0.0,1.0,0.0,0.9694,0.0,0.0,0.0,0.0,0.9694,0.9694,0.967
112,0.0,0.0005,0.0005,0.0001,0.0,1.0,0.0,1.4325,0.0,0.0,0.0,0.0,1.4325,1.4325,1.4347
113,0.0,0.0005,0.0005,0.0001,0.0,1.0,0.0,0.8499,0.0,0.0,0.0,0.0,0.8499000000000001,0.8499000000000001,0.8484
114,0.0,0.001,0.001,0.0002,0.0,1.0,0.0,1.5118,0.0,0.0,0.0,0.0,1.5118,1.5118,1.5069
115,0.0,0.0008,0.0008,0.0001,0.0,1.0,0.0,1.2068,0.0,0.0,0.0,0.0,1.2067999999999999,1.2067999999999999,1.206
116,0.0,0.0004,0.0004,0.0001,0.0,1.0,0.0,1.025,0.0,0.0,0.0,0.0,1.025,1.025,1.0235
117,0.0,0.0008,0.0008,0.0002,0.0,1.0,0.0,1.6625,0.0,0.0,0.0,0.0,1.6625,1.6625,1.6648
118,0.0,0.0007,0.0007,0.0001,0.0,1.0,0.0,1.2448,0.0,0.0,0.0,0.0,1.2448,1.2448,1.2477
119,0.0,0.0011,0.0011,0.0002,0.0,1.0,0.0,1.4211,0.0,0.0,0.0,0.0,1.4211,1.4211,1.4172
120,0.0,0.0005,0.0005,0.0001,0.0,1.0,0.0,0.8507,0.0,0.0,0.0,0.0,0.8507,0.8507,0.8497
121,0.0,0.0004,0.0004,0.0001,0.0,1.0,0.0,1.14,0.0,0.0,0.0,0.0,1.1400000000000001,1.1400000000000001,1.1399
122,0.0,0.0008,0.0008,0.0001,0.0,1.0,0.0,1.3376,0.0,0.0,0.0,0.0,1.3376000000000001,1.3376000000000001,1.3387
123,0.0,0.0004,0.0004,0.0001,0.0,1.0,0.0,0.9253,0.0,0.0,0.0,0.0,0.9253,0.9253,0.9289
124,0.0,0.0005,0.0005,0.0001,0.0,1.0,0.0,0.8516,0.0,0.0,0.0,0.0,0.8516,0.8516,0.8557
125,0.0,0.0008,0.0008,0.0001,0.0,1.0,0.0,1.1744,0.0,0.0,0.0,0.0,1.1744,1.1744,1.1737
126,0.0,0.0005,0.0005,0.0001,0.0,1.0,0.0,1.0993,0.0,0.0,0.0,0.0,1.0993000000000002,1.0993000000000002,1.1013
127,0.0,0.0005,0.0005,0.0001,0.0,1.0,0.0,1.1762,0.0,0.0,0.0,0.0,1.1762,1.1762,1.1718
128,0.0,0.0004,0.0004,0.0001,0.0,1.0,0.0,1.2368,0.0,0.0,0.0,0.0,1.2368000000000001,1.2368000000000001,1.2399
129,0.0,0.0004,0.0004,0.0001,0.0,1.0,0.0,1.02,0.0,0.0,0.0,0.0,1.02,1.02,1.0187
130,0.0,0.0008,0.0008,0.0001,0.0,1.0,0.0,1.3895,0.0,0.0,0.0,0.0,1.3895,1.3895,1.3925
131,0.0,0.0007,0.0007,0.0001,0.0,1.0,0.0,1.118,0.0,0.0,0.0,0.0,1.118,1.118,1.1134
132,0.0,0.0007,0.0007,0.0001,0.0,1.0,0.0,1.258,0.0,0.0,0.0,0.0,1.258,1.258,1.2533
133,0.0,0.0003,0.0003,0.0001,0.0,1.0,0.0,1.0517,0.0,0.0,0.0,0.0,1.0517,1.0517,1.0527
134,0.0,0.0007,0.0007,0.0001,0.0,1.0,0.0,1.142,0.0,0.0,0.0,0.0,1.142,1.142,1.1467
135,0.0,0.0005,0.0005,0.0001,0.0,1.0,0.0,0.9722,0.0,0.0,0.0,0.0,0.9722,0.9722,0.9721
136,0.0,0.0004,0.0004,0.0001,0.0,1.0,0.0,1.1039,0.0,0.0,0.0,0.0,1.1038999999999999,1.1038999999999999,1.1043
137,0.0,0.0005,0.0005,0.0001,0.0,1.0,0.0,1.262,0.0,0.0,0.0,0.0,1.262,1.262,1.2591
138,0.0,0.0009,0.0009,0.0002,0.0,1.0,0.0,1.2816,0.0,0.0,0.0,0.0,1.2816,1.2816,1.2789
139,0.0,0.0004,0.0004,0.0001,0.0,1.0,0.0,1.0597,0.0,0.0,0.0,0.0,1.0597,1.0597,1.0619
140,0.0,0.0007,0.0007,0.0001,0.0,1.0,0.0,1.5896,0.0,0.0,0.0,0.0,1.5896,1.5896,1.5923
141,0.0,0.0011,0.0011,0.0002,0.0,1.0,0.0,1.2147,0.0,0.0,0.0,0.0,1.2147,1.2147,1.2098
142,0.0,0.0006,0.0006,0.0001,0.0,1.0,0.0,0.9162,0.0,0.0,0.0,0.0,0.9162,0.9162,0.9127
143,0.0,0.0009,0.0009,0.0002,0.0,1.0,0.0,1.3562,0.0,0.0,0.0,0.0,1.3562,1.3562,1.3587
144,0.0,0.0003,0.0003,0.0001,0.0,1.0,0.0,1.0621,0.0,0.0,0.0,0.0,1.0621,1.0621,1.063
145,0.0,0.0004,0.0004,0.0001,0.0,1.0,0.0,1.0539,0.0,0.0,0.0,0.0,1.0539,1.0539,1.0518
146,0.0,0.0003,0.0003,0.0001,0.0,1.0,0.0,0.9238,0.0,0.0,0.0,0.0,0.9238,0.9238,0.9197
147,0.0,0.0011,0.0011,0.0002,0.0,1.0,0.0,1.3495,0.0,0.0,0.0,0.0,1.3495,1.3495,1.3543
148,0.0,0.0004,0.0004,0.0001,0.0,1.0,0.0,1.0104,0.0,0.0,0.0,0.0,1.0104,1.0104,1.0056
149,0.0,0.0007,0.0007,0.0001,0.0,1.0,0.0,1.1711,0.0,0.0,0.0,0.0,1.1711,1.1711,1.1708
150,0.0,0.0006,0.0006,0.0001,0.0,1.0,0.0,1.1915,0.0,0.0,0.0,0.0,1.1915,1.1915,1.1936
151,0.0,0.001,0.001,0.0002,0.0,1.0,0.0,1.1454,0.0,0.0,0.0,0.0,1.1454,1.1454,1.144
152,0.0,0.0009,0.0009,0.0002,0.0,1.0,0.0,1.3696,0.0,0.0,0.0,0.0,1.3696,1.3696,1.3707
153,0.0,0.0005,0.0005,0.0001,0.0,1.0,0.0,1.2297,0.0,0.0,0.0,0.0,1.2297,1.2297,1.2254
154,0.0,0.0004,0.0004,0.0001,0.0,1.0,0.0,1.27,0.0,0.0,0.0,0.0,1.27,1.27,1.2682
155,0.0,0.0005,0.0005,0.0001,0.0,1.0,0.0,0.9263,0.0,0.0,0.0,0.0,0.9262999999999999,0.9262999999999999,0.9218
156,0.0,0.0004,0.0004,0.0001,0.0,1.0,0.0,1.1027,0.0,0.0,0.0,0.0,1.1027,1.1027,1.0984
157,0.0,0.0003,0.0003,0.0001,0.0,1.0,0.0,1.3456,0.0,0.0,0.0,0.0,1.3456000000000001,1.3456000000000001,1.3493
158,0.0,0.001,0.001,0.0002,0.0,1.0,0.0,1.3857,0.0,0.0,0.0,0.0,1.3857,1.3857,1.3839
159,0.0,0.0007,0.0007,0.0001,0.0,1.0,0.0,1.3972,0.0,0.0,0.0,0.0,1.3972,1.3972,1.3934
160,0.0,0.0003,0.0003,0.0001,0.0,1.0,0.0,1.1241,0.0,0.0,0.0,0.0,1.1240999999999999,1.1240999999999999,1.1229
161,0.0,0.0011,0.0011,0.0002,0.0,1.0,0.0,1.6873,0.0,0.0,0.0,0.0,1.6873,1.6873,1.6899
162,0.0,0.0004,0.0004,0.0001,0.0,1.0,0.0,1.2445,0.0,0.0,0.0,0.0,1.2445,1.2445,1.2424
163,0.0,0.001,0.001,0.0002,0.0,1.0,0.0,1.5995,0.0,0.0,0.0,0.0,1.5995,1.5995,1.5994
164,0.0,0.0007,0.0007,0.0001,0.0,1.0,0.0,1.418,0.0,0.0,0.0,0.0,1.4180000000000001,1.4180000000000001,1.4212
165,0.0,0.0006,0.0006,0.0001,0.0,1.0,0.0,0.9406,0.0,0.0,0.0,0.0,0.9406000000000001,0.9406000000000001,0.9385
166,0.0,0.0007,0.0007,0.0001,0.0,1.0,0.0,1.272,0.0,0.0,0.0,0.0,1.272,1.272,1.2686
167,0.0,0.0005,0.0005,0.0001,0.0,1.0,0.0,1.1104,0.0,0.0,0.0,0.0,1.1104,1.1104,1.1064
168,0.0,0.0005,0.0005,0.0001,0.0,1.0,0.0,1.0432,0.0,0.0,0.0,0.0,1.0432000000000001,1.0432000000000001,1.0426
169,0.0,0.0006,0.0006,0.0001,0.0,1.0,0.0,1.0214,0.0,0.0,0.0,0.0,1.0213999999999999,1.0213999999999999,1.0262
170,0.0,0.0006,0.0006,0.0001,0.0,1.0,0.0,1.3695,0.0,0.0,0.0,0.0,1.3695,1.3695,1.3723
171,0.0,0.0004,0.0004,0.0001,0.0,1.0,0.0,1.0121,0.0,0.0,0.0,0.0,1.0121,1.0121,1.0142
172,0.0,0.001,0.001,0.0002,0.0,1.0,0.0,1.6439,0.0,0.0,0.0,0.0,1.6439000000000001,1.6439000000000001,1.6484
173,0.0,0.0008,0.0008,0.0002,0.0,1.0,0.0,1.339,0.0,0.0,0.0,0.0,1.339,1.339,1.3367
174,0.0,0.0007,0.0007,0.0001,0.0,1.0,0.0,1.1981,0.0,0.0,0.0,0.0,1.1981,1.1981,1.1963
175,0.0,0.0009,0.0009,0.0002,0.0,1.0,0.0,0.9468,0.0,0.0,0.0,0.0,0.9468,0.9468,0.9451
176,0.0,0.001,0.001,0.0002,0.0,1.0,0.0,1.447,0.0,0.0,0.0,0.0,1.447,1.447,1.4509
177,0.0,0.0006,0.0006,0.0001,0.0,1.0,0.0,1.3999,0.0,0.0,0.0,0.0,1.3999,1.3999,1.4016
178,0.0,0.0007,0.0007,0.0001,0.0,1.0,0.0,1.4514,0.0,0.0,0.0,0.0,1.4514,1.4514,1.4497
179,0.0,0.0004,0.0004,0.0001,0.0,1.0,0.0,0.7021,0.0,0.0,0.0,0.0,0.7021,0.7021,0.7048
180,0.0,0.0008,0.0008,0.0001,0.0,1.0,0.0,1.1517,0.0,0.0,0.0,0.0,1.1517,1.1517,1.1488
181,0.0,0.0006,0.0006,0.0001,0.0,1.0,0.0,1.4331,0.0,0.0,0.0,0.0,1.4331,1.4331,1.4379
182,0.0,0.0007,0.0007,0.0001,0.0,1.0,0.0,1.4355,0.0,0.0,0.0,0.0,1.4355,1.4355,1.4306
183,0.0,0.0004,0.0004,0.0001,0.0,1.0,0.0,1.145,0.0,0.0,0.0,0.0,1.145,1.145,1.1446
184,0.0,0.0006,0.0006,0.0001,0.0,1.0,0.0,1.1174,0.0,0.0,0.0,0.0,1.1174,1.1174,1.1158
185,0.0,0.0008,0.0008,0.0002,0.0,1.0,0.0,1.2661,0.0,0.0,0.0,0.0,1.2661,1.2661,1.2635
186,0.0,0.0008,0.0008,0.0001,0.0,1.0,0.0,1.3306,0.0,0.0,0.0,0.0,1.3306,1.3306,1.3261
187,0.0,0.0007,0.0007,0.0001,0.0,1.0,0.0,1.276,0.0,0.0,0.0,0.0,1.276,1.276,1.2755
188,0.0,0.0007,0.0007,0.0001,0.0,1.0,0.0,1.2735,0.0,0.0,0.0,0.0,1.2734999999999999,1.2734999999999999,1.2759
189,0.0,0.0003,0.0003,0.0001,0.0,1.0,0.0,0.9282,0.0,0.0,0.0,0.0,0.9282,0.9282,0.9324
190,0.0,0.0005,0.0005,0.0001,0.0,1.0,0.0,1.2168,0.0,0.0,0.0,0.0,1.2168,1.2168,1.215
191,0.0,0.0004,0.0004,0.0001,0.0,1.0,0.0,0.993,0.0,0.0,0.0,0.0,0.9930000000000001,0.9930000000000001,0.988
192,0.0,0.0008,0.0008,0.0001,0.0,1.0,0.0,1.4488,0.0,0.0,0.0,0.0,1.4488,1.4488,1.4473
193,0.0,0.001,0.001,0.0002,0.0,1.0,0.0,1.3882,0.0,0.0,0.0,0.0,1.3881999999999999,1.3881999999999999,1.388
194,0.0,0.0005,0.0005,0.0001,0.0,1.0,0.0,1.4396,0.0,0.0,0.0,0.0,1.4396,1.4396,1.4393
195,0.0,0.001,0.001,0.0002,0.0,1.0,0.0,1.4065,0.0,0.0,0.0,0.0,1.4065,1.4065,1.4085
196,0.0,0.0006,0.0006,0.0001,0.0,1.0,0.0,1.0337,0.0,0.0,0.0,0.0,1.0337,1.0337,1.0333
197,0.0,0.0005,0.0005,0.0001,0.0,1.0,0.0,1.1307,0.0,0.0,0.0,0.0,1.1307,1.1307,1.1295
198,0.0,0.0006,0.0006,0.0001,0.0,1.0,0.0,1.0413,0.0,0.0,0.0,0.0,1.0413000000000001,1.0413000000000001,1.0392
199,0.0,0.0008,0.0008,0.0001,0.0,1.0,0.0,1.5131,0.0,0.0,0.0,0.0,1.5131000000000001,1.5131000000000001,1.5148
200,0.0,0.0007,0.0007,0.0001,0.0,1.0,0.0,1.0533,0.0,0.0,0.0,0.0,1.0533000000000001,1.0533000000000001,1.0524
201,0.0,0.0005,0.0005,0.0001,0.0,1.0,0.0,1.0123,0.0,0.0,0.0,0.0,1.0123,1.0123,1.0172
202,0.0,0.0006,0.0006,0.0001,0.0,1.0,0.0,1.0658,0.0,0.0,0.0,0.0,1.0658,1.0658,1.066
203,0.0,0.0003,0.0003,0.0001,0.0,1.0,0.0,1.102,0.0,0.0,0.0,0.0,1.1019999999999999,1.1019999999999999,1.1051
204,0.0,0.001,0.001,0.0002,0.0,1.0,0.0,1.1412,0.0,0.0,0.0,0.0,1.1412,1.1412,1.1443
205,0.0,0.0003,0.0003,0.0001,0.0,1.0,0.0,1.1198,0.0,0.0,0.0,0.0,1.1198000000000001,1.1198000000000001,1.116
206,0.0,0.0009,0.0009,0.0002,0.0,1.0,0.0,1.1795,0.0,0.0,0.0,0.0,1.1795,1.1795,1.1832
207,0.0,0.0009,0.0009,0.0002,0.0,1.0,0.0,1.1368,0.0,0.0,0.0,0.0,1.1368,1.1368,1.1339
208,0.0,0.0003,0.0003,0.0001,0.0,1.0,0.0,1.3553,0.0,0.0,0.0,0.0,1.3553000000000002,1.3553000000000002,1.3537
209,0.0,0.0008,0.0008,0.0001,0.0,1.0,0.0,1.2018,0.0,0.0,0.0,0.0,1.2018,1.2018,1.1989
210,0.0,0.0004,0.0004,0.0001,0.0,1.0,0.0,0.9841,0.0,0.0,0.0,0.0,0.9841000000000001,0.9841000000000001,0.9876
211,0.0,0.0004,0.0004,0.0001,0.0,1.0,0.0,1.0371,0.0,0.0,0.0,0.0,1.0371000000000001,1.0371000000000001,1.0356
212,0.0,0.0008,0.0008,0.0002,0.0,1.0,0.0,1.0204,0.0,0.0,0.0,0.0,1.0204,1.0204,1.0229
213,0.0,0.0006,0.0006,0.0001,0.0,1.0,0.0,1.2476,0.0,0.0,0.0,0.0,1.2476,1.2476,1.2433
214,0.0,0.0005,0.0005,0.0001,0.0,1.0,0.0,0.7942,0.0,0.0,0.0,0.0,0.7942,0.7942,0.7897
215,0.0,0.0004,0.0004,0.0001,0.0,1.0,0.0,1.3205,0.0,0.0,0.0,0.0,1.3205,1.3205,1.3235
216,0.0,0.0007,0.0007,0.0001,0.0,1.0,0.0,1.01,0.0,0.0,0.0,0.0,1.01,1.01,1.0076
217,0.0,0.0007,0.0007,0.0001,0.0,1.0,0.0,1.3284,0.0,0.0,0.0,0.0,1.3284,1.3284,1.324
218,0.0,0.0006,0.0006,0.0001,0.0,1.0,0.0,0.9808,0.0,0.0,0.0,0.0,0.9808000000000001,0.9808000000000001,0.9848
219,0.0,0.0007,0.0007,0.0001,0.0,1.0,0.0,1.5871,0.0,0.0,0.0,0.0,1.5871,1.5871,1.5822
220,0.0,0.0007,0.0007,0.0001,0.0,1.0,0.0,1.6273,0.0,0.0,0.0,0.0,1.6273,1.6273,1.6296
221,0.0,0.0008,0.0008,0.0001,0.0,1.0,0.0,1.2891,0.0,0.0,0.0,0.0,1.2891,1.2891,1.2936
222,0.0,0.0003,0.0003,0.0001,0.0,1.0,0.0,1.1429,0.0,0.0,0.0,0.0,1.1429,1.1429,1.1431
223,0.0,0.0008,0.0008,0.0001,0.0,1.0,0.0,1.4908,0.0,0.0,0.0,0.0,1.4908000000000001,1.4908000000000001,1.4926
224,0.0,0.0004,0.0004,0.0001,0.0,1.0,0.0,1.0048,0.0,0.0,0.0,0.0,1.0048,1.0048,1.0096
225,0.0,0.0005,0.0005,0.0001,0.0,1.0,0.0,1.3542,0.0,0.0,0.0,0.0,1.3542,1.3542,1.3559
226,0.0,0.0006,0.0006,0.0001,0.0,1.0,0.0,1.5581,0.0,0.0,0.0,0.0,1.5581,1.5581,1.5591
227,0.0,0.001,0.001,0.0002,0.0,1.0,0.0,1.3698,0.0,0.0,0.0,0.0,1.3698000000000001,1.3698000000000001,1.373
228,0.0,0.0005,0.0005,0.0001,0.0,1.0,0.0,0.9843,0.0,0.0,0.0,0.0,0.9843000000000001,0.9843000000000001,0.9878
229,0.0,0.0006,0.0006,0.0001,0.0,1.0,0.0,1.3017,0.0,0.0,0.0,0.0,1.3017,1.3017,1.298
230,0.0,0.0003,0.0003,0.0001,0.0,1.0,0.0,1.217,0.0,0.0,0.0,0.0,1.217,1.217,1.2186
231,0.0,0.0004,0.0004,0.0001,0.0,1.0,0.0,0.9174,0.0,0.0,0.0,0.0,0.9174,0.9174,0.9221
232,0.0,0.0004,0.0004,0.0001,0.0,1.0,0.0,0.943,0.0,0.0,0.0,0.0,0.9430000000000001,0.9430000000000001,0.9401
233,0.0,0.0005,0.0005,0.0001,0.0,1.0,0.0,0.8816,0.0,0.0,0.0,0.0,0.8815999999999999,0.8815999999999999,0.8802
234,0.0,0.0009,0.0009,0.0002,0.0,1.0,0.0,1.5272,0.0,0.0,0.0,0.0,1.5272,1.5272,1.528
235,0.0,0.0007,0.0007,0.0001,0.0,1.0,0.0,1.1915,0.0,0.0,0.0,0.0,1.1915,1.1915,1.192
236,0.0,0.0009,0.0009,0.0002,0.0,1.0,0.0,1.28,0.0,0.0,0.0,0.0,1.2799999999999998,1.2799999999999998,1.2795
237,0.0,0.001,0.001,0.0002,0.0,1.0,0.0,1.1939,0.0,0.0,0.0,0.0,1.1939,1.1939,1.1972
238,0.0,0.0004,0.0004,0.0001,0.0,1.0,0.0,1.0787,0.0,0.0,0.0,0.0,1.0787,1.0787,1.0834
239,0.0,0.0007,0.0007,0.0001,0.0,1.0,0.0,1.0501,0.0,0.0,0.0,0.0,1.0501,1.0501,1.0479
240,0.0,0.0004,0.0004,0.0001,0.0,1.0,0.0,1.0895,0.0,0.0,0.0,0.0,1.0895000000000001,1.0895000000000001,1.0863
241,0.0,0.0006,0.0006,0.0001,0.0,1.0,0.0,1.0321,0.0,0.0,0.0,0.0,1.0321,1.0321,1.0337
242,0.0,0.0007,0.0007,0.0001,0.0,1.0,0.0,1.2429,0.0,0.0,0.0,0.0,1.2429000000000001,1.2429000000000001,1.2466
243,0.0,0.0009,0.0009,0.0002,0.0,1.0,0.0,1.144,0.0,0.0,0.0,0.0,1.144,1.144,1.1432
244,0.0,0.001,0.001,0.0002,0.0,1.0,0.0,1.2951,0.0,0.0,0.0,0.0,1.2951,1.2951,1.2965
245,0.0,0.0003,0.0003,0.0001,0.0,1.0,0.0,1.2149,0.0,0.0,0.0,0.0,1.2149,1.2149,1.215
246,0.0,0.0004,0.0004,0.0001,0.0,1.0,0.0,0.8464,0.0,0.0,0.0,0.0,0.8464,0.8464,0.8505
247,0.0,0.0005,0.0005,0.0001,0.0,1.0,0.0,0.9546,0.0,0.0,0.0,0.0,0.9546000000000001,0.9546000000000001,0.9587
248,0.0,0.0008,0.0008,0.0002,0.0,1.0,0.0,1.3926,0.0,0.0,0.0,0.0,1.3926,1.3926,1.392
249,0.0,0.0003,0.0003,0.0001,0.0,1.0,0.0,1.1932,0.0,0.0,0.0,0.0,1.1932,1.1932,1.1973
250,0.0,0.0008,0.0008,0.0001,0.0,1.0,0.0,1.4006,0.0,0.0,0.0,0.0,1.4006,1.4006,1.4037
251,0.0,0.0005,0.0005,0.0001,0.0,1.0,0.0,1.0651,0.0,0.0,0.0,0.0,1.0651,1.0651,1.0639
252,0.0,0.0003,0.0003,0.0001,0.0,1.0,0.0,1.239,0.0,0.0,0.0,0.0,1.2389999999999999,1.2389999999999999,1.2425
253,0.0,0.0005,0.0005,0.0001,0.0,1.0,0.0,1.3002,0.0,0.0,0.0,0.0,1.3001999999999998,1.3001999999999998,1.2956
254,0.0,0.0005,0.0005,0.0001,0.0,1.0,0.0,1.3383,0.0,0.0,0.0,0.0,1.3383,1.3383,1.3427
255,0.0,0.0005,0.0005,0.0001,0.0,1.0,0.0,1.1728,0.0,0.0,0.0,0.0,1.1728,1.1728,1.1755
256,0.0,0.0008,0.0008,0.0001,0.0,1.0,0.0,1.4091,0.0,0.0,0.0,0.0,1.4091,1.4091,1.4052
257,0.0,0.0003,0.0003,0.0001,0.0,1.0,0.0,0.8597,0.0,0.0,0.0,0.0,0.8596999999999999,0.8596999999999999,0.8621
258,0.0,0.0004,0.0004,0.0001,0.0,1.0,0.0,1.1805,0.0,0.0,0.0,0.0,1.1805,1.1805,1.1822
259,0.0,0.0006,0.0006,0.0001,0.0,1.0,0.0,1.0135,0.0,0.0,0.0,0.0,1.0135,1.0135,1.0127
260,0.0,0.0007,0.0007,0.0001,0.0,1.0,0.0,1.3785,0.0,0.0,0.0,0.0,1.3785,1.3785,1.383
261,0.0,0.0008,0.0008,0.0002,0.0,1.0,0.0,1.5942,0.0,0.0,0.0,0.0,1.5942,1.5942,1.5985
262,0.0,0.0011,0.0011,0.0002,0.0,1.0,0.0,1.4338,0.0,0.0,0.0,0.0,1.4338,1.4338,1.4298
263,0.0,0.0008,0.0008,0.0001,0.0,1.0,0.0,1.2893,0.0,0.0,0.0,0.0,1.2893,1.2893,1.291
264,0.0,0.0009,0.0009,0.0002,0.0,1.0,0.0,1.3567,0.0,0.0,0.0,0.0,1.3567,1.3567,1.3525
265,0.0,0.0008,0.0008,0.0001,0.0,1.0,0.0,1.637,0.0,0.0,0.0,0.0,1.6370000000000002,1.6370000000000002,1.6394
266,0.0,0.0008,0.0008,0.0001,0.0,1.0,0.0,1.6629,0.0,0.0,0.0,0.0,1.6629,1.6629,1.66
267,0.0,0.0005,0.0005,0.0001,0.0,1.0,0.0,1.2345,0.0,0.0,0.0,0.0,1.2345,1.2345,1.2313
268,0.0,0.0003,0.0003,0.0001,0.0,1.0,0.0,1.052,0.0,0.0,0.0,0.0,1.052,1.052,1.0554
269,0.0,0.0006,0.0006,0.0001,0.0,1.0,0.0,1.0032,0.0,0.0,0.0,0.0,1.0032,1.0032,1.0029
270,0.0,0.0004,0.0004,0.0001,0.0,1.0,0.0,0.9669,0.0,0.0,0.0,0.0,0.9669,0.9669,0.9672
271,0.0,0.0004,0.0004,0.0001,0.0,1.0,0.0,1.1501,0.0,0.0,0.0,0.0,1.1501000000000001,1.1501000000000001,1.1547
272,0.0,0.0009,0.0009,0.0002,0.0,1.0,0.0,1.6419,0.0,0.0,0.0,0.0,1.6419,1.6419,1.6466
273,0.0,0.0004,0.0004,0.0001,0.0,1.0,0.0,1.008,0.0,0.0,0.0,0.0,1.008,1.008,1.0108
274,0.0,0.0006,0.0006,0.0001,0.0,1.0,0.0,1.1317,0.0,0.0,0.0,0.0,1.1317,1.1317,1.1327
275,0.0,0.001,0.001,0.0002,0.0,1.0,0.0,1.5705,0.0,0.0,0.0,0.0,1.5705,1.5705,1.5659
276,0.0,0.0006,0.0006,0.0001,0.0,1.0,0.0,0.9837,0.0,0.0,0.0,0.0,0.9837,0.9837,0.9847
277,0.0,0.0005,0.0005,0.0001,0.0,1.0,0.0,0.9733,0.0,0.0,0.0,0.0,0.9733,0.9733,0.9759
278,0.0,0.0007,0.0007,0.0001,0.0,1.0,0.0,1.2626,0.0,0.0,0.0,0.0,1.2626,1.2626,1.2582
279,0.0,0.0004,0.0004,0.0001,0.0,1.0,0.0,0.9182,0.0,0.0,0.0,0.0,0.9182,0.9182,0.9206
280,0.0,0.0004,0.0004,0.0001,0.0,1.0,0.0,1.0944,0.0,0.0,0.0,0.0,1.0943999999999998,1.0943999999999998,1.0921
281,0.0,0.0004,0.0004,0.0001,0.0,1.0,0.0,1.2294,0.0,0.0,0.0,0.0,1.2294,1.2294,1.2257
282,0.0,0.0005,0.0005,0.0001,0.0,1.0,0.0,1.0358,0.0,0.0,0.0,0.0,1.0358,1.0358,1.0371
283,0.0,0.0008,0.0008,0.0001,0.0,1.0,0.0,1.1705,0.0,0.0,0.0,0.0,1.1705,1.1705,1.1711
284,0.0,0.0007,0.0007,0.0001,0.0,1.0,0.0,1.274,0.0,0.0,0.0,0.0,1.274,1.274,1.271
285,0.0,0.0005,0.0005,0.0001,0.0,1.0,0.0,1.1336,0.0,0.0,0.0,0.0,1.1336,1.1336,1.1373
286,0.0,0.0006,0.0006,0.0001,0.0,1.0,0.0,1.4124,0.0,0.0,0.0,0.0,1.4123999999999999,1.4123999999999999,1.416
287,0.0,0.0007,0.0007,0.0001,0.0,1.0,0.0,1.002,0.0,0.0,0.0,0.0,1.002,1.002,1.0009
288,0.0,0.0007,0.0007,0.0001,0.0,1.0,0.0,1.2607,0.0,0.0,0.0,0.0,1.2607,1.2607,1.2568
289,0.0,0.0003,0.0003,0.0001,0.0,1.0,0.0,0.8713,0.0,0.0,0.0,0.0,0.8713,0.8713,0.8751
290,0.0,0.0004,0.0004,0.0001,0.0,1.0,0.0,1.2739,0.0,0.0,0.0,0.0,1.2738999999999998,1.2738999999999998,1.2764
291,0.0,0.0006,0.0006,0.0001,0.0,1.0,0.0,1.3205,0.0,0.0,0.0,0.0,1.3205,1.3205,1.3163
292,0.0,0.0005,0.0005,0.0001,0.0,1.0,0.0,0.9098,0.0,0.0,0.0,0.0,0.9097999999999999,0.9097999999999999,0.912
293,0.0,0.0008,0.0008,0.0002,0.0,1.0,0.0,1.4708,0.0,0.0,0.0,0.0,1.4708,1.4708,1.4687
294,0.0,0.0006,0.0006,0.0001,0.0,1.0,0.0,1.0235,0.0,0.0,0.0,0.0,1.0235,1.0235,1.0228
295,0.0,0.0008,0.0008,0.0001,0.0,1.0,0.0,1.4936,0.0,0.0,0.0,0.0,1.4935999999999998,1.4935999999999998,1.4953
296,0.0,0.0007,0.0007,0.0001,0.0,1.0,0.0,1.4926,0.0,0.0,0.0,0.0,1.4926,1.4926,1.4943
297,0.0,0.0004,0.0004,0.0001,0.0,1.0,0.0,1.1002,0.0,0.0,0.0,0.0,1.1002,1.1002,1.1012
298,0.0,0.0009,0.0009,0.0002,0.0,1.0,0.0,1.559,0.0,0.0,0.0,0.0,1.559,1.559,1.5563
299,0.0,0.0009,0.0009,0.0002,0.0,1.0,0.0,1.4313,0.0,0.0,0.0,0.0,1.4313000000000002,1.4313000000000002,1.4268
300,0.0,0.0007,0.0007,0.0001,0.0,1.0,0.0,1.5376,0.0,0.0,0.0,0.0,1.5376,1.5376,1.5327
301,0.0,0.0004,0.0004,0.0001,0.0,1.0,0.0,1.0894,0.0,0.0,0.0,0.0,1.0894,1.0894,1.0847
302,0.0,0.0006,0.0006,0.0001,0.0,1.0,0.0,1.2583,0.0,0.0,0.0,0.0,1.2583,1.2583,1.2577
303,0.0,0.0009,0.0009,0.0002,0.0,1.0,0.0,1.4839,0.0,0.0,0.0,0.0,1.4839,1.4839,1.4854
304,0.0,0.0004,0.0004,0.0001,0.0,1.0,0.0,1.3182,0.0,0.0,0.0,0.0,1.3182,1.3182,1.3206
305,0.0,0.0007,0.0007,0.0001,0.0,1.0,0.0,0.9454,0.0,0.0,0.0,0.0,0.9454,0.9454,0.9478
306,0.0,0.0006,0.0006,0.0001,0.0,1.0,0.0,1.2142,0.0,0.0,0.0,0.0,1.2142,1.2142,1.2104
307,0.0,0.0009,0.0009,0.0002,0.0,1.0,0.0,1.1845,0.0,0.0,0.0,0.0,1.1844999999999999,1.1844999999999999,1.1845
308,0.0,0.0004,0.0004,0.0001,0.0,1.0,0.0,0.9154,0.0,0.0,0.0,0.0,0.9154,0.9154,0.9136
309,0.0,0.0007,0.0007,0.0001,0.0,1.0,0.0,0.859,0.0,0.0,0.0,0.0,0.8590000000000001,0.8590000000000001,0.8578
310,0.0,0.0003,0.0003,0.0001,0.0,1.0,0.0,0.9118,0.0,0.0,0.0,0.0,0.9118,0.9118,0.9072
311,0.0,0.0007,0.0007,0.0001,0.0,1.0,0.0,0.8962,0.0,0.0,0.0,0.0,0.8961999999999999,0.8961999999999999,0.894
312,0.0,0.0005,0.0005,0.0001,0.0,1.0,0.0,1.2181,0.0,0.0,0.0,0.0,1.2181,1.2181,1.2221
313,0.0,0.0005,0.0005,0.0001,0.0,1.0,0.0,1.2966,0.0,0.0,0.0,0.0,1.2966,1.2966,1.2944
314,0.0,0.0008,0.0008,0.0001,0.0,1.0,0.0,1.5275,0.0,0.0,0.0,0.0,1.5275,1.5275,1.5237
315,0.0,0.0005,0.0005,0.0001,0.0,1.0,0.0,1.3378,0.0,0.0,0.0,0.0,1.3378,1.3378,1.3341
316,0.0,0.001,0.001,0.0002,0.0,1.0,0.0,1.5412,0.0,0.0,0.0,0.0,1.5412,1.5412,1.5432
317,0.0,0.0005,0.0005,0.0001,0.0,1.0,0.0,1.3026,0.0,0.0,0.0,0.0,1.3026,1.3026,1.3045
318,0.0,0.0006,0.0006,0.0001,0.0,1.0,0.0,1.4025,0.0,0.0,0.0,0.0,1.4024999999999999,1.4024999999999999,1.398
319,0.0,0.0007,0.0007,0.0001,0.0,1.0,0.0,1.2243,0.0,0.0,0.0,0.0,1.2243,1.2243,1.2235
320,0.0,0.0005,0.0005,0.0001,0.0,1.0,0.0,1.225,0.0,0.0,0.0,0.0,1.225,1.225,1.2268
321,0.0,0.0009,0.0009,0.0002,0.0,1.0,0.0,1.2405,0.0,0.0,0.0,0.0,1.2405,1.2405,1.2364
322,0.0,0.0005,0.0005,0.0001,0.0,1.0,0.0,1.1773,0.0,0.0,0.0,0.0,1.1773,1.1773,1.181
323,0.0,0.0005,0.0005,0.0001,0.0,1.0,0.0,1.0706,0.0,0.0,0.0,0.0,1.0706,1.0706,1.0724
324,0.0,0.0007,0.0007,0.0001,0.0,1.0,0.0,1.4996,0.0,0.0,0.0,0.0,1.4996,1.4996,1.4963
325,0.0,0.0005,0.0005,0.0001,0.0,1.0,0.0,1.4344,0.0,0.0,0.0,0.0,1.4344000000000001,1.4344000000000001,1.4332
326,0.0,0.0005,0.0005,0.0001,0.0,1.0,0.0,1.0692,0.0,0.0,0.0,0.0,1.0692,1.0692,1.0645
327,0.0,0.0007,0.0007,0.0001,0.0,1.0,0.0,1.4267,0.0,0.0,0.0,0.0,1.4267,1.4267,1.4304
328,0.0,0.0004,0.0004,0.0001,0.0,1.0,0.0,0.9383,0.0,0.0,0.0,0.0,0.9383000000000001,0.9383000000000001,0.9348
329,0.0,0.0004,0.0004,0.0001,0.0,1.0,0.0,1.3932,0.0,0.0,0.0,0.0,1.3932,1.3932,1.3932
330,0.0,0.0006,0.0006,0.0001,0.0,1.0,0.0,1.4993,0.0,0.0,0.0,0.0,1.4992999999999999,1.4992999999999999,1.5041
331,0.0,0.0006,0.0006,0.0001,0.0,1.0,0.0,1.2331,0.0,0.0,0.0,0.0,1.2330999999999999,1.2330999999999999,1.2378
332,0.0,0.001,0.001,0.0002,0.0,1.0,0.0,1.1656,0.0,0.0,0.0,0.0,1.1656,1.1656,1.1691
333,0.0,0.0004,0.0004,0.0001,0.0,1.0,0.0,0.9353,0.0,0.0,0.0,0.0,0.9353,0.9353,0.9338
334,0.0,0.0008,0.0008,0.0001,0.0,1.0,0.0,1.4655,0.0,0.0,0.0,0.0,1.4655,1.4655,1.4674
335,0.0,0.0004,0.0004,0.0001,0.0,1.0,0.0,1.0126,0.0,0.0,0.0,0.0,1.0126,1.0126,1.009
336,0.0,0.0008,0.0008,0.0001,0.0,1.0,0.0,1.5641,0.0,0.0,0.0,0.0,1.5641,1.5641,1.5667
337,0.0,0.0006,0.0006,0.0001,0.0,1.0,0.0,1.2526,0.0,0.0,0.0,0.0,1.2526,1.2526,1.252
338,0.0,0.0006,0.0006,0.0001,0.0,1.0,0.0,1.0166,0.0,0.0,0.0,0.0,1.0166,1.0166,1.0135
339,0.0,0.0005,0.0005,0.0001,0.0,1.0,0.0,0.9761,0.0,0.0,0.0,0.0,0.9761,0.9761,0.9729
340,0.0,0.0005,0.0005,0.0001,0.0,1.0,0.0,1.1588,0.0,0.0,0.0,0.0,1.1588,1.1588,1.1547
341,0.0,0.0008,0.0008,0.0001,0.0,1.0,0.0,1.6046,0.0,0.0,0.0,0.0,1.6046,1.6046,1.6015
342,0.0,0.0005,0.0005,0.0001,0.0,1.0,0.0,1.171,0.0,0.0,0.0,0.0,1.171,1.171,1.1733
343,0.0,0.0007,0.0007,0.0001,0.0,1.0,0.0,1.391,0.0,0.0,0.0,0.0,1.391,1.391,1.3957
344,0.0,0.0004,0.0004,0.0001,0.0,1.0,0.0,1.4282,0.0,0.0,0.0,0.0,1.4282,1.4282,1.4262
345,0.0,0.0007,0.0007,0.0001,0.0,1.0,0.0,1.1116,0.0,0.0,0.0,0.0,1.1116000000000001,1.1116000000000001,1.1155
346,0.0,0.001,0.001,0.0002,0.0,1.0,0.0,1.3218,0.0,0.0,0.0,0.0,1.3218,1.3218,1.3251
347,0.0,0.0009,0.0009,0.0002,0.0,1.0,0.0,1.3788,0.0,0.0,0.0,0.0,1.3788,1.3788,1.3825
348,0.0,0.0008,0.0008,0.0001,0.0,1.0,0.0,1.2246,0.0,0.0,0.0,0.0,1.2246000000000001,1.2246000000000001,1.2211
349,0.0,0.0006,0.0006,0.0001,0.0,1.0,0.0,1.445,0.0,0.0,0.0,0.0,1.445,1.445,1.4439
350,0.0,0.0009,0.0009,0.0002,0.0,1.0,0.0,1.3652,0.0,0.0,0.0,0.0,1.3652000000000002,1.3652000000000002,1.3688
351,0.0,0.0004,0.0004,0.0001,0.0,1.0,0.0,1.4171,0.0,0.0,0.0,0.0,1.4171,1.4171,1.4123
352,0.0,0.0007,0.0007,0.0001,0.0,1.0,0.0,1.1174,0.0,0.0,0.0,0.0,1.1174,1.1174,1.1213
353,0.0,0.0007,0.0007,0.0001,0.0,1.0,0.0,1.2098,0.0,0.0,0.0,0.0,1.2098,1.2098,1.2123
354,0.0,0.0008,0.0008,0.0001,0.0,1.0,0.0,1.524,0.0,0.0,0.0,0.0,1.524,1.524,1.527
355,0.0,0.0004,0.0004,0.0001,0.0,1.0,0.0,1.3878,0.0,0.0,0.0,0.0,1.3878,1.3878,1.3843
356,0.0,0.0008,0.0008,0.0002,0.0,1.0,0.0,1.2121,0.0,0.0,0.0,0.0,1.2121,1.2121,1.2094
357,0.0,0.0006,0.0006,0.0001,0.0,1.0,0.0,1.4769,0.0,0.0,0.0,0.0,1.4769,1.4769,1.4798
358,0.0,0.0008,0.0008,0.0001,0.0,1.0,0.0,1.2591,0.0,0.0,0.0,0.0,1.2591,1.2591,1.2614
359,0.0,0.0005,0.0005,0.0001,0.0,1.0,0.0,1.1955,0.0,0.0,0.0,0.0,1.1955,1.1955,1.1912
360,0.0,0.0006,0.0006,0.0001,0.0,1.0,0.0,1.219,0.0,0.0,0.0,0.0,1.2189999999999999,1.2189999999999999,1.2193
361,0.0,0.0003,0.0003,0.0001,0.0,1.0,0.0,1.1451,0.0,0.0,0.0,0.0,1.1451,1.1451,1.1419
362,0.0,0.0004,0.0004,0.0001,0.0,1.0,0.0,0.9611,0.0,0.0,0.0,0.0,0.9611000000000001,0.9611000000000001,0.9563
363,0.0,0.0011,0.0011,0.0002,0.0,1.0,0.0,1.1602,0.0,0.0,0.0,0.0,1.1602,1.1602,1.156
364,0.0,0.0006,0.0006,0.0001,0.0,1.0,0.0,1.4057,0.0,0.0,0.0,0.0,1.4057,1.4057,1.4085
365,0.0,0.0011,0.0011,0.0002,0.0,1.0,0.0,1.3123,0.0,0.0,0.0,0.0,1.3123,1.3123,1.314
366,0.0,0.0004,0.0004,0.0001,0.0,1.0,0.0,0.9999,0.0,0.0,0.0,0.0,0.9999,0.9999,0.9974
367,0.0,0.0008,0.0008,0.0001,0.0,1.0,0.0,1.4253,0.0,0.0,0.0,0.0,1.4253,1.4253,1.4213
368,0.0,0.0005,0.0005,0.0001,0.0,1.0,0.0,1.1311,0.0,0.0,0.0,0.0,1.1311,1.1311,1.1338
369,0.0,0.0008,0.0008,0.0001,0.0,1.0,0.0,1.2566,0.0,0.0,0.0,0.0,1.2566,1.2566,1.2539
370,0.0,0.0007,0.0007,0.0001,0.0,1.0,0.0,1.1806,0.0,0.0,0.0,0.0,1.1806,1.1806,1.1812
371,0.0,0.0005,0.0005,0.0001,0.0,1.0,0.0,1.1051,0.0,0.0,0.0,0.0,1.1051,1.1051,1.1036
372,0.0,0.0008,0.0008,0.0001,0.0,1.0,0.0,1.6876,0.0,0.0,0.0,0.0,1.6876,1.6876,1.6838
373,0.0,0.0006,0.0006,0.0001,0.0,1.0,0.0,1.2744,0.0,0.0,0.0,0.0,1.2744,1.2744,1.2786
374,0.0,0.0007,0.0007,0.0001,0.0,1.0,0.0,1.4396,0.0,0.0,0.0,0.0,1.4396,1.4396,1.4428
375,0.0,0.0009,0.0009,0.0002,0.0,1.0,0.0,1.6133,0.0,0.0,0.0,0.0,1.6133000000000002,1.6133000000000002,1.6106
376,0.0,0.0005,0.0005,0.0001,0.0,1.0,0.0,1.3245,0.0,0.0,0.0,0.0,1.3245,1.3245,1.3195
377,0.0,0.0007,0.0007,0.0001,0.0,1.0,0.0,0.9496,0.0,0.0,0.0,0.0,0.9496,0.9496,0.9452
378,0.0,0.0004,0.0004,0.0001,0.0,1.0,0.0,0.9392,0.0,0.0,0.0,0.0,0.9392,0.9392,0.9383
379,0.0,0.0003,0.0003,0.0001,0.0,1.0,0.0,1.1444,0.0,0.0,0.0,0.0,1.1444,1.1444,1.1434
380,0.0,0.0006,0.0006,0.0001,0.0,1.0,0.0,1.1826,0.0,0.0,0.0,0.0,1.1825999999999999,1.1825999999999999,1.1872
381,0.0,0.0005,0.0005,0.0001,0.0,1.0,0.0,1.3752,0.0,0.0,0.0,0.0,1.3752,1.3752,1.3743
382,0.0,0.0006,0.0006,0.0001,0.0,1.0,0.0,0.8121,0.0,0.0,0.0,0.0,0.8121,0.8121,0.8099
383,0.0,0.0005,0.0005,0.0001,0.0,1.0,0.0,0.8848,0.0,0.0,0.0,0.0,0.8847999999999999,0.8847999999999999,0.8829
384,0.0,0.0005,0.0005,0.0001,0.0,1.0,0.0,1.3298,0.0,0.0,0.0,0.0,1.3298,1.3298,1.3288
385,0.0,0.0009,0.0009,0.0002,0.0,1.0,0.0,1.2664,0.0,0.0,0.0,0.0,1.2664,1.2664,1.271
386,0.0,0.0004,0.0004,0.0001,0.0,1.0,0.0,0.9778,0.0,0.0,0.0,0.0,0.9778,0.9778,0.9772
387,0.0,0.0005,0.0005,0.0001,0.0,1.0,0.0,1.2622,0.0,0.0,0.0,0.0,1.2622,1.2622,1.2649
388,0.0,0.0007,0.0007,0.0001,0.0,1.0,0.0,1.5293,0.0,0.0,0.0,0.0,1.5293,1.5293,1.5257
389,0.0,0.0004,0.0004,0.0001,0.0,1.0,0.0,0.7114,0.0,0.0,0.0,0.0,0.7114,0.7114,0.7069
390,0.0,0.0005,0.0005,0.0001,0.0,1.0,0.0,1.4409,0.0,0.0,0.0,0.0,1.4409,1.4409,1.4407
391,0.0,0.0004,0.0004,0.0001,0.0,1.0,0.0,1.1302,0.0,0.0,0.0,0.0,1.1302,1.1302,1.1302
392,0.0,0.0007,0.0007,0.0001,0.0,1.0,0.0,1.2909,0.0,0.0,0.0,0.0,1.2909,1.2909,1.2879
393,0.0,0.001,0.001,0.0002,0.0,1.0,0.0,1.2257,0.0,0.0,0.0,0.0,1.2256999999999998,1.2256999999999998,1.2258
394,0.0,0.0007,0.0007,0.0001,0.0,1.0,0.0,1.3491,0.0,0.0,0.0,0.0,1.3491,1.3491,1.346
395,0.0,0.0009,0.0009,0.0002,0.0,1.0,0.0,1.173,0.0,0.0,0.0,0.0,1.173,1.173,1.1768
396,0.0,0.0005,0.0005,0.0001,0.0,1.0,0.0,1.3362,0.0,0.0,0.0,0.0,1.3361999999999998,1.3361999999999998,1.3374
397,0.0,0.0007,0.0007,0.0001,0.0,1.0,0.0,1.5609,0.0,0.0,0.0,0.0,1.5609000000000002,1.5609000000000002,1.5652
398,0.0,0.0005,0.0005,0.0001,0.0,1.0,0.0,0.8277,0.0,0.0,0.0,0.0,0.8276999999999999,0.8276999999999999,0.8304
399,0.0,0.0003,0.0003,0.0001,0.0,1.0,0.0,1.4079,0.0,0.0,0.0,0.0,1.4079000000000002,1.4079000000000002,1.4038
400,0.0,0.0006,0.0006,0.0001,0.0,1.0,0.0,1.2727,0.0,0.0,0.0,0.0,1.2727,1.2727,1.2736
401,0.0,0.0005,0.0005,0.0001,0.0,1.0,0.0,0.8917,0.0,0.0,0.0,0.0,0.8916999999999999,0.8916999999999999,0.8955
402,0.0,0.001,0.001,0.0002,0.0,1.0,0.0,1.0313,0.0,0.0,0.0,0.0,1.0313,1.0313,1.0331
403,0.0,0.0003,0.0003,0.0001,0.0,1.0,0.0,1.3033,0.0,0.0,0.0,0.0,1.3033000000000001,1.3033000000000001,1.3081
404,0.0,0.0009,0.0009,0.0002,0.0,1.0,0.0,1.2938,0.0,0.0,0.0,0.0,1.2938,1.2938,1.2891
405,0.0,0.0008,0.0008,0.0001,0.0,1.0,0.0,1.3708,0.0,0.0,0.0,0.0,1.3708,1.3708,1.3704
406,0.0,0.0006,0.0006,0.0001,0.0,1.0,0.0,1.1386,0.0,0.0,0.0,0.0,1.1386,1.1386,1.1387
407,0.0,0.0007,0.0007,0.0001,0.0,1.0,0.0,1.3435,0.0,0.0,0.0,0.0,1.3435,1.3435,1.3393
408,0.0,0.0005,0.0005,0.0001,0.0,1.0,0.0,1.0881,0.0,0.0,0.0,0.0,1.0881,1.0881,1.091
409,0.0,0.0004,0.0004,0.0001,0.0,1.0,0.0,1.2838,0.0,0.0,0.0,0.0,1.2837999999999998,1.2837999999999998,1.2803
410,0.0,0.0006,0.0006,0.0001,0.0,1.0,0.0,0.9803,0.0,0.0,0.0,0.0,0.9803000000000001,0.9803000000000001,0.9794
411,0.0,0.0007,0.0007,0.0001,0.0,1.0,0.0,1.0917,0.0,0.0,0.0,0.0,1.0917,1.0917,1.0907
412,0.0,0.0008,0.0008,0.0001,0.0,1.0,0.0,1.2983,0.0,0.0,0.0,0.0,1.2983,1.2983,1.3005
413,0.0,0.0005,0.0005,0.0001,0.0,1.0,0.0,1.0766,0.0,0.0,0.0,0.0,1.0766,1.0766,1.0804
414,0.0,0.0004,0.0004,0.0001,0.0,1.0,0.0,1.1998,0.0,0.0,0.0,0.0,1.1998,1.1998,1.2041
415,0.0,0.0003,0.0003,0.0001,0.0,1.0,0.0,1.3255,0.0,0.0,0.0,0.0,1.3255,1.3255,1.3247
416,0.0,0.0005,0.0005,0.0001,0.0,1.0,0.0,1.257,0.0,0.0,0.0,0.0,1.2570000000000001,1.2570000000000001,1.2573
417,0.0,0.0007,0.0007,0.0001,0.0,1.0,0.0,1.3285,0.0,0.0,0.0,0.0,1.3285,1.3285,1.3302
418,0.0,0.0008,0.0008,0.0001,0.0,1.0,0.0,1.2898,0.0,0.0,0.0,0.0,1.2897999999999998,1.2897999999999998,1.2882
419,0.0,0.0007,0.0007,0.0001,0.0,1.0,0.0,1.1536,0.0,0.0,0.0,0.0,1.1536,1.1536,1.157
420,0.0,0.0009,0.0009,0.0002,0.0,1.0,0.0,1.3543,0.0,0.0,0.0,0.0,1.3542999999999998,1.3542999999999998,1.355
421,0.0,0.0007,0.0007,0.0001,0.0,1.0,0.0,1.2746,0.0,0.0,0.0,0.0,1.2746,1.2746,1.2705
422,0.0,0.0007,0.0007,0.0001,0.0,1.0,0.0,1.0294,0.0,0.0,0.0,0.0,1.0293999999999999,1.0293999999999999,1.033
423,0.0,0.0007,0.0007,0.0001,0.0,1.0,0.0,1.2498,0.0,0.0,0.0,0.0,1.2498,1.2498,1.253
424,0.0,0.0006,0.0006,0.0001,0.0,1.0,0.0,1.2834,0.0,0.0,0.0,0.0,1.2834,1.2834,1.2815
425,0.0,0.0008,0.0008,0.0001,0.0,1.0,0.0,1.6166,0.0,0.0,0.0,0.0,1.6166,1.6166,1.6151
426,0.0,0.0006,0.0006,0.0001,0.0,1.0,0.0,1.5211,0.0,0.0,0.0,0.0,1.5211000000000001,1.5211000000000001,1.5224
427,0.0,0.0005,0.0005,0.0001,0.0,1.0,0.0,1.4254,0.0,0.0,0.0,0.0,1.4254,1.4254,1.4242
428,0.0,0.0004,0.0004,0.0001,0.0,1.0,0.0,1.1036,0.0,0.0,0.0,0.0,1.1036,1.1036,1.1085
429,0.0,0.001,0.001,0.0002,0.0,1.0,0.0,1.3922,0.0,0.0,0.0,0.0,1.3921999999999999,1.3921999999999999,1.3907
430,0.0,0.0006,0.0006,0.0001,0.0,1.0,0.0,1.2421,0.0,0.0,0.0,0.0,1.2421,1.2421,1.243
431,0.0,0.0006,0.0006,0.0001,0.0,1.0,0.0,1.3504,0.0,0.0,0.0,0.0,1.3504,1.3504,1.3493
432,0.0,0.001,0.001,0.0002,0.0,1.0,0.0,1.3127,0.0,0.0,0.0,0.0,1.3127,1.3127,1.309
433,0.0,0.0008,0.0008,0.0001,0.0,1.0,0.0,1.5678,0.0,0.0,0.0,0.0,1.5678,1.5678,1.5685
434,0.0,0.0008,0.0008,0.0002,0.0,1.0,0.0,1.5944,0.0,0.0,0.0,0.0,1.5943999999999998,1.5943999999999998,1.5899
435,0.0,0.0007,0.0007,0.0001,0.0,1.0,0.0,1.3231,0.0,0.0,0.0,0.0,1.3231000000000002,1.3231000000000002,1.324
436,0.0,0.0011,0.0011,0.0002,0.0,1.0,0.0,1.4655,0.0,0.0,0.0,0.0,1.4655,1.4655,1.4699
437,0.0,0.0007,0.0007,0.0001,0.0,1.0,0.0,1.5218,0.0,0.0,0.0,0.0,1.5217999999999998,1.5217999999999998,1.5178
438,0.0,0.0004,0.0004,0.0001,0.0,1.0,0.0,1.2256,0.0,0.0,0.0,0.0,1.2256,1.2256,1.2227
439,0.0,0.0004,0.0004,0.0001,0.0,1.0,0.0,0.857,0.0,0.0,0.0,0.0,0.857,0.857,0.8613
440,0.0,0.0003,0.0003,0.0001,0.0,1.0,0.0,0.9936,0.0,0.0,0.0,0.0,0.9936,0.9936,0.9978
441,0.0,0.0005,0.0005,0.0001,0.0,1.0,0.0,0.959,0.0,0.0,0.0,0.0,0.9590000000000001,0.9590000000000001,0.9578
442,0.0,0.0007,0.0007,0.0001,0.0,1.0,0.0,1.2053,0.0,0.0,0.0,0.0,1.2053,1.2053,1.2056
443,0.0,0.0004,0.0004,0.0001,0.0,1.0,0.0,0.9147,0.0,0.0,0.0,0.0,0.9147000000000001,0.9147000000000001,0.9128
444,0.0,0.0007,0.0007,0.0001,0.0,1.0,0.0,1.2785,0.0,0.0,0.0,0.0,1.2785000000000002,1.2785000000000002,1.2771
445,0.0,0.0008,0.0008,0.0002,0.0,1.0,0.0,1.5053,0.0,0.0,0.0,0.0,1.5053,1.5053,1.5045
446,0.0,0.0006,0.0006,0.0001,0.0,1.0,0.0,1.0794,0.0,0.0,0.0,0.0,1.0794,1.0794,1.0843
447,0.0,0.0009,0.0009,0.0002,0.0,1.0,0.0,1.3422,0.0,0.0,0.0,0.0,1.3422,1.3422,1.3423
448,0.0,0.0005,0.0005,0.0001,0.0,1.0,0.0,0.9328,0.0,0.0,0.0,0.0,0.9328000000000001,0.9328000000000001,0.935
449,0.0,0.0006,0.0006,0.0001,0.0,1.0,0.0,1.2092,0.0,0.0,0.0,0.0,1.2092,1.2092,1.2052
450,0.0,0.0007,0.0007,0.0001,0.0,1.0,0.0,1.1464,0.0,0.0,0.0,0.0,1.1464,1.1464,1.1438
451,0.0,0.0006,0.0006,0.0001,0.0,1.0,0.0,1.034,0.0,0.0,0.0,0.0,1.034,1.034,1.0313
452,0.0,0.0006,0.0006,0.0001,0.0,1.0,0.0,1.2624,0.0,0.0,0.0,0.0,1.2624,1.2624,1.2663
453,0.0,0.0006,0.0006,0.0001,0.0,1.0,0.0,1.1831,0.0,0.0,0.0,0.0,1.1831,1.1831,1.1853
454,0.0,0.0006,0.0006,0.0001,0.0,1.0,0.0,1.0663,0.0,0.0,0.0,0.0,1.0663,1.0663,1.0695
455,0.0,0.0003,0.0003,0.0001,0.0,1.0,0.0,0.9621,0.0,0.0,0.0,0.0,0.9621000000000001,0.9621000000000001,0.9588
456,0.0,0.0008,0.0008,0.0001,0.0,1.0,0.0,1.0359,0.0,0.0,0.0,0.0,1.0359,1.0359,1.036
457,0.0,0.0008,0.0008,0.0002,0.0,1.0,0.0,1.7566,0.0,0.0,0.0,0.0,1.7565999999999997,1.7565999999999997,1.7542
458,0.0,0.0007,0.0007,0.0001,0.0,1.0,0.0,1.2475,0.0,0.0,0.0,0.0,1.2475,1.2475,1.2438
459,0.0,0.0007,0.0007,0.0001,0.0,1.0,0.0,1.3924,0.0,0.0,0.0,0.0,1.3923999999999999,1.3923999999999999,1.3917
460,0.0,0.0007,0.0007,0.0001,0.0,1.0,0.0,1.295,0.0,0.0,0.0,0.0,1.295,1.295,1.2931
461,0.0,0.0006,0.0006,0.0001,0.0,1.0,0.0,0.9945,0.0,0.0,0.0,0.0,0.9944999999999999,0.9944999999999999,0.9995
462,0.0,0.0006,0.0006,0.0001,0.0,1.0,0.0,1.2872,0.0,0.0,0.0,0.0,1.2872,1.2872,1.2898
463,0.0,0.0008,0.0008,0.0001,0.0,1.0,0.0,1.5374,0.0,0.0,0.0,0.0,1.5373999999999999,1.5373999999999999,1.5374
464,0.0,0.0007,0.0007,0.0001,0.0,1.0,0.0,1.051,0.0,0.0,0.0,0.0,1.051,1.051,1.0461
465,0.0,0.0006,0.0006,0.0001,0.0,1.0,0.0,1.2134,0.0,0.0,0.0,0.0,1.2134,1.2134,1.2132
466,0.0,0.0004,0.0004,0.0001,0.0,1.0,0.0,1.1878,0.0,0.0,0.0,0.0,1.1878,1.1878,1.1851
467,0.0,0.0008,0.0008,0.0001,0.0,1.0,0.0,1.3562,0.0,0.0,0.0,0.0,1.3561999999999999,1.3561999999999999,1.3518
468,0.0,0.0005,0.0005,0.0001,0.0,1.0,0.0,1.2102,0.0,0.0,0.0,0.0,1.2102,1.2102,1.2115
469,0.0,0.0006,0.0006,0.0001,0.0,1.0,0.0,1.4449,0.0,0.0,0.0,0.0,1.4449,1.4449,1.4473
470,0.0,0.0005,0.0005,0.0001,0.0,1.0,0.0,1.4639,0.0,0.0,0.0,0.0,1.4639000000000002,1.4639000000000002,1.4631
471,0.0,0.0008,0.0008,0.0001,0.0,1.0,0.0,1.3429,0.0,0.0,0.0,0.0,1.3429000000000002,1.3429000000000002,1.346
472,0.0,0.0007,0.0007,0.0001,0.0,1.0,0.0,0.9905,0.0,0.0,0.0,0.0,0.9905,0.9905,0.9882
473,0.0,0.0004,0.0004,0.0001,0.0,1.0,0.0,1.1918,0.0,0.0,0.0,0.0,1.1918,1.1918,1.1961
474,0.0,0.0007,0.0007,0.0001,0.0,1.0,0.0,1.3074,0.0,0.0,0.0,0.0,1.3074,1.3074,1.3092
475,0.0,0.0008,0.0008,0.0001,0.0,1.0,0.0,1.1106,0.0,0.0,0.0,0.0,1.1105999999999998,1.1105999999999998,1.115
476,0.0,0.0004,0.0004,0.0001,0.0,1.0,0.0,0.9061,0.0,0.0,0.0,0.0,0.9060999999999999,0.9060999999999999,0.9096
477,0.0,0.0008,0.0008,0.0001,0.0,1.0,0.0,1.2639,0.0,0.0,0.0,0.0,1.2639,1.2639,1.2662
478,0.0,0.0004,0.0004,0.0001,0.0,1.0,0.0,1.0267,0.0,0.0,0.0,0.0,1.0267,1.0267,1.0308
479,0.0,0.0007,0.0007,0.0001,0.0,1.0,0.0,1.5755,0.0,0.0,0.0,0.0,1.5755,1.5755,1.5767
480,0.0,0.0006,0.0006,0.0001,0.0,1.0,0.0,1.3169,0.0,0.0,0.0,0.0,1.3169,1.3169,1.3144
481,0.0,0.0008,0.0008,0.0001,0.0,1.0,0.0,1.3956,0.0,0.0,0.0,0.0,1.3956,1.3956,1.3967
482,0.0,0.0007,0.0007,0.0001,0.0,1.0,0.0,1.3518,0.0,0.0,0.0,0.0,1.3518,1.3518,1.3547
483,0.0,0.0006,0.0006,0.0001,0.0,1.0,0.0,1.3985,0.0,0.0,0.0,0.0,1.3984999999999999,1.3984999999999999,1.4013
484,0.0,0.0005,0.0005,0.0001,0.0,1.0,0.0,1.0131,0.0,0.0,0.0,0.0,1.0131,1.0131,1.0087
485,0.0,0.0007,0.0007,0.0001,0.0,1.0,0.0,1.2466,0.0,0.0,0.0,0.0,1.2466,1.2466,1.2424
486,0.0,0.0008,0.0008,0.0001,0.0,1.0,0.0,1.4465,0.0,0.0,0.0,0.0,1.4465000000000001,1.4465000000000001,1.4503
487,0.0,0.0008,0.0008,0.0001,0.0,1.0,0.0,1.4313,0.0,0.0,0.0,0.0,1.4313,1.4313,1.435
488,0.0,0.0006,0.0006,0.0001,0.0,1.0,0.0,1.1589,0.0,0.0,0.0,0.0,1.1589,1.1589,1.1593
489,0.0,0.0005,0.0005,0.0001,0.0,1.0,0.0,1.1804,0.0,0.0,0.0,0.0,1.1804000000000001,1.1804000000000001,1.1773
490,0.0,0.0007,0.0007,0.0001,0.0,1.0,0.0,1.2513,0.0,0.0,0.0,0.0,1.2513,1.2513,1.2517
491,0.0,0.0004,0.0004,0.0001,0.0,1.0,0.0,1.2546,0.0,0.0,0.0,0.0,1.2546,1.2546,1.253
492,0.0,0.001,0.001,0.0002,0.0,1.0,0.0,1.312,0.0,0.0,0.0,0.0,1.312,1.312,1.3112
493,0.0,0.0008,0.0008,0.0001,0.0,1.0,0.0,1.6303,0.0,0.0,0.0,0.0,1.6303,1.6303,1.6268
494,0.0,0.0006,0.0006,0.0001,0.0,1.0,0.0,1.5079,0.0,0.0,0.0,0.0,1.5078999999999998,1.5078999999999998,1.5082
495,0.0,0.001,0.001,0.0002,0.0,1.0,0.0,1.4634,0.0,0.0,0.0,0.0,1.4634,1.4634,1.4631
496,0.0,0.0006,0.0006,0.0001,0.0,1.0,0.0,1.2744,0.0,0.0,0.0,0.0,1.2744,1.2744,1.2754
497,0.0,0.0008,0.0008,0.0002,0.0,1.0,0.0,1.6266,0.0,0.0,0.0,0.0,1.6266,1.6266,1.6306
498,0.0,0.0004,0.0004,0.0001,0.0,1.0,0.0,1.1955,0.0,0.0,0.0,0.0,1.1955,1.1955,1.1908
499,0.0,0.0006,0.0006,0.0001,0.0,1.0,0.0,1.3013,0.0,0.0,0.0,0.0,1.3013,1.3013,1.3044
500,0.0,0.0005,0.0005,0.0001,0.0,1.0,0.0,1.0191,0.0,0.0,0.0,0.0,1.0191,1.0191,1.0212
501,0.0,0.0005,0.0005,0.0001,0.0,1.0,0.0,1.3197,0.0,0.0,0.0,0.0,1.3197,1.3197,1.3167
502,0.0,0.0006,0.0006,0.0001,0.0,1.0,0.0,1.3207,0.0,0.0,0.0,0.0,1.3206999999999998,1.3206999999999998,1.3256
503,0.0,0.0005,0.0005,0.0001,0.0,1.0,0.0,1.0873,0.0,0.0,0.0,0.0,1.0873,1.0873,1.0892
504,0.0,0.0003,0.0003,0.0001,0.0,1.0,0.0,1.0068,0.0,0.0,0.0,0.0,1.0068,1.0068,1.0116
505,0.0,0.0005,0.0005,0.0001,0.0,1.0,0.0,0.9758,0.0,0.0,0.0,0.0,0.9758,0.9758,0.9768
506,0.0,0.0004,0.0004,0.0001,0.0,1.0,0.0,1.1389,0.0,0.0,0.0,0.0,1.1389,1.1389,1.1353
507,0.0,0.0006,0.0006,0.0001,0.0,1.0,0.0,1.2681,0.0,0.0,0.0,0.0,1.2681,1.2681,1.2693
508,0.0,0.0005,0.0005,0.0001,0.0,1.0,0.0,0.9047,0.0,0.0,0.0,0.0,0.9047000000000001,0.9047000000000001,0.9015
509,0.0,0.0007,0.0007,0.0001,0.0,1.0,0.0,1.5099,0.0,0.0,0.0,0.0,1.5099,1.5099,1.5095
510,0.0,0.0005,0.0005,0.0001,0.0,1.0,0.0,1.1389,0.0,0.0,0.0,0.0,1.1389,1.1389,1.1394
511,0.0,0.0008,0.0008,0.0001,0.0,1.0,0.0,1.5291,0.0,0.0,0.0,0.0,1.5291000000000001,1.5291000000000001,1.5266
512,0.0,0.0011,0.0011,0.0002,0.0,1.0,0.0,1.5593,0.0,0.0,0.0,0.0,1.5593000000000001,1.5593000000000001,1.564
513,0.0,0.0009,0.0009,0.0002,0.0,1.0,0.0,1.3202,0.0,0.0,0.0,0.0,1.3202,1.3202,1.32
514,0.0,0.0004,0.0004,0.0001,0.0,1.0,0.0,1.1612,0.0,0.0,0.0,0.0,1.1612,1.1612,1.1568
515,0.0,0.0007,0.0007,0.0001,0.0,1.0,0.0,1.0757,0.0,0.0,0.0,0.0,1.0756999999999999,1.0756999999999999,1.0793
516,0.0,0.0008,0.0008,0.0001,0.0,1.0,0.0,1.237,0.0,0.0,0.0,0.0,1.237,1.237,1.2419
517,0.0,0.0007,0.0007,0.0001,0.0,1.0,0.0,0.9761,0.0,0.0,0.0,0.0,0.9761,0.9761,0.9736
518,0.0,0.0009,0.0009,0.0002,0.0,1.0,0.0,1.4383,0.0,0.0,0.0,0.0,1.4383,1.4383,1.4375
519,0.0,0.0006,0.0006,0.0001,0.0,1.0,0.0,1.4187,0.0,0.0,0.0,0.0,1.4187,1.4187,1.4209
520,0.0,0.0005,0.0005,0.0001,0.0,1.0,0.0,1.0374,0.0,0.0,0.0,0.0,1.0373999999999999,1.0373999999999999,1.0334
521,0.0,0.0007,0.0007,0.0001,0.0,1.0,0.0,1.6648,0.0,0.0,0.0,0.0,1.6648,1.6648,1.6684
522,0.0,0.0003,0.0003,0.0001,0.0,1.0,0.0,1.2665,0.0,0.0,0.0,0.0,1.2665,1.2665,1.2651
523,0.0,0.001,0.001,0.0002,0.0,1.0,0.0,1.7082,0.0,0.0,0.0,0.0,1.7082,1.7082,1.7068
524,0.0,0.0006,0.0006,0.0001,0.0,1.0,0.0,1.5667,0.0,0.0,0.0,0.0,1.5667000000000002,1.5667000000000002,1.5698
525,0.0,0.0004,0.0004,0.0001,0.0,1.0,0.0,1.1084,0.0,0.0,0.0,0.0,1.1084,1.1084,1.1124
526,0.0,0.0006,0.0006,0.0001,0.0,1.0,0.0,0.9299,0.0,0.0,0.0,0.0,0.9299,0.9299,0.9264
527,0.0,0.0008,0.0008,0.0001,0.0,1.0,0.0,1.1023,0.0,0.0,0.0,0.0,1.1023,1.1023,1.1023
528,0.0,0.0006,0.0006,0.0001,0.0,1.0,0.0,1.2456,0.0,0.0,0.0,0.0,1.2456,1.2456,1.2409
529,0.0,0.0009,0.0009,0.0002,0.0,1.0,0.0,1.6757,0.0,0.0,0.0,0.0,1.6757,1.6757,1.6761
530,0.0,0.0006,0.0006,0.0001,0.0,1.0,0.0,1.2575,0.0,0.0,0.0,0.0,1.2574999999999998,1.2574999999999998,1.2595
531,0.0,0.0006,0.0006,0.0001,0.0,1.0,0.0,1.1486,0.0,0.0,0.0,0.0,1.1486,1.1486,1.1474
532,0.0,0.0008,0.0008,0.0001,0.0,1.0,0.0,1.398,0.0,0.0,0.0,0.0,1.3980000000000001,1.3980000000000001,1.3992
533,0.0,0.0005,0.0005,0.0001,0.0,1.0,0.0,1.0664,0.0,0.0,0.0,0.0,1.0663999999999998,1.0663999999999998,1.0691
534,0.0,0.0008,0.0008,0.0001,0.0,1.0,0.0,1.3474,0.0,0.0,0.0,0.0,1.3474000000000002,1.3474000000000002,1.3495
535,0.0,0.0011,0.0011,0.0002,0.0,1.0,0.0,1.5878,0.0,0.0,0.0,0.0,1.5878,1.5878,1.5868
536,0.0,0.0006,0.0006,0.0001,0.0,1.0,0.0,1.2208,0.0,0.0,0.0,0.0,1.2208,1.2208,1.2234
537,0.0,0.0006,0.0006,0.0001,0.0,1.0,0.0,1.296,0.0,0.0,0.0,0.0,1.2959999999999998,1.2959999999999998,1.2983
538,0.0,0.0005,0.0005,0.0001,0.0,1.0,0.0,1.4356,0.0,0.0,0.0,0.0,1.4356,1.4356,1.4338
539,0.0,0.0006,0.0006,0.0001,0.0,1.0,0.0,0.9967,0.0,0.0,0.0,0.0,0.9966999999999999,0.9966999999999999,0.9973
540,0.0,0.0007,0.0007,0.0001,0.0,1.0,0.0,1.2037,0.0,0.0,0.0,0.0,1.2037,1.2037,1.2011
541,0.0,0.0006,0.0006,0.0001,0.0,1.0,0.0,1.32,0.0,0.0,0.0,0.0,1.3199999999999998,1.3199999999999998,1.3246
542,0.0,0.0005,0.0005,0.0001,0.0,1.0,0.0,1.1805,0.0,0.0,0.0,0.0,1.1805,1.1805,1.1796
543,0.0,0.0005,0.0005,0.0001,0.0,1.0,0.0,1.2532,0.0,0.0,0.0,0.0,1.2531999999999999,1.2531999999999999,1.2561
544,0.0,0.0005,0.0005,0.0001,0.0,1.0,0.0,1.1836,0.0,0.0,0.0,0.0,1.1836,1.1836,1.181
545,0.0,0.0005,0.0005,0.0001,0.0,1.0,0.0,1.3679,0.0,0.0,0.0,0.0,1.3679000000000001,1.3679000000000001,1.3714
546,0.0,0.0007,0.0007,0.0001,0.0,1.0,0.0,1.0775,0.0,0.0,0.0,0.0,1.0775000000000001,1.0775000000000001,1.0795
547,0.0,0.0007,0.0007,0.0001,0.0,1.0,0.0,1.4413,0.0,0.0,0.0,0.0,1.4413,1.4413,1.4404
548,0.0,0.0004,0.0004,0.0001,0.0,1.0,0.0,0.9128,0.0,0.0,0.0,0.0,0.9128,0.9128,0.9102
549,0.0,0.0004,0.0004,0.0001,0.0,1.0,0.0,1.0318,0.0,0.0,0.0,0.0,1.0318,1.0318,1.0343
550,0.0,0.0011,0.0011,0.0002,0.0,1.0,0.0,1.5623,0.0,0.0,0.0,0.0,1.5623,1.5623,1.5626
551,0.0,0.0003,0.0003,0.0001,0.0,1.0,0.0,1.2428,0.0,0.0,0.0,0.0,1.2428,1.2428,1.2452
552,0.0,0.0006,0.0006,0.0001,0.0,1.0,0.0,1.1916,0.0,0.0,0.0,0.0,1.1916,1.1916,1.1956
553,0.0,0.0008,0.0008,0.0001,0.0,1.0,0.0,1.2602,0.0,0.0,0.0,0.0,1.2602000000000002,1.2602000000000002,1.2596
554,0.0,0.0008,0.0008,0.0001,0.0,1.0,0.0,1.7697,0.0,0.0,0.0,0.0,1.7697,1.7697,1.7652
555,0.0,0.0004,0.0004,0.0001,0.0,1.0,0.0,1.2832,0.0,0.0,0.0,0.0,1.2832,1.2832,1.2784
556,0.0,0.0006,0.0006,0.0001,0.0,1.0,0.0,1.6621,0.0,0.0,0.0,0.0,1.6621000000000001,1.6621000000000001,1.6581
557,0.0,0.0008,0.0008,0.0002,0.0,1.0,0.0,1.5005,0.0,0.0,0.0,0.0,1.5005000000000002,1.5005000000000002,1.5039
558,0.0,0.0008,0.0008,0.0001,0.0,1.0,0.0,1.2926,0.0,0.0,0.0,0.0,1.2926,1.2926,1.2938
559,0.0,0.0007,0.0007,0.0001,0.0,1.0,0.0,1.4893,0.0,0.0,0.0,0.0,1.4893,1.4893,1.4892
560,0.0,0.0009,0.0009,0.0002,0.0,1.0,0.0,1.5558,0.0,0.0,0.0,0.0,1.5558,1.5558,1.5509
561,0.0,0.0005,0.0005,0.0001,0.0,1.0,0.0,0.8402,0.0,0.0,0.0,0.0,0.8402,0.8402,0.8366
562,0.0,0.0009,0.0009,0.0002,0.0,1.0,0.0,1.6395,0.0,0.0,0.0,0.0,1.6395,1.6395,1.6371
563,0.0,0.0008,0.0008,0.0001,0.0,1.0,0.0,1.195,0.0,0.0,0.0,0.0,1.195,1.195,1.1901
564,0.0,0.0004,0.0004,0.0001,0.0,1.0,0.0,0.957,0.0,0.0,0.0,0.0,0.957,0.957,0.956
565,0.0,0.0008,0.0008,0.0001,0.0,1.0,0.0,1.3033,0.0,0.0,0.0,0.0,1.3033000000000001,1.3033000000000001,1.2996
566,0.0,0.0005,0.0005,0.0001,0.0,1.0,0.0,1.4487,0.0,0.0,0.0,0.0,1.4487,1.4487,1.4516
567,0.0,0.0009,0.0009,0.0002,0.0,1.0,0.0,1.4269,0.0,0.0,0.0,0.0,1.4269,1.4269,1.4252
568,0.0,0.0006,0.0006,0.0001,0.0,1.0,0.0,1.3504,0.0,0.0,0.0,0.0,1.3504,1.3504,1.3474
569,0.0,0.0008,0.0008,0.0001,0.0,1.0,0.0,1.6638,0.0,0.0,0.0,0.0,1.6638000000000002,1.6638000000000002,1.6624
570,0.0,0.0005,0.0005,0.0001,0.0,1.0,0.0,1.1336,0.0,0.0,0.0,0.0,1.1336,1.1336,1.1353
571,0.0,0.001,0.001,0.0002,0.0,1.0,0.0,1.0991,0.0,0.0,0.0,0.0,1.0991,1.0991,1.1016
572,0.0,0.0005,0.0005,0.0001,0.0,1.0,0.0,1.0632,0.0,0.0,0.0,0.0,1.0632000000000001,1.0632000000000001,1.0642
573,0.0,0.0003,0.0003,0.0001,0.0,1.0,0.0,0.8105,0.0,0.0,0.0,0.0,0.8105,0.8105,0.8121
574,0.0,0.0009,0.0009,0.0002,0.0,1.0,0.0,1.0756,0.0,0.0,0.0,0.0,1.0756000000000001,1.0756000000000001,1.0746
575,0.0,0.0007,0.0007,0.0001,0.0,1.0,0.0,0.9842,0.0,0.0,0.0,0.0,0.9842000000000001,0.9842000000000001,0.989
576,0.0,0.001,0.001,0.0002,0.0,1.0,0.0,1.6241,0.0,0.0,0.0,0.0,1.6240999999999999,1.6240999999999999,1.6286
577,0.0,0.0005,0.0005,0.0001,0.0,1.0,0.0,1.1331,0.0,0.0,0.0,0.0,1.1331,1.1331,1.1319
578,0.0,0.0004,0.0004,0.0001,0.0,1.0,0.0,1.1015,0.0,0.0,0.0,0.0,1.1015,1.1015,1.0971
579,0.0,0.0004,0.0004,0.0001,0.0,1.0,0.0,0.7888,0.0,0.0,0.0,0.0,0.7888,0.7888,0.7935
580,0.0,0.0005,0.0005,0.0001,0.0,1.0,0.0,1.1562,0.0,0.0,0.0,0.0,1.1562000000000001,1.1562000000000001,1.1543
581,0.0,0.0005,0.0005,0.0001,0.0,1.0,0.0,1.1961,0.0,0.0,0.0,0.0,1.1961,1.1961,1.1924
582,0.0,0.0006,0.0006,0.0001,0.0,1.0,0.0,1.2744,0.0,0.0,0.0,0.0,1.2744,1.2744,1.2737
583,0.0,0.0007,0.0007,0.0001,0.0,1.0,0.0,1.2655,0.0,0.0,0.0,0.0,1.2655,1.2655,1.2684
584,0.0,0.0005,0.0005,0.0001,0.0,1.0,0.0,1.1149,0.0,0.0,0.0,0.0,1.1149,1.1149,1.1159
585,0.0,0.0007,0.0007,0.0001,0.0,1.0,0.0,1.1616,0.0,0.0,0.0,0.0,1.1616,1.1616,1.1648
586,0.0,0.0007,0.0007,0.0001,0.0,1.0,0.0,1.2052,0.0,0.0,0.0,0.0,1.2052,1.2052,1.2006
587,0.0,0.001,0.001,0.0002,0.0,1.0,0.0,1.1744,0.0,0.0,0.0,0.0,1.1743999999999999,1.1743999999999999,1.1747
588,0.0,0.0007,0.0007,0.0001,0.0,1.0,0.0,1.1359,0.0,0.0,0.0,0.0,1.1359,1.1359,1.1348
589,0.0,0.0004,0.0004,0.0001,0.0,1.0,0.0,0.9168,0.0,0.0,0.0,0.0,0.9168,0.9168,0.9202
590,0.0,0.0007,0.0007,0.0001,0.0,1.0,0.0,1.4725,0.0,0.0,0.0,0.0,1.4725000000000001,1.4725000000000001,1.4687
591,0.0,0.0007,0.0007,0.0001,0.0,1.0,0.0,1.426,0.0,0.0,0.0,0.0,1.4260000000000002,1.4260000000000002,1.4226
592,0.0,0.0008,0.0008,0.0001,0.0,1.0,0.0,1.2143,0.0,0.0,0.0,0.0,1.2143,1.2143,1.2117
593,0.0,0.0006,0.0006,0.0001,0.0,1.0,0.0,1.0605,0.0,0.0,0.0,0.0,1.0605,1.0605,1.0587
594,0.0,0.0008,0.0008,0.0001,0.0,1.0,0.0,1.6522,0.0,0.0,0.0,0.0,1.6522000000000001,1.6522000000000001,1.6531
595,0.0,0.0011,0.0011,0.0002,0.0,1.0,0.0,1.2132,0.0,0.0,0.0,0.0,1.2132,1.2132,1.2125
596,0.0,0.0003,0.0003,0.0001,0.0,1.0,0.0,1.3399,0.0,0.0,0.0,0.0,1.3399,1.3399,1.3421
597,0.0,0.0007,0.0007,0.0001,0.0,1.0,0.0,1.1523,0.0,0.0,0.0,0.0,1.1522999999999999,1.1522999999999999,1.1538
598,0.0,0.0005,0.0005,0.0001,0.0,1.0,0.0,1.0744,0.0,0.0,0.0,0.0,1.0743999999999998,1.0743999999999998,1.0716
599,0.0,0.0005,0.0005,0.0001,0.0,1.0,0.0,1.0591,0.0,0.0,0.0,0.0,1.0591,1.0591,1.0623
600,0.0,0.0008,0.0008,0.0001,0.0,1.0,0.0,1.3348,0.0,0.0,0.0,0.0,1.3348,1.3348,1.3393
601,0.0,0.0005,0.0005,0.0001,0.0,1.0,0.0,1.232,0.0,0.0,0.0,0.0,1.2320000000000002,1.2320000000000002,1.2284
602,0.0,0.001,0.001,0.0002,0.0,1.0,0.0,1.0626,0.0,0.0,0.0,0.0,1.0626,1.0626,1.06
603,0.0,0.0003,0.0003,0.0001,0.0,1.0,0.0,0.8915,0.0,0.0,0.0,0.0,0.8915000000000001,0.8915000000000001,0.8897
604,0.0,0.0008,0.0008,0.0001,0.0,1.0,0.0,1.4001,0.0,0.0,0.0,0.0,1.4001000000000001,1.4001000000000001,1.4009
605,0.0,0.0008,0.0008,0.0001,0.0,1.0,0.0,1.7326,0.0,0.0,0.0,0.0,1.7326,1.7326,1.7375
606,0.0,0.0004,0.0004,0.0001,0.0,1.0,0.0,1.0273,0.0,0.0,0.0,0.0,1.0272999999999999,1.0272999999999999,1.025
607,0.0,0.0008,0.0008,0.0001,0.0,1.0,0.0,1.3734,0.0,0.0,0.0,0.0,1.3734,1.3734,1.3771
608,0.0,0.0004,0.0004,0.0001,0.0,1.0,0.0,1.0555,0.0,0.0,0.0,0.0,1.0555,1.0555,1.0556
609,0.0,0.0008,0.0008,0.0001,0.0,1.0,0.0,0.9844,0.0,0.0,0.0,0.0,0.9843999999999999,0.9843999999999999,0.9824
610,0.0,0.0004,0.0004,0.0001,0.0,1.0,0.0,1.2654,0.0,0.0,0.0,0.0,1.2654,1.2654,1.2648
611,0.0,0.0009,0.0009,0.0002,0.0,1.0,0.0,1.632,0.0,0.0,0.0,0.0,1.6320000000000001,1.6320000000000001,1.6356
612,0.0,0.0003,0.0003,0.0001,0.0,1.0,0.0,1.1721,0.0,0.0,0.0,0.0,1.1721,1.1721,1.1764
613,0.0,0.0004,0.0004,0.0001,0.0,1.0,0.0,1.3479,0.0,0.0,0.0,0.0,1.3479,1.3479,1.3526
614,0.0,0.0004,0.0004,0.0001,0.0,1.0,0.0,0.9241,0.0,0.0,0.0,0.0,0.9241000000000001,0.9241000000000001,0.9287
615,0.0,0.0003,0.0003,0.0001,0.0,1.0,0.0,1.4472,0.0,0.0,0.0,0.0,1.4472,1.4472,1.4512
616,0.0,0.0007,0.0007,0.0001,0.0,1.0,0.0,1.1235,0.0,0.0,0.0,0.0,1.1235,1.1235,1.1217
617,0.0,0.0005,0.0005,0.0001,0.0,1.0,0.0,1.4121,0.0,0.0,0.0,0.0,1.4121000000000001,1.4121000000000001,1.4092
618,0.0,0.0006,0.0006,0.0001,0.0,1.0,0.0,1.5832,0.0,0.0,0.0,0.0,1.5832,1.5832,1.5808
619,0.0,0.0004,0.0004,0.0001,0.0,1.0,0.0,1.1671,0.0,0.0,0.0,0.0,1.1671,1.1671,1.1702
620,0.0,0.0007,0.0007,0.0001,0.0,1.0,0.0,1.3869,0.0,0.0,0.0,0.0,1.3868999999999998,1.3868999999999998,1.391
621,0.0,0.0009,0.0009,0.0002,0.0,1.0,0.0,1.7003,0.0,0.0,0.0,0.0,1.7003,1.7003,1.6982
622,0.0,0.0004,0.0004,0.0001,0.0,1.0,0.0,0.954,0.0,0.0,0.0,0.0,0.954,0.954,0.9586
623,0.0,0.0006,0.0006,0.0001,0.0,1.0,0.0,1.0597,0.0,0.0,0.0,0.0,1.0597,1.0597,1.059
624,0.0,0.0009,0.0009,0.0002,0.0,1.0,0.0,1.5339,0.0,0.0,0.0,0.0,1.5338999999999998,1.5338999999999998,1.5351
625,0.0,0.0008,0.0008,0.0001,0.0,1.0,0.0,1.1287,0.0,0.0,0.0,0.0,1.1287,1.1287,1.1254
626,0.0,0.0004,0.0004,0.0001,0.0,1.0,0.0,1.0248,0.0,0.0,0.0,0.0,1.0248,1.0248,1.023
627,0.0,0.0009,0.0009,0.0002,0.0,1.0,0.0,1.4103,0.0,0.0,0.0,0.0,1.4102999999999999,1.4102999999999999,1.4129
628,0.0,0.0005,0.0005,0.0001,0.0,1.0,0.0,1.1636,0.0,0.0,0.0,0.0,1.1636,1.1636,1.1648
629,0.0,0.0009,0.0009,0.0002,0.0,1.0,0.0,1.4701,0.0,0.0,0.0,0.0,1.4701,1.4701,1.4728
630,0.0,0.001,0.001,0.0002,0.0,1.0,0.0,1.3733,0.0,0.0,0.0,0.0,1.3733,1.3733,1.3737
631,0.0,0.0005,0.0005,0.0001,0.0,1.0,0.0,0.9883,0.0,0.0,0.0,0.0,0.9883000000000001,0.9883000000000001,0.9838
632,0.0,0.0006,0.0006,0.0001,0.0,1.0,0.0,1.3841,0.0,0.0,0.0,0.0,1.3841,1.3841,1.3872
633,0.0,0.0003,0.0003,0.0001,0.0,1.0,0.0,0.7806,0.0,0.0,0.0,0.0,0.7806,0.7806,0.7768
634,0.0,0.0006,0.0006,0.0001,0.0,1.0,0.0,1.3818,0.0,0.0,0.0,0.0,1.3818,1.3818,1.3808
635,0.0,0.0008,0.0008,0.0001,0.0,1.0,0.0,1.7692,0.0,0.0,0.0,0.0,1.7692,1.7692,1.7689
636,0.0,0.0006,0.0006,0.0001,0.0,1.0,0.0,0.9146,0.0,0.0,0.0,0.0,0.9146,0.9146,0.9144
637,0.0,0.0008,0.0008,0.0001,0.0,1.0,0.0,1.1821,0.0,0.0,0.0,0.0,1.1821,1.1821,1.1857
638,0.0,0.0005,0.0005,0.0001,0.0,1.0,0.0,1.287,0.0,0.0,0.0,0.0,1.287,1.287,1.2871
639,0.0,0.0003,0.0003,0.0001,0.0,1.0,0.0,0.9862,0.0,0.0,0.0,0.0,0.9862,0.9862,0.9839
640,0.0,0.001,0.001,0.0002,0.0,1.0,0.0,1.2509,0.0,0.0,0.0,0.0,1.2509000000000001,1.2509000000000001,1.2481
641,0.0,0.0006,0.0006,0.0001,0.0,1.0,0.0,1.1388,0.0,0.0,0.0,0.0,1.1388,1.1388,1.1378
642,0.0,0.0007,0.0007,0.0001,0.0,1.0,0.0,1.5249,0.0,0.0,0.0,0.0,1.5249000000000001,1.5249000000000001,1.5294
643,0.0,0.001,0.001,0.0002,0.0,1.0,0.0,1.4262,0.0,0.0,0.0,0.0,1.4262,1.4262,1.4231
644,0.0,0.0004,0.0004,0.0001,0.0,1.0,0.0,1.0994,0.0,0.0,0.0,0.0,1.0994,1.0994,1.0961
645,0.0,0.0005,0.0005,0.0001,0.0,1.0,0.0,1.3459,0.0,0.0,0.0,0.0,1.3458999999999999,1.3458999999999999,1.3453
646,0.0,0.0004,0.0004,0.0001,0.0,1.0,0.0,1.0924,0.0,0.0,0.0,0.0,1.0924,1.0924,1.0918
647,0.0,0.0005,0.0005,0.0001,0.0,1.0,0.0,1.0454,0.0,0.0,0.0,0.0,1.0453999999999999,1.0453999999999999,1.0457
648,0.0,0.0007,0.0007,0.0001,0.0,1.0,0.0,1.2159,0.0,0.0,0.0,0.0,1.2159,1.2159,1.2151
649,0.0,0.0005,0.0005,0.0001,0.0,1.0,0.0,1.3741,0.0,0.0,0.0,0.0,1.3740999999999999,1.3740999999999999,1.3698
650,0.0,0.0005,0.0005,0.0001,0.0,1.0,0.0,1.1627,0.0,0.0,0.0,0.0,1.1627,1.1627,1.1629
651,0.0,0.0008,0.0008,0.0001,0.0,1.0,0.0,1.4726,0.0,0.0,0.0,0.0,1.4726,1.4726,1.4684
652,0.0,0.0007,0.0007,0.0001,0.0,1.0,0.0,1.3902,0.0,0.0,0.0,0.0,1.3901999999999999,1.3901999999999999,1.3898
653,0.0,0.0004,0.0004,0.0001,0.0,1.0,0.0,0.998,0.0,0.0,0.0,0.0,0.998,0.998,0.9994
654,0.0,0.0006,0.0006,0.0001,0.0,1.0,0.0,1.052,0.0,0.0,0.0,0.0,1.052,1.052,1.0506
655,0.0,0.0005,0.0005,0.0001,0.0,1.0,0.0,1.0401,0.0,0.0,0.0,0.0,1.0401,1.0401,1.04
656,0.0,0.0005,0.0005,0.0001,0.0,1.0,0.0,1.0229,0.0,0.0,0.0,0.0,1.0229,1.0229,1.0236
657,0.0,0.0011,0.0011,0.0002,0.0,1.0,0.0,1.2363,0.0,0.0,0.0,0.0,1.2363,1.2363,1.2403
658,0.0,0.0008,0.0008,0.0001,0.0,1.0,0.0,1.4125,0.0,0.0,0.0,0.0,1.4125,1.4125,1.4117
659,0.0,0.001,0.001,0.0002,0.0,1.0,0.0,1.6496,0.0,0.0,0.0,0.0,1.6496,1.6496,1.6473
660,0.0,0.0006,0.0006,0.0001,0.0,1.0,0.0,1.5998,0.0,0.0,0.0,0.0,1.5997999999999999,1.5997999999999999,1.6024
661,0.0,0.0005,0.0005,0.0001,0.0,1.0,0.0,1.1154,0.0,0.0,0.0,0.0,1.1154000000000002,1.1154000000000002,1.1114
662,0.0,0.0007,0.0007,0.0001,0.0,1.0,0.0,1.4112,0.0,0.0,0.0,0.0,1.4112,1.4112,1.4062
663,0.0,0.0005,0.0005,0.0001,0.0,1.0,0.0,1.1438,0.0,0.0,0.0,0.0,1.1438000000000001,1.1438000000000001,1.1404
664,0.0,0.0006,0.0006,0.0001,0.0,1.0,0.0,1.226,0.0,0.0,0.0,0.0,1.226,1.226,1.2269
665,0.0,0.0008,0.0008,0.0001,0.0,1.0,0.0,1.3826,0.0,0.0,0.0,0.0,1.3826,1.3826,1.3825
666,0.0,0.0006,0.0006,0.0001,0.0,1.0,0.0,1.4118,0.0,0.0,0.0,0.0,1.4118,1.4118,1.4074
667,0.0,0.0005,0.0005,0.0001,0.0,1.0,0.0,1.2535,0.0,0.0,0.0,0.0,1.2534999999999998,1.2534999999999998,1.2545
668,0.0,0.0005,0.0005,0.0001,0.0,1.0,0.0,1.3898,0.0,0.0,0.0,0.0,1.3898000000000001,1.3898000000000001,1.3859
669,0.0,0.001,0.001,0.0002,0.0,1.0,0.0,1.4566,0.0,0.0,0.0,0.0,1.4566,1.4566,1.4599
670,0.0,0.0007,0.0007,0.0001,0.0,1.0,0.0,1.3128,0.0,0.0,0.0,0.0,1.3128,1.3128,1.3178
671,0.0,0.0007,0.0007,0.0001,0.0,1.0,0.0,0.9861,0.0,0.0,0.0,0.0,0.9861000000000001,0.9861000000000001,0.9845
672,0.0,0.0004,0.0004,0.0001,0.0,1.0,0.0,1.0779,0.0,0.0,0.0,0.0,1.0779,1.0779,1.0781
673,0.0,0.0009,0.0009,0.0002,0.0,1.0,0.0,1.3598,0.0,0.0,0.0,0.0,1.3598,1.3598,1.3636
674,0.0,0.0011,0.0011,0.0002,0.0,1.0,0.0,1.3703,0.0,0.0,0.0,0.0,1.3702999999999999,1.3702999999999999,1.3728
675,0.0,0.0008,0.0008,0.0001,0.0,1.0,0.0,1.6157,0.0,0.0,0.0,0.0,1.6157,1.6157,1.6187
676,0.0,0.0006,0.0006,0.0001,0.0,1.0,0.0,1.3673,0.0,0.0,0.0,0.0,1.3673,1.3673,1.3647
677,0.0,0.0004,0.0004,0.0001,0.0,1.0,0.0,0.9584,0.0,0.0,0.0,0.0,0.9583999999999999,0.9583999999999999,0.9582
678,0.0,0.0005,0.0005,0.0001,0.0,1.0,0.0,0.9878,0.0,0.0,0.0,0.0,0.9878,0.9878,0.9878
679,0.0,0.0004,0.0004,0.0001,0.0,1.0,0.0,0.9506,0.0,0.0,0.0,0.0,0.9505999999999999,0.9505999999999999,0.9485
680,0.0,0.0006,0.0006,0.0001,0.0,1.0,0.0,1.0733,0.0,0.0,0.0,0.0,1.0733000000000001,1.0733000000000001,1.0757
681,0.0,0.0007,0.0007,0.0001,0.0,1.0,0.0,1.274,0.0,0.0,0.0,0.0,1.274,1.274,1.2711
682,0.0,0.0006,0.0006,0.0001,0.0,1.0,0.0,1.2149,0.0,0.0,0.0,0.0,1.2149,1.2149,1.2178
683,0.0,0.0007,0.0007,0.0001,0.0,1.0,0.0,1.1647,0.0,0.0,0.0,0.0,1.1647,1.1647,1.1685
684,0.0,0.0006,0.0006,0.0001,0.0,1.0,0.0,1.4742,0.0,0.0,0.0,0.0,1.4742,1.4742,1.4719
685,0.0,0.0011,0.0011,0.0002,0.0,1.0,0.0,1.1331,0.0,0.0,0.0,0.0,1.1331,1.1331,1.1335
686,0.0,0.0006,0.0006,0.0001,0.0,1.0,0.0,1.29,0.0,0.0,0.0,0.0,1.29,1.29,1.2852
687,0.0,0.0006,0.0006,0.0001,0.0,1.0,0.0,1.437,0.0,0.0,0.0,0.0,1.437,1.437,1.4322
688,0.0,0.0007,0.0007,0.0001,0.0,1.0,0.0,1.4463,0.0,0.0,0.0,0.0,1.4463,1.4463,1.443
689,0.0,0.0006,0.0006,0.0001,0.0,1.0,0.0,1.0366,0.0,0.0,0.0,0.0,1.0366,1.0366,1.0318
690,0.0,0.0009,0.0009,0.0002,0.0,1.0,0.0,1.3364,0.0,0.0,0.0,0.0,1.3364,1.3364,1.3412
691,0.0,0.001,0.001,0.0002,0.0,1.0,0.0,1.6738,0.0,0.0,0.0,0.0,1.6738,1.6738,1.6751
692,0.0,0.0008,0.0008,0.0001,0.0,1.0,0.0,1.4278,0.0,0.0,0.0,0.0,1.4278,1.4278,1.4304
693,0.0,0.0006,0.0006,0.0001,0.0,1.0,0.0,1.0952,0.0,0.0,0.0,0.0,1.0952,1.0952,1.0944
694,0.0,0.0007,0.0007,0.0001,0.0,1.0,0.0,1.232,0.0,0.0,0.0,0.0,1.232,1.232,1.2299
695,0.0,0.0004,0.0004,0.0001,0.0,1.0,0.0,1.2785,0.0,0.0,0.0,0.0,1.2785,1.2785,1.2756
696,0.0,0.0008,0.0008,0.0002,0.0,1.0,0.0,1.7068,0.0,0.0,0.0,0.0,1.7067999999999999,1.7067999999999999,1.7044
697,0.0,0.0008,0.0008,0.0001,0.0,1.0,0.0,1.1663,0.0,0.0,0.0,0.0,1.1663,1.1663,1.1677
698,0.0,0.0005,0.0005,0.0001,0.0,1.0,0.0,1.0848,0.0,0.0,0.0,0.0,1.0848,1.0848,1.088
699,0.0,0.0007,0.0007,0.0001,0.0,1.0,0.0,1.1864,0.0,0.0,0.0,0.0,1.1864,1.1864,1.1908
700,0.0,0.0004,0.0004,0.0001,0.0,1.0,0.0,1.0232,0.0,0.0,0.0,0.0,1.0232,1.0232,1.0263
701,0.0,0.0003,0.0003,0.0001,0.0,1.0,0.0,0.716,0.0,0.0,0.0,0.0,0.716,0.716,0.7112
702,0.0,0.0008,0.0008,0.0001,0.0,1.0,0.0,1.4394,0.0,0.0,0.0,0.0,1.4394,1.4394,1.4413
703,0.0,0.0004,0.0004,0.0001,0.0,1.0,0.0,1.2251,0.0,0.0,0.0,0.0,1.2251,1.2251,1.2264
704,0.0,0.0004,0.0004,0.0001,0.0,1.0,0.0,0.9612,0.0,0.0,0.0,0.0,0.9612,0.9612,0.9569
705,0.0,0.0005,0.0005,0.0001,0.0,1.0,0.0,1.3909,0.0,0.0,0.0,0.0,1.3909,1.3909,1.3878
706,0.0,0.0003,0.0003,0.0001,0.0,1.0,0.0,0.7664,0.0,0.0,0.0,0.0,0.7664,0.7664,0.7635
707,0.0,0.0007,0.0007,0.0001,0.0,1.0,0.0,1.0576,0.0,0.0,0.0,0.0,1.0575999999999999,1.0575999999999999,1.0578
708,0.0,0.0003,0.0003,0.0001,0.0,1.0,0.0,0.962,0.0,0.0,0.0,0.0,0.9620000000000001,0.9620000000000001,0.9579
709,0.0,0.0005,0.0005,0.0001,0.0,1.0,0.0,1.3182,0.0,0.0,0.0,0.0,1.3182,1.3182,1.3162
710,0.0,0.0008,0.0008,0.0002,0.0,1.0,0.0,1.4793,0.0,0.0,0.0,0.0,1.4793,1.4793,1.482
711,0.0,0.0009,0.0009,0.0002,0.0,1.0,0.0,0.9853,0.0,0.0,0.0,0.0,0.9853,0.9853,0.9892
712,0.0,0.0007,0.0007,0.0001,0.0,1.0,0.0,1.0638,0.0,0.0,0.0,0.0,1.0637999999999999,1.0637999999999999,1.0632
713,0.0,0.0004,0.0004,0.0001,0.0,1.0,0.0,0.9559,0.0,0.0,0.0,0.0,0.9559,0.9559,0.9513
714,0.0,0.0005,0.0005,0.0001,0.0,1.0,0.0,1.3975,0.0,0.0,0.0,0.0,1.3975,1.3975,1.3983
715,0.0,0.0009,0.0009,0.0002,0.0,1.0,0.0,1.4587,0.0,0.0,0.0,0.0,1.4587,1.4587,1.4595
716,0.0,0.0008,0.0008,0.0001,0.0,1.0,0.0,1.1601,0.0,0.0,0.0,0.0,1.1601,1.1601,1.1571
717,0.0,0.0005,0.0005,0.0001,0.0,1.0,0.0,1.0175,0.0,0.0,0.0,0.0,1.0174999999999998,1.0174999999999998,1.0137
718,0.0,0.0008,0.0008,0.0001,0.0,1.0,0.0,1.0546,0.0,0.0,0.0,0.0,1.0546,1.0546,1.0545
719,0.0,0.0003,0.0003,0.0001,0.0,1.0,0.0,0.8986,0.0,0.0,0.0,0.0,0.8986,0.8986,0.894
720,0.0,0.0006,0.0006,0.0001,0.0,1.0,0.0,1.0862,0.0,0.0,0.0,0.0,1.0861999999999998,1.0861999999999998,1.0874
721,0.0,0.0009,0.0009,0.0002,0.0,1.0,0.0,1.4221,0.0,0.0,0.0,0.0,1.4221,1.4221,1.4171
722,0.0,0.0006,0.0006,0.0001,0.0,1.0,0.0,1.1265,0.0,0.0,0.0,0.0,1.1265,1.1265,1.1297
723,0.0,0.0008,0.0008,0.0001,0.0,1.0,0.0,1.3003,0.0,0.0,0.0,0.0,1.3003,1.3003,1.3005
724,0.0,0.001,0.001,0.0002,0.0,1.0,0.0,1.387,0.0,0.0,0.0,0.0,1.387,1.387,1.3917
725,0.0,0.0005,0.0005,0.0001,0.0,1.0,0.0,1.252,0.0,0.0,0.0,0.0,1.252,1.252,1.2537
726,0.0,0.0004,0.0004,0.0001,0.0,1.0,0.0,1.1186,0.0,0.0,0.0,0.0,1.1186,1.1186,1.1157
727,0.0,0.0004,0.0004,0.0001,0.0,1.0,0.0,0.9749,0.0,0.0,0.0,0.0,0.9748999999999999,0.9748999999999999,0.9778
728,0.0,0.0007,0.0007,0.0001,0.0,1.0,0.0,1.5601,0.0,0.0,0.0,0.0,1.5601,1.5601,1.5618
729,0.0,0.0007,0.0007,0.0001,0.0,1.0,0.0,1.235,0.0,0.0,0.0,0.0,1.2349999999999999,1.2349999999999999,1.2328
730,0.0,0.0004,0.0004,0.0001,0.0,1.0,0.0,1.3068,0.0,0.0,0.0,0.0,1.3068,1.3068,1.3109
731,0.0,0.0008,0.0008,0.0002,0.0,1.0,0.0,1.3904,0.0,0.0,0.0,0.0,1.3904,1.3904,1.386
732,0.0,0.0005,0.0005,0.0001,0.0,1.0,0.0,1.3984,0.0,0.0,0.0,0.0,1.3984,1.3984,1.3975
733,0.0,0.0009,0.0009,0.0002,0.0,1.0,0.0,1.2942,0.0,0.0,0.0,0.0,1.2942,1.2942,1.2968
734,0.0,0.0006,0.0006,0.0001,0.0,1.0,0.0,1.1135,0.0,0.0,0.0,0.0,1.1135,1.1135,1.1109
735,0.0,0.0008,0.0008,0.0001,0.0,1.0,0.0,1.0407,0.0,0.0,0.0,0.0,1.0407,1.0407,1.0381
736,0.0,0.0006,0.0006,0.0001,0.0,1.0,0.0,1.2599,0.0,0.0,0.0,0.0,1.2599,1.2599,1.2648
737,0.0,0.0004,0.0004,0.0001,0.0,1.0,0.0,1.2372,0.0,0.0,0.0,0.0,1.2372,1.2372,1.2361
738,0.0,0.0007,0.0007,0.0001,0.0,1.0,0.0,1.5108,0.0,0.0,0.0,0.0,1.5108000000000001,1.5108000000000001,1.5101
739,0.0,0.0006,0.0006,0.0001,0.0,1.0,0.0,1.3585,0.0,0.0,0.0,0.0,1.3584999999999998,1.3584999999999998,1.3592
740,0.0,0.0007,0.0007,0.0001,0.0,1.0,0.0,1.4128,0.0,0.0,0.0,0.0,1.4128,1.4128,1.4165
741,0.0,0.0005,0.0005,0.0001,0.0,1.0,0.0,1.2902,0.0,0.0,0.0,0.0,1.2902,1.2902,1.2865
742,0.0,0.0007,0.0007,0.0001,0.0,1.0,0.0,1.2558,0.0,0.0,0.0,0.0,1.2558,1.2558,1.2542
743,0.0,0.0008,0.0008,0.0001,0.0,1.0,0.0,1.4107,0.0,0.0,0.0,0.0,1.4106999999999998,1.4106999999999998,1.4138
744,0.0,0.0006,0.0006,0.0001,0.0,1.0,0.0,1.2211,0.0,0.0,0.0,0.0,1.2210999999999999,1.2210999999999999,1.224
745,0.0,0.0004,0.0004,0.0001,0.0,1.0,0.0,0.9726,0.0,0.0,0.0,0.0,0.9726,0.9726,0.9707
746,0.0,0.0007,0.0007,0.0001,0.0,1.0,0.0,0.9775,0.0,0.0,0.0,0.0,0.9775,0.9775,0.9816
747,0.0,0.0006,0.0006,0.0001,0.0,1.0,0.0,1.2339,0.0,0.0,0.0,0.0,1.2339,1.2339,1.2349
748,0.0,0.0003,0.0003,0.0001,0.0,1.0,0.0,0.8193,0.0,0.0,0.0,0.0,0.8193,0.8193,0.8196
749,0.0,0.0008,0.0008,0.0001,0.0,1.0,0.0,1.2618,0.0,0.0,0.0,0.0,1.2618,1.2618,1.2593
750,0.0,0.0006,0.0006,0.0001,0.0,1.0,0.0,1.1313,0.0,0.0,0.0,0.0,1.1313,1.1313,1.131
751,0.0,0.0005,0.0005,0.0001,0.0,1.0,0.0,1.1775,0.0,0.0,0.0,0.0,1.1775,1.1775,1.1762
752,0.0,0.0009,0.0009,0.0002,0.0,1.0,0.0,1.6199,0.0,0.0,0.0,0.0,1.6199,1.6199,1.6181
753,0.0,0.0004,0.0004,0.0001,0.0,1.0,0.0,1.201,0.0,0.0,0.0,0.0,1.201,1.201,1.2019
754,0.0,0.0007,0.0007,0.0001,0.0,1.0,0.0,1.1607,0.0,0.0,0.0,0.0,1.1607,1.1607,1.1571
755,0.0,0.0008,0.0008,0.0001,0.0,1.0,0.0,1.7099,0.0,0.0,0.0,0.0,1.7099000000000002,1.7099000000000002,1.705
756,0.0,0.0007,0.0007,0.0001,0.0,1.0,0.0,1.3523,0.0,0.0,0.0,0.0,1.3523,1.3523,1.3559
757,0.0,0.0006,0.0006,0.0001,0.0,1.0,0.0,1.4809,0.0,0.0,0.0,0.0,1.4809,1.4809,1.4814
758,0.0,0.0005,0.0005,0.0001,0.0,1.0,0.0,1.4054,0.0,0.0,0.0,0.0,1.4054,1.4054,1.4005
759,0.0,0.0008,0.0008,0.0001,0.0,1.0,0.0,1.5581,0.0,0.0,0.0,0.0,1.5581,1.5581,1.562
760,0.0,0.0008,0.0008,0.0001,0.0,1.0,0.0,1.2171,0.0,0.0,0.0,0.0,1.2170999999999998,1.2170999999999998,1.2128
761,0.0,0.0004,0.0004,0.0001,0.0,1.0,0.0,1.1349,0.0,0.0,0.0,0.0,1.1349,1.1349,1.135
762,0.0,0.0011,0.0011,0.0002,0.0,1.0,0.0,1.7094,0.0,0.0,0.0,0.0,1.7094000000000003,1.7094000000000003,1.7121
763,0.0,0.0006,0.0006,0.0001,0.0,1.0,0.0,1.3984,0.0,0.0,0.0,0.0,1.3984,1.3984,1.4023
764,0.0,0.0007,0.0007,0.0001,0.0,1.0,0.0,1.3805,0.0,0.0,0.0,0.0,1.3805,1.3805,1.3789
765,0.0,0.0004,0.0004,0.0001,0.0,1.0,0.0,1.3459,0.0,0.0,0.0,0.0,1.3458999999999999,1.3458999999999999,1.3474
766,0.0,0.0008,0.0008,0.0001,0.0,1.0,0.0,1.201,0.0,0.0,0.0,0.0,1.201,1.201,1.2022
767,0.0,0.0005,0.0005,0.0001,0.0,1.0,0.0,1.4879,0.0,0.0,0.0,0.0,1.4879,1.4879,1.4835
768,0.0,0.0005,0.0005,0.0001,0.0,1.0,0.0,1.2168,0.0,0.0,0.0,0.0,1.2168,1.2168,1.2216
769,0.0,0.0006,0.0006,0.0001,0.0,1.0,0.0,1.3687,0.0,0.0,0.0,0.0,1.3687,1.3687,1.3725
770,0.0,0.001,0.001,0.0002,0.0,1.0,0.0,1.6491,0.0,0.0,0.0,0.0,1.6490999999999998,1.6490999999999998,1.6533
771,0.0,0.0008,0.0008,0.0001,0.0,1.0,0.0,1.5931,0.0,0.0,0.0,0.0,1.5931000000000002,1.5931000000000002,1.5887
772,0.0,0.0008,0.0008,0.0001,0.0,1.0,0.0,1.4885,0.0,0.0,0.0,0.0,1.4885000000000002,1.4885000000000002,1.487
773,0.0,0.0004,0.0004,0.0001,0.0,1.0,0.0,1.0348,0.0,0.0,0.0,0.0,1.0348,1.0348,1.0373
774,0.0,0.0009,0.0009,0.0002,0.0,1.0,0.0,1.2786,0.0,0.0,0.0,0.0,1.2786,1.2786,1.2771
775,0.0,0.0004,0.0004,0.0001,0.0,1.0,0.0,1.072,0.0,0.0,0.0,0.0,1.072,1.072,1.0763
776,0.0,0.0007,0.0007,0.0001,0.0,1.0,0.0,1.4889,0.0,0.0,0.0,0.0,1.4889,1.4889,1.4902
777,0.0,0.0005,0.0005,0.0001,0.0,1.0,0.0,1.3154,0.0,0.0,0.0,0.0,1.3154000000000001,1.3154000000000001,1.3109
778,0.0,0.0007,0.0007,0.0001,0.0,1.0,0.0,1.1134,0.0,0.0,0.0,0.0,1.1134,1.1134,1.1109
779,0.0,0.0003,0.0003,0.0001,0.0,1.0,0.0,1.0445,0.0,0.0,0.0,0.0,1.0445,1.0445,1.0403
780,0.0,0.0006,0.0006,0.0001,0.0,1.0,0.0,1.1546,0.0,0.0,0.0,0.0,1.1545999999999998,1.1545999999999998,1.1526
781,0.0,0.0004,0.0004,0.0001,0.0,1.0,0.0,1.0025,0.0,0.0,0.0,0.0,1.0025,1.0025,1.0004
782,0.0,0.0006,0.0006,0.0001,0.0,1.0,0.0,1.2919,0.0,0.0,0.0,0.0,1.2919,1.2919,1.294
783,0.0,0.0006,0.0006,0.0001,0.0,1.0,0.0,1.3982,0.0,0.0,0.0,0.0,1.3982,1.3982,1.4023
784,0.0,0.0009,0.0009,0.0002,0.0,1.0,0.0,1.0547,0.0,0.0,0.0,0.0,1.0547,1.0547,1.0525
785,0.0,0.0004,0.0004,0.0001,0.0,1.0,0.0,1.1,0.0,0.0,0.0,0.0,1.1,1.1,1.0978
786,0.0,0.0004,0.0004,0.0001,0.0,1.0,0.0,1.0454,0.0,0.0,0.0,0.0,1.0453999999999999,1.0453999999999999,1.0478
787,0.0,0.0005,0.0005,0.0001,0.0,1.0,0.0,0.9536,0.0,0.0,0.0,0.0,0.9536,0.9536,0.9555
788,0.0,0.0003,0.0003,0.0001,0.0,1.0,0.0,1.2428,0.0,0.0,0.0,0.0,1.2428,1.2428,1.2469
789,0.0,0.0005,0.0005,0.0001,0.0,1.0,0.0,0.7513,0.0,0.0,0.0,0.0,0.7513,0.7513,0.7513
790,0.0,0.0004,0.0004,0.0001,0.0,1.0,0.0,1.1665,0.0,0.0,0.0,0.0,1.1665,1.1665,1.1651
791,0.0,0.0004,0.0004,0.0001,0.0,1.0,0.0,1.2058,0.0,0.0,0.0,0.0,1.2058,1.2058,1.2042
792,0.0,0.0005,0.0005,0.0001,0.0,1.0,0.0,0.9097,0.0,0.0,0.0,0.0,0.9097,0.9097,0.9125
793,0.0,0.0006,0.0006,0.0001,0.0,1.0,0.0,1.4189,0.0,0.0,0.0,0.0,1.4189,1.4189,1.4206
794,0.0,0.0008,0.0008,0.0001,0.0,1.0,0.0,1.0132,0.0,0.0,0.0,0.0,1.0131999999999999,1.0131999999999999,1.0138
795,0.0,0.0008,0.0008,0.0001,0.0,1.0,0.0,1.6281,0.0,0.0,0.0,0.0,1.6281,1.6281,1.6325
796,0.0,0.0006,0.0006,0.0001,0.0,1.0,0.0,1.3679,0.0,0.0,0.0,0.0,1.3679,1.3679,1.3636
797,0.0,0.0009,0.0009,0.0002,0.0,1.0,0.0,1.46,0.0,0.0,0.0,0.0,1.46,1.46,1.4563
798,0.0,0.0003,0.0003,0.0001,0.0,1.0,0.0,0.7365,0.0,0.0,0.0,0.0,0.7364999999999999,0.7364999999999999,0.7407
799,0.0,0.0005,0.0005,0.0001,0.0,1.0,0.0,1.229,0.0,0.0,0.0,0.0,1.2289999999999999,1.2289999999999999,1.2251
800,0.0,0.0006,0.0006,0.0001,0.0,1.0,0.0,1.3854,0.0,0.0,0.0,0.0,1.3853999999999997,1.3853999999999997,1.3814
801,0.0,0.0007,0.0007,0.0001,0.0,1.0,0.0,1.4308,0.0,0.0,0.0,0.0,1.4308,1.4308,1.4291
802,0.0,0.0006,0.0006,0.0001,0.0,1.0,0.0,1.1137,0.0,0.0,0.0,0.0,1.1137000000000001,1.1137000000000001,1.1104
803,0.0,0.0005,0.0005,0.0001,0.0,1.0,0.0,0.9708,0.0,0.0,0.0,0.0,0.9708,0.9708,0.9676
804,0.0,0.0005,0.0005,0.0001,0.0,1.0,0.0,1.4926,0.0,0.0,0.0,0.0,1.4926,1.4926,1.4929
805,0.0,0.0007,0.0007,0.0001,0.0,1.0,0.0,0.8033,0.0,0.0,0.0,0.0,0.8032999999999999,0.8032999999999999,0.8081
806,0.0,0.0008,0.0008,0.0001,0.0,1.0,0.0,1.4853,0.0,0.0,0.0,0.0,1.4853,1.4853,1.4808
807,0.0,0.0004,0.0004,0.0001,0.0,1.0,0.0,1.2505,0.0,0.0,0.0,0.0,1.2505,1.2505,1.255
808,0.0,0.0006,0.0006,0.0001,0.0,1.0,0.0,1.3526,0.0,0.0,0.0,0.0,1.3526,1.3526,1.3511
809,0.0,0.0007,0.0007,0.0001,0.0,1.0,0.0,1.5954,0.0,0.0,0.0,0.0,1.5954,1.5954,1.5942
810,0.0,0.0008,0.0008,0.0001,0.0,1.0,0.0,1.0291,0.0,0.0,0.0,0.0,1.0291000000000001,1.0291000000000001,1.0315
811,0.0,0.0009,0.0009,0.0002,0.0,1.0,0.0,1.295,0.0,0.0,0.0,0.0,1.295,1.295,1.2997
812,0.0,0.0005,0.0005,0.0001,0.0,1.0,0.0,1.1718,0.0,0.0,0.0,0.0,1.1718000000000002,1.1718000000000002,1.1764
813,0.0,0.0007,0.0007,0.0001,0.0,1.0,0.0,1.2333,0.0,0.0,0.0,0.0,1.2333,1.2333,1.2383
814,0.0,0.0003,0.0003,0.0001,0.0,1.0,0.0,0.8556,0.0,0.0,0.0,0.0,0.8556,0.8556,0.8514
815,0.0,0.0005,0.0005,0.0001,0.0,1.0,0.0,1.0114,0.0,0.0,0.0,0.0,1.0114,1.0114,1.0088
816,0.0,0.0008,0.0008,0.0002,0.0,1.0,0.0,1.4139,0.0,0.0,0.0,0.0,1.4139,1.4139,1.4095
817,0.0,0.0004,0.0004,0.0001,0.0,1.0,0.0,1.0384,0.0,0.0,0.0,0.0,1.0384,1.0384,1.0372
818,0.0,0.0006,0.0006,0.0001,0.0,1.0,0.0,1.2566,0.0,0.0,0.0,0.0,1.2566,1.2566,1.2554
819,0.0,0.0004,0.0004,0.0001,0.0,1.0,0.0,0.8687,0.0,0.0,0.0,0.0,0.8687,0.8687,0.8733
820,0.0,0.0005,0.0005,0.0001,0.0,1.0,0.0,1.4732,0.0,0.0,0.0,0.0,1.4731999999999998,1.4731999999999998,1.4737
821,0.0,0.0008,0.0008,0.0001,0.0,1.0,0.0,1.4265,0.0,0.0,0.0,0.0,1.4264999999999999,1.4264999999999999,1.4261
822,0.0,0.0005,0.0005,0.0001,0.0,1.0,0.0,1.4452,0.0,0.0,0.0,0.0,1.4452,1.4452,1.4479
823,0.0,0.0006,0.0006,0.0001,0.0,1.0,0.0,1.3279,0.0,0.0,0.0,0.0,1.3279,1.3279,1.3266
824,0.0,0.0008,0.0008,0.0001,0.0,1.0,0.0,1.2974,0.0,0.0,0.0,0.0,1.2973999999999999,1.2973999999999999,1.3002
825,0.0,0.0004,0.0004,0.0001,0.0,1.0,0.0,1.0587,0.0,0.0,0.0,0.0,1.0587,1.0587,1.0586
826,0.0,0.0004,0.0004,0.0001,0.0,1.0,0.0,1.0788,0.0,0.0,0.0,0.0,1.0788,1.0788,1.074
827,0.0,0.0005,0.0005,0.0001,0.0,1.0,0.0,1.2863,0.0,0.0,0.0,0.0,1.2863000000000002,1.2863000000000002,1.2835
828,0.0,0.0004,0.0004,0.0001,0.0,1.0,0.0,0.9695,0.0,0.0,0.0,0.0,0.9695,0.9695,0.9721
829,0.0,0.0006,0.0006,0.0001,0.0,1.0,0.0,0.9749,0.0,0.0,0.0,0.0,0.9749,0.9749,0.9773
830,0.0,0.0009,0.0009,0.0002,0.0,1.0,0.0,1.3308,0.0,0.0,0.0,0.0,1.3308,1.3308,1.3343
831,0.0,0.0006,0.0006,0.0001,0.0,1.0,0.0,1.109,0.0,0.0,0.0,0.0,1.109,1.109,1.1133
832,0.0,0.0009,0.0009,0.0002,0.0,1.0,0.0,1.3523,0.0,0.0,0.0,0.0,1.3522999999999998,1.3522999999999998,1.3564
833,0.0,0.0011,0.0011,0.0002,0.0,1.0,0.0,1.6112,0.0,0.0,0.0,0.0,1.6112,1.6112,1.6142
834,0.0,0.0003,0.0003,0.0001,0.0,1.0,0.0,1.1507,0.0,0.0,0.0,0.0,1.1507,1.1507,1.1471
835,0.0,0.0009,0.0009,0.0002,0.0,1.0,0.0,1.3266,0.0,0.0,0.0,0.0,1.3266,1.3266,1.3243
836,0.0,0.0004,0.0004,0.0001,0.0,1.0,0.0,0.8268,0.0,0.0,0.0,0.0,0.8268,0.8268,0.8301
837,0.0,0.0008,0.0008,0.0001,0.0,1.0,0.0,1.2089,0.0,0.0,0.0,0.0,1.2088999999999999,1.2088999999999999,1.2088
838,0.0,0.0003,0.0003,0.0001,0.0,1.0,0.0,1.333,0.0,0.0,0.0,0.0,1.3330000000000002,1.3330000000000002,1.3346
839,0.0,0.0004,0.0004,0.0001,0.0,1.0,0.0,1.0553,0.0,0.0,0.0,0.0,1.0553000000000001,1.0553000000000001,1.0504
840,0.0,0.0007,0.0007,0.0001,0.0,1.0,0.0,1.0347,0.0,0.0,0.0,0.0,1.0347,1.0347,1.038
841,0.0,0.0008,0.0008,0.0001,0.0,1.0,0.0,1.6942,0.0,0.0,0.0,0.0,1.6942000000000002,1.6942000000000002,1.6899
842,0.0,0.0007,0.0007,0.0001,0.0,1.0,0.0,1.417,0.0,0.0,0.0,0.0,1.4169999999999998,1.4169999999999998,1.4152
843,0.0,0.0005,0.0005,0.0001,0.0,1.0,0.0,1.1332,0.0,0.0,0.0,0.0,1.1332,1.1332,1.1305
844,0.0,0.0004,0.0004,0.0001,0.0,1.0,0.0,1.0557,0.0,0.0,0.0,0.0,1.0557,1.0557,1.052
845,0.0,0.0008,0.0008,0.0001,0.0,1.0,0.0,1.3557,0.0,0.0,0.0,0.0,1.3557000000000001,1.3557000000000001,1.36
846,0.0,0.0004,0.0004,0.0001,0.0,1.0,0.0,1.2742,0.0,0.0,0.0,0.0,1.2742,1.2742,1.2709
847,0.0,0.001,0.001,0.0002,0.0,1.0,0.0,1.2259,0.0,0.0,0.0,0.0,1.2259,1.2259,1.228
848,0.0,0.0006,0.0006,0.0001,0.0,1.0,0.0,1.5309,0.0,0.0,0.0,0.0,1.5309,1.5309,1.5332
849,0.0,0.0006,0.0006,0.0001,0.0,1.0,0.0,1.1888,0.0,0.0,0.0,0.0,1.1888,1.1888,1.1866
850,0.0,0.001,0.001,0.0002,0.0,1.0,0.0,1.4248,0.0,0.0,0.0,0.0,1.4247999999999998,1.4247999999999998,1.4236
851,0.0,0.0006,0.0006,0.0001,0.0,1.0,0.0,1.2078,0.0,0.0,0.0,0.0,1.2078,1.2078,1.2126
852,0.0,0.0003,0.0003,0.0001,0.0,1.0,0.0,0.8307,0.0,0.0,0.0,0.0,0.8307,0.8307,0.8345
853,0.0,0.001,0.001,0.0002,0.0,1.0,0.0,1.4308,0.0,0.0,0.0,0.0,1.4308,1.4308,1.4278
854,0.0,0.0004,0.0004,0.0001,0.0,1.0,0.0,1.002,0.0,0.0,0.0,0.0,1.002,1.002,0.9996
855,0.0,0.0005,0.0005,0.0001,0.0,1.0,0.0,1.0998,0.0,0.0,0.0,0.0,1.0998,1.0998,1.0964
856,0.0,0.0005,0.0005,0.0001,0.0,1.0,0.0,1.1438,0.0,0.0,0.0,0.0,1.1438,1.1438,1.1458
857,0.0,0.0005,0.0005,0.0001,0.0,1.0,0.0,1.125,0.0,0.0,0.0,0.0,1.125,1.125,1.1246
858,0.0,0.0004,0.0004,0.0001,0.0,1.0,0.0,1.2062,0.0,0.0,0.0,0.0,1.2062,1.2062,1.2073
859,0.0,0.001,0.001,0.0002,0.0,1.0,0.0,1.0951,0.0,0.0,0.0,0.0,1.0951,1.0951,1.0928
860,0.0,0.0007,0.0007,0.0001,0.0,1.0,0.0,1.3962,0.0,0.0,0.0,0.0,1.3961999999999999,1.3961999999999999,1.3961
861,0.0,0.0008,0.0008,0.0001,0.0,1.0,0.0,1.7116,0.0,0.0,0.0,0.0,1.7115999999999998,1.7115999999999998,1.7071
862,0.0,0.0005,0.0005,0.0001,0.0,1.0,0.0,1.0709,0.0,0.0,0.0,0.0,1.0709,1.0709,1.0706
863,0.0,0.0003,0.0003,0.0001,0.0,1.0,0.0,1.3119,0.0,0.0,0.0,0.0,1.3119,1.3119,1.3078
864,0.0,0.0004,0.0004,0.0001,0.0,1.0,0.0,1.1409,0.0,0.0,0.0,0.0,1.1409,1.1409,1.145
865,0.0,0.0009,0.0009,0.0002,0.0,1.0,0.0,1.2696,0.0,0.0,0.0,0.0,1.2696,1.2696,1.2698
866,0.0,0.0006,0.0006,0.0001,0.0,1.0,0.0,1.1737,0.0,0.0,0.0,0.0,1.1737,1.1737,1.1714
867,0.0,0.0011,0.0011,0.0002,0.0,1.0,0.0,1.7416,0.0,0.0,0.0,0.0,1.7416,1.7416,1.7447
868,0.0,0.0004,0.0004,0.0001,0.0,1.0,0.0,1.1726,0.0,0.0,0.0,0.0,1.1725999999999999,1.1725999999999999,1.1739
869,0.0,0.0008,0.0008,0.0001,0.0,1.0,0.0,1.5413,0.0,0.0,0.0,0.0,1.5413,1.5413,1.5414
870,0.0,0.0006,0.0006,0.0001,0.0,1.0,0.0,1.4508,0.0,0.0,0.0,0.0,1.4508,1.4508,1.4478
871,0.0,0.0009,0.0009,0.0002,0.0,1.0,0.0,1.1757,0.0,0.0,0.0,0.0,1.1757,1.1757,1.1768
872,0.0,0.0009,0.0009,0.0002,0.0,1.0,0.0,1.5985,0.0,0.0,0.0,0.0,1.5985,1.5985,1.5995
873,0.0,0.0005,0.0005,0.0001,0.0,1.0,0.0,0.7656,0.0,0.0,0.0,0.0,0.7656,0.7656,0.7676
874,0.0,0.0007,0.0007,0.0001,0.0,1.0,0.0,1.5444,0.0,0.0,0.0,0.0,1.5444,1.5444,1.5439
875,0.0,0.0009,0.0009,0.0002,0.0,1.0,0.0,0.907,0.0,0.0,0.0,0.0,0.907,0.907,0.91
876,0.0,0.0008,0.0008,0.0001,0.0,1.0,0.0,1.3431,0.0,0.0,0.0,0.0,1.3431,1.3431,1.3388
877,0.0,0.0004,0.0004,0.0001,0.0,1.0,0.0,0.8882,0.0,0.0,0.0,0.0,0.8882,0.8882,0.885
878,0.0,0.0011,0.0011,0.0002,0.0,1.0,0.0,1.2614,0.0,0.0,0.0,0.0,1.2613999999999999,1.2613999999999999,1.2578
879,0.0,0.0007,0.0007,0.0001,0.0,1.0,0.0,1.1029,0.0,0.0,0.0,0.0,1.1029,1.1029,1.1075
880,0.0,0.0007,0.0007,0.0001,0.0,1.0,0.0,1.064,0.0,0.0,0.0,0.0,1.064,1.064,1.0668
881,0.0,0.0008,0.0008,0.0001,0.0,1.0,0.0,1.4639,0.0,0.0,0.0,0.0,1.4639000000000002,1.4639000000000002,1.4648
882,0.0,0.0011,0.0011,0.0002,0.0,1.0,0.0,1.1599,0.0,0.0,0.0,0.0,1.1599,1.1599,1.1616
883,0.0,0.0004,0.0004,0.0001,0.0,1.0,0.0,1.4036,0.0,0.0,0.0,0.0,1.4036,1.4036,1.4034
884,0.0,0.0006,0.0006,0.0001,0.0,1.0,0.0,1.2092,0.0,0.0,0.0,0.0,1.2092,1.2092,1.2102
885,0.0,0.0006,0.0006,0.0001,0.0,1.0,0.0,1.1809,0.0,0.0,0.0,0.0,1.1809,1.1809,1.1802
886,0.0,0.0004,0.0004,0.0001,0.0,1.0,0.0,1.1408,0.0,0.0,0.0,0.0,1.1408,1.1408,1.1443
887,0.0,0.0008,0.0008,0.0001,0.0,1.0,0.0,1.4183,0.0,0.0,0.0,0.0,1.4183,1.4183,1.42
888,0.0,0.0006,0.0006,0.0001,0.0,1.0,0.0,1.1566,0.0,0.0,0.0,0.0,1.1566,1.1566,1.1524
889,0.0,0.0008,0.0008,0.0001,0.0,1.0,0.0,1.3007,0.0,0.0,0.0,0.0,1.3007,1.3007,1.3009
890,0.0,0.0008,0.0008,0.0002,0.0,1.0,0.0,1.426,0.0,0.0,0.0,0.0,1.4260000000000002,1.4260000000000002,1.4224
891,0.0,0.0004,0.0004,0.0001,0.0,1.0,0.0,0.92,0.0,0.0,0.0,0.0,0.9199999999999999,0.9199999999999999,0.9174
892,0.0,0.0007,0.0007,0.0001,0.0,1.0,0.0,1.3195,0.0,0.0,0.0,0.0,1.3195000000000001,1.3195000000000001,1.3197
893,0.0,0.0009,0.0009,0.0002,0.0,1.0,0.0,1.4526,0.0,0.0,0.0,0.0,1.4526,1.4526,1.4516
894,0.0,0.0008,0.0008,0.0001,0.0,1.0,0.0,1.358,0.0,0.0,0.0,0.0,1.358,1.358,1.3596
895,0.0,0.0005,0.0005,0.0001,0.0,1.0,0.0,1.2233,0.0,0.0,0.0,0.0,1.2233,1.2233,1.2244
896,0.0,0.0008,0.0008,0.0001,0.0,1.0,0.0,1.2215,0.0,0.0,0.0,0.0,1.2215,1.2215,1.2242
897,0.0,0.0005,0.0005,0.0001,0.0,1.0,0.0,1.2048,0.0,0.0,0.0,0.0,1.2048,1.2048,1.2053
898,0.0,0.0006,0.0006,0.0001,0.0,1.0,0.0,1.3539,0.0,0.0,0.0,0.0,1.3539,1.3539,1.3507
899,0.0,0.0006,0.0006,0.0001,0.0,1.0,0.0,1.2186,0.0,0.0,0.0,0.0,1.2186,1.2186,1.2177
900,0.0,0.0008,0.0008,0.0001,0.0,1.0,0.0,1.4307,0.0,0.0,0.0,0.0,1.4306999999999999,1.4306999999999999,1.4305
901,0.0,0.0005,0.0005,0.0001,0.0,1.0,0.0,1.0531,0.0,0.0,0.0,0.0,1.0531000000000001,1.0531000000000001,1.0544
902,0.0,0.0003,0.0003,0.0001,0.0,1.0,0.0,0.851,0.0,0.0,0.0,0.0,0.851,0.851,0.8528
903,0.0,0.0008,0.0008,0.0002,0.0,1.0,0.0,1.5829,0.0,0.0,0.0,0.0,1.5829,1.5829,1.5825
904,0.0,0.0008,0.0008,0.0001,0.0,1.0,0.0,1.4757,0.0,0.0,0.0,0.0,1.4757000000000002,1.4757000000000002,1.4718
905,0.0,0.0011,0.0011,0.0002,0.0,1.0,0.0,1.4811,0.0,0.0,0.0,0.0,1.4811,1.4811,1.4861
906,0.0,0.0008,0.0008,0.0001,0.0,1.0,0.0,1.4459,0.0,0.0,0.0,0.0,1.4459,1.4459,1.4495
907,0.0,0.0007,0.0007,0.0001,0.0,1.0,0.0,1.528,0.0,0.0,0.0,0.0,1.528,1.528,1.5307
908,0.0,0.0006,0.0006,0.0001,0.0,1.0,0.0,1.0552,0.0,0.0,0.0,0.0,1.0552000000000001,1.0552000000000001,1.054
909,0.0,0.0008,0.0008,0.0001,0.0,1.0,0.0,1.5619,0.0,0.0,0.0,0.0,1.5619,1.5619,1.563
910,0.0,0.0007,0.0007,0.0001,0.0,1.0,0.0,1.1055,0.0,0.0,0.0,0.0,1.1055000000000001,1.1055000000000001,1.1086
911,0.0,0.0007,0.0007,0.0001,0.0,1.0,0.0,1.0797,0.0,0.0,0.0,0.0,1.0796999999999999,1.0796999999999999,1.0778
912,0.0,0.0006,0.0006,0.0001,0.0,1.0,0.0,1.1239,0.0,0.0,0.0,0.0,1.1239,1.1239,1.1276
913,0.0,0.0003,0.0003,0.0001,0.0,1.0,0.0,1.16,0.0,0.0,0.0,0.0,1.1600000000000001,1.1600000000000001,1.1639
914,0.0,0.0011,0.0011,0.0002,0.0,1.0,0.0,1.4015,0.0,0.0,0.0,0.0,1.4015,1.4015,1.4042
915,0.0,0.0007,0.0007,0.0001,0.0,1.0,0.0,1.2344,0.0,0.0,0.0,0.0,1.2344,1.2344,1.2348
916,0.0,0.001,0.001,0.0002,0.0,1.0,0.0,1.3651,0.0,0.0,0.0,0.0,1.3651,1.3651,1.3658
917,0.0,0.0008,0.0008,0.0001,0.0,1.0,0.0,1.207,0.0,0.0,0.0,0.0,1.207,1.207,1.2031
918,0.0,0.001,0.001,0.0002,0.0,1.0,0.0,1.5199,0.0,0.0,0.0,0.0,1.5199,1.5199,1.5198
919,0.0,0.0005,0.0005,0.0001,0.0,1.0,0.0,1.137,0.0,0.0,0.0,0.0,1.137,1.137,1.1328
920,0.0,0.0003,0.0003,0.0001,0.0,1.0,0.0,1.05,0.0,0.0,0.0,0.0,1.05,1.05,1.0531
921,0.0,0.0007,0.0007,0.0001,0.0,1.0,0.0,1.5849,0.0,0.0,0.0,0.0,1.5849,1.5849,1.5856
922,0.0,0.0009,0.0009,0.0002,0.0,1.0,0.0,1.5311,0.0,0.0,0.0,0.0,1.5311,1.5311,1.5334
923,0.0,0.0004,0.0004,0.0001,0.0,1.0,0.0,1.0092,0.0,0.0,0.0,0.0,1.0091999999999999,1.0091999999999999,1.0073
924,0.0,0.0006,0.0006,0.0001,0.0,1.0,0.0,1.2086,0.0,0.0,0.0,0.0,1.2086,1.2086,1.2085
925,0.0,0.0007,0.0007,0.0001,0.0,1.0,0.0,1.3042,0.0,0.0,0.0,0.0,1.3042,1.3042,1.3085
926,0.0,0.0003,0.0003,0.0001,0.0,1.0,0.0,0.9015,0.0,0.0,0.0,0.0,0.9015000000000001,0.9015000000000001,0.9009
927,0.0,0.0007,0.0007,0.0001,0.0,1.0,0.0,1.2332,0.0,0.0,0.0,0.0,1.2332,1.2332,1.2294
928,0.0,0.0004,0.0004,0.0001,0.0,1.0,0.0,0.9543,0.0,0.0,0.0,0.0,0.9542999999999999,0.9542999999999999,0.953
929,0.0,0.0004,0.0004,0.0001,0.0,1.0,0.0,1.3252,0.0,0.0,0.0,0.0,1.3252000000000002,1.3252000000000002,1.3203
930,0.0,0.0004,0.0004,0.0001,0.0,1.0,0.0,1.0,0.0,0.0,0.0,0.0,1.0,1.0,1.0026
931,0.0,0.0008,0.0008,0.0002,0.0,1.0,0.0,1.165,0.0,0.0,0.0,0.0,1.165,1.165,1.1601
932,0.0,0.0005,0.0005,0.0001,0.0,1.0,0.0,1.3477,0.0,0.0,0.0,0.0,1.3477000000000001,1.3477000000000001,1.3457
933,0.0,0.0006,0.0006,0.0001,0.0,1.0,0.0,1.0953,0.0,0.0,0.0,0.0,1.0953,1.0953,1.0928
934,0.0,0.0004,0.0004,0.0001,0.0,1.0,0.0,0.8547,0.0,0.0,0.0,0.0,0.8547,0.8547,0.8541
935,0.0,0.0008,0.0008,0.0001,0.0,1.0,0.0,1.3149,0.0,0.0,0.0,0.0,1.3149,1.3149,1.3134
936,0.0,0.0007,0.0007,0.0001,0.0,1.0,0.0,1.3058,0.0,0.0,0.0,0.0,1.3058,1.3058,1.3052
937,0.0,0.0005,0.0005,0.0001,0.0,1.0,0.0,1.1754,0.0,0.0,0.0,0.0,1.1754,1.1754,1.1741
938,0.0,0.0005,0.0005,0.0001,0.0,1.0,0.0,1.2454,0.0,0.0,0.0,0.0,1.2454,1.2454,1.2421
939,0.0,0.0007,0.0007,0.0001,0.0,1.0,0.0,1.2968,0.0,0.0,0.0,0.0,1.2968,1.2968,1.2973
940,0.0,0.0005,0.0005,0.0001,0.0,1.0,0.0,0.9839,0.0,0.0,0.0,0.0,0.9839,0.9839,0.9791
941,0.0,0.0007,0.0007,0.0001,0.0,1.0,0.0,1.3757,0.0,0.0,0.0,0.0,1.3757000000000001,1.3757000000000001,1.379
942,0.0,0.0004,0.0004,0.0001,0.0,1.0,0.0,1.075,0.0,0.0,0.0,0.0,1.075,1.075,1.0791
943,0.0,0.0003,0.0003,0.0001,0.0,1.0,0.0,1.0929,0.0,0.0,0.0,0.0,1.0928999999999998,1.0928999999999998,1.0962
944,0.0,0.0005,0.0005,0.0001,0.0,1.0,0.0,1.0208,0.0,0.0,0.0,0.0,1.0208,1.0208,1.0224
945,0.0,0.0009,0.0009,0.0002,0.0,1.0,0.0,1.1242,0.0,0.0,0.0,0.0,1.1242,1.1242,1.1272
946,0.0,0.0006,0.0006,0.0001,0.0,1.0,0.0,1.3549,0.0,0.0,0.0,0.0,1.3549,1.3549,1.3501
947,0.0,0.0008,0.0008,0.0001,0.0,1.0,0.0,1.2896,0.0,0.0,0.0,0.0,1.2896,1.2896,1.2877
948,0.0,0.0003,0.0003,0.0001,0.0,1.0,0.0,0.8571,0.0,0.0,0.0,0.0,0.8571,0.8571,0.8603
949,0.0,0.0007,0.0007,0.0001,0.0,1.0,0.0,1.2017,0.0,0.0,0.0,0.0,1.2017,1.2017,1.2039
950,0.0,0.0011,0.0011,0.0002,0.0,1.0,0.0,1.4979,0.0,0.0,0.0,0.0,1.4979,1.4979,1.494
951,0.0,0.0008,0.0008,0.0001,0.0,1.0,0.0,1.2676,0.0,0.0,0.0,0.0,1.2676,1.2676,1.2676
952,0.0,0.0007,0.0007,0.0001,0.0,1.0,0.0,1.332,0.0,0.0,0.0,0.0,1.332,1.332,1.3338
953,0.0,0.001,0.001,0.0002,0.0,1.0,0.0,1.3305,0.0,0.0,0.0,0.0,1.3304999999999998,1.3304999999999998,1.3322
954,0.0,0.0006,0.0006,0.0001,0.0,1.0,0.0,1.5537,0.0,0.0,0.0,0.0,1.5537,1.5537,1.5583
955,0.0,0.0006,0.0006,0.0001,0.0,1.0,0.0,0.8519,0.0,0.0,0.0,0.0,0.8519,0.8519,0.85
956,0.0,0.0005,0.0005,0.0001,0.0,1.0,0.0,1.1843,0.0,0.0,0.0,0.0,1.1843,1.1843,1.1863
957,0.0,0.0007,0.0007,0.0001,0.0,1.0,0.0,1.31,0.0,0.0,0.0,0.0,1.31,1.31,1.3124
958,0.0,0.0011,0.0011,0.0002,0.0,1.0,0.0,1.4931,0.0,0.0,0.0,0.0,1.4931,1.4931,1.4955
959,0.0,0.0008,0.0008,0.0001,0.0,1.0,0.0,1.0805,0.0,0.0,0.0,0.0,1.0805,1.0805,1.0829
960,0.0,0.0006,0.0006,0.0001,0.0,1.0,0.0,1.4406,0.0,0.0,0.0,0.0,1.4406,1.4406,1.44
961,0.0,0.0004,0.0004,0.0001,0.0,1.0,0.0,1.1576,0.0,0.0,0.0,0.0,1.1576,1.1576,1.1544
962,0.0,0.0005,0.0005,0.0001,0.0,1.0,0.0,1.1456,0.0,0.0,0.0,0.0,1.1456,1.1456,1.1494
963,0.0,0.0007,0.0007,0.0001,0.0,1.0,0.0,1.2858,0.0,0.0,0.0,0.0,1.2858,1.2858,1.2861
964,0.0,0.0008,0.0008,0.0001,0.0,1.0,0.0,1.1075,0.0,0.0,0.0,0.0,1.1075000000000002,1.1075000000000002,1.1055
965,0.0,0.0005,0.0005,0.0001,0.0,1.0,0.0,1.0908,0.0,0.0,0.0,0.0,1.0908,1.0908,1.0923
966,0.0,0.0005,0.0005,0.0001,0.0,1.0,0.0,1.1094,0.0,0.0,0.0,0.0,1.1094000000000002,1.1094000000000002,1.1051
967,0.0,0.0007,0.0007,0.0001,0.0,1.0,0.0,1.3292,0.0,0.0,0.0,0.0,1.3292000000000002,1.3292000000000002,1.3309
968,0.0,0.0007,0.0007,0.0001,0.0,1.0,0.0,1.3945,0.0,0.0,0.0,0.0,1.3945,1.3945,1.396
969,0.0,0.0006,0.0006,0.0001,0.0,1.0,0.0,1.5755,0.0,0.0,0.0,0.0,1.5755,1.5755,1.5739
970,0.0,0.0004,0.0004,0.0001,0.0,1.0,0.0,1.0622,0.0,0.0,0.0,0.0,1.0622,1.0622,1.0639
971,0.0,0.0006,0.0006,0.0001,0.0,1.0,0.0,1.1989,0.0,0.0,0.0,0.0,1.1989,1.1989,1.2028
972,0.0,0.0005,0.0005,0.0001,0.0,1.0,0.0,1.2982,0.0,0.0,0.0,0.0,1.2982,1.2982,1.296
973,0.0,0.0007,0.0007,0.0001,0.0,1.0,0.0,1.3904,0.0,0.0,0.0,0.0,1.3904,1.3904,1.3876
974,0.0,0.001,0.001,0.0002,0.0,1.0,0.0,1.3855,0.0,0.0,0.0,0.0,1.3855,1.3855,1.3862
975,0.0,0.0006,0.0006,0.0001,0.0,1.0,0.0,1.4877,0.0,0.0,0.0,0.0,1.4877,1.4877,1.4863
976,0.0,0.001,0.001,0.0002,0.0,1.0,0.0,1.0779,0.0,0.0,0.0,0.0,1.0779,1.0779,1.0815
977,0.0,0.0007,0.0007,0.0001,0.0,1.0,0.0,1.4803,0.0,0.0,0.0,0.0,1.4803000000000002,1.4803000000000002,1.4784
978,0.0,0.0005,0.0005,0.0001,0.0,1.0,0.0,1.3742,0.0,0.0,0.0,0.0,1.3742,1.3742,1.3701
979,0.0,0.0006,0.0006,0.0001,0.0,1.0,0.0,1.1039,0.0,0.0,0.0,0.0,1.1038999999999999,1.1038999999999999,1.1
980,0.0,0.0007,0.0007,0.0001,0.0,1.0,0.0,1.2073,0.0,0.0,0.0,0.0,1.2073,1.2073,1.2094
981,0.0,0.0006,0.0006,0.0001,0.0,1.0,0.0,1.0326,0.0,0.0,0.0,0.0,1.0326,1.0326,1.0279
982,0.0,0.0008,0.0008,0.0001,0.0,1.0,0.0,1.3099,0.0,0.0,0.0,0.0,1.3099,1.3099,1.309
983,0.0,0.0006,0.0006,0.0001,0.0,1.0,0.0,0.9006,0.0,0.0,0.0,0.0,0.9006000000000001,0.9006000000000001,0.9013
984,0.0,0.0005,0.0005,0.0001,0.0,1.0,0.0,0.7631,0.0,0.0,0.0,0.0,0.7631,0.7631,0.7678
985,0.0,0.0005,0.0005,0.0001,0.0,1.0,0.0,1.2742,0.0,0.0,0.0,0.0,1.2742,1.2742,1.2718
986,0.0,0.0004,0.0004,0.0001,0.0,1.0,0.0,1.0027,0.0,0.0,0.0,0.0,1.0027,1.0027,1.0066
987,0.0,0.0005,0.0005,0.0001,0.0,1.0,0.0,1.3341,0.0,0.0,0.0,0.0,1.3341,1.3341,1.3341
988,0.0,0.0007,0.0007,0.0001,0.0,1.0,0.0,0.9544,0.0,0.0,0.0,0.0,0.9544,0.9544,0.9582
989,0.0,0.0007,0.0007,0.0001,0.0,1.0,0.0,1.0124,0.0,0.0,0.0,0.0,1.0124,1.0124,1.013
990,0.0,0.0003,0.0003,0.0001,0.0,1.0,0.0,1.3144,0.0,0.0,0.0,0.0,1.3144,1.3144,1.3095
991,0.0,0.0006,0.0006,0.0001,0.0,1.0,0.0,1.3441,0.0,0.0,0.0,0.0,1.3441,1.3441,1.3419
992,0.0,0.0005,0.0005,0.0001,0.0,1.0,0.0,1.0721,0.0,0.0,0.0,0.0,1.0721,1.0721,1.069
993,0.0,0.0006,0.0006,0.0001,0.0,1.0,0.0,1.2146,0.0,0.0,0.0,0.0,1.2146000000000001,1.2146000000000001,1.2175
994,0.0,0.0004,0.0004,0.0001,0.0,1.0,0.0,1.229,0.0,0.0,0.0,0.0,1.229,1.229,1.2322
995,0.0,0.0007,0.0007,0.0001,0.0,1.0,0.0,1.6402,0.0,0.0,0.0,0.0,1.6402,1.6402,1.6375
996,0.0,0.0007,0.0007,0.0001,0.0,1.0,0.0,1.1576,0.0,0.0,0.0,0.0,1.1576,1.1576,1.1546
997,0.0,0.0008,0.0008,0.0001,0.0,1.0,0.0,1.3585,0.0,0.0,0.0,0.0,1.3584999999999998,1.3584999999999998,1.3563
998,0.0,0.0005,0.0005,0.0001,0.0,1.0,0.0,0.8633,0.0,0.0,0.0,0.0,0.8633,0.8633,0.8609
999,0.0,0.0006,0.0006,0.0001,0.0,1.0,0.0,1.5656,0.0,0.0,0.0,0.0,1.5655999999999999,1.5655999999999999,1.5644
1000,0.0,0.0006,0.0006,0.0001,0.0,1.0,0.0,1.0039,0.0,0.0,0.0,0.0,1.0039,1.0039,1.0073
1001,0.0,0.0004,0.0004,0.0001,0.0,1.0,0.0,0.8492,0.0,0.0,0.0,0.0,0.8492,0.8492,0.8506
1002,0.0,0.0008,0.0008,0.0001,0.0,1.0,0.0,1.2287,0.0,0.0,0.0,0.0,1.2287,1.2287,1.2267
1003,0.0,0.0006,0.0006,0.0001,0.0,1.0,0.0,1.4449,0.0,0.0,0.0,0.0,1.4449,1.4449,1.4423
1004,0.0,0.0009,0.0009,0.0002,0.0,1.0,0.0,1.5413,0.0,0.0,0.0,0.0,1.5413000000000001,1.5413000000000001,1.5371
1005,0.0,0.0005,0.0005,0.0001,0.0,1.0,0.0,1.4486,0.0,0.0,0.0,0.0,1.4485999999999999,1.4485999999999999,1.4436
1006,0.0,0.0007,0.0007,0.0001,0.0,1.0,0.0,1.2984,0.0,0.0,0.0,0.0,1.2984,1.2984,1.3033
1007,0.0,0.0006,0.0006,0.0001,0.0,1.0,0.0,1.528,0.0,0.0,0.0,0.0,1.528,1.528,1.5236
1008,0.0,0.0005,0.0005,0.0001,0.0,1.0,0.0,1.158,0.0,0.0,0.0,0.0,1.158,1.158,1.1538
1009,0.0,0.0006,0.0006,0.0001,0.0,1.0,0.0,1.2845,0.0,0.0,0.0,0.0,1.2845,1.2845,1.2849
1010,0.0,0.0007,0.0007,0.0001,0.0,1.0,0.0,1.4482,0.0,0.0,0.0,0.0,1.4482,1.4482,1.4471
1011,0.0,0.0009,0.0009,0.0002,0.0,1.0,0.0,1.2294,0.0,0.0,0.0,0.0,1.2294,1.2294,1.2313
1012,0.0,0.0003,0.0003,0.0001,0.0,1.0,0.0,1.1173,0.0,0.0,0.0,0.0,1.1173,1.1173,1.1214
1013,0.0,0.0007,0.0007,0.0001,0.0,1.0,0.0,1.1886,0.0,0.0,0.0,0.0,1.1886,1.1886,1.1924
1014,0.0,0.0008,0.0008,0.0001,0.0,1.0,0.0,1.6292,0.0,0.0,0.0,0.0,1.6292,1.6292,1.6296
1015,0.0,0.0008,0.0008,0.0001,0.0,1.0,0.0,1.1269,0.0,0.0,0.0,0.0,1.1269,1.1269,1.1245
1016,0.0,0.0008,0.0008,0.0001,0.0,1.0,0.0,1.6024,0.0,0.0,0.0,0.0,1.6023999999999998,1.6023999999999998,1.6034
1017,0.0,0.0004,0.0004,0.0001,0.0,1.0,0.0,0.9063,0.0,0.0,0.0,0.0,0.9063,0.9063,0.9076
1018,0.0,0.0005,0.0005,0.0001,0.0,1.0,0.0,1.2915,0.0,0.0,0.0,0.0,1.2915,1.2915,1.2903
1019,0.0,0.0007,0.0007,0.0001,0.0,1.0,0.0,1.5141,0.0,0.0,0.0,0.0,1.5141,1.5141,1.5163
1020,0.0,0.0009,0.0009,0.0002,0.0,1.0,0.0,1.5122,0.0,0.0,0.0,0.0,1.5122,1.5122,1.5093
1021,0.0,0.0007,0.0007,0.0001,0.0,1.0,0.0,1.375,0.0,0.0,0.0,0.0,1.375,1.375,1.3705
1022,0.0,0.0004,0.0004,0.0001,0.0,1.0,0.0,0.9975,0.0,0.0,0.0,0.0,0.9974999999999999,0.9974999999999999,0.9962
1023,0.0,0.0008,0.0008,0.0001,0.0,1.0,0.0,1.5538,0.0,0.0,0.0,0.0,1.5537999999999998,1.5537999999999998,1.556
1024,0.0,0.0005,0.0005,0.0001,0.0,1.0,0.0,1.183,0.0,0.0,0.0,0.0,1.1829999999999998,1.1829999999999998,1.184
1025,0.0,0.0004,0.0004,0.0001,0.0,1.0,0.0,1.3236,0.0,0.0,0.0,0.0,1.3235999999999999,1.3235999999999999,1.3238
1026,0.0,0.0009,0.0009,0.0002,0.0,1.0,0.0,1.5102,0.0,0.0,0.0,0.0,1.5102000000000002,1.5102000000000002,1.5088
1027,0.0,0.0003,0.0003,0.0001,0.0,1.0,0.0,1.0952,0.0,0.0,0.0,0.0,1.0952,1.0952,1.0951
1028,0.0,0.0007,0.0007,0.0001,0.0,1.0,0.0,1.3436,0.0,0.0,0.0,0.0,1.3436000000000001,1.3436000000000001,1.3393
1029,0.0,0.0007,0.0007,0.0001,0.0,1.0,0.0,1.2109,0.0,0.0,0.0,0.0,1.2109,1.2109,1.2131
1030,0.0,0.0004,0.0004,0.0001,0.0,1.0,0.0,1.2529,0.0,0.0,0.0,0.0,1.2529,1.2529,1.2515
1031,0.0,0.0008,0.0008,0.0001,0.0,1.0,0.0,1.6888,0.0,0.0,0.0,0.0,1.6888,1.6888,1.6874
1032,0.0,0.001,0.001,0.0002,0.0,1.0,0.0,1.3595,0.0,0.0,0.0,0.0,1.3595000000000002,1.3595000000000002,1.3616
1033,0.0,0.0006,0.0006,0.0001,0.0,1.0,0.0,0.9855,0.0,0.0,0.0,0.0,0.9855,0.9855,0.9893
1034,0.0,0.0006,0.0006,0.0001,0.0,1.0,0.0,1.1709,0.0,0.0,0.0,0.0,1.1709,1.1709,1.1731
1035,0.0,0.0006,0.0006,0.0001,0.0,1.0,0.0,1.2765,0.0,0.0,0.0,0.0,1.2765,1.2765,1.274
1036,0.0,0.0005,0.0005,0.0001,0.0,1.0,0.0,1.1827,0.0,0.0,0.0,0.0,1.1827,1.1827,1.1778
1037,0.0,0.0005,0.0005,0.0001,0.0,1.0,0.0,1.2194,0.0,0.0,0.0,0.0,1.2193999999999998,1.2193999999999998,1.2203
1038,0.0,0.0006,0.0006,0.0001,0.0,1.0,0.0,1.1547,0.0,0.0,0.0,0.0,1.1547,1.1547,1.1527
1039,0.0,0.0004,0.0004,0.0001,0.0,1.0,0.0,1.0437,0.0,0.0,0.0,0.0,1.0436999999999999,1.0436999999999999,1.0457
1040,0.0,0.0007,0.0007,0.0001,0.0,1.0,0.0,1.3308,0.0,0.0,0.0,0.0,1.3308,1.3308,1.3345
1041,0.0,0.0004,0.0004,0.0001,0.0,1.0,0.0,1.1167,0.0,0.0,0.0,0.0,1.1167,1.1167,1.112
1042,0.0,0.0005,0.0005,0.0001,0.0,1.0,0.0,1.4173,0.0,0.0,0.0,0.0,1.4173,1.4173,1.4138
1043,0.0,0.0003,0.0003,0.0001,0.0,1.0,0.0,1.0317,0.0,0.0,0.0,0.0,1.0317,1.0317,1.032
1044,0.0,0.0004,0.0004,0.0001,0.0,1.0,0.0,1.067,0.0,0.0,0.0,0.0,1.067,1.067,1.0704
1045,0.0,0.0009,0.0009,0.0002,0.0,1.0,0.0,1.1607,0.0,0.0,0.0,0.0,1.1606999999999998,1.1606999999999998,1.1568
1046,0.0,0.0005,0.0005,0.0001,0.0,1.0,0.0,1.3129,0.0,0.0,0.0,0.0,1.3129,1.3129,1.308
1047,0.0,0.001,0.001,0.0002,0.0,1.0,0.0,1.4063,0.0,0.0,0.0,0.0,1.4063,1.4063,1.4032
1048,0.0,0.0004,0.0004,0.0001,0.0,1.0,0.0,1.0124,0.0,0.0,0.0,0.0,1.0124,1.0124,1.0079
1049,0.0,0.0007,0.0007,0.0001,0.0,1.0,0.0,1.2874,0.0,0.0,0.0,0.0,1.2874,1.2874,1.2851
1050,0.0,0.0008,0.0008,0.0001,0.0,1.0,0.0,1.5003,0.0,0.0,0.0,0.0,1.5003,1.5003,1.5034
1051,0.0,0.0008,0.0008,0.0001,0.0,1.0,0.0,1.4205,0.0,0.0,0.0,0.0,1.4204999999999999,1.4204999999999999,1.4156
1052,0.0,0.0005,0.0005,0.0001,0.0,1.0,0.0,1.2853,0.0,0.0,0.0,0.0,1.2852999999999999,1.2852999999999999,1.2811
1053,0.0,0.0007,0.0007,0.0001,0.0,1.0,0.0,1.32,0.0,0.0,0.0,0.0,1.3199999999999998,1.3199999999999998,1.3237
1054,0.0,0.0005,0.0005,0.0001,0.0,1.0,0.0,0.7884,0.0,0.0,0.0,0.0,0.7883999999999999,0.7883999999999999,0.7902
1055,0.0,0.0007,0.0007,0.0001,0.0,1.0,0.0,1.2772,0.0,0.0,0.0,0.0,1.2772000000000001,1.2772000000000001,1.2806
1056,0.0,0.0006,0.0006,0.0001,0.0,1.0,0.0,1.4005,0.0,0.0,0.0,0.0,1.4005,1.4005,1.4023
1057,0.0,0.0006,0.0006,0.0001,0.0,1.0,0.0,1.3638,0.0,0.0,0.0,0.0,1.3638,1.3638,1.3603
1058,0.0,0.0006,0.0006,0.0001,0.0,1.0,0.0,1.0378,0.0,0.0,0.0,0.0,1.0377999999999998,1.0377999999999998,1.0353
1059,0.0,0.0007,0.0007,0.0001,0.0,1.0,0.0,1.2115,0.0,0.0,0.0,0.0,1.2115,1.2115,1.2091
1060,0.0,0.0007,0.0007,0.0001,0.0,1.0,0.0,1.2066,0.0,0.0,0.0,0.0,1.2066,1.2066,1.2091
1061,0.0,0.0004,0.0004,0.0001,0.0,1.0,0.0,1.1281,0.0,0.0,0.0,0.0,1.1280999999999999,1.1280999999999999,1.1281
1062,0.0,0.0009,0.0009,0.0002,0.0,1.0,0.0,1.2775,0.0,0.0,0.0,0.0,1.2774999999999999,1.2774999999999999,1.277
1063,0.0,0.0004,0.0004,0.0001,0.0,1.0,0.0,1.1744,0.0,0.0,0.0,0.0,1.1743999999999999,1.1743999999999999,1.1695
1064,0.0,0.0006,0.0006,0.0001,0.0,1.0,0.0,0.9591,0.0,0.0,0.0,0.0,0.9591,0.9591,0.9561
1065,0.0,0.0007,0.0007,0.0001,0.0,1.0,0.0,1.2442,0.0,0.0,0.0,0.0,1.2442,1.2442,1.242
1066,0.0,0.0005,0.0005,0.0001,0.0,1.0,0.0,1.1102,0.0,0.0,0.0,0.0,1.1102,1.1102,1.1057
1067,0.0,0.0007,0.0007,0.0001,0.0,1.0,0.0,1.3809,0.0,0.0,0.0,0.0,1.3809,1.3809,1.3761
1068,0.0,0.0004,0.0004,0.0001,0.0,1.0,0.0,1.1527,0.0,0.0,0.0,0.0,1.1527,1.1527,1.148
1069,0.0,0.0007,0.0007,0.0001,0.0,1.0,0.0,1.5608,0.0,0.0,0.0,0.0,1.5608,1.5608,1.5653
1070,0.0,0.0005,0.0005,0.0001,0.0,1.0,0.0,1.387,0.0,0.0,0.0,0.0,1.387,1.387,1.3839
1071,0.0,0.0005,0.0005,0.0001,0.0,1.0,0.0,1.274,0.0,0.0,0.0,0.0,1.274,1.274,1.2712
1072,0.0,0.0008,0.0008,0.0002,0.0,1.0,0.0,1.728,0.0,0.0,0.0,0.0,1.728,1.728,1.7325
1073,0.0,0.0011,0.0011,0.0002,0.0,1.0,0.0,1.4877,0.0,0.0,0.0,0.0,1.4877,1.4877,1.486
1074,0.0,0.0006,0.0006,0.0001,0.0,1.0,0.0,1.5887,0.0,0.0,0.0,0.0,1.5887,1.5887,1.5929
1075,0.0,0.001,0.001,0.0002,0.0,1.0,0.0,1.2875,0.0,0.0,0.0,0.0,1.2875,1.2875,1.2846
1076,0.0,0.0004,0.0004,0.0001,0.0,1.0,0.0,1.1084,0.0,0.0,0.0,0.0,1.1084,1.1084,1.11
1077,0.0,0.0008,0.0008,0.0001,0.0,1.0,0.0,1.2745,0.0,0.0,0.0,0.0,1.2745,1.2745,1.2751
1078,0.0,0.0005,0.0005,0.0001,0.0,1.0,0.0,0.9849,0.0,0.0,0.0,0.0,0.9849,0.9849,0.9843
1079,0.0,0.0006,0.0006,0.0001,0.0,1.0,0.0,1.6363,0.0,0.0,0.0,0.0,1.6363,1.6363,1.6392
1080,0.0,0.0007,0.0007,0.0001,0.0,1.0,0.0,1.0435,0.0,0.0,0.0,0.0,1.0434999999999999,1.0434999999999999,1.0442
1081,0.0,0.0005,0.0005,0.0001,0.0,1.0,0.0,1.1592,0.0,0.0,0.0,0.0,1.1592,1.1592,1.1625
1082,0.0,0.0008,0.0008,0.0001,0.0,1.0,0.0,1.7246,0.0,0.0,0.0,0.0,1.7246,1.7246,1.7245
1083,0.0,0.0005,0.0005,0.0001,0.0,1.0,0.0,1.1821,0.0,0.0,0.0,0.0,1.1821,1.1821,1.1813
1084,0.0,0.0004,0.0004,0.0001,0.0,1.0,0.0,0.9747,0.0,0.0,0.0,0.0,0.9746999999999999,0.9746999999999999,0.9779
1085,0.0,0.0003,0.0003,0.0001,0.0,1.0,0.0,1.279,0.0,0.0,0.0,0.0,1.279,1.279,1.2804
1086,0.0,0.001,0.001,0.0002,0.0,1.0,0.0,1.5285,0.0,0.0,0.0,0.0,1.5285,1.5285,1.5323
1087,0.0,0.0007,0.0007,0.0001,0.0,1.0,0.0,1.3056,0.0,0.0,0.0,0.0,1.3056,1.3056,1.3096
1088,0.0,0.0004,0.0004,0.0001,0.0,1.0,0.0,0.9444,0.0,0.0,0.0,0.0,0.9443999999999999,0.9443999999999999,0.9451
1089,0.0,0.0008,0.0008,0.0001,0.0,1.0,0.0,1.6262,0.0,0.0,0.0,0.0,1.6261999999999999,1.6261999999999999,1.6226
1090,0.0,0.0009,0.0009,0.0002,0.0,1.0,0.0,1.2159,0.0,0.0,0.0,0.0,1.2159,1.2159,1.2154
1091,0.0,0.0005,0.0005,0.0001,0.0,1.0,0.0,1.1691,0.0,0.0,0.0,0.0,1.1691,1.1691,1.1665
1092,0.0,0.0005,0.0005,0.0001,0.0,1.0,0.0,0.9295,0.0,0.0,0.0,0.0,0.9295000000000001,0.9295000000000001,0.9252
1093,0.0,0.0006,0.0006,0.0001,0.0,1.0,0.0,1.3014,0.0,0.0,0.0,0.0,1.3014000000000001,1.3014000000000001,1.3024
1094,0.0,0.0004,0.0004,0.0001,0.0,1.0,0.0,1.261,0.0,0.0,0.0,0.0,1.2610000000000001,1.2610000000000001,1.2562
1095,0.0,0.0008,0.0008,0.0002,0.0,1.0,0.0,1.262,0.0,0.0,0.0,0.0,1.262,1.262,1.2642
1096,0.0,0.0007,0.0007,0.0001,0.0,1.0,0.0,1.1325,0.0,0.0,0.0,0.0,1.1324999999999998,1.1324999999999998,1.1281
1097,0.0,0.001,0.001,0.0002,0.0,1.0,0.0,1.0358,0.0,0.0,0.0,0.0,1.0358,1.0358,1.0349
1098,0.0,0.0007,0.0007,0.0001,0.0,1.0,0.0,1.0053,0.0,0.0,0.0,0.0,1.0053,1.0053,1.0084
1099,0.0,0.0007,0.0007,0.0001,0.0,1.0,0.0,1.0008,0.0,0.0,0.0,0.0,1.0008000000000001,1.0008000000000001,1.0032
1100,0.0,0.0008,0.0008,0.0002,0.0,1.0,0.0,1.4611,0.0,0.0,0.0,0.0,1.4611,1.4611,1.4568
1101,0.0,0.0009,0.0009,0.0002,0.0,1.0,0.0,1.1958,0.0,0.0,0.0,0.0,1.1958,1.1958,1.1961
1102,0.0,0.0005,0.0005,0.0001,0.0,1.0,0.0,1.3967,0.0,0.0,0.0,0.0,1.3967,1.3967,1.3986
1103,0.0,0.0005,0.0005,0.0001,0.0,1.0,0.0,1.4555,0.0,0.0,0.0,0.0,1.4555,1.4555,1.4594
1104,0.0,0.0008,0.0008,0.0002,0.0,1.0,0.0,1.5976,0.0,0.0,0.0,0.0,1.5976000000000001,1.5976000000000001,1.6024
1105,0.0,0.0011,0.0011,0.0002,0.0,1.0,0.0,1.2931,0.0,0.0,0.0,0.0,1.2931,1.2931,1.2919
1106,0.0,0.0005,0.0005,0.0001,0.0,1.0,0.0,1.1648,0.0,0.0,0.0,0.0,1.1648,1.1648,1.1687
1107,0.0,0.0007,0.0007,0.0001,0.0,1.0,0.0,1.4187,0.0,0.0,0.0,0.0,1.4187,1.4187,1.4196
1108,0.0,0.0008,0.0008,0.0002,0.0,1.0,0.0,1.439,0.0,0.0,0.0,0.0,1.439,1.439,1.4344
1109,0.0,0.0003,0.0003,0.0001,0.0,1.0,0.0,0.8927,0.0,0.0,0.0,0.0,0.8927,0.8927,0.8967
1110,0.0,0.0009,0.0009,0.0002,0.0,1.0,0.0,1.3644,0.0,0.0,0.0,0.0,1.3644,1.3644,1.3638
1111,0.0,0.0006,0.0006,0.0001,0.0,1.0,0.0,1.1792,0.0,0.0,0.0,0.0,1.1791999999999998,1.1791999999999998,1.1744
1112,0.0,0.0005,0.0005,0.0001,0.0,1.0,0.0,1.2985,0.0,0.0,0.0,0.0,1.2985000000000002,1.2985000000000002,1.2984
1113,0.0,0.0008,0.0008,0.0001,0.0,1.0,0.0,1.3066,0.0,0.0,0.0,0.0,1.3066,1.3066,1.3053
1114,0.0,0.0008,0.0008,0.0001,0.0,1.0,0.0,1.227,0.0,0.0,0.0,0.0,1.2269999999999999,1.2269999999999999,1.2271
1115,0.0,0.0007,0.0007,0.0001,0.0,1.0,0.0,1.4818,0.0,0.0,0.0,0.0,1.4818,1.4818,1.4815
1116,0.0,0.0008,0.0008,0.0002,0.0,1.0,0.0,1.5696,0.0,0.0,0.0,0.0,1.5695999999999999,1.5695999999999999,1.5669
1117,0.0,0.0008,0.0008,0.0001,0.0,1.0,0.0,1.3794,0.0,0.0,0.0,0.0,1.3794,1.3794,1.3819
1118,0.0,0.0008,0.0008,0.0001,0.0,1.0,0.0,1.1907,0.0,0.0,0.0,0.0,1.1907,1.1907,1.1913
1119,0.0,0.0006,0.0006,0.0001,0.0,1.0,0.0,1.037,0.0,0.0,0.0,0.0,1.037,1.037,1.038
1120,0.0,0.0005,0.0005,0.0001,0.0,1.0,0.0,1.1792,0.0,0.0,0.0,0.0,1.1791999999999998,1.1791999999999998,1.1773
1121,0.0,0.0009,0.0009,0.0002,0.0,1.0,0.0,1.3014,0.0,0.0,0.0,0.0,1.3014000000000001,1.3014000000000001,1.2979
1122,0.0,0.0008,0.0008,0.0001,0.0,1.0,0.0,1.1031,0.0,0.0,0.0,0.0,1.1031,1.1031,1.0993
1123,0.0,0.0004,0.0004,0.0001,0.0,1.0,0.0,1.0911,0.0,0.0,0.0,0.0,1.0911,1.0911,1.0955
1124,0.0,0.001,0.001,0.0002,0.0,1.0,0.0,1.4183,0.0,0.0,0.0,0.0,1.4183,1.4183,1.4137
1125,0.0,0.0007,0.0007,0.0001,0.0,1.0,0.0,1.3679,0.0,0.0,0.0,0.0,1.3679000000000001,1.3679000000000001,1.3691
1126,0.0,0.001,0.001,0.0002,0.0,1.0,0.0,1.3469,0.0,0.0,0.0,0.0,1.3469,1.3469,1.3482
1127,0.0,0.0003,0.0003,0.0001,0.0,1.0,0.0,1.0683,0.0,0.0,0.0,0.0,1.0683,1.0683,1.0705
1128,0.0,0.0006,0.0006,0.0001,0.0,1.0,0.0,1.2473,0.0,0.0,0.0,0.0,1.2473,1.2473,1.2426
1129,0.0,0.0008,0.0008,0.0001,0.0,1.0,0.0,1.4142,0.0,0.0,0.0,0.0,1.4142000000000001,1.4142000000000001,1.4105
1130,0.0,0.0005,0.0005,0.0001,0.0,1.0,0.0,1.054,0.0,0.0,0.0,0.0,1.0539999999999998,1.0539999999999998,1.0497
1131,0.0,0.0006,0.0006,0.0001,0.0,1.0,0.0,0.9812,0.0,0.0,0.0,0.0,0.9812000000000001,0.9812000000000001,0.9834
1132,0.0,0.0006,0.0006,0.0001,0.0,1.0,0.0,1.4021,0.0,0.0,0.0,0.0,1.4021000000000001,1.4021000000000001,1.4055
1133,0.0,0.0005,0.0005,0.0001,0.0,1.0,0.0,1.2587,0.0,0.0,0.0,0.0,1.2587000000000002,1.2587000000000002,1.2618
1134,0.0,0.0008,0.0008,0.0001,0.0,1.0,0.0,1.1884,0.0,0.0,0.0,0.0,1.1884000000000001,1.1884000000000001,1.189
1135,0.0,0.0005,0.0005,0.0001,0.0,1.0,0.0,1.3118,0.0,0.0,0.0,0.0,1.3117999999999999,1.3117999999999999,1.3118
1136,0.0,0.0005,0.0005,0.0001,0.0,1.0,0.0,1.3443,0.0,0.0,0.0,0.0,1.3443,1.3443,1.3472
1137,0.0,0.0007,0.0007,0.0001,0.0,1.0,0.0,1.3533,0.0,0.0,0.0,0.0,1.3533,1.3533,1.3522
1138,0.0,0.0008,0.0008,0.0001,0.0,1.0,0.0,1.1729,0.0,0.0,0.0,0.0,1.1729,1.1729,1.1779
1139,0.0,0.0004,0.0004,0.0001,0.0,1.0,0.0,0.7551,0.0,0.0,0.0,0.0,0.7551,0.7551,0.7526
1140,0.0,0.0006,0.0006,0.0001,0.0,1.0,0.0,1.153,0.0,0.0,0.0,0.0,1.153,1.153,1.1522
1141,0.0,0.0008,0.0008,0.0002,0.0,1.0,0.0,1.3126,0.0,0.0,0.0,0.0,1.3126,1.3126,1.316
1142,0.0,0.0003,0.0003,0.0001,0.0,1.0,0.0,1.0267,0.0,0.0,0.0,0.0,1.0267,1.0267,1.0236
1143,0.0,0.0008,0.0008,0.0001,0.0,1.0,0.0,1.4383,0.0,0.0,0.0,0.0,1.4383000000000001,1.4383000000000001,1.4408
1144,0.0,0.0008,0.0008,0.0001,0.0,1.0,0.0,1.4181,0.0,0.0,0.0,0.0,1.4181,1.4181,1.4227
1145,0.0,0.0008,0.0008,0.0001,0.0,1.0,0.0,1.5942,0.0,0.0,0.0,0.0,1.5942,1.5942,1.5938
1146,0.0,0.001,0.001,0.0002,0.0,1.0,0.0,1.2797,0.0,0.0,0.0,0.0,1.2796999999999998,1.2796999999999998,1.2761
1147,0.0,0.0007,0.0007,0.0001,0.0,1.0,0.0,1.5049,0.0,0.0,0.0,0.0,1.5049000000000001,1.5049000000000001,1.506
1148,0.0,0.0008,0.0008,0.0001,0.0,1.0,0.0,0.9972,0.0,0.0,0.0,0.0,0.9972,0.9972,0.9967
1149,0.0,0.0005,0.0005,0.0001,0.0,1.0,0.0,1.3946,0.0,0.0,0.0,0.0,1.3946,1.3946,1.398
1150,0.0,0.0006,0.0006,0.0001,0.0,1.0,0.0,1.463,0.0,0.0,0.0,0.0,1.463,1.463,1.4614
1151,0.0,0.0004,0.0004,0.0001,0.0,1.0,0.0,1.2507,0.0,0.0,0.0,0.0,1.2507,1.2507,1.2488
1152,0.0,0.0008,0.0008,0.0001,0.0,1.0,0.0,1.4335,0.0,0.0,0.0,0.0,1.4335,1.4335,1.4364
1153,0.0,0.0007,0.0007,0.0001,0.0,1.0,0.0,1.4239,0.0,0.0,0.0,0.0,1.4239,1.4239,1.427
1154,0.0,0.0007,0.0007,0.0001,0.0,1.0,0.0,1.2304,0.0,0.0,0.0,0.0,1.2304,1.2304,1.2321
1155,0.0,0.0006,0.0006,0.0001,0.0,1.0,0.0,1.5692,0.0,0.0,0.0,0.0,1.5692,1.5692,1.5673
1156,0.0,0.0008,0.0008,0.0001,0.0,1.0,0.0,1.5871,0.0,0.0,0.0,0.0,1.5871,1.5871,1.5852
1157,0.0,0.0007,0.0007,0.0001,0.0,1.0,0.0,1.0436,0.0,0.0,0.0,0.0,1.0436,1.0436,1.0388
1158,0.0,0.0008,0.0008,0.0001,0.0,1.0,0.0,1.3861,0.0,0.0,0.0,0.0,1.3861,1.3861,1.3869
1159,0.0,0.0004,0.0004,0.0001,0.0,1.0,0.0,0.9381,0.0,0.0,0.0,0.0,0.9381,0.9381,0.9363
1160,0.0,0.0005,0.0005,0.0001,0.0,1.0,0.0,1.147,0.0,0.0,0.0,0.0,1.1469999999999998,1.1469999999999998,1.1501
1161,0.0,0.0004,0.0004,0.0001,0.0,1.0,0.0,1.4706,0.0,0.0,0.0,0.0,1.4706000000000001,1.4706000000000001,1.4678
1162,0.0,0.0004,0.0004,0.0001,0.0,1.0,0.0,0.9237,0.0,0.0,0.0,0.0,0.9237,0.9237,0.9252
1163,0.0,0.0005,0.0005,0.0001,0.0,1.0,0.0,1.2354,0.0,0.0,0.0,0.0,1.2353999999999998,1.2353999999999998,1.2342
1164,0.0,0.0006,0.0006,0.0001,0.0,1.0,0.0,1.263,0.0,0.0,0.0,0.0,1.263,1.263,1.2641
1165,0.0,0.0004,0.0004,0.0001,0.0,1.0,0.0,1.0393,0.0,0.0,0.0,0.0,1.0393,1.0393,1.0379
1166,0.0,0.0006,0.0006,0.0001,0.0,1.0,0.0,1.1541,0.0,0.0,0.0,0.0,1.1541,1.1541,1.1567
1167,0.0,0.0011,0.0011,0.0002,0.0,1.0,0.0,1.5687,0.0,0.0,0.0,0.0,1.5686999999999998,1.5686999999999998,1.5661
1168,0.0,0.0005,0.0005,0.0001,0.0,1.0,0.0,1.1223,0.0,0.0,0.0,0.0,1.1223,1.1223,1.1249
1169,0.0,0.0005,0.0005,0.0001,0.0,1.0,0.0,0.9274,0.0,0.0,0.0,0.0,0.9274,0.9274,0.9315
1170,0.0,0.0006,0.0006,0.0001,0.0,1.0,0.0,1.1952,0.0,0.0,0.0,0.0,1.1952,1.1952,1.1955
1171,0.0,0.0003,0.0003,0.0001,0.0,1.0,0.0,0.9013,0.0,0.0,0.0,0.0,0.9013,0.9013,0.9012
1172,0.0,0.0008,0.0008,0.0001,0.0,1.0,0.0,1.6561,0.0,0.0,0.0,0.0,1.6561,1.6561,1.6594
1173,0.0,0.0003,0.0003,0.0001,0.0,1.0,0.0,0.9343,0.0,0.0,0.0,0.0,0.9343,0.9343,0.9381
1174,0.0,0.0008,0.0008,0.0001,0.0,1.0,0.0,1.1427,0.0,0.0,0.0,0.0,1.1427,1.1427,1.1396
1175,0.0,0.0007,0.0007,0.0001,0.0,1.0,0.0,1.1254,0.0,0.0,0.0,0.0,1.1254,1.1254,1.1236
1176,0.0,0.0007,0.0007,0.0001,0.0,1.0,0.0,1.0932,0.0,0.0,0.0,0.0,1.0932000000000002,1.0932000000000002,1.093
1177,0.0,0.0004,0.0004,0.0001,0.0,1.0,0.0,1.031,0.0,0.0,0.0,0.0,1.0310000000000001,1.0310000000000001,1.0305
1178,0.0,0.0004,0.0004,0.0001,0.0,1.0,0.0,0.9527,0.0,0.0,0.0,0.0,0.9527,0.9527,0.9505
1179,0.0,0.0006,0.0006,0.0001,0.0,1.0,0.0,1.1231,0.0,0.0,0.0,0.0,1.1231,1.1231,1.1217
1180,0.0,0.0006,0.0006,0.0001,0.0,1.0,0.0,1.086,0.0,0.0,0.0,0.0,1.086,1.086,1.0848
1181,0.0,0.0005,0.0005,0.0001,0.0,1.0,0.0,1.2475,0.0,0.0,0.0,0.0,1.2475,1.2475,1.2453
1182,0.0,0.0004,0.0004,0.0001,0.0,1.0,0.0,1.0343,0.0,0.0,0.0,0.0,1.0343,1.0343,1.0333
1183,0.0,0.0003,0.0003,0.0001,0.0,1.0,0.0,1.0996,0.0,0.0,0.0,0.0,1.0996,1.0996,1.0947
1184,0.0,0.0005,0.0005,0.0001,0.0,1.0,0.0,0.9749,0.0,0.0,0.0,0.0,0.9749000000000001,0.9749000000000001,0.9739
1185,0.0,0.0006,0.0006,0.0001,0.0,1.0,0.0,1.325,0.0,0.0,0.0,0.0,1.325,1.325,1.3229
1186,0.0,0.0006,0.0006,0.0001,0.0,1.0,0.0,1.15,0.0,0.0,0.0,0.0,1.15,1.15,1.1512
1187,0.0,0.0009,0.0009,0.0002,0.0,1.0,0.0,1.0589,0.0,0.0,0.0,0.0,1.0589,1.0589,1.0545
1188,0.0,0.001,0.001,0.0002,0.0,1.0,0.0,1.3632,0.0,0.0,0.0,0.0,1.3632,1.3632,1.3638
1189,0.0,0.0007,0.0007,0.0001,0.0,1.0,0.0,1.4337,0.0,0.0,0.0,0.0,1.4337,1.4337,1.4308
1190,0.0,0.0007,0.0007,0.0001,0.0,1.0,0.0,1.2824,0.0,0.0,0.0,0.0,1.2824,1.2824,1.2861
1191,0.0,0.0009,0.0009,0.0002,0.0,1.0,0.0,1.1986,0.0,0.0,0.0,0.0,1.1985999999999999,1.1985999999999999,1.1944
1192,0.0,0.0006,0.0006,0.0001,0.0,1.0,0.0,1.2493,0.0,0.0,0.0,0.0,1.2492999999999999,1.2492999999999999,1.2451
1193,0.0,0.0005,0.0005,0.0001,0.0,1.0,0.0,1.4415,0.0,0.0,0.0,0.0,1.4415,1.4415,1.4464
1194,0.0,0.001,0.001,0.0002,0.0,1.0,0.0,1.1222,0.0,0.0,0.0,0.0,1.1222,1.1222,1.1259
1195,0.0,0.0006,0.0006,0.0001,0.0,1.0,0.0,1.6199,0.0,0.0,0.0,0.0,1.6199000000000001,1.6199000000000001,1.6192
1196,0.0,0.0006,0.0006,0.0001,0.0,1.0,0.0,0.9829,0.0,0.0,0.0,0.0,0.9829,0.9829,0.9828
1197,0.0,0.0005,0.0005,0.0001,0.0,1.0,0.0,1.2959,0.0,0.0,0.0,0.0,1.2959,1.2959,1.2985
1198,0.0,0.0006,0.0006,0.0001,0.0,1.0,0.0,1.635,0.0,0.0,0.0,0.0,1.635,1.635,1.6319
1199,0.0,0.0006,0.0006,0.0001,0.0,1.0,0.0,1.3558,0.0,0.0,0.0,0.0,1.3558000000000001,1.3558000000000001,1.3578
1200,0.0,0.0008,0.0008,0.0001,0.0,1.0,0.0,1.5606,0.0,0.0,0.0,0.0,1.5606,1.5606,1.5579
1201,0.0,0.0007,0.0007,0.0001,0.0,1.0,0.0,1.616,0.0,0.0,0.0,0.0,1.616,1.616,1.6189
1202,0.0,0.0004,0.0004,0.0001,0.0,1.0,0.0,1.1831,0.0,0.0,0.0,0.0,1.1831,1.1831,1.1825
1203,0.0,0.0004,0.0004,0.0001,0.0,1.0,0.0,0.9624,0.0,0.0,0.0,0.0,0.9623999999999999,0.9623999999999999,0.9597
1204,0.0,0.0006,0.0006,0.0001,0.0,1.0,0.0,1.3774,0.0,0.0,0.0,0.0,1.3774,1.3774,1.373
1205,0.0,0.0005,0.0005,0.0001,0.0,1.0,0.0,1.2807,0.0,0.0,0.0,0.0,1.2807,1.2807,1.28
1206,0.0,0.001,0.001,0.0002,0.0,1.0,0.0,1.6442,0.0,0.0,0.0,0.0,1.6441999999999999,1.6441999999999999,1.6455
1207,0.0,0.0006,0.0006,0.0001,0.0,1.0,0.0,1.0944,0.0,0.0,0.0,0.0,1.0944,1.0944,1.0912
1208,0.0,0.0009,0.0009,0.0002,0.0,1.0,0.0,1.2054,0.0,0.0,0.0,0.0,1.2054,1.2054,1.207
1209,0.0,0.0008,0.0008,0.0001,0.0,1.0,0.0,1.6233,0.0,0.0,0.0,0.0,1.6233,1.6233,1.6269
1210,0.0,0.0008,0.0008,0.0001,0.0,1.0,0.0,1.6241,0.0,0.0,0.0,0.0,1.6240999999999999,1.6240999999999999,1.6288
1211,0.0,0.0006,0.0006,0.0001,0.0,1.0,0.0,0.8198,0.0,0.0,0.0,0.0,0.8198000000000001,0.8198000000000001,0.8233
1212,0.0,0.0005,0.0005,0.0001,0.0,1.0,0.0,1.5115,0.0,0.0,0.0,0.0,1.5115,1.5115,1.5089
1213,0.0,0.0008,0.0008,0.0001,0.0,1.0,0.0,0.9225,0.0,0.0,0.0,0.0,0.9224999999999999,0.9224999999999999,0.9185
1214,0.0,0.0011,0.0011,0.0002,0.0,1.0,0.0,1.6494,0.0,0.0,0.0,0.0,1.6494,1.6494,1.6512
1215,0.0,0.0008,0.0008,0.0001,0.0,1.0,0.0,1.4919,0.0,0.0,0.0,0.0,1.4919000000000002,1.4919000000000002,1.4931
1216,0.0,0.0007,0.0007,0.0001,0.0,1.0,0.0,1.6331,0.0,0.0,0.0,0.0,1.6330999999999998,1.6330999999999998,1.6348
1217,0.0,0.0008,0.0008,0.0001,0.0,1.0,0.0,1.2126,0.0,0.0,0.0,0.0,1.2126,1.2126,1.2168
1218,0.0,0.0008,0.0008,0.0001,0.0,1.0,0.0,1.2252,0.0,0.0,0.0,0.0,1.2252,1.2252,1.2253
1219,0.0,0.0006,0.0006,0.0001,0.0,1.0,0.0,1.1657,0.0,0.0,0.0,0.0,1.1657,1.1657,1.1647
1220,0.0,0.0004,0.0004,0.0001,0.0,1.0,0.0,1.127,0.0,0.0,0.0,0.0,1.127,1.127,1.123
1221,0.0,0.0009,0.0009,0.0002,0.0,1.0,0.0,1.0627,0.0,0.0,0.0,0.0,1.0627,1.0627,1.0672
1222,0.0,0.0007,0.0007,0.0001,0.0,1.0,0.0,1.3031,0.0,0.0,0.0,0.0,1.3031000000000001,1.3031000000000001,1.3016
1223,0.0,0.0007,0.0007,0.0001,0.0,1.0,0.0,1.4481,0.0,0.0,0.0,0.0,1.4481000000000002,1.4481000000000002,1.4517
1224,0.0,0.0003,0.0003,0.0001,0.0,1.0,0.0,0.826,0.0,0.0,0.0,0.0,0.8260000000000001,0.8260000000000001,0.8211
1225,0.0,0.0006,0.0006,0.0001,0.0,1.0,0.0,1.4689,0.0,0.0,0.0,0.0,1.4689,1.4689,1.4735
1226,0.0,0.0005,0.0005,0.0001,0.0,1.0,0.0,1.2376,0.0,0.0,0.0,0.0,1.2376,1.2376,1.2372
1227,0.0,0.0005,0.0005,0.0001,0.0,1.0,0.0,1.2518,0.0,0.0,0.0,0.0,1.2518,1.2518,1.2484
1228,0.0,0.0006,0.0006,0.0001,0.0,1.0,0.0,1.3041,0.0,0.0,0.0,0.0,1.3041,1.3041,1.3067
1229,0.0,0.0007,0.0007,0.0001,0.0,1.0,0.0,1.0115,0.0,0.0,0.0,0.0,1.0114999999999998,1.0114999999999998,1.0092
1230,0.0,0.0007,0.0007,0.0001,0.0,1.0,0.0,0.9034,0.0,0.0,0.0,0.0,0.9034,0.9034,0.8984
1231,0.0,0.0003,0.0003,0.0001,0.0,1.0,0.0,1.195,0.0,0.0,0.0,0.0,1.195,1.195,1.1981
1232,0.0,0.0003,0.0003,0.0001,0.0,1.0,0.0,1.1405,0.0,0.0,0.0,0.0,1.1405,1.1405,1.1387
1233,0.0,0.0006,0.0006,0.0001,0.0,1.0,0.0,1.5037,0.0,0.0,0.0,0.0,1.5037,1.5037,1.507
1234,0.0,0.0007,0.0007,0.0001,0.0,1.0,0.0,1.5268,0.0,0.0,0.0,0.0,1.5267999999999997,1.5267999999999997,1.5249
1235,0.0,0.0007,0.0007,0.0001,0.0,1.0,0.0,1.4048,0.0,0.0,0.0,0.0,1.4047999999999998,1.4047999999999998,1.406
1236,0.0,0.0009,0.0009,0.0002,0.0,1.0,0.0,1.1898,0.0,0.0,0.0,0.0,1.1898,1.1898,1.1894
1237,0.0,0.0008,0.0008,0.0001,0.0,1.0,0.0,1.3313,0.0,0.0,0.0,0.0,1.3313000000000001,1.3313000000000001,1.3336
1238,0.0,0.0008,0.0008,0.0001,0.0,1.0,0.0,1.3948,0.0,0.0,0.0,0.0,1.3948,1.3948,1.3973
1239,0.0,0.0011,0.0011,0.0002,0.0,1.0,0.0,1.3731,0.0,0.0,0.0,0.0,1.3731,1.3731,1.3687
1240,0.0,0.0008,0.0008,0.0001,0.0,1.0,0.0,1.284,0.0,0.0,0.0,0.0,1.284,1.284,1.284
1241,0.0,0.0005,0.0005,0.0001,0.0,1.0,0.0,1.5248,0.0,0.0,0.0,0.0,1.5248,1.5248,1.525
1242,0.0,0.0008,0.0008,0.0001,0.0,1.0,0.0,1.561,0.0,0.0,0.0,0.0,1.561,1.561,1.5591
1243,0.0,0.001,0.001,0.0002,0.0,1.0,0.0,1.1885,0.0,0.0,0.0,0.0,1.1885,1.1885,1.1907
1244,0.0,0.0005,0.0005,0.0001,0.0,1.0,0.0,1.1787,0.0,0.0,0.0,0.0,1.1787,1.1787,1.1817
1245,0.0,0.0008,0.0008,0.0001,0.0,1.0,0.0,1.6808,0.0,0.0,0.0,0.0,1.6808,1.6808,1.6847
1246,0.0,0.0006,0.0006,0.0001,0.0,1.0,0.0,1.1803,0.0,0.0,0.0,0.0,1.1803,1.1803,1.1846
1247,0.0,0.0006,0.0006,0.0001,0.0,1.0,0.0,1.1096,0.0,0.0,0.0,0.0,1.1096,1.1096,1.1059
1248,0.0,0.0008,0.0008,0.0001,0.0,1.0,0.0,1.1227,0.0,0.0,0.0,0.0,1.1227,1.1227,1.1188
1249,0.0,0.0005,0.0005,0.0001,0.0,1.0,0.0,0.9975,0.0,0.0,0.0,0.0,0.9975,0.9975,0.9958
1250,0.0,0.0005,0.0005,0.0001,0.0,1.0,0.0,0.8256,0.0,0.0,0.0,0.0,0.8256,0.8256,0.8239
1251,0.0,0.0008,0.0008,0.0001,0.0,1.0,0.0,1.3023,0.0,0.0,0.0,0.0,1.3023,1.3023,1.2979
1252,0.0,0.0003,0.0003,0.0001,0.0,1.0,0.0,0.9675,0.0,0.0,0.0,0.0,0.9675,0.9675,0.9688
1253,0.0,0.0005,0.0005,0.0001,0.0,1.0,0.0,1.3794,0.0,0.0,0.0,0.0,1.3794,1.3794,1.3787
1254,0.0,0.0004,0.0004,0.0001,0.0,1.0,0.0,1.0738,0.0,0.0,0.0,0.0,1.0738,1.0738,1.0746
1255,0.0,0.0008,0.0008,0.0001,0.0,1.0,0.0,1.286,0.0,0.0,0.0,0.0,1.286,1.286,1.2881
1256,0.0,0.0003,0.0003,0.0001,0.0,1.0,0.0,1.0342,0.0,0.0,0.0,0.0,1.0342,1.0342,1.0382
1257,0.0,0.0004,0.0004,0.0001,0.0,1.0,0.0,1.2215,0.0,0.0,0.0,0.0,1.2215,1.2215,1.2202
1258,0.0,0.0004,0.0004,0.0001,0.0,1.0,0.0,1.3599,0.0,0.0,0.0,0.0,1.3599,1.3599,1.3646
1259,0.0,0.0005,0.0005,0.0001,0.0,1.0,0.0,0.8412,0.0,0.0,0.0,0.0,0.8412,0.8412,0.8421
1260,0.0,0.0005,0.0005,0.0001,0.0,1.0,0.0,1.0723,0.0,0.0,0.0,0.0,1.0722999999999998,1.0722999999999998,1.075
1261,0.0,0.0007,0.0007,0.0001,0.0,1.0,0.0,1.5575,0.0,0.0,0.0,0.0,1.5575,1.5575,1.5569
1262,0.0,0.0004,0.0004,0.0001,0.0,1.0,0.0,1.1038,0.0,0.0,0.0,0.0,1.1038000000000001,1.1038000000000001,1.1066
1263,0.0,0.0006,0.0006,0.0001,0.0,1.0,0.0,1.3683,0.0,0.0,0.0,0.0,1.3683,1.3683,1.3696
1264,0.0,0.0004,0.0004,0.0001,0.0,1.0,0.0,1.0336,0.0,0.0,0.0,0.0,1.0336,1.0336,1.0358
1265,0.0,0.0003,0.0003,0.0001,0.0,1.0,0.0,1.1065,0.0,0.0,0.0,0.0,1.1065,1.1065,1.1037
1266,0.0,0.0006,0.0006,0.0001,0.0,1.0,0.0,1.1525,0.0,0.0,0.0,0.0,1.1524999999999999,1.1524999999999999,1.152
1267,0.0,0.0005,0.0005,0.0001,0.0,1.0,0.0,1.2267,0.0,0.0,0.0,0.0,1.2267,1.2267,1.2275
1268,0.0,0.0003,0.0003,0.0001,0.0,1.0,0.0,0.9043,0.0,0.0,0.0,0.0,0.9043,0.9043,0.9072
1269,0.0,0.0006,0.0006,0.0001,0.0,1.0,0.0,0.9425,0.0,0.0,0.0,0.0,0.9425,0.9425,0.94
1270,0.0,0.0004,0.0004,0.0001,0.0,1.0,0.0,1.1069,0.0,0.0,0.0,0.0,1.1069,1.1069,1.1062
1271,0.0,0.0004,0.0004,0.0001,0.0,1.0,0.0,1.3313,0.0,0.0,0.0,0.0,1.3313,1.3313,1.336
1272,0.0,0.0008,0.0008,0.0001,0.0,1.0,0.0,1.2365,0.0,0.0,0.0,0.0,1.2365,1.2365,1.241
1273,0.0,0.0003,0.0003,0.0001,0.0,1.0,0.0,1.0866,0.0,0.0,0.0,0.0,1.0866,1.0866,1.0905
1274,0.0,0.0005,0.0005,0.0001,0.0,1.0,0.0,1.1371,0.0,0.0,0.0,0.0,1.1371,1.1371,1.1411
1275,0.0,0.0011,0.0011,0.0002,0.0,1.0,0.0,1.4829,0.0,0.0,0.0,0.0,1.4828999999999999,1.4828999999999999,1.4803
1276,0.0,0.0008,0.0008,0.0001,0.0,1.0,0.0,1.4031,0.0,0.0,0.0,0.0,1.4031,1.4031,1.3995
1277,0.0,0.0007,0.0007,0.0001,0.0,1.0,0.0,1.1432,0.0,0.0,0.0,0.0,1.1432,1.1432,1.146
1278,0.0,0.0007,0.0007,0.0001,0.0,1.0,0.0,0.948,0.0,0.0,0.0,0.0,0.948,0.948,0.951
1279,0.0,0.0004,0.0004,0.0001,0.0,1.0,0.0,1.1819,0.0,0.0,0.0,0.0,1.1819000000000002,1.1819000000000002,1.184
1280,0.0,0.0011,0.0011,0.0002,0.0,1.0,0.0,1.2313,0.0,0.0,0.0,0.0,1.2313,1.2313,1.2326
1281,0.0,0.0011,0.0011,0.0002,0.0,1.0,0.0,1.269,0.0,0.0,0.0,0.0,1.269,1.269,1.2669
1282,0.0,0.0003,0.0003,0.0001,0.0,1.0,0.0,0.7136,0.0,0.0,0.0,0.0,0.7136,0.7136,0.7173
1283,0.0,0.0007,0.0007,0.0001,0.0,1.0,0.0,1.3248,0.0,0.0,0.0,0.0,1.3248,1.3248,1.3254
1284,0.0,0.0006,0.0006,0.0001,0.0,1.0,0.0,1.1605,0.0,0.0,0.0,0.0,1.1604999999999999,1.1604999999999999,1.165
1285,0.0,0.0008,0.0008,0.0001,0.0,1.0,0.0,1.7352,0.0,0.0,0.0,0.0,1.7351999999999999,1.7351999999999999,1.7341
1286,0.0,0.0005,0.0005,0.0001,0.0,1.0,0.0,0.9766,0.0,0.0,0.0,0.0,0.9765999999999999,0.9765999999999999,0.9736
1287,0.0,0.0005,0.0005,0.0001,0.0,1.0,0.0,1.1177,0.0,0.0,0.0,0.0,1.1177,1.1177,1.1207
1288,0.0,0.0008,0.0008,0.0001,0.0,1.0,0.0,1.1178,0.0,0.0,0.0,0.0,1.1178000000000001,1.1178000000000001,1.1162
1289,0.0,0.0003,0.0003,0.0001,0.0,1.0,0.0,1.0923,0.0,0.0,0.0,0.0,1.0922999999999998,1.0922999999999998,1.0903
1290,0.0,0.0004,0.0004,0.0001,0.0,1.0,0.0,1.3141,0.0,0.0,0.0,0.0,1.3141,1.3141,1.3175
1291,0.0,0.0007,0.0007,0.0001,0.0,1.0,0.0,1.3846,0.0,0.0,0.0,0.0,1.3846,1.3846,1.3844
1292,0.0,0.0004,0.0004,0.0001,0.0,1.0,0.0,0.8026,0.0,0.0,0.0,0.0,0.8026,0.8026,0.7981
1293,0.0,0.0004,0.0004,0.0001,0.0,1.0,0.0,1.1485,0.0,0.0,0.0,0.0,1.1485,1.1485,1.1436
1294,0.0,0.0005,0.0005,0.0001,0.0,1.0,0.0,1.0227,0.0,0.0,0.0,0.0,1.0227,1.0227,1.025
1295,0.0,0.0006,0.0006,0.0001,0.0,1.0,0.0,0.9821,0.0,0.0,0.0,0.0,0.9821,0.9821,0.9862
1296,0.0,0.0008,0.0008,0.0001,0.0,1.0,0.0,1.4296,0.0,0.0,0.0,0.0,1.4296,1.4296,1.4291
1297,0.0,0.0006,0.0006,0.0001,0.0,1.0,0.0,1.2639,0.0,0.0,0.0,0.0,1.2639,1.2639,1.2597
1298,0.0,0.0004,0.0004,0.0001,0.0,1.0,0.0,1.0148,0.0,0.0,0.0,0.0,1.0148,1.0148,1.014
1299,0.0,0.0006,0.0006,0.0001,0.0,1.0,0.0,0.9788,0.0,0.0,0.0,0.0,0.9787999999999999,0.9787999999999999,0.9779
1300,0.0,0.0007,0.0007,0.0001,0.0,1.0,0.0,1.1706,0.0,0.0,0.0,0.0,1.1706,1.1706,1.1659
1301,0.0,0.0008,0.0008,0.0001,0.0,1.0,0.0,1.3561,0.0,0.0,0.0,0.0,1.3561,1.3561,1.3567
1302,0.0,0.0011,0.0011,0.0002,0.0,1.0,0.0,1.2291,0.0,0.0,0.0,0.0,1.2290999999999999,1.2290999999999999,1.2276
1303,0.0,0.0008,0.0008,0.0001,0.0,1.0,0.0,1.3512,0.0,0.0,0.0,0.0,1.3512,1.3512,1.3501
1304,0.0,0.0007,0.0007,0.0001,0.0,1.0,0.0,1.271,0.0,0.0,0.0,0.0,1.271,1.271,1.2666
1305,0.0,0.0008,0.0008,0.0001,0.0,1.0,0.0,1.5225,0.0,0.0,0.0,0.0,1.5225,1.5225,1.5185
1306,0.0,0.0009,0.0009,0.0002,0.0,1.0,0.0,1.5929,0.0,0.0,0.0,0.0,1.5929,1.5929,1.5943
1307,0.0,0.0005,0.0005,0.0001,0.0,1.0,0.0,1.3684,0.0,0.0,0.0,0.0,1.3684,1.3684,1.3705
1308,0.0,0.0007,0.0007,0.0001,0.0,1.0,0.0,1.458,0.0,0.0,0.0,0.0,1.458,1.458,1.4583
1309,0.0,0.0008,0.0008,0.0001,0.0,1.0,0.0,1.333,0.0,0.0,0.0,0.0,1.333,1.333,1.3379
1310,0.0,0.0007,0.0007,0.0001,0.0,1.0,0.0,1.2537,0.0,0.0,0.0,0.0,1.2537,1.2537,1.2586
1311,0.0,0.0006,0.0006,0.0001,0.0,1.0,0.0,1.4621,0.0,0.0,0.0,0.0,1.4621,1.4621,1.4634
1312,0.0,0.0006,0.0006,0.0001,0.0,1.0,0.0,1.4416,0.0,0.0,0.0,0.0,1.4416,1.4416,1.4451
1313,0.0,0.0007,0.0007,0.0001,0.0,1.0,0.0,1.3302,0.0,0.0,0.0,0.0,1.3302,1.3302,1.3282
1314,0.0,0.0004,0.0004,0.0001,0.0,1.0,0.0,1.1501,0.0,0.0,0.0,0.0,1.1501000000000001,1.1501000000000001,1.1507
1315,0.0,0.0008,0.0008,0.0001,0.0,1.0,0.0,1.0272,0.0,0.0,0.0,0.0,1.0272000000000001,1.0272000000000001,1.0245
1316,0.0,0.0007,0.0007,0.0001,0.0,1.0,0.0,1.1603,0.0,0.0,0.0,0.0,1.1603,1.1603,1.1615
1317,0.0,0.0006,0.0006,0.0001,0.0,1.0,0.0,1.0665,0.0,0.0,0.0,0.0,1.0665,1.0665,1.0631
1318,0.0,0.0007,0.0007,0.0001,0.0,1.0,0.0,1.324,0.0,0.0,0.0,0.0,1.324,1.324,1.319
1319,0.0,0.0007,0.0007,0.0001,0.0,1.0,0.0,1.4524,0.0,0.0,0.0,0.0,1.4524,1.4524,1.4545
1320,0.0,0.0004,0.0004,0.0001,0.0,1.0,0.0,0.8638,0.0,0.0,0.0,0.0,0.8638,0.8638,0.8679
1321,0.0,0.0008,0.0008,0.0001,0.0,1.0,0.0,1.5256,0.0,0.0,0.0,0.0,1.5255999999999998,1.5255999999999998,1.524
1322,0.0,0.0009,0.0009,0.0002,0.0,1.0,0.0,1.3245,0.0,0.0,0.0,0.0,1.3245,1.3245,1.3289
1323,0.0,0.0004,0.0004,0.0001,0.0,1.0,0.0,0.9078,0.0,0.0,0.0,0.0,0.9078,0.9078,0.9096
1324,0.0,0.0004,0.0004,0.0001,0.0,1.0,0.0,1.0954,0.0,0.0,0.0,0.0,1.0954000000000002,1.0954000000000002,1.0982
1325,0.0,0.0007,0.0007,0.0001,0.0,1.0,0.0,0.9959,0.0,0.0,0.0,0.0,0.9959,0.9959,0.9999
1326,0.0,0.0004,0.0004,0.0001,0.0,1.0,0.0,0.8928,0.0,0.0,0.0,0.0,0.8928,0.8928,0.8974
1327,0.0,0.0004,0.0004,0.0001,0.0,1.0,0.0,0.9928,0.0,0.0,0.0,0.0,0.9928000000000001,0.9928000000000001,0.9908
1328,0.0,0.0006,0.0006,0.0001,0.0,1.0,0.0,1.2492,0.0,0.0,0.0,0.0,1.2492,1.2492,1.2453
1329,0.0,0.0008,0.0008,0.0001,0.0,1.0,0.0,1.315,0.0,0.0,0.0,0.0,1.315,1.315,1.3156
1330,0.0,0.0007,0.0007,0.0001,0.0,1.0,0.0,1.107,0.0,0.0,0.0,0.0,1.107,1.107,1.1067
1331,0.0,0.0007,0.0007,0.0001,0.0,1.0,0.0,0.9736,0.0,0.0,0.0,0.0,0.9736,0.9736,0.9693
1332,0.0,0.0004,0.0004,0.0001,0.0,1.0,0.0,1.077,0.0,0.0,0.0,0.0,1.077,1.077,1.0742
1333,0.0,0.0007,0.0007,0.0001,0.0,1.0,0.0,1.1125,0.0,0.0,0.0,0.0,1.1124999999999998,1.1124999999999998,1.1121
1334,0.0,0.0005,0.0005,0.0001,0.0,1.0,0.0,1.0768,0.0,0.0,0.0,0.0,1.0768,1.0768,1.0779
1335,0.0,0.0004,0.0004,0.0001,0.0,1.0,0.0,1.3408,0.0,0.0,0.0,0.0,1.3407999999999998,1.3407999999999998,1.3442
1336,0.0,0.0005,0.0005,0.0001,0.0,1.0,0.0,1.1339,0.0,0.0,0.0,0.0,1.1339000000000001,1.1339000000000001,1.1344
1337,0.0,0.0003,0.0003,0.0001,0.0,1.0,0.0,0.7653,0.0,0.0,0.0,0.0,0.7653,0.7653,0.7695
1338,0.0,0.0005,0.0005,0.0001,0.0,1.0,0.0,1.275,0.0,0.0,0.0,0.0,1.2750000000000001,1.2750000000000001,1.275
1339,0.0,0.0005,0.0005,0.0001,0.0,1.0,0.0,0.9441,0.0,0.0,0.0,0.0,0.9440999999999999,0.9440999999999999,0.9437
1340,0.0,0.0008,0.0008,0.0002,0.0,1.0,0.0,1.184,0.0,0.0,0.0,0.0,1.1840000000000002,1.1840000000000002,1.1822
1341,0.0,0.0009,0.0009,0.0002,0.0,1.0,0.0,1.3725,0.0,0.0,0.0,0.0,1.3725,1.3725,1.3729
1342,0.0,0.0005,0.0005,0.0001,0.0,1.0,0.0,1.2262,0.0,0.0,0.0,0.0,1.2262,1.2262,1.2261
1343,0.0,0.0004,0.0004,0.0001,0.0,1.0,0.0,1.2289,0.0,0.0,0.0,0.0,1.2288999999999999,1.2288999999999999,1.2318
1344,0.0,0.001,0.001,0.0002,0.0,1.0,0.0,1.2218,0.0,0.0,0.0,0.0,1.2218,1.2218,1.2208
1345,0.0,0.0008,0.0008,0.0001,0.0,1.0,0.0,1.5901,0.0,0.0,0.0,0.0,1.5901,1.5901,1.5929
1346,0.0,0.001,0.001,0.0002,0.0,1.0,0.0,1.3616,0.0,0.0,0.0,0.0,1.3616000000000001,1.3616000000000001,1.3643
1347,0.0,0.0005,0.0005,0.0001,0.0,1.0,0.0,1.1497,0.0,0.0,0.0,0.0,1.1497,1.1497,1.148
1348,0.0,0.0005,0.0005,0.0001,0.0,1.0,0.0,1.2093,0.0,0.0,0.0,0.0,1.2093,1.2093,1.2054
1349,0.0,0.0006,0.0006,0.0001,0.0,1.0,0.0,1.308,0.0,0.0,0.0,0.0,1.3079999999999998,1.3079999999999998,1.3079
1350,0.0,0.0009,0.0009,0.0002,0.0,1.0,0.0,1.4645,0.0,0.0,0.0,0.0,1.4645000000000001,1.4645000000000001,1.4618
1351,0.0,0.0005,0.0005,0.0001,0.0,1.0,0.0,1.2838,0.0,0.0,0.0,0.0,1.2838,1.2838,1.2789
1352,0.0,0.0008,0.0008,0.0001,0.0,1.0,0.0,1.651,0.0,0.0,0.0,0.0,1.651,1.651,1.6509
1353,0.0,0.0003,0.0003,0.0001,0.0,1.0,0.0,0.8556,0.0,0.0,0.0,0.0,0.8556,0.8556,0.8593
1354,0.0,0.0008,0.0008,0.0002,0.0,1.0,0.0,1.2437,0.0,0.0,0.0,0.0,1.2437,1.2437,1.2439
1355,0.0,0.0007,0.0007,0.0001,0.0,1.0,0.0,1.1838,0.0,0.0,0.0,0.0,1.1838,1.1838,1.1836
1356,0.0,0.0006,0.0006,0.0001,0.0,1.0,0.0,0.8186,0.0,0.0,0.0,0.0,0.8186,0.8186,0.8199
1357,0.0,0.0005,0.0005,0.0001,0.0,1.0,0.0,1.0001,0.0,0.0,0.0,0.0,1.0001,1.0001,1.0013
1358,0.0,0.0005,0.0005,0.0001,0.0,1.0,0.0,0.781,0.0,0.0,0.0,0.0,0.781,0.781,0.7851
1359,0.0,0.0004,0.0004,0.0001,0.0,1.0,0.0,1.3598,0.0,0.0,0.0,0.0,1.3598,1.3598,1.3602
1360,0.0,0.0008,0.0008,0.0002,0.0,1.0,0.0,1.0851,0.0,0.0,0.0,0.0,1.0851,1.0851,1.0818
1361,0.0,0.0008,0.0008,0.0001,0.0,1.0,0.0,1.3339,0.0,0.0,0.0,0.0,1.3338999999999999,1.3338999999999999,1.3344
1362,0.0,0.0006,0.0006,0.0001,0.0,1.0,0.0,0.9424,0.0,0.0,0.0,0.0,0.9423999999999999,0.9423999999999999,0.9451
1363,0.0,0.0005,0.0005,0.0001,0.0,1.0,0.0,1.3586,0.0,0.0,0.0,0.0,1.3586,1.3586,1.3612
1364,0.0,0.0009,0.0009,0.0002,0.0,1.0,0.0,1.5256,0.0,0.0,0.0,0.0,1.5256,1.5256,1.5276
1365,0.0,0.0007,0.0007,0.0001,0.0,1.0,0.0,1.2007,0.0,0.0,0.0,0.0,1.2006999999999999,1.2006999999999999,1.2012
1366,0.0,0.0004,0.0004,0.0001,0.0,1.0,0.0,0.9296,0.0,0.0,0.0,0.0,0.9296,0.9296,0.9267
1367,0.0,0.0004,0.0004,0.0001,0.0,1.0,0.0,0.9736,0.0,0.0,0.0,0.0,0.9735999999999999,0.9735999999999999,0.9751
1368,0.0,0.0006,0.0006,0.0001,0.0,1.0,0.0,1.1622,0.0,0.0,0.0,0.0,1.1622,1.1622,1.1655
1369,0.0,0.0005,0.0005,0.0001,0.0,1.0,0.0,1.3379,0.0,0.0,0.0,0.0,1.3379,1.3379,1.3403
1370,0.0,0.0006,0.0006,0.0001,0.0,1.0,0.0,1.1311,0.0,0.0,0.0,0.0,1.1311,1.1311,1.1309
1371,0.0,0.0005,0.0005,0.0001,0.0,1.0,0.0,1.1553,0.0,0.0,0.0,0.0,1.1553,1.1553,1.1509
1372,0.0,0.0007,0.0007,0.0001,0.0,1.0,0.0,1.126,0.0,0.0,0.0,0.0,1.126,1.126,1.1298
1373,0.0,0.0003,0.0003,0.0001,0.0,1.0,0.0,1.0999,0.0,0.0,0.0,0.0,1.0999,1.0999,1.0986
1374,0.0,0.0008,0.0008,0.0001,0.0,1.0,0.0,1.5327,0.0,0.0,0.0,0.0,1.5327,1.5327,1.5284
1375,0.0,0.0005,0.0005,0.0001,0.0,1.0,0.0,1.1624,0.0,0.0,0.0,0.0,1.1623999999999999,1.1623999999999999,1.1577
1376,0.0,0.0007,0.0007,0.0001,0.0,1.0,0.0,1.2965,0.0,0.0,0.0,0.0,1.2965,1.2965,1.2968
1377,0.0,0.0004,0.0004,0.0001,0.0,1.0,0.0,1.3368,0.0,0.0,0.0,0.0,1.3368,1.3368,1.3365
1378,0.0,0.0006,0.0006,0.0001,0.0,1.0,0.0,1.2766,0.0,0.0,0.0,0.0,1.2766,1.2766,1.2794
1379,0.0,0.0008,0.0008,0.0001,0.0,1.0,0.0,1.4381,0.0,0.0,0.0,0.0,1.4381,1.4381,1.4341
1380,0.0,0.0007,0.0007,0.0001,0.0,1.0,0.0,1.0573,0.0,0.0,0.0,0.0,1.0573,1.0573,1.0537
1381,0.0,0.0008,0.0008,0.0002,0.0,1.0,0.0,1.3282,0.0,0.0,0.0,0.0,1.3282,1.3282,1.3315
1382,0.0,0.0004,0.0004,0.0001,0.0,1.0,0.0,1.3261,0.0,0.0,0.0,0.0,1.3260999999999998,1.3260999999999998,1.3238
1383,0.0,0.0004,0.0004,0.0001,0.0,1.0,0.0,1.1281,0.0,0.0,0.0,0.0,1.1280999999999999,1.1280999999999999,1.1329
1384,0.0,0.0004,0.0004,0.0001,0.0,1.0,0.0,0.9856,0.0,0.0,0.0,0.0,0.9856,0.9856,0.9856
1385,0.0,0.0005,0.0005,0.0001,0.0,1.0,0.0,0.9711,0.0,0.0,0.0,0.0,0.9711000000000001,0.9711000000000001,0.9695
1386,0.0,0.0005,0.0005,0.0001,0.0,1.0,0.0,0.8654,0.0,0.0,0.0,0.0,0.8654,0.8654,0.861
1387,0.0,0.0003,0.0003,0.0001,0.0,1.0,0.0,1.0288,0.0,0.0,0.0,0.0,1.0288,1.0288,1.0253
1388,0.0,0.0004,0.0004,0.0001,0.0,1.0,0.0,1.1267,0.0,0.0,0.0,0.0,1.1267,1.1267,1.1275
1389,0.0,0.0003,0.0003,0.0001,0.0,1.0,0.0,1.4197,0.0,0.0,0.0,0.0,1.4197,1.4197,1.4213
1390,0.0,0.0004,0.0004,0.0001,0.0,1.0,0.0,1.0573,0.0,0.0,0.0,0.0,1.0573000000000001,1.0573000000000001,1.0622
1391,0.0,0.0005,0.0005,0.0001,0.0,1.0,0.0,1.2762,0.0,0.0,0.0,0.0,1.2762,1.2762,1.2751
1392,0.0,0.0008,0.0008,0.0002,0.0,1.0,0.0,1.4361,0.0,0.0,0.0,0.0,1.4361000000000002,1.4361000000000002,1.4343
1393,0.0,0.0003,0.0003,0.0001,0.0,1.0,0.0,1.1579,0.0,0.0,0.0,0.0,1.1579,1.1579,1.1617
1394,0.0,0.0005,0.0005,0.0001,0.0,1.0,0.0,1.0905,0.0,0.0,0.0,0.0,1.0905,1.0905,1.0865
1395,0.0,0.0003,0.0003,0.0001,0.0,1.0,0.0,1.1001,0.0,0.0,0.0,0.0,1.1001,1.1001,1.0991
1396,0.0,0.0011,0.0011,0.0002,0.0,1.0,0.0,1.6371,0.0,0.0,0.0,0.0,1.6371,1.6371,1.6369
1397,0.0,0.0006,0.0006,0.0001,0.0,1.0,0.0,1.0688,0.0,0.0,0.0,0.0,1.0688,1.0688,1.0666
1398,0.0,0.0009,0.0009,0.0002,0.0,1.0,0.0,1.3582,0.0,0.0,0.0,0.0,1.3581999999999999,1.3581999999999999,1.3556
1399,0.0,0.0011,0.0011,0.0002,0.0,1.0,0.0,1.3426,0.0,0.0,0.0,0.0,1.3426,1.3426,1.34
1400,0.0,0.0011,0.0011,0.0002,0.0,1.0,0.0,1.5032,0.0,0.0,0.0,0.0,1.5031999999999999,1.5031999999999999,1.508
1401,0.0,0.0008,0.0008,0.0001,0.0,1.0,0.0,1.261,0.0,0.0,0.0,0.0,1.2610000000000001,1.2610000000000001,1.2636
1402,0.0,0.0005,0.0005,0.0001,0.0,1.0,0.0,1.2844,0.0,0.0,0.0,0.0,1.2844,1.2844,1.2834
1403,0.0,0.0005,0.0005,0.0001,0.0,1.0,0.0,0.8846,0.0,0.0,0.0,0.0,0.8846,0.8846,0.8838
1404,0.0,0.0004,0.0004,0.0001,0.0,1.0,0.0,1.1783,0.0,0.0,0.0,0.0,1.1783,1.1783,1.1817
1405,0.0,0.0008,0.0008,0.0001,0.0,1.0,0.0,1.0712,0.0,0.0,0.0,0.0,1.0712000000000002,1.0712000000000002,1.0731
1406,0.0,0.0005,0.0005,0.0001,0.0,1.0,0.0,1.2917,0.0,0.0,0.0,0.0,1.2917,1.2917,1.2938
1407,0.0,0.0004,0.0004,0.0001,0.0,1.0,0.0,1.3285,0.0,0.0,0.0,0.0,1.3285,1.3285,1.3322
1408,0.0,0.0007,0.0007,0.0001,0.0,1.0,0.0,1.2136,0.0,0.0,0.0,0.0,1.2136,1.2136,1.2091
1409,0.0,0.0008,0.0008,0.0001,0.0,1.0,0.0,1.5533,0.0,0.0,0.0,0.0,1.5533000000000001,1.5533000000000001,1.5501
1410,0.0,0.0007,0.0007,0.0001,0.0,1.0,0.0,1.4844,0.0,0.0,0.0,0.0,1.4844,1.4844,1.4844
1411,0.0,0.0004,0.0004,0.0001,0.0,1.0,0.0,0.9984,0.0,0.0,0.0,0.0,0.9984,0.9984,0.994
1412,0.0,0.0005,0.0005,0.0001,0.0,1.0,0.0,1.2267,0.0,0.0,0.0,0.0,1.2267000000000001,1.2267000000000001,1.2265
1413,0.0,0.0006,0.0006,0.0001,0.0,1.0,0.0,0.9976,0.0,0.0,0.0,0.0,0.9976,0.9976,0.9994
1414,0.0,0.0004,0.0004,0.0001,0.0,1.0,0.0,0.8652,0.0,0.0,0.0,0.0,0.8652,0.8652,0.8612
1415,0.0,0.0004,0.0004,0.0001,0.0,1.0,0.0,1.0671,0.0,0.0,0.0,0.0,1.0671,1.0671,1.065
1416,0.0,0.0004,0.0004,0.0001,0.0,1.0,0.0,1.0413,0.0,0.0,0.0,0.0,1.0413,1.0413,1.0389
1417,0.0,0.0004,0.0004,0.0001,0.0,1.0,0.0,1.1324,0.0,0.0,0.0,0.0,1.1324,1.1324,1.1298
1418,0.0,0.0007,0.0007,0.0001,0.0,1.0,0.0,1.1757,0.0,0.0,0.0,0.0,1.1757,1.1757,1.1797
1419,0.0,0.0007,0.0007,0.0001,0.0,1.0,0.0,1.369,0.0,0.0,0.0,0.0,1.369,1.369,1.3679
1420,0.0,0.0011,0.0011,0.0002,0.0,1.0,0.0,1.5421,0.0,0.0,0.0,0.0,1.5421,1.5421,1.5456
1421,0.0,0.0006,0.0006,0.0001,0.0,1.0,0.0,1.2932,0.0,0.0,0.0,0.0,1.2932000000000001,1.2932000000000001,1.2942
1422,0.0,0.0006,0.0006,0.0001,0.0,1.0,0.0,0.8956,0.0,0.0,0.0,0.0,0.8956,0.8956,0.899
1423,0.0,0.0007,0.0007,0.0001,0.0,1.0,0.0,1.1267,0.0,0.0,0.0,0.0,1.1267,1.1267,1.1309
1424,0.0,0.0008,0.0008,0.0001,0.0,1.0,0.0,1.4393,0.0,0.0,0.0,0.0,1.4393000000000002,1.4393000000000002,1.4389
1425,0.0,0.0011,0.0011,0.0002,0.0,1.0,0.0,1.5618,0.0,0.0,0.0,0.0,1.5618,1.5618,1.5631
1426,0.0,0.0005,0.0005,0.0001,0.0,1.0,0.0,1.1099,0.0,0.0,0.0,0.0,1.1099,1.1099,1.1055
1427,0.0,0.0006,0.0006,0.0001,0.0,1.0,0.0,0.9744,0.0,0.0,0.0,0.0,0.9743999999999999,0.9743999999999999,0.9719
1428,0.0,0.0006,0.0006,0.0001,0.0,1.0,0.0,1.0866,0.0,0.0,0.0,0.0,1.0866,1.0866,1.0855
1429,0.0,0.0005,0.0005,0.0001,0.0,1.0,0.0,1.0377,0.0,0.0,0.0,0.0,1.0377,1.0377,1.0391
1430,0.0,0.001,0.001,0.0002,0.0,1.0,0.0,1.2695,0.0,0.0,0.0,0.0,1.2695,1.2695,1.2716
1431,0.0,0.001,0.001,0.0002,0.0,1.0,0.0,1.4931,0.0,0.0,0.0,0.0,1.4931,1.4931,1.4892
1432,0.0,0.0006,0.0006,0.0001,0.0,1.0,0.0,1.2425,0.0,0.0,0.0,0.0,1.2425,1.2425,1.2386
1433,0.0,0.0004,0.0004,0.0001,0.0,1.0,0.0,1.0621,0.0,0.0,0.0,0.0,1.0621,1.0621,1.0665
1434,0.0,0.0003,0.0003,0.0001,0.0,1.0,0.0,0.9819,0.0,0.0,0.0,0.0,0.9819,0.9819,0.9802
1435,0.0,0.0006,0.0006,0.0001,0.0,1.0,0.0,1.0448,0.0,0.0,0.0,0.0,1.0448,1.0448,1.0406
1436,0.0,0.0011,0.0011,0.0002,0.0,1.0,0.0,1.1527,0.0,0.0,0.0,0.0,1.1527,1.1527,1.1542
1437,0.0,0.0003,0.0003,0.0001,0.0,1.0,0.0,1.009,0.0,0.0,0.0,0.0,1.009,1.009,1.009
1438,0.0,0.0008,0.0008,0.0001,0.0,1.0,0.0,1.4536,0.0,0.0,0.0,0.0,1.4536,1.4536,1.4539
1439,0.0,0.0005,0.0005,0.0001,0.0,1.0,0.0,1.1438,0.0,0.0,0.0,0.0,1.1438,1.1438,1.1441
1440,0.0,0.0003,0.0003,0.0001,0.0,1.0,0.0,0.9871,0.0,0.0,0.0,0.0,0.9871000000000001,0.9871000000000001,0.9911
1441,0.0,0.0005,0.0005,0.0001,0.0,1.0,0.0,1.4361,0.0,0.0,0.0,0.0,1.4361000000000002,1.4361000000000002,1.4329
1442,0.0,0.0005,0.0005,0.0001,0.0,1.0,0.0,1.1979,0.0,0.0,0.0,0.0,1.1979,1.1979,1.2017
1443,0.0,0.0006,0.0006,0.0001,0.0,1.0,0.0,0.9183,0.0,0.0,0.0,0.0,0.9182999999999999,0.9182999999999999,0.9228
1444,0.0,0.0008,0.0008,0.0001,0.0,1.0,0.0,1.7612,0.0,0.0,0.0,0.0,1.7612,1.7612,1.7651
1445,0.0,0.0006,0.0006,0.0001,0.0,1.0,0.0,1.4436,0.0,0.0,0.0,0.0,1.4436,1.4436,1.4412
1446,0.0,0.0007,0.0007,0.0001,0.0,1.0,0.0,1.5342,0.0,0.0,0.0,0.0,1.5342,1.5342,1.531
1447,0.0,0.0007,0.0007,0.0001,0.0,1.0,0.0,1.3079,0.0,0.0,0.0,0.0,1.3079,1.3079,1.3067
1448,0.0,0.0007,0.0007,0.0001,0.0,1.0,0.0,1.1113,0.0,0.0,0.0,0.0,1.1113,1.1113,1.1065
1449,0.0,0.0008,0.0008,0.0001,0.0,1.0,0.0,1.4605,0.0,0.0,0.0,0.0,1.4605000000000001,1.4605000000000001,1.4571
1450,0.0,0.0007,0.0007,0.0001,0.0,1.0,0.0,1.0791,0.0,0.0,0.0,0.0,1.0791,1.0791,1.0808
1451,0.0,0.0005,0.0005,0.0001,0.0,1.0,0.0,1.3449,0.0,0.0,0.0,0.0,1.3449,1.3449,1.3459
1452,0.0,0.0007,0.0007,0.0001,0.0,1.0,0.0,1.1575,0.0,0.0,0.0,0.0,1.1575,1.1575,1.1558
1453,0.0,0.0006,0.0006,0.0001,0.0,1.0,0.0,1.5032,0.0,0.0,0.0,0.0,1.5031999999999999,1.5031999999999999,1.5007
1454,0.0,0.0006,0.0006,0.0001,0.0,1.0,0.0,1.0919,0.0,0.0,0.0,0.0,1.0919,1.0919,1.0878
1455,0.0,0.0004,0.0004,0.0001,0.0,1.0,0.0,0.9725,0.0,0.0,0.0,0.0,0.9724999999999999,0.9724999999999999,0.9704
1456,0.0,0.0006,0.0006,0.0001,0.0,1.0,0.0,1.1685,0.0,0.0,0.0,0.0,1.1684999999999999,1.1684999999999999,1.1645
1457,0.0,0.0008,0.0008,0.0001,0.0,1.0,0.0,1.385,0.0,0.0,0.0,0.0,1.385,1.385,1.389
1458,0.0,0.0005,0.0005,0.0001,0.0,1.0,0.0,1.1881,0.0,0.0,0.0,0.0,1.1881,1.1881,1.1841
1459,0.0,0.0009,0.0009,0.0002,0.0,1.0,0.0,1.2915,0.0,0.0,0.0,0.0,1.2914999999999999,1.2914999999999999,1.2924
1460,0.0,0.0007,0.0007,0.0001,0.0,1.0,0.0,1.463,0.0,0.0,0.0,0.0,1.463,1.463,1.461
1461,0.0,0.0005,0.0005,0.0001,0.0,1.0,0.0,0.8375,0.0,0.0,0.0,0.0,0.8375,0.8375,0.8424
1462,0.0,0.0007,0.0007,0.0001,0.0,1.0,0.0,1.4717,0.0,0.0,0.0,0.0,1.4717,1.4717,1.4689
1463,0.0,0.0007,0.0007,0.0001,0.0,1.0,0.0,1.37,0.0,0.0,0.0,0.0,1.37,1.37,1.3734
1464,0.0,0.0007,0.0007,0.0001,0.0,1.0,0.0,1.4703,0.0,0.0,0.0,0.0,1.4703,1.4703,1.4656
1465,0.0,0.001,0.001,0.0002,0.0,1.0,0.0,1.6239,0.0,0.0,0.0,0.0,1.6239,1.6239,1.621
1466,0.0,0.0007,0.0007,0.0001,0.0,1.0,0.0,1.2463,0.0,0.0,0.0,0.0,1.2463,1.2463,1.2502
1467,0.0,0.0006,0.0006,0.0001,0.0,1.0,0.0,1.2367,0.0,0.0,0.0,0.0,1.2367,1.2367,1.2382
1468,0.0,0.0005,0.0005,0.0001,0.0,1.0,0.0,1.0417,0.0,0.0,0.0,0.0,1.0417,1.0417,1.0377
1469,0.0,0.0004,0.0004,0.0001,0.0,1.0,0.0,1.271,0.0,0.0,0.0,0.0,1.271,1.271,1.2749
1470,0.0,0.0005,0.0005,0.0001,0.0,1.0,0.0,1.2609,0.0,0.0,0.0,0.0,1.2609,1.2609,1.2624
1471,0.0,0.0011,0.0011,0.0002,0.0,1.0,0.0,1.3092,0.0,0.0,0.0,0.0,1.3092,1.3092,1.309
1472,0.0,0.0007,0.0007,0.0001,0.0,1.0,0.0,1.132,0.0,0.0,0.0,0.0,1.1320000000000001,1.1320000000000001,1.1338
1473,0.0,0.0004,0.0004,0.0001,0.0,1.0,0.0,0.9984,0.0,0.0,0.0,0.0,0.9984,0.9984,1.0006
1474,0.0,0.0008,0.0008,0.0001,0.0,1.0,0.0,1.3022,0.0,0.0,0.0,0.0,1.3022,1.3022,1.3032
1475,0.0,0.0008,0.0008,0.0001,0.0,1.0,0.0,1.1004,0.0,0.0,0.0,0.0,1.1004,1.1004,1.0982
1476,0.0,0.0005,0.0005,0.0001,0.0,1.0,0.0,1.2812,0.0,0.0,0.0,0.0,1.2812,1.2812,1.2795
1477,0.0,0.0005,0.0005,0.0001,0.0,1.0,0.0,1.1063,0.0,0.0,0.0,0.0,1.1063,1.1063,1.1089
1478,0.0,0.0008,0.0008,0.0001,0.0,1.0,0.0,1.2024,0.0,0.0,0.0,0.0,1.2024,1.2024,1.1998
1479,0.0,0.0005,0.0005,0.0001,0.0,1.0,0.0,1.0345,0.0,0.0,0.0,0.0,1.0345,1.0345,1.0326
1480,0.0,0.0008,0.0008,0.0001,0.0,1.0,0.0,1.3674,0.0,0.0,0.0,0.0,1.3674,1.3674,1.3646
1481,0.0,0.001,0.001,0.0002,0.0,1.0,0.0,1.0576,0.0,0.0,0.0,0.0,1.0575999999999999,1.0575999999999999,1.0619
1482,0.0,0.0006,0.0006,0.0001,0.0,1.0,0.0,0.9282,0.0,0.0,0.0,0.0,0.9281999999999999,0.9281999999999999,0.9284
1483,0.0,0.0004,0.0004,0.0001,0.0,1.0,0.0,1.0797,0.0,0.0,0.0,0.0,1.0796999999999999,1.0796999999999999,1.0783
1484,0.0,0.0008,0.0008,0.0001,0.0,1.0,0.0,1.1303,0.0,0.0,0.0,0.0,1.1303,1.1303,1.1277
1485,0.0,0.0004,0.0004,0.0001,0.0,1.0,0.0,1.1185,0.0,0.0,0.0,0.0,1.1184999999999998,1.1184999999999998,1.1218
1486,0.0,0.0011,0.0011,0.0002,0.0,1.0,0.0,1.4092,0.0,0.0,0.0,0.0,1.4092,1.4092,1.4053
1487,0.0,0.0006,0.0006,0.0001,0.0,1.0,0.0,1.1637,0.0,0.0,0.0,0.0,1.1637,1.1637,1.1674
1488,0.0,0.0005,0.0005,0.0001,0.0,1.0,0.0,1.4407,0.0,0.0,0.0,0.0,1.4407,1.4407,1.4444
1489,0.0,0.0007,0.0007,0.0001,0.0,1.0,0.0,1.3409,0.0,0.0,0.0,0.0,1.3409,1.3409,1.3371
1490,0.0,0.0007,0.0007,0.0001,0.0,1.0,0.0,1.2127,0.0,0.0,0.0,0.0,1.2127000000000001,1.2127000000000001,1.2123
1491,0.0,0.0005,0.0005,0.0001,0.0,1.0,0.0,1.567,0.0,0.0,0.0,0.0,1.567,1.567,1.5637
1492,0.0,0.0008,0.0008,0.0001,0.0,1.0,0.0,1.43,0.0,0.0,0.0,0.0,1.43,1.43,1.4293
1493,0.0,0.0004,0.0004,0.0001,0.0,1.0,0.0,0.9431,0.0,0.0,0.0,0.0,0.9431,0.9431,0.946
1494,0.0,0.0007,0.0007,0.0001,0.0,1.0,0.0,1.0541,0.0,0.0,0.0,0.0,1.0541,1.0541,1.0494
1495,0.0,0.0005,0.0005,0.0001,0.0,1.0,0.0,1.2805,0.0,0.0,0.0,0.0,1.2805,1.2805,1.2755
1496,0.0,0.0005,0.0005,0.0001,0.0,1.0,0.0,1.154,0.0,0.0,0.0,0.0,1.154,1.154,1.1495
1497,0.0,0.0004,0.0004,0.0001,0.0,1.0,0.0,0.9366,0.0,0.0,0.0,0.0,0.9366000000000001,0.9366000000000001,0.9317
1498,0.0,0.0005,0.0005,0.0001,0.0,1.0,0.0,1.0083,0.0,0.0,0.0,0.0,1.0083,1.0083,1.0117
1499,0.0,0.0004,0.0004,0.0001,0.0,1.0,0.0,1.229,0.0,0.0,0.0,0.0,1.229,1.229,1.2299
1500,0.0,0.0009,0.0009,0.0002,0.0,1.0,0.0,1.3803,0.0,0.0,0.0,0.0,1.3802999999999999,1.3802999999999999,1.3817
1501,0.0,0.0008,0.0008,0.0001,0.0,1.0,0.0,1.6878,0.0,0.0,0.0,0.0,1.6878,1.6878,1.6843
1502,0.0,0.0008,0.0008,0.0001,0.0,1.0,0.0,1.2601,0.0,0.0,0.0,0.0,1.2601,1.2601,1.2566
1503,0.0,0.0007,0.0007,0.0001,0.0,1.0,0.0,1.1606,0.0,0.0,0.0,0.0,1.1606,1.1606,1.1653
1504,0.0,0.0007,0.0007,0.0001,0.0,1.0,0.0,1.3205,0.0,0.0,0.0,0.0,1.3205,1.3205,1.3238
1505,0.0,0.0007,0.0007,0.0001,0.0,1.0,0.0,1.3016,0.0,0.0,0.0,0.0,1.3016,1.3016,1.2992
1506,0.0,0.0007,0.0007,0.0001,0.0,1.0,0.0,1.294,0.0,0.0,0.0,0.0,1.294,1.294,1.2902
1507,0.0,0.0007,0.0007,0.0001,0.0,1.0,0.0,1.3822,0.0,0.0,0.0,0.0,1.3822,1.3822,1.3841
1508,0.0,0.0003,0.0003,0.0001,0.0,1.0,0.0,0.9887,0.0,0.0,0.0,0.0,0.9887,0.9887,0.9928
1509,0.0,0.0006,0.0006,0.0001,0.0,1.0,0.0,1.4232,0.0,0.0,0.0,0.0,1.4232,1.4232,1.4243
1510,0.0,0.0006,0.0006,0.0001,0.0,1.0,0.0,1.5402,0.0,0.0,0.0,0.0,1.5402,1.5402,1.5413
1511,0.0,0.0006,0.0006,0.0001,0.0,1.0,0.0,1.284,0.0,0.0,0.0,0.0,1.284,1.284,1.2882
1512,0.0,0.0008,0.0008,0.0001,0.0,1.0,0.0,1.701,0.0,0.0,0.0,0.0,1.701,1.701,1.7044
1513,0.0,0.0009,0.0009,0.0002,0.0,1.0,0.0,1.0587,0.0,0.0,0.0,0.0,1.0587,1.0587,1.054
1514,0.0,0.0004,0.0004,0.0001,0.0,1.0,0.0,1.0769,0.0,0.0,0.0,0.0,1.0769,1.0769,1.0773
1515,0.0,0.0008,0.0008,0.0002,0.0,1.0,0.0,1.5154,0.0,0.0,0.0,0.0,1.5153999999999999,1.5153999999999999,1.518
1516,0.0,0.0009,0.0009,0.0002,0.0,1.0,0.0,1.3107,0.0,0.0,0.0,0.0,1.3107,1.3107,1.3086
1517,0.0,0.0006,0.0006,0.0001,0.0,1.0,0.0,0.9906,0.0,0.0,0.0,0.0,0.9905999999999999,0.9905999999999999,0.9871
1518,0.0,0.0006,0.0006,0.0001,0.0,1.0,0.0,1.2141,0.0,0.0,0.0,0.0,1.2141000000000002,1.2141000000000002,1.2189
1519,0.0,0.0006,0.0006,0.0001,0.0,1.0,0.0,1.0929,0.0,0.0,0.0,0.0,1.0929,1.0929,1.0965
1520,0.0,0.0005,0.0005,0.0001,0.0,1.0,0.0,1.2183,0.0,0.0,0.0,0.0,1.2183,1.2183,1.2142
1521,0.0,0.0008,0.0008,0.0001,0.0,1.0,0.0,1.553,0.0,0.0,0.0,0.0,1.553,1.553,1.5549
1522,0.0,0.0008,0.0008,0.0001,0.0,1.0,0.0,0.8985,0.0,0.0,0.0,0.0,0.8985,0.8985,0.8945
1523,0.0,0.0008,0.0008,0.0001,0.0,1.0,0.0,1.3913,0.0,0.0,0.0,0.0,1.3913,1.3913,1.3911
1524,0.0,0.001,0.001,0.0002,0.0,1.0,0.0,1.6846,0.0,0.0,0.0,0.0,1.6846,1.6846,1.6877
1525,0.0,0.0004,0.0004,0.0001,0.0,1.0,0.0,0.9271,0.0,0.0,0.0,0.0,0.9271,0.9271,0.9306
1526,0.0,0.0006,0.0006,0.0001,0.0,1.0,0.0,1.4528,0.0,0.0,0.0,0.0,1.4528,1.4528,1.4559
1527,0.0,0.0008,0.0008,0.0001,0.0,1.0,0.0,1.4419,0.0,0.0,0.0,0.0,1.4419,1.4419,1.4432
1528,0.0,0.0004,0.0004,0.0001,0.0,1.0,0.0,1.0088,0.0,0.0,0.0,0.0,1.0088,1.0088,1.004
1529,0.0,0.0007,0.0007,0.0001,0.0,1.0,0.0,1.3928,0.0,0.0,0.0,0.0,1.3928,1.3928,1.3905
1530,0.0,0.0006,0.0006,0.0001,0.0,1.0,0.0,1.2432,0.0,0.0,0.0,0.0,1.2431999999999999,1.2431999999999999,1.2425
1531,0.0,0.0006,0.0006,0.0001,0.0,1.0,0.0,1.0798,0.0,0.0,0.0,0.0,1.0797999999999999,1.0797999999999999,1.0818
1532,0.0,0.0004,0.0004,0.0001,0.0,1.0,0.0,0.7949,0.0,0.0,0.0,0.0,0.7948999999999999,0.7948999999999999,0.7953
1533,0.0,0.0007,0.0007,0.0001,0.0,1.0,0.0,1.4305,0.0,0.0,0.0,0.0,1.4304999999999999,1.4304999999999999,1.4275
1534,0.0,0.001,0.001,0.0002,0.0,1.0,0.0,1.5539,0.0,0.0,0.0,0.0,1.5539,1.5539,1.5507
1535,0.0,0.0004,0.0004,0.0001,0.0,1.0,0.0,0.9919,0.0,0.0,0.0,0.0,0.9919000000000001,0.9919000000000001,0.9899
1536,0.0,0.0006,0.0006,0.0001,0.0,1.0,0.0,1.3018,0.0,0.0,0.0,0.0,1.3018,1.3018,1.3029
1537,0.0,0.0009,0.0009,0.0002,0.0,1.0,0.0,1.4557,0.0,0.0,0.0,0.0,1.4557,1.4557,1.453
1538,0.0,0.0007,0.0007,0.0001,0.0,1.0,0.0,1.2692,0.0,0.0,0.0,0.0,1.2691999999999999,1.2691999999999999,1.2712
1539,0.0,0.0008,0.0008,0.0001,0.0,1.0,0.0,1.3061,0.0,0.0,0.0,0.0,1.3060999999999998,1.3060999999999998,1.3032
1540,0.0,0.0004,0.0004,0.0001,0.0,1.0,0.0,0.7389,0.0,0.0,0.0,0.0,0.7389000000000001,0.7389000000000001,0.7434
1541,0.0,0.0005,0.0005,0.0001,0.0,1.0,0.0,1.1254,0.0,0.0,0.0,0.0,1.1254,1.1254,1.1225
1542,0.0,0.0011,0.0011,0.0002,0.0,1.0,0.0,1.3485,0.0,0.0,0.0,0.0,1.3485,1.3485,1.352
1543,0.0,0.0006,0.0006,0.0001,0.0,1.0,0.0,1.4754,0.0,0.0,0.0,0.0,1.4754,1.4754,1.4711
1544,0.0,0.0005,0.0005,0.0001,0.0,1.0,0.0,1.183,0.0,0.0,0.0,0.0,1.1829999999999998,1.1829999999999998,1.1873
1545,0.0,0.0006,0.0006,0.0001,0.0,1.0,0.0,1.5185,0.0,0.0,0.0,0.0,1.5185,1.5185,1.5141
1546,0.0,0.0004,0.0004,0.0001,0.0,1.0,0.0,1.028,0.0,0.0,0.0,0.0,1.028,1.028,1.0291
1547,0.0,0.0005,0.0005,0.0001,0.0,1.0,0.0,1.1666,0.0,0.0,0.0,0.0,1.1665999999999999,1.1665999999999999,1.1626
1548,0.0,0.0004,0.0004,0.0001,0.0,1.0,0.0,1.3273,0.0,0.0,0.0,0.0,1.3273,1.3273,1.3286
1549,0.0,0.0006,0.0006,0.0001,0.0,1.0,0.0,1.2596,0.0,0.0,0.0,0.0,1.2596,1.2596,1.2619
1550,0.0,0.0007,0.0007,0.0001,0.0,1.0,0.0,1.3651,0.0,0.0,0.0,0.0,1.3651,1.3651,1.3607
1551,0.0,0.0003,0.0003,0.0001,0.0,1.0,0.0,0.728,0.0,0.0,0.0,0.0,0.728,0.728,0.7271
1552,0.0,0.0004,0.0004,0.0001,0.0,1.0,0.0,1.2195,0.0,0.0,0.0,0.0,1.2195,1.2195,1.2182
1553,0.0,0.0011,0.0011,0.0002,0.0,1.0,0.0,1.3891,0.0,0.0,0.0,0.0,1.3891,1.3891,1.3869
1554,0.0,0.0005,0.0005,0.0001,0.0,1.0,0.0,0.9951,0.0,0.0,0.0,0.0,0.9951000000000001,0.9951000000000001,0.9928
1555,0.0,0.0011,0.0011,0.0002,0.0,1.0,0.0,1.3433,0.0,0.0,0.0,0.0,1.3433,1.3433,1.3405
1556,0.0,0.001,0.001,0.0002,0.0,1.0,0.0,1.2026,0.0,0.0,0.0,0.0,1.2026000000000001,1.2026000000000001,1.1978
1557,0.0,0.0007,0.0007,0.0001,0.0,1.0,0.0,1.3172,0.0,0.0,0.0,0.0,1.3172000000000001,1.3172000000000001,1.3153
1558,0.0,0.0008,0.0008,0.0001,0.0,1.0,0.0,0.9922,0.0,0.0,0.0,0.0,0.9922000000000001,0.9922000000000001,0.9965
1559,0.0,0.0005,0.0005,0.0001,0.0,1.0,0.0,1.3967,0.0,0.0,0.0,0.0,1.3967,1.3967,1.3936
1560,0.0,0.0004,0.0004,0.0001,0.0,1.0,0.0,0.9071,0.0,0.0,0.0,0.0,0.9071,0.9071,0.9085
1561,0.0,0.0006,0.0006,0.0001,0.0,1.0,0.0,1.4925,0.0,0.0,0.0,0.0,1.4925,1.4925,1.488
1562,0.0,0.0005,0.0005,0.0001,0.0,1.0,0.0,1.281,0.0,0.0,0.0,0.0,1.2810000000000001,1.2810000000000001,1.2847
1563,0.0,0.0005,0.0005,0.0001,0.0,1.0,0.0,1.3978,0.0,0.0,0.0,0.0,1.3978,1.3978,1.3953
1564,0.0,0.0005,0.0005,0.0001,0.0,1.0,0.0,1.1942,0.0,0.0,0.0,0.0,1.1942,1.1942,1.1913
1565,0.0,0.0011,0.0011,0.0002,0.0,1.0,0.0,1.683,0.0,0.0,0.0,0.0,1.6829999999999998,1.6829999999999998,1.6878
1566,0.0,0.0005,0.0005,0.0001,0.0,1.0,0.0,1.002,0.0,0.0,0.0,0.0,1.002,1.002,1.0055
1567,0.0,0.001,0.001,0.0002,0.0,1.0,0.0,1.2672,0.0,0.0,0.0,0.0,1.2671999999999999,1.2671999999999999,1.2665
1568,0.0,0.0008,0.0008,0.0001,0.0,1.0,0.0,1.523,0.0,0.0,0.0,0.0,1.5230000000000001,1.5230000000000001,1.5266
1569,0.0,0.0005,0.0005,0.0001,0.0,1.0,0.0,1.3243,0.0,0.0,0.0,0.0,1.3243,1.3243,1.3282
1570,0.0,0.0005,0.0005,0.0001,0.0,1.0,0.0,1.4175,0.0,0.0,0.0,0.0,1.4175,1.4175,1.4178
1571,0.0,0.0005,0.0005,0.0001,0.0,1.0,0.0,1.1092,0.0,0.0,0.0,0.0,1.1092,1.1092,1.1106
1572,0.0,0.0006,0.0006,0.0001,0.0,1.0,0.0,1.3321,0.0,0.0,0.0,0.0,1.3321,1.3321,1.33
1573,0.0,0.0004,0.0004,0.0001,0.0,1.0,0.0,1.1996,0.0,0.0,0.0,0.0,1.1996,1.1996,1.1967
1574,0.0,0.0009,0.0009,0.0002,0.0,1.0,0.0,1.1692,0.0,0.0,0.0,0.0,1.1692,1.1692,1.1667
1575,0.0,0.0003,0.0003,0.0001,0.0,1.0,0.0,1.3671,0.0,0.0,0.0,0.0,1.3671,1.3671,1.3673
1576,0.0,0.0008,0.0008,0.0001,0.0,1.0,0.0,1.3462,0.0,0.0,0.0,0.0,1.3462,1.3462,1.3442
1577,0.0,0.0006,0.0006,0.0001,0.0,1.0,0.0,1.3561,0.0,0.0,0.0,0.0,1.3561,1.3561,1.3525
1578,0.0,0.0005,0.0005,0.0001,0.0,1.0,0.0,1.0016,0.0,0.0,0.0,0.0,1.0016,1.0016,1.005
1579,0.0,0.0005,0.0005,0.0001,0.0,1.0,0.0,1.3389,0.0,0.0,0.0,0.0,1.3389,1.3389,1.3414
1580,0.0,0.0007,0.0007,0.0001,0.0,1.0,0.0,1.2661,0.0,0.0,0.0,0.0,1.2661,1.2661,1.2621
1581,0.0,0.001,0.001,0.0002,0.0,1.0,0.0,1.4002,0.0,0.0,0.0,0.0,1.4002000000000001,1.4002000000000001,1.4025
1582,0.0,0.0007,0.0007,0.0001,0.0,1.0,0.0,1.1558,0.0,0.0,0.0,0.0,1.1558,1.1558,1.1576
1583,0.0,0.0006,0.0006,0.0001,0.0,1.0,0.0,0.9958,0.0,0.0,0.0,0.0,0.9958,0.9958,0.9983
1584,0.0,0.0004,0.0004,0.0001,0.0,1.0,0.0,1.0321,0.0,0.0,0.0,0.0,1.0321,1.0321,1.0352
1585,0.0,0.0011,0.0011,0.0002,0.0,1.0,0.0,1.2717,0.0,0.0,0.0,0.0,1.2716999999999998,1.2716999999999998,1.2743
1586,0.0,0.0006,0.0006,0.0001,0.0,1.0,0.0,0.906,0.0,0.0,0.0,0.0,0.9060000000000001,0.9060000000000001,0.9079
1587,0.0,0.0008,0.0008,0.0001,0.0,1.0,0.0,1.566,0.0,0.0,0.0,0.0,1.566,1.566,1.5663
1588,0.0,0.0007,0.0007,0.0001,0.0,1.0,0.0,1.3661,0.0,0.0,0.0,0.0,1.3661,1.3661,1.3664
1589,0.0,0.0004,0.0004,0.0001,0.0,1.0,0.0,0.8841,0.0,0.0,0.0,0.0,0.8841000000000001,0.8841000000000001,0.8808
1590,0.0,0.0008,0.0008,0.0001,0.0,1.0,0.0,1.3854,0.0,0.0,0.0,0.0,1.3854000000000002,1.3854000000000002,1.3832
1591,0.0,0.0005,0.0005,0.0001,0.0,1.0,0.0,1.1005,0.0,0.0,0.0,0.0,1.1005,1.1005,1.0993
1592,0.0,0.0005,0.0005,0.0001,0.0,1.0,0.0,1.4345,0.0,0.0,0.0,0.0,1.4344999999999999,1.4344999999999999,1.4373
1593,0.0,0.0006,0.0006,0.0001,0.0,1.0,0.0,1.3353,0.0,0.0,0.0,0.0,1.3353000000000002,1.3353000000000002,1.335
1594,0.0,0.0006,0.0006,0.0001,0.0,1.0,0.0,1.2126,0.0,0.0,0.0,0.0,1.2126,1.2126,1.2139
1595,0.0,0.0005,0.0005,0.0001,0.0,1.0,0.0,1.5236,0.0,0.0,0.0,0.0,1.5236,1.5236,1.5245
1596,0.0,0.001,0.001,0.0002,0.0,1.0,0.0,1.4031,0.0,0.0,0.0,0.0,1.4031,1.4031,1.405
1597,0.0,0.0011,0.0011,0.0002,0.0,1.0,0.0,1.4217,0.0,0.0,0.0,0.0,1.4217,1.4217,1.4188
1598,0.0,0.0005,0.0005,0.0001,0.0,1.0,0.0,1.3751,0.0,0.0,0.0,0.0,1.3751,1.3751,1.3796
1599,0.0,0.0006,0.0006,0.0001,0.0,1.0,0.0,1.0754,0.0,0.0,0.0,0.0,1.0754000000000001,1.0754000000000001,1.0778
1600,0.0,0.0006,0.0006,0.0001,0.0,1.0,0.0,1.5154,0.0,0.0,0.0,0.0,1.5154,1.5154,1.5192
1601,0.0,0.0005,0.0005,0.0001,0.0,1.0,0.0,1.1059,0.0,0.0,0.0,0.0,1.1059,1.1059,1.107
1602,0.0,0.0005,0.0005,0.0001,0.0,1.0,0.0,1.434,0.0,0.0,0.0,0.0,1.4340000000000002,1.4340000000000002,1.4366
1603,0.0,0.0005,0.0005,0.0001,0.0,1.0,0.0,1.0902,0.0,0.0,0.0,0.0,1.0902,1.0902,1.0893
1604,0.0,0.0005,0.0005,0.0001,0.0,1.0,0.0,1.4655,0.0,0.0,0.0,0.0,1.4655,1.4655,1.466
1605,0.0,0.0007,0.0007,0.0001,0.0,1.0,0.0,1.3612,0.0,0.0,0.0,0.0,1.3612,1.3612,1.3631
1606,0.0,0.0005,0.0005,0.0001,0.0,1.0,0.0,1.4014,0.0,0.0,0.0,0.0,1.4014000000000002,1.4014000000000002,1.3998
1607,0.0,0.0008,0.0008,0.0001,0.0,1.0,0.0,1.4364,0.0,0.0,0.0,0.0,1.4364000000000001,1.4364000000000001,1.4401
1608,0.0,0.0008,0.0008,0.0001,0.0,1.0,0.0,1.3275,0.0,0.0,0.0,0.0,1.3275000000000001,1.3275000000000001,1.3282
1609,0.0,0.0005,0.0005,0.0001,0.0,1.0,0.0,1.1299,0.0,0.0,0.0,0.0,1.1299000000000001,1.1299000000000001,1.1302
1610,0.0,0.0008,0.0008,0.0001,0.0,1.0,0.0,1.3012,0.0,0.0,0.0,0.0,1.3012,1.3012,1.2994
1611,0.0,0.0006,0.0006,0.0001,0.0,1.0,0.0,1.3531,0.0,0.0,0.0,0.0,1.3531,1.3531,1.3551
1612,0.0,0.0004,0.0004,0.0001,0.0,1.0,0.0,0.8206,0.0,0.0,0.0,0.0,0.8206,0.8206,0.8179
1613,0.0,0.0005,0.0005,0.0001,0.0,1.0,0.0,1.1642,0.0,0.0,0.0,0.0,1.1642000000000001,1.1642000000000001,1.1679
1614,0.0,0.0006,0.0006,0.0001,0.0,1.0,0.0,1.3893,0.0,0.0,0.0,0.0,1.3893,1.3893,1.3862
1615,0.0,0.0007,0.0007,0.0001,0.0,1.0,0.0,1.1946,0.0,0.0,0.0,0.0,1.1945999999999999,1.1945999999999999,1.1905
1616,0.0,0.0008,0.0008,0.0001,0.0,1.0,0.0,1.5716,0.0,0.0,0.0,0.0,1.5716,1.5716,1.5732
1617,0.0,0.0003,0.0003,0.0001,0.0,1.0,0.0,0.993,0.0,0.0,0.0,0.0,0.993,0.993,0.9974
1618,0.0,0.0007,0.0007,0.0001,0.0,1.0,0.0,1.2365,0.0,0.0,0.0,0.0,1.2365,1.2365,1.2344
1619,0.0,0.0007,0.0007,0.0001,0.0,1.0,0.0,1.4228,0.0,0.0,0.0,0.0,1.4228,1.4228,1.4263
1620,0.0,0.0007,0.0007,0.0001,0.0,1.0,0.0,1.3638,0.0,0.0,0.0,0.0,1.3638,1.3638,1.3634
1621,0.0,0.001,0.001,0.0002,0.0,1.0,0.0,1.3692,0.0,0.0,0.0,0.0,1.3692,1.3692,1.3711
1622,0.0,0.0005,0.0005,0.0001,0.0,1.0,0.0,1.2387,0.0,0.0,0.0,0.0,1.2387,1.2387,1.237
1623,0.0,0.0004,0.0004,0.0001,0.0,1.0,0.0,1.366,0.0,0.0,0.0,0.0,1.366,1.366,1.367
1624,0.0,0.0011,0.0011,0.0002,0.0,1.0,0.0,1.6794,0.0,0.0,0.0,0.0,1.6794000000000002,1.6794000000000002,1.6765
1625,0.0,0.0003,0.0003,0.0001,0.0,1.0,0.0,1.2078,0.0,0.0,0.0,0.0,1.2078,1.2078,1.2113
1626,0.0,0.0007,0.0007,0.0001,0.0,1.0,0.0,1.243,0.0,0.0,0.0,0.0,1.2429999999999999,1.2429999999999999,1.2448
1627,0.0,0.0009,0.0009,0.0002,0.0,1.0,0.0,0.9879,0.0,0.0,0.0,0.0,0.9879,0.9879,0.9898
1628,0.0,0.0008,0.0008,0.0001,0.0,1.0,0.0,1.2463,0.0,0.0,0.0,0.0,1.2463,1.2463,1.2484
1629,0.0,0.001,0.001,0.0002,0.0,1.0,0.0,1.7509,0.0,0.0,0.0,0.0,1.7509000000000001,1.7509000000000001,1.7518
1630,0.0,0.0005,0.0005,0.0001,0.0,1.0,0.0,0.9991,0.0,0.0,0.0,0.0,0.9991000000000001,0.9991000000000001,0.9998
1631,0.0,0.0008,0.0008,0.0001,0.0,1.0,0.0,1.0496,0.0,0.0,0.0,0.0,1.0496,1.0496,1.0503
1632,0.0,0.0005,0.0005,0.0001,0.0,1.0,0.0,1.0173,0.0,0.0,0.0,0.0,1.0173,1.0173,1.018
1633,0.0,0.0003,0.0003,0.0001,0.0,1.0,0.0,0.8745,0.0,0.0,0.0,0.0,0.8744999999999999,0.8744999999999999,0.8699
1634,0.0,0.0008,0.0008,0.0001,0.0,1.0,0.0,1.4451,0.0,0.0,0.0,0.0,1.4451,1.4451,1.4455
1635,0.0,0.0008,0.0008,0.0002,0.0,1.0,0.0,1.1874,0.0,0.0,0.0,0.0,1.1874,1.1874,1.184
1636,0.0,0.0007,0.0007,0.0001,0.0,1.0,0.0,1.1664,0.0,0.0,0.0,0.0,1.1664,1.1664,1.163
1637,0.0,0.0006,0.0006,0.0001,0.0,1.0,0.0,1.1594,0.0,0.0,0.0,0.0,1.1594,1.1594,1.1569
1638,0.0,0.0006,0.0006,0.0001,0.0,1.0,0.0,1.2037,0.0,0.0,0.0,0.0,1.2037,1.2037,1.1998
1639,0.0,0.0005,0.0005,0.0001,0.0,1.0,0.0,0.9397,0.0,0.0,0.0,0.0,0.9397,0.9397,0.9362
1640,0.0,0.0009,0.0009,0.0002,0.0,1.0,0.0,1.2435,0.0,0.0,0.0,0.0,1.2434999999999998,1.2434999999999998,1.2424
1641,0.0,0.0006,0.0006,0.0001,0.0,1.0,0.0,1.2838,0.0,0.0,0.0,0.0,1.2838,1.2838,1.281
1642,0.0,0.0006,0.0006,0.0001,0.0,1.0,0.0,0.9619,0.0,0.0,0.0,0.0,0.9619,0.9619,0.9605
1643,0.0,0.0008,0.0008,0.0001,0.0,1.0,0.0,1.1788,0.0,0.0,0.0,0.0,1.1788,1.1788,1.1806
1644,0.0,0.0005,0.0005,0.0001,0.0,1.0,0.0,1.0776,0.0,0.0,0.0,0.0,1.0776,1.0776,1.0776
1645,0.0,0.0004,0.0004,0.0001,0.0,1.0,0.0,1.2239,0.0,0.0,0.0,0.0,1.2239,1.2239,1.2204
1646,0.0,0.0004,0.0004,0.0001,0.0,1.0,0.0,1.2351,0.0,0.0,0.0,0.0,1.2351,1.2351,1.2397
1647,0.0,0.0006,0.0006,0.0001,0.0,1.0,0.0,1.0539,0.0,0.0,0.0,0.0,1.0539,1.0539,1.0545
1648,0.0,0.0005,0.0005,0.0001,0.0,1.0,0.0,1.2358,0.0,0.0,0.0,0.0,1.2357999999999998,1.2357999999999998,1.2379
1649,0.0,0.0005,0.0005,0.0001,0.0,1.0,0.0,1.4204,0.0,0.0,0.0,0.0,1.4203999999999999,1.4203999999999999,1.4188
1650,0.0,0.0006,0.0006,0.0001,0.0,1.0,0.0,1.1301,0.0,0.0,0.0,0.0,1.1301,1.1301,1.129
1651,0.0,0.0005,0.0005,0.0001,0.0,1.0,0.0,0.9293,0.0,0.0,0.0,0.0,0.9293,0.9293,0.9251
1652,0.0,0.0005,0.0005,0.0001,0.0,1.0,0.0,1.2721,0.0,0.0,0.0,0.0,1.2721,1.2721,1.269
1653,0.0,0.0009,0.0009,0.0002,0.0,1.0,0.0,1.2662,0.0,0.0,0.0,0.0,1.2662,1.2662,1.2698
1654,0.0,0.0005,0.0005,0.0001,0.0,1.0,0.0,1.2473,0.0,0.0,0.0,0.0,1.2473,1.2473,1.2501
1655,0.0,0.0005,0.0005,0.0001,0.0,1.0,0.0,1.3354,0.0,0.0,0.0,0.0,1.3354,1.3354,1.3398
1656,0.0,0.0005,0.0005,0.0001,0.0,1.0,0.0,1.5279,0.0,0.0,0.0,0.0,1.5279,1.5279,1.5254
1657,0.0,0.0006,0.0006,0.0001,0.0,1.0,0.0,1.0782,0.0,0.0,0.0,0.0,1.0782,1.0782,1.0736
1658,0.0,0.0003,0.0003,0.0001,0.0,1.0,0.0,1.33,0.0,0.0,0.0,0.0,1.33,1.33,1.3322
1659,0.0,0.001,0.001,0.0002,0.0,1.0,0.0,1.465,0.0,0.0,0.0,0.0,1.465,1.465,1.4611
1660,0.0,0.0005,0.0005,0.0001,0.0,1.0,0.0,1.2345,0.0,0.0,0.0,0.0,1.2345000000000002,1.2345000000000002,1.2365
1661,0.0,0.0008,0.0008,0.0001,0.0,1.0,0.0,1.0288,0.0,0.0,0.0,0.0,1.0288,1.0288,1.0247
1662,0.0,0.0004,0.0004,0.0001,0.0,1.0,0.0,0.9663,0.0,0.0,0.0,0.0,0.9662999999999999,0.9662999999999999,0.9709
1663,0.0,0.0005,0.0005,0.0001,0.0,1.0,0.0,1.0959,0.0,0.0,0.0,0.0,1.0958999999999999,1.0958999999999999,1.0958
1664,0.0,0.0003,0.0003,0.0001,0.0,1.0,0.0,1.0671,0.0,0.0,0.0,0.0,1.0671,1.0671,1.0667
1665,0.0,0.0009,0.0009,0.0002,0.0,1.0,0.0,1.2323,0.0,0.0,0.0,0.0,1.2323,1.2323,1.2365
1666,0.0,0.0006,0.0006,0.0001,0.0,1.0,0.0,1.2586,0.0,0.0,0.0,0.0,1.2586,1.2586,1.26
1667,0.0,0.001,0.001,0.0002,0.0,1.0,0.0,1.1517,0.0,0.0,0.0,0.0,1.1517,1.1517,1.1513
1668,0.0,0.0004,0.0004,0.0001,0.0,1.0,0.0,1.0983,0.0,0.0,0.0,0.0,1.0983,1.0983,1.1008
1669,0.0,0.0006,0.0006,0.0001,0.0,1.0,0.0,1.0066,0.0,0.0,0.0,0.0,1.0066,1.0066,1.002
1670,0.0,0.0004,0.0004,0.0001,0.0,1.0,0.0,1.1994,0.0,0.0,0.0,0.0,1.1994,1.1994,1.2009
1671,0.0,0.0007,0.0007,0.0001,0.0,1.0,0.0,1.4358,0.0,0.0,0.0,0.0,1.4358,1.4358,1.4369
1672,0.0,0.0006,0.0006,0.0001,0.0,1.0,0.0,1.1115,0.0,0.0,0.0,0.0,1.1115,1.1115,1.1086
1673,0.0,0.0006,0.0006,0.0001,0.0,1.0,0.0,1.1823,0.0,0.0,0.0,0.0,1.1823000000000001,1.1823000000000001,1.1784
1674,0.0,0.0006,0.0006,0.0001,0.0,1.0,0.0,1.0946,0.0,0.0,0.0,0.0,1.0946,1.0946,1.0952
1675,0.0,0.0004,0.0004,0.0001,0.0,1.0,0.0,1.0426,0.0,0.0,0.0,0.0,1.0426,1.0426,1.0444
1676,0.0,0.0009,0.0009,0.0002,0.0,1.0,0.0,1.5659,0.0,0.0,0.0,0.0,1.5659,1.5659,1.5675
1677,0.0,0.0007,0.0007,0.0001,0.0,1.0,0.0,1.4178,0.0,0.0,0.0,0.0,1.4178,1.4178,1.4145
1678,0.0,0.0005,0.0005,0.0001,0.0,1.0,0.0,1.3696,0.0,0.0,0.0,0.0,1.3696,1.3696,1.3676
1679,0.0,0.0003,0.0003,0.0001,0.0,1.0,0.0,1.1016,0.0,0.0,0.0,0.0,1.1016,1.1016,1.106
1680,0.0,0.0005,0.0005,0.0001,0.0,1.0,0.0,1.4053,0.0,0.0,0.0,0.0,1.4053,1.4053,1.4026
1681,0.0,0.0006,0.0006,0.0001,0.0,1.0,0.0,1.2022,0.0,0.0,0.0,0.0,1.2022000000000002,1.2022000000000002,1.1982
1682,0.0,0.0005,0.0005,0.0001,0.0,1.0,0.0,1.1762,0.0,0.0,0.0,0.0,1.1762,1.1762,1.1757
1683,0.0,0.0011,0.0011,0.0002,0.0,1.0,0.0,1.3809,0.0,0.0,0.0,0.0,1.3809,1.3809,1.3809
1684,0.0,0.0007,0.0007,0.0001,0.0,1.0,0.0,1.3223,0.0,0.0,0.0,0.0,1.3222999999999998,1.3222999999999998,1.3183
1685,0.0,0.0006,0.0006,0.0001,0.0,1.0,0.0,1.3733,0.0,0.0,0.0,0.0,1.3733,1.3733,1.3709
1686,0.0,0.0007,0.0007,0.0001,0.0,1.0,0.0,1.302,0.0,0.0,0.0,0.0,1.302,1.302,1.3
1687,0.0,0.0004,0.0004,0.0001,0.0,1.0,0.0,1.0986,0.0,0.0,0.0,0.0,1.0986,1.0986,1.0968
1688,0.0,0.0008,0.0008,0.0001,0.0,1.0,0.0,1.195,0.0,0.0,0.0,0.0,1.195,1.195,1.1941
1689,0.0,0.0006,0.0006,0.0001,0.0,1.0,0.0,1.3238,0.0,0.0,0.0,0.0,1.3237999999999999,1.3237999999999999,1.3233
1690,0.0,0.0005,0.0005,0.0001,0.0,1.0,0.0,1.0438,0.0,0.0,0.0,0.0,1.0438,1.0438,1.0438
1691,0.0,0.0003,0.0003,0.0001,0.0,1.0,0.0,0.879,0.0,0.0,0.0,0.0,0.879,0.879,0.8774
1692,0.0,0.0004,0.0004,0.0001,0.0,1.0,0.0,1.0666,0.0,0.0,0.0,0.0,1.0666,1.0666,1.0702
1693,0.0,0.0008,0.0008,0.0001,0.0,1.0,0.0,1.2801,0.0,0.0,0.0,0.0,1.2801,1.2801,1.2818
1694,0.0,0.0003,0.0003,0.0001,0.0,1.0,0.0,1.0504,0.0,0.0,0.0,0.0,1.0504,1.0504,1.0505
1695,0.0,0.0008,0.0008,0.0001,0.0,1.0,0.0,0.9945,0.0,0.0,0.0,0.0,0.9945,0.9945,0.9904
1696,0.0,0.0005,0.0005,0.0001,0.0,1.0,0.0,1.2053,0.0,0.0,0.0,0.0,1.2052999999999998,1.2052999999999998,1.2082
1697,0.0,0.0007,0.0007,0.0001,0.0,1.0,0.0,1.4425,0.0,0.0,0.0,0.0,1.4425,1.4425,1.4454
1698,0.0,0.0007,0.0007,0.0001,0.0,1.0,0.0,1.304,0.0,0.0,0.0,0.0,1.304,1.304,1.3005
1699,0.0,0.0007,0.0007,0.0001,0.0,1.0,0.0,1.2715,0.0,0.0,0.0,0.0,1.2715,1.2715,1.2666
1700,0.0,0.0004,0.0004,0.0001,0.0,1.0,0.0,1.18,0.0,0.0,0.0,0.0,1.18,1.18,1.1762
1701,0.0,0.0008,0.0008,0.0001,0.0,1.0,0.0,1.6671,0.0,0.0,0.0,0.0,1.6671,1.6671,1.669
1702,0.0,0.0011,0.0011,0.0002,0.0,1.0,0.0,1.6257,0.0,0.0,0.0,0.0,1.6257000000000001,1.6257000000000001,1.622
1703,0.0,0.0006,0.0006,0.0001,0.0,1.0,0.0,1.1587,0.0,0.0,0.0,0.0,1.1587,1.1587,1.1625
1704,0.0,0.0008,0.0008,0.0001,0.0,1.0,0.0,1.2007,0.0,0.0,0.0,0.0,1.2007,1.2007,1.2023
1705,0.0,0.0007,0.0007,0.0001,0.0,1.0,0.0,1.0404,0.0,0.0,0.0,0.0,1.0404,1.0404,1.044
1706,0.0,0.0007,0.0007,0.0001,0.0,1.0,0.0,1.4358,0.0,0.0,0.0,0.0,1.4358,1.4358,1.4323
1707,0.0,0.0004,0.0004,0.0001,0.0,1.0,0.0,1.1471,0.0,0.0,0.0,0.0,1.1471,1.1471,1.1478
1708,0.0,0.0005,0.0005,0.0001,0.0,1.0,0.0,1.1713,0.0,0.0,0.0,0.0,1.1713,1.1713,1.1749
1709,0.0,0.0004,0.0004,0.0001,0.0,1.0,0.0,0.9618,0.0,0.0,0.0,0.0,0.9618,0.9618,0.9625
1710,0.0,0.0007,0.0007,0.0001,0.0,1.0,0.0,1.3479,0.0,0.0,0.0,0.0,1.3479,1.3479,1.3519
1711,0.0,0.0008,0.0008,0.0002,0.0,1.0,0.0,1.6041,0.0,0.0,0.0,0.0,1.6041,1.6041,1.6069
1712,0.0,0.0008,0.0008,0.0001,0.0,1.0,0.0,1.4514,0.0,0.0,0.0,0.0,1.4514,1.4514,1.4469
1713,0.0,0.0006,0.0006,0.0001,0.0,1.0,0.0,0.9729,0.0,0.0,0.0,0.0,0.9729,0.9729,0.9686
1714,0.0,0.0006,0.0006,0.0001,0.0,1.0,0.0,1.0509,0.0,0.0,0.0,0.0,1.0509,1.0509,1.0483
1715,0.0,0.0006,0.0006,0.0001,0.0,1.0,0.0,1.1066,0.0,0.0,0.0,0.0,1.1066,1.1066,1.1076
1716,0.0,0.0003,0.0003,0.0001,0.0,1.0,0.0,0.8783,0.0,0.0,0.0,0.0,0.8783,0.8783,0.8801
1717,0.0,0.0005,0.0005,0.0001,0.0,1.0,0.0,1.2667,0.0,0.0,0.0,0.0,1.2667000000000002,1.2667000000000002,1.2622
1718,0.0,0.0008,0.0008,0.0001,0.0,1.0,0.0,1.5328,0.0,0.0,0.0,0.0,1.5328,1.5328,1.5378
1719,0.0,0.0006,0.0006,0.0001,0.0,1.0,0.0,1.2815,0.0,0.0,0.0,0.0,1.2814999999999999,1.2814999999999999,1.2829
1720,0.0,0.0008,0.0008,0.0001,0.0,1.0,0.0,1.594,0.0,0.0,0.0,0.0,1.5939999999999999,1.5939999999999999,1.5906
1721,0.0,0.0008,0.0008,0.0001,0.0,1.0,0.0,1.1538,0.0,0.0,0.0,0.0,1.1538,1.1538,1.1489
1722,0.0,0.0008,0.0008,0.0002,0.0,1.0,0.0,1.5934,0.0,0.0,0.0,0.0,1.5934000000000001,1.5934000000000001,1.5914
1723,0.0,0.0006,0.0006,0.0001,0.0,1.0,0.0,1.0816,0.0,0.0,0.0,0.0,1.0816000000000001,1.0816000000000001,1.0822
1724,0.0,0.0011,0.0011,0.0002,0.0,1.0,0.0,1.3646,0.0,0.0,0.0,0.0,1.3646,1.3646,1.3678
1725,0.0,0.0007,0.0007,0.0001,0.0,1.0,0.0,1.402,0.0,0.0,0.0,0.0,1.402,1.402,1.4032
1726,0.0,0.001,0.001,0.0002,0.0,1.0,0.0,1.1876,0.0,0.0,0.0,0.0,1.1876,1.1876,1.1849
1727,0.0,0.0004,0.0004,0.0001,0.0,1.0,0.0,1.0355,0.0,0.0,0.0,0.0,1.0355,1.0355,1.0308
1728,0.0,0.0004,0.0004,0.0001,0.0,1.0,0.0,1.1454,0.0,0.0,0.0,0.0,1.1454,1.1454,1.1432
1729,0.0,0.0007,0.0007,0.0001,0.0,1.0,0.0,1.2941,0.0,0.0,0.0,0.0,1.2941,1.2941,1.295
1730,0.0,0.0005,0.0005,0.0001,0.0,1.0,0.0,1.1695,0.0,0.0,0.0,0.0,1.1695,1.1695,1.1736
1731,0.0,0.0007,0.0007,0.0001,0.0,1.0,0.0,1.1948,0.0,0.0,0.0,0.0,1.1947999999999999,1.1947999999999999,1.1987
1732,0.0,0.0008,0.0008,0.0001,0.0,1.0,0.0,1.2514,0.0,0.0,0.0,0.0,1.2514,1.2514,1.2469
1733,0.0,0.001,0.001,0.0002,0.0,1.0,0.0,1.1276,0.0,0.0,0.0,0.0,1.1276,1.1276,1.1246
1734,0.0,0.0008,0.0008,0.0001,0.0,1.0,0.0,1.6419,0.0,0.0,0.0,0.0,1.6419000000000001,1.6419000000000001,1.6405
1735,0.0,0.0006,0.0006,0.0001,0.0,1.0,0.0,0.9878,0.0,0.0,0.0,0.0,0.9877999999999999,0.9877999999999999,0.9916
1736,0.0,0.0007,0.0007,0.0001,0.0,1.0,0.0,1.3701,0.0,0.0,0.0,0.0,1.3700999999999999,1.3700999999999999,1.3711
1737,0.0,0.0004,0.0004,0.0001,0.0,1.0,0.0,0.9547,0.0,0.0,0.0,0.0,0.9547,0.9547,0.9569
1738,0.0,0.0008,0.0008,0.0002,0.0,1.0,0.0,1.2857,0.0,0.0,0.0,0.0,1.2857,1.2857,1.2866
1739,0.0,0.0009,0.0009,0.0002,0.0,1.0,0.0,0.9758,0.0,0.0,0.0,0.0,0.9758,0.9758,0.9744
1740,0.0,0.0008,0.0008,0.0001,0.0,1.0,0.0,1.4816,0.0,0.0,0.0,0.0,1.4815999999999998,1.4815999999999998,1.4776
1741,0.0,0.0009,0.0009,0.0002,0.0,1.0,0.0,1.4603,0.0,0.0,0.0,0.0,1.4603,1.4603,1.4577
1742,0.0,0.0007,0.0007,0.0001,0.0,1.0,0.0,1.0143,0.0,0.0,0.0,0.0,1.0143,1.0143,1.0163
1743,0.0,0.0005,0.0005,0.0001,0.0,1.0,0.0,1.3154,0.0,0.0,0.0,0.0,1.3154,1.3154,1.317
1744,0.0,0.0008,0.0008,0.0001,0.0,1.0,0.0,1.2545,0.0,0.0,0.0,0.0,1.2545,1.2545,1.2531
1745,0.0,0.0008,0.0008,0.0001,0.0,1.0,0.0,1.5084,0.0,0.0,0.0,0.0,1.5084,1.5084,1.5043
1746,0.0,0.0003,0.0003,0.0001,0.0,1.0,0.0,1.2004,0.0,0.0,0.0,0.0,1.2004000000000001,1.2004000000000001,1.198
1747,0.0,0.0007,0.0007,0.0001,0.0,1.0,0.0,1.6336,0.0,0.0,0.0,0.0,1.6336,1.6336,1.6335
1748,0.0,0.0006,0.0006,0.0001,0.0,1.0,0.0,1.1547,0.0,0.0,0.0,0.0,1.1547,1.1547,1.1529
1749,0.0,0.001,0.001,0.0002,0.0,1.0,0.0,1.4317,0.0,0.0,0.0,0.0,1.4317,1.4317,1.4286
1750,0.0,0.0004,0.0004,0.0001,0.0,1.0,0.0,0.9721,0.0,0.0,0.0,0.0,0.9721,0.9721,0.9691
1751,0.0,0.0003,0.0003,0.0001,0.0,1.0,0.0,1.2684,0.0,0.0,0.0,0.0,1.2684000000000002,1.2684000000000002,1.2667
1752,0.0,0.0007,0.0007,0.0001,0.0,1.0,0.0,1.0145,0.0,0.0,0.0,0.0,1.0145,1.0145,1.0116
1753,0.0,0.0007,0.0007,0.0001,0.0,1.0,0.0,1.0733,0.0,0.0,0.0,0.0,1.0733,1.0733,1.0728
1754,0.0,0.0011,0.0011,0.0002,0.0,1.0,0.0,1.3891,0.0,0.0,0.0,0.0,1.3891,1.3891,1.3894
1755,0.0,0.0006,0.0006,0.0001,0.0,1.0,0.0,1.2522,0.0,0.0,0.0,0.0,1.2522,1.2522,1.2558
1756,0.0,0.0007,0.0007,0.0001,0.0,1.0,0.0,1.7148,0.0,0.0,0.0,0.0,1.7147999999999999,1.7147999999999999,1.7135
1757,0.0,0.0009,0.0009,0.0002,0.0,1.0,0.0,1.6024,0.0,0.0,0.0,0.0,1.6024000000000003,1.6024000000000003,1.6022
1758,0.0,0.0003,0.0003,0.0001,0.0,1.0,0.0,1.0759,0.0,0.0,0.0,0.0,1.0759,1.0759,1.0721
1759,0.0,0.0007,0.0007,0.0001,0.0,1.0,0.0,1.1911,0.0,0.0,0.0,0.0,1.1911,1.1911,1.1887
1760,0.0,0.0008,0.0008,0.0001,0.0,1.0,0.0,0.9933,0.0,0.0,0.0,0.0,0.9933000000000001,0.9933000000000001,0.9921
1761,0.0,0.0008,0.0008,0.0001,0.0,1.0,0.0,1.2029,0.0,0.0,0.0,0.0,1.2029,1.2029,1.2013
1762,0.0,0.0009,0.0009,0.0002,0.0,1.0,0.0,1.3109,0.0,0.0,0.0,0.0,1.3109000000000002,1.3109000000000002,1.306
1763,0.0,0.0004,0.0004,0.0001,0.0,1.0,0.0,1.266,0.0,0.0,0.0,0.0,1.266,1.266,1.2658
1764,0.0,0.0004,0.0004,0.0001,0.0,1.0,0.0,0.9401,0.0,0.0,0.0,0.0,0.9400999999999999,0.9400999999999999,0.9352
1765,0.0,0.0005,0.0005,0.0001,0.0,1.0,0.0,0.9437,0.0,0.0,0.0,0.0,0.9437,0.9437,0.9401
1766,0.0,0.0005,0.0005,0.0001,0.0,1.0,0.0,1.2541,0.0,0.0,0.0,0.0,1.2540999999999998,1.2540999999999998,1.2545
1767,0.0,0.0006,0.0006,0.0001,0.0,1.0,0.0,1.0246,0.0,0.0,0.0,0.0,1.0246,1.0246,1.0256
1768,0.0,0.0011,0.0011,0.0002,0.0,1.0,0.0,1.2776,0.0,0.0,0.0,0.0,1.2775999999999998,1.2775999999999998,1.282
1769,0.0,0.0005,0.0005,0.0001,0.0,1.0,0.0,1.1055,0.0,0.0,0.0,0.0,1.1055,1.1055,1.1093
1770,0.0,0.0006,0.0006,0.0001,0.0,1.0,0.0,1.4326,0.0,0.0,0.0,0.0,1.4325999999999999,1.4325999999999999,1.4288
1771,0.0,0.0005,0.0005,0.0001,0.0,1.0,0.0,1.2117,0.0,0.0,0.0,0.0,1.2117,1.2117,1.2069
1772,0.0,0.001,0.001,0.0002,0.0,1.0,0.0,1.2842,0.0,0.0,0.0,0.0,1.2842000000000002,1.2842000000000002,1.2824
1773,0.0,0.0007,0.0007,0.0001,0.0,1.0,0.0,1.0481,0.0,0.0,0.0,0.0,1.0481,1.0481,1.05
1774,0.0,0.0007,0.0007,0.0001,0.0,1.0,0.0,1.3085,0.0,0.0,0.0,0.0,1.3085,1.3085,1.3073
1775,0.0,0.0008,0.0008,0.0001,0.0,1.0,0.0,1.1002,0.0,0.0,0.0,0.0,1.1002,1.1002,1.099
1776,0.0,0.0003,0.0003,0.0001,0.0,1.0,0.0,0.9984,0.0,0.0,0.0,0.0,0.9984,0.9984,0.9998
1777,0.0,0.0004,0.0004,0.0001,0.0,1.0,0.0,1.1445,0.0,0.0,0.0,0.0,1.1445,1.1445,1.1409
1778,0.0,0.0011,0.0011,0.0002,0.0,1.0,0.0,1.4213,0.0,0.0,0.0,0.0,1.4213,1.4213,1.4253
1779,0.0,0.0004,0.0004,0.0001,0.0,1.0,0.0,0.957,0.0,0.0,0.0,0.0,0.9570000000000001,0.9570000000000001,0.9584
1780,0.0,0.0009,0.0009,0.0002,0.0,1.0,0.0,1.3627,0.0,0.0,0.0,0.0,1.3627,1.3627,1.3659
1781,0.0,0.0005,0.0005,0.0001,0.0,1.0,0.0,1.0822,0.0,0.0,0.0,0.0,1.0822,1.0822,1.0847
1782,0.0,0.0008,0.0008,0.0001,0.0,1.0,0.0,1.4473,0.0,0.0,0.0,0.0,1.4473,1.4473,1.4426
1783,0.0,0.0006,0.0006,0.0001,0.0,1.0,0.0,1.1774,0.0,0.0,0.0,0.0,1.1774,1.1774,1.1726
1784,0.0,0.0009,0.0009,0.0002,0.0,1.0,0.0,1.3999,0.0,0.0,0.0,0.0,1.3999000000000001,1.3999000000000001,1.4002
1785,0.0,0.0007,0.0007,0.0001,0.0,1.0,0.0,1.305,0.0,0.0,0.0,0.0,1.305,1.305,1.3064
1786,0.0,0.0007,0.0007,0.0001,0.0,1.0,0.0,1.0921,0.0,0.0,0.0,0.0,1.0921,1.0921,1.0883
1787,0.0,0.0008,0.0008,0.0001,0.0,1.0,0.0,1.518,0.0,0.0,0.0,0.0,1.518,1.518,1.514
1788,0.0,0.0008,0.0008,0.0002,0.0,1.0,0.0,1.4237,0.0,0.0,0.0,0.0,1.4237,1.4237,1.4273
1789,0.0,0.0007,0.0007,0.0001,0.0,1.0,0.0,1.1619,0.0,0.0,0.0,0.0,1.1619000000000002,1.1619000000000002,1.1656
1790,0.0,0.0004,0.0004,0.0001,0.0,1.0,0.0,1.4024,0.0,0.0,0.0,0.0,1.4024,1.4024,1.4035
1791,0.0,0.0006,0.0006,0.0001,0.0,1.0,0.0,1.4562,0.0,0.0,0.0,0.0,1.4562,1.4562,1.4592
1792,0.0,0.0006,0.0006,0.0001,0.0,1.0,0.0,1.0148,0.0,0.0,0.0,0.0,1.0148,1.0148,1.0152
1793,0.0,0.0006,0.0006,0.0001,0.0,1.0,0.0,1.6037,0.0,0.0,0.0,0.0,1.6037,1.6037,1.6042
1794,0.0,0.001,0.001,0.0002,0.0,1.0,0.0,1.4522,0.0,0.0,0.0,0.0,1.4522,1.4522,1.4501
1795,0.0,0.0005,0.0005,0.0001,0.0,1.0,0.0,1.0671,0.0,0.0,0.0,0.0,1.0671,1.0671,1.0631
1796,0.0,0.0005,0.0005,0.0001,0.0,1.0,0.0,1.201,0.0,0.0,0.0,0.0,1.201,1.201,1.2023
1797,0.0,0.0004,0.0004,0.0001,0.0,1.0,0.0,0.7817,0.0,0.0,0.0,0.0,0.7817000000000001,0.7817000000000001,0.7854
1798,0.0,0.0006,0.0006,0.0001,0.0,1.0,0.0,1.2475,0.0,0.0,0.0,0.0,1.2475,1.2475,1.2468
1799,0.0,0.0008,0.0008,0.0001,0.0,1.0,0.0,1.1611,0.0,0.0,0.0,0.0,1.1611,1.1611,1.1571
1800,0.0,0.0003,0.0003,0.0001,0.0,1.0,0.0,1.1435,0.0,0.0,0.0,0.0,1.1435,1.1435,1.1461
1801,0.0,0.0003,0.0003,0.0001,0.0,1.0,0.0,0.89,0.0,0.0,0.0,0.0,0.89,0.89,0.8907
1802,0.0,0.0007,0.0007,0.0001,0.0,1.0,0.0,1.2082,0.0,0.0,0.0,0.0,1.2082,1.2082,1.2126
1803,0.0,0.0008,0.0008,0.0001,0.0,1.0,0.0,1.4206,0.0,0.0,0.0,0.0,1.4205999999999999,1.4205999999999999,1.4168
1804,0.0,0.0006,0.0006,0.0001,0.0,1.0,0.0,0.9129,0.0,0.0,0.0,0.0,0.9129,0.9129,0.9173
1805,0.0,0.0009,0.0009,0.0002,0.0,1.0,0.0,1.2778,0.0,0.0,0.0,0.0,1.2778,1.2778,1.2815
1806,0.0,0.0008,0.0008,0.0001,0.0,1.0,0.0,1.3927,0.0,0.0,0.0,0.0,1.3927,1.3927,1.3942
1807,0.0,0.0007,0.0007,0.0001,0.0,1.0,0.0,1.3305,0.0,0.0,0.0,0.0,1.3304999999999998,1.3304999999999998,1.3299
1808,0.0,0.0003,0.0003,0.0001,0.0,1.0,0.0,1.1912,0.0,0.0,0.0,0.0,1.1912,1.1912,1.1949
1809,0.0,0.0006,0.0006,0.0001,0.0,1.0,0.0,1.1037,0.0,0.0,0.0,0.0,1.1037,1.1037,1.1041
1810,0.0,0.0008,0.0008,0.0001,0.0,1.0,0.0,0.9916,0.0,0.0,0.0,0.0,0.9915999999999999,0.9915999999999999,0.9898
1811,0.0,0.001,0.001,0.0002,0.0,1.0,0.0,1.4602,0.0,0.0,0.0,0.0,1.4602,1.4602,1.459
1812,0.0,0.0006,0.0006,0.0001,0.0,1.0,0.0,1.1985,0.0,0.0,0.0,0.0,1.1985,1.1985,1.1947
1813,0.0,0.0008,0.0008,0.0001,0.0,1.0,0.0,1.4941,0.0,0.0,0.0,0.0,1.4941,1.4941,1.498
1814,0.0,0.0007,0.0007,0.0001,0.0,1.0,0.0,1.3357,0.0,0.0,0.0,0.0,1.3357,1.3357,1.3364
1815,0.0,0.0007,0.0007,0.0001,0.0,1.0,0.0,1.1701,0.0,0.0,0.0,0.0,1.1701,1.1701,1.1723
1816,0.0,0.0008,0.0008,0.0001,0.0,1.0,0.0,1.3696,0.0,0.0,0.0,0.0,1.3696000000000002,1.3696000000000002,1.3731
1817,0.0,0.001,0.001,0.0002,0.0,1.0,0.0,1.5259,0.0,0.0,0.0,0.0,1.5259,1.5259,1.5305
1818,0.0,0.0004,0.0004,0.0001,0.0,1.0,0.0,1.4099,0.0,0.0,0.0,0.0,1.4099,1.4099,1.4071
1819,0.0,0.0004,0.0004,0.0001,0.0,1.0,0.0,0.8364,0.0,0.0,0.0,0.0,0.8364,0.8364,0.8402
1820,0.0,0.0008,0.0008,0.0001,0.0,1.0,0.0,1.5418,0.0,0.0,0.0,0.0,1.5417999999999998,1.5417999999999998,1.5409
1821,0.0,0.0004,0.0004,0.0001,0.0,1.0,0.0,0.732,0.0,0.0,0.0,0.0,0.732,0.732,0.7316
1822,0.0,0.0006,0.0006,0.0001,0.0,1.0,0.0,1.3186,0.0,0.0,0.0,0.0,1.3186,1.3186,1.317
1823,0.0,0.0009,0.0009,0.0002,0.0,1.0,0.0,1.151,0.0,0.0,0.0,0.0,1.151,1.151,1.1508
1824,0.0,0.0006,0.0006,0.0001,0.0,1.0,0.0,1.2343,0.0,0.0,0.0,0.0,1.2343000000000002,1.2343000000000002,1.2332
1825,0.0,0.0011,0.0011,0.0002,0.0,1.0,0.0,1.2233,0.0,0.0,0.0,0.0,1.2233,1.2233,1.2236
1826,0.0,0.0009,0.0009,0.0002,0.0,1.0,0.0,1.3899,0.0,0.0,0.0,0.0,1.3899,1.3899,1.3897
1827,0.0,0.0006,0.0006,0.0001,0.0,1.0,0.0,1.0276,0.0,0.0,0.0,0.0,1.0276,1.0276,1.0229
1828,0.0,0.0008,0.0008,0.0001,0.0,1.0,0.0,1.6918,0.0,0.0,0.0,0.0,1.6918000000000002,1.6918000000000002,1.6876
1829,0.0,0.0006,0.0006,0.0001,0.0,1.0,0.0,1.0641,0.0,0.0,0.0,0.0,1.0640999999999998,1.0640999999999998,1.0661
1830,0.0,0.001,0.001,0.0002,0.0,1.0,0.0,1.604,0.0,0.0,0.0,0.0,1.6039999999999999,1.6039999999999999,1.601
1831,0.0,0.0007,0.0007,0.0001,0.0,1.0,0.0,1.1063,0.0,0.0,0.0,0.0,1.1063,1.1063,1.106
1832,0.0,0.0005,0.0005,0.0001,0.0,1.0,0.0,1.4133,0.0,0.0,0.0,0.0,1.4133,1.4133,1.4137
1833,0.0,0.0007,0.0007,0.0001,0.0,1.0,0.0,1.2938,0.0,0.0,0.0,0.0,1.2938,1.2938,1.2921
1834,0.0,0.0006,0.0006,0.0001,0.0,1.0,0.0,1.3405,0.0,0.0,0.0,0.0,1.3405,1.3405,1.3369
1835,0.0,0.0008,0.0008,0.0002,0.0,1.0,0.0,1.4981,0.0,0.0,0.0,0.0,1.4981,1.4981,1.5029
1836,0.0,0.001,0.001,0.0002,0.0,1.0,0.0,1.3474,0.0,0.0,0.0,0.0,1.3474,1.3474,1.346
1837,0.0,0.0006,0.0006,0.0001,0.0,1.0,0.0,1.0593,0.0,0.0,0.0,0.0,1.0593,1.0593,1.0552
1838,0.0,0.0006,0.0006,0.0001,0.0,1.0,0.0,0.9105,0.0,0.0,0.0,0.0,0.9105000000000001,0.9105000000000001,0.9127
1839,0.0,0.0004,0.0004,0.0001,0.0,1.0,0.0,1.0796,0.0,0.0,0.0,0.0,1.0796000000000001,1.0796000000000001,1.0818
1840,0.0,0.0009,0.0009,0.0002,0.0,1.0,0.0,1.2028,0.0,0.0,0.0,0.0,1.2028,1.2028,1.1987
1841,0.0,0.0005,0.0005,0.0001,0.0,1.0,0.0,1.3345,0.0,0.0,0.0,0.0,1.3345,1.3345,1.3362
1842,0.0,0.0006,0.0006,0.0001,0.0,1.0,0.0,1.0993,0.0,0.0,0.0,0.0,1.0993,1.0993,1.1031
1843,0.0,0.0007,0.0007,0.0001,0.0,1.0,0.0,1.2829,0.0,0.0,0.0,0.0,1.2829000000000002,1.2829000000000002,1.278
1844,0.0,0.0003,0.0003,0.0001,0.0,1.0,0.0,0.9259,0.0,0.0,0.0,0.0,0.9259,0.9259,0.9225
1845,0.0,0.0006,0.0006,0.0001,0.0,1.0,0.0,1.1357,0.0,0.0,0.0,0.0,1.1357,1.1357,1.1397
1846,0.0,0.0007,0.0007,0.0001,0.0,1.0,0.0,1.5784,0.0,0.0,0.0,0.0,1.5784,1.5784,1.5832
1847,0.0,0.0006,0.0006,0.0001,0.0,1.0,0.0,1.1985,0.0,0.0,0.0,0.0,1.1985000000000001,1.1985000000000001,1.1942
1848,0.0,0.0008,0.0008,0.0002,0.0,1.0,0.0,1.2133,0.0,0.0,0.0,0.0,1.2133,1.2133,1.2151
1849,0.0,0.0009,0.0009,0.0002,0.0,1.0,0.0,1.249,0.0,0.0,0.0,0.0,1.249,1.249,1.2448
1850,0.0,0.0003,0.0003,0.0001,0.0,1.0,0.0,1.0705,0.0,0.0,0.0,0.0,1.0705,1.0705,1.0657
1851,0.0,0.0007,0.0007,0.0001,0.0,1.0,0.0,1.3037,0.0,0.0,0.0,0.0,1.3037,1.3037,1.3064
1852,0.0,0.0008,0.0008,0.0001,0.0,1.0,0.0,1.2568,0.0,0.0,0.0,0.0,1.2568000000000001,1.2568000000000001,1.2538
1853,0.0,0.0005,0.0005,0.0001,0.0,1.0,0.0,1.2429,0.0,0.0,0.0,0.0,1.2429000000000001,1.2429000000000001,1.2451
1854,0.0,0.0008,0.0008,0.0001,0.0,1.0,0.0,1.2407,0.0,0.0,0.0,0.0,1.2407000000000001,1.2407000000000001,1.2448
1855,0.0,0.0004,0.0004,0.0001,0.0,1.0,0.0,0.7653,0.0,0.0,0.0,0.0,0.7652999999999999,0.7652999999999999,0.7651
1856,0.0,0.0007,0.0007,0.0001,0.0,1.0,0.0,1.3086,0.0,0.0,0.0,0.0,1.3086,1.3086,1.3057
1857,0.0,0.0004,0.0004,0.0001,0.0,1.0,0.0,1.3046,0.0,0.0,0.0,0.0,1.3046000000000002,1.3046000000000002,1.3052
1858,0.0,0.0008,0.0008,0.0001,0.0,1.0,0.0,1.0994,0.0,0.0,0.0,0.0,1.0994000000000002,1.0994000000000002,1.1025
1859,0.0,0.0005,0.0005,0.0001,0.0,1.0,0.0,1.3633,0.0,0.0,0.0,0.0,1.3633,1.3633,1.3587
1860,0.0,0.0011,0.0011,0.0002,0.0,1.0,0.0,1.5711,0.0,0.0,0.0,0.0,1.5711,1.5711,1.5668
1861,0.0,0.0007,0.0007,0.0001,0.0,1.0,0.0,1.4559,0.0,0.0,0.0,0.0,1.4559000000000002,1.4559000000000002,1.4519
1862,0.0,0.0006,0.0006,0.0001,0.0,1.0,0.0,1.3413,0.0,0.0,0.0,0.0,1.3413000000000002,1.3413000000000002,1.3437
1863,0.0,0.0007,0.0007,0.0001,0.0,1.0,0.0,1.1875,0.0,0.0,0.0,0.0,1.1875,1.1875,1.1826
1864,0.0,0.0007,0.0007,0.0001,0.0,1.0,0.0,1.1346,0.0,0.0,0.0,0.0,1.1346,1.1346,1.1334
1865,0.0,0.0004,0.0004,0.0001,0.0,1.0,0.0,0.705,0.0,0.0,0.0,0.0,0.705,0.705,0.7041
1866,0.0,0.0003,0.0003,0.0001,0.0,1.0,0.0,1.1689,0.0,0.0,0.0,0.0,1.1689,1.1689,1.1719
1867,0.0,0.0005,0.0005,0.0001,0.0,1.0,0.0,0.9475,0.0,0.0,0.0,0.0,0.9475,0.9475,0.9452
1868,0.0,0.0005,0.0005,0.0001,0.0,1.0,0.0,0.8077,0.0,0.0,0.0,0.0,0.8077000000000001,0.8077000000000001,0.8062
1869,0.0,0.0004,0.0004,0.0001,0.0,1.0,0.0,1.1717,0.0,0.0,0.0,0.0,1.1717,1.1717,1.1692
1870,0.0,0.0011,0.0011,0.0002,0.0,1.0,0.0,1.4157,0.0,0.0,0.0,0.0,1.4157,1.4157,1.4173
1871,0.0,0.0003,0.0003,0.0001,0.0,1.0,0.0,1.4353,0.0,0.0,0.0,0.0,1.4353,1.4353,1.432
1872,0.0,0.0006,0.0006,0.0001,0.0,1.0,0.0,1.1985,0.0,0.0,0.0,0.0,1.1985000000000001,1.1985000000000001,1.1941
1873,0.0,0.0006,0.0006,0.0001,0.0,1.0,0.0,1.3302,0.0,0.0,0.0,0.0,1.3302,1.3302,1.3268
1874,0.0,0.0008,0.0008,0.0001,0.0,1.0,0.0,1.2308,0.0,0.0,0.0,0.0,1.2308,1.2308,1.2314
1875,0.0,0.0007,0.0007,0.0001,0.0,1.0,0.0,1.2334,0.0,0.0,0.0,0.0,1.2334,1.2334,1.2337
1876,0.0,0.0008,0.0008,0.0001,0.0,1.0,0.0,1.5089,0.0,0.0,0.0,0.0,1.5089000000000001,1.5089000000000001,1.5059
1877,0.0,0.0005,0.0005,0.0001,0.0,1.0,0.0,0.8385,0.0,0.0,0.0,0.0,0.8385,0.8385,0.8411
1878,0.0,0.0007,0.0007,0.0001,0.0,1.0,0.0,0.9511,0.0,0.0,0.0,0.0,0.9511000000000001,0.9511000000000001,0.9517
1879,0.0,0.0005,0.0005,0.0001,0.0,1.0,0.0,1.454,0.0,0.0,0.0,0.0,1.454,1.454,1.4572
1880,0.0,0.0009,0.0009,0.0002,0.0,1.0,0.0,1.3038,0.0,0.0,0.0,0.0,1.3038,1.3038,1.3086
1881,0.0,0.0003,0.0003,0.0001,0.0,1.0,0.0,1.2336,0.0,0.0,0.0,0.0,1.2336,1.2336,1.2373
1882,0.0,0.0005,0.0005,0.0001,0.0,1.0,0.0,1.4783,0.0,0.0,0.0,0.0,1.4783,1.4783,1.4813
1883,0.0,0.0006,0.0006,0.0001,0.0,1.0,0.0,1.191,0.0,0.0,0.0,0.0,1.1909999999999998,1.1909999999999998,1.1886
1884,0.0,0.0008,0.0008,0.0001,0.0,1.0,0.0,1.1994,0.0,0.0,0.0,0.0,1.1994,1.1994,1.2022
1885,0.0,0.0008,0.0008,0.0001,0.0,1.0,0.0,1.4065,0.0,0.0,0.0,0.0,1.4065,1.4065,1.4093
1886,0.0,0.0004,0.0004,0.0001,0.0,1.0,0.0,1.0364,0.0,0.0,0.0,0.0,1.0364,1.0364,1.0322
1887,0.0,0.0008,0.0008,0.0001,0.0,1.0,0.0,1.221,0.0,0.0,0.0,0.0,1.221,1.221,1.219
1888,0.0,0.0003,0.0003,0.0001,0.0,1.0,0.0,1.0956,0.0,0.0,0.0,0.0,1.0956000000000001,1.0956000000000001,1.0964
1889,0.0,0.0011,0.0011,0.0002,0.0,1.0,0.0,1.059,0.0,0.0,0.0,0.0,1.059,1.059,1.0584
1890,0.0,0.0007,0.0007,0.0001,0.0,1.0,0.0,1.2021,0.0,0.0,0.0,0.0,1.2021,1.2021,1.2008
1891,0.0,0.0006,0.0006,0.0001,0.0,1.0,0.0,1.4668,0.0,0.0,0.0,0.0,1.4668,1.4668,1.4703
1892,0.0,0.0005,0.0005,0.0001,0.0,1.0,0.0,0.9155,0.0,0.0,0.0,0.0,0.9155,0.9155,0.9199
1893,0.0,0.0006,0.0006,0.0001,0.0,1.0,0.0,1.6006,0.0,0.0,0.0,0.0,1.6006,1.6006,1.5976
1894,0.0,0.0006,0.0006,0.0001,0.0,1.0,0.0,1.2607,0.0,0.0,0.0,0.0,1.2607,1.2607,1.259
1895,0.0,0.0008,0.0008,0.0001,0.0,1.0,0.0,1.4094,0.0,0.0,0.0,0.0,1.4094,1.4094,1.406
1896,0.0,0.0006,0.0006,0.0001,0.0,1.0,0.0,0.9544,0.0,0.0,0.0,0.0,0.9544,0.9544,0.9584
1897,0.0,0.0008,0.0008,0.0001,0.0,1.0,0.0,1.1076,0.0,0.0,0.0,0.0,1.1076000000000001,1.1076000000000001,1.1078
1898,0.0,0.0006,0.0006,0.0001,0.0,1.0,0.0,1.153,0.0,0.0,0.0,0.0,1.153,1.153,1.1553
1899,0.0,0.0003,0.0003,0.0001,0.0,1.0,0.0,1.1205,0.0,0.0,0.0,0.0,1.1205,1.1205,1.1199
1900,0.0,0.0007,0.0007,0.0001,0.0,1.0,0.0,1.4845,0.0,0.0,0.0,0.0,1.4845,1.4845,1.4854
1901,0.0,0.0005,0.0005,0.0001,0.0,1.0,0.0,1.2882,0.0,0.0,0.0,0.0,1.2882,1.2882,1.2913
1902,0.0,0.0006,0.0006,0.0001,0.0,1.0,0.0,1.2221,0.0,0.0,0.0,0.0,1.2221,1.2221,1.2215
1903,0.0,0.0006,0.0006,0.0001,0.0,1.0,0.0,0.9303,0.0,0.0,0.0,0.0,0.9303,0.9303,0.9259
1904,0.0,0.0003,0.0003,0.0001,0.0,1.0,0.0,1.2904,0.0,0.0,0.0,0.0,1.2904,1.2904,1.2942
1905,0.0,0.0006,0.0006,0.0001,0.0,1.0,0.0,1.233,0.0,0.0,0.0,0.0,1.2329999999999999,1.2329999999999999,1.2288
1906,0.0,0.0004,0.0004,0.0001,0.0,1.0,0.0,1.0189,0.0,0.0,0.0,0.0,1.0189,1.0189,1.0225
1907,0.0,0.0005,0.0005,0.0001,0.0,1.0,0.0,1.2171,0.0,0.0,0.0,0.0,1.2171,1.2171,1.2133
1908,0.0,0.0007,0.0007,0.0001,0.0,1.0,0.0,1.5039,0.0,0.0,0.0,0.0,1.5039,1.5039,1.5028
1909,0.0,0.0004,0.0004,0.0001,0.0,1.0,0.0,0.7911,0.0,0.0,0.0,0.0,0.7910999999999999,0.7910999999999999,0.79
1910,0.0,0.0005,0.0005,0.0001,0.0,1.0,0.0,1.5984,0.0,0.0,0.0,0.0,1.5984,1.5984,1.5942
1911,0.0,0.0009,0.0009,0.0002,0.0,1.0,0.0,1.0326,0.0,0.0,0.0,0.0,1.0326,1.0326,1.0328
1912,0.0,0.0006,0.0006,0.0001,0.0,1.0,0.0,1.0614,0.0,0.0,0.0,0.0,1.0614,1.0614,1.064
1913,0.0,0.0009,0.0009,0.0002,0.0,1.0,0.0,1.3788,0.0,0.0,0.0,0.0,1.3788,1.3788,1.3778
1914,0.0,0.0009,0.0009,0.0002,0.0,1.0,0.0,1.3552,0.0,0.0,0.0,0.0,1.3552,1.3552,1.3547
1915,0.0,0.0003,0.0003,0.0001,0.0,1.0,0.0,1.0146,0.0,0.0,0.0,0.0,1.0146,1.0146,1.0147
1916,0.0,0.0005,0.0005,0.0001,0.0,1.0,0.0,1.2575,0.0,0.0,0.0,0.0,1.2575,1.2575,1.2593
1917,0.0,0.0011,0.0011,0.0002,0.0,1.0,0.0,1.218,0.0,0.0,0.0,0.0,1.218,1.218,1.2199
1918,0.0,0.0006,0.0006,0.0001,0.0,1.0,0.0,1.0958,0.0,0.0,0.0,0.0,1.0958,1.0958,1.0917
1919,0.0,0.0004,0.0004,0.0001,0.0,1.0,0.0,0.9943,0.0,0.0,0.0,0.0,0.9943,0.9943,0.999
1920,0.0,0.0006,0.0006,0.0001,0.0,1.0,0.0,1.0238,0.0,0.0,0.0,0.0,1.0238,1.0238,1.026
1921,0.0,0.0008,0.0008,0.0001,0.0,1.0,0.0,1.086,0.0,0.0,0.0,0.0,1.086,1.086,1.0894
1922,0.0,0.0005,0.0005,0.0001,0.0,1.0,0.0,0.9359,0.0,0.0,0.0,0.0,0.9359,0.9359,0.9402
1923,0.0,0.0006,0.0006,0.0001,0.0,1.0,0.0,1.3071,0.0,0.0,0.0,0.0,1.3071000000000002,1.3071000000000002,1.3034
1924,0.0,0.0006,0.0006,0.0001,0.0,1.0,0.0,1.3842,0.0,0.0,0.0,0.0,1.3842,1.3842,1.3865
1925,0.0,0.0008,0.0008,0.0001,0.0,1.0,0.0,1.1437,0.0,0.0,0.0,0.0,1.1437,1.1437,1.1406
1926,0.0,0.0006,0.0006,0.0001,0.0,1.0,0.0,1.181,0.0,0.0,0.0,0.0,1.181,1.181,1.1773
1927,0.0,0.0006,0.0006,0.0001,0.0,1.0,0.0,1.2808,0.0,0.0,0.0,0.0,1.2808000000000002,1.2808000000000002,1.281
1928,0.0,0.0006,0.0006,0.0001,0.0,1.0,0.0,1.0097,0.0,0.0,0.0,0.0,1.0097,1.0097,1.0065
1929,0.0,0.0007,0.0007,0.0001,0.0,1.0,0.0,1.0799,0.0,0.0,0.0,0.0,1.0799,1.0799,1.0823
1930,0.0,0.0004,0.0004,0.0001,0.0,1.0,0.0,1.2209,0.0,0.0,0.0,0.0,1.2208999999999999,1.2208999999999999,1.2235
1931,0.0,0.001,0.001,0.0002,0.0,1.0,0.0,1.3942,0.0,0.0,0.0,0.0,1.3941999999999999,1.3941999999999999,1.3979
1932,0.0,0.0007,0.0007,0.0001,0.0,1.0,0.0,1.2851,0.0,0.0,0.0,0.0,1.2851,1.2851,1.289
1933,0.0,0.0007,0.0007,0.0001,0.0,1.0,0.0,1.3834,0.0,0.0,0.0,0.0,1.3834,1.3834,1.3799
1934,0.0,0.0011,0.0011,0.0002,0.0,1.0,0.0,1.5505,0.0,0.0,0.0,0.0,1.5505,1.5505,1.5526
1935,0.0,0.0011,0.0011,0.0002,0.0,1.0,0.0,1.2834,0.0,0.0,0.0,0.0,1.2833999999999999,1.2833999999999999,1.2793
1936,0.0,0.0007,0.0007,0.0001,0.0,1.0,0.0,1.3067,0.0,0.0,0.0,0.0,1.3067,1.3067,1.3113
1937,0.0,0.0006,0.0006,0.0001,0.0,1.0,0.0,0.9376,0.0,0.0,0.0,0.0,0.9376,0.9376,0.9414
1938,0.0,0.0008,0.0008,0.0001,0.0,1.0,0.0,1.1686,0.0,0.0,0.0,0.0,1.1686,1.1686,1.1718
1939,0.0,0.0003,0.0003,0.0001,0.0,1.0,0.0,0.7124,0.0,0.0,0.0,0.0,0.7123999999999999,0.7123999999999999,0.7103
1940,0.0,0.0005,0.0005,0.0001,0.0,1.0,0.0,1.0129,0.0,0.0,0.0,0.0,1.0129,1.0129,1.0168
1941,0.0,0.0006,0.0006,0.0001,0.0,1.0,0.0,1.2536,0.0,0.0,0.0,0.0,1.2536,1.2536,1.256
1942,0.0,0.0004,0.0004,0.0001,0.0,1.0,0.0,1.1405,0.0,0.0,0.0,0.0,1.1404999999999998,1.1404999999999998,1.1364
1943,0.0,0.0007,0.0007,0.0001,0.0,1.0,0.0,1.2979,0.0,0.0,0.0,0.0,1.2979,1.2979,1.2972
1944,0.0,0.0004,0.0004,0.0001,0.0,1.0,0.0,0.993,0.0,0.0,0.0,0.0,0.993,0.993,0.9964
1945,0.0,0.0008,0.0008,0.0002,0.0,1.0,0.0,1.4887,0.0,0.0,0.0,0.0,1.4887000000000001,1.4887000000000001,1.4907
1946,0.0,0.0005,0.0005,0.0001,0.0,1.0,0.0,1.0861,0.0,0.0,0.0,0.0,1.0861,1.0861,1.0909
1947,0.0,0.0003,0.0003,0.0001,0.0,1.0,0.0,0.6957,0.0,0.0,0.0,0.0,0.6957,0.6957,0.6993
1948,0.0,0.0005,0.0005,0.0001,0.0,1.0,0.0,1.0373,0.0,0.0,0.0,0.0,1.0373,1.0373,1.0423
1949,0.0,0.0004,0.0004,0.0001,0.0,1.0,0.0,1.2614,0.0,0.0,0.0,0.0,1.2614,1.2614,1.2589
1950,0.0,0.0008,0.0008,0.0001,0.0,1.0,0.0,0.9179,0.0,0.0,0.0,0.0,0.9178999999999999,0.9178999999999999,0.9156
1951,0.0,0.001,0.001,0.0002,0.0,1.0,0.0,1.3911,0.0,0.0,0.0,0.0,1.3911,1.3911,1.393
1952,0.0,0.0007,0.0007,0.0001,0.0,1.0,0.0,1.2659,0.0,0.0,0.0,0.0,1.2659,1.2659,1.2705
1953,0.0,0.0006,0.0006,0.0001,0.0,1.0,0.0,1.1255,0.0,0.0,0.0,0.0,1.1255,1.1255,1.1252
1954,0.0,0.0005,0.0005,0.0001,0.0,1.0,0.0,1.0859,0.0,0.0,0.0,0.0,1.0859,1.0859,1.0874
1955,0.0,0.0007,0.0007,0.0001,0.0,1.0,0.0,1.143,0.0,0.0,0.0,0.0,1.143,1.143,1.1476
1956,0.0,0.0003,0.0003,0.0001,0.0,1.0,0.0,0.8791,0.0,0.0,0.0,0.0,0.8791,0.8791,0.88
1957,0.0,0.0007,0.0007,0.0001,0.0,1.0,0.0,1.2369,0.0,0.0,0.0,0.0,1.2369,1.2369,1.235
1958,0.0,0.0005,0.0005,0.0001,0.0,1.0,0.0,1.2864,0.0,0.0,0.0,0.0,1.2864,1.2864,1.2864
1959,0.0,0.0007,0.0007,0.0001,0.0,1.0,0.0,1.1558,0.0,0.0,0.0,0.0,1.1558,1.1558,1.1564
1960,0.0,0.0007,0.0007,0.0001,0.0,1.0,0.0,1.068,0.0,0.0,0.0,0.0,1.068,1.068,1.0714
1961,0.0,0.0004,0.0004,0.0001,0.0,1.0,0.0,1.2956,0.0,0.0,0.0,0.0,1.2955999999999999,1.2955999999999999,1.2946
1962,0.0,0.0007,0.0007,0.0001,0.0,1.0,0.0,1.4196,0.0,0.0,0.0,0.0,1.4196,1.4196,1.4151
1963,0.0,0.0007,0.0007,0.0001,0.0,1.0,0.0,1.2524,0.0,0.0,0.0,0.0,1.2524,1.2524,1.2528
1964,0.0,0.0008,0.0008,0.0001,0.0,1.0,0.0,1.4092,0.0,0.0,0.0,0.0,1.4092,1.4092,1.4071
1965,0.0,0.0009,0.0009,0.0002,0.0,1.0,0.0,1.0106,0.0,0.0,0.0,0.0,1.0106,1.0106,1.0122
1966,0.0,0.0011,0.0011,0.0002,0.0,1.0,0.0,1.3652,0.0,0.0,0.0,0.0,1.3652000000000002,1.3652000000000002,1.3668
1967,0.0,0.0008,0.0008,0.0001,0.0,1.0,0.0,1.6283,0.0,0.0,0.0,0.0,1.6283,1.6283,1.6309
1968,0.0,0.001,0.001,0.0002,0.0,1.0,0.0,1.5716,0.0,0.0,0.0,0.0,1.5716,1.5716,1.5725
1969,0.0,0.0003,0.0003,0.0001,0.0,1.0,0.0,1.3345,0.0,0.0,0.0,0.0,1.3345,1.3345,1.3353
1970,0.0,0.0005,0.0005,0.0001,0.0,1.0,0.0,1.2494,0.0,0.0,0.0,0.0,1.2494,1.2494,1.249
1971,0.0,0.001,0.001,0.0002,0.0,1.0,0.0,1.0646,0.0,0.0,0.0,0.0,1.0646,1.0646,1.0675
1972,0.0,0.0005,0.0005,0.0001,0.0,1.0,0.0,1.3951,0.0,0.0,0.0,0.0,1.3951,1.3951,1.3992
1973,0.0,0.0009,0.0009,0.0002,0.0,1.0,0.0,1.3267,0.0,0.0,0.0,0.0,1.3267,1.3267,1.3311
1974,0.0,0.0007,0.0007,0.0001,0.0,1.0,0.0,1.4318,0.0,0.0,0.0,0.0,1.4318,1.4318,1.4362
1975,0.0,0.0009,0.0009,0.0002,0.0,1.0,0.0,1.1497,0.0,0.0,0.0,0.0,1.1497,1.1497,1.1449
1976,0.0,0.0005,0.0005,0.0001,0.0,1.0,0.0,0.807,0.0,0.0,0.0,0.0,0.807,0.807,0.8095
1977,0.0,0.0004,0.0004,0.0001,0.0,1.0,0.0,1.0481,0.0,0.0,0.0,0.0,1.0481,1.0481,1.052
1978,0.0,0.0007,0.0007,0.0001,0.0,1.0,0.0,1.4225,0.0,0.0,0.0,0.0,1.4224999999999999,1.4224999999999999,1.4188
1979,0.0,0.0004,0.0004,0.0001,0.0,1.0,0.0,1.3912,0.0,0.0,0.0,0.0,1.3912,1.3912,1.3881
1980,0.0,0.0006,0.0006,0.0001,0.0,1.0,0.0,1.1286,0.0,0.0,0.0,0.0,1.1286,1.1286,1.1271
1981,0.0,0.0009,0.0009,0.0002,0.0,1.0,0.0,1.2482,0.0,0.0,0.0,0.0,1.2482,1.2482,1.2504
1982,0.0,0.0006,0.0006,0.0001,0.0,1.0,0.0,1.3408,0.0,0.0,0.0,0.0,1.3408,1.3408,1.3392
1983,0.0,0.001,0.001,0.0002,0.0,1.0,0.0,1.5811,0.0,0.0,0.0,0.0,1.5811,1.5811,1.5831
1984,0.0,0.0006,0.0006,0.0001,0.0,1.0,0.0,1.4399,0.0,0.0,0.0,0.0,1.4399,1.4399,1.4353
1985,0.0,0.0003,0.0003,0.0001,0.0,1.0,0.0,0.8425,0.0,0.0,0.0,0.0,0.8425,0.8425,0.84
1986,0.0,0.0006,0.0006,0.0001,0.0,1.0,0.0,1.1056,0.0,0.0,0.0,0.0,1.1056,1.1056,1.1039
1987,0.0,0.0004,0.0004,0.0001,0.0,1.0,0.0,0.7696,0.0,0.0,0.0,0.0,0.7696,0.7696,0.7744
1988,0.0,0.0003,0.0003,0.0001,0.0,1.0,0.0,1.0428,0.0,0.0,0.0,0.0,1.0428,1.0428,1.0387
1989,0.0,0.0008,0.0008,0.0001,0.0,1.0,0.0,1.2816,0.0,0.0,0.0,0.0,1.2816,1.2816,1.284
1990,0.0,0.0003,0.0003,0.0001,0.0,1.0,0.0,1.3156,0.0,0.0,0.0,0.0,1.3156,1.3156,1.3192
1991,0.0,0.0011,0.0011,0.0002,0.0,1.0,0.0,1.6618,0.0,0.0,0.0,0.0,1.6618,1.6618,1.6662
1992,0.0,0.0005,0.0005,0.0001,0.0,1.0,0.0,1.1617,0.0,0.0,0.0,0.0,1.1617,1.1617,1.1596
1993,0.0,0.0008,0.0008,0.0002,0.0,1.0,0.0,1.5031,0.0,0.0,0.0,0.0,1.5030999999999999,1.5030999999999999,1.5031
1994,0.0,0.001,0.001,0.0002,0.0,1.0,0.0,1.1382,0.0,0.0,0.0,0.0,1.1381999999999999,1.1381999999999999,1.1351
1995,0.0,0.0008,0.0008,0.0001,0.0,1.0,0.0,1.6261,0.0,0.0,0.0,0.0,1.6261,1.6261,1.6228
1996,0.0,0.0003,0.0003,0.0001,0.0,1.0,0.0,0.8484,0.0,0.0,0.0,0.0,0.8483999999999999,0.8483999999999999,0.8523
1997,0.0,0.0005,0.0005,0.0001,0.0,1.0,0.0,1.1436,0.0,0.0,0.0,0.0,1.1436,1.1436,1.1474
1998,0.0,0.0009,0.0009,0.0002,0.0,1.0,0.0,1.5553,0.0,0.0,0.0,0.0,1.5553,1.5553,1.5591
1999,0.0,0.0005,0.0005,0.0001,0.0,1.0,0.0,1.5288,0.0,0.0,0.0,0.0,1.5288,1.5288,1.5315
2000,0.0,0.0008,0.0008,0.0002,0.0,1.0,0.0,1.2791,0.0,0.0,0.0,0.0,1.2791000000000001,1.2791000000000001,1.2801
2001,0.0,0.0003,0.0003,0.0001,0.0,1.0,0.0,1.1044,0.0,0.0,0.0,0.0,1.1044,1.1044,1.1087
2002,0.0,0.0008,0.0008,0.0001,0.0,1.0,0.0,1.2218,0.0,0.0,0.0,0.0,1.2218,1.2218,1.2187
2003,0.0,0.0004,0.0004,0.0001,0.0,1.0,0.0,0.8883,0.0,0.0,0.0,0.0,0.8883000000000001,0.8883000000000001,0.8929
2004,0.0,0.0006,0.0006,0.0001,0.0,1.0,0.0,1.5269,0.0,0.0,0.0,0.0,1.5269,1.5269,1.5275
2005,0.0,0.0007,0.0007,0.0001,0.0,1.0,0.0,1.0356,0.0,0.0,0.0,0.0,1.0356,1.0356,1.031
2006,0.0,0.0007,0.0007,0.0001,0.0,1.0,0.0,1.2196,0.0,0.0,0.0,0.0,1.2196,1.2196,1.2218
2007,0.0,0.001,0.001,0.0002,0.0,1.0,0.0,1.2919,0.0,0.0,0.0,0.0,1.2919,1.2919,1.2966
2008,0.0,0.0005,0.0005,0.0001,0.0,1.0,0.0,1.258,0.0,0.0,0.0,0.0,1.258,1.258,1.2569
2009,0.0,0.0007,0.0007,0.0001,0.0,1.0,0.0,1.2663,0.0,0.0,0.0,0.0,1.2663,1.2663,1.2661
2010,0.0,0.0004,0.0004,0.0001,0.0,1.0,0.0,0.9272,0.0,0.0,0.0,0.0,0.9271999999999999,0.9271999999999999,0.9298
2011,0.0,0.0004,0.0004,0.0001,0.0,1.0,0.0,1.0951,0.0,0.0,0.0,0.0,1.0951,1.0951,1.0982
2012,0.0,0.0007,0.0007,0.0001,0.0,1.0,0.0,1.1356,0.0,0.0,0.0,0.0,1.1356000000000002,1.1356000000000002,1.1376
2013,0.0,0.0005,0.0005,0.0001,0.0,1.0,0.0,1.1603,0.0,0.0,0.0,0.0,1.1603,1.1603,1.1625
2014,0.0,0.0004,0.0004,0.0001,0.0,1.0,0.0,1.2971,0.0,0.0,0.0,0.0,1.2971,1.2971,1.302
2015,0.0,0.0009,0.0009,0.0002,0.0,1.0,0.0,1.4463,0.0,0.0,0.0,0.0,1.4463000000000001,1.4463000000000001,1.4431
2016,0.0,0.0007,0.0007,0.0001,0.0,1.0,0.0,1.3511,0.0,0.0,0.0,0.0,1.3511,1.3511,1.3489
2017,0.0,0.0005,0.0005,0.0001,0.0,1.0,0.0,1.153,0.0,0.0,0.0,0.0,1.153,1.153,1.1515
2018,0.0,0.0009,0.0009,0.0002,0.0,1.0,0.0,1.1359,0.0,0.0,0.0,0.0,1.1359000000000001,1.1359000000000001,1.1333
2019,0.0,0.0004,0.0004,0.0001,0.0,1.0,0.0,1.0899,0.0,0.0,0.0,0.0,1.0898999999999999,1.0898999999999999,1.0887
2020,0.0,0.0007,0.0007,0.0001,0.0,1.0,0.0,1.2357,0.0,0.0,0.0,0.0,1.2357,1.2357,1.2376
2021,0.0,0.0006,0.0006,0.0001,0.0,1.0,0.0,0.853,0.0,0.0,0.0,0.0,0.853,0.853,0.8497
2022,0.0,0.0004,0.0004,0.0001,0.0,1.0,0.0,1.09,0.0,0.0,0.0,0.0,1.09,1.09,1.0949
2023,0.0,0.0009,0.0009,0.0002,0.0,1.0,0.0,1.4918,0.0,0.0,0.0,0.0,1.4918,1.4918,1.4922
2024,0.0,0.0008,0.0008,0.0001,0.0,1.0,0.0,1.3403,0.0,0.0,0.0,0.0,1.3403,1.3403,1.3438
2025,0.0,0.0007,0.0007,0.0001,0.0,1.0,0.0,1.2257,0.0,0.0,0.0,0.0,1.2257,1.2257,1.2273
2026,0.0,0.0009,0.0009,0.0002,0.0,1.0,0.0,1.4297,0.0,0.0,0.0,0.0,1.4297,1.4297,1.4335
2027,0.0,0.0008,0.0008,0.0002,0.0,1.0,0.0,1.6243,0.0,0.0,0.0,0.0,1.6243,1.6243,1.6227
2028,0.0,0.0008,0.0008,0.0002,0.0,1.0,0.0,1.214,0.0,0.0,0.0,0.0,1.214,1.214,1.2133
2029,0.0,0.0005,0.0005,0.0001,0.0,1.0,0.0,1.1876,0.0,0.0,0.0,0.0,1.1876000000000002,1.1876000000000002,1.1909
2030,0.0,0.001,0.001,0.0002,0.0,1.0,0.0,1.3561,0.0,0.0,0.0,0.0,1.3561,1.3561,1.352
2031,0.0,0.0006,0.0006,0.0001,0.0,1.0,0.0,1.2505,0.0,0.0,0.0,0.0,1.2505,1.2505,1.2505
2032,0.0,0.0009,0.0009,0.0002,0.0,1.0,0.0,1.0668,0.0,0.0,0.0,0.0,1.0668,1.0668,1.0633
2033,0.0,0.0008,0.0008,0.0001,0.0,1.0,0.0,1.4456,0.0,0.0,0.0,0.0,1.4456,1.4456,1.4483
2034,0.0,0.0006,0.0006,0.0001,0.0,1.0,0.0,1.0824,0.0,0.0,0.0,0.0,1.0824,1.0824,1.0848
2035,0.0,0.0006,0.0006,0.0001,0.0,1.0,0.0,1.2963,0.0,0.0,0.0,0.0,1.2963,1.2963,1.2949
2036,0.0,0.0005,0.0005,0.0001,0.0,1.0,0.0,1.273,0.0,0.0,0.0,0.0,1.273,1.273,1.275
2037,0.0,0.0006,0.0006,0.0001,0.0,1.0,0.0,1.2468,0.0,0.0,0.0,0.0,1.2468,1.2468,1.2427
2038,0.0,0.0006,0.0006,0.0001,0.0,1.0,0.0,1.2753,0.0,0.0,0.0,0.0,1.2752999999999999,1.2752999999999999,1.2736
2039,0.0,0.0005,0.0005,0.0001,0.0,1.0,0.0,1.4338,0.0,0.0,0.0,0.0,1.4337999999999997,1.4337999999999997,1.4292
2040,0.0,0.0004,0.0004,0.0001,0.0,1.0,0.0,0.9159,0.0,0.0,0.0,0.0,0.9159,0.9159,0.9204
2041,0.0,0.0004,0.0004,0.0001,0.0,1.0,0.0,1.3009,0.0,0.0,0.0,0.0,1.3009,1.3009,1.3048
2042,0.0,0.0007,0.0007,0.0001,0.0,1.0,0.0,1.0527,0.0,0.0,0.0,0.0,1.0527,1.0527,1.0572
2043,0.0,0.0005,0.0005,0.0001,0.0,1.0,0.0,1.1463,0.0,0.0,0.0,0.0,1.1462999999999999,1.1462999999999999,1.1486
2044,0.0,0.0004,0.0004,0.0001,0.0,1.0,0.0,1.2741,0.0,0.0,0.0,0.0,1.2741,1.2741,1.2745
2045,0.0,0.0008,0.0008,0.0001,0.0,1.0,0.0,1.5483,0.0,0.0,0.0,0.0,1.5483000000000002,1.5483000000000002,1.5452
2046,0.0,0.0009,0.0009,0.0002,0.0,1.0,0.0,1.1982,0.0,0.0,0.0,0.0,1.1982,1.1982,1.2021
2047,0.0,0.0006,0.0006,0.0001,0.0,1.0,0.0,1.5787,0.0,0.0,0.0,0.0,1.5787,1.5787,1.5766
2048,0.0,0.0009,0.0009,0.0002,0.0,1.0,0.0,1.1396,0.0,0.0,0.0,0.0,1.1396,1.1396,1.1419
2049,0.0,0.0004,0.0004,0.0001,0.0,1.0,0.0,0.8829,0.0,0.0,0.0,0.0,0.8829,0.8829,0.8854
2050,0.0,0.0006,0.0006,0.0001,0.0,1.0,0.0,1.1995,0.0,0.0,0.0,0.0,1.1995,1.1995,1.2031
2051,0.0,0.0005,0.0005,0.0001,0.0,1.0,0.0,1.29,0.0,0.0,0.0,0.0,1.29,1.29,1.2856
2052,0.0,0.0004,0.0004,0.0001,0.0,1.0,0.0,0.9783,0.0,0.0,0.0,0.0,0.9783,0.9783,0.9827
2053,0.0,0.0005,0.0005,0.0001,0.0,1.0,0.0,1.2131,0.0,0.0,0.0,0.0,1.2130999999999998,1.2130999999999998,1.2143
2054,0.0,0.0004,0.0004,0.0001,0.0,1.0,0.0,0.9837,0.0,0.0,0.0,0.0,0.9836999999999999,0.9836999999999999,0.9874
2055,0.0,0.0005,0.0005,0.0001,0.0,1.0,0.0,1.2201,0.0,0.0,0.0,0.0,1.2201,1.2201,1.2166
2056,0.0,0.0006,0.0006,0.0001,0.0,1.0,0.0,1.0549,0.0,0.0,0.0,0.0,1.0549,1.0549,1.0517
2057,0.0,0.0006,0.0006,0.0001,0.0,1.0,0.0,1.255,0.0,0.0,0.0,0.0,1.255,1.255,1.251
2058,0.0,0.0008,0.0008,0.0001,0.0,1.0,0.0,1.4354,0.0,0.0,0.0,0.0,1.4354,1.4354,1.436
2059,0.0,0.0011,0.0011,0.0002,0.0,1.0,0.0,1.3151,0.0,0.0,0.0,0.0,1.3151,1.3151,1.3189
2060,0.0,0.0011,0.0011,0.0002,0.0,1.0,0.0,1.5773,0.0,0.0,0.0,0.0,1.5773000000000001,1.5773000000000001,1.5733
2061,0.0,0.0006,0.0006,0.0001,0.0,1.0,0.0,1.4098,0.0,0.0,0.0,0.0,1.4098,1.4098,1.4125
2062,0.0,0.001,0.001,0.0002,0.0,1.0,0.0,1.5373,0.0,0.0,0.0,0.0,1.5373,1.5373,1.5366
2063,0.0,0.0005,0.0005,0.0001,0.0,1.0,0.0,1.3377,0.0,0.0,0.0,0.0,1.3377,1.3377,1.3353
2064,0.0,0.0007,0.0007,0.0001,0.0,1.0,0.0,1.4014,0.0,0.0,0.0,0.0,1.4014,1.4014,1.405
2065,0.0,0.0008,0.0008,0.0001,0.0,1.0,0.0,1.4356,0.0,0.0,0.0,0.0,1.4356,1.4356,1.4364
2066,0.0,0.0007,0.0007,0.0001,0.0,1.0,0.0,1.6539,0.0,0.0,0.0,0.0,1.6539,1.6539,1.6506
2067,0.0,0.0007,0.0007,0.0001,0.0,1.0,0.0,1.1519,0.0,0.0,0.0,0.0,1.1519,1.1519,1.1539
2068,0.0,0.0006,0.0006,0.0001,0.0,1.0,0.0,1.0169,0.0,0.0,0.0,0.0,1.0169000000000001,1.0169000000000001,1.0144
2069,0.0,0.0009,0.0009,0.0002,0.0,1.0,0.0,1.0439,0.0,0.0,0.0,0.0,1.0438999999999998,1.0438999999999998,1.0455
2070,0.0,0.0007,0.0007,0.0001,0.0,1.0,0.0,1.3418,0.0,0.0,0.0,0.0,1.3417999999999999,1.3417999999999999,1.3434
2071,0.0,0.0006,0.0006,0.0001,0.0,1.0,0.0,1.293,0.0,0.0,0.0,0.0,1.2930000000000001,1.2930000000000001,1.2908
2072,0.0,0.0005,0.0005,0.0001,0.0,1.0,0.0,1.0013,0.0,0.0,0.0,0.0,1.0012999999999999,1.0012999999999999,0.9971
2073,0.0,0.0008,0.0008,0.0001,0.0,1.0,0.0,1.7714,0.0,0.0,0.0,0.0,1.7713999999999999,1.7713999999999999,1.7672
2074,0.0,0.0004,0.0004,0.0001,0.0,1.0,0.0,1.019,0.0,0.0,0.0,0.0,1.019,1.019,1.0175
2075,0.0,0.0008,0.0008,0.0001,0.0,1.0,0.0,1.3957,0.0,0.0,0.0,0.0,1.3957000000000002,1.3957000000000002,1.3985
2076,0.0,0.0009,0.0009,0.0002,0.0,1.0,0.0,1.5881,0.0,0.0,0.0,0.0,1.5881,1.5881,1.5864
2077,0.0,0.0006,0.0006,0.0001,0.0,1.0,0.0,1.3126,0.0,0.0,0.0,0.0,1.3126000000000002,1.3126000000000002,1.3109
2078,0.0,0.0006,0.0006,0.0001,0.0,1.0,0.0,1.2342,0.0,0.0,0.0,0.0,1.2342,1.2342,1.2362
2079,0.0,0.0007,0.0007,0.0001,0.0,1.0,0.0,1.4218,0.0,0.0,0.0,0.0,1.4218,1.4218,1.4256
2080,0.0,0.001,0.001,0.0002,0.0,1.0,0.0,1.352,0.0,0.0,0.0,0.0,1.3519999999999999,1.3519999999999999,1.3523
2081,0.0,0.0011,0.0011,0.0002,0.0,1.0,0.0,1.3776,0.0,0.0,0.0,0.0,1.3776,1.3776,1.3766
2082,0.0,0.0004,0.0004,0.0001,0.0,1.0,0.0,1.1249,0.0,0.0,0.0,0.0,1.1249,1.1249,1.1263
2083,0.0,0.0009,0.0009,0.0002,0.0,1.0,0.0,1.2091,0.0,0.0,0.0,0.0,1.2090999999999998,1.2090999999999998,1.2121
2084,0.0,0.0004,0.0004,0.0001,0.0,1.0,0.0,0.9196,0.0,0.0,0.0,0.0,0.9196000000000001,0.9196000000000001,0.9197
2085,0.0,0.0008,0.0008,0.0001,0.0,1.0,0.0,1.2143,0.0,0.0,0.0,0.0,1.2143000000000002,1.2143000000000002,1.2141
2086,0.0,0.001,0.001,0.0002,0.0,1.0,0.0,1.2208,0.0,0.0,0.0,0.0,1.2208,1.2208,1.2222
2087,0.0,0.0003,0.0003,0.0001,0.0,1.0,0.0,0.6825,0.0,0.0,0.0,0.0,0.6825,0.6825,0.6818
2088,0.0,0.0008,0.0008,0.0001,0.0,1.0,0.0,1.4643,0.0,0.0,0.0,0.0,1.4643000000000002,1.4643000000000002,1.4669
2089,0.0,0.0006,0.0006,0.0001,0.0,1.0,0.0,1.4288,0.0,0.0,0.0,0.0,1.4288,1.4288,1.4336
2090,0.0,0.0008,0.0008,0.0001,0.0,1.0,0.0,1.132,0.0,0.0,0.0,0.0,1.1320000000000001,1.1320000000000001,1.1308
2091,0.0,0.0008,0.0008,0.0001,0.0,1.0,0.0,1.2806,0.0,0.0,0.0,0.0,1.2806,1.2806,1.2802
2092,0.0,0.0007,0.0007,0.0001,0.0,1.0,0.0,1.1354,0.0,0.0,0.0,0.0,1.1354,1.1354,1.1377
2093,0.0,0.0005,0.0005,0.0001,0.0,1.0,0.0,1.1469,0.0,0.0,0.0,0.0,1.1469,1.1469,1.1477
2094,0.0,0.0007,0.0007,0.0001,0.0,1.0,0.0,1.4284,0.0,0.0,0.0,0.0,1.4284000000000001,1.4284000000000001,1.4238
2095,0.0,0.0005,0.0005,0.0001,0.0,1.0,0.0,1.0965,0.0,0.0,0.0,0.0,1.0965,1.0965,1.0974
2096,0.0,0.0007,0.0007,0.0001,0.0,1.0,0.0,1.3129,0.0,0.0,0.0,0.0,1.3129,1.3129,1.3148
2097,0.0,0.0007,0.0007,0.0001,0.0,1.0,0.0,1.401,0.0,0.0,0.0,0.0,1.401,1.401,1.4031
2098,0.0,0.0008,0.0008,0.0001,0.0,1.0,0.0,1.2695,0.0,0.0,0.0,0.0,1.2695,1.2695,1.272
2099,0.0,0.0004,0.0004,0.0001,0.0,1.0,0.0,1.0658,0.0,0.0,0.0,0.0,1.0657999999999999,1.0657999999999999,1.0619
2100,0.0,0.0005,0.0005,0.0001,0.0,1.0,0.0,0.8968,0.0,0.0,0.0,0.0,0.8968,0.8968,0.8976
2101,0.0,0.0008,0.0008,0.0002,0.0,1.0,0.0,1.4515,0.0,0.0,0.0,0.0,1.4514999999999998,1.4514999999999998,1.4502
2102,0.0,0.0008,0.0008,0.0001,0.0,1.0,0.0,1.3793,0.0,0.0,0.0,0.0,1.3793,1.3793,1.3761
2103,0.0,0.0005,0.0005,0.0001,0.0,1.0,0.0,1.1403,0.0,0.0,0.0,0.0,1.1402999999999999,1.1402999999999999,1.1371
2104,0.0,0.0008,0.0008,0.0001,0.0,1.0,0.0,1.3473,0.0,0.0,0.0,0.0,1.3473000000000002,1.3473000000000002,1.3431
2105,0.0,0.0007,0.0007,0.0001,0.0,1.0,0.0,1.1313,0.0,0.0,0.0,0.0,1.1313,1.1313,1.1276
2106,0.0,0.0003,0.0003,0.0001,0.0,1.0,0.0,1.137,0.0,0.0,0.0,0.0,1.137,1.137,1.1339
2107,0.0,0.0005,0.0005,0.0001,0.0,1.0,0.0,1.2454,0.0,0.0,0.0,0.0,1.2454,1.2454,1.246
2108,0.0,0.0005,0.0005,0.0001,0.0,1.0,0.0,1.2777,0.0,0.0,0.0,0.0,1.2776999999999998,1.2776999999999998,1.2784
2109,0.0,0.0005,0.0005,0.0001,0.0,1.0,0.0,1.2722,0.0,0.0,0.0,0.0,1.2722,1.2722,1.2733
2110,0.0,0.0004,0.0004,0.0001,0.0,1.0,0.0,1.242,0.0,0.0,0.0,0.0,1.242,1.242,1.2379
2111,0.0,0.0007,0.0007,0.0001,0.0,1.0,0.0,1.4227,0.0,0.0,0.0,0.0,1.4227,1.4227,1.4222
2112,0.0,0.0004,0.0004,0.0001,0.0,1.0,0.0,1.3352,0.0,0.0,0.0,0.0,1.3352,1.3352,1.3354
2113,0.0,0.0007,0.0007,0.0001,0.0,1.0,0.0,1.1144,0.0,0.0,0.0,0.0,1.1144,1.1144,1.1187
2114,0.0,0.0007,0.0007,0.0001,0.0,1.0,0.0,1.5525,0.0,0.0,0.0,0.0,1.5524999999999998,1.5524999999999998,1.5568
2115,0.0,0.0005,0.0005,0.0001,0.0,1.0,0.0,1.1701,0.0,0.0,0.0,0.0,1.1701,1.1701,1.17
2116,0.0,0.0004,0.0004,0.0001,0.0,1.0,0.0,1.295,0.0,0.0,0.0,0.0,1.2950000000000002,1.2950000000000002,1.2993
2117,0.0,0.0007,0.0007,0.0001,0.0,1.0,0.0,1.5358,0.0,0.0,0.0,0.0,1.5358,1.5358,1.5323
2118,0.0,0.0006,0.0006,0.0001,0.0,1.0,0.0,1.3161,0.0,0.0,0.0,0.0,1.3161,1.3161,1.3192
2119,0.0,0.0007,0.0007,0.0001,0.0,1.0,0.0,1.0822,0.0,0.0,0.0,0.0,1.0821999999999998,1.0821999999999998,1.0799
2120,0.0,0.001,0.001,0.0002,0.0,1.0,0.0,1.1286,0.0,0.0,0.0,0.0,1.1285999999999998,1.1285999999999998,1.1299
2121,0.0,0.0006,0.0006,0.0001,0.0,1.0,0.0,0.848,0.0,0.0,0.0,0.0,0.8480000000000001,0.8480000000000001,0.8467
2122,0.0,0.0005,0.0005,0.0001,0.0,1.0,0.0,0.9116,0.0,0.0,0.0,0.0,0.9116,0.9116,0.9068
2123,0.0,0.0003,0.0003,0.0001,0.0,1.0,0.0,1.1784,0.0,0.0,0.0,0.0,1.1784,1.1784,1.1767
2124,0.0,0.0007,0.0007,0.0001,0.0,1.0,0.0,1.4278,0.0,0.0,0.0,0.0,1.4278,1.4278,1.4238
2125,0.0,0.0009,0.0009,0.0002,0.0,1.0,0.0,1.4338,0.0,0.0,0.0,0.0,1.4338000000000002,1.4338000000000002,1.4291
2126,0.0,0.0005,0.0005,0.0001,0.0,1.0,0.0,1.3181,0.0,0.0,0.0,0.0,1.3181,1.3181,1.3223
2127,0.0,0.001,0.001,0.0002,0.0,1.0,0.0,1.3819,0.0,0.0,0.0,0.0,1.3819,1.3819,1.3863
2128,0.0,0.0006,0.0006,0.0001,0.0,1.0,0.0,1.3045,0.0,0.0,0.0,0.0,1.3045,1.3045,1.3005
2129,0.0,0.0007,0.0007,0.0001,0.0,1.0,0.0,1.232,0.0,0.0,0.0,0.0,1.232,1.232,1.2299
2130,0.0,0.0007,0.0007,0.0001,0.0,1.0,0.0,1.5788,0.0,0.0,0.0,0.0,1.5788,1.5788,1.5824
2131,0.0,0.0005,0.0005,0.0001,0.0,1.0,0.0,0.9953,0.0,0.0,0.0,0.0,0.9953000000000001,0.9953000000000001,0.9977
2132,0.0,0.0007,0.0007,0.0001,0.0,1.0,0.0,1.0413,0.0,0.0,0.0,0.0,1.0413,1.0413,1.0379
2133,0.0,0.0005,0.0005,0.0001,0.0,1.0,0.0,1.4802,0.0,0.0,0.0,0.0,1.4802,1.4802,1.4771
2134,0.0,0.0007,0.0007,0.0001,0.0,1.0,0.0,1.1058,0.0,0.0,0.0,0.0,1.1058,1.1058,1.1038
2135,0.0,0.0008,0.0008,0.0001,0.0,1.0,0.0,1.2777,0.0,0.0,0.0,0.0,1.2776999999999998,1.2776999999999998,1.2759
2136,0.0,0.0007,0.0007,0.0001,0.0,1.0,0.0,0.997,0.0,0.0,0.0,0.0,0.9970000000000001,0.9970000000000001,1.001
2137,0.0,0.0008,0.0008,0.0002,0.0,1.0,0.0,1.3112,0.0,0.0,0.0,0.0,1.3112,1.3112,1.3142
2138,0.0,0.0004,0.0004,0.0001,0.0,1.0,0.0,1.0073,0.0,0.0,0.0,0.0,1.0072999999999999,1.0072999999999999,1.0028
2139,0.0,0.0009,0.0009,0.0002,0.0,1.0,0.0,1.0962,0.0,0.0,0.0,0.0,1.0962,1.0962,1.0923
2140,0.0,0.0004,0.0004,0.0001,0.0,1.0,0.0,0.9182,0.0,0.0,0.0,0.0,0.9182,0.9182,0.9182
2141,0.0,0.0007,0.0007,0.0001,0.0,1.0,0.0,1.4036,0.0,0.0,0.0,0.0,1.4036,1.4036,1.3999
2142,0.0,0.0007,0.0007,0.0001,0.0,1.0,0.0,1.2104,0.0,0.0,0.0,0.0,1.2104,1.2104,1.2075
2143,0.0,0.0004,0.0004,0.0001,0.0,1.0,0.0,0.8895,0.0,0.0,0.0,0.0,0.8895,0.8895,0.8919
2144,0.0,0.0005,0.0005,0.0001,0.0,1.0,0.0,1.026,0.0,0.0,0.0,0.0,1.026,1.026,1.0254
2145,0.0,0.0007,0.0007,0.0001,0.0,1.0,0.0,1.5825,0.0,0.0,0.0,0.0,1.5825,1.5825,1.5823
2146,0.0,0.0008,0.0008,0.0001,0.0,1.0,0.0,1.3132,0.0,0.0,0.0,0.0,1.3132000000000001,1.3132000000000001,1.3126
2147,0.0,0.0011,0.0011,0.0002,0.0,1.0,0.0,1.4628,0.0,0.0,0.0,0.0,1.4627999999999999,1.4627999999999999,1.4641
2148,0.0,0.0007,0.0007,0.0001,0.0,1.0,0.0,1.0804,0.0,0.0,0.0,0.0,1.0804,1.0804,1.0854
2149,0.0,0.0009,0.0009,0.0002,0.0,1.0,0.0,1.2893,0.0,0.0,0.0,0.0,1.2893,1.2893,1.2899
2150,0.0,0.0007,0.0007,0.0001,0.0,1.0,0.0,1.4141,0.0,0.0,0.0,0.0,1.4141,1.4141,1.4146
2151,0.0,0.0011,0.0011,0.0002,0.0,1.0,0.0,1.3993,0.0,0.0,0.0,0.0,1.3993,1.3993,1.4016
2152,0.0,0.0005,0.0005,0.0001,0.0,1.0,0.0,1.3584,0.0,0.0,0.0,0.0,1.3584,1.3584,1.3573
2153,0.0,0.0004,0.0004,0.0001,0.0,1.0,0.0,1.0019,0.0,0.0,0.0,0.0,1.0019,1.0019,1.0063
2154,0.0,0.0004,0.0004,0.0001,0.0,1.0,0.0,1.224,0.0,0.0,0.0,0.0,1.224,1.224,1.2284
2155,0.0,0.0004,0.0004,0.0001,0.0,1.0,0.0,0.7022,0.0,0.0,0.0,0.0,0.7021999999999999,0.7021999999999999,0.6988
2156,0.0,0.0006,0.0006,0.0001,0.0,1.0,0.0,1.1666,0.0,0.0,0.0,0.0,1.1665999999999999,1.1665999999999999,1.1622
2157,0.0,0.001,0.001,0.0002,0.0,1.0,0.0,1.5002,0.0,0.0,0.0,0.0,1.5002,1.5002,1.4957
2158,0.0,0.0009,0.0009,0.0002,0.0,1.0,0.0,1.0345,0.0,0.0,0.0,0.0,1.0345,1.0345,1.0303
2159,0.0,0.0006,0.0006,0.0001,0.0,1.0,0.0,1.3072,0.0,0.0,0.0,0.0,1.3072,1.3072,1.3048
2160,0.0,0.0007,0.0007,0.0001,0.0,1.0,0.0,1.0459,0.0,0.0,0.0,0.0,1.0459,1.0459,1.0476
2161,0.0,0.0006,0.0006,0.0001,0.0,1.0,0.0,1.2486,0.0,0.0,0.0,0.0,1.2486000000000002,1.2486000000000002,1.2517
2162,0.0,0.0007,0.0007,0.0001,0.0,1.0,0.0,1.3108,0.0,0.0,0.0,0.0,1.3108,1.3108,1.3105
2163,0.0,0.0009,0.0009,0.0002,0.0,1.0,0.0,1.0617,0.0,0.0,0.0,0.0,1.0617,1.0617,1.0623
2164,0.0,0.0003,0.0003,0.0001,0.0,1.0,0.0,1.0417,0.0,0.0,0.0,0.0,1.0417,1.0417,1.0374
2165,0.0,0.0005,0.0005,0.0001,0.0,1.0,0.0,1.0464,0.0,0.0,0.0,0.0,1.0464,1.0464,1.0464
2166,0.0,0.001,0.001,0.0002,0.0,1.0,0.0,1.5163,0.0,0.0,0.0,0.0,1.5163,1.5163,1.5199
2167,0.0,0.0009,0.0009,0.0002,0.0,1.0,0.0,1.3488,0.0,0.0,0.0,0.0,1.3488,1.3488,1.3497
2168,0.0,0.0007,0.0007,0.0001,0.0,1.0,0.0,1.2864,0.0,0.0,0.0,0.0,1.2864,1.2864,1.2889
2169,0.0,0.0008,0.0008,0.0001,0.0,1.0,0.0,1.2494,0.0,0.0,0.0,0.0,1.2494,1.2494,1.2489
2170,0.0,0.0008,0.0008,0.0001,0.0,1.0,0.0,1.3394,0.0,0.0,0.0,0.0,1.3394,1.3394,1.3354
2171,0.0,0.0005,0.0005,0.0001,0.0,1.0,0.0,1.1391,0.0,0.0,0.0,0.0,1.1391,1.1391,1.1429
2172,0.0,0.0007,0.0007,0.0001,0.0,1.0,0.0,1.0655,0.0,0.0,0.0,0.0,1.0655000000000001,1.0655000000000001,1.0632
2173,0.0,0.0011,0.0011,0.0002,0.0,1.0,0.0,1.3972,0.0,0.0,0.0,0.0,1.3972,1.3972,1.398
2174,0.0,0.0005,0.0005,0.0001,0.0,1.0,0.0,1.3394,0.0,0.0,0.0,0.0,1.3394,1.3394,1.3345
2175,0.0,0.0009,0.0009,0.0002,0.0,1.0,0.0,1.5,0.0,0.0,0.0,0.0,1.5,1.5,1.504
2176,0.0,0.0008,0.0008,0.0001,0.0,1.0,0.0,1.6736,0.0,0.0,0.0,0.0,1.6736000000000002,1.6736000000000002,1.6741
2177,0.0,0.001,0.001,0.0002,0.0,1.0,0.0,1.2009,0.0,0.0,0.0,0.0,1.2008999999999999,1.2008999999999999,1.1973
2178,0.0,0.0006,0.0006,0.0001,0.0,1.0,0.0,1.2161,0.0,0.0,0.0,0.0,1.2161,1.2161,1.2196
2179,0.0,0.0006,0.0006,0.0001,0.0,1.0,0.0,1.3057,0.0,0.0,0.0,0.0,1.3056999999999999,1.3056999999999999,1.3011
2180,0.0,0.0004,0.0004,0.0001,0.0,1.0,0.0,1.1179,0.0,0.0,0.0,0.0,1.1179000000000001,1.1179000000000001,1.1164
2181,0.0,0.0009,0.0009,0.0002,0.0,1.0,0.0,1.5449,0.0,0.0,0.0,0.0,1.5449,1.5449,1.5414
2182,0.0,0.0006,0.0006,0.0001,0.0,1.0,0.0,1.4463,0.0,0.0,0.0,0.0,1.4463,1.4463,1.4507
2183,0.0,0.0009,0.0009,0.0002,0.0,1.0,0.0,1.4142,0.0,0.0,0.0,0.0,1.4142000000000001,1.4142000000000001,1.4178
2184,0.0,0.0003,0.0003,0.0001,0.0,1.0,0.0,1.1857,0.0,0.0,0.0,0.0,1.1857,1.1857,1.1863
2185,0.0,0.0009,0.0009,0.0002,0.0,1.0,0.0,1.3161,0.0,0.0,0.0,0.0,1.3161,1.3161,1.3193
2186,0.0,0.0005,0.0005,0.0001,0.0,1.0,0.0,1.2004,0.0,0.0,0.0,0.0,1.2004000000000001,1.2004000000000001,1.2007
2187,0.0,0.0004,0.0004,0.0001,0.0,1.0,0.0,1.4228,0.0,0.0,0.0,0.0,1.4228,1.4228,1.4236
2188,0.0,0.0007,0.0007,0.0001,0.0,1.0,0.0,1.0409,0.0,0.0,0.0,0.0,1.0409,1.0409,1.0435
2189,0.0,0.0005,0.0005,0.0001,0.0,1.0,0.0,1.1866,0.0,0.0,0.0,0.0,1.1865999999999999,1.1865999999999999,1.1843
2190,0.0,0.0005,0.0005,0.0001,0.0,1.0,0.0,1.1454,0.0,0.0,0.0,0.0,1.1454,1.1454,1.1464
2191,0.0,0.0008,0.0008,0.0002,0.0,1.0,0.0,1.2205,0.0,0.0,0.0,0.0,1.2205,1.2205,1.2213
2192,0.0,0.0008,0.0008,0.0001,0.0,1.0,0.0,1.3244,0.0,0.0,0.0,0.0,1.3244,1.3244,1.3287
2193,0.0,0.0004,0.0004,0.0001,0.0,1.0,0.0,0.9499,0.0,0.0,0.0,0.0,0.9499,0.9499,0.9514
2194,0.0,0.0008,0.0008,0.0002,0.0,1.0,0.0,1.3342,0.0,0.0,0.0,0.0,1.3342,1.3342,1.3341
2195,0.0,0.0008,0.0008,0.0002,0.0,1.0,0.0,1.4564,0.0,0.0,0.0,0.0,1.4564000000000001,1.4564000000000001,1.4526
2196,0.0,0.0004,0.0004,0.0001,0.0,1.0,0.0,0.9492,0.0,0.0,0.0,0.0,0.9492,0.9492,0.9504
2197,0.0,0.0007,0.0007,0.0001,0.0,1.0,0.0,1.4937,0.0,0.0,0.0,0.0,1.4937,1.4937,1.491
2198,0.0,0.0008,0.0008,0.0001,0.0,1.0,0.0,1.4832,0.0,0.0,0.0,0.0,1.4832,1.4832,1.4782
2199,0.0,0.001,0.001,0.0002,0.0,1.0,0.0,1.5812,0.0,0.0,0.0,0.0,1.5812,1.5812,1.5801
2200,0.0,0.0006,0.0006,0.0001,0.0,1.0,0.0,1.0383,0.0,0.0,0.0,0.0,1.0383,1.0383,1.0353
2201,0.0,0.0004,0.0004,0.0001,0.0,1.0,0.0,0.9353,0.0,0.0,0.0,0.0,0.9352999999999999,0.9352999999999999,0.9364
2202,0.0,0.0008,0.0008,0.0001,0.0,1.0,0.0,1.4079,0.0,0.0,0.0,0.0,1.4079000000000002,1.4079000000000002,1.406
2203,0.0,0.0007,0.0007,0.0001,0.0,1.0,0.0,1.1535,0.0,0.0,0.0,0.0,1.1535,1.1535,1.1535
2204,0.0,0.0004,0.0004,0.0001,0.0,1.0,0.0,0.8471,0.0,0.0,0.0,0.0,0.8471,0.8471,0.8491
2205,0.0,0.0004,0.0004,0.0001,0.0,1.0,0.0,1.0119,0.0,0.0,0.0,0.0,1.0119,1.0119,1.0112
2206,0.0,0.0005,0.0005,0.0001,0.0,1.0,0.0,1.4527,0.0,0.0,0.0,0.0,1.4526999999999999,1.4526999999999999,1.4543
2207,0.0,0.0007,0.0007,0.0001,0.0,1.0,0.0,1.0796,0.0,0.0,0.0,0.0,1.0796000000000001,1.0796000000000001,1.0795
2208,0.0,0.0008,0.0008,0.0001,0.0,1.0,0.0,1.2727,0.0,0.0,0.0,0.0,1.2727,1.2727,1.2699
2209,0.0,0.0004,0.0004,0.0001,0.0,1.0,0.0,0.9772,0.0,0.0,0.0,0.0,0.9772000000000001,0.9772000000000001,0.9772
2210,0.0,0.0004,0.0004,0.0001,0.0,1.0,0.0,1.3992,0.0,0.0,0.0,0.0,1.3992,1.3992,1.3959
2211,0.0,0.0008,0.0008,0.0001,0.0,1.0,0.0,1.427,0.0,0.0,0.0,0.0,1.427,1.427,1.4309
2212,0.0,0.0006,0.0006,0.0001,0.0,1.0,0.0,1.2448,0.0,0.0,0.0,0.0,1.2448,1.2448,1.2488
2213,0.0,0.0005,0.0005,0.0001,0.0,1.0,0.0,1.3469,0.0,0.0,0.0,0.0,1.3469,1.3469,1.3461
2214,0.0,0.0009,0.0009,0.0002,0.0,1.0,0.0,1.723,0.0,0.0,0.0,0.0,1.7229999999999999,1.7229999999999999,1.7222
2215,0.0,0.0009,0.0009,0.0002,0.0,1.0,0.0,1.1674,0.0,0.0,0.0,0.0,1.1674,1.1674,1.1707
2216,0.0,0.0007,0.0007,0.0001,0.0,1.0,0.0,1.1363,0.0,0.0,0.0,0.0,1.1362999999999999,1.1362999999999999,1.1394
2217,0.0,0.0005,0.0005,0.0001,0.0,1.0,0.0,1.2714,0.0,0.0,0.0,0.0,1.2713999999999999,1.2713999999999999,1.2682
2218,0.0,0.0005,0.0005,0.0001,0.0,1.0,0.0,1.1338,0.0,0.0,0.0,0.0,1.1338,1.1338,1.1346
2219,0.0,0.0004,0.0004,0.0001,0.0,1.0,0.0,1.2292,0.0,0.0,0.0,0.0,1.2292,1.2292,1.2289
2220,0.0,0.0011,0.0011,0.0002,0.0,1.0,0.0,1.6815,0.0,0.0,0.0,0.0,1.6815,1.6815,1.6845
2221,0.0,0.0006,0.0006,0.0001,0.0,1.0,0.0,1.5076,0.0,0.0,0.0,0.0,1.5076,1.5076,1.5116
2222,0.0,0.0005,0.0005,0.0001,0.0,1.0,0.0,1.2503,0.0,0.0,0.0,0.0,1.2503,1.2503,1.2547
2223,0.0,0.0005,0.0005,0.0001,0.0,1.0,0.0,1.2122,0.0,0.0,0.0,0.0,1.2122,1.2122,1.209
2224,0.0,0.0008,0.0008,0.0001,0.0,1.0,0.0,1.4714,0.0,0.0,0.0,0.0,1.4713999999999998,1.4713999999999998,1.4757
2225,0.0,0.0005,0.0005,0.0001,0.0,1.0,0.0,1.0141,0.0,0.0,0.0,0.0,1.0141,1.0141,1.0129
2226,0.0,0.0007,0.0007,0.0001,0.0,1.0,0.0,1.2332,0.0,0.0,0.0,0.0,1.2332,1.2332,1.232
2227,0.0,0.0006,0.0006,0.0001,0.0,1.0,0.0,1.202,0.0,0.0,0.0,0.0,1.202,1.202,1.2027
2228,0.0,0.0007,0.0007,0.0001,0.0,1.0,0.0,1.3572,0.0,0.0,0.0,0.0,1.3572,1.3572,1.3583
2229,0.0,0.0008,0.0008,0.0001,0.0,1.0,0.0,1.1375,0.0,0.0,0.0,0.0,1.1375,1.1375,1.1406
2230,0.0,0.0004,0.0004,0.0001,0.0,1.0,0.0,0.7369,0.0,0.0,0.0,0.0,0.7369,0.7369,0.7375
2231,0.0,0.0003,0.0003,0.0001,0.0,1.0,0.0,1.0911,0.0,0.0,0.0,0.0,1.0911,1.0911,1.0872
2232,0.0,0.0009,0.0009,0.0002,0.0,1.0,0.0,1.4573,0.0,0.0,0.0,0.0,1.4573,1.4573,1.4532
2233,0.0,0.0006,0.0006,0.0001,0.0,1.0,0.0,1.2045,0.0,0.0,0.0,0.0,1.2045000000000001,1.2045000000000001,1.2026
2234,0.0,0.0004,0.0004,0.0001,0.0,1.0,0.0,0.9508,0.0,0.0,0.0,0.0,0.9508,0.9508,0.9516
2235,0.0,0.0007,0.0007,0.0001,0.0,1.0,0.0,1.3437,0.0,0.0,0.0,0.0,1.3437000000000001,1.3437000000000001,1.3404
2236,0.0,0.0009,0.0009,0.0002,0.0,1.0,0.0,1.238,0.0,0.0,0.0,0.0,1.238,1.238,1.2411
2237,0.0,0.001,0.001,0.0002,0.0,1.0,0.0,1.4094,0.0,0.0,0.0,0.0,1.4093999999999998,1.4093999999999998,1.4045
2238,0.0,0.0006,0.0006,0.0001,0.0,1.0,0.0,1.3691,0.0,0.0,0.0,0.0,1.3691,1.3691,1.3702
2239,0.0,0.0007,0.0007,0.0001,0.0,1.0,0.0,0.9739,0.0,0.0,0.0,0.0,0.9739000000000001,0.9739000000000001,0.974
2240,0.0,0.0008,0.0008,0.0001,0.0,1.0,0.0,1.0215,0.0,0.0,0.0,0.0,1.0215,1.0215,1.0201
2241,0.0,0.001,0.001,0.0002,0.0,1.0,0.0,1.4777,0.0,0.0,0.0,0.0,1.4777,1.4777,1.4742
2242,0.0,0.0006,0.0006,0.0001,0.0,1.0,0.0,1.2729,0.0,0.0,0.0,0.0,1.2729,1.2729,1.2758
2243,0.0,0.0006,0.0006,0.0001,0.0,1.0,0.0,1.3686,0.0,0.0,0.0,0.0,1.3685999999999998,1.3685999999999998,1.3734
2244,0.0,0.0008,0.0008,0.0001,0.0,1.0,0.0,1.1037,0.0,0.0,0.0,0.0,1.1037,1.1037,1.1083
2245,0.0,0.0008,0.0008,0.0001,0.0,1.0,0.0,1.5354,0.0,0.0,0.0,0.0,1.5353999999999999,1.5353999999999999,1.5344
2246,0.0,0.0005,0.0005,0.0001,0.0,1.0,0.0,0.9943,0.0,0.0,0.0,0.0,0.9943,0.9943,0.9926
2247,0.0,0.0006,0.0006,0.0001,0.0,1.0,0.0,1.3432,0.0,0.0,0.0,0.0,1.3432,1.3432,1.3417
2248,0.0,0.0008,0.0008,0.0001,0.0,1.0,0.0,1.2796,0.0,0.0,0.0,0.0,1.2795999999999998,1.2795999999999998,1.2785
2249,0.0,0.0004,0.0004,0.0001,0.0,1.0,0.0,0.918,0.0,0.0,0.0,0.0,0.918,0.918,0.913
2250,0.0,0.0011,0.0011,0.0002,0.0,1.0,0.0,1.5829,0.0,0.0,0.0,0.0,1.5829,1.5829,1.581
2251,0.0,0.0005,0.0005,0.0001,0.0,1.0,0.0,1.003,0.0,0.0,0.0,0.0,1.0030000000000001,1.0030000000000001,1.0034
2252,0.0,0.001,0.001,0.0002,0.0,1.0,0.0,1.5148,0.0,0.0,0.0,0.0,1.5148,1.5148,1.5196
2253,0.0,0.0004,0.0004,0.0001,0.0,1.0,0.0,0.9927,0.0,0.0,0.0,0.0,0.9926999999999999,0.9926999999999999,0.9908
2254,0.0,0.0004,0.0004,0.0001,0.0,1.0,0.0,1.1169,0.0,0.0,0.0,0.0,1.1169,1.1169,1.1219
2255,0.0,0.0009,0.0009,0.0002,0.0,1.0,0.0,1.3172,0.0,0.0,0.0,0.0,1.3172000000000001,1.3172000000000001,1.3218
2256,0.0,0.0007,0.0007,0.0001,0.0,1.0,0.0,1.3024,0.0,0.0,0.0,0.0,1.3024,1.3024,1.3047
2257,0.0,0.0011,0.0011,0.0002,0.0,1.0,0.0,1.4419,0.0,0.0,0.0,0.0,1.4419000000000002,1.4419000000000002,1.4376
2258,0.0,0.0006,0.0006,0.0001,0.0,1.0,0.0,1.0721,0.0,0.0,0.0,0.0,1.0721,1.0721,1.073
2259,0.0,0.0007,0.0007,0.0001,0.0,1.0,0.0,1.0034,0.0,0.0,0.0,0.0,1.0034,1.0034,0.9987
2260,0.0,0.0007,0.0007,0.0001,0.0,1.0,0.0,1.3412,0.0,0.0,0.0,0.0,1.3412000000000002,1.3412000000000002,1.3444
2261,0.0,0.0004,0.0004,0.0001,0.0,1.0,0.0,1.2531,0.0,0.0,0.0,0.0,1.2530999999999999,1.2530999999999999,1.2528
2262,0.0,0.0006,0.0006,0.0001,0.0,1.0,0.0,1.0048,0.0,0.0,0.0,0.0,1.0048,1.0048,1.0
2263,0.0,0.001,0.001,0.0002,0.0,1.0,0.0,1.5652,0.0,0.0,0.0,0.0,1.5652,1.5652,1.5626
2264,0.0,0.0006,0.0006,0.0001,0.0,1.0,0.0,1.523,0.0,0.0,0.0,0.0,1.523,1.523,1.5191
2265,0.0,0.0006,0.0006,0.0001,0.0,1.0,0.0,1.3285,0.0,0.0,0.0,0.0,1.3285,1.3285,1.3306
2266,0.0,0.0006,0.0006,0.0001,0.0,1.0,0.0,1.0445,0.0,0.0,0.0,0.0,1.0445,1.0445,1.0465
2267,0.0,0.0011,0.0011,0.0002,0.0,1.0,0.0,1.6772,0.0,0.0,0.0,0.0,1.6772,1.6772,1.6807
2268,0.0,0.0008,0.0008,0.0001,0.0,1.0,0.0,1.013,0.0,0.0,0.0,0.0,1.013,1.013,1.0106
2269,0.0,0.0007,0.0007,0.0001,0.0,1.0,0.0,1.3426,0.0,0.0,0.0,0.0,1.3426,1.3426,1.3439
2270,0.0,0.0003,0.0003,0.0001,0.0,1.0,0.0,1.0287,0.0,0.0,0.0,0.0,1.0287,1.0287,1.032
2271,0.0,0.0006,0.0006,0.0001,0.0,1.0,0.0,1.1197,0.0,0.0,0.0,0.0,1.1197,1.1197,1.1238
2272,0.0,0.0008,0.0008,0.0002,0.0,1.0,0.0,1.5226,0.0,0.0,0.0,0.0,1.5226000000000002,1.5226000000000002,1.5222
2273,0.0,0.0007,0.0007,0.0001,0.0,1.0,0.0,1.3753,0.0,0.0,0.0,0.0,1.3753,1.3753,1.3759
2274,0.0,0.0005,0.0005,0.0001,0.0,1.0,0.0,0.8884,0.0,0.0,0.0,0.0,0.8884000000000001,0.8884000000000001,0.893
2275,0.0,0.0005,0.0005,0.0001,0.0,1.0,0.0,0.9991,0.0,0.0,0.0,0.0,0.9991000000000001,0.9991000000000001,0.9972
2276,0.0,0.0006,0.0006,0.0001,0.0,1.0,0.0,1.4994,0.0,0.0,0.0,0.0,1.4994,1.4994,1.5023
2277,0.0,0.0008,0.0008,0.0001,0.0,1.0,0.0,1.6459,0.0,0.0,0.0,0.0,1.6459000000000001,1.6459000000000001,1.6445
2278,0.0,0.0011,0.0011,0.0002,0.0,1.0,0.0,1.4288,0.0,0.0,0.0,0.0,1.4288,1.4288,1.4306
2279,0.0,0.0007,0.0007,0.0001,0.0,1.0,0.0,1.2556,0.0,0.0,0.0,0.0,1.2556,1.2556,1.2512
2280,0.0,0.0007,0.0007,0.0001,0.0,1.0,0.0,1.4072,0.0,0.0,0.0,0.0,1.4072,1.4072,1.4028
2281,0.0,0.001,0.001,0.0002,0.0,1.0,0.0,1.1818,0.0,0.0,0.0,0.0,1.1818,1.1818,1.184
2282,0.0,0.0006,0.0006,0.0001,0.0,1.0,0.0,1.2375,0.0,0.0,0.0,0.0,1.2375,1.2375,1.2343
2283,0.0,0.0008,0.0008,0.0001,0.0,1.0,0.0,1.3716,0.0,0.0,0.0,0.0,1.3716,1.3716,1.3694
2284,0.0,0.0008,0.0008,0.0002,0.0,1.0,0.0,1.4307,0.0,0.0,0.0,0.0,1.4306999999999999,1.4306999999999999,1.4301
2285,0.0,0.0006,0.0006,0.0001,0.0,1.0,0.0,0.9701,0.0,0.0,0.0,0.0,0.9701,0.9701,0.9692
2286,0.0,0.0007,0.0007,0.0001,0.0,1.0,0.0,1.4675,0.0,0.0,0.0,0.0,1.4674999999999998,1.4674999999999998,1.4631
2287,0.0,0.0005,0.0005,0.0001,0.0,1.0,0.0,1.3168,0.0,0.0,0.0,0.0,1.3168,1.3168,1.3144
2288,0.0,0.0007,0.0007,0.0001,0.0,1.0,0.0,1.3925,0.0,0.0,0.0,0.0,1.3925,1.3925,1.3962
2289,0.0,0.0009,0.0009,0.0002,0.0,1.0,0.0,1.5722,0.0,0.0,0.0,0.0,1.5721999999999998,1.5721999999999998,1.5721
2290,0.0,0.0009,0.0009,0.0002,0.0,1.0,0.0,1.2577,0.0,0.0,0.0,0.0,1.2577,1.2577,1.2546
2291,0.0,0.0005,0.0005,0.0001,0.0,1.0,0.0,1.2453,0.0,0.0,0.0,0.0,1.2452999999999999,1.2452999999999999,1.2476
2292,0.0,0.0011,0.0011,0.0002,0.0,1.0,0.0,1.5245,0.0,0.0,0.0,0.0,1.5245,1.5245,1.5262
2293,0.0,0.0004,0.0004,0.0001,0.0,1.0,0.0,0.8573,0.0,0.0,0.0,0.0,0.8573,0.8573,0.8551
2294,0.0,0.0004,0.0004,0.0001,0.0,1.0,0.0,1.1952,0.0,0.0,0.0,0.0,1.1952,1.1952,1.1934
2295,0.0,0.0007,0.0007,0.0001,0.0,1.0,0.0,1.5183,0.0,0.0,0.0,0.0,1.5183,1.5183,1.5209
2296,0.0,0.0005,0.0005,0.0001,0.0,1.0,0.0,1.3009,0.0,0.0,0.0,0.0,1.3009000000000002,1.3009000000000002,1.2975
2297,0.0,0.0004,0.0004,0.0001,0.0,1.0,0.0,0.9188,0.0,0.0,0.0,0.0,0.9188,0.9188,0.916
2298,0.0,0.0005,0.0005,0.0001,0.0,1.0,0.0,1.5507,0.0,0.0,0.0,0.0,1.5507,1.5507,1.5552
2299,0.0,0.0008,0.0008,0.0001,0.0,1.0,0.0,1.2781,0.0,0.0,0.0,0.0,1.2781,1.2781,1.2791
2300,0.0,0.0005,0.0005,0.0001,0.0,1.0,0.0,0.9087,0.0,0.0,0.0,0.0,0.9087000000000001,0.9087000000000001,0.9096
2301,0.0,0.0007,0.0007,0.0001,0.0,1.0,0.0,1.2344,0.0,0.0,0.0,0.0,1.2344,1.2344,1.2333
2302,0.0,0.0005,0.0005,0.0001,0.0,1.0,0.0,0.9939,0.0,0.0,0.0,0.0,0.9939,0.9939,0.9939
2303,0.0,0.0006,0.0006,0.0001,0.0,1.0,0.0,1.4147,0.0,0.0,0.0,0.0,1.4146999999999998,1.4146999999999998,1.4115
2304,0.0,0.0007,0.0007,0.0001,0.0,1.0,0.0,1.457,0.0,0.0,0.0,0.0,1.4569999999999999,1.4569999999999999,1.4598
2305,0.0,0.0008,0.0008,0.0001,0.0,1.0,0.0,1.3339,0.0,0.0,0.0,0.0,1.3339,1.3339,1.3381
2306,0.0,0.0007,0.0007,0.0001,0.0,1.0,0.0,1.5564,0.0,0.0,0.0,0.0,1.5564,1.5564,1.5582
2307,0.0,0.0006,0.0006,0.0001,0.0,1.0,0.0,1.3612,0.0,0.0,0.0,0.0,1.3612,1.3612,1.3648
2308,0.0,0.0008,0.0008,0.0001,0.0,1.0,0.0,1.3307,0.0,0.0,0.0,0.0,1.3307,1.3307,1.3259
2309,0.0,0.0007,0.0007,0.0001,0.0,1.0,0.0,1.44,0.0,0.0,0.0,0.0,1.44,1.44,1.4386
2310,0.0,0.0007,0.0007,0.0001,0.0,1.0,0.0,1.4471,0.0,0.0,0.0,0.0,1.4471,1.4471,1.4498
2311,0.0,0.0003,0.0003,0.0001,0.0,1.0,0.0,1.1308,0.0,0.0,0.0,0.0,1.1307999999999998,1.1307999999999998,1.1298
2312,0.0,0.001,0.001,0.0002,0.0,1.0,0.0,1.5906,0.0,0.0,0.0,0.0,1.5906,1.5906,1.5863
2313,0.0,0.0007,0.0007,0.0001,0.0,1.0,0.0,1.486,0.0,0.0,0.0,0.0,1.486,1.486,1.4846
2314,0.0,0.001,0.001,0.0002,0.0,1.0,0.0,1.2803,0.0,0.0,0.0,0.0,1.2803,1.2803,1.2778
2315,0.0,0.0005,0.0005,0.0001,0.0,1.0,0.0,1.0589,0.0,0.0,0.0,0.0,1.0589,1.0589,1.0628
2316,0.0,0.0004,0.0004,0.0001,0.0,1.0,0.0,0.7493,0.0,0.0,0.0,0.0,0.7493,0.7493,0.7481
2317,0.0,0.0005,0.0005,0.0001,0.0,1.0,0.0,1.1081,0.0,0.0,0.0,0.0,1.1081,1.1081,1.1128
2318,0.0,0.0007,0.0007,0.0001,0.0,1.0,0.0,0.9283,0.0,0.0,0.0,0.0,0.9282999999999999,0.9282999999999999,0.9325
2319,0.0,0.0005,0.0005,0.0001,0.0,1.0,0.0,1.1835,0.0,0.0,0.0,0.0,1.1835,1.1835,1.1789
2320,0.0,0.0004,0.0004,0.0001,0.0,1.0,0.0,0.9801,0.0,0.0,0.0,0.0,0.9801,0.9801,0.9772
2321,0.0,0.0008,0.0008,0.0001,0.0,1.0,0.0,1.1814,0.0,0.0,0.0,0.0,1.1814,1.1814,1.1771
2322,0.0,0.0008,0.0008,0.0002,0.0,1.0,0.0,1.3299,0.0,0.0,0.0,0.0,1.3298999999999999,1.3298999999999999,1.3284
2323,0.0,0.0003,0.0003,0.0001,0.0,1.0,0.0,1.0898,0.0,0.0,0.0,0.0,1.0897999999999999,1.0897999999999999,1.0911
2324,0.0,0.0006,0.0006,0.0001,0.0,1.0,0.0,1.1923,0.0,0.0,0.0,0.0,1.1923,1.1923,1.1915
2325,0.0,0.0009,0.0009,0.0002,0.0,1.0,0.0,1.2131,0.0,0.0,0.0,0.0,1.2131,1.2131,1.216
2326,0.0,0.0004,0.0004,0.0001,0.0,1.0,0.0,0.8695,0.0,0.0,0.0,0.0,0.8694999999999999,0.8694999999999999,0.8663
2327,0.0,0.0008,0.0008,0.0001,0.0,1.0,0.0,1.6291,0.0,0.0,0.0,0.0,1.6291,1.6291,1.6262
2328,0.0,0.0009,0.0009,0.0002,0.0,1.0,0.0,1.3519,0.0,0.0,0.0,0.0,1.3519,1.3519,1.353
2329,0.0,0.0008,0.0008,0.0002,0.0,1.0,0.0,1.3476,0.0,0.0,0.0,0.0,1.3476,1.3476,1.3453
2330,0.0,0.0003,0.0003,0.0001,0.0,1.0,0.0,1.0391,0.0,0.0,0.0,0.0,1.0391,1.0391,1.0382
2331,0.0,0.0007,0.0007,0.0001,0.0,1.0,0.0,1.2871,0.0,0.0,0.0,0.0,1.2871000000000001,1.2871000000000001,1.2832
2332,0.0,0.0004,0.0004,0.0001,0.0,1.0,0.0,0.7646,0.0,0.0,0.0,0.0,0.7646,0.7646,0.7598
2333,0.0,0.0005,0.0005,0.0001,0.0,1.0,0.0,1.0154,0.0,0.0,0.0,0.0,1.0153999999999999,1.0153999999999999,1.0156
2334,0.0,0.0005,0.0005,0.0001,0.0,1.0,0.0,0.8792,0.0,0.0,0.0,0.0,0.8792,0.8792,0.8767
2335,0.0,0.0006,0.0006,0.0001,0.0,1.0,0.0,1.4175,0.0,0.0,0.0,0.0,1.4175,1.4175,1.422
2336,0.0,0.0011,0.0011,0.0002,0.0,1.0,0.0,1.7026,0.0,0.0,0.0,0.0,1.7026,1.7026,1.6988
2337,0.0,0.0006,0.0006,0.0001,0.0,1.0,0.0,1.3816,0.0,0.0,0.0,0.0,1.3816,1.3816,1.378
2338,0.0,0.0007,0.0007,0.0001,0.0,1.0,0.0,1.1208,0.0,0.0,0.0,0.0,1.1208,1.1208,1.1245
2339,0.0,0.0009,0.0009,0.0002,0.0,1.0,0.0,1.404,0.0,0.0,0.0,0.0,1.404,1.404,1.4067
2340,0.0,0.0009,0.0009,0.0002,0.0,1.0,0.0,1.2895,0.0,0.0,0.0,0.0,1.2895,1.2895,1.2878
2341,0.0,0.0007,0.0007,0.0001,0.0,1.0,0.0,1.4994,0.0,0.0,0.0,0.0,1.4994,1.4994,1.4945
2342,0.0,0.0007,0.0007,0.0001,0.0,1.0,0.0,1.4726,0.0,0.0,0.0,0.0,1.4726,1.4726,1.4715
2343,0.0,0.0004,0.0004,0.0001,0.0,1.0,0.0,0.9603,0.0,0.0,0.0,0.0,0.9603,0.9603,0.9625
2344,0.0,0.001,0.001,0.0002,0.0,1.0,0.0,1.5406,0.0,0.0,0.0,0.0,1.5406,1.5406,1.541
2345,0.0,0.0007,0.0007,0.0001,0.0,1.0,0.0,1.1025,0.0,0.0,0.0,0.0,1.1025,1.1025,1.1037
2346,0.0,0.0004,0.0004,0.0001,0.0,1.0,0.0,0.9213,0.0,0.0,0.0,0.0,0.9213,0.9213,0.9222
2347,0.0,0.0005,0.0005,0.0001,0.0,1.0,0.0,1.1347,0.0,0.0,0.0,0.0,1.1347,1.1347,1.1333
2348,0.0,0.0007,0.0007,0.0001,0.0,1.0,0.0,1.1237,0.0,0.0,0.0,0.0,1.1237,1.1237,1.1277
2349,0.0,0.0008,0.0008,0.0001,0.0,1.0,0.0,1.3545,0.0,0.0,0.0,0.0,1.3545,1.3545,1.3523
2350,0.0,0.0006,0.0006,0.0001,0.0,1.0,0.0,1.2647,0.0,0.0,0.0,0.0,1.2647,1.2647,1.2607
2351,0.0,0.0006,0.0006,0.0001,0.0,1.0,0.0,1.1562,0.0,0.0,0.0,0.0,1.1562,1.1562,1.1556
2352,0.0,0.0008,0.0008,0.0002,0.0,1.0,0.0,1.6565,0.0,0.0,0.0,0.0,1.6565,1.6565,1.66
2353,0.0,0.0008,0.0008,0.0001,0.0,1.0,0.0,1.0808,0.0,0.0,0.0,0.0,1.0808,1.0808,1.085
2354,0.0,0.0006,0.0006,0.0001,0.0,1.0,0.0,1.1672,0.0,0.0,0.0,0.0,1.1672,1.1672,1.1673
2355,0.0,0.0006,0.0006,0.0001,0.0,1.0,0.0,1.412,0.0,0.0,0.0,0.0,1.412,1.412,1.4097
2356,0.0,0.0005,0.0005,0.0001,0.0,1.0,0.0,1.1141,0.0,0.0,0.0,0.0,1.1141,1.1141,1.1097
2357,0.0,0.0006,0.0006,0.0001,0.0,1.0,0.0,1.4808,0.0,0.0,0.0,0.0,1.4808,1.4808,1.4776
2358,0.0,0.0007,0.0007,0.0001,0.0,1.0,0.0,1.3832,0.0,0.0,0.0,0.0,1.3832,1.3832,1.3788
2359,0.0,0.0006,0.0006,0.0001,0.0,1.0,0.0,1.4384,0.0,0.0,0.0,0.0,1.4384000000000001,1.4384000000000001,1.4381
2360,0.0,0.0009,0.0009,0.0002,0.0,1.0,0.0,1.1487,0.0,0.0,0.0,0.0,1.1487,1.1487,1.1453
2361,0.0,0.0006,0.0006,0.0001,0.0,1.0,0.0,1.1558,0.0,0.0,0.0,0.0,1.1558,1.1558,1.1549
2362,0.0,0.0008,0.0008,0.0001,0.0,1.0,0.0,1.5076,0.0,0.0,0.0,0.0,1.5076,1.5076,1.508
2363,0.0,0.0005,0.0005,0.0001,0.0,1.0,0.0,1.2572,0.0,0.0,0.0,0.0,1.2572,1.2572,1.2622
2364,0.0,0.0005,0.0005,0.0001,0.0,1.0,0.0,1.0319,0.0,0.0,0.0,0.0,1.0319,1.0319,1.029
2365,0.0,0.0007,0.0007,0.0001,0.0,1.0,0.0,1.448,0.0,0.0,0.0,0.0,1.448,1.448,1.445
2366,0.0,0.0004,0.0004,0.0001,0.0,1.0,0.0,1.1632,0.0,0.0,0.0,0.0,1.1632,1.1632,1.1622
2367,0.0,0.0008,0.0008,0.0002,0.0,1.0,0.0,1.3138,0.0,0.0,0.0,0.0,1.3138,1.3138,1.3116
2368,0.0,0.0007,0.0007,0.0001,0.0,1.0,0.0,1.0752,0.0,0.0,0.0,0.0,1.0752,1.0752,1.0777
2369,0.0,0.0005,0.0005,0.0001,0.0,1.0,0.0,1.032,0.0,0.0,0.0,0.0,1.032,1.032,1.0346
2370,0.0,0.0007,0.0007,0.0001,0.0,1.0,0.0,1.623,0.0,0.0,0.0,0.0,1.623,1.623,1.6188
2371,0.0,0.0009,0.0009,0.0002,0.0,1.0,0.0,1.4122,0.0,0.0,0.0,0.0,1.4122,1.4122,1.4169
2372,0.0,0.0006,0.0006,0.0001,0.0,1.0,0.0,0.9464,0.0,0.0,0.0,0.0,0.9464,0.9464,0.9427
2373,0.0,0.001,0.001,0.0002,0.0,1.0,0.0,1.3488,0.0,0.0,0.0,0.0,1.3488,1.3488,1.3472
2374,0.0,0.0007,0.0007,0.0001,0.0,1.0,0.0,1.6692,0.0,0.0,0.0,0.0,1.6692,1.6692,1.6713
2375,0.0,0.0006,0.0006,0.0001,0.0,1.0,0.0,1.3252,0.0,0.0,0.0,0.0,1.3252,1.3252,1.3286
2376,0.0,0.0006,0.0006,0.0001,0.0,1.0,0.0,1.5722,0.0,0.0,0.0,0.0,1.5722,1.5722,1.5762
2377,0.0,0.0008,0.0008,0.0001,0.0,1.0,0.0,1.4475,0.0,0.0,0.0,0.0,1.4475,1.4475,1.4491
2378,0.0,0.0006,0.0006,0.0001,0.0,1.0,0.0,1.3049,0.0,0.0,0.0,0.0,1.3049,1.3049,1.3055
2379,0.0,0.0004,0.0004,0.0001,0.0,1.0,0.0,1.2033,0.0,0.0,0.0,0.0,1.2033,1.2033,1.2
2380,0.0,0.0005,0.0005,0.0001,0.0,1.0,0.0,1.4073,0.0,0.0,0.0,0.0,1.4072999999999998,1.4072999999999998,1.4058
2381,0.0,0.0006,0.0006,0.0001,0.0,1.0,0.0,1.5043,0.0,0.0,0.0,0.0,1.5043,1.5043,1.5022
2382,0.0,0.0006,0.0006,0.0001,0.0,1.0,0.0,1.1111,0.0,0.0,0.0,0.0,1.1111,1.1111,1.1152
2383,0.0,0.0004,0.0004,0.0001,0.0,1.0,0.0,0.9614,0.0,0.0,0.0,0.0,0.9613999999999999,0.9613999999999999,0.9615
2384,0.0,0.0008,0.0008,0.0001,0.0,1.0,0.0,1.2094,0.0,0.0,0.0,0.0,1.2094,1.2094,1.2057
2385,0.0,0.0008,0.0008,0.0001,0.0,1.0,0.0,1.5189,0.0,0.0,0.0,0.0,1.5189,1.5189,1.5219
2386,0.0,0.0003,0.0003,0.0001,0.0,1.0,0.0,1.3363,0.0,0.0,0.0,0.0,1.3363,1.3363,1.3366
2387,0.0,0.0004,0.0004,0.0001,0.0,1.0,0.0,1.4012,0.0,0.0,0.0,0.0,1.4012,1.4012,1.3965
2388,0.0,0.0004,0.0004,0.0001,0.0,1.0,0.0,0.988,0.0,0.0,0.0,0.0,0.988,0.988,0.9832
2389,0.0,0.0004,0.0004,0.0001,0.0,1.0,0.0,1.1901,0.0,0.0,0.0,0.0,1.1901000000000002,1.1901000000000002,1.1895
2390,0.0,0.0004,0.0004,0.0001,0.0,1.0,0.0,1.2303,0.0,0.0,0.0,0.0,1.2303,1.2303,1.2304
2391,0.0,0.001,0.001,0.0002,0.0,1.0,0.0,1.3574,0.0,0.0,0.0,0.0,1.3574000000000002,1.3574000000000002,1.3595
2392,0.0,0.0006,0.0006,0.0001,0.0,1.0,0.0,1.2553,0.0,0.0,0.0,0.0,1.2552999999999999,1.2552999999999999,1.2535
2393,0.0,0.0009,0.0009,0.0002,0.0,1.0,0.0,1.3247,0.0,0.0,0.0,0.0,1.3247,1.3247,1.3255
2394,0.0,0.0007,0.0007,0.0001,0.0,1.0,0.0,1.3281,0.0,0.0,0.0,0.0,1.3281,1.3281,1.3281
2395,0.0,0.0009,0.0009,0.0002,0.0,1.0,0.0,1.4565,0.0,0.0,0.0,0.0,1.4565000000000001,1.4565000000000001,1.4602
2396,0.0,0.0009,0.0009,0.0002,0.0,1.0,0.0,1.6624,0.0,0.0,0.0,0.0,1.6624000000000003,1.6624000000000003,1.6592
2397,0.0,0.0005,0.0005,0.0001,0.0,1.0,0.0,0.8095,0.0,0.0,0.0,0.0,0.8095,0.8095,0.8052
2398,0.0,0.0003,0.0003,0.0001,0.0,1.0,0.0,1.1448,0.0,0.0,0.0,0.0,1.1448,1.1448,1.1461
2399,0.0,0.0003,0.0003,0.0001,0.0,1.0,0.0,1.0234,0.0,0.0,0.0,0.0,1.0234,1.0234,1.022
2400,0.0,0.0006,0.0006,0.0001,0.0,1.0,0.0,0.9066,0.0,0.0,0.0,0.0,0.9066,0.9066,0.906
2401,0.0,0.0008,0.0008,0.0002,0.0,1.0,0.0,1.6568,0.0,0.0,0.0,0.0,1.6568,1.6568,1.661
2402,0.0,0.0005,0.0005,0.0001,0.0,1.0,0.0,1.0385,0.0,0.0,0.0,0.0,1.0385,1.0385,1.0356
2403,0.0,0.0006,0.0006,0.0001,0.0,1.0,0.0,1.0034,0.0,0.0,0.0,0.0,1.0034,1.0034,1.0064
2404,0.0,0.0006,0.0006,0.0001,0.0,1.0,0.0,1.2599,0.0,0.0,0.0,0.0,1.2599,1.2599,1.2647
2405,0.0,0.0006,0.0006,0.0001,0.0,1.0,0.0,1.3662,0.0,0.0,0.0,0.0,1.3662,1.3662,1.3705
2406,0.0,0.0003,0.0003,0.0001,0.0,1.0,0.0,0.9795,0.0,0.0,0.0,0.0,0.9795,0.9795,0.9805
2407,0.0,0.0006,0.0006,0.0001,0.0,1.0,0.0,1.1474,0.0,0.0,0.0,0.0,1.1474,1.1474,1.1453
2408,0.0,0.0005,0.0005,0.0001,0.0,1.0,0.0,1.3958,0.0,0.0,0.0,0.0,1.3958,1.3958,1.3959
2409,0.0,0.0011,0.0011,0.0002,0.0,1.0,0.0,1.1969,0.0,0.0,0.0,0.0,1.1968999999999999,1.1968999999999999,1.1991
2410,0.0,0.0009,0.0009,0.0002,0.0,1.0,0.0,1.4204,0.0,0.0,0.0,0.0,1.4204,1.4204,1.4245
2411,0.0,0.0008,0.0008,0.0001,0.0,1.0,0.0,1.5305,0.0,0.0,0.0,0.0,1.5305,1.5305,1.5326
2412,0.0,0.0008,0.0008,0.0001,0.0,1.0,0.0,1.1198,0.0,0.0,0.0,0.0,1.1198000000000001,1.1198000000000001,1.1188
2413,0.0,0.0004,0.0004,0.0001,0.0,1.0,0.0,0.9039,0.0,0.0,0.0,0.0,0.9038999999999999,0.9038999999999999,0.899
2414,0.0,0.0006,0.0006,0.0001,0.0,1.0,0.0,1.1873,0.0,0.0,0.0,0.0,1.1873,1.1873,1.1915
2415,0.0,0.0006,0.0006,0.0001,0.0,1.0,0.0,1.0953,0.0,0.0,0.0,0.0,1.0953,1.0953,1.097
2416,0.0,0.0004,0.0004,0.0001,0.0,1.0,0.0,1.1108,0.0,0.0,0.0,0.0,1.1108,1.1108,1.1132
2417,0.0,0.0004,0.0004,0.0001,0.0,1.0,0.0,1.1787,0.0,0.0,0.0,0.0,1.1787,1.1787,1.1808
2418,0.0,0.0005,0.0005,0.0001,0.0,1.0,0.0,1.0421,0.0,0.0,0.0,0.0,1.0421,1.0421,1.0373
2419,0.0,0.0004,0.0004,0.0001,0.0,1.0,0.0,1.3618,0.0,0.0,0.0,0.0,1.3618,1.3618,1.3615
2420,0.0,0.0006,0.0006,0.0001,0.0,1.0,0.0,1.0908,0.0,0.0,0.0,0.0,1.0908,1.0908,1.0906
2421,0.0,0.0005,0.0005,0.0001,0.0,1.0,0.0,0.9891,0.0,0.0,0.0,0.0,0.9891000000000001,0.9891000000000001,0.9915
2422,0.0,0.0006,0.0006,0.0001,0.0,1.0,0.0,1.29,0.0,0.0,0.0,0.0,1.29,1.29,1.2935
2423,0.0,0.0006,0.0006,0.0001,0.0,1.0,0.0,1.3876,0.0,0.0,0.0,0.0,1.3876,1.3876,1.3906
2424,0.0,0.0007,0.0007,0.0001,0.0,1.0,0.0,1.133,0.0,0.0,0.0,0.0,1.133,1.133,1.1282
2425,0.0,0.0007,0.0007,0.0001,0.0,1.0,0.0,1.0482,0.0,0.0,0.0,0.0,1.0482,1.0482,1.0478
2426,0.0,0.0007,0.0007,0.0001,0.0,1.0,0.0,1.5384,0.0,0.0,0.0,0.0,1.5384,1.5384,1.5343
2427,0.0,0.0009,0.0009,0.0002,0.0,1.0,0.0,0.9573,0.0,0.0,0.0,0.0,0.9573,0.9573,0.9582
2428,0.0,0.0007,0.0007,0.0001,0.0,1.0,0.0,1.318,0.0,0.0,0.0,0.0,1.318,1.318,1.3175
2429,0.0,0.0007,0.0007,0.0001,0.0,1.0,0.0,1.5633,0.0,0.0,0.0,0.0,1.5633,1.5633,1.5682
2430,0.0,0.0004,0.0004,0.0001,0.0,1.0,0.0,1.1647,0.0,0.0,0.0,0.0,1.1646999999999998,1.1646999999999998,1.1668
2431,0.0,0.0003,0.0003,0.0001,0.0,1.0,0.0,1.4032,0.0,0.0,0.0,0.0,1.4032,1.4032,1.4082
2432,0.0,0.0009,0.0009,0.0002,0.0,1.0,0.0,1.1731,0.0,0.0,0.0,0.0,1.1731,1.1731,1.1778
2433,0.0,0.0008,0.0008,0.0001,0.0,1.0,0.0,1.1895,0.0,0.0,0.0,0.0,1.1895,1.1895,1.1856
2434,0.0,0.0006,0.0006,0.0001,0.0,1.0,0.0,1.4376,0.0,0.0,0.0,0.0,1.4376,1.4376,1.435
2435,0.0,0.0008,0.0008,0.0001,0.0,1.0,0.0,1.3702,0.0,0.0,0.0,0.0,1.3702,1.3702,1.3745
2436,0.0,0.0007,0.0007,0.0001,0.0,1.0,0.0,1.1846,0.0,0.0,0.0,0.0,1.1846,1.1846,1.1846
2437,0.0,0.0004,0.0004,0.0001,0.0,1.0,0.0,0.7341,0.0,0.0,0.0,0.0,0.7341,0.7341,0.7331
2438,0.0,0.0005,0.0005,0.0001,0.0,1.0,0.0,0.8806,0.0,0.0,0.0,0.0,0.8806,0.8806,0.8819
2439,0.0,0.0005,0.0005,0.0001,0.0,1.0,0.0,1.4038,0.0,0.0,0.0,0.0,1.4038,1.4038,1.4055
2440,0.0,0.0003,0.0003,0.0001,0.0,1.0,0.0,0.7155,0.0,0.0,0.0,0.0,0.7155,0.7155,0.7128
2441,0.0,0.0005,0.0005,0.0001,0.0,1.0,0.0,0.9992,0.0,0.0,0.0,0.0,0.9992,0.9992,0.9942
2442,0.0,0.0004,0.0004,0.0001,0.0,1.0,0.0,0.9702,0.0,0.0,0.0,0.0,0.9702,0.9702,0.9726
2443,0.0,0.0008,0.0008,0.0001,0.0,1.0,0.0,1.3657,0.0,0.0,0.0,0.0,1.3657,1.3657,1.3635
2444,0.0,0.0009,0.0009,0.0002,0.0,1.0,0.0,1.1418,0.0,0.0,0.0,0.0,1.1418,1.1418,1.1392
2445,0.0,0.0006,0.0006,0.0001,0.0,1.0,0.0,0.9899,0.0,0.0,0.0,0.0,0.9899000000000001,0.9899000000000001,0.9871
2446,0.0,0.0003,0.0003,0.0001,0.0,1.0,0.0,1.1209,0.0,0.0,0.0,0.0,1.1209,1.1209,1.1209
2447,0.0,0.001,0.001,0.0002,0.0,1.0,0.0,1.6718,0.0,0.0,0.0,0.0,1.6718000000000002,1.6718000000000002,1.6748
2448,0.0,0.0004,0.0004,0.0001,0.0,1.0,0.0,1.4648,0.0,0.0,0.0,0.0,1.4648,1.4648,1.4674
2449,0.0,0.0008,0.0008,0.0001,0.0,1.0,0.0,1.277,0.0,0.0,0.0,0.0,1.277,1.277,1.2756
2450,0.0,0.0005,0.0005,0.0001,0.0,1.0,0.0,1.0106,0.0,0.0,0.0,0.0,1.0106,1.0106,1.0119
2451,0.0,0.0007,0.0007,0.0001,0.0,1.0,0.0,1.5556,0.0,0.0,0.0,0.0,1.5556,1.5556,1.56
2452,0.0,0.0008,0.0008,0.0001,0.0,1.0,0.0,1.1296,0.0,0.0,0.0,0.0,1.1296,1.1296,1.1336
2453,0.0,0.0004,0.0004,0.0001,0.0,1.0,0.0,1.1085,0.0,0.0,0.0,0.0,1.1085,1.1085,1.1051
2454,0.0,0.0007,0.0007,0.0001,0.0,1.0,0.0,1.5888,0.0,0.0,0.0,0.0,1.5888,1.5888,1.5895
2455,0.0,0.0006,0.0006,0.0001,0.0,1.0,0.0,0.9828,0.0,0.0,0.0,0.0,0.9828000000000001,0.9828000000000001,0.9806
2456,0.0,0.0007,0.0007,0.0001,0.0,1.0,0.0,1.3994,0.0,0.0,0.0,0.0,1.3994,1.3994,1.397
2457,0.0,0.0006,0.0006,0.0001,0.0,1.0,0.0,1.1121,0.0,0.0,0.0,0.0,1.1120999999999999,1.1120999999999999,1.1156
2458,0.0,0.0005,0.0005,0.0001,0.0,1.0,0.0,1.5754,0.0,0.0,0.0,0.0,1.5754000000000001,1.5754000000000001,1.5787
2459,0.0,0.0007,0.0007,0.0001,0.0,1.0,0.0,1.459,0.0,0.0,0.0,0.0,1.459,1.459,1.4615
2460,0.0,0.0008,0.0008,0.0001,0.0,1.0,0.0,1.3136,0.0,0.0,0.0,0.0,1.3136,1.3136,1.3101
2461,0.0,0.0004,0.0004,0.0001,0.0,1.0,0.0,0.7604,0.0,0.0,0.0,0.0,0.7604,0.7604,0.7597
2462,0.0,0.0009,0.0009,0.0002,0.0,1.0,0.0,1.5848,0.0,0.0,0.0,0.0,1.5848,1.5848,1.58
2463,0.0,0.0011,0.0011,0.0002,0.0,1.0,0.0,1.2563,0.0,0.0,0.0,0.0,1.2563,1.2563,1.2561
2464,0.0,0.0004,0.0004,0.0001,0.0,1.0,0.0,1.122,0.0,0.0,0.0,0.0,1.1219999999999999,1.1219999999999999,1.1214
2465,0.0,0.0008,0.0008,0.0001,0.0,1.0,0.0,1.778,0.0,0.0,0.0,0.0,1.778,1.778,1.7804
2466,0.0,0.0003,0.0003,0.0001,0.0,1.0,0.0,1.1549,0.0,0.0,0.0,0.0,1.1549,1.1549,1.1596
2467,0.0,0.0003,0.0003,0.0001,0.0,1.0,0.0,0.9593,0.0,0.0,0.0,0.0,0.9593,0.9593,0.9581
2468,0.0,0.0003,0.0003,0.0001,0.0,1.0,0.0,0.7342,0.0,0.0,0.0,0.0,0.7342,0.7342,0.7389
2469,0.0,0.0007,0.0007,0.0001,0.0,1.0,0.0,1.2766,0.0,0.0,0.0,0.0,1.2766,1.2766,1.2785
2470,0.0,0.0007,0.0007,0.0001,0.0,1.0,0.0,1.2619,0.0,0.0,0.0,0.0,1.2618999999999998,1.2618999999999998,1.2643
2471,0.0,0.0006,0.0006,0.0001,0.0,1.0,0.0,1.3905,0.0,0.0,0.0,0.0,1.3905,1.3905,1.3896
2472,0.0,0.0004,0.0004,0.0001,0.0,1.0,0.0,1.3135,0.0,0.0,0.0,0.0,1.3135,1.3135,1.3086
2473,0.0,0.001,0.001,0.0002,0.0,1.0,0.0,1.484,0.0,0.0,0.0,0.0,1.484,1.484,1.4823
2474,0.0,0.0005,0.0005,0.0001,0.0,1.0,0.0,0.9061,0.0,0.0,0.0,0.0,0.9061,0.9061,0.9017
2475,0.0,0.0006,0.0006,0.0001,0.0,1.0,0.0,1.4791,0.0,0.0,0.0,0.0,1.4790999999999999,1.4790999999999999,1.4828
2476,0.0,0.0007,0.0007,0.0001,0.0,1.0,0.0,1.3216,0.0,0.0,0.0,0.0,1.3216,1.3216,1.3259
2477,0.0,0.0005,0.0005,0.0001,0.0,1.0,0.0,1.1062,0.0,0.0,0.0,0.0,1.1062,1.1062,1.1061
2478,0.0,0.0003,0.0003,0.0001,0.0,1.0,0.0,0.9078,0.0,0.0,0.0,0.0,0.9078,0.9078,0.9031
2479,0.0,0.0009,0.0009,0.0002,0.0,1.0,0.0,1.4195,0.0,0.0,0.0,0.0,1.4195,1.4195,1.4207
2480,0.0,0.0007,0.0007,0.0001,0.0,1.0,0.0,1.2494,0.0,0.0,0.0,0.0,1.2494,1.2494,1.2471
2481,0.0,0.0007,0.0007,0.0001,0.0,1.0,0.0,1.3781,0.0,0.0,0.0,0.0,1.3780999999999999,1.3780999999999999,1.38
2482,0.0,0.0005,0.0005,0.0001,0.0,1.0,0.0,1.0443,0.0,0.0,0.0,0.0,1.0443,1.0443,1.0476
2483,0.0,0.0007,0.0007,0.0001,0.0,1.0,0.0,1.1872,0.0,0.0,0.0,0.0,1.1871999999999998,1.1871999999999998,1.1913
2484,0.0,0.0007,0.0007,0.0001,0.0,1.0,0.0,1.35,0.0,0.0,0.0,0.0,1.35,1.35,1.348
2485,0.0,0.0004,0.0004,0.0001,0.0,1.0,0.0,1.0479,0.0,0.0,0.0,0.0,1.0479,1.0479,1.0528
2486,0.0,0.0005,0.0005,0.0001,0.0,1.0,0.0,1.4604,0.0,0.0,0.0,0.0,1.4604,1.4604,1.4592
2487,0.0,0.0006,0.0006,0.0001,0.0,1.0,0.0,1.3368,0.0,0.0,0.0,0.0,1.3368,1.3368,1.3361
2488,0.0,0.0008,0.0008,0.0001,0.0,1.0,0.0,1.1006,0.0,0.0,0.0,0.0,1.1006,1.1006,1.0999
2489,0.0,0.0007,0.0007,0.0001,0.0,1.0,0.0,1.0419,0.0,0.0,0.0,0.0,1.0419,1.0419,1.0401
2490,0.0,0.0003,0.0003,0.0001,0.0,1.0,0.0,1.3381,0.0,0.0,0.0,0.0,1.3381,1.3381,1.3357
2491,0.0,0.0008,0.0008,0.0002,0.0,1.0,0.0,1.3818,0.0,0.0,0.0,0.0,1.3818000000000001,1.3818000000000001,1.3835
2492,0.0,0.0006,0.0006,0.0001,0.0,1.0,0.0,0.9623,0.0,0.0,0.0,0.0,0.9623,0.9623,0.9585
2493,0.0,0.0003,0.0003,0.0001,0.0,1.0,0.0,0.852,0.0,0.0,0.0,0.0,0.8520000000000001,0.8520000000000001,0.8539
2494,0.0,0.0006,0.0006,0.0001,0.0,1.0,0.0,1.4676,0.0,0.0,0.0,0.0,1.4676,1.4676,1.4711
2495,0.0,0.0006,0.0006,0.0001,0.0,1.0,0.0,1.2302,0.0,0.0,0.0,0.0,1.2302,1.2302,1.226
2496,0.0,0.0006,0.0006,0.0001,0.0,1.0,0.0,1.1453,0.0,0.0,0.0,0.0,1.1453,1.1453,1.1439
2497,0.0,0.0006,0.0006,0.0001,0.0,1.0,0.0,1.014,0.0,0.0,0.0,0.0,1.014,1.014,1.0149
2498,0.0,0.0008,0.0008,0.0002,0.0,1.0,0.0,1.4392,0.0,0.0,0.0,0.0,1.4392,1.4392,1.4421
2499,0.0,0.0003,0.0003,0.0001,0.0,1.0,0.0,1.033,0.0,0.0,0.0,0.0,1.033,1.033,1.0349
2500,0.0,0.0008,0.0008,0.0001,0.0,1.0,0.0,1.6669,0.0,0.0,0.0,0.0,1.6669,1.6669,1.6629
2501,0.0,0.0011,0.0011,0.0002,0.0,1.0,0.0,1.3941,0.0,0.0,0.0,0.0,1.3941000000000001,1.3941000000000001,1.3952
2502,0.0,0.0006,0.0006,0.0001,0.0,1.0,0.0,1.2758,0.0,0.0,0.0,0.0,1.2758,1.2758,1.2773
2503,0.0,0.0004,0.0004,0.0001,0.0,1.0,0.0,1.1391,0.0,0.0,0.0,0.0,1.1391,1.1391,1.1409
2504,0.0,0.0006,0.0006,0.0001,0.0,1.0,0.0,1.2305,0.0,0.0,0.0,0.0,1.2305000000000001,1.2305000000000001,1.2258
2505,0.0,0.0008,0.0008,0.0001,0.0,1.0,0.0,1.0987,0.0,0.0,0.0,0.0,1.0987,1.0987,1.0981
2506,0.0,0.0007,0.0007,0.0001,0.0,1.0,0.0,1.3604,0.0,0.0,0.0,0.0,1.3603999999999998,1.3603999999999998,1.3633
2507,0.0,0.0004,0.0004,0.0001,0.0,1.0,0.0,1.2211,0.0,0.0,0.0,0.0,1.2211,1.2211,1.2166
2508,0.0,0.0004,0.0004,0.0001,0.0,1.0,0.0,1.1215,0.0,0.0,0.0,0.0,1.1215,1.1215,1.1198
2509,0.0,0.0008,0.0008,0.0001,0.0,1.0,0.0,1.6698,0.0,0.0,0.0,0.0,1.6698,1.6698,1.6656
2510,0.0,0.0009,0.0009,0.0002,0.0,1.0,0.0,1.2546,0.0,0.0,0.0,0.0,1.2546,1.2546,1.2583
2511,0.0,0.0008,0.0008,0.0001,0.0,1.0,0.0,1.6892,0.0,0.0,0.0,0.0,1.6891999999999998,1.6891999999999998,1.694
2512,0.0,0.0007,0.0007,0.0001,0.0,1.0,0.0,1.4853,0.0,0.0,0.0,0.0,1.4853,1.4853,1.4874
2513,0.0,0.001,0.001,0.0002,0.0,1.0,0.0,1.4412,0.0,0.0,0.0,0.0,1.4411999999999998,1.4411999999999998,1.4429
2514,0.0,0.0004,0.0004,0.0001,0.0,1.0,0.0,1.1086,0.0,0.0,0.0,0.0,1.1086,1.1086,1.1115
2515,0.0,0.0006,0.0006,0.0001,0.0,1.0,0.0,1.2822,0.0,0.0,0.0,0.0,1.2822,1.2822,1.2828
2516,0.0,0.0005,0.0005,0.0001,0.0,1.0,0.0,1.3063,0.0,0.0,0.0,0.0,1.3063,1.3063,1.3053
2517,0.0,0.0006,0.0006,0.0001,0.0,1.0,0.0,1.3689,0.0,0.0,0.0,0.0,1.3689,1.3689,1.3671
2518,0.0,0.0007,0.0007,0.0001,0.0,1.0,0.0,1.3198,0.0,0.0,0.0,0.0,1.3198,1.3198,1.3184
2519,0.0,0.0006,0.0006,0.0001,0.0,1.0,0.0,1.2404,0.0,0.0,0.0,0.0,1.2404000000000002,1.2404000000000002,1.2444
2520,0.0,0.0003,0.0003,0.0001,0.0,1.0,0.0,1.1271,0.0,0.0,0.0,0.0,1.1271,1.1271,1.1229
2521,0.0,0.0004,0.0004,0.0001,0.0,1.0,0.0,0.9205,0.0,0.0,0.0,0.0,0.9205,0.9205,0.9186
2522,0.0,0.0004,0.0004,0.0001,0.0,1.0,0.0,0.8726,0.0,0.0,0.0,0.0,0.8726,0.8726,0.8744
2523,0.0,0.0005,0.0005,0.0001,0.0,1.0,0.0,0.8316,0.0,0.0,0.0,0.0,0.8316,0.8316,0.8316
2524,0.0,0.0003,0.0003,0.0001,0.0,1.0,0.0,1.0618,0.0,0.0,0.0,0.0,1.0617999999999999,1.0617999999999999,1.0658
2525,0.0,0.0009,0.0009,0.0002,0.0,1.0,0.0,1.4581,0.0,0.0,0.0,0.0,1.4581,1.4581,1.4619
2526,0.0,0.0005,0.0005,0.0001,0.0,1.0,0.0,1.2594,0.0,0.0,0.0,0.0,1.2593999999999999,1.2593999999999999,1.2625
2527,0.0,0.0004,0.0004,0.0001,0.0,1.0,0.0,1.0671,0.0,0.0,0.0,0.0,1.0671,1.0671,1.0717
2528,0.0,0.0008,0.0008,0.0001,0.0,1.0,0.0,1.3995,0.0,0.0,0.0,0.0,1.3995000000000002,1.3995000000000002,1.4035
2529,0.0,0.0003,0.0003,0.0001,0.0,1.0,0.0,1.1314,0.0,0.0,0.0,0.0,1.1314,1.1314,1.1313
2530,0.0,0.001,0.001,0.0002,0.0,1.0,0.0,1.2507,0.0,0.0,0.0,0.0,1.2507000000000001,1.2507000000000001,1.2531
2531,0.0,0.0006,0.0006,0.0001,0.0,1.0,0.0,1.4941,0.0,0.0,0.0,0.0,1.4941,1.4941,1.4897
2532,0.0,0.0004,0.0004,0.0001,0.0,1.0,0.0,1.0898,0.0,0.0,0.0,0.0,1.0897999999999999,1.0897999999999999,1.0913
2533,0.0,0.0004,0.0004,0.0001,0.0,1.0,0.0,1.0699,0.0,0.0,0.0,0.0,1.0699,1.0699,1.0729
2534,0.0,0.0005,0.0005,0.0001,0.0,1.0,0.0,1.4898,0.0,0.0,0.0,0.0,1.4897999999999998,1.4897999999999998,1.4947
2535,0.0,0.0006,0.0006,0.0001,0.0,1.0,0.0,0.9641,0.0,0.0,0.0,0.0,0.9641,0.9641,0.9648
2536,0.0,0.0009,0.0009,0.0002,0.0,1.0,0.0,1.5112,0.0,0.0,0.0,0.0,1.5111999999999999,1.5111999999999999,1.5101
2537,0.0,0.0004,0.0004,0.0001,0.0,1.0,0.0,1.1514,0.0,0.0,0.0,0.0,1.1514,1.1514,1.1536
2538,0.0,0.0003,0.0003,0.0001,0.0,1.0,0.0,1.0805,0.0,0.0,0.0,0.0,1.0805,1.0805,1.0786
2539,0.0,0.0005,0.0005,0.0001,0.0,1.0,0.0,0.9621,0.0,0.0,0.0,0.0,0.9621,0.9621,0.9582
2540,0.0,0.0005,0.0005,0.0001,0.0,1.0,0.0,1.4798,0.0,0.0,0.0,0.0,1.4798,1.4798,1.479
2541,0.0,0.0007,0.0007,0.0001,0.0,1.0,0.0,1.1265,0.0,0.0,0.0,0.0,1.1265,1.1265,1.1264
2542,0.0,0.001,0.001,0.0002,0.0,1.0,0.0,1.5425,0.0,0.0,0.0,0.0,1.5425,1.5425,1.5404
2543,0.0,0.0009,0.0009,0.0002,0.0,1.0,0.0,1.233,0.0,0.0,0.0,0.0,1.233,1.233,1.2298
2544,0.0,0.0008,0.0008,0.0001,0.0,1.0,0.0,1.2216,0.0,0.0,0.0,0.0,1.2216,1.2216,1.2241
2545,0.0,0.0008,0.0008,0.0001,0.0,1.0,0.0,1.7183,0.0,0.0,0.0,0.0,1.7183000000000002,1.7183000000000002,1.7158
2546,0.0,0.0008,0.0008,0.0001,0.0,1.0,0.0,1.1769,0.0,0.0,0.0,0.0,1.1768999999999998,1.1768999999999998,1.1794
2547,0.0,0.0006,0.0006,0.0001,0.0,1.0,0.0,1.2385,0.0,0.0,0.0,0.0,1.2385000000000002,1.2385000000000002,1.2407
2548,0.0,0.0007,0.0007,0.0001,0.0,1.0,0.0,1.0242,0.0,0.0,0.0,0.0,1.0242,1.0242,1.0261
2549,0.0,0.0008,0.0008,0.0001,0.0,1.0,0.0,1.1497,0.0,0.0,0.0,0.0,1.1497,1.1497,1.1534
2550,0.0,0.0011,0.0011,0.0002,0.0,1.0,0.0,1.3965,0.0,0.0,0.0,0.0,1.3965,1.3965,1.3916
2551,0.0,0.0007,0.0007,0.0001,0.0,1.0,0.0,1.0806,0.0,0.0,0.0,0.0,1.0806,1.0806,1.0763
2552,0.0,0.0005,0.0005,0.0001,0.0,1.0,0.0,1.3933,0.0,0.0,0.0,0.0,1.3933,1.3933,1.3897
2553,0.0,0.0003,0.0003,0.0001,0.0,1.0,0.0,1.3043,0.0,0.0,0.0,0.0,1.3043,1.3043,1.3003
2554,0.0,0.0008,0.0008,0.0001,0.0,1.0,0.0,1.3417,0.0,0.0,0.0,0.0,1.3417,1.3417,1.3384
2555,0.0,0.0003,0.0003,0.0001,0.0,1.0,0.0,1.0876,0.0,0.0,0.0,0.0,1.0876000000000001,1.0876000000000001,1.0865
2556,0.0,0.0007,0.0007,0.0001,0.0,1.0,0.0,1.3104,0.0,0.0,0.0,0.0,1.3104,1.3104,1.3106
2557,0.0,0.0006,0.0006,0.0001,0.0,1.0,0.0,1.4191,0.0,0.0,0.0,0.0,1.4191,1.4191,1.4167
2558,0.0,0.0006,0.0006,0.0001,0.0,1.0,0.0,1.3946,0.0,0.0,0.0,0.0,1.3946,1.3946,1.3933
2559,0.0,0.0009,0.0009,0.0002,0.0,1.0,0.0,1.4133,0.0,0.0,0.0,0.0,1.4132999999999998,1.4132999999999998,1.4109
2560,0.0,0.0008,0.0008,0.0001,0.0,1.0,0.0,1.2731,0.0,0.0,0.0,0.0,1.2731,1.2731,1.2735
2561,0.0,0.0006,0.0006,0.0001,0.0,1.0,0.0,1.2038,0.0,0.0,0.0,0.0,1.2038,1.2038,1.2077
2562,0.0,0.0005,0.0005,0.0001,0.0,1.0,0.0,1.2715,0.0,0.0,0.0,0.0,1.2714999999999999,1.2714999999999999,1.2748
2563,0.0,0.0005,0.0005,0.0001,0.0,1.0,0.0,1.128,0.0,0.0,0.0,0.0,1.1280000000000001,1.1280000000000001,1.1293
2564,0.0,0.0006,0.0006,0.0001,0.0,1.0,0.0,0.999,0.0,0.0,0.0,0.0,0.999,0.999,0.9943
2565,0.0,0.0006,0.0006,0.0001,0.0,1.0,0.0,1.3365,0.0,0.0,0.0,0.0,1.3365,1.3365,1.3375
2566,0.0,0.0005,0.0005,0.0001,0.0,1.0,0.0,1.3497,0.0,0.0,0.0,0.0,1.3497,1.3497,1.3545
2567,0.0,0.0009,0.0009,0.0002,0.0,1.0,0.0,1.3494,0.0,0.0,0.0,0.0,1.3494000000000002,1.3494000000000002,1.3523
2568,0.0,0.0004,0.0004,0.0001,0.0,1.0,0.0,0.9696,0.0,0.0,0.0,0.0,0.9696,0.9696,0.9717
2569,0.0,0.001,0.001,0.0002,0.0,1.0,0.0,1.2867,0.0,0.0,0.0,0.0,1.2867000000000002,1.2867000000000002,1.291
2570,0.0,0.0004,0.0004,0.0001,0.0,1.0,0.0,0.963,0.0,0.0,0.0,0.0,0.963,0.963,0.962
2571,0.0,0.0005,0.0005,0.0001,0.0,1.0,0.0,1.2378,0.0,0.0,0.0,0.0,1.2378,1.2378,1.2386
2572,0.0,0.0007,0.0007,0.0001,0.0,1.0,0.0,1.1461,0.0,0.0,0.0,0.0,1.1461,1.1461,1.1473
2573,0.0,0.0005,0.0005,0.0001,0.0,1.0,0.0,1.321,0.0,0.0,0.0,0.0,1.321,1.321,1.3238
2574,0.0,0.0006,0.0006,0.0001,0.0,1.0,0.0,1.2171,0.0,0.0,0.0,0.0,1.2171,1.2171,1.2204
2575,0.0,0.0007,0.0007,0.0001,0.0,1.0,0.0,1.3953,0.0,0.0,0.0,0.0,1.3953,1.3953,1.3919
2576,0.0,0.0007,0.0007,0.0001,0.0,1.0,0.0,1.532,0.0,0.0,0.0,0.0,1.532,1.532,1.5363
2577,0.0,0.0003,0.0003,0.0001,0.0,1.0,0.0,1.3175,0.0,0.0,0.0,0.0,1.3175000000000001,1.3175000000000001,1.3147
2578,0.0,0.0003,0.0003,0.0001,0.0,1.0,0.0,0.7397,0.0,0.0,0.0,0.0,0.7397,0.7397,0.7368
2579,0.0,0.0006,0.0006,0.0001,0.0,1.0,0.0,1.1292,0.0,0.0,0.0,0.0,1.1292,1.1292,1.1305
2580,0.0,0.0008,0.0008,0.0001,0.0,1.0,0.0,1.3227,0.0,0.0,0.0,0.0,1.3227000000000002,1.3227000000000002,1.3216
2581,0.0,0.0008,0.0008,0.0001,0.0,1.0,0.0,1.1894,0.0,0.0,0.0,0.0,1.1894,1.1894,1.1845
2582,0.0,0.0006,0.0006,0.0001,0.0,1.0,0.0,1.2426,0.0,0.0,0.0,0.0,1.2426,1.2426,1.2474
2583,0.0,0.0003,0.0003,0.0001,0.0,1.0,0.0,1.3246,0.0,0.0,0.0,0.0,1.3246,1.3246,1.3202
2584,0.0,0.001,0.001,0.0002,0.0,1.0,0.0,1.2351,0.0,0.0,0.0,0.0,1.2351,1.2351,1.2313
2585,0.0,0.0007,0.0007,0.0001,0.0,1.0,0.0,1.665,0.0,0.0,0.0,0.0,1.6649999999999998,1.6649999999999998,1.6649
2586,0.0,0.0009,0.0009,0.0002,0.0,1.0,0.0,1.5095,0.0,0.0,0.0,0.0,1.5095,1.5095,1.5106
2587,0.0,0.0006,0.0006,0.0001,0.0,1.0,0.0,1.0093,0.0,0.0,0.0,0.0,1.0093,1.0093,1.0055
2588,0.0,0.0009,0.0009,0.0002,0.0,1.0,0.0,1.5379,0.0,0.0,0.0,0.0,1.5379,1.5379,1.5351
2589,0.0,0.0005,0.0005,0.0001,0.0,1.0,0.0,0.8793,0.0,0.0,0.0,0.0,0.8793000000000001,0.8793000000000001,0.8821
2590,0.0,0.0007,0.0007,0.0001,0.0,1.0,0.0,1.4634,0.0,0.0,0.0,0.0,1.4634,1.4634,1.4615
2591,0.0,0.0007,0.0007,0.0001,0.0,1.0,0.0,1.0364,0.0,0.0,0.0,0.0,1.0364,1.0364,1.0344
2592,0.0,0.0004,0.0004,0.0001,0.0,1.0,0.0,1.1256,0.0,0.0,0.0,0.0,1.1256,1.1256,1.1279
2593,0.0,0.0004,0.0004,0.0001,0.0,1.0,0.0,0.9714,0.0,0.0,0.0,0.0,0.9714,0.9714,0.9695
2594,0.0,0.0008,0.0008,0.0001,0.0,1.0,0.0,1.6977,0.0,0.0,0.0,0.0,1.6977,1.6977,1.6992
2595,0.0,0.0008,0.0008,0.0001,0.0,1.0,0.0,1.1692,0.0,0.0,0.0,0.0,1.1692,1.1692,1.1691
2596,0.0,0.0008,0.0008,0.0001,0.0,1.0,0.0,1.4635,0.0,0.0,0.0,0.0,1.4635,1.4635,1.4683
2597,0.0,0.0005,0.0005,0.0001,0.0,1.0,0.0,1.1662,0.0,0.0,0.0,0.0,1.1662,1.1662,1.1679
2598,0.0,0.0007,0.0007,0.0001,0.0,1.0,0.0,1.0835,0.0,0.0,0.0,0.0,1.0835,1.0835,1.0873
2599,0.0,0.0004,0.0004,0.0001,0.0,1.0,0.0,0.9894,0.0,0.0,0.0,0.0,0.9894000000000001,0.9894000000000001,0.991
2600,0.0,0.0006,0.0006,0.0001,0.0,1.0,0.0,1.1855,0.0,0.0,0.0,0.0,1.1855,1.1855,1.1831
2601,0.0,0.0005,0.0005,0.0001,0.0,1.0,0.0,1.2529,0.0,0.0,0.0,0.0,1.2529,1.2529,1.2483
2602,0.0,0.0007,0.0007,0.0001,0.0,1.0,0.0,1.0991,0.0,0.0,0.0,0.0,1.0991,1.0991,1.0958
2603,0.0,0.0005,0.0005,0.0001,0.0,1.0,0.0,1.4088,0.0,0.0,0.0,0.0,1.4088,1.4088,1.4053
2604,0.0,0.0006,0.0006,0.0001,0.0,1.0,0.0,1.2715,0.0,0.0,0.0,0.0,1.2715,1.2715,1.2726
2605,0.0,0.0008,0.0008,0.0001,0.0,1.0,0.0,1.667,0.0,0.0,0.0,0.0,1.6669999999999998,1.6669999999999998,1.6719
2606,0.0,0.0005,0.0005,0.0001,0.0,1.0,0.0,1.2072,0.0,0.0,0.0,0.0,1.2072,1.2072,1.2115
2607,0.0,0.0006,0.0006,0.0001,0.0,1.0,0.0,1.4925,0.0,0.0,0.0,0.0,1.4925000000000002,1.4925000000000002,1.4972
2608,0.0,0.0007,0.0007,0.0001,0.0,1.0,0.0,1.2658,0.0,0.0,0.0,0.0,1.2658,1.2658,1.2697
2609,0.0,0.0005,0.0005,0.0001,0.0,1.0,0.0,1.3913,0.0,0.0,0.0,0.0,1.3913,1.3913,1.389
2610,0.0,0.001,0.001,0.0002,0.0,1.0,0.0,1.4176,0.0,0.0,0.0,0.0,1.4176000000000002,1.4176000000000002,1.4142
2611,0.0,0.0008,0.0008,0.0001,0.0,1.0,0.0,1.0465,0.0,0.0,0.0,0.0,1.0465,1.0465,1.0431
2612,0.0,0.0003,0.0003,0.0001,0.0,1.0,0.0,1.0979,0.0,0.0,0.0,0.0,1.0978999999999999,1.0978999999999999,1.0945
2613,0.0,0.0005,0.0005,0.0001,0.0,1.0,0.0,1.3302,0.0,0.0,0.0,0.0,1.3302,1.3302,1.327
2614,0.0,0.0006,0.0006,0.0001,0.0,1.0,0.0,0.9979,0.0,0.0,0.0,0.0,0.9979,0.9979,0.9948
2615,0.0,0.0006,0.0006,0.0001,0.0,1.0,0.0,1.0614,0.0,0.0,0.0,0.0,1.0614,1.0614,1.0641
2616,0.0,0.0007,0.0007,0.0001,0.0,1.0,0.0,1.5659,0.0,0.0,0.0,0.0,1.5659,1.5659,1.563
2617,0.0,0.0006,0.0006,0.0001,0.0,1.0,0.0,1.0319,0.0,0.0,0.0,0.0,1.0319,1.0319,1.0333
2618,0.0,0.0009,0.0009,0.0002,0.0,1.0,0.0,1.1672,0.0,0.0,0.0,0.0,1.1672,1.1672,1.1713
2619,0.0,0.001,0.001,0.0002,0.0,1.0,0.0,1.4739,0.0,0.0,0.0,0.0,1.4739,1.4739,1.4748
2620,0.0,0.0005,0.0005,0.0001,0.0,1.0,0.0,0.9368,0.0,0.0,0.0,0.0,0.9368,0.9368,0.9383
2621,0.0,0.0007,0.0007,0.0001,0.0,1.0,0.0,1.4515,0.0,0.0,0.0,0.0,1.4515,1.4515,1.4515
2622,0.0,0.0005,0.0005,0.0001,0.0,1.0,0.0,1.0113,0.0,0.0,0.0,0.0,1.0112999999999999,1.0112999999999999,1.0103
2623,0.0,0.0007,0.0007,0.0001,0.0,1.0,0.0,0.9514,0.0,0.0,0.0,0.0,0.9514,0.9514,0.9512
2624,0.0,0.0003,0.0003,0.0001,0.0,1.0,0.0,0.7131,0.0,0.0,0.0,0.0,0.7131000000000001,0.7131000000000001,0.7093
2625,0.0,0.0006,0.0006,0.0001,0.0,1.0,0.0,1.1726,0.0,0.0,0.0,0.0,1.1725999999999999,1.1725999999999999,1.1727
2626,0.0,0.0008,0.0008,0.0002,0.0,1.0,0.0,1.3928,0.0,0.0,0.0,0.0,1.3928,1.3928,1.3966
2627,0.0,0.0005,0.0005,0.0001,0.0,1.0,0.0,1.0223,0.0,0.0,0.0,0.0,1.0223,1.0223,1.0202
2628,0.0,0.0007,0.0007,0.0001,0.0,1.0,0.0,1.3541,0.0,0.0,0.0,0.0,1.3540999999999999,1.3540999999999999,1.3502
2629,0.0,0.0005,0.0005,0.0001,0.0,1.0,0.0,1.0566,0.0,0.0,0.0,0.0,1.0566,1.0566,1.0609
2630,0.0,0.0008,0.0008,0.0001,0.0,1.0,0.0,1.2966,0.0,0.0,0.0,0.0,1.2966,1.2966,1.2945
2631,0.0,0.001,0.001,0.0002,0.0,1.0,0.0,1.3614,0.0,0.0,0.0,0.0,1.3614,1.3614,1.3611
2632,0.0,0.0004,0.0004,0.0001,0.0,1.0,0.0,1.1511,0.0,0.0,0.0,0.0,1.1511,1.1511,1.1477
2633,0.0,0.0011,0.0011,0.0002,0.0,1.0,0.0,1.4864,0.0,0.0,0.0,0.0,1.4864,1.4864,1.4868
2634,0.0,0.0008,0.0008,0.0002,0.0,1.0,0.0,1.141,0.0,0.0,0.0,0.0,1.141,1.141,1.1418
2635,0.0,0.001,0.001,0.0002,0.0,1.0,0.0,1.5916,0.0,0.0,0.0,0.0,1.5916,1.5916,1.5867
2636,0.0,0.0008,0.0008,0.0001,0.0,1.0,0.0,1.3086,0.0,0.0,0.0,0.0,1.3086,1.3086,1.3113
2637,0.0,0.0007,0.0007,0.0001,0.0,1.0,0.0,1.6775,0.0,0.0,0.0,0.0,1.6775000000000002,1.6775000000000002,1.6785
2638,0.0,0.0011,0.0011,0.0002,0.0,1.0,0.0,1.2541,0.0,0.0,0.0,0.0,1.2541,1.2541,1.2524
2639,0.0,0.0008,0.0008,0.0001,0.0,1.0,0.0,1.1063,0.0,0.0,0.0,0.0,1.1063,1.1063,1.1015
2640,0.0,0.0005,0.0005,0.0001,0.0,1.0,0.0,1.3505,0.0,0.0,0.0,0.0,1.3505,1.3505,1.3522
2641,0.0,0.0007,0.0007,0.0001,0.0,1.0,0.0,1.5467,0.0,0.0,0.0,0.0,1.5467,1.5467,1.5432
2642,0.0,0.0005,0.0005,0.0001,0.0,1.0,0.0,0.8503,0.0,0.0,0.0,0.0,0.8503000000000001,0.8503000000000001,0.8488
2643,0.0,0.0005,0.0005,0.0001,0.0,1.0,0.0,1.4031,0.0,0.0,0.0,0.0,1.4031,1.4031,1.4058
2644,0.0,0.0006,0.0006,0.0001,0.0,1.0,0.0,1.0785,0.0,0.0,0.0,0.0,1.0785,1.0785,1.0833
2645,0.0,0.0009,0.0009,0.0002,0.0,1.0,0.0,1.406,0.0,0.0,0.0,0.0,1.406,1.406,1.4092
2646,0.0,0.0006,0.0006,0.0001,0.0,1.0,0.0,1.066,0.0,0.0,0.0,0.0,1.066,1.066,1.0633
2647,0.0,0.001,0.001,0.0002,0.0,1.0,0.0,1.5503,0.0,0.0,0.0,0.0,1.5503,1.5503,1.5476
2648,0.0,0.0011,0.0011,0.0002,0.0,1.0,0.0,1.1424,0.0,0.0,0.0,0.0,1.1423999999999999,1.1423999999999999,1.1471
2649,0.0,0.0004,0.0004,0.0001,0.0,1.0,0.0,1.3365,0.0,0.0,0.0,0.0,1.3365,1.3365,1.3415
2650,0.0,0.0003,0.0003,0.0001,0.0,1.0,0.0,0.8241,0.0,0.0,0.0,0.0,0.8241,0.8241,0.8228
2651,0.0,0.0008,0.0008,0.0001,0.0,1.0,0.0,1.0776,0.0,0.0,0.0,0.0,1.0776,1.0776,1.0824
2652,0.0,0.0007,0.0007,0.0001,0.0,1.0,0.0,1.442,0.0,0.0,0.0,0.0,1.442,1.442,1.4447
2653,0.0,0.0006,0.0006,0.0001,0.0,1.0,0.0,1.1474,0.0,0.0,0.0,0.0,1.1474,1.1474,1.1441
2654,0.0,0.0005,0.0005,0.0001,0.0,1.0,0.0,1.071,0.0,0.0,0.0,0.0,1.071,1.071,1.0736
2655,0.0,0.0005,0.0005,0.0001,0.0,1.0,0.0,1.338,0.0,0.0,0.0,0.0,1.338,1.338,1.3395
2656,0.0,0.0008,0.0008,0.0002,0.0,1.0,0.0,1.2319,0.0,0.0,0.0,0.0,1.2319,1.2319,1.2282
2657,0.0,0.0005,0.0005,0.0001,0.0,1.0,0.0,1.1215,0.0,0.0,0.0,0.0,1.1215,1.1215,1.1249
2658,0.0,0.0007,0.0007,0.0001,0.0,1.0,0.0,1.4926,0.0,0.0,0.0,0.0,1.4926,1.4926,1.492
2659,0.0,0.0006,0.0006,0.0001,0.0,1.0,0.0,0.8974,0.0,0.0,0.0,0.0,0.8974,0.8974,0.8953
2660,0.0,0.0007,0.0007,0.0001,0.0,1.0,0.0,1.1212,0.0,0.0,0.0,0.0,1.1212,1.1212,1.1178
2661,0.0,0.0004,0.0004,0.0001,0.0,1.0,0.0,1.2496,0.0,0.0,0.0,0.0,1.2496,1.2496,1.2503
2662,0.0,0.0009,0.0009,0.0002,0.0,1.0,0.0,1.3829,0.0,0.0,0.0,0.0,1.3829,1.3829,1.3809
2663,0.0,0.0007,0.0007,0.0001,0.0,1.0,0.0,1.4435,0.0,0.0,0.0,0.0,1.4435,1.4435,1.4387
2664,0.0,0.0008,0.0008,0.0001,0.0,1.0,0.0,1.4386,0.0,0.0,0.0,0.0,1.4385999999999999,1.4385999999999999,1.4408
2665,0.0,0.0004,0.0004,0.0001,0.0,1.0,0.0,0.8363,0.0,0.0,0.0,0.0,0.8362999999999999,0.8362999999999999,0.8376
2666,0.0,0.0005,0.0005,0.0001,0.0,1.0,0.0,1.2979,0.0,0.0,0.0,0.0,1.2979,1.2979,1.2973
2667,0.0,0.0006,0.0006,0.0001,0.0,1.0,0.0,1.3667,0.0,0.0,0.0,0.0,1.3666999999999998,1.3666999999999998,1.3713
2668,0.0,0.0008,0.0008,0.0001,0.0,1.0,0.0,1.3965,0.0,0.0,0.0,0.0,1.3965,1.3965,1.3949
2669,0.0,0.0005,0.0005,0.0001,0.0,1.0,0.0,0.8531,0.0,0.0,0.0,0.0,0.8531,0.8531,0.8564
2670,0.0,0.0006,0.0006,0.0001,0.0,1.0,0.0,1.3917,0.0,0.0,0.0,0.0,1.3917000000000002,1.3917000000000002,1.3931
2671,0.0,0.0004,0.0004,0.0001,0.0,1.0,0.0,1.1522,0.0,0.0,0.0,0.0,1.1522,1.1522,1.1503
2672,0.0,0.001,0.001,0.0002,0.0,1.0,0.0,1.1632,0.0,0.0,0.0,0.0,1.1631999999999998,1.1631999999999998,1.1674
2673,0.0,0.0007,0.0007,0.0001,0.0,1.0,0.0,1.1297,0.0,0.0,0.0,0.0,1.1297000000000001,1.1297000000000001,1.1346
2674,0.0,0.0009,0.0009,0.0002,0.0,1.0,0.0,1.3912,0.0,0.0,0.0,0.0,1.3912,1.3912,1.3904
2675,0.0,0.0004,0.0004,0.0001,0.0,1.0,0.0,1.3576,0.0,0.0,0.0,0.0,1.3576000000000001,1.3576000000000001,1.3527
2676,0.0,0.0006,0.0006,0.0001,0.0,1.0,0.0,1.1622,0.0,0.0,0.0,0.0,1.1622,1.1622,1.1592
2677,0.0,0.0007,0.0007,0.0001,0.0,1.0,0.0,1.1008,0.0,0.0,0.0,0.0,1.1008,1.1008,1.0972
2678,0.0,0.0007,0.0007,0.0001,0.0,1.0,0.0,1.5578,0.0,0.0,0.0,0.0,1.5577999999999999,1.5577999999999999,1.5548
2679,0.0,0.0007,0.0007,0.0001,0.0,1.0,0.0,1.1422,0.0,0.0,0.0,0.0,1.1422,1.1422,1.1382
2680,0.0,0.0007,0.0007,0.0001,0.0,1.0,0.0,0.9412,0.0,0.0,0.0,0.0,0.9412,0.9412,0.9403
2681,0.0,0.0008,0.0008,0.0001,0.0,1.0,0.0,1.2686,0.0,0.0,0.0,0.0,1.2686000000000002,1.2686000000000002,1.2687
2682,0.0,0.0005,0.0005,0.0001,0.0,1.0,0.0,1.2183,0.0,0.0,0.0,0.0,1.2183000000000002,1.2183000000000002,1.2164
2683,0.0,0.001,0.001,0.0002,0.0,1.0,0.0,1.1431,0.0,0.0,0.0,0.0,1.1431,1.1431,1.1435
2684,0.0,0.0004,0.0004,0.0001,0.0,1.0,0.0,1.3282,0.0,0.0,0.0,0.0,1.3282,1.3282,1.3262
2685,0.0,0.0004,0.0004,0.0001,0.0,1.0,0.0,0.8848,0.0,0.0,0.0,0.0,0.8848,0.8848,0.8846
2686,0.0,0.0005,0.0005,0.0001,0.0,1.0,0.0,1.224,0.0,0.0,0.0,0.0,1.2240000000000002,1.2240000000000002,1.2249
2687,0.0,0.0005,0.0005,0.0001,0.0,1.0,0.0,1.0165,0.0,0.0,0.0,0.0,1.0165000000000002,1.0165000000000002,1.0123
2688,0.0,0.0004,0.0004,0.0001,0.0,1.0,0.0,1.0271,0.0,0.0,0.0,0.0,1.0271,1.0271,1.0221
2689,0.0,0.001,0.001,0.0002,0.0,1.0,0.0,1.3993,0.0,0.0,0.0,0.0,1.3993,1.3993,1.3975
2690,0.0,0.0009,0.0009,0.0002,0.0,1.0,0.0,1.5638,0.0,0.0,0.0,0.0,1.5637999999999999,1.5637999999999999,1.5645
2691,0.0,0.0004,0.0004,0.0001,0.0,1.0,0.0,0.9898,0.0,0.0,0.0,0.0,0.9897999999999999,0.9897999999999999,0.9867
2692,0.0,0.0004,0.0004,0.0001,0.0,1.0,0.0,1.1847,0.0,0.0,0.0,0.0,1.1846999999999999,1.1846999999999999,1.186
2693,0.0,0.0004,0.0004,0.0001,0.0,1.0,0.0,1.1274,0.0,0.0,0.0,0.0,1.1274000000000002,1.1274000000000002,1.1256
2694,0.0,0.0005,0.0005,0.0001,0.0,1.0,0.0,1.1095,0.0,0.0,0.0,0.0,1.1095000000000002,1.1095000000000002,1.1125
2695,0.0,0.0008,0.0008,0.0001,0.0,1.0,0.0,1.5157,0.0,0.0,0.0,0.0,1.5157,1.5157,1.5176
2696,0.0,0.0005,0.0005,0.0001,0.0,1.0,0.0,1.5439,0.0,0.0,0.0,0.0,1.5439,1.5439,1.541
2697,0.0,0.0011,0.0011,0.0002,0.0,1.0,0.0,1.4825,0.0,0.0,0.0,0.0,1.4825,1.4825,1.4797
2698,0.0,0.0006,0.0006,0.0001,0.0,1.0,0.0,1.1235,0.0,0.0,0.0,0.0,1.1235,1.1235,1.1187
2699,0.0,0.0008,0.0008,0.0001,0.0,1.0,0.0,1.2646,0.0,0.0,0.0,0.0,1.2646,1.2646,1.2611
2700,0.0,0.0007,0.0007,0.0001,0.0,1.0,0.0,1.3356,0.0,0.0,0.0,0.0,1.3356,1.3356,1.3378
2701,0.0,0.0008,0.0008,0.0001,0.0,1.0,0.0,1.1899,0.0,0.0,0.0,0.0,1.1899000000000002,1.1899000000000002,1.1876
2702,0.0,0.0004,0.0004,0.0001,0.0,1.0,0.0,0.8485,0.0,0.0,0.0,0.0,0.8485,0.8485,0.8515
2703,0.0,0.0003,0.0003,0.0001,0.0,1.0,0.0,1.1251,0.0,0.0,0.0,0.0,1.1251,1.1251,1.1295
2704,0.0,0.0009,0.0009,0.0002,0.0,1.0,0.0,1.4714,0.0,0.0,0.0,0.0,1.4714,1.4714,1.4736
2705,0.0,0.0007,0.0007,0.0001,0.0,1.0,0.0,0.9685,0.0,0.0,0.0,0.0,0.9685,0.9685,0.9699
2706,0.0,0.0004,0.0004,0.0001,0.0,1.0,0.0,1.4173,0.0,0.0,0.0,0.0,1.4173,1.4173,1.4208
2707,0.0,0.0004,0.0004,0.0001,0.0,1.0,0.0,1.0535,0.0,0.0,0.0,0.0,1.0535,1.0535,1.0533
2708,0.0,0.0005,0.0005,0.0001,0.0,1.0,0.0,1.2216,0.0,0.0,0.0,0.0,1.2216,1.2216,1.2202
2709,0.0,0.001,0.001,0.0002,0.0,1.0,0.0,1.119,0.0,0.0,0.0,0.0,1.119,1.119,1.12
2710,0.0,0.0004,0.0004,0.0001,0.0,1.0,0.0,1.2106,0.0,0.0,0.0,0.0,1.2106,1.2106,1.2107
2711,0.0,0.0006,0.0006,0.0001,0.0,1.0,0.0,1.3758,0.0,0.0,0.0,0.0,1.3758,1.3758,1.3758
2712,0.0,0.0009,0.0009,0.0002,0.0,1.0,0.0,1.0553,0.0,0.0,0.0,0.0,1.0553,1.0553,1.0504
2713,0.0,0.0007,0.0007,0.0001,0.0,1.0,0.0,1.2742,0.0,0.0,0.0,0.0,1.2742,1.2742,1.2722
2714,0.0,0.0006,0.0006,0.0001,0.0,1.0,0.0,1.3403,0.0,0.0,0.0,0.0,1.3403,1.3403,1.3371
2715,0.0,0.0007,0.0007,0.0001,0.0,1.0,0.0,1.1739,0.0,0.0,0.0,0.0,1.1739,1.1739,1.1732
2716,0.0,0.0006,0.0006,0.0001,0.0,1.0,0.0,1.3937,0.0,0.0,0.0,0.0,1.3937,1.3937,1.3944
2717,0.0,0.0008,0.0008,0.0001,0.0,1.0,0.0,1.477,0.0,0.0,0.0,0.0,1.4769999999999999,1.4769999999999999,1.4776
2718,0.0,0.0009,0.0009,0.0002,0.0,1.0,0.0,1.3358,0.0,0.0,0.0,0.0,1.3357999999999999,1.3357999999999999,1.3396
2719,0.0,0.0006,0.0006,0.0001,0.0,1.0,0.0,1.1956,0.0,0.0,0.0,0.0,1.1956,1.1956,1.1966
2720,0.0,0.0004,0.0004,0.0001,0.0,1.0,0.0,1.0844,0.0,0.0,0.0,0.0,1.0844,1.0844,1.0835
2721,0.0,0.0005,0.0005,0.0001,0.0,1.0,0.0,1.2653,0.0,0.0,0.0,0.0,1.2652999999999999,1.2652999999999999,1.2697
2722,0.0,0.001,0.001,0.0002,0.0,1.0,0.0,1.3143,0.0,0.0,0.0,0.0,1.3143,1.3143,1.3174
2723,0.0,0.0003,0.0003,0.0001,0.0,1.0,0.0,0.9327,0.0,0.0,0.0,0.0,0.9327,0.9327,0.9285
2724,0.0,0.0007,0.0007,0.0001,0.0,1.0,0.0,1.5638,0.0,0.0,0.0,0.0,1.5638,1.5638,1.5603
2725,0.0,0.0007,0.0007,0.0001,0.0,1.0,0.0,1.3836,0.0,0.0,0.0,0.0,1.3836,1.3836,1.3847
2726,0.0,0.0003,0.0003,0.0001,0.0,1.0,0.0,0.8496,0.0,0.0,0.0,0.0,0.8495999999999999,0.8495999999999999,0.8515
2727,0.0,0.0006,0.0006,0.0001,0.0,1.0,0.0,1.3207,0.0,0.0,0.0,0.0,1.3207,1.3207,1.3215
2728,0.0,0.0005,0.0005,0.0001,0.0,1.0,0.0,0.7341,0.0,0.0,0.0,0.0,0.7341,0.7341,0.7347
2729,0.0,0.0005,0.0005,0.0001,0.0,1.0,0.0,1.2413,0.0,0.0,0.0,0.0,1.2412999999999998,1.2412999999999998,1.2459
2730,0.0,0.0009,0.0009,0.0002,0.0,1.0,0.0,1.2919,0.0,0.0,0.0,0.0,1.2919,1.2919,1.2909
2731,0.0,0.0006,0.0006,0.0001,0.0,1.0,0.0,1.3977,0.0,0.0,0.0,0.0,1.3977,1.3977,1.3939
2732,0.0,0.0003,0.0003,0.0001,0.0,1.0,0.0,1.0596,0.0,0.0,0.0,0.0,1.0596,1.0596,1.061
2733,0.0,0.0003,0.0003,0.0001,0.0,1.0,0.0,1.2538,0.0,0.0,0.0,0.0,1.2538,1.2538,1.2562
2734,0.0,0.0006,0.0006,0.0001,0.0,1.0,0.0,1.3081,0.0,0.0,0.0,0.0,1.3081,1.3081,1.3088
2735,0.0,0.0008,0.0008,0.0001,0.0,1.0,0.0,1.2576,0.0,0.0,0.0,0.0,1.2576,1.2576,1.2571
2736,0.0,0.0007,0.0007,0.0001,0.0,1.0,0.0,1.1312,0.0,0.0,0.0,0.0,1.1312000000000002,1.1312000000000002,1.1293
2737,0.0,0.0007,0.0007,0.0001,0.0,1.0,0.0,1.1738,0.0,0.0,0.0,0.0,1.1738,1.1738,1.1777
2738,0.0,0.0008,0.0008,0.0002,0.0,1.0,0.0,1.1527,0.0,0.0,0.0,0.0,1.1526999999999998,1.1526999999999998,1.1568
2739,0.0,0.0004,0.0004,0.0001,0.0,1.0,0.0,1.0168,0.0,0.0,0.0,0.0,1.0168,1.0168,1.012
2740,0.0,0.0004,0.0004,0.0001,0.0,1.0,0.0,1.0387,0.0,0.0,0.0,0.0,1.0387,1.0387,1.0393
2741,0.0,0.0008,0.0008,0.0002,0.0,1.0,0.0,1.2596,0.0,0.0,0.0,0.0,1.2596,1.2596,1.2585
2742,0.0,0.0007,0.0007,0.0001,0.0,1.0,0.0,0.8632,0.0,0.0,0.0,0.0,0.8632,0.8632,0.8636
2743,0.0,0.0006,0.0006,0.0001,0.0,1.0,0.0,0.9751,0.0,0.0,0.0,0.0,0.9751,0.9751,0.9709
2744,0.0,0.0008,0.0008,0.0001,0.0,1.0,0.0,1.3665,0.0,0.0,0.0,0.0,1.3664999999999998,1.3664999999999998,1.3652
2745,0.0,0.0006,0.0006,0.0001,0.0,1.0,0.0,1.3835,0.0,0.0,0.0,0.0,1.3835,1.3835,1.3816
2746,0.0,0.0008,0.0008,0.0001,0.0,1.0,0.0,1.2683,0.0,0.0,0.0,0.0,1.2683,1.2683,1.2719
2747,0.0,0.0006,0.0006,0.0001,0.0,1.0,0.0,1.2655,0.0,0.0,0.0,0.0,1.2655,1.2655,1.2668
2748,0.0,0.0007,0.0007,0.0001,0.0,1.0,0.0,1.279,0.0,0.0,0.0,0.0,1.279,1.279,1.2776
2749,0.0,0.0003,0.0003,0.0001,0.0,1.0,0.0,0.7716,0.0,0.0,0.0,0.0,0.7716000000000001,0.7716000000000001,0.7734
2750,0.0,0.0004,0.0004,0.0001,0.0,1.0,0.0,1.144,0.0,0.0,0.0,0.0,1.144,1.144,1.1453
2751,0.0,0.0003,0.0003,0.0001,0.0,1.0,0.0,1.0897,0.0,0.0,0.0,0.0,1.0897000000000001,1.0897000000000001,1.086
2752,0.0,0.0006,0.0006,0.0001,0.0,1.0,0.0,0.9247,0.0,0.0,0.0,0.0,0.9247000000000001,0.9247000000000001,0.9258
2753,0.0,0.0006,0.0006,0.0001,0.0,1.0,0.0,0.8584,0.0,0.0,0.0,0.0,0.8584,0.8584,0.8567
2754,0.0,0.0004,0.0004,0.0001,0.0,1.0,0.0,1.2898,0.0,0.0,0.0,0.0,1.2898,1.2898,1.2932
2755,0.0,0.0006,0.0006,0.0001,0.0,1.0,0.0,1.0175,0.0,0.0,0.0,0.0,1.0175,1.0175,1.0203
2756,0.0,0.0006,0.0006,0.0001,0.0,1.0,0.0,0.9895,0.0,0.0,0.0,0.0,0.9895,0.9895,0.9869
2757,0.0,0.001,0.001,0.0002,0.0,1.0,0.0,1.1404,0.0,0.0,0.0,0.0,1.1404,1.1404,1.1431
2758,0.0,0.0006,0.0006,0.0001,0.0,1.0,0.0,1.5788,0.0,0.0,0.0,0.0,1.5788000000000002,1.5788000000000002,1.5777
2759,0.0,0.0007,0.0007,0.0001,0.0,1.0,0.0,1.4088,0.0,0.0,0.0,0.0,1.4087999999999998,1.4087999999999998,1.4053
2760,0.0,0.0009,0.0009,0.0002,0.0,1.0,0.0,1.2517,0.0,0.0,0.0,0.0,1.2517,1.2517,1.2492
2761,0.0,0.0006,0.0006,0.0001,0.0,1.0,0.0,1.1945,0.0,0.0,0.0,0.0,1.1945,1.1945,1.1968
2762,0.0,0.0008,0.0008,0.0001,0.0,1.0,0.0,1.3375,0.0,0.0,0.0,0.0,1.3375,1.3375,1.3339
2763,0.0,0.0007,0.0007,0.0001,0.0,1.0,0.0,1.0059,0.0,0.0,0.0,0.0,1.0059,1.0059,1.0072
2764,0.0,0.0006,0.0006,0.0001,0.0,1.0,0.0,0.8854,0.0,0.0,0.0,0.0,0.8854,0.8854,0.8821
2765,0.0,0.0004,0.0004,0.0001,0.0,1.0,0.0,1.3862,0.0,0.0,0.0,0.0,1.3862,1.3862,1.391
2766,0.0,0.0004,0.0004,0.0001,0.0,1.0,0.0,1.2402,0.0,0.0,0.0,0.0,1.2402,1.2402,1.2378
2767,0.0,0.0009,0.0009,0.0002,0.0,1.0,0.0,1.3553,0.0,0.0,0.0,0.0,1.3553,1.3553,1.3554
2768,0.0,0.0008,0.0008,0.0001,0.0,1.0,0.0,1.5828,0.0,0.0,0.0,0.0,1.5828,1.5828,1.5862
2769,0.0,0.0008,0.0008,0.0001,0.0,1.0,0.0,1.282,0.0,0.0,0.0,0.0,1.282,1.282,1.2786
2770,0.0,0.0009,0.0009,0.0002,0.0,1.0,0.0,1.066,0.0,0.0,0.0,0.0,1.066,1.066,1.069
2771,0.0,0.0006,0.0006,0.0001,0.0,1.0,0.0,1.2658,0.0,0.0,0.0,0.0,1.2658,1.2658,1.2615
2772,0.0,0.0009,0.0009,0.0002,0.0,1.0,0.0,1.2303,0.0,0.0,0.0,0.0,1.2303,1.2303,1.2312
2773,0.0,0.0006,0.0006,0.0001,0.0,1.0,0.0,1.4917,0.0,0.0,0.0,0.0,1.4917,1.4917,1.4895
2774,0.0,0.0007,0.0007,0.0001,0.0,1.0,0.0,1.1787,0.0,0.0,0.0,0.0,1.1787,1.1787,1.18
2775,0.0,0.0007,0.0007,0.0001,0.0,1.0,0.0,1.5216,0.0,0.0,0.0,0.0,1.5216,1.5216,1.5191
2776,0.0,0.0006,0.0006,0.0001,0.0,1.0,0.0,0.9679,0.0,0.0,0.0,0.0,0.9679,0.9679,0.9726
2777,0.0,0.0008,0.0008,0.0001,0.0,1.0,0.0,1.1397,0.0,0.0,0.0,0.0,1.1397,1.1397,1.1374
2778,0.0,0.0009,0.0009,0.0002,0.0,1.0,0.0,1.5105,0.0,0.0,0.0,0.0,1.5105,1.5105,1.5071
2779,0.0,0.001,0.001,0.0002,0.0,1.0,0.0,1.3359,0.0,0.0,0.0,0.0,1.3359,1.3359,1.3348
2780,0.0,0.0003,0.0003,0.0001,0.0,1.0,0.0,0.8504,0.0,0.0,0.0,0.0,0.8504,0.8504,0.8512
2781,0.0,0.0006,0.0006,0.0001,0.0,1.0,0.0,1.3229,0.0,0.0,0.0,0.0,1.3229,1.3229,1.3265
2782,0.0,0.0003,0.0003,0.0001,0.0,1.0,0.0,0.7823,0.0,0.0,0.0,0.0,0.7823,0.7823,0.7831
2783,0.0,0.0005,0.0005,0.0001,0.0,1.0,0.0,1.0266,0.0,0.0,0.0,0.0,1.0266,1.0266,1.0217
2784,0.0,0.0005,0.0005,0.0001,0.0,1.0,0.0,1.0712,0.0,0.0,0.0,0.0,1.0712,1.0712,1.0704
2785,0.0,0.0004,0.0004,0.0001,0.0,1.0,0.0,1.2364,0.0,0.0,0.0,0.0,1.2364,1.2364,1.2401
2786,0.0,0.0003,0.0003,0.0001,0.0,1.0,0.0,0.7753,0.0,0.0,0.0,0.0,0.7753,0.7753,0.7706
2787,0.0,0.0005,0.0005,0.0001,0.0,1.0,0.0,1.2955,0.0,0.0,0.0,0.0,1.2955,1.2955,1.2957
2788,0.0,0.0007,0.0007,0.0001,0.0,1.0,0.0,1.0355,0.0,0.0,0.0,0.0,1.0355,1.0355,1.0374
2789,0.0,0.0007,0.0007,0.0001,0.0,1.0,0.0,1.3757,0.0,0.0,0.0,0.0,1.3757000000000001,1.3757000000000001,1.3762
2790,0.0,0.0006,0.0006,0.0001,0.0,1.0,0.0,1.3783,0.0,0.0,0.0,0.0,1.3783,1.3783,1.3789
2791,0.0,0.0009,0.0009,0.0002,0.0,1.0,0.0,1.336,0.0,0.0,0.0,0.0,1.3359999999999999,1.3359999999999999,1.333
2792,0.0,0.0007,0.0007,0.0001,0.0,1.0,0.0,1.0809,0.0,0.0,0.0,0.0,1.0809,1.0809,1.0806
2793,0.0,0.0006,0.0006,0.0001,0.0,1.0,0.0,1.3173,0.0,0.0,0.0,0.0,1.3173,1.3173,1.3206
2794,0.0,0.0005,0.0005,0.0001,0.0,1.0,0.0,1.0295,0.0,0.0,0.0,0.0,1.0295,1.0295,1.0333
2795,0.0,0.0004,0.0004,0.0001,0.0,1.0,0.0,1.0606,0.0,0.0,0.0,0.0,1.0606,1.0606,1.0632
2796,0.0,0.0007,0.0007,0.0001,0.0,1.0,0.0,1.205,0.0,0.0,0.0,0.0,1.205,1.205,1.2026
2797,0.0,0.0005,0.0005,0.0001,0.0,1.0,0.0,1.1006,0.0,0.0,0.0,0.0,1.1006,1.1006,1.1018
2798,0.0,0.0006,0.0006,0.0001,0.0,1.0,0.0,1.1025,0.0,0.0,0.0,0.0,1.1025,1.1025,1.1038
2799,0.0,0.0004,0.0004,0.0001,0.0,1.0,0.0,1.0892,0.0,0.0,0.0,0.0,1.0892,1.0892,1.0874
2800,0.0,0.001,0.001,0.0002,0.0,1.0,0.0,1.3337,0.0,0.0,0.0,0.0,1.3337,1.3337,1.3368
2801,0.0,0.0006,0.0006,0.0001,0.0,1.0,0.0,1.0225,0.0,0.0,0.0,0.0,1.0225,1.0225,1.0181
2802,0.0,0.0007,0.0007,0.0001,0.0,1.0,0.0,1.4021,0.0,0.0,0.0,0.0,1.4021,1.4021,1.4064
2803,0.0,0.0004,0.0004,0.0001,0.0,1.0,0.0,1.0553,0.0,0.0,0.0,0.0,1.0553,1.0553,1.0542
2804,0.0,0.0007,0.0007,0.0001,0.0,1.0,0.0,1.0216,0.0,0.0,0.0,0.0,1.0216,1.0216,1.0199
2805,0.0,0.0008,0.0008,0.0001,0.0,1.0,0.0,1.2974,0.0,0.0,0.0,0.0,1.2974,1.2974,1.2995
2806,0.0,0.0003,0.0003,0.0001,0.0,1.0,0.0,1.3414,0.0,0.0,0.0,0.0,1.3414,1.3414,1.3372
2807,0.0,0.0008,0.0008,0.0001,0.0,1.0,0.0,1.3216,0.0,0.0,0.0,0.0,1.3215999999999999,1.3215999999999999,1.3206
2808,0.0,0.0004,0.0004,0.0001,0.0,1.0,0.0,0.7844,0.0,0.0,0.0,0.0,0.7844,0.7844,0.7825
2809,0.0,0.0007,0.0007,0.0001,0.0,1.0,0.0,1.3933,0.0,0.0,0.0,0.0,1.3933,1.3933,1.3902
2810,0.0,0.0007,0.0007,0.0001,0.0,1.0,0.0,1.3074,0.0,0.0,0.0,0.0,1.3074,1.3074,1.306
2811,0.0,0.0008,0.0008,0.0001,0.0,1.0,0.0,1.6454,0.0,0.0,0.0,0.0,1.6454,1.6454,1.6453
2812,0.0,0.0009,0.0009,0.0002,0.0,1.0,0.0,1.3419,0.0,0.0,0.0,0.0,1.3418999999999999,1.3418999999999999,1.3384
2813,0.0,0.0007,0.0007,0.0001,0.0,1.0,0.0,1.6739,0.0,0.0,0.0,0.0,1.6739000000000002,1.6739000000000002,1.6768
2814,0.0,0.0006,0.0006,0.0001,0.0,1.0,0.0,1.484,0.0,0.0,0.0,0.0,1.484,1.484,1.4809
2815,0.0,0.0005,0.0005,0.0001,0.0,1.0,0.0,0.9348,0.0,0.0,0.0,0.0,0.9347999999999999,0.9347999999999999,0.9317
2816,0.0,0.0008,0.0008,0.0001,0.0,1.0,0.0,1.2831,0.0,0.0,0.0,0.0,1.2831,1.2831,1.2861
2817,0.0,0.0005,0.0005,0.0001,0.0,1.0,0.0,1.1217,0.0,0.0,0.0,0.0,1.1217,1.1217,1.1239
2818,0.0,0.0006,0.0006,0.0001,0.0,1.0,0.0,1.558,0.0,0.0,0.0,0.0,1.5580000000000003,1.5580000000000003,1.5548
2819,0.0,0.0006,0.0006,0.0001,0.0,1.0,0.0,0.9686,0.0,0.0,0.0,0.0,0.9686000000000001,0.9686000000000001,0.9706
2820,0.0,0.0007,0.0007,0.0001,0.0,1.0,0.0,1.2293,0.0,0.0,0.0,0.0,1.2293,1.2293,1.2305
2821,0.0,0.0007,0.0007,0.0001,0.0,1.0,0.0,1.6314,0.0,0.0,0.0,0.0,1.6314,1.6314,1.6304
2822,0.0,0.0009,0.0009,0.0002,0.0,1.0,0.0,1.2915,0.0,0.0,0.0,0.0,1.2914999999999999,1.2914999999999999,1.2935
2823,0.0,0.0007,0.0007,0.0001,0.0,1.0,0.0,1.3227,0.0,0.0,0.0,0.0,1.3227,1.3227,1.3202
2824,0.0,0.0007,0.0007,0.0001,0.0,1.0,0.0,1.5529,0.0,0.0,0.0,0.0,1.5529000000000002,1.5529000000000002,1.5571
2825,0.0,0.0003,0.0003,0.0001,0.0,1.0,0.0,0.9609,0.0,0.0,0.0,0.0,0.9609,0.9609,0.9582
2826,0.0,0.0007,0.0007,0.0001,0.0,1.0,0.0,1.4155,0.0,0.0,0.0,0.0,1.4155,1.4155,1.4119
2827,0.0,0.0007,0.0007,0.0001,0.0,1.0,0.0,1.2559,0.0,0.0,0.0,0.0,1.2559,1.2559,1.2593
2828,0.0,0.0004,0.0004,0.0001,0.0,1.0,0.0,0.8593,0.0,0.0,0.0,0.0,0.8593000000000001,0.8593000000000001,0.8594
2829,0.0,0.0004,0.0004,0.0001,0.0,1.0,0.0,1.1826,0.0,0.0,0.0,0.0,1.1825999999999999,1.1825999999999999,1.1849
2830,0.0,0.0005,0.0005,0.0001,0.0,1.0,0.0,1.0605,0.0,0.0,0.0,0.0,1.0605,1.0605,1.0617
2831,0.0,0.0009,0.0009,0.0002,0.0,1.0,0.0,1.516,0.0,0.0,0.0,0.0,1.516,1.516,1.5207
2832,0.0,0.0007,0.0007,0.0001,0.0,1.0,0.0,0.9662,0.0,0.0,0.0,0.0,0.9662,0.9662,0.965
2833,0.0,0.0006,0.0006,0.0001,0.0,1.0,0.0,0.9554,0.0,0.0,0.0,0.0,0.9554,0.9554,0.9578
2834,0.0,0.0005,0.0005,0.0001,0.0,1.0,0.0,1.2662,0.0,0.0,0.0,0.0,1.2662,1.2662,1.2647
2835,0.0,0.0008,0.0008,0.0001,0.0,1.0,0.0,1.5836,0.0,0.0,0.0,0.0,1.5836,1.5836,1.5788
2836,0.0,0.0004,0.0004,0.0001,0.0,1.0,0.0,1.2124,0.0,0.0,0.0,0.0,1.2124000000000001,1.2124000000000001,1.2172
2837,0.0,0.0006,0.0006,0.0001,0.0,1.0,0.0,0.8998,0.0,0.0,0.0,0.0,0.8997999999999999,0.8997999999999999,0.8963
2838,0.0,0.0004,0.0004,0.0001,0.0,1.0,0.0,0.727,0.0,0.0,0.0,0.0,0.7270000000000001,0.7270000000000001,0.7222
2839,0.0,0.0007,0.0007,0.0001,0.0,1.0,0.0,1.3383,0.0,0.0,0.0,0.0,1.3383,1.3383,1.3376
2840,0.0,0.0004,0.0004,0.0001,0.0,1.0,0.0,1.0917,0.0,0.0,0.0,0.0,1.0917,1.0917,1.0904
2841,0.0,0.0006,0.0006,0.0001,0.0,1.0,0.0,1.4495,0.0,0.0,0.0,0.0,1.4495,1.4495,1.4481
2842,0.0,0.0008,0.0008,0.0001,0.0,1.0,0.0,1.1702,0.0,0.0,0.0,0.0,1.1702,1.1702,1.1671
2843,0.0,0.0007,0.0007,0.0001,0.0,1.0,0.0,1.456,0.0,0.0,0.0,0.0,1.456,1.456,1.4512
2844,0.0,0.0005,0.0005,0.0001,0.0,1.0,0.0,1.221,0.0,0.0,0.0,0.0,1.221,1.221,1.225
2845,0.0,0.0007,0.0007,0.0001,0.0,1.0,0.0,1.0691,0.0,0.0,0.0,0.0,1.0691,1.0691,1.0655
2846,0.0,0.0005,0.0005,0.0001,0.0,1.0,0.0,1.1414,0.0,0.0,0.0,0.0,1.1414,1.1414,1.1447
2847,0.0,0.0004,0.0004,0.0001,0.0,1.0,0.0,0.953,0.0,0.0,0.0,0.0,0.953,0.953,0.9482
2848,0.0,0.0009,0.0009,0.0002,0.0,1.0,0.0,1.3357,0.0,0.0,0.0,0.0,1.3357,1.3357,1.3396
2849,0.0,0.0003,0.0003,0.0001,0.0,1.0,0.0,1.2061,0.0,0.0,0.0,0.0,1.2061,1.2061,1.2015
2850,0.0,0.0003,0.0003,0.0001,0.0,1.0,0.0,1.4215,0.0,0.0,0.0,0.0,1.4215,1.4215,1.4224
2851,0.0,0.0007,0.0007,0.0001,0.0,1.0,0.0,1.4374,0.0,0.0,0.0,0.0,1.4374,1.4374,1.4345
2852,0.0,0.0008,0.0008,0.0001,0.0,1.0,0.0,1.3278,0.0,0.0,0.0,0.0,1.3277999999999999,1.3277999999999999,1.3257
2853,0.0,0.0004,0.0004,0.0001,0.0,1.0,0.0,1.1176,0.0,0.0,0.0,0.0,1.1176,1.1176,1.122
2854,0.0,0.0008,0.0008,0.0001,0.0,1.0,0.0,1.0789,0.0,0.0,0.0,0.0,1.0789,1.0789,1.0797
2855,0.0,0.0005,0.0005,0.0001,0.0,1.0,0.0,1.1249,0.0,0.0,0.0,0.0,1.1249,1.1249,1.1238
2856,0.0,0.0004,0.0004,0.0001,0.0,1.0,0.0,1.3391,0.0,0.0,0.0,0.0,1.3391,1.3391,1.3393
2857,0.0,0.0008,0.0008,0.0001,0.0,1.0,0.0,1.3737,0.0,0.0,0.0,0.0,1.3737000000000001,1.3737000000000001,1.3699
2858,0.0,0.0003,0.0003,0.0001,0.0,1.0,0.0,1.0718,0.0,0.0,0.0,0.0,1.0718,1.0718,1.0764
2859,0.0,0.0011,0.0011,0.0002,0.0,1.0,0.0,1.109,0.0,0.0,0.0,0.0,1.109,1.109,1.1102
2860,0.0,0.0004,0.0004,0.0001,0.0,1.0,0.0,1.3013,0.0,0.0,0.0,0.0,1.3013000000000001,1.3013000000000001,1.3008
2861,0.0,0.0007,0.0007,0.0001,0.0,1.0,0.0,1.2975,0.0,0.0,0.0,0.0,1.2975,1.2975,1.2964
2862,0.0,0.0007,0.0007,0.0001,0.0,1.0,0.0,1.1587,0.0,0.0,0.0,0.0,1.1587,1.1587,1.1618
2863,0.0,0.0005,0.0005,0.0001,0.0,1.0,0.0,0.872,0.0,0.0,0.0,0.0,0.8720000000000001,0.8720000000000001,0.8753
2864,0.0,0.0008,0.0008,0.0001,0.0,1.0,0.0,1.3748,0.0,0.0,0.0,0.0,1.3748,1.3748,1.3743
2865,0.0,0.0006,0.0006,0.0001,0.0,1.0,0.0,1.1316,0.0,0.0,0.0,0.0,1.1316,1.1316,1.1275
2866,0.0,0.0009,0.0009,0.0002,0.0,1.0,0.0,0.9694,0.0,0.0,0.0,0.0,0.9694,0.9694,0.968
2867,0.0,0.0005,0.0005,0.0001,0.0,1.0,0.0,1.2816,0.0,0.0,0.0,0.0,1.2816,1.2816,1.2853
2868,0.0,0.0007,0.0007,0.0001,0.0,1.0,0.0,1.284,0.0,0.0,0.0,0.0,1.2839999999999998,1.2839999999999998,1.2838
2869,0.0,0.0007,0.0007,0.0001,0.0,1.0,0.0,1.4584,0.0,0.0,0.0,0.0,1.4584000000000001,1.4584000000000001,1.4614
2870,0.0,0.0009,0.0009,0.0002,0.0,1.0,0.0,1.2166,0.0,0.0,0.0,0.0,1.2166000000000001,1.2166000000000001,1.2134
2871,0.0,0.0009,0.0009,0.0002,0.0,1.0,0.0,1.3095,0.0,0.0,0.0,0.0,1.3094999999999999,1.3094999999999999,1.308
2872,0.0,0.0004,0.0004,0.0001,0.0,1.0,0.0,1.1863,0.0,0.0,0.0,0.0,1.1863000000000001,1.1863000000000001,1.1863
2873,0.0,0.0006,0.0006,0.0001,0.0,1.0,0.0,1.0608,0.0,0.0,0.0,0.0,1.0608,1.0608,1.0581
2874,0.0,0.0008,0.0008,0.0001,0.0,1.0,0.0,1.3205,0.0,0.0,0.0,0.0,1.3205,1.3205,1.3225
2875,0.0,0.0007,0.0007,0.0001,0.0,1.0,0.0,1.5039,0.0,0.0,0.0,0.0,1.5039,1.5039,1.4996
2876,0.0,0.0008,0.0008,0.0001,0.0,1.0,0.0,1.1407,0.0,0.0,0.0,0.0,1.1406999999999998,1.1406999999999998,1.1442
2877,0.0,0.0006,0.0006,0.0001,0.0,1.0,0.0,1.2262,0.0,0.0,0.0,0.0,1.2262,1.2262,1.2303
2878,0.0,0.0009,0.0009,0.0002,0.0,1.0,0.0,1.2806,0.0,0.0,0.0,0.0,1.2806000000000002,1.2806000000000002,1.2838
2879,0.0,0.0006,0.0006,0.0001,0.0,1.0,0.0,1.1369,0.0,0.0,0.0,0.0,1.1369,1.1369,1.1383
2880,0.0,0.0009,0.0009,0.0002,0.0,1.0,0.0,1.2706,0.0,0.0,0.0,0.0,1.2706,1.2706,1.274
2881,0.0,0.0006,0.0006,0.0001,0.0,1.0,0.0,1.3293,0.0,0.0,0.0,0.0,1.3293,1.3293,1.3294
2882,0.0,0.001,0.001,0.0002,0.0,1.0,0.0,1.056,0.0,0.0,0.0,0.0,1.056,1.056,1.0562
2883,0.0,0.0007,0.0007,0.0001,0.0,1.0,0.0,1.346,0.0,0.0,0.0,0.0,1.346,1.346,1.343
2884,0.0,0.0006,0.0006,0.0001,0.0,1.0,0.0,1.4677,0.0,0.0,0.0,0.0,1.4677,1.4677,1.4703
2885,0.0,0.0011,0.0011,0.0002,0.0,1.0,0.0,1.3578,0.0,0.0,0.0,0.0,1.3578,1.3578,1.359
2886,0.0,0.0004,0.0004,0.0001,0.0,1.0,0.0,1.1265,0.0,0.0,0.0,0.0,1.1265,1.1265,1.126
2887,0.0,0.0007,0.0007,0.0001,0.0,1.0,0.0,1.2577,0.0,0.0,0.0,0.0,1.2577,1.2577,1.2597
2888,0.0,0.0003,0.0003,0.0001,0.0,1.0,0.0,1.025,0.0,0.0,0.0,0.0,1.025,1.025,1.023
2889,0.0,0.0008,0.0008,0.0001,0.0,1.0,0.0,1.5044,0.0,0.0,0.0,0.0,1.5044,1.5044,1.5042
2890,0.0,0.001,0.001,0.0002,0.0,1.0,0.0,1.3171,0.0,0.0,0.0,0.0,1.3171,1.3171,1.3174
2891,0.0,0.0009,0.0009,0.0002,0.0,1.0,0.0,1.656,0.0,0.0,0.0,0.0,1.656,1.656,1.6526
2892,0.0,0.0008,0.0008,0.0001,0.0,1.0,0.0,1.438,0.0,0.0,0.0,0.0,1.438,1.438,1.4344
2893,0.0,0.0004,0.0004,0.0001,0.0,1.0,0.0,1.098,0.0,0.0,0.0,0.0,1.0979999999999999,1.0979999999999999,1.101
2894,0.0,0.0004,0.0004,0.0001,0.0,1.0,0.0,0.9721,0.0,0.0,0.0,0.0,0.9721,0.9721,0.9698
2895,0.0,0.0003,0.0003,0.0001,0.0,1.0,0.0,1.138,0.0,0.0,0.0,0.0,1.138,1.138,1.1333
2896,0.0,0.0007,0.0007,0.0001,0.0,1.0,0.0,1.3748,0.0,0.0,0.0,0.0,1.3748,1.3748,1.3735
2897,0.0,0.0008,0.0008,0.0001,0.0,1.0,0.0,1.5444,0.0,0.0,0.0,0.0,1.5444,1.5444,1.5438
2898,0.0,0.0007,0.0007,0.0001,0.0,1.0,0.0,1.4416,0.0,0.0,0.0,0.0,1.4416000000000002,1.4416000000000002,1.4412
2899,0.0,0.0007,0.0007,0.0001,0.0,1.0,0.0,1.5205,0.0,0.0,0.0,0.0,1.5205000000000002,1.5205000000000002,1.5195
2900,0.0,0.0005,0.0005,0.0001,0.0,1.0,0.0,1.3654,0.0,0.0,0.0,0.0,1.3654,1.3654,1.3615
2901,0.0,0.0005,0.0005,0.0001,0.0,1.0,0.0,1.0018,0.0,0.0,0.0,0.0,1.0018,1.0018,0.9972
2902,0.0,0.0011,0.0011,0.0002,0.0,1.0,0.0,1.1216,0.0,0.0,0.0,0.0,1.1216000000000002,1.1216000000000002,1.1226
2903,0.0,0.0008,0.0008,0.0002,0.0,1.0,0.0,1.3376,0.0,0.0,0.0,0.0,1.3376000000000001,1.3376000000000001,1.3415
2904,0.0,0.0007,0.0007,0.0001,0.0,1.0,0.0,1.1116,0.0,0.0,0.0,0.0,1.1116000000000001,1.1116000000000001,1.1075
2905,0.0,0.0005,0.0005,0.0001,0.0,1.0,0.0,1.4816,0.0,0.0,0.0,0.0,1.4816,1.4816,1.4827
2906,0.0,0.0005,0.0005,0.0001,0.0,1.0,0.0,1.0244,0.0,0.0,0.0,0.0,1.0244,1.0244,1.0214
2907,0.0,0.0005,0.0005,0.0001,0.0,1.0,0.0,0.946,0.0,0.0,0.0,0.0,0.946,0.946,0.9483
2908,0.0,0.0003,0.0003,0.0001,0.0,1.0,0.0,1.0843,0.0,0.0,0.0,0.0,1.0843,1.0843,1.0883
2909,0.0,0.0007,0.0007,0.0001,0.0,1.0,0.0,0.9144,0.0,0.0,0.0,0.0,0.9144,0.9144,0.9158
2910,0.0,0.0008,0.0008,0.0001,0.0,1.0,0.0,1.3559,0.0,0.0,0.0,0.0,1.3559,1.3559,1.3558
2911,0.0,0.0007,0.0007,0.0001,0.0,1.0,0.0,1.0624,0.0,0.0,0.0,0.0,1.0624,1.0624,1.0633
2912,0.0,0.0006,0.0006,0.0001,0.0,1.0,0.0,1.4133,0.0,0.0,0.0,0.0,1.4133,1.4133,1.4106
2913,0.0,0.0006,0.0006,0.0001,0.0,1.0,0.0,0.9574,0.0,0.0,0.0,0.0,0.9574,0.9574,0.9554
2914,0.0,0.0007,0.0007,0.0001,0.0,1.0,0.0,1.2418,0.0,0.0,0.0,0.0,1.2418,1.2418,1.2387
2915,0.0,0.0004,0.0004,0.0001,0.0,1.0,0.0,1.1894,0.0,0.0,0.0,0.0,1.1894,1.1894,1.1927
2916,0.0,0.0004,0.0004,0.0001,0.0,1.0,0.0,1.0463,0.0,0.0,0.0,0.0,1.0463,1.0463,1.0414
2917,0.0,0.0007,0.0007,0.0001,0.0,1.0,0.0,1.2341,0.0,0.0,0.0,0.0,1.2341000000000002,1.2341000000000002,1.2359
2918,0.0,0.0011,0.0011,0.0002,0.0,1.0,0.0,1.2288,0.0,0.0,0.0,0.0,1.2288000000000001,1.2288000000000001,1.2283
2919,0.0,0.0007,0.0007,0.0001,0.0,1.0,0.0,0.9235,0.0,0.0,0.0,0.0,0.9235,0.9235,0.9243
2920,0.0,0.0005,0.0005,0.0001,0.0,1.0,0.0,0.7963,0.0,0.0,0.0,0.0,0.7963,0.7963,0.8003
2921,0.0,0.0009,0.0009,0.0002,0.0,1.0,0.0,1.0606,0.0,0.0,0.0,0.0,1.0606,1.0606,1.0583
2922,0.0,0.0005,0.0005,0.0001,0.0,1.0,0.0,1.2081,0.0,0.0,0.0,0.0,1.2081,1.2081,1.2061
2923,0.0,0.0011,0.0011,0.0002,0.0,1.0,0.0,1.4234,0.0,0.0,0.0,0.0,1.4234,1.4234,1.4253
2924,0.0,0.001,0.001,0.0002,0.0,1.0,0.0,1.5544,0.0,0.0,0.0,0.0,1.5544,1.5544,1.5541
2925,0.0,0.0007,0.0007,0.0001,0.0,1.0,0.0,1.4332,0.0,0.0,0.0,0.0,1.4332,1.4332,1.4336
2926,0.0,0.0009,0.0009,0.0002,0.0,1.0,0.0,1.6434,0.0,0.0,0.0,0.0,1.6434,1.6434,1.6484
2927,0.0,0.0008,0.0008,0.0001,0.0,1.0,0.0,1.4578,0.0,0.0,0.0,0.0,1.4578,1.4578,1.4614
2928,0.0,0.0004,0.0004,0.0001,0.0,1.0,0.0,0.8764,0.0,0.0,0.0,0.0,0.8764,0.8764,0.8791
2929,0.0,0.0004,0.0004,0.0001,0.0,1.0,0.0,1.1254,0.0,0.0,0.0,0.0,1.1254,1.1254,1.1235
2930,0.0,0.0006,0.0006,0.0001,0.0,1.0,0.0,1.2833,0.0,0.0,0.0,0.0,1.2833,1.2833,1.2879
2931,0.0,0.0004,0.0004,0.0001,0.0,1.0,0.0,0.9893,0.0,0.0,0.0,0.0,0.9893000000000001,0.9893000000000001,0.9847
2932,0.0,0.0011,0.0011,0.0002,0.0,1.0,0.0,1.4956,0.0,0.0,0.0,0.0,1.4956,1.4956,1.495
2933,0.0,0.0005,0.0005,0.0001,0.0,1.0,0.0,0.9238,0.0,0.0,0.0,0.0,0.9238,0.9238,0.9195
2934,0.0,0.0006,0.0006,0.0001,0.0,1.0,0.0,1.0774,0.0,0.0,0.0,0.0,1.0774,1.0774,1.0762
2935,0.0,0.0007,0.0007,0.0001,0.0,1.0,0.0,1.5359,0.0,0.0,0.0,0.0,1.5359000000000003,1.5359000000000003,1.531
2936,0.0,0.0007,0.0007,0.0001,0.0,1.0,0.0,1.052,0.0,0.0,0.0,0.0,1.052,1.052,1.0545
2937,0.0,0.0004,0.0004,0.0001,0.0,1.0,0.0,1.0915,0.0,0.0,0.0,0.0,1.0915,1.0915,1.0948
2938,0.0,0.0004,0.0004,0.0001,0.0,1.0,0.0,1.0666,0.0,0.0,0.0,0.0,1.0666,1.0666,1.063
2939,0.0,0.0006,0.0006,0.0001,0.0,1.0,0.0,1.2753,0.0,0.0,0.0,0.0,1.2752999999999999,1.2752999999999999,1.2732
2940,0.0,0.0007,0.0007,0.0001,0.0,1.0,0.0,1.6157,0.0,0.0,0.0,0.0,1.6157,1.6157,1.6205
2941,0.0,0.0011,0.0011,0.0002,0.0,1.0,0.0,1.1704,0.0,0.0,0.0,0.0,1.1703999999999999,1.1703999999999999,1.1694
2942,0.0,0.0009,0.0009,0.0002,0.0,1.0,0.0,1.1661,0.0,0.0,0.0,0.0,1.1661000000000001,1.1661000000000001,1.1635
2943,0.0,0.0008,0.0008,0.0001,0.0,1.0,0.0,1.3887,0.0,0.0,0.0,0.0,1.3887,1.3887,1.3857
2944,0.0,0.0004,0.0004,0.0001,0.0,1.0,0.0,1.078,0.0,0.0,0.0,0.0,1.078,1.078,1.0749
2945,0.0,0.0005,0.0005,0.0001,0.0,1.0,0.0,1.2125,0.0,0.0,0.0,0.0,1.2125,1.2125,1.2138
2946,0.0,0.0005,0.0005,0.0001,0.0,1.0,0.0,1.3178,0.0,0.0,0.0,0.0,1.3178,1.3178,1.3173
2947,0.0,0.0004,0.0004,0.0001,0.0,1.0,0.0,0.8734,0.0,0.0,0.0,0.0,0.8734,0.8734,0.8694
2948,0.0,0.0005,0.0005,0.0001,0.0,1.0,0.0,0.9869,0.0,0.0,0.0,0.0,0.9869,0.9869,0.9895
2949,0.0,0.0006,0.0006,0.0001,0.0,1.0,0.0,1.3174,0.0,0.0,0.0,0.0,1.3174,1.3174,1.3145
2950,0.0,0.0007,0.0007,0.0001,0.0,1.0,0.0,1.253,0.0,0.0,0.0,0.0,1.2530000000000001,1.2530000000000001,1.2538
2951,0.0,0.0007,0.0007,0.0001,0.0,1.0,0.0,1.3437,0.0,0.0,0.0,0.0,1.3437000000000001,1.3437000000000001,1.3418
2952,0.0,0.0006,0.0006,0.0001,0.0,1.0,0.0,1.1677,0.0,0.0,0.0,0.0,1.1677,1.1677,1.1646
2953,0.0,0.0006,0.0006,0.0001,0.0,1.0,0.0,1.0755,0.0,0.0,0.0,0.0,1.0755,1.0755,1.0751
2954,0.0,0.0007,0.0007,0.0001,0.0,1.0,0.0,1.2305,0.0,0.0,0.0,0.0,1.2305,1.2305,1.2311
2955,0.0,0.0006,0.0006,0.0001,0.0,1.0,0.0,1.0332,0.0,0.0,0.0,0.0,1.0332,1.0332,1.0343
2956,0.0,0.0005,0.0005,0.0001,0.0,1.0,0.0,1.2323,0.0,0.0,0.0,0.0,1.2323,1.2323,1.2292
2957,0.0,0.0004,0.0004,0.0001,0.0,1.0,0.0,1.0223,0.0,0.0,0.0,0.0,1.0223,1.0223,1.0213
2958,0.0,0.0009,0.0009,0.0002,0.0,1.0,0.0,1.2572,0.0,0.0,0.0,0.0,1.2571999999999999,1.2571999999999999,1.2614
2959,0.0,0.0007,0.0007,0.0001,0.0,1.0,0.0,1.2913,0.0,0.0,0.0,0.0,1.2913000000000001,1.2913000000000001,1.2951
2960,0.0,0.0003,0.0003,0.0001,0.0,1.0,0.0,1.0156,0.0,0.0,0.0,0.0,1.0156,1.0156,1.0177
2961,0.0,0.0004,0.0004,0.0001,0.0,1.0,0.0,1.1068,0.0,0.0,0.0,0.0,1.1068,1.1068,1.108
2962,0.0,0.0007,0.0007,0.0001,0.0,1.0,0.0,1.1656,0.0,0.0,0.0,0.0,1.1656,1.1656,1.1658
2963,0.0,0.0004,0.0004,0.0001,0.0,1.0,0.0,1.0375,0.0,0.0,0.0,0.0,1.0375,1.0375,1.0339
2964,0.0,0.0005,0.0005,0.0001,0.0,1.0,0.0,1.3525,0.0,0.0,0.0,0.0,1.3525,1.3525,1.3529
2965,0.0,0.0008,0.0008,0.0001,0.0,1.0,0.0,1.1225,0.0,0.0,0.0,0.0,1.1225,1.1225,1.1228
2966,0.0,0.0005,0.0005,0.0001,0.0,1.0,0.0,0.9948,0.0,0.0,0.0,0.0,0.9947999999999999,0.9947999999999999,0.9963
2967,0.0,0.0007,0.0007,0.0001,0.0,1.0,0.0,1.1178,0.0,0.0,0.0,0.0,1.1178,1.1178,1.1213
2968,0.0,0.0007,0.0007,0.0001,0.0,1.0,0.0,1.4184,0.0,0.0,0.0,0.0,1.4184,1.4184,1.4134
2969,0.0,0.0005,0.0005,0.0001,0.0,1.0,0.0,1.1241,0.0,0.0,0.0,0.0,1.1240999999999999,1.1240999999999999,1.1289
2970,0.0,0.0006,0.0006,0.0001,0.0,1.0,0.0,1.1786,0.0,0.0,0.0,0.0,1.1785999999999999,1.1785999999999999,1.1825
2971,0.0,0.0004,0.0004,0.0001,0.0,1.0,0.0,1.4301,0.0,0.0,0.0,0.0,1.4301,1.4301,1.4293
2972,0.0,0.0007,0.0007,0.0001,0.0,1.0,0.0,1.4694,0.0,0.0,0.0,0.0,1.4694,1.4694,1.4714
2973,0.0,0.001,0.001,0.0002,0.0,1.0,0.0,1.3577,0.0,0.0,0.0,0.0,1.3577,1.3577,1.3577
2974,0.0,0.0007,0.0007,0.0001,0.0,1.0,0.0,1.6735,0.0,0.0,0.0,0.0,1.6735,1.6735,1.6765
2975,0.0,0.0011,0.0011,0.0002,0.0,1.0,0.0,1.3484,0.0,0.0,0.0,0.0,1.3483999999999998,1.3483999999999998,1.353
2976,0.0,0.0008,0.0008,0.0001,0.0,1.0,0.0,1.4508,0.0,0.0,0.0,0.0,1.4508,1.4508,1.451
2977,0.0,0.0004,0.0004,0.0001,0.0,1.0,0.0,1.2624,0.0,0.0,0.0,0.0,1.2624,1.2624,1.2648
2978,0.0,0.0009,0.0009,0.0002,0.0,1.0,0.0,1.576,0.0,0.0,0.0,0.0,1.576,1.576,1.5775
2979,0.0,0.0007,0.0007,0.0001,0.0,1.0,0.0,1.0783,0.0,0.0,0.0,0.0,1.0783,1.0783,1.0734
2980,0.0,0.0007,0.0007,0.0001,0.0,1.0,0.0,1.0469,0.0,0.0,0.0,0.0,1.0469,1.0469,1.0482
2981,0.0,0.0003,0.0003,0.0001,0.0,1.0,0.0,0.9489,0.0,0.0,0.0,0.0,0.9489,0.9489,0.9452
2982,0.0,0.0009,0.0009,0.0002,0.0,1.0,0.0,1.5884,0.0,0.0,0.0,0.0,1.5884,1.5884,1.5855
2983,0.0,0.0007,0.0007,0.0001,0.0,1.0,0.0,1.2348,0.0,0.0,0.0,0.0,1.2348000000000001,1.2348000000000001,1.2325
2984,0.0,0.0005,0.0005,0.0001,0.0,1.0,0.0,1.0058,0.0,0.0,0.0,0.0,1.0058,1.0058,1.0087
2985,0.0,0.0008,0.0008,0.0001,0.0,1.0,0.0,1.2369,0.0,0.0,0.0,0.0,1.2368999999999999,1.2368999999999999,1.2331
2986,0.0,0.0008,0.0008,0.0001,0.0,1.0,0.0,1.4401,0.0,0.0,0.0,0.0,1.4401,1.4401,1.4396
2987,0.0,0.0005,0.0005,0.0001,0.0,1.0,0.0,1.1353,0.0,0.0,0.0,0.0,1.1353,1.1353,1.1305
2988,0.0,0.0006,0.0006,0.0001,0.0,1.0,0.0,1.2724,0.0,0.0,0.0,0.0,1.2724000000000002,1.2724000000000002,1.2679
2989,0.0,0.0006,0.0006,0.0001,0.0,1.0,0.0,1.1462,0.0,0.0,0.0,0.0,1.1461999999999999,1.1461999999999999,1.1426
2990,0.0,0.0004,0.0004,0.0001,0.0,1.0,0.0,1.2237,0.0,0.0,0.0,0.0,1.2237,1.2237,1.2283
2991,0.0,0.0004,0.0004,0.0001,0.0,1.0,0.0,1.2643,0.0,0.0,0.0,0.0,1.2643,1.2643,1.26
2992,0.0,0.0005,0.0005,0.0001,0.0,1.0,0.0,1.102,0.0,0.0,0.0,0.0,1.1019999999999999,1.1019999999999999,1.1007
2993,0.0,0.0003,0.0003,0.0001,0.0,1.0,0.0,0.8211,0.0,0.0,0.0,0.0,0.8210999999999999,0.8210999999999999,0.8212
2994,0.0,0.0005,0.0005,0.0001,0.0,1.0,0.0,1.0091,0.0,0.0,0.0,0.0,1.0091,1.0091,1.0057
2995,0.0,0.0008,0.0008,0.0001,0.0,1.0,0.0,1.381,0.0,0.0,0.0,0.0,1.3809999999999998,1.3809999999999998,1.3834
2996,0.0,0.0003,0.0003,0.0001,0.0,1.0,0.0,1.1405,0.0,0.0,0.0,0.0,1.1405,1.1405,1.1417
2997,0.0,0.0007,0.0007,0.0001,0.0,1.0,0.0,1.1005,0.0,0.0,0.0,0.0,1.1005,1.1005,1.1027
2998,0.0,0.0007,0.0007,0.0001,0.0,1.0,0.0,1.4832,0.0,0.0,0.0,0.0,1.4832,1.4832,1.4855
2999,0.0,0.0007,0.0007,0.0001,0.0,1.0,0.0,1.1761,0.0,0.0,0.0,0.0,1.1761,1.1761,1.1719
