job_id,energy_qpu_kwh,energy_cpu_kwh,energy_total_kwh,cost_energy_total,phi_qpu,phi_cpu,qpu_time_s,cpu_time_s,qpu_wait_s,cpu_wait_s,wait_total_s,qpu_turn_s,cpu_turn_s,turn_total_s,job_turnaround_s
0,0.0,0.002,0.002,0.0004,0.0,1.0,0.0,2.7359,0.0,0.0,0.0,0.0,2.7359,2.7359,2.7391
1,0.0,0.0023,0.0023,0.0004,0.0,1.0,0.0,2.5544,0.0,0.0,0.0,0.0,2.5544,2.5544,2.5572
2,0.0,0.0018,0.0018,0.0003,0.0,1.0,0.0,2.2464,0.0,0.0,0.0,0.0,2.2464000000000004,2.2464000000000004,2.251
3,0.0,0.0019,0.0019,0.0003,0.0,1.0,0.0,2.4332,0.0,0.0,0.0,0.0,2.4332,2.4332,2.4288
4,0.0,0.0016,0.0016,0.0003,0.0,1.0,0.0,2.2717,0.0,0.0,0.0,0.0,2.2717,2.2717,2.272
5,0.0,0.0017,0.0017,0.0003,0.0,1.0,0.0,2.4171,0.0,0.0,0.0,0.0,2.4170999999999996,2.4170999999999996,2.4139
6,0.0,0.0021,0.0021,0.0004,0.0,1.0,0.0,2.7129,0.0,0.0,0.0,0.0,2.7129000000000003,2.7129000000000003,2.7175
7,0.0,0.0015,0.0015,0.0003,0.0,1.0,0.0,2.1769,0.0,0.0,0.0,0.0,2.1769000000000003,2.1769000000000003,2.1757
8,0.0,0.0017,0.0017,0.0003,0.0,1.0,0.0,2.0154,0.0,0.0,0.0,0.0,2.0154,2.0154,2.0114
9,0.0,0.0022,0.0022,0.0004,0.0,1.0,0.0,2.1157,0.0,0.0,0.0,0.0,2.1157,2.1157,2.1153
10,0.0,0.0017,0.0017,0.0003,0.0,1.0,0.0,2.2709,0.0,0.0,0.0,0.0,2.2709,2.2709,2.2686
11,0.0,0.0021,0.0021,0.0004,0.0,1.0,0.0,2.2312,0.0,0.0,0.0,0.0,2.2312,2.2312,2.2304
12,0.0,0.0022,0.0022,0.0004,0.0,1.0,0.0,2.4362,0.0,0.0,0.0,0.0,2.4362000000000004,2.4362000000000004,2.4409
13,0.0,0.0018,0.0018,0.0003,0.0,1.0,0.0,2.8508,0.0,0.0,0.0,0.0,2.8508,2.8508,2.8459
14,0.0,0.0022,0.0022,0.0004,0.0,1.0,0.0,2.4815,0.0,0.0,0.0,0.0,2.4815,2.4815,2.4767
15,0.0,0.0018,0.0018,0.0003,0.0,1.0,0.0,2.268,0.0,0.0,0.0,0.0,2.268,2.268,2.2708
16,0.0,0.0016,0.0016,0.0003,0.0,1.0,0.0,2.2364,0.0,0.0,0.0,0.0,2.2364,2.2364,2.2341
17,0.0,0.0023,0.0023,0.0004,0.0,1.0,0.0,2.4036,0.0,0.0,0.0,0.0,2.4036,2.4036,2.402
18,0.0,0.0022,0.0022,0.0004,0.0,1.0,0.0,2.4486,0.0,0.0,0.0,0.0,2.4486000000000003,2.4486000000000003,2.4511
19,0.0,0.0019,0.0019,0.0003,0.0,1.0,0.0,1.8898,0.0,0.0,0.0,0.0,1.8898,1.8898,1.8874
20,0.0,0.0019,0.0019,0.0003,0.0,1.0,0.0,2.3977,0.0,0.0,0.0,0.0,2.3977,2.3977,2.3958
21,0.0,0.0013,0.0013,0.0002,0.0,1.0,0.0,2.3453,0.0,0.0,0.0,0.0,2.3453,2.3453,2.3479
22,0.0,0.0014,0.0014,0.0003,0.0,1.0,0.0,2.1603,0.0,0.0,0.0,0.0,2.1603,2.1603,2.1629
23,0.0,0.0019,0.0019,0.0003,0.0,1.0,0.0,2.3008,0.0,0.0,0.0,0.0,2.3008,2.3008,2.2994
24,0.0,0.0019,0.0019,0.0003,0.0,1.0,0.0,2.7585,0.0,0.0,0.0,0.0,2.7585,2.7585,2.7575
25,0.0,0.0017,0.0017,0.0003,0.0,1.0,0.0,2.1913,0.0,0.0,0.0,0.0,2.1913,2.1913,2.1939
26,0.0,0.0022,0.0022,0.0004,0.0,1.0,0.0,2.5436,0.0,0.0,0.0,0.0,2.5436,2.5436,2.5408
27,0.0,0.0016,0.0016,0.0003,0.0,1.0,0.0,2.3061,0.0,0.0,0.0,0.0,2.3061000000000003,2.3061000000000003,2.308
28,0.0,0.0021,0.0021,0.0004,0.0,1.0,0.0,2.429,0.0,0.0,0.0,0.0,2.429,2.429,2.4263
29,0.0,0.0016,0.0016,0.0003,0.0,1.0,0.0,2.7314,0.0,0.0,0.0,0.0,2.7314,2.7314,2.7297
30,0.0,0.0017,0.0017,0.0003,0.0,1.0,0.0,2.4191,0.0,0.0,0.0,0.0,2.4191000000000003,2.4191000000000003,2.423
31,0.0,0.002,0.002,0.0004,0.0,1.0,0.0,2.6071,0.0,0.0,0.0,0.0,2.6071,2.6071,2.6036
32,0.0,0.0014,0.0014,0.0003,0.0,1.0,0.0,1.8409,0.0,0.0,0.0,0.0,1.8409,1.8409,1.8375
33,0.0,0.0018,0.0018,0.0003,0.0,1.0,0.0,2.7751,0.0,0.0,0.0,0.0,2.7751,2.7751,2.7731
34,0.0,0.0017,0.0017,0.0003,0.0,1.0,0.0,2.4326,0.0,0.0,0.0,0.0,2.4326,2.4326,2.4351
35,0.0,0.0021,0.0021,0.0004,0.0,1.0,0.0,2.609,0.0,0.0,0.0,0.0,2.609,2.609,2.614
36,0.0,0.002,0.002,0.0004,0.0,1.0,0.0,1.9949,0.0,0.0,0.0,0.0,1.9949000000000001,1.9949000000000001,1.996
37,0.0,0.0018,0.0018,0.0003,0.0,1.0,0.0,2.6987,0.0,0.0,0.0,0.0,2.6986999999999997,2.6986999999999997,2.6969
38,0.0,0.0029,0.0029,0.0005,0.0,1.0,0.0,2.6364,0.0,0.0,0.0,0.0,2.6364,2.6364,2.6391
39,0.0,0.0014,0.0014,0.0003,0.0,1.0,0.0,2.29,0.0,0.0,0.0,0.0,2.2899999999999996,2.2899999999999996,2.2945
40,0.0,0.0022,0.0022,0.0004,0.0,1.0,0.0,2.4485,0.0,0.0,0.0,0.0,2.4485,2.4485,2.4514
41,0.0,0.002,0.002,0.0004,0.0,1.0,0.0,2.6329,0.0,0.0,0.0,0.0,2.6329000000000002,2.6329000000000002,2.6332
42,0.0,0.0023,0.0023,0.0004,0.0,1.0,0.0,2.7104,0.0,0.0,0.0,0.0,2.7104,2.7104,2.7074
43,0.0,0.0023,0.0023,0.0004,0.0,1.0,0.0,2.5258,0.0,0.0,0.0,0.0,2.5258,2.5258,2.5236
44,0.0,0.0015,0.0015,0.0003,0.0,1.0,0.0,2.0996,0.0,0.0,0.0,0.0,2.0996,2.0996,2.1023
45,0.0,0.0015,0.0015,0.0003,0.0,1.0,0.0,2.0563,0.0,0.0,0.0,0.0,2.0563000000000002,2.0563000000000002,2.06
46,0.0,0.0017,0.0017,0.0003,0.0,1.0,0.0,2.071,0.0,0.0,0.0,0.0,2.0709999999999997,2.0709999999999997,2.0672
47,0.0,0.0018,0.0018,0.0003,0.0,1.0,0.0,2.8272,0.0,0.0,0.0,0.0,2.8272,2.8272,2.8274
48,0.0,0.0022,0.0022,0.0004,0.0,1.0,0.0,2.4789,0.0,0.0,0.0,0.0,2.4789,2.4789,2.478
49,0.0,0.0021,0.0021,0.0004,0.0,1.0,0.0,2.6153,0.0,0.0,0.0,0.0,2.6153,2.6153,2.618
50,0.0,0.0019,0.0019,0.0004,0.0,1.0,0.0,2.6728,0.0,0.0,0.0,0.0,2.6728,2.6728,2.6768
51,0.0,0.0017,0.0017,0.0003,0.0,1.0,0.0,2.4524,0.0,0.0,0.0,0.0,2.4524000000000004,2.4524000000000004,2.45
52,0.0,0.002,0.002,0.0004,0.0,1.0,0.0,2.0584,0.0,0.0,0.0,0.0,2.0584000000000002,2.0584000000000002,2.0597
53,0.0,0.0015,0.0015,0.0003,0.0,1.0,0.0,2.0325,0.0,0.0,0.0,0.0,2.0325,2.0325,2.0365
54,0.0,0.0014,0.0014,0.0003,0.0,1.0,0.0,2.0748,0.0,0.0,0.0,0.0,2.0747999999999998,2.0747999999999998,2.0789
55,0.0,0.0019,0.0019,0.0003,0.0,1.0,0.0,2.3438,0.0,0.0,0.0,0.0,2.3438,2.3438,2.3441
56,0.0,0.002,0.002,0.0004,0.0,1.0,0.0,2.3699,0.0,0.0,0.0,0.0,2.3699000000000003,2.3699000000000003,2.3653
57,0.0,0.0025,0.0025,0.0005,0.0,1.0,0.0,2.6603,0.0,0.0,0.0,0.0,2.6603,2.6603,2.659
58,0.0,0.002,0.002,0.0004,0.0,1.0,0.0,2.6202,0.0,0.0,0.0,0.0,2.6201999999999996,2.6201999999999996,2.619
59,0.0,0.0022,0.0022,0.0004,0.0,1.0,0.0,2.7967,0.0,0.0,0.0,0.0,2.7967,2.7967,2.794
60,0.0,0.0019,0.0019,0.0003,0.0,1.0,0.0,2.6853,0.0,0.0,0.0,0.0,2.6853,2.6853,2.687
61,0.0,0.0015,0.0015,0.0003,0.0,1.0,0.0,2.2789,0.0,0.0,0.0,0.0,2.2789,2.2789,2.2769
62,0.0,0.0024,0.0024,0.0004,0.0,1.0,0.0,2.6995,0.0,0.0,0.0,0.0,2.6994999999999996,2.6994999999999996,2.7028
63,0.0,0.0025,0.0025,0.0005,0.0,1.0,0.0,2.3025,0.0,0.0,0.0,0.0,2.3025,2.3025,2.3048
64,0.0,0.0018,0.0018,0.0003,0.0,1.0,0.0,2.2434,0.0,0.0,0.0,0.0,2.2434000000000003,2.2434000000000003,2.2479
65,0.0,0.0016,0.0016,0.0003,0.0,1.0,0.0,2.2831,0.0,0.0,0.0,0.0,2.2831,2.2831,2.2822
66,0.0,0.0015,0.0015,0.0003,0.0,1.0,0.0,2.4455,0.0,0.0,0.0,0.0,2.4455,2.4455,2.445
67,0.0,0.002,0.002,0.0004,0.0,1.0,0.0,2.6991,0.0,0.0,0.0,0.0,2.6991,2.6991,2.7005
68,0.0,0.0021,0.0021,0.0004,0.0,1.0,0.0,2.7949,0.0,0.0,0.0,0.0,2.7948999999999997,2.7948999999999997,2.7909
69,0.0,0.0024,0.0024,0.0004,0.0,1.0,0.0,2.5973,0.0,0.0,0.0,0.0,2.5973,2.5973,2.6007
70,0.0,0.0022,0.0022,0.0004,0.0,1.0,0.0,2.3057,0.0,0.0,0.0,0.0,2.3057,2.3057,2.3026
71,0.0,0.0019,0.0019,0.0003,0.0,1.0,0.0,2.5021,0.0,0.0,0.0,0.0,2.5021,2.5021,2.5069
72,0.0,0.0017,0.0017,0.0003,0.0,1.0,0.0,2.0471,0.0,0.0,0.0,0.0,2.0471,2.0471,2.0422
73,0.0,0.0016,0.0016,0.0003,0.0,1.0,0.0,2.3045,0.0,0.0,0.0,0.0,2.3045,2.3045,2.3092
74,0.0,0.0026,0.0026,0.0005,0.0,1.0,0.0,2.5795,0.0,0.0,0.0,0.0,2.5795,2.5795,2.5844
75,0.0,0.0017,0.0017,0.0003,0.0,1.0,0.0,2.3511,0.0,0.0,0.0,0.0,2.3510999999999997,2.3510999999999997,2.3481
76,0.0,0.0013,0.0013,0.0002,0.0,1.0,0.0,1.7439,0.0,0.0,0.0,0.0,1.7439,1.7439,1.7447
77,0.0,0.002,0.002,0.0004,0.0,1.0,0.0,2.5391,0.0,0.0,0.0,0.0,2.5391000000000004,2.5391000000000004,2.5422
78,0.0,0.0021,0.0021,0.0004,0.0,1.0,0.0,2.2882,0.0,0.0,0.0,0.0,2.2882,2.2882,2.2837
79,0.0,0.002,0.002,0.0004,0.0,1.0,0.0,2.7484,0.0,0.0,0.0,0.0,2.7483999999999997,2.7483999999999997,2.7499
80,0.0,0.0014,0.0014,0.0002,0.0,1.0,0.0,2.086,0.0,0.0,0.0,0.0,2.086,2.086,2.0827
81,0.0,0.0023,0.0023,0.0004,0.0,1.0,0.0,3.1959,0.0,0.0,0.0,0.0,3.1959,3.1959,3.198
82,0.0,0.0016,0.0016,0.0003,0.0,1.0,0.0,2.3689,0.0,0.0,0.0,0.0,2.3689,2.3689,2.3667
83,0.0,0.0021,0.0021,0.0004,0.0,1.0,0.0,2.8424,0.0,0.0,0.0,0.0,2.8423999999999996,2.8423999999999996,2.8391
84,0.0,0.0024,0.0024,0.0004,0.0,1.0,0.0,2.3162,0.0,0.0,0.0,0.0,2.3162000000000003,2.3162000000000003,2.3115
85,0.0,0.002,0.002,0.0004,0.0,1.0,0.0,2.4582,0.0,0.0,0.0,0.0,2.4582,2.4582,2.4626
86,0.0,0.002,0.002,0.0004,0.0,1.0,0.0,2.7863,0.0,0.0,0.0,0.0,2.7863,2.7863,2.7866
87,0.0,0.0016,0.0016,0.0003,0.0,1.0,0.0,2.4304,0.0,0.0,0.0,0.0,2.4303999999999997,2.4303999999999997,2.4267
88,0.0,0.0021,0.0021,0.0004,0.0,1.0,0.0,2.3773,0.0,0.0,0.0,0.0,2.3773,2.3773,2.3763
89,0.0,0.0015,0.0015,0.0003,0.0,1.0,0.0,2.2815,0.0,0.0,0.0,0.0,2.2815,2.2815,2.2825
90,0.0,0.0017,0.0017,0.0003,0.0,1.0,0.0,2.5185,0.0,0.0,0.0,0.0,2.5185,2.5185,2.5181
91,0.0,0.0014,0.0014,0.0003,0.0,1.0,0.0,2.0979,0.0,0.0,0.0,0.0,2.0979,2.0979,2.101
92,0.0,0.0023,0.0023,0.0004,0.0,1.0,0.0,2.4468,0.0,0.0,0.0,0.0,2.4467999999999996,2.4467999999999996,2.4461
93,0.0,0.0017,0.0017,0.0003,0.0,1.0,0.0,2.8219,0.0,0.0,0.0,0.0,2.8219,2.8219,2.8241
94,0.0,0.0016,0.0016,0.0003,0.0,1.0,0.0,2.7049,0.0,0.0,0.0,0.0,2.7049000000000003,2.7049000000000003,2.7074
95,0.0,0.0025,0.0025,0.0004,0.0,1.0,0.0,2.745,0.0,0.0,0.0,0.0,2.745,2.745,2.7454
96,0.0,0.0022,0.0022,0.0004,0.0,1.0,0.0,2.2622,0.0,0.0,0.0,0.0,2.2622,2.2622,2.2639
97,0.0,0.002,0.002,0.0004,0.0,1.0,0.0,2.4691,0.0,0.0,0.0,0.0,2.4691,2.4691,2.4665
98,0.0,0.002,0.002,0.0004,0.0,1.0,0.0,3.0335,0.0,0.0,0.0,0.0,3.0335,3.0335,3.0319
99,0.0,0.002,0.002,0.0004,0.0,1.0,0.0,2.564,0.0,0.0,0.0,0.0,2.564,2.564,2.5651
100,0.0,0.0014,0.0014,0.0003,0.0,1.0,0.0,2.1825,0.0,0.0,0.0,0.0,2.1825,2.1825,2.1815
101,0.0,0.002,0.002,0.0004,0.0,1.0,0.0,2.5544,0.0,0.0,0.0,0.0,2.5544000000000002,2.5544000000000002,2.5529
102,0.0,0.0027,0.0027,0.0005,0.0,1.0,0.0,2.8823,0.0,0.0,0.0,0.0,2.8823000000000003,2.8823000000000003,2.8774
103,0.0,0.0017,0.0017,0.0003,0.0,1.0,0.0,2.3154,0.0,0.0,0.0,0.0,2.3154,2.3154,2.3135
104,0.0,0.0017,0.0017,0.0003,0.0,1.0,0.0,2.4543,0.0,0.0,0.0,0.0,2.4543,2.4543,2.457
105,0.0,0.0018,0.0018,0.0003,0.0,1.0,0.0,2.5037,0.0,0.0,0.0,0.0,2.5037000000000003,2.5037000000000003,2.5066
106,0.0,0.002,0.002,0.0004,0.0,1.0,0.0,2.429,0.0,0.0,0.0,0.0,2.4290000000000003,2.4290000000000003,2.4312
107,0.0,0.0024,0.0024,0.0004,0.0,1.0,0.0,2.5551,0.0,0.0,0.0,0.0,2.5551,2.5551,2.5561
108,0.0,0.0017,0.0017,0.0003,0.0,1.0,0.0,2.6129,0.0,0.0,0.0,0.0,2.6129,2.6129,2.6157
109,0.0,0.0023,0.0023,0.0004,0.0,1.0,0.0,2.5877,0.0,0.0,0.0,0.0,2.5877,2.5877,2.5893
110,0.0,0.0016,0.0016,0.0003,0.0,1.0,0.0,2.4957,0.0,0.0,0.0,0.0,2.4957000000000003,2.4957000000000003,2.4983
111,0.0,0.0026,0.0026,0.0005,0.0,1.0,0.0,2.6576,0.0,0.0,0.0,0.0,2.6576,2.6576,2.6552
112,0.0,0.002,0.002,0.0004,0.0,1.0,0.0,2.5197,0.0,0.0,0.0,0.0,2.5197000000000003,2.5197000000000003,2.5219
113,0.0,0.0016,0.0016,0.0003,0.0,1.0,0.0,2.4677,0.0,0.0,0.0,0.0,2.4677,2.4677,2.4662
114,0.0,0.0016,0.0016,0.0003,0.0,1.0,0.0,2.2718,0.0,0.0,0.0,0.0,2.2718,2.2718,2.2669
115,0.0,0.0023,0.0023,0.0004,0.0,1.0,0.0,2.1428,0.0,0.0,0.0,0.0,2.1428,2.1428,2.142
116,0.0,0.0026,0.0026,0.0005,0.0,1.0,0.0,3.0599,0.0,0.0,0.0,0.0,3.0599000000000003,3.0599000000000003,3.0584
117,0.0,0.0014,0.0014,0.0003,0.0,1.0,0.0,2.4638,0.0,0.0,0.0,0.0,2.4638,2.4638,2.4661
118,0.0,0.0019,0.0019,0.0003,0.0,1.0,0.0,2.4337,0.0,0.0,0.0,0.0,2.4337,2.4337,2.4366
119,0.0,0.0023,0.0023,0.0004,0.0,1.0,0.0,2.6675,0.0,0.0,0.0,0.0,2.6675,2.6675,2.6636
120,0.0,0.0022,0.0022,0.0004,0.0,1.0,0.0,2.241,0.0,0.0,0.0,0.0,2.2409999999999997,2.2409999999999997,2.24
121,0.0,0.0022,0.0022,0.0004,0.0,1.0,0.0,2.6795,0.0,0.0,0.0,0.0,2.6795000000000004,2.6795000000000004,2.6794
122,0.0,0.0018,0.0018,0.0003,0.0,1.0,0.0,2.1628,0.0,0.0,0.0,0.0,2.1628,2.1628,2.1639
123,0.0,0.0029,0.0029,0.0005,0.0,1.0,0.0,3.1439,0.0,0.0,0.0,0.0,3.1439,3.1439,3.1475
124,0.0,0.0013,0.0013,0.0002,0.0,1.0,0.0,1.9824,0.0,0.0,0.0,0.0,1.9824000000000002,1.9824000000000002,1.9865
125,0.0,0.0016,0.0016,0.0003,0.0,1.0,0.0,2.1503,0.0,0.0,0.0,0.0,2.1503,2.1503,2.1496
126,0.0,0.0018,0.0018,0.0003,0.0,1.0,0.0,2.5175,0.0,0.0,0.0,0.0,2.5175,2.5175,2.5195
127,0.0,0.0028,0.0028,0.0005,0.0,1.0,0.0,2.6102,0.0,0.0,0.0,0.0,2.6102,2.6102,2.6058
128,0.0,0.0013,0.0013,0.0002,0.0,1.0,0.0,1.9259,0.0,0.0,0.0,0.0,1.9259,1.9259,1.929
129,0.0,0.002,0.002,0.0004,0.0,1.0,0.0,2.8312,0.0,0.0,0.0,0.0,2.8312,2.8312,2.8299
130,0.0,0.0023,0.0023,0.0004,0.0,1.0,0.0,2.6224,0.0,0.0,0.0,0.0,2.6224000000000003,2.6224000000000003,2.6254
131,0.0,0.0018,0.0018,0.0003,0.0,1.0,0.0,2.349,0.0,0.0,0.0,0.0,2.349,2.349,2.3444
132,0.0,0.0014,0.0014,0.0003,0.0,1.0,0.0,2.1643,0.0,0.0,0.0,0.0,2.1643,2.1643,2.1596
133,0.0,0.0016,0.0016,0.0003,0.0,1.0,0.0,2.4726,0.0,0.0,0.0,0.0,2.4726000000000004,2.4726000000000004,2.4736
134,0.0,0.0017,0.0017,0.0003,0.0,1.0,0.0,2.1896,0.0,0.0,0.0,0.0,2.1896,2.1896,2.1943
135,0.0,0.0022,0.0022,0.0004,0.0,1.0,0.0,2.3122,0.0,0.0,0.0,0.0,2.3122000000000003,2.3122000000000003,2.3121
136,0.0,0.0019,0.0019,0.0003,0.0,1.0,0.0,2.9451,0.0,0.0,0.0,0.0,2.9451,2.9451,2.9455
137,0.0,0.0018,0.0018,0.0003,0.0,1.0,0.0,2.5975,0.0,0.0,0.0,0.0,2.5975,2.5975,2.5946
138,0.0,0.0021,0.0021,0.0004,0.0,1.0,0.0,2.3246,0.0,0.0,0.0,0.0,2.3245999999999998,2.3245999999999998,2.3219
139,0.0,0.0015,0.0015,0.0003,0.0,1.0,0.0,2.273,0.0,0.0,0.0,0.0,2.273,2.273,2.2752
140,0.0,0.0022,0.0022,0.0004,0.0,1.0,0.0,2.2745,0.0,0.0,0.0,0.0,2.2745,2.2745,2.2772
141,0.0,0.0018,0.0018,0.0003,0.0,1.0,0.0,2.3023,0.0,0.0,0.0,0.0,2.3023000000000002,2.3023000000000002,2.2974
142,0.0,0.0016,0.0016,0.0003,0.0,1.0,0.0,2.1817,0.0,0.0,0.0,0.0,2.1817,2.1817,2.1782
143,0.0,0.0021,0.0021,0.0004,0.0,1.0,0.0,2.4305,0.0,0.0,0.0,0.0,2.4305000000000003,2.4305000000000003,2.433
144,0.0,0.0021,0.0021,0.0004,0.0,1.0,0.0,2.2454,0.0,0.0,0.0,0.0,2.2454000000000005,2.2454000000000005,2.2463
145,0.0,0.002,0.002,0.0004,0.0,1.0,0.0,2.7645,0.0,0.0,0.0,0.0,2.7645,2.7645,2.7624
146,0.0,0.0026,0.0026,0.0005,0.0,1.0,0.0,2.8686,0.0,0.0,0.0,0.0,2.8686,2.8686,2.8645
147,0.0,0.0017,0.0017,0.0003,0.0,1.0,0.0,2.3719,0.0,0.0,0.0,0.0,2.3718999999999997,2.3718999999999997,2.3767
148,0.0,0.0014,0.0014,0.0003,0.0,1.0,0.0,2.0616,0.0,0.0,0.0,0.0,2.0616,2.0616,2.0568
149,0.0,0.0014,0.0014,0.0003,0.0,1.0,0.0,2.1114,0.0,0.0,0.0,0.0,2.1114,2.1114,2.1111
150,0.0,0.0019,0.0019,0.0003,0.0,1.0,0.0,2.8727,0.0,0.0,0.0,0.0,2.8727,2.8727,2.8748
151,0.0,0.0013,0.0013,0.0002,0.0,1.0,0.0,1.9576,0.0,0.0,0.0,0.0,1.9576,1.9576,1.9562
152,0.0,0.0015,0.0015,0.0003,0.0,1.0,0.0,2.184,0.0,0.0,0.0,0.0,2.184,2.184,2.1851
153,0.0,0.0019,0.0019,0.0003,0.0,1.0,0.0,2.52,0.0,0.0,0.0,0.0,2.52,2.52,2.5157
154,0.0,0.0016,0.0016,0.0003,0.0,1.0,0.0,1.8671,0.0,0.0,0.0,0.0,1.8670999999999998,1.8670999999999998,1.8653
155,0.0,0.0026,0.0026,0.0005,0.0,1.0,0.0,2.8161,0.0,0.0,0.0,0.0,2.8161,2.8161,2.8116
156,0.0,0.0022,0.0022,0.0004,0.0,1.0,0.0,2.2737,0.0,0.0,0.0,0.0,2.2737,2.2737,2.2694
157,0.0,0.0013,0.0013,0.0002,0.0,1.0,0.0,2.2803,0.0,0.0,0.0,0.0,2.2803,2.2803,2.284
158,0.0,0.0019,0.0019,0.0003,0.0,1.0,0.0,2.0982,0.0,0.0,0.0,0.0,2.0982,2.0982,2.0964
159,0.0,0.0022,0.0022,0.0004,0.0,1.0,0.0,2.2328,0.0,0.0,0.0,0.0,2.2328,2.2328,2.229
160,0.0,0.0019,0.0019,0.0003,0.0,1.0,0.0,2.4635,0.0,0.0,0.0,0.0,2.4635,2.4635,2.4623
161,0.0,0.0019,0.0019,0.0003,0.0,1.0,0.0,2.2105,0.0,0.0,0.0,0.0,2.2105,2.2105,2.2131
162,0.0,0.0023,0.0023,0.0004,0.0,1.0,0.0,2.7595,0.0,0.0,0.0,0.0,2.7594999999999996,2.7594999999999996,2.7574
163,0.0,0.0019,0.0019,0.0003,0.0,1.0,0.0,2.3291,0.0,0.0,0.0,0.0,2.3291,2.3291,2.329
164,0.0,0.0023,0.0023,0.0004,0.0,1.0,0.0,3.0441,0.0,0.0,0.0,0.0,3.0441000000000003,3.0441000000000003,3.0473
165,0.0,0.0022,0.0022,0.0004,0.0,1.0,0.0,2.9894,0.0,0.0,0.0,0.0,2.9894,2.9894,2.9873
166,0.0,0.0015,0.0015,0.0003,0.0,1.0,0.0,1.7429,0.0,0.0,0.0,0.0,1.7429000000000001,1.7429000000000001,1.7395
167,0.0,0.0028,0.0028,0.0005,0.0,1.0,0.0,2.7687,0.0,0.0,0.0,0.0,2.7687000000000004,2.7687000000000004,2.7647
168,0.0,0.0024,0.0024,0.0004,0.0,1.0,0.0,2.5562,0.0,0.0,0.0,0.0,2.5561999999999996,2.5561999999999996,2.5556
169,0.0,0.0012,0.0012,0.0002,0.0,1.0,0.0,2.1455,0.0,0.0,0.0,0.0,2.1455,2.1455,2.1503
170,0.0,0.0025,0.0025,0.0004,0.0,1.0,0.0,2.8264,0.0,0.0,0.0,0.0,2.8264,2.8264,2.8292
171,0.0,0.0022,0.0022,0.0004,0.0,1.0,0.0,2.7038,0.0,0.0,0.0,0.0,2.7038,2.7038,2.7059
172,0.0,0.0016,0.0016,0.0003,0.0,1.0,0.0,2.7605,0.0,0.0,0.0,0.0,2.7604999999999995,2.7604999999999995,2.765
173,0.0,0.0023,0.0023,0.0004,0.0,1.0,0.0,2.1171,0.0,0.0,0.0,0.0,2.1171,2.1171,2.1148
174,0.0,0.0018,0.0018,0.0003,0.0,1.0,0.0,2.6965,0.0,0.0,0.0,0.0,2.6965000000000003,2.6965000000000003,2.6947
175,0.0,0.0024,0.0024,0.0004,0.0,1.0,0.0,2.754,0.0,0.0,0.0,0.0,2.754,2.754,2.7523
176,0.0,0.0014,0.0014,0.0003,0.0,1.0,0.0,2.4868,0.0,0.0,0.0,0.0,2.4868,2.4868,2.4907
177,0.0,0.002,0.002,0.0004,0.0,1.0,0.0,2.3914,0.0,0.0,0.0,0.0,2.3914,2.3914,2.3931
178,0.0,0.0025,0.0025,0.0004,0.0,1.0,0.0,2.4905,0.0,0.0,0.0,0.0,2.4905,2.4905,2.4888
179,0.0,0.0015,0.0015,0.0003,0.0,1.0,0.0,2.6065,0.0,0.0,0.0,0.0,2.6065,2.6065,2.6092
180,0.0,0.0021,0.0021,0.0004,0.0,1.0,0.0,2.4617,0.0,0.0,0.0,0.0,2.4617,2.4617,2.4588
181,0.0,0.0023,0.0023,0.0004,0.0,1.0,0.0,2.2764,0.0,0.0,0.0,0.0,2.2763999999999998,2.2763999999999998,2.2812
182,0.0,0.0019,0.0019,0.0003,0.0,1.0,0.0,2.3023,0.0,0.0,0.0,0.0,2.3023000000000002,2.3023000000000002,2.2974
183,0.0,0.002,0.002,0.0004,0.0,1.0,0.0,2.8273,0.0,0.0,0.0,0.0,2.8272999999999997,2.8272999999999997,2.8269
184,0.0,0.0014,0.0014,0.0003,0.0,1.0,0.0,1.9525,0.0,0.0,0.0,0.0,1.9525,1.9525,1.9509
185,0.0,0.0027,0.0027,0.0005,0.0,1.0,0.0,2.8083,0.0,0.0,0.0,0.0,2.8082999999999996,2.8082999999999996,2.8057
186,0.0,0.002,0.002,0.0004,0.0,1.0,0.0,2.4165,0.0,0.0,0.0,0.0,2.4165,2.4165,2.412
187,0.0,0.0019,0.0019,0.0003,0.0,1.0,0.0,2.8147,0.0,0.0,0.0,0.0,2.8147,2.8147,2.8142
188,0.0,0.0021,0.0021,0.0004,0.0,1.0,0.0,2.3612,0.0,0.0,0.0,0.0,2.3611999999999997,2.3611999999999997,2.3636
189,0.0,0.0022,0.0022,0.0004,0.0,1.0,0.0,2.3621,0.0,0.0,0.0,0.0,2.3621,2.3621,2.3663
190,0.0,0.0014,0.0014,0.0002,0.0,1.0,0.0,2.1046,0.0,0.0,0.0,0.0,2.1046,2.1046,2.1028
191,0.0,0.0017,0.0017,0.0003,0.0,1.0,0.0,2.3034,0.0,0.0,0.0,0.0,2.3034000000000003,2.3034000000000003,2.2984
192,0.0,0.0019,0.0019,0.0003,0.0,1.0,0.0,2.3434,0.0,0.0,0.0,0.0,2.3434,2.3434,2.3419
193,0.0,0.002,0.002,0.0004,0.0,1.0,0.0,2.4017,0.0,0.0,0.0,0.0,2.4017,2.4017,2.4015
194,0.0,0.0019,0.0019,0.0003,0.0,1.0,0.0,2.2171,0.0,0.0,0.0,0.0,2.2171,2.2171,2.2168
195,0.0,0.0014,0.0014,0.0003,0.0,1.0,0.0,1.8816,0.0,0.0,0.0,0.0,1.8816000000000002,1.8816000000000002,1.8836
196,0.0,0.0022,0.0022,0.0004,0.0,1.0,0.0,2.9764,0.0,0.0,0.0,0.0,2.9764000000000004,2.9764000000000004,2.976
197,0.0,0.0017,0.0017,0.0003,0.0,1.0,0.0,2.3692,0.0,0.0,0.0,0.0,2.3692,2.3692,2.368
198,0.0,0.0024,0.0024,0.0004,0.0,1.0,0.0,2.8831,0.0,0.0,0.0,0.0,2.8830999999999998,2.8830999999999998,2.881
199,0.0,0.002,0.002,0.0004,0.0,1.0,0.0,2.5356,0.0,0.0,0.0,0.0,2.5356,2.5356,2.5373
200,0.0,0.0013,0.0013,0.0002,0.0,1.0,0.0,2.2375,0.0,0.0,0.0,0.0,2.2375,2.2375,2.2366
201,0.0,0.0017,0.0017,0.0003,0.0,1.0,0.0,2.4393,0.0,0.0,0.0,0.0,2.4393,2.4393,2.4442
202,0.0,0.0022,0.0022,0.0004,0.0,1.0,0.0,2.4273,0.0,0.0,0.0,0.0,2.4273,2.4273,2.4275
203,0.0,0.0022,0.0022,0.0004,0.0,1.0,0.0,2.4251,0.0,0.0,0.0,0.0,2.4251,2.4251,2.4282
204,0.0,0.0018,0.0018,0.0003,0.0,1.0,0.0,2.7402,0.0,0.0,0.0,0.0,2.7402,2.7402,2.7433
205,0.0,0.0019,0.0019,0.0003,0.0,1.0,0.0,2.2241,0.0,0.0,0.0,0.0,2.2241,2.2241,2.2203
206,0.0,0.0014,0.0014,0.0002,0.0,1.0,0.0,1.9424,0.0,0.0,0.0,0.0,1.9424000000000001,1.9424000000000001,1.9461
207,0.0,0.002,0.002,0.0004,0.0,1.0,0.0,2.063,0.0,0.0,0.0,0.0,2.0629999999999997,2.0629999999999997,2.0601
208,0.0,0.0019,0.0019,0.0003,0.0,1.0,0.0,2.4423,0.0,0.0,0.0,0.0,2.4423000000000004,2.4423000000000004,2.4407
209,0.0,0.0022,0.0022,0.0004,0.0,1.0,0.0,2.763,0.0,0.0,0.0,0.0,2.763,2.763,2.7601
210,0.0,0.0013,0.0013,0.0002,0.0,1.0,0.0,2.3587,0.0,0.0,0.0,0.0,2.3587,2.3587,2.3622
211,0.0,0.0013,0.0013,0.0002,0.0,1.0,0.0,2.0154,0.0,0.0,0.0,0.0,2.0154,2.0154,2.0139
212,0.0,0.0023,0.0023,0.0004,0.0,1.0,0.0,2.4812,0.0,0.0,0.0,0.0,2.4812,2.4812,2.4837
213,0.0,0.0019,0.0019,0.0004,0.0,1.0,0.0,2.611,0.0,0.0,0.0,0.0,2.611,2.611,2.6067
214,0.0,0.0021,0.0021,0.0004,0.0,1.0,0.0,2.1029,0.0,0.0,0.0,0.0,2.1029,2.1029,2.0984
215,0.0,0.0018,0.0018,0.0003,0.0,1.0,0.0,2.292,0.0,0.0,0.0,0.0,2.292,2.292,2.295
216,0.0,0.0019,0.0019,0.0003,0.0,1.0,0.0,2.784,0.0,0.0,0.0,0.0,2.7840000000000003,2.7840000000000003,2.7816
217,0.0,0.0016,0.0016,0.0003,0.0,1.0,0.0,2.5628,0.0,0.0,0.0,0.0,2.5627999999999997,2.5627999999999997,2.5584
218,0.0,0.0017,0.0017,0.0003,0.0,1.0,0.0,2.0531,0.0,0.0,0.0,0.0,2.0531,2.0531,2.0571
219,0.0,0.0025,0.0025,0.0004,0.0,1.0,0.0,3.3965,0.0,0.0,0.0,0.0,3.3965,3.3965,3.3916
220,0.0,0.0021,0.0021,0.0004,0.0,1.0,0.0,2.5285,0.0,0.0,0.0,0.0,2.5285,2.5285,2.5308
221,0.0,0.0017,0.0017,0.0003,0.0,1.0,0.0,2.3062,0.0,0.0,0.0,0.0,2.3062,2.3062,2.3107
222,0.0,0.0018,0.0018,0.0003,0.0,1.0,0.0,2.5495,0.0,0.0,0.0,0.0,2.5495,2.5495,2.5497
223,0.0,0.0019,0.0019,0.0003,0.0,1.0,0.0,2.0914,0.0,0.0,0.0,0.0,2.0913999999999997,2.0913999999999997,2.0932
224,0.0,0.0018,0.0018,0.0003,0.0,1.0,0.0,2.6292,0.0,0.0,0.0,0.0,2.6292,2.6292,2.634
225,0.0,0.0019,0.0019,0.0003,0.0,1.0,0.0,2.1223,0.0,0.0,0.0,0.0,2.1223,2.1223,2.124
226,0.0,0.0013,0.0013,0.0002,0.0,1.0,0.0,2.1348,0.0,0.0,0.0,0.0,2.1348000000000003,2.1348000000000003,2.1358
227,0.0,0.0026,0.0026,0.0005,0.0,1.0,0.0,2.743,0.0,0.0,0.0,0.0,2.7430000000000003,2.7430000000000003,2.7462
228,0.0,0.002,0.002,0.0004,0.0,1.0,0.0,2.3517,0.0,0.0,0.0,0.0,2.3517,2.3517,2.3552
229,0.0,0.0021,0.0021,0.0004,0.0,1.0,0.0,2.4516,0.0,0.0,0.0,0.0,2.4516,2.4516,2.4479
230,0.0,0.0024,0.0024,0.0004,0.0,1.0,0.0,2.4268,0.0,0.0,0.0,0.0,2.4268,2.4268,2.4284
231,0.0,0.0019,0.0019,0.0003,0.0,1.0,0.0,2.6726,0.0,0.0,0.0,0.0,2.6725999999999996,2.6725999999999996,2.6773
232,0.0,0.0019,0.0019,0.0003,0.0,1.0,0.0,2.7142,0.0,0.0,0.0,0.0,2.7142,2.7142,2.7113
233,0.0,0.0024,0.0024,0.0004,0.0,1.0,0.0,2.5763,0.0,0.0,0.0,0.0,2.5763000000000003,2.5763000000000003,2.5749
234,0.0,0.0019,0.0019,0.0003,0.0,1.0,0.0,2.23,0.0,0.0,0.0,0.0,2.23,2.23,2.2308
235,0.0,0.0017,0.0017,0.0003,0.0,1.0,0.0,2.6954,0.0,0.0,0.0,0.0,2.6954000000000002,2.6954000000000002,2.6959
236,0.0,0.0021,0.0021,0.0004,0.0,1.0,0.0,2.6676,0.0,0.0,0.0,0.0,2.6676,2.6676,2.6671
237,0.0,0.0016,0.0016,0.0003,0.0,1.0,0.0,2.3622,0.0,0.0,0.0,0.0,2.3622,2.3622,2.3655
238,0.0,0.0024,0.0024,0.0004,0.0,1.0,0.0,2.734,0.0,0.0,0.0,0.0,2.734,2.734,2.7387
239,0.0,0.0023,0.0023,0.0004,0.0,1.0,0.0,2.8224,0.0,0.0,0.0,0.0,2.8224,2.8224,2.8202
240,0.0,0.0026,0.0026,0.0005,0.0,1.0,0.0,2.7014,0.0,0.0,0.0,0.0,2.7013999999999996,2.7013999999999996,2.6982
241,0.0,0.002,0.002,0.0004,0.0,1.0,0.0,2.8951,0.0,0.0,0.0,0.0,2.8951000000000002,2.8951000000000002,2.8967
242,0.0,0.0016,0.0016,0.0003,0.0,1.0,0.0,1.9246,0.0,0.0,0.0,0.0,1.9246,1.9246,1.9283
243,0.0,0.0026,0.0026,0.0005,0.0,1.0,0.0,2.7549,0.0,0.0,0.0,0.0,2.7549,2.7549,2.7541
244,0.0,0.0021,0.0021,0.0004,0.0,1.0,0.0,2.3118,0.0,0.0,0.0,0.0,2.3118,2.3118,2.3132
245,0.0,0.0014,0.0014,0.0002,0.0,1.0,0.0,2.2663,0.0,0.0,0.0,0.0,2.2663,2.2663,2.2664
246,0.0,0.0019,0.0019,0.0003,0.0,1.0,0.0,2.5522,0.0,0.0,0.0,0.0,2.5522,2.5522,2.5563
247,0.0,0.0019,0.0019,0.0003,0.0,1.0,0.0,2.4573,0.0,0.0,0.0,0.0,2.4573,2.4573,2.4614
248,0.0,0.0012,0.0012,0.0002,0.0,1.0,0.0,1.8997,0.0,0.0,0.0,0.0,1.8996999999999997,1.8996999999999997,1.8991
249,0.0,0.0014,0.0014,0.0003,0.0,1.0,0.0,2.033,0.0,0.0,0.0,0.0,2.033,2.033,2.0371
250,0.0,0.0018,0.0018,0.0003,0.0,1.0,0.0,2.4462,0.0,0.0,0.0,0.0,2.4461999999999997,2.4461999999999997,2.4493
251,0.0,0.0015,0.0015,0.0003,0.0,1.0,0.0,2.1254,0.0,0.0,0.0,0.0,2.1254,2.1254,2.1242
252,0.0,0.0025,0.0025,0.0004,0.0,1.0,0.0,2.5388,0.0,0.0,0.0,0.0,2.5388,2.5388,2.5423
253,0.0,0.0021,0.0021,0.0004,0.0,1.0,0.0,2.6273,0.0,0.0,0.0,0.0,2.6273,2.6273,2.6227
254,0.0,0.0012,0.0012,0.0002,0.0,1.0,0.0,1.9145,0.0,0.0,0.0,0.0,1.9145,1.9145,1.9189
255,0.0,0.0016,0.0016,0.0003,0.0,1.0,0.0,2.337,0.0,0.0,0.0,0.0,2.337,2.337,2.3397
256,0.0,0.002,0.002,0.0004,0.0,1.0,0.0,2.7821,0.0,0.0,0.0,0.0,2.7821000000000002,2.7821000000000002,2.7782
257,0.0,0.0024,0.0024,0.0004,0.0,1.0,0.0,2.7859,0.0,0.0,0.0,0.0,2.7859000000000003,2.7859000000000003,2.7883
258,0.0,0.0024,0.0024,0.0004,0.0,1.0,0.0,2.6568,0.0,0.0,0.0,0.0,2.6567999999999996,2.6567999999999996,2.6585
259,0.0,0.0022,0.0022,0.0004,0.0,1.0,0.0,2.5567,0.0,0.0,0.0,0.0,2.5566999999999998,2.5566999999999998,2.5559
260,0.0,0.0017,0.0017,0.0003,0.0,1.0,0.0,2.5067,0.0,0.0,0.0,0.0,2.5066999999999995,2.5066999999999995,2.5112
261,0.0,0.0021,0.0021,0.0004,0.0,1.0,0.0,2.1768,0.0,0.0,0.0,0.0,2.1768,2.1768,2.1811
262,0.0,0.0019,0.0019,0.0003,0.0,1.0,0.0,2.8412,0.0,0.0,0.0,0.0,2.8412000000000006,2.8412000000000006,2.8372
263,0.0,0.0018,0.0018,0.0003,0.0,1.0,0.0,2.8041,0.0,0.0,0.0,0.0,2.8041,2.8041,2.8058
264,0.0,0.0022,0.0022,0.0004,0.0,1.0,0.0,2.1131,0.0,0.0,0.0,0.0,2.1131,2.1131,2.1089
265,0.0,0.0021,0.0021,0.0004,0.0,1.0,0.0,2.4983,0.0,0.0,0.0,0.0,2.4983,2.4983,2.5007
266,0.0,0.0018,0.0018,0.0003,0.0,1.0,0.0,2.2834,0.0,0.0,0.0,0.0,2.2834,2.2834,2.2805
267,0.0,0.0018,0.0018,0.0003,0.0,1.0,0.0,2.7979,0.0,0.0,0.0,0.0,2.7979,2.7979,2.7947
268,0.0,0.0019,0.0019,0.0003,0.0,1.0,0.0,2.445,0.0,0.0,0.0,0.0,2.445,2.445,2.4484
269,0.0,0.0024,0.0024,0.0004,0.0,1.0,0.0,2.6669,0.0,0.0,0.0,0.0,2.6669,2.6669,2.6666
270,0.0,0.0021,0.0021,0.0004,0.0,1.0,0.0,2.5584,0.0,0.0,0.0,0.0,2.5584000000000002,2.5584000000000002,2.5587
271,0.0,0.0024,0.0024,0.0004,0.0,1.0,0.0,2.8619,0.0,0.0,0.0,0.0,2.8619,2.8619,2.8665
272,0.0,0.0021,0.0021,0.0004,0.0,1.0,0.0,2.6757,0.0,0.0,0.0,0.0,2.6757000000000004,2.6757000000000004,2.6804
273,0.0,0.0026,0.0026,0.0005,0.0,1.0,0.0,2.8014,0.0,0.0,0.0,0.0,2.8014,2.8014,2.8042
274,0.0,0.0014,0.0014,0.0002,0.0,1.0,0.0,2.1012,0.0,0.0,0.0,0.0,2.1012,2.1012,2.1022
275,0.0,0.0029,0.0029,0.0005,0.0,1.0,0.0,2.8789,0.0,0.0,0.0,0.0,2.8789,2.8789,2.8743
276,0.0,0.0025,0.0025,0.0005,0.0,1.0,0.0,2.8704,0.0,0.0,0.0,0.0,2.8704,2.8704,2.8714
277,0.0,0.0015,0.0015,0.0003,0.0,1.0,0.0,2.0726,0.0,0.0,0.0,0.0,2.0726,2.0726,2.0752
278,0.0,0.0017,0.0017,0.0003,0.0,1.0,0.0,2.7664,0.0,0.0,0.0,0.0,2.7664,2.7664,2.762
279,0.0,0.0021,0.0021,0.0004,0.0,1.0,0.0,2.1013,0.0,0.0,0.0,0.0,2.1013,2.1013,2.1037
280,0.0,0.0014,0.0014,0.0003,0.0,1.0,0.0,2.5937,0.0,0.0,0.0,0.0,2.5937,2.5937,2.5914
281,0.0,0.0018,0.0018,0.0003,0.0,1.0,0.0,2.0472,0.0,0.0,0.0,0.0,2.0472,2.0472,2.0435
282,0.0,0.0015,0.0015,0.0003,0.0,1.0,0.0,2.3471,0.0,0.0,0.0,0.0,2.3471,2.3471,2.3484
283,0.0,0.0016,0.0016,0.0003,0.0,1.0,0.0,2.2297,0.0,0.0,0.0,0.0,2.2297000000000002,2.2297000000000002,2.2303
284,0.0,0.002,0.002,0.0004,0.0,1.0,0.0,2.4062,0.0,0.0,0.0,0.0,2.4061999999999997,2.4061999999999997,2.4032
285,0.0,0.0022,0.0022,0.0004,0.0,1.0,0.0,2.4278,0.0,0.0,0.0,0.0,2.4278,2.4278,2.4315
286,0.0,0.0017,0.0017,0.0003,0.0,1.0,0.0,2.579,0.0,0.0,0.0,0.0,2.579,2.579,2.5826
287,0.0,0.002,0.002,0.0004,0.0,1.0,0.0,2.5367,0.0,0.0,0.0,0.0,2.5367,2.5367,2.5356
288,0.0,0.0016,0.0016,0.0003,0.0,1.0,0.0,2.9035,0.0,0.0,0.0,0.0,2.9034999999999997,2.9034999999999997,2.8996
289,0.0,0.0021,0.0021,0.0004,0.0,1.0,0.0,2.5717,0.0,0.0,0.0,0.0,2.5717000000000003,2.5717000000000003,2.5755
290,0.0,0.0023,0.0023,0.0004,0.0,1.0,0.0,2.47,0.0,0.0,0.0,0.0,2.4699999999999998,2.4699999999999998,2.4725
291,0.0,0.0022,0.0022,0.0004,0.0,1.0,0.0,2.9078,0.0,0.0,0.0,0.0,2.9078,2.9078,2.9036
292,0.0,0.0016,0.0016,0.0003,0.0,1.0,0.0,2.449,0.0,0.0,0.0,0.0,2.4490000000000003,2.4490000000000003,2.4512
293,0.0,0.0025,0.0025,0.0005,0.0,1.0,0.0,2.522,0.0,0.0,0.0,0.0,2.5220000000000002,2.5220000000000002,2.5199
294,0.0,0.002,0.002,0.0004,0.0,1.0,0.0,2.537,0.0,0.0,0.0,0.0,2.5370000000000004,2.5370000000000004,2.5363
295,0.0,0.0017,0.0017,0.0003,0.0,1.0,0.0,2.312,0.0,0.0,0.0,0.0,2.312,2.312,2.3137
296,0.0,0.0025,0.0025,0.0004,0.0,1.0,0.0,2.6939,0.0,0.0,0.0,0.0,2.6939,2.6939,2.6956
297,0.0,0.0019,0.0019,0.0003,0.0,1.0,0.0,2.4645,0.0,0.0,0.0,0.0,2.4645,2.4645,2.4655
298,0.0,0.0017,0.0017,0.0003,0.0,1.0,0.0,2.4926,0.0,0.0,0.0,0.0,2.4926,2.4926,2.4899
299,0.0,0.0017,0.0017,0.0003,0.0,1.0,0.0,1.9524,0.0,0.0,0.0,0.0,1.9524,1.9524,1.9479
300,0.0,0.002,0.002,0.0004,0.0,1.0,0.0,2.7217,0.0,0.0,0.0,0.0,2.7217,2.7217,2.7168
301,0.0,0.0018,0.0018,0.0003,0.0,1.0,0.0,2.4044,0.0,0.0,0.0,0.0,2.4044,2.4044,2.3997
302,0.0,0.0019,0.0019,0.0004,0.0,1.0,0.0,2.0668,0.0,0.0,0.0,0.0,2.0667999999999997,2.0667999999999997,2.0662
303,0.0,0.0017,0.0017,0.0003,0.0,1.0,0.0,2.6979,0.0,0.0,0.0,0.0,2.6979,2.6979,2.6994
304,0.0,0.002,0.002,0.0004,0.0,1.0,0.0,2.2883,0.0,0.0,0.0,0.0,2.2883,2.2883,2.2907
305,0.0,0.0029,0.0029,0.0005,0.0,1.0,0.0,2.7623,0.0,0.0,0.0,0.0,2.7623,2.7623,2.7647
306,0.0,0.0018,0.0018,0.0003,0.0,1.0,0.0,2.2894,0.0,0.0,0.0,0.0,2.2894,2.2894,2.2856
307,0.0,0.0019,0.0019,0.0003,0.0,1.0,0.0,2.3679,0.0,0.0,0.0,0.0,2.3679,2.3679,2.3679
308,0.0,0.0021,0.0021,0.0004,0.0,1.0,0.0,2.3614,0.0,0.0,0.0,0.0,2.3614,2.3614,2.3596
309,0.0,0.0022,0.0022,0.0004,0.0,1.0,0.0,2.4136,0.0,0.0,0.0,0.0,2.4135999999999997,2.4135999999999997,2.4124
310,0.0,0.0025,0.0025,0.0004,0.0,1.0,0.0,2.6033,0.0,0.0,0.0,0.0,2.6033000000000004,2.6033000000000004,2.5987
311,0.0,0.0015,0.0015,0.0003,0.0,1.0,0.0,2.6112,0.0,0.0,0.0,0.0,2.6111999999999997,2.6111999999999997,2.609
312,0.0,0.0015,0.0015,0.0003,0.0,1.0,0.0,1.9386,0.0,0.0,0.0,0.0,1.9386,1.9386,1.9426
313,0.0,0.0022,0.0022,0.0004,0.0,1.0,0.0,2.8429,0.0,0.0,0.0,0.0,2.8428999999999998,2.8428999999999998,2.8407
314,0.0,0.0012,0.0012,0.0002,0.0,1.0,0.0,2.0301,0.0,0.0,0.0,0.0,2.0301,2.0301,2.0263
315,0.0,0.0019,0.0019,0.0003,0.0,1.0,0.0,2.5891,0.0,0.0,0.0,0.0,2.5891,2.5891,2.5854
316,0.0,0.002,0.002,0.0004,0.0,1.0,0.0,2.1617,0.0,0.0,0.0,0.0,2.1616999999999997,2.1616999999999997,2.1637
317,0.0,0.0026,0.0026,0.0005,0.0,1.0,0.0,2.939,0.0,0.0,0.0,0.0,2.939,2.939,2.9409
318,0.0,0.0022,0.0022,0.0004,0.0,1.0,0.0,2.6478,0.0,0.0,0.0,0.0,2.6478,2.6478,2.6433
319,0.0,0.0019,0.0019,0.0003,0.0,1.0,0.0,2.4386,0.0,0.0,0.0,0.0,2.4386,2.4386,2.4378
320,0.0,0.0023,0.0023,0.0004,0.0,1.0,0.0,2.5635,0.0,0.0,0.0,0.0,2.5635,2.5635,2.5653
321,0.0,0.0031,0.0031,0.0005,0.0,1.0,0.0,2.7813,0.0,0.0,0.0,0.0,2.7813,2.7813,2.7772
322,0.0,0.0018,0.0018,0.0003,0.0,1.0,0.0,2.4006,0.0,0.0,0.0,0.0,2.4006000000000003,2.4006000000000003,2.4043
323,0.0,0.0018,0.0018,0.0003,0.0,1.0,0.0,2.2377,0.0,0.0,0.0,0.0,2.2377,2.2377,2.2395
324,0.0,0.0019,0.0019,0.0003,0.0,1.0,0.0,2.0259,0.0,0.0,0.0,0.0,2.0259,2.0259,2.0226
325,0.0,0.0023,0.0023,0.0004,0.0,1.0,0.0,2.6318,0.0,0.0,0.0,0.0,2.6317999999999997,2.6317999999999997,2.6306
326,0.0,0.0015,0.0015,0.0003,0.0,1.0,0.0,2.3611,0.0,0.0,0.0,0.0,2.3611,2.3611,2.3564
327,0.0,0.0015,0.0015,0.0003,0.0,1.0,0.0,2.1644,0.0,0.0,0.0,0.0,2.1644,2.1644,2.1681
328,0.0,0.002,0.002,0.0004,0.0,1.0,0.0,2.2331,0.0,0.0,0.0,0.0,2.2331,2.2331,2.2296
329,0.0,0.0023,0.0023,0.0004,0.0,1.0,0.0,2.7157,0.0,0.0,0.0,0.0,2.7157,2.7157,2.7157
330,0.0,0.0017,0.0017,0.0003,0.0,1.0,0.0,2.5698,0.0,0.0,0.0,0.0,2.5698,2.5698,2.5746
331,0.0,0.0024,0.0024,0.0004,0.0,1.0,0.0,2.681,0.0,0.0,0.0,0.0,2.681,2.681,2.6857
332,0.0,0.0016,0.0016,0.0003,0.0,1.0,0.0,2.5977,0.0,0.0,0.0,0.0,2.5976999999999997,2.5976999999999997,2.6012
333,0.0,0.0023,0.0023,0.0004,0.0,1.0,0.0,2.4406,0.0,0.0,0.0,0.0,2.4406,2.4406,2.4391
334,0.0,0.002,0.002,0.0004,0.0,1.0,0.0,2.3722,0.0,0.0,0.0,0.0,2.3722000000000003,2.3722000000000003,2.3741
335,0.0,0.0024,0.0024,0.0004,0.0,1.0,0.0,3.0398,0.0,0.0,0.0,0.0,3.0398,3.0398,3.0362
336,0.0,0.0016,0.0016,0.0003,0.0,1.0,0.0,2.3494,0.0,0.0,0.0,0.0,2.3493999999999997,2.3493999999999997,2.352
337,0.0,0.0017,0.0017,0.0003,0.0,1.0,0.0,2.215,0.0,0.0,0.0,0.0,2.215,2.215,2.2144
338,0.0,0.0019,0.0019,0.0003,0.0,1.0,0.0,2.3092,0.0,0.0,0.0,0.0,2.3091999999999997,2.3091999999999997,2.3061
339,0.0,0.0022,0.0022,0.0004,0.0,1.0,0.0,2.6924,0.0,0.0,0.0,0.0,2.6924,2.6924,2.6892
340,0.0,0.0012,0.0012,0.0002,0.0,1.0,0.0,2.0791,0.0,0.0,0.0,0.0,2.0791,2.0791,2.075
341,0.0,0.002,0.002,0.0004,0.0,1.0,0.0,2.3611,0.0,0.0,0.0,0.0,2.3611,2.3611,2.358
342,0.0,0.0018,0.0018,0.0003,0.0,1.0,0.0,2.6548,0.0,0.0,0.0,0.0,2.6548000000000003,2.6548000000000003,2.6571
343,0.0,0.0029,0.0029,0.0005,0.0,1.0,0.0,2.9087,0.0,0.0,0.0,0.0,2.9087,2.9087,2.9134
344,0.0,0.002,0.002,0.0004,0.0,1.0,0.0,2.3938,0.0,0.0,0.0,0.0,2.3938000000000006,2.3938000000000006,2.3918
345,0.0,0.0025,0.0025,0.0005,0.0,1.0,0.0,2.7557,0.0,0.0,0.0,0.0,2.7556999999999996,2.7556999999999996,2.7596
346,0.0,0.0017,0.0017,0.0003,0.0,1.0,0.0,2.8026,0.0,0.0,0.0,0.0,2.8026,2.8026,2.8059
347,0.0,0.002,0.002,0.0004,0.0,1.0,0.0,2.8116,0.0,0.0,0.0,0.0,2.8116,2.8116,2.8153
348,0.0,0.002,0.002,0.0004,0.0,1.0,0.0,2.5589,0.0,0.0,0.0,0.0,2.5589000000000004,2.5589000000000004,2.5554
349,0.0,0.0021,0.0021,0.0004,0.0,1.0,0.0,2.6286,0.0,0.0,0.0,0.0,2.6286,2.6286,2.6275
350,0.0,0.0018,0.0018,0.0003,0.0,1.0,0.0,2.1852,0.0,0.0,0.0,0.0,2.1852,2.1852,2.1888
351,0.0,0.0014,0.0014,0.0003,0.0,1.0,0.0,2.3589,0.0,0.0,0.0,0.0,2.3589,2.3589,2.3541
352,0.0,0.0024,0.0024,0.0004,0.0,1.0,0.0,2.9374,0.0,0.0,0.0,0.0,2.9374,2.9374,2.9413
353,0.0,0.0028,0.0028,0.0005,0.0,1.0,0.0,2.7673,0.0,0.0,0.0,0.0,2.7672999999999996,2.7672999999999996,2.7698
354,0.0,0.0025,0.0025,0.0004,0.0,1.0,0.0,2.6165,0.0,0.0,0.0,0.0,2.6165000000000003,2.6165000000000003,2.6195
355,0.0,0.0024,0.0024,0.0004,0.0,1.0,0.0,3.0665,0.0,0.0,0.0,0.0,3.0665,3.0665,3.063
356,0.0,0.0023,0.0023,0.0004,0.0,1.0,0.0,2.8379,0.0,0.0,0.0,0.0,2.8379000000000003,2.8379000000000003,2.8352
357,0.0,0.0024,0.0024,0.0004,0.0,1.0,0.0,2.7711,0.0,0.0,0.0,0.0,2.7711,2.7711,2.774
358,0.0,0.0017,0.0017,0.0003,0.0,1.0,0.0,2.5583,0.0,0.0,0.0,0.0,2.5582999999999996,2.5582999999999996,2.5606
359,0.0,0.0017,0.0017,0.0003,0.0,1.0,0.0,2.5474,0.0,0.0,0.0,0.0,2.5474000000000006,2.5474000000000006,2.5431
360,0.0,0.0023,0.0023,0.0004,0.0,1.0,0.0,2.7167,0.0,0.0,0.0,0.0,2.7167,2.7167,2.717
361,0.0,0.0023,0.0023,0.0004,0.0,1.0,0.0,2.9086,0.0,0.0,0.0,0.0,2.9086,2.9086,2.9054
362,0.0,0.0018,0.0018,0.0003,0.0,1.0,0.0,2.1559,0.0,0.0,0.0,0.0,2.1559,2.1559,2.1511
363,0.0,0.002,0.002,0.0004,0.0,1.0,0.0,2.548,0.0,0.0,0.0,0.0,2.548,2.548,2.5438
364,0.0,0.0025,0.0025,0.0004,0.0,1.0,0.0,2.7987,0.0,0.0,0.0,0.0,2.7987,2.7987,2.8015
365,0.0,0.0022,0.0022,0.0004,0.0,1.0,0.0,2.8034,0.0,0.0,0.0,0.0,2.8034000000000003,2.8034000000000003,2.8051
366,0.0,0.0014,0.0014,0.0003,0.0,1.0,0.0,2.1155,0.0,0.0,0.0,0.0,2.1155,2.1155,2.113
367,0.0,0.0015,0.0015,0.0003,0.0,1.0,0.0,2.3459,0.0,0.0,0.0,0.0,2.3459,2.3459,2.3419
368,0.0,0.0021,0.0021,0.0004,0.0,1.0,0.0,2.734,0.0,0.0,0.0,0.0,2.734,2.734,2.7367
369,0.0,0.001,0.001,0.0002,0.0,1.0,0.0,2.0258,0.0,0.0,0.0,0.0,2.0258,2.0258,2.0231
370,0.0,0.0021,0.0021,0.0004,0.0,1.0,0.0,2.5991,0.0,0.0,0.0,0.0,2.5990999999999995,2.5990999999999995,2.5997
371,0.0,0.0026,0.0026,0.0005,0.0,1.0,0.0,2.4897,0.0,0.0,0.0,0.0,2.4897,2.4897,2.4882
372,0.0,0.0017,0.0017,0.0003,0.0,1.0,0.0,2.5288,0.0,0.0,0.0,0.0,2.5288,2.5288,2.525
373,0.0,0.002,0.002,0.0004,0.0,1.0,0.0,2.6962,0.0,0.0,0.0,0.0,2.6962,2.6962,2.7004
374,0.0,0.0021,0.0021,0.0004,0.0,1.0,0.0,2.0556,0.0,0.0,0.0,0.0,2.0556,2.0556,2.0588
375,0.0,0.0021,0.0021,0.0004,0.0,1.0,0.0,2.8193,0.0,0.0,0.0,0.0,2.8193,2.8193,2.8166
376,0.0,0.0011,0.0011,0.0002,0.0,1.0,0.0,2.1835,0.0,0.0,0.0,0.0,2.1835,2.1835,2.1785
377,0.0,0.0018,0.0018,0.0003,0.0,1.0,0.0,2.6776,0.0,0.0,0.0,0.0,2.6776,2.6776,2.6732
378,0.0,0.0024,0.0024,0.0004,0.0,1.0,0.0,2.6937,0.0,0.0,0.0,0.0,2.6937,2.6937,2.6928
379,0.0,0.0018,0.0018,0.0003,0.0,1.0,0.0,2.0089,0.0,0.0,0.0,0.0,2.0088999999999997,2.0088999999999997,2.0079
380,0.0,0.0017,0.0017,0.0003,0.0,1.0,0.0,2.6059,0.0,0.0,0.0,0.0,2.6059,2.6059,2.6105
381,0.0,0.0013,0.0013,0.0002,0.0,1.0,0.0,2.1302,0.0,0.0,0.0,0.0,2.1302,2.1302,2.1293
382,0.0,0.0018,0.0018,0.0003,0.0,1.0,0.0,2.0366,0.0,0.0,0.0,0.0,2.0366,2.0366,2.0344
383,0.0,0.0016,0.0016,0.0003,0.0,1.0,0.0,2.2185,0.0,0.0,0.0,0.0,2.2185,2.2185,2.2166
384,0.0,0.0016,0.0016,0.0003,0.0,1.0,0.0,2.5521,0.0,0.0,0.0,0.0,2.5521,2.5521,2.5511
385,0.0,0.0026,0.0026,0.0005,0.0,1.0,0.0,3.051,0.0,0.0,0.0,0.0,3.0509999999999997,3.0509999999999997,3.0556
386,0.0,0.002,0.002,0.0004,0.0,1.0,0.0,2.1793,0.0,0.0,0.0,0.0,2.1793,2.1793,2.1787
387,0.0,0.0013,0.0013,0.0002,0.0,1.0,0.0,1.9279,0.0,0.0,0.0,0.0,1.9278999999999997,1.9278999999999997,1.9306
388,0.0,0.0017,0.0017,0.0003,0.0,1.0,0.0,2.5092,0.0,0.0,0.0,0.0,2.5092000000000003,2.5092000000000003,2.5056
389,0.0,0.0012,0.0012,0.0002,0.0,1.0,0.0,2.1144,0.0,0.0,0.0,0.0,2.1144,2.1144,2.1099
390,0.0,0.0012,0.0012,0.0002,0.0,1.0,0.0,2.0877,0.0,0.0,0.0,0.0,2.0877,2.0877,2.0875
391,0.0,0.0016,0.0016,0.0003,0.0,1.0,0.0,2.3889,0.0,0.0,0.0,0.0,2.3889,2.3889,2.3889
392,0.0,0.0023,0.0023,0.0004,0.0,1.0,0.0,2.9632,0.0,0.0,0.0,0.0,2.9632,2.9632,2.9602
393,0.0,0.0021,0.0021,0.0004,0.0,1.0,0.0,2.6648,0.0,0.0,0.0,0.0,2.6648,2.6648,2.6649
394,0.0,0.0016,0.0016,0.0003,0.0,1.0,0.0,2.1609,0.0,0.0,0.0,0.0,2.1609,2.1609,2.1578
395,0.0,0.0018,0.0018,0.0003,0.0,1.0,0.0,2.1066,0.0,0.0,0.0,0.0,2.1066000000000003,2.1066000000000003,2.1104
396,0.0,0.0025,0.0025,0.0005,0.0,1.0,0.0,2.4644,0.0,0.0,0.0,0.0,2.4644000000000004,2.4644000000000004,2.4656
397,0.0,0.0017,0.0017,0.0003,0.0,1.0,0.0,2.4539,0.0,0.0,0.0,0.0,2.4539,2.4539,2.4582
398,0.0,0.0023,0.0023,0.0004,0.0,1.0,0.0,2.3199,0.0,0.0,0.0,0.0,2.3199,2.3199,2.3226
399,0.0,0.0016,0.0016,0.0003,0.0,1.0,0.0,2.3816,0.0,0.0,0.0,0.0,2.3815999999999997,2.3815999999999997,2.3775
400,0.0,0.002,0.002,0.0004,0.0,1.0,0.0,2.4061,0.0,0.0,0.0,0.0,2.4061,2.4061,2.407
401,0.0,0.002,0.002,0.0004,0.0,1.0,0.0,2.4602,0.0,0.0,0.0,0.0,2.4602,2.4602,2.464
402,0.0,0.002,0.002,0.0004,0.0,1.0,0.0,2.4801,0.0,0.0,0.0,0.0,2.4800999999999997,2.4800999999999997,2.4819
403,0.0,0.0013,0.0013,0.0002,0.0,1.0,0.0,2.2263,0.0,0.0,0.0,0.0,2.2263,2.2263,2.2311
404,0.0,0.0022,0.0022,0.0004,0.0,1.0,0.0,2.189,0.0,0.0,0.0,0.0,2.189,2.189,2.1843
405,0.0,0.0016,0.0016,0.0003,0.0,1.0,0.0,2.424,0.0,0.0,0.0,0.0,2.424,2.424,2.4236
406,0.0,0.0017,0.0017,0.0003,0.0,1.0,0.0,2.1814,0.0,0.0,0.0,0.0,2.1814,2.1814,2.1815
407,0.0,0.0019,0.0019,0.0003,0.0,1.0,0.0,2.6829,0.0,0.0,0.0,0.0,2.6829,2.6829,2.6787
408,0.0,0.0028,0.0028,0.0005,0.0,1.0,0.0,2.69,0.0,0.0,0.0,0.0,2.69,2.69,2.6929
409,0.0,0.0026,0.0026,0.0005,0.0,1.0,0.0,2.7618,0.0,0.0,0.0,0.0,2.7618,2.7618,2.7583
410,0.0,0.0021,0.0021,0.0004,0.0,1.0,0.0,2.5624,0.0,0.0,0.0,0.0,2.5624000000000002,2.5624000000000002,2.5615
411,0.0,0.0027,0.0027,0.0005,0.0,1.0,0.0,2.6891,0.0,0.0,0.0,0.0,2.6891,2.6891,2.6881
412,0.0,0.0023,0.0023,0.0004,0.0,1.0,0.0,2.4409,0.0,0.0,0.0,0.0,2.4409,2.4409,2.4431
413,0.0,0.0018,0.0018,0.0003,0.0,1.0,0.0,2.1673,0.0,0.0,0.0,0.0,2.1673,2.1673,2.1711
414,0.0,0.0017,0.0017,0.0003,0.0,1.0,0.0,2.224,0.0,0.0,0.0,0.0,2.2239999999999998,2.2239999999999998,2.2283
415,0.0,0.0023,0.0023,0.0004,0.0,1.0,0.0,2.4596,0.0,0.0,0.0,0.0,2.4596,2.4596,2.4588
416,0.0,0.0016,0.0016,0.0003,0.0,1.0,0.0,2.7275,0.0,0.0,0.0,0.0,2.7275,2.7275,2.7278
417,0.0,0.0015,0.0015,0.0003,0.0,1.0,0.0,1.8256,0.0,0.0,0.0,0.0,1.8256,1.8256,1.8273
418,0.0,0.0016,0.0016,0.0003,0.0,1.0,0.0,2.3343,0.0,0.0,0.0,0.0,2.3343000000000003,2.3343000000000003,2.3327
419,0.0,0.0027,0.0027,0.0005,0.0,1.0,0.0,2.5918,0.0,0.0,0.0,0.0,2.5918,2.5918,2.5952
420,0.0,0.0024,0.0024,0.0004,0.0,1.0,0.0,2.7498,0.0,0.0,0.0,0.0,2.7498000000000005,2.7498000000000005,2.7505
421,0.0,0.0021,0.0021,0.0004,0.0,1.0,0.0,2.5037,0.0,0.0,0.0,0.0,2.5037000000000003,2.5037000000000003,2.4996
422,0.0,0.0017,0.0017,0.0003,0.0,1.0,0.0,2.414,0.0,0.0,0.0,0.0,2.414,2.414,2.4176
423,0.0,0.0017,0.0017,0.0003,0.0,1.0,0.0,1.9971,0.0,0.0,0.0,0.0,1.9971,1.9971,2.0003
424,0.0,0.0027,0.0027,0.0005,0.0,1.0,0.0,2.6311,0.0,0.0,0.0,0.0,2.6311,2.6311,2.6292
425,0.0,0.0018,0.0018,0.0003,0.0,1.0,0.0,2.2015,0.0,0.0,0.0,0.0,2.2015,2.2015,2.2
426,0.0,0.0014,0.0014,0.0002,0.0,1.0,0.0,2.4704,0.0,0.0,0.0,0.0,2.4703999999999997,2.4703999999999997,2.4717
427,0.0,0.0025,0.0025,0.0005,0.0,1.0,0.0,2.6516,0.0,0.0,0.0,0.0,2.6515999999999997,2.6515999999999997,2.6504
428,0.0,0.0026,0.0026,0.0005,0.0,1.0,0.0,2.617,0.0,0.0,0.0,0.0,2.6169999999999995,2.6169999999999995,2.6219
429,0.0,0.0022,0.0022,0.0004,0.0,1.0,0.0,2.9778,0.0,0.0,0.0,0.0,2.9778000000000002,2.9778000000000002,2.9763
430,0.0,0.0021,0.0021,0.0004,0.0,1.0,0.0,2.6908,0.0,0.0,0.0,0.0,2.6908000000000003,2.6908000000000003,2.6917
431,0.0,0.0018,0.0018,0.0003,0.0,1.0,0.0,2.6765,0.0,0.0,0.0,0.0,2.6765,2.6765,2.6754
432,0.0,0.0021,0.0021,0.0004,0.0,1.0,0.0,2.2614,0.0,0.0,0.0,0.0,2.2614,2.2614,2.2577
433,0.0,0.0025,0.0025,0.0004,0.0,1.0,0.0,2.8313,0.0,0.0,0.0,0.0,2.8312999999999997,2.8312999999999997,2.832
434,0.0,0.0013,0.0013,0.0002,0.0,1.0,0.0,2.3554,0.0,0.0,0.0,0.0,2.3554,2.3554,2.3509
435,0.0,0.0024,0.0024,0.0004,0.0,1.0,0.0,2.6815,0.0,0.0,0.0,0.0,2.6814999999999998,2.6814999999999998,2.6824
436,0.0,0.0018,0.0018,0.0003,0.0,1.0,0.0,2.3698,0.0,0.0,0.0,0.0,2.3698000000000006,2.3698000000000006,2.3742
437,0.0,0.0021,0.0021,0.0004,0.0,1.0,0.0,2.1617,0.0,0.0,0.0,0.0,2.1617,2.1617,2.1577
438,0.0,0.0018,0.0018,0.0003,0.0,1.0,0.0,2.1042,0.0,0.0,0.0,0.0,2.1042,2.1042,2.1013
439,0.0,0.0024,0.0024,0.0004,0.0,1.0,0.0,2.4962,0.0,0.0,0.0,0.0,2.4962,2.4962,2.5005
440,0.0,0.0021,0.0021,0.0004,0.0,1.0,0.0,2.7167,0.0,0.0,0.0,0.0,2.7167,2.7167,2.7209
441,0.0,0.0024,0.0024,0.0004,0.0,1.0,0.0,2.5936,0.0,0.0,0.0,0.0,2.5936,2.5936,2.5924
442,0.0,0.0021,0.0021,0.0004,0.0,1.0,0.0,3.0083,0.0,0.0,0.0,0.0,3.0082999999999998,3.0082999999999998,3.0086
443,0.0,0.002,0.002,0.0004,0.0,1.0,0.0,2.4554,0.0,0.0,0.0,0.0,2.4554,2.4554,2.4535
444,0.0,0.0016,0.0016,0.0003,0.0,1.0,0.0,2.5719,0.0,0.0,0.0,0.0,2.5719000000000003,2.5719000000000003,2.5705
445,0.0,0.0016,0.0016,0.0003,0.0,1.0,0.0,2.3433,0.0,0.0,0.0,0.0,2.3433,2.3433,2.3425
446,0.0,0.0024,0.0024,0.0004,0.0,1.0,0.0,2.9885,0.0,0.0,0.0,0.0,2.9885,2.9885,2.9934
447,0.0,0.0024,0.0024,0.0004,0.0,1.0,0.0,2.7239,0.0,0.0,0.0,0.0,2.7239,2.7239,2.724
448,0.0,0.0021,0.0021,0.0004,0.0,1.0,0.0,2.4463,0.0,0.0,0.0,0.0,2.4463000000000004,2.4463000000000004,2.4485
449,0.0,0.0018,0.0018,0.0003,0.0,1.0,0.0,2.4195,0.0,0.0,0.0,0.0,2.4194999999999998,2.4194999999999998,2.4155
450,0.0,0.002,0.002,0.0004,0.0,1.0,0.0,2.6927,0.0,0.0,0.0,0.0,2.6927,2.6927,2.6901
451,0.0,0.0018,0.0018,0.0003,0.0,1.0,0.0,2.3041,0.0,0.0,0.0,0.0,2.3040999999999996,2.3040999999999996,2.3014
452,0.0,0.0021,0.0021,0.0004,0.0,1.0,0.0,2.6978,0.0,0.0,0.0,0.0,2.6978,2.6978,2.7017
453,0.0,0.0023,0.0023,0.0004,0.0,1.0,0.0,2.8458,0.0,0.0,0.0,0.0,2.8458,2.8458,2.848
454,0.0,0.002,0.002,0.0004,0.0,1.0,0.0,2.7775,0.0,0.0,0.0,0.0,2.7775,2.7775,2.7807
455,0.0,0.0023,0.0023,0.0004,0.0,1.0,0.0,2.5222,0.0,0.0,0.0,0.0,2.5221999999999998,2.5221999999999998,2.5189
456,0.0,0.0019,0.0019,0.0003,0.0,1.0,0.0,2.1289,0.0,0.0,0.0,0.0,2.1289,2.1289,2.129
457,0.0,0.0024,0.0024,0.0004,0.0,1.0,0.0,3.1877,0.0,0.0,0.0,0.0,3.1877,3.1877,3.1853
458,0.0,0.0028,0.0028,0.0005,0.0,1.0,0.0,2.6385,0.0,0.0,0.0,0.0,2.6385,2.6385,2.6348
459,0.0,0.0018,0.0018,0.0003,0.0,1.0,0.0,2.2679,0.0,0.0,0.0,0.0,2.2679,2.2679,2.2672
460,0.0,0.002,0.002,0.0004,0.0,1.0,0.0,2.2113,0.0,0.0,0.0,0.0,2.2113,2.2113,2.2094
461,0.0,0.0014,0.0014,0.0003,0.0,1.0,0.0,2.5173,0.0,0.0,0.0,0.0,2.5173,2.5173,2.5223
462,0.0,0.0022,0.0022,0.0004,0.0,1.0,0.0,2.7229,0.0,0.0,0.0,0.0,2.7229,2.7229,2.7255
463,0.0,0.0021,0.0021,0.0004,0.0,1.0,0.0,2.4047,0.0,0.0,0.0,0.0,2.4047,2.4047,2.4047
464,0.0,0.0025,0.0025,0.0005,0.0,1.0,0.0,3.0015,0.0,0.0,0.0,0.0,3.0015,3.0015,2.9966
465,0.0,0.0015,0.0015,0.0003,0.0,1.0,0.0,2.3266,0.0,0.0,0.0,0.0,2.3266,2.3266,2.3264
466,0.0,0.0027,0.0027,0.0005,0.0,1.0,0.0,2.7214,0.0,0.0,0.0,0.0,2.7213999999999996,2.7213999999999996,2.7187
467,0.0,0.0024,0.0024,0.0004,0.0,1.0,0.0,2.6435,0.0,0.0,0.0,0.0,2.6435000000000004,2.6435000000000004,2.6391
468,0.0,0.0016,0.0016,0.0003,0.0,1.0,0.0,1.9973,0.0,0.0,0.0,0.0,1.9972999999999999,1.9972999999999999,1.9986
469,0.0,0.0015,0.0015,0.0003,0.0,1.0,0.0,2.1896,0.0,0.0,0.0,0.0,2.1896,2.1896,2.192
470,0.0,0.0015,0.0015,0.0003,0.0,1.0,0.0,2.5199,0.0,0.0,0.0,0.0,2.5199,2.5199,2.5191
471,0.0,0.0012,0.0012,0.0002,0.0,1.0,0.0,2.2462,0.0,0.0,0.0,0.0,2.2462,2.2462,2.2493
472,0.0,0.0018,0.0018,0.0003,0.0,1.0,0.0,2.8044,0.0,0.0,0.0,0.0,2.8044000000000002,2.8044000000000002,2.8021
473,0.0,0.0016,0.0016,0.0003,0.0,1.0,0.0,2.5931,0.0,0.0,0.0,0.0,2.5931,2.5931,2.5974
474,0.0,0.0017,0.0017,0.0003,0.0,1.0,0.0,2.6217,0.0,0.0,0.0,0.0,2.6217,2.6217,2.6235
475,0.0,0.0023,0.0023,0.0004,0.0,1.0,0.0,2.5923,0.0,0.0,0.0,0.0,2.5923,2.5923,2.5967
476,0.0,0.0023,0.0023,0.0004,0.0,1.0,0.0,2.4741,0.0,0.0,0.0,0.0,2.4741,2.4741,2.4776
477,0.0,0.0022,0.0022,0.0004,0.0,1.0,0.0,2.1867,0.0,0.0,0.0,0.0,2.1867,2.1867,2.189
478,0.0,0.0019,0.0019,0.0003,0.0,1.0,0.0,2.6743,0.0,0.0,0.0,0.0,2.6742999999999997,2.6742999999999997,2.6784
479,0.0,0.0016,0.0016,0.0003,0.0,1.0,0.0,2.1739,0.0,0.0,0.0,0.0,2.1739,2.1739,2.1751
480,0.0,0.0022,0.0022,0.0004,0.0,1.0,0.0,2.8889,0.0,0.0,0.0,0.0,2.8889000000000005,2.8889000000000005,2.8864
481,0.0,0.0024,0.0024,0.0004,0.0,1.0,0.0,2.3468,0.0,0.0,0.0,0.0,2.3468,2.3468,2.3479
482,0.0,0.0012,0.0012,0.0002,0.0,1.0,0.0,2.0561,0.0,0.0,0.0,0.0,2.0561,2.0561,2.059
483,0.0,0.0014,0.0014,0.0003,0.0,1.0,0.0,2.3072,0.0,0.0,0.0,0.0,2.3072,2.3072,2.31
484,0.0,0.0012,0.0012,0.0002,0.0,1.0,0.0,2.2368,0.0,0.0,0.0,0.0,2.2368,2.2368,2.2324
485,0.0,0.0024,0.0024,0.0004,0.0,1.0,0.0,2.6906,0.0,0.0,0.0,0.0,2.6906000000000003,2.6906000000000003,2.6864
486,0.0,0.0014,0.0014,0.0003,0.0,1.0,0.0,2.3671,0.0,0.0,0.0,0.0,2.3670999999999998,2.3670999999999998,2.3709
487,0.0,0.0013,0.0013,0.0002,0.0,1.0,0.0,2.0137,0.0,0.0,0.0,0.0,2.0137,2.0137,2.0174
488,0.0,0.0017,0.0017,0.0003,0.0,1.0,0.0,2.2015,0.0,0.0,0.0,0.0,2.2015,2.2015,2.2019
489,0.0,0.0022,0.0022,0.0004,0.0,1.0,0.0,2.5589,0.0,0.0,0.0,0.0,2.5589,2.5589,2.5558
490,0.0,0.0017,0.0017,0.0003,0.0,1.0,0.0,2.6728,0.0,0.0,0.0,0.0,2.6728000000000005,2.6728000000000005,2.6732
491,0.0,0.0021,0.0021,0.0004,0.0,1.0,0.0,2.5313,0.0,0.0,0.0,0.0,2.5313,2.5313,2.5297
492,0.0,0.0017,0.0017,0.0003,0.0,1.0,0.0,2.1583,0.0,0.0,0.0,0.0,2.1582999999999997,2.1582999999999997,2.1575
493,0.0,0.0025,0.0025,0.0005,0.0,1.0,0.0,3.0119,0.0,0.0,0.0,0.0,3.0119,3.0119,3.0084
494,0.0,0.0022,0.0022,0.0004,0.0,1.0,0.0,2.8452,0.0,0.0,0.0,0.0,2.8452,2.8452,2.8455
495,0.0,0.0019,0.0019,0.0003,0.0,1.0,0.0,2.5723,0.0,0.0,0.0,0.0,2.5723,2.5723,2.572
496,0.0,0.0019,0.0019,0.0003,0.0,1.0,0.0,3.0068,0.0,0.0,0.0,0.0,3.0068,3.0068,3.0078
497,0.0,0.002,0.002,0.0004,0.0,1.0,0.0,2.4216,0.0,0.0,0.0,0.0,2.4215999999999998,2.4215999999999998,2.4256
498,0.0,0.0017,0.0017,0.0003,0.0,1.0,0.0,2.3497,0.0,0.0,0.0,0.0,2.3497,2.3497,2.345
499,0.0,0.002,0.002,0.0004,0.0,1.0,0.0,2.293,0.0,0.0,0.0,0.0,2.2929999999999997,2.2929999999999997,2.2961
500,0.0,0.0019,0.0019,0.0003,0.0,1.0,0.0,2.9283,0.0,0.0,0.0,0.0,2.9283,2.9283,2.9304
501,0.0,0.0018,0.0018,0.0003,0.0,1.0,0.0,2.6016,0.0,0.0,0.0,0.0,2.6016000000000004,2.6016000000000004,2.5986
502,0.0,0.0026,0.0026,0.0005,0.0,1.0,0.0,2.3851,0.0,0.0,0.0,0.0,2.3851000000000004,2.3851000000000004,2.39
503,0.0,0.0011,0.0011,0.0002,0.0,1.0,0.0,1.69,0.0,0.0,0.0,0.0,1.69,1.69,1.6919
504,0.0,0.0023,0.0023,0.0004,0.0,1.0,0.0,2.5879,0.0,0.0,0.0,0.0,2.5879000000000003,2.5879000000000003,2.5927
505,0.0,0.0016,0.0016,0.0003,0.0,1.0,0.0,2.2048,0.0,0.0,0.0,0.0,2.2048,2.2048,2.2058
506,0.0,0.0027,0.0027,0.0005,0.0,1.0,0.0,2.7299,0.0,0.0,0.0,0.0,2.7298999999999998,2.7298999999999998,2.7263
507,0.0,0.0018,0.0018,0.0003,0.0,1.0,0.0,2.1002,0.0,0.0,0.0,0.0,2.1002,2.1002,2.1014
508,0.0,0.0014,0.0014,0.0003,0.0,1.0,0.0,1.9801,0.0,0.0,0.0,0.0,1.9801,1.9801,1.9769
509,0.0,0.0017,0.0017,0.0003,0.0,1.0,0.0,2.1019,0.0,0.0,0.0,0.0,2.1018999999999997,2.1018999999999997,2.1015
510,0.0,0.002,0.002,0.0004,0.0,1.0,0.0,2.3418,0.0,0.0,0.0,0.0,2.3418,2.3418,2.3423
511,0.0,0.0015,0.0015,0.0003,0.0,1.0,0.0,2.0069,0.0,0.0,0.0,0.0,2.0069,2.0069,2.0044
512,0.0,0.0024,0.0024,0.0004,0.0,1.0,0.0,3.0648,0.0,0.0,0.0,0.0,3.0648,3.0648,3.0695
513,0.0,0.0018,0.0018,0.0003,0.0,1.0,0.0,2.3432,0.0,0.0,0.0,0.0,2.3432,2.3432,2.343
514,0.0,0.0017,0.0017,0.0003,0.0,1.0,0.0,2.4506,0.0,0.0,0.0,0.0,2.4506,2.4506,2.4462
515,0.0,0.0016,0.0016,0.0003,0.0,1.0,0.0,2.4315,0.0,0.0,0.0,0.0,2.4314999999999998,2.4314999999999998,2.4351
516,0.0,0.0029,0.0029,0.0005,0.0,1.0,0.0,2.8761,0.0,0.0,0.0,0.0,2.8761,2.8761,2.881
517,0.0,0.0025,0.0025,0.0004,0.0,1.0,0.0,2.4516,0.0,0.0,0.0,0.0,2.4516,2.4516,2.4491
518,0.0,0.0018,0.0018,0.0003,0.0,1.0,0.0,2.1741,0.0,0.0,0.0,0.0,2.1741,2.1741,2.1733
519,0.0,0.002,0.002,0.0004,0.0,1.0,0.0,2.6274,0.0,0.0,0.0,0.0,2.6273999999999997,2.6273999999999997,2.6296
520,0.0,0.0017,0.0017,0.0003,0.0,1.0,0.0,2.3889,0.0,0.0,0.0,0.0,2.3889,2.3889,2.3849
521,0.0,0.002,0.002,0.0004,0.0,1.0,0.0,1.9147,0.0,0.0,0.0,0.0,1.9146999999999998,1.9146999999999998,1.9183
522,0.0,0.0019,0.0019,0.0003,0.0,1.0,0.0,2.6877,0.0,0.0,0.0,0.0,2.6877000000000004,2.6877000000000004,2.6863
523,0.0,0.0021,0.0021,0.0004,0.0,1.0,0.0,2.3983,0.0,0.0,0.0,0.0,2.3982999999999994,2.3982999999999994,2.3969
524,0.0,0.0023,0.0023,0.0004,0.0,1.0,0.0,2.5741,0.0,0.0,0.0,0.0,2.5741,2.5741,2.5772
525,0.0,0.0014,0.0014,0.0003,0.0,1.0,0.0,2.1853,0.0,0.0,0.0,0.0,2.1853,2.1853,2.1893
526,0.0,0.0024,0.0024,0.0004,0.0,1.0,0.0,2.7621,0.0,0.0,0.0,0.0,2.7621,2.7621,2.7586
527,0.0,0.0024,0.0024,0.0004,0.0,1.0,0.0,2.7144,0.0,0.0,0.0,0.0,2.7144,2.7144,2.7144
528,0.0,0.0024,0.0024,0.0004,0.0,1.0,0.0,2.6269,0.0,0.0,0.0,0.0,2.6269000000000005,2.6269000000000005,2.6222
529,0.0,0.0011,0.0011,0.0002,0.0,1.0,0.0,1.9647,0.0,0.0,0.0,0.0,1.9647,1.9647,1.9651
530,0.0,0.0024,0.0024,0.0004,0.0,1.0,0.0,2.8134,0.0,0.0,0.0,0.0,2.8134,2.8134,2.8154
531,0.0,0.0019,0.0019,0.0004,0.0,1.0,0.0,2.4718,0.0,0.0,0.0,0.0,2.4718000000000004,2.4718000000000004,2.4706
532,0.0,0.0015,0.0015,0.0003,0.0,1.0,0.0,2.3961,0.0,0.0,0.0,0.0,2.3961,2.3961,2.3973
533,0.0,0.0021,0.0021,0.0004,0.0,1.0,0.0,2.8065,0.0,0.0,0.0,0.0,2.8064999999999998,2.8064999999999998,2.8092
534,0.0,0.0013,0.0013,0.0002,0.0,1.0,0.0,2.3282,0.0,0.0,0.0,0.0,2.3282,2.3282,2.3303
535,0.0,0.0019,0.0019,0.0003,0.0,1.0,0.0,2.1409,0.0,0.0,0.0,0.0,2.1409000000000002,2.1409000000000002,2.1399
536,0.0,0.002,0.002,0.0004,0.0,1.0,0.0,2.3279,0.0,0.0,0.0,0.0,2.3279,2.3279,2.3305
537,0.0,0.0018,0.0018,0.0003,0.0,1.0,0.0,1.9267,0.0,0.0,0.0,0.0,1.9267,1.9267,1.929
538,0.0,0.0015,0.0015,0.0003,0.0,1.0,0.0,2.5364,0.0,0.0,0.0,0.0,2.5364000000000004,2.5364000000000004,2.5346
539,0.0,0.0026,0.0026,0.0005,0.0,1.0,0.0,2.7579,0.0,0.0,0.0,0.0,2.7579,2.7579,2.7585
540,0.0,0.0019,0.0019,0.0003,0.0,1.0,0.0,2.5318,0.0,0.0,0.0,0.0,2.5318,2.5318,2.5292
541,0.0,0.0019,0.0019,0.0003,0.0,1.0,0.0,2.1948,0.0,0.0,0.0,0.0,2.1948,2.1948,2.1994
542,0.0,0.002,0.002,0.0004,0.0,1.0,0.0,2.6165,0.0,0.0,0.0,0.0,2.6165,2.6165,2.6156
543,0.0,0.0027,0.0027,0.0005,0.0,1.0,0.0,2.8149,0.0,0.0,0.0,0.0,2.8149,2.8149,2.8178
544,0.0,0.0014,0.0014,0.0002,0.0,1.0,0.0,2.3441,0.0,0.0,0.0,0.0,2.3441,2.3441,2.3415
545,0.0,0.0016,0.0016,0.0003,0.0,1.0,0.0,2.6044,0.0,0.0,0.0,0.0,2.6044,2.6044,2.6079
546,0.0,0.002,0.002,0.0004,0.0,1.0,0.0,2.5832,0.0,0.0,0.0,0.0,2.5832,2.5832,2.5852
547,0.0,0.0027,0.0027,0.0005,0.0,1.0,0.0,2.4586,0.0,0.0,0.0,0.0,2.4586,2.4586,2.4577
548,0.0,0.0013,0.0013,0.0002,0.0,1.0,0.0,1.8923,0.0,0.0,0.0,0.0,1.8923,1.8923,1.8897
549,0.0,0.0017,0.0017,0.0003,0.0,1.0,0.0,2.6174,0.0,0.0,0.0,0.0,2.6174,2.6174,2.6199
550,0.0,0.0025,0.0025,0.0004,0.0,1.0,0.0,2.7422,0.0,0.0,0.0,0.0,2.7422,2.7422,2.7425
551,0.0,0.002,0.002,0.0004,0.0,1.0,0.0,2.7269,0.0,0.0,0.0,0.0,2.7268999999999997,2.7268999999999997,2.7293
552,0.0,0.0025,0.0025,0.0004,0.0,1.0,0.0,2.6003,0.0,0.0,0.0,0.0,2.6003,2.6003,2.6043
553,0.0,0.0018,0.0018,0.0003,0.0,1.0,0.0,2.0023,0.0,0.0,0.0,0.0,2.0023,2.0023,2.0017
554,0.0,0.0021,0.0021,0.0004,0.0,1.0,0.0,2.6718,0.0,0.0,0.0,0.0,2.6717999999999997,2.6717999999999997,2.6673
555,0.0,0.0027,0.0027,0.0005,0.0,1.0,0.0,3.0342,0.0,0.0,0.0,0.0,3.0342,3.0342,3.0294
556,0.0,0.0021,0.0021,0.0004,0.0,1.0,0.0,2.5134,0.0,0.0,0.0,0.0,2.5134,2.5134,2.5094
557,0.0,0.0019,0.0019,0.0004,0.0,1.0,0.0,2.3028,0.0,0.0,0.0,0.0,2.3028,2.3028,2.3062
558,0.0,0.0021,0.0021,0.0004,0.0,1.0,0.0,2.8963,0.0,0.0,0.0,0.0,2.8963,2.8963,2.8975
559,0.0,0.0014,0.0014,0.0002,0.0,1.0,0.0,1.9976,0.0,0.0,0.0,0.0,1.9975999999999998,1.9975999999999998,1.9975
560,0.0,0.0017,0.0017,0.0003,0.0,1.0,0.0,2.5372,0.0,0.0,0.0,0.0,2.5372,2.5372,2.5323
561,0.0,0.0025,0.0025,0.0005,0.0,1.0,0.0,2.5181,0.0,0.0,0.0,0.0,2.5181,2.5181,2.5145
562,0.0,0.002,0.002,0.0004,0.0,1.0,0.0,2.2142,0.0,0.0,0.0,0.0,2.2142,2.2142,2.2118
563,0.0,0.0013,0.0013,0.0002,0.0,1.0,0.0,2.1006,0.0,0.0,0.0,0.0,2.1006,2.1006,2.0957
564,0.0,0.0026,0.0026,0.0005,0.0,1.0,0.0,2.6236,0.0,0.0,0.0,0.0,2.6236,2.6236,2.6226
565,0.0,0.0021,0.0021,0.0004,0.0,1.0,0.0,2.6174,0.0,0.0,0.0,0.0,2.6174,2.6174,2.6137
566,0.0,0.0018,0.0018,0.0003,0.0,1.0,0.0,2.3627,0.0,0.0,0.0,0.0,2.3627,2.3627,2.3656
567,0.0,0.002,0.002,0.0004,0.0,1.0,0.0,2.8907,0.0,0.0,0.0,0.0,2.8907000000000003,2.8907000000000003,2.889
568,0.0,0.0023,0.0023,0.0004,0.0,1.0,0.0,2.3222,0.0,0.0,0.0,0.0,2.3222,2.3222,2.3192
569,0.0,0.002,0.002,0.0004,0.0,1.0,0.0,2.6109,0.0,0.0,0.0,0.0,2.6109,2.6109,2.6095
570,0.0,0.0016,0.0016,0.0003,0.0,1.0,0.0,2.2624,0.0,0.0,0.0,0.0,2.2624,2.2624,2.2641
571,0.0,0.0025,0.0025,0.0004,0.0,1.0,0.0,2.4111,0.0,0.0,0.0,0.0,2.4111,2.4111,2.4136
572,0.0,0.0024,0.0024,0.0004,0.0,1.0,0.0,2.5001,0.0,0.0,0.0,0.0,2.5001,2.5001,2.5011
573,0.0,0.0018,0.0018,0.0003,0.0,1.0,0.0,2.0923,0.0,0.0,0.0,0.0,2.0923,2.0923,2.0939
574,0.0,0.0017,0.0017,0.0003,0.0,1.0,0.0,2.6202,0.0,0.0,0.0,0.0,2.6201999999999996,2.6201999999999996,2.6192
575,0.0,0.0027,0.0027,0.0005,0.0,1.0,0.0,3.2065,0.0,0.0,0.0,0.0,3.2064999999999997,3.2064999999999997,3.2113
576,0.0,0.0018,0.0018,0.0003,0.0,1.0,0.0,2.5589,0.0,0.0,0.0,0.0,2.5589000000000004,2.5589000000000004,2.5634
577,0.0,0.0021,0.0021,0.0004,0.0,1.0,0.0,2.4453,0.0,0.0,0.0,0.0,2.4453,2.4453,2.4441
578,0.0,0.0015,0.0015,0.0003,0.0,1.0,0.0,2.1983,0.0,0.0,0.0,0.0,2.1982999999999997,2.1982999999999997,2.1939
579,0.0,0.0019,0.0019,0.0004,0.0,1.0,0.0,2.1976,0.0,0.0,0.0,0.0,2.1976,2.1976,2.2023
580,0.0,0.002,0.002,0.0004,0.0,1.0,0.0,2.1792,0.0,0.0,0.0,0.0,2.1792,2.1792,2.1773
581,0.0,0.0019,0.0019,0.0003,0.0,1.0,0.0,2.8459,0.0,0.0,0.0,0.0,2.8459000000000003,2.8459000000000003,2.8422
582,0.0,0.0022,0.0022,0.0004,0.0,1.0,0.0,2.3078,0.0,0.0,0.0,0.0,2.3078,2.3078,2.3071
583,0.0,0.0017,0.0017,0.0003,0.0,1.0,0.0,2.4915,0.0,0.0,0.0,0.0,2.4915,2.4915,2.4944
584,0.0,0.0025,0.0025,0.0005,0.0,1.0,0.0,2.7678,0.0,0.0,0.0,0.0,2.7678000000000003,2.7678000000000003,2.7688
585,0.0,0.0023,0.0023,0.0004,0.0,1.0,0.0,2.1958,0.0,0.0,0.0,0.0,2.1958,2.1958,2.199
586,0.0,0.0015,0.0015,0.0003,0.0,1.0,0.0,2.3481,0.0,0.0,0.0,0.0,2.3481,2.3481,2.3435
587,0.0,0.0018,0.0018,0.0003,0.0,1.0,0.0,2.6518,0.0,0.0,0.0,0.0,2.6518,2.6518,2.6521
588,0.0,0.0019,0.0019,0.0003,0.0,1.0,0.0,2.5057,0.0,0.0,0.0,0.0,2.5057,2.5057,2.5046
589,0.0,0.0028,0.0028,0.0005,0.0,1.0,0.0,2.9655,0.0,0.0,0.0,0.0,2.9654999999999996,2.9654999999999996,2.9689
590,0.0,0.0016,0.0016,0.0003,0.0,1.0,0.0,2.4051,0.0,0.0,0.0,0.0,2.4051,2.4051,2.4013
591,0.0,0.0022,0.0022,0.0004,0.0,1.0,0.0,2.8213,0.0,0.0,0.0,0.0,2.8213000000000004,2.8213000000000004,2.8179
592,0.0,0.0018,0.0018,0.0003,0.0,1.0,0.0,2.3966,0.0,0.0,0.0,0.0,2.3966,2.3966,2.394
593,0.0,0.0021,0.0021,0.0004,0.0,1.0,0.0,2.4505,0.0,0.0,0.0,0.0,2.4505,2.4505,2.4487
594,0.0,0.0013,0.0013,0.0002,0.0,1.0,0.0,1.8626,0.0,0.0,0.0,0.0,1.8626,1.8626,1.8635
595,0.0,0.0021,0.0021,0.0004,0.0,1.0,0.0,2.4972,0.0,0.0,0.0,0.0,2.4972,2.4972,2.4965
596,0.0,0.0016,0.0016,0.0003,0.0,1.0,0.0,2.1318,0.0,0.0,0.0,0.0,2.1318,2.1318,2.134
597,0.0,0.0019,0.0019,0.0003,0.0,1.0,0.0,2.1498,0.0,0.0,0.0,0.0,2.1498,2.1498,2.1513
598,0.0,0.0021,0.0021,0.0004,0.0,1.0,0.0,2.6007,0.0,0.0,0.0,0.0,2.6007,2.6007,2.5979
599,0.0,0.0025,0.0025,0.0004,0.0,1.0,0.0,2.843,0.0,0.0,0.0,0.0,2.843,2.843,2.8462
600,0.0,0.0019,0.0019,0.0003,0.0,1.0,0.0,2.4305,0.0,0.0,0.0,0.0,2.4305,2.4305,2.435
601,0.0,0.0016,0.0016,0.0003,0.0,1.0,0.0,2.1036,0.0,0.0,0.0,0.0,2.1036,2.1036,2.1
602,0.0,0.0018,0.0018,0.0003,0.0,1.0,0.0,1.9257,0.0,0.0,0.0,0.0,1.9257,1.9257,1.9231
603,0.0,0.0013,0.0013,0.0002,0.0,1.0,0.0,2.4491,0.0,0.0,0.0,0.0,2.4491,2.4491,2.4473
604,0.0,0.0023,0.0023,0.0004,0.0,1.0,0.0,2.7684,0.0,0.0,0.0,0.0,2.7684,2.7684,2.7692
605,0.0,0.002,0.002,0.0004,0.0,1.0,0.0,2.6872,0.0,0.0,0.0,0.0,2.6872000000000003,2.6872000000000003,2.6921
606,0.0,0.0028,0.0028,0.0005,0.0,1.0,0.0,2.957,0.0,0.0,0.0,0.0,2.957,2.957,2.9547
607,0.0,0.0024,0.0024,0.0004,0.0,1.0,0.0,2.511,0.0,0.0,0.0,0.0,2.5109999999999997,2.5109999999999997,2.5147
608,0.0,0.0015,0.0015,0.0003,0.0,1.0,0.0,2.3573,0.0,0.0,0.0,0.0,2.3573,2.3573,2.3574
609,0.0,0.0019,0.0019,0.0003,0.0,1.0,0.0,2.2291,0.0,0.0,0.0,0.0,2.2291,2.2291,2.2271
610,0.0,0.0013,0.0013,0.0002,0.0,1.0,0.0,1.9602,0.0,0.0,0.0,0.0,1.9602000000000004,1.9602000000000004,1.9596
611,0.0,0.0017,0.0017,0.0003,0.0,1.0,0.0,2.6528,0.0,0.0,0.0,0.0,2.6528,2.6528,2.6564
612,0.0,0.0025,0.0025,0.0005,0.0,1.0,0.0,2.4512,0.0,0.0,0.0,0.0,2.4512,2.4512,2.4555
613,0.0,0.0021,0.0021,0.0004,0.0,1.0,0.0,2.6151,0.0,0.0,0.0,0.0,2.6151,2.6151,2.6198
614,0.0,0.0019,0.0019,0.0003,0.0,1.0,0.0,2.3627,0.0,0.0,0.0,0.0,2.3627,2.3627,2.3673
615,0.0,0.0018,0.0018,0.0003,0.0,1.0,0.0,2.6201,0.0,0.0,0.0,0.0,2.6201000000000003,2.6201000000000003,2.6241
616,0.0,0.002,0.002,0.0004,0.0,1.0,0.0,2.7611,0.0,0.0,0.0,0.0,2.7611,2.7611,2.7593
617,0.0,0.0018,0.0018,0.0003,0.0,1.0,0.0,2.3438,0.0,0.0,0.0,0.0,2.3438,2.3438,2.3409
618,0.0,0.0017,0.0017,0.0003,0.0,1.0,0.0,2.439,0.0,0.0,0.0,0.0,2.439,2.439,2.4366
619,0.0,0.0021,0.0021,0.0004,0.0,1.0,0.0,2.6866,0.0,0.0,0.0,0.0,2.6866,2.6866,2.6897
620,0.0,0.0018,0.0018,0.0003,0.0,1.0,0.0,1.9681,0.0,0.0,0.0,0.0,1.9681000000000002,1.9681000000000002,1.9722
621,0.0,0.0026,0.0026,0.0005,0.0,1.0,0.0,2.7541,0.0,0.0,0.0,0.0,2.7541,2.7541,2.752
622,0.0,0.0021,0.0021,0.0004,0.0,1.0,0.0,2.4393,0.0,0.0,0.0,0.0,2.4393,2.4393,2.4439
623,0.0,0.0018,0.0018,0.0003,0.0,1.0,0.0,2.5336,0.0,0.0,0.0,0.0,2.5336,2.5336,2.5329
624,0.0,0.002,0.002,0.0004,0.0,1.0,0.0,3.022,0.0,0.0,0.0,0.0,3.0220000000000002,3.0220000000000002,3.0232
625,0.0,0.002,0.002,0.0004,0.0,1.0,0.0,2.7501,0.0,0.0,0.0,0.0,2.7501,2.7501,2.7468
626,0.0,0.0016,0.0016,0.0003,0.0,1.0,0.0,2.4124,0.0,0.0,0.0,0.0,2.4124,2.4124,2.4106
627,0.0,0.002,0.002,0.0004,0.0,1.0,0.0,2.462,0.0,0.0,0.0,0.0,2.462,2.462,2.4646
628,0.0,0.002,0.002,0.0004,0.0,1.0,0.0,2.4988,0.0,0.0,0.0,0.0,2.4988,2.4988,2.5
629,0.0,0.0018,0.0018,0.0003,0.0,1.0,0.0,2.523,0.0,0.0,0.0,0.0,2.523,2.523,2.5257
630,0.0,0.0017,0.0017,0.0003,0.0,1.0,0.0,2.7406,0.0,0.0,0.0,0.0,2.7406,2.7406,2.741
631,0.0,0.0019,0.0019,0.0004,0.0,1.0,0.0,2.5019,0.0,0.0,0.0,0.0,2.5019,2.5019,2.4974
632,0.0,0.0026,0.0026,0.0005,0.0,1.0,0.0,2.7739,0.0,0.0,0.0,0.0,2.7739,2.7739,2.777
633,0.0,0.0019,0.0019,0.0003,0.0,1.0,0.0,2.6167,0.0,0.0,0.0,0.0,2.6167,2.6167,2.6129
634,0.0,0.0025,0.0025,0.0005,0.0,1.0,0.0,2.9507,0.0,0.0,0.0,0.0,2.9507,2.9507,2.9497
635,0.0,0.0027,0.0027,0.0005,0.0,1.0,0.0,2.9744,0.0,0.0,0.0,0.0,2.9743999999999997,2.9743999999999997,2.9741
636,0.0,0.0021,0.0021,0.0004,0.0,1.0,0.0,2.8379,0.0,0.0,0.0,0.0,2.8379000000000003,2.8379000000000003,2.8377
637,0.0,0.0016,0.0016,0.0003,0.0,1.0,0.0,2.6726,0.0,0.0,0.0,0.0,2.6726,2.6726,2.6762
638,0.0,0.0017,0.0017,0.0003,0.0,1.0,0.0,2.5397,0.0,0.0,0.0,0.0,2.5397,2.5397,2.5398
639,0.0,0.0022,0.0022,0.0004,0.0,1.0,0.0,2.4098,0.0,0.0,0.0,0.0,2.4098,2.4098,2.4075
640,0.0,0.0017,0.0017,0.0003,0.0,1.0,0.0,2.0394,0.0,0.0,0.0,0.0,2.0394,2.0394,2.0366
641,0.0,0.0015,0.0015,0.0003,0.0,1.0,0.0,1.931,0.0,0.0,0.0,0.0,1.931,1.931,1.93
642,0.0,0.0021,0.0021,0.0004,0.0,1.0,0.0,2.8086,0.0,0.0,0.0,0.0,2.8085999999999998,2.8085999999999998,2.8131
643,0.0,0.0021,0.0021,0.0004,0.0,1.0,0.0,2.861,0.0,0.0,0.0,0.0,2.861,2.861,2.8579
644,0.0,0.0019,0.0019,0.0003,0.0,1.0,0.0,2.1395,0.0,0.0,0.0,0.0,2.1395,2.1395,2.1362
645,0.0,0.0016,0.0016,0.0003,0.0,1.0,0.0,2.4563,0.0,0.0,0.0,0.0,2.4563,2.4563,2.4557
646,0.0,0.0015,0.0015,0.0003,0.0,1.0,0.0,2.1067,0.0,0.0,0.0,0.0,2.1067,2.1067,2.1061
647,0.0,0.002,0.002,0.0004,0.0,1.0,0.0,2.4816,0.0,0.0,0.0,0.0,2.4816,2.4816,2.4819
648,0.0,0.0019,0.0019,0.0003,0.0,1.0,0.0,2.1382,0.0,0.0,0.0,0.0,2.1382,2.1382,2.1374
649,0.0,0.0013,0.0013,0.0002,0.0,1.0,0.0,2.3335,0.0,0.0,0.0,0.0,2.3335,2.3335,2.3292
650,0.0,0.002,0.002,0.0004,0.0,1.0,0.0,2.697,0.0,0.0,0.0,0.0,2.697,2.697,2.6972
651,0.0,0.0016,0.0016,0.0003,0.0,1.0,0.0,2.0956,0.0,0.0,0.0,0.0,2.0956,2.0956,2.0914
652,0.0,0.0018,0.0018,0.0003,0.0,1.0,0.0,2.7129,0.0,0.0,0.0,0.0,2.7129,2.7129,2.7125
653,0.0,0.002,0.002,0.0004,0.0,1.0,0.0,2.2565,0.0,0.0,0.0,0.0,2.2565,2.2565,2.2579
654,0.0,0.0016,0.0016,0.0003,0.0,1.0,0.0,2.6929,0.0,0.0,0.0,0.0,2.6929,2.6929,2.6915
655,0.0,0.0017,0.0017,0.0003,0.0,1.0,0.0,2.3652,0.0,0.0,0.0,0.0,2.3652,2.3652,2.3651
656,0.0,0.0022,0.0022,0.0004,0.0,1.0,0.0,2.6253,0.0,0.0,0.0,0.0,2.6253,2.6253,2.626
657,0.0,0.0015,0.0015,0.0003,0.0,1.0,0.0,2.1635,0.0,0.0,0.0,0.0,2.1635,2.1635,2.1675
658,0.0,0.0016,0.0016,0.0003,0.0,1.0,0.0,2.6974,0.0,0.0,0.0,0.0,2.6974,2.6974,2.6966
659,0.0,0.002,0.002,0.0004,0.0,1.0,0.0,2.728,0.0,0.0,0.0,0.0,2.728,2.728,2.7257
660,0.0,0.0021,0.0021,0.0004,0.0,1.0,0.0,2.6782,0.0,0.0,0.0,0.0,2.6782000000000004,2.6782000000000004,2.6808
661,0.0,0.0022,0.0022,0.0004,0.0,1.0,0.0,2.4509,0.0,0.0,0.0,0.0,2.4509,2.4509,2.4469
662,0.0,0.0012,0.0012,0.0002,0.0,1.0,0.0,2.3312,0.0,0.0,0.0,0.0,2.3312,2.3312,2.3262
663,0.0,0.0014,0.0014,0.0003,0.0,1.0,0.0,1.9212,0.0,0.0,0.0,0.0,1.9211999999999998,1.9211999999999998,1.9178
664,0.0,0.0023,0.0023,0.0004,0.0,1.0,0.0,2.7321,0.0,0.0,0.0,0.0,2.7321,2.7321,2.733
665,0.0,0.0022,0.0022,0.0004,0.0,1.0,0.0,2.4482,0.0,0.0,0.0,0.0,2.4482,2.4482,2.4481
666,0.0,0.0019,0.0019,0.0003,0.0,1.0,0.0,2.2447,0.0,0.0,0.0,0.0,2.2447,2.2447,2.2403
667,0.0,0.0024,0.0024,0.0004,0.0,1.0,0.0,2.7743,0.0,0.0,0.0,0.0,2.7743,2.7743,2.7753
668,0.0,0.0021,0.0021,0.0004,0.0,1.0,0.0,2.6592,0.0,0.0,0.0,0.0,2.6592,2.6592,2.6553
669,0.0,0.0021,0.0021,0.0004,0.0,1.0,0.0,2.7835,0.0,0.0,0.0,0.0,2.7835,2.7835,2.7868
670,0.0,0.0019,0.0019,0.0003,0.0,1.0,0.0,2.6971,0.0,0.0,0.0,0.0,2.6971000000000003,2.6971000000000003,2.7021
671,0.0,0.0016,0.0016,0.0003,0.0,1.0,0.0,2.627,0.0,0.0,0.0,0.0,2.6270000000000007,2.6270000000000007,2.6254
672,0.0,0.0024,0.0024,0.0004,0.0,1.0,0.0,2.658,0.0,0.0,0.0,0.0,2.6580000000000004,2.6580000000000004,2.6582
673,0.0,0.0021,0.0021,0.0004,0.0,1.0,0.0,2.9321,0.0,0.0,0.0,0.0,2.9320999999999997,2.9320999999999997,2.9359
674,0.0,0.0024,0.0024,0.0004,0.0,1.0,0.0,2.7769,0.0,0.0,0.0,0.0,2.7769,2.7769,2.7794
675,0.0,0.0019,0.0019,0.0003,0.0,1.0,0.0,2.6941,0.0,0.0,0.0,0.0,2.6940999999999997,2.6940999999999997,2.6971
676,0.0,0.0018,0.0018,0.0003,0.0,1.0,0.0,2.4521,0.0,0.0,0.0,0.0,2.4520999999999997,2.4520999999999997,2.4495
677,0.0,0.0023,0.0023,0.0004,0.0,1.0,0.0,2.9113,0.0,0.0,0.0,0.0,2.9113,2.9113,2.9111
678,0.0,0.0018,0.0018,0.0003,0.0,1.0,0.0,2.3901,0.0,0.0,0.0,0.0,2.3901,2.3901,2.3901
679,0.0,0.0021,0.0021,0.0004,0.0,1.0,0.0,2.3796,0.0,0.0,0.0,0.0,2.3796,2.3796,2.3775
680,0.0,0.0018,0.0018,0.0003,0.0,1.0,0.0,2.4889,0.0,0.0,0.0,0.0,2.4889,2.4889,2.4913
681,0.0,0.002,0.002,0.0004,0.0,1.0,0.0,2.5216,0.0,0.0,0.0,0.0,2.5216000000000003,2.5216000000000003,2.5187
682,0.0,0.0016,0.0016,0.0003,0.0,1.0,0.0,2.7417,0.0,0.0,0.0,0.0,2.7417,2.7417,2.7446
683,0.0,0.0024,0.0024,0.0004,0.0,1.0,0.0,2.4402,0.0,0.0,0.0,0.0,2.4402,2.4402,2.444
684,0.0,0.0014,0.0014,0.0003,0.0,1.0,0.0,2.5551,0.0,0.0,0.0,0.0,2.5551000000000004,2.5551000000000004,2.5528
685,0.0,0.0028,0.0028,0.0005,0.0,1.0,0.0,2.7868,0.0,0.0,0.0,0.0,2.7868,2.7868,2.7872
686,0.0,0.0019,0.0019,0.0003,0.0,1.0,0.0,2.4909,0.0,0.0,0.0,0.0,2.4909,2.4909,2.4861
687,0.0,0.0023,0.0023,0.0004,0.0,1.0,0.0,2.5644,0.0,0.0,0.0,0.0,2.5644,2.5644,2.5596
688,0.0,0.0022,0.0022,0.0004,0.0,1.0,0.0,2.6803,0.0,0.0,0.0,0.0,2.6803000000000003,2.6803000000000003,2.677
689,0.0,0.0013,0.0013,0.0002,0.0,1.0,0.0,2.5963,0.0,0.0,0.0,0.0,2.5963000000000003,2.5963000000000003,2.5915
690,0.0,0.002,0.002,0.0004,0.0,1.0,0.0,2.7412,0.0,0.0,0.0,0.0,2.7412,2.7412,2.746
691,0.0,0.0013,0.0013,0.0002,0.0,1.0,0.0,1.911,0.0,0.0,0.0,0.0,1.911,1.911,1.9123
692,0.0,0.003,0.003,0.0005,0.0,1.0,0.0,3.2307,0.0,0.0,0.0,0.0,3.2307000000000006,3.2307000000000006,3.2333
693,0.0,0.0014,0.0014,0.0003,0.0,1.0,0.0,2.0777,0.0,0.0,0.0,0.0,2.0777,2.0777,2.0769
694,0.0,0.0026,0.0026,0.0005,0.0,1.0,0.0,2.7255,0.0,0.0,0.0,0.0,2.7255,2.7255,2.7234
695,0.0,0.0016,0.0016,0.0003,0.0,1.0,0.0,2.4986,0.0,0.0,0.0,0.0,2.4985999999999997,2.4985999999999997,2.4957
696,0.0,0.0028,0.0028,0.0005,0.0,1.0,0.0,2.9741,0.0,0.0,0.0,0.0,2.9741,2.9741,2.9717
697,0.0,0.0021,0.0021,0.0004,0.0,1.0,0.0,2.6564,0.0,0.0,0.0,0.0,2.6564,2.6564,2.6578
698,0.0,0.0013,0.0013,0.0002,0.0,1.0,0.0,1.7646,0.0,0.0,0.0,0.0,1.7646,1.7646,1.7678
699,0.0,0.0021,0.0021,0.0004,0.0,1.0,0.0,2.4737,0.0,0.0,0.0,0.0,2.4737000000000005,2.4737000000000005,2.4781
700,0.0,0.002,0.002,0.0004,0.0,1.0,0.0,2.4375,0.0,0.0,0.0,0.0,2.4375,2.4375,2.4406
701,0.0,0.0018,0.0018,0.0003,0.0,1.0,0.0,2.4333,0.0,0.0,0.0,0.0,2.4333,2.4333,2.4285
702,0.0,0.0022,0.0022,0.0004,0.0,1.0,0.0,2.576,0.0,0.0,0.0,0.0,2.576,2.576,2.5779
703,0.0,0.002,0.002,0.0004,0.0,1.0,0.0,2.5898,0.0,0.0,0.0,0.0,2.5898000000000003,2.5898000000000003,2.5911
704,0.0,0.002,0.002,0.0004,0.0,1.0,0.0,2.6689,0.0,0.0,0.0,0.0,2.6689,2.6689,2.6646
705,0.0,0.0014,0.0014,0.0002,0.0,1.0,0.0,2.4225,0.0,0.0,0.0,0.0,2.4225,2.4225,2.4194
706,0.0,0.0019,0.0019,0.0003,0.0,1.0,0.0,2.7199,0.0,0.0,0.0,0.0,2.7199,2.7199,2.717
707,0.0,0.0021,0.0021,0.0004,0.0,1.0,0.0,2.6915,0.0,0.0,0.0,0.0,2.6915000000000004,2.6915000000000004,2.6917
708,0.0,0.0024,0.0024,0.0004,0.0,1.0,0.0,2.7857,0.0,0.0,0.0,0.0,2.7857,2.7857,2.7816
709,0.0,0.0022,0.0022,0.0004,0.0,1.0,0.0,2.6194,0.0,0.0,0.0,0.0,2.6194,2.6194,2.6174
710,0.0,0.0015,0.0015,0.0003,0.0,1.0,0.0,2.2592,0.0,0.0,0.0,0.0,2.2592,2.2592,2.2619
711,0.0,0.002,0.002,0.0004,0.0,1.0,0.0,2.2028,0.0,0.0,0.0,0.0,2.2028,2.2028,2.2067
712,0.0,0.0022,0.0022,0.0004,0.0,1.0,0.0,2.5739,0.0,0.0,0.0,0.0,2.5739,2.5739,2.5733
713,0.0,0.0018,0.0018,0.0003,0.0,1.0,0.0,2.0563,0.0,0.0,0.0,0.0,2.0563,2.0563,2.0517
714,0.0,0.0012,0.0012,0.0002,0.0,1.0,0.0,2.194,0.0,0.0,0.0,0.0,2.194,2.194,2.1948
715,0.0,0.0018,0.0018,0.0003,0.0,1.0,0.0,2.0049,0.0,0.0,0.0,0.0,2.0048999999999997,2.0048999999999997,2.0057
716,0.0,0.0019,0.0019,0.0003,0.0,1.0,0.0,2.8163,0.0,0.0,0.0,0.0,2.8163,2.8163,2.8133
717,0.0,0.0027,0.0027,0.0005,0.0,1.0,0.0,2.9967,0.0,0.0,0.0,0.0,2.9967000000000006,2.9967000000000006,2.9929
718,0.0,0.0016,0.0016,0.0003,0.0,1.0,0.0,2.7374,0.0,0.0,0.0,0.0,2.7374,2.7374,2.7373
719,0.0,0.0017,0.0017,0.0003,0.0,1.0,0.0,2.5101,0.0,0.0,0.0,0.0,2.5101,2.5101,2.5055
720,0.0,0.0032,0.0032,0.0006,0.0,1.0,0.0,2.6315,0.0,0.0,0.0,0.0,2.6315000000000004,2.6315000000000004,2.6327
721,0.0,0.0013,0.0013,0.0002,0.0,1.0,0.0,2.2178,0.0,0.0,0.0,0.0,2.2178,2.2178,2.2128
722,0.0,0.0016,0.0016,0.0003,0.0,1.0,0.0,2.305,0.0,0.0,0.0,0.0,2.305,2.305,2.3082
723,0.0,0.0021,0.0021,0.0004,0.0,1.0,0.0,2.7958,0.0,0.0,0.0,0.0,2.7958,2.7958,2.796
724,0.0,0.0019,0.0019,0.0004,0.0,1.0,0.0,2.3593,0.0,0.0,0.0,0.0,2.3592999999999997,2.3592999999999997,2.364
725,0.0,0.0022,0.0022,0.0004,0.0,1.0,0.0,2.3244,0.0,0.0,0.0,0.0,2.3244000000000002,2.3244000000000002,2.3261
726,0.0,0.0017,0.0017,0.0003,0.0,1.0,0.0,2.3343,0.0,0.0,0.0,0.0,2.3343000000000003,2.3343000000000003,2.3314
727,0.0,0.0023,0.0023,0.0004,0.0,1.0,0.0,2.7101,0.0,0.0,0.0,0.0,2.7100999999999997,2.7100999999999997,2.713
728,0.0,0.0018,0.0018,0.0003,0.0,1.0,0.0,2.1072,0.0,0.0,0.0,0.0,2.1072,2.1072,2.1089
729,0.0,0.002,0.002,0.0004,0.0,1.0,0.0,2.3975,0.0,0.0,0.0,0.0,2.3975,2.3975,2.3953
730,0.0,0.0019,0.0019,0.0003,0.0,1.0,0.0,2.7188,0.0,0.0,0.0,0.0,2.7188,2.7188,2.7229
731,0.0,0.0027,0.0027,0.0005,0.0,1.0,0.0,2.63,0.0,0.0,0.0,0.0,2.6300000000000003,2.6300000000000003,2.6256
732,0.0,0.0015,0.0015,0.0003,0.0,1.0,0.0,2.2545,0.0,0.0,0.0,0.0,2.2545,2.2545,2.2536
733,0.0,0.0024,0.0024,0.0004,0.0,1.0,0.0,2.7574,0.0,0.0,0.0,0.0,2.7574,2.7574,2.76
734,0.0,0.0024,0.0024,0.0004,0.0,1.0,0.0,2.7591,0.0,0.0,0.0,0.0,2.7590999999999997,2.7590999999999997,2.7565
735,0.0,0.0024,0.0024,0.0004,0.0,1.0,0.0,2.7494,0.0,0.0,0.0,0.0,2.7494000000000005,2.7494000000000005,2.7468
736,0.0,0.0025,0.0025,0.0005,0.0,1.0,0.0,2.9075,0.0,0.0,0.0,0.0,2.9074999999999998,2.9074999999999998,2.9124
737,0.0,0.0014,0.0014,0.0002,0.0,1.0,0.0,1.8218,0.0,0.0,0.0,0.0,1.8218,1.8218,1.8207
738,0.0,0.0013,0.0013,0.0002,0.0,1.0,0.0,2.4674,0.0,0.0,0.0,0.0,2.4674,2.4674,2.4667
739,0.0,0.0018,0.0018,0.0003,0.0,1.0,0.0,2.7911,0.0,0.0,0.0,0.0,2.7911,2.7911,2.7918
740,0.0,0.0019,0.0019,0.0003,0.0,1.0,0.0,2.4888,0.0,0.0,0.0,0.0,2.4888,2.4888,2.4925
741,0.0,0.0019,0.0019,0.0003,0.0,1.0,0.0,2.47,0.0,0.0,0.0,0.0,2.47,2.47,2.4663
742,0.0,0.0026,0.0026,0.0005,0.0,1.0,0.0,2.5641,0.0,0.0,0.0,0.0,2.5641000000000003,2.5641000000000003,2.5625
743,0.0,0.0016,0.0016,0.0003,0.0,1.0,0.0,2.1117,0.0,0.0,0.0,0.0,2.1117,2.1117,2.1148
744,0.0,0.0018,0.0018,0.0003,0.0,1.0,0.0,2.1335,0.0,0.0,0.0,0.0,2.1335,2.1335,2.1364
745,0.0,0.0016,0.0016,0.0003,0.0,1.0,0.0,2.0867,0.0,0.0,0.0,0.0,2.0867,2.0867,2.0848
746,0.0,0.0022,0.0022,0.0004,0.0,1.0,0.0,3.0038,0.0,0.0,0.0,0.0,3.0038,3.0038,3.0079
747,0.0,0.0021,0.0021,0.0004,0.0,1.0,0.0,2.4041,0.0,0.0,0.0,0.0,2.4041,2.4041,2.4051
748,0.0,0.0024,0.0024,0.0004,0.0,1.0,0.0,2.8918,0.0,0.0,0.0,0.0,2.8918,2.8918,2.8921
749,0.0,0.0023,0.0023,0.0004,0.0,1.0,0.0,2.2951,0.0,0.0,0.0,0.0,2.2950999999999997,2.2950999999999997,2.2926
750,0.0,0.0021,0.0021,0.0004,0.0,1.0,0.0,2.5274,0.0,0.0,0.0,0.0,2.5274000000000005,2.5274000000000005,2.5271
751,0.0,0.0016,0.0016,0.0003,0.0,1.0,0.0,2.3214,0.0,0.0,0.0,0.0,2.3214,2.3214,2.3201
752,0.0,0.0021,0.0021,0.0004,0.0,1.0,0.0,2.4522,0.0,0.0,0.0,0.0,2.4522,2.4522,2.4504
753,0.0,0.0019,0.0019,0.0003,0.0,1.0,0.0,2.4034,0.0,0.0,0.0,0.0,2.4034,2.4034,2.4043
754,0.0,0.0016,0.0016,0.0003,0.0,1.0,0.0,2.1542,0.0,0.0,0.0,0.0,2.1542,2.1542,2.1506
755,0.0,0.0028,0.0028,0.0005,0.0,1.0,0.0,3.1772,0.0,0.0,0.0,0.0,3.1772,3.1772,3.1723
756,0.0,0.0014,0.0014,0.0003,0.0,1.0,0.0,1.9627,0.0,0.0,0.0,0.0,1.9627,1.9627,1.9663
757,0.0,0.0023,0.0023,0.0004,0.0,1.0,0.0,2.656,0.0,0.0,0.0,0.0,2.6559999999999997,2.6559999999999997,2.6565
758,0.0,0.0015,0.0015,0.0003,0.0,1.0,0.0,2.2376,0.0,0.0,0.0,0.0,2.2376000000000005,2.2376000000000005,2.2327
759,0.0,0.0028,0.0028,0.0005,0.0,1.0,0.0,2.6743,0.0,0.0,0.0,0.0,2.6743,2.6743,2.6782
760,0.0,0.0021,0.0021,0.0004,0.0,1.0,0.0,2.8603,0.0,0.0,0.0,0.0,2.8602999999999996,2.8602999999999996,2.856
761,0.0,0.0021,0.0021,0.0004,0.0,1.0,0.0,2.5857,0.0,0.0,0.0,0.0,2.5857,2.5857,2.5858
762,0.0,0.0019,0.0019,0.0003,0.0,1.0,0.0,2.437,0.0,0.0,0.0,0.0,2.4370000000000003,2.4370000000000003,2.4397
763,0.0,0.0023,0.0023,0.0004,0.0,1.0,0.0,2.6578,0.0,0.0,0.0,0.0,2.6578,2.6578,2.6617
764,0.0,0.0021,0.0021,0.0004,0.0,1.0,0.0,2.5021,0.0,0.0,0.0,0.0,2.5021,2.5021,2.5005
765,0.0,0.0024,0.0024,0.0004,0.0,1.0,0.0,2.8416,0.0,0.0,0.0,0.0,2.8416,2.8416,2.8431
766,0.0,0.0017,0.0017,0.0003,0.0,1.0,0.0,2.242,0.0,0.0,0.0,0.0,2.242,2.242,2.2432
767,0.0,0.0018,0.0018,0.0003,0.0,1.0,0.0,2.573,0.0,0.0,0.0,0.0,2.5729999999999995,2.5729999999999995,2.5686
768,0.0,0.0011,0.0011,0.0002,0.0,1.0,0.0,2.0024,0.0,0.0,0.0,0.0,2.0024,2.0024,2.0072
769,0.0,0.0026,0.0026,0.0005,0.0,1.0,0.0,2.8899,0.0,0.0,0.0,0.0,2.8899,2.8899,2.8937
770,0.0,0.0022,0.0022,0.0004,0.0,1.0,0.0,2.5176,0.0,0.0,0.0,0.0,2.5176000000000003,2.5176000000000003,2.5218
771,0.0,0.0021,0.0021,0.0004,0.0,1.0,0.0,2.1651,0.0,0.0,0.0,0.0,2.1651,2.1651,2.1607
772,0.0,0.002,0.002,0.0004,0.0,1.0,0.0,2.8642,0.0,0.0,0.0,0.0,2.8642000000000003,2.8642000000000003,2.8627
773,0.0,0.0018,0.0018,0.0003,0.0,1.0,0.0,2.1467,0.0,0.0,0.0,0.0,2.1466999999999996,2.1466999999999996,2.1492
774,0.0,0.0016,0.0016,0.0003,0.0,1.0,0.0,2.6067,0.0,0.0,0.0,0.0,2.6067000000000005,2.6067000000000005,2.6052
775,0.0,0.0017,0.0017,0.0003,0.0,1.0,0.0,2.3164,0.0,0.0,0.0,0.0,2.3164000000000002,2.3164000000000002,2.3207
776,0.0,0.0021,0.0021,0.0004,0.0,1.0,0.0,2.9417,0.0,0.0,0.0,0.0,2.9417000000000004,2.9417000000000004,2.943
777,0.0,0.0019,0.0019,0.0003,0.0,1.0,0.0,2.7588,0.0,0.0,0.0,0.0,2.7588,2.7588,2.7543
778,0.0,0.0017,0.0017,0.0003,0.0,1.0,0.0,2.642,0.0,0.0,0.0,0.0,2.6420000000000003,2.6420000000000003,2.6395
779,0.0,0.0014,0.0014,0.0002,0.0,1.0,0.0,1.9316,0.0,0.0,0.0,0.0,1.9316,1.9316,1.9274
780,0.0,0.002,0.002,0.0004,0.0,1.0,0.0,2.4502,0.0,0.0,0.0,0.0,2.4501999999999997,2.4501999999999997,2.4482
781,0.0,0.0019,0.0019,0.0003,0.0,1.0,0.0,2.0174,0.0,0.0,0.0,0.0,2.0174000000000003,2.0174000000000003,2.0153
782,0.0,0.0018,0.0018,0.0003,0.0,1.0,0.0,2.5402,0.0,0.0,0.0,0.0,2.5402,2.5402,2.5423
783,0.0,0.0021,0.0021,0.0004,0.0,1.0,0.0,2.3704,0.0,0.0,0.0,0.0,2.3703999999999996,2.3703999999999996,2.3745
784,0.0,0.0021,0.0021,0.0004,0.0,1.0,0.0,2.6597,0.0,0.0,0.0,0.0,2.6597,2.6597,2.6575
785,0.0,0.0019,0.0019,0.0003,0.0,1.0,0.0,2.4505,0.0,0.0,0.0,0.0,2.4505,2.4505,2.4483
786,0.0,0.0024,0.0024,0.0004,0.0,1.0,0.0,2.4538,0.0,0.0,0.0,0.0,2.4537999999999998,2.4537999999999998,2.4562
787,0.0,0.0019,0.0019,0.0003,0.0,1.0,0.0,2.7615,0.0,0.0,0.0,0.0,2.7615000000000003,2.7615000000000003,2.7634
788,0.0,0.0016,0.0016,0.0003,0.0,1.0,0.0,2.5179,0.0,0.0,0.0,0.0,2.5179,2.5179,2.522
789,0.0,0.0022,0.0022,0.0004,0.0,1.0,0.0,2.7552,0.0,0.0,0.0,0.0,2.7552000000000003,2.7552000000000003,2.7552
790,0.0,0.002,0.002,0.0004,0.0,1.0,0.0,2.7429,0.0,0.0,0.0,0.0,2.7428999999999997,2.7428999999999997,2.7415
791,0.0,0.002,0.002,0.0004,0.0,1.0,0.0,2.439,0.0,0.0,0.0,0.0,2.439,2.439,2.4374
792,0.0,0.0019,0.0019,0.0004,0.0,1.0,0.0,2.7358,0.0,0.0,0.0,0.0,2.7358,2.7358,2.7386
793,0.0,0.0024,0.0024,0.0004,0.0,1.0,0.0,3.0465,0.0,0.0,0.0,0.0,3.0465,3.0465,3.0482
794,0.0,0.002,0.002,0.0004,0.0,1.0,0.0,1.9908,0.0,0.0,0.0,0.0,1.9908,1.9908,1.9914
795,0.0,0.0014,0.0014,0.0002,0.0,1.0,0.0,2.1179,0.0,0.0,0.0,0.0,2.1179,2.1179,2.1223
796,0.0,0.0018,0.0018,0.0003,0.0,1.0,0.0,2.3733,0.0,0.0,0.0,0.0,2.3733000000000004,2.3733000000000004,2.369
797,0.0,0.0028,0.0028,0.0005,0.0,1.0,0.0,3.2173,0.0,0.0,0.0,0.0,3.2173000000000003,3.2173000000000003,3.2136
798,0.0,0.0021,0.0021,0.0004,0.0,1.0,0.0,2.8048,0.0,0.0,0.0,0.0,2.8047999999999997,2.8047999999999997,2.809
799,0.0,0.002,0.002,0.0004,0.0,1.0,0.0,2.4018,0.0,0.0,0.0,0.0,2.4018,2.4018,2.3979
800,0.0,0.0019,0.0019,0.0003,0.0,1.0,0.0,2.1451,0.0,0.0,0.0,0.0,2.1451000000000002,2.1451000000000002,2.1411
801,0.0,0.0014,0.0014,0.0003,0.0,1.0,0.0,2.1411,0.0,0.0,0.0,0.0,2.1411000000000002,2.1411000000000002,2.1394
802,0.0,0.0024,0.0024,0.0004,0.0,1.0,0.0,2.7633,0.0,0.0,0.0,0.0,2.7633,2.7633,2.76
803,0.0,0.0018,0.0018,0.0003,0.0,1.0,0.0,2.1516,0.0,0.0,0.0,0.0,2.1516,2.1516,2.1484
804,0.0,0.002,0.002,0.0004,0.0,1.0,0.0,2.3342,0.0,0.0,0.0,0.0,2.3341999999999996,2.3341999999999996,2.3345
805,0.0,0.0021,0.0021,0.0004,0.0,1.0,0.0,2.3938,0.0,0.0,0.0,0.0,2.3937999999999997,2.3937999999999997,2.3986
806,0.0,0.0013,0.0013,0.0002,0.0,1.0,0.0,2.0312,0.0,0.0,0.0,0.0,2.0312,2.0312,2.0267
807,0.0,0.0019,0.0019,0.0003,0.0,1.0,0.0,2.4645,0.0,0.0,0.0,0.0,2.4645,2.4645,2.469
808,0.0,0.0018,0.0018,0.0003,0.0,1.0,0.0,2.5047,0.0,0.0,0.0,0.0,2.5047,2.5047,2.5032
809,0.0,0.0021,0.0021,0.0004,0.0,1.0,0.0,2.8048,0.0,0.0,0.0,0.0,2.8048,2.8048,2.8036
810,0.0,0.0017,0.0017,0.0003,0.0,1.0,0.0,2.2997,0.0,0.0,0.0,0.0,2.2997,2.2997,2.3021
811,0.0,0.0017,0.0017,0.0003,0.0,1.0,0.0,2.092,0.0,0.0,0.0,0.0,2.092,2.092,2.0967
812,0.0,0.0019,0.0019,0.0003,0.0,1.0,0.0,2.1916,0.0,0.0,0.0,0.0,2.1916,2.1916,2.1962
813,0.0,0.0026,0.0026,0.0005,0.0,1.0,0.0,2.527,0.0,0.0,0.0,0.0,2.527,2.527,2.532
814,0.0,0.0024,0.0024,0.0004,0.0,1.0,0.0,2.1985,0.0,0.0,0.0,0.0,2.1985,2.1985,2.1943
815,0.0,0.0016,0.0016,0.0003,0.0,1.0,0.0,2.4619,0.0,0.0,0.0,0.0,2.4619,2.4619,2.4593
816,0.0,0.0018,0.0018,0.0003,0.0,1.0,0.0,2.6742,0.0,0.0,0.0,0.0,2.6742,2.6742,2.6698
817,0.0,0.0019,0.0019,0.0003,0.0,1.0,0.0,2.218,0.0,0.0,0.0,0.0,2.218,2.218,2.2168
818,0.0,0.0017,0.0017,0.0003,0.0,1.0,0.0,2.3739,0.0,0.0,0.0,0.0,2.3739,2.3739,2.3727
819,0.0,0.0016,0.0016,0.0003,0.0,1.0,0.0,2.213,0.0,0.0,0.0,0.0,2.213,2.213,2.2176
820,0.0,0.0017,0.0017,0.0003,0.0,1.0,0.0,2.338,0.0,0.0,0.0,0.0,2.338,2.338,2.3385
821,0.0,0.0023,0.0023,0.0004,0.0,1.0,0.0,2.7897,0.0,0.0,0.0,0.0,2.7897000000000003,2.7897000000000003,2.7893
822,0.0,0.0024,0.0024,0.0004,0.0,1.0,0.0,2.8244,0.0,0.0,0.0,0.0,2.8244,2.8244,2.8271
823,0.0,0.0019,0.0019,0.0003,0.0,1.0,0.0,2.8044,0.0,0.0,0.0,0.0,2.8044000000000002,2.8044000000000002,2.8031
824,0.0,0.0016,0.0016,0.0003,0.0,1.0,0.0,2.1661,0.0,0.0,0.0,0.0,2.1661,2.1661,2.1689
825,0.0,0.0022,0.0022,0.0004,0.0,1.0,0.0,2.1881,0.0,0.0,0.0,0.0,2.1881,2.1881,2.188
826,0.0,0.0016,0.0016,0.0003,0.0,1.0,0.0,2.0049,0.0,0.0,0.0,0.0,2.0049,2.0049,2.0001
827,0.0,0.0016,0.0016,0.0003,0.0,1.0,0.0,2.6365,0.0,0.0,0.0,0.0,2.6365,2.6365,2.6337
828,0.0,0.0018,0.0018,0.0003,0.0,1.0,0.0,2.2564,0.0,0.0,0.0,0.0,2.2564,2.2564,2.259
829,0.0,0.0017,0.0017,0.0003,0.0,1.0,0.0,1.884,0.0,0.0,0.0,0.0,1.884,1.884,1.8864
830,0.0,0.0017,0.0017,0.0003,0.0,1.0,0.0,2.584,0.0,0.0,0.0,0.0,2.584,2.584,2.5875
831,0.0,0.0028,0.0028,0.0005,0.0,1.0,0.0,2.8478,0.0,0.0,0.0,0.0,2.8478,2.8478,2.8521
832,0.0,0.0019,0.0019,0.0003,0.0,1.0,0.0,2.8468,0.0,0.0,0.0,0.0,2.8468,2.8468,2.8509
833,0.0,0.0024,0.0024,0.0004,0.0,1.0,0.0,2.8665,0.0,0.0,0.0,0.0,2.8665000000000003,2.8665000000000003,2.8695
834,0.0,0.0019,0.0019,0.0003,0.0,1.0,0.0,2.544,0.0,0.0,0.0,0.0,2.544,2.544,2.5404
835,0.0,0.0022,0.0022,0.0004,0.0,1.0,0.0,2.4794,0.0,0.0,0.0,0.0,2.4794,2.4794,2.4771
836,0.0,0.0022,0.0022,0.0004,0.0,1.0,0.0,2.651,0.0,0.0,0.0,0.0,2.651,2.651,2.6543
837,0.0,0.002,0.002,0.0004,0.0,1.0,0.0,2.5505,0.0,0.0,0.0,0.0,2.5504999999999995,2.5504999999999995,2.5504
838,0.0,0.0017,0.0017,0.0003,0.0,1.0,0.0,2.3396,0.0,0.0,0.0,0.0,2.3396000000000003,2.3396000000000003,2.3412
839,0.0,0.002,0.002,0.0004,0.0,1.0,0.0,2.5446,0.0,0.0,0.0,0.0,2.5446,2.5446,2.5397
840,0.0,0.0029,0.0029,0.0005,0.0,1.0,0.0,2.8257,0.0,0.0,0.0,0.0,2.8257000000000003,2.8257000000000003,2.829
841,0.0,0.0015,0.0015,0.0003,0.0,1.0,0.0,2.2681,0.0,0.0,0.0,0.0,2.2681,2.2681,2.2638
842,0.0,0.0015,0.0015,0.0003,0.0,1.0,0.0,2.0498,0.0,0.0,0.0,0.0,2.0498,2.0498,2.048
843,0.0,0.002,0.002,0.0004,0.0,1.0,0.0,2.8737,0.0,0.0,0.0,0.0,2.8737,2.8737,2.871
844,0.0,0.0021,0.0021,0.0004,0.0,1.0,0.0,2.9765,0.0,0.0,0.0,0.0,2.9764999999999997,2.9764999999999997,2.9728
845,0.0,0.0024,0.0024,0.0004,0.0,1.0,0.0,2.832,0.0,0.0,0.0,0.0,2.832,2.832,2.8363
846,0.0,0.0022,0.0022,0.0004,0.0,1.0,0.0,2.7268,0.0,0.0,0.0,0.0,2.7268,2.7268,2.7235
847,0.0,0.0021,0.0021,0.0004,0.0,1.0,0.0,2.1983,0.0,0.0,0.0,0.0,2.1983,2.1983,2.2004
848,0.0,0.002,0.002,0.0004,0.0,1.0,0.0,2.6275,0.0,0.0,0.0,0.0,2.6275,2.6275,2.6298
849,0.0,0.0017,0.0017,0.0003,0.0,1.0,0.0,2.7317,0.0,0.0,0.0,0.0,2.7317,2.7317,2.7295
850,0.0,0.0017,0.0017,0.0003,0.0,1.0,0.0,2.0792,0.0,0.0,0.0,0.0,2.0792,2.0792,2.078
851,0.0,0.0021,0.0021,0.0004,0.0,1.0,0.0,2.4063,0.0,0.0,0.0,0.0,2.4063,2.4063,2.4111
852,0.0,0.0016,0.0016,0.0003,0.0,1.0,0.0,2.6495,0.0,0.0,0.0,0.0,2.6494999999999997,2.6494999999999997,2.6533
853,0.0,0.0027,0.0027,0.0005,0.0,1.0,0.0,2.7237,0.0,0.0,0.0,0.0,2.7237,2.7237,2.7207
854,0.0,0.0015,0.0015,0.0003,0.0,1.0,0.0,2.5231,0.0,0.0,0.0,0.0,2.5231,2.5231,2.5207
855,0.0,0.0017,0.0017,0.0003,0.0,1.0,0.0,1.9239,0.0,0.0,0.0,0.0,1.9239,1.9239,1.9205
856,0.0,0.0022,0.0022,0.0004,0.0,1.0,0.0,2.553,0.0,0.0,0.0,0.0,2.553,2.553,2.555
857,0.0,0.0016,0.0016,0.0003,0.0,1.0,0.0,2.7363,0.0,0.0,0.0,0.0,2.7363,2.7363,2.7359
858,0.0,0.0016,0.0016,0.0003,0.0,1.0,0.0,2.0445,0.0,0.0,0.0,0.0,2.0445,2.0445,2.0456
859,0.0,0.0022,0.0022,0.0004,0.0,1.0,0.0,2.2947,0.0,0.0,0.0,0.0,2.2946999999999997,2.2946999999999997,2.2924
860,0.0,0.0028,0.0028,0.0005,0.0,1.0,0.0,2.3373,0.0,0.0,0.0,0.0,2.3373,2.3373,2.3372
861,0.0,0.0025,0.0025,0.0005,0.0,1.0,0.0,2.7489,0.0,0.0,0.0,0.0,2.7489000000000003,2.7489000000000003,2.7444
862,0.0,0.0021,0.0021,0.0004,0.0,1.0,0.0,2.2613,0.0,0.0,0.0,0.0,2.2613,2.2613,2.261
863,0.0,0.0015,0.0015,0.0003,0.0,1.0,0.0,2.3216,0.0,0.0,0.0,0.0,2.3216,2.3216,2.3175
864,0.0,0.002,0.002,0.0004,0.0,1.0,0.0,2.8865,0.0,0.0,0.0,0.0,2.8865000000000003,2.8865000000000003,2.8906
865,0.0,0.0017,0.0017,0.0003,0.0,1.0,0.0,2.0738,0.0,0.0,0.0,0.0,2.0738,2.0738,2.074
866,0.0,0.0021,0.0021,0.0004,0.0,1.0,0.0,2.6978,0.0,0.0,0.0,0.0,2.6978,2.6978,2.6955
867,0.0,0.0017,0.0017,0.0003,0.0,1.0,0.0,1.945,0.0,0.0,0.0,0.0,1.9449999999999998,1.9449999999999998,1.9481
868,0.0,0.0019,0.0019,0.0003,0.0,1.0,0.0,2.0751,0.0,0.0,0.0,0.0,2.0751,2.0751,2.0764
869,0.0,0.002,0.002,0.0004,0.0,1.0,0.0,2.7319,0.0,0.0,0.0,0.0,2.7319,2.7319,2.732
870,0.0,0.002,0.002,0.0004,0.0,1.0,0.0,2.7064,0.0,0.0,0.0,0.0,2.7064000000000004,2.7064000000000004,2.7034
871,0.0,0.0024,0.0024,0.0004,0.0,1.0,0.0,2.4294,0.0,0.0,0.0,0.0,2.4294,2.4294,2.4305
872,0.0,0.0015,0.0015,0.0003,0.0,1.0,0.0,2.5055,0.0,0.0,0.0,0.0,2.5054999999999996,2.5054999999999996,2.5065
873,0.0,0.0022,0.0022,0.0004,0.0,1.0,0.0,2.4111,0.0,0.0,0.0,0.0,2.4111000000000002,2.4111000000000002,2.4131
874,0.0,0.0019,0.0019,0.0003,0.0,1.0,0.0,2.4706,0.0,0.0,0.0,0.0,2.4706,2.4706,2.4701
875,0.0,0.0018,0.0018,0.0003,0.0,1.0,0.0,2.6792,0.0,0.0,0.0,0.0,2.6792,2.6792,2.6822
876,0.0,0.0019,0.0019,0.0003,0.0,1.0,0.0,2.4721,0.0,0.0,0.0,0.0,2.4721,2.4721,2.4678
877,0.0,0.0024,0.0024,0.0004,0.0,1.0,0.0,2.9119,0.0,0.0,0.0,0.0,2.9118999999999997,2.9118999999999997,2.9087
878,0.0,0.0016,0.0016,0.0003,0.0,1.0,0.0,2.6481,0.0,0.0,0.0,0.0,2.6481,2.6481,2.6445
879,0.0,0.0021,0.0021,0.0004,0.0,1.0,0.0,2.3452,0.0,0.0,0.0,0.0,2.3452,2.3452,2.3498
880,0.0,0.0022,0.0022,0.0004,0.0,1.0,0.0,2.5505,0.0,0.0,0.0,0.0,2.5504999999999995,2.5504999999999995,2.5533
881,0.0,0.0019,0.0019,0.0003,0.0,1.0,0.0,2.2381,0.0,0.0,0.0,0.0,2.2381,2.2381,2.239
882,0.0,0.002,0.002,0.0004,0.0,1.0,0.0,2.1722,0.0,0.0,0.0,0.0,2.1722,2.1722,2.1739
883,0.0,0.002,0.002,0.0004,0.0,1.0,0.0,2.7414,0.0,0.0,0.0,0.0,2.7414,2.7414,2.7412
884,0.0,0.002,0.002,0.0004,0.0,1.0,0.0,2.529,0.0,0.0,0.0,0.0,2.5289999999999995,2.5289999999999995,2.53
885,0.0,0.0026,0.0026,0.0005,0.0,1.0,0.0,2.9511,0.0,0.0,0.0,0.0,2.9510999999999994,2.9510999999999994,2.9504
886,0.0,0.0019,0.0019,0.0003,0.0,1.0,0.0,2.7499,0.0,0.0,0.0,0.0,2.7499000000000002,2.7499000000000002,2.7534
887,0.0,0.0017,0.0017,0.0003,0.0,1.0,0.0,1.8762,0.0,0.0,0.0,0.0,1.8761999999999999,1.8761999999999999,1.8779
888,0.0,0.0013,0.0013,0.0002,0.0,1.0,0.0,2.3221,0.0,0.0,0.0,0.0,2.3221,2.3221,2.3179
889,0.0,0.002,0.002,0.0004,0.0,1.0,0.0,2.4397,0.0,0.0,0.0,0.0,2.4396999999999998,2.4396999999999998,2.4399
890,0.0,0.0023,0.0023,0.0004,0.0,1.0,0.0,2.5717,0.0,0.0,0.0,0.0,2.5717000000000003,2.5717000000000003,2.5681
891,0.0,0.0014,0.0014,0.0002,0.0,1.0,0.0,2.7536,0.0,0.0,0.0,0.0,2.7536000000000005,2.7536000000000005,2.751
892,0.0,0.0018,0.0018,0.0003,0.0,1.0,0.0,2.455,0.0,0.0,0.0,0.0,2.455,2.455,2.4552
893,0.0,0.0021,0.0021,0.0004,0.0,1.0,0.0,2.2673,0.0,0.0,0.0,0.0,2.2673,2.2673,2.2663
894,0.0,0.0017,0.0017,0.0003,0.0,1.0,0.0,2.5987,0.0,0.0,0.0,0.0,2.5986999999999996,2.5986999999999996,2.6003
895,0.0,0.002,0.002,0.0004,0.0,1.0,0.0,2.4013,0.0,0.0,0.0,0.0,2.4013,2.4013,2.4024
896,0.0,0.002,0.002,0.0004,0.0,1.0,0.0,2.6108,0.0,0.0,0.0,0.0,2.6108000000000002,2.6108000000000002,2.6135
897,0.0,0.0013,0.0013,0.0002,0.0,1.0,0.0,2.0824,0.0,0.0,0.0,0.0,2.0824000000000003,2.0824000000000003,2.0829
898,0.0,0.002,0.002,0.0004,0.0,1.0,0.0,2.6668,0.0,0.0,0.0,0.0,2.6668000000000003,2.6668000000000003,2.6636
899,0.0,0.0032,0.0032,0.0006,0.0,1.0,0.0,2.8816,0.0,0.0,0.0,0.0,2.8815999999999997,2.8815999999999997,2.8807
900,0.0,0.0017,0.0017,0.0003,0.0,1.0,0.0,2.0987,0.0,0.0,0.0,0.0,2.0987,2.0987,2.0985
901,0.0,0.0016,0.0016,0.0003,0.0,1.0,0.0,1.8585,0.0,0.0,0.0,0.0,1.8584999999999998,1.8584999999999998,1.8598
902,0.0,0.0025,0.0025,0.0004,0.0,1.0,0.0,2.6606,0.0,0.0,0.0,0.0,2.6606,2.6606,2.6624
903,0.0,0.0021,0.0021,0.0004,0.0,1.0,0.0,2.9617,0.0,0.0,0.0,0.0,2.9617,2.9617,2.9613
904,0.0,0.0019,0.0019,0.0003,0.0,1.0,0.0,2.4194,0.0,0.0,0.0,0.0,2.4194,2.4194,2.4155
905,0.0,0.002,0.002,0.0004,0.0,1.0,0.0,2.4185,0.0,0.0,0.0,0.0,2.4185,2.4185,2.4235
906,0.0,0.0017,0.0017,0.0003,0.0,1.0,0.0,2.4798,0.0,0.0,0.0,0.0,2.4798,2.4798,2.4834
907,0.0,0.0014,0.0014,0.0002,0.0,1.0,0.0,2.1879,0.0,0.0,0.0,0.0,2.1879,2.1879,2.1906
908,0.0,0.002,0.002,0.0004,0.0,1.0,0.0,2.4834,0.0,0.0,0.0,0.0,2.4834,2.4834,2.4822
909,0.0,0.002,0.002,0.0004,0.0,1.0,0.0,2.5243,0.0,0.0,0.0,0.0,2.5243,2.5243,2.5254
910,0.0,0.0022,0.0022,0.0004,0.0,1.0,0.0,2.7246,0.0,0.0,0.0,0.0,2.7246,2.7246,2.7277
911,0.0,0.0015,0.0015,0.0003,0.0,1.0,0.0,2.2574,0.0,0.0,0.0,0.0,2.2573999999999996,2.2573999999999996,2.2555
912,0.0,0.0025,0.0025,0.0004,0.0,1.0,0.0,2.8511,0.0,0.0,0.0,0.0,2.8510999999999997,2.8510999999999997,2.8548
913,0.0,0.0025,0.0025,0.0004,0.0,1.0,0.0,2.7644,0.0,0.0,0.0,0.0,2.7644,2.7644,2.7683
914,0.0,0.0013,0.0013,0.0002,0.0,1.0,0.0,2.2682,0.0,0.0,0.0,0.0,2.2682,2.2682,2.2709
915,0.0,0.0016,0.0016,0.0003,0.0,1.0,0.0,2.3019,0.0,0.0,0.0,0.0,2.3019000000000003,2.3019000000000003,2.3023
916,0.0,0.0017,0.0017,0.0003,0.0,1.0,0.0,2.4065,0.0,0.0,0.0,0.0,2.4065,2.4065,2.4072
917,0.0,0.0012,0.0012,0.0002,0.0,1.0,0.0,1.9591,0.0,0.0,0.0,0.0,1.9590999999999998,1.9590999999999998,1.9552
918,0.0,0.0018,0.0018,0.0003,0.0,1.0,0.0,2.4242,0.0,0.0,0.0,0.0,2.4242,2.4242,2.4241
919,0.0,0.0022,0.0022,0.0004,0.0,1.0,0.0,2.7979,0.0,0.0,0.0,0.0,2.7979,2.7979,2.7937
920,0.0,0.0017,0.0017,0.0003,0.0,1.0,0.0,2.1255,0.0,0.0,0.0,0.0,2.1255,2.1255,2.1286
921,0.0,0.0019,0.0019,0.0003,0.0,1.0,0.0,2.4275,0.0,0.0,0.0,0.0,2.4274999999999998,2.4274999999999998,2.4282
922,0.0,0.0021,0.0021,0.0004,0.0,1.0,0.0,2.7544,0.0,0.0,0.0,0.0,2.7544,2.7544,2.7567
923,0.0,0.002,0.002,0.0004,0.0,1.0,0.0,2.5898,0.0,0.0,0.0,0.0,2.5898,2.5898,2.5879
924,0.0,0.0029,0.0029,0.0005,0.0,1.0,0.0,2.9666,0.0,0.0,0.0,0.0,2.9666,2.9666,2.9665
925,0.0,0.0017,0.0017,0.0003,0.0,1.0,0.0,1.992,0.0,0.0,0.0,0.0,1.992,1.992,1.9963
926,0.0,0.0018,0.0018,0.0003,0.0,1.0,0.0,2.6317,0.0,0.0,0.0,0.0,2.6317,2.6317,2.6311
927,0.0,0.0027,0.0027,0.0005,0.0,1.0,0.0,2.2324,0.0,0.0,0.0,0.0,2.2323999999999997,2.2323999999999997,2.2286
928,0.0,0.0021,0.0021,0.0004,0.0,1.0,0.0,2.2663,0.0,0.0,0.0,0.0,2.2663,2.2663,2.265
929,0.0,0.002,0.002,0.0004,0.0,1.0,0.0,2.4941,0.0,0.0,0.0,0.0,2.4941,2.4941,2.4892
930,0.0,0.0014,0.0014,0.0003,0.0,1.0,0.0,2.2059,0.0,0.0,0.0,0.0,2.2058999999999997,2.2058999999999997,2.2085
931,0.0,0.0014,0.0014,0.0003,0.0,1.0,0.0,1.9827,0.0,0.0,0.0,0.0,1.9827,1.9827,1.9778
932,0.0,0.0023,0.0023,0.0004,0.0,1.0,0.0,2.8056,0.0,0.0,0.0,0.0,2.8056,2.8056,2.8036
933,0.0,0.0018,0.0018,0.0003,0.0,1.0,0.0,1.9725,0.0,0.0,0.0,0.0,1.9725000000000001,1.9725000000000001,1.97
934,0.0,0.0018,0.0018,0.0003,0.0,1.0,0.0,2.2359,0.0,0.0,0.0,0.0,2.2359,2.2359,2.2353
935,0.0,0.002,0.002,0.0004,0.0,1.0,0.0,2.1772,0.0,0.0,0.0,0.0,2.1772,2.1772,2.1757
936,0.0,0.0017,0.0017,0.0003,0.0,1.0,0.0,2.4565,0.0,0.0,0.0,0.0,2.4565,2.4565,2.4559
937,0.0,0.001,0.001,0.0002,0.0,1.0,0.0,1.838,0.0,0.0,0.0,0.0,1.8379999999999999,1.8379999999999999,1.8367
938,0.0,0.0018,0.0018,0.0003,0.0,1.0,0.0,2.4354,0.0,0.0,0.0,0.0,2.4354,2.4354,2.4321
939,0.0,0.0021,0.0021,0.0004,0.0,1.0,0.0,2.9133,0.0,0.0,0.0,0.0,2.9133,2.9133,2.9138
940,0.0,0.002,0.002,0.0004,0.0,1.0,0.0,2.5432,0.0,0.0,0.0,0.0,2.5432,2.5432,2.5384
941,0.0,0.0015,0.0015,0.0003,0.0,1.0,0.0,1.8228,0.0,0.0,0.0,0.0,1.8228,1.8228,1.8261
942,0.0,0.0021,0.0021,0.0004,0.0,1.0,0.0,2.9864,0.0,0.0,0.0,0.0,2.9863999999999997,2.9863999999999997,2.9905
943,0.0,0.0022,0.0022,0.0004,0.0,1.0,0.0,2.438,0.0,0.0,0.0,0.0,2.4379999999999997,2.4379999999999997,2.4413
944,0.0,0.0013,0.0013,0.0002,0.0,1.0,0.0,2.2772,0.0,0.0,0.0,0.0,2.2772,2.2772,2.2788
945,0.0,0.0023,0.0023,0.0004,0.0,1.0,0.0,2.7632,0.0,0.0,0.0,0.0,2.7632000000000003,2.7632000000000003,2.7662
946,0.0,0.0018,0.0018,0.0003,0.0,1.0,0.0,2.3402,0.0,0.0,0.0,0.0,2.3402,2.3402,2.3354
947,0.0,0.0022,0.0022,0.0004,0.0,1.0,0.0,2.778,0.0,0.0,0.0,0.0,2.778,2.778,2.7761
948,0.0,0.0014,0.0014,0.0003,0.0,1.0,0.0,2.0956,0.0,0.0,0.0,0.0,2.0956,2.0956,2.0988
949,0.0,0.002,0.002,0.0004,0.0,1.0,0.0,2.4103,0.0,0.0,0.0,0.0,2.4103,2.4103,2.4125
950,0.0,0.0015,0.0015,0.0003,0.0,1.0,0.0,2.8568,0.0,0.0,0.0,0.0,2.8568000000000002,2.8568000000000002,2.8529
951,0.0,0.0022,0.0022,0.0004,0.0,1.0,0.0,2.1673,0.0,0.0,0.0,0.0,2.1673,2.1673,2.1673
952,0.0,0.0019,0.0019,0.0003,0.0,1.0,0.0,2.5365,0.0,0.0,0.0,0.0,2.5365,2.5365,2.5383
953,0.0,0.0014,0.0014,0.0003,0.0,1.0,0.0,2.435,0.0,0.0,0.0,0.0,2.435,2.435,2.4367
954,0.0,0.0022,0.0022,0.0004,0.0,1.0,0.0,2.4493,0.0,0.0,0.0,0.0,2.4493,2.4493,2.4539
955,0.0,0.002,0.002,0.0004,0.0,1.0,0.0,2.832,0.0,0.0,0.0,0.0,2.832,2.832,2.8301
956,0.0,0.0021,0.0021,0.0004,0.0,1.0,0.0,2.584,0.0,0.0,0.0,0.0,2.584,2.584,2.586
957,0.0,0.0026,0.0026,0.0005,0.0,1.0,0.0,3.1064,0.0,0.0,0.0,0.0,3.1064,3.1064,3.1088
958,0.0,0.0019,0.0019,0.0003,0.0,1.0,0.0,2.6573,0.0,0.0,0.0,0.0,2.6573,2.6573,2.6597
959,0.0,0.0019,0.0019,0.0003,0.0,1.0,0.0,2.2565,0.0,0.0,0.0,0.0,2.2565,2.2565,2.2589
960,0.0,0.0016,0.0016,0.0003,0.0,1.0,0.0,2.4861,0.0,0.0,0.0,0.0,2.4861,2.4861,2.4855
961,0.0,0.0015,0.0015,0.0003,0.0,1.0,0.0,2.4008,0.0,0.0,0.0,0.0,2.4008,2.4008,2.3976
962,0.0,0.0018,0.0018,0.0003,0.0,1.0,0.0,2.4841,0.0,0.0,0.0,0.0,2.4841,2.4841,2.4879
963,0.0,0.0019,0.0019,0.0003,0.0,1.0,0.0,2.5762,0.0,0.0,0.0,0.0,2.5762,2.5762,2.5765
964,0.0,0.0024,0.0024,0.0004,0.0,1.0,0.0,2.5701,0.0,0.0,0.0,0.0,2.5701,2.5701,2.5681
965,0.0,0.0019,0.0019,0.0003,0.0,1.0,0.0,2.517,0.0,0.0,0.0,0.0,2.5170000000000003,2.5170000000000003,2.5185
966,0.0,0.0022,0.0022,0.0004,0.0,1.0,0.0,2.1732,0.0,0.0,0.0,0.0,2.1732,2.1732,2.1689
967,0.0,0.0011,0.0011,0.0002,0.0,1.0,0.0,2.3617,0.0,0.0,0.0,0.0,2.3617,2.3617,2.3634
968,0.0,0.003,0.003,0.0005,0.0,1.0,0.0,2.762,0.0,0.0,0.0,0.0,2.7620000000000005,2.7620000000000005,2.7635
969,0.0,0.002,0.002,0.0004,0.0,1.0,0.0,2.2354,0.0,0.0,0.0,0.0,2.2354,2.2354,2.2338
970,0.0,0.0015,0.0015,0.0003,0.0,1.0,0.0,2.3536,0.0,0.0,0.0,0.0,2.3536,2.3536,2.3553
971,0.0,0.0018,0.0018,0.0003,0.0,1.0,0.0,2.2743,0.0,0.0,0.0,0.0,2.2743,2.2743,2.2782
972,0.0,0.0021,0.0021,0.0004,0.0,1.0,0.0,2.4111,0.0,0.0,0.0,0.0,2.4111,2.4111,2.4089
973,0.0,0.0014,0.0014,0.0003,0.0,1.0,0.0,2.4996,0.0,0.0,0.0,0.0,2.4996,2.4996,2.4968
974,0.0,0.0023,0.0023,0.0004,0.0,1.0,0.0,2.4696,0.0,0.0,0.0,0.0,2.4696000000000002,2.4696000000000002,2.4703
975,0.0,0.0026,0.0026,0.0005,0.0,1.0,0.0,3.18,0.0,0.0,0.0,0.0,3.18,3.18,3.1786
976,0.0,0.0019,0.0019,0.0003,0.0,1.0,0.0,2.4341,0.0,0.0,0.0,0.0,2.4341,2.4341,2.4377
977,0.0,0.0021,0.0021,0.0004,0.0,1.0,0.0,2.6554,0.0,0.0,0.0,0.0,2.6553999999999998,2.6553999999999998,2.6535
978,0.0,0.0022,0.0022,0.0004,0.0,1.0,0.0,2.8559,0.0,0.0,0.0,0.0,2.8559,2.8559,2.8518
979,0.0,0.0015,0.0015,0.0003,0.0,1.0,0.0,2.4299,0.0,0.0,0.0,0.0,2.4299,2.4299,2.426
980,0.0,0.0018,0.0018,0.0003,0.0,1.0,0.0,2.5792,0.0,0.0,0.0,0.0,2.5792,2.5792,2.5813
981,0.0,0.002,0.002,0.0004,0.0,1.0,0.0,2.0799,0.0,0.0,0.0,0.0,2.0799,2.0799,2.0752
982,0.0,0.0017,0.0017,0.0003,0.0,1.0,0.0,2.2802,0.0,0.0,0.0,0.0,2.2802000000000002,2.2802000000000002,2.2793
983,0.0,0.0016,0.0016,0.0003,0.0,1.0,0.0,2.7987,0.0,0.0,0.0,0.0,2.7987,2.7987,2.7994
984,0.0,0.002,0.002,0.0004,0.0,1.0,0.0,2.4151,0.0,0.0,0.0,0.0,2.4151,2.4151,2.4198
985,0.0,0.0018,0.0018,0.0003,0.0,1.0,0.0,2.7122,0.0,0.0,0.0,0.0,2.7121999999999997,2.7121999999999997,2.7098
986,0.0,0.0023,0.0023,0.0004,0.0,1.0,0.0,2.2223,0.0,0.0,0.0,0.0,2.2223,2.2223,2.2262
987,0.0,0.0024,0.0024,0.0004,0.0,1.0,0.0,2.7627,0.0,0.0,0.0,0.0,2.7626999999999997,2.7626999999999997,2.7627
988,0.0,0.0026,0.0026,0.0005,0.0,1.0,0.0,2.688,0.0,0.0,0.0,0.0,2.6879999999999997,2.6879999999999997,2.6918
989,0.0,0.0016,0.0016,0.0003,0.0,1.0,0.0,2.6299,0.0,0.0,0.0,0.0,2.6299,2.6299,2.6305
990,0.0,0.0016,0.0016,0.0003,0.0,1.0,0.0,2.8172,0.0,0.0,0.0,0.0,2.8171999999999997,2.8171999999999997,2.8123
991,0.0,0.002,0.002,0.0004,0.0,1.0,0.0,2.6526,0.0,0.0,0.0,0.0,2.6525999999999996,2.6525999999999996,2.6504
992,0.0,0.0024,0.0024,0.0004,0.0,1.0,0.0,3.1293,0.0,0.0,0.0,0.0,3.1292999999999997,3.1292999999999997,3.1262
993,0.0,0.0021,0.0021,0.0004,0.0,1.0,0.0,2.7477,0.0,0.0,0.0,0.0,2.7477,2.7477,2.7506
994,0.0,0.002,0.002,0.0004,0.0,1.0,0.0,2.4064,0.0,0.0,0.0,0.0,2.4064,2.4064,2.4096
995,0.0,0.0025,0.0025,0.0004,0.0,1.0,0.0,2.6834,0.0,0.0,0.0,0.0,2.6834000000000002,2.6834000000000002,2.6807
996,0.0,0.0021,0.0021,0.0004,0.0,1.0,0.0,2.161,0.0,0.0,0.0,0.0,2.161,2.161,2.158
997,0.0,0.002,0.002,0.0004,0.0,1.0,0.0,2.5553,0.0,0.0,0.0,0.0,2.5553000000000003,2.5553000000000003,2.5531
998,0.0,0.0027,0.0027,0.0005,0.0,1.0,0.0,3.0249,0.0,0.0,0.0,0.0,3.0248999999999997,3.0248999999999997,3.0225
999,0.0,0.002,0.002,0.0004,0.0,1.0,0.0,2.4532,0.0,0.0,0.0,0.0,2.4532,2.4532,2.452
1000,0.0,0.0022,0.0022,0.0004,0.0,1.0,0.0,3.0916,0.0,0.0,0.0,0.0,3.0915999999999997,3.0915999999999997,3.095
1001,0.0,0.0018,0.0018,0.0003,0.0,1.0,0.0,2.7387,0.0,0.0,0.0,0.0,2.7386999999999997,2.7386999999999997,2.7401
1002,0.0,0.002,0.002,0.0004,0.0,1.0,0.0,2.3561,0.0,0.0,0.0,0.0,2.3560999999999996,2.3560999999999996,2.3541
1003,0.0,0.0017,0.0017,0.0003,0.0,1.0,0.0,2.4792,0.0,0.0,0.0,0.0,2.4792,2.4792,2.4766
1004,0.0,0.0023,0.0023,0.0004,0.0,1.0,0.0,2.4179,0.0,0.0,0.0,0.0,2.4179,2.4179,2.4137
1005,0.0,0.0024,0.0024,0.0004,0.0,1.0,0.0,2.5249,0.0,0.0,0.0,0.0,2.5249,2.5249,2.5199
1006,0.0,0.0028,0.0028,0.0005,0.0,1.0,0.0,2.8663,0.0,0.0,0.0,0.0,2.8663000000000003,2.8663000000000003,2.8712
1007,0.0,0.0014,0.0014,0.0002,0.0,1.0,0.0,1.9421,0.0,0.0,0.0,0.0,1.9421,1.9421,1.9377
1008,0.0,0.0024,0.0024,0.0004,0.0,1.0,0.0,3.058,0.0,0.0,0.0,0.0,3.058,3.058,3.0538
1009,0.0,0.0019,0.0019,0.0003,0.0,1.0,0.0,2.5526,0.0,0.0,0.0,0.0,2.5526,2.5526,2.553
1010,0.0,0.0023,0.0023,0.0004,0.0,1.0,0.0,2.8334,0.0,0.0,0.0,0.0,2.8334,2.8334,2.8323
1011,0.0,0.0025,0.0025,0.0005,0.0,1.0,0.0,2.7178,0.0,0.0,0.0,0.0,2.7178,2.7178,2.7197
1012,0.0,0.0021,0.0021,0.0004,0.0,1.0,0.0,2.6115,0.0,0.0,0.0,0.0,2.6115,2.6115,2.6156
1013,0.0,0.002,0.002,0.0004,0.0,1.0,0.0,2.6815,0.0,0.0,0.0,0.0,2.6815,2.6815,2.6853
1014,0.0,0.0021,0.0021,0.0004,0.0,1.0,0.0,2.6109,0.0,0.0,0.0,0.0,2.6109,2.6109,2.6113
1015,0.0,0.0016,0.0016,0.0003,0.0,1.0,0.0,1.9416,0.0,0.0,0.0,0.0,1.9416,1.9416,1.9392
1016,0.0,0.0017,0.0017,0.0003,0.0,1.0,0.0,2.6821,0.0,0.0,0.0,0.0,2.6821,2.6821,2.6831
1017,0.0,0.0016,0.0016,0.0003,0.0,1.0,0.0,2.1222,0.0,0.0,0.0,0.0,2.1222,2.1222,2.1235
1018,0.0,0.0017,0.0017,0.0003,0.0,1.0,0.0,2.4308,0.0,0.0,0.0,0.0,2.4307999999999996,2.4307999999999996,2.4296
1019,0.0,0.0016,0.0016,0.0003,0.0,1.0,0.0,2.6228,0.0,0.0,0.0,0.0,2.6228,2.6228,2.625
1020,0.0,0.0029,0.0029,0.0005,0.0,1.0,0.0,3.2859,0.0,0.0,0.0,0.0,3.2859,3.2859,3.283
1021,0.0,0.0015,0.0015,0.0003,0.0,1.0,0.0,2.513,0.0,0.0,0.0,0.0,2.5130000000000003,2.5130000000000003,2.5085
1022,0.0,0.0017,0.0017,0.0003,0.0,1.0,0.0,2.0855,0.0,0.0,0.0,0.0,2.0854999999999997,2.0854999999999997,2.0842
1023,0.0,0.0025,0.0025,0.0005,0.0,1.0,0.0,2.7998,0.0,0.0,0.0,0.0,2.7998,2.7998,2.802
1024,0.0,0.002,0.002,0.0004,0.0,1.0,0.0,2.5288,0.0,0.0,0.0,0.0,2.5288,2.5288,2.5298
1025,0.0,0.0022,0.0022,0.0004,0.0,1.0,0.0,2.8377,0.0,0.0,0.0,0.0,2.8377,2.8377,2.8379
1026,0.0,0.0021,0.0021,0.0004,0.0,1.0,0.0,2.1679,0.0,0.0,0.0,0.0,2.1679,2.1679,2.1665
1027,0.0,0.0017,0.0017,0.0003,0.0,1.0,0.0,2.7472,0.0,0.0,0.0,0.0,2.7472,2.7472,2.7471
1028,0.0,0.0023,0.0023,0.0004,0.0,1.0,0.0,2.4419,0.0,0.0,0.0,0.0,2.4419,2.4419,2.4376
1029,0.0,0.0018,0.0018,0.0003,0.0,1.0,0.0,2.0233,0.0,0.0,0.0,0.0,2.0233,2.0233,2.0255
1030,0.0,0.0023,0.0023,0.0004,0.0,1.0,0.0,3.0606,0.0,0.0,0.0,0.0,3.0606,3.0606,3.0592
1031,0.0,0.0018,0.0018,0.0003,0.0,1.0,0.0,2.4756,0.0,0.0,0.0,0.0,2.4756,2.4756,2.4742
1032,0.0,0.0023,0.0023,0.0004,0.0,1.0,0.0,2.605,0.0,0.0,0.0,0.0,2.6049999999999995,2.6049999999999995,2.6071
1033,0.0,0.0024,0.0024,0.0004,0.0,1.0,0.0,2.5155,0.0,0.0,0.0,0.0,2.5155000000000003,2.5155000000000003,2.5193
1034,0.0,0.0017,0.0017,0.0003,0.0,1.0,0.0,2.295,0.0,0.0,0.0,0.0,2.295,2.295,2.2972
1035,0.0,0.0012,0.0012,0.0002,0.0,1.0,0.0,2.3728,0.0,0.0,0.0,0.0,2.3728000000000002,2.3728000000000002,2.3703
1036,0.0,0.0017,0.0017,0.0003,0.0,1.0,0.0,2.0445,0.0,0.0,0.0,0.0,2.0445,2.0445,2.0396
1037,0.0,0.0023,0.0023,0.0004,0.0,1.0,0.0,2.1611,0.0,0.0,0.0,0.0,2.1611000000000002,2.1611000000000002,2.162
1038,0.0,0.0016,0.0016,0.0003,0.0,1.0,0.0,2.2733,0.0,0.0,0.0,0.0,2.2733,2.2733,2.2713
1039,0.0,0.0017,0.0017,0.0003,0.0,1.0,0.0,2.3989,0.0,0.0,0.0,0.0,2.3989,2.3989,2.4009
1040,0.0,0.0019,0.0019,0.0003,0.0,1.0,0.0,2.5947,0.0,0.0,0.0,0.0,2.5947,2.5947,2.5984
1041,0.0,0.0019,0.0019,0.0003,0.0,1.0,0.0,2.7013,0.0,0.0,0.0,0.0,2.7013,2.7013,2.6966
1042,0.0,0.0024,0.0024,0.0004,0.0,1.0,0.0,2.6726,0.0,0.0,0.0,0.0,2.6726,2.6726,2.6691
1043,0.0,0.0015,0.0015,0.0003,0.0,1.0,0.0,2.4194,0.0,0.0,0.0,0.0,2.4194,2.4194,2.4197
1044,0.0,0.0017,0.0017,0.0003,0.0,1.0,0.0,2.5878,0.0,0.0,0.0,0.0,2.5877999999999997,2.5877999999999997,2.5912
1045,0.0,0.0019,0.0019,0.0003,0.0,1.0,0.0,2.4094,0.0,0.0,0.0,0.0,2.4094,2.4094,2.4055
1046,0.0,0.0023,0.0023,0.0004,0.0,1.0,0.0,2.6355,0.0,0.0,0.0,0.0,2.6355,2.6355,2.6306
1047,0.0,0.0019,0.0019,0.0003,0.0,1.0,0.0,2.4094,0.0,0.0,0.0,0.0,2.4094,2.4094,2.4063
1048,0.0,0.0022,0.0022,0.0004,0.0,1.0,0.0,2.7215,0.0,0.0,0.0,0.0,2.7215,2.7215,2.717
1049,0.0,0.0018,0.0018,0.0003,0.0,1.0,0.0,2.916,0.0,0.0,0.0,0.0,2.9159999999999995,2.9159999999999995,2.9137
1050,0.0,0.0026,0.0026,0.0005,0.0,1.0,0.0,3.1117,0.0,0.0,0.0,0.0,3.1117,3.1117,3.1148
1051,0.0,0.0014,0.0014,0.0003,0.0,1.0,0.0,2.3897,0.0,0.0,0.0,0.0,2.3897000000000004,2.3897000000000004,2.3848
1052,0.0,0.0019,0.0019,0.0003,0.0,1.0,0.0,2.5359,0.0,0.0,0.0,0.0,2.5359,2.5359,2.5317
1053,0.0,0.0023,0.0023,0.0004,0.0,1.0,0.0,2.8476,0.0,0.0,0.0,0.0,2.8476,2.8476,2.8513
1054,0.0,0.0014,0.0014,0.0002,0.0,1.0,0.0,2.5067,0.0,0.0,0.0,0.0,2.5067,2.5067,2.5085
1055,0.0,0.0018,0.0018,0.0003,0.0,1.0,0.0,2.4708,0.0,0.0,0.0,0.0,2.4707999999999997,2.4707999999999997,2.4742
1056,0.0,0.0014,0.0014,0.0003,0.0,1.0,0.0,2.1457,0.0,0.0,0.0,0.0,2.1456999999999997,2.1456999999999997,2.1475
1057,0.0,0.0026,0.0026,0.0005,0.0,1.0,0.0,2.7069,0.0,0.0,0.0,0.0,2.7068999999999996,2.7068999999999996,2.7034
1058,0.0,0.002,0.002,0.0004,0.0,1.0,0.0,2.4859,0.0,0.0,0.0,0.0,2.4859,2.4859,2.4834
1059,0.0,0.0022,0.0022,0.0004,0.0,1.0,0.0,2.8473,0.0,0.0,0.0,0.0,2.8472999999999997,2.8472999999999997,2.8449
1060,0.0,0.0016,0.0016,0.0003,0.0,1.0,0.0,2.2814,0.0,0.0,0.0,0.0,2.2814,2.2814,2.2839
1061,0.0,0.002,0.002,0.0004,0.0,1.0,0.0,2.3749,0.0,0.0,0.0,0.0,2.3749,2.3749,2.3749
1062,0.0,0.0015,0.0015,0.0003,0.0,1.0,0.0,1.9537,0.0,0.0,0.0,0.0,1.9537,1.9537,1.9532
1063,0.0,0.002,0.002,0.0004,0.0,1.0,0.0,2.7084,0.0,0.0,0.0,0.0,2.7083999999999997,2.7083999999999997,2.7035
1064,0.0,0.0015,0.0015,0.0003,0.0,1.0,0.0,2.3004,0.0,0.0,0.0,0.0,2.3004000000000002,2.3004000000000002,2.2974
1065,0.0,0.0022,0.0022,0.0004,0.0,1.0,0.0,2.6773,0.0,0.0,0.0,0.0,2.6773,2.6773,2.6751
1066,0.0,0.0014,0.0014,0.0003,0.0,1.0,0.0,2.4497,0.0,0.0,0.0,0.0,2.4497,2.4497,2.4452
1067,0.0,0.0014,0.0014,0.0002,0.0,1.0,0.0,2.1444,0.0,0.0,0.0,0.0,2.1444,2.1444,2.1396
1068,0.0,0.0021,0.0021,0.0004,0.0,1.0,0.0,2.4428,0.0,0.0,0.0,0.0,2.4428,2.4428,2.4381
1069,0.0,0.0017,0.0017,0.0003,0.0,1.0,0.0,2.5971,0.0,0.0,0.0,0.0,2.5971,2.5971,2.6016
1070,0.0,0.0018,0.0018,0.0003,0.0,1.0,0.0,2.466,0.0,0.0,0.0,0.0,2.4659999999999997,2.4659999999999997,2.4629
1071,0.0,0.0016,0.0016,0.0003,0.0,1.0,0.0,2.5126,0.0,0.0,0.0,0.0,2.5126,2.5126,2.5098
1072,0.0,0.0021,0.0021,0.0004,0.0,1.0,0.0,2.6874,0.0,0.0,0.0,0.0,2.6874,2.6874,2.6919
1073,0.0,0.0016,0.0016,0.0003,0.0,1.0,0.0,2.0178,0.0,0.0,0.0,0.0,2.0178000000000003,2.0178000000000003,2.0161
1074,0.0,0.0022,0.0022,0.0004,0.0,1.0,0.0,2.8359,0.0,0.0,0.0,0.0,2.8359,2.8359,2.8401
1075,0.0,0.0012,0.0012,0.0002,0.0,1.0,0.0,1.8493,0.0,0.0,0.0,0.0,1.8493000000000002,1.8493000000000002,1.8464
1076,0.0,0.002,0.002,0.0004,0.0,1.0,0.0,2.0901,0.0,0.0,0.0,0.0,2.0900999999999996,2.0900999999999996,2.0917
1077,0.0,0.0017,0.0017,0.0003,0.0,1.0,0.0,2.5357,0.0,0.0,0.0,0.0,2.5357000000000003,2.5357000000000003,2.5363
1078,0.0,0.0021,0.0021,0.0004,0.0,1.0,0.0,2.314,0.0,0.0,0.0,0.0,2.314,2.314,2.3134
1079,0.0,0.0017,0.0017,0.0003,0.0,1.0,0.0,2.2891,0.0,0.0,0.0,0.0,2.2891,2.2891,2.292
1080,0.0,0.002,0.002,0.0004,0.0,1.0,0.0,2.3032,0.0,0.0,0.0,0.0,2.3032000000000004,2.3032000000000004,2.3039
1081,0.0,0.0016,0.0016,0.0003,0.0,1.0,0.0,2.2812,0.0,0.0,0.0,0.0,2.2812,2.2812,2.2845
1082,0.0,0.0018,0.0018,0.0003,0.0,1.0,0.0,2.1298,0.0,0.0,0.0,0.0,2.1298,2.1298,2.1297
1083,0.0,0.0018,0.0018,0.0003,0.0,1.0,0.0,2.6119,0.0,0.0,0.0,0.0,2.6119,2.6119,2.6111
1084,0.0,0.0022,0.0022,0.0004,0.0,1.0,0.0,2.685,0.0,0.0,0.0,0.0,2.685,2.685,2.6882
1085,0.0,0.0017,0.0017,0.0003,0.0,1.0,0.0,2.3872,0.0,0.0,0.0,0.0,2.3871999999999995,2.3871999999999995,2.3886
1086,0.0,0.0018,0.0018,0.0003,0.0,1.0,0.0,2.4641,0.0,0.0,0.0,0.0,2.4640999999999997,2.4640999999999997,2.4679
1087,0.0,0.0023,0.0023,0.0004,0.0,1.0,0.0,2.596,0.0,0.0,0.0,0.0,2.596,2.596,2.6
1088,0.0,0.0017,0.0017,0.0003,0.0,1.0,0.0,2.2947,0.0,0.0,0.0,0.0,2.2947,2.2947,2.2954
1089,0.0,0.0021,0.0021,0.0004,0.0,1.0,0.0,2.3997,0.0,0.0,0.0,0.0,2.3997,2.3997,2.3961
1090,0.0,0.0026,0.0026,0.0005,0.0,1.0,0.0,2.9839,0.0,0.0,0.0,0.0,2.9839,2.9839,2.9834
1091,0.0,0.0019,0.0019,0.0003,0.0,1.0,0.0,2.5617,0.0,0.0,0.0,0.0,2.5616999999999996,2.5616999999999996,2.5591
1092,0.0,0.0016,0.0016,0.0003,0.0,1.0,0.0,2.1202,0.0,0.0,0.0,0.0,2.1202,2.1202,2.1159
1093,0.0,0.0018,0.0018,0.0003,0.0,1.0,0.0,2.0631,0.0,0.0,0.0,0.0,2.0631000000000004,2.0631000000000004,2.0641
1094,0.0,0.0019,0.0019,0.0003,0.0,1.0,0.0,2.242,0.0,0.0,0.0,0.0,2.2419999999999995,2.2419999999999995,2.2372
1095,0.0,0.0015,0.0015,0.0003,0.0,1.0,0.0,2.0565,0.0,0.0,0.0,0.0,2.0564999999999998,2.0564999999999998,2.0587
1096,0.0,0.0023,0.0023,0.0004,0.0,1.0,0.0,2.4579,0.0,0.0,0.0,0.0,2.4579,2.4579,2.4535
1097,0.0,0.0015,0.0015,0.0003,0.0,1.0,0.0,2.3429,0.0,0.0,0.0,0.0,2.3428999999999998,2.3428999999999998,2.342
1098,0.0,0.0024,0.0024,0.0004,0.0,1.0,0.0,2.7014,0.0,0.0,0.0,0.0,2.7014,2.7014,2.7045
1099,0.0,0.0021,0.0021,0.0004,0.0,1.0,0.0,2.7744,0.0,0.0,0.0,0.0,2.7744,2.7744,2.7768
1100,0.0,0.0018,0.0018,0.0003,0.0,1.0,0.0,2.4156,0.0,0.0,0.0,0.0,2.4155999999999995,2.4155999999999995,2.4113
1101,0.0,0.0023,0.0023,0.0004,0.0,1.0,0.0,2.6248,0.0,0.0,0.0,0.0,2.6247999999999996,2.6247999999999996,2.6251
1102,0.0,0.0022,0.0022,0.0004,0.0,1.0,0.0,2.8049,0.0,0.0,0.0,0.0,2.8048999999999995,2.8048999999999995,2.8068
1103,0.0,0.0021,0.0021,0.0004,0.0,1.0,0.0,2.5023,0.0,0.0,0.0,0.0,2.5023,2.5023,2.5062
1104,0.0,0.0017,0.0017,0.0003,0.0,1.0,0.0,2.4238,0.0,0.0,0.0,0.0,2.4238,2.4238,2.4286
1105,0.0,0.0022,0.0022,0.0004,0.0,1.0,0.0,2.9914,0.0,0.0,0.0,0.0,2.9914,2.9914,2.9902
1106,0.0,0.0024,0.0024,0.0004,0.0,1.0,0.0,2.9514,0.0,0.0,0.0,0.0,2.9513999999999996,2.9513999999999996,2.9553
1107,0.0,0.0022,0.0022,0.0004,0.0,1.0,0.0,2.2137,0.0,0.0,0.0,0.0,2.2137000000000002,2.2137000000000002,2.2146
1108,0.0,0.0018,0.0018,0.0003,0.0,1.0,0.0,2.3493,0.0,0.0,0.0,0.0,2.3493000000000004,2.3493000000000004,2.3447
1109,0.0,0.0026,0.0026,0.0005,0.0,1.0,0.0,3.0681,0.0,0.0,0.0,0.0,3.0681,3.0681,3.0721
1110,0.0,0.0015,0.0015,0.0003,0.0,1.0,0.0,2.0936,0.0,0.0,0.0,0.0,2.0936,2.0936,2.093
1111,0.0,0.0024,0.0024,0.0004,0.0,1.0,0.0,2.8645,0.0,0.0,0.0,0.0,2.8644999999999996,2.8644999999999996,2.8597
1112,0.0,0.0017,0.0017,0.0003,0.0,1.0,0.0,2.4649,0.0,0.0,0.0,0.0,2.4649,2.4649,2.4648
1113,0.0,0.0023,0.0023,0.0004,0.0,1.0,0.0,2.9719,0.0,0.0,0.0,0.0,2.9718999999999998,2.9718999999999998,2.9706
1114,0.0,0.0021,0.0021,0.0004,0.0,1.0,0.0,2.4123,0.0,0.0,0.0,0.0,2.4123,2.4123,2.4124
1115,0.0,0.0021,0.0021,0.0004,0.0,1.0,0.0,2.8718,0.0,0.0,0.0,0.0,2.8718,2.8718,2.8715
1116,0.0,0.0029,0.0029,0.0005,0.0,1.0,0.0,2.783,0.0,0.0,0.0,0.0,2.783,2.783,2.7803
1117,0.0,0.0015,0.0015,0.0003,0.0,1.0,0.0,2.5239,0.0,0.0,0.0,0.0,2.5239,2.5239,2.5264
1118,0.0,0.0021,0.0021,0.0004,0.0,1.0,0.0,2.2563,0.0,0.0,0.0,0.0,2.2562999999999995,2.2562999999999995,2.2569
1119,0.0,0.0024,0.0024,0.0004,0.0,1.0,0.0,2.5632,0.0,0.0,0.0,0.0,2.5632,2.5632,2.5642
1120,0.0,0.0021,0.0021,0.0004,0.0,1.0,0.0,2.6639,0.0,0.0,0.0,0.0,2.6639,2.6639,2.662
1121,0.0,0.0016,0.0016,0.0003,0.0,1.0,0.0,2.4804,0.0,0.0,0.0,0.0,2.4804,2.4804,2.4769
1122,0.0,0.0016,0.0016,0.0003,0.0,1.0,0.0,2.1773,0.0,0.0,0.0,0.0,2.1773,2.1773,2.1735
1123,0.0,0.0026,0.0026,0.0005,0.0,1.0,0.0,2.8582,0.0,0.0,0.0,0.0,2.8582,2.8582,2.8626
1124,0.0,0.0022,0.0022,0.0004,0.0,1.0,0.0,2.657,0.0,0.0,0.0,0.0,2.657,2.657,2.6524
1125,0.0,0.0021,0.0021,0.0004,0.0,1.0,0.0,2.9209,0.0,0.0,0.0,0.0,2.9208999999999996,2.9208999999999996,2.9221
1126,0.0,0.0017,0.0017,0.0003,0.0,1.0,0.0,2.2629,0.0,0.0,0.0,0.0,2.2629,2.2629,2.2642
1127,0.0,0.0018,0.0018,0.0003,0.0,1.0,0.0,2.162,0.0,0.0,0.0,0.0,2.1620000000000004,2.1620000000000004,2.1642
1128,0.0,0.0021,0.0021,0.0004,0.0,1.0,0.0,2.4891,0.0,0.0,0.0,0.0,2.4891,2.4891,2.4844
1129,0.0,0.0022,0.0022,0.0004,0.0,1.0,0.0,2.4313,0.0,0.0,0.0,0.0,2.4313000000000002,2.4313000000000002,2.4276
1130,0.0,0.0017,0.0017,0.0003,0.0,1.0,0.0,2.4369,0.0,0.0,0.0,0.0,2.4369,2.4369,2.4326
1131,0.0,0.0018,0.0018,0.0003,0.0,1.0,0.0,2.304,0.0,0.0,0.0,0.0,2.304,2.304,2.3062
1132,0.0,0.0019,0.0019,0.0003,0.0,1.0,0.0,2.0781,0.0,0.0,0.0,0.0,2.0781,2.0781,2.0815
1133,0.0,0.002,0.002,0.0004,0.0,1.0,0.0,2.8605,0.0,0.0,0.0,0.0,2.8605,2.8605,2.8636
1134,0.0,0.0021,0.0021,0.0004,0.0,1.0,0.0,2.2366,0.0,0.0,0.0,0.0,2.2366,2.2366,2.2372
1135,0.0,0.0018,0.0018,0.0003,0.0,1.0,0.0,2.1508,0.0,0.0,0.0,0.0,2.1508,2.1508,2.1508
1136,0.0,0.0024,0.0024,0.0004,0.0,1.0,0.0,2.3921,0.0,0.0,0.0,0.0,2.3921,2.3921,2.395
1137,0.0,0.0015,0.0015,0.0003,0.0,1.0,0.0,2.2605,0.0,0.0,0.0,0.0,2.2605,2.2605,2.2594
1138,0.0,0.0025,0.0025,0.0004,0.0,1.0,0.0,2.4681,0.0,0.0,0.0,0.0,2.4681,2.4681,2.4731
1139,0.0,0.002,0.002,0.0004,0.0,1.0,0.0,2.5546,0.0,0.0,0.0,0.0,2.5545999999999998,2.5545999999999998,2.5521
1140,0.0,0.0022,0.0022,0.0004,0.0,1.0,0.0,2.2106,0.0,0.0,0.0,0.0,2.2106,2.2106,2.2098
1141,0.0,0.0017,0.0017,0.0003,0.0,1.0,0.0,2.3224,0.0,0.0,0.0,0.0,2.3224,2.3224,2.3258
1142,0.0,0.0017,0.0017,0.0003,0.0,1.0,0.0,2.0144,0.0,0.0,0.0,0.0,2.0143999999999997,2.0143999999999997,2.0113
1143,0.0,0.0016,0.0016,0.0003,0.0,1.0,0.0,2.3105,0.0,0.0,0.0,0.0,2.3104999999999998,2.3104999999999998,2.313
1144,0.0,0.0026,0.0026,0.0005,0.0,1.0,0.0,2.8068,0.0,0.0,0.0,0.0,2.8068000000000004,2.8068000000000004,2.8114
1145,0.0,0.002,0.002,0.0004,0.0,1.0,0.0,1.9579,0.0,0.0,0.0,0.0,1.9579,1.9579,1.9575
1146,0.0,0.0016,0.0016,0.0003,0.0,1.0,0.0,2.4598,0.0,0.0,0.0,0.0,2.4598,2.4598,2.4562
1147,0.0,0.0011,0.0011,0.0002,0.0,1.0,0.0,1.6648,0.0,0.0,0.0,0.0,1.6648,1.6648,1.6659
1148,0.0,0.0018,0.0018,0.0003,0.0,1.0,0.0,2.4744,0.0,0.0,0.0,0.0,2.4744,2.4744,2.4739
1149,0.0,0.0017,0.0017,0.0003,0.0,1.0,0.0,1.9332,0.0,0.0,0.0,0.0,1.9332,1.9332,1.9366
1150,0.0,0.0018,0.0018,0.0003,0.0,1.0,0.0,2.4896,0.0,0.0,0.0,0.0,2.4896,2.4896,2.488
1151,0.0,0.0019,0.0019,0.0003,0.0,1.0,0.0,2.5353,0.0,0.0,0.0,0.0,2.5353,2.5353,2.5334
1152,0.0,0.0024,0.0024,0.0004,0.0,1.0,0.0,2.8201,0.0,0.0,0.0,0.0,2.8200999999999996,2.8200999999999996,2.823
1153,0.0,0.0024,0.0024,0.0004,0.0,1.0,0.0,2.8796,0.0,0.0,0.0,0.0,2.8796,2.8796,2.8827
1154,0.0,0.0022,0.0022,0.0004,0.0,1.0,0.0,2.9351,0.0,0.0,0.0,0.0,2.9351,2.9351,2.9368
1155,0.0,0.0024,0.0024,0.0004,0.0,1.0,0.0,2.3396,0.0,0.0,0.0,0.0,2.3396000000000003,2.3396000000000003,2.3377
1156,0.0,0.0018,0.0018,0.0003,0.0,1.0,0.0,2.5102,0.0,0.0,0.0,0.0,2.5102,2.5102,2.5083
1157,0.0,0.0015,0.0015,0.0003,0.0,1.0,0.0,2.4667,0.0,0.0,0.0,0.0,2.4667000000000003,2.4667000000000003,2.4619
1158,0.0,0.0016,0.0016,0.0003,0.0,1.0,0.0,1.8202,0.0,0.0,0.0,0.0,1.8202,1.8202,1.821
1159,0.0,0.0025,0.0025,0.0004,0.0,1.0,0.0,2.8672,0.0,0.0,0.0,0.0,2.8672,2.8672,2.8654
1160,0.0,0.0014,0.0014,0.0002,0.0,1.0,0.0,2.3319,0.0,0.0,0.0,0.0,2.3319,2.3319,2.335
1161,0.0,0.0018,0.0018,0.0003,0.0,1.0,0.0,2.5106,0.0,0.0,0.0,0.0,2.5106,2.5106,2.5078
1162,0.0,0.0022,0.0022,0.0004,0.0,1.0,0.0,2.9171,0.0,0.0,0.0,0.0,2.9171,2.9171,2.9186
1163,0.0,0.0025,0.0025,0.0005,0.0,1.0,0.0,2.3923,0.0,0.0,0.0,0.0,2.3923,2.3923,2.3911
1164,0.0,0.0026,0.0026,0.0005,0.0,1.0,0.0,3.2092,0.0,0.0,0.0,0.0,3.2092,3.2092,3.2103
1165,0.0,0.0017,0.0017,0.0003,0.0,1.0,0.0,2.2765,0.0,0.0,0.0,0.0,2.2765,2.2765,2.2751
1166,0.0,0.0022,0.0022,0.0004,0.0,1.0,0.0,3.1766,0.0,0.0,0.0,0.0,3.1766,3.1766,3.1792
1167,0.0,0.0014,0.0014,0.0003,0.0,1.0,0.0,1.7754,0.0,0.0,0.0,0.0,1.7753999999999999,1.7753999999999999,1.7728
1168,0.0,0.0016,0.0016,0.0003,0.0,1.0,0.0,2.6307,0.0,0.0,0.0,0.0,2.6306999999999996,2.6306999999999996,2.6333
1169,0.0,0.0022,0.0022,0.0004,0.0,1.0,0.0,2.6206,0.0,0.0,0.0,0.0,2.6206,2.6206,2.6247
1170,0.0,0.0023,0.0023,0.0004,0.0,1.0,0.0,2.7742,0.0,0.0,0.0,0.0,2.7742,2.7742,2.7745
1171,0.0,0.0019,0.0019,0.0003,0.0,1.0,0.0,2.6266,0.0,0.0,0.0,0.0,2.6266,2.6266,2.6265
1172,0.0,0.0014,0.0014,0.0003,0.0,1.0,0.0,1.6857,0.0,0.0,0.0,0.0,1.6857000000000002,1.6857000000000002,1.689
1173,0.0,0.0016,0.0016,0.0003,0.0,1.0,0.0,2.259,0.0,0.0,0.0,0.0,2.259,2.259,2.2628
1174,0.0,0.0018,0.0018,0.0003,0.0,1.0,0.0,2.2462,0.0,0.0,0.0,0.0,2.2462,2.2462,2.2431
1175,0.0,0.0018,0.0018,0.0003,0.0,1.0,0.0,2.7727,0.0,0.0,0.0,0.0,2.7727000000000004,2.7727000000000004,2.7709
1176,0.0,0.0016,0.0016,0.0003,0.0,1.0,0.0,2.3048,0.0,0.0,0.0,0.0,2.3048,2.3048,2.3046
1177,0.0,0.002,0.002,0.0004,0.0,1.0,0.0,2.4241,0.0,0.0,0.0,0.0,2.4240999999999997,2.4240999999999997,2.4236
1178,0.0,0.0013,0.0013,0.0002,0.0,1.0,0.0,1.5035,0.0,0.0,0.0,0.0,1.5035,1.5035,1.5013
1179,0.0,0.0024,0.0024,0.0004,0.0,1.0,0.0,2.8889,0.0,0.0,0.0,0.0,2.8888999999999996,2.8888999999999996,2.8875
1180,0.0,0.002,0.002,0.0004,0.0,1.0,0.0,2.6327,0.0,0.0,0.0,0.0,2.6327,2.6327,2.6315
1181,0.0,0.0021,0.0021,0.0004,0.0,1.0,0.0,2.3483,0.0,0.0,0.0,0.0,2.3483,2.3483,2.3461
1182,0.0,0.002,0.002,0.0004,0.0,1.0,0.0,2.2459,0.0,0.0,0.0,0.0,2.2459,2.2459,2.2449
1183,0.0,0.0023,0.0023,0.0004,0.0,1.0,0.0,2.6762,0.0,0.0,0.0,0.0,2.6762,2.6762,2.6713
1184,0.0,0.0023,0.0023,0.0004,0.0,1.0,0.0,2.2138,0.0,0.0,0.0,0.0,2.2138,2.2138,2.2128
1185,0.0,0.0015,0.0015,0.0003,0.0,1.0,0.0,2.6061,0.0,0.0,0.0,0.0,2.6061000000000005,2.6061000000000005,2.604
1186,0.0,0.0022,0.0022,0.0004,0.0,1.0,0.0,2.6485,0.0,0.0,0.0,0.0,2.6485,2.6485,2.6497
1187,0.0,0.0024,0.0024,0.0004,0.0,1.0,0.0,2.8896,0.0,0.0,0.0,0.0,2.8895999999999997,2.8895999999999997,2.8852
1188,0.0,0.0023,0.0023,0.0004,0.0,1.0,0.0,2.2513,0.0,0.0,0.0,0.0,2.2512999999999996,2.2512999999999996,2.2519
1189,0.0,0.0018,0.0018,0.0003,0.0,1.0,0.0,2.5494,0.0,0.0,0.0,0.0,2.5494,2.5494,2.5465
1190,0.0,0.0019,0.0019,0.0003,0.0,1.0,0.0,2.4911,0.0,0.0,0.0,0.0,2.4911,2.4911,2.4948
1191,0.0,0.0019,0.0019,0.0004,0.0,1.0,0.0,2.5731,0.0,0.0,0.0,0.0,2.5731,2.5731,2.5689
1192,0.0,0.0016,0.0016,0.0003,0.0,1.0,0.0,2.2417,0.0,0.0,0.0,0.0,2.2417,2.2417,2.2375
1193,0.0,0.0019,0.0019,0.0003,0.0,1.0,0.0,2.7698,0.0,0.0,0.0,0.0,2.7698,2.7698,2.7747
1194,0.0,0.0021,0.0021,0.0004,0.0,1.0,0.0,2.3918,0.0,0.0,0.0,0.0,2.3918000000000004,2.3918000000000004,2.3955
1195,0.0,0.002,0.002,0.0004,0.0,1.0,0.0,2.6206,0.0,0.0,0.0,0.0,2.6206,2.6206,2.6199
1196,0.0,0.0024,0.0024,0.0004,0.0,1.0,0.0,2.2834,0.0,0.0,0.0,0.0,2.2834,2.2834,2.2833
1197,0.0,0.0013,0.0013,0.0002,0.0,1.0,0.0,2.6608,0.0,0.0,0.0,0.0,2.6608,2.6608,2.6634
1198,0.0,0.0016,0.0016,0.0003,0.0,1.0,0.0,2.2474,0.0,0.0,0.0,0.0,2.2474,2.2474,2.2443
1199,0.0,0.0023,0.0023,0.0004,0.0,1.0,0.0,2.7837,0.0,0.0,0.0,0.0,2.7837000000000005,2.7837000000000005,2.7857
1200,0.0,0.0021,0.0021,0.0004,0.0,1.0,0.0,2.8095,0.0,0.0,0.0,0.0,2.8095,2.8095,2.8068
1201,0.0,0.0026,0.0026,0.0005,0.0,1.0,0.0,2.7553,0.0,0.0,0.0,0.0,2.7553,2.7553,2.7582
1202,0.0,0.0018,0.0018,0.0003,0.0,1.0,0.0,2.6786,0.0,0.0,0.0,0.0,2.6786,2.6786,2.678
1203,0.0,0.0027,0.0027,0.0005,0.0,1.0,0.0,2.561,0.0,0.0,0.0,0.0,2.561,2.561,2.5583
1204,0.0,0.0021,0.0021,0.0004,0.0,1.0,0.0,2.6516,0.0,0.0,0.0,0.0,2.6515999999999997,2.6515999999999997,2.6472
1205,0.0,0.002,0.002,0.0004,0.0,1.0,0.0,2.406,0.0,0.0,0.0,0.0,2.406,2.406,2.4053
1206,0.0,0.0018,0.0018,0.0003,0.0,1.0,0.0,2.662,0.0,0.0,0.0,0.0,2.662,2.662,2.6633
1207,0.0,0.0017,0.0017,0.0003,0.0,1.0,0.0,2.8727,0.0,0.0,0.0,0.0,2.8726999999999996,2.8726999999999996,2.8695
1208,0.0,0.0024,0.0024,0.0004,0.0,1.0,0.0,2.3969,0.0,0.0,0.0,0.0,2.3969,2.3969,2.3985
1209,0.0,0.0019,0.0019,0.0003,0.0,1.0,0.0,2.4881,0.0,0.0,0.0,0.0,2.4881,2.4881,2.4917
1210,0.0,0.0025,0.0025,0.0004,0.0,1.0,0.0,2.6734,0.0,0.0,0.0,0.0,2.6734,2.6734,2.6781
1211,0.0,0.002,0.002,0.0004,0.0,1.0,0.0,2.7268,0.0,0.0,0.0,0.0,2.7268,2.7268,2.7303
1212,0.0,0.0024,0.0024,0.0004,0.0,1.0,0.0,2.5069,0.0,0.0,0.0,0.0,2.5069,2.5069,2.5043
1213,0.0,0.0015,0.0015,0.0003,0.0,1.0,0.0,2.1719,0.0,0.0,0.0,0.0,2.1719,2.1719,2.1679
1214,0.0,0.0021,0.0021,0.0004,0.0,1.0,0.0,2.4696,0.0,0.0,0.0,0.0,2.4696,2.4696,2.4714
1215,0.0,0.0019,0.0019,0.0003,0.0,1.0,0.0,2.847,0.0,0.0,0.0,0.0,2.847,2.847,2.8482
1216,0.0,0.0028,0.0028,0.0005,0.0,1.0,0.0,3.0415,0.0,0.0,0.0,0.0,3.0415,3.0415,3.0432
1217,0.0,0.0023,0.0023,0.0004,0.0,1.0,0.0,3.2064,0.0,0.0,0.0,0.0,3.2064000000000004,3.2064000000000004,3.2106
1218,0.0,0.0016,0.0016,0.0003,0.0,1.0,0.0,2.5443,0.0,0.0,0.0,0.0,2.5443000000000002,2.5443000000000002,2.5444
1219,0.0,0.0021,0.0021,0.0004,0.0,1.0,0.0,2.2218,0.0,0.0,0.0,0.0,2.2218,2.2218,2.2208
1220,0.0,0.0015,0.0015,0.0003,0.0,1.0,0.0,2.4754,0.0,0.0,0.0,0.0,2.4754,2.4754,2.4714
1221,0.0,0.002,0.002,0.0004,0.0,1.0,0.0,2.6349,0.0,0.0,0.0,0.0,2.6349,2.6349,2.6394
1222,0.0,0.0021,0.0021,0.0004,0.0,1.0,0.0,2.6785,0.0,0.0,0.0,0.0,2.6785,2.6785,2.677
1223,0.0,0.0016,0.0016,0.0003,0.0,1.0,0.0,2.3927,0.0,0.0,0.0,0.0,2.3927,2.3927,2.3963
1224,0.0,0.0015,0.0015,0.0003,0.0,1.0,0.0,1.922,0.0,0.0,0.0,0.0,1.922,1.922,1.9171
1225,0.0,0.0019,0.0019,0.0003,0.0,1.0,0.0,2.15,0.0,0.0,0.0,0.0,2.15,2.15,2.1546
1226,0.0,0.001,0.001,0.0002,0.0,1.0,0.0,1.8596,0.0,0.0,0.0,0.0,1.8596000000000001,1.8596000000000001,1.8592
1227,0.0,0.0015,0.0015,0.0003,0.0,1.0,0.0,2.1958,0.0,0.0,0.0,0.0,2.1957999999999998,2.1957999999999998,2.1924
1228,0.0,0.0031,0.0031,0.0006,0.0,1.0,0.0,3.1014,0.0,0.0,0.0,0.0,3.1014,3.1014,3.104
1229,0.0,0.0025,0.0025,0.0005,0.0,1.0,0.0,3.3821,0.0,0.0,0.0,0.0,3.3821000000000003,3.3821000000000003,3.3798
1230,0.0,0.0018,0.0018,0.0003,0.0,1.0,0.0,2.0336,0.0,0.0,0.0,0.0,2.0336000000000003,2.0336000000000003,2.0286
1231,0.0,0.0012,0.0012,0.0002,0.0,1.0,0.0,2.2433,0.0,0.0,0.0,0.0,2.2433,2.2433,2.2464
1232,0.0,0.0021,0.0021,0.0004,0.0,1.0,0.0,2.2713,0.0,0.0,0.0,0.0,2.2713,2.2713,2.2695
1233,0.0,0.0015,0.0015,0.0003,0.0,1.0,0.0,2.1069,0.0,0.0,0.0,0.0,2.1069,2.1069,2.1102
1234,0.0,0.0019,0.0019,0.0003,0.0,1.0,0.0,2.4113,0.0,0.0,0.0,0.0,2.4112999999999998,2.4112999999999998,2.4094
1235,0.0,0.0028,0.0028,0.0005,0.0,1.0,0.0,2.9469,0.0,0.0,0.0,0.0,2.9469000000000003,2.9469000000000003,2.9481
1236,0.0,0.0017,0.0017,0.0003,0.0,1.0,0.0,2.5972,0.0,0.0,0.0,0.0,2.5972,2.5972,2.5968
1237,0.0,0.0021,0.0021,0.0004,0.0,1.0,0.0,2.4527,0.0,0.0,0.0,0.0,2.4527,2.4527,2.455
1238,0.0,0.0024,0.0024,0.0004,0.0,1.0,0.0,2.7177,0.0,0.0,0.0,0.0,2.7177,2.7177,2.7202
1239,0.0,0.0023,0.0023,0.0004,0.0,1.0,0.0,2.2794,0.0,0.0,0.0,0.0,2.2794,2.2794,2.275
1240,0.0,0.0018,0.0018,0.0003,0.0,1.0,0.0,2.4589,0.0,0.0,0.0,0.0,2.4589,2.4589,2.4589
1241,0.0,0.0027,0.0027,0.0005,0.0,1.0,0.0,2.851,0.0,0.0,0.0,0.0,2.851,2.851,2.8512
1242,0.0,0.0015,0.0015,0.0003,0.0,1.0,0.0,1.9028,0.0,0.0,0.0,0.0,1.9028,1.9028,1.9009
1243,0.0,0.0014,0.0014,0.0003,0.0,1.0,0.0,2.1036,0.0,0.0,0.0,0.0,2.1036,2.1036,2.1058
1244,0.0,0.0018,0.0018,0.0003,0.0,1.0,0.0,2.3243,0.0,0.0,0.0,0.0,2.3243,2.3243,2.3273
1245,0.0,0.0021,0.0021,0.0004,0.0,1.0,0.0,2.4566,0.0,0.0,0.0,0.0,2.4566,2.4566,2.4605
1246,0.0,0.0021,0.0021,0.0004,0.0,1.0,0.0,2.37,0.0,0.0,0.0,0.0,2.37,2.37,2.3743
1247,0.0,0.0015,0.0015,0.0003,0.0,1.0,0.0,2.2824,0.0,0.0,0.0,0.0,2.2824,2.2824,2.2787
1248,0.0,0.0016,0.0016,0.0003,0.0,1.0,0.0,2.4269,0.0,0.0,0.0,0.0,2.4269,2.4269,2.423
1249,0.0,0.0018,0.0018,0.0003,0.0,1.0,0.0,2.5249,0.0,0.0,0.0,0.0,2.5249,2.5249,2.5232
1250,0.0,0.0025,0.0025,0.0004,0.0,1.0,0.0,2.5662,0.0,0.0,0.0,0.0,2.5662,2.5662,2.5645
1251,0.0,0.0019,0.0019,0.0003,0.0,1.0,0.0,2.6308,0.0,0.0,0.0,0.0,2.6308,2.6308,2.6264
1252,0.0,0.0018,0.0018,0.0003,0.0,1.0,0.0,2.3407,0.0,0.0,0.0,0.0,2.3407,2.3407,2.342
1253,0.0,0.0029,0.0029,0.0005,0.0,1.0,0.0,2.925,0.0,0.0,0.0,0.0,2.925,2.925,2.9243
1254,0.0,0.0016,0.0016,0.0003,0.0,1.0,0.0,2.356,0.0,0.0,0.0,0.0,2.356,2.356,2.3568
1255,0.0,0.0024,0.0024,0.0004,0.0,1.0,0.0,2.9742,0.0,0.0,0.0,0.0,2.9742,2.9742,2.9763
1256,0.0,0.0019,0.0019,0.0003,0.0,1.0,0.0,2.6417,0.0,0.0,0.0,0.0,2.6417,2.6417,2.6457
1257,0.0,0.002,0.002,0.0004,0.0,1.0,0.0,2.088,0.0,0.0,0.0,0.0,2.088,2.088,2.0867
1258,0.0,0.0016,0.0016,0.0003,0.0,1.0,0.0,1.8017,0.0,0.0,0.0,0.0,1.8017000000000003,1.8017000000000003,1.8064
1259,0.0,0.0016,0.0016,0.0003,0.0,1.0,0.0,2.1715,0.0,0.0,0.0,0.0,2.1715,2.1715,2.1724
1260,0.0,0.0024,0.0024,0.0004,0.0,1.0,0.0,2.4886,0.0,0.0,0.0,0.0,2.4886000000000004,2.4886000000000004,2.4913
1261,0.0,0.0018,0.0018,0.0003,0.0,1.0,0.0,2.4296,0.0,0.0,0.0,0.0,2.4295999999999998,2.4295999999999998,2.429
1262,0.0,0.0014,0.0014,0.0003,0.0,1.0,0.0,2.3456,0.0,0.0,0.0,0.0,2.3456,2.3456,2.3484
1263,0.0,0.0017,0.0017,0.0003,0.0,1.0,0.0,2.4411,0.0,0.0,0.0,0.0,2.4410999999999996,2.4410999999999996,2.4424
1264,0.0,0.0015,0.0015,0.0003,0.0,1.0,0.0,2.0483,0.0,0.0,0.0,0.0,2.0483,2.0483,2.0505
1265,0.0,0.0012,0.0012,0.0002,0.0,1.0,0.0,1.6408,0.0,0.0,0.0,0.0,1.6408,1.6408,1.638
1266,0.0,0.0017,0.0017,0.0003,0.0,1.0,0.0,2.2243,0.0,0.0,0.0,0.0,2.2243,2.2243,2.2238
1267,0.0,0.001,0.001,0.0002,0.0,1.0,0.0,1.8373,0.0,0.0,0.0,0.0,1.8373,1.8373,1.8381
1268,0.0,0.0021,0.0021,0.0004,0.0,1.0,0.0,2.9544,0.0,0.0,0.0,0.0,2.9543999999999997,2.9543999999999997,2.9573
1269,0.0,0.0019,0.0019,0.0003,0.0,1.0,0.0,2.305,0.0,0.0,0.0,0.0,2.305,2.305,2.3025
1270,0.0,0.0021,0.0021,0.0004,0.0,1.0,0.0,2.6445,0.0,0.0,0.0,0.0,2.6445,2.6445,2.6438
1271,0.0,0.0021,0.0021,0.0004,0.0,1.0,0.0,2.8636,0.0,0.0,0.0,0.0,2.8636000000000004,2.8636000000000004,2.8683
1272,0.0,0.0014,0.0014,0.0002,0.0,1.0,0.0,1.7426,0.0,0.0,0.0,0.0,1.7426,1.7426,1.7471
1273,0.0,0.0018,0.0018,0.0003,0.0,1.0,0.0,2.5266,0.0,0.0,0.0,0.0,2.5266,2.5266,2.5305
1274,0.0,0.0021,0.0021,0.0004,0.0,1.0,0.0,2.4395,0.0,0.0,0.0,0.0,2.4395000000000002,2.4395000000000002,2.4435
1275,0.0,0.0017,0.0017,0.0003,0.0,1.0,0.0,1.8496,0.0,0.0,0.0,0.0,1.8496000000000001,1.8496000000000001,1.847
1276,0.0,0.0028,0.0028,0.0005,0.0,1.0,0.0,2.6162,0.0,0.0,0.0,0.0,2.6161999999999996,2.6161999999999996,2.6126
1277,0.0,0.0011,0.0011,0.0002,0.0,1.0,0.0,2.0184,0.0,0.0,0.0,0.0,2.0183999999999997,2.0183999999999997,2.0212
1278,0.0,0.002,0.002,0.0004,0.0,1.0,0.0,2.2578,0.0,0.0,0.0,0.0,2.2578000000000005,2.2578000000000005,2.2608
1279,0.0,0.0023,0.0023,0.0004,0.0,1.0,0.0,2.5373,0.0,0.0,0.0,0.0,2.5373,2.5373,2.5394
1280,0.0,0.0016,0.0016,0.0003,0.0,1.0,0.0,1.9176,0.0,0.0,0.0,0.0,1.9176,1.9176,1.9189
1281,0.0,0.0025,0.0025,0.0004,0.0,1.0,0.0,2.6399,0.0,0.0,0.0,0.0,2.6399,2.6399,2.6378
1282,0.0,0.0021,0.0021,0.0004,0.0,1.0,0.0,2.7789,0.0,0.0,0.0,0.0,2.7788999999999997,2.7788999999999997,2.7826
1283,0.0,0.0016,0.0016,0.0003,0.0,1.0,0.0,2.3096,0.0,0.0,0.0,0.0,2.3095999999999997,2.3095999999999997,2.3102
1284,0.0,0.0025,0.0025,0.0004,0.0,1.0,0.0,2.6094,0.0,0.0,0.0,0.0,2.6094,2.6094,2.6139
1285,0.0,0.0027,0.0027,0.0005,0.0,1.0,0.0,2.7083,0.0,0.0,0.0,0.0,2.7083000000000004,2.7083000000000004,2.7072
1286,0.0,0.0021,0.0021,0.0004,0.0,1.0,0.0,2.7162,0.0,0.0,0.0,0.0,2.7162,2.7162,2.7132
1287,0.0,0.0021,0.0021,0.0004,0.0,1.0,0.0,2.4841,0.0,0.0,0.0,0.0,2.4840999999999998,2.4840999999999998,2.4871
1288,0.0,0.0018,0.0018,0.0003,0.0,1.0,0.0,2.5344,0.0,0.0,0.0,0.0,2.5343999999999998,2.5343999999999998,2.5328
1289,0.0,0.0013,0.0013,0.0002,0.0,1.0,0.0,1.8299,0.0,0.0,0.0,0.0,1.8299,1.8299,1.8279
1290,0.0,0.0017,0.0017,0.0003,0.0,1.0,0.0,2.9573,0.0,0.0,0.0,0.0,2.9573,2.9573,2.9607
1291,0.0,0.0025,0.0025,0.0005,0.0,1.0,0.0,2.7743,0.0,0.0,0.0,0.0,2.7743,2.7743,2.7741
1292,0.0,0.0017,0.0017,0.0003,0.0,1.0,0.0,2.0982,0.0,0.0,0.0,0.0,2.0982,2.0982,2.0937
1293,0.0,0.0031,0.0031,0.0006,0.0,1.0,0.0,2.5444,0.0,0.0,0.0,0.0,2.5444,2.5444,2.5395
1294,0.0,0.0015,0.0015,0.0003,0.0,1.0,0.0,2.209,0.0,0.0,0.0,0.0,2.209,2.209,2.2113
1295,0.0,0.002,0.002,0.0004,0.0,1.0,0.0,2.7864,0.0,0.0,0.0,0.0,2.7864,2.7864,2.7905
1296,0.0,0.0022,0.0022,0.0004,0.0,1.0,0.0,2.4269,0.0,0.0,0.0,0.0,2.4269,2.4269,2.4264
1297,0.0,0.0021,0.0021,0.0004,0.0,1.0,0.0,2.3355,0.0,0.0,0.0,0.0,2.3355,2.3355,2.3313
1298,0.0,0.0014,0.0014,0.0003,0.0,1.0,0.0,2.2618,0.0,0.0,0.0,0.0,2.2618,2.2618,2.261
1299,0.0,0.0015,0.0015,0.0003,0.0,1.0,0.0,2.3144,0.0,0.0,0.0,0.0,2.3144,2.3144,2.3135
1300,0.0,0.0023,0.0023,0.0004,0.0,1.0,0.0,2.7354,0.0,0.0,0.0,0.0,2.7354000000000003,2.7354000000000003,2.7307
1301,0.0,0.0019,0.0019,0.0003,0.0,1.0,0.0,2.3108,0.0,0.0,0.0,0.0,2.3108,2.3108,2.3114
1302,0.0,0.002,0.002,0.0004,0.0,1.0,0.0,2.399,0.0,0.0,0.0,0.0,2.399,2.399,2.3975
1303,0.0,0.0019,0.0019,0.0003,0.0,1.0,0.0,2.4426,0.0,0.0,0.0,0.0,2.4425999999999997,2.4425999999999997,2.4415
1304,0.0,0.0015,0.0015,0.0003,0.0,1.0,0.0,2.4972,0.0,0.0,0.0,0.0,2.4972,2.4972,2.4928
1305,0.0,0.0028,0.0028,0.0005,0.0,1.0,0.0,2.7888,0.0,0.0,0.0,0.0,2.7888,2.7888,2.7848
1306,0.0,0.002,0.002,0.0004,0.0,1.0,0.0,2.0236,0.0,0.0,0.0,0.0,2.0236,2.0236,2.025
1307,0.0,0.0019,0.0019,0.0003,0.0,1.0,0.0,2.8172,0.0,0.0,0.0,0.0,2.8171999999999997,2.8171999999999997,2.8193
1308,0.0,0.0016,0.0016,0.0003,0.0,1.0,0.0,2.2812,0.0,0.0,0.0,0.0,2.2812,2.2812,2.2815
1309,0.0,0.0016,0.0016,0.0003,0.0,1.0,0.0,2.4982,0.0,0.0,0.0,0.0,2.4982,2.4982,2.5031
1310,0.0,0.0029,0.0029,0.0005,0.0,1.0,0.0,2.7733,0.0,0.0,0.0,0.0,2.7733,2.7733,2.7782
1311,0.0,0.0015,0.0015,0.0003,0.0,1.0,0.0,2.6072,0.0,0.0,0.0,0.0,2.6071999999999997,2.6071999999999997,2.6085
1312,0.0,0.0021,0.0021,0.0004,0.0,1.0,0.0,2.4722,0.0,0.0,0.0,0.0,2.4722,2.4722,2.4757
1313,0.0,0.0026,0.0026,0.0005,0.0,1.0,0.0,2.8834,0.0,0.0,0.0,0.0,2.8834,2.8834,2.8814
1314,0.0,0.002,0.002,0.0004,0.0,1.0,0.0,2.0219,0.0,0.0,0.0,0.0,2.0218999999999996,2.0218999999999996,2.0225
1315,0.0,0.0019,0.0019,0.0003,0.0,1.0,0.0,2.6977,0.0,0.0,0.0,0.0,2.6977,2.6977,2.695
1316,0.0,0.0016,0.0016,0.0003,0.0,1.0,0.0,2.0096,0.0,0.0,0.0,0.0,2.0096,2.0096,2.0108
1317,0.0,0.0021,0.0021,0.0004,0.0,1.0,0.0,2.3658,0.0,0.0,0.0,0.0,2.3658,2.3658,2.3624
1318,0.0,0.0024,0.0024,0.0004,0.0,1.0,0.0,2.6903,0.0,0.0,0.0,0.0,2.6903,2.6903,2.6853
1319,0.0,0.0017,0.0017,0.0003,0.0,1.0,0.0,2.8271,0.0,0.0,0.0,0.0,2.8270999999999997,2.8270999999999997,2.8292
1320,0.0,0.0023,0.0023,0.0004,0.0,1.0,0.0,2.5398,0.0,0.0,0.0,0.0,2.5398,2.5398,2.5439
1321,0.0,0.002,0.002,0.0004,0.0,1.0,0.0,2.288,0.0,0.0,0.0,0.0,2.288,2.288,2.2864
1322,0.0,0.0024,0.0024,0.0004,0.0,1.0,0.0,2.6139,0.0,0.0,0.0,0.0,2.6139,2.6139,2.6183
1323,0.0,0.0019,0.0019,0.0003,0.0,1.0,0.0,2.2767,0.0,0.0,0.0,0.0,2.2767,2.2767,2.2785
1324,0.0,0.0021,0.0021,0.0004,0.0,1.0,0.0,2.6893,0.0,0.0,0.0,0.0,2.6893000000000002,2.6893000000000002,2.6921
1325,0.0,0.0019,0.0019,0.0003,0.0,1.0,0.0,2.5119,0.0,0.0,0.0,0.0,2.5119000000000002,2.5119000000000002,2.5159
1326,0.0,0.0023,0.0023,0.0004,0.0,1.0,0.0,2.2317,0.0,0.0,0.0,0.0,2.2317,2.2317,2.2363
1327,0.0,0.002,0.002,0.0004,0.0,1.0,0.0,2.179,0.0,0.0,0.0,0.0,2.179,2.179,2.177
1328,0.0,0.0026,0.0026,0.0005,0.0,1.0,0.0,2.5118,0.0,0.0,0.0,0.0,2.5117999999999996,2.5117999999999996,2.5079
1329,0.0,0.0013,0.0013,0.0002,0.0,1.0,0.0,2.017,0.0,0.0,0.0,0.0,2.017,2.017,2.0176
1330,0.0,0.002,0.002,0.0004,0.0,1.0,0.0,2.4425,0.0,0.0,0.0,0.0,2.4425,2.4425,2.4422
1331,0.0,0.002,0.002,0.0004,0.0,1.0,0.0,2.5059,0.0,0.0,0.0,0.0,2.5059,2.5059,2.5016
1332,0.0,0.0017,0.0017,0.0003,0.0,1.0,0.0,2.4828,0.0,0.0,0.0,0.0,2.4828,2.4828,2.48
1333,0.0,0.0018,0.0018,0.0003,0.0,1.0,0.0,2.2061,0.0,0.0,0.0,0.0,2.2061,2.2061,2.2057
1334,0.0,0.0013,0.0013,0.0002,0.0,1.0,0.0,2.503,0.0,0.0,0.0,0.0,2.503,2.503,2.5041
1335,0.0,0.002,0.002,0.0004,0.0,1.0,0.0,2.5155,0.0,0.0,0.0,0.0,2.5155000000000003,2.5155000000000003,2.5189
1336,0.0,0.0017,0.0017,0.0003,0.0,1.0,0.0,2.4603,0.0,0.0,0.0,0.0,2.4602999999999997,2.4602999999999997,2.4608
1337,0.0,0.0015,0.0015,0.0003,0.0,1.0,0.0,2.2528,0.0,0.0,0.0,0.0,2.2528,2.2528,2.257
1338,0.0,0.0015,0.0015,0.0003,0.0,1.0,0.0,2.5265,0.0,0.0,0.0,0.0,2.5265000000000004,2.5265000000000004,2.5265
1339,0.0,0.0018,0.0018,0.0003,0.0,1.0,0.0,1.8763,0.0,0.0,0.0,0.0,1.8762999999999996,1.8762999999999996,1.8759
1340,0.0,0.0014,0.0014,0.0002,0.0,1.0,0.0,2.2299,0.0,0.0,0.0,0.0,2.2298999999999998,2.2298999999999998,2.2281
1341,0.0,0.0014,0.0014,0.0002,0.0,1.0,0.0,2.146,0.0,0.0,0.0,0.0,2.146,2.146,2.1464
1342,0.0,0.0022,0.0022,0.0004,0.0,1.0,0.0,2.4851,0.0,0.0,0.0,0.0,2.4851,2.4851,2.485
1343,0.0,0.0016,0.0016,0.0003,0.0,1.0,0.0,2.1208,0.0,0.0,0.0,0.0,2.1208,2.1208,2.1237
1344,0.0,0.0021,0.0021,0.0004,0.0,1.0,0.0,2.1664,0.0,0.0,0.0,0.0,2.1664,2.1664,2.1654
1345,0.0,0.0018,0.0018,0.0003,0.0,1.0,0.0,2.3647,0.0,0.0,0.0,0.0,2.3647,2.3647,2.3675
1346,0.0,0.0017,0.0017,0.0003,0.0,1.0,0.0,2.0682,0.0,0.0,0.0,0.0,2.0682,2.0682,2.0709
1347,0.0,0.0021,0.0021,0.0004,0.0,1.0,0.0,2.4818,0.0,0.0,0.0,0.0,2.4818,2.4818,2.4801
1348,0.0,0.0013,0.0013,0.0002,0.0,1.0,0.0,2.0366,0.0,0.0,0.0,0.0,2.0366,2.0366,2.0327
1349,0.0,0.0017,0.0017,0.0003,0.0,1.0,0.0,1.9862,0.0,0.0,0.0,0.0,1.9862000000000002,1.9862000000000002,1.9861
1350,0.0,0.0023,0.0023,0.0004,0.0,1.0,0.0,2.193,0.0,0.0,0.0,0.0,2.193,2.193,2.1903
1351,0.0,0.0011,0.0011,0.0002,0.0,1.0,0.0,2.1234,0.0,0.0,0.0,0.0,2.1234,2.1234,2.1185
1352,0.0,0.0021,0.0021,0.0004,0.0,1.0,0.0,2.398,0.0,0.0,0.0,0.0,2.3979999999999997,2.3979999999999997,2.3979
1353,0.0,0.002,0.002,0.0004,0.0,1.0,0.0,3.0228,0.0,0.0,0.0,0.0,3.0227999999999997,3.0227999999999997,3.0265
1354,0.0,0.0015,0.0015,0.0003,0.0,1.0,0.0,2.0554,0.0,0.0,0.0,0.0,2.0554,2.0554,2.0556
1355,0.0,0.0019,0.0019,0.0003,0.0,1.0,0.0,2.404,0.0,0.0,0.0,0.0,2.404,2.404,2.4038
1356,0.0,0.0022,0.0022,0.0004,0.0,1.0,0.0,2.6431,0.0,0.0,0.0,0.0,2.6431,2.6431,2.6444
1357,0.0,0.0028,0.0028,0.0005,0.0,1.0,0.0,2.4383,0.0,0.0,0.0,0.0,2.4383,2.4383,2.4395
1358,0.0,0.0021,0.0021,0.0004,0.0,1.0,0.0,2.5489,0.0,0.0,0.0,0.0,2.5489,2.5489,2.553
1359,0.0,0.0026,0.0026,0.0005,0.0,1.0,0.0,3.0555,0.0,0.0,0.0,0.0,3.0554999999999994,3.0554999999999994,3.0559
1360,0.0,0.0025,0.0025,0.0005,0.0,1.0,0.0,2.9099,0.0,0.0,0.0,0.0,2.9099000000000004,2.9099000000000004,2.9066
1361,0.0,0.0022,0.0022,0.0004,0.0,1.0,0.0,2.8073,0.0,0.0,0.0,0.0,2.8072999999999997,2.8072999999999997,2.8078
1362,0.0,0.0025,0.0025,0.0004,0.0,1.0,0.0,2.7978,0.0,0.0,0.0,0.0,2.7978,2.7978,2.8005
1363,0.0,0.0023,0.0023,0.0004,0.0,1.0,0.0,2.2586,0.0,0.0,0.0,0.0,2.2586000000000004,2.2586000000000004,2.2612
1364,0.0,0.002,0.002,0.0004,0.0,1.0,0.0,2.6905,0.0,0.0,0.0,0.0,2.6905,2.6905,2.6925
1365,0.0,0.0016,0.0016,0.0003,0.0,1.0,0.0,2.2589,0.0,0.0,0.0,0.0,2.2589,2.2589,2.2594
1366,0.0,0.0021,0.0021,0.0004,0.0,1.0,0.0,2.3959,0.0,0.0,0.0,0.0,2.3959,2.3959,2.393
1367,0.0,0.0017,0.0017,0.0003,0.0,1.0,0.0,2.291,0.0,0.0,0.0,0.0,2.291,2.291,2.2925
1368,0.0,0.0014,0.0014,0.0003,0.0,1.0,0.0,2.1246,0.0,0.0,0.0,0.0,2.1246,2.1246,2.1279
1369,0.0,0.0012,0.0012,0.0002,0.0,1.0,0.0,2.1861,0.0,0.0,0.0,0.0,2.1861,2.1861,2.1885
1370,0.0,0.0022,0.0022,0.0004,0.0,1.0,0.0,2.6348,0.0,0.0,0.0,0.0,2.6348000000000003,2.6348000000000003,2.6346
1371,0.0,0.0018,0.0018,0.0003,0.0,1.0,0.0,2.7341,0.0,0.0,0.0,0.0,2.7340999999999998,2.7340999999999998,2.7297
1372,0.0,0.0024,0.0024,0.0004,0.0,1.0,0.0,2.7423,0.0,0.0,0.0,0.0,2.7422999999999997,2.7422999999999997,2.7461
1373,0.0,0.0019,0.0019,0.0003,0.0,1.0,0.0,2.2477,0.0,0.0,0.0,0.0,2.2477,2.2477,2.2464
1374,0.0,0.0017,0.0017,0.0003,0.0,1.0,0.0,2.6152,0.0,0.0,0.0,0.0,2.6152,2.6152,2.6109
1375,0.0,0.0019,0.0019,0.0004,0.0,1.0,0.0,2.2238,0.0,0.0,0.0,0.0,2.2238,2.2238,2.2191
1376,0.0,0.0018,0.0018,0.0003,0.0,1.0,0.0,2.9168,0.0,0.0,0.0,0.0,2.9168,2.9168,2.9171
1377,0.0,0.0019,0.0019,0.0003,0.0,1.0,0.0,2.3437,0.0,0.0,0.0,0.0,2.3437,2.3437,2.3434
1378,0.0,0.0031,0.0031,0.0006,0.0,1.0,0.0,2.8253,0.0,0.0,0.0,0.0,2.8253,2.8253,2.8281
1379,0.0,0.0018,0.0018,0.0003,0.0,1.0,0.0,2.7113,0.0,0.0,0.0,0.0,2.7113,2.7113,2.7073
1380,0.0,0.0022,0.0022,0.0004,0.0,1.0,0.0,2.7417,0.0,0.0,0.0,0.0,2.7417000000000002,2.7417000000000002,2.7381
1381,0.0,0.0014,0.0014,0.0003,0.0,1.0,0.0,1.9526,0.0,0.0,0.0,0.0,1.9526,1.9526,1.9559
1382,0.0,0.003,0.003,0.0005,0.0,1.0,0.0,3.1217,0.0,0.0,0.0,0.0,3.1217,3.1217,3.1194
1383,0.0,0.0028,0.0028,0.0005,0.0,1.0,0.0,2.8632,0.0,0.0,0.0,0.0,2.8632,2.8632,2.868
1384,0.0,0.0019,0.0019,0.0003,0.0,1.0,0.0,2.3938,0.0,0.0,0.0,0.0,2.3938,2.3938,2.3938
1385,0.0,0.0018,0.0018,0.0003,0.0,1.0,0.0,2.3,0.0,0.0,0.0,0.0,2.3,2.3,2.2984
1386,0.0,0.0021,0.0021,0.0004,0.0,1.0,0.0,3.263,0.0,0.0,0.0,0.0,3.263,3.263,3.2586
1387,0.0,0.0031,0.0031,0.0006,0.0,1.0,0.0,3.252,0.0,0.0,0.0,0.0,3.2520000000000002,3.2520000000000002,3.2485
1388,0.0,0.002,0.002,0.0004,0.0,1.0,0.0,2.7337,0.0,0.0,0.0,0.0,2.7337,2.7337,2.7345
1389,0.0,0.0018,0.0018,0.0003,0.0,1.0,0.0,2.2332,0.0,0.0,0.0,0.0,2.2332,2.2332,2.2348
1390,0.0,0.0013,0.0013,0.0002,0.0,1.0,0.0,2.0206,0.0,0.0,0.0,0.0,2.0206,2.0206,2.0255
1391,0.0,0.002,0.002,0.0004,0.0,1.0,0.0,2.3248,0.0,0.0,0.0,0.0,2.3247999999999998,2.3247999999999998,2.3237
1392,0.0,0.0022,0.0022,0.0004,0.0,1.0,0.0,2.5957,0.0,0.0,0.0,0.0,2.5957,2.5957,2.5939
1393,0.0,0.0026,0.0026,0.0005,0.0,1.0,0.0,2.8455,0.0,0.0,0.0,0.0,2.8455,2.8455,2.8493
1394,0.0,0.0021,0.0021,0.0004,0.0,1.0,0.0,2.8985,0.0,0.0,0.0,0.0,2.8985,2.8985,2.8945
1395,0.0,0.0026,0.0026,0.0005,0.0,1.0,0.0,2.9148,0.0,0.0,0.0,0.0,2.9148,2.9148,2.9138
1396,0.0,0.0016,0.0016,0.0003,0.0,1.0,0.0,2.458,0.0,0.0,0.0,0.0,2.458,2.458,2.4578
1397,0.0,0.0017,0.0017,0.0003,0.0,1.0,0.0,2.0291,0.0,0.0,0.0,0.0,2.0290999999999997,2.0290999999999997,2.0269
1398,0.0,0.0023,0.0023,0.0004,0.0,1.0,0.0,2.7554,0.0,0.0,0.0,0.0,2.7554,2.7554,2.7528
1399,0.0,0.0024,0.0024,0.0004,0.0,1.0,0.0,2.6228,0.0,0.0,0.0,0.0,2.6228,2.6228,2.6202
1400,0.0,0.0032,0.0032,0.0006,0.0,1.0,0.0,3.1424,0.0,0.0,0.0,0.0,3.1424,3.1424,3.1472
1401,0.0,0.0019,0.0019,0.0003,0.0,1.0,0.0,2.611,0.0,0.0,0.0,0.0,2.611,2.611,2.6136
1402,0.0,0.0021,0.0021,0.0004,0.0,1.0,0.0,2.6758,0.0,0.0,0.0,0.0,2.6758,2.6758,2.6748
1403,0.0,0.0021,0.0021,0.0004,0.0,1.0,0.0,2.824,0.0,0.0,0.0,0.0,2.824,2.824,2.8232
1404,0.0,0.002,0.002,0.0004,0.0,1.0,0.0,2.7035,0.0,0.0,0.0,0.0,2.7035,2.7035,2.7069
1405,0.0,0.0017,0.0017,0.0003,0.0,1.0,0.0,2.2052,0.0,0.0,0.0,0.0,2.2051999999999996,2.2051999999999996,2.2071
1406,0.0,0.0019,0.0019,0.0003,0.0,1.0,0.0,2.8567,0.0,0.0,0.0,0.0,2.8567,2.8567,2.8588
1407,0.0,0.0014,0.0014,0.0003,0.0,1.0,0.0,2.0634,0.0,0.0,0.0,0.0,2.0634,2.0634,2.0671
1408,0.0,0.0019,0.0019,0.0003,0.0,1.0,0.0,2.4457,0.0,0.0,0.0,0.0,2.4457,2.4457,2.4412
1409,0.0,0.0017,0.0017,0.0003,0.0,1.0,0.0,2.3287,0.0,0.0,0.0,0.0,2.3287,2.3287,2.3255
1410,0.0,0.002,0.002,0.0004,0.0,1.0,0.0,2.6918,0.0,0.0,0.0,0.0,2.6917999999999997,2.6917999999999997,2.6918
1411,0.0,0.0015,0.0015,0.0003,0.0,1.0,0.0,2.2612,0.0,0.0,0.0,0.0,2.2612,2.2612,2.2568
1412,0.0,0.0032,0.0032,0.0006,0.0,1.0,0.0,2.7795,0.0,0.0,0.0,0.0,2.7795,2.7795,2.7793
1413,0.0,0.0017,0.0017,0.0003,0.0,1.0,0.0,2.3953,0.0,0.0,0.0,0.0,2.3952999999999998,2.3952999999999998,2.3971
1414,0.0,0.0014,0.0014,0.0003,0.0,1.0,0.0,2.644,0.0,0.0,0.0,0.0,2.644,2.644,2.64
1415,0.0,0.0016,0.0016,0.0003,0.0,1.0,0.0,2.1825,0.0,0.0,0.0,0.0,2.1824999999999997,2.1824999999999997,2.1804
1416,0.0,0.0022,0.0022,0.0004,0.0,1.0,0.0,2.3393,0.0,0.0,0.0,0.0,2.3393,2.3393,2.3369
1417,0.0,0.0019,0.0019,0.0003,0.0,1.0,0.0,2.5075,0.0,0.0,0.0,0.0,2.5075,2.5075,2.5049
1418,0.0,0.0021,0.0021,0.0004,0.0,1.0,0.0,3.0024,0.0,0.0,0.0,0.0,3.0024,3.0024,3.0064
1419,0.0,0.0019,0.0019,0.0003,0.0,1.0,0.0,2.1872,0.0,0.0,0.0,0.0,2.1872,2.1872,2.1861
1420,0.0,0.0019,0.0019,0.0003,0.0,1.0,0.0,2.8932,0.0,0.0,0.0,0.0,2.8932,2.8932,2.8967
1421,0.0,0.0013,0.0013,0.0002,0.0,1.0,0.0,1.4528,0.0,0.0,0.0,0.0,1.4527999999999999,1.4527999999999999,1.4538
1422,0.0,0.0024,0.0024,0.0004,0.0,1.0,0.0,3.1154,0.0,0.0,0.0,0.0,3.1154,3.1154,3.1188
1423,0.0,0.0016,0.0016,0.0003,0.0,1.0,0.0,2.2246,0.0,0.0,0.0,0.0,2.2246,2.2246,2.2288
1424,0.0,0.0019,0.0019,0.0003,0.0,1.0,0.0,2.7431,0.0,0.0,0.0,0.0,2.7431,2.7431,2.7427
1425,0.0,0.0029,0.0029,0.0005,0.0,1.0,0.0,2.8034,0.0,0.0,0.0,0.0,2.8034,2.8034,2.8047
1426,0.0,0.0022,0.0022,0.0004,0.0,1.0,0.0,2.4094,0.0,0.0,0.0,0.0,2.4093999999999998,2.4093999999999998,2.405
1427,0.0,0.0018,0.0018,0.0003,0.0,1.0,0.0,2.434,0.0,0.0,0.0,0.0,2.434,2.434,2.4315
1428,0.0,0.0024,0.0024,0.0004,0.0,1.0,0.0,2.7284,0.0,0.0,0.0,0.0,2.7283999999999997,2.7283999999999997,2.7273
1429,0.0,0.0017,0.0017,0.0003,0.0,1.0,0.0,2.3028,0.0,0.0,0.0,0.0,2.3028000000000004,2.3028000000000004,2.3042
1430,0.0,0.0014,0.0014,0.0002,0.0,1.0,0.0,2.1806,0.0,0.0,0.0,0.0,2.1805999999999996,2.1805999999999996,2.1827
1431,0.0,0.0028,0.0028,0.0005,0.0,1.0,0.0,2.3253,0.0,0.0,0.0,0.0,2.3253000000000004,2.3253000000000004,2.3214
1432,0.0,0.0014,0.0014,0.0002,0.0,1.0,0.0,2.0868,0.0,0.0,0.0,0.0,2.0868,2.0868,2.0829
1433,0.0,0.0018,0.0018,0.0003,0.0,1.0,0.0,2.5636,0.0,0.0,0.0,0.0,2.5636,2.5636,2.568
1434,0.0,0.0019,0.0019,0.0003,0.0,1.0,0.0,2.5846,0.0,0.0,0.0,0.0,2.5846000000000005,2.5846000000000005,2.5829
1435,0.0,0.002,0.002,0.0004,0.0,1.0,0.0,2.3544,0.0,0.0,0.0,0.0,2.3544,2.3544,2.3502
1436,0.0,0.0022,0.0022,0.0004,0.0,1.0,0.0,2.7576,0.0,0.0,0.0,0.0,2.7576000000000005,2.7576000000000005,2.7591
1437,0.0,0.0021,0.0021,0.0004,0.0,1.0,0.0,2.6007,0.0,0.0,0.0,0.0,2.6007,2.6007,2.6007
1438,0.0,0.0018,0.0018,0.0003,0.0,1.0,0.0,2.4775,0.0,0.0,0.0,0.0,2.4775000000000005,2.4775000000000005,2.4778
1439,0.0,0.0026,0.0026,0.0005,0.0,1.0,0.0,2.5208,0.0,0.0,0.0,0.0,2.5208000000000004,2.5208000000000004,2.5211
1440,0.0,0.0013,0.0013,0.0002,0.0,1.0,0.0,2.5758,0.0,0.0,0.0,0.0,2.5757999999999996,2.5757999999999996,2.5798
1441,0.0,0.0017,0.0017,0.0003,0.0,1.0,0.0,2.462,0.0,0.0,0.0,0.0,2.4619999999999997,2.4619999999999997,2.4588
1442,0.0,0.0019,0.0019,0.0003,0.0,1.0,0.0,2.595,0.0,0.0,0.0,0.0,2.595,2.595,2.5988
1443,0.0,0.0027,0.0027,0.0005,0.0,1.0,0.0,2.8342,0.0,0.0,0.0,0.0,2.8342,2.8342,2.8387
1444,0.0,0.0019,0.0019,0.0003,0.0,1.0,0.0,2.271,0.0,0.0,0.0,0.0,2.271,2.271,2.2749
1445,0.0,0.0023,0.0023,0.0004,0.0,1.0,0.0,2.6568,0.0,0.0,0.0,0.0,2.6568,2.6568,2.6544
1446,0.0,0.0021,0.0021,0.0004,0.0,1.0,0.0,2.6011,0.0,0.0,0.0,0.0,2.6011,2.6011,2.5979
1447,0.0,0.0015,0.0015,0.0003,0.0,1.0,0.0,2.1851,0.0,0.0,0.0,0.0,2.1851000000000003,2.1851000000000003,2.1839
1448,0.0,0.0015,0.0015,0.0003,0.0,1.0,0.0,2.2232,0.0,0.0,0.0,0.0,2.2232,2.2232,2.2184
1449,0.0,0.0018,0.0018,0.0003,0.0,1.0,0.0,2.2061,0.0,0.0,0.0,0.0,2.2061,2.2061,2.2027
1450,0.0,0.0021,0.0021,0.0004,0.0,1.0,0.0,2.5225,0.0,0.0,0.0,0.0,2.5225,2.5225,2.5242
1451,0.0,0.0027,0.0027,0.0005,0.0,1.0,0.0,2.5917,0.0,0.0,0.0,0.0,2.5917,2.5917,2.5927
1452,0.0,0.0011,0.0011,0.0002,0.0,1.0,0.0,1.905,0.0,0.0,0.0,0.0,1.9049999999999998,1.9049999999999998,1.9033
1453,0.0,0.0018,0.0018,0.0003,0.0,1.0,0.0,2.3714,0.0,0.0,0.0,0.0,2.3714,2.3714,2.3689
1454,0.0,0.0026,0.0026,0.0005,0.0,1.0,0.0,2.7759,0.0,0.0,0.0,0.0,2.7759,2.7759,2.7718
1455,0.0,0.0018,0.0018,0.0003,0.0,1.0,0.0,2.6476,0.0,0.0,0.0,0.0,2.6475999999999997,2.6475999999999997,2.6455
1456,0.0,0.0016,0.0016,0.0003,0.0,1.0,0.0,2.1825,0.0,0.0,0.0,0.0,2.1825,2.1825,2.1785
1457,0.0,0.0017,0.0017,0.0003,0.0,1.0,0.0,2.3182,0.0,0.0,0.0,0.0,2.3182,2.3182,2.3222
1458,0.0,0.0019,0.0019,0.0004,0.0,1.0,0.0,2.4348,0.0,0.0,0.0,0.0,2.4347999999999996,2.4347999999999996,2.4308
1459,0.0,0.0022,0.0022,0.0004,0.0,1.0,0.0,2.7357,0.0,0.0,0.0,0.0,2.7357,2.7357,2.7366
1460,0.0,0.0019,0.0019,0.0003,0.0,1.0,0.0,1.9324,0.0,0.0,0.0,0.0,1.9324000000000001,1.9324000000000001,1.9304
1461,0.0,0.0019,0.0019,0.0003,0.0,1.0,0.0,2.3713,0.0,0.0,0.0,0.0,2.3713,2.3713,2.3762
1462,0.0,0.0026,0.0026,0.0005,0.0,1.0,0.0,2.9765,0.0,0.0,0.0,0.0,2.9764999999999997,2.9764999999999997,2.9737
1463,0.0,0.0022,0.0022,0.0004,0.0,1.0,0.0,2.5356,0.0,0.0,0.0,0.0,2.5356,2.5356,2.539
1464,0.0,0.0024,0.0024,0.0004,0.0,1.0,0.0,2.4893,0.0,0.0,0.0,0.0,2.4893,2.4893,2.4846
1465,0.0,0.0019,0.0019,0.0003,0.0,1.0,0.0,2.3693,0.0,0.0,0.0,0.0,2.3693000000000004,2.3693000000000004,2.3664
1466,0.0,0.0017,0.0017,0.0003,0.0,1.0,0.0,2.1188,0.0,0.0,0.0,0.0,2.1188,2.1188,2.1227
1467,0.0,0.0018,0.0018,0.0003,0.0,1.0,0.0,2.7095,0.0,0.0,0.0,0.0,2.7095000000000002,2.7095000000000002,2.711
1468,0.0,0.0014,0.0014,0.0003,0.0,1.0,0.0,2.137,0.0,0.0,0.0,0.0,2.137,2.137,2.133
1469,0.0,0.0014,0.0014,0.0003,0.0,1.0,0.0,2.4618,0.0,0.0,0.0,0.0,2.4618,2.4618,2.4657
1470,0.0,0.0024,0.0024,0.0004,0.0,1.0,0.0,2.7585,0.0,0.0,0.0,0.0,2.7584999999999997,2.7584999999999997,2.76
1471,0.0,0.0017,0.0017,0.0003,0.0,1.0,0.0,2.3764,0.0,0.0,0.0,0.0,2.3764000000000003,2.3764000000000003,2.3762
1472,0.0,0.0017,0.0017,0.0003,0.0,1.0,0.0,2.0611,0.0,0.0,0.0,0.0,2.0611,2.0611,2.0629
1473,0.0,0.0021,0.0021,0.0004,0.0,1.0,0.0,2.4738,0.0,0.0,0.0,0.0,2.4737999999999998,2.4737999999999998,2.476
1474,0.0,0.0023,0.0023,0.0004,0.0,1.0,0.0,2.7845,0.0,0.0,0.0,0.0,2.7844999999999995,2.7844999999999995,2.7855
1475,0.0,0.0017,0.0017,0.0003,0.0,1.0,0.0,2.4424,0.0,0.0,0.0,0.0,2.4423999999999997,2.4423999999999997,2.4402
1476,0.0,0.002,0.002,0.0004,0.0,1.0,0.0,2.341,0.0,0.0,0.0,0.0,2.3409999999999997,2.3409999999999997,2.3393
1477,0.0,0.0027,0.0027,0.0005,0.0,1.0,0.0,3.0912,0.0,0.0,0.0,0.0,3.0911999999999997,3.0911999999999997,3.0938
1478,0.0,0.0016,0.0016,0.0003,0.0,1.0,0.0,2.2936,0.0,0.0,0.0,0.0,2.2936,2.2936,2.291
1479,0.0,0.002,0.002,0.0004,0.0,1.0,0.0,2.8901,0.0,0.0,0.0,0.0,2.8901,2.8901,2.8882
1480,0.0,0.0012,0.0012,0.0002,0.0,1.0,0.0,2.0798,0.0,0.0,0.0,0.0,2.0797999999999996,2.0797999999999996,2.077
1481,0.0,0.0014,0.0014,0.0003,0.0,1.0,0.0,2.0378,0.0,0.0,0.0,0.0,2.0378000000000003,2.0378000000000003,2.0421
1482,0.0,0.0019,0.0019,0.0003,0.0,1.0,0.0,2.0885,0.0,0.0,0.0,0.0,2.0885,2.0885,2.0887
1483,0.0,0.0015,0.0015,0.0003,0.0,1.0,0.0,2.0727,0.0,0.0,0.0,0.0,2.0727,2.0727,2.0713
1484,0.0,0.0024,0.0024,0.0004,0.0,1.0,0.0,2.5021,0.0,0.0,0.0,0.0,2.5021,2.5021,2.4995
1485,0.0,0.0018,0.0018,0.0003,0.0,1.0,0.0,2.2947,0.0,0.0,0.0,0.0,2.2946999999999997,2.2946999999999997,2.298
1486,0.0,0.0017,0.0017,0.0003,0.0,1.0,0.0,2.5801,0.0,0.0,0.0,0.0,2.5801,2.5801,2.5762
1487,0.0,0.0024,0.0024,0.0004,0.0,1.0,0.0,2.4058,0.0,0.0,0.0,0.0,2.4057999999999997,2.4057999999999997,2.4095
1488,0.0,0.0017,0.0017,0.0003,0.0,1.0,0.0,2.3459,0.0,0.0,0.0,0.0,2.3459,2.3459,2.3496
1489,0.0,0.0018,0.0018,0.0003,0.0,1.0,0.0,2.2831,0.0,0.0,0.0,0.0,2.2830999999999997,2.2830999999999997,2.2793
1490,0.0,0.0013,0.0013,0.0002,0.0,1.0,0.0,2.6064,0.0,0.0,0.0,0.0,2.6064,2.6064,2.606
1491,0.0,0.0016,0.0016,0.0003,0.0,1.0,0.0,2.5146,0.0,0.0,0.0,0.0,2.5145999999999997,2.5145999999999997,2.5113
1492,0.0,0.0018,0.0018,0.0003,0.0,1.0,0.0,2.2505,0.0,0.0,0.0,0.0,2.2505,2.2505,2.2498
1493,0.0,0.002,0.002,0.0004,0.0,1.0,0.0,2.4677,0.0,0.0,0.0,0.0,2.4677,2.4677,2.4706
1494,0.0,0.0018,0.0018,0.0003,0.0,1.0,0.0,2.355,0.0,0.0,0.0,0.0,2.355,2.355,2.3503
1495,0.0,0.0016,0.0016,0.0003,0.0,1.0,0.0,2.3943,0.0,0.0,0.0,0.0,2.3943000000000003,2.3943000000000003,2.3893
1496,0.0,0.0021,0.0021,0.0004,0.0,1.0,0.0,2.6847,0.0,0.0,0.0,0.0,2.6847000000000003,2.6847000000000003,2.6802
1497,0.0,0.002,0.002,0.0004,0.0,1.0,0.0,2.611,0.0,0.0,0.0,0.0,2.611,2.611,2.6061
1498,0.0,0.0022,0.0022,0.0004,0.0,1.0,0.0,2.4115,0.0,0.0,0.0,0.0,2.4114999999999998,2.4114999999999998,2.4149
1499,0.0,0.0017,0.0017,0.0003,0.0,1.0,0.0,2.5998,0.0,0.0,0.0,0.0,2.5998,2.5998,2.6007
1500,0.0,0.0027,0.0027,0.0005,0.0,1.0,0.0,3.1066,0.0,0.0,0.0,0.0,3.1066000000000003,3.1066000000000003,3.108
1501,0.0,0.0018,0.0018,0.0003,0.0,1.0,0.0,2.693,0.0,0.0,0.0,0.0,2.6929999999999996,2.6929999999999996,2.6895
1502,0.0,0.0018,0.0018,0.0003,0.0,1.0,0.0,2.3921,0.0,0.0,0.0,0.0,2.3921,2.3921,2.3886
1503,0.0,0.0016,0.0016,0.0003,0.0,1.0,0.0,1.8936,0.0,0.0,0.0,0.0,1.8935999999999997,1.8935999999999997,1.8983
1504,0.0,0.0015,0.0015,0.0003,0.0,1.0,0.0,2.4472,0.0,0.0,0.0,0.0,2.4472,2.4472,2.4505
1505,0.0,0.002,0.002,0.0004,0.0,1.0,0.0,2.6836,0.0,0.0,0.0,0.0,2.6836,2.6836,2.6812
1506,0.0,0.0022,0.0022,0.0004,0.0,1.0,0.0,2.2878,0.0,0.0,0.0,0.0,2.2878,2.2878,2.284
1507,0.0,0.0014,0.0014,0.0003,0.0,1.0,0.0,2.3513,0.0,0.0,0.0,0.0,2.3513,2.3513,2.3532
1508,0.0,0.0018,0.0018,0.0003,0.0,1.0,0.0,2.7171,0.0,0.0,0.0,0.0,2.7171,2.7171,2.7212
1509,0.0,0.0016,0.0016,0.0003,0.0,1.0,0.0,2.5507,0.0,0.0,0.0,0.0,2.5507,2.5507,2.5518
1510,0.0,0.0016,0.0016,0.0003,0.0,1.0,0.0,2.1378,0.0,0.0,0.0,0.0,2.1378,2.1378,2.1389
1511,0.0,0.0022,0.0022,0.0004,0.0,1.0,0.0,2.5994,0.0,0.0,0.0,0.0,2.5994,2.5994,2.6036
1512,0.0,0.002,0.002,0.0004,0.0,1.0,0.0,2.5886,0.0,0.0,0.0,0.0,2.5886,2.5886,2.592
1513,0.0,0.0015,0.0015,0.0003,0.0,1.0,0.0,1.9126,0.0,0.0,0.0,0.0,1.9125999999999999,1.9125999999999999,1.9079
1514,0.0,0.0018,0.0018,0.0003,0.0,1.0,0.0,2.4058,0.0,0.0,0.0,0.0,2.4057999999999997,2.4057999999999997,2.4062
1515,0.0,0.0026,0.0026,0.0005,0.0,1.0,0.0,2.9872,0.0,0.0,0.0,0.0,2.9872,2.9872,2.9898
1516,0.0,0.0018,0.0018,0.0003,0.0,1.0,0.0,2.0167,0.0,0.0,0.0,0.0,2.0166999999999997,2.0166999999999997,2.0146
1517,0.0,0.0018,0.0018,0.0003,0.0,1.0,0.0,2.3056,0.0,0.0,0.0,0.0,2.3056,2.3056,2.3021
1518,0.0,0.0021,0.0021,0.0004,0.0,1.0,0.0,2.9087,0.0,0.0,0.0,0.0,2.9087,2.9087,2.9135
1519,0.0,0.0015,0.0015,0.0003,0.0,1.0,0.0,2.2287,0.0,0.0,0.0,0.0,2.2287,2.2287,2.2323
1520,0.0,0.0028,0.0028,0.0005,0.0,1.0,0.0,2.9073,0.0,0.0,0.0,0.0,2.9073,2.9073,2.9032
1521,0.0,0.0027,0.0027,0.0005,0.0,1.0,0.0,2.7924,0.0,0.0,0.0,0.0,2.7924,2.7924,2.7943
1522,0.0,0.0019,0.0019,0.0003,0.0,1.0,0.0,2.2358,0.0,0.0,0.0,0.0,2.2358000000000002,2.2358000000000002,2.2318
1523,0.0,0.0019,0.0019,0.0003,0.0,1.0,0.0,2.2684,0.0,0.0,0.0,0.0,2.2684,2.2684,2.2682
1524,0.0,0.0013,0.0013,0.0002,0.0,1.0,0.0,1.9179,0.0,0.0,0.0,0.0,1.9178999999999997,1.9178999999999997,1.921
1525,0.0,0.002,0.002,0.0004,0.0,1.0,0.0,2.4484,0.0,0.0,0.0,0.0,2.4484,2.4484,2.4519
1526,0.0,0.0028,0.0028,0.0005,0.0,1.0,0.0,2.7876,0.0,0.0,0.0,0.0,2.7875999999999994,2.7875999999999994,2.7907
1527,0.0,0.0023,0.0023,0.0004,0.0,1.0,0.0,2.6489,0.0,0.0,0.0,0.0,2.6489,2.6489,2.6502
1528,0.0,0.0012,0.0012,0.0002,0.0,1.0,0.0,2.2513,0.0,0.0,0.0,0.0,2.2513,2.2513,2.2465
1529,0.0,0.0019,0.0019,0.0004,0.0,1.0,0.0,2.7302,0.0,0.0,0.0,0.0,2.7302000000000004,2.7302000000000004,2.7279
1530,0.0,0.0022,0.0022,0.0004,0.0,1.0,0.0,2.4425,0.0,0.0,0.0,0.0,2.4425,2.4425,2.4418
1531,0.0,0.0017,0.0017,0.0003,0.0,1.0,0.0,2.8445,0.0,0.0,0.0,0.0,2.8445,2.8445,2.8465
1532,0.0,0.0021,0.0021,0.0004,0.0,1.0,0.0,2.5304,0.0,0.0,0.0,0.0,2.5304,2.5304,2.5308
1533,0.0,0.0011,0.0011,0.0002,0.0,1.0,0.0,2.3455,0.0,0.0,0.0,0.0,2.3455,2.3455,2.3425
1534,0.0,0.0022,0.0022,0.0004,0.0,1.0,0.0,2.6058,0.0,0.0,0.0,0.0,2.6058000000000003,2.6058000000000003,2.6026
1535,0.0,0.0021,0.0021,0.0004,0.0,1.0,0.0,2.8915,0.0,0.0,0.0,0.0,2.8914999999999997,2.8914999999999997,2.8895
1536,0.0,0.0023,0.0023,0.0004,0.0,1.0,0.0,2.7389,0.0,0.0,0.0,0.0,2.7389,2.7389,2.74
1537,0.0,0.0014,0.0014,0.0003,0.0,1.0,0.0,2.1896,0.0,0.0,0.0,0.0,2.1896,2.1896,2.1869
1538,0.0,0.0014,0.0014,0.0002,0.0,1.0,0.0,2.1265,0.0,0.0,0.0,0.0,2.1265,2.1265,2.1285
1539,0.0,0.0016,0.0016,0.0003,0.0,1.0,0.0,2.2826,0.0,0.0,0.0,0.0,2.2826000000000004,2.2826000000000004,2.2797
1540,0.0,0.0015,0.0015,0.0003,0.0,1.0,0.0,2.2767,0.0,0.0,0.0,0.0,2.2767,2.2767,2.2812
1541,0.0,0.0019,0.0019,0.0003,0.0,1.0,0.0,2.7938,0.0,0.0,0.0,0.0,2.7938,2.7938,2.7909
1542,0.0,0.0021,0.0021,0.0004,0.0,1.0,0.0,2.2666,0.0,0.0,0.0,0.0,2.2666,2.2666,2.2701
1543,0.0,0.0018,0.0018,0.0003,0.0,1.0,0.0,2.7491,0.0,0.0,0.0,0.0,2.7491000000000003,2.7491000000000003,2.7448
1544,0.0,0.0017,0.0017,0.0003,0.0,1.0,0.0,2.287,0.0,0.0,0.0,0.0,2.287,2.287,2.2913
1545,0.0,0.0022,0.0022,0.0004,0.0,1.0,0.0,3.0234,0.0,0.0,0.0,0.0,3.0234,3.0234,3.019
1546,0.0,0.0021,0.0021,0.0004,0.0,1.0,0.0,2.6992,0.0,0.0,0.0,0.0,2.6992,2.6992,2.7003
1547,0.0,0.0023,0.0023,0.0004,0.0,1.0,0.0,2.5869,0.0,0.0,0.0,0.0,2.5868999999999995,2.5868999999999995,2.5829
1548,0.0,0.0021,0.0021,0.0004,0.0,1.0,0.0,3.0433,0.0,0.0,0.0,0.0,3.0433000000000003,3.0433000000000003,3.0446
1549,0.0,0.0023,0.0023,0.0004,0.0,1.0,0.0,2.4021,0.0,0.0,0.0,0.0,2.4021000000000003,2.4021000000000003,2.4044
1550,0.0,0.0017,0.0017,0.0003,0.0,1.0,0.0,2.6111,0.0,0.0,0.0,0.0,2.6111000000000004,2.6111000000000004,2.6067
1551,0.0,0.0021,0.0021,0.0004,0.0,1.0,0.0,3.0033,0.0,0.0,0.0,0.0,3.0033,3.0033,3.0024
1552,0.0,0.0028,0.0028,0.0005,0.0,1.0,0.0,2.5859,0.0,0.0,0.0,0.0,2.5858999999999996,2.5858999999999996,2.5846
1553,0.0,0.0018,0.0018,0.0003,0.0,1.0,0.0,2.9979,0.0,0.0,0.0,0.0,2.9978999999999996,2.9978999999999996,2.9957
1554,0.0,0.0023,0.0023,0.0004,0.0,1.0,0.0,2.4403,0.0,0.0,0.0,0.0,2.4403,2.4403,2.438
1555,0.0,0.0019,0.0019,0.0003,0.0,1.0,0.0,2.5106,0.0,0.0,0.0,0.0,2.5105999999999997,2.5105999999999997,2.5078
1556,0.0,0.0013,0.0013,0.0002,0.0,1.0,0.0,2.3135,0.0,0.0,0.0,0.0,2.3135000000000003,2.3135000000000003,2.3087
1557,0.0,0.0025,0.0025,0.0004,0.0,1.0,0.0,2.3209,0.0,0.0,0.0,0.0,2.3209,2.3209,2.319
1558,0.0,0.0021,0.0021,0.0004,0.0,1.0,0.0,2.7533,0.0,0.0,0.0,0.0,2.7533,2.7533,2.7576
1559,0.0,0.0024,0.0024,0.0004,0.0,1.0,0.0,2.3056,0.0,0.0,0.0,0.0,2.3056,2.3056,2.3025
1560,0.0,0.0014,0.0014,0.0002,0.0,1.0,0.0,2.2515,0.0,0.0,0.0,0.0,2.2515,2.2515,2.2529
1561,0.0,0.0019,0.0019,0.0003,0.0,1.0,0.0,2.4372,0.0,0.0,0.0,0.0,2.4372,2.4372,2.4327
1562,0.0,0.0014,0.0014,0.0003,0.0,1.0,0.0,1.8099,0.0,0.0,0.0,0.0,1.8098999999999998,1.8098999999999998,1.8136
1563,0.0,0.0026,0.0026,0.0005,0.0,1.0,0.0,2.941,0.0,0.0,0.0,0.0,2.9410000000000003,2.9410000000000003,2.9385
1564,0.0,0.0018,0.0018,0.0003,0.0,1.0,0.0,2.1669,0.0,0.0,0.0,0.0,2.1669,2.1669,2.164
1565,0.0,0.0018,0.0018,0.0003,0.0,1.0,0.0,2.6116,0.0,0.0,0.0,0.0,2.6115999999999997,2.6115999999999997,2.6164
1566,0.0,0.0013,0.0013,0.0002,0.0,1.0,0.0,2.5386,0.0,0.0,0.0,0.0,2.5385999999999997,2.5385999999999997,2.5421
1567,0.0,0.0023,0.0023,0.0004,0.0,1.0,0.0,2.2565,0.0,0.0,0.0,0.0,2.2565,2.2565,2.2558
1568,0.0,0.0018,0.0018,0.0003,0.0,1.0,0.0,2.2126,0.0,0.0,0.0,0.0,2.2126,2.2126,2.2162
1569,0.0,0.0017,0.0017,0.0003,0.0,1.0,0.0,2.3556,0.0,0.0,0.0,0.0,2.3556,2.3556,2.3595
1570,0.0,0.0017,0.0017,0.0003,0.0,1.0,0.0,2.5231,0.0,0.0,0.0,0.0,2.5231,2.5231,2.5234
1571,0.0,0.0014,0.0014,0.0002,0.0,1.0,0.0,2.1411,0.0,0.0,0.0,0.0,2.1411000000000002,2.1411000000000002,2.1425
1572,0.0,0.0025,0.0025,0.0005,0.0,1.0,0.0,3.2526,0.0,0.0,0.0,0.0,3.2526,3.2526,3.2505
1573,0.0,0.0017,0.0017,0.0003,0.0,1.0,0.0,2.6194,0.0,0.0,0.0,0.0,2.6193999999999997,2.6193999999999997,2.6165
1574,0.0,0.002,0.002,0.0004,0.0,1.0,0.0,2.6225,0.0,0.0,0.0,0.0,2.6225,2.6225,2.62
1575,0.0,0.002,0.002,0.0004,0.0,1.0,0.0,2.3748,0.0,0.0,0.0,0.0,2.3747999999999996,2.3747999999999996,2.375
1576,0.0,0.0018,0.0018,0.0003,0.0,1.0,0.0,2.0829,0.0,0.0,0.0,0.0,2.0829,2.0829,2.0809
1577,0.0,0.0018,0.0018,0.0003,0.0,1.0,0.0,2.3504,0.0,0.0,0.0,0.0,2.3504,2.3504,2.3468
1578,0.0,0.0021,0.0021,0.0004,0.0,1.0,0.0,2.325,0.0,0.0,0.0,0.0,2.325,2.325,2.3284
1579,0.0,0.0018,0.0018,0.0003,0.0,1.0,0.0,2.2657,0.0,0.0,0.0,0.0,2.2657,2.2657,2.2682
1580,0.0,0.0018,0.0018,0.0003,0.0,1.0,0.0,2.1354,0.0,0.0,0.0,0.0,2.1353999999999997,2.1353999999999997,2.1314
1581,0.0,0.0017,0.0017,0.0003,0.0,1.0,0.0,2.4427,0.0,0.0,0.0,0.0,2.4427000000000003,2.4427000000000003,2.445
1582,0.0,0.0022,0.0022,0.0004,0.0,1.0,0.0,2.5709,0.0,0.0,0.0,0.0,2.5709,2.5709,2.5727
1583,0.0,0.0023,0.0023,0.0004,0.0,1.0,0.0,2.9724,0.0,0.0,0.0,0.0,2.9723999999999995,2.9723999999999995,2.9749
1584,0.0,0.0019,0.0019,0.0003,0.0,1.0,0.0,2.5262,0.0,0.0,0.0,0.0,2.5262,2.5262,2.5293
1585,0.0,0.0018,0.0018,0.0003,0.0,1.0,0.0,2.6469,0.0,0.0,0.0,0.0,2.6468999999999996,2.6468999999999996,2.6495
1586,0.0,0.0018,0.0018,0.0003,0.0,1.0,0.0,1.9007,0.0,0.0,0.0,0.0,1.9007,1.9007,1.9026
1587,0.0,0.0018,0.0018,0.0003,0.0,1.0,0.0,2.6829,0.0,0.0,0.0,0.0,2.6828999999999996,2.6828999999999996,2.6832
1588,0.0,0.002,0.002,0.0004,0.0,1.0,0.0,2.4396,0.0,0.0,0.0,0.0,2.4396,2.4396,2.4399
1589,0.0,0.0017,0.0017,0.0003,0.0,1.0,0.0,2.3082,0.0,0.0,0.0,0.0,2.3082000000000003,2.3082000000000003,2.3049
1590,0.0,0.0023,0.0023,0.0004,0.0,1.0,0.0,2.9722,0.0,0.0,0.0,0.0,2.9722,2.9722,2.97
1591,0.0,0.0016,0.0016,0.0003,0.0,1.0,0.0,2.6871,0.0,0.0,0.0,0.0,2.6871,2.6871,2.6859
1592,0.0,0.0026,0.0026,0.0005,0.0,1.0,0.0,2.3348,0.0,0.0,0.0,0.0,2.3348,2.3348,2.3376
1593,0.0,0.0023,0.0023,0.0004,0.0,1.0,0.0,2.9262,0.0,0.0,0.0,0.0,2.9262,2.9262,2.9259
1594,0.0,0.0017,0.0017,0.0003,0.0,1.0,0.0,2.2837,0.0,0.0,0.0,0.0,2.2837,2.2837,2.285
1595,0.0,0.0021,0.0021,0.0004,0.0,1.0,0.0,2.6101,0.0,0.0,0.0,0.0,2.6101,2.6101,2.611
1596,0.0,0.0019,0.0019,0.0003,0.0,1.0,0.0,2.3625,0.0,0.0,0.0,0.0,2.3625,2.3625,2.3644
1597,0.0,0.0023,0.0023,0.0004,0.0,1.0,0.0,2.4334,0.0,0.0,0.0,0.0,2.4334,2.4334,2.4305
1598,0.0,0.0022,0.0022,0.0004,0.0,1.0,0.0,2.4862,0.0,0.0,0.0,0.0,2.4862,2.4862,2.4907
1599,0.0,0.0024,0.0024,0.0004,0.0,1.0,0.0,3.2301,0.0,0.0,0.0,0.0,3.2300999999999997,3.2300999999999997,3.2325
1600,0.0,0.0019,0.0019,0.0003,0.0,1.0,0.0,2.6961,0.0,0.0,0.0,0.0,2.6961,2.6961,2.6999
1601,0.0,0.0013,0.0013,0.0002,0.0,1.0,0.0,2.0339,0.0,0.0,0.0,0.0,2.0339,2.0339,2.035
1602,0.0,0.0025,0.0025,0.0005,0.0,1.0,0.0,2.834,0.0,0.0,0.0,0.0,2.834,2.834,2.8366
1603,0.0,0.0012,0.0012,0.0002,0.0,1.0,0.0,2.0855,0.0,0.0,0.0,0.0,2.0854999999999997,2.0854999999999997,2.0846
1604,0.0,0.0027,0.0027,0.0005,0.0,1.0,0.0,2.5027,0.0,0.0,0.0,0.0,2.5026999999999995,2.5026999999999995,2.5032
1605,0.0,0.0014,0.0014,0.0003,0.0,1.0,0.0,2.2521,0.0,0.0,0.0,0.0,2.2520999999999995,2.2520999999999995,2.254
1606,0.0,0.0021,0.0021,0.0004,0.0,1.0,0.0,2.7989,0.0,0.0,0.0,0.0,2.7988999999999997,2.7988999999999997,2.7973
1607,0.0,0.002,0.002,0.0004,0.0,1.0,0.0,2.3444,0.0,0.0,0.0,0.0,2.3444,2.3444,2.3481
1608,0.0,0.002,0.002,0.0004,0.0,1.0,0.0,3.1007,0.0,0.0,0.0,0.0,3.1007000000000002,3.1007000000000002,3.1014
1609,0.0,0.0026,0.0026,0.0005,0.0,1.0,0.0,3.4024,0.0,0.0,0.0,0.0,3.4023999999999996,3.4023999999999996,3.4027
1610,0.0,0.0018,0.0018,0.0003,0.0,1.0,0.0,2.1544,0.0,0.0,0.0,0.0,2.1544,2.1544,2.1526
1611,0.0,0.0015,0.0015,0.0003,0.0,1.0,0.0,2.1896,0.0,0.0,0.0,0.0,2.1896,2.1896,2.1916
1612,0.0,0.0021,0.0021,0.0004,0.0,1.0,0.0,2.6097,0.0,0.0,0.0,0.0,2.6096999999999997,2.6096999999999997,2.607
1613,0.0,0.0018,0.0018,0.0003,0.0,1.0,0.0,2.5962,0.0,0.0,0.0,0.0,2.5962000000000005,2.5962000000000005,2.5999
1614,0.0,0.002,0.002,0.0004,0.0,1.0,0.0,2.374,0.0,0.0,0.0,0.0,2.374,2.374,2.3709
1615,0.0,0.0025,0.0025,0.0005,0.0,1.0,0.0,2.6585,0.0,0.0,0.0,0.0,2.6585,2.6585,2.6544
1616,0.0,0.0021,0.0021,0.0004,0.0,1.0,0.0,2.7781,0.0,0.0,0.0,0.0,2.7781,2.7781,2.7797
1617,0.0,0.0015,0.0015,0.0003,0.0,1.0,0.0,2.1699,0.0,0.0,0.0,0.0,2.1699,2.1699,2.1743
1618,0.0,0.0023,0.0023,0.0004,0.0,1.0,0.0,2.7382,0.0,0.0,0.0,0.0,2.7382,2.7382,2.7361
1619,0.0,0.0018,0.0018,0.0003,0.0,1.0,0.0,2.27,0.0,0.0,0.0,0.0,2.2699999999999996,2.2699999999999996,2.2735
1620,0.0,0.0019,0.0019,0.0003,0.0,1.0,0.0,2.3984,0.0,0.0,0.0,0.0,2.3984,2.3984,2.398
1621,0.0,0.002,0.002,0.0004,0.0,1.0,0.0,3.0651,0.0,0.0,0.0,0.0,3.0650999999999997,3.0650999999999997,3.067
1622,0.0,0.0023,0.0023,0.0004,0.0,1.0,0.0,2.8142,0.0,0.0,0.0,0.0,2.8142000000000005,2.8142000000000005,2.8125
1623,0.0,0.0017,0.0017,0.0003,0.0,1.0,0.0,2.6101,0.0,0.0,0.0,0.0,2.6101,2.6101,2.6111
1624,0.0,0.002,0.002,0.0004,0.0,1.0,0.0,2.5175,0.0,0.0,0.0,0.0,2.5175,2.5175,2.5146
1625,0.0,0.0016,0.0016,0.0003,0.0,1.0,0.0,2.4641,0.0,0.0,0.0,0.0,2.4641,2.4641,2.4676
1626,0.0,0.0027,0.0027,0.0005,0.0,1.0,0.0,2.5453,0.0,0.0,0.0,0.0,2.5452999999999997,2.5452999999999997,2.5471
1627,0.0,0.002,0.002,0.0004,0.0,1.0,0.0,2.6541,0.0,0.0,0.0,0.0,2.6540999999999997,2.6540999999999997,2.656
1628,0.0,0.0018,0.0018,0.0003,0.0,1.0,0.0,2.5838,0.0,0.0,0.0,0.0,2.5837999999999997,2.5837999999999997,2.5859
1629,0.0,0.0023,0.0023,0.0004,0.0,1.0,0.0,2.4356,0.0,0.0,0.0,0.0,2.4356,2.4356,2.4365
1630,0.0,0.0016,0.0016,0.0003,0.0,1.0,0.0,2.1584,0.0,0.0,0.0,0.0,2.1584000000000003,2.1584000000000003,2.1591
1631,0.0,0.0017,0.0017,0.0003,0.0,1.0,0.0,2.3555,0.0,0.0,0.0,0.0,2.3555,2.3555,2.3562
1632,0.0,0.0021,0.0021,0.0004,0.0,1.0,0.0,2.2081,0.0,0.0,0.0,0.0,2.2081,2.2081,2.2088
1633,0.0,0.002,0.002,0.0004,0.0,1.0,0.0,2.6314,0.0,0.0,0.0,0.0,2.6314,2.6314,2.6268
1634,0.0,0.0024,0.0024,0.0004,0.0,1.0,0.0,3.0233,0.0,0.0,0.0,0.0,3.0233,3.0233,3.0237
1635,0.0,0.002,0.002,0.0004,0.0,1.0,0.0,2.3798,0.0,0.0,0.0,0.0,2.3798,2.3798,2.3764
1636,0.0,0.0021,0.0021,0.0004,0.0,1.0,0.0,2.4476,0.0,0.0,0.0,0.0,2.4476000000000004,2.4476000000000004,2.4442
1637,0.0,0.0018,0.0018,0.0003,0.0,1.0,0.0,2.4714,0.0,0.0,0.0,0.0,2.4714,2.4714,2.4689
1638,0.0,0.0015,0.0015,0.0003,0.0,1.0,0.0,2.3236,0.0,0.0,0.0,0.0,2.3236,2.3236,2.3197
1639,0.0,0.0021,0.0021,0.0004,0.0,1.0,0.0,2.3797,0.0,0.0,0.0,0.0,2.3796999999999997,2.3796999999999997,2.3762
1640,0.0,0.0023,0.0023,0.0004,0.0,1.0,0.0,2.4857,0.0,0.0,0.0,0.0,2.4857,2.4857,2.4846
1641,0.0,0.0021,0.0021,0.0004,0.0,1.0,0.0,2.5608,0.0,0.0,0.0,0.0,2.5608000000000004,2.5608000000000004,2.558
1642,0.0,0.0019,0.0019,0.0003,0.0,1.0,0.0,2.1993,0.0,0.0,0.0,0.0,2.1993,2.1993,2.1979
1643,0.0,0.0022,0.0022,0.0004,0.0,1.0,0.0,2.4302,0.0,0.0,0.0,0.0,2.4302,2.4302,2.432
1644,0.0,0.0025,0.0025,0.0005,0.0,1.0,0.0,2.762,0.0,0.0,0.0,0.0,2.7620000000000005,2.7620000000000005,2.762
1645,0.0,0.0022,0.0022,0.0004,0.0,1.0,0.0,2.5708,0.0,0.0,0.0,0.0,2.5707999999999998,2.5707999999999998,2.5673
1646,0.0,0.0026,0.0026,0.0005,0.0,1.0,0.0,2.8269,0.0,0.0,0.0,0.0,2.8269,2.8269,2.8315
1647,0.0,0.002,0.002,0.0004,0.0,1.0,0.0,2.095,0.0,0.0,0.0,0.0,2.095,2.095,2.0956
1648,0.0,0.0017,0.0017,0.0003,0.0,1.0,0.0,2.5993,0.0,0.0,0.0,0.0,2.5993000000000004,2.5993000000000004,2.6014
1649,0.0,0.0018,0.0018,0.0003,0.0,1.0,0.0,2.547,0.0,0.0,0.0,0.0,2.5469999999999997,2.5469999999999997,2.5454
1650,0.0,0.0017,0.0017,0.0003,0.0,1.0,0.0,2.134,0.0,0.0,0.0,0.0,2.134,2.134,2.1329
1651,0.0,0.0019,0.0019,0.0003,0.0,1.0,0.0,2.3636,0.0,0.0,0.0,0.0,2.3636,2.3636,2.3594
1652,0.0,0.0019,0.0019,0.0003,0.0,1.0,0.0,2.13,0.0,0.0,0.0,0.0,2.13,2.13,2.1269
1653,0.0,0.0017,0.0017,0.0003,0.0,1.0,0.0,2.1765,0.0,0.0,0.0,0.0,2.1765,2.1765,2.1801
1654,0.0,0.0023,0.0023,0.0004,0.0,1.0,0.0,2.3526,0.0,0.0,0.0,0.0,2.3526,2.3526,2.3554
1655,0.0,0.0019,0.0019,0.0003,0.0,1.0,0.0,2.7713,0.0,0.0,0.0,0.0,2.7713,2.7713,2.7757
1656,0.0,0.0018,0.0018,0.0003,0.0,1.0,0.0,2.2611,0.0,0.0,0.0,0.0,2.2611000000000003,2.2611000000000003,2.2586
1657,0.0,0.0021,0.0021,0.0004,0.0,1.0,0.0,2.1459,0.0,0.0,0.0,0.0,2.1459,2.1459,2.1413
1658,0.0,0.0018,0.0018,0.0003,0.0,1.0,0.0,2.1382,0.0,0.0,0.0,0.0,2.1382,2.1382,2.1404
1659,0.0,0.0022,0.0022,0.0004,0.0,1.0,0.0,2.2491,0.0,0.0,0.0,0.0,2.2491,2.2491,2.2452
1660,0.0,0.002,0.002,0.0004,0.0,1.0,0.0,2.5572,0.0,0.0,0.0,0.0,2.5572,2.5572,2.5592
1661,0.0,0.0017,0.0017,0.0003,0.0,1.0,0.0,2.7521,0.0,0.0,0.0,0.0,2.7520999999999995,2.7520999999999995,2.748
1662,0.0,0.0016,0.0016,0.0003,0.0,1.0,0.0,2.1692,0.0,0.0,0.0,0.0,2.1692,2.1692,2.1738
1663,0.0,0.0015,0.0015,0.0003,0.0,1.0,0.0,1.995,0.0,0.0,0.0,0.0,1.995,1.995,1.9949
1664,0.0,0.0012,0.0012,0.0002,0.0,1.0,0.0,2.1775,0.0,0.0,0.0,0.0,2.1775,2.1775,2.1771
1665,0.0,0.0024,0.0024,0.0004,0.0,1.0,0.0,2.6117,0.0,0.0,0.0,0.0,2.6117,2.6117,2.6159
1666,0.0,0.0016,0.0016,0.0003,0.0,1.0,0.0,2.074,0.0,0.0,0.0,0.0,2.074,2.074,2.0754
1667,0.0,0.0025,0.0025,0.0005,0.0,1.0,0.0,2.7247,0.0,0.0,0.0,0.0,2.7247000000000003,2.7247000000000003,2.7243
1668,0.0,0.0023,0.0023,0.0004,0.0,1.0,0.0,2.7952,0.0,0.0,0.0,0.0,2.7952000000000004,2.7952000000000004,2.7977
1669,0.0,0.0018,0.0018,0.0003,0.0,1.0,0.0,2.7084,0.0,0.0,0.0,0.0,2.7084,2.7084,2.7038
1670,0.0,0.0017,0.0017,0.0003,0.0,1.0,0.0,2.2582,0.0,0.0,0.0,0.0,2.2582,2.2582,2.2597
1671,0.0,0.0015,0.0015,0.0003,0.0,1.0,0.0,2.6379,0.0,0.0,0.0,0.0,2.6378999999999997,2.6378999999999997,2.639
1672,0.0,0.0015,0.0015,0.0003,0.0,1.0,0.0,2.1236,0.0,0.0,0.0,0.0,2.1235999999999997,2.1235999999999997,2.1207
1673,0.0,0.0016,0.0016,0.0003,0.0,1.0,0.0,2.41,0.0,0.0,0.0,0.0,2.41,2.41,2.4061
1674,0.0,0.0027,0.0027,0.0005,0.0,1.0,0.0,2.715,0.0,0.0,0.0,0.0,2.7150000000000003,2.7150000000000003,2.7156
1675,0.0,0.0022,0.0022,0.0004,0.0,1.0,0.0,2.5561,0.0,0.0,0.0,0.0,2.5561000000000003,2.5561000000000003,2.5579
1676,0.0,0.002,0.002,0.0004,0.0,1.0,0.0,2.0804,0.0,0.0,0.0,0.0,2.0804,2.0804,2.082
1677,0.0,0.0018,0.0018,0.0003,0.0,1.0,0.0,2.2326,0.0,0.0,0.0,0.0,2.2325999999999997,2.2325999999999997,2.2293
1678,0.0,0.0018,0.0018,0.0003,0.0,1.0,0.0,2.518,0.0,0.0,0.0,0.0,2.518,2.518,2.516
1679,0.0,0.0024,0.0024,0.0004,0.0,1.0,0.0,2.5953,0.0,0.0,0.0,0.0,2.5953,2.5953,2.5997
1680,0.0,0.0017,0.0017,0.0003,0.0,1.0,0.0,2.5419,0.0,0.0,0.0,0.0,2.5419,2.5419,2.5392
1681,0.0,0.0016,0.0016,0.0003,0.0,1.0,0.0,2.1572,0.0,0.0,0.0,0.0,2.1572,2.1572,2.1532
1682,0.0,0.0017,0.0017,0.0003,0.0,1.0,0.0,2.2572,0.0,0.0,0.0,0.0,2.2572,2.2572,2.2567
1683,0.0,0.0021,0.0021,0.0004,0.0,1.0,0.0,2.5107,0.0,0.0,0.0,0.0,2.5107,2.5107,2.5107
1684,0.0,0.0013,0.0013,0.0002,0.0,1.0,0.0,1.917,0.0,0.0,0.0,0.0,1.9169999999999998,1.9169999999999998,1.913
1685,0.0,0.0017,0.0017,0.0003,0.0,1.0,0.0,2.4228,0.0,0.0,0.0,0.0,2.4228,2.4228,2.4204
1686,0.0,0.0026,0.0026,0.0005,0.0,1.0,0.0,2.6064,0.0,0.0,0.0,0.0,2.6064,2.6064,2.6044
1687,0.0,0.0022,0.0022,0.0004,0.0,1.0,0.0,3.2265,0.0,0.0,0.0,0.0,3.2264999999999997,3.2264999999999997,3.2247
1688,0.0,0.0017,0.0017,0.0003,0.0,1.0,0.0,2.2354,0.0,0.0,0.0,0.0,2.2354,2.2354,2.2345
1689,0.0,0.0019,0.0019,0.0003,0.0,1.0,0.0,2.5989,0.0,0.0,0.0,0.0,2.5989,2.5989,2.5984
1690,0.0,0.0023,0.0023,0.0004,0.0,1.0,0.0,2.5698,0.0,0.0,0.0,0.0,2.5698,2.5698,2.5698
1691,0.0,0.0018,0.0018,0.0003,0.0,1.0,0.0,2.659,0.0,0.0,0.0,0.0,2.659,2.659,2.6574
1692,0.0,0.0019,0.0019,0.0003,0.0,1.0,0.0,2.4926,0.0,0.0,0.0,0.0,2.4926,2.4926,2.4962
1693,0.0,0.002,0.002,0.0004,0.0,1.0,0.0,2.5667,0.0,0.0,0.0,0.0,2.5667,2.5667,2.5684
1694,0.0,0.0023,0.0023,0.0004,0.0,1.0,0.0,3.0145,0.0,0.0,0.0,0.0,3.0145,3.0145,3.0146
1695,0.0,0.0022,0.0022,0.0004,0.0,1.0,0.0,2.5736,0.0,0.0,0.0,0.0,2.5736,2.5736,2.5695
1696,0.0,0.0023,0.0023,0.0004,0.0,1.0,0.0,2.4584,0.0,0.0,0.0,0.0,2.4584,2.4584,2.4613
1697,0.0,0.0024,0.0024,0.0004,0.0,1.0,0.0,2.5322,0.0,0.0,0.0,0.0,2.5321999999999996,2.5321999999999996,2.5351
1698,0.0,0.0023,0.0023,0.0004,0.0,1.0,0.0,2.8178,0.0,0.0,0.0,0.0,2.8177999999999996,2.8177999999999996,2.8143
1699,0.0,0.0027,0.0027,0.0005,0.0,1.0,0.0,3.1115,0.0,0.0,0.0,0.0,3.1115000000000004,3.1115000000000004,3.1066
1700,0.0,0.0023,0.0023,0.0004,0.0,1.0,0.0,2.9197,0.0,0.0,0.0,0.0,2.9197,2.9197,2.9159
1701,0.0,0.0018,0.0018,0.0003,0.0,1.0,0.0,2.4823,0.0,0.0,0.0,0.0,2.4823,2.4823,2.4842
1702,0.0,0.0013,0.0013,0.0002,0.0,1.0,0.0,1.7735,0.0,0.0,0.0,0.0,1.7735000000000003,1.7735000000000003,1.7698
1703,0.0,0.0018,0.0018,0.0003,0.0,1.0,0.0,2.3065,0.0,0.0,0.0,0.0,2.3065,2.3065,2.3103
1704,0.0,0.0016,0.0016,0.0003,0.0,1.0,0.0,2.6109,0.0,0.0,0.0,0.0,2.6109,2.6109,2.6125
1705,0.0,0.0022,0.0022,0.0004,0.0,1.0,0.0,2.4738,0.0,0.0,0.0,0.0,2.4737999999999998,2.4737999999999998,2.4774
1706,0.0,0.0014,0.0014,0.0002,0.0,1.0,0.0,2.2489,0.0,0.0,0.0,0.0,2.2489000000000003,2.2489000000000003,2.2454
1707,0.0,0.0018,0.0018,0.0003,0.0,1.0,0.0,2.5829,0.0,0.0,0.0,0.0,2.5828999999999995,2.5828999999999995,2.5836
1708,0.0,0.0023,0.0023,0.0004,0.0,1.0,0.0,2.7571,0.0,0.0,0.0,0.0,2.7571000000000003,2.7571000000000003,2.7607
1709,0.0,0.0021,0.0021,0.0004,0.0,1.0,0.0,2.3398,0.0,0.0,0.0,0.0,2.3398,2.3398,2.3405
1710,0.0,0.0025,0.0025,0.0004,0.0,1.0,0.0,2.4541,0.0,0.0,0.0,0.0,2.4541,2.4541,2.4581
1711,0.0,0.0017,0.0017,0.0003,0.0,1.0,0.0,2.2611,0.0,0.0,0.0,0.0,2.2611,2.2611,2.2639
1712,0.0,0.0016,0.0016,0.0003,0.0,1.0,0.0,2.2104,0.0,0.0,0.0,0.0,2.2104,2.2104,2.2059
1713,0.0,0.002,0.002,0.0004,0.0,1.0,0.0,2.6515,0.0,0.0,0.0,0.0,2.6515,2.6515,2.6472
1714,0.0,0.0031,0.0031,0.0006,0.0,1.0,0.0,3.3705,0.0,0.0,0.0,0.0,3.3705,3.3705,3.3679
1715,0.0,0.002,0.002,0.0004,0.0,1.0,0.0,2.2511,0.0,0.0,0.0,0.0,2.2511,2.2511,2.2521
1716,0.0,0.0017,0.0017,0.0003,0.0,1.0,0.0,2.5513,0.0,0.0,0.0,0.0,2.5513,2.5513,2.5531
1717,0.0,0.0014,0.0014,0.0003,0.0,1.0,0.0,2.4809,0.0,0.0,0.0,0.0,2.4809,2.4809,2.4764
1718,0.0,0.0027,0.0027,0.0005,0.0,1.0,0.0,2.6665,0.0,0.0,0.0,0.0,2.6665,2.6665,2.6715
1719,0.0,0.0022,0.0022,0.0004,0.0,1.0,0.0,2.1644,0.0,0.0,0.0,0.0,2.1644,2.1644,2.1658
1720,0.0,0.0013,0.0013,0.0002,0.0,1.0,0.0,1.8714,0.0,0.0,0.0,0.0,1.8714000000000002,1.8714000000000002,1.868
1721,0.0,0.0019,0.0019,0.0003,0.0,1.0,0.0,2.6501,0.0,0.0,0.0,0.0,2.6501,2.6501,2.6452
1722,0.0,0.0016,0.0016,0.0003,0.0,1.0,0.0,2.6414,0.0,0.0,0.0,0.0,2.6414,2.6414,2.6394
1723,0.0,0.0024,0.0024,0.0004,0.0,1.0,0.0,2.6265,0.0,0.0,0.0,0.0,2.6265,2.6265,2.6271
1724,0.0,0.0018,0.0018,0.0003,0.0,1.0,0.0,2.0334,0.0,0.0,0.0,0.0,2.0334,2.0334,2.0366
1725,0.0,0.0017,0.0017,0.0003,0.0,1.0,0.0,2.3715,0.0,0.0,0.0,0.0,2.3714999999999997,2.3714999999999997,2.3727
1726,0.0,0.0015,0.0015,0.0003,0.0,1.0,0.0,2.0234,0.0,0.0,0.0,0.0,2.0233999999999996,2.0233999999999996,2.0207
1727,0.0,0.0022,0.0022,0.0004,0.0,1.0,0.0,3.0022,0.0,0.0,0.0,0.0,3.0022,3.0022,2.9975
1728,0.0,0.0018,0.0018,0.0003,0.0,1.0,0.0,2.345,0.0,0.0,0.0,0.0,2.345,2.345,2.3428
1729,0.0,0.002,0.002,0.0004,0.0,1.0,0.0,2.559,0.0,0.0,0.0,0.0,2.559,2.559,2.5599
1730,0.0,0.002,0.002,0.0004,0.0,1.0,0.0,2.3328,0.0,0.0,0.0,0.0,2.3327999999999998,2.3327999999999998,2.3369
1731,0.0,0.0022,0.0022,0.0004,0.0,1.0,0.0,2.4303,0.0,0.0,0.0,0.0,2.4303,2.4303,2.4342
1732,0.0,0.0016,0.0016,0.0003,0.0,1.0,0.0,2.7869,0.0,0.0,0.0,0.0,2.7869,2.7869,2.7824
1733,0.0,0.0023,0.0023,0.0004,0.0,1.0,0.0,2.7767,0.0,0.0,0.0,0.0,2.7767,2.7767,2.7737
1734,0.0,0.0017,0.0017,0.0003,0.0,1.0,0.0,2.6271,0.0,0.0,0.0,0.0,2.6271,2.6271,2.6257
1735,0.0,0.0019,0.0019,0.0003,0.0,1.0,0.0,2.4264,0.0,0.0,0.0,0.0,2.4264,2.4264,2.4302
1736,0.0,0.0019,0.0019,0.0003,0.0,1.0,0.0,2.1442,0.0,0.0,0.0,0.0,2.1442,2.1442,2.1452
1737,0.0,0.0021,0.0021,0.0004,0.0,1.0,0.0,2.3269,0.0,0.0,0.0,0.0,2.3269,2.3269,2.3291
1738,0.0,0.0015,0.0015,0.0003,0.0,1.0,0.0,2.2973,0.0,0.0,0.0,0.0,2.2973,2.2973,2.2982
1739,0.0,0.0023,0.0023,0.0004,0.0,1.0,0.0,2.7357,0.0,0.0,0.0,0.0,2.7357,2.7357,2.7343
1740,0.0,0.002,0.002,0.0004,0.0,1.0,0.0,2.3237,0.0,0.0,0.0,0.0,2.3237,2.3237,2.3197
1741,0.0,0.0022,0.0022,0.0004,0.0,1.0,0.0,2.4217,0.0,0.0,0.0,0.0,2.4217,2.4217,2.4191
1742,0.0,0.0021,0.0021,0.0004,0.0,1.0,0.0,2.4896,0.0,0.0,0.0,0.0,2.4896,2.4896,2.4916
1743,0.0,0.0018,0.0018,0.0003,0.0,1.0,0.0,2.4357,0.0,0.0,0.0,0.0,2.4356999999999998,2.4356999999999998,2.4373
1744,0.0,0.0027,0.0027,0.0005,0.0,1.0,0.0,3.0396,0.0,0.0,0.0,0.0,3.0396,3.0396,3.0382
1745,0.0,0.0016,0.0016,0.0003,0.0,1.0,0.0,2.4023,0.0,0.0,0.0,0.0,2.4023,2.4023,2.3982
1746,0.0,0.0021,0.0021,0.0004,0.0,1.0,0.0,2.6853,0.0,0.0,0.0,0.0,2.6853000000000002,2.6853000000000002,2.6829
1747,0.0,0.0026,0.0026,0.0005,0.0,1.0,0.0,2.7907,0.0,0.0,0.0,0.0,2.7906999999999997,2.7906999999999997,2.7906
1748,0.0,0.0018,0.0018,0.0003,0.0,1.0,0.0,1.9327,0.0,0.0,0.0,0.0,1.9327,1.9327,1.9309
1749,0.0,0.0018,0.0018,0.0003,0.0,1.0,0.0,2.2894,0.0,0.0,0.0,0.0,2.2894,2.2894,2.2863
1750,0.0,0.0016,0.0016,0.0003,0.0,1.0,0.0,2.1332,0.0,0.0,0.0,0.0,2.1332,2.1332,2.1302
1751,0.0,0.0024,0.0024,0.0004,0.0,1.0,0.0,2.6848,0.0,0.0,0.0,0.0,2.6847999999999996,2.6847999999999996,2.6831
1752,0.0,0.0015,0.0015,0.0003,0.0,1.0,0.0,2.3586,0.0,0.0,0.0,0.0,2.3586,2.3586,2.3557
1753,0.0,0.0019,0.0019,0.0003,0.0,1.0,0.0,2.7016,0.0,0.0,0.0,0.0,2.7016,2.7016,2.7011
1754,0.0,0.0024,0.0024,0.0004,0.0,1.0,0.0,2.6523,0.0,0.0,0.0,0.0,2.6523000000000003,2.6523000000000003,2.6526
1755,0.0,0.0022,0.0022,0.0004,0.0,1.0,0.0,2.6617,0.0,0.0,0.0,0.0,2.6616999999999997,2.6616999999999997,2.6653
1756,0.0,0.0016,0.0016,0.0003,0.0,1.0,0.0,2.273,0.0,0.0,0.0,0.0,2.273,2.273,2.2717
1757,0.0,0.0017,0.0017,0.0003,0.0,1.0,0.0,2.1664,0.0,0.0,0.0,0.0,2.1664000000000003,2.1664000000000003,2.1662
1758,0.0,0.0014,0.0014,0.0003,0.0,1.0,0.0,2.4714,0.0,0.0,0.0,0.0,2.4714,2.4714,2.4676
1759,0.0,0.003,0.003,0.0005,0.0,1.0,0.0,3.2277,0.0,0.0,0.0,0.0,3.2277,3.2277,3.2253
1760,0.0,0.0013,0.0013,0.0002,0.0,1.0,0.0,2.3213,0.0,0.0,0.0,0.0,2.3213,2.3213,2.3201
1761,0.0,0.0015,0.0015,0.0003,0.0,1.0,0.0,2.2546,0.0,0.0,0.0,0.0,2.2546,2.2546,2.253
1762,0.0,0.002,0.002,0.0004,0.0,1.0,0.0,2.6075,0.0,0.0,0.0,0.0,2.6075,2.6075,2.6026
1763,0.0,0.002,0.002,0.0004,0.0,1.0,0.0,2.3025,0.0,0.0,0.0,0.0,2.3025,2.3025,2.3023
1764,0.0,0.0015,0.0015,0.0003,0.0,1.0,0.0,2.3601,0.0,0.0,0.0,0.0,2.3601,2.3601,2.3552
1765,0.0,0.0017,0.0017,0.0003,0.0,1.0,0.0,2.5881,0.0,0.0,0.0,0.0,2.5881,2.5881,2.5845
1766,0.0,0.0026,0.0026,0.0005,0.0,1.0,0.0,2.7688,0.0,0.0,0.0,0.0,2.7687999999999997,2.7687999999999997,2.7692
1767,0.0,0.0024,0.0024,0.0004,0.0,1.0,0.0,2.3535,0.0,0.0,0.0,0.0,2.3535,2.3535,2.3545
1768,0.0,0.0025,0.0025,0.0005,0.0,1.0,0.0,2.7254,0.0,0.0,0.0,0.0,2.7254,2.7254,2.7298
1769,0.0,0.0015,0.0015,0.0003,0.0,1.0,0.0,2.0913,0.0,0.0,0.0,0.0,2.0913000000000004,2.0913000000000004,2.0951
1770,0.0,0.002,0.002,0.0004,0.0,1.0,0.0,2.2591,0.0,0.0,0.0,0.0,2.2591,2.2591,2.2553
1771,0.0,0.003,0.003,0.0005,0.0,1.0,0.0,2.8453,0.0,0.0,0.0,0.0,2.8453,2.8453,2.8405
1772,0.0,0.0018,0.0018,0.0003,0.0,1.0,0.0,2.0904,0.0,0.0,0.0,0.0,2.0904,2.0904,2.0886
1773,0.0,0.0016,0.0016,0.0003,0.0,1.0,0.0,2.0615,0.0,0.0,0.0,0.0,2.0615,2.0615,2.0634
1774,0.0,0.0027,0.0027,0.0005,0.0,1.0,0.0,2.8243,0.0,0.0,0.0,0.0,2.8243,2.8243,2.8231
1775,0.0,0.002,0.002,0.0004,0.0,1.0,0.0,2.4612,0.0,0.0,0.0,0.0,2.4612000000000003,2.4612000000000003,2.46
1776,0.0,0.002,0.002,0.0004,0.0,1.0,0.0,2.4859,0.0,0.0,0.0,0.0,2.4859000000000004,2.4859000000000004,2.4873
1777,0.0,0.0018,0.0018,0.0003,0.0,1.0,0.0,2.3877,0.0,0.0,0.0,0.0,2.3877,2.3877,2.3841
1778,0.0,0.0025,0.0025,0.0004,0.0,1.0,0.0,2.5085,0.0,0.0,0.0,0.0,2.5085,2.5085,2.5125
1779,0.0,0.0023,0.0023,0.0004,0.0,1.0,0.0,2.9031,0.0,0.0,0.0,0.0,2.9031000000000002,2.9031000000000002,2.9045
1780,0.0,0.0017,0.0017,0.0003,0.0,1.0,0.0,2.0443,0.0,0.0,0.0,0.0,2.0443,2.0443,2.0475
1781,0.0,0.0015,0.0015,0.0003,0.0,1.0,0.0,1.9926,0.0,0.0,0.0,0.0,1.9926000000000001,1.9926000000000001,1.9951
1782,0.0,0.0018,0.0018,0.0003,0.0,1.0,0.0,2.3192,0.0,0.0,0.0,0.0,2.3192000000000004,2.3192000000000004,2.3145
1783,0.0,0.0026,0.0026,0.0005,0.0,1.0,0.0,2.5745,0.0,0.0,0.0,0.0,2.5745,2.5745,2.5697
1784,0.0,0.0017,0.0017,0.0003,0.0,1.0,0.0,2.498,0.0,0.0,0.0,0.0,2.4979999999999998,2.4979999999999998,2.4983
1785,0.0,0.0024,0.0024,0.0004,0.0,1.0,0.0,3.3852,0.0,0.0,0.0,0.0,3.3851999999999998,3.3851999999999998,3.3866
1786,0.0,0.0024,0.0024,0.0004,0.0,1.0,0.0,2.7344,0.0,0.0,0.0,0.0,2.7344,2.7344,2.7306
1787,0.0,0.002,0.002,0.0004,0.0,1.0,0.0,2.8018,0.0,0.0,0.0,0.0,2.8018,2.8018,2.7978
1788,0.0,0.0018,0.0018,0.0003,0.0,1.0,0.0,2.8037,0.0,0.0,0.0,0.0,2.8037,2.8037,2.8073
1789,0.0,0.0019,0.0019,0.0003,0.0,1.0,0.0,2.4208,0.0,0.0,0.0,0.0,2.4208,2.4208,2.4245
1790,0.0,0.0021,0.0021,0.0004,0.0,1.0,0.0,2.8236,0.0,0.0,0.0,0.0,2.8236,2.8236,2.8247
1791,0.0,0.0023,0.0023,0.0004,0.0,1.0,0.0,2.3665,0.0,0.0,0.0,0.0,2.3665000000000003,2.3665000000000003,2.3695
1792,0.0,0.0023,0.0023,0.0004,0.0,1.0,0.0,2.5523,0.0,0.0,0.0,0.0,2.5523000000000002,2.5523000000000002,2.5527
1793,0.0,0.002,0.002,0.0004,0.0,1.0,0.0,2.3749,0.0,0.0,0.0,0.0,2.3749000000000002,2.3749000000000002,2.3754
1794,0.0,0.0016,0.0016,0.0003,0.0,1.0,0.0,2.0472,0.0,0.0,0.0,0.0,2.0471999999999997,2.0471999999999997,2.0451
1795,0.0,0.0017,0.0017,0.0003,0.0,1.0,0.0,2.5154,0.0,0.0,0.0,0.0,2.5154,2.5154,2.5114
1796,0.0,0.0013,0.0013,0.0002,0.0,1.0,0.0,1.8127,0.0,0.0,0.0,0.0,1.8127,1.8127,1.814
1797,0.0,0.0012,0.0012,0.0002,0.0,1.0,0.0,2.1633,0.0,0.0,0.0,0.0,2.1633,2.1633,2.167
1798,0.0,0.0026,0.0026,0.0005,0.0,1.0,0.0,2.3152,0.0,0.0,0.0,0.0,2.3152000000000004,2.3152000000000004,2.3145
1799,0.0,0.0021,0.0021,0.0004,0.0,1.0,0.0,2.1695,0.0,0.0,0.0,0.0,2.1695,2.1695,2.1655
1800,0.0,0.0013,0.0013,0.0002,0.0,1.0,0.0,2.2512,0.0,0.0,0.0,0.0,2.2512,2.2512,2.2538
1801,0.0,0.0023,0.0023,0.0004,0.0,1.0,0.0,3.1398,0.0,0.0,0.0,0.0,3.1398,3.1398,3.1405
1802,0.0,0.0014,0.0014,0.0003,0.0,1.0,0.0,2.4462,0.0,0.0,0.0,0.0,2.4462,2.4462,2.4506
1803,0.0,0.0024,0.0024,0.0004,0.0,1.0,0.0,2.4322,0.0,0.0,0.0,0.0,2.4322,2.4322,2.4284
1804,0.0,0.0015,0.0015,0.0003,0.0,1.0,0.0,2.2408,0.0,0.0,0.0,0.0,2.2408,2.2408,2.2452
1805,0.0,0.0023,0.0023,0.0004,0.0,1.0,0.0,2.4219,0.0,0.0,0.0,0.0,2.4219,2.4219,2.4256
1806,0.0,0.0013,0.0013,0.0002,0.0,1.0,0.0,1.8051,0.0,0.0,0.0,0.0,1.8051,1.8051,1.8066
1807,0.0,0.0013,0.0013,0.0002,0.0,1.0,0.0,1.9354,0.0,0.0,0.0,0.0,1.9354,1.9354,1.9348
1808,0.0,0.0017,0.0017,0.0003,0.0,1.0,0.0,2.7475,0.0,0.0,0.0,0.0,2.7474999999999996,2.7474999999999996,2.7512
1809,0.0,0.003,0.003,0.0005,0.0,1.0,0.0,2.5692,0.0,0.0,0.0,0.0,2.5692,2.5692,2.5696
1810,0.0,0.0013,0.0013,0.0002,0.0,1.0,0.0,2.2159,0.0,0.0,0.0,0.0,2.2159,2.2159,2.2141
1811,0.0,0.0019,0.0019,0.0003,0.0,1.0,0.0,2.1127,0.0,0.0,0.0,0.0,2.1127000000000002,2.1127000000000002,2.1115
1812,0.0,0.0018,0.0018,0.0003,0.0,1.0,0.0,2.3923,0.0,0.0,0.0,0.0,2.3923,2.3923,2.3885
1813,0.0,0.0028,0.0028,0.0005,0.0,1.0,0.0,2.7476,0.0,0.0,0.0,0.0,2.7476,2.7476,2.7515
1814,0.0,0.0018,0.0018,0.0003,0.0,1.0,0.0,2.7248,0.0,0.0,0.0,0.0,2.7247999999999997,2.7247999999999997,2.7255
1815,0.0,0.0017,0.0017,0.0003,0.0,1.0,0.0,2.3285,0.0,0.0,0.0,0.0,2.3285,2.3285,2.3307
1816,0.0,0.0023,0.0023,0.0004,0.0,1.0,0.0,2.0458,0.0,0.0,0.0,0.0,2.0458,2.0458,2.0493
1817,0.0,0.0019,0.0019,0.0003,0.0,1.0,0.0,2.4887,0.0,0.0,0.0,0.0,2.4887,2.4887,2.4933
1818,0.0,0.0017,0.0017,0.0003,0.0,1.0,0.0,2.8036,0.0,0.0,0.0,0.0,2.8036000000000003,2.8036000000000003,2.8008
1819,0.0,0.0025,0.0025,0.0005,0.0,1.0,0.0,2.8864,0.0,0.0,0.0,0.0,2.8864,2.8864,2.8902
1820,0.0,0.0025,0.0025,0.0004,0.0,1.0,0.0,2.6845,0.0,0.0,0.0,0.0,2.6845000000000003,2.6845000000000003,2.6836
1821,0.0,0.0021,0.0021,0.0004,0.0,1.0,0.0,2.6272,0.0,0.0,0.0,0.0,2.6271999999999998,2.6271999999999998,2.6268
1822,0.0,0.0018,0.0018,0.0003,0.0,1.0,0.0,2.3957,0.0,0.0,0.0,0.0,2.3957,2.3957,2.3941
1823,0.0,0.0017,0.0017,0.0003,0.0,1.0,0.0,2.6265,0.0,0.0,0.0,0.0,2.6265,2.6265,2.6263
1824,0.0,0.0022,0.0022,0.0004,0.0,1.0,0.0,2.6961,0.0,0.0,0.0,0.0,2.6961000000000004,2.6961000000000004,2.695
1825,0.0,0.0018,0.0018,0.0003,0.0,1.0,0.0,2.6154,0.0,0.0,0.0,0.0,2.6153999999999997,2.6153999999999997,2.6157
1826,0.0,0.0024,0.0024,0.0004,0.0,1.0,0.0,2.4625,0.0,0.0,0.0,0.0,2.4625,2.4625,2.4623
1827,0.0,0.0018,0.0018,0.0003,0.0,1.0,0.0,2.3185,0.0,0.0,0.0,0.0,2.3185000000000002,2.3185000000000002,2.3138
1828,0.0,0.002,0.002,0.0004,0.0,1.0,0.0,2.4382,0.0,0.0,0.0,0.0,2.4381999999999997,2.4381999999999997,2.434
1829,0.0,0.002,0.002,0.0004,0.0,1.0,0.0,2.8688,0.0,0.0,0.0,0.0,2.8688000000000002,2.8688000000000002,2.8708
1830,0.0,0.0022,0.0022,0.0004,0.0,1.0,0.0,2.5267,0.0,0.0,0.0,0.0,2.5267,2.5267,2.5237
1831,0.0,0.0014,0.0014,0.0002,0.0,1.0,0.0,1.8724,0.0,0.0,0.0,0.0,1.8724,1.8724,1.8721
1832,0.0,0.0015,0.0015,0.0003,0.0,1.0,0.0,2.4735,0.0,0.0,0.0,0.0,2.4735,2.4735,2.4739
1833,0.0,0.0023,0.0023,0.0004,0.0,1.0,0.0,2.8041,0.0,0.0,0.0,0.0,2.8041,2.8041,2.8024
1834,0.0,0.0022,0.0022,0.0004,0.0,1.0,0.0,2.4679,0.0,0.0,0.0,0.0,2.4679,2.4679,2.4643
1835,0.0,0.0016,0.0016,0.0003,0.0,1.0,0.0,2.4886,0.0,0.0,0.0,0.0,2.4886,2.4886,2.4934
1836,0.0,0.0022,0.0022,0.0004,0.0,1.0,0.0,2.5871,0.0,0.0,0.0,0.0,2.5871,2.5871,2.5857
1837,0.0,0.0017,0.0017,0.0003,0.0,1.0,0.0,2.3942,0.0,0.0,0.0,0.0,2.3941999999999997,2.3941999999999997,2.3901
1838,0.0,0.0019,0.0019,0.0003,0.0,1.0,0.0,2.5773,0.0,0.0,0.0,0.0,2.5773,2.5773,2.5795
1839,0.0,0.0023,0.0023,0.0004,0.0,1.0,0.0,2.5245,0.0,0.0,0.0,0.0,2.5244999999999997,2.5244999999999997,2.5267
1840,0.0,0.0013,0.0013,0.0002,0.0,1.0,0.0,2.2713,0.0,0.0,0.0,0.0,2.2713,2.2713,2.2672
1841,0.0,0.0015,0.0015,0.0003,0.0,1.0,0.0,2.0338,0.0,0.0,0.0,0.0,2.0338000000000003,2.0338000000000003,2.0355
1842,0.0,0.0019,0.0019,0.0003,0.0,1.0,0.0,2.1396,0.0,0.0,0.0,0.0,2.1396,2.1396,2.1434
1843,0.0,0.0022,0.0022,0.0004,0.0,1.0,0.0,2.5736,0.0,0.0,0.0,0.0,2.5736,2.5736,2.5687
1844,0.0,0.0026,0.0026,0.0005,0.0,1.0,0.0,2.8618,0.0,0.0,0.0,0.0,2.8618,2.8618,2.8584
1845,0.0,0.0012,0.0012,0.0002,0.0,1.0,0.0,2.2786,0.0,0.0,0.0,0.0,2.2786,2.2786,2.2826
1846,0.0,0.002,0.002,0.0004,0.0,1.0,0.0,2.5016,0.0,0.0,0.0,0.0,2.5016000000000003,2.5016000000000003,2.5064
1847,0.0,0.0013,0.0013,0.0002,0.0,1.0,0.0,2.0088,0.0,0.0,0.0,0.0,2.0088,2.0088,2.0045
1848,0.0,0.0024,0.0024,0.0004,0.0,1.0,0.0,3.0057,0.0,0.0,0.0,0.0,3.0057,3.0057,3.0075
1849,0.0,0.0016,0.0016,0.0003,0.0,1.0,0.0,2.0134,0.0,0.0,0.0,0.0,2.0134,2.0134,2.0092
1850,0.0,0.0026,0.0026,0.0005,0.0,1.0,0.0,2.8661,0.0,0.0,0.0,0.0,2.8661,2.8661,2.8613
1851,0.0,0.0028,0.0028,0.0005,0.0,1.0,0.0,2.5996,0.0,0.0,0.0,0.0,2.5995999999999997,2.5995999999999997,2.6023
1852,0.0,0.002,0.002,0.0004,0.0,1.0,0.0,2.6996,0.0,0.0,0.0,0.0,2.6995999999999998,2.6995999999999998,2.6966
1853,0.0,0.002,0.002,0.0004,0.0,1.0,0.0,2.4582,0.0,0.0,0.0,0.0,2.4581999999999997,2.4581999999999997,2.4604
1854,0.0,0.0023,0.0023,0.0004,0.0,1.0,0.0,2.7572,0.0,0.0,0.0,0.0,2.7572,2.7572,2.7613
1855,0.0,0.0015,0.0015,0.0003,0.0,1.0,0.0,2.228,0.0,0.0,0.0,0.0,2.228,2.228,2.2278
1856,0.0,0.0018,0.0018,0.0003,0.0,1.0,0.0,2.234,0.0,0.0,0.0,0.0,2.234,2.234,2.2311
1857,0.0,0.0018,0.0018,0.0003,0.0,1.0,0.0,2.1013,0.0,0.0,0.0,0.0,2.1013,2.1013,2.1019
1858,0.0,0.0018,0.0018,0.0003,0.0,1.0,0.0,2.2524,0.0,0.0,0.0,0.0,2.2523999999999997,2.2523999999999997,2.2555
1859,0.0,0.002,0.002,0.0004,0.0,1.0,0.0,2.6725,0.0,0.0,0.0,0.0,2.6725,2.6725,2.6679
1860,0.0,0.0021,0.0021,0.0004,0.0,1.0,0.0,3.0433,0.0,0.0,0.0,0.0,3.0433,3.0433,3.039
1861,0.0,0.0017,0.0017,0.0003,0.0,1.0,0.0,2.1168,0.0,0.0,0.0,0.0,2.1168,2.1168,2.1128
1862,0.0,0.0023,0.0023,0.0004,0.0,1.0,0.0,3.1162,0.0,0.0,0.0,0.0,3.1161999999999996,3.1161999999999996,3.1186
1863,0.0,0.0021,0.0021,0.0004,0.0,1.0,0.0,2.8638,0.0,0.0,0.0,0.0,2.8638,2.8638,2.8589
1864,0.0,0.0023,0.0023,0.0004,0.0,1.0,0.0,2.7985,0.0,0.0,0.0,0.0,2.7984999999999998,2.7984999999999998,2.7973
1865,0.0,0.0018,0.0018,0.0003,0.0,1.0,0.0,2.5314,0.0,0.0,0.0,0.0,2.5313999999999997,2.5313999999999997,2.5305
1866,0.0,0.0021,0.0021,0.0004,0.0,1.0,0.0,2.2156,0.0,0.0,0.0,0.0,2.2156000000000002,2.2156000000000002,2.2186
1867,0.0,0.0018,0.0018,0.0003,0.0,1.0,0.0,2.5424,0.0,0.0,0.0,0.0,2.5423999999999998,2.5423999999999998,2.5401
1868,0.0,0.0021,0.0021,0.0004,0.0,1.0,0.0,2.8894,0.0,0.0,0.0,0.0,2.8893999999999997,2.8893999999999997,2.8879
1869,0.0,0.0017,0.0017,0.0003,0.0,1.0,0.0,2.4198,0.0,0.0,0.0,0.0,2.4198,2.4198,2.4173
1870,0.0,0.002,0.002,0.0004,0.0,1.0,0.0,2.6413,0.0,0.0,0.0,0.0,2.6413,2.6413,2.6429
1871,0.0,0.0015,0.0015,0.0003,0.0,1.0,0.0,2.5197,0.0,0.0,0.0,0.0,2.5197,2.5197,2.5164
1872,0.0,0.0021,0.0021,0.0004,0.0,1.0,0.0,2.3655,0.0,0.0,0.0,0.0,2.3655,2.3655,2.3611
1873,0.0,0.0022,0.0022,0.0004,0.0,1.0,0.0,2.731,0.0,0.0,0.0,0.0,2.731,2.731,2.7276
1874,0.0,0.0023,0.0023,0.0004,0.0,1.0,0.0,2.6725,0.0,0.0,0.0,0.0,2.6725,2.6725,2.6731
1875,0.0,0.0023,0.0023,0.0004,0.0,1.0,0.0,2.5758,0.0,0.0,0.0,0.0,2.5757999999999996,2.5757999999999996,2.5761
1876,0.0,0.0015,0.0015,0.0003,0.0,1.0,0.0,2.1231,0.0,0.0,0.0,0.0,2.1231,2.1231,2.1201
1877,0.0,0.0024,0.0024,0.0004,0.0,1.0,0.0,2.558,0.0,0.0,0.0,0.0,2.5580000000000003,2.5580000000000003,2.5606
1878,0.0,0.0017,0.0017,0.0003,0.0,1.0,0.0,2.0937,0.0,0.0,0.0,0.0,2.0937,2.0937,2.0943
1879,0.0,0.0017,0.0017,0.0003,0.0,1.0,0.0,2.0892,0.0,0.0,0.0,0.0,2.0892,2.0892,2.0924
1880,0.0,0.0018,0.0018,0.0003,0.0,1.0,0.0,2.4852,0.0,0.0,0.0,0.0,2.4852000000000003,2.4852000000000003,2.49
1881,0.0,0.0015,0.0015,0.0003,0.0,1.0,0.0,2.2022,0.0,0.0,0.0,0.0,2.2022,2.2022,2.2059
1882,0.0,0.0015,0.0015,0.0003,0.0,1.0,0.0,2.2285,0.0,0.0,0.0,0.0,2.2285,2.2285,2.2315
1883,0.0,0.0021,0.0021,0.0004,0.0,1.0,0.0,2.2439,0.0,0.0,0.0,0.0,2.2439,2.2439,2.2415
1884,0.0,0.0019,0.0019,0.0003,0.0,1.0,0.0,2.4978,0.0,0.0,0.0,0.0,2.4978000000000002,2.4978000000000002,2.5006
1885,0.0,0.0018,0.0018,0.0003,0.0,1.0,0.0,2.7747,0.0,0.0,0.0,0.0,2.7746999999999997,2.7746999999999997,2.7775
1886,0.0,0.0025,0.0025,0.0005,0.0,1.0,0.0,2.7325,0.0,0.0,0.0,0.0,2.7325,2.7325,2.7283
1887,0.0,0.0012,0.0012,0.0002,0.0,1.0,0.0,2.1917,0.0,0.0,0.0,0.0,2.1916999999999995,2.1916999999999995,2.1897
1888,0.0,0.0019,0.0019,0.0003,0.0,1.0,0.0,2.3143,0.0,0.0,0.0,0.0,2.3143000000000002,2.3143000000000002,2.3151
1889,0.0,0.0014,0.0014,0.0003,0.0,1.0,0.0,2.2549,0.0,0.0,0.0,0.0,2.2549,2.2549,2.2543
1890,0.0,0.0015,0.0015,0.0003,0.0,1.0,0.0,2.3688,0.0,0.0,0.0,0.0,2.3688000000000002,2.3688000000000002,2.3675
1891,0.0,0.002,0.002,0.0004,0.0,1.0,0.0,2.5103,0.0,0.0,0.0,0.0,2.5103000000000004,2.5103000000000004,2.5138
1892,0.0,0.0029,0.0029,0.0005,0.0,1.0,0.0,2.629,0.0,0.0,0.0,0.0,2.6289999999999996,2.6289999999999996,2.6334
1893,0.0,0.0019,0.0019,0.0003,0.0,1.0,0.0,2.6115,0.0,0.0,0.0,0.0,2.6115,2.6115,2.6085
1894,0.0,0.0023,0.0023,0.0004,0.0,1.0,0.0,2.1259,0.0,0.0,0.0,0.0,2.1259,2.1259,2.1242
1895,0.0,0.0021,0.0021,0.0004,0.0,1.0,0.0,2.6244,0.0,0.0,0.0,0.0,2.6244,2.6244,2.621
1896,0.0,0.0014,0.0014,0.0003,0.0,1.0,0.0,2.1026,0.0,0.0,0.0,0.0,2.1026,2.1026,2.1066
1897,0.0,0.0019,0.0019,0.0003,0.0,1.0,0.0,2.2036,0.0,0.0,0.0,0.0,2.2036000000000002,2.2036000000000002,2.2038
1898,0.0,0.0014,0.0014,0.0002,0.0,1.0,0.0,2.1548,0.0,0.0,0.0,0.0,2.1548,2.1548,2.1571
1899,0.0,0.0013,0.0013,0.0002,0.0,1.0,0.0,2.0339,0.0,0.0,0.0,0.0,2.0339,2.0339,2.0333
1900,0.0,0.0023,0.0023,0.0004,0.0,1.0,0.0,2.7977,0.0,0.0,0.0,0.0,2.7977,2.7977,2.7986
1901,0.0,0.0026,0.0026,0.0005,0.0,1.0,0.0,2.9694,0.0,0.0,0.0,0.0,2.9694000000000003,2.9694000000000003,2.9725
1902,0.0,0.0017,0.0017,0.0003,0.0,1.0,0.0,2.2798,0.0,0.0,0.0,0.0,2.2798000000000003,2.2798000000000003,2.2792
1903,0.0,0.0019,0.0019,0.0003,0.0,1.0,0.0,2.4401,0.0,0.0,0.0,0.0,2.4401,2.4401,2.4357
1904,0.0,0.0025,0.0025,0.0005,0.0,1.0,0.0,2.3258,0.0,0.0,0.0,0.0,2.3258,2.3258,2.3296
1905,0.0,0.0026,0.0026,0.0005,0.0,1.0,0.0,2.7435,0.0,0.0,0.0,0.0,2.7435,2.7435,2.7393
1906,0.0,0.002,0.002,0.0004,0.0,1.0,0.0,2.2874,0.0,0.0,0.0,0.0,2.2874,2.2874,2.291
1907,0.0,0.0018,0.0018,0.0003,0.0,1.0,0.0,2.6355,0.0,0.0,0.0,0.0,2.6355000000000004,2.6355000000000004,2.6317
1908,0.0,0.0018,0.0018,0.0003,0.0,1.0,0.0,2.614,0.0,0.0,0.0,0.0,2.614,2.614,2.6129
1909,0.0,0.0026,0.0026,0.0005,0.0,1.0,0.0,2.5054,0.0,0.0,0.0,0.0,2.5054000000000003,2.5054000000000003,2.5043
1910,0.0,0.002,0.002,0.0004,0.0,1.0,0.0,2.6644,0.0,0.0,0.0,0.0,2.6643999999999997,2.6643999999999997,2.6602
1911,0.0,0.0028,0.0028,0.0005,0.0,1.0,0.0,2.3578,0.0,0.0,0.0,0.0,2.3577999999999997,2.3577999999999997,2.358
1912,0.0,0.002,0.002,0.0004,0.0,1.0,0.0,3.0061,0.0,0.0,0.0,0.0,3.0061,3.0061,3.0087
1913,0.0,0.002,0.002,0.0004,0.0,1.0,0.0,2.6877,0.0,0.0,0.0,0.0,2.6877,2.6877,2.6867
1914,0.0,0.0026,0.0026,0.0005,0.0,1.0,0.0,2.8034,0.0,0.0,0.0,0.0,2.8034,2.8034,2.8029
1915,0.0,0.0016,0.0016,0.0003,0.0,1.0,0.0,2.2827,0.0,0.0,0.0,0.0,2.2826999999999997,2.2826999999999997,2.2828
1916,0.0,0.0029,0.0029,0.0005,0.0,1.0,0.0,2.7068,0.0,0.0,0.0,0.0,2.7068,2.7068,2.7086
1917,0.0,0.0021,0.0021,0.0004,0.0,1.0,0.0,2.6866,0.0,0.0,0.0,0.0,2.6866000000000003,2.6866000000000003,2.6885
1918,0.0,0.0017,0.0017,0.0003,0.0,1.0,0.0,2.3466,0.0,0.0,0.0,0.0,2.3466,2.3466,2.3425
1919,0.0,0.0022,0.0022,0.0004,0.0,1.0,0.0,2.3146,0.0,0.0,0.0,0.0,2.3146,2.3146,2.3193
1920,0.0,0.0024,0.0024,0.0004,0.0,1.0,0.0,2.9335,0.0,0.0,0.0,0.0,2.9334999999999996,2.9334999999999996,2.9357
1921,0.0,0.0021,0.0021,0.0004,0.0,1.0,0.0,2.2152,0.0,0.0,0.0,0.0,2.2152000000000003,2.2152000000000003,2.2186
1922,0.0,0.0015,0.0015,0.0003,0.0,1.0,0.0,2.5432,0.0,0.0,0.0,0.0,2.5432,2.5432,2.5475
1923,0.0,0.0025,0.0025,0.0005,0.0,1.0,0.0,2.6426,0.0,0.0,0.0,0.0,2.6426,2.6426,2.6389
1924,0.0,0.0017,0.0017,0.0003,0.0,1.0,0.0,2.7052,0.0,0.0,0.0,0.0,2.7052000000000005,2.7052000000000005,2.7075
1925,0.0,0.003,0.003,0.0005,0.0,1.0,0.0,3.1482,0.0,0.0,0.0,0.0,3.1481999999999997,3.1481999999999997,3.1451
1926,0.0,0.0019,0.0019,0.0003,0.0,1.0,0.0,2.5965,0.0,0.0,0.0,0.0,2.5965,2.5965,2.5928
1927,0.0,0.0018,0.0018,0.0003,0.0,1.0,0.0,2.5714,0.0,0.0,0.0,0.0,2.5714,2.5714,2.5716
1928,0.0,0.0016,0.0016,0.0003,0.0,1.0,0.0,2.3322,0.0,0.0,0.0,0.0,2.3322000000000003,2.3322000000000003,2.329
1929,0.0,0.0019,0.0019,0.0003,0.0,1.0,0.0,2.4056,0.0,0.0,0.0,0.0,2.4055999999999997,2.4055999999999997,2.408
1930,0.0,0.0028,0.0028,0.0005,0.0,1.0,0.0,2.4377,0.0,0.0,0.0,0.0,2.4377,2.4377,2.4403
1931,0.0,0.0022,0.0022,0.0004,0.0,1.0,0.0,2.2056,0.0,0.0,0.0,0.0,2.2055999999999996,2.2055999999999996,2.2093
1932,0.0,0.0015,0.0015,0.0003,0.0,1.0,0.0,2.2963,0.0,0.0,0.0,0.0,2.2963,2.2963,2.3002
1933,0.0,0.002,0.002,0.0004,0.0,1.0,0.0,2.1749,0.0,0.0,0.0,0.0,2.1748999999999996,2.1748999999999996,2.1714
1934,0.0,0.0019,0.0019,0.0003,0.0,1.0,0.0,2.257,0.0,0.0,0.0,0.0,2.257,2.257,2.2591
1935,0.0,0.002,0.002,0.0004,0.0,1.0,0.0,2.4845,0.0,0.0,0.0,0.0,2.4845,2.4845,2.4804
1936,0.0,0.0025,0.0025,0.0005,0.0,1.0,0.0,2.5873,0.0,0.0,0.0,0.0,2.5873,2.5873,2.5919
1937,0.0,0.0017,0.0017,0.0003,0.0,1.0,0.0,2.695,0.0,0.0,0.0,0.0,2.695,2.695,2.6988
1938,0.0,0.0027,0.0027,0.0005,0.0,1.0,0.0,2.928,0.0,0.0,0.0,0.0,2.928,2.928,2.9312
1939,0.0,0.0022,0.0022,0.0004,0.0,1.0,0.0,2.6537,0.0,0.0,0.0,0.0,2.6536999999999997,2.6536999999999997,2.6516
1940,0.0,0.0025,0.0025,0.0004,0.0,1.0,0.0,2.7014,0.0,0.0,0.0,0.0,2.7014,2.7014,2.7053
1941,0.0,0.0018,0.0018,0.0003,0.0,1.0,0.0,2.5195,0.0,0.0,0.0,0.0,2.5195,2.5195,2.5219
1942,0.0,0.0019,0.0019,0.0003,0.0,1.0,0.0,2.3107,0.0,0.0,0.0,0.0,2.3106999999999998,2.3106999999999998,2.3066
1943,0.0,0.0012,0.0012,0.0002,0.0,1.0,0.0,2.1665,0.0,0.0,0.0,0.0,2.1665,2.1665,2.1658
1944,0.0,0.0022,0.0022,0.0004,0.0,1.0,0.0,2.9066,0.0,0.0,0.0,0.0,2.9066,2.9066,2.91
1945,0.0,0.0021,0.0021,0.0004,0.0,1.0,0.0,2.5953,0.0,0.0,0.0,0.0,2.5953,2.5953,2.5973
1946,0.0,0.0029,0.0029,0.0005,0.0,1.0,0.0,2.8372,0.0,0.0,0.0,0.0,2.8372,2.8372,2.842
1947,0.0,0.0015,0.0015,0.0003,0.0,1.0,0.0,2.3672,0.0,0.0,0.0,0.0,2.3672,2.3672,2.3708
1948,0.0,0.0015,0.0015,0.0003,0.0,1.0,0.0,2.3526,0.0,0.0,0.0,0.0,2.3526000000000002,2.3526000000000002,2.3576
1949,0.0,0.0021,0.0021,0.0004,0.0,1.0,0.0,2.3349,0.0,0.0,0.0,0.0,2.3349,2.3349,2.3324
1950,0.0,0.0023,0.0023,0.0004,0.0,1.0,0.0,2.5911,0.0,0.0,0.0,0.0,2.5911,2.5911,2.5888
1951,0.0,0.0021,0.0021,0.0004,0.0,1.0,0.0,2.1879,0.0,0.0,0.0,0.0,2.1879,2.1879,2.1898
1952,0.0,0.0012,0.0012,0.0002,0.0,1.0,0.0,1.9033,0.0,0.0,0.0,0.0,1.9033,1.9033,1.9079
1953,0.0,0.0019,0.0019,0.0004,0.0,1.0,0.0,2.4313,0.0,0.0,0.0,0.0,2.4313,2.4313,2.431
1954,0.0,0.0016,0.0016,0.0003,0.0,1.0,0.0,1.9697,0.0,0.0,0.0,0.0,1.9697,1.9697,1.9712
1955,0.0,0.0016,0.0016,0.0003,0.0,1.0,0.0,2.648,0.0,0.0,0.0,0.0,2.6479999999999997,2.6479999999999997,2.6526
1956,0.0,0.0024,0.0024,0.0004,0.0,1.0,0.0,2.6708,0.0,0.0,0.0,0.0,2.6708,2.6708,2.6717
1957,0.0,0.0018,0.0018,0.0003,0.0,1.0,0.0,2.7606,0.0,0.0,0.0,0.0,2.7606,2.7606,2.7587
1958,0.0,0.0022,0.0022,0.0004,0.0,1.0,0.0,2.5732,0.0,0.0,0.0,0.0,2.5732,2.5732,2.5732
1959,0.0,0.0014,0.0014,0.0003,0.0,1.0,0.0,2.2262,0.0,0.0,0.0,0.0,2.2262000000000004,2.2262000000000004,2.2268
1960,0.0,0.0015,0.0015,0.0003,0.0,1.0,0.0,1.6064,0.0,0.0,0.0,0.0,1.6063999999999998,1.6063999999999998,1.6098
1961,0.0,0.0022,0.0022,0.0004,0.0,1.0,0.0,2.5562,0.0,0.0,0.0,0.0,2.5562,2.5562,2.5552
1962,0.0,0.0025,0.0025,0.0005,0.0,1.0,0.0,2.7468,0.0,0.0,0.0,0.0,2.7468000000000004,2.7468000000000004,2.7423
1963,0.0,0.0022,0.0022,0.0004,0.0,1.0,0.0,2.8006,0.0,0.0,0.0,0.0,2.8005999999999998,2.8005999999999998,2.801
1964,0.0,0.0027,0.0027,0.0005,0.0,1.0,0.0,2.6782,0.0,0.0,0.0,0.0,2.6782,2.6782,2.6761
1965,0.0,0.0018,0.0018,0.0003,0.0,1.0,0.0,2.9167,0.0,0.0,0.0,0.0,2.9166999999999996,2.9166999999999996,2.9183
1966,0.0,0.002,0.002,0.0004,0.0,1.0,0.0,2.2579,0.0,0.0,0.0,0.0,2.2579,2.2579,2.2595
1967,0.0,0.0019,0.0019,0.0003,0.0,1.0,0.0,2.6881,0.0,0.0,0.0,0.0,2.6881000000000004,2.6881000000000004,2.6907
1968,0.0,0.0021,0.0021,0.0004,0.0,1.0,0.0,3.0198,0.0,0.0,0.0,0.0,3.0198,3.0198,3.0207
1969,0.0,0.0024,0.0024,0.0004,0.0,1.0,0.0,2.8158,0.0,0.0,0.0,0.0,2.8158000000000003,2.8158000000000003,2.8166
1970,0.0,0.0021,0.0021,0.0004,0.0,1.0,0.0,2.6742,0.0,0.0,0.0,0.0,2.6742,2.6742,2.6738
1971,0.0,0.0015,0.0015,0.0003,0.0,1.0,0.0,2.4786,0.0,0.0,0.0,0.0,2.4786,2.4786,2.4815
1972,0.0,0.0019,0.0019,0.0003,0.0,1.0,0.0,2.5875,0.0,0.0,0.0,0.0,2.5875,2.5875,2.5916
1973,0.0,0.0024,0.0024,0.0004,0.0,1.0,0.0,2.6108,0.0,0.0,0.0,0.0,2.6108000000000002,2.6108000000000002,2.6152
1974,0.0,0.0018,0.0018,0.0003,0.0,1.0,0.0,2.5998,0.0,0.0,0.0,0.0,2.5998,2.5998,2.6042
1975,0.0,0.0021,0.0021,0.0004,0.0,1.0,0.0,2.5806,0.0,0.0,0.0,0.0,2.5806000000000004,2.5806000000000004,2.5758
1976,0.0,0.0028,0.0028,0.0005,0.0,1.0,0.0,2.5457,0.0,0.0,0.0,0.0,2.5457,2.5457,2.5482
1977,0.0,0.0019,0.0019,0.0003,0.0,1.0,0.0,2.9411,0.0,0.0,0.0,0.0,2.9411,2.9411,2.945
1978,0.0,0.0023,0.0023,0.0004,0.0,1.0,0.0,2.3781,0.0,0.0,0.0,0.0,2.3781,2.3781,2.3744
1979,0.0,0.0025,0.0025,0.0005,0.0,1.0,0.0,2.3825,0.0,0.0,0.0,0.0,2.3825,2.3825,2.3794
1980,0.0,0.0015,0.0015,0.0003,0.0,1.0,0.0,2.2182,0.0,0.0,0.0,0.0,2.2182,2.2182,2.2167
1981,0.0,0.0017,0.0017,0.0003,0.0,1.0,0.0,2.9226,0.0,0.0,0.0,0.0,2.9226,2.9226,2.9248
1982,0.0,0.0019,0.0019,0.0003,0.0,1.0,0.0,2.7472,0.0,0.0,0.0,0.0,2.7472,2.7472,2.7456
1983,0.0,0.0013,0.0013,0.0002,0.0,1.0,0.0,2.1281,0.0,0.0,0.0,0.0,2.1281,2.1281,2.1301
1984,0.0,0.0013,0.0013,0.0002,0.0,1.0,0.0,2.0377,0.0,0.0,0.0,0.0,2.0377,2.0377,2.0331
1985,0.0,0.0019,0.0019,0.0003,0.0,1.0,0.0,2.39,0.0,0.0,0.0,0.0,2.39,2.39,2.3875
1986,0.0,0.0027,0.0027,0.0005,0.0,1.0,0.0,3.1409,0.0,0.0,0.0,0.0,3.1409000000000002,3.1409000000000002,3.1392
1987,0.0,0.0024,0.0024,0.0004,0.0,1.0,0.0,2.5054,0.0,0.0,0.0,0.0,2.5054,2.5054,2.5102
1988,0.0,0.0016,0.0016,0.0003,0.0,1.0,0.0,2.3455,0.0,0.0,0.0,0.0,2.3455,2.3455,2.3414
1989,0.0,0.0021,0.0021,0.0004,0.0,1.0,0.0,2.4964,0.0,0.0,0.0,0.0,2.4964000000000004,2.4964000000000004,2.4988
1990,0.0,0.0023,0.0023,0.0004,0.0,1.0,0.0,2.7832,0.0,0.0,0.0,0.0,2.7831999999999995,2.7831999999999995,2.7868
1991,0.0,0.0026,0.0026,0.0005,0.0,1.0,0.0,2.9457,0.0,0.0,0.0,0.0,2.9457,2.9457,2.9501
1992,0.0,0.0017,0.0017,0.0003,0.0,1.0,0.0,2.4334,0.0,0.0,0.0,0.0,2.4334000000000002,2.4334000000000002,2.4313
1993,0.0,0.002,0.002,0.0004,0.0,1.0,0.0,2.4356,0.0,0.0,0.0,0.0,2.4356,2.4356,2.4356
1994,0.0,0.0022,0.0022,0.0004,0.0,1.0,0.0,2.079,0.0,0.0,0.0,0.0,2.0789999999999997,2.0789999999999997,2.0759
1995,0.0,0.0013,0.0013,0.0002,0.0,1.0,0.0,2.0816,0.0,0.0,0.0,0.0,2.0816,2.0816,2.0783
1996,0.0,0.0015,0.0015,0.0003,0.0,1.0,0.0,2.2871,0.0,0.0,0.0,0.0,2.2870999999999997,2.2870999999999997,2.291
1997,0.0,0.0022,0.0022,0.0004,0.0,1.0,0.0,2.6442,0.0,0.0,0.0,0.0,2.6441999999999997,2.6441999999999997,2.648
1998,0.0,0.0025,0.0025,0.0005,0.0,1.0,0.0,2.9221,0.0,0.0,0.0,0.0,2.9221,2.9221,2.9259
1999,0.0,0.0022,0.0022,0.0004,0.0,1.0,0.0,2.5747,0.0,0.0,0.0,0.0,2.5747,2.5747,2.5774
2000,0.0,0.0023,0.0023,0.0004,0.0,1.0,0.0,2.3376,0.0,0.0,0.0,0.0,2.3376,2.3376,2.3386
2001,0.0,0.0028,0.0028,0.0005,0.0,1.0,0.0,2.707,0.0,0.0,0.0,0.0,2.7070000000000003,2.7070000000000003,2.7113
2002,0.0,0.0016,0.0016,0.0003,0.0,1.0,0.0,2.3322,0.0,0.0,0.0,0.0,2.3322,2.3322,2.3291
2003,0.0,0.0012,0.0012,0.0002,0.0,1.0,0.0,2.068,0.0,0.0,0.0,0.0,2.068,2.068,2.0726
2004,0.0,0.0017,0.0017,0.0003,0.0,1.0,0.0,2.2225,0.0,0.0,0.0,0.0,2.2225,2.2225,2.2231
2005,0.0,0.0023,0.0023,0.0004,0.0,1.0,0.0,2.6186,0.0,0.0,0.0,0.0,2.6186,2.6186,2.614
2006,0.0,0.0022,0.0022,0.0004,0.0,1.0,0.0,2.8355,0.0,0.0,0.0,0.0,2.8355000000000006,2.8355000000000006,2.8377
2007,0.0,0.0022,0.0022,0.0004,0.0,1.0,0.0,2.2963,0.0,0.0,0.0,0.0,2.2963,2.2963,2.301
2008,0.0,0.0019,0.0019,0.0003,0.0,1.0,0.0,2.7524,0.0,0.0,0.0,0.0,2.7524,2.7524,2.7513
2009,0.0,0.0022,0.0022,0.0004,0.0,1.0,0.0,2.7041,0.0,0.0,0.0,0.0,2.7041,2.7041,2.7039
2010,0.0,0.0023,0.0023,0.0004,0.0,1.0,0.0,2.4849,0.0,0.0,0.0,0.0,2.4849,2.4849,2.4875
2011,0.0,0.0016,0.0016,0.0003,0.0,1.0,0.0,2.6283,0.0,0.0,0.0,0.0,2.6283000000000003,2.6283000000000003,2.6314
2012,0.0,0.0019,0.0019,0.0003,0.0,1.0,0.0,2.4633,0.0,0.0,0.0,0.0,2.4633000000000003,2.4633000000000003,2.4653
2013,0.0,0.0018,0.0018,0.0003,0.0,1.0,0.0,2.2241,0.0,0.0,0.0,0.0,2.2241000000000004,2.2241000000000004,2.2263
2014,0.0,0.0019,0.0019,0.0003,0.0,1.0,0.0,2.639,0.0,0.0,0.0,0.0,2.6390000000000002,2.6390000000000002,2.6439
2015,0.0,0.0024,0.0024,0.0004,0.0,1.0,0.0,2.6222,0.0,0.0,0.0,0.0,2.6222,2.6222,2.619
2016,0.0,0.0018,0.0018,0.0003,0.0,1.0,0.0,2.6979,0.0,0.0,0.0,0.0,2.6979,2.6979,2.6957
2017,0.0,0.0026,0.0026,0.0005,0.0,1.0,0.0,2.6814,0.0,0.0,0.0,0.0,2.6814,2.6814,2.6799
2018,0.0,0.001,0.001,0.0002,0.0,1.0,0.0,1.9616,0.0,0.0,0.0,0.0,1.9616,1.9616,1.959
2019,0.0,0.002,0.002,0.0004,0.0,1.0,0.0,2.7888,0.0,0.0,0.0,0.0,2.7888,2.7888,2.7876
2020,0.0,0.0024,0.0024,0.0004,0.0,1.0,0.0,2.466,0.0,0.0,0.0,0.0,2.466,2.466,2.4679
2021,0.0,0.0022,0.0022,0.0004,0.0,1.0,0.0,2.8662,0.0,0.0,0.0,0.0,2.8662,2.8662,2.8629
2022,0.0,0.0022,0.0022,0.0004,0.0,1.0,0.0,2.24,0.0,0.0,0.0,0.0,2.24,2.24,2.2449
2023,0.0,0.0021,0.0021,0.0004,0.0,1.0,0.0,2.3565,0.0,0.0,0.0,0.0,2.3565000000000005,2.3565000000000005,2.3569
2024,0.0,0.0021,0.0021,0.0004,0.0,1.0,0.0,2.2138,0.0,0.0,0.0,0.0,2.2138,2.2138,2.2173
2025,0.0,0.0021,0.0021,0.0004,0.0,1.0,0.0,2.4938,0.0,0.0,0.0,0.0,2.4938,2.4938,2.4954
2026,0.0,0.0024,0.0024,0.0004,0.0,1.0,0.0,2.748,0.0,0.0,0.0,0.0,2.7479999999999998,2.7479999999999998,2.7518
2027,0.0,0.0025,0.0025,0.0005,0.0,1.0,0.0,2.6556,0.0,0.0,0.0,0.0,2.6556,2.6556,2.654
2028,0.0,0.0027,0.0027,0.0005,0.0,1.0,0.0,2.6722,0.0,0.0,0.0,0.0,2.6722,2.6722,2.6715
2029,0.0,0.0018,0.0018,0.0003,0.0,1.0,0.0,2.2859,0.0,0.0,0.0,0.0,2.2859,2.2859,2.2892
2030,0.0,0.0024,0.0024,0.0004,0.0,1.0,0.0,3.0075,0.0,0.0,0.0,0.0,3.0075,3.0075,3.0034
2031,0.0,0.0018,0.0018,0.0003,0.0,1.0,0.0,2.8459,0.0,0.0,0.0,0.0,2.8459000000000003,2.8459000000000003,2.8459
2032,0.0,0.0019,0.0019,0.0003,0.0,1.0,0.0,2.711,0.0,0.0,0.0,0.0,2.7110000000000003,2.7110000000000003,2.7075
2033,0.0,0.0023,0.0023,0.0004,0.0,1.0,0.0,2.8539,0.0,0.0,0.0,0.0,2.8539000000000003,2.8539000000000003,2.8566
2034,0.0,0.0021,0.0021,0.0004,0.0,1.0,0.0,2.4431,0.0,0.0,0.0,0.0,2.4431000000000003,2.4431000000000003,2.4455
2035,0.0,0.0025,0.0025,0.0004,0.0,1.0,0.0,2.735,0.0,0.0,0.0,0.0,2.735,2.735,2.7336
2036,0.0,0.0017,0.0017,0.0003,0.0,1.0,0.0,2.2262,0.0,0.0,0.0,0.0,2.2262,2.2262,2.2282
2037,0.0,0.0022,0.0022,0.0004,0.0,1.0,0.0,2.3449,0.0,0.0,0.0,0.0,2.3449,2.3449,2.3408
2038,0.0,0.0015,0.0015,0.0003,0.0,1.0,0.0,2.6568,0.0,0.0,0.0,0.0,2.6568,2.6568,2.6551
2039,0.0,0.0018,0.0018,0.0003,0.0,1.0,0.0,2.2364,0.0,0.0,0.0,0.0,2.2364,2.2364,2.2318
2040,0.0,0.0016,0.0016,0.0003,0.0,1.0,0.0,2.1357,0.0,0.0,0.0,0.0,2.1357,2.1357,2.1402
2041,0.0,0.0016,0.0016,0.0003,0.0,1.0,0.0,2.2282,0.0,0.0,0.0,0.0,2.2282,2.2282,2.2321
2042,0.0,0.0024,0.0024,0.0004,0.0,1.0,0.0,2.5113,0.0,0.0,0.0,0.0,2.5113,2.5113,2.5158
2043,0.0,0.0015,0.0015,0.0003,0.0,1.0,0.0,2.4249,0.0,0.0,0.0,0.0,2.4249,2.4249,2.4272
2044,0.0,0.0019,0.0019,0.0004,0.0,1.0,0.0,2.451,0.0,0.0,0.0,0.0,2.4509999999999996,2.4509999999999996,2.4514
2045,0.0,0.0013,0.0013,0.0002,0.0,1.0,0.0,2.0362,0.0,0.0,0.0,0.0,2.0362,2.0362,2.0331
2046,0.0,0.0016,0.0016,0.0003,0.0,1.0,0.0,2.0535,0.0,0.0,0.0,0.0,2.0535,2.0535,2.0574
2047,0.0,0.0017,0.0017,0.0003,0.0,1.0,0.0,2.3567,0.0,0.0,0.0,0.0,2.3567,2.3567,2.3546
2048,0.0,0.0018,0.0018,0.0003,0.0,1.0,0.0,2.3636,0.0,0.0,0.0,0.0,2.3636,2.3636,2.3659
2049,0.0,0.0018,0.0018,0.0003,0.0,1.0,0.0,2.4257,0.0,0.0,0.0,0.0,2.4257,2.4257,2.4282
2050,0.0,0.0025,0.0025,0.0004,0.0,1.0,0.0,2.5146,0.0,0.0,0.0,0.0,2.5146,2.5146,2.5182
2051,0.0,0.002,0.002,0.0004,0.0,1.0,0.0,2.6037,0.0,0.0,0.0,0.0,2.6037000000000003,2.6037000000000003,2.5993
2052,0.0,0.0025,0.0025,0.0005,0.0,1.0,0.0,2.4072,0.0,0.0,0.0,0.0,2.4072,2.4072,2.4116
2053,0.0,0.0022,0.0022,0.0004,0.0,1.0,0.0,2.4824,0.0,0.0,0.0,0.0,2.4824,2.4824,2.4836
2054,0.0,0.0023,0.0023,0.0004,0.0,1.0,0.0,2.8082,0.0,0.0,0.0,0.0,2.8082000000000003,2.8082000000000003,2.8119
2055,0.0,0.0022,0.0022,0.0004,0.0,1.0,0.0,2.795,0.0,0.0,0.0,0.0,2.7950000000000004,2.7950000000000004,2.7915
2056,0.0,0.0018,0.0018,0.0003,0.0,1.0,0.0,2.3506,0.0,0.0,0.0,0.0,2.3506,2.3506,2.3474
2057,0.0,0.002,0.002,0.0004,0.0,1.0,0.0,2.5994,0.0,0.0,0.0,0.0,2.5994,2.5994,2.5954
2058,0.0,0.0022,0.0022,0.0004,0.0,1.0,0.0,2.9088,0.0,0.0,0.0,0.0,2.9088,2.9088,2.9094
2059,0.0,0.0017,0.0017,0.0003,0.0,1.0,0.0,2.1694,0.0,0.0,0.0,0.0,2.1694,2.1694,2.1732
2060,0.0,0.0014,0.0014,0.0003,0.0,1.0,0.0,2.3824,0.0,0.0,0.0,0.0,2.3823999999999996,2.3823999999999996,2.3784
2061,0.0,0.0019,0.0019,0.0003,0.0,1.0,0.0,2.1406,0.0,0.0,0.0,0.0,2.1406,2.1406,2.1433
2062,0.0,0.0022,0.0022,0.0004,0.0,1.0,0.0,2.6468,0.0,0.0,0.0,0.0,2.6468,2.6468,2.6461
2063,0.0,0.0018,0.0018,0.0003,0.0,1.0,0.0,2.3173,0.0,0.0,0.0,0.0,2.3173000000000004,2.3173000000000004,2.3149
2064,0.0,0.0022,0.0022,0.0004,0.0,1.0,0.0,2.795,0.0,0.0,0.0,0.0,2.7950000000000004,2.7950000000000004,2.7986
2065,0.0,0.0023,0.0023,0.0004,0.0,1.0,0.0,3.0829,0.0,0.0,0.0,0.0,3.0828999999999995,3.0828999999999995,3.0837
2066,0.0,0.0024,0.0024,0.0004,0.0,1.0,0.0,2.4257,0.0,0.0,0.0,0.0,2.4257,2.4257,2.4224
2067,0.0,0.0012,0.0012,0.0002,0.0,1.0,0.0,1.9352,0.0,0.0,0.0,0.0,1.9352,1.9352,1.9372
2068,0.0,0.0021,0.0021,0.0004,0.0,1.0,0.0,2.5778,0.0,0.0,0.0,0.0,2.5778,2.5778,2.5753
2069,0.0,0.0015,0.0015,0.0003,0.0,1.0,0.0,2.4725,0.0,0.0,0.0,0.0,2.4724999999999997,2.4724999999999997,2.4741
2070,0.0,0.0022,0.0022,0.0004,0.0,1.0,0.0,2.462,0.0,0.0,0.0,0.0,2.4619999999999997,2.4619999999999997,2.4636
2071,0.0,0.0023,0.0023,0.0004,0.0,1.0,0.0,2.5982,0.0,0.0,0.0,0.0,2.5981999999999994,2.5981999999999994,2.596
2072,0.0,0.0017,0.0017,0.0003,0.0,1.0,0.0,1.8772,0.0,0.0,0.0,0.0,1.8772,1.8772,1.873
2073,0.0,0.0017,0.0017,0.0003,0.0,1.0,0.0,2.2939,0.0,0.0,0.0,0.0,2.2939,2.2939,2.2897
2074,0.0,0.002,0.002,0.0004,0.0,1.0,0.0,2.4672,0.0,0.0,0.0,0.0,2.4672,2.4672,2.4657
2075,0.0,0.0013,0.0013,0.0002,0.0,1.0,0.0,2.0132,0.0,0.0,0.0,0.0,2.0132,2.0132,2.016
2076,0.0,0.0014,0.0014,0.0003,0.0,1.0,0.0,1.9059,0.0,0.0,0.0,0.0,1.9059000000000001,1.9059000000000001,1.9042
2077,0.0,0.0016,0.0016,0.0003,0.0,1.0,0.0,1.8891,0.0,0.0,0.0,0.0,1.8891,1.8891,1.8874
2078,0.0,0.0016,0.0016,0.0003,0.0,1.0,0.0,2.1716,0.0,0.0,0.0,0.0,2.1715999999999998,2.1715999999999998,2.1736
2079,0.0,0.0015,0.0015,0.0003,0.0,1.0,0.0,1.9322,0.0,0.0,0.0,0.0,1.9322,1.9322,1.936
2080,0.0,0.0025,0.0025,0.0004,0.0,1.0,0.0,2.5875,0.0,0.0,0.0,0.0,2.5875,2.5875,2.5878
2081,0.0,0.002,0.002,0.0004,0.0,1.0,0.0,2.4001,0.0,0.0,0.0,0.0,2.4001,2.4001,2.3991
2082,0.0,0.0019,0.0019,0.0003,0.0,1.0,0.0,2.3377,0.0,0.0,0.0,0.0,2.3377,2.3377,2.3391
2083,0.0,0.0017,0.0017,0.0003,0.0,1.0,0.0,2.3087,0.0,0.0,0.0,0.0,2.3087,2.3087,2.3117
2084,0.0,0.002,0.002,0.0004,0.0,1.0,0.0,2.0075,0.0,0.0,0.0,0.0,2.0075,2.0075,2.0076
2085,0.0,0.0012,0.0012,0.0002,0.0,1.0,0.0,2.1234,0.0,0.0,0.0,0.0,2.1234,2.1234,2.1232
2086,0.0,0.0019,0.0019,0.0003,0.0,1.0,0.0,2.3424,0.0,0.0,0.0,0.0,2.3424,2.3424,2.3438
2087,0.0,0.0021,0.0021,0.0004,0.0,1.0,0.0,2.3211,0.0,0.0,0.0,0.0,2.3211,2.3211,2.3204
2088,0.0,0.0023,0.0023,0.0004,0.0,1.0,0.0,2.326,0.0,0.0,0.0,0.0,2.3259999999999996,2.3259999999999996,2.3286
2089,0.0,0.0018,0.0018,0.0003,0.0,1.0,0.0,2.3039,0.0,0.0,0.0,0.0,2.3039,2.3039,2.3087
2090,0.0,0.0019,0.0019,0.0004,0.0,1.0,0.0,2.8232,0.0,0.0,0.0,0.0,2.8232,2.8232,2.822
2091,0.0,0.0024,0.0024,0.0004,0.0,1.0,0.0,2.6244,0.0,0.0,0.0,0.0,2.6244,2.6244,2.624
2092,0.0,0.0017,0.0017,0.0003,0.0,1.0,0.0,2.4621,0.0,0.0,0.0,0.0,2.4621,2.4621,2.4644
2093,0.0,0.0019,0.0019,0.0004,0.0,1.0,0.0,2.4256,0.0,0.0,0.0,0.0,2.4256,2.4256,2.4264
2094,0.0,0.0016,0.0016,0.0003,0.0,1.0,0.0,2.3216,0.0,0.0,0.0,0.0,2.3216,2.3216,2.317
2095,0.0,0.0018,0.0018,0.0003,0.0,1.0,0.0,2.6337,0.0,0.0,0.0,0.0,2.6336999999999997,2.6336999999999997,2.6346
2096,0.0,0.0025,0.0025,0.0004,0.0,1.0,0.0,2.7483,0.0,0.0,0.0,0.0,2.7483,2.7483,2.7502
2097,0.0,0.0015,0.0015,0.0003,0.0,1.0,0.0,1.9461,0.0,0.0,0.0,0.0,1.9461000000000002,1.9461000000000002,1.9482
2098,0.0,0.0016,0.0016,0.0003,0.0,1.0,0.0,2.7239,0.0,0.0,0.0,0.0,2.7239,2.7239,2.7264
2099,0.0,0.0017,0.0017,0.0003,0.0,1.0,0.0,2.4995,0.0,0.0,0.0,0.0,2.4995000000000003,2.4995000000000003,2.4956
2100,0.0,0.0015,0.0015,0.0003,0.0,1.0,0.0,2.0399,0.0,0.0,0.0,0.0,2.0399000000000003,2.0399000000000003,2.0407
2101,0.0,0.0018,0.0018,0.0003,0.0,1.0,0.0,2.3305,0.0,0.0,0.0,0.0,2.3305,2.3305,2.3292
2102,0.0,0.0026,0.0026,0.0005,0.0,1.0,0.0,2.6773,0.0,0.0,0.0,0.0,2.6773,2.6773,2.6741
2103,0.0,0.002,0.002,0.0004,0.0,1.0,0.0,2.4816,0.0,0.0,0.0,0.0,2.4816000000000003,2.4816000000000003,2.4784
2104,0.0,0.0026,0.0026,0.0005,0.0,1.0,0.0,2.8524,0.0,0.0,0.0,0.0,2.8524,2.8524,2.8482
2105,0.0,0.0018,0.0018,0.0003,0.0,1.0,0.0,2.4755,0.0,0.0,0.0,0.0,2.4755000000000003,2.4755000000000003,2.4718
2106,0.0,0.0012,0.0012,0.0002,0.0,1.0,0.0,2.4995,0.0,0.0,0.0,0.0,2.4995000000000003,2.4995000000000003,2.4964
2107,0.0,0.0015,0.0015,0.0003,0.0,1.0,0.0,2.0499,0.0,0.0,0.0,0.0,2.0499,2.0499,2.0505
2108,0.0,0.0024,0.0024,0.0004,0.0,1.0,0.0,2.4105,0.0,0.0,0.0,0.0,2.4105,2.4105,2.4112
2109,0.0,0.0022,0.0022,0.0004,0.0,1.0,0.0,2.4892,0.0,0.0,0.0,0.0,2.4892,2.4892,2.4903
2110,0.0,0.0017,0.0017,0.0003,0.0,1.0,0.0,2.5764,0.0,0.0,0.0,0.0,2.5764000000000005,2.5764000000000005,2.5723
2111,0.0,0.0024,0.0024,0.0004,0.0,1.0,0.0,2.8416,0.0,0.0,0.0,0.0,2.8415999999999997,2.8415999999999997,2.8411
2112,0.0,0.0023,0.0023,0.0004,0.0,1.0,0.0,2.727,0.0,0.0,0.0,0.0,2.7270000000000003,2.7270000000000003,2.7272
2113,0.0,0.0019,0.0019,0.0003,0.0,1.0,0.0,2.7751,0.0,0.0,0.0,0.0,2.7750999999999997,2.7750999999999997,2.7794
2114,0.0,0.002,0.002,0.0004,0.0,1.0,0.0,2.3727,0.0,0.0,0.0,0.0,2.3727,2.3727,2.377
2115,0.0,0.002,0.002,0.0004,0.0,1.0,0.0,3.0143,0.0,0.0,0.0,0.0,3.0143000000000004,3.0143000000000004,3.0142
2116,0.0,0.0023,0.0023,0.0004,0.0,1.0,0.0,2.7117,0.0,0.0,0.0,0.0,2.7117,2.7117,2.716
2117,0.0,0.0022,0.0022,0.0004,0.0,1.0,0.0,2.6728,0.0,0.0,0.0,0.0,2.6727999999999996,2.6727999999999996,2.6693
2118,0.0,0.0018,0.0018,0.0003,0.0,1.0,0.0,2.3459,0.0,0.0,0.0,0.0,2.3459000000000003,2.3459000000000003,2.349
2119,0.0,0.0021,0.0021,0.0004,0.0,1.0,0.0,2.6297,0.0,0.0,0.0,0.0,2.6296999999999997,2.6296999999999997,2.6274
2120,0.0,0.0027,0.0027,0.0005,0.0,1.0,0.0,3.2078,0.0,0.0,0.0,0.0,3.2077999999999998,3.2077999999999998,3.2091
2121,0.0,0.0015,0.0015,0.0003,0.0,1.0,0.0,2.0945,0.0,0.0,0.0,0.0,2.0945,2.0945,2.0932
2122,0.0,0.002,0.002,0.0004,0.0,1.0,0.0,2.5123,0.0,0.0,0.0,0.0,2.5123,2.5123,2.5075
2123,0.0,0.0027,0.0027,0.0005,0.0,1.0,0.0,2.5957,0.0,0.0,0.0,0.0,2.5957000000000003,2.5957000000000003,2.594
2124,0.0,0.0017,0.0017,0.0003,0.0,1.0,0.0,2.1968,0.0,0.0,0.0,0.0,2.1967999999999996,2.1967999999999996,2.1928
2125,0.0,0.0018,0.0018,0.0003,0.0,1.0,0.0,2.7064,0.0,0.0,0.0,0.0,2.7064,2.7064,2.7017
2126,0.0,0.0018,0.0018,0.0003,0.0,1.0,0.0,2.6367,0.0,0.0,0.0,0.0,2.6367,2.6367,2.6409
2127,0.0,0.0025,0.0025,0.0005,0.0,1.0,0.0,2.5076,0.0,0.0,0.0,0.0,2.5076,2.5076,2.512
2128,0.0,0.0021,0.0021,0.0004,0.0,1.0,0.0,2.1403,0.0,0.0,0.0,0.0,2.1403,2.1403,2.1363
2129,0.0,0.0021,0.0021,0.0004,0.0,1.0,0.0,2.1623,0.0,0.0,0.0,0.0,2.1623,2.1623,2.1602
2130,0.0,0.0016,0.0016,0.0003,0.0,1.0,0.0,2.3585,0.0,0.0,0.0,0.0,2.3585,2.3585,2.3621
2131,0.0,0.0012,0.0012,0.0002,0.0,1.0,0.0,1.9795,0.0,0.0,0.0,0.0,1.9795,1.9795,1.9819
2132,0.0,0.0017,0.0017,0.0003,0.0,1.0,0.0,2.4079,0.0,0.0,0.0,0.0,2.4078999999999997,2.4078999999999997,2.4045
2133,0.0,0.0016,0.0016,0.0003,0.0,1.0,0.0,2.7972,0.0,0.0,0.0,0.0,2.7972,2.7972,2.7941
2134,0.0,0.002,0.002,0.0004,0.0,1.0,0.0,2.5735,0.0,0.0,0.0,0.0,2.5735,2.5735,2.5715
2135,0.0,0.0022,0.0022,0.0004,0.0,1.0,0.0,2.6805,0.0,0.0,0.0,0.0,2.6805,2.6805,2.6787
2136,0.0,0.0017,0.0017,0.0003,0.0,1.0,0.0,1.9845,0.0,0.0,0.0,0.0,1.9845,1.9845,1.9885
2137,0.0,0.0025,0.0025,0.0005,0.0,1.0,0.0,2.5233,0.0,0.0,0.0,0.0,2.5233,2.5233,2.5263
2138,0.0,0.0021,0.0021,0.0004,0.0,1.0,0.0,2.4469,0.0,0.0,0.0,0.0,2.4469,2.4469,2.4424
2139,0.0,0.0024,0.0024,0.0004,0.0,1.0,0.0,2.4779,0.0,0.0,0.0,0.0,2.4779,2.4779,2.474
2140,0.0,0.0022,0.0022,0.0004,0.0,1.0,0.0,2.4053,0.0,0.0,0.0,0.0,2.4053,2.4053,2.4053
2141,0.0,0.002,0.002,0.0004,0.0,1.0,0.0,2.8365,0.0,0.0,0.0,0.0,2.8365,2.8365,2.8328
2142,0.0,0.0023,0.0023,0.0004,0.0,1.0,0.0,2.0765,0.0,0.0,0.0,0.0,2.0765,2.0765,2.0736
2143,0.0,0.0026,0.0026,0.0005,0.0,1.0,0.0,3.0661,0.0,0.0,0.0,0.0,3.0660999999999996,3.0660999999999996,3.0685
2144,0.0,0.0012,0.0012,0.0002,0.0,1.0,0.0,1.8934,0.0,0.0,0.0,0.0,1.8934000000000002,1.8934000000000002,1.8928
2145,0.0,0.0016,0.0016,0.0003,0.0,1.0,0.0,2.475,0.0,0.0,0.0,0.0,2.4749999999999996,2.4749999999999996,2.4748
2146,0.0,0.0032,0.0032,0.0006,0.0,1.0,0.0,2.9979,0.0,0.0,0.0,0.0,2.9979000000000005,2.9979000000000005,2.9973
2147,0.0,0.0021,0.0021,0.0004,0.0,1.0,0.0,2.5123,0.0,0.0,0.0,0.0,2.5122999999999998,2.5122999999999998,2.5136
2148,0.0,0.0015,0.0015,0.0003,0.0,1.0,0.0,2.5273,0.0,0.0,0.0,0.0,2.5273000000000003,2.5273000000000003,2.5323
2149,0.0,0.0022,0.0022,0.0004,0.0,1.0,0.0,2.3702,0.0,0.0,0.0,0.0,2.3701999999999996,2.3701999999999996,2.3708
2150,0.0,0.0017,0.0017,0.0003,0.0,1.0,0.0,2.1732,0.0,0.0,0.0,0.0,2.1732,2.1732,2.1737
2151,0.0,0.0019,0.0019,0.0003,0.0,1.0,0.0,1.9289,0.0,0.0,0.0,0.0,1.9288999999999998,1.9288999999999998,1.9312
2152,0.0,0.0021,0.0021,0.0004,0.0,1.0,0.0,3.0064,0.0,0.0,0.0,0.0,3.0063999999999997,3.0063999999999997,3.0053
2153,0.0,0.0014,0.0014,0.0003,0.0,1.0,0.0,1.9999,0.0,0.0,0.0,0.0,1.9999,1.9999,2.0043
2154,0.0,0.0015,0.0015,0.0003,0.0,1.0,0.0,1.8292,0.0,0.0,0.0,0.0,1.8291999999999997,1.8291999999999997,1.8336
2155,0.0,0.0017,0.0017,0.0003,0.0,1.0,0.0,2.2427,0.0,0.0,0.0,0.0,2.2427,2.2427,2.2393
2156,0.0,0.0023,0.0023,0.0004,0.0,1.0,0.0,2.1786,0.0,0.0,0.0,0.0,2.1786000000000003,2.1786000000000003,2.1742
2157,0.0,0.0018,0.0018,0.0003,0.0,1.0,0.0,2.5663,0.0,0.0,0.0,0.0,2.5663,2.5663,2.5618
2158,0.0,0.0021,0.0021,0.0004,0.0,1.0,0.0,2.9911,0.0,0.0,0.0,0.0,2.9911,2.9911,2.9869
2159,0.0,0.0023,0.0023,0.0004,0.0,1.0,0.0,2.5011,0.0,0.0,0.0,0.0,2.5011,2.5011,2.4987
2160,0.0,0.0024,0.0024,0.0004,0.0,1.0,0.0,2.59,0.0,0.0,0.0,0.0,2.5900000000000007,2.5900000000000007,2.5917
2161,0.0,0.002,0.002,0.0004,0.0,1.0,0.0,2.5596,0.0,0.0,0.0,0.0,2.5596,2.5596,2.5627
2162,0.0,0.0012,0.0012,0.0002,0.0,1.0,0.0,2.0656,0.0,0.0,0.0,0.0,2.0656,2.0656,2.0653
2163,0.0,0.0028,0.0028,0.0005,0.0,1.0,0.0,3.3259,0.0,0.0,0.0,0.0,3.3259,3.3259,3.3265
2164,0.0,0.0019,0.0019,0.0003,0.0,1.0,0.0,2.3763,0.0,0.0,0.0,0.0,2.3763,2.3763,2.372
2165,0.0,0.0019,0.0019,0.0003,0.0,1.0,0.0,2.3695,0.0,0.0,0.0,0.0,2.3695,2.3695,2.3695
2166,0.0,0.002,0.002,0.0004,0.0,1.0,0.0,2.5748,0.0,0.0,0.0,0.0,2.5748,2.5748,2.5784
2167,0.0,0.0018,0.0018,0.0003,0.0,1.0,0.0,2.3761,0.0,0.0,0.0,0.0,2.3761,2.3761,2.377
2168,0.0,0.0025,0.0025,0.0004,0.0,1.0,0.0,2.3633,0.0,0.0,0.0,0.0,2.3632999999999997,2.3632999999999997,2.3658
2169,0.0,0.0014,0.0014,0.0002,0.0,1.0,0.0,2.1106,0.0,0.0,0.0,0.0,2.1106,2.1106,2.1101
2170,0.0,0.0022,0.0022,0.0004,0.0,1.0,0.0,2.6278,0.0,0.0,0.0,0.0,2.6278,2.6278,2.6238
2171,0.0,0.0016,0.0016,0.0003,0.0,1.0,0.0,2.7101,0.0,0.0,0.0,0.0,2.7101,2.7101,2.7139
2172,0.0,0.0021,0.0021,0.0004,0.0,1.0,0.0,2.577,0.0,0.0,0.0,0.0,2.577,2.577,2.5747
2173,0.0,0.0021,0.0021,0.0004,0.0,1.0,0.0,2.4493,0.0,0.0,0.0,0.0,2.4492999999999996,2.4492999999999996,2.4501
2174,0.0,0.0018,0.0018,0.0003,0.0,1.0,0.0,2.1359,0.0,0.0,0.0,0.0,2.1359,2.1359,2.131
2175,0.0,0.0023,0.0023,0.0004,0.0,1.0,0.0,2.3587,0.0,0.0,0.0,0.0,2.3587,2.3587,2.3627
2176,0.0,0.0024,0.0024,0.0004,0.0,1.0,0.0,2.8047,0.0,0.0,0.0,0.0,2.8047000000000004,2.8047000000000004,2.8052
2177,0.0,0.0014,0.0014,0.0003,0.0,1.0,0.0,1.8176,0.0,0.0,0.0,0.0,1.8175999999999999,1.8175999999999999,1.814
2178,0.0,0.002,0.002,0.0004,0.0,1.0,0.0,2.4451,0.0,0.0,0.0,0.0,2.4451,2.4451,2.4486
2179,0.0,0.0013,0.0013,0.0002,0.0,1.0,0.0,2.1634,0.0,0.0,0.0,0.0,2.1633999999999998,2.1633999999999998,2.1588
2180,0.0,0.0019,0.0019,0.0003,0.0,1.0,0.0,2.1377,0.0,0.0,0.0,0.0,2.1376999999999997,2.1376999999999997,2.1362
2181,0.0,0.0014,0.0014,0.0003,0.0,1.0,0.0,2.4744,0.0,0.0,0.0,0.0,2.4744,2.4744,2.4709
2182,0.0,0.0019,0.0019,0.0003,0.0,1.0,0.0,2.0258,0.0,0.0,0.0,0.0,2.0258,2.0258,2.0302
2183,0.0,0.0018,0.0018,0.0003,0.0,1.0,0.0,2.4075,0.0,0.0,0.0,0.0,2.4074999999999998,2.4074999999999998,2.4111
2184,0.0,0.0018,0.0018,0.0003,0.0,1.0,0.0,2.3072,0.0,0.0,0.0,0.0,2.3072,2.3072,2.3078
2185,0.0,0.0018,0.0018,0.0003,0.0,1.0,0.0,2.5299,0.0,0.0,0.0,0.0,2.5299,2.5299,2.5331
2186,0.0,0.0019,0.0019,0.0003,0.0,1.0,0.0,2.0444,0.0,0.0,0.0,0.0,2.0444,2.0444,2.0447
2187,0.0,0.0015,0.0015,0.0003,0.0,1.0,0.0,2.1093,0.0,0.0,0.0,0.0,2.1093,2.1093,2.1101
2188,0.0,0.0021,0.0021,0.0004,0.0,1.0,0.0,2.5512,0.0,0.0,0.0,0.0,2.5511999999999997,2.5511999999999997,2.5538
2189,0.0,0.0019,0.0019,0.0003,0.0,1.0,0.0,2.4831,0.0,0.0,0.0,0.0,2.4831,2.4831,2.4808
2190,0.0,0.0014,0.0014,0.0003,0.0,1.0,0.0,2.2056,0.0,0.0,0.0,0.0,2.2056,2.2056,2.2066
2191,0.0,0.0014,0.0014,0.0003,0.0,1.0,0.0,2.3998,0.0,0.0,0.0,0.0,2.3998000000000004,2.3998000000000004,2.4006
2192,0.0,0.002,0.002,0.0004,0.0,1.0,0.0,2.5266,0.0,0.0,0.0,0.0,2.5266,2.5266,2.5309
2193,0.0,0.0019,0.0019,0.0003,0.0,1.0,0.0,2.5533,0.0,0.0,0.0,0.0,2.5533,2.5533,2.5548
2194,0.0,0.0018,0.0018,0.0003,0.0,1.0,0.0,2.3171,0.0,0.0,0.0,0.0,2.3171,2.3171,2.317
2195,0.0,0.0019,0.0019,0.0004,0.0,1.0,0.0,2.4068,0.0,0.0,0.0,0.0,2.4067999999999996,2.4067999999999996,2.403
2196,0.0,0.0028,0.0028,0.0005,0.0,1.0,0.0,2.8527,0.0,0.0,0.0,0.0,2.8527,2.8527,2.8539
2197,0.0,0.0018,0.0018,0.0003,0.0,1.0,0.0,2.7333,0.0,0.0,0.0,0.0,2.7333,2.7333,2.7306
2198,0.0,0.0013,0.0013,0.0002,0.0,1.0,0.0,2.384,0.0,0.0,0.0,0.0,2.384,2.384,2.379
2199,0.0,0.0017,0.0017,0.0003,0.0,1.0,0.0,2.1152,0.0,0.0,0.0,0.0,2.1152,2.1152,2.1141
2200,0.0,0.0021,0.0021,0.0004,0.0,1.0,0.0,2.614,0.0,0.0,0.0,0.0,2.614,2.614,2.611
2201,0.0,0.0014,0.0014,0.0003,0.0,1.0,0.0,2.0779,0.0,0.0,0.0,0.0,2.0779,2.0779,2.079
2202,0.0,0.0012,0.0012,0.0002,0.0,1.0,0.0,2.0656,0.0,0.0,0.0,0.0,2.0656000000000003,2.0656000000000003,2.0637
2203,0.0,0.0013,0.0013,0.0002,0.0,1.0,0.0,2.1185,0.0,0.0,0.0,0.0,2.1185,2.1185,2.1185
2204,0.0,0.0017,0.0017,0.0003,0.0,1.0,0.0,2.6999,0.0,0.0,0.0,0.0,2.6999,2.6999,2.7019
2205,0.0,0.0023,0.0023,0.0004,0.0,1.0,0.0,2.4793,0.0,0.0,0.0,0.0,2.4792999999999994,2.4792999999999994,2.4786
2206,0.0,0.002,0.002,0.0004,0.0,1.0,0.0,2.3701,0.0,0.0,0.0,0.0,2.3700999999999994,2.3700999999999994,2.3717
2207,0.0,0.0012,0.0012,0.0002,0.0,1.0,0.0,2.1002,0.0,0.0,0.0,0.0,2.1002,2.1002,2.1001
2208,0.0,0.0014,0.0014,0.0002,0.0,1.0,0.0,1.7912,0.0,0.0,0.0,0.0,1.7912000000000001,1.7912000000000001,1.7884
2209,0.0,0.0022,0.0022,0.0004,0.0,1.0,0.0,2.4694,0.0,0.0,0.0,0.0,2.4694,2.4694,2.4694
2210,0.0,0.0013,0.0013,0.0002,0.0,1.0,0.0,1.91,0.0,0.0,0.0,0.0,1.91,1.91,1.9067
2211,0.0,0.0023,0.0023,0.0004,0.0,1.0,0.0,2.3137,0.0,0.0,0.0,0.0,2.3137,2.3137,2.3176
2212,0.0,0.0026,0.0026,0.0005,0.0,1.0,0.0,2.8691,0.0,0.0,0.0,0.0,2.8691000000000004,2.8691000000000004,2.8731
2213,0.0,0.0017,0.0017,0.0003,0.0,1.0,0.0,2.7013,0.0,0.0,0.0,0.0,2.7013000000000003,2.7013000000000003,2.7005
2214,0.0,0.0023,0.0023,0.0004,0.0,1.0,0.0,2.7645,0.0,0.0,0.0,0.0,2.7645000000000004,2.7645000000000004,2.7637
2215,0.0,0.0017,0.0017,0.0003,0.0,1.0,0.0,2.283,0.0,0.0,0.0,0.0,2.283,2.283,2.2863
2216,0.0,0.0016,0.0016,0.0003,0.0,1.0,0.0,2.7432,0.0,0.0,0.0,0.0,2.7432,2.7432,2.7463
2217,0.0,0.0019,0.0019,0.0003,0.0,1.0,0.0,2.2748,0.0,0.0,0.0,0.0,2.2748,2.2748,2.2716
2218,0.0,0.0015,0.0015,0.0003,0.0,1.0,0.0,2.0821,0.0,0.0,0.0,0.0,2.0820999999999996,2.0820999999999996,2.0829
2219,0.0,0.0021,0.0021,0.0004,0.0,1.0,0.0,2.7895,0.0,0.0,0.0,0.0,2.7894999999999994,2.7894999999999994,2.7892
2220,0.0,0.0014,0.0014,0.0003,0.0,1.0,0.0,2.3843,0.0,0.0,0.0,0.0,2.3843,2.3843,2.3873
2221,0.0,0.0024,0.0024,0.0004,0.0,1.0,0.0,2.9497,0.0,0.0,0.0,0.0,2.9497,2.9497,2.9537
2222,0.0,0.0013,0.0013,0.0002,0.0,1.0,0.0,2.3336,0.0,0.0,0.0,0.0,2.3336,2.3336,2.338
2223,0.0,0.0018,0.0018,0.0003,0.0,1.0,0.0,2.4778,0.0,0.0,0.0,0.0,2.4778,2.4778,2.4746
2224,0.0,0.0016,0.0016,0.0003,0.0,1.0,0.0,2.2808,0.0,0.0,0.0,0.0,2.2808,2.2808,2.2851
2225,0.0,0.0023,0.0023,0.0004,0.0,1.0,0.0,2.9375,0.0,0.0,0.0,0.0,2.9375,2.9375,2.9363
2226,0.0,0.0021,0.0021,0.0004,0.0,1.0,0.0,2.5418,0.0,0.0,0.0,0.0,2.5418000000000003,2.5418000000000003,2.5406
2227,0.0,0.0018,0.0018,0.0003,0.0,1.0,0.0,2.0915,0.0,0.0,0.0,0.0,2.0915,2.0915,2.0922
2228,0.0,0.0022,0.0022,0.0004,0.0,1.0,0.0,2.7486,0.0,0.0,0.0,0.0,2.7486,2.7486,2.7497
2229,0.0,0.0023,0.0023,0.0004,0.0,1.0,0.0,2.6394,0.0,0.0,0.0,0.0,2.6394,2.6394,2.6425
2230,0.0,0.0018,0.0018,0.0003,0.0,1.0,0.0,2.3499,0.0,0.0,0.0,0.0,2.3499,2.3499,2.3505
2231,0.0,0.0018,0.0018,0.0003,0.0,1.0,0.0,2.5042,0.0,0.0,0.0,0.0,2.5042,2.5042,2.5003
2232,0.0,0.0015,0.0015,0.0003,0.0,1.0,0.0,2.3289,0.0,0.0,0.0,0.0,2.3289,2.3289,2.3248
2233,0.0,0.0021,0.0021,0.0004,0.0,1.0,0.0,2.3255,0.0,0.0,0.0,0.0,2.3255000000000003,2.3255000000000003,2.3236
2234,0.0,0.002,0.002,0.0004,0.0,1.0,0.0,2.3827,0.0,0.0,0.0,0.0,2.3827000000000003,2.3827000000000003,2.3835
2235,0.0,0.0013,0.0013,0.0002,0.0,1.0,0.0,2.2627,0.0,0.0,0.0,0.0,2.2627,2.2627,2.2594
2236,0.0,0.0025,0.0025,0.0005,0.0,1.0,0.0,2.4552,0.0,0.0,0.0,0.0,2.4551999999999996,2.4551999999999996,2.4583
2237,0.0,0.0024,0.0024,0.0004,0.0,1.0,0.0,2.8711,0.0,0.0,0.0,0.0,2.8711,2.8711,2.8662
2238,0.0,0.0017,0.0017,0.0003,0.0,1.0,0.0,2.7118,0.0,0.0,0.0,0.0,2.7117999999999998,2.7117999999999998,2.7129
2239,0.0,0.0028,0.0028,0.0005,0.0,1.0,0.0,2.7149,0.0,0.0,0.0,0.0,2.7149,2.7149,2.715
2240,0.0,0.0023,0.0023,0.0004,0.0,1.0,0.0,2.8915,0.0,0.0,0.0,0.0,2.8915,2.8915,2.8901
2241,0.0,0.0016,0.0016,0.0003,0.0,1.0,0.0,2.3063,0.0,0.0,0.0,0.0,2.3063000000000002,2.3063000000000002,2.3028
2242,0.0,0.0013,0.0013,0.0002,0.0,1.0,0.0,2.2531,0.0,0.0,0.0,0.0,2.2531,2.2531,2.256
2243,0.0,0.0018,0.0018,0.0003,0.0,1.0,0.0,2.5431,0.0,0.0,0.0,0.0,2.5431,2.5431,2.5479
2244,0.0,0.0019,0.0019,0.0003,0.0,1.0,0.0,2.7012,0.0,0.0,0.0,0.0,2.7012,2.7012,2.7058
2245,0.0,0.0024,0.0024,0.0004,0.0,1.0,0.0,2.5159,0.0,0.0,0.0,0.0,2.5159,2.5159,2.5149
2246,0.0,0.0022,0.0022,0.0004,0.0,1.0,0.0,2.8757,0.0,0.0,0.0,0.0,2.8756999999999997,2.8756999999999997,2.874
2247,0.0,0.002,0.002,0.0004,0.0,1.0,0.0,2.7367,0.0,0.0,0.0,0.0,2.7367000000000004,2.7367000000000004,2.7352
2248,0.0,0.0015,0.0015,0.0003,0.0,1.0,0.0,2.1247,0.0,0.0,0.0,0.0,2.1247,2.1247,2.1236
2249,0.0,0.0017,0.0017,0.0003,0.0,1.0,0.0,2.2589,0.0,0.0,0.0,0.0,2.2589,2.2589,2.2539
2250,0.0,0.0022,0.0022,0.0004,0.0,1.0,0.0,2.3978,0.0,0.0,0.0,0.0,2.3978,2.3978,2.3959
2251,0.0,0.0018,0.0018,0.0003,0.0,1.0,0.0,2.3339,0.0,0.0,0.0,0.0,2.3339000000000003,2.3339000000000003,2.3343
2252,0.0,0.0016,0.0016,0.0003,0.0,1.0,0.0,2.5154,0.0,0.0,0.0,0.0,2.5154,2.5154,2.5202
2253,0.0,0.0017,0.0017,0.0003,0.0,1.0,0.0,2.0508,0.0,0.0,0.0,0.0,2.0508,2.0508,2.0489
2254,0.0,0.0018,0.0018,0.0003,0.0,1.0,0.0,2.4612,0.0,0.0,0.0,0.0,2.4612,2.4612,2.4662
2255,0.0,0.0014,0.0014,0.0003,0.0,1.0,0.0,2.2238,0.0,0.0,0.0,0.0,2.2237999999999998,2.2237999999999998,2.2284
2256,0.0,0.0017,0.0017,0.0003,0.0,1.0,0.0,2.4545,0.0,0.0,0.0,0.0,2.4545,2.4545,2.4568
2257,0.0,0.0018,0.0018,0.0003,0.0,1.0,0.0,2.9125,0.0,0.0,0.0,0.0,2.9125,2.9125,2.9082
2258,0.0,0.0018,0.0018,0.0003,0.0,1.0,0.0,1.9972,0.0,0.0,0.0,0.0,1.9972,1.9972,1.9981
2259,0.0,0.002,0.002,0.0004,0.0,1.0,0.0,2.369,0.0,0.0,0.0,0.0,2.369,2.369,2.3643
2260,0.0,0.0016,0.0016,0.0003,0.0,1.0,0.0,2.1258,0.0,0.0,0.0,0.0,2.1258,2.1258,2.129
2261,0.0,0.0023,0.0023,0.0004,0.0,1.0,0.0,2.9825,0.0,0.0,0.0,0.0,2.9825000000000004,2.9825000000000004,2.9822
2262,0.0,0.0025,0.0025,0.0004,0.0,1.0,0.0,2.9757,0.0,0.0,0.0,0.0,2.9757,2.9757,2.9709
2263,0.0,0.0018,0.0018,0.0003,0.0,1.0,0.0,2.6644,0.0,0.0,0.0,0.0,2.6643999999999997,2.6643999999999997,2.6618
2264,0.0,0.0024,0.0024,0.0004,0.0,1.0,0.0,2.7836,0.0,0.0,0.0,0.0,2.7836,2.7836,2.7797
2265,0.0,0.0017,0.0017,0.0003,0.0,1.0,0.0,2.1159,0.0,0.0,0.0,0.0,2.1159,2.1159,2.118
2266,0.0,0.0017,0.0017,0.0003,0.0,1.0,0.0,2.6687,0.0,0.0,0.0,0.0,2.6687,2.6687,2.6707
2267,0.0,0.0022,0.0022,0.0004,0.0,1.0,0.0,2.3472,0.0,0.0,0.0,0.0,2.3472,2.3472,2.3507
2268,0.0,0.0016,0.0016,0.0003,0.0,1.0,0.0,2.2361,0.0,0.0,0.0,0.0,2.2361000000000004,2.2361000000000004,2.2337
2269,0.0,0.0011,0.0011,0.0002,0.0,1.0,0.0,2.0128,0.0,0.0,0.0,0.0,2.0128,2.0128,2.0141
2270,0.0,0.0016,0.0016,0.0003,0.0,1.0,0.0,2.2183,0.0,0.0,0.0,0.0,2.2183,2.2183,2.2216
2271,0.0,0.0022,0.0022,0.0004,0.0,1.0,0.0,2.6695,0.0,0.0,0.0,0.0,2.6695,2.6695,2.6736
2272,0.0,0.0018,0.0018,0.0003,0.0,1.0,0.0,2.4289,0.0,0.0,0.0,0.0,2.4288999999999996,2.4288999999999996,2.4285
2273,0.0,0.0022,0.0022,0.0004,0.0,1.0,0.0,2.4822,0.0,0.0,0.0,0.0,2.4822,2.4822,2.4828
2274,0.0,0.0015,0.0015,0.0003,0.0,1.0,0.0,2.6293,0.0,0.0,0.0,0.0,2.6292999999999997,2.6292999999999997,2.6339
2275,0.0,0.0024,0.0024,0.0004,0.0,1.0,0.0,2.911,0.0,0.0,0.0,0.0,2.911,2.911,2.9091
2276,0.0,0.0012,0.0012,0.0002,0.0,1.0,0.0,2.2506,0.0,0.0,0.0,0.0,2.2506,2.2506,2.2535
2277,0.0,0.002,0.002,0.0004,0.0,1.0,0.0,2.9077,0.0,0.0,0.0,0.0,2.9077,2.9077,2.9063
2278,0.0,0.0017,0.0017,0.0003,0.0,1.0,0.0,2.342,0.0,0.0,0.0,0.0,2.342,2.342,2.3438
2279,0.0,0.002,0.002,0.0004,0.0,1.0,0.0,2.6456,0.0,0.0,0.0,0.0,2.6456,2.6456,2.6412
2280,0.0,0.0018,0.0018,0.0003,0.0,1.0,0.0,2.3664,0.0,0.0,0.0,0.0,2.3664000000000005,2.3664000000000005,2.362
2281,0.0,0.0023,0.0023,0.0004,0.0,1.0,0.0,2.6831,0.0,0.0,0.0,0.0,2.6831,2.6831,2.6853
2282,0.0,0.0021,0.0021,0.0004,0.0,1.0,0.0,2.2952,0.0,0.0,0.0,0.0,2.2952000000000004,2.2952000000000004,2.292
2283,0.0,0.002,0.002,0.0004,0.0,1.0,0.0,3.0924,0.0,0.0,0.0,0.0,3.0923999999999996,3.0923999999999996,3.0902
2284,0.0,0.0024,0.0024,0.0004,0.0,1.0,0.0,2.3181,0.0,0.0,0.0,0.0,2.3181,2.3181,2.3175
2285,0.0,0.0016,0.0016,0.0003,0.0,1.0,0.0,2.3769,0.0,0.0,0.0,0.0,2.3769,2.3769,2.376
2286,0.0,0.0016,0.0016,0.0003,0.0,1.0,0.0,2.222,0.0,0.0,0.0,0.0,2.222,2.222,2.2176
2287,0.0,0.0022,0.0022,0.0004,0.0,1.0,0.0,2.3094,0.0,0.0,0.0,0.0,2.3093999999999997,2.3093999999999997,2.307
2288,0.0,0.0019,0.0019,0.0003,0.0,1.0,0.0,2.6631,0.0,0.0,0.0,0.0,2.6631000000000005,2.6631000000000005,2.6668
2289,0.0,0.0021,0.0021,0.0004,0.0,1.0,0.0,2.8878,0.0,0.0,0.0,0.0,2.8877999999999995,2.8877999999999995,2.8877
2290,0.0,0.0012,0.0012,0.0002,0.0,1.0,0.0,2.7158,0.0,0.0,0.0,0.0,2.7158,2.7158,2.7127
2291,0.0,0.0022,0.0022,0.0004,0.0,1.0,0.0,2.4232,0.0,0.0,0.0,0.0,2.4232000000000005,2.4232000000000005,2.4255
2292,0.0,0.0018,0.0018,0.0003,0.0,1.0,0.0,2.3235,0.0,0.0,0.0,0.0,2.3234999999999997,2.3234999999999997,2.3252
2293,0.0,0.0019,0.0019,0.0003,0.0,1.0,0.0,2.9233,0.0,0.0,0.0,0.0,2.9233000000000002,2.9233000000000002,2.9211
2294,0.0,0.002,0.002,0.0004,0.0,1.0,0.0,2.3501,0.0,0.0,0.0,0.0,2.3501000000000003,2.3501000000000003,2.3483
2295,0.0,0.0021,0.0021,0.0004,0.0,1.0,0.0,2.6158,0.0,0.0,0.0,0.0,2.6158,2.6158,2.6184
2296,0.0,0.0014,0.0014,0.0003,0.0,1.0,0.0,2.3287,0.0,0.0,0.0,0.0,2.3287,2.3287,2.3253
2297,0.0,0.0025,0.0025,0.0004,0.0,1.0,0.0,2.7906,0.0,0.0,0.0,0.0,2.7906,2.7906,2.7878
2298,0.0,0.0022,0.0022,0.0004,0.0,1.0,0.0,2.5147,0.0,0.0,0.0,0.0,2.5147,2.5147,2.5192
2299,0.0,0.0027,0.0027,0.0005,0.0,1.0,0.0,2.9493,0.0,0.0,0.0,0.0,2.9493,2.9493,2.9503
2300,0.0,0.0023,0.0023,0.0004,0.0,1.0,0.0,2.7381,0.0,0.0,0.0,0.0,2.7380999999999993,2.7380999999999993,2.739
2301,0.0,0.0018,0.0018,0.0003,0.0,1.0,0.0,2.2503,0.0,0.0,0.0,0.0,2.2503,2.2503,2.2492
2302,0.0,0.0017,0.0017,0.0003,0.0,1.0,0.0,2.0485,0.0,0.0,0.0,0.0,2.0485,2.0485,2.0485
2303,0.0,0.0026,0.0026,0.0005,0.0,1.0,0.0,2.5321,0.0,0.0,0.0,0.0,2.5321000000000002,2.5321000000000002,2.5289
2304,0.0,0.0028,0.0028,0.0005,0.0,1.0,0.0,2.9514,0.0,0.0,0.0,0.0,2.9514,2.9514,2.9542
2305,0.0,0.0013,0.0013,0.0002,0.0,1.0,0.0,2.3721,0.0,0.0,0.0,0.0,2.3721,2.3721,2.3763
2306,0.0,0.0012,0.0012,0.0002,0.0,1.0,0.0,2.4323,0.0,0.0,0.0,0.0,2.4323,2.4323,2.4341
2307,0.0,0.0028,0.0028,0.0005,0.0,1.0,0.0,2.9389,0.0,0.0,0.0,0.0,2.9388999999999994,2.9388999999999994,2.9425
2308,0.0,0.0017,0.0017,0.0003,0.0,1.0,0.0,2.0769,0.0,0.0,0.0,0.0,2.0768999999999997,2.0768999999999997,2.0721
2309,0.0,0.0014,0.0014,0.0002,0.0,1.0,0.0,2.2179,0.0,0.0,0.0,0.0,2.2179,2.2179,2.2165
2310,0.0,0.0021,0.0021,0.0004,0.0,1.0,0.0,2.4452,0.0,0.0,0.0,0.0,2.4452000000000003,2.4452000000000003,2.4479
2311,0.0,0.0023,0.0023,0.0004,0.0,1.0,0.0,2.3225,0.0,0.0,0.0,0.0,2.3225,2.3225,2.3215
2312,0.0,0.0026,0.0026,0.0005,0.0,1.0,0.0,2.384,0.0,0.0,0.0,0.0,2.3840000000000003,2.3840000000000003,2.3797
2313,0.0,0.0019,0.0019,0.0003,0.0,1.0,0.0,2.4114,0.0,0.0,0.0,0.0,2.4114,2.4114,2.41
2314,0.0,0.0017,0.0017,0.0003,0.0,1.0,0.0,2.4477,0.0,0.0,0.0,0.0,2.4477,2.4477,2.4452
2315,0.0,0.0018,0.0018,0.0003,0.0,1.0,0.0,2.1872,0.0,0.0,0.0,0.0,2.1872,2.1872,2.1911
2316,0.0,0.0014,0.0014,0.0003,0.0,1.0,0.0,2.1536,0.0,0.0,0.0,0.0,2.1536,2.1536,2.1524
2317,0.0,0.002,0.002,0.0004,0.0,1.0,0.0,2.0206,0.0,0.0,0.0,0.0,2.0206,2.0206,2.0253
2318,0.0,0.0018,0.0018,0.0003,0.0,1.0,0.0,2.4448,0.0,0.0,0.0,0.0,2.4448,2.4448,2.449
2319,0.0,0.0016,0.0016,0.0003,0.0,1.0,0.0,2.5685,0.0,0.0,0.0,0.0,2.5685,2.5685,2.5639
2320,0.0,0.0019,0.0019,0.0003,0.0,1.0,0.0,2.6177,0.0,0.0,0.0,0.0,2.6177,2.6177,2.6148
2321,0.0,0.0021,0.0021,0.0004,0.0,1.0,0.0,2.0,0.0,0.0,0.0,0.0,2.0,2.0,1.9957
2322,0.0,0.0018,0.0018,0.0003,0.0,1.0,0.0,2.6881,0.0,0.0,0.0,0.0,2.6880999999999995,2.6880999999999995,2.6866
2323,0.0,0.0014,0.0014,0.0003,0.0,1.0,0.0,2.2341,0.0,0.0,0.0,0.0,2.2341,2.2341,2.2354
2324,0.0,0.0015,0.0015,0.0003,0.0,1.0,0.0,2.1928,0.0,0.0,0.0,0.0,2.1928,2.1928,2.192
2325,0.0,0.0018,0.0018,0.0003,0.0,1.0,0.0,2.6428,0.0,0.0,0.0,0.0,2.6428,2.6428,2.6457
2326,0.0,0.0016,0.0016,0.0003,0.0,1.0,0.0,2.0654,0.0,0.0,0.0,0.0,2.0654,2.0654,2.0622
2327,0.0,0.0022,0.0022,0.0004,0.0,1.0,0.0,2.7722,0.0,0.0,0.0,0.0,2.7721999999999998,2.7721999999999998,2.7693
2328,0.0,0.0025,0.0025,0.0005,0.0,1.0,0.0,2.5796,0.0,0.0,0.0,0.0,2.5795999999999997,2.5795999999999997,2.5807
2329,0.0,0.0015,0.0015,0.0003,0.0,1.0,0.0,2.3495,0.0,0.0,0.0,0.0,2.3495,2.3495,2.3472
2330,0.0,0.0019,0.0019,0.0003,0.0,1.0,0.0,2.8286,0.0,0.0,0.0,0.0,2.8286,2.8286,2.8277
2331,0.0,0.0017,0.0017,0.0003,0.0,1.0,0.0,2.1263,0.0,0.0,0.0,0.0,2.1262999999999996,2.1262999999999996,2.1224
2332,0.0,0.0022,0.0022,0.0004,0.0,1.0,0.0,2.0675,0.0,0.0,0.0,0.0,2.0675,2.0675,2.0627
2333,0.0,0.0019,0.0019,0.0003,0.0,1.0,0.0,2.3966,0.0,0.0,0.0,0.0,2.3966,2.3966,2.3968
2334,0.0,0.0021,0.0021,0.0004,0.0,1.0,0.0,2.2892,0.0,0.0,0.0,0.0,2.2892,2.2892,2.2867
2335,0.0,0.0021,0.0021,0.0004,0.0,1.0,0.0,2.8102,0.0,0.0,0.0,0.0,2.8102,2.8102,2.8147
2336,0.0,0.0028,0.0028,0.0005,0.0,1.0,0.0,2.503,0.0,0.0,0.0,0.0,2.5029999999999997,2.5029999999999997,2.4992
2337,0.0,0.0016,0.0016,0.0003,0.0,1.0,0.0,2.7501,0.0,0.0,0.0,0.0,2.7500999999999998,2.7500999999999998,2.7465
2338,0.0,0.0021,0.0021,0.0004,0.0,1.0,0.0,2.6776,0.0,0.0,0.0,0.0,2.6776,2.6776,2.6813
2339,0.0,0.0021,0.0021,0.0004,0.0,1.0,0.0,3.0481,0.0,0.0,0.0,0.0,3.0481,3.0481,3.0508
2340,0.0,0.0026,0.0026,0.0005,0.0,1.0,0.0,2.7808,0.0,0.0,0.0,0.0,2.7808,2.7808,2.7791
2341,0.0,0.0021,0.0021,0.0004,0.0,1.0,0.0,2.2641,0.0,0.0,0.0,0.0,2.2640999999999996,2.2640999999999996,2.2592
2342,0.0,0.002,0.002,0.0004,0.0,1.0,0.0,2.776,0.0,0.0,0.0,0.0,2.776,2.776,2.7749
2343,0.0,0.0022,0.0022,0.0004,0.0,1.0,0.0,2.249,0.0,0.0,0.0,0.0,2.249,2.249,2.2512
2344,0.0,0.0022,0.0022,0.0004,0.0,1.0,0.0,2.8728,0.0,0.0,0.0,0.0,2.8728,2.8728,2.8732
2345,0.0,0.003,0.003,0.0005,0.0,1.0,0.0,2.8444,0.0,0.0,0.0,0.0,2.8444,2.8444,2.8456
2346,0.0,0.0018,0.0018,0.0003,0.0,1.0,0.0,2.9623,0.0,0.0,0.0,0.0,2.9623,2.9623,2.9632
2347,0.0,0.0023,0.0023,0.0004,0.0,1.0,0.0,2.0998,0.0,0.0,0.0,0.0,2.0997999999999997,2.0997999999999997,2.0984
2348,0.0,0.0017,0.0017,0.0003,0.0,1.0,0.0,2.6704,0.0,0.0,0.0,0.0,2.6704000000000003,2.6704000000000003,2.6744
2349,0.0,0.0015,0.0015,0.0003,0.0,1.0,0.0,2.4209,0.0,0.0,0.0,0.0,2.4208999999999996,2.4208999999999996,2.4187
2350,0.0,0.0016,0.0016,0.0003,0.0,1.0,0.0,2.4863,0.0,0.0,0.0,0.0,2.4863,2.4863,2.4823
2351,0.0,0.0017,0.0017,0.0003,0.0,1.0,0.0,2.5829,0.0,0.0,0.0,0.0,2.5829000000000004,2.5829000000000004,2.5823
2352,0.0,0.0022,0.0022,0.0004,0.0,1.0,0.0,2.9278,0.0,0.0,0.0,0.0,2.9278,2.9278,2.9313
2353,0.0,0.0022,0.0022,0.0004,0.0,1.0,0.0,2.3094,0.0,0.0,0.0,0.0,2.3094,2.3094,2.3136
2354,0.0,0.0016,0.0016,0.0003,0.0,1.0,0.0,2.2908,0.0,0.0,0.0,0.0,2.2908,2.2908,2.2909
2355,0.0,0.0018,0.0018,0.0003,0.0,1.0,0.0,2.4485,0.0,0.0,0.0,0.0,2.4485,2.4485,2.4462
2356,0.0,0.0019,0.0019,0.0003,0.0,1.0,0.0,2.6067,0.0,0.0,0.0,0.0,2.6067,2.6067,2.6023
2357,0.0,0.0025,0.0025,0.0004,0.0,1.0,0.0,2.8542,0.0,0.0,0.0,0.0,2.8541999999999996,2.8541999999999996,2.851
2358,0.0,0.0022,0.0022,0.0004,0.0,1.0,0.0,2.4018,0.0,0.0,0.0,0.0,2.4018,2.4018,2.3974
2359,0.0,0.0019,0.0019,0.0003,0.0,1.0,0.0,2.5915,0.0,0.0,0.0,0.0,2.5915,2.5915,2.5912
2360,0.0,0.0026,0.0026,0.0005,0.0,1.0,0.0,2.5152,0.0,0.0,0.0,0.0,2.5152,2.5152,2.5118
2361,0.0,0.0016,0.0016,0.0003,0.0,1.0,0.0,2.5197,0.0,0.0,0.0,0.0,2.5197000000000003,2.5197000000000003,2.5188
2362,0.0,0.0017,0.0017,0.0003,0.0,1.0,0.0,2.3834,0.0,0.0,0.0,0.0,2.3834000000000004,2.3834000000000004,2.3838
2363,0.0,0.0018,0.0018,0.0003,0.0,1.0,0.0,2.4322,0.0,0.0,0.0,0.0,2.4322,2.4322,2.4372
2364,0.0,0.0031,0.0031,0.0006,0.0,1.0,0.0,3.0889,0.0,0.0,0.0,0.0,3.0889,3.0889,3.086
2365,0.0,0.0024,0.0024,0.0004,0.0,1.0,0.0,2.4955,0.0,0.0,0.0,0.0,2.4955,2.4955,2.4925
2366,0.0,0.0017,0.0017,0.0003,0.0,1.0,0.0,2.0661,0.0,0.0,0.0,0.0,2.0661,2.0661,2.0651
2367,0.0,0.0022,0.0022,0.0004,0.0,1.0,0.0,2.4522,0.0,0.0,0.0,0.0,2.4522,2.4522,2.45
2368,0.0,0.0013,0.0013,0.0002,0.0,1.0,0.0,1.7785,0.0,0.0,0.0,0.0,1.7785,1.7785,1.781
2369,0.0,0.0018,0.0018,0.0003,0.0,1.0,0.0,2.3076,0.0,0.0,0.0,0.0,2.3076,2.3076,2.3102
2370,0.0,0.0018,0.0018,0.0003,0.0,1.0,0.0,2.5256,0.0,0.0,0.0,0.0,2.5256,2.5256,2.5214
2371,0.0,0.0024,0.0024,0.0004,0.0,1.0,0.0,2.5568,0.0,0.0,0.0,0.0,2.5568,2.5568,2.5615
2372,0.0,0.0019,0.0019,0.0003,0.0,1.0,0.0,2.1362,0.0,0.0,0.0,0.0,2.1362,2.1362,2.1325
2373,0.0,0.002,0.002,0.0004,0.0,1.0,0.0,2.5385,0.0,0.0,0.0,0.0,2.5385,2.5385,2.5369
2374,0.0,0.0012,0.0012,0.0002,0.0,1.0,0.0,1.9983,0.0,0.0,0.0,0.0,1.9983000000000002,1.9983000000000002,2.0004
2375,0.0,0.0021,0.0021,0.0004,0.0,1.0,0.0,2.239,0.0,0.0,0.0,0.0,2.239,2.239,2.2424
2376,0.0,0.0014,0.0014,0.0002,0.0,1.0,0.0,2.6212,0.0,0.0,0.0,0.0,2.6211999999999995,2.6211999999999995,2.6252
2377,0.0,0.0017,0.0017,0.0003,0.0,1.0,0.0,2.1606,0.0,0.0,0.0,0.0,2.1606,2.1606,2.1622
2378,0.0,0.0011,0.0011,0.0002,0.0,1.0,0.0,2.0839,0.0,0.0,0.0,0.0,2.0839,2.0839,2.0845
2379,0.0,0.0016,0.0016,0.0003,0.0,1.0,0.0,2.6636,0.0,0.0,0.0,0.0,2.6635999999999997,2.6635999999999997,2.6603
2380,0.0,0.0022,0.0022,0.0004,0.0,1.0,0.0,2.8311,0.0,0.0,0.0,0.0,2.8311,2.8311,2.8296
2381,0.0,0.0017,0.0017,0.0003,0.0,1.0,0.0,2.3979,0.0,0.0,0.0,0.0,2.3979,2.3979,2.3958
2382,0.0,0.0021,0.0021,0.0004,0.0,1.0,0.0,2.5586,0.0,0.0,0.0,0.0,2.5585999999999998,2.5585999999999998,2.5627
2383,0.0,0.0021,0.0021,0.0004,0.0,1.0,0.0,2.5727,0.0,0.0,0.0,0.0,2.5727,2.5727,2.5728
2384,0.0,0.0022,0.0022,0.0004,0.0,1.0,0.0,2.5191,0.0,0.0,0.0,0.0,2.5191,2.5191,2.5154
2385,0.0,0.0012,0.0012,0.0002,0.0,1.0,0.0,1.8013,0.0,0.0,0.0,0.0,1.8013,1.8013,1.8043
2386,0.0,0.002,0.002,0.0004,0.0,1.0,0.0,2.4911,0.0,0.0,0.0,0.0,2.4911,2.4911,2.4914
2387,0.0,0.0016,0.0016,0.0003,0.0,1.0,0.0,1.9572,0.0,0.0,0.0,0.0,1.9571999999999996,1.9571999999999996,1.9525
2388,0.0,0.0013,0.0013,0.0002,0.0,1.0,0.0,1.9321,0.0,0.0,0.0,0.0,1.9321000000000002,1.9321000000000002,1.9273
2389,0.0,0.002,0.002,0.0004,0.0,1.0,0.0,2.5622,0.0,0.0,0.0,0.0,2.5622000000000003,2.5622000000000003,2.5616
2390,0.0,0.0018,0.0018,0.0003,0.0,1.0,0.0,2.4874,0.0,0.0,0.0,0.0,2.4874,2.4874,2.4875
2391,0.0,0.0012,0.0012,0.0002,0.0,1.0,0.0,2.2317,0.0,0.0,0.0,0.0,2.2317,2.2317,2.2338
2392,0.0,0.002,0.002,0.0004,0.0,1.0,0.0,2.7654,0.0,0.0,0.0,0.0,2.7654,2.7654,2.7636
2393,0.0,0.0019,0.0019,0.0003,0.0,1.0,0.0,2.3374,0.0,0.0,0.0,0.0,2.3374,2.3374,2.3382
2394,0.0,0.0015,0.0015,0.0003,0.0,1.0,0.0,2.2418,0.0,0.0,0.0,0.0,2.2418000000000005,2.2418000000000005,2.2418
2395,0.0,0.0022,0.0022,0.0004,0.0,1.0,0.0,2.525,0.0,0.0,0.0,0.0,2.525,2.525,2.5287
2396,0.0,0.0017,0.0017,0.0003,0.0,1.0,0.0,2.3913,0.0,0.0,0.0,0.0,2.3912999999999998,2.3912999999999998,2.3881
2397,0.0,0.0017,0.0017,0.0003,0.0,1.0,0.0,2.1117,0.0,0.0,0.0,0.0,2.1117,2.1117,2.1074
2398,0.0,0.0019,0.0019,0.0003,0.0,1.0,0.0,2.03,0.0,0.0,0.0,0.0,2.03,2.03,2.0313
2399,0.0,0.0016,0.0016,0.0003,0.0,1.0,0.0,2.1589,0.0,0.0,0.0,0.0,2.1589,2.1589,2.1575
2400,0.0,0.0021,0.0021,0.0004,0.0,1.0,0.0,2.1745,0.0,0.0,0.0,0.0,2.1745,2.1745,2.1739
2401,0.0,0.0016,0.0016,0.0003,0.0,1.0,0.0,2.1212,0.0,0.0,0.0,0.0,2.1212,2.1212,2.1254
2402,0.0,0.0017,0.0017,0.0003,0.0,1.0,0.0,2.5834,0.0,0.0,0.0,0.0,2.5834,2.5834,2.5805
2403,0.0,0.002,0.002,0.0004,0.0,1.0,0.0,2.4818,0.0,0.0,0.0,0.0,2.4818000000000002,2.4818000000000002,2.4848
2404,0.0,0.0021,0.0021,0.0004,0.0,1.0,0.0,2.2681,0.0,0.0,0.0,0.0,2.2681,2.2681,2.2729
2405,0.0,0.0016,0.0016,0.0003,0.0,1.0,0.0,2.0772,0.0,0.0,0.0,0.0,2.0772,2.0772,2.0815
2406,0.0,0.0019,0.0019,0.0003,0.0,1.0,0.0,2.9116,0.0,0.0,0.0,0.0,2.9116,2.9116,2.9126
2407,0.0,0.0022,0.0022,0.0004,0.0,1.0,0.0,2.2927,0.0,0.0,0.0,0.0,2.2927,2.2927,2.2906
2408,0.0,0.0013,0.0013,0.0002,0.0,1.0,0.0,1.8778,0.0,0.0,0.0,0.0,1.8778,1.8778,1.8779
2409,0.0,0.0021,0.0021,0.0004,0.0,1.0,0.0,2.4219,0.0,0.0,0.0,0.0,2.4219,2.4219,2.4241
2410,0.0,0.002,0.002,0.0004,0.0,1.0,0.0,2.8078,0.0,0.0,0.0,0.0,2.8078000000000003,2.8078000000000003,2.8119
2411,0.0,0.0021,0.0021,0.0004,0.0,1.0,0.0,2.6983,0.0,0.0,0.0,0.0,2.6982999999999997,2.6982999999999997,2.7004
2412,0.0,0.0023,0.0023,0.0004,0.0,1.0,0.0,3.2209,0.0,0.0,0.0,0.0,3.2208999999999994,3.2208999999999994,3.2199
2413,0.0,0.0024,0.0024,0.0004,0.0,1.0,0.0,2.7435,0.0,0.0,0.0,0.0,2.7435,2.7435,2.7386
2414,0.0,0.0014,0.0014,0.0002,0.0,1.0,0.0,2.3123,0.0,0.0,0.0,0.0,2.3123,2.3123,2.3165
2415,0.0,0.002,0.002,0.0004,0.0,1.0,0.0,2.7803,0.0,0.0,0.0,0.0,2.7802999999999995,2.7802999999999995,2.782
2416,0.0,0.0022,0.0022,0.0004,0.0,1.0,0.0,2.3486,0.0,0.0,0.0,0.0,2.3486,2.3486,2.351
2417,0.0,0.0013,0.0013,0.0002,0.0,1.0,0.0,2.1666,0.0,0.0,0.0,0.0,2.1666,2.1666,2.1687
2418,0.0,0.0021,0.0021,0.0004,0.0,1.0,0.0,2.779,0.0,0.0,0.0,0.0,2.779,2.779,2.7742
2419,0.0,0.0021,0.0021,0.0004,0.0,1.0,0.0,2.1074,0.0,0.0,0.0,0.0,2.1074,2.1074,2.1071
2420,0.0,0.0019,0.0019,0.0003,0.0,1.0,0.0,2.6749,0.0,0.0,0.0,0.0,2.6749,2.6749,2.6747
2421,0.0,0.0019,0.0019,0.0003,0.0,1.0,0.0,2.2378,0.0,0.0,0.0,0.0,2.2378,2.2378,2.2402
2422,0.0,0.0019,0.0019,0.0003,0.0,1.0,0.0,2.5657,0.0,0.0,0.0,0.0,2.5656999999999996,2.5656999999999996,2.5692
2423,0.0,0.0024,0.0024,0.0004,0.0,1.0,0.0,2.8997,0.0,0.0,0.0,0.0,2.8997,2.8997,2.9027
2424,0.0,0.0021,0.0021,0.0004,0.0,1.0,0.0,2.9048,0.0,0.0,0.0,0.0,2.9048000000000003,2.9048000000000003,2.9
2425,0.0,0.0026,0.0026,0.0005,0.0,1.0,0.0,3.0372,0.0,0.0,0.0,0.0,3.0372,3.0372,3.0368
2426,0.0,0.002,0.002,0.0004,0.0,1.0,0.0,2.2302,0.0,0.0,0.0,0.0,2.2302,2.2302,2.2261
2427,0.0,0.0025,0.0025,0.0004,0.0,1.0,0.0,2.8237,0.0,0.0,0.0,0.0,2.8237,2.8237,2.8246
2428,0.0,0.0022,0.0022,0.0004,0.0,1.0,0.0,2.375,0.0,0.0,0.0,0.0,2.375,2.375,2.3745
2429,0.0,0.0027,0.0027,0.0005,0.0,1.0,0.0,2.6825,0.0,0.0,0.0,0.0,2.6825,2.6825,2.6874
2430,0.0,0.0027,0.0027,0.0005,0.0,1.0,0.0,3.1553,0.0,0.0,0.0,0.0,3.1553,3.1553,3.1574
2431,0.0,0.0026,0.0026,0.0005,0.0,1.0,0.0,3.0282,0.0,0.0,0.0,0.0,3.0282,3.0282,3.0332
2432,0.0,0.0023,0.0023,0.0004,0.0,1.0,0.0,2.7297,0.0,0.0,0.0,0.0,2.7297,2.7297,2.7344
2433,0.0,0.0015,0.0015,0.0003,0.0,1.0,0.0,2.2337,0.0,0.0,0.0,0.0,2.2337,2.2337,2.2298
2434,0.0,0.0025,0.0025,0.0005,0.0,1.0,0.0,3.1521,0.0,0.0,0.0,0.0,3.1521000000000003,3.1521000000000003,3.1495
2435,0.0,0.002,0.002,0.0004,0.0,1.0,0.0,2.5936,0.0,0.0,0.0,0.0,2.5936000000000003,2.5936000000000003,2.5979
2436,0.0,0.0017,0.0017,0.0003,0.0,1.0,0.0,2.4316,0.0,0.0,0.0,0.0,2.4316,2.4316,2.4316
2437,0.0,0.0021,0.0021,0.0004,0.0,1.0,0.0,2.6972,0.0,0.0,0.0,0.0,2.6971999999999996,2.6971999999999996,2.6962
2438,0.0,0.0028,0.0028,0.0005,0.0,1.0,0.0,2.7007,0.0,0.0,0.0,0.0,2.7007,2.7007,2.702
2439,0.0,0.0015,0.0015,0.0003,0.0,1.0,0.0,2.368,0.0,0.0,0.0,0.0,2.368,2.368,2.3697
2440,0.0,0.0023,0.0023,0.0004,0.0,1.0,0.0,3.018,0.0,0.0,0.0,0.0,3.018,3.018,3.0153
2441,0.0,0.0012,0.0012,0.0002,0.0,1.0,0.0,2.2399,0.0,0.0,0.0,0.0,2.2399,2.2399,2.2349
2442,0.0,0.0016,0.0016,0.0003,0.0,1.0,0.0,1.9864,0.0,0.0,0.0,0.0,1.9864000000000002,1.9864000000000002,1.9888
2443,0.0,0.0022,0.0022,0.0004,0.0,1.0,0.0,2.9225,0.0,0.0,0.0,0.0,2.9225,2.9225,2.9203
2444,0.0,0.002,0.002,0.0004,0.0,1.0,0.0,2.5443,0.0,0.0,0.0,0.0,2.5442999999999993,2.5442999999999993,2.5417
2445,0.0,0.0022,0.0022,0.0004,0.0,1.0,0.0,2.6305,0.0,0.0,0.0,0.0,2.6304999999999996,2.6304999999999996,2.6277
2446,0.0,0.0025,0.0025,0.0005,0.0,1.0,0.0,2.7674,0.0,0.0,0.0,0.0,2.7674000000000003,2.7674000000000003,2.7674
2447,0.0,0.0021,0.0021,0.0004,0.0,1.0,0.0,2.1195,0.0,0.0,0.0,0.0,2.1195,2.1195,2.1225
2448,0.0,0.002,0.002,0.0004,0.0,1.0,0.0,2.511,0.0,0.0,0.0,0.0,2.511,2.511,2.5136
2449,0.0,0.0017,0.0017,0.0003,0.0,1.0,0.0,2.1792,0.0,0.0,0.0,0.0,2.1792,2.1792,2.1778
2450,0.0,0.002,0.002,0.0004,0.0,1.0,0.0,2.5836,0.0,0.0,0.0,0.0,2.5835999999999997,2.5835999999999997,2.5849
2451,0.0,0.0022,0.0022,0.0004,0.0,1.0,0.0,2.5534,0.0,0.0,0.0,0.0,2.5534,2.5534,2.5578
2452,0.0,0.0021,0.0021,0.0004,0.0,1.0,0.0,2.6523,0.0,0.0,0.0,0.0,2.6523,2.6523,2.6563
2453,0.0,0.0029,0.0029,0.0005,0.0,1.0,0.0,3.0773,0.0,0.0,0.0,0.0,3.0773,3.0773,3.0739
2454,0.0,0.0015,0.0015,0.0003,0.0,1.0,0.0,2.3178,0.0,0.0,0.0,0.0,2.3178,2.3178,2.3185
2455,0.0,0.0022,0.0022,0.0004,0.0,1.0,0.0,2.6596,0.0,0.0,0.0,0.0,2.6595999999999997,2.6595999999999997,2.6574
2456,0.0,0.0026,0.0026,0.0005,0.0,1.0,0.0,2.3933,0.0,0.0,0.0,0.0,2.3933,2.3933,2.3909
2457,0.0,0.002,0.002,0.0004,0.0,1.0,0.0,2.5964,0.0,0.0,0.0,0.0,2.5964,2.5964,2.5999
2458,0.0,0.0021,0.0021,0.0004,0.0,1.0,0.0,2.6381,0.0,0.0,0.0,0.0,2.6381,2.6381,2.6414
2459,0.0,0.0017,0.0017,0.0003,0.0,1.0,0.0,2.4921,0.0,0.0,0.0,0.0,2.4920999999999998,2.4920999999999998,2.4946
2460,0.0,0.0016,0.0016,0.0003,0.0,1.0,0.0,2.1488,0.0,0.0,0.0,0.0,2.1488,2.1488,2.1453
2461,0.0,0.0023,0.0023,0.0004,0.0,1.0,0.0,2.2344,0.0,0.0,0.0,0.0,2.2344,2.2344,2.2337
2462,0.0,0.0012,0.0012,0.0002,0.0,1.0,0.0,2.0822,0.0,0.0,0.0,0.0,2.0822,2.0822,2.0774
2463,0.0,0.0025,0.0025,0.0004,0.0,1.0,0.0,2.8373,0.0,0.0,0.0,0.0,2.8373,2.8373,2.8371
2464,0.0,0.0025,0.0025,0.0005,0.0,1.0,0.0,2.3413,0.0,0.0,0.0,0.0,2.3413000000000004,2.3413000000000004,2.3407
2465,0.0,0.0022,0.0022,0.0004,0.0,1.0,0.0,2.8288,0.0,0.0,0.0,0.0,2.8287999999999998,2.8287999999999998,2.8312
2466,0.0,0.002,0.002,0.0004,0.0,1.0,0.0,3.0229,0.0,0.0,0.0,0.0,3.0229,3.0229,3.0276
2467,0.0,0.0012,0.0012,0.0002,0.0,1.0,0.0,2.229,0.0,0.0,0.0,0.0,2.229,2.229,2.2278
2468,0.0,0.0013,0.0013,0.0002,0.0,1.0,0.0,2.197,0.0,0.0,0.0,0.0,2.197,2.197,2.2017
2469,0.0,0.0022,0.0022,0.0004,0.0,1.0,0.0,2.0849,0.0,0.0,0.0,0.0,2.0849,2.0849,2.0868
2470,0.0,0.0018,0.0018,0.0003,0.0,1.0,0.0,2.6032,0.0,0.0,0.0,0.0,2.6032,2.6032,2.6056
2471,0.0,0.0016,0.0016,0.0003,0.0,1.0,0.0,2.6831,0.0,0.0,0.0,0.0,2.6831,2.6831,2.6822
2472,0.0,0.0026,0.0026,0.0005,0.0,1.0,0.0,2.9902,0.0,0.0,0.0,0.0,2.9901999999999997,2.9901999999999997,2.9853
2473,0.0,0.0021,0.0021,0.0004,0.0,1.0,0.0,2.6371,0.0,0.0,0.0,0.0,2.6371,2.6371,2.6354
2474,0.0,0.0021,0.0021,0.0004,0.0,1.0,0.0,2.5288,0.0,0.0,0.0,0.0,2.5288,2.5288,2.5244
2475,0.0,0.0029,0.0029,0.0005,0.0,1.0,0.0,2.7739,0.0,0.0,0.0,0.0,2.7739000000000003,2.7739000000000003,2.7776
2476,0.0,0.0021,0.0021,0.0004,0.0,1.0,0.0,2.5573,0.0,0.0,0.0,0.0,2.5573,2.5573,2.5616
2477,0.0,0.0018,0.0018,0.0003,0.0,1.0,0.0,2.7903,0.0,0.0,0.0,0.0,2.7903,2.7903,2.7902
2478,0.0,0.0019,0.0019,0.0003,0.0,1.0,0.0,2.6581,0.0,0.0,0.0,0.0,2.6580999999999997,2.6580999999999997,2.6534
2479,0.0,0.0015,0.0015,0.0003,0.0,1.0,0.0,1.8509,0.0,0.0,0.0,0.0,1.8509,1.8509,1.8521
2480,0.0,0.0023,0.0023,0.0004,0.0,1.0,0.0,2.4152,0.0,0.0,0.0,0.0,2.4152000000000005,2.4152000000000005,2.4129
2481,0.0,0.0018,0.0018,0.0003,0.0,1.0,0.0,2.1614,0.0,0.0,0.0,0.0,2.1614,2.1614,2.1633
2482,0.0,0.0022,0.0022,0.0004,0.0,1.0,0.0,2.6811,0.0,0.0,0.0,0.0,2.6811,2.6811,2.6844
2483,0.0,0.0015,0.0015,0.0003,0.0,1.0,0.0,2.1921,0.0,0.0,0.0,0.0,2.1921,2.1921,2.1962
2484,0.0,0.002,0.002,0.0004,0.0,1.0,0.0,2.2518,0.0,0.0,0.0,0.0,2.2518000000000002,2.2518000000000002,2.2498
2485,0.0,0.0021,0.0021,0.0004,0.0,1.0,0.0,2.3062,0.0,0.0,0.0,0.0,2.3062,2.3062,2.3111
2486,0.0,0.0022,0.0022,0.0004,0.0,1.0,0.0,2.478,0.0,0.0,0.0,0.0,2.478,2.478,2.4768
2487,0.0,0.0014,0.0014,0.0003,0.0,1.0,0.0,2.3962,0.0,0.0,0.0,0.0,2.3962,2.3962,2.3955
2488,0.0,0.0021,0.0021,0.0004,0.0,1.0,0.0,2.4198,0.0,0.0,0.0,0.0,2.4198000000000004,2.4198000000000004,2.4191
2489,0.0,0.002,0.002,0.0004,0.0,1.0,0.0,2.3993,0.0,0.0,0.0,0.0,2.3993,2.3993,2.3975
2490,0.0,0.0021,0.0021,0.0004,0.0,1.0,0.0,2.8202,0.0,0.0,0.0,0.0,2.8202000000000003,2.8202000000000003,2.8178
2491,0.0,0.0022,0.0022,0.0004,0.0,1.0,0.0,2.7251,0.0,0.0,0.0,0.0,2.7251,2.7251,2.7268
2492,0.0,0.002,0.002,0.0004,0.0,1.0,0.0,2.6897,0.0,0.0,0.0,0.0,2.6897,2.6897,2.6859
2493,0.0,0.0021,0.0021,0.0004,0.0,1.0,0.0,2.2891,0.0,0.0,0.0,0.0,2.2891,2.2891,2.291
2494,0.0,0.0022,0.0022,0.0004,0.0,1.0,0.0,2.3641,0.0,0.0,0.0,0.0,2.3641,2.3641,2.3676
2495,0.0,0.0019,0.0019,0.0003,0.0,1.0,0.0,2.8526,0.0,0.0,0.0,0.0,2.8526,2.8526,2.8484
2496,0.0,0.0013,0.0013,0.0002,0.0,1.0,0.0,2.059,0.0,0.0,0.0,0.0,2.059,2.059,2.0576
2497,0.0,0.0026,0.0026,0.0005,0.0,1.0,0.0,2.3572,0.0,0.0,0.0,0.0,2.3572,2.3572,2.3581
2498,0.0,0.0018,0.0018,0.0003,0.0,1.0,0.0,2.452,0.0,0.0,0.0,0.0,2.4519999999999995,2.4519999999999995,2.4549
2499,0.0,0.0019,0.0019,0.0003,0.0,1.0,0.0,2.6853,0.0,0.0,0.0,0.0,2.6853,2.6853,2.6872
2500,0.0,0.0019,0.0019,0.0003,0.0,1.0,0.0,2.6728,0.0,0.0,0.0,0.0,2.6727999999999996,2.6727999999999996,2.6688
2501,0.0,0.0021,0.0021,0.0004,0.0,1.0,0.0,2.625,0.0,0.0,0.0,0.0,2.625,2.625,2.6261
2502,0.0,0.0023,0.0023,0.0004,0.0,1.0,0.0,2.4711,0.0,0.0,0.0,0.0,2.4711000000000003,2.4711000000000003,2.4726
2503,0.0,0.0015,0.0015,0.0003,0.0,1.0,0.0,2.328,0.0,0.0,0.0,0.0,2.328,2.328,2.3298
2504,0.0,0.0017,0.0017,0.0003,0.0,1.0,0.0,2.4327,0.0,0.0,0.0,0.0,2.4327,2.4327,2.428
2505,0.0,0.0023,0.0023,0.0004,0.0,1.0,0.0,2.7902,0.0,0.0,0.0,0.0,2.7901999999999996,2.7901999999999996,2.7896
2506,0.0,0.0024,0.0024,0.0004,0.0,1.0,0.0,2.4539,0.0,0.0,0.0,0.0,2.4539,2.4539,2.4568
2507,0.0,0.002,0.002,0.0004,0.0,1.0,0.0,2.7318,0.0,0.0,0.0,0.0,2.7318,2.7318,2.7273
2508,0.0,0.0016,0.0016,0.0003,0.0,1.0,0.0,2.4666,0.0,0.0,0.0,0.0,2.4666,2.4666,2.4649
2509,0.0,0.002,0.002,0.0004,0.0,1.0,0.0,2.1554,0.0,0.0,0.0,0.0,2.1554,2.1554,2.1512
2510,0.0,0.0015,0.0015,0.0003,0.0,1.0,0.0,1.9963,0.0,0.0,0.0,0.0,1.9963,1.9963,2.0
2511,0.0,0.0018,0.0018,0.0003,0.0,1.0,0.0,2.571,0.0,0.0,0.0,0.0,2.5709999999999997,2.5709999999999997,2.5758
2512,0.0,0.0021,0.0021,0.0004,0.0,1.0,0.0,2.2316,0.0,0.0,0.0,0.0,2.2316000000000003,2.2316000000000003,2.2337
2513,0.0,0.0018,0.0018,0.0003,0.0,1.0,0.0,2.2315,0.0,0.0,0.0,0.0,2.2315,2.2315,2.2332
2514,0.0,0.0017,0.0017,0.0003,0.0,1.0,0.0,2.1283,0.0,0.0,0.0,0.0,2.1283,2.1283,2.1312
2515,0.0,0.002,0.002,0.0004,0.0,1.0,0.0,2.4815,0.0,0.0,0.0,0.0,2.4815000000000005,2.4815000000000005,2.4821
2516,0.0,0.0015,0.0015,0.0003,0.0,1.0,0.0,2.3117,0.0,0.0,0.0,0.0,2.3117,2.3117,2.3107
2517,0.0,0.0018,0.0018,0.0003,0.0,1.0,0.0,2.5206,0.0,0.0,0.0,0.0,2.5206,2.5206,2.5188
2518,0.0,0.0017,0.0017,0.0003,0.0,1.0,0.0,2.3005,0.0,0.0,0.0,0.0,2.3005,2.3005,2.2991
2519,0.0,0.002,0.002,0.0004,0.0,1.0,0.0,2.3431,0.0,0.0,0.0,0.0,2.3430999999999997,2.3430999999999997,2.3471
2520,0.0,0.0022,0.0022,0.0004,0.0,1.0,0.0,2.3761,0.0,0.0,0.0,0.0,2.3761,2.3761,2.3719
2521,0.0,0.0013,0.0013,0.0002,0.0,1.0,0.0,2.1314,0.0,0.0,0.0,0.0,2.1314,2.1314,2.1295
2522,0.0,0.0018,0.0018,0.0003,0.0,1.0,0.0,2.4474,0.0,0.0,0.0,0.0,2.4474,2.4474,2.4492
2523,0.0,0.0014,0.0014,0.0003,0.0,1.0,0.0,1.9616,0.0,0.0,0.0,0.0,1.9616000000000002,1.9616000000000002,1.9616
2524,0.0,0.002,0.002,0.0004,0.0,1.0,0.0,2.5475,0.0,0.0,0.0,0.0,2.5475,2.5475,2.5515
2525,0.0,0.0022,0.0022,0.0004,0.0,1.0,0.0,2.4656,0.0,0.0,0.0,0.0,2.4656,2.4656,2.4694
2526,0.0,0.0019,0.0019,0.0004,0.0,1.0,0.0,2.7494,0.0,0.0,0.0,0.0,2.7494,2.7494,2.7525
2527,0.0,0.0018,0.0018,0.0003,0.0,1.0,0.0,2.7561,0.0,0.0,0.0,0.0,2.7560999999999996,2.7560999999999996,2.7607
2528,0.0,0.0021,0.0021,0.0004,0.0,1.0,0.0,2.774,0.0,0.0,0.0,0.0,2.7740000000000005,2.7740000000000005,2.778
2529,0.0,0.0019,0.0019,0.0003,0.0,1.0,0.0,2.3283,0.0,0.0,0.0,0.0,2.3283,2.3283,2.3282
2530,0.0,0.002,0.002,0.0004,0.0,1.0,0.0,2.599,0.0,0.0,0.0,0.0,2.5989999999999998,2.5989999999999998,2.6014
2531,0.0,0.0015,0.0015,0.0003,0.0,1.0,0.0,2.2745,0.0,0.0,0.0,0.0,2.2745,2.2745,2.2701
2532,0.0,0.0017,0.0017,0.0003,0.0,1.0,0.0,2.5159,0.0,0.0,0.0,0.0,2.5159,2.5159,2.5174
2533,0.0,0.0018,0.0018,0.0003,0.0,1.0,0.0,2.4288,0.0,0.0,0.0,0.0,2.4288,2.4288,2.4318
2534,0.0,0.0014,0.0014,0.0002,0.0,1.0,0.0,1.91,0.0,0.0,0.0,0.0,1.9100000000000001,1.9100000000000001,1.9149
2535,0.0,0.0022,0.0022,0.0004,0.0,1.0,0.0,2.4352,0.0,0.0,0.0,0.0,2.4352,2.4352,2.4359
2536,0.0,0.0015,0.0015,0.0003,0.0,1.0,0.0,2.2565,0.0,0.0,0.0,0.0,2.2565,2.2565,2.2554
2537,0.0,0.0017,0.0017,0.0003,0.0,1.0,0.0,2.5862,0.0,0.0,0.0,0.0,2.5862,2.5862,2.5884
2538,0.0,0.0021,0.0021,0.0004,0.0,1.0,0.0,2.6676,0.0,0.0,0.0,0.0,2.6675999999999997,2.6675999999999997,2.6657
2539,0.0,0.0023,0.0023,0.0004,0.0,1.0,0.0,2.5491,0.0,0.0,0.0,0.0,2.5491,2.5491,2.5452
2540,0.0,0.0013,0.0013,0.0002,0.0,1.0,0.0,2.2284,0.0,0.0,0.0,0.0,2.2284,2.2284,2.2276
2541,0.0,0.002,0.002,0.0004,0.0,1.0,0.0,2.5856,0.0,0.0,0.0,0.0,2.5856000000000003,2.5856000000000003,2.5855
2542,0.0,0.0019,0.0019,0.0004,0.0,1.0,0.0,2.4082,0.0,0.0,0.0,0.0,2.4082,2.4082,2.4061
2543,0.0,0.0023,0.0023,0.0004,0.0,1.0,0.0,2.3122,0.0,0.0,0.0,0.0,2.3122,2.3122,2.309
2544,0.0,0.002,0.002,0.0004,0.0,1.0,0.0,2.8671,0.0,0.0,0.0,0.0,2.8671,2.8671,2.8696
2545,0.0,0.0014,0.0014,0.0003,0.0,1.0,0.0,2.2364,0.0,0.0,0.0,0.0,2.2364,2.2364,2.2339
2546,0.0,0.0016,0.0016,0.0003,0.0,1.0,0.0,2.5105,0.0,0.0,0.0,0.0,2.5104999999999995,2.5104999999999995,2.513
2547,0.0,0.0021,0.0021,0.0004,0.0,1.0,0.0,2.4674,0.0,0.0,0.0,0.0,2.4673999999999996,2.4673999999999996,2.4696
2548,0.0,0.0019,0.0019,0.0003,0.0,1.0,0.0,2.3402,0.0,0.0,0.0,0.0,2.3402000000000003,2.3402000000000003,2.3421
2549,0.0,0.0019,0.0019,0.0003,0.0,1.0,0.0,2.5719,0.0,0.0,0.0,0.0,2.5719,2.5719,2.5756
2550,0.0,0.0015,0.0015,0.0003,0.0,1.0,0.0,2.5139,0.0,0.0,0.0,0.0,2.5138999999999996,2.5138999999999996,2.509
2551,0.0,0.0016,0.0016,0.0003,0.0,1.0,0.0,2.0958,0.0,0.0,0.0,0.0,2.0958,2.0958,2.0915
2552,0.0,0.0022,0.0022,0.0004,0.0,1.0,0.0,2.5801,0.0,0.0,0.0,0.0,2.5801,2.5801,2.5765
2553,0.0,0.0023,0.0023,0.0004,0.0,1.0,0.0,3.0453,0.0,0.0,0.0,0.0,3.0452999999999997,3.0452999999999997,3.0413
2554,0.0,0.0019,0.0019,0.0003,0.0,1.0,0.0,2.5808,0.0,0.0,0.0,0.0,2.5807999999999995,2.5807999999999995,2.5775
2555,0.0,0.0028,0.0028,0.0005,0.0,1.0,0.0,2.7127,0.0,0.0,0.0,0.0,2.7127,2.7127,2.7116
2556,0.0,0.0018,0.0018,0.0003,0.0,1.0,0.0,2.3169,0.0,0.0,0.0,0.0,2.3169000000000004,2.3169000000000004,2.3171
2557,0.0,0.0019,0.0019,0.0003,0.0,1.0,0.0,2.4412,0.0,0.0,0.0,0.0,2.4411999999999994,2.4411999999999994,2.4388
2558,0.0,0.002,0.002,0.0004,0.0,1.0,0.0,2.5585,0.0,0.0,0.0,0.0,2.5585,2.5585,2.5572
2559,0.0,0.0017,0.0017,0.0003,0.0,1.0,0.0,2.3825,0.0,0.0,0.0,0.0,2.3824999999999994,2.3824999999999994,2.3801
2560,0.0,0.002,0.002,0.0004,0.0,1.0,0.0,2.2879,0.0,0.0,0.0,0.0,2.2879,2.2879,2.2883
2561,0.0,0.0014,0.0014,0.0003,0.0,1.0,0.0,2.07,0.0,0.0,0.0,0.0,2.07,2.07,2.0739
2562,0.0,0.0018,0.0018,0.0003,0.0,1.0,0.0,2.3282,0.0,0.0,0.0,0.0,2.3282000000000003,2.3282000000000003,2.3315
2563,0.0,0.0016,0.0016,0.0003,0.0,1.0,0.0,2.7172,0.0,0.0,0.0,0.0,2.7172,2.7172,2.7185
2564,0.0,0.0018,0.0018,0.0003,0.0,1.0,0.0,2.5654,0.0,0.0,0.0,0.0,2.5654,2.5654,2.5607
2565,0.0,0.0024,0.0024,0.0004,0.0,1.0,0.0,2.7427,0.0,0.0,0.0,0.0,2.7427,2.7427,2.7437
2566,0.0,0.002,0.002,0.0004,0.0,1.0,0.0,2.3508,0.0,0.0,0.0,0.0,2.3508,2.3508,2.3556
2567,0.0,0.0021,0.0021,0.0004,0.0,1.0,0.0,2.1548,0.0,0.0,0.0,0.0,2.1548000000000003,2.1548000000000003,2.1577
2568,0.0,0.0014,0.0014,0.0002,0.0,1.0,0.0,1.8986,0.0,0.0,0.0,0.0,1.8986,1.8986,1.9007
2569,0.0,0.0029,0.0029,0.0005,0.0,1.0,0.0,3.0437,0.0,0.0,0.0,0.0,3.0437000000000003,3.0437000000000003,3.048
2570,0.0,0.0024,0.0024,0.0004,0.0,1.0,0.0,2.3483,0.0,0.0,0.0,0.0,2.3483,2.3483,2.3473
2571,0.0,0.0019,0.0019,0.0003,0.0,1.0,0.0,2.6018,0.0,0.0,0.0,0.0,2.6018,2.6018,2.6026
2572,0.0,0.002,0.002,0.0004,0.0,1.0,0.0,2.3889,0.0,0.0,0.0,0.0,2.3888999999999996,2.3888999999999996,2.3901
2573,0.0,0.002,0.002,0.0004,0.0,1.0,0.0,2.3642,0.0,0.0,0.0,0.0,2.3642,2.3642,2.367
2574,0.0,0.0024,0.0024,0.0004,0.0,1.0,0.0,2.5184,0.0,0.0,0.0,0.0,2.5184,2.5184,2.5217
2575,0.0,0.0012,0.0012,0.0002,0.0,1.0,0.0,1.8294,0.0,0.0,0.0,0.0,1.8294,1.8294,1.826
2576,0.0,0.0022,0.0022,0.0004,0.0,1.0,0.0,2.9216,0.0,0.0,0.0,0.0,2.9215999999999998,2.9215999999999998,2.9259
2577,0.0,0.0019,0.0019,0.0003,0.0,1.0,0.0,2.7372,0.0,0.0,0.0,0.0,2.7372,2.7372,2.7344
2578,0.0,0.0018,0.0018,0.0003,0.0,1.0,0.0,2.4952,0.0,0.0,0.0,0.0,2.4951999999999996,2.4951999999999996,2.4923
2579,0.0,0.0028,0.0028,0.0005,0.0,1.0,0.0,2.9674,0.0,0.0,0.0,0.0,2.9674,2.9674,2.9687
2580,0.0,0.002,0.002,0.0004,0.0,1.0,0.0,2.7715,0.0,0.0,0.0,0.0,2.7715,2.7715,2.7704
2581,0.0,0.002,0.002,0.0004,0.0,1.0,0.0,2.6954,0.0,0.0,0.0,0.0,2.6954000000000002,2.6954000000000002,2.6905
2582,0.0,0.0028,0.0028,0.0005,0.0,1.0,0.0,2.8872,0.0,0.0,0.0,0.0,2.8872,2.8872,2.892
2583,0.0,0.0021,0.0021,0.0004,0.0,1.0,0.0,2.5585,0.0,0.0,0.0,0.0,2.5584999999999996,2.5584999999999996,2.5541
2584,0.0,0.0017,0.0017,0.0003,0.0,1.0,0.0,2.9422,0.0,0.0,0.0,0.0,2.9421999999999997,2.9421999999999997,2.9384
2585,0.0,0.0022,0.0022,0.0004,0.0,1.0,0.0,2.6681,0.0,0.0,0.0,0.0,2.6681,2.6681,2.668
2586,0.0,0.0015,0.0015,0.0003,0.0,1.0,0.0,2.2675,0.0,0.0,0.0,0.0,2.2675,2.2675,2.2686
2587,0.0,0.0017,0.0017,0.0003,0.0,1.0,0.0,2.6366,0.0,0.0,0.0,0.0,2.6366,2.6366,2.6328
2588,0.0,0.0017,0.0017,0.0003,0.0,1.0,0.0,2.4312,0.0,0.0,0.0,0.0,2.4311999999999996,2.4311999999999996,2.4284
2589,0.0,0.0015,0.0015,0.0003,0.0,1.0,0.0,2.0932,0.0,0.0,0.0,0.0,2.0932,2.0932,2.096
2590,0.0,0.0014,0.0014,0.0003,0.0,1.0,0.0,2.22,0.0,0.0,0.0,0.0,2.22,2.22,2.2181
2591,0.0,0.0023,0.0023,0.0004,0.0,1.0,0.0,2.8781,0.0,0.0,0.0,0.0,2.8781,2.8781,2.8761
2592,0.0,0.0014,0.0014,0.0002,0.0,1.0,0.0,1.8906,0.0,0.0,0.0,0.0,1.8906,1.8906,1.8929
2593,0.0,0.0013,0.0013,0.0002,0.0,1.0,0.0,2.0177,0.0,0.0,0.0,0.0,2.0177,2.0177,2.0158
2594,0.0,0.0018,0.0018,0.0003,0.0,1.0,0.0,1.9475,0.0,0.0,0.0,0.0,1.9474999999999998,1.9474999999999998,1.949
2595,0.0,0.0015,0.0015,0.0003,0.0,1.0,0.0,2.2341,0.0,0.0,0.0,0.0,2.2340999999999998,2.2340999999999998,2.234
2596,0.0,0.0019,0.0019,0.0004,0.0,1.0,0.0,2.0767,0.0,0.0,0.0,0.0,2.0766999999999998,2.0766999999999998,2.0815
2597,0.0,0.0016,0.0016,0.0003,0.0,1.0,0.0,1.9393,0.0,0.0,0.0,0.0,1.9393000000000002,1.9393000000000002,1.941
2598,0.0,0.0021,0.0021,0.0004,0.0,1.0,0.0,2.7607,0.0,0.0,0.0,0.0,2.7607,2.7607,2.7645
2599,0.0,0.0024,0.0024,0.0004,0.0,1.0,0.0,2.4359,0.0,0.0,0.0,0.0,2.4359,2.4359,2.4375
2600,0.0,0.0015,0.0015,0.0003,0.0,1.0,0.0,2.2429,0.0,0.0,0.0,0.0,2.2429,2.2429,2.2405
2601,0.0,0.0016,0.0016,0.0003,0.0,1.0,0.0,2.1127,0.0,0.0,0.0,0.0,2.1127000000000002,2.1127000000000002,2.1081
2602,0.0,0.0022,0.0022,0.0004,0.0,1.0,0.0,2.5398,0.0,0.0,0.0,0.0,2.5398,2.5398,2.5365
2603,0.0,0.0019,0.0019,0.0003,0.0,1.0,0.0,2.1727,0.0,0.0,0.0,0.0,2.1727,2.1727,2.1692
2604,0.0,0.0018,0.0018,0.0003,0.0,1.0,0.0,2.3423,0.0,0.0,0.0,0.0,2.3423000000000003,2.3423000000000003,2.3434
2605,0.0,0.0014,0.0014,0.0003,0.0,1.0,0.0,2.2473,0.0,0.0,0.0,0.0,2.2473,2.2473,2.2522
2606,0.0,0.002,0.002,0.0004,0.0,1.0,0.0,2.2668,0.0,0.0,0.0,0.0,2.2668,2.2668,2.2711
2607,0.0,0.0014,0.0014,0.0002,0.0,1.0,0.0,1.9853,0.0,0.0,0.0,0.0,1.9853,1.9853,1.99
2608,0.0,0.0025,0.0025,0.0004,0.0,1.0,0.0,3.2357,0.0,0.0,0.0,0.0,3.2357000000000005,3.2357000000000005,3.2396
2609,0.0,0.003,0.003,0.0005,0.0,1.0,0.0,3.0149,0.0,0.0,0.0,0.0,3.0149,3.0149,3.0126
2610,0.0,0.0018,0.0018,0.0003,0.0,1.0,0.0,2.3433,0.0,0.0,0.0,0.0,2.3433,2.3433,2.3399
2611,0.0,0.0017,0.0017,0.0003,0.0,1.0,0.0,2.3693,0.0,0.0,0.0,0.0,2.3693,2.3693,2.3659
2612,0.0,0.0017,0.0017,0.0003,0.0,1.0,0.0,2.0938,0.0,0.0,0.0,0.0,2.0938,2.0938,2.0904
2613,0.0,0.0017,0.0017,0.0003,0.0,1.0,0.0,2.4091,0.0,0.0,0.0,0.0,2.4091,2.4091,2.4059
2614,0.0,0.0021,0.0021,0.0004,0.0,1.0,0.0,2.6361,0.0,0.0,0.0,0.0,2.6361,2.6361,2.633
2615,0.0,0.0027,0.0027,0.0005,0.0,1.0,0.0,2.898,0.0,0.0,0.0,0.0,2.8980000000000006,2.8980000000000006,2.9007
2616,0.0,0.0025,0.0025,0.0005,0.0,1.0,0.0,2.2541,0.0,0.0,0.0,0.0,2.2540999999999998,2.2540999999999998,2.2512
2617,0.0,0.0017,0.0017,0.0003,0.0,1.0,0.0,2.1808,0.0,0.0,0.0,0.0,2.1808,2.1808,2.1822
2618,0.0,0.0014,0.0014,0.0002,0.0,1.0,0.0,2.0913,0.0,0.0,0.0,0.0,2.0913,2.0913,2.0954
2619,0.0,0.0016,0.0016,0.0003,0.0,1.0,0.0,2.1627,0.0,0.0,0.0,0.0,2.1627,2.1627,2.1636
2620,0.0,0.0015,0.0015,0.0003,0.0,1.0,0.0,2.2855,0.0,0.0,0.0,0.0,2.2855,2.2855,2.287
2621,0.0,0.0022,0.0022,0.0004,0.0,1.0,0.0,2.6882,0.0,0.0,0.0,0.0,2.6882,2.6882,2.6882
2622,0.0,0.0022,0.0022,0.0004,0.0,1.0,0.0,2.6244,0.0,0.0,0.0,0.0,2.6244,2.6244,2.6234
2623,0.0,0.0022,0.0022,0.0004,0.0,1.0,0.0,2.9324,0.0,0.0,0.0,0.0,2.9324,2.9324,2.9322
2624,0.0,0.0019,0.0019,0.0003,0.0,1.0,0.0,2.5236,0.0,0.0,0.0,0.0,2.5236,2.5236,2.5198
2625,0.0,0.0019,0.0019,0.0003,0.0,1.0,0.0,2.1575,0.0,0.0,0.0,0.0,2.1575,2.1575,2.1576
2626,0.0,0.0013,0.0013,0.0002,0.0,1.0,0.0,2.0254,0.0,0.0,0.0,0.0,2.0254,2.0254,2.0292
2627,0.0,0.0014,0.0014,0.0003,0.0,1.0,0.0,2.2457,0.0,0.0,0.0,0.0,2.2457000000000003,2.2457000000000003,2.2436
2628,0.0,0.0029,0.0029,0.0005,0.0,1.0,0.0,2.7647,0.0,0.0,0.0,0.0,2.7647,2.7647,2.7608
2629,0.0,0.0024,0.0024,0.0004,0.0,1.0,0.0,2.872,0.0,0.0,0.0,0.0,2.872,2.872,2.8763
2630,0.0,0.0022,0.0022,0.0004,0.0,1.0,0.0,2.2819,0.0,0.0,0.0,0.0,2.2819,2.2819,2.2798
2631,0.0,0.0022,0.0022,0.0004,0.0,1.0,0.0,2.5925,0.0,0.0,0.0,0.0,2.5925,2.5925,2.5922
2632,0.0,0.0019,0.0019,0.0003,0.0,1.0,0.0,2.8668,0.0,0.0,0.0,0.0,2.8668000000000005,2.8668000000000005,2.8634
2633,0.0,0.0023,0.0023,0.0004,0.0,1.0,0.0,2.3667,0.0,0.0,0.0,0.0,2.3667,2.3667,2.3671
2634,0.0,0.0019,0.0019,0.0003,0.0,1.0,0.0,2.7131,0.0,0.0,0.0,0.0,2.7131000000000003,2.7131000000000003,2.7139
2635,0.0,0.0018,0.0018,0.0003,0.0,1.0,0.0,2.3103,0.0,0.0,0.0,0.0,2.3103,2.3103,2.3054
2636,0.0,0.0012,0.0012,0.0002,0.0,1.0,0.0,1.8784,0.0,0.0,0.0,0.0,1.8784,1.8784,1.8811
2637,0.0,0.0019,0.0019,0.0003,0.0,1.0,0.0,2.0123,0.0,0.0,0.0,0.0,2.0122999999999998,2.0122999999999998,2.0133
2638,0.0,0.0016,0.0016,0.0003,0.0,1.0,0.0,2.7791,0.0,0.0,0.0,0.0,2.7790999999999997,2.7790999999999997,2.7774
2639,0.0,0.0017,0.0017,0.0003,0.0,1.0,0.0,2.0159,0.0,0.0,0.0,0.0,2.0159,2.0159,2.0111
2640,0.0,0.0026,0.0026,0.0005,0.0,1.0,0.0,3.0089,0.0,0.0,0.0,0.0,3.0088999999999997,3.0088999999999997,3.0106
2641,0.0,0.002,0.002,0.0004,0.0,1.0,0.0,2.6072,0.0,0.0,0.0,0.0,2.6071999999999997,2.6071999999999997,2.6037
2642,0.0,0.0017,0.0017,0.0003,0.0,1.0,0.0,2.3651,0.0,0.0,0.0,0.0,2.3651,2.3651,2.3636
2643,0.0,0.0021,0.0021,0.0004,0.0,1.0,0.0,2.5428,0.0,0.0,0.0,0.0,2.5427999999999997,2.5427999999999997,2.5455
2644,0.0,0.0025,0.0025,0.0005,0.0,1.0,0.0,3.0259,0.0,0.0,0.0,0.0,3.0259,3.0259,3.0307
2645,0.0,0.0022,0.0022,0.0004,0.0,1.0,0.0,2.6375,0.0,0.0,0.0,0.0,2.6375,2.6375,2.6407
2646,0.0,0.0017,0.0017,0.0003,0.0,1.0,0.0,2.2962,0.0,0.0,0.0,0.0,2.2962,2.2962,2.2935
2647,0.0,0.002,0.002,0.0004,0.0,1.0,0.0,2.5907,0.0,0.0,0.0,0.0,2.5907,2.5907,2.588
2648,0.0,0.0023,0.0023,0.0004,0.0,1.0,0.0,2.7405,0.0,0.0,0.0,0.0,2.7404999999999995,2.7404999999999995,2.7452
2649,0.0,0.0018,0.0018,0.0003,0.0,1.0,0.0,2.7441,0.0,0.0,0.0,0.0,2.7441000000000004,2.7441000000000004,2.7491
2650,0.0,0.0026,0.0026,0.0005,0.0,1.0,0.0,2.5313,0.0,0.0,0.0,0.0,2.5313,2.5313,2.53
2651,0.0,0.0019,0.0019,0.0003,0.0,1.0,0.0,2.8759,0.0,0.0,0.0,0.0,2.8759,2.8759,2.8807
2652,0.0,0.0023,0.0023,0.0004,0.0,1.0,0.0,2.6172,0.0,0.0,0.0,0.0,2.6172,2.6172,2.6199
2653,0.0,0.0016,0.0016,0.0003,0.0,1.0,0.0,2.3759,0.0,0.0,0.0,0.0,2.3758999999999997,2.3758999999999997,2.3726
2654,0.0,0.0016,0.0016,0.0003,0.0,1.0,0.0,2.862,0.0,0.0,0.0,0.0,2.862,2.862,2.8646
2655,0.0,0.002,0.002,0.0004,0.0,1.0,0.0,2.9656,0.0,0.0,0.0,0.0,2.9656,2.9656,2.9671
2656,0.0,0.0024,0.0024,0.0004,0.0,1.0,0.0,2.8449,0.0,0.0,0.0,0.0,2.8449,2.8449,2.8412
2657,0.0,0.0019,0.0019,0.0003,0.0,1.0,0.0,2.5261,0.0,0.0,0.0,0.0,2.5261,2.5261,2.5295
2658,0.0,0.0021,0.0021,0.0004,0.0,1.0,0.0,2.5716,0.0,0.0,0.0,0.0,2.5716,2.5716,2.571
2659,0.0,0.0014,0.0014,0.0003,0.0,1.0,0.0,1.9555,0.0,0.0,0.0,0.0,1.9554999999999998,1.9554999999999998,1.9534
2660,0.0,0.0018,0.0018,0.0003,0.0,1.0,0.0,2.366,0.0,0.0,0.0,0.0,2.366,2.366,2.3626
2661,0.0,0.0023,0.0023,0.0004,0.0,1.0,0.0,2.8346,0.0,0.0,0.0,0.0,2.8346000000000005,2.8346000000000005,2.8353
2662,0.0,0.0021,0.0021,0.0004,0.0,1.0,0.0,2.5089,0.0,0.0,0.0,0.0,2.5088999999999997,2.5088999999999997,2.5069
2663,0.0,0.0024,0.0024,0.0004,0.0,1.0,0.0,2.4853,0.0,0.0,0.0,0.0,2.4853,2.4853,2.4805
2664,0.0,0.0021,0.0021,0.0004,0.0,1.0,0.0,2.6291,0.0,0.0,0.0,0.0,2.6290999999999998,2.6290999999999998,2.6313
2665,0.0,0.0022,0.0022,0.0004,0.0,1.0,0.0,2.5319,0.0,0.0,0.0,0.0,2.5319,2.5319,2.5332
2666,0.0,0.0018,0.0018,0.0003,0.0,1.0,0.0,2.633,0.0,0.0,0.0,0.0,2.633,2.633,2.6324
2667,0.0,0.0023,0.0023,0.0004,0.0,1.0,0.0,2.8777,0.0,0.0,0.0,0.0,2.8777000000000004,2.8777000000000004,2.8823
2668,0.0,0.0018,0.0018,0.0003,0.0,1.0,0.0,2.211,0.0,0.0,0.0,0.0,2.2110000000000003,2.2110000000000003,2.2094
2669,0.0,0.002,0.002,0.0004,0.0,1.0,0.0,1.9541,0.0,0.0,0.0,0.0,1.9541,1.9541,1.9574
2670,0.0,0.0028,0.0028,0.0005,0.0,1.0,0.0,2.9331,0.0,0.0,0.0,0.0,2.9331,2.9331,2.9345
2671,0.0,0.0012,0.0012,0.0002,0.0,1.0,0.0,2.0446,0.0,0.0,0.0,0.0,2.0446,2.0446,2.0427
2672,0.0,0.0018,0.0018,0.0003,0.0,1.0,0.0,2.5646,0.0,0.0,0.0,0.0,2.5645999999999995,2.5645999999999995,2.5688
2673,0.0,0.0017,0.0017,0.0003,0.0,1.0,0.0,2.7328,0.0,0.0,0.0,0.0,2.7328,2.7328,2.7377
2674,0.0,0.0023,0.0023,0.0004,0.0,1.0,0.0,2.6545,0.0,0.0,0.0,0.0,2.6544999999999996,2.6544999999999996,2.6537
2675,0.0,0.0015,0.0015,0.0003,0.0,1.0,0.0,2.4226,0.0,0.0,0.0,0.0,2.4226,2.4226,2.4177
2676,0.0,0.0023,0.0023,0.0004,0.0,1.0,0.0,2.9954,0.0,0.0,0.0,0.0,2.9954,2.9954,2.9924
2677,0.0,0.0022,0.0022,0.0004,0.0,1.0,0.0,2.3374,0.0,0.0,0.0,0.0,2.3373999999999997,2.3373999999999997,2.3338
2678,0.0,0.0029,0.0029,0.0005,0.0,1.0,0.0,2.4779,0.0,0.0,0.0,0.0,2.4779,2.4779,2.4749
2679,0.0,0.0014,0.0014,0.0003,0.0,1.0,0.0,2.3903,0.0,0.0,0.0,0.0,2.3903,2.3903,2.3863
2680,0.0,0.0021,0.0021,0.0004,0.0,1.0,0.0,2.7894,0.0,0.0,0.0,0.0,2.7894,2.7894,2.7885
2681,0.0,0.0019,0.0019,0.0003,0.0,1.0,0.0,2.4911,0.0,0.0,0.0,0.0,2.4911,2.4911,2.4912
2682,0.0,0.0023,0.0023,0.0004,0.0,1.0,0.0,2.3281,0.0,0.0,0.0,0.0,2.3281,2.3281,2.3262
2683,0.0,0.0014,0.0014,0.0003,0.0,1.0,0.0,2.2703,0.0,0.0,0.0,0.0,2.2702999999999998,2.2702999999999998,2.2707
2684,0.0,0.0015,0.0015,0.0003,0.0,1.0,0.0,2.0866,0.0,0.0,0.0,0.0,2.0866,2.0866,2.0846
2685,0.0,0.0015,0.0015,0.0003,0.0,1.0,0.0,1.9388,0.0,0.0,0.0,0.0,1.9388,1.9388,1.9386
2686,0.0,0.0015,0.0015,0.0003,0.0,1.0,0.0,2.1739,0.0,0.0,0.0,0.0,2.1738999999999997,2.1738999999999997,2.1748
2687,0.0,0.002,0.002,0.0004,0.0,1.0,0.0,2.375,0.0,0.0,0.0,0.0,2.375,2.375,2.3708
2688,0.0,0.0016,0.0016,0.0003,0.0,1.0,0.0,2.331,0.0,0.0,0.0,0.0,2.331,2.331,2.326
2689,0.0,0.0016,0.0016,0.0003,0.0,1.0,0.0,2.4003,0.0,0.0,0.0,0.0,2.4003,2.4003,2.3985
2690,0.0,0.0015,0.0015,0.0003,0.0,1.0,0.0,2.381,0.0,0.0,0.0,0.0,2.3810000000000002,2.3810000000000002,2.3817
2691,0.0,0.0012,0.0012,0.0002,0.0,1.0,0.0,2.2528,0.0,0.0,0.0,0.0,2.2528,2.2528,2.2497
2692,0.0,0.002,0.002,0.0004,0.0,1.0,0.0,2.254,0.0,0.0,0.0,0.0,2.254,2.254,2.2553
2693,0.0,0.0016,0.0016,0.0003,0.0,1.0,0.0,2.2361,0.0,0.0,0.0,0.0,2.2361000000000004,2.2361000000000004,2.2343
2694,0.0,0.0019,0.0019,0.0003,0.0,1.0,0.0,2.5285,0.0,0.0,0.0,0.0,2.5284999999999997,2.5284999999999997,2.5315
2695,0.0,0.0015,0.0015,0.0003,0.0,1.0,0.0,2.6319,0.0,0.0,0.0,0.0,2.6319,2.6319,2.6338
2696,0.0,0.0022,0.0022,0.0004,0.0,1.0,0.0,2.5543,0.0,0.0,0.0,0.0,2.5542999999999996,2.5542999999999996,2.5514
2697,0.0,0.002,0.002,0.0004,0.0,1.0,0.0,2.2569,0.0,0.0,0.0,0.0,2.2569,2.2569,2.2541
2698,0.0,0.0017,0.0017,0.0003,0.0,1.0,0.0,2.2483,0.0,0.0,0.0,0.0,2.2483,2.2483,2.2435
2699,0.0,0.0017,0.0017,0.0003,0.0,1.0,0.0,2.5318,0.0,0.0,0.0,0.0,2.5318,2.5318,2.5283
2700,0.0,0.0016,0.0016,0.0003,0.0,1.0,0.0,2.3628,0.0,0.0,0.0,0.0,2.3628,2.3628,2.365
2701,0.0,0.0018,0.0018,0.0003,0.0,1.0,0.0,2.3689,0.0,0.0,0.0,0.0,2.3689,2.3689,2.3666
2702,0.0,0.002,0.002,0.0004,0.0,1.0,0.0,2.7998,0.0,0.0,0.0,0.0,2.7998,2.7998,2.8028
2703,0.0,0.0021,0.0021,0.0004,0.0,1.0,0.0,2.8136,0.0,0.0,0.0,0.0,2.8136,2.8136,2.818
2704,0.0,0.0012,0.0012,0.0002,0.0,1.0,0.0,2.1457,0.0,0.0,0.0,0.0,2.1456999999999997,2.1456999999999997,2.1479
2705,0.0,0.0019,0.0019,0.0003,0.0,1.0,0.0,2.5585,0.0,0.0,0.0,0.0,2.5585000000000004,2.5585000000000004,2.5599
2706,0.0,0.0016,0.0016,0.0003,0.0,1.0,0.0,2.1328,0.0,0.0,0.0,0.0,2.1327999999999996,2.1327999999999996,2.1363
2707,0.0,0.0017,0.0017,0.0003,0.0,1.0,0.0,1.9977,0.0,0.0,0.0,0.0,1.9977,1.9977,1.9975
2708,0.0,0.0029,0.0029,0.0005,0.0,1.0,0.0,2.6644,0.0,0.0,0.0,0.0,2.6644,2.6644,2.663
2709,0.0,0.0016,0.0016,0.0003,0.0,1.0,0.0,1.9507,0.0,0.0,0.0,0.0,1.9506999999999999,1.9506999999999999,1.9517
2710,0.0,0.0016,0.0016,0.0003,0.0,1.0,0.0,2.4437,0.0,0.0,0.0,0.0,2.4436999999999998,2.4436999999999998,2.4438
2711,0.0,0.0019,0.0019,0.0003,0.0,1.0,0.0,2.6513,0.0,0.0,0.0,0.0,2.6513,2.6513,2.6513
2712,0.0,0.0021,0.0021,0.0004,0.0,1.0,0.0,2.2507,0.0,0.0,0.0,0.0,2.2506999999999997,2.2506999999999997,2.2458
2713,0.0,0.0014,0.0014,0.0003,0.0,1.0,0.0,2.0885,0.0,0.0,0.0,0.0,2.0885,2.0885,2.0865
2714,0.0,0.002,0.002,0.0004,0.0,1.0,0.0,2.8991,0.0,0.0,0.0,0.0,2.8991000000000002,2.8991000000000002,2.8959
2715,0.0,0.0014,0.0014,0.0003,0.0,1.0,0.0,1.9123,0.0,0.0,0.0,0.0,1.9122999999999999,1.9122999999999999,1.9116
2716,0.0,0.0013,0.0013,0.0002,0.0,1.0,0.0,2.2087,0.0,0.0,0.0,0.0,2.2087000000000003,2.2087000000000003,2.2094
2717,0.0,0.0019,0.0019,0.0003,0.0,1.0,0.0,2.257,0.0,0.0,0.0,0.0,2.2569999999999997,2.2569999999999997,2.2576
2718,0.0,0.0019,0.0019,0.0003,0.0,1.0,0.0,2.4145,0.0,0.0,0.0,0.0,2.4145,2.4145,2.4183
2719,0.0,0.0017,0.0017,0.0003,0.0,1.0,0.0,2.6872,0.0,0.0,0.0,0.0,2.6872000000000003,2.6872000000000003,2.6882
2720,0.0,0.0017,0.0017,0.0003,0.0,1.0,0.0,2.4473,0.0,0.0,0.0,0.0,2.4473000000000003,2.4473000000000003,2.4464
2721,0.0,0.0018,0.0018,0.0003,0.0,1.0,0.0,2.4727,0.0,0.0,0.0,0.0,2.4727,2.4727,2.4771
2722,0.0,0.0025,0.0025,0.0004,0.0,1.0,0.0,2.9087,0.0,0.0,0.0,0.0,2.9087,2.9087,2.9118
2723,0.0,0.002,0.002,0.0004,0.0,1.0,0.0,2.6539,0.0,0.0,0.0,0.0,2.6539,2.6539,2.6497
2724,0.0,0.0022,0.0022,0.0004,0.0,1.0,0.0,2.4368,0.0,0.0,0.0,0.0,2.4368000000000003,2.4368000000000003,2.4333
2725,0.0,0.0018,0.0018,0.0003,0.0,1.0,0.0,2.6392,0.0,0.0,0.0,0.0,2.6392,2.6392,2.6403
2726,0.0,0.002,0.002,0.0004,0.0,1.0,0.0,2.5066,0.0,0.0,0.0,0.0,2.5066,2.5066,2.5085
2727,0.0,0.0024,0.0024,0.0004,0.0,1.0,0.0,2.5821,0.0,0.0,0.0,0.0,2.5821,2.5821,2.5829
2728,0.0,0.0023,0.0023,0.0004,0.0,1.0,0.0,2.6633,0.0,0.0,0.0,0.0,2.6633,2.6633,2.6639
2729,0.0,0.002,0.002,0.0004,0.0,1.0,0.0,2.12,0.0,0.0,0.0,0.0,2.12,2.12,2.1246
2730,0.0,0.0018,0.0018,0.0003,0.0,1.0,0.0,2.3337,0.0,0.0,0.0,0.0,2.3337000000000003,2.3337000000000003,2.3327
2731,0.0,0.0028,0.0028,0.0005,0.0,1.0,0.0,2.6521,0.0,0.0,0.0,0.0,2.6521000000000003,2.6521000000000003,2.6483
2732,0.0,0.0017,0.0017,0.0003,0.0,1.0,0.0,2.4594,0.0,0.0,0.0,0.0,2.4594000000000005,2.4594000000000005,2.4608
2733,0.0,0.0027,0.0027,0.0005,0.0,1.0,0.0,3.2407,0.0,0.0,0.0,0.0,3.2407000000000004,3.2407000000000004,3.2431
2734,0.0,0.0021,0.0021,0.0004,0.0,1.0,0.0,2.3885,0.0,0.0,0.0,0.0,2.3884999999999996,2.3884999999999996,2.3892
2735,0.0,0.0017,0.0017,0.0003,0.0,1.0,0.0,2.6248,0.0,0.0,0.0,0.0,2.6248,2.6248,2.6243
2736,0.0,0.0013,0.0013,0.0002,0.0,1.0,0.0,2.3252,0.0,0.0,0.0,0.0,2.3252,2.3252,2.3233
2737,0.0,0.0011,0.0011,0.0002,0.0,1.0,0.0,2.1206,0.0,0.0,0.0,0.0,2.1206,2.1206,2.1245
2738,0.0,0.002,0.002,0.0004,0.0,1.0,0.0,2.4264,0.0,0.0,0.0,0.0,2.4264,2.4264,2.4305
2739,0.0,0.0015,0.0015,0.0003,0.0,1.0,0.0,1.9502,0.0,0.0,0.0,0.0,1.9502000000000002,1.9502000000000002,1.9454
2740,0.0,0.0016,0.0016,0.0003,0.0,1.0,0.0,2.2273,0.0,0.0,0.0,0.0,2.2273,2.2273,2.2279
2741,0.0,0.0016,0.0016,0.0003,0.0,1.0,0.0,2.5346,0.0,0.0,0.0,0.0,2.5346,2.5346,2.5335
2742,0.0,0.0023,0.0023,0.0004,0.0,1.0,0.0,2.6024,0.0,0.0,0.0,0.0,2.6024000000000003,2.6024000000000003,2.6028
2743,0.0,0.0018,0.0018,0.0003,0.0,1.0,0.0,2.0079,0.0,0.0,0.0,0.0,2.0079000000000002,2.0079000000000002,2.0037
2744,0.0,0.0012,0.0012,0.0002,0.0,1.0,0.0,2.0345,0.0,0.0,0.0,0.0,2.0345,2.0345,2.0332
2745,0.0,0.0026,0.0026,0.0005,0.0,1.0,0.0,2.6379,0.0,0.0,0.0,0.0,2.6379,2.6379,2.636
2746,0.0,0.0022,0.0022,0.0004,0.0,1.0,0.0,2.6105,0.0,0.0,0.0,0.0,2.6105,2.6105,2.6141
2747,0.0,0.0018,0.0018,0.0003,0.0,1.0,0.0,2.2499,0.0,0.0,0.0,0.0,2.2499000000000002,2.2499000000000002,2.2512
2748,0.0,0.0023,0.0023,0.0004,0.0,1.0,0.0,2.9574,0.0,0.0,0.0,0.0,2.9574,2.9574,2.956
2749,0.0,0.0022,0.0022,0.0004,0.0,1.0,0.0,2.442,0.0,0.0,0.0,0.0,2.4419999999999997,2.4419999999999997,2.4438
2750,0.0,0.0017,0.0017,0.0003,0.0,1.0,0.0,2.2508,0.0,0.0,0.0,0.0,2.2508,2.2508,2.2521
2751,0.0,0.0012,0.0012,0.0002,0.0,1.0,0.0,1.9872,0.0,0.0,0.0,0.0,1.9872000000000003,1.9872000000000003,1.9835
2752,0.0,0.0024,0.0024,0.0004,0.0,1.0,0.0,2.5229,0.0,0.0,0.0,0.0,2.5229,2.5229,2.524
2753,0.0,0.0018,0.0018,0.0003,0.0,1.0,0.0,2.2906,0.0,0.0,0.0,0.0,2.2906,2.2906,2.2889
2754,0.0,0.0023,0.0023,0.0004,0.0,1.0,0.0,2.2742,0.0,0.0,0.0,0.0,2.2742,2.2742,2.2776
2755,0.0,0.0015,0.0015,0.0003,0.0,1.0,0.0,2.0597,0.0,0.0,0.0,0.0,2.0597,2.0597,2.0625
2756,0.0,0.0026,0.0026,0.0005,0.0,1.0,0.0,2.5036,0.0,0.0,0.0,0.0,2.5036,2.5036,2.501
2757,0.0,0.0022,0.0022,0.0004,0.0,1.0,0.0,2.6734,0.0,0.0,0.0,0.0,2.6734,2.6734,2.6761
2758,0.0,0.0024,0.0024,0.0004,0.0,1.0,0.0,2.5065,0.0,0.0,0.0,0.0,2.5065,2.5065,2.5054
2759,0.0,0.001,0.001,0.0002,0.0,1.0,0.0,1.8375,0.0,0.0,0.0,0.0,1.8375,1.8375,1.834
2760,0.0,0.0016,0.0016,0.0003,0.0,1.0,0.0,2.3996,0.0,0.0,0.0,0.0,2.3996,2.3996,2.3971
2761,0.0,0.0018,0.0018,0.0003,0.0,1.0,0.0,2.4416,0.0,0.0,0.0,0.0,2.4415999999999998,2.4415999999999998,2.4439
2762,0.0,0.0026,0.0026,0.0005,0.0,1.0,0.0,2.5813,0.0,0.0,0.0,0.0,2.5813,2.5813,2.5777
2763,0.0,0.0017,0.0017,0.0003,0.0,1.0,0.0,2.049,0.0,0.0,0.0,0.0,2.049,2.049,2.0503
2764,0.0,0.0012,0.0012,0.0002,0.0,1.0,0.0,2.1268,0.0,0.0,0.0,0.0,2.1268000000000002,2.1268000000000002,2.1235
2765,0.0,0.0015,0.0015,0.0003,0.0,1.0,0.0,2.0314,0.0,0.0,0.0,0.0,2.0314,2.0314,2.0362
2766,0.0,0.0015,0.0015,0.0003,0.0,1.0,0.0,2.3791,0.0,0.0,0.0,0.0,2.3791,2.3791,2.3767
2767,0.0,0.002,0.002,0.0004,0.0,1.0,0.0,2.3988,0.0,0.0,0.0,0.0,2.3988,2.3988,2.3989
2768,0.0,0.0019,0.0019,0.0003,0.0,1.0,0.0,2.2207,0.0,0.0,0.0,0.0,2.2207,2.2207,2.2241
2769,0.0,0.0024,0.0024,0.0004,0.0,1.0,0.0,2.7206,0.0,0.0,0.0,0.0,2.7206,2.7206,2.7172
2770,0.0,0.0024,0.0024,0.0004,0.0,1.0,0.0,2.7408,0.0,0.0,0.0,0.0,2.7408,2.7408,2.7438
2771,0.0,0.0024,0.0024,0.0004,0.0,1.0,0.0,2.2874,0.0,0.0,0.0,0.0,2.2874000000000003,2.2874000000000003,2.2831
2772,0.0,0.0021,0.0021,0.0004,0.0,1.0,0.0,3.0011,0.0,0.0,0.0,0.0,3.0011,3.0011,3.002
2773,0.0,0.0015,0.0015,0.0003,0.0,1.0,0.0,2.0654,0.0,0.0,0.0,0.0,2.0654,2.0654,2.0632
2774,0.0,0.0018,0.0018,0.0003,0.0,1.0,0.0,2.1137,0.0,0.0,0.0,0.0,2.1137,2.1137,2.115
2775,0.0,0.0021,0.0021,0.0004,0.0,1.0,0.0,2.8443,0.0,0.0,0.0,0.0,2.8443,2.8443,2.8418
2776,0.0,0.0021,0.0021,0.0004,0.0,1.0,0.0,2.7487,0.0,0.0,0.0,0.0,2.7487,2.7487,2.7534
2777,0.0,0.0024,0.0024,0.0004,0.0,1.0,0.0,2.5625,0.0,0.0,0.0,0.0,2.5625,2.5625,2.5602
2778,0.0,0.0017,0.0017,0.0003,0.0,1.0,0.0,2.0575,0.0,0.0,0.0,0.0,2.0575,2.0575,2.0541
2779,0.0,0.0019,0.0019,0.0003,0.0,1.0,0.0,2.5708,0.0,0.0,0.0,0.0,2.5708,2.5708,2.5697
2780,0.0,0.002,0.002,0.0004,0.0,1.0,0.0,2.8616,0.0,0.0,0.0,0.0,2.8616,2.8616,2.8624
2781,0.0,0.0022,0.0022,0.0004,0.0,1.0,0.0,2.7349,0.0,0.0,0.0,0.0,2.7349,2.7349,2.7385
2782,0.0,0.0017,0.0017,0.0003,0.0,1.0,0.0,2.0258,0.0,0.0,0.0,0.0,2.0258,2.0258,2.0266
2783,0.0,0.0016,0.0016,0.0003,0.0,1.0,0.0,2.5208,0.0,0.0,0.0,0.0,2.5208000000000004,2.5208000000000004,2.5159
2784,0.0,0.0015,0.0015,0.0003,0.0,1.0,0.0,2.0707,0.0,0.0,0.0,0.0,2.0707,2.0707,2.0699
2785,0.0,0.0016,0.0016,0.0003,0.0,1.0,0.0,2.5331,0.0,0.0,0.0,0.0,2.5331,2.5331,2.5368
2786,0.0,0.0023,0.0023,0.0004,0.0,1.0,0.0,2.4141,0.0,0.0,0.0,0.0,2.4141,2.4141,2.4094
2787,0.0,0.0025,0.0025,0.0004,0.0,1.0,0.0,2.6901,0.0,0.0,0.0,0.0,2.6901,2.6901,2.6903
2788,0.0,0.0016,0.0016,0.0003,0.0,1.0,0.0,2.2736,0.0,0.0,0.0,0.0,2.2735999999999996,2.2735999999999996,2.2755
2789,0.0,0.0023,0.0023,0.0004,0.0,1.0,0.0,2.6458,0.0,0.0,0.0,0.0,2.6458000000000004,2.6458000000000004,2.6463
2790,0.0,0.0021,0.0021,0.0004,0.0,1.0,0.0,2.3454,0.0,0.0,0.0,0.0,2.3454,2.3454,2.346
2791,0.0,0.0021,0.0021,0.0004,0.0,1.0,0.0,2.6809,0.0,0.0,0.0,0.0,2.6809000000000003,2.6809000000000003,2.6779
2792,0.0,0.0016,0.0016,0.0003,0.0,1.0,0.0,2.2192,0.0,0.0,0.0,0.0,2.2192,2.2192,2.2189
2793,0.0,0.0017,0.0017,0.0003,0.0,1.0,0.0,2.5667,0.0,0.0,0.0,0.0,2.5667,2.5667,2.57
2794,0.0,0.0021,0.0021,0.0004,0.0,1.0,0.0,2.5303,0.0,0.0,0.0,0.0,2.5302999999999995,2.5302999999999995,2.5341
2795,0.0,0.0021,0.0021,0.0004,0.0,1.0,0.0,2.7674,0.0,0.0,0.0,0.0,2.7674,2.7674,2.77
2796,0.0,0.0021,0.0021,0.0004,0.0,1.0,0.0,2.286,0.0,0.0,0.0,0.0,2.286,2.286,2.2836
2797,0.0,0.0013,0.0013,0.0002,0.0,1.0,0.0,2.5804,0.0,0.0,0.0,0.0,2.5804,2.5804,2.5816
2798,0.0,0.0019,0.0019,0.0003,0.0,1.0,0.0,2.627,0.0,0.0,0.0,0.0,2.6270000000000002,2.6270000000000002,2.6283
2799,0.0,0.0021,0.0021,0.0004,0.0,1.0,0.0,2.8982,0.0,0.0,0.0,0.0,2.8982,2.8982,2.8964
2800,0.0,0.0017,0.0017,0.0003,0.0,1.0,0.0,2.7744,0.0,0.0,0.0,0.0,2.7744,2.7744,2.7775
2801,0.0,0.0023,0.0023,0.0004,0.0,1.0,0.0,2.6991,0.0,0.0,0.0,0.0,2.6990999999999996,2.6990999999999996,2.6947
2802,0.0,0.002,0.002,0.0004,0.0,1.0,0.0,2.8934,0.0,0.0,0.0,0.0,2.8933999999999997,2.8933999999999997,2.8977
2803,0.0,0.0023,0.0023,0.0004,0.0,1.0,0.0,2.978,0.0,0.0,0.0,0.0,2.978,2.978,2.9769
2804,0.0,0.0023,0.0023,0.0004,0.0,1.0,0.0,2.9017,0.0,0.0,0.0,0.0,2.9017,2.9017,2.9
2805,0.0,0.0024,0.0024,0.0004,0.0,1.0,0.0,2.3736,0.0,0.0,0.0,0.0,2.3735999999999997,2.3735999999999997,2.3757
2806,0.0,0.0018,0.0018,0.0003,0.0,1.0,0.0,2.7706,0.0,0.0,0.0,0.0,2.7706,2.7706,2.7664
2807,0.0,0.0022,0.0022,0.0004,0.0,1.0,0.0,2.3924,0.0,0.0,0.0,0.0,2.3924000000000003,2.3924000000000003,2.3914
2808,0.0,0.0021,0.0021,0.0004,0.0,1.0,0.0,2.536,0.0,0.0,0.0,0.0,2.5360000000000005,2.5360000000000005,2.5341
2809,0.0,0.0024,0.0024,0.0004,0.0,1.0,0.0,2.9747,0.0,0.0,0.0,0.0,2.9747000000000003,2.9747000000000003,2.9716
2810,0.0,0.0024,0.0024,0.0004,0.0,1.0,0.0,2.0812,0.0,0.0,0.0,0.0,2.0812,2.0812,2.0798
2811,0.0,0.0024,0.0024,0.0004,0.0,1.0,0.0,3.0079,0.0,0.0,0.0,0.0,3.0079,3.0079,3.0078
2812,0.0,0.0017,0.0017,0.0003,0.0,1.0,0.0,1.9375,0.0,0.0,0.0,0.0,1.9375,1.9375,1.934
2813,0.0,0.0017,0.0017,0.0003,0.0,1.0,0.0,2.4124,0.0,0.0,0.0,0.0,2.4124,2.4124,2.4153
2814,0.0,0.0022,0.0022,0.0004,0.0,1.0,0.0,3.0633,0.0,0.0,0.0,0.0,3.0633,3.0633,3.0602
2815,0.0,0.0018,0.0018,0.0003,0.0,1.0,0.0,2.2138,0.0,0.0,0.0,0.0,2.2138,2.2138,2.2107
2816,0.0,0.0021,0.0021,0.0004,0.0,1.0,0.0,2.6651,0.0,0.0,0.0,0.0,2.6651,2.6651,2.6681
2817,0.0,0.0017,0.0017,0.0003,0.0,1.0,0.0,2.3908,0.0,0.0,0.0,0.0,2.3908,2.3908,2.393
2818,0.0,0.0019,0.0019,0.0003,0.0,1.0,0.0,2.7891,0.0,0.0,0.0,0.0,2.7891000000000004,2.7891000000000004,2.7859
2819,0.0,0.0019,0.0019,0.0003,0.0,1.0,0.0,2.2542,0.0,0.0,0.0,0.0,2.2542,2.2542,2.2562
2820,0.0,0.0019,0.0019,0.0003,0.0,1.0,0.0,2.4314,0.0,0.0,0.0,0.0,2.4314,2.4314,2.4326
2821,0.0,0.0023,0.0023,0.0004,0.0,1.0,0.0,2.8758,0.0,0.0,0.0,0.0,2.8758000000000004,2.8758000000000004,2.8748
2822,0.0,0.0019,0.0019,0.0003,0.0,1.0,0.0,2.8508,0.0,0.0,0.0,0.0,2.8508,2.8508,2.8528
2823,0.0,0.0027,0.0027,0.0005,0.0,1.0,0.0,2.7191,0.0,0.0,0.0,0.0,2.7190999999999996,2.7190999999999996,2.7166
2824,0.0,0.0012,0.0012,0.0002,0.0,1.0,0.0,2.2437,0.0,0.0,0.0,0.0,2.2437,2.2437,2.2479
2825,0.0,0.002,0.002,0.0004,0.0,1.0,0.0,2.671,0.0,0.0,0.0,0.0,2.671,2.671,2.6683
2826,0.0,0.0015,0.0015,0.0003,0.0,1.0,0.0,2.3034,0.0,0.0,0.0,0.0,2.3034,2.3034,2.2998
2827,0.0,0.0017,0.0017,0.0003,0.0,1.0,0.0,2.4826,0.0,0.0,0.0,0.0,2.4825999999999997,2.4825999999999997,2.486
2828,0.0,0.0014,0.0014,0.0003,0.0,1.0,0.0,2.4151,0.0,0.0,0.0,0.0,2.4151,2.4151,2.4152
2829,0.0,0.002,0.002,0.0004,0.0,1.0,0.0,2.5449,0.0,0.0,0.0,0.0,2.5449,2.5449,2.5472
2830,0.0,0.0019,0.0019,0.0003,0.0,1.0,0.0,3.0251,0.0,0.0,0.0,0.0,3.0250999999999997,3.0250999999999997,3.0263
2831,0.0,0.002,0.002,0.0004,0.0,1.0,0.0,2.4173,0.0,0.0,0.0,0.0,2.4173,2.4173,2.422
2832,0.0,0.002,0.002,0.0004,0.0,1.0,0.0,2.1866,0.0,0.0,0.0,0.0,2.1866,2.1866,2.1854
2833,0.0,0.0014,0.0014,0.0003,0.0,1.0,0.0,1.7543,0.0,0.0,0.0,0.0,1.7543,1.7543,1.7567
2834,0.0,0.0016,0.0016,0.0003,0.0,1.0,0.0,2.386,0.0,0.0,0.0,0.0,2.386,2.386,2.3845
2835,0.0,0.0016,0.0016,0.0003,0.0,1.0,0.0,2.7984,0.0,0.0,0.0,0.0,2.7984,2.7984,2.7936
2836,0.0,0.0019,0.0019,0.0003,0.0,1.0,0.0,2.5274,0.0,0.0,0.0,0.0,2.5273999999999996,2.5273999999999996,2.5322
2837,0.0,0.0021,0.0021,0.0004,0.0,1.0,0.0,2.562,0.0,0.0,0.0,0.0,2.5620000000000003,2.5620000000000003,2.5585
2838,0.0,0.0024,0.0024,0.0004,0.0,1.0,0.0,2.5348,0.0,0.0,0.0,0.0,2.5348,2.5348,2.53
2839,0.0,0.0015,0.0015,0.0003,0.0,1.0,0.0,1.9225,0.0,0.0,0.0,0.0,1.9225,1.9225,1.9218
2840,0.0,0.0021,0.0021,0.0004,0.0,1.0,0.0,2.7562,0.0,0.0,0.0,0.0,2.7561999999999998,2.7561999999999998,2.7549
2841,0.0,0.0019,0.0019,0.0003,0.0,1.0,0.0,2.4628,0.0,0.0,0.0,0.0,2.4628,2.4628,2.4614
2842,0.0,0.0019,0.0019,0.0004,0.0,1.0,0.0,2.6142,0.0,0.0,0.0,0.0,2.6142,2.6142,2.6111
2843,0.0,0.0019,0.0019,0.0003,0.0,1.0,0.0,1.8784,0.0,0.0,0.0,0.0,1.8784,1.8784,1.8736
2844,0.0,0.0024,0.0024,0.0004,0.0,1.0,0.0,3.2862,0.0,0.0,0.0,0.0,3.2862,3.2862,3.2902
2845,0.0,0.0019,0.0019,0.0003,0.0,1.0,0.0,2.0069,0.0,0.0,0.0,0.0,2.0069,2.0069,2.0033
2846,0.0,0.0024,0.0024,0.0004,0.0,1.0,0.0,2.7401,0.0,0.0,0.0,0.0,2.7401,2.7401,2.7434
2847,0.0,0.0021,0.0021,0.0004,0.0,1.0,0.0,2.455,0.0,0.0,0.0,0.0,2.455,2.455,2.4502
2848,0.0,0.0022,0.0022,0.0004,0.0,1.0,0.0,2.3035,0.0,0.0,0.0,0.0,2.3035,2.3035,2.3074
2849,0.0,0.0018,0.0018,0.0003,0.0,1.0,0.0,2.5277,0.0,0.0,0.0,0.0,2.5277,2.5277,2.5231
2850,0.0,0.0022,0.0022,0.0004,0.0,1.0,0.0,2.4899,0.0,0.0,0.0,0.0,2.4899,2.4899,2.4908
2851,0.0,0.0011,0.0011,0.0002,0.0,1.0,0.0,2.0032,0.0,0.0,0.0,0.0,2.0032,2.0032,2.0003
2852,0.0,0.0026,0.0026,0.0005,0.0,1.0,0.0,3.0222,0.0,0.0,0.0,0.0,3.0221999999999998,3.0221999999999998,3.0201
2853,0.0,0.0018,0.0018,0.0003,0.0,1.0,0.0,2.6385,0.0,0.0,0.0,0.0,2.6384999999999996,2.6384999999999996,2.6429
2854,0.0,0.0014,0.0014,0.0002,0.0,1.0,0.0,2.519,0.0,0.0,0.0,0.0,2.519,2.519,2.5198
2855,0.0,0.002,0.002,0.0004,0.0,1.0,0.0,2.8311,0.0,0.0,0.0,0.0,2.8311,2.8311,2.83
2856,0.0,0.0018,0.0018,0.0003,0.0,1.0,0.0,2.382,0.0,0.0,0.0,0.0,2.3819999999999997,2.3819999999999997,2.3822
2857,0.0,0.002,0.002,0.0004,0.0,1.0,0.0,2.5752,0.0,0.0,0.0,0.0,2.5751999999999997,2.5751999999999997,2.5714
2858,0.0,0.0024,0.0024,0.0004,0.0,1.0,0.0,2.9268,0.0,0.0,0.0,0.0,2.9268,2.9268,2.9314
2859,0.0,0.0016,0.0016,0.0003,0.0,1.0,0.0,2.5745,0.0,0.0,0.0,0.0,2.5745,2.5745,2.5757
2860,0.0,0.0021,0.0021,0.0004,0.0,1.0,0.0,2.6107,0.0,0.0,0.0,0.0,2.6107,2.6107,2.6102
2861,0.0,0.0022,0.0022,0.0004,0.0,1.0,0.0,3.2737,0.0,0.0,0.0,0.0,3.2737,3.2737,3.2726
2862,0.0,0.0021,0.0021,0.0004,0.0,1.0,0.0,2.2149,0.0,0.0,0.0,0.0,2.2149,2.2149,2.218
2863,0.0,0.0025,0.0025,0.0004,0.0,1.0,0.0,2.9513,0.0,0.0,0.0,0.0,2.9513000000000003,2.9513000000000003,2.9546
2864,0.0,0.0013,0.0013,0.0002,0.0,1.0,0.0,2.0743,0.0,0.0,0.0,0.0,2.0743,2.0743,2.0738
2865,0.0,0.0016,0.0016,0.0003,0.0,1.0,0.0,2.3696,0.0,0.0,0.0,0.0,2.3696,2.3696,2.3655
2866,0.0,0.0027,0.0027,0.0005,0.0,1.0,0.0,2.8045,0.0,0.0,0.0,0.0,2.8045,2.8045,2.8031
2867,0.0,0.0021,0.0021,0.0004,0.0,1.0,0.0,2.6922,0.0,0.0,0.0,0.0,2.6922,2.6922,2.6959
2868,0.0,0.0023,0.0023,0.0004,0.0,1.0,0.0,2.7601,0.0,0.0,0.0,0.0,2.7601,2.7601,2.7599
2869,0.0,0.0023,0.0023,0.0004,0.0,1.0,0.0,3.2272,0.0,0.0,0.0,0.0,3.2272000000000003,3.2272000000000003,3.2302
2870,0.0,0.0016,0.0016,0.0003,0.0,1.0,0.0,1.9287,0.0,0.0,0.0,0.0,1.9287,1.9287,1.9255
2871,0.0,0.002,0.002,0.0004,0.0,1.0,0.0,2.7622,0.0,0.0,0.0,0.0,2.7622,2.7622,2.7607
2872,0.0,0.0028,0.0028,0.0005,0.0,1.0,0.0,2.9345,0.0,0.0,0.0,0.0,2.9345,2.9345,2.9345
2873,0.0,0.0018,0.0018,0.0003,0.0,1.0,0.0,2.3097,0.0,0.0,0.0,0.0,2.3097000000000003,2.3097000000000003,2.307
2874,0.0,0.002,0.002,0.0004,0.0,1.0,0.0,2.9267,0.0,0.0,0.0,0.0,2.9267000000000003,2.9267000000000003,2.9287
2875,0.0,0.0023,0.0023,0.0004,0.0,1.0,0.0,2.7676,0.0,0.0,0.0,0.0,2.7676,2.7676,2.7633
2876,0.0,0.0012,0.0012,0.0002,0.0,1.0,0.0,1.9751,0.0,0.0,0.0,0.0,1.9751,1.9751,1.9786
2877,0.0,0.0014,0.0014,0.0003,0.0,1.0,0.0,2.1922,0.0,0.0,0.0,0.0,2.1922,2.1922,2.1963
2878,0.0,0.0026,0.0026,0.0005,0.0,1.0,0.0,2.69,0.0,0.0,0.0,0.0,2.69,2.69,2.6932
2879,0.0,0.0023,0.0023,0.0004,0.0,1.0,0.0,2.9294,0.0,0.0,0.0,0.0,2.9294000000000002,2.9294000000000002,2.9308
2880,0.0,0.0026,0.0026,0.0005,0.0,1.0,0.0,2.7972,0.0,0.0,0.0,0.0,2.7971999999999997,2.7971999999999997,2.8006
2881,0.0,0.0016,0.0016,0.0003,0.0,1.0,0.0,2.1846,0.0,0.0,0.0,0.0,2.1845999999999997,2.1845999999999997,2.1847
2882,0.0,0.0025,0.0025,0.0004,0.0,1.0,0.0,2.5823,0.0,0.0,0.0,0.0,2.5823,2.5823,2.5825
2883,0.0,0.0018,0.0018,0.0003,0.0,1.0,0.0,2.3041,0.0,0.0,0.0,0.0,2.3041,2.3041,2.3011
2884,0.0,0.0024,0.0024,0.0004,0.0,1.0,0.0,2.6905,0.0,0.0,0.0,0.0,2.6904999999999997,2.6904999999999997,2.6931
2885,0.0,0.0019,0.0019,0.0003,0.0,1.0,0.0,2.5924,0.0,0.0,0.0,0.0,2.5924,2.5924,2.5936
2886,0.0,0.0015,0.0015,0.0003,0.0,1.0,0.0,2.1849,0.0,0.0,0.0,0.0,2.1849,2.1849,2.1844
2887,0.0,0.002,0.002,0.0004,0.0,1.0,0.0,2.3764,0.0,0.0,0.0,0.0,2.3764,2.3764,2.3784
2888,0.0,0.0013,0.0013,0.0002,0.0,1.0,0.0,2.2397,0.0,0.0,0.0,0.0,2.2397,2.2397,2.2377
2889,0.0,0.0021,0.0021,0.0004,0.0,1.0,0.0,2.4926,0.0,0.0,0.0,0.0,2.4925999999999995,2.4925999999999995,2.4924
2890,0.0,0.0025,0.0025,0.0005,0.0,1.0,0.0,2.7911,0.0,0.0,0.0,0.0,2.7911,2.7911,2.7914
2891,0.0,0.0015,0.0015,0.0003,0.0,1.0,0.0,2.5153,0.0,0.0,0.0,0.0,2.5153,2.5153,2.5119
2892,0.0,0.0018,0.0018,0.0003,0.0,1.0,0.0,2.4251,0.0,0.0,0.0,0.0,2.4251,2.4251,2.4215
2893,0.0,0.0021,0.0021,0.0004,0.0,1.0,0.0,2.5043,0.0,0.0,0.0,0.0,2.5042999999999997,2.5042999999999997,2.5073
2894,0.0,0.0026,0.0026,0.0005,0.0,1.0,0.0,2.6664,0.0,0.0,0.0,0.0,2.6664,2.6664,2.6641
2895,0.0,0.0025,0.0025,0.0004,0.0,1.0,0.0,2.887,0.0,0.0,0.0,0.0,2.887,2.887,2.8823
2896,0.0,0.0018,0.0018,0.0003,0.0,1.0,0.0,2.144,0.0,0.0,0.0,0.0,2.144,2.144,2.1427
2897,0.0,0.002,0.002,0.0004,0.0,1.0,0.0,2.3418,0.0,0.0,0.0,0.0,2.3418,2.3418,2.3412
2898,0.0,0.0013,0.0013,0.0002,0.0,1.0,0.0,2.2294,0.0,0.0,0.0,0.0,2.2294,2.2294,2.229
2899,0.0,0.002,0.002,0.0004,0.0,1.0,0.0,2.6779,0.0,0.0,0.0,0.0,2.6779,2.6779,2.6769
2900,0.0,0.0017,0.0017,0.0003,0.0,1.0,0.0,2.0367,0.0,0.0,0.0,0.0,2.0366999999999997,2.0366999999999997,2.0328
2901,0.0,0.0019,0.0019,0.0003,0.0,1.0,0.0,2.4847,0.0,0.0,0.0,0.0,2.4846999999999997,2.4846999999999997,2.4801
2902,0.0,0.0029,0.0029,0.0005,0.0,1.0,0.0,2.8636,0.0,0.0,0.0,0.0,2.8636,2.8636,2.8646
2903,0.0,0.0027,0.0027,0.0005,0.0,1.0,0.0,3.2789,0.0,0.0,0.0,0.0,3.2789,3.2789,3.2828
2904,0.0,0.0014,0.0014,0.0003,0.0,1.0,0.0,2.1874,0.0,0.0,0.0,0.0,2.1874,2.1874,2.1833
2905,0.0,0.0023,0.0023,0.0004,0.0,1.0,0.0,2.7183,0.0,0.0,0.0,0.0,2.7182999999999997,2.7182999999999997,2.7194
2906,0.0,0.0022,0.0022,0.0004,0.0,1.0,0.0,2.5086,0.0,0.0,0.0,0.0,2.5086000000000004,2.5086000000000004,2.5056
2907,0.0,0.0028,0.0028,0.0005,0.0,1.0,0.0,3.0841,0.0,0.0,0.0,0.0,3.0841,3.0841,3.0864
2908,0.0,0.0017,0.0017,0.0003,0.0,1.0,0.0,2.3555,0.0,0.0,0.0,0.0,2.3555,2.3555,2.3595
2909,0.0,0.002,0.002,0.0004,0.0,1.0,0.0,2.5019,0.0,0.0,0.0,0.0,2.5019,2.5019,2.5033
2910,0.0,0.0012,0.0012,0.0002,0.0,1.0,0.0,2.0729,0.0,0.0,0.0,0.0,2.0729,2.0729,2.0728
2911,0.0,0.0025,0.0025,0.0005,0.0,1.0,0.0,2.4676,0.0,0.0,0.0,0.0,2.4676,2.4676,2.4685
2912,0.0,0.0024,0.0024,0.0004,0.0,1.0,0.0,2.5334,0.0,0.0,0.0,0.0,2.5334,2.5334,2.5307
2913,0.0,0.0019,0.0019,0.0003,0.0,1.0,0.0,2.7033,0.0,0.0,0.0,0.0,2.7033,2.7033,2.7013
2914,0.0,0.0015,0.0015,0.0003,0.0,1.0,0.0,1.9798,0.0,0.0,0.0,0.0,1.9798,1.9798,1.9767
2915,0.0,0.0019,0.0019,0.0003,0.0,1.0,0.0,2.4314,0.0,0.0,0.0,0.0,2.4314,2.4314,2.4347
2916,0.0,0.0019,0.0019,0.0003,0.0,1.0,0.0,2.7101,0.0,0.0,0.0,0.0,2.7100999999999997,2.7100999999999997,2.7052
2917,0.0,0.0012,0.0012,0.0002,0.0,1.0,0.0,2.0194,0.0,0.0,0.0,0.0,2.0194,2.0194,2.0212
2918,0.0,0.0025,0.0025,0.0004,0.0,1.0,0.0,2.4446,0.0,0.0,0.0,0.0,2.4446000000000003,2.4446000000000003,2.4441
2919,0.0,0.002,0.002,0.0004,0.0,1.0,0.0,2.7271,0.0,0.0,0.0,0.0,2.7271,2.7271,2.7279
2920,0.0,0.0014,0.0014,0.0002,0.0,1.0,0.0,1.9686,0.0,0.0,0.0,0.0,1.9686,1.9686,1.9726
2921,0.0,0.0019,0.0019,0.0003,0.0,1.0,0.0,2.6957,0.0,0.0,0.0,0.0,2.6957,2.6957,2.6934
2922,0.0,0.0026,0.0026,0.0005,0.0,1.0,0.0,2.9117,0.0,0.0,0.0,0.0,2.9116999999999997,2.9116999999999997,2.9097
2923,0.0,0.002,0.002,0.0004,0.0,1.0,0.0,2.7078,0.0,0.0,0.0,0.0,2.7077999999999998,2.7077999999999998,2.7097
2924,0.0,0.002,0.002,0.0004,0.0,1.0,0.0,2.3804,0.0,0.0,0.0,0.0,2.3804000000000003,2.3804000000000003,2.3801
2925,0.0,0.002,0.002,0.0004,0.0,1.0,0.0,2.3248,0.0,0.0,0.0,0.0,2.3248,2.3248,2.3252
2926,0.0,0.002,0.002,0.0004,0.0,1.0,0.0,2.3293,0.0,0.0,0.0,0.0,2.3292999999999995,2.3292999999999995,2.3343
2927,0.0,0.0014,0.0014,0.0003,0.0,1.0,0.0,2.051,0.0,0.0,0.0,0.0,2.051,2.051,2.0546
2928,0.0,0.0023,0.0023,0.0004,0.0,1.0,0.0,2.596,0.0,0.0,0.0,0.0,2.596,2.596,2.5987
2929,0.0,0.0022,0.0022,0.0004,0.0,1.0,0.0,2.7167,0.0,0.0,0.0,0.0,2.7167,2.7167,2.7148
2930,0.0,0.0016,0.0016,0.0003,0.0,1.0,0.0,2.2142,0.0,0.0,0.0,0.0,2.2142,2.2142,2.2188
2931,0.0,0.0017,0.0017,0.0003,0.0,1.0,0.0,2.2913,0.0,0.0,0.0,0.0,2.2913,2.2913,2.2867
2932,0.0,0.0024,0.0024,0.0004,0.0,1.0,0.0,2.9492,0.0,0.0,0.0,0.0,2.9492,2.9492,2.9486
2933,0.0,0.0018,0.0018,0.0003,0.0,1.0,0.0,2.3876,0.0,0.0,0.0,0.0,2.3876,2.3876,2.3833
2934,0.0,0.0014,0.0014,0.0003,0.0,1.0,0.0,2.2441,0.0,0.0,0.0,0.0,2.2441,2.2441,2.2429
2935,0.0,0.0017,0.0017,0.0003,0.0,1.0,0.0,2.2959,0.0,0.0,0.0,0.0,2.2959,2.2959,2.291
2936,0.0,0.0011,0.0011,0.0002,0.0,1.0,0.0,2.1003,0.0,0.0,0.0,0.0,2.1003,2.1003,2.1028
2937,0.0,0.0021,0.0021,0.0004,0.0,1.0,0.0,2.8544,0.0,0.0,0.0,0.0,2.8544,2.8544,2.8577
2938,0.0,0.0016,0.0016,0.0003,0.0,1.0,0.0,2.2558,0.0,0.0,0.0,0.0,2.2558000000000002,2.2558000000000002,2.2522
2939,0.0,0.002,0.002,0.0004,0.0,1.0,0.0,2.8741,0.0,0.0,0.0,0.0,2.8741,2.8741,2.872
2940,0.0,0.0021,0.0021,0.0004,0.0,1.0,0.0,2.3307,0.0,0.0,0.0,0.0,2.3307,2.3307,2.3355
2941,0.0,0.0017,0.0017,0.0003,0.0,1.0,0.0,2.6842,0.0,0.0,0.0,0.0,2.6842,2.6842,2.6832
2942,0.0,0.0025,0.0025,0.0004,0.0,1.0,0.0,2.617,0.0,0.0,0.0,0.0,2.6170000000000004,2.6170000000000004,2.6144
2943,0.0,0.0021,0.0021,0.0004,0.0,1.0,0.0,2.552,0.0,0.0,0.0,0.0,2.5520000000000005,2.5520000000000005,2.549
2944,0.0,0.0018,0.0018,0.0003,0.0,1.0,0.0,2.3362,0.0,0.0,0.0,0.0,2.3362000000000003,2.3362000000000003,2.3331
2945,0.0,0.0022,0.0022,0.0004,0.0,1.0,0.0,2.6186,0.0,0.0,0.0,0.0,2.6186,2.6186,2.6199
2946,0.0,0.0021,0.0021,0.0004,0.0,1.0,0.0,2.8215,0.0,0.0,0.0,0.0,2.8215,2.8215,2.821
2947,0.0,0.0021,0.0021,0.0004,0.0,1.0,0.0,2.7173,0.0,0.0,0.0,0.0,2.7173,2.7173,2.7133
2948,0.0,0.0015,0.0015,0.0003,0.0,1.0,0.0,1.8273,0.0,0.0,0.0,0.0,1.8273,1.8273,1.8299
2949,0.0,0.0022,0.0022,0.0004,0.0,1.0,0.0,2.3956,0.0,0.0,0.0,0.0,2.3956,2.3956,2.3927
2950,0.0,0.0022,0.0022,0.0004,0.0,1.0,0.0,2.7544,0.0,0.0,0.0,0.0,2.7544,2.7544,2.7552
2951,0.0,0.0016,0.0016,0.0003,0.0,1.0,0.0,2.1359,0.0,0.0,0.0,0.0,2.1359,2.1359,2.134
2952,0.0,0.002,0.002,0.0004,0.0,1.0,0.0,2.7639,0.0,0.0,0.0,0.0,2.7639,2.7639,2.7608
2953,0.0,0.0021,0.0021,0.0004,0.0,1.0,0.0,3.0089,0.0,0.0,0.0,0.0,3.0088999999999997,3.0088999999999997,3.0085
2954,0.0,0.0017,0.0017,0.0003,0.0,1.0,0.0,2.6274,0.0,0.0,0.0,0.0,2.6274,2.6274,2.628
2955,0.0,0.002,0.002,0.0004,0.0,1.0,0.0,1.9865,0.0,0.0,0.0,0.0,1.9865,1.9865,1.9876
2956,0.0,0.0016,0.0016,0.0003,0.0,1.0,0.0,2.8167,0.0,0.0,0.0,0.0,2.8167,2.8167,2.8136
2957,0.0,0.0019,0.0019,0.0003,0.0,1.0,0.0,2.5925,0.0,0.0,0.0,0.0,2.5925000000000002,2.5925000000000002,2.5915
2958,0.0,0.0016,0.0016,0.0003,0.0,1.0,0.0,2.7279,0.0,0.0,0.0,0.0,2.7279,2.7279,2.7321
2959,0.0,0.0021,0.0021,0.0004,0.0,1.0,0.0,2.2574,0.0,0.0,0.0,0.0,2.2574,2.2574,2.2612
2960,0.0,0.0017,0.0017,0.0003,0.0,1.0,0.0,2.0583,0.0,0.0,0.0,0.0,2.0583,2.0583,2.0604
2961,0.0,0.002,0.002,0.0004,0.0,1.0,0.0,2.5849,0.0,0.0,0.0,0.0,2.5848999999999998,2.5848999999999998,2.5861
2962,0.0,0.0017,0.0017,0.0003,0.0,1.0,0.0,2.5936,0.0,0.0,0.0,0.0,2.5936000000000003,2.5936000000000003,2.5938
2963,0.0,0.0017,0.0017,0.0003,0.0,1.0,0.0,2.3408,0.0,0.0,0.0,0.0,2.3407999999999998,2.3407999999999998,2.3372
2964,0.0,0.0016,0.0016,0.0003,0.0,1.0,0.0,2.3305,0.0,0.0,0.0,0.0,2.3305000000000002,2.3305000000000002,2.3309
2965,0.0,0.0019,0.0019,0.0003,0.0,1.0,0.0,2.8553,0.0,0.0,0.0,0.0,2.8552999999999997,2.8552999999999997,2.8556
2966,0.0,0.0025,0.0025,0.0005,0.0,1.0,0.0,2.8972,0.0,0.0,0.0,0.0,2.8972,2.8972,2.8987
2967,0.0,0.0018,0.0018,0.0003,0.0,1.0,0.0,2.4584,0.0,0.0,0.0,0.0,2.4584,2.4584,2.4619
2968,0.0,0.0023,0.0023,0.0004,0.0,1.0,0.0,2.6745,0.0,0.0,0.0,0.0,2.6744999999999997,2.6744999999999997,2.6695
2969,0.0,0.0018,0.0018,0.0003,0.0,1.0,0.0,2.5682,0.0,0.0,0.0,0.0,2.5682,2.5682,2.573
2970,0.0,0.0019,0.0019,0.0003,0.0,1.0,0.0,2.626,0.0,0.0,0.0,0.0,2.6259999999999994,2.6259999999999994,2.6299
2971,0.0,0.0023,0.0023,0.0004,0.0,1.0,0.0,2.4051,0.0,0.0,0.0,0.0,2.4051,2.4051,2.4043
2972,0.0,0.002,0.002,0.0004,0.0,1.0,0.0,2.9797,0.0,0.0,0.0,0.0,2.9797000000000002,2.9797000000000002,2.9817
2973,0.0,0.002,0.002,0.0004,0.0,1.0,0.0,2.5258,0.0,0.0,0.0,0.0,2.5258,2.5258,2.5258
2974,0.0,0.0016,0.0016,0.0003,0.0,1.0,0.0,2.3007,0.0,0.0,0.0,0.0,2.3007,2.3007,2.3037
2975,0.0,0.0023,0.0023,0.0004,0.0,1.0,0.0,2.1101,0.0,0.0,0.0,0.0,2.1101,2.1101,2.1147
2976,0.0,0.0021,0.0021,0.0004,0.0,1.0,0.0,2.6363,0.0,0.0,0.0,0.0,2.6363000000000003,2.6363000000000003,2.6365
2977,0.0,0.0025,0.0025,0.0004,0.0,1.0,0.0,2.3148,0.0,0.0,0.0,0.0,2.3148,2.3148,2.3172
2978,0.0,0.0023,0.0023,0.0004,0.0,1.0,0.0,2.325,0.0,0.0,0.0,0.0,2.325,2.325,2.3265
2979,0.0,0.0025,0.0025,0.0005,0.0,1.0,0.0,2.8841,0.0,0.0,0.0,0.0,2.8841,2.8841,2.8792
2980,0.0,0.0016,0.0016,0.0003,0.0,1.0,0.0,2.4042,0.0,0.0,0.0,0.0,2.4042000000000003,2.4042000000000003,2.4055
2981,0.0,0.0015,0.0015,0.0003,0.0,1.0,0.0,2.3788,0.0,0.0,0.0,0.0,2.3788,2.3788,2.3751
2982,0.0,0.0015,0.0015,0.0003,0.0,1.0,0.0,2.6421,0.0,0.0,0.0,0.0,2.6421,2.6421,2.6392
2983,0.0,0.002,0.002,0.0004,0.0,1.0,0.0,2.986,0.0,0.0,0.0,0.0,2.986,2.986,2.9837
2984,0.0,0.0027,0.0027,0.0005,0.0,1.0,0.0,2.5364,0.0,0.0,0.0,0.0,2.5364000000000004,2.5364000000000004,2.5393
2985,0.0,0.0017,0.0017,0.0003,0.0,1.0,0.0,2.6395,0.0,0.0,0.0,0.0,2.6395,2.6395,2.6357
2986,0.0,0.0017,0.0017,0.0003,0.0,1.0,0.0,2.3406,0.0,0.0,0.0,0.0,2.3406000000000002,2.3406000000000002,2.3401
2987,0.0,0.0021,0.0021,0.0004,0.0,1.0,0.0,2.5507,0.0,0.0,0.0,0.0,2.5507,2.5507,2.5459
2988,0.0,0.0023,0.0023,0.0004,0.0,1.0,0.0,2.4836,0.0,0.0,0.0,0.0,2.4836,2.4836,2.4791
2989,0.0,0.002,0.002,0.0004,0.0,1.0,0.0,2.1745,0.0,0.0,0.0,0.0,2.1745,2.1745,2.1709
2990,0.0,0.002,0.002,0.0004,0.0,1.0,0.0,2.585,0.0,0.0,0.0,0.0,2.5850000000000004,2.5850000000000004,2.5896
2991,0.0,0.0021,0.0021,0.0004,0.0,1.0,0.0,2.0614,0.0,0.0,0.0,0.0,2.0614,2.0614,2.0571
2992,0.0,0.0018,0.0018,0.0003,0.0,1.0,0.0,2.6337,0.0,0.0,0.0,0.0,2.6337,2.6337,2.6324
2993,0.0,0.0021,0.0021,0.0004,0.0,1.0,0.0,2.6671,0.0,0.0,0.0,0.0,2.6671,2.6671,2.6672
2994,0.0,0.0017,0.0017,0.0003,0.0,1.0,0.0,2.2772,0.0,0.0,0.0,0.0,2.2772,2.2772,2.2738
2995,0.0,0.0023,0.0023,0.0004,0.0,1.0,0.0,2.5896,0.0,0.0,0.0,0.0,2.5896,2.5896,2.592
2996,0.0,0.0015,0.0015,0.0003,0.0,1.0,0.0,2.3736,0.0,0.0,0.0,0.0,2.3735999999999997,2.3735999999999997,2.3748
2997,0.0,0.0023,0.0023,0.0004,0.0,1.0,0.0,2.7541,0.0,0.0,0.0,0.0,2.7540999999999998,2.7540999999999998,2.7563
2998,0.0,0.0018,0.0018,0.0003,0.0,1.0,0.0,2.5891,0.0,0.0,0.0,0.0,2.5890999999999997,2.5890999999999997,2.5914
2999,0.0,0.0021,0.0021,0.0004,0.0,1.0,0.0,2.8367,0.0,0.0,0.0,0.0,2.8367,2.8367,2.8325
