job_id,energy_qpu_kwh,energy_cpu_kwh,energy_total_kwh,cost_energy_total,phi_qpu,phi_cpu,qpu_time_s,cpu_time_s,qpu_wait_s,cpu_wait_s,wait_total_s,qpu_turn_s,cpu_turn_s,turn_total_s,job_turnaround_s
0,0.0,0.0069,0.0069,0.0012,0.0,1.0,0.0,8.7091,0.0,0.0,0.0,0.0,8.709100000000001,8.709100000000001,8.7123
1,0.0,0.006,0.006,0.0011,0.0,1.0,0.0,8.3666,0.0,0.0,0.0,0.0,8.3666,8.3666,8.3694
2,0.0,0.0061,0.0061,0.0011,0.0,1.0,0.0,9.2837,0.0,0.0,0.0,0.0,9.2837,9.2837,9.2883
3,0.0,0.0072,0.0072,0.0013,0.0,1.0,0.0,8.7151,0.0,0.0,0.0,0.0,8.7151,8.7151,8.7107
4,0.0,0.0056,0.0056,0.001,0.0,1.0,0.0,8.1988,0.0,0.0,0.0,0.0,8.198799999999999,8.198799999999999,8.1991
5,0.0,0.0062,0.0062,0.0011,0.0,1.0,0.0,8.5815,0.0,0.0,0.0,0.0,8.5815,8.5815,8.5783
6,0.0,0.0061,0.0061,0.0011,0.0,1.0,0.0,8.5442,0.0,0.0,0.0,0.0,8.5442,8.5442,8.5488
7,0.0,0.0076,0.0076,0.0014,0.0,1.0,0.0,8.4697,0.0,0.0,0.0,0.0,8.4697,8.4697,8.4685
8,0.0,0.0073,0.0073,0.0013,0.0,1.0,0.0,8.8101,0.0,0.0,0.0,0.0,8.8101,8.8101,8.8061
9,0.0,0.0069,0.0069,0.0012,0.0,1.0,0.0,8.675,0.0,0.0,0.0,0.0,8.675,8.675,8.6746
10,0.0,0.007,0.007,0.0013,0.0,1.0,0.0,8.3686,0.0,0.0,0.0,0.0,8.368599999999999,8.368599999999999,8.3663
11,0.0,0.0062,0.0062,0.0011,0.0,1.0,0.0,8.3791,0.0,0.0,0.0,0.0,8.3791,8.3791,8.3783
12,0.0,0.0057,0.0057,0.001,0.0,1.0,0.0,8.2999,0.0,0.0,0.0,0.0,8.299900000000001,8.299900000000001,8.3046
13,0.0,0.0062,0.0062,0.0011,0.0,1.0,0.0,8.3234,0.0,0.0,0.0,0.0,8.3234,8.3234,8.3185
14,0.0,0.0055,0.0055,0.001,0.0,1.0,0.0,8.4363,0.0,0.0,0.0,0.0,8.436300000000001,8.436300000000001,8.4315
15,0.0,0.007,0.007,0.0013,0.0,1.0,0.0,8.0462,0.0,0.0,0.0,0.0,8.0462,8.0462,8.049
16,0.0,0.0058,0.0058,0.001,0.0,1.0,0.0,7.4536,0.0,0.0,0.0,0.0,7.453599999999999,7.453599999999999,7.4513
17,0.0,0.007,0.007,0.0013,0.0,1.0,0.0,8.78,0.0,0.0,0.0,0.0,8.780000000000001,8.780000000000001,8.7784
18,0.0,0.0068,0.0068,0.0012,0.0,1.0,0.0,8.8617,0.0,0.0,0.0,0.0,8.8617,8.8617,8.8642
19,0.0,0.0079,0.0079,0.0014,0.0,1.0,0.0,9.2193,0.0,0.0,0.0,0.0,9.2193,9.2193,9.2169
20,0.0,0.0065,0.0065,0.0012,0.0,1.0,0.0,9.6709,0.0,0.0,0.0,0.0,9.6709,9.6709,9.669
21,0.0,0.0082,0.0082,0.0015,0.0,1.0,0.0,9.9,0.0,0.0,0.0,0.0,9.900000000000002,9.900000000000002,9.9026
22,0.0,0.0074,0.0074,0.0013,0.0,1.0,0.0,9.4318,0.0,0.0,0.0,0.0,9.431799999999999,9.431799999999999,9.4344
23,0.0,0.0071,0.0071,0.0013,0.0,1.0,0.0,9.009,0.0,0.0,0.0,0.0,9.008999999999999,9.008999999999999,9.0076
24,0.0,0.0067,0.0067,0.0012,0.0,1.0,0.0,8.6098,0.0,0.0,0.0,0.0,8.6098,8.6098,8.6088
25,0.0,0.0078,0.0078,0.0014,0.0,1.0,0.0,10.0667,0.0,0.0,0.0,0.0,10.066699999999997,10.066699999999997,10.0693
26,0.0,0.0073,0.0073,0.0013,0.0,1.0,0.0,9.7417,0.0,0.0,0.0,0.0,9.7417,9.7417,9.7389
27,0.0,0.0061,0.0061,0.0011,0.0,1.0,0.0,8.6505,0.0,0.0,0.0,0.0,8.6505,8.6505,8.6524
28,0.0,0.0066,0.0066,0.0012,0.0,1.0,0.0,8.628,0.0,0.0,0.0,0.0,8.628,8.628,8.6253
29,0.0,0.0055,0.0055,0.001,0.0,1.0,0.0,8.0872,0.0,0.0,0.0,0.0,8.0872,8.0872,8.0855
30,0.0,0.0073,0.0073,0.0013,0.0,1.0,0.0,8.5111,0.0,0.0,0.0,0.0,8.511099999999999,8.511099999999999,8.515
31,0.0,0.0076,0.0076,0.0014,0.0,1.0,0.0,9.1291,0.0,0.0,0.0,0.0,9.129100000000001,9.129100000000001,9.1256
32,0.0,0.0067,0.0067,0.0012,0.0,1.0,0.0,8.1804,0.0,0.0,0.0,0.0,8.1804,8.1804,8.177
33,0.0,0.0068,0.0068,0.0012,0.0,1.0,0.0,8.0802,0.0,0.0,0.0,0.0,8.0802,8.0802,8.0782
34,0.0,0.0067,0.0067,0.0012,0.0,1.0,0.0,9.4175,0.0,0.0,0.0,0.0,9.417499999999999,9.417499999999999,9.42
35,0.0,0.0075,0.0075,0.0014,0.0,1.0,0.0,8.6103,0.0,0.0,0.0,0.0,8.610299999999999,8.610299999999999,8.6153
36,0.0,0.0079,0.0079,0.0014,0.0,1.0,0.0,9.4872,0.0,0.0,0.0,0.0,9.487200000000001,9.487200000000001,9.4883
37,0.0,0.0066,0.0066,0.0012,0.0,1.0,0.0,8.2513,0.0,0.0,0.0,0.0,8.2513,8.2513,8.2495
38,0.0,0.0065,0.0065,0.0012,0.0,1.0,0.0,8.8653,0.0,0.0,0.0,0.0,8.8653,8.8653,8.868
39,0.0,0.0059,0.0059,0.0011,0.0,1.0,0.0,8.9795,0.0,0.0,0.0,0.0,8.979500000000002,8.979500000000002,8.984
40,0.0,0.0058,0.0058,0.001,0.0,1.0,0.0,8.3957,0.0,0.0,0.0,0.0,8.3957,8.3957,8.3986
41,0.0,0.0064,0.0064,0.0011,0.0,1.0,0.0,9.0269,0.0,0.0,0.0,0.0,9.026900000000001,9.026900000000001,9.0272
42,0.0,0.0061,0.0061,0.0011,0.0,1.0,0.0,8.4884,0.0,0.0,0.0,0.0,8.488399999999999,8.488399999999999,8.4854
43,0.0,0.006,0.006,0.0011,0.0,1.0,0.0,8.5088,0.0,0.0,0.0,0.0,8.5088,8.5088,8.5066
44,0.0,0.0076,0.0076,0.0014,0.0,1.0,0.0,8.6634,0.0,0.0,0.0,0.0,8.6634,8.6634,8.6661
45,0.0,0.0058,0.0058,0.0011,0.0,1.0,0.0,8.6451,0.0,0.0,0.0,0.0,8.6451,8.6451,8.6488
46,0.0,0.006,0.006,0.0011,0.0,1.0,0.0,9.1824,0.0,0.0,0.0,0.0,9.182400000000001,9.182400000000001,9.1786
47,0.0,0.0063,0.0063,0.0011,0.0,1.0,0.0,8.396,0.0,0.0,0.0,0.0,8.396,8.396,8.3962
48,0.0,0.0058,0.0058,0.001,0.0,1.0,0.0,8.0405,0.0,0.0,0.0,0.0,8.040500000000002,8.040500000000002,8.0396
49,0.0,0.0068,0.0068,0.0012,0.0,1.0,0.0,8.8784,0.0,0.0,0.0,0.0,8.878400000000001,8.878400000000001,8.8811
50,0.0,0.0061,0.0061,0.0011,0.0,1.0,0.0,8.9718,0.0,0.0,0.0,0.0,8.9718,8.9718,8.9758
51,0.0,0.007,0.007,0.0013,0.0,1.0,0.0,9.1371,0.0,0.0,0.0,0.0,9.1371,9.1371,9.1347
52,0.0,0.0071,0.0071,0.0013,0.0,1.0,0.0,8.8144,0.0,0.0,0.0,0.0,8.814400000000001,8.814400000000001,8.8157
53,0.0,0.0065,0.0065,0.0012,0.0,1.0,0.0,8.3691,0.0,0.0,0.0,0.0,8.369100000000001,8.369100000000001,8.3731
54,0.0,0.0071,0.0071,0.0013,0.0,1.0,0.0,8.0925,0.0,0.0,0.0,0.0,8.0925,8.0925,8.0966
55,0.0,0.0074,0.0074,0.0013,0.0,1.0,0.0,9.2605,0.0,0.0,0.0,0.0,9.2605,9.2605,9.2608
56,0.0,0.0075,0.0075,0.0014,0.0,1.0,0.0,9.1632,0.0,0.0,0.0,0.0,9.1632,9.1632,9.1586
57,0.0,0.0065,0.0065,0.0012,0.0,1.0,0.0,8.2886,0.0,0.0,0.0,0.0,8.2886,8.2886,8.2873
58,0.0,0.0068,0.0068,0.0012,0.0,1.0,0.0,8.8335,0.0,0.0,0.0,0.0,8.833499999999999,8.833499999999999,8.8323
59,0.0,0.0058,0.0058,0.001,0.0,1.0,0.0,7.7494,0.0,0.0,0.0,0.0,7.7494,7.7494,7.7467
60,0.0,0.0065,0.0065,0.0012,0.0,1.0,0.0,8.1816,0.0,0.0,0.0,0.0,8.1816,8.1816,8.1833
61,0.0,0.0053,0.0053,0.001,0.0,1.0,0.0,7.5886,0.0,0.0,0.0,0.0,7.5886000000000005,7.5886000000000005,7.5866
62,0.0,0.0067,0.0067,0.0012,0.0,1.0,0.0,7.8639,0.0,0.0,0.0,0.0,7.863899999999999,7.863899999999999,7.8672
63,0.0,0.0053,0.0053,0.001,0.0,1.0,0.0,7.6868,0.0,0.0,0.0,0.0,7.6868,7.6868,7.6891
64,0.0,0.0069,0.0069,0.0012,0.0,1.0,0.0,8.3597,0.0,0.0,0.0,0.0,8.3597,8.3597,8.3642
65,0.0,0.0076,0.0076,0.0014,0.0,1.0,0.0,8.9248,0.0,0.0,0.0,0.0,8.924800000000001,8.924800000000001,8.9239
66,0.0,0.0071,0.0071,0.0013,0.0,1.0,0.0,8.6916,0.0,0.0,0.0,0.0,8.6916,8.6916,8.6911
67,0.0,0.0069,0.0069,0.0012,0.0,1.0,0.0,9.9145,0.0,0.0,0.0,0.0,9.9145,9.9145,9.9159
68,0.0,0.0074,0.0074,0.0013,0.0,1.0,0.0,9.4211,0.0,0.0,0.0,0.0,9.4211,9.4211,9.4171
69,0.0,0.0077,0.0077,0.0014,0.0,1.0,0.0,9.3993,0.0,0.0,0.0,0.0,9.3993,9.3993,9.4027
70,0.0,0.0069,0.0069,0.0012,0.0,1.0,0.0,9.3032,0.0,0.0,0.0,0.0,9.303199999999999,9.303199999999999,9.3001
71,0.0,0.0061,0.0061,0.0011,0.0,1.0,0.0,8.6482,0.0,0.0,0.0,0.0,8.648200000000003,8.648200000000003,8.653
72,0.0,0.0063,0.0063,0.0011,0.0,1.0,0.0,9.5997,0.0,0.0,0.0,0.0,9.599699999999999,9.599699999999999,9.5948
73,0.0,0.0063,0.0063,0.0011,0.0,1.0,0.0,7.728,0.0,0.0,0.0,0.0,7.728000000000001,7.728000000000001,7.7327
74,0.0,0.0054,0.0054,0.001,0.0,1.0,0.0,8.036,0.0,0.0,0.0,0.0,8.036,8.036,8.0409
75,0.0,0.0068,0.0068,0.0012,0.0,1.0,0.0,8.6375,0.0,0.0,0.0,0.0,8.6375,8.6375,8.6345
76,0.0,0.0061,0.0061,0.0011,0.0,1.0,0.0,9.0211,0.0,0.0,0.0,0.0,9.0211,9.0211,9.0219
77,0.0,0.0066,0.0066,0.0012,0.0,1.0,0.0,8.2773,0.0,0.0,0.0,0.0,8.277299999999999,8.277299999999999,8.2804
78,0.0,0.0076,0.0076,0.0014,0.0,1.0,0.0,9.1758,0.0,0.0,0.0,0.0,9.1758,9.1758,9.1713
79,0.0,0.0067,0.0067,0.0012,0.0,1.0,0.0,8.2729,0.0,0.0,0.0,0.0,8.2729,8.2729,8.2744
80,0.0,0.0068,0.0068,0.0012,0.0,1.0,0.0,9.1788,0.0,0.0,0.0,0.0,9.178799999999999,9.178799999999999,9.1755
81,0.0,0.0068,0.0068,0.0012,0.0,1.0,0.0,8.4775,0.0,0.0,0.0,0.0,8.477500000000001,8.477500000000001,8.4796
82,0.0,0.0074,0.0074,0.0013,0.0,1.0,0.0,9.5078,0.0,0.0,0.0,0.0,9.507800000000001,9.507800000000001,9.5056
83,0.0,0.0063,0.0063,0.0011,0.0,1.0,0.0,8.0399,0.0,0.0,0.0,0.0,8.0399,8.0399,8.0366
84,0.0,0.006,0.006,0.0011,0.0,1.0,0.0,8.5836,0.0,0.0,0.0,0.0,8.583599999999999,8.583599999999999,8.5789
85,0.0,0.0063,0.0063,0.0011,0.0,1.0,0.0,9.6091,0.0,0.0,0.0,0.0,9.6091,9.6091,9.6135
86,0.0,0.0061,0.0061,0.0011,0.0,1.0,0.0,8.7367,0.0,0.0,0.0,0.0,8.736699999999999,8.736699999999999,8.737
87,0.0,0.0081,0.0081,0.0015,0.0,1.0,0.0,9.9706,0.0,0.0,0.0,0.0,9.9706,9.9706,9.9669
88,0.0,0.0081,0.0081,0.0015,0.0,1.0,0.0,9.0697,0.0,0.0,0.0,0.0,9.069700000000001,9.069700000000001,9.0687
89,0.0,0.0076,0.0076,0.0014,0.0,1.0,0.0,9.172,0.0,0.0,0.0,0.0,9.171999999999999,9.171999999999999,9.173
90,0.0,0.0067,0.0067,0.0012,0.0,1.0,0.0,8.8432,0.0,0.0,0.0,0.0,8.843200000000001,8.843200000000001,8.8428
91,0.0,0.0057,0.0057,0.001,0.0,1.0,0.0,7.8701,0.0,0.0,0.0,0.0,7.870100000000001,7.870100000000001,7.8732
92,0.0,0.0066,0.0066,0.0012,0.0,1.0,0.0,8.5409,0.0,0.0,0.0,0.0,8.540899999999999,8.540899999999999,8.5402
93,0.0,0.0064,0.0064,0.0012,0.0,1.0,0.0,9.2017,0.0,0.0,0.0,0.0,9.201699999999999,9.201699999999999,9.2039
94,0.0,0.0079,0.0079,0.0014,0.0,1.0,0.0,8.9269,0.0,0.0,0.0,0.0,8.9269,8.9269,8.9294
95,0.0,0.0067,0.0067,0.0012,0.0,1.0,0.0,9.2312,0.0,0.0,0.0,0.0,9.231200000000001,9.231200000000001,9.2316
96,0.0,0.0075,0.0075,0.0014,0.0,1.0,0.0,9.1253,0.0,0.0,0.0,0.0,9.1253,9.1253,9.127
97,0.0,0.0067,0.0067,0.0012,0.0,1.0,0.0,8.466,0.0,0.0,0.0,0.0,8.466,8.466,8.4634
98,0.0,0.0057,0.0057,0.001,0.0,1.0,0.0,7.9506,0.0,0.0,0.0,0.0,7.9506000000000006,7.9506000000000006,7.949
99,0.0,0.0066,0.0066,0.0012,0.0,1.0,0.0,7.89,0.0,0.0,0.0,0.0,7.889999999999999,7.889999999999999,7.8911
100,0.0,0.0062,0.0062,0.0011,0.0,1.0,0.0,8.4808,0.0,0.0,0.0,0.0,8.4808,8.4808,8.4798
101,0.0,0.0054,0.0054,0.001,0.0,1.0,0.0,7.6182,0.0,0.0,0.0,0.0,7.6182,7.6182,7.6167
102,0.0,0.008,0.008,0.0014,0.0,1.0,0.0,8.9129,0.0,0.0,0.0,0.0,8.912900000000002,8.912900000000002,8.908
103,0.0,0.0063,0.0063,0.0011,0.0,1.0,0.0,9.1924,0.0,0.0,0.0,0.0,9.1924,9.1924,9.1905
104,0.0,0.0069,0.0069,0.0012,0.0,1.0,0.0,8.8131,0.0,0.0,0.0,0.0,8.8131,8.8131,8.8158
105,0.0,0.0053,0.0053,0.001,0.0,1.0,0.0,8.3764,0.0,0.0,0.0,0.0,8.3764,8.3764,8.3793
106,0.0,0.0057,0.0057,0.001,0.0,1.0,0.0,7.8824,0.0,0.0,0.0,0.0,7.8824000000000005,7.8824000000000005,7.8846
107,0.0,0.0069,0.0069,0.0012,0.0,1.0,0.0,9.6905,0.0,0.0,0.0,0.0,9.6905,9.6905,9.6915
108,0.0,0.0064,0.0064,0.0012,0.0,1.0,0.0,8.0565,0.0,0.0,0.0,0.0,8.0565,8.0565,8.0593
109,0.0,0.0072,0.0072,0.0013,0.0,1.0,0.0,8.8544,0.0,0.0,0.0,0.0,8.854399999999998,8.854399999999998,8.856
110,0.0,0.0069,0.0069,0.0012,0.0,1.0,0.0,9.0253,0.0,0.0,0.0,0.0,9.0253,9.0253,9.0279
111,0.0,0.0061,0.0061,0.0011,0.0,1.0,0.0,7.6631,0.0,0.0,0.0,0.0,7.663099999999999,7.663099999999999,7.6607
112,0.0,0.0054,0.0054,0.001,0.0,1.0,0.0,7.6047,0.0,0.0,0.0,0.0,7.604700000000001,7.604700000000001,7.6069
113,0.0,0.0074,0.0074,0.0013,0.0,1.0,0.0,9.0885,0.0,0.0,0.0,0.0,9.088499999999998,9.088499999999998,9.087
114,0.0,0.0061,0.0061,0.0011,0.0,1.0,0.0,8.0627,0.0,0.0,0.0,0.0,8.062700000000001,8.062700000000001,8.0578
115,0.0,0.005,0.005,0.0009,0.0,1.0,0.0,8.4904,0.0,0.0,0.0,0.0,8.4904,8.4904,8.4896
116,0.0,0.0074,0.0074,0.0013,0.0,1.0,0.0,8.7609,0.0,0.0,0.0,0.0,8.7609,8.7609,8.7594
117,0.0,0.0067,0.0067,0.0012,0.0,1.0,0.0,8.6279,0.0,0.0,0.0,0.0,8.6279,8.6279,8.6302
118,0.0,0.0058,0.0058,0.001,0.0,1.0,0.0,7.8734,0.0,0.0,0.0,0.0,7.873399999999999,7.873399999999999,7.8763
119,0.0,0.0068,0.0068,0.0012,0.0,1.0,0.0,8.3749,0.0,0.0,0.0,0.0,8.374900000000002,8.374900000000002,8.371
120,0.0,0.0049,0.0049,0.0009,0.0,1.0,0.0,7.6447,0.0,0.0,0.0,0.0,7.6447,7.6447,7.6437
121,0.0,0.0073,0.0073,0.0013,0.0,1.0,0.0,9.4308,0.0,0.0,0.0,0.0,9.430800000000001,9.430800000000001,9.4307
122,0.0,0.0067,0.0067,0.0012,0.0,1.0,0.0,8.2259,0.0,0.0,0.0,0.0,8.2259,8.2259,8.227
123,0.0,0.0077,0.0077,0.0014,0.0,1.0,0.0,8.6755,0.0,0.0,0.0,0.0,8.675500000000001,8.675500000000001,8.6791
124,0.0,0.0056,0.0056,0.001,0.0,1.0,0.0,9.1466,0.0,0.0,0.0,0.0,9.1466,9.1466,9.1507
125,0.0,0.0073,0.0073,0.0013,0.0,1.0,0.0,8.4368,0.0,0.0,0.0,0.0,8.4368,8.4368,8.4361
126,0.0,0.0077,0.0077,0.0014,0.0,1.0,0.0,9.7033,0.0,0.0,0.0,0.0,9.703300000000002,9.703300000000002,9.7053
127,0.0,0.0068,0.0068,0.0012,0.0,1.0,0.0,9.2043,0.0,0.0,0.0,0.0,9.2043,9.2043,9.1999
128,0.0,0.0071,0.0071,0.0013,0.0,1.0,0.0,8.941,0.0,0.0,0.0,0.0,8.941,8.941,8.9441
129,0.0,0.0068,0.0068,0.0012,0.0,1.0,0.0,8.5975,0.0,0.0,0.0,0.0,8.597499999999998,8.597499999999998,8.5962
130,0.0,0.0062,0.0062,0.0011,0.0,1.0,0.0,8.6735,0.0,0.0,0.0,0.0,8.673499999999999,8.673499999999999,8.6765
131,0.0,0.0063,0.0063,0.0011,0.0,1.0,0.0,8.7931,0.0,0.0,0.0,0.0,8.793099999999999,8.793099999999999,8.7885
132,0.0,0.0071,0.0071,0.0013,0.0,1.0,0.0,9.192,0.0,0.0,0.0,0.0,9.192000000000002,9.192000000000002,9.1873
133,0.0,0.0067,0.0067,0.0012,0.0,1.0,0.0,9.6471,0.0,0.0,0.0,0.0,9.6471,9.6471,9.6481
134,0.0,0.0064,0.0064,0.0012,0.0,1.0,0.0,8.5144,0.0,0.0,0.0,0.0,8.514399999999998,8.514399999999998,8.5191
135,0.0,0.0073,0.0073,0.0013,0.0,1.0,0.0,8.6363,0.0,0.0,0.0,0.0,8.6363,8.6363,8.6362
136,0.0,0.0064,0.0064,0.0012,0.0,1.0,0.0,8.4853,0.0,0.0,0.0,0.0,8.4853,8.4853,8.4857
137,0.0,0.0072,0.0072,0.0013,0.0,1.0,0.0,8.0745,0.0,0.0,0.0,0.0,8.0745,8.0745,8.0716
138,0.0,0.0066,0.0066,0.0012,0.0,1.0,0.0,8.939,0.0,0.0,0.0,0.0,8.939,8.939,8.9363
139,0.0,0.0069,0.0069,0.0012,0.0,1.0,0.0,9.0086,0.0,0.0,0.0,0.0,9.0086,9.0086,9.0108
140,0.0,0.0067,0.0067,0.0012,0.0,1.0,0.0,9.0813,0.0,0.0,0.0,0.0,9.0813,9.0813,9.084
141,0.0,0.0065,0.0065,0.0012,0.0,1.0,0.0,9.384,0.0,0.0,0.0,0.0,9.383999999999999,9.383999999999999,9.3791
142,0.0,0.0067,0.0067,0.0012,0.0,1.0,0.0,8.928,0.0,0.0,0.0,0.0,8.927999999999999,8.927999999999999,8.9245
143,0.0,0.0065,0.0065,0.0012,0.0,1.0,0.0,8.7737,0.0,0.0,0.0,0.0,8.773700000000002,8.773700000000002,8.7762
144,0.0,0.0072,0.0072,0.0013,0.0,1.0,0.0,9.6019,0.0,0.0,0.0,0.0,9.6019,9.6019,9.6028
145,0.0,0.0067,0.0067,0.0012,0.0,1.0,0.0,8.4492,0.0,0.0,0.0,0.0,8.4492,8.4492,8.4471
146,0.0,0.0061,0.0061,0.0011,0.0,1.0,0.0,8.6675,0.0,0.0,0.0,0.0,8.667499999999999,8.667499999999999,8.6634
147,0.0,0.0069,0.0069,0.0012,0.0,1.0,0.0,8.457,0.0,0.0,0.0,0.0,8.457,8.457,8.4618
148,0.0,0.0069,0.0069,0.0013,0.0,1.0,0.0,8.5954,0.0,0.0,0.0,0.0,8.5954,8.5954,8.5906
149,0.0,0.0073,0.0073,0.0013,0.0,1.0,0.0,8.179,0.0,0.0,0.0,0.0,8.179,8.179,8.1787
150,0.0,0.0049,0.0049,0.0009,0.0,1.0,0.0,7.3785,0.0,0.0,0.0,0.0,7.3785,7.3785,7.3806
151,0.0,0.007,0.007,0.0013,0.0,1.0,0.0,8.0292,0.0,0.0,0.0,0.0,8.0292,8.0292,8.0278
152,0.0,0.0068,0.0068,0.0012,0.0,1.0,0.0,9.6989,0.0,0.0,0.0,0.0,9.6989,9.6989,9.7
153,0.0,0.0058,0.0058,0.001,0.0,1.0,0.0,8.1625,0.0,0.0,0.0,0.0,8.1625,8.1625,8.1582
154,0.0,0.0071,0.0071,0.0013,0.0,1.0,0.0,8.6751,0.0,0.0,0.0,0.0,8.6751,8.6751,8.6733
155,0.0,0.0062,0.0062,0.0011,0.0,1.0,0.0,8.9331,0.0,0.0,0.0,0.0,8.933100000000001,8.933100000000001,8.9286
156,0.0,0.0076,0.0076,0.0014,0.0,1.0,0.0,8.3447,0.0,0.0,0.0,0.0,8.344699999999998,8.344699999999998,8.3404
157,0.0,0.006,0.006,0.0011,0.0,1.0,0.0,8.7817,0.0,0.0,0.0,0.0,8.781699999999999,8.781699999999999,8.7854
158,0.0,0.0071,0.0071,0.0013,0.0,1.0,0.0,8.8328,0.0,0.0,0.0,0.0,8.832799999999999,8.832799999999999,8.831
159,0.0,0.0077,0.0077,0.0014,0.0,1.0,0.0,8.8458,0.0,0.0,0.0,0.0,8.845799999999999,8.845799999999999,8.842
160,0.0,0.0045,0.0045,0.0008,0.0,1.0,0.0,7.3549,0.0,0.0,0.0,0.0,7.354899999999999,7.354899999999999,7.3537
161,0.0,0.0067,0.0067,0.0012,0.0,1.0,0.0,9.0136,0.0,0.0,0.0,0.0,9.013600000000002,9.013600000000002,9.0162
162,0.0,0.0068,0.0068,0.0012,0.0,1.0,0.0,8.7401,0.0,0.0,0.0,0.0,8.740100000000002,8.740100000000002,8.738
163,0.0,0.0066,0.0066,0.0012,0.0,1.0,0.0,8.3981,0.0,0.0,0.0,0.0,8.3981,8.3981,8.398
164,0.0,0.0063,0.0063,0.0011,0.0,1.0,0.0,9.0162,0.0,0.0,0.0,0.0,9.0162,9.0162,9.0194
165,0.0,0.0069,0.0069,0.0012,0.0,1.0,0.0,9.4306,0.0,0.0,0.0,0.0,9.430599999999998,9.430599999999998,9.4285
166,0.0,0.0058,0.0058,0.001,0.0,1.0,0.0,8.7171,0.0,0.0,0.0,0.0,8.7171,8.7171,8.7137
167,0.0,0.0064,0.0064,0.0012,0.0,1.0,0.0,9.1899,0.0,0.0,0.0,0.0,9.1899,9.1899,9.1859
168,0.0,0.0067,0.0067,0.0012,0.0,1.0,0.0,9.1545,0.0,0.0,0.0,0.0,9.1545,9.1545,9.1539
169,0.0,0.0061,0.0061,0.0011,0.0,1.0,0.0,8.5137,0.0,0.0,0.0,0.0,8.5137,8.5137,8.5185
170,0.0,0.0077,0.0077,0.0014,0.0,1.0,0.0,8.5803,0.0,0.0,0.0,0.0,8.580300000000001,8.580300000000001,8.5831
171,0.0,0.0073,0.0073,0.0013,0.0,1.0,0.0,8.7293,0.0,0.0,0.0,0.0,8.7293,8.7293,8.7314
172,0.0,0.0065,0.0065,0.0012,0.0,1.0,0.0,8.8192,0.0,0.0,0.0,0.0,8.819199999999999,8.819199999999999,8.8237
173,0.0,0.0073,0.0073,0.0013,0.0,1.0,0.0,9.1431,0.0,0.0,0.0,0.0,9.1431,9.1431,9.1408
174,0.0,0.0058,0.0058,0.0011,0.0,1.0,0.0,8.3164,0.0,0.0,0.0,0.0,8.3164,8.3164,8.3146
175,0.0,0.006,0.006,0.0011,0.0,1.0,0.0,7.8598,0.0,0.0,0.0,0.0,7.8598,7.8598,7.8581
176,0.0,0.0076,0.0076,0.0014,0.0,1.0,0.0,9.7613,0.0,0.0,0.0,0.0,9.7613,9.7613,9.7652
177,0.0,0.0054,0.0054,0.001,0.0,1.0,0.0,8.2267,0.0,0.0,0.0,0.0,8.2267,8.2267,8.2284
178,0.0,0.007,0.007,0.0013,0.0,1.0,0.0,8.3849,0.0,0.0,0.0,0.0,8.3849,8.3849,8.3832
179,0.0,0.0084,0.0084,0.0015,0.0,1.0,0.0,9.4099,0.0,0.0,0.0,0.0,9.409899999999999,9.409899999999999,9.4126
180,0.0,0.0067,0.0067,0.0012,0.0,1.0,0.0,8.8975,0.0,0.0,0.0,0.0,8.897500000000003,8.897500000000003,8.8946
181,0.0,0.0066,0.0066,0.0012,0.0,1.0,0.0,8.4155,0.0,0.0,0.0,0.0,8.415500000000002,8.415500000000002,8.4203
182,0.0,0.0062,0.0062,0.0011,0.0,1.0,0.0,8.6019,0.0,0.0,0.0,0.0,8.601900000000002,8.601900000000002,8.597
183,0.0,0.0068,0.0068,0.0012,0.0,1.0,0.0,8.8042,0.0,0.0,0.0,0.0,8.8042,8.8042,8.8038
184,0.0,0.0063,0.0063,0.0011,0.0,1.0,0.0,9.0253,0.0,0.0,0.0,0.0,9.0253,9.0253,9.0237
185,0.0,0.0053,0.0053,0.0009,0.0,1.0,0.0,8.1392,0.0,0.0,0.0,0.0,8.139200000000002,8.139200000000002,8.1366
186,0.0,0.0073,0.0073,0.0013,0.0,1.0,0.0,8.2518,0.0,0.0,0.0,0.0,8.2518,8.2518,8.2473
187,0.0,0.0068,0.0068,0.0012,0.0,1.0,0.0,9.5065,0.0,0.0,0.0,0.0,9.506499999999999,9.506499999999999,9.506
188,0.0,0.0069,0.0069,0.0012,0.0,1.0,0.0,8.6531,0.0,0.0,0.0,0.0,8.6531,8.6531,8.6555
189,0.0,0.0068,0.0068,0.0012,0.0,1.0,0.0,9.3056,0.0,0.0,0.0,0.0,9.305599999999998,9.305599999999998,9.3098
190,0.0,0.0058,0.0058,0.0011,0.0,1.0,0.0,8.4599,0.0,0.0,0.0,0.0,8.459900000000001,8.459900000000001,8.4581
191,0.0,0.0073,0.0073,0.0013,0.0,1.0,0.0,9.6201,0.0,0.0,0.0,0.0,9.620099999999999,9.620099999999999,9.6151
192,0.0,0.0054,0.0054,0.001,0.0,1.0,0.0,8.0204,0.0,0.0,0.0,0.0,8.020399999999999,8.020399999999999,8.0189
193,0.0,0.0072,0.0072,0.0013,0.0,1.0,0.0,8.5983,0.0,0.0,0.0,0.0,8.598300000000002,8.598300000000002,8.5981
194,0.0,0.0059,0.0059,0.0011,0.0,1.0,0.0,8.4742,0.0,0.0,0.0,0.0,8.4742,8.4742,8.4739
195,0.0,0.0066,0.0066,0.0012,0.0,1.0,0.0,8.5955,0.0,0.0,0.0,0.0,8.595499999999998,8.595499999999998,8.5975
196,0.0,0.0046,0.0046,0.0008,0.0,1.0,0.0,7.4748,0.0,0.0,0.0,0.0,7.474800000000002,7.474800000000002,7.4744
197,0.0,0.0064,0.0064,0.0012,0.0,1.0,0.0,8.5305,0.0,0.0,0.0,0.0,8.5305,8.5305,8.5293
198,0.0,0.0064,0.0064,0.0011,0.0,1.0,0.0,8.3323,0.0,0.0,0.0,0.0,8.3323,8.3323,8.3302
199,0.0,0.0055,0.0055,0.001,0.0,1.0,0.0,7.6338,0.0,0.0,0.0,0.0,7.6338,7.6338,7.6355
200,0.0,0.006,0.006,0.0011,0.0,1.0,0.0,8.508,0.0,0.0,0.0,0.0,8.508,8.508,8.5071
201,0.0,0.0074,0.0074,0.0013,0.0,1.0,0.0,8.8955,0.0,0.0,0.0,0.0,8.895500000000002,8.895500000000002,8.9004
202,0.0,0.0068,0.0068,0.0012,0.0,1.0,0.0,8.0956,0.0,0.0,0.0,0.0,8.0956,8.0956,8.0958
203,0.0,0.0075,0.0075,0.0014,0.0,1.0,0.0,9.0598,0.0,0.0,0.0,0.0,9.059800000000001,9.059800000000001,9.0629
204,0.0,0.005,0.005,0.0009,0.0,1.0,0.0,7.5662,0.0,0.0,0.0,0.0,7.566199999999999,7.566199999999999,7.5693
205,0.0,0.0064,0.0064,0.0012,0.0,1.0,0.0,9.1749,0.0,0.0,0.0,0.0,9.1749,9.1749,9.1711
206,0.0,0.0069,0.0069,0.0012,0.0,1.0,0.0,9.3498,0.0,0.0,0.0,0.0,9.349799999999998,9.349799999999998,9.3535
207,0.0,0.0064,0.0064,0.0011,0.0,1.0,0.0,8.1415,0.0,0.0,0.0,0.0,8.1415,8.1415,8.1386
208,0.0,0.0055,0.0055,0.001,0.0,1.0,0.0,8.2754,0.0,0.0,0.0,0.0,8.275400000000001,8.275400000000001,8.2738
209,0.0,0.0067,0.0067,0.0012,0.0,1.0,0.0,8.4395,0.0,0.0,0.0,0.0,8.439499999999999,8.439499999999999,8.4366
210,0.0,0.0068,0.0068,0.0012,0.0,1.0,0.0,7.7297,0.0,0.0,0.0,0.0,7.7297,7.7297,7.7332
211,0.0,0.0063,0.0063,0.0011,0.0,1.0,0.0,8.131,0.0,0.0,0.0,0.0,8.131,8.131,8.1295
212,0.0,0.0059,0.0059,0.0011,0.0,1.0,0.0,8.8686,0.0,0.0,0.0,0.0,8.8686,8.8686,8.8711
213,0.0,0.006,0.006,0.0011,0.0,1.0,0.0,8.5424,0.0,0.0,0.0,0.0,8.5424,8.5424,8.5381
214,0.0,0.0081,0.0081,0.0015,0.0,1.0,0.0,8.8579,0.0,0.0,0.0,0.0,8.8579,8.8579,8.8534
215,0.0,0.0075,0.0075,0.0014,0.0,1.0,0.0,9.3759,0.0,0.0,0.0,0.0,9.3759,9.3759,9.3789
216,0.0,0.0057,0.0057,0.001,0.0,1.0,0.0,8.4393,0.0,0.0,0.0,0.0,8.439300000000001,8.439300000000001,8.4369
217,0.0,0.0059,0.0059,0.0011,0.0,1.0,0.0,8.8347,0.0,0.0,0.0,0.0,8.834699999999998,8.834699999999998,8.8303
218,0.0,0.0076,0.0076,0.0014,0.0,1.0,0.0,8.9479,0.0,0.0,0.0,0.0,8.9479,8.9479,8.9519
219,0.0,0.0057,0.0057,0.001,0.0,1.0,0.0,8.7948,0.0,0.0,0.0,0.0,8.7948,8.7948,8.7899
220,0.0,0.007,0.007,0.0013,0.0,1.0,0.0,8.7916,0.0,0.0,0.0,0.0,8.791600000000003,8.791600000000003,8.7939
221,0.0,0.0061,0.0061,0.0011,0.0,1.0,0.0,8.2639,0.0,0.0,0.0,0.0,8.2639,8.2639,8.2684
222,0.0,0.0069,0.0069,0.0012,0.0,1.0,0.0,8.1848,0.0,0.0,0.0,0.0,8.1848,8.1848,8.185
223,0.0,0.0052,0.0052,0.0009,0.0,1.0,0.0,7.7728,0.0,0.0,0.0,0.0,7.7728,7.7728,7.7746
224,0.0,0.0063,0.0063,0.0011,0.0,1.0,0.0,8.1091,0.0,0.0,0.0,0.0,8.1091,8.1091,8.1139
225,0.0,0.0063,0.0063,0.0011,0.0,1.0,0.0,8.2686,0.0,0.0,0.0,0.0,8.2686,8.2686,8.2703
226,0.0,0.0065,0.0065,0.0012,0.0,1.0,0.0,8.1444,0.0,0.0,0.0,0.0,8.1444,8.1444,8.1454
227,0.0,0.006,0.006,0.0011,0.0,1.0,0.0,9.0973,0.0,0.0,0.0,0.0,9.0973,9.0973,9.1005
228,0.0,0.0059,0.0059,0.0011,0.0,1.0,0.0,7.3848,0.0,0.0,0.0,0.0,7.3848,7.3848,7.3883
229,0.0,0.0065,0.0065,0.0012,0.0,1.0,0.0,7.9173,0.0,0.0,0.0,0.0,7.9173,7.9173,7.9136
230,0.0,0.0051,0.0051,0.0009,0.0,1.0,0.0,7.9818,0.0,0.0,0.0,0.0,7.981800000000001,7.981800000000001,7.9834
231,0.0,0.0059,0.0059,0.0011,0.0,1.0,0.0,8.5289,0.0,0.0,0.0,0.0,8.5289,8.5289,8.5336
232,0.0,0.0065,0.0065,0.0012,0.0,1.0,0.0,8.582,0.0,0.0,0.0,0.0,8.582,8.582,8.5791
233,0.0,0.0068,0.0068,0.0012,0.0,1.0,0.0,8.5872,0.0,0.0,0.0,0.0,8.5872,8.5872,8.5858
234,0.0,0.0069,0.0069,0.0012,0.0,1.0,0.0,8.8904,0.0,0.0,0.0,0.0,8.890399999999998,8.890399999999998,8.8912
235,0.0,0.007,0.007,0.0013,0.0,1.0,0.0,7.6028,0.0,0.0,0.0,0.0,7.602799999999999,7.602799999999999,7.6033
236,0.0,0.0064,0.0064,0.0011,0.0,1.0,0.0,9.2159,0.0,0.0,0.0,0.0,9.2159,9.2159,9.2154
237,0.0,0.0066,0.0066,0.0012,0.0,1.0,0.0,8.4372,0.0,0.0,0.0,0.0,8.4372,8.4372,8.4405
238,0.0,0.0068,0.0068,0.0012,0.0,1.0,0.0,9.1824,0.0,0.0,0.0,0.0,9.1824,9.1824,9.1871
239,0.0,0.0059,0.0059,0.0011,0.0,1.0,0.0,8.8084,0.0,0.0,0.0,0.0,8.808400000000002,8.808400000000002,8.8062
240,0.0,0.0069,0.0069,0.0012,0.0,1.0,0.0,9.8706,0.0,0.0,0.0,0.0,9.8706,9.8706,9.8674
241,0.0,0.0084,0.0084,0.0015,0.0,1.0,0.0,9.3471,0.0,0.0,0.0,0.0,9.347100000000001,9.347100000000001,9.3487
242,0.0,0.0068,0.0068,0.0012,0.0,1.0,0.0,8.7335,0.0,0.0,0.0,0.0,8.7335,8.7335,8.7372
243,0.0,0.006,0.006,0.0011,0.0,1.0,0.0,8.6701,0.0,0.0,0.0,0.0,8.670100000000001,8.670100000000001,8.6693
244,0.0,0.0066,0.0066,0.0012,0.0,1.0,0.0,8.1249,0.0,0.0,0.0,0.0,8.1249,8.1249,8.1263
245,0.0,0.0071,0.0071,0.0013,0.0,1.0,0.0,9.5162,0.0,0.0,0.0,0.0,9.516200000000001,9.516200000000001,9.5163
246,0.0,0.0048,0.0048,0.0009,0.0,1.0,0.0,8.1236,0.0,0.0,0.0,0.0,8.123600000000001,8.123600000000001,8.1277
247,0.0,0.0074,0.0074,0.0013,0.0,1.0,0.0,8.0953,0.0,0.0,0.0,0.0,8.0953,8.0953,8.0994
248,0.0,0.0067,0.0067,0.0012,0.0,1.0,0.0,8.7966,0.0,0.0,0.0,0.0,8.7966,8.7966,8.796
249,0.0,0.0071,0.0071,0.0013,0.0,1.0,0.0,10.1266,0.0,0.0,0.0,0.0,10.1266,10.1266,10.1307
250,0.0,0.0065,0.0065,0.0012,0.0,1.0,0.0,8.9119,0.0,0.0,0.0,0.0,8.9119,8.9119,8.915
251,0.0,0.0061,0.0061,0.0011,0.0,1.0,0.0,7.5078,0.0,0.0,0.0,0.0,7.5078000000000005,7.5078000000000005,7.5066
252,0.0,0.0069,0.0069,0.0012,0.0,1.0,0.0,8.6067,0.0,0.0,0.0,0.0,8.6067,8.6067,8.6102
253,0.0,0.0057,0.0057,0.001,0.0,1.0,0.0,8.2016,0.0,0.0,0.0,0.0,8.201600000000001,8.201600000000001,8.197
254,0.0,0.0067,0.0067,0.0012,0.0,1.0,0.0,8.3062,0.0,0.0,0.0,0.0,8.3062,8.3062,8.3106
255,0.0,0.0076,0.0076,0.0014,0.0,1.0,0.0,9.4636,0.0,0.0,0.0,0.0,9.4636,9.4636,9.4663
256,0.0,0.0066,0.0066,0.0012,0.0,1.0,0.0,8.0443,0.0,0.0,0.0,0.0,8.0443,8.0443,8.0404
257,0.0,0.0063,0.0063,0.0011,0.0,1.0,0.0,8.099,0.0,0.0,0.0,0.0,8.099,8.099,8.1014
258,0.0,0.0067,0.0067,0.0012,0.0,1.0,0.0,9.1433,0.0,0.0,0.0,0.0,9.1433,9.1433,9.145
259,0.0,0.0077,0.0077,0.0014,0.0,1.0,0.0,9.3699,0.0,0.0,0.0,0.0,9.3699,9.3699,9.3691
260,0.0,0.0051,0.0051,0.0009,0.0,1.0,0.0,7.9895,0.0,0.0,0.0,0.0,7.989499999999999,7.989499999999999,7.994
261,0.0,0.0067,0.0067,0.0012,0.0,1.0,0.0,8.8388,0.0,0.0,0.0,0.0,8.838799999999999,8.838799999999999,8.8431
262,0.0,0.0068,0.0068,0.0012,0.0,1.0,0.0,8.9601,0.0,0.0,0.0,0.0,8.960099999999999,8.960099999999999,8.9561
263,0.0,0.0077,0.0077,0.0014,0.0,1.0,0.0,9.11,0.0,0.0,0.0,0.0,9.11,9.11,9.1117
264,0.0,0.0066,0.0066,0.0012,0.0,1.0,0.0,8.7572,0.0,0.0,0.0,0.0,8.7572,8.7572,8.753
265,0.0,0.0077,0.0077,0.0014,0.0,1.0,0.0,9.7372,0.0,0.0,0.0,0.0,9.7372,9.7372,9.7396
266,0.0,0.0056,0.0056,0.001,0.0,1.0,0.0,8.0395,0.0,0.0,0.0,0.0,8.039499999999999,8.039499999999999,8.0366
267,0.0,0.006,0.006,0.0011,0.0,1.0,0.0,9.4596,0.0,0.0,0.0,0.0,9.4596,9.4596,9.4564
268,0.0,0.0061,0.0061,0.0011,0.0,1.0,0.0,8.8465,0.0,0.0,0.0,0.0,8.8465,8.8465,8.8499
269,0.0,0.0058,0.0058,0.001,0.0,1.0,0.0,8.7343,0.0,0.0,0.0,0.0,8.7343,8.7343,8.734
270,0.0,0.0072,0.0072,0.0013,0.0,1.0,0.0,8.9385,0.0,0.0,0.0,0.0,8.9385,8.9385,8.9388
271,0.0,0.0063,0.0063,0.0011,0.0,1.0,0.0,8.5477,0.0,0.0,0.0,0.0,8.5477,8.5477,8.5523
272,0.0,0.0057,0.0057,0.001,0.0,1.0,0.0,7.7309,0.0,0.0,0.0,0.0,7.730899999999999,7.730899999999999,7.7356
273,0.0,0.0069,0.0069,0.0012,0.0,1.0,0.0,9.0473,0.0,0.0,0.0,0.0,9.0473,9.0473,9.0501
274,0.0,0.0059,0.0059,0.0011,0.0,1.0,0.0,8.3254,0.0,0.0,0.0,0.0,8.3254,8.3254,8.3264
275,0.0,0.0053,0.0053,0.001,0.0,1.0,0.0,8.709,0.0,0.0,0.0,0.0,8.709,8.709,8.7044
276,0.0,0.0067,0.0067,0.0012,0.0,1.0,0.0,9.1713,0.0,0.0,0.0,0.0,9.1713,9.1713,9.1723
277,0.0,0.0053,0.0053,0.001,0.0,1.0,0.0,8.2647,0.0,0.0,0.0,0.0,8.2647,8.2647,8.2673
278,0.0,0.007,0.007,0.0013,0.0,1.0,0.0,8.8115,0.0,0.0,0.0,0.0,8.8115,8.8115,8.8071
279,0.0,0.006,0.006,0.0011,0.0,1.0,0.0,8.1819,0.0,0.0,0.0,0.0,8.181899999999999,8.181899999999999,8.1843
280,0.0,0.0061,0.0061,0.0011,0.0,1.0,0.0,8.5466,0.0,0.0,0.0,0.0,8.5466,8.5466,8.5443
281,0.0,0.0071,0.0071,0.0013,0.0,1.0,0.0,9.0793,0.0,0.0,0.0,0.0,9.079299999999998,9.079299999999998,9.0756
282,0.0,0.0066,0.0066,0.0012,0.0,1.0,0.0,9.4713,0.0,0.0,0.0,0.0,9.4713,9.4713,9.4726
283,0.0,0.0065,0.0065,0.0012,0.0,1.0,0.0,8.7323,0.0,0.0,0.0,0.0,8.7323,8.7323,8.7329
284,0.0,0.0067,0.0067,0.0012,0.0,1.0,0.0,8.736,0.0,0.0,0.0,0.0,8.736,8.736,8.733
285,0.0,0.0073,0.0073,0.0013,0.0,1.0,0.0,9.0913,0.0,0.0,0.0,0.0,9.0913,9.0913,9.095
286,0.0,0.0059,0.0059,0.0011,0.0,1.0,0.0,8.824,0.0,0.0,0.0,0.0,8.823999999999998,8.823999999999998,8.8276
287,0.0,0.0064,0.0064,0.0012,0.0,1.0,0.0,8.855,0.0,0.0,0.0,0.0,8.854999999999999,8.854999999999999,8.8539
288,0.0,0.0062,0.0062,0.0011,0.0,1.0,0.0,7.8106,0.0,0.0,0.0,0.0,7.8106,7.8106,7.8067
289,0.0,0.0067,0.0067,0.0012,0.0,1.0,0.0,9.1267,0.0,0.0,0.0,0.0,9.1267,9.1267,9.1305
290,0.0,0.006,0.006,0.0011,0.0,1.0,0.0,8.9828,0.0,0.0,0.0,0.0,8.9828,8.9828,8.9853
291,0.0,0.0064,0.0064,0.0012,0.0,1.0,0.0,7.2328,0.0,0.0,0.0,0.0,7.232800000000001,7.232800000000001,7.2286
292,0.0,0.0074,0.0074,0.0013,0.0,1.0,0.0,9.3186,0.0,0.0,0.0,0.0,9.3186,9.3186,9.3208
293,0.0,0.007,0.007,0.0013,0.0,1.0,0.0,9.4152,0.0,0.0,0.0,0.0,9.4152,9.4152,9.4131
294,0.0,0.0054,0.0054,0.001,0.0,1.0,0.0,7.7037,0.0,0.0,0.0,0.0,7.7036999999999995,7.7036999999999995,7.703
295,0.0,0.0067,0.0067,0.0012,0.0,1.0,0.0,8.544,0.0,0.0,0.0,0.0,8.543999999999999,8.543999999999999,8.5457
296,0.0,0.0076,0.0076,0.0014,0.0,1.0,0.0,8.4556,0.0,0.0,0.0,0.0,8.455599999999999,8.455599999999999,8.4573
297,0.0,0.0054,0.0054,0.001,0.0,1.0,0.0,7.979,0.0,0.0,0.0,0.0,7.979,7.979,7.98
298,0.0,0.0064,0.0064,0.0011,0.0,1.0,0.0,8.2148,0.0,0.0,0.0,0.0,8.214799999999999,8.214799999999999,8.2121
299,0.0,0.0068,0.0068,0.0012,0.0,1.0,0.0,9.0912,0.0,0.0,0.0,0.0,9.091199999999999,9.091199999999999,9.0867
300,0.0,0.0066,0.0066,0.0012,0.0,1.0,0.0,9.6519,0.0,0.0,0.0,0.0,9.6519,9.6519,9.647
301,0.0,0.007,0.007,0.0013,0.0,1.0,0.0,8.6388,0.0,0.0,0.0,0.0,8.6388,8.6388,8.6341
302,0.0,0.0061,0.0061,0.0011,0.0,1.0,0.0,8.1862,0.0,0.0,0.0,0.0,8.1862,8.1862,8.1856
303,0.0,0.0067,0.0067,0.0012,0.0,1.0,0.0,8.2262,0.0,0.0,0.0,0.0,8.2262,8.2262,8.2277
304,0.0,0.0066,0.0066,0.0012,0.0,1.0,0.0,8.7622,0.0,0.0,0.0,0.0,8.762200000000002,8.762200000000002,8.7646
305,0.0,0.0062,0.0062,0.0011,0.0,1.0,0.0,8.3375,0.0,0.0,0.0,0.0,8.3375,8.3375,8.3399
306,0.0,0.006,0.006,0.0011,0.0,1.0,0.0,8.8608,0.0,0.0,0.0,0.0,8.860800000000001,8.860800000000001,8.857
307,0.0,0.0047,0.0047,0.0008,0.0,1.0,0.0,7.9629,0.0,0.0,0.0,0.0,7.962899999999999,7.962899999999999,7.9629
308,0.0,0.0061,0.0061,0.0011,0.0,1.0,0.0,7.5135,0.0,0.0,0.0,0.0,7.5135000000000005,7.5135000000000005,7.5117
309,0.0,0.0066,0.0066,0.0012,0.0,1.0,0.0,8.1592,0.0,0.0,0.0,0.0,8.1592,8.1592,8.158
310,0.0,0.0078,0.0078,0.0014,0.0,1.0,0.0,9.4584,0.0,0.0,0.0,0.0,9.458400000000001,9.458400000000001,9.4538
311,0.0,0.0057,0.0057,0.001,0.0,1.0,0.0,8.3305,0.0,0.0,0.0,0.0,8.330499999999999,8.330499999999999,8.3283
312,0.0,0.0074,0.0074,0.0013,0.0,1.0,0.0,8.8658,0.0,0.0,0.0,0.0,8.8658,8.8658,8.8698
313,0.0,0.0074,0.0074,0.0013,0.0,1.0,0.0,9.3989,0.0,0.0,0.0,0.0,9.3989,9.3989,9.3967
314,0.0,0.0069,0.0069,0.0012,0.0,1.0,0.0,9.326,0.0,0.0,0.0,0.0,9.325999999999999,9.325999999999999,9.3222
315,0.0,0.0056,0.0056,0.001,0.0,1.0,0.0,8.8427,0.0,0.0,0.0,0.0,8.8427,8.8427,8.839
316,0.0,0.0066,0.0066,0.0012,0.0,1.0,0.0,8.9015,0.0,0.0,0.0,0.0,8.9015,8.9015,8.9035
317,0.0,0.006,0.006,0.0011,0.0,1.0,0.0,7.3283,0.0,0.0,0.0,0.0,7.3283,7.3283,7.3302
318,0.0,0.0061,0.0061,0.0011,0.0,1.0,0.0,8.4423,0.0,0.0,0.0,0.0,8.4423,8.4423,8.4378
319,0.0,0.008,0.008,0.0014,0.0,1.0,0.0,9.8106,0.0,0.0,0.0,0.0,9.810599999999999,9.810599999999999,9.8098
320,0.0,0.006,0.006,0.0011,0.0,1.0,0.0,7.756,0.0,0.0,0.0,0.0,7.755999999999999,7.755999999999999,7.7578
321,0.0,0.0064,0.0064,0.0012,0.0,1.0,0.0,8.7665,0.0,0.0,0.0,0.0,8.766499999999999,8.766499999999999,8.7624
322,0.0,0.0061,0.0061,0.0011,0.0,1.0,0.0,8.3647,0.0,0.0,0.0,0.0,8.3647,8.3647,8.3684
323,0.0,0.005,0.005,0.0009,0.0,1.0,0.0,7.556,0.0,0.0,0.0,0.0,7.555999999999999,7.555999999999999,7.5578
324,0.0,0.0066,0.0066,0.0012,0.0,1.0,0.0,9.1201,0.0,0.0,0.0,0.0,9.1201,9.1201,9.1168
325,0.0,0.0078,0.0078,0.0014,0.0,1.0,0.0,9.5248,0.0,0.0,0.0,0.0,9.5248,9.5248,9.5236
326,0.0,0.0063,0.0063,0.0011,0.0,1.0,0.0,8.6191,0.0,0.0,0.0,0.0,8.619100000000001,8.619100000000001,8.6144
327,0.0,0.0064,0.0064,0.0011,0.0,1.0,0.0,8.5648,0.0,0.0,0.0,0.0,8.5648,8.5648,8.5685
328,0.0,0.0063,0.0063,0.0011,0.0,1.0,0.0,8.3467,0.0,0.0,0.0,0.0,8.346699999999998,8.346699999999998,8.3432
329,0.0,0.0056,0.0056,0.001,0.0,1.0,0.0,7.5317,0.0,0.0,0.0,0.0,7.531699999999999,7.531699999999999,7.5317
330,0.0,0.0054,0.0054,0.001,0.0,1.0,0.0,7.5312,0.0,0.0,0.0,0.0,7.531199999999999,7.531199999999999,7.536
331,0.0,0.0053,0.0053,0.001,0.0,1.0,0.0,7.931,0.0,0.0,0.0,0.0,7.931,7.931,7.9357
332,0.0,0.0063,0.0063,0.0011,0.0,1.0,0.0,9.6174,0.0,0.0,0.0,0.0,9.6174,9.6174,9.6209
333,0.0,0.0071,0.0071,0.0013,0.0,1.0,0.0,8.439,0.0,0.0,0.0,0.0,8.438999999999998,8.438999999999998,8.4375
334,0.0,0.0064,0.0064,0.0012,0.0,1.0,0.0,9.0691,0.0,0.0,0.0,0.0,9.069099999999999,9.069099999999999,9.071
335,0.0,0.0057,0.0057,0.001,0.0,1.0,0.0,8.0587,0.0,0.0,0.0,0.0,8.0587,8.0587,8.0551
336,0.0,0.0069,0.0069,0.0012,0.0,1.0,0.0,8.8918,0.0,0.0,0.0,0.0,8.891799999999998,8.891799999999998,8.8944
337,0.0,0.0068,0.0068,0.0012,0.0,1.0,0.0,9.138,0.0,0.0,0.0,0.0,9.138,9.138,9.1374
338,0.0,0.0062,0.0062,0.0011,0.0,1.0,0.0,9.3286,0.0,0.0,0.0,0.0,9.328600000000002,9.328600000000002,9.3255
339,0.0,0.0051,0.0051,0.0009,0.0,1.0,0.0,7.7391,0.0,0.0,0.0,0.0,7.7391,7.7391,7.7359
340,0.0,0.008,0.008,0.0014,0.0,1.0,0.0,9.533,0.0,0.0,0.0,0.0,9.533,9.533,9.5289
341,0.0,0.0063,0.0063,0.0011,0.0,1.0,0.0,9.193,0.0,0.0,0.0,0.0,9.193,9.193,9.1899
342,0.0,0.0059,0.0059,0.0011,0.0,1.0,0.0,8.4091,0.0,0.0,0.0,0.0,8.4091,8.4091,8.4114
343,0.0,0.0065,0.0065,0.0012,0.0,1.0,0.0,9.2097,0.0,0.0,0.0,0.0,9.209699999999998,9.209699999999998,9.2144
344,0.0,0.0067,0.0067,0.0012,0.0,1.0,0.0,8.7226,0.0,0.0,0.0,0.0,8.7226,8.7226,8.7206
345,0.0,0.0076,0.0076,0.0014,0.0,1.0,0.0,9.464,0.0,0.0,0.0,0.0,9.464,9.464,9.4679
346,0.0,0.0061,0.0061,0.0011,0.0,1.0,0.0,8.4907,0.0,0.0,0.0,0.0,8.490699999999999,8.490699999999999,8.494
347,0.0,0.0056,0.0056,0.001,0.0,1.0,0.0,8.1485,0.0,0.0,0.0,0.0,8.1485,8.1485,8.1522
348,0.0,0.0074,0.0074,0.0013,0.0,1.0,0.0,9.4809,0.0,0.0,0.0,0.0,9.480900000000002,9.480900000000002,9.4774
349,0.0,0.0072,0.0072,0.0013,0.0,1.0,0.0,9.1572,0.0,0.0,0.0,0.0,9.1572,9.1572,9.1561
350,0.0,0.0079,0.0079,0.0014,0.0,1.0,0.0,8.6005,0.0,0.0,0.0,0.0,8.6005,8.6005,8.6041
351,0.0,0.0063,0.0063,0.0011,0.0,1.0,0.0,9.8839,0.0,0.0,0.0,0.0,9.883899999999997,9.883899999999997,9.8791
352,0.0,0.0064,0.0064,0.0012,0.0,1.0,0.0,9.0892,0.0,0.0,0.0,0.0,9.089199999999998,9.089199999999998,9.0931
353,0.0,0.0072,0.0072,0.0013,0.0,1.0,0.0,8.7218,0.0,0.0,0.0,0.0,8.7218,8.7218,8.7243
354,0.0,0.0059,0.0059,0.0011,0.0,1.0,0.0,8.0206,0.0,0.0,0.0,0.0,8.020600000000002,8.020600000000002,8.0236
355,0.0,0.0066,0.0066,0.0012,0.0,1.0,0.0,8.3456,0.0,0.0,0.0,0.0,8.345600000000001,8.345600000000001,8.3421
356,0.0,0.0083,0.0083,0.0015,0.0,1.0,0.0,9.4835,0.0,0.0,0.0,0.0,9.4835,9.4835,9.4808
357,0.0,0.0057,0.0057,0.001,0.0,1.0,0.0,8.2082,0.0,0.0,0.0,0.0,8.2082,8.2082,8.2111
358,0.0,0.0067,0.0067,0.0012,0.0,1.0,0.0,9.0275,0.0,0.0,0.0,0.0,9.0275,9.0275,9.0298
359,0.0,0.0072,0.0072,0.0013,0.0,1.0,0.0,8.3799,0.0,0.0,0.0,0.0,8.379900000000001,8.379900000000001,8.3756
360,0.0,0.0064,0.0064,0.0012,0.0,1.0,0.0,8.314,0.0,0.0,0.0,0.0,8.314,8.314,8.3143
361,0.0,0.0066,0.0066,0.0012,0.0,1.0,0.0,8.1667,0.0,0.0,0.0,0.0,8.1667,8.1667,8.1635
362,0.0,0.0066,0.0066,0.0012,0.0,1.0,0.0,8.4608,0.0,0.0,0.0,0.0,8.460799999999999,8.460799999999999,8.456
363,0.0,0.0066,0.0066,0.0012,0.0,1.0,0.0,9.8686,0.0,0.0,0.0,0.0,9.868599999999999,9.868599999999999,9.8644
364,0.0,0.0076,0.0076,0.0014,0.0,1.0,0.0,9.4175,0.0,0.0,0.0,0.0,9.417499999999999,9.417499999999999,9.4203
365,0.0,0.0075,0.0075,0.0014,0.0,1.0,0.0,9.5517,0.0,0.0,0.0,0.0,9.551699999999999,9.551699999999999,9.5534
366,0.0,0.006,0.006,0.0011,0.0,1.0,0.0,8.2428,0.0,0.0,0.0,0.0,8.242799999999999,8.242799999999999,8.2403
367,0.0,0.0075,0.0075,0.0013,0.0,1.0,0.0,9.6671,0.0,0.0,0.0,0.0,9.667099999999998,9.667099999999998,9.6631
368,0.0,0.0058,0.0058,0.001,0.0,1.0,0.0,8.7146,0.0,0.0,0.0,0.0,8.7146,8.7146,8.7173
369,0.0,0.0077,0.0077,0.0014,0.0,1.0,0.0,9.2694,0.0,0.0,0.0,0.0,9.269400000000001,9.269400000000001,9.2667
370,0.0,0.0061,0.0061,0.0011,0.0,1.0,0.0,8.1993,0.0,0.0,0.0,0.0,8.199300000000001,8.199300000000001,8.1999
371,0.0,0.0065,0.0065,0.0012,0.0,1.0,0.0,8.0598,0.0,0.0,0.0,0.0,8.059800000000001,8.059800000000001,8.0583
372,0.0,0.0055,0.0055,0.001,0.0,1.0,0.0,7.494,0.0,0.0,0.0,0.0,7.494,7.494,7.4902
373,0.0,0.0067,0.0067,0.0012,0.0,1.0,0.0,8.1896,0.0,0.0,0.0,0.0,8.189599999999999,8.189599999999999,8.1938
374,0.0,0.0057,0.0057,0.001,0.0,1.0,0.0,8.3282,0.0,0.0,0.0,0.0,8.328200000000002,8.328200000000002,8.3314
375,0.0,0.0073,0.0073,0.0013,0.0,1.0,0.0,9.1595,0.0,0.0,0.0,0.0,9.159500000000001,9.159500000000001,9.1568
376,0.0,0.0053,0.0053,0.001,0.0,1.0,0.0,7.6793,0.0,0.0,0.0,0.0,7.679299999999999,7.679299999999999,7.6743
377,0.0,0.0071,0.0071,0.0013,0.0,1.0,0.0,8.8439,0.0,0.0,0.0,0.0,8.8439,8.8439,8.8395
378,0.0,0.0062,0.0062,0.0011,0.0,1.0,0.0,9.3993,0.0,0.0,0.0,0.0,9.399300000000002,9.399300000000002,9.3984
379,0.0,0.0056,0.0056,0.001,0.0,1.0,0.0,7.9162,0.0,0.0,0.0,0.0,7.9162,7.9162,7.9152
380,0.0,0.0063,0.0063,0.0011,0.0,1.0,0.0,9.0979,0.0,0.0,0.0,0.0,9.0979,9.0979,9.1025
381,0.0,0.0081,0.0081,0.0015,0.0,1.0,0.0,8.6287,0.0,0.0,0.0,0.0,8.6287,8.6287,8.6278
382,0.0,0.0067,0.0067,0.0012,0.0,1.0,0.0,8.1868,0.0,0.0,0.0,0.0,8.186800000000002,8.186800000000002,8.1846
383,0.0,0.0057,0.0057,0.001,0.0,1.0,0.0,8.6491,0.0,0.0,0.0,0.0,8.6491,8.6491,8.6472
384,0.0,0.0059,0.0059,0.0011,0.0,1.0,0.0,8.087,0.0,0.0,0.0,0.0,8.087,8.087,8.086
385,0.0,0.007,0.007,0.0013,0.0,1.0,0.0,8.2425,0.0,0.0,0.0,0.0,8.2425,8.2425,8.2471
386,0.0,0.0081,0.0081,0.0015,0.0,1.0,0.0,9.3218,0.0,0.0,0.0,0.0,9.321799999999998,9.321799999999998,9.3212
387,0.0,0.0082,0.0082,0.0015,0.0,1.0,0.0,9.4452,0.0,0.0,0.0,0.0,9.445199999999998,9.445199999999998,9.4479
388,0.0,0.0057,0.0057,0.001,0.0,1.0,0.0,8.3846,0.0,0.0,0.0,0.0,8.384599999999999,8.384599999999999,8.381
389,0.0,0.0061,0.0061,0.0011,0.0,1.0,0.0,8.7597,0.0,0.0,0.0,0.0,8.7597,8.7597,8.7552
390,0.0,0.0059,0.0059,0.0011,0.0,1.0,0.0,8.6864,0.0,0.0,0.0,0.0,8.686399999999999,8.686399999999999,8.6862
391,0.0,0.0069,0.0069,0.0012,0.0,1.0,0.0,7.7032,0.0,0.0,0.0,0.0,7.7032,7.7032,7.7032
392,0.0,0.0071,0.0071,0.0013,0.0,1.0,0.0,8.7956,0.0,0.0,0.0,0.0,8.7956,8.7956,8.7926
393,0.0,0.0068,0.0068,0.0012,0.0,1.0,0.0,8.8923,0.0,0.0,0.0,0.0,8.892299999999999,8.892299999999999,8.8924
394,0.0,0.006,0.006,0.0011,0.0,1.0,0.0,8.3805,0.0,0.0,0.0,0.0,8.3805,8.3805,8.3774
395,0.0,0.006,0.006,0.0011,0.0,1.0,0.0,7.7179,0.0,0.0,0.0,0.0,7.7179,7.7179,7.7217
396,0.0,0.0065,0.0065,0.0012,0.0,1.0,0.0,8.5686,0.0,0.0,0.0,0.0,8.5686,8.5686,8.5698
397,0.0,0.007,0.007,0.0013,0.0,1.0,0.0,8.4538,0.0,0.0,0.0,0.0,8.453800000000001,8.453800000000001,8.4581
398,0.0,0.0058,0.0058,0.001,0.0,1.0,0.0,8.4414,0.0,0.0,0.0,0.0,8.441399999999998,8.441399999999998,8.4441
399,0.0,0.0073,0.0073,0.0013,0.0,1.0,0.0,9.653,0.0,0.0,0.0,0.0,9.653,9.653,9.6489
400,0.0,0.0081,0.0081,0.0015,0.0,1.0,0.0,8.6002,0.0,0.0,0.0,0.0,8.6002,8.6002,8.6011
401,0.0,0.0068,0.0068,0.0012,0.0,1.0,0.0,8.4685,0.0,0.0,0.0,0.0,8.4685,8.4685,8.4723
402,0.0,0.0053,0.0053,0.0009,0.0,1.0,0.0,7.3484,0.0,0.0,0.0,0.0,7.3484,7.3484,7.3502
403,0.0,0.0063,0.0063,0.0011,0.0,1.0,0.0,8.6196,0.0,0.0,0.0,0.0,8.6196,8.6196,8.6244
404,0.0,0.0053,0.0053,0.001,0.0,1.0,0.0,8.4609,0.0,0.0,0.0,0.0,8.4609,8.4609,8.4562
405,0.0,0.0074,0.0074,0.0013,0.0,1.0,0.0,8.8738,0.0,0.0,0.0,0.0,8.873800000000001,8.873800000000001,8.8734
406,0.0,0.0063,0.0063,0.0011,0.0,1.0,0.0,8.7439,0.0,0.0,0.0,0.0,8.7439,8.7439,8.744
407,0.0,0.0057,0.0057,0.001,0.0,1.0,0.0,8.5803,0.0,0.0,0.0,0.0,8.5803,8.5803,8.5761
408,0.0,0.0069,0.0069,0.0012,0.0,1.0,0.0,9.2696,0.0,0.0,0.0,0.0,9.269599999999999,9.269599999999999,9.2725
409,0.0,0.0056,0.0056,0.001,0.0,1.0,0.0,7.2092,0.0,0.0,0.0,0.0,7.209200000000001,7.209200000000001,7.2057
410,0.0,0.0071,0.0071,0.0013,0.0,1.0,0.0,8.8348,0.0,0.0,0.0,0.0,8.834800000000001,8.834800000000001,8.8339
411,0.0,0.0062,0.0062,0.0011,0.0,1.0,0.0,8.7887,0.0,0.0,0.0,0.0,8.7887,8.7887,8.7877
412,0.0,0.0063,0.0063,0.0011,0.0,1.0,0.0,8.5481,0.0,0.0,0.0,0.0,8.548099999999998,8.548099999999998,8.5503
413,0.0,0.007,0.007,0.0013,0.0,1.0,0.0,8.8553,0.0,0.0,0.0,0.0,8.8553,8.8553,8.8591
414,0.0,0.0065,0.0065,0.0012,0.0,1.0,0.0,9.0828,0.0,0.0,0.0,0.0,9.082799999999999,9.082799999999999,9.0871
415,0.0,0.006,0.006,0.0011,0.0,1.0,0.0,8.7287,0.0,0.0,0.0,0.0,8.7287,8.7287,8.7279
416,0.0,0.0063,0.0063,0.0011,0.0,1.0,0.0,8.4127,0.0,0.0,0.0,0.0,8.4127,8.4127,8.413
417,0.0,0.006,0.006,0.0011,0.0,1.0,0.0,8.6917,0.0,0.0,0.0,0.0,8.691699999999999,8.691699999999999,8.6934
418,0.0,0.0066,0.0066,0.0012,0.0,1.0,0.0,8.6167,0.0,0.0,0.0,0.0,8.6167,8.6167,8.6151
419,0.0,0.0053,0.0053,0.001,0.0,1.0,0.0,8.4738,0.0,0.0,0.0,0.0,8.473799999999999,8.473799999999999,8.4772
420,0.0,0.0083,0.0083,0.0015,0.0,1.0,0.0,9.0932,0.0,0.0,0.0,0.0,9.0932,9.0932,9.0939
421,0.0,0.0054,0.0054,0.001,0.0,1.0,0.0,8.0981,0.0,0.0,0.0,0.0,8.0981,8.0981,8.094
422,0.0,0.0072,0.0072,0.0013,0.0,1.0,0.0,7.5411,0.0,0.0,0.0,0.0,7.5411,7.5411,7.5447
423,0.0,0.0066,0.0066,0.0012,0.0,1.0,0.0,8.7692,0.0,0.0,0.0,0.0,8.769200000000001,8.769200000000001,8.7724
424,0.0,0.0066,0.0066,0.0012,0.0,1.0,0.0,9.4304,0.0,0.0,0.0,0.0,9.4304,9.4304,9.4285
425,0.0,0.0053,0.0053,0.001,0.0,1.0,0.0,7.778,0.0,0.0,0.0,0.0,7.778,7.778,7.7765
426,0.0,0.006,0.006,0.0011,0.0,1.0,0.0,9.2423,0.0,0.0,0.0,0.0,9.2423,9.2423,9.2436
427,0.0,0.007,0.007,0.0013,0.0,1.0,0.0,8.1682,0.0,0.0,0.0,0.0,8.168199999999999,8.168199999999999,8.167
428,0.0,0.0063,0.0063,0.0011,0.0,1.0,0.0,8.5644,0.0,0.0,0.0,0.0,8.5644,8.5644,8.5693
429,0.0,0.0062,0.0062,0.0011,0.0,1.0,0.0,8.5078,0.0,0.0,0.0,0.0,8.507800000000001,8.507800000000001,8.5063
430,0.0,0.0074,0.0074,0.0013,0.0,1.0,0.0,9.4597,0.0,0.0,0.0,0.0,9.459700000000002,9.459700000000002,9.4606
431,0.0,0.0082,0.0082,0.0015,0.0,1.0,0.0,9.2297,0.0,0.0,0.0,0.0,9.229700000000003,9.229700000000003,9.2286
432,0.0,0.0056,0.0056,0.001,0.0,1.0,0.0,8.1958,0.0,0.0,0.0,0.0,8.1958,8.1958,8.1921
433,0.0,0.0078,0.0078,0.0014,0.0,1.0,0.0,9.3135,0.0,0.0,0.0,0.0,9.313499999999998,9.313499999999998,9.3142
434,0.0,0.0069,0.0069,0.0012,0.0,1.0,0.0,9.2339,0.0,0.0,0.0,0.0,9.233900000000002,9.233900000000002,9.2294
435,0.0,0.0066,0.0066,0.0012,0.0,1.0,0.0,8.0456,0.0,0.0,0.0,0.0,8.0456,8.0456,8.0465
436,0.0,0.0071,0.0071,0.0013,0.0,1.0,0.0,7.8407,0.0,0.0,0.0,0.0,7.840699999999999,7.840699999999999,7.8451
437,0.0,0.0059,0.0059,0.0011,0.0,1.0,0.0,8.0843,0.0,0.0,0.0,0.0,8.0843,8.0843,8.0803
438,0.0,0.007,0.007,0.0013,0.0,1.0,0.0,8.4678,0.0,0.0,0.0,0.0,8.4678,8.4678,8.4649
439,0.0,0.0069,0.0069,0.0013,0.0,1.0,0.0,8.5255,0.0,0.0,0.0,0.0,8.525500000000001,8.525500000000001,8.5298
440,0.0,0.0061,0.0061,0.0011,0.0,1.0,0.0,8.536,0.0,0.0,0.0,0.0,8.536,8.536,8.5402
441,0.0,0.0062,0.0062,0.0011,0.0,1.0,0.0,8.6458,0.0,0.0,0.0,0.0,8.6458,8.6458,8.6446
442,0.0,0.0069,0.0069,0.0012,0.0,1.0,0.0,9.0431,0.0,0.0,0.0,0.0,9.043099999999999,9.043099999999999,9.0434
443,0.0,0.0066,0.0066,0.0012,0.0,1.0,0.0,8.3126,0.0,0.0,0.0,0.0,8.3126,8.3126,8.3107
444,0.0,0.0063,0.0063,0.0011,0.0,1.0,0.0,9.6327,0.0,0.0,0.0,0.0,9.632700000000002,9.632700000000002,9.6313
445,0.0,0.0067,0.0067,0.0012,0.0,1.0,0.0,8.3821,0.0,0.0,0.0,0.0,8.382100000000001,8.382100000000001,8.3813
446,0.0,0.0067,0.0067,0.0012,0.0,1.0,0.0,7.607,0.0,0.0,0.0,0.0,7.606999999999999,7.606999999999999,7.6119
447,0.0,0.007,0.007,0.0013,0.0,1.0,0.0,8.6321,0.0,0.0,0.0,0.0,8.6321,8.6321,8.6322
448,0.0,0.0075,0.0075,0.0014,0.0,1.0,0.0,9.3803,0.0,0.0,0.0,0.0,9.3803,9.3803,9.3825
449,0.0,0.0062,0.0062,0.0011,0.0,1.0,0.0,8.0993,0.0,0.0,0.0,0.0,8.0993,8.0993,8.0953
450,0.0,0.0079,0.0079,0.0014,0.0,1.0,0.0,9.0545,0.0,0.0,0.0,0.0,9.054499999999999,9.054499999999999,9.0519
451,0.0,0.0061,0.0061,0.0011,0.0,1.0,0.0,9.0956,0.0,0.0,0.0,0.0,9.0956,9.0956,9.0929
452,0.0,0.0057,0.0057,0.001,0.0,1.0,0.0,7.817,0.0,0.0,0.0,0.0,7.817,7.817,7.8209
453,0.0,0.0066,0.0066,0.0012,0.0,1.0,0.0,9.0068,0.0,0.0,0.0,0.0,9.006799999999998,9.006799999999998,9.009
454,0.0,0.0059,0.0059,0.0011,0.0,1.0,0.0,9.3883,0.0,0.0,0.0,0.0,9.388300000000001,9.388300000000001,9.3915
455,0.0,0.0059,0.0059,0.0011,0.0,1.0,0.0,8.6917,0.0,0.0,0.0,0.0,8.691699999999999,8.691699999999999,8.6884
456,0.0,0.006,0.006,0.0011,0.0,1.0,0.0,8.2695,0.0,0.0,0.0,0.0,8.2695,8.2695,8.2696
457,0.0,0.0059,0.0059,0.0011,0.0,1.0,0.0,8.2688,0.0,0.0,0.0,0.0,8.2688,8.2688,8.2664
458,0.0,0.008,0.008,0.0014,0.0,1.0,0.0,9.0203,0.0,0.0,0.0,0.0,9.0203,9.0203,9.0166
459,0.0,0.0069,0.0069,0.0012,0.0,1.0,0.0,9.0699,0.0,0.0,0.0,0.0,9.0699,9.0699,9.0692
460,0.0,0.0057,0.0057,0.001,0.0,1.0,0.0,7.2101,0.0,0.0,0.0,0.0,7.210099999999999,7.210099999999999,7.2082
461,0.0,0.006,0.006,0.0011,0.0,1.0,0.0,9.272,0.0,0.0,0.0,0.0,9.272,9.272,9.277
462,0.0,0.0056,0.0056,0.001,0.0,1.0,0.0,8.3571,0.0,0.0,0.0,0.0,8.357099999999999,8.357099999999999,8.3597
463,0.0,0.0089,0.0089,0.0016,0.0,1.0,0.0,9.9934,0.0,0.0,0.0,0.0,9.993400000000001,9.993400000000001,9.9934
464,0.0,0.0063,0.0063,0.0011,0.0,1.0,0.0,7.6504,0.0,0.0,0.0,0.0,7.6504,7.6504,7.6455
465,0.0,0.0051,0.0051,0.0009,0.0,1.0,0.0,8.0415,0.0,0.0,0.0,0.0,8.0415,8.0415,8.0413
466,0.0,0.0076,0.0076,0.0014,0.0,1.0,0.0,10.1135,0.0,0.0,0.0,0.0,10.1135,10.1135,10.1108
467,0.0,0.0055,0.0055,0.001,0.0,1.0,0.0,8.7844,0.0,0.0,0.0,0.0,8.784399999999998,8.784399999999998,8.78
468,0.0,0.0069,0.0069,0.0012,0.0,1.0,0.0,9.249,0.0,0.0,0.0,0.0,9.249,9.249,9.2503
469,0.0,0.007,0.007,0.0013,0.0,1.0,0.0,9.771,0.0,0.0,0.0,0.0,9.771,9.771,9.7734
470,0.0,0.0066,0.0066,0.0012,0.0,1.0,0.0,8.7929,0.0,0.0,0.0,0.0,8.792900000000001,8.792900000000001,8.7921
471,0.0,0.0071,0.0071,0.0013,0.0,1.0,0.0,8.9372,0.0,0.0,0.0,0.0,8.937199999999999,8.937199999999999,8.9403
472,0.0,0.0073,0.0073,0.0013,0.0,1.0,0.0,8.2915,0.0,0.0,0.0,0.0,8.291500000000001,8.291500000000001,8.2892
473,0.0,0.0058,0.0058,0.001,0.0,1.0,0.0,7.9308,0.0,0.0,0.0,0.0,7.9308000000000005,7.9308000000000005,7.9351
474,0.0,0.0071,0.0071,0.0013,0.0,1.0,0.0,8.6485,0.0,0.0,0.0,0.0,8.6485,8.6485,8.6503
475,0.0,0.0074,0.0074,0.0013,0.0,1.0,0.0,9.0215,0.0,0.0,0.0,0.0,9.0215,9.0215,9.0259
476,0.0,0.0069,0.0069,0.0013,0.0,1.0,0.0,8.9032,0.0,0.0,0.0,0.0,8.903199999999998,8.903199999999998,8.9067
477,0.0,0.0056,0.0056,0.001,0.0,1.0,0.0,8.2247,0.0,0.0,0.0,0.0,8.2247,8.2247,8.227
478,0.0,0.007,0.007,0.0013,0.0,1.0,0.0,8.2937,0.0,0.0,0.0,0.0,8.293700000000001,8.293700000000001,8.2978
479,0.0,0.0063,0.0063,0.0011,0.0,1.0,0.0,8.2498,0.0,0.0,0.0,0.0,8.249799999999999,8.249799999999999,8.251
480,0.0,0.0076,0.0076,0.0014,0.0,1.0,0.0,8.8752,0.0,0.0,0.0,0.0,8.8752,8.8752,8.8727
481,0.0,0.0074,0.0074,0.0013,0.0,1.0,0.0,8.7705,0.0,0.0,0.0,0.0,8.7705,8.7705,8.7716
482,0.0,0.0076,0.0076,0.0014,0.0,1.0,0.0,8.5973,0.0,0.0,0.0,0.0,8.5973,8.5973,8.6002
483,0.0,0.006,0.006,0.0011,0.0,1.0,0.0,8.0797,0.0,0.0,0.0,0.0,8.0797,8.0797,8.0825
484,0.0,0.0065,0.0065,0.0012,0.0,1.0,0.0,9.1568,0.0,0.0,0.0,0.0,9.1568,9.1568,9.1524
485,0.0,0.0054,0.0054,0.001,0.0,1.0,0.0,7.9753,0.0,0.0,0.0,0.0,7.975300000000001,7.975300000000001,7.9711
486,0.0,0.0069,0.0069,0.0012,0.0,1.0,0.0,9.1388,0.0,0.0,0.0,0.0,9.138799999999998,9.138799999999998,9.1426
487,0.0,0.0066,0.0066,0.0012,0.0,1.0,0.0,8.6362,0.0,0.0,0.0,0.0,8.6362,8.6362,8.6399
488,0.0,0.0058,0.0058,0.001,0.0,1.0,0.0,8.5815,0.0,0.0,0.0,0.0,8.581500000000002,8.581500000000002,8.5819
489,0.0,0.0076,0.0076,0.0014,0.0,1.0,0.0,9.3244,0.0,0.0,0.0,0.0,9.3244,9.3244,9.3213
490,0.0,0.0075,0.0075,0.0013,0.0,1.0,0.0,9.0056,0.0,0.0,0.0,0.0,9.0056,9.0056,9.006
491,0.0,0.0061,0.0061,0.0011,0.0,1.0,0.0,8.4647,0.0,0.0,0.0,0.0,8.464699999999999,8.464699999999999,8.4631
492,0.0,0.0065,0.0065,0.0012,0.0,1.0,0.0,8.4291,0.0,0.0,0.0,0.0,8.4291,8.4291,8.4283
493,0.0,0.0063,0.0063,0.0011,0.0,1.0,0.0,8.3542,0.0,0.0,0.0,0.0,8.3542,8.3542,8.3507
494,0.0,0.0064,0.0064,0.0011,0.0,1.0,0.0,8.6151,0.0,0.0,0.0,0.0,8.615100000000002,8.615100000000002,8.6154
495,0.0,0.0071,0.0071,0.0013,0.0,1.0,0.0,8.8787,0.0,0.0,0.0,0.0,8.8787,8.8787,8.8784
496,0.0,0.0072,0.0072,0.0013,0.0,1.0,0.0,9.0972,0.0,0.0,0.0,0.0,9.097199999999999,9.097199999999999,9.0982
497,0.0,0.0058,0.0058,0.001,0.0,1.0,0.0,8.8183,0.0,0.0,0.0,0.0,8.818299999999999,8.818299999999999,8.8223
498,0.0,0.0068,0.0068,0.0012,0.0,1.0,0.0,9.0725,0.0,0.0,0.0,0.0,9.072500000000002,9.072500000000002,9.0678
499,0.0,0.0065,0.0065,0.0012,0.0,1.0,0.0,9.1748,0.0,0.0,0.0,0.0,9.174800000000001,9.174800000000001,9.1779
500,0.0,0.0065,0.0065,0.0012,0.0,1.0,0.0,8.8065,0.0,0.0,0.0,0.0,8.806500000000002,8.806500000000002,8.8086
501,0.0,0.0067,0.0067,0.0012,0.0,1.0,0.0,8.1421,0.0,0.0,0.0,0.0,8.1421,8.1421,8.1391
502,0.0,0.0072,0.0072,0.0013,0.0,1.0,0.0,8.7303,0.0,0.0,0.0,0.0,8.730299999999998,8.730299999999998,8.7352
503,0.0,0.0065,0.0065,0.0012,0.0,1.0,0.0,8.3646,0.0,0.0,0.0,0.0,8.364600000000001,8.364600000000001,8.3665
504,0.0,0.006,0.006,0.0011,0.0,1.0,0.0,9.0748,0.0,0.0,0.0,0.0,9.074800000000002,9.074800000000002,9.0796
505,0.0,0.0071,0.0071,0.0013,0.0,1.0,0.0,8.5497,0.0,0.0,0.0,0.0,8.5497,8.5497,8.5507
506,0.0,0.0067,0.0067,0.0012,0.0,1.0,0.0,8.6335,0.0,0.0,0.0,0.0,8.633500000000002,8.633500000000002,8.6299
507,0.0,0.0071,0.0071,0.0013,0.0,1.0,0.0,9.6286,0.0,0.0,0.0,0.0,9.628599999999999,9.628599999999999,9.6298
508,0.0,0.0062,0.0062,0.0011,0.0,1.0,0.0,8.644,0.0,0.0,0.0,0.0,8.644,8.644,8.6408
509,0.0,0.0072,0.0072,0.0013,0.0,1.0,0.0,8.4871,0.0,0.0,0.0,0.0,8.4871,8.4871,8.4867
510,0.0,0.0075,0.0075,0.0013,0.0,1.0,0.0,8.9532,0.0,0.0,0.0,0.0,8.9532,8.9532,8.9537
511,0.0,0.0066,0.0066,0.0012,0.0,1.0,0.0,7.5353,0.0,0.0,0.0,0.0,7.5353,7.5353,7.5328
512,0.0,0.007,0.007,0.0013,0.0,1.0,0.0,8.5471,0.0,0.0,0.0,0.0,8.547099999999999,8.547099999999999,8.5518
513,0.0,0.0068,0.0068,0.0012,0.0,1.0,0.0,8.5264,0.0,0.0,0.0,0.0,8.5264,8.5264,8.5262
514,0.0,0.0066,0.0066,0.0012,0.0,1.0,0.0,9.0847,0.0,0.0,0.0,0.0,9.0847,9.0847,9.0803
515,0.0,0.0066,0.0066,0.0012,0.0,1.0,0.0,8.9535,0.0,0.0,0.0,0.0,8.9535,8.9535,8.9571
516,0.0,0.0061,0.0061,0.0011,0.0,1.0,0.0,8.8179,0.0,0.0,0.0,0.0,8.8179,8.8179,8.8228
517,0.0,0.0064,0.0064,0.0011,0.0,1.0,0.0,9.0383,0.0,0.0,0.0,0.0,9.0383,9.0383,9.0358
518,0.0,0.0061,0.0061,0.0011,0.0,1.0,0.0,7.4606,0.0,0.0,0.0,0.0,7.4605999999999995,7.4605999999999995,7.4598
519,0.0,0.0078,0.0078,0.0014,0.0,1.0,0.0,9.4657,0.0,0.0,0.0,0.0,9.4657,9.4657,9.4679
520,0.0,0.0063,0.0063,0.0011,0.0,1.0,0.0,8.976,0.0,0.0,0.0,0.0,8.976,8.976,8.972
521,0.0,0.007,0.007,0.0013,0.0,1.0,0.0,8.5899,0.0,0.0,0.0,0.0,8.5899,8.5899,8.5935
522,0.0,0.0064,0.0064,0.0012,0.0,1.0,0.0,8.5687,0.0,0.0,0.0,0.0,8.5687,8.5687,8.5673
523,0.0,0.0071,0.0071,0.0013,0.0,1.0,0.0,8.0663,0.0,0.0,0.0,0.0,8.0663,8.0663,8.0649
524,0.0,0.007,0.007,0.0013,0.0,1.0,0.0,9.3038,0.0,0.0,0.0,0.0,9.3038,9.3038,9.3069
525,0.0,0.0073,0.0073,0.0013,0.0,1.0,0.0,8.6824,0.0,0.0,0.0,0.0,8.6824,8.6824,8.6864
526,0.0,0.0059,0.0059,0.0011,0.0,1.0,0.0,9.3274,0.0,0.0,0.0,0.0,9.327399999999999,9.327399999999999,9.3239
527,0.0,0.007,0.007,0.0013,0.0,1.0,0.0,8.698,0.0,0.0,0.0,0.0,8.698,8.698,8.698
528,0.0,0.0069,0.0069,0.0012,0.0,1.0,0.0,8.8464,0.0,0.0,0.0,0.0,8.8464,8.8464,8.8417
529,0.0,0.0077,0.0077,0.0014,0.0,1.0,0.0,8.7214,0.0,0.0,0.0,0.0,8.721400000000001,8.721400000000001,8.7218
530,0.0,0.0071,0.0071,0.0013,0.0,1.0,0.0,8.0949,0.0,0.0,0.0,0.0,8.094899999999999,8.094899999999999,8.0969
531,0.0,0.0058,0.0058,0.001,0.0,1.0,0.0,8.3168,0.0,0.0,0.0,0.0,8.3168,8.3168,8.3156
532,0.0,0.0067,0.0067,0.0012,0.0,1.0,0.0,8.177,0.0,0.0,0.0,0.0,8.177,8.177,8.1782
533,0.0,0.0058,0.0058,0.001,0.0,1.0,0.0,8.0878,0.0,0.0,0.0,0.0,8.0878,8.0878,8.0905
534,0.0,0.0067,0.0067,0.0012,0.0,1.0,0.0,8.3216,0.0,0.0,0.0,0.0,8.3216,8.3216,8.3237
535,0.0,0.0058,0.0058,0.001,0.0,1.0,0.0,7.9623,0.0,0.0,0.0,0.0,7.962299999999999,7.962299999999999,7.9613
536,0.0,0.0067,0.0067,0.0012,0.0,1.0,0.0,7.7968,0.0,0.0,0.0,0.0,7.7968,7.7968,7.7994
537,0.0,0.0064,0.0064,0.0012,0.0,1.0,0.0,7.7946,0.0,0.0,0.0,0.0,7.7946,7.7946,7.7969
538,0.0,0.0059,0.0059,0.0011,0.0,1.0,0.0,8.408,0.0,0.0,0.0,0.0,8.408,8.408,8.4062
539,0.0,0.0058,0.0058,0.0011,0.0,1.0,0.0,8.7048,0.0,0.0,0.0,0.0,8.7048,8.7048,8.7054
540,0.0,0.0058,0.0058,0.001,0.0,1.0,0.0,8.6514,0.0,0.0,0.0,0.0,8.6514,8.6514,8.6488
541,0.0,0.006,0.006,0.0011,0.0,1.0,0.0,7.9846,0.0,0.0,0.0,0.0,7.984600000000001,7.984600000000001,7.9892
542,0.0,0.0048,0.0048,0.0009,0.0,1.0,0.0,7.9574,0.0,0.0,0.0,0.0,7.957399999999999,7.957399999999999,7.9565
543,0.0,0.0072,0.0072,0.0013,0.0,1.0,0.0,9.1454,0.0,0.0,0.0,0.0,9.1454,9.1454,9.1483
544,0.0,0.0063,0.0063,0.0011,0.0,1.0,0.0,8.4354,0.0,0.0,0.0,0.0,8.4354,8.4354,8.4328
545,0.0,0.006,0.006,0.0011,0.0,1.0,0.0,8.6767,0.0,0.0,0.0,0.0,8.676700000000002,8.676700000000002,8.6802
546,0.0,0.008,0.008,0.0014,0.0,1.0,0.0,8.8177,0.0,0.0,0.0,0.0,8.817699999999999,8.817699999999999,8.8197
547,0.0,0.006,0.006,0.0011,0.0,1.0,0.0,9.4525,0.0,0.0,0.0,0.0,9.452499999999999,9.452499999999999,9.4516
548,0.0,0.0071,0.0071,0.0013,0.0,1.0,0.0,8.9828,0.0,0.0,0.0,0.0,8.982800000000001,8.982800000000001,8.9802
549,0.0,0.0073,0.0073,0.0013,0.0,1.0,0.0,9.3693,0.0,0.0,0.0,0.0,9.3693,9.3693,9.3718
550,0.0,0.0076,0.0076,0.0014,0.0,1.0,0.0,9.4939,0.0,0.0,0.0,0.0,9.4939,9.4939,9.4942
551,0.0,0.0062,0.0062,0.0011,0.0,1.0,0.0,9.0275,0.0,0.0,0.0,0.0,9.0275,9.0275,9.0299
552,0.0,0.0059,0.0059,0.0011,0.0,1.0,0.0,9.2949,0.0,0.0,0.0,0.0,9.2949,9.2949,9.2989
553,0.0,0.0067,0.0067,0.0012,0.0,1.0,0.0,8.6353,0.0,0.0,0.0,0.0,8.635299999999999,8.635299999999999,8.6347
554,0.0,0.0072,0.0072,0.0013,0.0,1.0,0.0,9.0036,0.0,0.0,0.0,0.0,9.0036,9.0036,8.9991
555,0.0,0.0064,0.0064,0.0012,0.0,1.0,0.0,9.4508,0.0,0.0,0.0,0.0,9.450800000000001,9.450800000000001,9.446
556,0.0,0.007,0.007,0.0013,0.0,1.0,0.0,8.9457,0.0,0.0,0.0,0.0,8.9457,8.9457,8.9417
557,0.0,0.0083,0.0083,0.0015,0.0,1.0,0.0,9.0254,0.0,0.0,0.0,0.0,9.025400000000001,9.025400000000001,9.0288
558,0.0,0.0056,0.0056,0.001,0.0,1.0,0.0,7.5244,0.0,0.0,0.0,0.0,7.5244,7.5244,7.5256
559,0.0,0.0059,0.0059,0.0011,0.0,1.0,0.0,8.1575,0.0,0.0,0.0,0.0,8.1575,8.1575,8.1574
560,0.0,0.0062,0.0062,0.0011,0.0,1.0,0.0,8.4002,0.0,0.0,0.0,0.0,8.400200000000002,8.400200000000002,8.3953
561,0.0,0.0065,0.0065,0.0012,0.0,1.0,0.0,8.5568,0.0,0.0,0.0,0.0,8.556799999999999,8.556799999999999,8.5532
562,0.0,0.0063,0.0063,0.0011,0.0,1.0,0.0,8.3413,0.0,0.0,0.0,0.0,8.341299999999999,8.341299999999999,8.3389
563,0.0,0.0076,0.0076,0.0014,0.0,1.0,0.0,9.9595,0.0,0.0,0.0,0.0,9.959500000000002,9.959500000000002,9.9546
564,0.0,0.0073,0.0073,0.0013,0.0,1.0,0.0,8.0224,0.0,0.0,0.0,0.0,8.0224,8.0224,8.0214
565,0.0,0.0067,0.0067,0.0012,0.0,1.0,0.0,8.953,0.0,0.0,0.0,0.0,8.953,8.953,8.9493
566,0.0,0.0061,0.0061,0.0011,0.0,1.0,0.0,9.5188,0.0,0.0,0.0,0.0,9.5188,9.5188,9.5217
567,0.0,0.0071,0.0071,0.0013,0.0,1.0,0.0,8.7402,0.0,0.0,0.0,0.0,8.7402,8.7402,8.7385
568,0.0,0.0063,0.0063,0.0011,0.0,1.0,0.0,8.3442,0.0,0.0,0.0,0.0,8.344199999999999,8.344199999999999,8.3412
569,0.0,0.0062,0.0062,0.0011,0.0,1.0,0.0,9.2708,0.0,0.0,0.0,0.0,9.2708,9.2708,9.2694
570,0.0,0.0085,0.0085,0.0015,0.0,1.0,0.0,9.5879,0.0,0.0,0.0,0.0,9.5879,9.5879,9.5896
571,0.0,0.0072,0.0072,0.0013,0.0,1.0,0.0,9.4251,0.0,0.0,0.0,0.0,9.4251,9.4251,9.4276
572,0.0,0.008,0.008,0.0014,0.0,1.0,0.0,9.7295,0.0,0.0,0.0,0.0,9.729500000000002,9.729500000000002,9.7305
573,0.0,0.0068,0.0068,0.0012,0.0,1.0,0.0,8.615,0.0,0.0,0.0,0.0,8.615,8.615,8.6166
574,0.0,0.0067,0.0067,0.0012,0.0,1.0,0.0,8.6258,0.0,0.0,0.0,0.0,8.625799999999998,8.625799999999998,8.6248
575,0.0,0.0056,0.0056,0.001,0.0,1.0,0.0,8.1461,0.0,0.0,0.0,0.0,8.1461,8.1461,8.1509
576,0.0,0.0067,0.0067,0.0012,0.0,1.0,0.0,9.1647,0.0,0.0,0.0,0.0,9.1647,9.1647,9.1692
577,0.0,0.0054,0.0054,0.001,0.0,1.0,0.0,7.2208,0.0,0.0,0.0,0.0,7.2208,7.2208,7.2196
578,0.0,0.0061,0.0061,0.0011,0.0,1.0,0.0,8.4297,0.0,0.0,0.0,0.0,8.4297,8.4297,8.4253
579,0.0,0.0074,0.0074,0.0013,0.0,1.0,0.0,8.5964,0.0,0.0,0.0,0.0,8.5964,8.5964,8.6011
580,0.0,0.0077,0.0077,0.0014,0.0,1.0,0.0,8.4671,0.0,0.0,0.0,0.0,8.4671,8.4671,8.4652
581,0.0,0.0064,0.0064,0.0012,0.0,1.0,0.0,8.5395,0.0,0.0,0.0,0.0,8.539499999999999,8.539499999999999,8.5358
582,0.0,0.0061,0.0061,0.0011,0.0,1.0,0.0,8.051,0.0,0.0,0.0,0.0,8.051,8.051,8.0503
583,0.0,0.0054,0.0054,0.001,0.0,1.0,0.0,8.2556,0.0,0.0,0.0,0.0,8.255600000000001,8.255600000000001,8.2585
584,0.0,0.0067,0.0067,0.0012,0.0,1.0,0.0,8.0752,0.0,0.0,0.0,0.0,8.0752,8.0752,8.0762
585,0.0,0.0062,0.0062,0.0011,0.0,1.0,0.0,8.6717,0.0,0.0,0.0,0.0,8.6717,8.6717,8.6749
586,0.0,0.0071,0.0071,0.0013,0.0,1.0,0.0,8.7428,0.0,0.0,0.0,0.0,8.742799999999999,8.742799999999999,8.7382
587,0.0,0.0056,0.0056,0.001,0.0,1.0,0.0,9.0606,0.0,0.0,0.0,0.0,9.060599999999999,9.060599999999999,9.0609
588,0.0,0.0055,0.0055,0.001,0.0,1.0,0.0,8.9054,0.0,0.0,0.0,0.0,8.9054,8.9054,8.9043
589,0.0,0.0073,0.0073,0.0013,0.0,1.0,0.0,9.3844,0.0,0.0,0.0,0.0,9.3844,9.3844,9.3878
590,0.0,0.0068,0.0068,0.0012,0.0,1.0,0.0,9.2107,0.0,0.0,0.0,0.0,9.210700000000001,9.210700000000001,9.2069
591,0.0,0.0067,0.0067,0.0012,0.0,1.0,0.0,8.502,0.0,0.0,0.0,0.0,8.502,8.502,8.4986
592,0.0,0.0085,0.0085,0.0015,0.0,1.0,0.0,9.3806,0.0,0.0,0.0,0.0,9.380600000000001,9.380600000000001,9.378
593,0.0,0.0062,0.0062,0.0011,0.0,1.0,0.0,8.6546,0.0,0.0,0.0,0.0,8.6546,8.6546,8.6528
594,0.0,0.0059,0.0059,0.0011,0.0,1.0,0.0,8.7365,0.0,0.0,0.0,0.0,8.736500000000001,8.736500000000001,8.7374
595,0.0,0.0056,0.0056,0.001,0.0,1.0,0.0,8.0792,0.0,0.0,0.0,0.0,8.0792,8.0792,8.0785
596,0.0,0.0061,0.0061,0.0011,0.0,1.0,0.0,8.4331,0.0,0.0,0.0,0.0,8.4331,8.4331,8.4353
597,0.0,0.0071,0.0071,0.0013,0.0,1.0,0.0,8.57,0.0,0.0,0.0,0.0,8.57,8.57,8.5715
598,0.0,0.0066,0.0066,0.0012,0.0,1.0,0.0,7.7811,0.0,0.0,0.0,0.0,7.781100000000001,7.781100000000001,7.7783
599,0.0,0.0072,0.0072,0.0013,0.0,1.0,0.0,9.1908,0.0,0.0,0.0,0.0,9.1908,9.1908,9.194
600,0.0,0.0068,0.0068,0.0012,0.0,1.0,0.0,8.5274,0.0,0.0,0.0,0.0,8.5274,8.5274,8.5319
601,0.0,0.0073,0.0073,0.0013,0.0,1.0,0.0,8.9746,0.0,0.0,0.0,0.0,8.974599999999999,8.974599999999999,8.971
602,0.0,0.0063,0.0063,0.0011,0.0,1.0,0.0,8.9319,0.0,0.0,0.0,0.0,8.931899999999999,8.931899999999999,8.9293
603,0.0,0.0058,0.0058,0.001,0.0,1.0,0.0,7.9416,0.0,0.0,0.0,0.0,7.941600000000001,7.941600000000001,7.9398
604,0.0,0.0072,0.0072,0.0013,0.0,1.0,0.0,8.3152,0.0,0.0,0.0,0.0,8.315199999999999,8.315199999999999,8.316
605,0.0,0.007,0.007,0.0013,0.0,1.0,0.0,9.115,0.0,0.0,0.0,0.0,9.115,9.115,9.1199
606,0.0,0.0065,0.0065,0.0012,0.0,1.0,0.0,9.1111,0.0,0.0,0.0,0.0,9.1111,9.1111,9.1088
607,0.0,0.0073,0.0073,0.0013,0.0,1.0,0.0,8.0457,0.0,0.0,0.0,0.0,8.0457,8.0457,8.0494
608,0.0,0.0064,0.0064,0.0011,0.0,1.0,0.0,9.0713,0.0,0.0,0.0,0.0,9.0713,9.0713,9.0714
609,0.0,0.0057,0.0057,0.001,0.0,1.0,0.0,8.758,0.0,0.0,0.0,0.0,8.758,8.758,8.756
610,0.0,0.0078,0.0078,0.0014,0.0,1.0,0.0,9.5848,0.0,0.0,0.0,0.0,9.5848,9.5848,9.5842
611,0.0,0.0078,0.0078,0.0014,0.0,1.0,0.0,9.2085,0.0,0.0,0.0,0.0,9.2085,9.2085,9.2121
612,0.0,0.0068,0.0068,0.0012,0.0,1.0,0.0,8.8228,0.0,0.0,0.0,0.0,8.8228,8.8228,8.8271
613,0.0,0.0062,0.0062,0.0011,0.0,1.0,0.0,8.6431,0.0,0.0,0.0,0.0,8.6431,8.6431,8.6478
614,0.0,0.0063,0.0063,0.0011,0.0,1.0,0.0,8.7111,0.0,0.0,0.0,0.0,8.711099999999998,8.711099999999998,8.7157
615,0.0,0.0069,0.0069,0.0012,0.0,1.0,0.0,8.9084,0.0,0.0,0.0,0.0,8.9084,8.9084,8.9124
616,0.0,0.006,0.006,0.0011,0.0,1.0,0.0,8.7186,0.0,0.0,0.0,0.0,8.718599999999999,8.718599999999999,8.7168
617,0.0,0.0063,0.0063,0.0011,0.0,1.0,0.0,9.1717,0.0,0.0,0.0,0.0,9.1717,9.1717,9.1688
618,0.0,0.0064,0.0064,0.0011,0.0,1.0,0.0,8.5196,0.0,0.0,0.0,0.0,8.519599999999999,8.519599999999999,8.5172
619,0.0,0.0061,0.0061,0.0011,0.0,1.0,0.0,9.099,0.0,0.0,0.0,0.0,9.099,9.099,9.1021
620,0.0,0.0072,0.0072,0.0013,0.0,1.0,0.0,8.7306,0.0,0.0,0.0,0.0,8.7306,8.7306,8.7347
621,0.0,0.0064,0.0064,0.0011,0.0,1.0,0.0,8.7458,0.0,0.0,0.0,0.0,8.7458,8.7458,8.7437
622,0.0,0.007,0.007,0.0013,0.0,1.0,0.0,8.4595,0.0,0.0,0.0,0.0,8.4595,8.4595,8.4641
623,0.0,0.0068,0.0068,0.0012,0.0,1.0,0.0,8.9396,0.0,0.0,0.0,0.0,8.939599999999999,8.939599999999999,8.9389
624,0.0,0.0062,0.0062,0.0011,0.0,1.0,0.0,8.3507,0.0,0.0,0.0,0.0,8.350700000000002,8.350700000000002,8.3519
625,0.0,0.006,0.006,0.0011,0.0,1.0,0.0,7.7956,0.0,0.0,0.0,0.0,7.7956,7.7956,7.7923
626,0.0,0.006,0.006,0.0011,0.0,1.0,0.0,9.04,0.0,0.0,0.0,0.0,9.04,9.04,9.0382
627,0.0,0.006,0.006,0.0011,0.0,1.0,0.0,7.9629,0.0,0.0,0.0,0.0,7.962899999999999,7.962899999999999,7.9655
628,0.0,0.0078,0.0078,0.0014,0.0,1.0,0.0,9.2685,0.0,0.0,0.0,0.0,9.2685,9.2685,9.2697
629,0.0,0.0064,0.0064,0.0012,0.0,1.0,0.0,8.4957,0.0,0.0,0.0,0.0,8.4957,8.4957,8.4984
630,0.0,0.0071,0.0071,0.0013,0.0,1.0,0.0,8.6784,0.0,0.0,0.0,0.0,8.6784,8.6784,8.6788
631,0.0,0.0053,0.0053,0.0009,0.0,1.0,0.0,7.6729,0.0,0.0,0.0,0.0,7.6729,7.6729,7.6684
632,0.0,0.007,0.007,0.0013,0.0,1.0,0.0,8.7771,0.0,0.0,0.0,0.0,8.777099999999999,8.777099999999999,8.7802
633,0.0,0.0065,0.0065,0.0012,0.0,1.0,0.0,8.7082,0.0,0.0,0.0,0.0,8.7082,8.7082,8.7044
634,0.0,0.0065,0.0065,0.0012,0.0,1.0,0.0,8.8057,0.0,0.0,0.0,0.0,8.805699999999998,8.805699999999998,8.8047
635,0.0,0.0071,0.0071,0.0013,0.0,1.0,0.0,9.2591,0.0,0.0,0.0,0.0,9.259099999999998,9.259099999999998,9.2588
636,0.0,0.0059,0.0059,0.0011,0.0,1.0,0.0,9.1324,0.0,0.0,0.0,0.0,9.1324,9.1324,9.1322
637,0.0,0.0076,0.0076,0.0014,0.0,1.0,0.0,8.9832,0.0,0.0,0.0,0.0,8.9832,8.9832,8.9868
638,0.0,0.0072,0.0072,0.0013,0.0,1.0,0.0,9.7956,0.0,0.0,0.0,0.0,9.7956,9.7956,9.7957
639,0.0,0.0063,0.0063,0.0011,0.0,1.0,0.0,8.3407,0.0,0.0,0.0,0.0,8.3407,8.3407,8.3384
640,0.0,0.0066,0.0066,0.0012,0.0,1.0,0.0,7.807,0.0,0.0,0.0,0.0,7.806999999999999,7.806999999999999,7.8042
641,0.0,0.0052,0.0052,0.0009,0.0,1.0,0.0,8.5523,0.0,0.0,0.0,0.0,8.5523,8.5523,8.5513
642,0.0,0.0064,0.0064,0.0012,0.0,1.0,0.0,9.0978,0.0,0.0,0.0,0.0,9.097800000000001,9.097800000000001,9.1023
643,0.0,0.0068,0.0068,0.0012,0.0,1.0,0.0,8.7688,0.0,0.0,0.0,0.0,8.7688,8.7688,8.7657
644,0.0,0.0063,0.0063,0.0011,0.0,1.0,0.0,8.5563,0.0,0.0,0.0,0.0,8.556300000000002,8.556300000000002,8.553
645,0.0,0.0067,0.0067,0.0012,0.0,1.0,0.0,8.5922,0.0,0.0,0.0,0.0,8.5922,8.5922,8.5916
646,0.0,0.0055,0.0055,0.001,0.0,1.0,0.0,7.9756,0.0,0.0,0.0,0.0,7.975599999999999,7.975599999999999,7.975
647,0.0,0.0083,0.0083,0.0015,0.0,1.0,0.0,9.7806,0.0,0.0,0.0,0.0,9.780599999999998,9.780599999999998,9.7809
648,0.0,0.0057,0.0057,0.001,0.0,1.0,0.0,8.729,0.0,0.0,0.0,0.0,8.729,8.729,8.7282
649,0.0,0.0085,0.0085,0.0015,0.0,1.0,0.0,9.6273,0.0,0.0,0.0,0.0,9.627299999999998,9.627299999999998,9.623
650,0.0,0.0069,0.0069,0.0012,0.0,1.0,0.0,9.5392,0.0,0.0,0.0,0.0,9.5392,9.5392,9.5394
651,0.0,0.0063,0.0063,0.0011,0.0,1.0,0.0,8.6081,0.0,0.0,0.0,0.0,8.608100000000002,8.608100000000002,8.6039
652,0.0,0.0089,0.0089,0.0016,0.0,1.0,0.0,10.5753,0.0,0.0,0.0,0.0,10.575299999999999,10.575299999999999,10.5749
653,0.0,0.0067,0.0067,0.0012,0.0,1.0,0.0,8.828,0.0,0.0,0.0,0.0,8.828,8.828,8.8294
654,0.0,0.0061,0.0061,0.0011,0.0,1.0,0.0,8.5637,0.0,0.0,0.0,0.0,8.5637,8.5637,8.5623
655,0.0,0.0077,0.0077,0.0014,0.0,1.0,0.0,9.5535,0.0,0.0,0.0,0.0,9.5535,9.5535,9.5534
656,0.0,0.0065,0.0065,0.0012,0.0,1.0,0.0,8.5767,0.0,0.0,0.0,0.0,8.5767,8.5767,8.5774
657,0.0,0.0062,0.0062,0.0011,0.0,1.0,0.0,7.8372,0.0,0.0,0.0,0.0,7.837200000000001,7.837200000000001,7.8412
658,0.0,0.0062,0.0062,0.0011,0.0,1.0,0.0,9.2437,0.0,0.0,0.0,0.0,9.2437,9.2437,9.2429
659,0.0,0.0065,0.0065,0.0012,0.0,1.0,0.0,7.7546,0.0,0.0,0.0,0.0,7.7546,7.7546,7.7523
660,0.0,0.0065,0.0065,0.0012,0.0,1.0,0.0,8.3459,0.0,0.0,0.0,0.0,8.345899999999999,8.345899999999999,8.3485
661,0.0,0.0062,0.0062,0.0011,0.0,1.0,0.0,8.4428,0.0,0.0,0.0,0.0,8.4428,8.4428,8.4388
662,0.0,0.0072,0.0072,0.0013,0.0,1.0,0.0,9.2381,0.0,0.0,0.0,0.0,9.238100000000001,9.238100000000001,9.2331
663,0.0,0.0068,0.0068,0.0012,0.0,1.0,0.0,7.9982,0.0,0.0,0.0,0.0,7.9982000000000015,7.9982000000000015,7.9948
664,0.0,0.0067,0.0067,0.0012,0.0,1.0,0.0,8.6638,0.0,0.0,0.0,0.0,8.663799999999998,8.663799999999998,8.6647
665,0.0,0.0078,0.0078,0.0014,0.0,1.0,0.0,9.4513,0.0,0.0,0.0,0.0,9.451300000000002,9.451300000000002,9.4512
666,0.0,0.0061,0.0061,0.0011,0.0,1.0,0.0,8.6205,0.0,0.0,0.0,0.0,8.6205,8.6205,8.6161
667,0.0,0.0058,0.0058,0.001,0.0,1.0,0.0,7.9971,0.0,0.0,0.0,0.0,7.9971,7.9971,7.9981
668,0.0,0.0074,0.0074,0.0013,0.0,1.0,0.0,8.7546,0.0,0.0,0.0,0.0,8.7546,8.7546,8.7507
669,0.0,0.0068,0.0068,0.0012,0.0,1.0,0.0,9.0209,0.0,0.0,0.0,0.0,9.0209,9.0209,9.0242
670,0.0,0.0071,0.0071,0.0013,0.0,1.0,0.0,8.4334,0.0,0.0,0.0,0.0,8.4334,8.4334,8.4384
671,0.0,0.0073,0.0073,0.0013,0.0,1.0,0.0,9.5107,0.0,0.0,0.0,0.0,9.5107,9.5107,9.5091
672,0.0,0.0069,0.0069,0.0012,0.0,1.0,0.0,8.9927,0.0,0.0,0.0,0.0,8.9927,8.9927,8.9929
673,0.0,0.006,0.006,0.0011,0.0,1.0,0.0,9.5685,0.0,0.0,0.0,0.0,9.5685,9.5685,9.5723
674,0.0,0.0066,0.0066,0.0012,0.0,1.0,0.0,8.7166,0.0,0.0,0.0,0.0,8.716599999999998,8.716599999999998,8.7191
675,0.0,0.0065,0.0065,0.0012,0.0,1.0,0.0,8.9921,0.0,0.0,0.0,0.0,8.9921,8.9921,8.9951
676,0.0,0.0077,0.0077,0.0014,0.0,1.0,0.0,9.171,0.0,0.0,0.0,0.0,9.171,9.171,9.1684
677,0.0,0.0063,0.0063,0.0011,0.0,1.0,0.0,7.6377,0.0,0.0,0.0,0.0,7.6377,7.6377,7.6375
678,0.0,0.0064,0.0064,0.0011,0.0,1.0,0.0,8.3319,0.0,0.0,0.0,0.0,8.331900000000001,8.331900000000001,8.3319
679,0.0,0.0071,0.0071,0.0013,0.0,1.0,0.0,8.6047,0.0,0.0,0.0,0.0,8.6047,8.6047,8.6026
680,0.0,0.0065,0.0065,0.0012,0.0,1.0,0.0,8.2952,0.0,0.0,0.0,0.0,8.295200000000001,8.295200000000001,8.2976
681,0.0,0.0063,0.0063,0.0011,0.0,1.0,0.0,8.9171,0.0,0.0,0.0,0.0,8.9171,8.9171,8.9142
682,0.0,0.0061,0.0061,0.0011,0.0,1.0,0.0,7.6209,0.0,0.0,0.0,0.0,7.620900000000001,7.620900000000001,7.6238
683,0.0,0.0058,0.0058,0.001,0.0,1.0,0.0,8.6977,0.0,0.0,0.0,0.0,8.6977,8.6977,8.7015
684,0.0,0.006,0.006,0.0011,0.0,1.0,0.0,7.5397,0.0,0.0,0.0,0.0,7.539700000000001,7.539700000000001,7.5374
685,0.0,0.007,0.007,0.0013,0.0,1.0,0.0,7.6907,0.0,0.0,0.0,0.0,7.6907000000000005,7.6907000000000005,7.6911
686,0.0,0.0058,0.0058,0.001,0.0,1.0,0.0,9.0052,0.0,0.0,0.0,0.0,9.005200000000002,9.005200000000002,9.0004
687,0.0,0.0081,0.0081,0.0014,0.0,1.0,0.0,9.3421,0.0,0.0,0.0,0.0,9.342099999999999,9.342099999999999,9.3373
688,0.0,0.0073,0.0073,0.0013,0.0,1.0,0.0,9.4141,0.0,0.0,0.0,0.0,9.414100000000001,9.414100000000001,9.4108
689,0.0,0.0058,0.0058,0.001,0.0,1.0,0.0,8.018,0.0,0.0,0.0,0.0,8.018,8.018,8.0132
690,0.0,0.0074,0.0074,0.0013,0.0,1.0,0.0,8.347,0.0,0.0,0.0,0.0,8.347,8.347,8.3518
691,0.0,0.0055,0.0055,0.001,0.0,1.0,0.0,8.4107,0.0,0.0,0.0,0.0,8.4107,8.4107,8.412
692,0.0,0.0062,0.0062,0.0011,0.0,1.0,0.0,7.6615,0.0,0.0,0.0,0.0,7.661499999999999,7.661499999999999,7.6641
693,0.0,0.0062,0.0062,0.0011,0.0,1.0,0.0,8.4211,0.0,0.0,0.0,0.0,8.4211,8.4211,8.4203
694,0.0,0.0073,0.0073,0.0013,0.0,1.0,0.0,8.0342,0.0,0.0,0.0,0.0,8.0342,8.0342,8.0321
695,0.0,0.0072,0.0072,0.0013,0.0,1.0,0.0,9.2292,0.0,0.0,0.0,0.0,9.2292,9.2292,9.2263
696,0.0,0.006,0.006,0.0011,0.0,1.0,0.0,8.4095,0.0,0.0,0.0,0.0,8.4095,8.4095,8.4071
697,0.0,0.0069,0.0069,0.0012,0.0,1.0,0.0,8.4071,0.0,0.0,0.0,0.0,8.4071,8.4071,8.4085
698,0.0,0.0065,0.0065,0.0012,0.0,1.0,0.0,9.7749,0.0,0.0,0.0,0.0,9.774899999999999,9.774899999999999,9.7781
699,0.0,0.0063,0.0063,0.0011,0.0,1.0,0.0,8.184,0.0,0.0,0.0,0.0,8.184000000000001,8.184000000000001,8.1884
700,0.0,0.0066,0.0066,0.0012,0.0,1.0,0.0,8.0097,0.0,0.0,0.0,0.0,8.0097,8.0097,8.0128
701,0.0,0.0059,0.0059,0.0011,0.0,1.0,0.0,8.372,0.0,0.0,0.0,0.0,8.372,8.372,8.3672
702,0.0,0.0073,0.0073,0.0013,0.0,1.0,0.0,8.8493,0.0,0.0,0.0,0.0,8.8493,8.8493,8.8512
703,0.0,0.0061,0.0061,0.0011,0.0,1.0,0.0,8.4304,0.0,0.0,0.0,0.0,8.4304,8.4304,8.4317
704,0.0,0.0068,0.0068,0.0012,0.0,1.0,0.0,8.725,0.0,0.0,0.0,0.0,8.725000000000001,8.725000000000001,8.7207
705,0.0,0.0069,0.0069,0.0013,0.0,1.0,0.0,8.5266,0.0,0.0,0.0,0.0,8.5266,8.5266,8.5235
706,0.0,0.0062,0.0062,0.0011,0.0,1.0,0.0,8.0896,0.0,0.0,0.0,0.0,8.0896,8.0896,8.0867
707,0.0,0.0061,0.0061,0.0011,0.0,1.0,0.0,8.1779,0.0,0.0,0.0,0.0,8.1779,8.1779,8.1781
708,0.0,0.0071,0.0071,0.0013,0.0,1.0,0.0,8.9523,0.0,0.0,0.0,0.0,8.952300000000001,8.952300000000001,8.9482
709,0.0,0.0046,0.0046,0.0008,0.0,1.0,0.0,8.3392,0.0,0.0,0.0,0.0,8.3392,8.3392,8.3372
710,0.0,0.0073,0.0073,0.0013,0.0,1.0,0.0,9.5364,0.0,0.0,0.0,0.0,9.536399999999999,9.536399999999999,9.5391
711,0.0,0.0073,0.0073,0.0013,0.0,1.0,0.0,9.1011,0.0,0.0,0.0,0.0,9.101099999999999,9.101099999999999,9.105
712,0.0,0.0058,0.0058,0.001,0.0,1.0,0.0,8.3383,0.0,0.0,0.0,0.0,8.3383,8.3383,8.3377
713,0.0,0.0062,0.0062,0.0011,0.0,1.0,0.0,9.0451,0.0,0.0,0.0,0.0,9.0451,9.0451,9.0405
714,0.0,0.0053,0.0053,0.001,0.0,1.0,0.0,8.4322,0.0,0.0,0.0,0.0,8.4322,8.4322,8.433
715,0.0,0.0056,0.0056,0.001,0.0,1.0,0.0,7.6142,0.0,0.0,0.0,0.0,7.6142,7.6142,7.615
716,0.0,0.0066,0.0066,0.0012,0.0,1.0,0.0,9.3186,0.0,0.0,0.0,0.0,9.3186,9.3186,9.3156
717,0.0,0.0071,0.0071,0.0013,0.0,1.0,0.0,9.1502,0.0,0.0,0.0,0.0,9.1502,9.1502,9.1464
718,0.0,0.0075,0.0075,0.0013,0.0,1.0,0.0,8.5169,0.0,0.0,0.0,0.0,8.5169,8.5169,8.5168
719,0.0,0.0078,0.0078,0.0014,0.0,1.0,0.0,8.8267,0.0,0.0,0.0,0.0,8.8267,8.8267,8.8221
720,0.0,0.0064,0.0064,0.0012,0.0,1.0,0.0,8.9633,0.0,0.0,0.0,0.0,8.9633,8.9633,8.9645
721,0.0,0.0067,0.0067,0.0012,0.0,1.0,0.0,8.3739,0.0,0.0,0.0,0.0,8.3739,8.3739,8.3689
722,0.0,0.0065,0.0065,0.0012,0.0,1.0,0.0,8.7303,0.0,0.0,0.0,0.0,8.7303,8.7303,8.7335
723,0.0,0.0087,0.0087,0.0016,0.0,1.0,0.0,9.7912,0.0,0.0,0.0,0.0,9.7912,9.7912,9.7914
724,0.0,0.0063,0.0063,0.0011,0.0,1.0,0.0,8.6662,0.0,0.0,0.0,0.0,8.666199999999998,8.666199999999998,8.6709
725,0.0,0.0074,0.0074,0.0013,0.0,1.0,0.0,9.0761,0.0,0.0,0.0,0.0,9.0761,9.0761,9.0778
726,0.0,0.0065,0.0065,0.0012,0.0,1.0,0.0,9.5642,0.0,0.0,0.0,0.0,9.5642,9.5642,9.5613
727,0.0,0.0068,0.0068,0.0012,0.0,1.0,0.0,9.2148,0.0,0.0,0.0,0.0,9.214799999999999,9.214799999999999,9.2177
728,0.0,0.0062,0.0062,0.0011,0.0,1.0,0.0,7.9786,0.0,0.0,0.0,0.0,7.978600000000001,7.978600000000001,7.9803
729,0.0,0.0073,0.0073,0.0013,0.0,1.0,0.0,9.8253,0.0,0.0,0.0,0.0,9.825299999999999,9.825299999999999,9.8231
730,0.0,0.0067,0.0067,0.0012,0.0,1.0,0.0,8.9073,0.0,0.0,0.0,0.0,8.9073,8.9073,8.9114
731,0.0,0.0078,0.0078,0.0014,0.0,1.0,0.0,8.3568,0.0,0.0,0.0,0.0,8.356800000000002,8.356800000000002,8.3524
732,0.0,0.0063,0.0063,0.0011,0.0,1.0,0.0,8.1537,0.0,0.0,0.0,0.0,8.1537,8.1537,8.1528
733,0.0,0.007,0.007,0.0013,0.0,1.0,0.0,8.7041,0.0,0.0,0.0,0.0,8.7041,8.7041,8.7067
734,0.0,0.0067,0.0067,0.0012,0.0,1.0,0.0,9.1891,0.0,0.0,0.0,0.0,9.1891,9.1891,9.1865
735,0.0,0.0067,0.0067,0.0012,0.0,1.0,0.0,8.9468,0.0,0.0,0.0,0.0,8.9468,8.9468,8.9442
736,0.0,0.0055,0.0055,0.001,0.0,1.0,0.0,8.0308,0.0,0.0,0.0,0.0,8.030800000000001,8.030800000000001,8.0357
737,0.0,0.0065,0.0065,0.0012,0.0,1.0,0.0,9.8602,0.0,0.0,0.0,0.0,9.8602,9.8602,9.8591
738,0.0,0.007,0.007,0.0013,0.0,1.0,0.0,8.1958,0.0,0.0,0.0,0.0,8.1958,8.1958,8.1951
739,0.0,0.0073,0.0073,0.0013,0.0,1.0,0.0,8.3558,0.0,0.0,0.0,0.0,8.3558,8.3558,8.3565
740,0.0,0.0066,0.0066,0.0012,0.0,1.0,0.0,8.5142,0.0,0.0,0.0,0.0,8.5142,8.5142,8.5179
741,0.0,0.006,0.006,0.0011,0.0,1.0,0.0,8.6093,0.0,0.0,0.0,0.0,8.609300000000001,8.609300000000001,8.6056
742,0.0,0.0069,0.0069,0.0012,0.0,1.0,0.0,8.1014,0.0,0.0,0.0,0.0,8.1014,8.1014,8.0998
743,0.0,0.007,0.007,0.0013,0.0,1.0,0.0,8.4212,0.0,0.0,0.0,0.0,8.421199999999999,8.421199999999999,8.4243
744,0.0,0.0062,0.0062,0.0011,0.0,1.0,0.0,8.453,0.0,0.0,0.0,0.0,8.453,8.453,8.4559
745,0.0,0.0071,0.0071,0.0013,0.0,1.0,0.0,9.2938,0.0,0.0,0.0,0.0,9.293800000000001,9.293800000000001,9.2919
746,0.0,0.0058,0.0058,0.0011,0.0,1.0,0.0,8.6338,0.0,0.0,0.0,0.0,8.6338,8.6338,8.6379
747,0.0,0.0071,0.0071,0.0013,0.0,1.0,0.0,9.0411,0.0,0.0,0.0,0.0,9.0411,9.0411,9.0421
748,0.0,0.0064,0.0064,0.0011,0.0,1.0,0.0,8.7486,0.0,0.0,0.0,0.0,8.7486,8.7486,8.7489
749,0.0,0.0068,0.0068,0.0012,0.0,1.0,0.0,8.7282,0.0,0.0,0.0,0.0,8.7282,8.7282,8.7257
750,0.0,0.0065,0.0065,0.0012,0.0,1.0,0.0,8.466,0.0,0.0,0.0,0.0,8.466,8.466,8.4657
751,0.0,0.006,0.006,0.0011,0.0,1.0,0.0,7.3814,0.0,0.0,0.0,0.0,7.3814,7.3814,7.3801
752,0.0,0.0061,0.0061,0.0011,0.0,1.0,0.0,9.298,0.0,0.0,0.0,0.0,9.298,9.298,9.2962
753,0.0,0.0066,0.0066,0.0012,0.0,1.0,0.0,8.6474,0.0,0.0,0.0,0.0,8.647400000000001,8.647400000000001,8.6483
754,0.0,0.0065,0.0065,0.0012,0.0,1.0,0.0,8.5119,0.0,0.0,0.0,0.0,8.511899999999999,8.511899999999999,8.5083
755,0.0,0.0065,0.0065,0.0012,0.0,1.0,0.0,8.3945,0.0,0.0,0.0,0.0,8.3945,8.3945,8.3896
756,0.0,0.0063,0.0063,0.0011,0.0,1.0,0.0,8.5599,0.0,0.0,0.0,0.0,8.5599,8.5599,8.5635
757,0.0,0.0064,0.0064,0.0011,0.0,1.0,0.0,8.5342,0.0,0.0,0.0,0.0,8.534199999999998,8.534199999999998,8.5347
758,0.0,0.0066,0.0066,0.0012,0.0,1.0,0.0,9.0895,0.0,0.0,0.0,0.0,9.089500000000001,9.089500000000001,9.0846
759,0.0,0.0065,0.0065,0.0012,0.0,1.0,0.0,8.5814,0.0,0.0,0.0,0.0,8.5814,8.5814,8.5853
760,0.0,0.0057,0.0057,0.001,0.0,1.0,0.0,8.4198,0.0,0.0,0.0,0.0,8.419799999999999,8.419799999999999,8.4155
761,0.0,0.0071,0.0071,0.0013,0.0,1.0,0.0,9.0955,0.0,0.0,0.0,0.0,9.0955,9.0955,9.0956
762,0.0,0.0072,0.0072,0.0013,0.0,1.0,0.0,8.475,0.0,0.0,0.0,0.0,8.475000000000001,8.475000000000001,8.4777
763,0.0,0.0061,0.0061,0.0011,0.0,1.0,0.0,8.5313,0.0,0.0,0.0,0.0,8.531300000000002,8.531300000000002,8.5352
764,0.0,0.0066,0.0066,0.0012,0.0,1.0,0.0,8.8246,0.0,0.0,0.0,0.0,8.824600000000002,8.824600000000002,8.823
765,0.0,0.0073,0.0073,0.0013,0.0,1.0,0.0,9.0496,0.0,0.0,0.0,0.0,9.0496,9.0496,9.0511
766,0.0,0.0063,0.0063,0.0011,0.0,1.0,0.0,8.5414,0.0,0.0,0.0,0.0,8.5414,8.5414,8.5426
767,0.0,0.0066,0.0066,0.0012,0.0,1.0,0.0,8.1643,0.0,0.0,0.0,0.0,8.164299999999999,8.164299999999999,8.1599
768,0.0,0.0057,0.0057,0.001,0.0,1.0,0.0,8.6019,0.0,0.0,0.0,0.0,8.601899999999999,8.601899999999999,8.6067
769,0.0,0.0059,0.0059,0.0011,0.0,1.0,0.0,8.0688,0.0,0.0,0.0,0.0,8.0688,8.0688,8.0726
770,0.0,0.0055,0.0055,0.001,0.0,1.0,0.0,8.8189,0.0,0.0,0.0,0.0,8.8189,8.8189,8.8231
771,0.0,0.0058,0.0058,0.0011,0.0,1.0,0.0,7.7021,0.0,0.0,0.0,0.0,7.702099999999999,7.702099999999999,7.6977
772,0.0,0.0064,0.0064,0.0011,0.0,1.0,0.0,8.4337,0.0,0.0,0.0,0.0,8.4337,8.4337,8.4322
773,0.0,0.0073,0.0073,0.0013,0.0,1.0,0.0,8.9776,0.0,0.0,0.0,0.0,8.9776,8.9776,8.9801
774,0.0,0.007,0.007,0.0013,0.0,1.0,0.0,8.7342,0.0,0.0,0.0,0.0,8.734199999999998,8.734199999999998,8.7327
775,0.0,0.0057,0.0057,0.001,0.0,1.0,0.0,8.9935,0.0,0.0,0.0,0.0,8.993500000000001,8.993500000000001,8.9978
776,0.0,0.0075,0.0075,0.0013,0.0,1.0,0.0,9.1601,0.0,0.0,0.0,0.0,9.160100000000002,9.160100000000002,9.1614
777,0.0,0.0074,0.0074,0.0013,0.0,1.0,0.0,8.866,0.0,0.0,0.0,0.0,8.866,8.866,8.8615
778,0.0,0.0061,0.0061,0.0011,0.0,1.0,0.0,9.2841,0.0,0.0,0.0,0.0,9.2841,9.2841,9.2816
779,0.0,0.007,0.007,0.0013,0.0,1.0,0.0,8.778,0.0,0.0,0.0,0.0,8.777999999999999,8.777999999999999,8.7738
780,0.0,0.0071,0.0071,0.0013,0.0,1.0,0.0,8.8823,0.0,0.0,0.0,0.0,8.8823,8.8823,8.8803
781,0.0,0.0065,0.0065,0.0012,0.0,1.0,0.0,9.0492,0.0,0.0,0.0,0.0,9.0492,9.0492,9.0471
782,0.0,0.006,0.006,0.0011,0.0,1.0,0.0,8.0965,0.0,0.0,0.0,0.0,8.0965,8.0965,8.0986
783,0.0,0.0067,0.0067,0.0012,0.0,1.0,0.0,9.0234,0.0,0.0,0.0,0.0,9.0234,9.0234,9.0275
784,0.0,0.0063,0.0063,0.0011,0.0,1.0,0.0,7.9617,0.0,0.0,0.0,0.0,7.9616999999999996,7.9616999999999996,7.9595
785,0.0,0.0073,0.0073,0.0013,0.0,1.0,0.0,8.638,0.0,0.0,0.0,0.0,8.638,8.638,8.6358
786,0.0,0.0067,0.0067,0.0012,0.0,1.0,0.0,8.3325,0.0,0.0,0.0,0.0,8.3325,8.3325,8.3349
787,0.0,0.0066,0.0066,0.0012,0.0,1.0,0.0,8.5828,0.0,0.0,0.0,0.0,8.582799999999999,8.582799999999999,8.5847
788,0.0,0.0072,0.0072,0.0013,0.0,1.0,0.0,9.3722,0.0,0.0,0.0,0.0,9.3722,9.3722,9.3763
789,0.0,0.0073,0.0073,0.0013,0.0,1.0,0.0,9.6782,0.0,0.0,0.0,0.0,9.678199999999997,9.678199999999997,9.6782
790,0.0,0.0058,0.0058,0.001,0.0,1.0,0.0,8.9106,0.0,0.0,0.0,0.0,8.910600000000002,8.910600000000002,8.9092
791,0.0,0.0071,0.0071,0.0013,0.0,1.0,0.0,8.1589,0.0,0.0,0.0,0.0,8.1589,8.1589,8.1573
792,0.0,0.0073,0.0073,0.0013,0.0,1.0,0.0,8.2959,0.0,0.0,0.0,0.0,8.295900000000001,8.295900000000001,8.2987
793,0.0,0.0062,0.0062,0.0011,0.0,1.0,0.0,8.5728,0.0,0.0,0.0,0.0,8.5728,8.5728,8.5745
794,0.0,0.0066,0.0066,0.0012,0.0,1.0,0.0,8.492,0.0,0.0,0.0,0.0,8.492,8.492,8.4926
795,0.0,0.0062,0.0062,0.0011,0.0,1.0,0.0,8.6393,0.0,0.0,0.0,0.0,8.639299999999999,8.639299999999999,8.6437
796,0.0,0.0072,0.0072,0.0013,0.0,1.0,0.0,8.4357,0.0,0.0,0.0,0.0,8.435699999999999,8.435699999999999,8.4314
797,0.0,0.0063,0.0063,0.0011,0.0,1.0,0.0,8.8068,0.0,0.0,0.0,0.0,8.8068,8.8068,8.8031
798,0.0,0.0064,0.0064,0.0012,0.0,1.0,0.0,8.4466,0.0,0.0,0.0,0.0,8.4466,8.4466,8.4508
799,0.0,0.0065,0.0065,0.0012,0.0,1.0,0.0,8.5822,0.0,0.0,0.0,0.0,8.5822,8.5822,8.5783
800,0.0,0.0069,0.0069,0.0012,0.0,1.0,0.0,8.7308,0.0,0.0,0.0,0.0,8.730799999999999,8.730799999999999,8.7268
801,0.0,0.0068,0.0068,0.0012,0.0,1.0,0.0,8.4382,0.0,0.0,0.0,0.0,8.4382,8.4382,8.4365
802,0.0,0.0062,0.0062,0.0011,0.0,1.0,0.0,8.3786,0.0,0.0,0.0,0.0,8.3786,8.3786,8.3753
803,0.0,0.0069,0.0069,0.0012,0.0,1.0,0.0,9.3652,0.0,0.0,0.0,0.0,9.365200000000002,9.365200000000002,9.362
804,0.0,0.0065,0.0065,0.0012,0.0,1.0,0.0,8.074,0.0,0.0,0.0,0.0,8.074,8.074,8.0743
805,0.0,0.0059,0.0059,0.0011,0.0,1.0,0.0,8.2031,0.0,0.0,0.0,0.0,8.2031,8.2031,8.2079
806,0.0,0.0064,0.0064,0.0012,0.0,1.0,0.0,8.4873,0.0,0.0,0.0,0.0,8.4873,8.4873,8.4828
807,0.0,0.0065,0.0065,0.0012,0.0,1.0,0.0,8.2583,0.0,0.0,0.0,0.0,8.258299999999998,8.258299999999998,8.2628
808,0.0,0.0053,0.0053,0.001,0.0,1.0,0.0,8.5565,0.0,0.0,0.0,0.0,8.5565,8.5565,8.555
809,0.0,0.0071,0.0071,0.0013,0.0,1.0,0.0,8.8864,0.0,0.0,0.0,0.0,8.8864,8.8864,8.8852
810,0.0,0.0068,0.0068,0.0012,0.0,1.0,0.0,9.5555,0.0,0.0,0.0,0.0,9.555500000000002,9.555500000000002,9.5579
811,0.0,0.0057,0.0057,0.001,0.0,1.0,0.0,7.8935,0.0,0.0,0.0,0.0,7.8934999999999995,7.8934999999999995,7.8982
812,0.0,0.006,0.006,0.0011,0.0,1.0,0.0,8.5809,0.0,0.0,0.0,0.0,8.580900000000002,8.580900000000002,8.5855
813,0.0,0.0088,0.0088,0.0016,0.0,1.0,0.0,8.9073,0.0,0.0,0.0,0.0,8.9073,8.9073,8.9123
814,0.0,0.0064,0.0064,0.0012,0.0,1.0,0.0,8.5555,0.0,0.0,0.0,0.0,8.5555,8.5555,8.5513
815,0.0,0.0076,0.0076,0.0014,0.0,1.0,0.0,8.8612,0.0,0.0,0.0,0.0,8.8612,8.8612,8.8586
816,0.0,0.0075,0.0075,0.0014,0.0,1.0,0.0,9.1505,0.0,0.0,0.0,0.0,9.150500000000001,9.150500000000001,9.1461
817,0.0,0.0064,0.0064,0.0011,0.0,1.0,0.0,9.1624,0.0,0.0,0.0,0.0,9.1624,9.1624,9.1612
818,0.0,0.007,0.007,0.0013,0.0,1.0,0.0,7.6112,0.0,0.0,0.0,0.0,7.611200000000002,7.611200000000002,7.61
819,0.0,0.0061,0.0061,0.0011,0.0,1.0,0.0,8.2583,0.0,0.0,0.0,0.0,8.2583,8.2583,8.2629
820,0.0,0.0057,0.0057,0.001,0.0,1.0,0.0,8.9664,0.0,0.0,0.0,0.0,8.966399999999998,8.966399999999998,8.9669
821,0.0,0.0061,0.0061,0.0011,0.0,1.0,0.0,9.0548,0.0,0.0,0.0,0.0,9.054799999999998,9.054799999999998,9.0544
822,0.0,0.0076,0.0076,0.0014,0.0,1.0,0.0,9.1882,0.0,0.0,0.0,0.0,9.188199999999998,9.188199999999998,9.1909
823,0.0,0.0069,0.0069,0.0012,0.0,1.0,0.0,9.3666,0.0,0.0,0.0,0.0,9.366600000000002,9.366600000000002,9.3653
824,0.0,0.0068,0.0068,0.0012,0.0,1.0,0.0,8.7669,0.0,0.0,0.0,0.0,8.7669,8.7669,8.7697
825,0.0,0.0068,0.0068,0.0012,0.0,1.0,0.0,9.0747,0.0,0.0,0.0,0.0,9.0747,9.0747,9.0746
826,0.0,0.0057,0.0057,0.001,0.0,1.0,0.0,7.5146,0.0,0.0,0.0,0.0,7.5146,7.5146,7.5098
827,0.0,0.0069,0.0069,0.0012,0.0,1.0,0.0,8.21,0.0,0.0,0.0,0.0,8.209999999999999,8.209999999999999,8.2072
828,0.0,0.0069,0.0069,0.0012,0.0,1.0,0.0,9.2887,0.0,0.0,0.0,0.0,9.288700000000002,9.288700000000002,9.2913
829,0.0,0.0076,0.0076,0.0014,0.0,1.0,0.0,9.1929,0.0,0.0,0.0,0.0,9.192900000000002,9.192900000000002,9.1953
830,0.0,0.0054,0.0054,0.001,0.0,1.0,0.0,8.1792,0.0,0.0,0.0,0.0,8.179200000000002,8.179200000000002,8.1827
831,0.0,0.0072,0.0072,0.0013,0.0,1.0,0.0,8.9671,0.0,0.0,0.0,0.0,8.9671,8.9671,8.9714
832,0.0,0.0061,0.0061,0.0011,0.0,1.0,0.0,8.7665,0.0,0.0,0.0,0.0,8.766499999999999,8.766499999999999,8.7706
833,0.0,0.0074,0.0074,0.0013,0.0,1.0,0.0,8.5391,0.0,0.0,0.0,0.0,8.539100000000001,8.539100000000001,8.5421
834,0.0,0.0069,0.0069,0.0012,0.0,1.0,0.0,8.6113,0.0,0.0,0.0,0.0,8.6113,8.6113,8.6077
835,0.0,0.0082,0.0082,0.0015,0.0,1.0,0.0,9.7981,0.0,0.0,0.0,0.0,9.7981,9.7981,9.7958
836,0.0,0.0081,0.0081,0.0015,0.0,1.0,0.0,9.1896,0.0,0.0,0.0,0.0,9.189599999999999,9.189599999999999,9.1929
837,0.0,0.007,0.007,0.0013,0.0,1.0,0.0,9.6476,0.0,0.0,0.0,0.0,9.6476,9.6476,9.6475
838,0.0,0.0064,0.0064,0.0012,0.0,1.0,0.0,8.3839,0.0,0.0,0.0,0.0,8.383899999999999,8.383899999999999,8.3855
839,0.0,0.0057,0.0057,0.001,0.0,1.0,0.0,8.8244,0.0,0.0,0.0,0.0,8.824399999999999,8.824399999999999,8.8195
840,0.0,0.0054,0.0054,0.001,0.0,1.0,0.0,7.6552,0.0,0.0,0.0,0.0,7.6552,7.6552,7.6585
841,0.0,0.0066,0.0066,0.0012,0.0,1.0,0.0,9.3144,0.0,0.0,0.0,0.0,9.314400000000001,9.314400000000001,9.3101
842,0.0,0.006,0.006,0.0011,0.0,1.0,0.0,8.8953,0.0,0.0,0.0,0.0,8.895299999999999,8.895299999999999,8.8935
843,0.0,0.0066,0.0066,0.0012,0.0,1.0,0.0,9.0038,0.0,0.0,0.0,0.0,9.0038,9.0038,9.0011
844,0.0,0.0075,0.0075,0.0014,0.0,1.0,0.0,8.6361,0.0,0.0,0.0,0.0,8.6361,8.6361,8.6324
845,0.0,0.0071,0.0071,0.0013,0.0,1.0,0.0,10.0889,0.0,0.0,0.0,0.0,10.088899999999999,10.088899999999999,10.0932
846,0.0,0.0066,0.0066,0.0012,0.0,1.0,0.0,8.3369,0.0,0.0,0.0,0.0,8.3369,8.3369,8.3336
847,0.0,0.0065,0.0065,0.0012,0.0,1.0,0.0,8.0515,0.0,0.0,0.0,0.0,8.051499999999999,8.051499999999999,8.0536
848,0.0,0.0051,0.0051,0.0009,0.0,1.0,0.0,8.5982,0.0,0.0,0.0,0.0,8.5982,8.5982,8.6005
849,0.0,0.0066,0.0066,0.0012,0.0,1.0,0.0,8.222,0.0,0.0,0.0,0.0,8.222000000000001,8.222000000000001,8.2198
850,0.0,0.0071,0.0071,0.0013,0.0,1.0,0.0,8.4983,0.0,0.0,0.0,0.0,8.498300000000002,8.498300000000002,8.4971
851,0.0,0.0061,0.0061,0.0011,0.0,1.0,0.0,8.2561,0.0,0.0,0.0,0.0,8.256099999999998,8.256099999999998,8.2609
852,0.0,0.0066,0.0066,0.0012,0.0,1.0,0.0,9.279,0.0,0.0,0.0,0.0,9.279,9.279,9.2828
853,0.0,0.0065,0.0065,0.0012,0.0,1.0,0.0,8.1436,0.0,0.0,0.0,0.0,8.1436,8.1436,8.1406
854,0.0,0.0056,0.0056,0.001,0.0,1.0,0.0,7.5643,0.0,0.0,0.0,0.0,7.5643,7.5643,7.5619
855,0.0,0.0062,0.0062,0.0011,0.0,1.0,0.0,8.3547,0.0,0.0,0.0,0.0,8.3547,8.3547,8.3513
856,0.0,0.0077,0.0077,0.0014,0.0,1.0,0.0,9.2217,0.0,0.0,0.0,0.0,9.2217,9.2217,9.2237
857,0.0,0.0068,0.0068,0.0012,0.0,1.0,0.0,7.934,0.0,0.0,0.0,0.0,7.933999999999999,7.933999999999999,7.9336
858,0.0,0.0061,0.0061,0.0011,0.0,1.0,0.0,8.3218,0.0,0.0,0.0,0.0,8.3218,8.3218,8.3229
859,0.0,0.0063,0.0063,0.0011,0.0,1.0,0.0,8.4072,0.0,0.0,0.0,0.0,8.407200000000001,8.407200000000001,8.4049
860,0.0,0.0069,0.0069,0.0012,0.0,1.0,0.0,9.1649,0.0,0.0,0.0,0.0,9.1649,9.1649,9.1648
861,0.0,0.0066,0.0066,0.0012,0.0,1.0,0.0,7.8045,0.0,0.0,0.0,0.0,7.8045,7.8045,7.8
862,0.0,0.0074,0.0074,0.0013,0.0,1.0,0.0,8.8317,0.0,0.0,0.0,0.0,8.831700000000001,8.831700000000001,8.8314
863,0.0,0.0071,0.0071,0.0013,0.0,1.0,0.0,7.8641,0.0,0.0,0.0,0.0,7.8641000000000005,7.8641000000000005,7.86
864,0.0,0.0062,0.0062,0.0011,0.0,1.0,0.0,8.2745,0.0,0.0,0.0,0.0,8.274500000000002,8.274500000000002,8.2786
865,0.0,0.0064,0.0064,0.0012,0.0,1.0,0.0,8.9427,0.0,0.0,0.0,0.0,8.942699999999999,8.942699999999999,8.9429
866,0.0,0.0072,0.0072,0.0013,0.0,1.0,0.0,8.4103,0.0,0.0,0.0,0.0,8.410300000000001,8.410300000000001,8.408
867,0.0,0.0081,0.0081,0.0015,0.0,1.0,0.0,8.3867,0.0,0.0,0.0,0.0,8.3867,8.3867,8.3898
868,0.0,0.0061,0.0061,0.0011,0.0,1.0,0.0,8.9224,0.0,0.0,0.0,0.0,8.922400000000001,8.922400000000001,8.9237
869,0.0,0.0059,0.0059,0.0011,0.0,1.0,0.0,8.4118,0.0,0.0,0.0,0.0,8.4118,8.4118,8.4119
870,0.0,0.007,0.007,0.0013,0.0,1.0,0.0,8.5473,0.0,0.0,0.0,0.0,8.5473,8.5473,8.5443
871,0.0,0.0064,0.0064,0.0012,0.0,1.0,0.0,8.7428,0.0,0.0,0.0,0.0,8.7428,8.7428,8.7439
872,0.0,0.0065,0.0065,0.0012,0.0,1.0,0.0,7.9802,0.0,0.0,0.0,0.0,7.9802,7.9802,7.9812
873,0.0,0.0065,0.0065,0.0012,0.0,1.0,0.0,8.6702,0.0,0.0,0.0,0.0,8.670200000000001,8.670200000000001,8.6722
874,0.0,0.0085,0.0085,0.0015,0.0,1.0,0.0,8.0767,0.0,0.0,0.0,0.0,8.0767,8.0767,8.0762
875,0.0,0.0066,0.0066,0.0012,0.0,1.0,0.0,8.017,0.0,0.0,0.0,0.0,8.017,8.017,8.02
876,0.0,0.0056,0.0056,0.001,0.0,1.0,0.0,8.7672,0.0,0.0,0.0,0.0,8.7672,8.7672,8.7629
877,0.0,0.005,0.005,0.0009,0.0,1.0,0.0,7.3273,0.0,0.0,0.0,0.0,7.327299999999998,7.327299999999998,7.3241
878,0.0,0.0065,0.0065,0.0012,0.0,1.0,0.0,8.8936,0.0,0.0,0.0,0.0,8.8936,8.8936,8.89
879,0.0,0.0081,0.0081,0.0015,0.0,1.0,0.0,8.5379,0.0,0.0,0.0,0.0,8.5379,8.5379,8.5425
880,0.0,0.0062,0.0062,0.0011,0.0,1.0,0.0,8.7187,0.0,0.0,0.0,0.0,8.7187,8.7187,8.7215
881,0.0,0.0064,0.0064,0.0012,0.0,1.0,0.0,8.6093,0.0,0.0,0.0,0.0,8.609300000000001,8.609300000000001,8.6102
882,0.0,0.0075,0.0075,0.0014,0.0,1.0,0.0,8.8798,0.0,0.0,0.0,0.0,8.8798,8.8798,8.8815
883,0.0,0.0067,0.0067,0.0012,0.0,1.0,0.0,8.3554,0.0,0.0,0.0,0.0,8.3554,8.3554,8.3552
884,0.0,0.0073,0.0073,0.0013,0.0,1.0,0.0,8.933,0.0,0.0,0.0,0.0,8.933,8.933,8.934
885,0.0,0.0055,0.0055,0.001,0.0,1.0,0.0,8.2957,0.0,0.0,0.0,0.0,8.2957,8.2957,8.295
886,0.0,0.008,0.008,0.0014,0.0,1.0,0.0,9.0498,0.0,0.0,0.0,0.0,9.049799999999998,9.049799999999998,9.0533
887,0.0,0.0052,0.0052,0.0009,0.0,1.0,0.0,7.5759,0.0,0.0,0.0,0.0,7.5759,7.5759,7.5776
888,0.0,0.0053,0.0053,0.001,0.0,1.0,0.0,8.8805,0.0,0.0,0.0,0.0,8.8805,8.8805,8.8763
889,0.0,0.0066,0.0066,0.0012,0.0,1.0,0.0,8.9434,0.0,0.0,0.0,0.0,8.943399999999999,8.943399999999999,8.9436
890,0.0,0.0069,0.0069,0.0012,0.0,1.0,0.0,9.1399,0.0,0.0,0.0,0.0,9.139899999999999,9.139899999999999,9.1363
891,0.0,0.0064,0.0064,0.0012,0.0,1.0,0.0,8.922,0.0,0.0,0.0,0.0,8.922,8.922,8.9194
892,0.0,0.0063,0.0063,0.0011,0.0,1.0,0.0,7.9447,0.0,0.0,0.0,0.0,7.944700000000001,7.944700000000001,7.9449
893,0.0,0.006,0.006,0.0011,0.0,1.0,0.0,9.4646,0.0,0.0,0.0,0.0,9.464599999999999,9.464599999999999,9.4636
894,0.0,0.0065,0.0065,0.0012,0.0,1.0,0.0,9.0295,0.0,0.0,0.0,0.0,9.0295,9.0295,9.0311
895,0.0,0.0053,0.0053,0.0009,0.0,1.0,0.0,7.8171,0.0,0.0,0.0,0.0,7.8171,7.8171,7.8182
896,0.0,0.0057,0.0057,0.001,0.0,1.0,0.0,8.3604,0.0,0.0,0.0,0.0,8.3604,8.3604,8.3631
897,0.0,0.0067,0.0067,0.0012,0.0,1.0,0.0,8.9523,0.0,0.0,0.0,0.0,8.9523,8.9523,8.9528
898,0.0,0.0067,0.0067,0.0012,0.0,1.0,0.0,8.5469,0.0,0.0,0.0,0.0,8.546899999999999,8.546899999999999,8.5437
899,0.0,0.0075,0.0075,0.0013,0.0,1.0,0.0,8.7978,0.0,0.0,0.0,0.0,8.7978,8.7978,8.7969
900,0.0,0.0062,0.0062,0.0011,0.0,1.0,0.0,8.0152,0.0,0.0,0.0,0.0,8.0152,8.0152,8.015
901,0.0,0.0083,0.0083,0.0015,0.0,1.0,0.0,10.197,0.0,0.0,0.0,0.0,10.197,10.197,10.1983
902,0.0,0.0065,0.0065,0.0012,0.0,1.0,0.0,8.8559,0.0,0.0,0.0,0.0,8.8559,8.8559,8.8577
903,0.0,0.0065,0.0065,0.0012,0.0,1.0,0.0,9.3507,0.0,0.0,0.0,0.0,9.350700000000002,9.350700000000002,9.3503
904,0.0,0.0068,0.0068,0.0012,0.0,1.0,0.0,9.6124,0.0,0.0,0.0,0.0,9.6124,9.6124,9.6085
905,0.0,0.0061,0.0061,0.0011,0.0,1.0,0.0,8.9583,0.0,0.0,0.0,0.0,8.958300000000001,8.958300000000001,8.9633
906,0.0,0.0068,0.0068,0.0012,0.0,1.0,0.0,8.714,0.0,0.0,0.0,0.0,8.714,8.714,8.7176
907,0.0,0.0074,0.0074,0.0013,0.0,1.0,0.0,10.1809,0.0,0.0,0.0,0.0,10.180900000000001,10.180900000000001,10.1836
908,0.0,0.0059,0.0059,0.0011,0.0,1.0,0.0,8.174,0.0,0.0,0.0,0.0,8.174,8.174,8.1728
909,0.0,0.0068,0.0068,0.0012,0.0,1.0,0.0,8.8231,0.0,0.0,0.0,0.0,8.8231,8.8231,8.8242
910,0.0,0.0076,0.0076,0.0014,0.0,1.0,0.0,9.9279,0.0,0.0,0.0,0.0,9.927900000000001,9.927900000000001,9.931
911,0.0,0.0078,0.0078,0.0014,0.0,1.0,0.0,8.4871,0.0,0.0,0.0,0.0,8.4871,8.4871,8.4852
912,0.0,0.0059,0.0059,0.0011,0.0,1.0,0.0,8.0953,0.0,0.0,0.0,0.0,8.0953,8.0953,8.099
913,0.0,0.0057,0.0057,0.001,0.0,1.0,0.0,7.9693,0.0,0.0,0.0,0.0,7.9693,7.9693,7.9732
914,0.0,0.0069,0.0069,0.0012,0.0,1.0,0.0,8.8657,0.0,0.0,0.0,0.0,8.8657,8.8657,8.8684
915,0.0,0.0073,0.0073,0.0013,0.0,1.0,0.0,9.5232,0.0,0.0,0.0,0.0,9.5232,9.5232,9.5236
916,0.0,0.0064,0.0064,0.0012,0.0,1.0,0.0,8.6319,0.0,0.0,0.0,0.0,8.6319,8.6319,8.6326
917,0.0,0.0061,0.0061,0.0011,0.0,1.0,0.0,8.8479,0.0,0.0,0.0,0.0,8.8479,8.8479,8.844
918,0.0,0.007,0.007,0.0013,0.0,1.0,0.0,8.6501,0.0,0.0,0.0,0.0,8.6501,8.6501,8.65
919,0.0,0.0073,0.0073,0.0013,0.0,1.0,0.0,8.5559,0.0,0.0,0.0,0.0,8.555900000000001,8.555900000000001,8.5517
920,0.0,0.0063,0.0063,0.0011,0.0,1.0,0.0,7.8188,0.0,0.0,0.0,0.0,7.8187999999999995,7.8187999999999995,7.8219
921,0.0,0.0062,0.0062,0.0011,0.0,1.0,0.0,8.4752,0.0,0.0,0.0,0.0,8.475200000000001,8.475200000000001,8.4759
922,0.0,0.0064,0.0064,0.0012,0.0,1.0,0.0,8.9631,0.0,0.0,0.0,0.0,8.9631,8.9631,8.9654
923,0.0,0.0053,0.0053,0.001,0.0,1.0,0.0,8.5928,0.0,0.0,0.0,0.0,8.5928,8.5928,8.5909
924,0.0,0.0058,0.0058,0.001,0.0,1.0,0.0,7.85,0.0,0.0,0.0,0.0,7.85,7.85,7.8499
925,0.0,0.0066,0.0066,0.0012,0.0,1.0,0.0,9.0097,0.0,0.0,0.0,0.0,9.0097,9.0097,9.014
926,0.0,0.0063,0.0063,0.0011,0.0,1.0,0.0,8.6059,0.0,0.0,0.0,0.0,8.605899999999998,8.605899999999998,8.6053
927,0.0,0.0066,0.0066,0.0012,0.0,1.0,0.0,8.9457,0.0,0.0,0.0,0.0,8.9457,8.9457,8.9419
928,0.0,0.0065,0.0065,0.0012,0.0,1.0,0.0,8.4186,0.0,0.0,0.0,0.0,8.4186,8.4186,8.4173
929,0.0,0.0065,0.0065,0.0012,0.0,1.0,0.0,8.7581,0.0,0.0,0.0,0.0,8.7581,8.7581,8.7532
930,0.0,0.0071,0.0071,0.0013,0.0,1.0,0.0,8.5235,0.0,0.0,0.0,0.0,8.5235,8.5235,8.5261
931,0.0,0.0062,0.0062,0.0011,0.0,1.0,0.0,8.6603,0.0,0.0,0.0,0.0,8.660300000000003,8.660300000000003,8.6554
932,0.0,0.0055,0.0055,0.001,0.0,1.0,0.0,8.1642,0.0,0.0,0.0,0.0,8.1642,8.1642,8.1622
933,0.0,0.0062,0.0062,0.0011,0.0,1.0,0.0,8.271,0.0,0.0,0.0,0.0,8.271,8.271,8.2685
934,0.0,0.0073,0.0073,0.0013,0.0,1.0,0.0,8.9153,0.0,0.0,0.0,0.0,8.9153,8.9153,8.9147
935,0.0,0.0061,0.0061,0.0011,0.0,1.0,0.0,8.3993,0.0,0.0,0.0,0.0,8.3993,8.3993,8.3978
936,0.0,0.0081,0.0081,0.0015,0.0,1.0,0.0,8.8969,0.0,0.0,0.0,0.0,8.8969,8.8969,8.8963
937,0.0,0.0071,0.0071,0.0013,0.0,1.0,0.0,8.8629,0.0,0.0,0.0,0.0,8.8629,8.8629,8.8616
938,0.0,0.0063,0.0063,0.0011,0.0,1.0,0.0,8.6682,0.0,0.0,0.0,0.0,8.668199999999999,8.668199999999999,8.6649
939,0.0,0.0071,0.0071,0.0013,0.0,1.0,0.0,9.0336,0.0,0.0,0.0,0.0,9.0336,9.0336,9.0341
940,0.0,0.0075,0.0075,0.0014,0.0,1.0,0.0,8.8343,0.0,0.0,0.0,0.0,8.8343,8.8343,8.8295
941,0.0,0.0058,0.0058,0.0011,0.0,1.0,0.0,8.3065,0.0,0.0,0.0,0.0,8.306500000000002,8.306500000000002,8.3098
942,0.0,0.0059,0.0059,0.0011,0.0,1.0,0.0,7.3173,0.0,0.0,0.0,0.0,7.3172999999999995,7.3172999999999995,7.3214
943,0.0,0.006,0.006,0.0011,0.0,1.0,0.0,9.6502,0.0,0.0,0.0,0.0,9.650199999999998,9.650199999999998,9.6535
944,0.0,0.0067,0.0067,0.0012,0.0,1.0,0.0,8.3933,0.0,0.0,0.0,0.0,8.3933,8.3933,8.3949
945,0.0,0.007,0.007,0.0013,0.0,1.0,0.0,8.6629,0.0,0.0,0.0,0.0,8.662899999999999,8.662899999999999,8.6659
946,0.0,0.0065,0.0065,0.0012,0.0,1.0,0.0,8.8167,0.0,0.0,0.0,0.0,8.8167,8.8167,8.8119
947,0.0,0.0073,0.0073,0.0013,0.0,1.0,0.0,8.6232,0.0,0.0,0.0,0.0,8.6232,8.6232,8.6213
948,0.0,0.008,0.008,0.0014,0.0,1.0,0.0,9.4483,0.0,0.0,0.0,0.0,9.4483,9.4483,9.4515
949,0.0,0.0051,0.0051,0.0009,0.0,1.0,0.0,7.9511,0.0,0.0,0.0,0.0,7.9511,7.9511,7.9533
950,0.0,0.0065,0.0065,0.0012,0.0,1.0,0.0,9.5027,0.0,0.0,0.0,0.0,9.502700000000003,9.502700000000003,9.4988
951,0.0,0.0055,0.0055,0.001,0.0,1.0,0.0,8.2743,0.0,0.0,0.0,0.0,8.2743,8.2743,8.2743
952,0.0,0.007,0.007,0.0013,0.0,1.0,0.0,9.3022,0.0,0.0,0.0,0.0,9.302200000000001,9.302200000000001,9.304
953,0.0,0.0071,0.0071,0.0013,0.0,1.0,0.0,9.5192,0.0,0.0,0.0,0.0,9.5192,9.5192,9.5209
954,0.0,0.0059,0.0059,0.0011,0.0,1.0,0.0,8.662,0.0,0.0,0.0,0.0,8.661999999999999,8.661999999999999,8.6666
955,0.0,0.0067,0.0067,0.0012,0.0,1.0,0.0,8.4775,0.0,0.0,0.0,0.0,8.477500000000001,8.477500000000001,8.4756
956,0.0,0.0067,0.0067,0.0012,0.0,1.0,0.0,8.601,0.0,0.0,0.0,0.0,8.601,8.601,8.603
957,0.0,0.0067,0.0067,0.0012,0.0,1.0,0.0,8.6855,0.0,0.0,0.0,0.0,8.6855,8.6855,8.6879
958,0.0,0.0067,0.0067,0.0012,0.0,1.0,0.0,8.3557,0.0,0.0,0.0,0.0,8.355699999999999,8.355699999999999,8.3581
959,0.0,0.006,0.006,0.0011,0.0,1.0,0.0,8.6945,0.0,0.0,0.0,0.0,8.694500000000001,8.694500000000001,8.6969
960,0.0,0.0073,0.0073,0.0013,0.0,1.0,0.0,8.2987,0.0,0.0,0.0,0.0,8.2987,8.2987,8.2981
961,0.0,0.0051,0.0051,0.0009,0.0,1.0,0.0,8.4671,0.0,0.0,0.0,0.0,8.4671,8.4671,8.4639
962,0.0,0.0068,0.0068,0.0012,0.0,1.0,0.0,8.9395,0.0,0.0,0.0,0.0,8.9395,8.9395,8.9433
963,0.0,0.0069,0.0069,0.0012,0.0,1.0,0.0,9.2461,0.0,0.0,0.0,0.0,9.2461,9.2461,9.2464
964,0.0,0.0064,0.0064,0.0012,0.0,1.0,0.0,9.3278,0.0,0.0,0.0,0.0,9.327800000000002,9.327800000000002,9.3258
965,0.0,0.0077,0.0077,0.0014,0.0,1.0,0.0,9.3039,0.0,0.0,0.0,0.0,9.3039,9.3039,9.3054
966,0.0,0.0068,0.0068,0.0012,0.0,1.0,0.0,8.7525,0.0,0.0,0.0,0.0,8.7525,8.7525,8.7482
967,0.0,0.007,0.007,0.0013,0.0,1.0,0.0,9.1945,0.0,0.0,0.0,0.0,9.194499999999998,9.194499999999998,9.1962
968,0.0,0.0067,0.0067,0.0012,0.0,1.0,0.0,8.1176,0.0,0.0,0.0,0.0,8.1176,8.1176,8.1191
969,0.0,0.0058,0.0058,0.001,0.0,1.0,0.0,8.4884,0.0,0.0,0.0,0.0,8.488399999999999,8.488399999999999,8.4868
970,0.0,0.0067,0.0067,0.0012,0.0,1.0,0.0,8.1,0.0,0.0,0.0,0.0,8.1,8.1,8.1017
971,0.0,0.0061,0.0061,0.0011,0.0,1.0,0.0,8.9339,0.0,0.0,0.0,0.0,8.933900000000001,8.933900000000001,8.9378
972,0.0,0.0064,0.0064,0.0012,0.0,1.0,0.0,8.809,0.0,0.0,0.0,0.0,8.809,8.809,8.8068
973,0.0,0.0063,0.0063,0.0011,0.0,1.0,0.0,8.9094,0.0,0.0,0.0,0.0,8.909399999999998,8.909399999999998,8.9066
974,0.0,0.0068,0.0068,0.0012,0.0,1.0,0.0,8.7435,0.0,0.0,0.0,0.0,8.7435,8.7435,8.7442
975,0.0,0.0077,0.0077,0.0014,0.0,1.0,0.0,8.9217,0.0,0.0,0.0,0.0,8.921700000000001,8.921700000000001,8.9203
976,0.0,0.0062,0.0062,0.0011,0.0,1.0,0.0,8.617,0.0,0.0,0.0,0.0,8.617,8.617,8.6206
977,0.0,0.0067,0.0067,0.0012,0.0,1.0,0.0,8.6898,0.0,0.0,0.0,0.0,8.6898,8.6898,8.6879
978,0.0,0.0059,0.0059,0.0011,0.0,1.0,0.0,9.1691,0.0,0.0,0.0,0.0,9.1691,9.1691,9.165
979,0.0,0.0077,0.0077,0.0014,0.0,1.0,0.0,8.5452,0.0,0.0,0.0,0.0,8.545200000000001,8.545200000000001,8.5413
980,0.0,0.0059,0.0059,0.0011,0.0,1.0,0.0,8.3111,0.0,0.0,0.0,0.0,8.3111,8.3111,8.3132
981,0.0,0.0077,0.0077,0.0014,0.0,1.0,0.0,9.5198,0.0,0.0,0.0,0.0,9.5198,9.5198,9.5151
982,0.0,0.0068,0.0068,0.0012,0.0,1.0,0.0,8.1283,0.0,0.0,0.0,0.0,8.128300000000001,8.128300000000001,8.1274
983,0.0,0.0067,0.0067,0.0012,0.0,1.0,0.0,8.3598,0.0,0.0,0.0,0.0,8.3598,8.3598,8.3605
984,0.0,0.0082,0.0082,0.0015,0.0,1.0,0.0,9.0767,0.0,0.0,0.0,0.0,9.0767,9.0767,9.0814
985,0.0,0.0059,0.0059,0.0011,0.0,1.0,0.0,7.3042,0.0,0.0,0.0,0.0,7.304200000000001,7.304200000000001,7.3018
986,0.0,0.0062,0.0062,0.0011,0.0,1.0,0.0,8.9029,0.0,0.0,0.0,0.0,8.9029,8.9029,8.9068
987,0.0,0.0068,0.0068,0.0012,0.0,1.0,0.0,8.2799,0.0,0.0,0.0,0.0,8.2799,8.2799,8.2799
988,0.0,0.0054,0.0054,0.001,0.0,1.0,0.0,8.1105,0.0,0.0,0.0,0.0,8.1105,8.1105,8.1143
989,0.0,0.0069,0.0069,0.0012,0.0,1.0,0.0,8.7882,0.0,0.0,0.0,0.0,8.7882,8.7882,8.7888
990,0.0,0.0052,0.0052,0.0009,0.0,1.0,0.0,7.9748,0.0,0.0,0.0,0.0,7.9748,7.9748,7.9699
991,0.0,0.0059,0.0059,0.0011,0.0,1.0,0.0,7.8066,0.0,0.0,0.0,0.0,7.806600000000001,7.806600000000001,7.8044
992,0.0,0.0062,0.0062,0.0011,0.0,1.0,0.0,8.6621,0.0,0.0,0.0,0.0,8.662099999999999,8.662099999999999,8.659
993,0.0,0.0054,0.0054,0.001,0.0,1.0,0.0,8.2931,0.0,0.0,0.0,0.0,8.2931,8.2931,8.296
994,0.0,0.0072,0.0072,0.0013,0.0,1.0,0.0,8.9277,0.0,0.0,0.0,0.0,8.9277,8.9277,8.9309
995,0.0,0.0064,0.0064,0.0011,0.0,1.0,0.0,7.7484,0.0,0.0,0.0,0.0,7.7484,7.7484,7.7457
996,0.0,0.0068,0.0068,0.0012,0.0,1.0,0.0,8.0147,0.0,0.0,0.0,0.0,8.0147,8.0147,8.0117
997,0.0,0.0068,0.0068,0.0012,0.0,1.0,0.0,9.0593,0.0,0.0,0.0,0.0,9.059299999999999,9.059299999999999,9.0571
998,0.0,0.0066,0.0066,0.0012,0.0,1.0,0.0,8.5056,0.0,0.0,0.0,0.0,8.5056,8.5056,8.5032
999,0.0,0.0072,0.0072,0.0013,0.0,1.0,0.0,8.1446,0.0,0.0,0.0,0.0,8.1446,8.1446,8.1434
1000,0.0,0.0068,0.0068,0.0012,0.0,1.0,0.0,9.8681,0.0,0.0,0.0,0.0,9.8681,9.8681,9.8715
1001,0.0,0.0068,0.0068,0.0012,0.0,1.0,0.0,8.6312,0.0,0.0,0.0,0.0,8.6312,8.6312,8.6326
1002,0.0,0.006,0.006,0.0011,0.0,1.0,0.0,7.9264,0.0,0.0,0.0,0.0,7.9264,7.9264,7.9244
1003,0.0,0.0067,0.0067,0.0012,0.0,1.0,0.0,8.6474,0.0,0.0,0.0,0.0,8.647399999999998,8.647399999999998,8.6448
1004,0.0,0.0064,0.0064,0.0011,0.0,1.0,0.0,8.405,0.0,0.0,0.0,0.0,8.405000000000001,8.405000000000001,8.4008
1005,0.0,0.0067,0.0067,0.0012,0.0,1.0,0.0,8.4795,0.0,0.0,0.0,0.0,8.4795,8.4795,8.4745
1006,0.0,0.0064,0.0064,0.0012,0.0,1.0,0.0,8.2321,0.0,0.0,0.0,0.0,8.232099999999999,8.232099999999999,8.237
1007,0.0,0.0075,0.0075,0.0014,0.0,1.0,0.0,9.306,0.0,0.0,0.0,0.0,9.306000000000001,9.306000000000001,9.3016
1008,0.0,0.0065,0.0065,0.0012,0.0,1.0,0.0,9.2728,0.0,0.0,0.0,0.0,9.272799999999998,9.272799999999998,9.2686
1009,0.0,0.0067,0.0067,0.0012,0.0,1.0,0.0,9.0903,0.0,0.0,0.0,0.0,9.090300000000001,9.090300000000001,9.0907
1010,0.0,0.0064,0.0064,0.0012,0.0,1.0,0.0,8.4083,0.0,0.0,0.0,0.0,8.4083,8.4083,8.4072
1011,0.0,0.0061,0.0061,0.0011,0.0,1.0,0.0,8.4703,0.0,0.0,0.0,0.0,8.4703,8.4703,8.4722
1012,0.0,0.0079,0.0079,0.0014,0.0,1.0,0.0,9.0527,0.0,0.0,0.0,0.0,9.052700000000002,9.052700000000002,9.0568
1013,0.0,0.0061,0.0061,0.0011,0.0,1.0,0.0,8.8309,0.0,0.0,0.0,0.0,8.8309,8.8309,8.8347
1014,0.0,0.0059,0.0059,0.0011,0.0,1.0,0.0,8.1141,0.0,0.0,0.0,0.0,8.1141,8.1141,8.1145
1015,0.0,0.0061,0.0061,0.0011,0.0,1.0,0.0,8.9144,0.0,0.0,0.0,0.0,8.914399999999997,8.914399999999997,8.912
1016,0.0,0.0065,0.0065,0.0012,0.0,1.0,0.0,8.5218,0.0,0.0,0.0,0.0,8.5218,8.5218,8.5228
1017,0.0,0.007,0.007,0.0013,0.0,1.0,0.0,9.1558,0.0,0.0,0.0,0.0,9.1558,9.1558,9.1571
1018,0.0,0.0074,0.0074,0.0013,0.0,1.0,0.0,8.5652,0.0,0.0,0.0,0.0,8.5652,8.5652,8.564
1019,0.0,0.008,0.008,0.0014,0.0,1.0,0.0,9.1753,0.0,0.0,0.0,0.0,9.175299999999998,9.175299999999998,9.1775
1020,0.0,0.007,0.007,0.0013,0.0,1.0,0.0,8.9583,0.0,0.0,0.0,0.0,8.958300000000001,8.958300000000001,8.9554
1021,0.0,0.0072,0.0072,0.0013,0.0,1.0,0.0,8.4433,0.0,0.0,0.0,0.0,8.4433,8.4433,8.4388
1022,0.0,0.007,0.007,0.0013,0.0,1.0,0.0,8.6354,0.0,0.0,0.0,0.0,8.6354,8.6354,8.6341
1023,0.0,0.0069,0.0069,0.0012,0.0,1.0,0.0,8.6619,0.0,0.0,0.0,0.0,8.6619,8.6619,8.6641
1024,0.0,0.0069,0.0069,0.0012,0.0,1.0,0.0,8.6431,0.0,0.0,0.0,0.0,8.643099999999999,8.643099999999999,8.6441
1025,0.0,0.0082,0.0082,0.0015,0.0,1.0,0.0,9.5331,0.0,0.0,0.0,0.0,9.533100000000003,9.533100000000003,9.5333
1026,0.0,0.0065,0.0065,0.0012,0.0,1.0,0.0,8.3838,0.0,0.0,0.0,0.0,8.383799999999999,8.383799999999999,8.3824
1027,0.0,0.0066,0.0066,0.0012,0.0,1.0,0.0,8.558,0.0,0.0,0.0,0.0,8.558,8.558,8.5579
1028,0.0,0.0061,0.0061,0.0011,0.0,1.0,0.0,8.3917,0.0,0.0,0.0,0.0,8.3917,8.3917,8.3874
1029,0.0,0.008,0.008,0.0014,0.0,1.0,0.0,10.0831,0.0,0.0,0.0,0.0,10.083100000000002,10.083100000000002,10.0853
1030,0.0,0.0079,0.0079,0.0014,0.0,1.0,0.0,8.9987,0.0,0.0,0.0,0.0,8.9987,8.9987,8.9973
1031,0.0,0.0058,0.0058,0.001,0.0,1.0,0.0,8.1544,0.0,0.0,0.0,0.0,8.154399999999999,8.154399999999999,8.153
1032,0.0,0.0057,0.0057,0.001,0.0,1.0,0.0,9.1738,0.0,0.0,0.0,0.0,9.1738,9.1738,9.1759
1033,0.0,0.0055,0.0055,0.001,0.0,1.0,0.0,8.6083,0.0,0.0,0.0,0.0,8.608300000000002,8.608300000000002,8.6121
1034,0.0,0.0073,0.0073,0.0013,0.0,1.0,0.0,8.9676,0.0,0.0,0.0,0.0,8.967600000000001,8.967600000000001,8.9698
1035,0.0,0.0072,0.0072,0.0013,0.0,1.0,0.0,9.2573,0.0,0.0,0.0,0.0,9.257299999999999,9.257299999999999,9.2548
1036,0.0,0.0062,0.0062,0.0011,0.0,1.0,0.0,9.312,0.0,0.0,0.0,0.0,9.312,9.312,9.3071
1037,0.0,0.0058,0.0058,0.001,0.0,1.0,0.0,8.8192,0.0,0.0,0.0,0.0,8.819199999999999,8.819199999999999,8.8201
1038,0.0,0.0065,0.0065,0.0012,0.0,1.0,0.0,8.6284,0.0,0.0,0.0,0.0,8.6284,8.6284,8.6264
1039,0.0,0.0068,0.0068,0.0012,0.0,1.0,0.0,8.9816,0.0,0.0,0.0,0.0,8.9816,8.9816,8.9836
1040,0.0,0.0075,0.0075,0.0014,0.0,1.0,0.0,9.2037,0.0,0.0,0.0,0.0,9.203700000000001,9.203700000000001,9.2074
1041,0.0,0.0069,0.0069,0.0012,0.0,1.0,0.0,8.4461,0.0,0.0,0.0,0.0,8.446100000000001,8.446100000000001,8.4414
1042,0.0,0.0061,0.0061,0.0011,0.0,1.0,0.0,8.7854,0.0,0.0,0.0,0.0,8.7854,8.7854,8.7819
1043,0.0,0.0062,0.0062,0.0011,0.0,1.0,0.0,8.9794,0.0,0.0,0.0,0.0,8.9794,8.9794,8.9797
1044,0.0,0.0061,0.0061,0.0011,0.0,1.0,0.0,8.4413,0.0,0.0,0.0,0.0,8.4413,8.4413,8.4447
1045,0.0,0.0063,0.0063,0.0011,0.0,1.0,0.0,8.3123,0.0,0.0,0.0,0.0,8.3123,8.3123,8.3084
1046,0.0,0.0063,0.0063,0.0011,0.0,1.0,0.0,8.5171,0.0,0.0,0.0,0.0,8.5171,8.5171,8.5122
1047,0.0,0.0073,0.0073,0.0013,0.0,1.0,0.0,9.0531,0.0,0.0,0.0,0.0,9.0531,9.0531,9.05
1048,0.0,0.007,0.007,0.0013,0.0,1.0,0.0,8.6141,0.0,0.0,0.0,0.0,8.614099999999999,8.614099999999999,8.6096
1049,0.0,0.0064,0.0064,0.0012,0.0,1.0,0.0,8.4321,0.0,0.0,0.0,0.0,8.4321,8.4321,8.4298
1050,0.0,0.0057,0.0057,0.001,0.0,1.0,0.0,8.6444,0.0,0.0,0.0,0.0,8.6444,8.6444,8.6475
1051,0.0,0.0054,0.0054,0.001,0.0,1.0,0.0,8.4889,0.0,0.0,0.0,0.0,8.488900000000001,8.488900000000001,8.484
1052,0.0,0.0074,0.0074,0.0013,0.0,1.0,0.0,8.6965,0.0,0.0,0.0,0.0,8.696499999999999,8.696499999999999,8.6923
1053,0.0,0.0066,0.0066,0.0012,0.0,1.0,0.0,8.4919,0.0,0.0,0.0,0.0,8.4919,8.4919,8.4956
1054,0.0,0.0042,0.0042,0.0008,0.0,1.0,0.0,7.6762,0.0,0.0,0.0,0.0,7.676199999999999,7.676199999999999,7.678
1055,0.0,0.008,0.008,0.0014,0.0,1.0,0.0,9.0811,0.0,0.0,0.0,0.0,9.081100000000001,9.081100000000001,9.0845
1056,0.0,0.0072,0.0072,0.0013,0.0,1.0,0.0,8.6618,0.0,0.0,0.0,0.0,8.661799999999998,8.661799999999998,8.6636
1057,0.0,0.0059,0.0059,0.0011,0.0,1.0,0.0,8.1204,0.0,0.0,0.0,0.0,8.1204,8.1204,8.1169
1058,0.0,0.0066,0.0066,0.0012,0.0,1.0,0.0,9.1688,0.0,0.0,0.0,0.0,9.168800000000001,9.168800000000001,9.1663
1059,0.0,0.0068,0.0068,0.0012,0.0,1.0,0.0,8.8711,0.0,0.0,0.0,0.0,8.871099999999998,8.871099999999998,8.8687
1060,0.0,0.0073,0.0073,0.0013,0.0,1.0,0.0,8.8803,0.0,0.0,0.0,0.0,8.8803,8.8803,8.8828
1061,0.0,0.0064,0.0064,0.0011,0.0,1.0,0.0,7.8446,0.0,0.0,0.0,0.0,7.844600000000001,7.844600000000001,7.8446
1062,0.0,0.0068,0.0068,0.0012,0.0,1.0,0.0,8.8371,0.0,0.0,0.0,0.0,8.8371,8.8371,8.8366
1063,0.0,0.0063,0.0063,0.0011,0.0,1.0,0.0,8.6538,0.0,0.0,0.0,0.0,8.653799999999999,8.653799999999999,8.6489
1064,0.0,0.0061,0.0061,0.0011,0.0,1.0,0.0,8.4328,0.0,0.0,0.0,0.0,8.4328,8.4328,8.4298
1065,0.0,0.0072,0.0072,0.0013,0.0,1.0,0.0,8.9546,0.0,0.0,0.0,0.0,8.9546,8.9546,8.9524
1066,0.0,0.0056,0.0056,0.001,0.0,1.0,0.0,8.6193,0.0,0.0,0.0,0.0,8.619299999999999,8.619299999999999,8.6148
1067,0.0,0.0073,0.0073,0.0013,0.0,1.0,0.0,9.1209,0.0,0.0,0.0,0.0,9.1209,9.1209,9.1161
1068,0.0,0.0058,0.0058,0.001,0.0,1.0,0.0,7.9198,0.0,0.0,0.0,0.0,7.9198,7.9198,7.9151
1069,0.0,0.0078,0.0078,0.0014,0.0,1.0,0.0,9.0859,0.0,0.0,0.0,0.0,9.085899999999999,9.085899999999999,9.0904
1070,0.0,0.006,0.006,0.0011,0.0,1.0,0.0,8.9302,0.0,0.0,0.0,0.0,8.9302,8.9302,8.9271
1071,0.0,0.0078,0.0078,0.0014,0.0,1.0,0.0,8.999,0.0,0.0,0.0,0.0,8.998999999999999,8.998999999999999,8.9962
1072,0.0,0.0063,0.0063,0.0011,0.0,1.0,0.0,8.3008,0.0,0.0,0.0,0.0,8.3008,8.3008,8.3053
1073,0.0,0.0061,0.0061,0.0011,0.0,1.0,0.0,9.2559,0.0,0.0,0.0,0.0,9.2559,9.2559,9.2542
1074,0.0,0.0066,0.0066,0.0012,0.0,1.0,0.0,9.2138,0.0,0.0,0.0,0.0,9.213799999999999,9.213799999999999,9.218
1075,0.0,0.0073,0.0073,0.0013,0.0,1.0,0.0,9.0841,0.0,0.0,0.0,0.0,9.084100000000001,9.084100000000001,9.0812
1076,0.0,0.0075,0.0075,0.0014,0.0,1.0,0.0,9.4896,0.0,0.0,0.0,0.0,9.489600000000001,9.489600000000001,9.4912
1077,0.0,0.0065,0.0065,0.0012,0.0,1.0,0.0,8.9262,0.0,0.0,0.0,0.0,8.9262,8.9262,8.9268
1078,0.0,0.007,0.007,0.0013,0.0,1.0,0.0,7.8318,0.0,0.0,0.0,0.0,7.8317999999999985,7.8317999999999985,7.8312
1079,0.0,0.006,0.006,0.0011,0.0,1.0,0.0,9.0088,0.0,0.0,0.0,0.0,9.0088,9.0088,9.0117
1080,0.0,0.0059,0.0059,0.0011,0.0,1.0,0.0,7.5955,0.0,0.0,0.0,0.0,7.5954999999999995,7.5954999999999995,7.5962
1081,0.0,0.0063,0.0063,0.0011,0.0,1.0,0.0,7.7989,0.0,0.0,0.0,0.0,7.798899999999999,7.798899999999999,7.8022
1082,0.0,0.0065,0.0065,0.0012,0.0,1.0,0.0,9.3267,0.0,0.0,0.0,0.0,9.326699999999999,9.326699999999999,9.3266
1083,0.0,0.007,0.007,0.0013,0.0,1.0,0.0,8.9926,0.0,0.0,0.0,0.0,8.9926,8.9926,8.9918
1084,0.0,0.0055,0.0055,0.001,0.0,1.0,0.0,8.9508,0.0,0.0,0.0,0.0,8.950800000000001,8.950800000000001,8.954
1085,0.0,0.0076,0.0076,0.0014,0.0,1.0,0.0,9.3849,0.0,0.0,0.0,0.0,9.384900000000002,9.384900000000002,9.3863
1086,0.0,0.0071,0.0071,0.0013,0.0,1.0,0.0,8.2727,0.0,0.0,0.0,0.0,8.2727,8.2727,8.2765
1087,0.0,0.0075,0.0075,0.0013,0.0,1.0,0.0,9.0955,0.0,0.0,0.0,0.0,9.0955,9.0955,9.0995
1088,0.0,0.0065,0.0065,0.0012,0.0,1.0,0.0,8.5567,0.0,0.0,0.0,0.0,8.556700000000001,8.556700000000001,8.5574
1089,0.0,0.0064,0.0064,0.0012,0.0,1.0,0.0,8.813,0.0,0.0,0.0,0.0,8.813,8.813,8.8094
1090,0.0,0.0076,0.0076,0.0014,0.0,1.0,0.0,8.8767,0.0,0.0,0.0,0.0,8.8767,8.8767,8.8762
1091,0.0,0.0066,0.0066,0.0012,0.0,1.0,0.0,8.6396,0.0,0.0,0.0,0.0,8.6396,8.6396,8.637
1092,0.0,0.0071,0.0071,0.0013,0.0,1.0,0.0,9.2436,0.0,0.0,0.0,0.0,9.243599999999999,9.243599999999999,9.2393
1093,0.0,0.0058,0.0058,0.0011,0.0,1.0,0.0,9.0944,0.0,0.0,0.0,0.0,9.094399999999998,9.094399999999998,9.0954
1094,0.0,0.006,0.006,0.0011,0.0,1.0,0.0,8.7377,0.0,0.0,0.0,0.0,8.7377,8.7377,8.7329
1095,0.0,0.0071,0.0071,0.0013,0.0,1.0,0.0,8.9056,0.0,0.0,0.0,0.0,8.905600000000002,8.905600000000002,8.9078
1096,0.0,0.007,0.007,0.0013,0.0,1.0,0.0,8.7546,0.0,0.0,0.0,0.0,8.7546,8.7546,8.7502
1097,0.0,0.0071,0.0071,0.0013,0.0,1.0,0.0,8.076,0.0,0.0,0.0,0.0,8.075999999999999,8.075999999999999,8.0751
1098,0.0,0.006,0.006,0.0011,0.0,1.0,0.0,8.5467,0.0,0.0,0.0,0.0,8.5467,8.5467,8.5498
1099,0.0,0.0063,0.0063,0.0011,0.0,1.0,0.0,8.6824,0.0,0.0,0.0,0.0,8.682400000000003,8.682400000000003,8.6848
1100,0.0,0.0068,0.0068,0.0012,0.0,1.0,0.0,9.0399,0.0,0.0,0.0,0.0,9.0399,9.0399,9.0356
1101,0.0,0.0078,0.0078,0.0014,0.0,1.0,0.0,8.1239,0.0,0.0,0.0,0.0,8.123899999999999,8.123899999999999,8.1242
1102,0.0,0.007,0.007,0.0013,0.0,1.0,0.0,8.8995,0.0,0.0,0.0,0.0,8.8995,8.8995,8.9014
1103,0.0,0.007,0.007,0.0013,0.0,1.0,0.0,9.3643,0.0,0.0,0.0,0.0,9.3643,9.3643,9.3682
1104,0.0,0.0064,0.0064,0.0012,0.0,1.0,0.0,8.9463,0.0,0.0,0.0,0.0,8.946299999999999,8.946299999999999,8.9511
1105,0.0,0.0058,0.0058,0.001,0.0,1.0,0.0,8.7853,0.0,0.0,0.0,0.0,8.7853,8.7853,8.7841
1106,0.0,0.0066,0.0066,0.0012,0.0,1.0,0.0,8.9808,0.0,0.0,0.0,0.0,8.980799999999999,8.980799999999999,8.9847
1107,0.0,0.0073,0.0073,0.0013,0.0,1.0,0.0,8.5086,0.0,0.0,0.0,0.0,8.5086,8.5086,8.5095
1108,0.0,0.0069,0.0069,0.0012,0.0,1.0,0.0,9.1537,0.0,0.0,0.0,0.0,9.153699999999999,9.153699999999999,9.1491
1109,0.0,0.0063,0.0063,0.0011,0.0,1.0,0.0,8.098,0.0,0.0,0.0,0.0,8.098,8.098,8.102
1110,0.0,0.006,0.006,0.0011,0.0,1.0,0.0,8.3667,0.0,0.0,0.0,0.0,8.3667,8.3667,8.3661
1111,0.0,0.0053,0.0053,0.001,0.0,1.0,0.0,8.0928,0.0,0.0,0.0,0.0,8.092799999999999,8.092799999999999,8.088
1112,0.0,0.0066,0.0066,0.0012,0.0,1.0,0.0,9.0031,0.0,0.0,0.0,0.0,9.0031,9.0031,9.003
1113,0.0,0.0081,0.0081,0.0015,0.0,1.0,0.0,9.5393,0.0,0.0,0.0,0.0,9.539299999999999,9.539299999999999,9.538
1114,0.0,0.0074,0.0074,0.0013,0.0,1.0,0.0,9.2298,0.0,0.0,0.0,0.0,9.229800000000001,9.229800000000001,9.2299
1115,0.0,0.0063,0.0063,0.0011,0.0,1.0,0.0,7.8671,0.0,0.0,0.0,0.0,7.867100000000001,7.867100000000001,7.8668
1116,0.0,0.0062,0.0062,0.0011,0.0,1.0,0.0,9.2712,0.0,0.0,0.0,0.0,9.271200000000002,9.271200000000002,9.2685
1117,0.0,0.0068,0.0068,0.0012,0.0,1.0,0.0,9.3603,0.0,0.0,0.0,0.0,9.3603,9.3603,9.3628
1118,0.0,0.0078,0.0078,0.0014,0.0,1.0,0.0,8.7767,0.0,0.0,0.0,0.0,8.776699999999998,8.776699999999998,8.7773
1119,0.0,0.0066,0.0066,0.0012,0.0,1.0,0.0,8.9292,0.0,0.0,0.0,0.0,8.9292,8.9292,8.9302
1120,0.0,0.0061,0.0061,0.0011,0.0,1.0,0.0,8.6547,0.0,0.0,0.0,0.0,8.6547,8.6547,8.6528
1121,0.0,0.007,0.007,0.0013,0.0,1.0,0.0,9.1784,0.0,0.0,0.0,0.0,9.1784,9.1784,9.1749
1122,0.0,0.0067,0.0067,0.0012,0.0,1.0,0.0,9.3174,0.0,0.0,0.0,0.0,9.317400000000001,9.317400000000001,9.3136
1123,0.0,0.0064,0.0064,0.0011,0.0,1.0,0.0,8.6744,0.0,0.0,0.0,0.0,8.674399999999999,8.674399999999999,8.6788
1124,0.0,0.0072,0.0072,0.0013,0.0,1.0,0.0,9.2982,0.0,0.0,0.0,0.0,9.2982,9.2982,9.2936
1125,0.0,0.0078,0.0078,0.0014,0.0,1.0,0.0,9.3676,0.0,0.0,0.0,0.0,9.367599999999998,9.367599999999998,9.3688
1126,0.0,0.0056,0.0056,0.001,0.0,1.0,0.0,8.5499,0.0,0.0,0.0,0.0,8.549900000000001,8.549900000000001,8.5512
1127,0.0,0.0065,0.0065,0.0012,0.0,1.0,0.0,8.5375,0.0,0.0,0.0,0.0,8.537500000000001,8.537500000000001,8.5397
1128,0.0,0.0067,0.0067,0.0012,0.0,1.0,0.0,9.1286,0.0,0.0,0.0,0.0,9.1286,9.1286,9.1239
1129,0.0,0.0066,0.0066,0.0012,0.0,1.0,0.0,9.0992,0.0,0.0,0.0,0.0,9.099200000000002,9.099200000000002,9.0955
1130,0.0,0.0067,0.0067,0.0012,0.0,1.0,0.0,8.8439,0.0,0.0,0.0,0.0,8.8439,8.8439,8.8396
1131,0.0,0.0068,0.0068,0.0012,0.0,1.0,0.0,8.6816,0.0,0.0,0.0,0.0,8.6816,8.6816,8.6838
1132,0.0,0.0071,0.0071,0.0013,0.0,1.0,0.0,8.4734,0.0,0.0,0.0,0.0,8.4734,8.4734,8.4768
1133,0.0,0.0067,0.0067,0.0012,0.0,1.0,0.0,8.4836,0.0,0.0,0.0,0.0,8.483600000000001,8.483600000000001,8.4867
1134,0.0,0.0061,0.0061,0.0011,0.0,1.0,0.0,9.01,0.0,0.0,0.0,0.0,9.010000000000002,9.010000000000002,9.0106
1135,0.0,0.0066,0.0066,0.0012,0.0,1.0,0.0,8.8214,0.0,0.0,0.0,0.0,8.8214,8.8214,8.8214
1136,0.0,0.0068,0.0068,0.0012,0.0,1.0,0.0,9.0073,0.0,0.0,0.0,0.0,9.007300000000003,9.007300000000003,9.0102
1137,0.0,0.0062,0.0062,0.0011,0.0,1.0,0.0,9.2167,0.0,0.0,0.0,0.0,9.2167,9.2167,9.2156
1138,0.0,0.0069,0.0069,0.0012,0.0,1.0,0.0,8.7319,0.0,0.0,0.0,0.0,8.731900000000001,8.731900000000001,8.7369
1139,0.0,0.0067,0.0067,0.0012,0.0,1.0,0.0,8.4877,0.0,0.0,0.0,0.0,8.4877,8.4877,8.4852
1140,0.0,0.0061,0.0061,0.0011,0.0,1.0,0.0,8.5978,0.0,0.0,0.0,0.0,8.597800000000001,8.597800000000001,8.597
1141,0.0,0.0057,0.0057,0.001,0.0,1.0,0.0,9.0447,0.0,0.0,0.0,0.0,9.0447,9.0447,9.0481
1142,0.0,0.006,0.006,0.0011,0.0,1.0,0.0,7.609,0.0,0.0,0.0,0.0,7.609,7.609,7.6059
1143,0.0,0.0061,0.0061,0.0011,0.0,1.0,0.0,8.4937,0.0,0.0,0.0,0.0,8.4937,8.4937,8.4962
1144,0.0,0.0067,0.0067,0.0012,0.0,1.0,0.0,8.8681,0.0,0.0,0.0,0.0,8.868099999999998,8.868099999999998,8.8727
1145,0.0,0.0075,0.0075,0.0013,0.0,1.0,0.0,8.9514,0.0,0.0,0.0,0.0,8.9514,8.9514,8.951
1146,0.0,0.0061,0.0061,0.0011,0.0,1.0,0.0,8.7755,0.0,0.0,0.0,0.0,8.7755,8.7755,8.7719
1147,0.0,0.0054,0.0054,0.001,0.0,1.0,0.0,7.9119,0.0,0.0,0.0,0.0,7.911900000000001,7.911900000000001,7.913
1148,0.0,0.0071,0.0071,0.0013,0.0,1.0,0.0,8.478,0.0,0.0,0.0,0.0,8.478000000000002,8.478000000000002,8.4775
1149,0.0,0.0067,0.0067,0.0012,0.0,1.0,0.0,9.0858,0.0,0.0,0.0,0.0,9.0858,9.0858,9.0892
1150,0.0,0.0072,0.0072,0.0013,0.0,1.0,0.0,8.4558,0.0,0.0,0.0,0.0,8.4558,8.4558,8.4542
1151,0.0,0.0079,0.0079,0.0014,0.0,1.0,0.0,8.9924,0.0,0.0,0.0,0.0,8.9924,8.9924,8.9905
1152,0.0,0.0053,0.0053,0.001,0.0,1.0,0.0,7.8269,0.0,0.0,0.0,0.0,7.8269,7.8269,7.8298
1153,0.0,0.0064,0.0064,0.0012,0.0,1.0,0.0,8.156,0.0,0.0,0.0,0.0,8.156,8.156,8.1591
1154,0.0,0.007,0.007,0.0013,0.0,1.0,0.0,9.5358,0.0,0.0,0.0,0.0,9.5358,9.5358,9.5375
1155,0.0,0.0066,0.0066,0.0012,0.0,1.0,0.0,7.9503,0.0,0.0,0.0,0.0,7.950300000000001,7.950300000000001,7.9484
1156,0.0,0.006,0.006,0.0011,0.0,1.0,0.0,8.6416,0.0,0.0,0.0,0.0,8.6416,8.6416,8.6397
1157,0.0,0.0063,0.0063,0.0011,0.0,1.0,0.0,8.0018,0.0,0.0,0.0,0.0,8.0018,8.0018,7.997
1158,0.0,0.0067,0.0067,0.0012,0.0,1.0,0.0,9.0973,0.0,0.0,0.0,0.0,9.0973,9.0973,9.0981
1159,0.0,0.0061,0.0061,0.0011,0.0,1.0,0.0,8.4236,0.0,0.0,0.0,0.0,8.423600000000002,8.423600000000002,8.4218
1160,0.0,0.0064,0.0064,0.0012,0.0,1.0,0.0,8.3695,0.0,0.0,0.0,0.0,8.3695,8.3695,8.3726
1161,0.0,0.0072,0.0072,0.0013,0.0,1.0,0.0,8.9849,0.0,0.0,0.0,0.0,8.984900000000001,8.984900000000001,8.9821
1162,0.0,0.006,0.006,0.0011,0.0,1.0,0.0,9.3577,0.0,0.0,0.0,0.0,9.3577,9.3577,9.3592
1163,0.0,0.0054,0.0054,0.001,0.0,1.0,0.0,8.3182,0.0,0.0,0.0,0.0,8.3182,8.3182,8.317
1164,0.0,0.0049,0.0049,0.0009,0.0,1.0,0.0,7.3985,0.0,0.0,0.0,0.0,7.398499999999999,7.398499999999999,7.3996
1165,0.0,0.0076,0.0076,0.0014,0.0,1.0,0.0,8.5755,0.0,0.0,0.0,0.0,8.5755,8.5755,8.5741
1166,0.0,0.0058,0.0058,0.001,0.0,1.0,0.0,7.9682,0.0,0.0,0.0,0.0,7.9681999999999995,7.9681999999999995,7.9708
1167,0.0,0.0066,0.0066,0.0012,0.0,1.0,0.0,8.7229,0.0,0.0,0.0,0.0,8.7229,8.7229,8.7203
1168,0.0,0.0063,0.0063,0.0011,0.0,1.0,0.0,8.1449,0.0,0.0,0.0,0.0,8.1449,8.1449,8.1475
1169,0.0,0.0075,0.0075,0.0014,0.0,1.0,0.0,8.7968,0.0,0.0,0.0,0.0,8.7968,8.7968,8.8009
1170,0.0,0.0073,0.0073,0.0013,0.0,1.0,0.0,8.4668,0.0,0.0,0.0,0.0,8.4668,8.4668,8.4671
1171,0.0,0.0067,0.0067,0.0012,0.0,1.0,0.0,8.6226,0.0,0.0,0.0,0.0,8.622600000000002,8.622600000000002,8.6225
1172,0.0,0.0067,0.0067,0.0012,0.0,1.0,0.0,8.8973,0.0,0.0,0.0,0.0,8.897300000000001,8.897300000000001,8.9006
1173,0.0,0.0092,0.0092,0.0017,0.0,1.0,0.0,8.8452,0.0,0.0,0.0,0.0,8.8452,8.8452,8.849
1174,0.0,0.007,0.007,0.0013,0.0,1.0,0.0,8.0759,0.0,0.0,0.0,0.0,8.075899999999999,8.075899999999999,8.0728
1175,0.0,0.0061,0.0061,0.0011,0.0,1.0,0.0,8.6595,0.0,0.0,0.0,0.0,8.6595,8.6595,8.6577
1176,0.0,0.0069,0.0069,0.0012,0.0,1.0,0.0,8.4748,0.0,0.0,0.0,0.0,8.4748,8.4748,8.4746
1177,0.0,0.0078,0.0078,0.0014,0.0,1.0,0.0,8.9492,0.0,0.0,0.0,0.0,8.949199999999998,8.949199999999998,8.9487
1178,0.0,0.0055,0.0055,0.001,0.0,1.0,0.0,7.9925,0.0,0.0,0.0,0.0,7.9925,7.9925,7.9903
1179,0.0,0.0052,0.0052,0.0009,0.0,1.0,0.0,9.0291,0.0,0.0,0.0,0.0,9.0291,9.0291,9.0277
1180,0.0,0.007,0.007,0.0013,0.0,1.0,0.0,8.6284,0.0,0.0,0.0,0.0,8.6284,8.6284,8.6272
1181,0.0,0.0059,0.0059,0.0011,0.0,1.0,0.0,8.5793,0.0,0.0,0.0,0.0,8.5793,8.5793,8.5771
1182,0.0,0.0055,0.0055,0.001,0.0,1.0,0.0,8.0451,0.0,0.0,0.0,0.0,8.0451,8.0451,8.0441
1183,0.0,0.0054,0.0054,0.001,0.0,1.0,0.0,8.5898,0.0,0.0,0.0,0.0,8.5898,8.5898,8.5849
1184,0.0,0.0064,0.0064,0.0011,0.0,1.0,0.0,8.9328,0.0,0.0,0.0,0.0,8.9328,8.9328,8.9318
1185,0.0,0.0072,0.0072,0.0013,0.0,1.0,0.0,8.9178,0.0,0.0,0.0,0.0,8.9178,8.9178,8.9157
1186,0.0,0.0066,0.0066,0.0012,0.0,1.0,0.0,7.7596,0.0,0.0,0.0,0.0,7.759600000000001,7.759600000000001,7.7608
1187,0.0,0.0055,0.0055,0.001,0.0,1.0,0.0,8.6197,0.0,0.0,0.0,0.0,8.619699999999998,8.619699999999998,8.6153
1188,0.0,0.0076,0.0076,0.0014,0.0,1.0,0.0,8.7112,0.0,0.0,0.0,0.0,8.711200000000002,8.711200000000002,8.7118
1189,0.0,0.0064,0.0064,0.0011,0.0,1.0,0.0,7.8861,0.0,0.0,0.0,0.0,7.8861,7.8861,7.8832
1190,0.0,0.0059,0.0059,0.0011,0.0,1.0,0.0,8.7482,0.0,0.0,0.0,0.0,8.748199999999999,8.748199999999999,8.7519
1191,0.0,0.0071,0.0071,0.0013,0.0,1.0,0.0,8.6828,0.0,0.0,0.0,0.0,8.6828,8.6828,8.6786
1192,0.0,0.0072,0.0072,0.0013,0.0,1.0,0.0,7.8451,0.0,0.0,0.0,0.0,7.8451,7.8451,7.8409
1193,0.0,0.0074,0.0074,0.0013,0.0,1.0,0.0,9.1374,0.0,0.0,0.0,0.0,9.137399999999998,9.137399999999998,9.1423
1194,0.0,0.0058,0.0058,0.001,0.0,1.0,0.0,7.7381,0.0,0.0,0.0,0.0,7.7381,7.7381,7.7418
1195,0.0,0.0087,0.0087,0.0016,0.0,1.0,0.0,10.5101,0.0,0.0,0.0,0.0,10.510099999999998,10.510099999999998,10.5094
1196,0.0,0.0073,0.0073,0.0013,0.0,1.0,0.0,9.0497,0.0,0.0,0.0,0.0,9.0497,9.0497,9.0496
1197,0.0,0.0063,0.0063,0.0011,0.0,1.0,0.0,9.243,0.0,0.0,0.0,0.0,9.243,9.243,9.2456
1198,0.0,0.0063,0.0063,0.0011,0.0,1.0,0.0,8.9752,0.0,0.0,0.0,0.0,8.975200000000001,8.975200000000001,8.9721
1199,0.0,0.0066,0.0066,0.0012,0.0,1.0,0.0,8.0543,0.0,0.0,0.0,0.0,8.0543,8.0543,8.0563
1200,0.0,0.0062,0.0062,0.0011,0.0,1.0,0.0,8.7151,0.0,0.0,0.0,0.0,8.7151,8.7151,8.7124
1201,0.0,0.0065,0.0065,0.0012,0.0,1.0,0.0,9.0926,0.0,0.0,0.0,0.0,9.092600000000001,9.092600000000001,9.0955
1202,0.0,0.0064,0.0064,0.0012,0.0,1.0,0.0,8.3273,0.0,0.0,0.0,0.0,8.3273,8.3273,8.3267
1203,0.0,0.0066,0.0066,0.0012,0.0,1.0,0.0,8.3146,0.0,0.0,0.0,0.0,8.3146,8.3146,8.3119
1204,0.0,0.0062,0.0062,0.0011,0.0,1.0,0.0,8.4496,0.0,0.0,0.0,0.0,8.4496,8.4496,8.4452
1205,0.0,0.0072,0.0072,0.0013,0.0,1.0,0.0,9.7283,0.0,0.0,0.0,0.0,9.7283,9.7283,9.7276
1206,0.0,0.0068,0.0068,0.0012,0.0,1.0,0.0,8.7851,0.0,0.0,0.0,0.0,8.7851,8.7851,8.7864
1207,0.0,0.0051,0.0051,0.0009,0.0,1.0,0.0,7.5467,0.0,0.0,0.0,0.0,7.5466999999999995,7.5466999999999995,7.5435
1208,0.0,0.0066,0.0066,0.0012,0.0,1.0,0.0,8.4759,0.0,0.0,0.0,0.0,8.4759,8.4759,8.4775
1209,0.0,0.0057,0.0057,0.001,0.0,1.0,0.0,8.1236,0.0,0.0,0.0,0.0,8.1236,8.1236,8.1272
1210,0.0,0.0073,0.0073,0.0013,0.0,1.0,0.0,8.667,0.0,0.0,0.0,0.0,8.666999999999998,8.666999999999998,8.6717
1211,0.0,0.0068,0.0068,0.0012,0.0,1.0,0.0,9.8766,0.0,0.0,0.0,0.0,9.876600000000002,9.876600000000002,9.8801
1212,0.0,0.0067,0.0067,0.0012,0.0,1.0,0.0,8.6751,0.0,0.0,0.0,0.0,8.6751,8.6751,8.6725
1213,0.0,0.0058,0.0058,0.001,0.0,1.0,0.0,8.193,0.0,0.0,0.0,0.0,8.193,8.193,8.189
1214,0.0,0.0071,0.0071,0.0013,0.0,1.0,0.0,8.1369,0.0,0.0,0.0,0.0,8.1369,8.1369,8.1387
1215,0.0,0.0071,0.0071,0.0013,0.0,1.0,0.0,9.1694,0.0,0.0,0.0,0.0,9.1694,9.1694,9.1706
1216,0.0,0.0065,0.0065,0.0012,0.0,1.0,0.0,8.5444,0.0,0.0,0.0,0.0,8.5444,8.5444,8.5461
1217,0.0,0.0068,0.0068,0.0012,0.0,1.0,0.0,9.549,0.0,0.0,0.0,0.0,9.549,9.549,9.5532
1218,0.0,0.006,0.006,0.0011,0.0,1.0,0.0,8.0891,0.0,0.0,0.0,0.0,8.0891,8.0891,8.0892
1219,0.0,0.0067,0.0067,0.0012,0.0,1.0,0.0,8.9008,0.0,0.0,0.0,0.0,8.9008,8.9008,8.8998
1220,0.0,0.0053,0.0053,0.001,0.0,1.0,0.0,7.5742,0.0,0.0,0.0,0.0,7.5742,7.5742,7.5702
1221,0.0,0.0052,0.0052,0.0009,0.0,1.0,0.0,8.093,0.0,0.0,0.0,0.0,8.093,8.093,8.0975
1222,0.0,0.0069,0.0069,0.0012,0.0,1.0,0.0,7.371,0.0,0.0,0.0,0.0,7.3709999999999996,7.3709999999999996,7.3695
1223,0.0,0.0059,0.0059,0.0011,0.0,1.0,0.0,9.0968,0.0,0.0,0.0,0.0,9.0968,9.0968,9.1004
1224,0.0,0.0064,0.0064,0.0011,0.0,1.0,0.0,8.289,0.0,0.0,0.0,0.0,8.289,8.289,8.2841
1225,0.0,0.0069,0.0069,0.0012,0.0,1.0,0.0,8.6338,0.0,0.0,0.0,0.0,8.633799999999999,8.633799999999999,8.6384
1226,0.0,0.0064,0.0064,0.0012,0.0,1.0,0.0,9.4244,0.0,0.0,0.0,0.0,9.424399999999999,9.424399999999999,9.424
1227,0.0,0.0058,0.0058,0.001,0.0,1.0,0.0,8.9157,0.0,0.0,0.0,0.0,8.915699999999998,8.915699999999998,8.9123
1228,0.0,0.0072,0.0072,0.0013,0.0,1.0,0.0,8.6922,0.0,0.0,0.0,0.0,8.692200000000001,8.692200000000001,8.6948
1229,0.0,0.0052,0.0052,0.0009,0.0,1.0,0.0,8.3971,0.0,0.0,0.0,0.0,8.3971,8.3971,8.3948
1230,0.0,0.0066,0.0066,0.0012,0.0,1.0,0.0,9.6159,0.0,0.0,0.0,0.0,9.615900000000002,9.615900000000002,9.6109
1231,0.0,0.0058,0.0058,0.001,0.0,1.0,0.0,8.4889,0.0,0.0,0.0,0.0,8.4889,8.4889,8.492
1232,0.0,0.0071,0.0071,0.0013,0.0,1.0,0.0,7.8967,0.0,0.0,0.0,0.0,7.896700000000001,7.896700000000001,7.8949
1233,0.0,0.0065,0.0065,0.0012,0.0,1.0,0.0,8.3205,0.0,0.0,0.0,0.0,8.320500000000001,8.320500000000001,8.3238
1234,0.0,0.0062,0.0062,0.0011,0.0,1.0,0.0,7.8809,0.0,0.0,0.0,0.0,7.8809,7.8809,7.879
1235,0.0,0.0071,0.0071,0.0013,0.0,1.0,0.0,9.5164,0.0,0.0,0.0,0.0,9.516399999999999,9.516399999999999,9.5176
1236,0.0,0.0072,0.0072,0.0013,0.0,1.0,0.0,8.6333,0.0,0.0,0.0,0.0,8.633299999999998,8.633299999999998,8.6329
1237,0.0,0.007,0.007,0.0013,0.0,1.0,0.0,8.5451,0.0,0.0,0.0,0.0,8.5451,8.5451,8.5474
1238,0.0,0.0063,0.0063,0.0011,0.0,1.0,0.0,7.9978,0.0,0.0,0.0,0.0,7.997800000000001,7.997800000000001,8.0003
1239,0.0,0.0088,0.0088,0.0016,0.0,1.0,0.0,9.684,0.0,0.0,0.0,0.0,9.684000000000001,9.684000000000001,9.6796
1240,0.0,0.0072,0.0072,0.0013,0.0,1.0,0.0,8.9195,0.0,0.0,0.0,0.0,8.9195,8.9195,8.9195
1241,0.0,0.0073,0.0073,0.0013,0.0,1.0,0.0,8.7016,0.0,0.0,0.0,0.0,8.7016,8.7016,8.7018
1242,0.0,0.0047,0.0047,0.0008,0.0,1.0,0.0,7.9393,0.0,0.0,0.0,0.0,7.9393,7.9393,7.9374
1243,0.0,0.0059,0.0059,0.0011,0.0,1.0,0.0,8.1493,0.0,0.0,0.0,0.0,8.1493,8.1493,8.1515
1244,0.0,0.0063,0.0063,0.0011,0.0,1.0,0.0,9.2936,0.0,0.0,0.0,0.0,9.2936,9.2936,9.2966
1245,0.0,0.0059,0.0059,0.0011,0.0,1.0,0.0,8.1412,0.0,0.0,0.0,0.0,8.1412,8.1412,8.1451
1246,0.0,0.0061,0.0061,0.0011,0.0,1.0,0.0,7.42,0.0,0.0,0.0,0.0,7.42,7.42,7.4243
1247,0.0,0.0054,0.0054,0.001,0.0,1.0,0.0,8.5582,0.0,0.0,0.0,0.0,8.558200000000001,8.558200000000001,8.5545
1248,0.0,0.007,0.007,0.0013,0.0,1.0,0.0,9.2323,0.0,0.0,0.0,0.0,9.232299999999999,9.232299999999999,9.2284
1249,0.0,0.0069,0.0069,0.0012,0.0,1.0,0.0,7.8964,0.0,0.0,0.0,0.0,7.896400000000002,7.896400000000002,7.8947
1250,0.0,0.0063,0.0063,0.0011,0.0,1.0,0.0,8.2903,0.0,0.0,0.0,0.0,8.2903,8.2903,8.2886
1251,0.0,0.0082,0.0082,0.0015,0.0,1.0,0.0,9.8781,0.0,0.0,0.0,0.0,9.8781,9.8781,9.8737
1252,0.0,0.0063,0.0063,0.0011,0.0,1.0,0.0,8.6346,0.0,0.0,0.0,0.0,8.634599999999999,8.634599999999999,8.6359
1253,0.0,0.0068,0.0068,0.0012,0.0,1.0,0.0,8.7605,0.0,0.0,0.0,0.0,8.7605,8.7605,8.7598
1254,0.0,0.007,0.007,0.0013,0.0,1.0,0.0,8.5035,0.0,0.0,0.0,0.0,8.503500000000003,8.503500000000003,8.5043
1255,0.0,0.0056,0.0056,0.001,0.0,1.0,0.0,8.5996,0.0,0.0,0.0,0.0,8.599600000000002,8.599600000000002,8.6017
1256,0.0,0.005,0.005,0.0009,0.0,1.0,0.0,7.8008,0.0,0.0,0.0,0.0,7.800799999999999,7.800799999999999,7.8048
1257,0.0,0.0071,0.0071,0.0013,0.0,1.0,0.0,8.4305,0.0,0.0,0.0,0.0,8.4305,8.4305,8.4292
1258,0.0,0.0061,0.0061,0.0011,0.0,1.0,0.0,8.2159,0.0,0.0,0.0,0.0,8.2159,8.2159,8.2206
1259,0.0,0.0058,0.0058,0.001,0.0,1.0,0.0,8.1722,0.0,0.0,0.0,0.0,8.1722,8.1722,8.1731
1260,0.0,0.0061,0.0061,0.0011,0.0,1.0,0.0,8.132,0.0,0.0,0.0,0.0,8.132,8.132,8.1347
1261,0.0,0.0068,0.0068,0.0012,0.0,1.0,0.0,8.7463,0.0,0.0,0.0,0.0,8.746300000000002,8.746300000000002,8.7457
1262,0.0,0.0062,0.0062,0.0011,0.0,1.0,0.0,8.5676,0.0,0.0,0.0,0.0,8.567599999999999,8.567599999999999,8.5704
1263,0.0,0.0065,0.0065,0.0012,0.0,1.0,0.0,8.3585,0.0,0.0,0.0,0.0,8.3585,8.3585,8.3598
1264,0.0,0.0071,0.0071,0.0013,0.0,1.0,0.0,9.3189,0.0,0.0,0.0,0.0,9.3189,9.3189,9.3211
1265,0.0,0.0077,0.0077,0.0014,0.0,1.0,0.0,9.3194,0.0,0.0,0.0,0.0,9.319399999999998,9.319399999999998,9.3166
1266,0.0,0.0055,0.0055,0.001,0.0,1.0,0.0,8.6527,0.0,0.0,0.0,0.0,8.652700000000001,8.652700000000001,8.6522
1267,0.0,0.0058,0.0058,0.001,0.0,1.0,0.0,8.3285,0.0,0.0,0.0,0.0,8.3285,8.3285,8.3293
1268,0.0,0.0065,0.0065,0.0012,0.0,1.0,0.0,9.0926,0.0,0.0,0.0,0.0,9.092600000000001,9.092600000000001,9.0955
1269,0.0,0.0064,0.0064,0.0011,0.0,1.0,0.0,8.448,0.0,0.0,0.0,0.0,8.447999999999999,8.447999999999999,8.4455
1270,0.0,0.0069,0.0069,0.0012,0.0,1.0,0.0,9.7699,0.0,0.0,0.0,0.0,9.7699,9.7699,9.7692
1271,0.0,0.0069,0.0069,0.0012,0.0,1.0,0.0,8.9624,0.0,0.0,0.0,0.0,8.9624,8.9624,8.9671
1272,0.0,0.0055,0.0055,0.001,0.0,1.0,0.0,8.6151,0.0,0.0,0.0,0.0,8.6151,8.6151,8.6196
1273,0.0,0.0068,0.0068,0.0012,0.0,1.0,0.0,9.1956,0.0,0.0,0.0,0.0,9.195599999999999,9.195599999999999,9.1995
1274,0.0,0.0074,0.0074,0.0013,0.0,1.0,0.0,9.1472,0.0,0.0,0.0,0.0,9.1472,9.1472,9.1512
1275,0.0,0.007,0.007,0.0013,0.0,1.0,0.0,8.382,0.0,0.0,0.0,0.0,8.382000000000001,8.382000000000001,8.3794
1276,0.0,0.0074,0.0074,0.0013,0.0,1.0,0.0,8.839,0.0,0.0,0.0,0.0,8.838999999999999,8.838999999999999,8.8354
1277,0.0,0.0057,0.0057,0.001,0.0,1.0,0.0,7.9091,0.0,0.0,0.0,0.0,7.9091000000000005,7.9091000000000005,7.9119
1278,0.0,0.0071,0.0071,0.0013,0.0,1.0,0.0,8.5119,0.0,0.0,0.0,0.0,8.511899999999999,8.511899999999999,8.5149
1279,0.0,0.0064,0.0064,0.0012,0.0,1.0,0.0,8.2521,0.0,0.0,0.0,0.0,8.252099999999999,8.252099999999999,8.2542
1280,0.0,0.007,0.007,0.0013,0.0,1.0,0.0,7.719,0.0,0.0,0.0,0.0,7.718999999999999,7.718999999999999,7.7203
1281,0.0,0.0064,0.0064,0.0012,0.0,1.0,0.0,7.9425,0.0,0.0,0.0,0.0,7.9425,7.9425,7.9404
1282,0.0,0.0067,0.0067,0.0012,0.0,1.0,0.0,8.6938,0.0,0.0,0.0,0.0,8.6938,8.6938,8.6975
1283,0.0,0.006,0.006,0.0011,0.0,1.0,0.0,8.5492,0.0,0.0,0.0,0.0,8.5492,8.5492,8.5498
1284,0.0,0.007,0.007,0.0013,0.0,1.0,0.0,9.4003,0.0,0.0,0.0,0.0,9.4003,9.4003,9.4048
1285,0.0,0.0066,0.0066,0.0012,0.0,1.0,0.0,8.8611,0.0,0.0,0.0,0.0,8.8611,8.8611,8.86
1286,0.0,0.0078,0.0078,0.0014,0.0,1.0,0.0,9.655,0.0,0.0,0.0,0.0,9.655000000000001,9.655000000000001,9.652
1287,0.0,0.0061,0.0061,0.0011,0.0,1.0,0.0,7.9744,0.0,0.0,0.0,0.0,7.9744,7.9744,7.9774
1288,0.0,0.0089,0.0089,0.0016,0.0,1.0,0.0,9.3286,0.0,0.0,0.0,0.0,9.328599999999998,9.328599999999998,9.327
1289,0.0,0.0067,0.0067,0.0012,0.0,1.0,0.0,8.5381,0.0,0.0,0.0,0.0,8.5381,8.5381,8.5361
1290,0.0,0.0065,0.0065,0.0012,0.0,1.0,0.0,9.5099,0.0,0.0,0.0,0.0,9.509899999999998,9.509899999999998,9.5133
1291,0.0,0.0076,0.0076,0.0014,0.0,1.0,0.0,8.4201,0.0,0.0,0.0,0.0,8.4201,8.4201,8.4199
1292,0.0,0.0065,0.0065,0.0012,0.0,1.0,0.0,8.4996,0.0,0.0,0.0,0.0,8.4996,8.4996,8.4951
1293,0.0,0.0072,0.0072,0.0013,0.0,1.0,0.0,8.5526,0.0,0.0,0.0,0.0,8.5526,8.5526,8.5477
1294,0.0,0.0071,0.0071,0.0013,0.0,1.0,0.0,8.2209,0.0,0.0,0.0,0.0,8.2209,8.2209,8.2232
1295,0.0,0.0075,0.0075,0.0013,0.0,1.0,0.0,9.8119,0.0,0.0,0.0,0.0,9.8119,9.8119,9.816
1296,0.0,0.0062,0.0062,0.0011,0.0,1.0,0.0,8.4508,0.0,0.0,0.0,0.0,8.450800000000001,8.450800000000001,8.4503
1297,0.0,0.0058,0.0058,0.001,0.0,1.0,0.0,8.5996,0.0,0.0,0.0,0.0,8.599599999999999,8.599599999999999,8.5954
1298,0.0,0.0067,0.0067,0.0012,0.0,1.0,0.0,9.2736,0.0,0.0,0.0,0.0,9.273599999999998,9.273599999999998,9.2728
1299,0.0,0.0059,0.0059,0.0011,0.0,1.0,0.0,9.2634,0.0,0.0,0.0,0.0,9.263399999999999,9.263399999999999,9.2625
1300,0.0,0.0067,0.0067,0.0012,0.0,1.0,0.0,9.6906,0.0,0.0,0.0,0.0,9.6906,9.6906,9.6859
1301,0.0,0.0068,0.0068,0.0012,0.0,1.0,0.0,9.1521,0.0,0.0,0.0,0.0,9.152100000000003,9.152100000000003,9.1527
1302,0.0,0.0073,0.0073,0.0013,0.0,1.0,0.0,9.1344,0.0,0.0,0.0,0.0,9.1344,9.1344,9.1329
1303,0.0,0.0056,0.0056,0.001,0.0,1.0,0.0,8.9177,0.0,0.0,0.0,0.0,8.9177,8.9177,8.9166
1304,0.0,0.0071,0.0071,0.0013,0.0,1.0,0.0,8.479,0.0,0.0,0.0,0.0,8.479,8.479,8.4746
1305,0.0,0.0069,0.0069,0.0012,0.0,1.0,0.0,9.3898,0.0,0.0,0.0,0.0,9.389800000000001,9.389800000000001,9.3858
1306,0.0,0.0059,0.0059,0.0011,0.0,1.0,0.0,8.6289,0.0,0.0,0.0,0.0,8.628900000000002,8.628900000000002,8.6303
1307,0.0,0.0064,0.0064,0.0012,0.0,1.0,0.0,7.8143,0.0,0.0,0.0,0.0,7.814299999999999,7.814299999999999,7.8164
1308,0.0,0.0059,0.0059,0.0011,0.0,1.0,0.0,8.5023,0.0,0.0,0.0,0.0,8.502300000000002,8.502300000000002,8.5026
1309,0.0,0.0069,0.0069,0.0012,0.0,1.0,0.0,8.7358,0.0,0.0,0.0,0.0,8.735800000000001,8.735800000000001,8.7407
1310,0.0,0.0056,0.0056,0.001,0.0,1.0,0.0,7.8154,0.0,0.0,0.0,0.0,7.8154,7.8154,7.8203
1311,0.0,0.0056,0.0056,0.001,0.0,1.0,0.0,8.0616,0.0,0.0,0.0,0.0,8.0616,8.0616,8.0629
1312,0.0,0.0069,0.0069,0.0012,0.0,1.0,0.0,8.6292,0.0,0.0,0.0,0.0,8.629199999999999,8.629199999999999,8.6327
1313,0.0,0.0067,0.0067,0.0012,0.0,1.0,0.0,8.3901,0.0,0.0,0.0,0.0,8.3901,8.3901,8.3881
1314,0.0,0.0061,0.0061,0.0011,0.0,1.0,0.0,8.0841,0.0,0.0,0.0,0.0,8.084100000000001,8.084100000000001,8.0847
1315,0.0,0.0071,0.0071,0.0013,0.0,1.0,0.0,8.8372,0.0,0.0,0.0,0.0,8.8372,8.8372,8.8345
1316,0.0,0.0058,0.0058,0.001,0.0,1.0,0.0,8.1762,0.0,0.0,0.0,0.0,8.176200000000001,8.176200000000001,8.1774
1317,0.0,0.0066,0.0066,0.0012,0.0,1.0,0.0,9.3508,0.0,0.0,0.0,0.0,9.3508,9.3508,9.3474
1318,0.0,0.0062,0.0062,0.0011,0.0,1.0,0.0,7.7907,0.0,0.0,0.0,0.0,7.790699999999999,7.790699999999999,7.7857
1319,0.0,0.0076,0.0076,0.0014,0.0,1.0,0.0,8.3729,0.0,0.0,0.0,0.0,8.3729,8.3729,8.375
1320,0.0,0.0076,0.0076,0.0014,0.0,1.0,0.0,7.8967,0.0,0.0,0.0,0.0,7.8967,7.8967,7.9008
1321,0.0,0.0057,0.0057,0.001,0.0,1.0,0.0,8.7183,0.0,0.0,0.0,0.0,8.7183,8.7183,8.7167
1322,0.0,0.0063,0.0063,0.0011,0.0,1.0,0.0,9.2155,0.0,0.0,0.0,0.0,9.2155,9.2155,9.2199
1323,0.0,0.0067,0.0067,0.0012,0.0,1.0,0.0,8.0905,0.0,0.0,0.0,0.0,8.090499999999999,8.090499999999999,8.0923
1324,0.0,0.0075,0.0075,0.0014,0.0,1.0,0.0,8.9302,0.0,0.0,0.0,0.0,8.930200000000001,8.930200000000001,8.933
1325,0.0,0.0064,0.0064,0.0012,0.0,1.0,0.0,8.4779,0.0,0.0,0.0,0.0,8.4779,8.4779,8.4819
1326,0.0,0.0062,0.0062,0.0011,0.0,1.0,0.0,8.1644,0.0,0.0,0.0,0.0,8.1644,8.1644,8.169
1327,0.0,0.0073,0.0073,0.0013,0.0,1.0,0.0,8.4545,0.0,0.0,0.0,0.0,8.4545,8.4545,8.4525
1328,0.0,0.0072,0.0072,0.0013,0.0,1.0,0.0,9.0644,0.0,0.0,0.0,0.0,9.0644,9.0644,9.0605
1329,0.0,0.0076,0.0076,0.0014,0.0,1.0,0.0,9.0934,0.0,0.0,0.0,0.0,9.0934,9.0934,9.094
1330,0.0,0.0061,0.0061,0.0011,0.0,1.0,0.0,8.8016,0.0,0.0,0.0,0.0,8.8016,8.8016,8.8013
1331,0.0,0.0059,0.0059,0.0011,0.0,1.0,0.0,8.2231,0.0,0.0,0.0,0.0,8.223099999999999,8.223099999999999,8.2188
1332,0.0,0.0065,0.0065,0.0012,0.0,1.0,0.0,8.692,0.0,0.0,0.0,0.0,8.691999999999998,8.691999999999998,8.6892
1333,0.0,0.007,0.007,0.0013,0.0,1.0,0.0,8.5946,0.0,0.0,0.0,0.0,8.594600000000002,8.594600000000002,8.5942
1334,0.0,0.0067,0.0067,0.0012,0.0,1.0,0.0,8.1365,0.0,0.0,0.0,0.0,8.136500000000002,8.136500000000002,8.1376
1335,0.0,0.0057,0.0057,0.001,0.0,1.0,0.0,7.8297,0.0,0.0,0.0,0.0,7.8297,7.8297,7.8331
1336,0.0,0.0069,0.0069,0.0012,0.0,1.0,0.0,7.777,0.0,0.0,0.0,0.0,7.777000000000001,7.777000000000001,7.7775
1337,0.0,0.0071,0.0071,0.0013,0.0,1.0,0.0,9.8565,0.0,0.0,0.0,0.0,9.8565,9.8565,9.8607
1338,0.0,0.0061,0.0061,0.0011,0.0,1.0,0.0,8.3726,0.0,0.0,0.0,0.0,8.3726,8.3726,8.3726
1339,0.0,0.0063,0.0063,0.0011,0.0,1.0,0.0,8.9773,0.0,0.0,0.0,0.0,8.977300000000001,8.977300000000001,8.9769
1340,0.0,0.0074,0.0074,0.0013,0.0,1.0,0.0,8.5747,0.0,0.0,0.0,0.0,8.5747,8.5747,8.5729
1341,0.0,0.0057,0.0057,0.001,0.0,1.0,0.0,7.9173,0.0,0.0,0.0,0.0,7.917299999999999,7.917299999999999,7.9177
1342,0.0,0.0054,0.0054,0.001,0.0,1.0,0.0,7.9772,0.0,0.0,0.0,0.0,7.9772,7.9772,7.9771
1343,0.0,0.0066,0.0066,0.0012,0.0,1.0,0.0,9.1744,0.0,0.0,0.0,0.0,9.1744,9.1744,9.1773
1344,0.0,0.0058,0.0058,0.0011,0.0,1.0,0.0,8.0008,0.0,0.0,0.0,0.0,8.0008,8.0008,7.9998
1345,0.0,0.0072,0.0072,0.0013,0.0,1.0,0.0,9.403,0.0,0.0,0.0,0.0,9.403000000000002,9.403000000000002,9.4058
1346,0.0,0.0054,0.0054,0.001,0.0,1.0,0.0,7.751,0.0,0.0,0.0,0.0,7.7509999999999994,7.7509999999999994,7.7537
1347,0.0,0.007,0.007,0.0013,0.0,1.0,0.0,8.4362,0.0,0.0,0.0,0.0,8.4362,8.4362,8.4345
1348,0.0,0.0067,0.0067,0.0012,0.0,1.0,0.0,8.2748,0.0,0.0,0.0,0.0,8.2748,8.2748,8.2709
1349,0.0,0.0066,0.0066,0.0012,0.0,1.0,0.0,8.5931,0.0,0.0,0.0,0.0,8.5931,8.5931,8.593
1350,0.0,0.0063,0.0063,0.0011,0.0,1.0,0.0,9.34,0.0,0.0,0.0,0.0,9.340000000000002,9.340000000000002,9.3373
1351,0.0,0.0049,0.0049,0.0009,0.0,1.0,0.0,8.0282,0.0,0.0,0.0,0.0,8.0282,8.0282,8.0233
1352,0.0,0.0058,0.0058,0.001,0.0,1.0,0.0,7.9697,0.0,0.0,0.0,0.0,7.9697,7.9697,7.9696
1353,0.0,0.0074,0.0074,0.0013,0.0,1.0,0.0,9.3374,0.0,0.0,0.0,0.0,9.337399999999999,9.337399999999999,9.3411
1354,0.0,0.0067,0.0067,0.0012,0.0,1.0,0.0,8.9251,0.0,0.0,0.0,0.0,8.925099999999999,8.925099999999999,8.9253
1355,0.0,0.006,0.006,0.0011,0.0,1.0,0.0,7.7505,0.0,0.0,0.0,0.0,7.750500000000001,7.750500000000001,7.7503
1356,0.0,0.0074,0.0074,0.0013,0.0,1.0,0.0,9.1333,0.0,0.0,0.0,0.0,9.133299999999998,9.133299999999998,9.1346
1357,0.0,0.007,0.007,0.0013,0.0,1.0,0.0,8.8194,0.0,0.0,0.0,0.0,8.819399999999998,8.819399999999998,8.8206
1358,0.0,0.006,0.006,0.0011,0.0,1.0,0.0,8.6978,0.0,0.0,0.0,0.0,8.697799999999999,8.697799999999999,8.7019
1359,0.0,0.0073,0.0073,0.0013,0.0,1.0,0.0,9.5842,0.0,0.0,0.0,0.0,9.5842,9.5842,9.5846
1360,0.0,0.0059,0.0059,0.0011,0.0,1.0,0.0,8.0665,0.0,0.0,0.0,0.0,8.0665,8.0665,8.0632
1361,0.0,0.0056,0.0056,0.001,0.0,1.0,0.0,8.6396,0.0,0.0,0.0,0.0,8.639599999999998,8.639599999999998,8.6401
1362,0.0,0.0058,0.0058,0.001,0.0,1.0,0.0,8.5411,0.0,0.0,0.0,0.0,8.5411,8.5411,8.5438
1363,0.0,0.0085,0.0085,0.0015,0.0,1.0,0.0,9.1675,0.0,0.0,0.0,0.0,9.167499999999999,9.167499999999999,9.1701
1364,0.0,0.0067,0.0067,0.0012,0.0,1.0,0.0,7.7359,0.0,0.0,0.0,0.0,7.7359,7.7359,7.7379
1365,0.0,0.0055,0.0055,0.001,0.0,1.0,0.0,7.8493,0.0,0.0,0.0,0.0,7.8493,7.8493,7.8498
1366,0.0,0.0076,0.0076,0.0014,0.0,1.0,0.0,8.7962,0.0,0.0,0.0,0.0,8.796199999999999,8.796199999999999,8.7933
1367,0.0,0.0077,0.0077,0.0014,0.0,1.0,0.0,8.8615,0.0,0.0,0.0,0.0,8.8615,8.8615,8.863
1368,0.0,0.0073,0.0073,0.0013,0.0,1.0,0.0,8.4179,0.0,0.0,0.0,0.0,8.4179,8.4179,8.4212
1369,0.0,0.0057,0.0057,0.001,0.0,1.0,0.0,8.6003,0.0,0.0,0.0,0.0,8.6003,8.6003,8.6027
1370,0.0,0.0068,0.0068,0.0012,0.0,1.0,0.0,8.5711,0.0,0.0,0.0,0.0,8.5711,8.5711,8.5709
1371,0.0,0.0069,0.0069,0.0012,0.0,1.0,0.0,8.0571,0.0,0.0,0.0,0.0,8.0571,8.0571,8.0527
1372,0.0,0.0056,0.0056,0.001,0.0,1.0,0.0,8.5943,0.0,0.0,0.0,0.0,8.5943,8.5943,8.5981
1373,0.0,0.0069,0.0069,0.0012,0.0,1.0,0.0,9.2897,0.0,0.0,0.0,0.0,9.289699999999998,9.289699999999998,9.2884
1374,0.0,0.0068,0.0068,0.0012,0.0,1.0,0.0,8.634,0.0,0.0,0.0,0.0,8.634,8.634,8.6297
1375,0.0,0.0071,0.0071,0.0013,0.0,1.0,0.0,8.923,0.0,0.0,0.0,0.0,8.923000000000002,8.923000000000002,8.9183
1376,0.0,0.0064,0.0064,0.0012,0.0,1.0,0.0,8.4308,0.0,0.0,0.0,0.0,8.4308,8.4308,8.4311
1377,0.0,0.0061,0.0061,0.0011,0.0,1.0,0.0,8.0308,0.0,0.0,0.0,0.0,8.030800000000001,8.030800000000001,8.0305
1378,0.0,0.0069,0.0069,0.0012,0.0,1.0,0.0,9.7345,0.0,0.0,0.0,0.0,9.734499999999999,9.734499999999999,9.7373
1379,0.0,0.0066,0.0066,0.0012,0.0,1.0,0.0,8.5534,0.0,0.0,0.0,0.0,8.5534,8.5534,8.5494
1380,0.0,0.0049,0.0049,0.0009,0.0,1.0,0.0,7.5387,0.0,0.0,0.0,0.0,7.5386999999999995,7.5386999999999995,7.5351
1381,0.0,0.0077,0.0077,0.0014,0.0,1.0,0.0,8.9281,0.0,0.0,0.0,0.0,8.928099999999999,8.928099999999999,8.9314
1382,0.0,0.0064,0.0064,0.0012,0.0,1.0,0.0,8.4364,0.0,0.0,0.0,0.0,8.436399999999999,8.436399999999999,8.4341
1383,0.0,0.0061,0.0061,0.0011,0.0,1.0,0.0,8.6229,0.0,0.0,0.0,0.0,8.6229,8.6229,8.6277
1384,0.0,0.0048,0.0048,0.0009,0.0,1.0,0.0,7.7419,0.0,0.0,0.0,0.0,7.7419,7.7419,7.7419
1385,0.0,0.0067,0.0067,0.0012,0.0,1.0,0.0,8.3824,0.0,0.0,0.0,0.0,8.382399999999999,8.382399999999999,8.3808
1386,0.0,0.005,0.005,0.0009,0.0,1.0,0.0,7.743,0.0,0.0,0.0,0.0,7.743,7.743,7.7386
1387,0.0,0.0054,0.0054,0.001,0.0,1.0,0.0,8.2567,0.0,0.0,0.0,0.0,8.256699999999999,8.256699999999999,8.2532
1388,0.0,0.0061,0.0061,0.0011,0.0,1.0,0.0,8.4199,0.0,0.0,0.0,0.0,8.4199,8.4199,8.4207
1389,0.0,0.0059,0.0059,0.0011,0.0,1.0,0.0,8.2187,0.0,0.0,0.0,0.0,8.218700000000002,8.218700000000002,8.2203
1390,0.0,0.006,0.006,0.0011,0.0,1.0,0.0,7.3991,0.0,0.0,0.0,0.0,7.399099999999999,7.399099999999999,7.404
1391,0.0,0.0068,0.0068,0.0012,0.0,1.0,0.0,9.1866,0.0,0.0,0.0,0.0,9.1866,9.1866,9.1855
1392,0.0,0.007,0.007,0.0013,0.0,1.0,0.0,9.0074,0.0,0.0,0.0,0.0,9.0074,9.0074,9.0056
1393,0.0,0.0067,0.0067,0.0012,0.0,1.0,0.0,7.7365,0.0,0.0,0.0,0.0,7.7364999999999995,7.7364999999999995,7.7403
1394,0.0,0.0051,0.0051,0.0009,0.0,1.0,0.0,8.204,0.0,0.0,0.0,0.0,8.204,8.204,8.2
1395,0.0,0.0055,0.0055,0.001,0.0,1.0,0.0,7.8325,0.0,0.0,0.0,0.0,7.8325000000000005,7.8325000000000005,7.8315
1396,0.0,0.0049,0.0049,0.0009,0.0,1.0,0.0,8.3776,0.0,0.0,0.0,0.0,8.377600000000001,8.377600000000001,8.3774
1397,0.0,0.0077,0.0077,0.0014,0.0,1.0,0.0,8.4813,0.0,0.0,0.0,0.0,8.4813,8.4813,8.4791
1398,0.0,0.0064,0.0064,0.0011,0.0,1.0,0.0,8.6958,0.0,0.0,0.0,0.0,8.6958,8.6958,8.6932
1399,0.0,0.0067,0.0067,0.0012,0.0,1.0,0.0,8.9615,0.0,0.0,0.0,0.0,8.9615,8.9615,8.9589
1400,0.0,0.0083,0.0083,0.0015,0.0,1.0,0.0,9.721,0.0,0.0,0.0,0.0,9.721000000000002,9.721000000000002,9.7258
1401,0.0,0.0064,0.0064,0.0011,0.0,1.0,0.0,8.7582,0.0,0.0,0.0,0.0,8.7582,8.7582,8.7608
1402,0.0,0.008,0.008,0.0014,0.0,1.0,0.0,9.3436,0.0,0.0,0.0,0.0,9.3436,9.3436,9.3426
1403,0.0,0.0049,0.0049,0.0009,0.0,1.0,0.0,8.0787,0.0,0.0,0.0,0.0,8.0787,8.0787,8.0779
1404,0.0,0.0075,0.0075,0.0014,0.0,1.0,0.0,8.9481,0.0,0.0,0.0,0.0,8.9481,8.9481,8.9515
1405,0.0,0.0075,0.0075,0.0014,0.0,1.0,0.0,9.2087,0.0,0.0,0.0,0.0,9.2087,9.2087,9.2106
1406,0.0,0.0054,0.0054,0.001,0.0,1.0,0.0,8.6177,0.0,0.0,0.0,0.0,8.6177,8.6177,8.6198
1407,0.0,0.0057,0.0057,0.001,0.0,1.0,0.0,8.7457,0.0,0.0,0.0,0.0,8.745700000000001,8.745700000000001,8.7494
1408,0.0,0.0069,0.0069,0.0012,0.0,1.0,0.0,8.1579,0.0,0.0,0.0,0.0,8.1579,8.1579,8.1534
1409,0.0,0.0073,0.0073,0.0013,0.0,1.0,0.0,9.5065,0.0,0.0,0.0,0.0,9.506499999999999,9.506499999999999,9.5033
1410,0.0,0.0056,0.0056,0.001,0.0,1.0,0.0,8.8076,0.0,0.0,0.0,0.0,8.807599999999999,8.807599999999999,8.8076
1411,0.0,0.0059,0.0059,0.0011,0.0,1.0,0.0,8.0475,0.0,0.0,0.0,0.0,8.0475,8.0475,8.0431
1412,0.0,0.0072,0.0072,0.0013,0.0,1.0,0.0,9.2256,0.0,0.0,0.0,0.0,9.2256,9.2256,9.2254
1413,0.0,0.0066,0.0066,0.0012,0.0,1.0,0.0,8.4042,0.0,0.0,0.0,0.0,8.404200000000001,8.404200000000001,8.406
1414,0.0,0.0073,0.0073,0.0013,0.0,1.0,0.0,9.4139,0.0,0.0,0.0,0.0,9.4139,9.4139,9.4099
1415,0.0,0.0064,0.0064,0.0012,0.0,1.0,0.0,8.9228,0.0,0.0,0.0,0.0,8.922799999999999,8.922799999999999,8.9207
1416,0.0,0.0067,0.0067,0.0012,0.0,1.0,0.0,8.8597,0.0,0.0,0.0,0.0,8.859699999999998,8.859699999999998,8.8573
1417,0.0,0.0063,0.0063,0.0011,0.0,1.0,0.0,9.2242,0.0,0.0,0.0,0.0,9.2242,9.2242,9.2216
1418,0.0,0.0066,0.0066,0.0012,0.0,1.0,0.0,8.3012,0.0,0.0,0.0,0.0,8.3012,8.3012,8.3052
1419,0.0,0.0059,0.0059,0.0011,0.0,1.0,0.0,7.9491,0.0,0.0,0.0,0.0,7.9491000000000005,7.9491000000000005,7.948
1420,0.0,0.0074,0.0074,0.0013,0.0,1.0,0.0,8.5665,0.0,0.0,0.0,0.0,8.5665,8.5665,8.57
1421,0.0,0.0069,0.0069,0.0012,0.0,1.0,0.0,8.7927,0.0,0.0,0.0,0.0,8.792699999999998,8.792699999999998,8.7937
1422,0.0,0.0062,0.0062,0.0011,0.0,1.0,0.0,8.143,0.0,0.0,0.0,0.0,8.142999999999999,8.142999999999999,8.1464
1423,0.0,0.0067,0.0067,0.0012,0.0,1.0,0.0,8.6762,0.0,0.0,0.0,0.0,8.676200000000001,8.676200000000001,8.6804
1424,0.0,0.0066,0.0066,0.0012,0.0,1.0,0.0,7.9701,0.0,0.0,0.0,0.0,7.970099999999999,7.970099999999999,7.9697
1425,0.0,0.0051,0.0051,0.0009,0.0,1.0,0.0,8.4521,0.0,0.0,0.0,0.0,8.4521,8.4521,8.4534
1426,0.0,0.0061,0.0061,0.0011,0.0,1.0,0.0,8.1525,0.0,0.0,0.0,0.0,8.1525,8.1525,8.1481
1427,0.0,0.0056,0.0056,0.001,0.0,1.0,0.0,9.2691,0.0,0.0,0.0,0.0,9.2691,9.2691,9.2666
1428,0.0,0.0076,0.0076,0.0014,0.0,1.0,0.0,8.6537,0.0,0.0,0.0,0.0,8.6537,8.6537,8.6526
1429,0.0,0.0056,0.0056,0.001,0.0,1.0,0.0,8.121,0.0,0.0,0.0,0.0,8.120999999999999,8.120999999999999,8.1224
1430,0.0,0.0064,0.0064,0.0012,0.0,1.0,0.0,8.5084,0.0,0.0,0.0,0.0,8.508399999999998,8.508399999999998,8.5105
1431,0.0,0.0077,0.0077,0.0014,0.0,1.0,0.0,8.6611,0.0,0.0,0.0,0.0,8.661100000000001,8.661100000000001,8.6572
1432,0.0,0.0066,0.0066,0.0012,0.0,1.0,0.0,8.1066,0.0,0.0,0.0,0.0,8.106599999999998,8.106599999999998,8.1027
1433,0.0,0.0086,0.0086,0.0015,0.0,1.0,0.0,9.1536,0.0,0.0,0.0,0.0,9.153599999999999,9.153599999999999,9.158
1434,0.0,0.0068,0.0068,0.0012,0.0,1.0,0.0,8.8828,0.0,0.0,0.0,0.0,8.8828,8.8828,8.8811
1435,0.0,0.0062,0.0062,0.0011,0.0,1.0,0.0,8.2652,0.0,0.0,0.0,0.0,8.2652,8.2652,8.261
1436,0.0,0.0067,0.0067,0.0012,0.0,1.0,0.0,8.3144,0.0,0.0,0.0,0.0,8.314400000000001,8.314400000000001,8.3159
1437,0.0,0.0074,0.0074,0.0013,0.0,1.0,0.0,9.1247,0.0,0.0,0.0,0.0,9.124699999999999,9.124699999999999,9.1247
1438,0.0,0.0059,0.0059,0.0011,0.0,1.0,0.0,9.0909,0.0,0.0,0.0,0.0,9.0909,9.0909,9.0912
1439,0.0,0.006,0.006,0.0011,0.0,1.0,0.0,8.2172,0.0,0.0,0.0,0.0,8.2172,8.2172,8.2175
1440,0.0,0.0064,0.0064,0.0012,0.0,1.0,0.0,8.6224,0.0,0.0,0.0,0.0,8.622399999999999,8.622399999999999,8.6264
1441,0.0,0.0072,0.0072,0.0013,0.0,1.0,0.0,8.4477,0.0,0.0,0.0,0.0,8.447700000000001,8.447700000000001,8.4445
1442,0.0,0.0064,0.0064,0.0011,0.0,1.0,0.0,8.9993,0.0,0.0,0.0,0.0,8.9993,8.9993,9.0031
1443,0.0,0.0066,0.0066,0.0012,0.0,1.0,0.0,9.0148,0.0,0.0,0.0,0.0,9.014800000000001,9.014800000000001,9.0193
1444,0.0,0.0069,0.0069,0.0012,0.0,1.0,0.0,8.2974,0.0,0.0,0.0,0.0,8.2974,8.2974,8.3013
1445,0.0,0.0055,0.0055,0.001,0.0,1.0,0.0,8.1833,0.0,0.0,0.0,0.0,8.1833,8.1833,8.1809
1446,0.0,0.0062,0.0062,0.0011,0.0,1.0,0.0,8.3383,0.0,0.0,0.0,0.0,8.3383,8.3383,8.3351
1447,0.0,0.0074,0.0074,0.0013,0.0,1.0,0.0,8.7134,0.0,0.0,0.0,0.0,8.713399999999998,8.713399999999998,8.7122
1448,0.0,0.0065,0.0065,0.0012,0.0,1.0,0.0,8.3779,0.0,0.0,0.0,0.0,8.3779,8.3779,8.3731
1449,0.0,0.0069,0.0069,0.0012,0.0,1.0,0.0,8.7483,0.0,0.0,0.0,0.0,8.748299999999999,8.748299999999999,8.7449
1450,0.0,0.0057,0.0057,0.001,0.0,1.0,0.0,7.9399,0.0,0.0,0.0,0.0,7.9399,7.9399,7.9416
1451,0.0,0.0065,0.0065,0.0012,0.0,1.0,0.0,7.3171,0.0,0.0,0.0,0.0,7.317100000000001,7.317100000000001,7.3181
1452,0.0,0.0074,0.0074,0.0013,0.0,1.0,0.0,8.7048,0.0,0.0,0.0,0.0,8.7048,8.7048,8.7031
1453,0.0,0.0062,0.0062,0.0011,0.0,1.0,0.0,8.1582,0.0,0.0,0.0,0.0,8.158199999999999,8.158199999999999,8.1557
1454,0.0,0.0061,0.0061,0.0011,0.0,1.0,0.0,8.7083,0.0,0.0,0.0,0.0,8.7083,8.7083,8.7042
1455,0.0,0.0081,0.0081,0.0015,0.0,1.0,0.0,8.9338,0.0,0.0,0.0,0.0,8.9338,8.9338,8.9317
1456,0.0,0.0057,0.0057,0.001,0.0,1.0,0.0,8.506,0.0,0.0,0.0,0.0,8.506,8.506,8.502
1457,0.0,0.0067,0.0067,0.0012,0.0,1.0,0.0,9.2647,0.0,0.0,0.0,0.0,9.2647,9.2647,9.2687
1458,0.0,0.0064,0.0064,0.0011,0.0,1.0,0.0,7.5761,0.0,0.0,0.0,0.0,7.576099999999999,7.576099999999999,7.5721
1459,0.0,0.0057,0.0057,0.001,0.0,1.0,0.0,8.3017,0.0,0.0,0.0,0.0,8.3017,8.3017,8.3026
1460,0.0,0.0061,0.0061,0.0011,0.0,1.0,0.0,8.21,0.0,0.0,0.0,0.0,8.21,8.21,8.208
1461,0.0,0.0055,0.0055,0.001,0.0,1.0,0.0,8.0606,0.0,0.0,0.0,0.0,8.0606,8.0606,8.0655
1462,0.0,0.0055,0.0055,0.001,0.0,1.0,0.0,8.8898,0.0,0.0,0.0,0.0,8.889800000000001,8.889800000000001,8.887
1463,0.0,0.0071,0.0071,0.0013,0.0,1.0,0.0,8.701,0.0,0.0,0.0,0.0,8.700999999999999,8.700999999999999,8.7044
1464,0.0,0.0054,0.0054,0.001,0.0,1.0,0.0,8.3642,0.0,0.0,0.0,0.0,8.3642,8.3642,8.3595
1465,0.0,0.0073,0.0073,0.0013,0.0,1.0,0.0,9.3553,0.0,0.0,0.0,0.0,9.355300000000002,9.355300000000002,9.3524
1466,0.0,0.0074,0.0074,0.0013,0.0,1.0,0.0,9.0563,0.0,0.0,0.0,0.0,9.0563,9.0563,9.0602
1467,0.0,0.006,0.006,0.0011,0.0,1.0,0.0,8.1279,0.0,0.0,0.0,0.0,8.1279,8.1279,8.1294
1468,0.0,0.0067,0.0067,0.0012,0.0,1.0,0.0,8.4746,0.0,0.0,0.0,0.0,8.4746,8.4746,8.4706
1469,0.0,0.0075,0.0075,0.0013,0.0,1.0,0.0,8.9653,0.0,0.0,0.0,0.0,8.965300000000001,8.965300000000001,8.9692
1470,0.0,0.007,0.007,0.0013,0.0,1.0,0.0,8.8527,0.0,0.0,0.0,0.0,8.8527,8.8527,8.8542
1471,0.0,0.0055,0.0055,0.001,0.0,1.0,0.0,7.7015,0.0,0.0,0.0,0.0,7.7015,7.7015,7.7013
1472,0.0,0.0061,0.0061,0.0011,0.0,1.0,0.0,8.7581,0.0,0.0,0.0,0.0,8.758100000000002,8.758100000000002,8.7599
1473,0.0,0.0077,0.0077,0.0014,0.0,1.0,0.0,9.105,0.0,0.0,0.0,0.0,9.104999999999999,9.104999999999999,9.1072
1474,0.0,0.0059,0.0059,0.0011,0.0,1.0,0.0,8.3341,0.0,0.0,0.0,0.0,8.334100000000001,8.334100000000001,8.3351
1475,0.0,0.0065,0.0065,0.0012,0.0,1.0,0.0,9.244,0.0,0.0,0.0,0.0,9.244,9.244,9.2418
1476,0.0,0.0057,0.0057,0.001,0.0,1.0,0.0,7.6264,0.0,0.0,0.0,0.0,7.626400000000001,7.626400000000001,7.6247
1477,0.0,0.0063,0.0063,0.0011,0.0,1.0,0.0,8.0323,0.0,0.0,0.0,0.0,8.032300000000001,8.032300000000001,8.0349
1478,0.0,0.0055,0.0055,0.001,0.0,1.0,0.0,8.3356,0.0,0.0,0.0,0.0,8.3356,8.3356,8.333
1479,0.0,0.0059,0.0059,0.0011,0.0,1.0,0.0,8.11,0.0,0.0,0.0,0.0,8.11,8.11,8.1081
1480,0.0,0.0055,0.0055,0.001,0.0,1.0,0.0,8.2647,0.0,0.0,0.0,0.0,8.2647,8.2647,8.2619
1481,0.0,0.0065,0.0065,0.0012,0.0,1.0,0.0,8.486,0.0,0.0,0.0,0.0,8.486,8.486,8.4903
1482,0.0,0.0059,0.0059,0.0011,0.0,1.0,0.0,8.3656,0.0,0.0,0.0,0.0,8.3656,8.3656,8.3658
1483,0.0,0.0062,0.0062,0.0011,0.0,1.0,0.0,8.6931,0.0,0.0,0.0,0.0,8.693100000000001,8.693100000000001,8.6917
1484,0.0,0.0058,0.0058,0.001,0.0,1.0,0.0,8.1519,0.0,0.0,0.0,0.0,8.1519,8.1519,8.1493
1485,0.0,0.0081,0.0081,0.0015,0.0,1.0,0.0,8.8175,0.0,0.0,0.0,0.0,8.817499999999999,8.817499999999999,8.8208
1486,0.0,0.0075,0.0075,0.0014,0.0,1.0,0.0,9.2653,0.0,0.0,0.0,0.0,9.265300000000002,9.265300000000002,9.2614
1487,0.0,0.0067,0.0067,0.0012,0.0,1.0,0.0,8.6968,0.0,0.0,0.0,0.0,8.696799999999998,8.696799999999998,8.7005
1488,0.0,0.0077,0.0077,0.0014,0.0,1.0,0.0,9.2059,0.0,0.0,0.0,0.0,9.205900000000002,9.205900000000002,9.2096
1489,0.0,0.0059,0.0059,0.0011,0.0,1.0,0.0,9.1362,0.0,0.0,0.0,0.0,9.1362,9.1362,9.1324
1490,0.0,0.0056,0.0056,0.001,0.0,1.0,0.0,8.8291,0.0,0.0,0.0,0.0,8.8291,8.8291,8.8287
1491,0.0,0.0072,0.0072,0.0013,0.0,1.0,0.0,8.7428,0.0,0.0,0.0,0.0,8.742799999999997,8.742799999999997,8.7395
1492,0.0,0.0056,0.0056,0.001,0.0,1.0,0.0,8.0609,0.0,0.0,0.0,0.0,8.0609,8.0609,8.0602
1493,0.0,0.0065,0.0065,0.0012,0.0,1.0,0.0,8.7159,0.0,0.0,0.0,0.0,8.7159,8.7159,8.7188
1494,0.0,0.0072,0.0072,0.0013,0.0,1.0,0.0,8.1135,0.0,0.0,0.0,0.0,8.1135,8.1135,8.1088
1495,0.0,0.0061,0.0061,0.0011,0.0,1.0,0.0,8.7608,0.0,0.0,0.0,0.0,8.760800000000001,8.760800000000001,8.7558
1496,0.0,0.0062,0.0062,0.0011,0.0,1.0,0.0,7.9748,0.0,0.0,0.0,0.0,7.9748,7.9748,7.9703
1497,0.0,0.0077,0.0077,0.0014,0.0,1.0,0.0,9.0039,0.0,0.0,0.0,0.0,9.0039,9.0039,8.999
1498,0.0,0.0071,0.0071,0.0013,0.0,1.0,0.0,9.1304,0.0,0.0,0.0,0.0,9.1304,9.1304,9.1338
1499,0.0,0.0066,0.0066,0.0012,0.0,1.0,0.0,7.9816,0.0,0.0,0.0,0.0,7.9816,7.9816,7.9825
1500,0.0,0.0064,0.0064,0.0012,0.0,1.0,0.0,8.6743,0.0,0.0,0.0,0.0,8.674299999999999,8.674299999999999,8.6757
1501,0.0,0.0063,0.0063,0.0011,0.0,1.0,0.0,8.611,0.0,0.0,0.0,0.0,8.611,8.611,8.6075
1502,0.0,0.0059,0.0059,0.0011,0.0,1.0,0.0,9.0863,0.0,0.0,0.0,0.0,9.0863,9.0863,9.0828
1503,0.0,0.0066,0.0066,0.0012,0.0,1.0,0.0,8.1934,0.0,0.0,0.0,0.0,8.1934,8.1934,8.1981
1504,0.0,0.0078,0.0078,0.0014,0.0,1.0,0.0,9.9966,0.0,0.0,0.0,0.0,9.9966,9.9966,9.9999
1505,0.0,0.0063,0.0063,0.0011,0.0,1.0,0.0,8.3921,0.0,0.0,0.0,0.0,8.3921,8.3921,8.3897
1506,0.0,0.0073,0.0073,0.0013,0.0,1.0,0.0,9.1079,0.0,0.0,0.0,0.0,9.1079,9.1079,9.1041
1507,0.0,0.0066,0.0066,0.0012,0.0,1.0,0.0,9.5196,0.0,0.0,0.0,0.0,9.519599999999999,9.519599999999999,9.5215
1508,0.0,0.0063,0.0063,0.0011,0.0,1.0,0.0,9.0785,0.0,0.0,0.0,0.0,9.0785,9.0785,9.0826
1509,0.0,0.0061,0.0061,0.0011,0.0,1.0,0.0,7.8042,0.0,0.0,0.0,0.0,7.804199999999999,7.804199999999999,7.8053
1510,0.0,0.0058,0.0058,0.001,0.0,1.0,0.0,7.9649,0.0,0.0,0.0,0.0,7.964899999999999,7.964899999999999,7.966
1511,0.0,0.0067,0.0067,0.0012,0.0,1.0,0.0,9.0089,0.0,0.0,0.0,0.0,9.0089,9.0089,9.0131
1512,0.0,0.0059,0.0059,0.0011,0.0,1.0,0.0,8.0838,0.0,0.0,0.0,0.0,8.083800000000002,8.083800000000002,8.0872
1513,0.0,0.0062,0.0062,0.0011,0.0,1.0,0.0,9.4597,0.0,0.0,0.0,0.0,9.459699999999998,9.459699999999998,9.455
1514,0.0,0.0065,0.0065,0.0012,0.0,1.0,0.0,8.9778,0.0,0.0,0.0,0.0,8.977799999999998,8.977799999999998,8.9782
1515,0.0,0.006,0.006,0.0011,0.0,1.0,0.0,8.0507,0.0,0.0,0.0,0.0,8.050699999999999,8.050699999999999,8.0533
1516,0.0,0.0063,0.0063,0.0011,0.0,1.0,0.0,9.0183,0.0,0.0,0.0,0.0,9.0183,9.0183,9.0162
1517,0.0,0.0067,0.0067,0.0012,0.0,1.0,0.0,8.6132,0.0,0.0,0.0,0.0,8.6132,8.6132,8.6097
1518,0.0,0.007,0.007,0.0013,0.0,1.0,0.0,8.8455,0.0,0.0,0.0,0.0,8.8455,8.8455,8.8503
1519,0.0,0.0066,0.0066,0.0012,0.0,1.0,0.0,7.9755,0.0,0.0,0.0,0.0,7.9755,7.9755,7.9791
1520,0.0,0.0071,0.0071,0.0013,0.0,1.0,0.0,9.1657,0.0,0.0,0.0,0.0,9.1657,9.1657,9.1616
1521,0.0,0.0067,0.0067,0.0012,0.0,1.0,0.0,8.7228,0.0,0.0,0.0,0.0,8.7228,8.7228,8.7247
1522,0.0,0.0069,0.0069,0.0012,0.0,1.0,0.0,9.8826,0.0,0.0,0.0,0.0,9.8826,9.8826,9.8786
1523,0.0,0.0064,0.0064,0.0011,0.0,1.0,0.0,8.6322,0.0,0.0,0.0,0.0,8.632200000000001,8.632200000000001,8.632
1524,0.0,0.0067,0.0067,0.0012,0.0,1.0,0.0,8.8224,0.0,0.0,0.0,0.0,8.8224,8.8224,8.8255
1525,0.0,0.0067,0.0067,0.0012,0.0,1.0,0.0,8.3334,0.0,0.0,0.0,0.0,8.3334,8.3334,8.3369
1526,0.0,0.0069,0.0069,0.0012,0.0,1.0,0.0,7.7853,0.0,0.0,0.0,0.0,7.785299999999999,7.785299999999999,7.7884
1527,0.0,0.0063,0.0063,0.0011,0.0,1.0,0.0,7.9217,0.0,0.0,0.0,0.0,7.9217,7.9217,7.923
1528,0.0,0.0058,0.0058,0.001,0.0,1.0,0.0,8.7783,0.0,0.0,0.0,0.0,8.7783,8.7783,8.7735
1529,0.0,0.0068,0.0068,0.0012,0.0,1.0,0.0,8.7696,0.0,0.0,0.0,0.0,8.7696,8.7696,8.7673
1530,0.0,0.0069,0.0069,0.0012,0.0,1.0,0.0,8.275,0.0,0.0,0.0,0.0,8.274999999999999,8.274999999999999,8.2743
1531,0.0,0.0061,0.0061,0.0011,0.0,1.0,0.0,8.9698,0.0,0.0,0.0,0.0,8.969800000000001,8.969800000000001,8.9718
1532,0.0,0.0071,0.0071,0.0013,0.0,1.0,0.0,8.6771,0.0,0.0,0.0,0.0,8.677100000000001,8.677100000000001,8.6775
1533,0.0,0.0065,0.0065,0.0012,0.0,1.0,0.0,9.2734,0.0,0.0,0.0,0.0,9.2734,9.2734,9.2704
1534,0.0,0.0059,0.0059,0.0011,0.0,1.0,0.0,8.6542,0.0,0.0,0.0,0.0,8.6542,8.6542,8.651
1535,0.0,0.0071,0.0071,0.0013,0.0,1.0,0.0,8.0902,0.0,0.0,0.0,0.0,8.0902,8.0902,8.0882
1536,0.0,0.0061,0.0061,0.0011,0.0,1.0,0.0,8.8131,0.0,0.0,0.0,0.0,8.8131,8.8131,8.8142
1537,0.0,0.0065,0.0065,0.0012,0.0,1.0,0.0,8.8083,0.0,0.0,0.0,0.0,8.808300000000001,8.808300000000001,8.8056
1538,0.0,0.0056,0.0056,0.001,0.0,1.0,0.0,8.3804,0.0,0.0,0.0,0.0,8.3804,8.3804,8.3824
1539,0.0,0.0067,0.0067,0.0012,0.0,1.0,0.0,8.6271,0.0,0.0,0.0,0.0,8.6271,8.6271,8.6242
1540,0.0,0.0062,0.0062,0.0011,0.0,1.0,0.0,8.6978,0.0,0.0,0.0,0.0,8.697799999999999,8.697799999999999,8.7023
1541,0.0,0.0076,0.0076,0.0014,0.0,1.0,0.0,9.2026,0.0,0.0,0.0,0.0,9.2026,9.2026,9.1997
1542,0.0,0.0067,0.0067,0.0012,0.0,1.0,0.0,9.0464,0.0,0.0,0.0,0.0,9.046399999999998,9.046399999999998,9.0499
1543,0.0,0.0063,0.0063,0.0011,0.0,1.0,0.0,8.2872,0.0,0.0,0.0,0.0,8.2872,8.2872,8.2829
1544,0.0,0.0056,0.0056,0.001,0.0,1.0,0.0,8.1736,0.0,0.0,0.0,0.0,8.173599999999999,8.173599999999999,8.1779
1545,0.0,0.0072,0.0072,0.0013,0.0,1.0,0.0,8.7952,0.0,0.0,0.0,0.0,8.7952,8.7952,8.7908
1546,0.0,0.0065,0.0065,0.0012,0.0,1.0,0.0,8.5466,0.0,0.0,0.0,0.0,8.546600000000002,8.546600000000002,8.5477
1547,0.0,0.0067,0.0067,0.0012,0.0,1.0,0.0,8.4811,0.0,0.0,0.0,0.0,8.4811,8.4811,8.4771
1548,0.0,0.0066,0.0066,0.0012,0.0,1.0,0.0,9.344,0.0,0.0,0.0,0.0,9.344000000000001,9.344000000000001,9.3453
1549,0.0,0.0073,0.0073,0.0013,0.0,1.0,0.0,9.0049,0.0,0.0,0.0,0.0,9.0049,9.0049,9.0072
1550,0.0,0.0064,0.0064,0.0012,0.0,1.0,0.0,9.3642,0.0,0.0,0.0,0.0,9.3642,9.3642,9.3598
1551,0.0,0.006,0.006,0.0011,0.0,1.0,0.0,8.7207,0.0,0.0,0.0,0.0,8.720699999999999,8.720699999999999,8.7198
1552,0.0,0.0079,0.0079,0.0014,0.0,1.0,0.0,9.7821,0.0,0.0,0.0,0.0,9.7821,9.7821,9.7808
1553,0.0,0.0074,0.0074,0.0013,0.0,1.0,0.0,8.311,0.0,0.0,0.0,0.0,8.311,8.311,8.3088
1554,0.0,0.0057,0.0057,0.001,0.0,1.0,0.0,8.8021,0.0,0.0,0.0,0.0,8.802100000000001,8.802100000000001,8.7998
1555,0.0,0.0073,0.0073,0.0013,0.0,1.0,0.0,9.156,0.0,0.0,0.0,0.0,9.156,9.156,9.1532
1556,0.0,0.0079,0.0079,0.0014,0.0,1.0,0.0,9.6553,0.0,0.0,0.0,0.0,9.6553,9.6553,9.6505
1557,0.0,0.0067,0.0067,0.0012,0.0,1.0,0.0,9.0088,0.0,0.0,0.0,0.0,9.0088,9.0088,9.0069
1558,0.0,0.0063,0.0063,0.0011,0.0,1.0,0.0,8.5825,0.0,0.0,0.0,0.0,8.582500000000001,8.582500000000001,8.5868
1559,0.0,0.0065,0.0065,0.0012,0.0,1.0,0.0,8.4037,0.0,0.0,0.0,0.0,8.4037,8.4037,8.4006
1560,0.0,0.0075,0.0075,0.0013,0.0,1.0,0.0,9.5341,0.0,0.0,0.0,0.0,9.5341,9.5341,9.5355
1561,0.0,0.0061,0.0061,0.0011,0.0,1.0,0.0,8.4328,0.0,0.0,0.0,0.0,8.432799999999999,8.432799999999999,8.4283
1562,0.0,0.0069,0.0069,0.0012,0.0,1.0,0.0,8.6609,0.0,0.0,0.0,0.0,8.6609,8.6609,8.6646
1563,0.0,0.0056,0.0056,0.001,0.0,1.0,0.0,8.2748,0.0,0.0,0.0,0.0,8.2748,8.2748,8.2723
1564,0.0,0.0074,0.0074,0.0013,0.0,1.0,0.0,8.5353,0.0,0.0,0.0,0.0,8.535300000000001,8.535300000000001,8.5324
1565,0.0,0.0062,0.0062,0.0011,0.0,1.0,0.0,8.579,0.0,0.0,0.0,0.0,8.578999999999999,8.578999999999999,8.5838
1566,0.0,0.0087,0.0087,0.0016,0.0,1.0,0.0,9.2682,0.0,0.0,0.0,0.0,9.2682,9.2682,9.2717
1567,0.0,0.0068,0.0068,0.0012,0.0,1.0,0.0,7.7258,0.0,0.0,0.0,0.0,7.725800000000001,7.725800000000001,7.7251
1568,0.0,0.0067,0.0067,0.0012,0.0,1.0,0.0,9.058,0.0,0.0,0.0,0.0,9.058000000000002,9.058000000000002,9.0616
1569,0.0,0.0061,0.0061,0.0011,0.0,1.0,0.0,8.3656,0.0,0.0,0.0,0.0,8.3656,8.3656,8.3695
1570,0.0,0.0067,0.0067,0.0012,0.0,1.0,0.0,9.1666,0.0,0.0,0.0,0.0,9.1666,9.1666,9.1669
1571,0.0,0.006,0.006,0.0011,0.0,1.0,0.0,8.6464,0.0,0.0,0.0,0.0,8.6464,8.6464,8.6478
1572,0.0,0.0066,0.0066,0.0012,0.0,1.0,0.0,8.6315,0.0,0.0,0.0,0.0,8.631499999999999,8.631499999999999,8.6294
1573,0.0,0.0064,0.0064,0.0012,0.0,1.0,0.0,8.5702,0.0,0.0,0.0,0.0,8.5702,8.5702,8.5673
1574,0.0,0.006,0.006,0.0011,0.0,1.0,0.0,8.1641,0.0,0.0,0.0,0.0,8.164100000000001,8.164100000000001,8.1616
1575,0.0,0.0082,0.0082,0.0015,0.0,1.0,0.0,8.6891,0.0,0.0,0.0,0.0,8.6891,8.6891,8.6893
1576,0.0,0.0066,0.0066,0.0012,0.0,1.0,0.0,8.5128,0.0,0.0,0.0,0.0,8.512799999999999,8.512799999999999,8.5108
1577,0.0,0.0065,0.0065,0.0012,0.0,1.0,0.0,8.334,0.0,0.0,0.0,0.0,8.334000000000001,8.334000000000001,8.3304
1578,0.0,0.0061,0.0061,0.0011,0.0,1.0,0.0,8.9111,0.0,0.0,0.0,0.0,8.9111,8.9111,8.9145
1579,0.0,0.0055,0.0055,0.001,0.0,1.0,0.0,8.6061,0.0,0.0,0.0,0.0,8.6061,8.6061,8.6086
1580,0.0,0.0063,0.0063,0.0011,0.0,1.0,0.0,8.7552,0.0,0.0,0.0,0.0,8.7552,8.7552,8.7512
1581,0.0,0.0065,0.0065,0.0012,0.0,1.0,0.0,7.7738,0.0,0.0,0.0,0.0,7.7738,7.7738,7.7761
1582,0.0,0.0058,0.0058,0.001,0.0,1.0,0.0,8.226,0.0,0.0,0.0,0.0,8.226,8.226,8.2278
1583,0.0,0.0064,0.0064,0.0011,0.0,1.0,0.0,9.4002,0.0,0.0,0.0,0.0,9.400200000000002,9.400200000000002,9.4027
1584,0.0,0.0054,0.0054,0.001,0.0,1.0,0.0,8.6396,0.0,0.0,0.0,0.0,8.6396,8.6396,8.6427
1585,0.0,0.0069,0.0069,0.0012,0.0,1.0,0.0,8.6703,0.0,0.0,0.0,0.0,8.670299999999997,8.670299999999997,8.6729
1586,0.0,0.0072,0.0072,0.0013,0.0,1.0,0.0,9.0273,0.0,0.0,0.0,0.0,9.027299999999999,9.027299999999999,9.0292
1587,0.0,0.005,0.005,0.0009,0.0,1.0,0.0,7.8528,0.0,0.0,0.0,0.0,7.8527999999999984,7.8527999999999984,7.8531
1588,0.0,0.0071,0.0071,0.0013,0.0,1.0,0.0,9.7566,0.0,0.0,0.0,0.0,9.756599999999999,9.756599999999999,9.7569
1589,0.0,0.0066,0.0066,0.0012,0.0,1.0,0.0,8.4912,0.0,0.0,0.0,0.0,8.4912,8.4912,8.4879
1590,0.0,0.0066,0.0066,0.0012,0.0,1.0,0.0,8.3794,0.0,0.0,0.0,0.0,8.3794,8.3794,8.3772
1591,0.0,0.006,0.006,0.0011,0.0,1.0,0.0,8.5824,0.0,0.0,0.0,0.0,8.582400000000002,8.582400000000002,8.5812
1592,0.0,0.0067,0.0067,0.0012,0.0,1.0,0.0,8.4717,0.0,0.0,0.0,0.0,8.4717,8.4717,8.4745
1593,0.0,0.0076,0.0076,0.0014,0.0,1.0,0.0,8.5364,0.0,0.0,0.0,0.0,8.5364,8.5364,8.5361
1594,0.0,0.0077,0.0077,0.0014,0.0,1.0,0.0,8.7001,0.0,0.0,0.0,0.0,8.700099999999999,8.700099999999999,8.7014
1595,0.0,0.0075,0.0075,0.0014,0.0,1.0,0.0,9.1598,0.0,0.0,0.0,0.0,9.159799999999999,9.159799999999999,10.6607
1596,0.0,0.0072,0.0072,0.0013,0.0,1.0,0.0,8.85,0.0,0.0,0.0,0.0,8.849999999999998,8.849999999999998,12.3519
1597,0.0,0.0076,0.0076,0.0014,0.0,1.0,0.0,8.7347,0.0,0.0,0.0,0.0,8.7347,8.7347,9.7318
1598,0.0,0.0071,0.0071,0.0013,0.0,1.0,0.0,9.0368,0.0,0.0,0.0,0.0,9.036800000000001,9.036800000000001,9.0413
1599,0.0,0.007,0.007,0.0013,0.0,1.0,0.0,8.1022,0.0,0.0,0.0,0.0,8.1022,8.1022,9.1046
1600,0.0,0.0061,0.0061,0.0011,0.0,1.0,0.0,9.3715,0.0,0.0,0.0,0.0,9.3715,9.3715,9.3753
1601,0.0,0.0054,0.0054,0.001,0.0,1.0,0.0,8.1636,0.0,0.0,0.0,0.0,8.163599999999999,8.163599999999999,8.1647
1602,0.0,0.006,0.006,0.0011,0.0,1.0,0.0,7.8907,0.0,0.0,0.0,0.0,7.8907,7.8907,7.8933
1603,0.0,0.0073,0.0073,0.0013,0.0,1.0,0.0,9.6153,0.0,0.0,0.0,0.0,9.615300000000001,9.615300000000001,9.6144
1604,0.0,0.0083,0.0083,0.0015,0.0,1.0,0.0,9.1267,0.0,0.0,0.0,0.0,9.126700000000001,9.126700000000001,9.1272
1605,0.0,0.0061,0.0061,0.0011,0.0,1.0,0.0,7.618,0.0,0.0,0.0,0.0,7.618,7.618,7.6199
1606,0.0,0.0069,0.0069,0.0012,0.0,1.0,0.0,7.8192,0.0,0.0,0.0,0.0,7.8192,7.8192,7.8176
1607,0.0,0.0053,0.0053,0.001,0.0,1.0,0.0,7.7432,0.0,0.0,0.0,0.0,7.743199999999999,7.743199999999999,7.7469
1608,0.0,0.0066,0.0066,0.0012,0.0,1.0,0.0,8.3562,0.0,0.0,0.0,0.0,8.356200000000001,8.356200000000001,8.3569
1609,0.0,0.0061,0.0061,0.0011,0.0,1.0,0.0,8.7035,0.0,0.0,0.0,0.0,8.703500000000002,8.703500000000002,8.7038
1610,0.0,0.0072,0.0072,0.0013,0.0,1.0,0.0,9.1747,0.0,0.0,0.0,0.0,9.174699999999998,9.174699999999998,9.1729
1611,0.0,0.0062,0.0062,0.0011,0.0,1.0,0.0,8.9424,0.0,0.0,0.0,0.0,8.9424,8.9424,8.9444
1612,0.0,0.0067,0.0067,0.0012,0.0,1.0,0.0,9.2242,0.0,0.0,0.0,0.0,9.224200000000002,9.224200000000002,9.2215
1613,0.0,0.0085,0.0085,0.0015,0.0,1.0,0.0,10.0204,0.0,0.0,0.0,0.0,10.0204,10.0204,10.0241
1614,0.0,0.0062,0.0062,0.0011,0.0,1.0,0.0,7.7313,0.0,0.0,0.0,0.0,7.7313,7.7313,7.7282
1615,0.0,0.0072,0.0072,0.0013,0.0,1.0,0.0,9.1541,0.0,0.0,0.0,0.0,9.154100000000001,9.154100000000001,9.15
1616,0.0,0.0076,0.0076,0.0014,0.0,1.0,0.0,9.0959,0.0,0.0,0.0,0.0,9.0959,9.0959,9.0975
1617,0.0,0.0071,0.0071,0.0013,0.0,1.0,0.0,8.2179,0.0,0.0,0.0,0.0,8.2179,8.2179,8.2223
1618,0.0,0.0067,0.0067,0.0012,0.0,1.0,0.0,9.5811,0.0,0.0,0.0,0.0,9.5811,9.5811,9.579
1619,0.0,0.0072,0.0072,0.0013,0.0,1.0,0.0,8.4691,0.0,0.0,0.0,0.0,8.469100000000001,8.469100000000001,8.4726
1620,0.0,0.0056,0.0056,0.001,0.0,1.0,0.0,8.5422,0.0,0.0,0.0,0.0,8.542200000000001,8.542200000000001,8.5418
1621,0.0,0.0071,0.0071,0.0013,0.0,1.0,0.0,9.5606,0.0,0.0,0.0,0.0,9.5606,9.5606,9.5625
1622,0.0,0.0077,0.0077,0.0014,0.0,1.0,0.0,9.5952,0.0,0.0,0.0,0.0,9.5952,9.5952,9.5935
1623,0.0,0.0064,0.0064,0.0012,0.0,1.0,0.0,8.3488,0.0,0.0,0.0,0.0,8.3488,8.3488,8.3498
1624,0.0,0.0057,0.0057,0.001,0.0,1.0,0.0,7.3704,0.0,0.0,0.0,0.0,7.3704,7.3704,7.3675
1625,0.0,0.007,0.007,0.0013,0.0,1.0,0.0,9.2435,0.0,0.0,0.0,0.0,9.243500000000001,9.243500000000001,9.247
1626,0.0,0.0069,0.0069,0.0012,0.0,1.0,0.0,8.7581,0.0,0.0,0.0,0.0,8.7581,8.7581,8.7599
1627,0.0,0.0074,0.0074,0.0013,0.0,1.0,0.0,9.082,0.0,0.0,0.0,0.0,9.082,9.082,9.0839
1628,0.0,0.0064,0.0064,0.0011,0.0,1.0,0.0,8.5434,0.0,0.0,0.0,0.0,8.5434,8.5434,8.5455
1629,0.0,0.0064,0.0064,0.0012,0.0,1.0,0.0,8.6437,0.0,0.0,0.0,0.0,8.643699999999999,8.643699999999999,8.6446
1630,0.0,0.0071,0.0071,0.0013,0.0,1.0,0.0,8.9745,0.0,0.0,0.0,0.0,8.974499999999999,8.974499999999999,8.9752
1631,0.0,0.0074,0.0074,0.0013,0.0,1.0,0.0,9.0528,0.0,0.0,0.0,0.0,9.052800000000001,9.052800000000001,9.0535
1632,0.0,0.0053,0.0053,0.001,0.0,1.0,0.0,8.1548,0.0,0.0,0.0,0.0,8.1548,8.1548,8.1555
1633,0.0,0.0065,0.0065,0.0012,0.0,1.0,0.0,8.3918,0.0,0.0,0.0,0.0,8.3918,8.3918,8.3872
1634,0.0,0.0057,0.0057,0.001,0.0,1.0,0.0,7.7022,0.0,0.0,0.0,0.0,7.7021999999999995,7.7021999999999995,7.7026
1635,0.0,0.0062,0.0062,0.0011,0.0,1.0,0.0,9.0412,0.0,0.0,0.0,0.0,9.0412,9.0412,9.0378
1636,0.0,0.0071,0.0071,0.0013,0.0,1.0,0.0,9.2714,0.0,0.0,0.0,0.0,9.2714,9.2714,9.268
1637,0.0,0.0071,0.0071,0.0013,0.0,1.0,0.0,8.6187,0.0,0.0,0.0,0.0,8.6187,8.6187,8.6162
1638,0.0,0.0064,0.0064,0.0012,0.0,1.0,0.0,9.6142,0.0,0.0,0.0,0.0,9.6142,9.6142,9.6103
1639,0.0,0.0066,0.0066,0.0012,0.0,1.0,0.0,8.8018,0.0,0.0,0.0,0.0,8.801800000000002,8.801800000000002,8.7983
1640,0.0,0.0076,0.0076,0.0014,0.0,1.0,0.0,9.4833,0.0,0.0,0.0,0.0,9.4833,9.4833,9.4822
1641,0.0,0.0072,0.0072,0.0013,0.0,1.0,0.0,9.0857,0.0,0.0,0.0,0.0,9.085700000000001,9.085700000000001,9.0829
1642,0.0,0.0064,0.0064,0.0012,0.0,1.0,0.0,8.8678,0.0,0.0,0.0,0.0,8.867799999999999,8.867799999999999,8.8664
1643,0.0,0.0054,0.0054,0.001,0.0,1.0,0.0,7.9948,0.0,0.0,0.0,0.0,7.9948,7.9948,7.9966
1644,0.0,0.0063,0.0063,0.0011,0.0,1.0,0.0,8.1932,0.0,0.0,0.0,0.0,8.1932,8.1932,8.1932
1645,0.0,0.0058,0.0058,0.001,0.0,1.0,0.0,8.2286,0.0,0.0,0.0,0.0,8.2286,8.2286,8.2251
1646,0.0,0.0078,0.0078,0.0014,0.0,1.0,0.0,9.5797,0.0,0.0,0.0,0.0,9.5797,9.5797,9.5843
1647,0.0,0.0053,0.0053,0.001,0.0,1.0,0.0,7.7115,0.0,0.0,0.0,0.0,7.711500000000001,7.711500000000001,7.7121
1648,0.0,0.0066,0.0066,0.0012,0.0,1.0,0.0,9.976,0.0,0.0,0.0,0.0,9.976,9.976,9.9781
1649,0.0,0.0066,0.0066,0.0012,0.0,1.0,0.0,9.0426,0.0,0.0,0.0,0.0,9.042599999999998,9.042599999999998,9.041
1650,0.0,0.0064,0.0064,0.0012,0.0,1.0,0.0,7.9078,0.0,0.0,0.0,0.0,7.907799999999999,7.907799999999999,7.9067
1651,0.0,0.0054,0.0054,0.001,0.0,1.0,0.0,8.1564,0.0,0.0,0.0,0.0,8.156400000000001,8.156400000000001,8.1522
1652,0.0,0.0061,0.0061,0.0011,0.0,1.0,0.0,8.4132,0.0,0.0,0.0,0.0,8.413199999999998,8.413199999999998,8.4101
1653,0.0,0.0076,0.0076,0.0014,0.0,1.0,0.0,9.5447,0.0,0.0,0.0,0.0,9.544699999999999,9.544699999999999,9.5483
1654,0.0,0.0063,0.0063,0.0011,0.0,1.0,0.0,9.6014,0.0,0.0,0.0,0.0,9.601399999999998,9.601399999999998,9.6042
1655,0.0,0.0056,0.0056,0.001,0.0,1.0,0.0,8.0351,0.0,0.0,0.0,0.0,8.0351,8.0351,8.0395
1656,0.0,0.0065,0.0065,0.0012,0.0,1.0,0.0,8.383,0.0,0.0,0.0,0.0,8.383,8.383,8.3805
1657,0.0,0.0068,0.0068,0.0012,0.0,1.0,0.0,9.2947,0.0,0.0,0.0,0.0,9.2947,9.2947,9.2901
1658,0.0,0.007,0.007,0.0013,0.0,1.0,0.0,9.2388,0.0,0.0,0.0,0.0,9.238800000000001,9.238800000000001,9.241
1659,0.0,0.0056,0.0056,0.001,0.0,1.0,0.0,7.7203,0.0,0.0,0.0,0.0,7.720300000000002,7.720300000000002,7.7164
1660,0.0,0.0063,0.0063,0.0011,0.0,1.0,0.0,8.3604,0.0,0.0,0.0,0.0,8.3604,8.3604,8.3624
1661,0.0,0.007,0.007,0.0013,0.0,1.0,0.0,9.3693,0.0,0.0,0.0,0.0,9.369299999999999,9.369299999999999,9.3652
1662,0.0,0.0053,0.0053,0.0009,0.0,1.0,0.0,8.111,0.0,0.0,0.0,0.0,8.110999999999999,8.110999999999999,8.1156
1663,0.0,0.0068,0.0068,0.0012,0.0,1.0,0.0,8.5144,0.0,0.0,0.0,0.0,8.5144,8.5144,8.5143
1664,0.0,0.007,0.007,0.0013,0.0,1.0,0.0,8.1724,0.0,0.0,0.0,0.0,8.1724,8.1724,8.172
1665,0.0,0.0073,0.0073,0.0013,0.0,1.0,0.0,9.1065,0.0,0.0,0.0,0.0,9.106500000000002,9.106500000000002,9.1107
1666,0.0,0.0063,0.0063,0.0011,0.0,1.0,0.0,8.9984,0.0,0.0,0.0,0.0,8.998399999999998,8.998399999999998,8.9998
1667,0.0,0.0072,0.0072,0.0013,0.0,1.0,0.0,9.0373,0.0,0.0,0.0,0.0,9.037300000000002,9.037300000000002,9.0369
1668,0.0,0.0069,0.0069,0.0012,0.0,1.0,0.0,8.66,0.0,0.0,0.0,0.0,8.66,8.66,8.6625
1669,0.0,0.0077,0.0077,0.0014,0.0,1.0,0.0,9.3948,0.0,0.0,0.0,0.0,9.3948,9.3948,9.3902
1670,0.0,0.0061,0.0061,0.0011,0.0,1.0,0.0,7.8897,0.0,0.0,0.0,0.0,7.8897,7.8897,7.8912
1671,0.0,0.0069,0.0069,0.0012,0.0,1.0,0.0,8.4173,0.0,0.0,0.0,0.0,8.4173,8.4173,8.4184
1672,0.0,0.0048,0.0048,0.0009,0.0,1.0,0.0,7.1474,0.0,0.0,0.0,0.0,7.1474,7.1474,7.1445
1673,0.0,0.0063,0.0063,0.0011,0.0,1.0,0.0,8.7861,0.0,0.0,0.0,0.0,8.7861,8.7861,8.7822
1674,0.0,0.0072,0.0072,0.0013,0.0,1.0,0.0,9.2908,0.0,0.0,0.0,0.0,9.2908,9.2908,9.2914
1675,0.0,0.006,0.006,0.0011,0.0,1.0,0.0,8.6951,0.0,0.0,0.0,0.0,8.695100000000002,8.695100000000002,8.6969
1676,0.0,0.0063,0.0063,0.0011,0.0,1.0,0.0,8.6259,0.0,0.0,0.0,0.0,8.6259,8.6259,8.6275
1677,0.0,0.0075,0.0075,0.0013,0.0,1.0,0.0,9.4619,0.0,0.0,0.0,0.0,9.461900000000002,9.461900000000002,9.4586
1678,0.0,0.0071,0.0071,0.0013,0.0,1.0,0.0,8.8082,0.0,0.0,0.0,0.0,8.808200000000001,8.808200000000001,8.8062
1679,0.0,0.0069,0.0069,0.0012,0.0,1.0,0.0,8.1967,0.0,0.0,0.0,0.0,8.1967,8.1967,8.2011
1680,0.0,0.0062,0.0062,0.0011,0.0,1.0,0.0,8.4446,0.0,0.0,0.0,0.0,8.444600000000001,8.444600000000001,8.4419
1681,0.0,0.007,0.007,0.0013,0.0,1.0,0.0,8.9786,0.0,0.0,0.0,0.0,8.9786,8.9786,8.9746
1682,0.0,0.0078,0.0078,0.0014,0.0,1.0,0.0,9.4388,0.0,0.0,0.0,0.0,9.438799999999999,9.438799999999999,9.4383
1683,0.0,0.0069,0.0069,0.0012,0.0,1.0,0.0,9.2906,0.0,0.0,0.0,0.0,9.2906,9.2906,9.2906
1684,0.0,0.0057,0.0057,0.001,0.0,1.0,0.0,7.9014,0.0,0.0,0.0,0.0,7.901400000000001,7.901400000000001,7.8974
1685,0.0,0.0064,0.0064,0.0011,0.0,1.0,0.0,7.8185,0.0,0.0,0.0,0.0,7.8185,7.8185,7.8161
1686,0.0,0.0066,0.0066,0.0012,0.0,1.0,0.0,8.6964,0.0,0.0,0.0,0.0,8.696399999999999,8.696399999999999,8.6944
1687,0.0,0.0057,0.0057,0.001,0.0,1.0,0.0,8.4708,0.0,0.0,0.0,0.0,8.4708,8.4708,8.469
1688,0.0,0.0077,0.0077,0.0014,0.0,1.0,0.0,8.8219,0.0,0.0,0.0,0.0,8.821900000000001,8.821900000000001,8.821
1689,0.0,0.0062,0.0062,0.0011,0.0,1.0,0.0,9.2535,0.0,0.0,0.0,0.0,9.253499999999999,9.253499999999999,9.253
1690,0.0,0.0066,0.0066,0.0012,0.0,1.0,0.0,8.9873,0.0,0.0,0.0,0.0,8.987300000000001,8.987300000000001,8.9873
1691,0.0,0.0061,0.0061,0.0011,0.0,1.0,0.0,8.7516,0.0,0.0,0.0,0.0,8.751600000000002,8.751600000000002,8.75
1692,0.0,0.0077,0.0077,0.0014,0.0,1.0,0.0,9.7224,0.0,0.0,0.0,0.0,9.722399999999999,9.722399999999999,9.726
1693,0.0,0.0064,0.0064,0.0012,0.0,1.0,0.0,8.5126,0.0,0.0,0.0,0.0,8.512599999999999,8.512599999999999,8.5143
1694,0.0,0.0063,0.0063,0.0011,0.0,1.0,0.0,7.9566,0.0,0.0,0.0,0.0,7.9566,7.9566,7.9567
1695,0.0,0.0057,0.0057,0.001,0.0,1.0,0.0,8.5301,0.0,0.0,0.0,0.0,8.530099999999997,8.530099999999997,8.526
1696,0.0,0.0064,0.0064,0.0011,0.0,1.0,0.0,8.9577,0.0,0.0,0.0,0.0,8.9577,8.9577,8.9606
1697,0.0,0.0066,0.0066,0.0012,0.0,1.0,0.0,8.4563,0.0,0.0,0.0,0.0,8.456299999999999,8.456299999999999,8.4592
1698,0.0,0.0059,0.0059,0.0011,0.0,1.0,0.0,8.5673,0.0,0.0,0.0,0.0,8.5673,8.5673,8.5638
1699,0.0,0.0053,0.0053,0.001,0.0,1.0,0.0,8.4362,0.0,0.0,0.0,0.0,8.4362,8.4362,8.4313
1700,0.0,0.0079,0.0079,0.0014,0.0,1.0,0.0,10.0148,0.0,0.0,0.0,0.0,10.014800000000001,10.014800000000001,10.011
1701,0.0,0.0053,0.0053,0.001,0.0,1.0,0.0,7.819,0.0,0.0,0.0,0.0,7.819,7.819,7.8209
1702,0.0,0.0077,0.0077,0.0014,0.0,1.0,0.0,9.0596,0.0,0.0,0.0,0.0,9.0596,9.0596,9.0559
1703,0.0,0.0055,0.0055,0.001,0.0,1.0,0.0,7.758,0.0,0.0,0.0,0.0,7.758,7.758,7.7618
1704,0.0,0.0064,0.0064,0.0012,0.0,1.0,0.0,8.3774,0.0,0.0,0.0,0.0,8.3774,8.3774,8.379
1705,0.0,0.0077,0.0077,0.0014,0.0,1.0,0.0,9.6428,0.0,0.0,0.0,0.0,9.642800000000001,9.642800000000001,9.6464
1706,0.0,0.0057,0.0057,0.001,0.0,1.0,0.0,7.2471,0.0,0.0,0.0,0.0,7.2471,7.2471,7.2436
1707,0.0,0.0074,0.0074,0.0013,0.0,1.0,0.0,9.3316,0.0,0.0,0.0,0.0,9.331600000000002,9.331600000000002,9.3323
1708,0.0,0.0072,0.0072,0.0013,0.0,1.0,0.0,8.8527,0.0,0.0,0.0,0.0,8.852699999999999,8.852699999999999,8.8563
1709,0.0,0.0083,0.0083,0.0015,0.0,1.0,0.0,9.2023,0.0,0.0,0.0,0.0,9.2023,9.2023,9.203
1710,0.0,0.0056,0.0056,0.001,0.0,1.0,0.0,7.6057,0.0,0.0,0.0,0.0,7.6057,7.6057,7.6097
1711,0.0,0.005,0.005,0.0009,0.0,1.0,0.0,8.3793,0.0,0.0,0.0,0.0,8.3793,8.3793,8.3821
1712,0.0,0.0053,0.0053,0.001,0.0,1.0,0.0,8.5265,0.0,0.0,0.0,0.0,8.5265,8.5265,8.522
1713,0.0,0.0058,0.0058,0.001,0.0,1.0,0.0,8.4666,0.0,0.0,0.0,0.0,8.4666,8.4666,8.4623
1714,0.0,0.0072,0.0072,0.0013,0.0,1.0,0.0,8.6459,0.0,0.0,0.0,0.0,8.645900000000001,8.645900000000001,8.6433
1715,0.0,0.0083,0.0083,0.0015,0.0,1.0,0.0,9.3029,0.0,0.0,0.0,0.0,9.302900000000001,9.302900000000001,9.3039
1716,0.0,0.0071,0.0071,0.0013,0.0,1.0,0.0,9.0723,0.0,0.0,0.0,0.0,9.0723,9.0723,9.0741
1717,0.0,0.0056,0.0056,0.001,0.0,1.0,0.0,8.1937,0.0,0.0,0.0,0.0,8.1937,8.1937,8.1892
1718,0.0,0.0071,0.0071,0.0013,0.0,1.0,0.0,8.4428,0.0,0.0,0.0,0.0,8.4428,8.4428,8.4478
1719,0.0,0.0074,0.0074,0.0013,0.0,1.0,0.0,8.0607,0.0,0.0,0.0,0.0,8.0607,8.0607,8.0621
1720,0.0,0.0072,0.0072,0.0013,0.0,1.0,0.0,9.9114,0.0,0.0,0.0,0.0,9.911399999999999,9.911399999999999,9.908
1721,0.0,0.0061,0.0061,0.0011,0.0,1.0,0.0,8.6504,0.0,0.0,0.0,0.0,8.6504,8.6504,8.6455
1722,0.0,0.0066,0.0066,0.0012,0.0,1.0,0.0,8.8423,0.0,0.0,0.0,0.0,8.842299999999998,8.842299999999998,8.8403
1723,0.0,0.0072,0.0072,0.0013,0.0,1.0,0.0,9.1848,0.0,0.0,0.0,0.0,9.1848,9.1848,9.1854
1724,0.0,0.0054,0.0054,0.001,0.0,1.0,0.0,8.7832,0.0,0.0,0.0,0.0,8.783200000000003,8.783200000000003,8.7864
1725,0.0,0.0063,0.0063,0.0011,0.0,1.0,0.0,9.1657,0.0,0.0,0.0,0.0,9.165700000000001,9.165700000000001,9.1669
1726,0.0,0.0064,0.0064,0.0012,0.0,1.0,0.0,8.1259,0.0,0.0,0.0,0.0,8.1259,8.1259,8.1232
1727,0.0,0.0068,0.0068,0.0012,0.0,1.0,0.0,8.6411,0.0,0.0,0.0,0.0,8.6411,8.6411,8.6364
1728,0.0,0.0078,0.0078,0.0014,0.0,1.0,0.0,9.1059,0.0,0.0,0.0,0.0,9.1059,9.1059,9.1037
1729,0.0,0.0056,0.0056,0.001,0.0,1.0,0.0,8.0894,0.0,0.0,0.0,0.0,8.089400000000001,8.089400000000001,8.0903
1730,0.0,0.0055,0.0055,0.001,0.0,1.0,0.0,8.2664,0.0,0.0,0.0,0.0,8.266399999999999,8.266399999999999,8.2705
1731,0.0,0.0061,0.0061,0.0011,0.0,1.0,0.0,8.3924,0.0,0.0,0.0,0.0,8.392399999999999,8.392399999999999,8.3963
1732,0.0,0.006,0.006,0.0011,0.0,1.0,0.0,8.5419,0.0,0.0,0.0,0.0,8.5419,8.5419,8.5374
1733,0.0,0.0066,0.0066,0.0012,0.0,1.0,0.0,8.8747,0.0,0.0,0.0,0.0,8.874699999999999,8.874699999999999,8.8717
1734,0.0,0.0072,0.0072,0.0013,0.0,1.0,0.0,8.0584,0.0,0.0,0.0,0.0,8.0584,8.0584,8.057
1735,0.0,0.0075,0.0075,0.0013,0.0,1.0,0.0,9.796,0.0,0.0,0.0,0.0,9.796,9.796,9.7998
1736,0.0,0.0071,0.0071,0.0013,0.0,1.0,0.0,10.186,0.0,0.0,0.0,0.0,10.186000000000002,10.186000000000002,10.187
1737,0.0,0.0058,0.0058,0.001,0.0,1.0,0.0,9.3031,0.0,0.0,0.0,0.0,9.3031,9.3031,9.3053
1738,0.0,0.0066,0.0066,0.0012,0.0,1.0,0.0,8.5544,0.0,0.0,0.0,0.0,8.5544,8.5544,8.5553
1739,0.0,0.0067,0.0067,0.0012,0.0,1.0,0.0,8.1174,0.0,0.0,0.0,0.0,8.1174,8.1174,8.116
1740,0.0,0.0066,0.0066,0.0012,0.0,1.0,0.0,8.2162,0.0,0.0,0.0,0.0,8.2162,8.2162,8.2122
1741,0.0,0.0074,0.0074,0.0013,0.0,1.0,0.0,8.9035,0.0,0.0,0.0,0.0,8.903500000000001,8.903500000000001,8.9009
1742,0.0,0.0059,0.0059,0.0011,0.0,1.0,0.0,8.7408,0.0,0.0,0.0,0.0,8.7408,8.7408,8.7428
1743,0.0,0.0068,0.0068,0.0012,0.0,1.0,0.0,8.2278,0.0,0.0,0.0,0.0,8.227800000000002,8.227800000000002,8.2294
1744,0.0,0.0062,0.0062,0.0011,0.0,1.0,0.0,9.0499,0.0,0.0,0.0,0.0,9.0499,9.0499,9.0485
1745,0.0,0.0073,0.0073,0.0013,0.0,1.0,0.0,8.8095,0.0,0.0,0.0,0.0,8.8095,8.8095,8.8054
1746,0.0,0.0066,0.0066,0.0012,0.0,1.0,0.0,8.6994,0.0,0.0,0.0,0.0,8.6994,8.6994,8.697
1747,0.0,0.0064,0.0064,0.0012,0.0,1.0,0.0,8.5225,0.0,0.0,0.0,0.0,8.522499999999999,8.522499999999999,8.5224
1748,0.0,0.0054,0.0054,0.001,0.0,1.0,0.0,8.7771,0.0,0.0,0.0,0.0,8.7771,8.7771,8.7753
1749,0.0,0.0069,0.0069,0.0012,0.0,1.0,0.0,8.7568,0.0,0.0,0.0,0.0,8.756799999999998,8.756799999999998,8.7537
1750,0.0,0.0072,0.0072,0.0013,0.0,1.0,0.0,9.2399,0.0,0.0,0.0,0.0,9.239899999999999,9.239899999999999,9.2369
1751,0.0,0.0084,0.0084,0.0015,0.0,1.0,0.0,10.4472,0.0,0.0,0.0,0.0,10.447200000000002,10.447200000000002,10.4455
1752,0.0,0.0066,0.0066,0.0012,0.0,1.0,0.0,7.9288,0.0,0.0,0.0,0.0,7.928799999999999,7.928799999999999,7.9259
1753,0.0,0.0057,0.0057,0.001,0.0,1.0,0.0,7.776,0.0,0.0,0.0,0.0,7.776,7.776,7.7755
1754,0.0,0.0067,0.0067,0.0012,0.0,1.0,0.0,9.8885,0.0,0.0,0.0,0.0,9.888500000000002,9.888500000000002,9.8888
1755,0.0,0.0068,0.0068,0.0012,0.0,1.0,0.0,8.4986,0.0,0.0,0.0,0.0,8.4986,8.4986,8.5022
1756,0.0,0.0062,0.0062,0.0011,0.0,1.0,0.0,7.8746,0.0,0.0,0.0,0.0,7.8746,7.8746,7.8733
1757,0.0,0.0078,0.0078,0.0014,0.0,1.0,0.0,9.5219,0.0,0.0,0.0,0.0,9.521899999999999,9.521899999999999,9.5217
1758,0.0,0.0058,0.0058,0.001,0.0,1.0,0.0,8.6416,0.0,0.0,0.0,0.0,8.6416,8.6416,8.6378
1759,0.0,0.007,0.007,0.0013,0.0,1.0,0.0,8.471,0.0,0.0,0.0,0.0,8.471,8.471,8.4686
1760,0.0,0.0068,0.0068,0.0012,0.0,1.0,0.0,9.6572,0.0,0.0,0.0,0.0,9.657200000000001,9.657200000000001,9.656
1761,0.0,0.0075,0.0075,0.0014,0.0,1.0,0.0,9.4616,0.0,0.0,0.0,0.0,9.4616,9.4616,9.46
1762,0.0,0.0059,0.0059,0.0011,0.0,1.0,0.0,8.0009,0.0,0.0,0.0,0.0,8.0009,8.0009,7.996
1763,0.0,0.0061,0.0061,0.0011,0.0,1.0,0.0,8.9514,0.0,0.0,0.0,0.0,8.9514,8.9514,8.9512
1764,0.0,0.0063,0.0063,0.0011,0.0,1.0,0.0,8.3552,0.0,0.0,0.0,0.0,8.355200000000002,8.355200000000002,8.3503
1765,0.0,0.0059,0.0059,0.0011,0.0,1.0,0.0,8.8217,0.0,0.0,0.0,0.0,8.821700000000002,8.821700000000002,8.8181
1766,0.0,0.0069,0.0069,0.0012,0.0,1.0,0.0,8.4921,0.0,0.0,0.0,0.0,8.4921,8.4921,8.4925
1767,0.0,0.0054,0.0054,0.001,0.0,1.0,0.0,8.0888,0.0,0.0,0.0,0.0,8.0888,8.0888,8.0898
1768,0.0,0.0069,0.0069,0.0012,0.0,1.0,0.0,8.5466,0.0,0.0,0.0,0.0,8.5466,8.5466,8.551
1769,0.0,0.0064,0.0064,0.0012,0.0,1.0,0.0,9.0727,0.0,0.0,0.0,0.0,9.0727,9.0727,9.0765
1770,0.0,0.0069,0.0069,0.0012,0.0,1.0,0.0,8.1575,0.0,0.0,0.0,0.0,8.1575,8.1575,8.1537
1771,0.0,0.0056,0.0056,0.001,0.0,1.0,0.0,8.3625,0.0,0.0,0.0,0.0,8.362499999999999,8.362499999999999,8.3577
1772,0.0,0.0064,0.0064,0.0012,0.0,1.0,0.0,9.8443,0.0,0.0,0.0,0.0,9.8443,9.8443,9.8425
1773,0.0,0.0063,0.0063,0.0011,0.0,1.0,0.0,7.4965,0.0,0.0,0.0,0.0,7.496499999999999,7.496499999999999,7.4984
1774,0.0,0.0076,0.0076,0.0014,0.0,1.0,0.0,8.5372,0.0,0.0,0.0,0.0,8.537199999999999,8.537199999999999,8.536
1775,0.0,0.0061,0.0061,0.0011,0.0,1.0,0.0,7.9748,0.0,0.0,0.0,0.0,7.9748,7.9748,7.9736
1776,0.0,0.0066,0.0066,0.0012,0.0,1.0,0.0,9.2143,0.0,0.0,0.0,0.0,9.2143,9.2143,9.2157
1777,0.0,0.0052,0.0052,0.0009,0.0,1.0,0.0,8.3888,0.0,0.0,0.0,0.0,8.388800000000002,8.388800000000002,8.3852
1778,0.0,0.0077,0.0077,0.0014,0.0,1.0,0.0,8.7418,0.0,0.0,0.0,0.0,8.741800000000001,8.741800000000001,8.7458
1779,0.0,0.0056,0.0056,0.001,0.0,1.0,0.0,7.8449,0.0,0.0,0.0,0.0,7.8449,7.8449,7.8463
1780,0.0,0.0069,0.0069,0.0012,0.0,1.0,0.0,8.9362,0.0,0.0,0.0,0.0,8.9362,8.9362,8.9394
1781,0.0,0.0073,0.0073,0.0013,0.0,1.0,0.0,8.3434,0.0,0.0,0.0,0.0,8.343399999999999,8.343399999999999,8.3459
1782,0.0,0.0075,0.0075,0.0013,0.0,1.0,0.0,8.9141,0.0,0.0,0.0,0.0,8.9141,8.9141,8.9094
1783,0.0,0.006,0.006,0.0011,0.0,1.0,0.0,7.8723,0.0,0.0,0.0,0.0,7.872300000000001,7.872300000000001,7.8675
1784,0.0,0.0064,0.0064,0.0012,0.0,1.0,0.0,8.6271,0.0,0.0,0.0,0.0,8.6271,8.6271,8.6274
1785,0.0,0.0073,0.0073,0.0013,0.0,1.0,0.0,8.9606,0.0,0.0,0.0,0.0,8.960600000000001,8.960600000000001,8.962
1786,0.0,0.0059,0.0059,0.0011,0.0,1.0,0.0,8.1419,0.0,0.0,0.0,0.0,8.1419,8.1419,8.1381
1787,0.0,0.0063,0.0063,0.0011,0.0,1.0,0.0,8.2757,0.0,0.0,0.0,0.0,8.2757,8.2757,8.2717
1788,0.0,0.007,0.007,0.0013,0.0,1.0,0.0,8.9478,0.0,0.0,0.0,0.0,8.947799999999999,8.947799999999999,8.9514
1789,0.0,0.0054,0.0054,0.001,0.0,1.0,0.0,8.3508,0.0,0.0,0.0,0.0,8.3508,8.3508,8.3545
1790,0.0,0.0076,0.0076,0.0014,0.0,1.0,0.0,8.1562,0.0,0.0,0.0,0.0,8.1562,8.1562,8.1573
1791,0.0,0.0071,0.0071,0.0013,0.0,1.0,0.0,8.9963,0.0,0.0,0.0,0.0,8.9963,8.9963,8.9993
1792,0.0,0.0053,0.0053,0.001,0.0,1.0,0.0,8.3365,0.0,0.0,0.0,0.0,8.336500000000001,8.336500000000001,8.3369
1793,0.0,0.0071,0.0071,0.0013,0.0,1.0,0.0,9.0197,0.0,0.0,0.0,0.0,9.0197,9.0197,9.0202
1794,0.0,0.0071,0.0071,0.0013,0.0,1.0,0.0,8.7476,0.0,0.0,0.0,0.0,8.7476,8.7476,8.7455
1795,0.0,0.0065,0.0065,0.0012,0.0,1.0,0.0,8.9682,0.0,0.0,0.0,0.0,8.9682,8.9682,8.9642
1796,0.0,0.0062,0.0062,0.0011,0.0,1.0,0.0,8.4705,0.0,0.0,0.0,0.0,8.4705,8.4705,8.4718
1797,0.0,0.0066,0.0066,0.0012,0.0,1.0,0.0,8.6082,0.0,0.0,0.0,0.0,8.6082,8.6082,8.6119
1798,0.0,0.0069,0.0069,0.0012,0.0,1.0,0.0,9.2962,0.0,0.0,0.0,0.0,9.2962,9.2962,9.2955
1799,0.0,0.0078,0.0078,0.0014,0.0,1.0,0.0,9.1394,0.0,0.0,0.0,0.0,9.1394,9.1394,9.1354
1800,0.0,0.0065,0.0065,0.0012,0.0,1.0,0.0,8.7555,0.0,0.0,0.0,0.0,8.7555,8.7555,8.7581
1801,0.0,0.0068,0.0068,0.0012,0.0,1.0,0.0,9.9875,0.0,0.0,0.0,0.0,9.987499999999999,9.987499999999999,9.9882
1802,0.0,0.005,0.005,0.0009,0.0,1.0,0.0,7.6581,0.0,0.0,0.0,0.0,7.658099999999999,7.658099999999999,7.6625
1803,0.0,0.0079,0.0079,0.0014,0.0,1.0,0.0,8.7055,0.0,0.0,0.0,0.0,8.705499999999999,8.705499999999999,8.7017
1804,0.0,0.0061,0.0061,0.0011,0.0,1.0,0.0,8.3907,0.0,0.0,0.0,0.0,8.3907,8.3907,8.3951
1805,0.0,0.0073,0.0073,0.0013,0.0,1.0,0.0,10.3277,0.0,0.0,0.0,0.0,10.3277,10.3277,10.3314
1806,0.0,0.0065,0.0065,0.0012,0.0,1.0,0.0,9.2834,0.0,0.0,0.0,0.0,9.2834,9.2834,9.2849
1807,0.0,0.0075,0.0075,0.0014,0.0,1.0,0.0,9.2885,0.0,0.0,0.0,0.0,9.2885,9.2885,9.2879
1808,0.0,0.0066,0.0066,0.0012,0.0,1.0,0.0,8.2018,0.0,0.0,0.0,0.0,8.2018,8.2018,8.2055
1809,0.0,0.0068,0.0068,0.0012,0.0,1.0,0.0,8.5628,0.0,0.0,0.0,0.0,8.562800000000001,8.562800000000001,8.5632
1810,0.0,0.0085,0.0085,0.0015,0.0,1.0,0.0,9.591,0.0,0.0,0.0,0.0,9.591000000000001,9.591000000000001,9.5892
1811,0.0,0.0065,0.0065,0.0012,0.0,1.0,0.0,8.7131,0.0,0.0,0.0,0.0,8.7131,8.7131,8.7119
1812,0.0,0.0061,0.0061,0.0011,0.0,1.0,0.0,8.2862,0.0,0.0,0.0,0.0,8.2862,8.2862,8.2824
1813,0.0,0.0071,0.0071,0.0013,0.0,1.0,0.0,9.0748,0.0,0.0,0.0,0.0,9.0748,9.0748,9.0787
1814,0.0,0.0053,0.0053,0.0009,0.0,1.0,0.0,8.0714,0.0,0.0,0.0,0.0,8.071399999999999,8.071399999999999,8.0721
1815,0.0,0.0058,0.0058,0.0011,0.0,1.0,0.0,7.3574,0.0,0.0,0.0,0.0,7.357399999999999,7.357399999999999,7.3596
1816,0.0,0.0064,0.0064,0.0011,0.0,1.0,0.0,7.8525,0.0,0.0,0.0,0.0,7.852500000000001,7.852500000000001,7.856
1817,0.0,0.0075,0.0075,0.0013,0.0,1.0,0.0,9.1542,0.0,0.0,0.0,0.0,9.1542,9.1542,9.1588
1818,0.0,0.0071,0.0071,0.0013,0.0,1.0,0.0,9.4757,0.0,0.0,0.0,0.0,9.4757,9.4757,9.4729
1819,0.0,0.0051,0.0051,0.0009,0.0,1.0,0.0,8.4025,0.0,0.0,0.0,0.0,8.4025,8.4025,8.4063
1820,0.0,0.006,0.006,0.0011,0.0,1.0,0.0,8.4582,0.0,0.0,0.0,0.0,8.458200000000001,8.458200000000001,8.4573
1821,0.0,0.0078,0.0078,0.0014,0.0,1.0,0.0,9.124,0.0,0.0,0.0,0.0,9.124,9.124,9.1236
1822,0.0,0.007,0.007,0.0013,0.0,1.0,0.0,8.3879,0.0,0.0,0.0,0.0,8.3879,8.3879,8.3863
1823,0.0,0.007,0.007,0.0013,0.0,1.0,0.0,9.2807,0.0,0.0,0.0,0.0,9.2807,9.2807,9.2805
1824,0.0,0.0051,0.0051,0.0009,0.0,1.0,0.0,8.3496,0.0,0.0,0.0,0.0,8.3496,8.3496,8.3485
1825,0.0,0.0067,0.0067,0.0012,0.0,1.0,0.0,9.055,0.0,0.0,0.0,0.0,9.055,9.055,9.0553
1826,0.0,0.0068,0.0068,0.0012,0.0,1.0,0.0,9.3699,0.0,0.0,0.0,0.0,9.3699,9.3699,9.3697
1827,0.0,0.0069,0.0069,0.0012,0.0,1.0,0.0,8.2811,0.0,0.0,0.0,0.0,8.281099999999999,8.281099999999999,8.2764
1828,0.0,0.006,0.006,0.0011,0.0,1.0,0.0,8.696,0.0,0.0,0.0,0.0,8.696000000000002,8.696000000000002,8.6918
1829,0.0,0.0066,0.0066,0.0012,0.0,1.0,0.0,9.6116,0.0,0.0,0.0,0.0,9.6116,9.6116,9.6136
1830,0.0,0.0065,0.0065,0.0012,0.0,1.0,0.0,8.9965,0.0,0.0,0.0,0.0,8.996500000000001,8.996500000000001,8.9935
1831,0.0,0.0063,0.0063,0.0011,0.0,1.0,0.0,8.2948,0.0,0.0,0.0,0.0,8.2948,8.2948,8.2945
1832,0.0,0.0074,0.0074,0.0013,0.0,1.0,0.0,9.2046,0.0,0.0,0.0,0.0,9.204600000000001,9.204600000000001,9.205
1833,0.0,0.0063,0.0063,0.0011,0.0,1.0,0.0,8.8492,0.0,0.0,0.0,0.0,8.8492,8.8492,8.8475
1834,0.0,0.0072,0.0072,0.0013,0.0,1.0,0.0,8.851,0.0,0.0,0.0,0.0,8.850999999999999,8.850999999999999,8.8474
1835,0.0,0.0079,0.0079,0.0014,0.0,1.0,0.0,9.6566,0.0,0.0,0.0,0.0,9.6566,9.6566,9.6614
1836,0.0,0.0078,0.0078,0.0014,0.0,1.0,0.0,9.5862,0.0,0.0,0.0,0.0,9.5862,9.5862,9.5848
1837,0.0,0.0075,0.0075,0.0013,0.0,1.0,0.0,8.9825,0.0,0.0,0.0,0.0,8.9825,8.9825,8.9784
1838,0.0,0.0068,0.0068,0.0012,0.0,1.0,0.0,8.4704,0.0,0.0,0.0,0.0,8.470400000000001,8.470400000000001,8.4726
1839,0.0,0.0055,0.0055,0.001,0.0,1.0,0.0,8.6471,0.0,0.0,0.0,0.0,8.647100000000002,8.647100000000002,8.6493
1840,0.0,0.0069,0.0069,0.0012,0.0,1.0,0.0,9.7295,0.0,0.0,0.0,0.0,9.729500000000002,9.729500000000002,9.7254
1841,0.0,0.0075,0.0075,0.0013,0.0,1.0,0.0,9.1395,0.0,0.0,0.0,0.0,9.1395,9.1395,9.1412
1842,0.0,0.0074,0.0074,0.0013,0.0,1.0,0.0,9.1524,0.0,0.0,0.0,0.0,9.1524,9.1524,9.1562
1843,0.0,0.0076,0.0076,0.0014,0.0,1.0,0.0,9.0309,0.0,0.0,0.0,0.0,9.030899999999999,9.030899999999999,9.026
1844,0.0,0.0056,0.0056,0.001,0.0,1.0,0.0,9.5037,0.0,0.0,0.0,0.0,9.503700000000002,9.503700000000002,9.5003
1845,0.0,0.0066,0.0066,0.0012,0.0,1.0,0.0,8.5845,0.0,0.0,0.0,0.0,8.5845,8.5845,8.5885
1846,0.0,0.0054,0.0054,0.001,0.0,1.0,0.0,7.3697,0.0,0.0,0.0,0.0,7.369700000000001,7.369700000000001,7.3745
1847,0.0,0.0049,0.0049,0.0009,0.0,1.0,0.0,8.4001,0.0,0.0,0.0,0.0,8.4001,8.4001,8.3958
1848,0.0,0.0063,0.0063,0.0011,0.0,1.0,0.0,8.9454,0.0,0.0,0.0,0.0,8.9454,8.9454,8.9472
1849,0.0,0.0066,0.0066,0.0012,0.0,1.0,0.0,9.1107,0.0,0.0,0.0,0.0,9.110699999999998,9.110699999999998,9.1065
1850,0.0,0.0064,0.0064,0.0012,0.0,1.0,0.0,8.7391,0.0,0.0,0.0,0.0,8.739099999999999,8.739099999999999,8.7343
1851,0.0,0.0064,0.0064,0.0011,0.0,1.0,0.0,8.6649,0.0,0.0,0.0,0.0,8.6649,8.6649,8.6676
1852,0.0,0.0075,0.0075,0.0014,0.0,1.0,0.0,8.7499,0.0,0.0,0.0,0.0,8.7499,8.7499,8.7469
1853,0.0,0.0057,0.0057,0.001,0.0,1.0,0.0,7.9996,0.0,0.0,0.0,0.0,7.9996,7.9996,8.0018
1854,0.0,0.0076,0.0076,0.0014,0.0,1.0,0.0,9.176,0.0,0.0,0.0,0.0,9.176,9.176,9.1801
1855,0.0,0.0064,0.0064,0.0012,0.0,1.0,0.0,8.2673,0.0,0.0,0.0,0.0,8.267299999999999,8.267299999999999,8.2671
1856,0.0,0.0057,0.0057,0.001,0.0,1.0,0.0,8.0541,0.0,0.0,0.0,0.0,8.0541,8.0541,8.0512
1857,0.0,0.007,0.007,0.0013,0.0,1.0,0.0,8.5852,0.0,0.0,0.0,0.0,8.5852,8.5852,8.5858
1858,0.0,0.0071,0.0071,0.0013,0.0,1.0,0.0,9.5697,0.0,0.0,0.0,0.0,9.569700000000001,9.569700000000001,9.5728
1859,0.0,0.0064,0.0064,0.0012,0.0,1.0,0.0,8.6317,0.0,0.0,0.0,0.0,8.6317,8.6317,8.6271
1860,0.0,0.0079,0.0079,0.0014,0.0,1.0,0.0,9.2313,0.0,0.0,0.0,0.0,9.2313,9.2313,9.227
1861,0.0,0.0066,0.0066,0.0012,0.0,1.0,0.0,8.0926,0.0,0.0,0.0,0.0,8.092600000000001,8.092600000000001,8.0886
1862,0.0,0.0054,0.0054,0.001,0.0,1.0,0.0,8.3154,0.0,0.0,0.0,0.0,8.3154,8.3154,8.3178
1863,0.0,0.0062,0.0062,0.0011,0.0,1.0,0.0,7.9816,0.0,0.0,0.0,0.0,7.9816,7.9816,7.9767
1864,0.0,0.0062,0.0062,0.0011,0.0,1.0,0.0,8.8093,0.0,0.0,0.0,0.0,8.8093,8.8093,8.8081
1865,0.0,0.007,0.007,0.0013,0.0,1.0,0.0,8.2906,0.0,0.0,0.0,0.0,8.2906,8.2906,8.2897
1866,0.0,0.0066,0.0066,0.0012,0.0,1.0,0.0,8.3071,0.0,0.0,0.0,0.0,8.3071,8.3071,8.3101
1867,0.0,0.0072,0.0072,0.0013,0.0,1.0,0.0,10.2501,0.0,0.0,0.0,0.0,10.2501,10.2501,10.2478
1868,0.0,0.0061,0.0061,0.0011,0.0,1.0,0.0,8.3072,0.0,0.0,0.0,0.0,8.3072,8.3072,8.3057
1869,0.0,0.0053,0.0053,0.001,0.0,1.0,0.0,9.1692,0.0,0.0,0.0,0.0,9.1692,9.1692,9.1667
1870,0.0,0.007,0.007,0.0013,0.0,1.0,0.0,8.3903,0.0,0.0,0.0,0.0,8.390300000000002,8.390300000000002,8.3919
1871,0.0,0.0061,0.0061,0.0011,0.0,1.0,0.0,8.1352,0.0,0.0,0.0,0.0,8.1352,8.1352,8.1319
1872,0.0,0.006,0.006,0.0011,0.0,1.0,0.0,8.5836,0.0,0.0,0.0,0.0,8.5836,8.5836,8.5792
1873,0.0,0.0069,0.0069,0.0012,0.0,1.0,0.0,8.0555,0.0,0.0,0.0,0.0,8.0555,8.0555,8.0521
1874,0.0,0.0066,0.0066,0.0012,0.0,1.0,0.0,8.1261,0.0,0.0,0.0,0.0,8.1261,8.1261,8.1267
1875,0.0,0.0067,0.0067,0.0012,0.0,1.0,0.0,7.6892,0.0,0.0,0.0,0.0,7.689199999999999,7.689199999999999,7.6895
1876,0.0,0.0063,0.0063,0.0011,0.0,1.0,0.0,8.2107,0.0,0.0,0.0,0.0,8.210700000000001,8.210700000000001,8.2077
1877,0.0,0.0053,0.0053,0.0009,0.0,1.0,0.0,7.5633,0.0,0.0,0.0,0.0,7.563300000000001,7.563300000000001,7.5659
1878,0.0,0.0051,0.0051,0.0009,0.0,1.0,0.0,7.8541,0.0,0.0,0.0,0.0,7.8541,7.8541,7.8547
1879,0.0,0.006,0.006,0.0011,0.0,1.0,0.0,8.2095,0.0,0.0,0.0,0.0,8.209499999999998,8.209499999999998,8.2127
1880,0.0,0.0081,0.0081,0.0015,0.0,1.0,0.0,9.4088,0.0,0.0,0.0,0.0,9.4088,9.4088,9.4136
1881,0.0,0.0073,0.0073,0.0013,0.0,1.0,0.0,8.5621,0.0,0.0,0.0,0.0,8.562100000000001,8.562100000000001,8.5658
1882,0.0,0.0068,0.0068,0.0012,0.0,1.0,0.0,8.401,0.0,0.0,0.0,0.0,8.401,8.401,8.404
1883,0.0,0.0066,0.0066,0.0012,0.0,1.0,0.0,8.6154,0.0,0.0,0.0,0.0,8.615400000000001,8.615400000000001,8.613
1884,0.0,0.0063,0.0063,0.0011,0.0,1.0,0.0,8.8182,0.0,0.0,0.0,0.0,8.818200000000001,8.818200000000001,8.821
1885,0.0,0.0082,0.0082,0.0015,0.0,1.0,0.0,8.8422,0.0,0.0,0.0,0.0,8.8422,8.8422,8.845
1886,0.0,0.0065,0.0065,0.0012,0.0,1.0,0.0,8.9685,0.0,0.0,0.0,0.0,8.968499999999999,8.968499999999999,8.9643
1887,0.0,0.0067,0.0067,0.0012,0.0,1.0,0.0,8.5052,0.0,0.0,0.0,0.0,8.505199999999999,8.505199999999999,8.5032
1888,0.0,0.0066,0.0066,0.0012,0.0,1.0,0.0,9.3975,0.0,0.0,0.0,0.0,9.3975,9.3975,9.3983
1889,0.0,0.0069,0.0069,0.0013,0.0,1.0,0.0,9.6063,0.0,0.0,0.0,0.0,9.606300000000001,9.606300000000001,9.6057
1890,0.0,0.0069,0.0069,0.0012,0.0,1.0,0.0,8.2004,0.0,0.0,0.0,0.0,8.200399999999998,8.200399999999998,8.1991
1891,0.0,0.0079,0.0079,0.0014,0.0,1.0,0.0,9.0174,0.0,0.0,0.0,0.0,9.0174,9.0174,9.0209
1892,0.0,0.0063,0.0063,0.0011,0.0,1.0,0.0,7.8831,0.0,0.0,0.0,0.0,7.8831,7.8831,7.8875
1893,0.0,0.0051,0.0051,0.0009,0.0,1.0,0.0,7.8709,0.0,0.0,0.0,0.0,7.870900000000001,7.870900000000001,7.8679
1894,0.0,0.0069,0.0069,0.0012,0.0,1.0,0.0,9.5401,0.0,0.0,0.0,0.0,9.5401,9.5401,9.5384
1895,0.0,0.0082,0.0082,0.0015,0.0,1.0,0.0,8.9121,0.0,0.0,0.0,0.0,8.912099999999999,8.912099999999999,8.9087
1896,0.0,0.0063,0.0063,0.0011,0.0,1.0,0.0,8.5796,0.0,0.0,0.0,0.0,8.5796,8.5796,8.5836
1897,0.0,0.0064,0.0064,0.0012,0.0,1.0,0.0,8.3775,0.0,0.0,0.0,0.0,8.377500000000001,8.377500000000001,8.3777
1898,0.0,0.0055,0.0055,0.001,0.0,1.0,0.0,8.7931,0.0,0.0,0.0,0.0,8.793099999999999,8.793099999999999,8.7954
1899,0.0,0.0068,0.0068,0.0012,0.0,1.0,0.0,8.6056,0.0,0.0,0.0,0.0,8.6056,8.6056,8.605
1900,0.0,0.0057,0.0057,0.001,0.0,1.0,0.0,9.3571,0.0,0.0,0.0,0.0,9.3571,9.3571,9.358
1901,0.0,0.0059,0.0059,0.0011,0.0,1.0,0.0,7.4033,0.0,0.0,0.0,0.0,7.403300000000001,7.403300000000001,7.4064
1902,0.0,0.0058,0.0058,0.001,0.0,1.0,0.0,8.38,0.0,0.0,0.0,0.0,8.379999999999999,8.379999999999999,8.3794
1903,0.0,0.0079,0.0079,0.0014,0.0,1.0,0.0,9.5953,0.0,0.0,0.0,0.0,9.595300000000002,9.595300000000002,9.5909
1904,0.0,0.0054,0.0054,0.001,0.0,1.0,0.0,7.8545,0.0,0.0,0.0,0.0,7.8545,7.8545,7.8583
1905,0.0,0.0062,0.0062,0.0011,0.0,1.0,0.0,8.3334,0.0,0.0,0.0,0.0,8.3334,8.3334,8.3292
1906,0.0,0.0062,0.0062,0.0011,0.0,1.0,0.0,8.4061,0.0,0.0,0.0,0.0,8.4061,8.4061,8.4097
1907,0.0,0.007,0.007,0.0013,0.0,1.0,0.0,8.6468,0.0,0.0,0.0,0.0,8.646799999999999,8.646799999999999,8.643
1908,0.0,0.0076,0.0076,0.0014,0.0,1.0,0.0,9.3838,0.0,0.0,0.0,0.0,9.383799999999999,9.383799999999999,9.3827
1909,0.0,0.0055,0.0055,0.001,0.0,1.0,0.0,8.4615,0.0,0.0,0.0,0.0,8.4615,8.4615,8.4604
1910,0.0,0.007,0.007,0.0013,0.0,1.0,0.0,8.1526,0.0,0.0,0.0,0.0,8.1526,8.1526,8.1484
1911,0.0,0.006,0.006,0.0011,0.0,1.0,0.0,8.9962,0.0,0.0,0.0,0.0,8.9962,8.9962,8.9964
1912,0.0,0.007,0.007,0.0013,0.0,1.0,0.0,8.0818,0.0,0.0,0.0,0.0,8.0818,8.0818,8.0844
1913,0.0,0.0065,0.0065,0.0012,0.0,1.0,0.0,8.2163,0.0,0.0,0.0,0.0,8.2163,8.2163,8.2153
1914,0.0,0.0078,0.0078,0.0014,0.0,1.0,0.0,8.4972,0.0,0.0,0.0,0.0,8.497200000000001,8.497200000000001,8.4967
1915,0.0,0.0063,0.0063,0.0011,0.0,1.0,0.0,8.5024,0.0,0.0,0.0,0.0,8.5024,8.5024,8.5025
1916,0.0,0.0064,0.0064,0.0011,0.0,1.0,0.0,8.8554,0.0,0.0,0.0,0.0,8.855400000000001,8.855400000000001,8.8572
1917,0.0,0.005,0.005,0.0009,0.0,1.0,0.0,7.8344,0.0,0.0,0.0,0.0,7.834400000000001,7.834400000000001,7.8363
1918,0.0,0.0073,0.0073,0.0013,0.0,1.0,0.0,8.9967,0.0,0.0,0.0,0.0,8.9967,8.9967,8.9926
1919,0.0,0.006,0.006,0.0011,0.0,1.0,0.0,8.679,0.0,0.0,0.0,0.0,8.679,8.679,8.6837
1920,0.0,0.0051,0.0051,0.0009,0.0,1.0,0.0,7.4017,0.0,0.0,0.0,0.0,7.4017,7.4017,7.4039
1921,0.0,0.0063,0.0063,0.0011,0.0,1.0,0.0,8.6557,0.0,0.0,0.0,0.0,8.6557,8.6557,8.6591
1922,0.0,0.007,0.007,0.0013,0.0,1.0,0.0,9.384,0.0,0.0,0.0,0.0,9.383999999999999,9.383999999999999,9.3883
1923,0.0,0.0064,0.0064,0.0012,0.0,1.0,0.0,7.877,0.0,0.0,0.0,0.0,7.876999999999999,7.876999999999999,7.8733
1924,0.0,0.006,0.006,0.0011,0.0,1.0,0.0,8.7371,0.0,0.0,0.0,0.0,8.737100000000002,8.737100000000002,8.7394
1925,0.0,0.0071,0.0071,0.0013,0.0,1.0,0.0,7.9887,0.0,0.0,0.0,0.0,7.9887,7.9887,7.9856
1926,0.0,0.0071,0.0071,0.0013,0.0,1.0,0.0,9.1849,0.0,0.0,0.0,0.0,9.1849,9.1849,9.1812
1927,0.0,0.0057,0.0057,0.001,0.0,1.0,0.0,8.5496,0.0,0.0,0.0,0.0,8.549599999999998,8.549599999999998,8.5498
1928,0.0,0.0077,0.0077,0.0014,0.0,1.0,0.0,8.2859,0.0,0.0,0.0,0.0,8.285900000000002,8.285900000000002,8.2827
1929,0.0,0.0063,0.0063,0.0011,0.0,1.0,0.0,9.3278,0.0,0.0,0.0,0.0,9.327800000000002,9.327800000000002,9.3302
1930,0.0,0.0074,0.0074,0.0013,0.0,1.0,0.0,8.7083,0.0,0.0,0.0,0.0,8.708300000000001,8.708300000000001,8.7109
1931,0.0,0.006,0.006,0.0011,0.0,1.0,0.0,8.7805,0.0,0.0,0.0,0.0,8.780500000000002,8.780500000000002,8.7842
1932,0.0,0.0052,0.0052,0.0009,0.0,1.0,0.0,8.4427,0.0,0.0,0.0,0.0,8.4427,8.4427,8.4466
1933,0.0,0.007,0.007,0.0013,0.0,1.0,0.0,8.5395,0.0,0.0,0.0,0.0,8.5395,8.5395,8.536
1934,0.0,0.0079,0.0079,0.0014,0.0,1.0,0.0,10.1609,0.0,0.0,0.0,0.0,10.160900000000002,10.160900000000002,10.163
1935,0.0,0.0061,0.0061,0.0011,0.0,1.0,0.0,8.9506,0.0,0.0,0.0,0.0,8.950600000000001,8.950600000000001,8.9465
1936,0.0,0.006,0.006,0.0011,0.0,1.0,0.0,7.9512,0.0,0.0,0.0,0.0,7.951199999999999,7.951199999999999,7.9558
1937,0.0,0.0085,0.0085,0.0015,0.0,1.0,0.0,8.7294,0.0,0.0,0.0,0.0,8.7294,8.7294,8.7332
1938,0.0,0.0074,0.0074,0.0013,0.0,1.0,0.0,8.2171,0.0,0.0,0.0,0.0,8.2171,8.2171,8.2203
1939,0.0,0.0061,0.0061,0.0011,0.0,1.0,0.0,7.7899,0.0,0.0,0.0,0.0,7.789900000000001,7.789900000000001,7.7878
1940,0.0,0.0066,0.0066,0.0012,0.0,1.0,0.0,8.4392,0.0,0.0,0.0,0.0,8.4392,8.4392,8.4431
1941,0.0,0.0059,0.0059,0.0011,0.0,1.0,0.0,8.4165,0.0,0.0,0.0,0.0,8.416500000000001,8.416500000000001,8.4189
1942,0.0,0.0076,0.0076,0.0014,0.0,1.0,0.0,9.5931,0.0,0.0,0.0,0.0,9.593099999999998,9.593099999999998,9.589
1943,0.0,0.0059,0.0059,0.0011,0.0,1.0,0.0,7.5943,0.0,0.0,0.0,0.0,7.5943,7.5943,7.5936
1944,0.0,0.0063,0.0063,0.0011,0.0,1.0,0.0,8.8234,0.0,0.0,0.0,0.0,8.8234,8.8234,8.8268
1945,0.0,0.0067,0.0067,0.0012,0.0,1.0,0.0,7.9399,0.0,0.0,0.0,0.0,7.939900000000001,7.939900000000001,7.9419
1946,0.0,0.0068,0.0068,0.0012,0.0,1.0,0.0,9.2112,0.0,0.0,0.0,0.0,9.211200000000002,9.211200000000002,9.216
1947,0.0,0.0068,0.0068,0.0012,0.0,1.0,0.0,9.0456,0.0,0.0,0.0,0.0,9.0456,9.0456,9.0492
1948,0.0,0.0054,0.0054,0.001,0.0,1.0,0.0,8.904,0.0,0.0,0.0,0.0,8.904000000000002,8.904000000000002,8.909
1949,0.0,0.006,0.006,0.0011,0.0,1.0,0.0,8.2951,0.0,0.0,0.0,0.0,8.2951,8.2951,8.2926
1950,0.0,0.0074,0.0074,0.0013,0.0,1.0,0.0,8.3467,0.0,0.0,0.0,0.0,8.346699999999998,8.346699999999998,8.3444
1951,0.0,0.0065,0.0065,0.0012,0.0,1.0,0.0,8.5372,0.0,0.0,0.0,0.0,8.5372,8.5372,8.5391
1952,0.0,0.0064,0.0064,0.0012,0.0,1.0,0.0,8.5443,0.0,0.0,0.0,0.0,8.5443,8.5443,8.5489
1953,0.0,0.0057,0.0057,0.001,0.0,1.0,0.0,8.3016,0.0,0.0,0.0,0.0,8.3016,8.3016,8.3013
1954,0.0,0.0064,0.0064,0.0011,0.0,1.0,0.0,8.027,0.0,0.0,0.0,0.0,8.027,8.027,8.0285
1955,0.0,0.0079,0.0079,0.0014,0.0,1.0,0.0,9.8738,0.0,0.0,0.0,0.0,9.873800000000001,9.873800000000001,9.8784
1956,0.0,0.0071,0.0071,0.0013,0.0,1.0,0.0,8.8292,0.0,0.0,0.0,0.0,8.829199999999998,8.829199999999998,8.8301
1957,0.0,0.0057,0.0057,0.001,0.0,1.0,0.0,8.8368,0.0,0.0,0.0,0.0,8.8368,8.8368,8.8349
1958,0.0,0.0076,0.0076,0.0014,0.0,1.0,0.0,9.7401,0.0,0.0,0.0,0.0,9.740099999999998,9.740099999999998,9.7401
1959,0.0,0.0078,0.0078,0.0014,0.0,1.0,0.0,9.3159,0.0,0.0,0.0,0.0,9.3159,9.3159,9.3165
1960,0.0,0.0075,0.0075,0.0014,0.0,1.0,0.0,8.9023,0.0,0.0,0.0,0.0,8.9023,8.9023,8.9057
1961,0.0,0.0064,0.0064,0.0012,0.0,1.0,0.0,8.9301,0.0,0.0,0.0,0.0,8.9301,8.9301,8.9291
1962,0.0,0.006,0.006,0.0011,0.0,1.0,0.0,8.9526,0.0,0.0,0.0,0.0,8.952599999999999,8.952599999999999,8.9481
1963,0.0,0.0065,0.0065,0.0012,0.0,1.0,0.0,8.2009,0.0,0.0,0.0,0.0,8.200899999999999,8.200899999999999,8.2013
1964,0.0,0.0058,0.0058,0.001,0.0,1.0,0.0,8.7898,0.0,0.0,0.0,0.0,8.7898,8.7898,8.7877
1965,0.0,0.0061,0.0061,0.0011,0.0,1.0,0.0,8.4336,0.0,0.0,0.0,0.0,8.4336,8.4336,8.4352
1966,0.0,0.0065,0.0065,0.0012,0.0,1.0,0.0,8.0929,0.0,0.0,0.0,0.0,8.0929,8.0929,8.0945
1967,0.0,0.007,0.007,0.0013,0.0,1.0,0.0,9.0341,0.0,0.0,0.0,0.0,9.034099999999999,9.034099999999999,9.0367
1968,0.0,0.0071,0.0071,0.0013,0.0,1.0,0.0,8.5472,0.0,0.0,0.0,0.0,8.547199999999998,8.547199999999998,8.5481
1969,0.0,0.0062,0.0062,0.0011,0.0,1.0,0.0,8.3483,0.0,0.0,0.0,0.0,8.3483,8.3483,8.3491
1970,0.0,0.0061,0.0061,0.0011,0.0,1.0,0.0,8.8504,0.0,0.0,0.0,0.0,8.8504,8.8504,8.85
1971,0.0,0.0058,0.0058,0.001,0.0,1.0,0.0,8.2232,0.0,0.0,0.0,0.0,8.223199999999999,8.223199999999999,8.2261
1972,0.0,0.008,0.008,0.0014,0.0,1.0,0.0,9.1806,0.0,0.0,0.0,0.0,9.180599999999998,9.180599999999998,9.1847
1973,0.0,0.0064,0.0064,0.0011,0.0,1.0,0.0,9.3095,0.0,0.0,0.0,0.0,9.3095,9.3095,9.3139
1974,0.0,0.0061,0.0061,0.0011,0.0,1.0,0.0,8.6633,0.0,0.0,0.0,0.0,8.6633,8.6633,8.6677
1975,0.0,0.0061,0.0061,0.0011,0.0,1.0,0.0,8.4666,0.0,0.0,0.0,0.0,8.4666,8.4666,8.4618
1976,0.0,0.0051,0.0051,0.0009,0.0,1.0,0.0,7.9179,0.0,0.0,0.0,0.0,7.9179,7.9179,7.9204
1977,0.0,0.0075,0.0075,0.0013,0.0,1.0,0.0,9.2626,0.0,0.0,0.0,0.0,9.2626,9.2626,9.2665
1978,0.0,0.0063,0.0063,0.0011,0.0,1.0,0.0,7.973,0.0,0.0,0.0,0.0,7.973000000000001,7.973000000000001,7.9693
1979,0.0,0.0066,0.0066,0.0012,0.0,1.0,0.0,9.791,0.0,0.0,0.0,0.0,9.791,9.791,9.7879
1980,0.0,0.0054,0.0054,0.001,0.0,1.0,0.0,8.2715,0.0,0.0,0.0,0.0,8.2715,8.2715,8.27
1981,0.0,0.0075,0.0075,0.0014,0.0,1.0,0.0,9.6154,0.0,0.0,0.0,0.0,9.615400000000003,9.615400000000003,9.6176
1982,0.0,0.0062,0.0062,0.0011,0.0,1.0,0.0,7.8241,0.0,0.0,0.0,0.0,7.8241,7.8241,7.8225
1983,0.0,0.0081,0.0081,0.0015,0.0,1.0,0.0,8.9365,0.0,0.0,0.0,0.0,8.936499999999999,8.936499999999999,8.9385
1984,0.0,0.0065,0.0065,0.0012,0.0,1.0,0.0,8.7262,0.0,0.0,0.0,0.0,8.7262,8.7262,8.7216
1985,0.0,0.0063,0.0063,0.0011,0.0,1.0,0.0,8.4189,0.0,0.0,0.0,0.0,8.418899999999997,8.418899999999997,8.4164
1986,0.0,0.0062,0.0062,0.0011,0.0,1.0,0.0,8.1982,0.0,0.0,0.0,0.0,8.1982,8.1982,8.1965
1987,0.0,0.006,0.006,0.0011,0.0,1.0,0.0,8.7082,0.0,0.0,0.0,0.0,8.7082,8.7082,8.713
1988,0.0,0.0059,0.0059,0.0011,0.0,1.0,0.0,7.9674,0.0,0.0,0.0,0.0,7.9674000000000005,7.9674000000000005,7.9633
1989,0.0,0.0053,0.0053,0.001,0.0,1.0,0.0,8.663,0.0,0.0,0.0,0.0,8.662999999999998,8.662999999999998,8.6654
1990,0.0,0.0061,0.0061,0.0011,0.0,1.0,0.0,7.9467,0.0,0.0,0.0,0.0,7.946700000000001,7.946700000000001,7.9503
1991,0.0,0.008,0.008,0.0014,0.0,1.0,0.0,9.6081,0.0,0.0,0.0,0.0,9.6081,9.6081,9.6125
1992,0.0,0.0052,0.0052,0.0009,0.0,1.0,0.0,7.8354,0.0,0.0,0.0,0.0,7.835399999999999,7.835399999999999,7.8333
1993,0.0,0.0065,0.0065,0.0012,0.0,1.0,0.0,8.9606,0.0,0.0,0.0,0.0,8.9606,8.9606,8.9606
1994,0.0,0.0075,0.0075,0.0013,0.0,1.0,0.0,8.2079,0.0,0.0,0.0,0.0,8.2079,8.2079,8.2048
1995,0.0,0.0063,0.0063,0.0011,0.0,1.0,0.0,7.8569,0.0,0.0,0.0,0.0,7.8569,7.8569,7.8536
1996,0.0,0.0061,0.0061,0.0011,0.0,1.0,0.0,8.4731,0.0,0.0,0.0,0.0,8.4731,8.4731,8.477
1997,0.0,0.0056,0.0056,0.001,0.0,1.0,0.0,7.938,0.0,0.0,0.0,0.0,7.937999999999999,7.937999999999999,7.9418
1998,0.0,0.0074,0.0074,0.0013,0.0,1.0,0.0,9.2583,0.0,0.0,0.0,0.0,9.2583,9.2583,9.2621
1999,0.0,0.0057,0.0057,0.001,0.0,1.0,0.0,8.9105,0.0,0.0,0.0,0.0,8.9105,8.9105,8.9132
2000,0.0,0.0064,0.0064,0.0011,0.0,1.0,0.0,9.1248,0.0,0.0,0.0,0.0,9.124799999999999,9.124799999999999,9.1258
2001,0.0,0.0058,0.0058,0.001,0.0,1.0,0.0,8.2316,0.0,0.0,0.0,0.0,8.2316,8.2316,8.2359
2002,0.0,0.0071,0.0071,0.0013,0.0,1.0,0.0,9.1196,0.0,0.0,0.0,0.0,9.1196,9.1196,9.1165
2003,0.0,0.0066,0.0066,0.0012,0.0,1.0,0.0,9.4071,0.0,0.0,0.0,0.0,9.4071,9.4071,9.4117
2004,0.0,0.0068,0.0068,0.0012,0.0,1.0,0.0,9.3326,0.0,0.0,0.0,0.0,9.3326,9.3326,9.3332
2005,0.0,0.0064,0.0064,0.0011,0.0,1.0,0.0,8.4518,0.0,0.0,0.0,0.0,8.4518,8.4518,8.4472
2006,0.0,0.0073,0.0073,0.0013,0.0,1.0,0.0,9.4886,0.0,0.0,0.0,0.0,9.4886,9.4886,9.4908
2007,0.0,0.0062,0.0062,0.0011,0.0,1.0,0.0,8.6129,0.0,0.0,0.0,0.0,8.612900000000002,8.612900000000002,8.6176
2008,0.0,0.006,0.006,0.0011,0.0,1.0,0.0,7.8968,0.0,0.0,0.0,0.0,7.8968,7.8968,7.8957
2009,0.0,0.0062,0.0062,0.0011,0.0,1.0,0.0,8.8958,0.0,0.0,0.0,0.0,8.895800000000001,8.895800000000001,8.8956
2010,0.0,0.0071,0.0071,0.0013,0.0,1.0,0.0,9.1684,0.0,0.0,0.0,0.0,9.1684,9.1684,9.171
2011,0.0,0.0057,0.0057,0.001,0.0,1.0,0.0,8.3418,0.0,0.0,0.0,0.0,8.341800000000001,8.341800000000001,8.3449
2012,0.0,0.0071,0.0071,0.0013,0.0,1.0,0.0,9.582,0.0,0.0,0.0,0.0,9.582,9.582,9.584
2013,0.0,0.0069,0.0069,0.0012,0.0,1.0,0.0,9.9544,0.0,0.0,0.0,0.0,9.9544,9.9544,9.9566
2014,0.0,0.0066,0.0066,0.0012,0.0,1.0,0.0,8.2822,0.0,0.0,0.0,0.0,8.2822,8.2822,8.2871
2015,0.0,0.0061,0.0061,0.0011,0.0,1.0,0.0,7.8066,0.0,0.0,0.0,0.0,7.8066,7.8066,7.8034
2016,0.0,0.0076,0.0076,0.0014,0.0,1.0,0.0,8.6583,0.0,0.0,0.0,0.0,8.658300000000002,8.658300000000002,8.6561
2017,0.0,0.0072,0.0072,0.0013,0.0,1.0,0.0,9.6067,0.0,0.0,0.0,0.0,9.6067,9.6067,9.6052
2018,0.0,0.0071,0.0071,0.0013,0.0,1.0,0.0,8.6631,0.0,0.0,0.0,0.0,8.6631,8.6631,8.6605
2019,0.0,0.0084,0.0084,0.0015,0.0,1.0,0.0,9.3005,0.0,0.0,0.0,0.0,9.300500000000001,9.300500000000001,9.2993
2020,0.0,0.0056,0.0056,0.001,0.0,1.0,0.0,7.9904,0.0,0.0,0.0,0.0,7.9904,7.9904,7.9923
2021,0.0,0.0073,0.0073,0.0013,0.0,1.0,0.0,8.4054,0.0,0.0,0.0,0.0,8.4054,8.4054,8.4021
2022,0.0,0.0069,0.0069,0.0012,0.0,1.0,0.0,9.4346,0.0,0.0,0.0,0.0,9.4346,9.4346,9.4395
2023,0.0,0.0058,0.0058,0.001,0.0,1.0,0.0,8.5223,0.0,0.0,0.0,0.0,8.5223,8.5223,8.5227
2024,0.0,0.0052,0.0052,0.0009,0.0,1.0,0.0,7.7953,0.0,0.0,0.0,0.0,7.795299999999999,7.795299999999999,7.7988
2025,0.0,0.0074,0.0074,0.0013,0.0,1.0,0.0,9.2408,0.0,0.0,0.0,0.0,9.240800000000002,9.240800000000002,9.2424
2026,0.0,0.0078,0.0078,0.0014,0.0,1.0,0.0,8.9364,0.0,0.0,0.0,0.0,8.9364,8.9364,8.9402
2027,0.0,0.0072,0.0072,0.0013,0.0,1.0,0.0,8.8011,0.0,0.0,0.0,0.0,8.801099999999998,8.801099999999998,8.7995
2028,0.0,0.0059,0.0059,0.0011,0.0,1.0,0.0,8.3491,0.0,0.0,0.0,0.0,8.3491,8.3491,8.3484
2029,0.0,0.0059,0.0059,0.0011,0.0,1.0,0.0,7.9266,0.0,0.0,0.0,0.0,7.9266,7.9266,7.9299
2030,0.0,0.0076,0.0076,0.0014,0.0,1.0,0.0,9.2224,0.0,0.0,0.0,0.0,9.2224,9.2224,9.2183
2031,0.0,0.0074,0.0074,0.0013,0.0,1.0,0.0,9.2689,0.0,0.0,0.0,0.0,9.268899999999999,9.268899999999999,9.2689
2032,0.0,0.0066,0.0066,0.0012,0.0,1.0,0.0,8.6245,0.0,0.0,0.0,0.0,8.624500000000001,8.624500000000001,8.621
2033,0.0,0.0067,0.0067,0.0012,0.0,1.0,0.0,8.3889,0.0,0.0,0.0,0.0,8.388900000000001,8.388900000000001,8.3916
2034,0.0,0.0065,0.0065,0.0012,0.0,1.0,0.0,8.0348,0.0,0.0,0.0,0.0,8.0348,8.0348,8.0372
2035,0.0,0.0062,0.0062,0.0011,0.0,1.0,0.0,8.3474,0.0,0.0,0.0,0.0,8.3474,8.3474,8.346
2036,0.0,0.0073,0.0073,0.0013,0.0,1.0,0.0,8.067,0.0,0.0,0.0,0.0,8.067,8.067,8.069
2037,0.0,0.0072,0.0072,0.0013,0.0,1.0,0.0,9.2389,0.0,0.0,0.0,0.0,9.2389,9.2389,9.2348
2038,0.0,0.006,0.006,0.0011,0.0,1.0,0.0,8.3962,0.0,0.0,0.0,0.0,8.3962,8.3962,8.3945
2039,0.0,0.0068,0.0068,0.0012,0.0,1.0,0.0,8.6244,0.0,0.0,0.0,0.0,8.6244,8.6244,8.6198
2040,0.0,0.0066,0.0066,0.0012,0.0,1.0,0.0,8.1071,0.0,0.0,0.0,0.0,8.107099999999999,8.107099999999999,8.1116
2041,0.0,0.0063,0.0063,0.0011,0.0,1.0,0.0,8.7376,0.0,0.0,0.0,0.0,8.737599999999999,8.737599999999999,8.7415
2042,0.0,0.0061,0.0061,0.0011,0.0,1.0,0.0,8.8092,0.0,0.0,0.0,0.0,8.8092,8.8092,8.8137
2043,0.0,0.0064,0.0064,0.0012,0.0,1.0,0.0,8.2795,0.0,0.0,0.0,0.0,8.2795,8.2795,8.2818
2044,0.0,0.007,0.007,0.0013,0.0,1.0,0.0,8.6446,0.0,0.0,0.0,0.0,8.644599999999999,8.644599999999999,8.645
2045,0.0,0.0063,0.0063,0.0011,0.0,1.0,0.0,8.6195,0.0,0.0,0.0,0.0,8.6195,8.6195,8.6164
2046,0.0,0.0062,0.0062,0.0011,0.0,1.0,0.0,8.4809,0.0,0.0,0.0,0.0,8.4809,8.4809,8.4848
2047,0.0,0.0078,0.0078,0.0014,0.0,1.0,0.0,9.6504,0.0,0.0,0.0,0.0,9.6504,9.6504,9.6483
2048,0.0,0.0062,0.0062,0.0011,0.0,1.0,0.0,9.2413,0.0,0.0,0.0,0.0,9.2413,9.2413,9.2436
2049,0.0,0.0062,0.0062,0.0011,0.0,1.0,0.0,8.1307,0.0,0.0,0.0,0.0,8.1307,8.1307,8.1332
2050,0.0,0.0069,0.0069,0.0012,0.0,1.0,0.0,9.0863,0.0,0.0,0.0,0.0,9.086300000000001,9.086300000000001,9.0899
2051,0.0,0.0069,0.0069,0.0012,0.0,1.0,0.0,8.5979,0.0,0.0,0.0,0.0,8.5979,8.5979,8.5935
2052,0.0,0.0068,0.0068,0.0012,0.0,1.0,0.0,9.6268,0.0,0.0,0.0,0.0,9.6268,9.6268,9.6312
2053,0.0,0.0076,0.0076,0.0014,0.0,1.0,0.0,8.9664,0.0,0.0,0.0,0.0,8.9664,8.9664,8.9676
2054,0.0,0.007,0.007,0.0013,0.0,1.0,0.0,8.6691,0.0,0.0,0.0,0.0,8.6691,8.6691,8.6728
2055,0.0,0.0063,0.0063,0.0011,0.0,1.0,0.0,8.6819,0.0,0.0,0.0,0.0,8.6819,8.6819,8.6784
2056,0.0,0.0065,0.0065,0.0012,0.0,1.0,0.0,7.7468,0.0,0.0,0.0,0.0,7.7467999999999995,7.7467999999999995,7.7436
2057,0.0,0.0056,0.0056,0.001,0.0,1.0,0.0,8.5296,0.0,0.0,0.0,0.0,8.5296,8.5296,8.5256
2058,0.0,0.0063,0.0063,0.0011,0.0,1.0,0.0,8.2144,0.0,0.0,0.0,0.0,8.214400000000001,8.214400000000001,8.215
2059,0.0,0.006,0.006,0.0011,0.0,1.0,0.0,8.6719,0.0,0.0,0.0,0.0,8.6719,8.6719,8.6757
2060,0.0,0.0064,0.0064,0.0011,0.0,1.0,0.0,8.293,0.0,0.0,0.0,0.0,8.293000000000001,8.293000000000001,8.289
2061,0.0,0.0058,0.0058,0.001,0.0,1.0,0.0,7.7697,0.0,0.0,0.0,0.0,7.7696999999999985,7.7696999999999985,7.7724
2062,0.0,0.0075,0.0075,0.0013,0.0,1.0,0.0,9.0103,0.0,0.0,0.0,0.0,9.0103,9.0103,9.0096
2063,0.0,0.0066,0.0066,0.0012,0.0,1.0,0.0,8.8646,0.0,0.0,0.0,0.0,8.8646,8.8646,8.8622
2064,0.0,0.006,0.006,0.0011,0.0,1.0,0.0,8.8279,0.0,0.0,0.0,0.0,8.827900000000001,8.827900000000001,8.8315
2065,0.0,0.0072,0.0072,0.0013,0.0,1.0,0.0,8.7874,0.0,0.0,0.0,0.0,8.787400000000002,8.787400000000002,8.7882
2066,0.0,0.0073,0.0073,0.0013,0.0,1.0,0.0,8.588,0.0,0.0,0.0,0.0,8.588000000000001,8.588000000000001,8.5847
2067,0.0,0.0069,0.0069,0.0012,0.0,1.0,0.0,8.6945,0.0,0.0,0.0,0.0,8.694499999999998,8.694499999999998,8.6965
2068,0.0,0.0074,0.0074,0.0013,0.0,1.0,0.0,8.8969,0.0,0.0,0.0,0.0,8.896899999999999,8.896899999999999,8.8944
2069,0.0,0.0067,0.0067,0.0012,0.0,1.0,0.0,9.5578,0.0,0.0,0.0,0.0,9.557800000000002,9.557800000000002,9.5594
2070,0.0,0.0061,0.0061,0.0011,0.0,1.0,0.0,9.5761,0.0,0.0,0.0,0.0,9.576100000000002,9.576100000000002,9.5777
2071,0.0,0.007,0.007,0.0013,0.0,1.0,0.0,8.6447,0.0,0.0,0.0,0.0,8.644699999999998,8.644699999999998,8.6425
2072,0.0,0.0078,0.0078,0.0014,0.0,1.0,0.0,8.4116,0.0,0.0,0.0,0.0,8.4116,8.4116,8.4074
2073,0.0,0.0064,0.0064,0.0012,0.0,1.0,0.0,8.789,0.0,0.0,0.0,0.0,8.789000000000001,8.789000000000001,8.7848
2074,0.0,0.0066,0.0066,0.0012,0.0,1.0,0.0,7.8589,0.0,0.0,0.0,0.0,7.8589,7.8589,7.8574
2075,0.0,0.0068,0.0068,0.0012,0.0,1.0,0.0,9.0968,0.0,0.0,0.0,0.0,9.0968,9.0968,9.0996
2076,0.0,0.0064,0.0064,0.0012,0.0,1.0,0.0,8.5433,0.0,0.0,0.0,0.0,8.5433,8.5433,8.5416
2077,0.0,0.006,0.006,0.0011,0.0,1.0,0.0,8.0916,0.0,0.0,0.0,0.0,8.091599999999998,8.091599999999998,8.0899
2078,0.0,0.0051,0.0051,0.0009,0.0,1.0,0.0,7.5888,0.0,0.0,0.0,0.0,7.5888,7.5888,7.5908
2079,0.0,0.0053,0.0053,0.001,0.0,1.0,0.0,8.289,0.0,0.0,0.0,0.0,8.289,8.289,8.2928
2080,0.0,0.0057,0.0057,0.001,0.0,1.0,0.0,8.2925,0.0,0.0,0.0,0.0,8.2925,8.2925,8.2928
2081,0.0,0.0077,0.0077,0.0014,0.0,1.0,0.0,9.3605,0.0,0.0,0.0,0.0,9.3605,9.3605,9.3595
2082,0.0,0.0073,0.0073,0.0013,0.0,1.0,0.0,9.574,0.0,0.0,0.0,0.0,9.574000000000002,9.574000000000002,9.5754
2083,0.0,0.0068,0.0068,0.0012,0.0,1.0,0.0,8.7168,0.0,0.0,0.0,0.0,8.7168,8.7168,8.7198
2084,0.0,0.0069,0.0069,0.0012,0.0,1.0,0.0,9.506,0.0,0.0,0.0,0.0,9.506,9.506,9.5061
2085,0.0,0.0067,0.0067,0.0012,0.0,1.0,0.0,9.2684,0.0,0.0,0.0,0.0,9.268400000000002,9.268400000000002,9.2682
2086,0.0,0.0065,0.0065,0.0012,0.0,1.0,0.0,8.7759,0.0,0.0,0.0,0.0,8.7759,8.7759,8.7773
2087,0.0,0.0065,0.0065,0.0012,0.0,1.0,0.0,8.0977,0.0,0.0,0.0,0.0,8.0977,8.0977,8.097
2088,0.0,0.0069,0.0069,0.0012,0.0,1.0,0.0,8.0117,0.0,0.0,0.0,0.0,8.011700000000001,8.011700000000001,8.0143
2089,0.0,0.0072,0.0072,0.0013,0.0,1.0,0.0,8.8214,0.0,0.0,0.0,0.0,8.821399999999999,8.821399999999999,8.8262
2090,0.0,0.0048,0.0048,0.0009,0.0,1.0,0.0,7.6206,0.0,0.0,0.0,0.0,7.6206,7.6206,7.6194
2091,0.0,0.0062,0.0062,0.0011,0.0,1.0,0.0,9.1575,0.0,0.0,0.0,0.0,9.1575,9.1575,9.1571
2092,0.0,0.0064,0.0064,0.0012,0.0,1.0,0.0,8.1704,0.0,0.0,0.0,0.0,8.170399999999999,8.170399999999999,8.1727
2093,0.0,0.0064,0.0064,0.0012,0.0,1.0,0.0,7.9245,0.0,0.0,0.0,0.0,7.9245,7.9245,7.9253
2094,0.0,0.0068,0.0068,0.0012,0.0,1.0,0.0,8.3338,0.0,0.0,0.0,0.0,8.3338,8.3338,8.3292
2095,0.0,0.0056,0.0056,0.001,0.0,1.0,0.0,7.1789,0.0,0.0,0.0,0.0,7.1789000000000005,7.1789000000000005,7.1798
2096,0.0,0.0064,0.0064,0.0012,0.0,1.0,0.0,8.5107,0.0,0.0,0.0,0.0,8.5107,8.5107,8.5126
2097,0.0,0.0067,0.0067,0.0012,0.0,1.0,0.0,8.3398,0.0,0.0,0.0,0.0,8.3398,8.3398,8.3419
2098,0.0,0.0052,0.0052,0.0009,0.0,1.0,0.0,7.718,0.0,0.0,0.0,0.0,7.717999999999999,7.717999999999999,7.7205
2099,0.0,0.0064,0.0064,0.0012,0.0,1.0,0.0,8.097,0.0,0.0,0.0,0.0,8.097000000000001,8.097000000000001,8.0931
2100,0.0,0.0066,0.0066,0.0012,0.0,1.0,0.0,8.5603,0.0,0.0,0.0,0.0,8.5603,8.5603,8.5611
2101,0.0,0.0079,0.0079,0.0014,0.0,1.0,0.0,9.641,0.0,0.0,0.0,0.0,9.640999999999998,9.640999999999998,9.6397
2102,0.0,0.0063,0.0063,0.0011,0.0,1.0,0.0,8.3563,0.0,0.0,0.0,0.0,8.3563,8.3563,8.3531
2103,0.0,0.0077,0.0077,0.0014,0.0,1.0,0.0,9.3685,0.0,0.0,0.0,0.0,9.3685,9.3685,9.3653
2104,0.0,0.0059,0.0059,0.0011,0.0,1.0,0.0,8.6092,0.0,0.0,0.0,0.0,8.6092,8.6092,8.605
2105,0.0,0.0067,0.0067,0.0012,0.0,1.0,0.0,9.266,0.0,0.0,0.0,0.0,9.266000000000002,9.266000000000002,9.2623
2106,0.0,0.0068,0.0068,0.0012,0.0,1.0,0.0,9.1806,0.0,0.0,0.0,0.0,9.1806,9.1806,9.1775
2107,0.0,0.0061,0.0061,0.0011,0.0,1.0,0.0,8.1351,0.0,0.0,0.0,0.0,8.1351,8.1351,8.1357
2108,0.0,0.007,0.007,0.0013,0.0,1.0,0.0,8.9071,0.0,0.0,0.0,0.0,8.9071,8.9071,8.9078
2109,0.0,0.006,0.006,0.0011,0.0,1.0,0.0,8.0109,0.0,0.0,0.0,0.0,8.010900000000001,8.010900000000001,8.012
2110,0.0,0.0074,0.0074,0.0013,0.0,1.0,0.0,8.9933,0.0,0.0,0.0,0.0,8.993300000000001,8.993300000000001,8.9892
2111,0.0,0.0077,0.0077,0.0014,0.0,1.0,0.0,9.1627,0.0,0.0,0.0,0.0,9.162700000000001,9.162700000000001,9.1622
2112,0.0,0.0058,0.0058,0.001,0.0,1.0,0.0,7.8029,0.0,0.0,0.0,0.0,7.802899999999999,7.802899999999999,7.8031
2113,0.0,0.0081,0.0081,0.0015,0.0,1.0,0.0,8.6125,0.0,0.0,0.0,0.0,8.612500000000002,8.612500000000002,8.6168
2114,0.0,0.0088,0.0088,0.0016,0.0,1.0,0.0,9.3611,0.0,0.0,0.0,0.0,9.3611,9.3611,9.3654
2115,0.0,0.0066,0.0066,0.0012,0.0,1.0,0.0,8.1022,0.0,0.0,0.0,0.0,8.1022,8.1022,8.1021
2116,0.0,0.0057,0.0057,0.001,0.0,1.0,0.0,8.2711,0.0,0.0,0.0,0.0,8.2711,8.2711,8.2754
2117,0.0,0.0068,0.0068,0.0012,0.0,1.0,0.0,9.7318,0.0,0.0,0.0,0.0,9.7318,9.7318,9.7283
2118,0.0,0.0064,0.0064,0.0012,0.0,1.0,0.0,8.7201,0.0,0.0,0.0,0.0,8.720099999999999,8.720099999999999,8.7232
2119,0.0,0.0053,0.0053,0.001,0.0,1.0,0.0,8.6238,0.0,0.0,0.0,0.0,8.6238,8.6238,8.6215
2120,0.0,0.0055,0.0055,0.001,0.0,1.0,0.0,8.5684,0.0,0.0,0.0,0.0,8.568399999999999,8.568399999999999,8.5697
2121,0.0,0.0072,0.0072,0.0013,0.0,1.0,0.0,8.8774,0.0,0.0,0.0,0.0,8.8774,8.8774,8.8761
2122,0.0,0.0073,0.0073,0.0013,0.0,1.0,0.0,9.1199,0.0,0.0,0.0,0.0,9.1199,9.1199,9.1151
2123,0.0,0.0063,0.0063,0.0011,0.0,1.0,0.0,8.5452,0.0,0.0,0.0,0.0,8.5452,8.5452,8.5435
2124,0.0,0.0073,0.0073,0.0013,0.0,1.0,0.0,8.6123,0.0,0.0,0.0,0.0,8.612300000000001,8.612300000000001,8.6083
2125,0.0,0.0068,0.0068,0.0012,0.0,1.0,0.0,9.4055,0.0,0.0,0.0,0.0,9.4055,9.4055,9.4008
2126,0.0,0.0064,0.0064,0.0012,0.0,1.0,0.0,7.318,0.0,0.0,0.0,0.0,7.318,7.318,7.3222
2127,0.0,0.007,0.007,0.0013,0.0,1.0,0.0,8.2604,0.0,0.0,0.0,0.0,8.260399999999999,8.260399999999999,8.2648
2128,0.0,0.0077,0.0077,0.0014,0.0,1.0,0.0,8.4834,0.0,0.0,0.0,0.0,8.4834,8.4834,8.4794
2129,0.0,0.0059,0.0059,0.0011,0.0,1.0,0.0,7.9424,0.0,0.0,0.0,0.0,7.942400000000001,7.942400000000001,7.9403
2130,0.0,0.0064,0.0064,0.0011,0.0,1.0,0.0,8.5468,0.0,0.0,0.0,0.0,8.546800000000001,8.546800000000001,8.5504
2131,0.0,0.0062,0.0062,0.0011,0.0,1.0,0.0,9.1765,0.0,0.0,0.0,0.0,9.176499999999999,9.176499999999999,9.1789
2132,0.0,0.0066,0.0066,0.0012,0.0,1.0,0.0,8.3099,0.0,0.0,0.0,0.0,8.3099,8.3099,8.3065
2133,0.0,0.008,0.008,0.0014,0.0,1.0,0.0,9.218,0.0,0.0,0.0,0.0,9.218,9.218,9.2149
2134,0.0,0.0066,0.0066,0.0012,0.0,1.0,0.0,7.5981,0.0,0.0,0.0,0.0,7.5981000000000005,7.5981000000000005,7.5961
2135,0.0,0.006,0.006,0.0011,0.0,1.0,0.0,8.7014,0.0,0.0,0.0,0.0,8.7014,8.7014,8.6996
2136,0.0,0.0066,0.0066,0.0012,0.0,1.0,0.0,8.7717,0.0,0.0,0.0,0.0,8.7717,8.7717,8.7757
2137,0.0,0.0075,0.0075,0.0013,0.0,1.0,0.0,9.1627,0.0,0.0,0.0,0.0,9.162699999999997,9.162699999999997,9.1657
2138,0.0,0.0078,0.0078,0.0014,0.0,1.0,0.0,8.832,0.0,0.0,0.0,0.0,8.831999999999999,8.831999999999999,8.8275
2139,0.0,0.0066,0.0066,0.0012,0.0,1.0,0.0,9.0236,0.0,0.0,0.0,0.0,9.023599999999998,9.023599999999998,9.0197
2140,0.0,0.0065,0.0065,0.0012,0.0,1.0,0.0,8.9518,0.0,0.0,0.0,0.0,8.951799999999999,8.951799999999999,8.9518
2141,0.0,0.0054,0.0054,0.001,0.0,1.0,0.0,7.7107,0.0,0.0,0.0,0.0,7.7107,7.7107,7.707
2142,0.0,0.006,0.006,0.0011,0.0,1.0,0.0,8.4202,0.0,0.0,0.0,0.0,8.420200000000001,8.420200000000001,8.4173
2143,0.0,0.0062,0.0062,0.0011,0.0,1.0,0.0,8.7235,0.0,0.0,0.0,0.0,8.7235,8.7235,8.7259
2144,0.0,0.0081,0.0081,0.0015,0.0,1.0,0.0,9.7602,0.0,0.0,0.0,0.0,9.760199999999998,9.760199999999998,9.7596
2145,0.0,0.0085,0.0085,0.0015,0.0,1.0,0.0,9.4789,0.0,0.0,0.0,0.0,9.478900000000001,9.478900000000001,9.4787
2146,0.0,0.0063,0.0063,0.0011,0.0,1.0,0.0,8.5175,0.0,0.0,0.0,0.0,8.5175,8.5175,8.5169
2147,0.0,0.006,0.006,0.0011,0.0,1.0,0.0,9.3674,0.0,0.0,0.0,0.0,9.3674,9.3674,9.3687
2148,0.0,0.0068,0.0068,0.0012,0.0,1.0,0.0,8.3087,0.0,0.0,0.0,0.0,8.308699999999998,8.308699999999998,8.3137
2149,0.0,0.0054,0.0054,0.001,0.0,1.0,0.0,8.5385,0.0,0.0,0.0,0.0,8.538499999999999,8.538499999999999,8.5391
2150,0.0,0.0077,0.0077,0.0014,0.0,1.0,0.0,8.3728,0.0,0.0,0.0,0.0,8.372800000000002,8.372800000000002,8.3733
2151,0.0,0.0075,0.0075,0.0013,0.0,1.0,0.0,9.8189,0.0,0.0,0.0,0.0,9.8189,9.8189,9.8212
2152,0.0,0.0077,0.0077,0.0014,0.0,1.0,0.0,9.2253,0.0,0.0,0.0,0.0,9.2253,9.2253,9.2242
2153,0.0,0.0061,0.0061,0.0011,0.0,1.0,0.0,8.3033,0.0,0.0,0.0,0.0,8.3033,8.3033,8.3077
2154,0.0,0.0069,0.0069,0.0013,0.0,1.0,0.0,8.9429,0.0,0.0,0.0,0.0,8.9429,8.9429,8.9473
2155,0.0,0.0075,0.0075,0.0014,0.0,1.0,0.0,9.4451,0.0,0.0,0.0,0.0,9.4451,9.4451,9.4417
2156,0.0,0.0065,0.0065,0.0012,0.0,1.0,0.0,8.5231,0.0,0.0,0.0,0.0,8.5231,8.5231,8.5187
2157,0.0,0.0066,0.0066,0.0012,0.0,1.0,0.0,8.0612,0.0,0.0,0.0,0.0,8.0612,8.0612,8.0567
2158,0.0,0.0074,0.0074,0.0013,0.0,1.0,0.0,9.0298,0.0,0.0,0.0,0.0,9.0298,9.0298,9.0256
2159,0.0,0.006,0.006,0.0011,0.0,1.0,0.0,9.347,0.0,0.0,0.0,0.0,9.347,9.347,9.3446
2160,0.0,0.0073,0.0073,0.0013,0.0,1.0,0.0,9.6173,0.0,0.0,0.0,0.0,9.6173,9.6173,9.619
2161,0.0,0.0048,0.0048,0.0009,0.0,1.0,0.0,7.3448,0.0,0.0,0.0,0.0,7.344799999999999,7.344799999999999,7.3479
2162,0.0,0.0067,0.0067,0.0012,0.0,1.0,0.0,8.5101,0.0,0.0,0.0,0.0,8.5101,8.5101,8.5098
2163,0.0,0.006,0.006,0.0011,0.0,1.0,0.0,9.1389,0.0,0.0,0.0,0.0,9.138900000000001,9.138900000000001,9.1395
2164,0.0,0.0061,0.0061,0.0011,0.0,1.0,0.0,8.9037,0.0,0.0,0.0,0.0,8.9037,8.9037,8.8994
2165,0.0,0.0065,0.0065,0.0012,0.0,1.0,0.0,8.6076,0.0,0.0,0.0,0.0,8.607600000000001,8.607600000000001,8.6076
2166,0.0,0.0075,0.0075,0.0013,0.0,1.0,0.0,8.7984,0.0,0.0,0.0,0.0,8.798399999999999,8.798399999999999,8.802
2167,0.0,0.0066,0.0066,0.0012,0.0,1.0,0.0,7.9356,0.0,0.0,0.0,0.0,7.935599999999999,7.935599999999999,7.9365
2168,0.0,0.0055,0.0055,0.001,0.0,1.0,0.0,8.0826,0.0,0.0,0.0,0.0,8.0826,8.0826,8.0851
2169,0.0,0.0059,0.0059,0.0011,0.0,1.0,0.0,7.4938,0.0,0.0,0.0,0.0,7.4938,7.4938,7.4933
2170,0.0,0.0084,0.0084,0.0015,0.0,1.0,0.0,9.284,0.0,0.0,0.0,0.0,9.283999999999999,9.283999999999999,9.28
2171,0.0,0.0072,0.0072,0.0013,0.0,1.0,0.0,8.5872,0.0,0.0,0.0,0.0,8.587200000000001,8.587200000000001,8.591
2172,0.0,0.0081,0.0081,0.0015,0.0,1.0,0.0,9.182,0.0,0.0,0.0,0.0,9.181999999999999,9.181999999999999,9.1797
2173,0.0,0.0057,0.0057,0.001,0.0,1.0,0.0,8.5858,0.0,0.0,0.0,0.0,8.585799999999999,8.585799999999999,8.5866
2174,0.0,0.0057,0.0057,0.001,0.0,1.0,0.0,9.1586,0.0,0.0,0.0,0.0,9.158600000000002,9.158600000000002,9.1537
2175,0.0,0.0069,0.0069,0.0012,0.0,1.0,0.0,9.0949,0.0,0.0,0.0,0.0,9.0949,9.0949,9.0989
2176,0.0,0.0069,0.0069,0.0012,0.0,1.0,0.0,8.7867,0.0,0.0,0.0,0.0,8.786700000000002,8.786700000000002,8.7872
2177,0.0,0.007,0.007,0.0013,0.0,1.0,0.0,8.6881,0.0,0.0,0.0,0.0,8.6881,8.6881,8.6845
2178,0.0,0.0074,0.0074,0.0013,0.0,1.0,0.0,8.8352,0.0,0.0,0.0,0.0,8.8352,8.8352,8.8387
2179,0.0,0.0077,0.0077,0.0014,0.0,1.0,0.0,9.03,0.0,0.0,0.0,0.0,9.03,9.03,9.0254
2180,0.0,0.0074,0.0074,0.0013,0.0,1.0,0.0,9.4203,0.0,0.0,0.0,0.0,9.420300000000001,9.420300000000001,9.4188
2181,0.0,0.0059,0.0059,0.0011,0.0,1.0,0.0,8.468,0.0,0.0,0.0,0.0,8.468,8.468,8.4645
2182,0.0,0.007,0.007,0.0013,0.0,1.0,0.0,9.5041,0.0,0.0,0.0,0.0,9.5041,9.5041,9.5085
2183,0.0,0.0061,0.0061,0.0011,0.0,1.0,0.0,8.3261,0.0,0.0,0.0,0.0,8.326099999999999,8.326099999999999,8.3297
2184,0.0,0.0062,0.0062,0.0011,0.0,1.0,0.0,8.7495,0.0,0.0,0.0,0.0,8.749500000000001,8.749500000000001,8.7501
2185,0.0,0.0058,0.0058,0.001,0.0,1.0,0.0,8.2836,0.0,0.0,0.0,0.0,8.2836,8.2836,8.2868
2186,0.0,0.0072,0.0072,0.0013,0.0,1.0,0.0,8.7049,0.0,0.0,0.0,0.0,8.7049,8.7049,8.7052
2187,0.0,0.007,0.007,0.0013,0.0,1.0,0.0,8.2792,0.0,0.0,0.0,0.0,8.279200000000001,8.279200000000001,8.28
2188,0.0,0.0075,0.0075,0.0013,0.0,1.0,0.0,9.0512,0.0,0.0,0.0,0.0,9.0512,9.0512,9.0538
2189,0.0,0.0055,0.0055,0.001,0.0,1.0,0.0,7.8479,0.0,0.0,0.0,0.0,7.847900000000001,7.847900000000001,7.8456
2190,0.0,0.0063,0.0063,0.0011,0.0,1.0,0.0,8.4188,0.0,0.0,0.0,0.0,8.418800000000001,8.418800000000001,8.4198
2191,0.0,0.0068,0.0068,0.0012,0.0,1.0,0.0,9.5855,0.0,0.0,0.0,0.0,9.585499999999998,9.585499999999998,9.5863
2192,0.0,0.0087,0.0087,0.0016,0.0,1.0,0.0,9.6902,0.0,0.0,0.0,0.0,9.6902,9.6902,9.6945
2193,0.0,0.0053,0.0053,0.001,0.0,1.0,0.0,7.7092,0.0,0.0,0.0,0.0,7.7092,7.7092,7.7107
2194,0.0,0.0058,0.0058,0.0011,0.0,1.0,0.0,8.4826,0.0,0.0,0.0,0.0,8.4826,8.4826,8.4825
2195,0.0,0.007,0.007,0.0013,0.0,1.0,0.0,9.0051,0.0,0.0,0.0,0.0,9.0051,9.0051,9.0013
2196,0.0,0.0072,0.0072,0.0013,0.0,1.0,0.0,8.9758,0.0,0.0,0.0,0.0,8.975800000000001,8.975800000000001,8.977
2197,0.0,0.0066,0.0066,0.0012,0.0,1.0,0.0,9.0427,0.0,0.0,0.0,0.0,9.0427,9.0427,9.04
2198,0.0,0.0056,0.0056,0.001,0.0,1.0,0.0,7.5779,0.0,0.0,0.0,0.0,7.5779,7.5779,7.5729
2199,0.0,0.0061,0.0061,0.0011,0.0,1.0,0.0,8.0251,0.0,0.0,0.0,0.0,8.0251,8.0251,8.024
2200,0.0,0.0062,0.0062,0.0011,0.0,1.0,0.0,8.9427,0.0,0.0,0.0,0.0,8.9427,8.9427,8.9397
2201,0.0,0.008,0.008,0.0014,0.0,1.0,0.0,9.5753,0.0,0.0,0.0,0.0,9.5753,9.5753,9.5764
2202,0.0,0.0073,0.0073,0.0013,0.0,1.0,0.0,8.9965,0.0,0.0,0.0,0.0,8.9965,8.9965,8.9946
2203,0.0,0.0063,0.0063,0.0011,0.0,1.0,0.0,8.5336,0.0,0.0,0.0,0.0,8.5336,8.5336,8.5336
2204,0.0,0.006,0.006,0.0011,0.0,1.0,0.0,9.0226,0.0,0.0,0.0,0.0,9.022599999999999,9.022599999999999,9.0246
2205,0.0,0.0065,0.0065,0.0012,0.0,1.0,0.0,9.0147,0.0,0.0,0.0,0.0,9.0147,9.0147,9.014
2206,0.0,0.0071,0.0071,0.0013,0.0,1.0,0.0,8.9661,0.0,0.0,0.0,0.0,8.966099999999999,8.966099999999999,8.9677
2207,0.0,0.0062,0.0062,0.0011,0.0,1.0,0.0,8.9339,0.0,0.0,0.0,0.0,8.9339,8.9339,8.9338
2208,0.0,0.0081,0.0081,0.0015,0.0,1.0,0.0,8.9689,0.0,0.0,0.0,0.0,8.9689,8.9689,8.9661
2209,0.0,0.008,0.008,0.0014,0.0,1.0,0.0,10.0647,0.0,0.0,0.0,0.0,10.064699999999998,10.064699999999998,10.0647
2210,0.0,0.0062,0.0062,0.0011,0.0,1.0,0.0,7.8478,0.0,0.0,0.0,0.0,7.847799999999999,7.847799999999999,7.8445
2211,0.0,0.0074,0.0074,0.0013,0.0,1.0,0.0,9.6557,0.0,0.0,0.0,0.0,9.6557,9.6557,9.6596
2212,0.0,0.0067,0.0067,0.0012,0.0,1.0,0.0,9.3159,0.0,0.0,0.0,0.0,9.3159,9.3159,9.3199
2213,0.0,0.0067,0.0067,0.0012,0.0,1.0,0.0,8.3499,0.0,0.0,0.0,0.0,8.3499,8.3499,8.3491
2214,0.0,0.0058,0.0058,0.0011,0.0,1.0,0.0,7.5849,0.0,0.0,0.0,0.0,7.584899999999999,7.584899999999999,7.5841
2215,0.0,0.0066,0.0066,0.0012,0.0,1.0,0.0,9.007,0.0,0.0,0.0,0.0,9.006999999999998,9.006999999999998,9.0103
2216,0.0,0.0067,0.0067,0.0012,0.0,1.0,0.0,8.9284,0.0,0.0,0.0,0.0,8.9284,8.9284,8.9315
2217,0.0,0.0067,0.0067,0.0012,0.0,1.0,0.0,8.138,0.0,0.0,0.0,0.0,8.138,8.138,8.1348
2218,0.0,0.0061,0.0061,0.0011,0.0,1.0,0.0,8.7211,0.0,0.0,0.0,0.0,8.7211,8.7211,8.7219
2219,0.0,0.0057,0.0057,0.001,0.0,1.0,0.0,9.4089,0.0,0.0,0.0,0.0,9.408900000000001,9.408900000000001,9.4086
2220,0.0,0.0063,0.0063,0.0011,0.0,1.0,0.0,9.4393,0.0,0.0,0.0,0.0,9.439300000000001,9.439300000000001,9.4423
2221,0.0,0.0083,0.0083,0.0015,0.0,1.0,0.0,9.4162,0.0,0.0,0.0,0.0,9.416199999999998,9.416199999999998,9.4202
2222,0.0,0.006,0.006,0.0011,0.0,1.0,0.0,8.3647,0.0,0.0,0.0,0.0,8.364700000000001,8.364700000000001,8.3691
2223,0.0,0.0065,0.0065,0.0012,0.0,1.0,0.0,8.292,0.0,0.0,0.0,0.0,8.292000000000002,8.292000000000002,8.2888
2224,0.0,0.0072,0.0072,0.0013,0.0,1.0,0.0,8.3801,0.0,0.0,0.0,0.0,8.3801,8.3801,8.3844
2225,0.0,0.0069,0.0069,0.0012,0.0,1.0,0.0,8.9088,0.0,0.0,0.0,0.0,8.908800000000001,8.908800000000001,8.9076
2226,0.0,0.0065,0.0065,0.0012,0.0,1.0,0.0,9.2988,0.0,0.0,0.0,0.0,9.2988,9.2988,9.2976
2227,0.0,0.0069,0.0069,0.0012,0.0,1.0,0.0,8.6003,0.0,0.0,0.0,0.0,8.6003,8.6003,8.601
2228,0.0,0.0065,0.0065,0.0012,0.0,1.0,0.0,8.7864,0.0,0.0,0.0,0.0,8.7864,8.7864,8.7875
2229,0.0,0.0066,0.0066,0.0012,0.0,1.0,0.0,8.528,0.0,0.0,0.0,0.0,8.528,8.528,8.5311
2230,0.0,0.0066,0.0066,0.0012,0.0,1.0,0.0,8.1386,0.0,0.0,0.0,0.0,8.138599999999999,8.138599999999999,8.1392
2231,0.0,0.0063,0.0063,0.0011,0.0,1.0,0.0,7.5579,0.0,0.0,0.0,0.0,7.557899999999999,7.557899999999999,7.554
2232,0.0,0.0065,0.0065,0.0012,0.0,1.0,0.0,8.2528,0.0,0.0,0.0,0.0,8.2528,8.2528,8.2487
2233,0.0,0.0079,0.0079,0.0014,0.0,1.0,0.0,8.998,0.0,0.0,0.0,0.0,8.997999999999998,8.997999999999998,8.9961
2234,0.0,0.0075,0.0075,0.0014,0.0,1.0,0.0,9.2554,0.0,0.0,0.0,0.0,9.255400000000002,9.255400000000002,9.2562
2235,0.0,0.006,0.006,0.0011,0.0,1.0,0.0,8.7844,0.0,0.0,0.0,0.0,8.784400000000002,8.784400000000002,8.7811
2236,0.0,0.0054,0.0054,0.001,0.0,1.0,0.0,8.7826,0.0,0.0,0.0,0.0,8.7826,8.7826,8.7857
2237,0.0,0.006,0.006,0.0011,0.0,1.0,0.0,8.5721,0.0,0.0,0.0,0.0,8.5721,8.5721,8.5672
2238,0.0,0.0075,0.0075,0.0014,0.0,1.0,0.0,8.8133,0.0,0.0,0.0,0.0,8.8133,8.8133,8.8144
2239,0.0,0.0076,0.0076,0.0014,0.0,1.0,0.0,9.394,0.0,0.0,0.0,0.0,9.394000000000002,9.394000000000002,9.3941
2240,0.0,0.0065,0.0065,0.0012,0.0,1.0,0.0,8.8417,0.0,0.0,0.0,0.0,8.8417,8.8417,8.8403
2241,0.0,0.0062,0.0062,0.0011,0.0,1.0,0.0,8.695,0.0,0.0,0.0,0.0,8.694999999999999,8.694999999999999,8.6915
2242,0.0,0.0055,0.0055,0.001,0.0,1.0,0.0,8.4091,0.0,0.0,0.0,0.0,8.409099999999999,8.409099999999999,8.412
2243,0.0,0.0055,0.0055,0.001,0.0,1.0,0.0,7.7084,0.0,0.0,0.0,0.0,7.708399999999999,7.708399999999999,7.7132
2244,0.0,0.0067,0.0067,0.0012,0.0,1.0,0.0,9.0916,0.0,0.0,0.0,0.0,9.091600000000001,9.091600000000001,9.0962
2245,0.0,0.007,0.007,0.0013,0.0,1.0,0.0,9.2532,0.0,0.0,0.0,0.0,9.2532,9.2532,9.2522
2246,0.0,0.0057,0.0057,0.001,0.0,1.0,0.0,8.6889,0.0,0.0,0.0,0.0,8.6889,8.6889,8.6872
2247,0.0,0.0063,0.0063,0.0011,0.0,1.0,0.0,8.3703,0.0,0.0,0.0,0.0,8.370299999999999,8.370299999999999,8.3688
2248,0.0,0.0074,0.0074,0.0013,0.0,1.0,0.0,8.9256,0.0,0.0,0.0,0.0,8.9256,8.9256,8.9245
2249,0.0,0.0066,0.0066,0.0012,0.0,1.0,0.0,7.9757,0.0,0.0,0.0,0.0,7.9757,7.9757,7.9707
2250,0.0,0.006,0.006,0.0011,0.0,1.0,0.0,8.3193,0.0,0.0,0.0,0.0,8.319299999999998,8.319299999999998,8.3174
2251,0.0,0.0055,0.0055,0.001,0.0,1.0,0.0,7.8071,0.0,0.0,0.0,0.0,7.8071,7.8071,7.8075
2252,0.0,0.0057,0.0057,0.001,0.0,1.0,0.0,7.869,0.0,0.0,0.0,0.0,7.869,7.869,7.8738
2253,0.0,0.0077,0.0077,0.0014,0.0,1.0,0.0,9.0593,0.0,0.0,0.0,0.0,9.0593,9.0593,9.0574
2254,0.0,0.0076,0.0076,0.0014,0.0,1.0,0.0,8.7111,0.0,0.0,0.0,0.0,8.711100000000002,8.711100000000002,8.7161
2255,0.0,0.0073,0.0073,0.0013,0.0,1.0,0.0,8.9219,0.0,0.0,0.0,0.0,8.921899999999999,8.921899999999999,8.9265
2256,0.0,0.0062,0.0062,0.0011,0.0,1.0,0.0,9.0846,0.0,0.0,0.0,0.0,9.084599999999998,9.084599999999998,9.0869
2257,0.0,0.0068,0.0068,0.0012,0.0,1.0,0.0,8.553,0.0,0.0,0.0,0.0,8.552999999999999,8.552999999999999,8.5487
2258,0.0,0.0059,0.0059,0.0011,0.0,1.0,0.0,8.5628,0.0,0.0,0.0,0.0,8.562800000000001,8.562800000000001,8.5637
2259,0.0,0.0062,0.0062,0.0011,0.0,1.0,0.0,8.3599,0.0,0.0,0.0,0.0,8.359899999999998,8.359899999999998,8.3552
2260,0.0,0.0053,0.0053,0.001,0.0,1.0,0.0,8.0706,0.0,0.0,0.0,0.0,8.0706,8.0706,8.0738
2261,0.0,0.0073,0.0073,0.0013,0.0,1.0,0.0,8.0652,0.0,0.0,0.0,0.0,8.065199999999999,8.065199999999999,8.0649
2262,0.0,0.0065,0.0065,0.0012,0.0,1.0,0.0,8.943,0.0,0.0,0.0,0.0,8.943,8.943,8.9382
2263,0.0,0.0066,0.0066,0.0012,0.0,1.0,0.0,9.5467,0.0,0.0,0.0,0.0,9.546700000000001,9.546700000000001,9.5441
2264,0.0,0.0058,0.0058,0.0011,0.0,1.0,0.0,8.1606,0.0,0.0,0.0,0.0,8.1606,8.1606,8.1567
2265,0.0,0.0069,0.0069,0.0012,0.0,1.0,0.0,9.1338,0.0,0.0,0.0,0.0,9.133799999999999,9.133799999999999,9.1359
2266,0.0,0.0072,0.0072,0.0013,0.0,1.0,0.0,8.8255,0.0,0.0,0.0,0.0,8.8255,8.8255,8.8275
2267,0.0,0.0051,0.0051,0.0009,0.0,1.0,0.0,8.1992,0.0,0.0,0.0,0.0,8.199200000000001,8.199200000000001,8.2027
2268,0.0,0.0057,0.0057,0.001,0.0,1.0,0.0,8.5788,0.0,0.0,0.0,0.0,8.5788,8.5788,8.5764
2269,0.0,0.0058,0.0058,0.001,0.0,1.0,0.0,8.6269,0.0,0.0,0.0,0.0,8.626900000000001,8.626900000000001,8.6282
2270,0.0,0.0066,0.0066,0.0012,0.0,1.0,0.0,7.9275,0.0,0.0,0.0,0.0,7.9275,7.9275,7.9308
2271,0.0,0.006,0.006,0.0011,0.0,1.0,0.0,8.1941,0.0,0.0,0.0,0.0,8.1941,8.1941,8.1982
2272,0.0,0.0064,0.0064,0.0012,0.0,1.0,0.0,8.8469,0.0,0.0,0.0,0.0,8.846899999999998,8.846899999999998,8.8465
2273,0.0,0.0076,0.0076,0.0014,0.0,1.0,0.0,8.7756,0.0,0.0,0.0,0.0,8.775600000000003,8.775600000000003,8.7762
2274,0.0,0.0063,0.0063,0.0011,0.0,1.0,0.0,8.5701,0.0,0.0,0.0,0.0,8.570099999999998,8.570099999999998,8.5747
2275,0.0,0.006,0.006,0.0011,0.0,1.0,0.0,7.5947,0.0,0.0,0.0,0.0,7.5947,7.5947,7.5928
2276,0.0,0.0064,0.0064,0.0011,0.0,1.0,0.0,7.9801,0.0,0.0,0.0,0.0,7.980099999999999,7.980099999999999,7.983
2277,0.0,0.0069,0.0069,0.0013,0.0,1.0,0.0,8.6004,0.0,0.0,0.0,0.0,8.600400000000002,8.600400000000002,8.599
2278,0.0,0.0058,0.0058,0.001,0.0,1.0,0.0,8.7118,0.0,0.0,0.0,0.0,8.711800000000002,8.711800000000002,8.7136
2279,0.0,0.0065,0.0065,0.0012,0.0,1.0,0.0,8.6408,0.0,0.0,0.0,0.0,8.6408,8.6408,8.6364
2280,0.0,0.0073,0.0073,0.0013,0.0,1.0,0.0,9.114,0.0,0.0,0.0,0.0,9.113999999999999,9.113999999999999,9.1096
2281,0.0,0.0057,0.0057,0.001,0.0,1.0,0.0,8.7429,0.0,0.0,0.0,0.0,8.742899999999999,8.742899999999999,8.7451
2282,0.0,0.0068,0.0068,0.0012,0.0,1.0,0.0,9.3885,0.0,0.0,0.0,0.0,9.3885,9.3885,9.3853
2283,0.0,0.0078,0.0078,0.0014,0.0,1.0,0.0,9.3749,0.0,0.0,0.0,0.0,9.3749,9.3749,9.3727
2284,0.0,0.0051,0.0051,0.0009,0.0,1.0,0.0,7.6554,0.0,0.0,0.0,0.0,7.655400000000001,7.655400000000001,7.6548
2285,0.0,0.0074,0.0074,0.0013,0.0,1.0,0.0,8.6639,0.0,0.0,0.0,0.0,8.6639,8.6639,8.663
2286,0.0,0.0069,0.0069,0.0012,0.0,1.0,0.0,9.2396,0.0,0.0,0.0,0.0,9.2396,9.2396,9.2352
2287,0.0,0.0061,0.0061,0.0011,0.0,1.0,0.0,7.7925,0.0,0.0,0.0,0.0,7.7924999999999995,7.7924999999999995,7.7901
2288,0.0,0.0064,0.0064,0.0011,0.0,1.0,0.0,7.9073,0.0,0.0,0.0,0.0,7.9073,7.9073,7.911
2289,0.0,0.007,0.007,0.0013,0.0,1.0,0.0,8.3689,0.0,0.0,0.0,0.0,8.3689,8.3689,8.3688
2290,0.0,0.0067,0.0067,0.0012,0.0,1.0,0.0,8.682,0.0,0.0,0.0,0.0,8.682,8.682,8.6789
2291,0.0,0.0067,0.0067,0.0012,0.0,1.0,0.0,8.0534,0.0,0.0,0.0,0.0,8.0534,8.0534,8.0557
2292,0.0,0.0064,0.0064,0.0012,0.0,1.0,0.0,8.5567,0.0,0.0,0.0,0.0,8.5567,8.5567,8.5584
2293,0.0,0.0057,0.0057,0.001,0.0,1.0,0.0,8.5347,0.0,0.0,0.0,0.0,8.534699999999999,8.534699999999999,8.5325
2294,0.0,0.0069,0.0069,0.0012,0.0,1.0,0.0,9.2581,0.0,0.0,0.0,0.0,9.2581,9.2581,9.2563
2295,0.0,0.0063,0.0063,0.0011,0.0,1.0,0.0,8.3972,0.0,0.0,0.0,0.0,8.3972,8.3972,8.3998
2296,0.0,0.0059,0.0059,0.0011,0.0,1.0,0.0,7.5622,0.0,0.0,0.0,0.0,7.5622,7.5622,7.5588
2297,0.0,0.0066,0.0066,0.0012,0.0,1.0,0.0,9.2307,0.0,0.0,0.0,0.0,9.2307,9.2307,9.2279
2298,0.0,0.0063,0.0063,0.0011,0.0,1.0,0.0,9.2692,0.0,0.0,0.0,0.0,9.269200000000001,9.269200000000001,9.2737
2299,0.0,0.0056,0.0056,0.001,0.0,1.0,0.0,8.3472,0.0,0.0,0.0,0.0,8.347199999999999,8.347199999999999,8.3482
2300,0.0,0.0063,0.0063,0.0011,0.0,1.0,0.0,8.1441,0.0,0.0,0.0,0.0,8.144100000000002,8.144100000000002,8.145
2301,0.0,0.0058,0.0058,0.001,0.0,1.0,0.0,8.3409,0.0,0.0,0.0,0.0,8.3409,8.3409,8.3398
2302,0.0,0.0063,0.0063,0.0011,0.0,1.0,0.0,8.3332,0.0,0.0,0.0,0.0,8.333200000000001,8.333200000000001,8.3332
2303,0.0,0.0064,0.0064,0.0012,0.0,1.0,0.0,8.7913,0.0,0.0,0.0,0.0,8.7913,8.7913,8.7881
2304,0.0,0.0068,0.0068,0.0012,0.0,1.0,0.0,8.0926,0.0,0.0,0.0,0.0,8.092600000000001,8.092600000000001,8.0954
2305,0.0,0.0073,0.0073,0.0013,0.0,1.0,0.0,9.5878,0.0,0.0,0.0,0.0,9.5878,9.5878,9.592
2306,0.0,0.0069,0.0069,0.0012,0.0,1.0,0.0,8.7517,0.0,0.0,0.0,0.0,8.7517,8.7517,8.7535
2307,0.0,0.0082,0.0082,0.0015,0.0,1.0,0.0,8.4943,0.0,0.0,0.0,0.0,8.494299999999999,8.494299999999999,8.4979
2308,0.0,0.0056,0.0056,0.001,0.0,1.0,0.0,7.8564,0.0,0.0,0.0,0.0,7.856400000000001,7.856400000000001,7.8516
2309,0.0,0.0069,0.0069,0.0012,0.0,1.0,0.0,9.1528,0.0,0.0,0.0,0.0,9.1528,9.1528,9.1514
2310,0.0,0.0068,0.0068,0.0012,0.0,1.0,0.0,7.6781,0.0,0.0,0.0,0.0,7.678100000000001,7.678100000000001,7.6808
2311,0.0,0.0066,0.0066,0.0012,0.0,1.0,0.0,8.9803,0.0,0.0,0.0,0.0,8.9803,8.9803,8.9793
2312,0.0,0.0071,0.0071,0.0013,0.0,1.0,0.0,9.8316,0.0,0.0,0.0,0.0,9.8316,9.8316,9.8273
2313,0.0,0.006,0.006,0.0011,0.0,1.0,0.0,8.6489,0.0,0.0,0.0,0.0,8.6489,8.6489,8.6475
2314,0.0,0.0062,0.0062,0.0011,0.0,1.0,0.0,8.4434,0.0,0.0,0.0,0.0,8.4434,8.4434,8.4409
2315,0.0,0.0072,0.0072,0.0013,0.0,1.0,0.0,8.4233,0.0,0.0,0.0,0.0,8.423300000000001,8.423300000000001,8.4272
2316,0.0,0.0072,0.0072,0.0013,0.0,1.0,0.0,9.6794,0.0,0.0,0.0,0.0,9.679400000000001,9.679400000000001,9.6782
2317,0.0,0.0066,0.0066,0.0012,0.0,1.0,0.0,8.7142,0.0,0.0,0.0,0.0,8.714200000000002,8.714200000000002,8.7189
2318,0.0,0.0053,0.0053,0.001,0.0,1.0,0.0,7.6636,0.0,0.0,0.0,0.0,7.6636,7.6636,7.6678
2319,0.0,0.0064,0.0064,0.0012,0.0,1.0,0.0,9.8438,0.0,0.0,0.0,0.0,9.8438,9.8438,9.8392
2320,0.0,0.0066,0.0066,0.0012,0.0,1.0,0.0,8.375,0.0,0.0,0.0,0.0,8.375000000000002,8.375000000000002,8.3721
2321,0.0,0.0061,0.0061,0.0011,0.0,1.0,0.0,8.1228,0.0,0.0,0.0,0.0,8.122800000000002,8.122800000000002,8.1185
2322,0.0,0.0056,0.0056,0.001,0.0,1.0,0.0,7.8772,0.0,0.0,0.0,0.0,7.8772,7.8772,7.8757
2323,0.0,0.007,0.007,0.0013,0.0,1.0,0.0,9.4657,0.0,0.0,0.0,0.0,9.465700000000002,9.465700000000002,9.467
2324,0.0,0.0064,0.0064,0.0012,0.0,1.0,0.0,8.2928,0.0,0.0,0.0,0.0,8.2928,8.2928,8.292
2325,0.0,0.0053,0.0053,0.0009,0.0,1.0,0.0,8.81,0.0,0.0,0.0,0.0,8.809999999999999,8.809999999999999,8.8129
2326,0.0,0.0078,0.0078,0.0014,0.0,1.0,0.0,9.6806,0.0,0.0,0.0,0.0,9.680600000000002,9.680600000000002,9.6774
2327,0.0,0.0079,0.0079,0.0014,0.0,1.0,0.0,9.9364,0.0,0.0,0.0,0.0,9.936399999999999,9.936399999999999,9.9335
2328,0.0,0.0077,0.0077,0.0014,0.0,1.0,0.0,9.2168,0.0,0.0,0.0,0.0,9.216800000000001,9.216800000000001,9.2179
2329,0.0,0.0063,0.0063,0.0011,0.0,1.0,0.0,9.1279,0.0,0.0,0.0,0.0,9.1279,9.1279,9.1256
2330,0.0,0.0075,0.0075,0.0014,0.0,1.0,0.0,8.3397,0.0,0.0,0.0,0.0,8.339699999999999,8.339699999999999,8.3388
2331,0.0,0.0055,0.0055,0.001,0.0,1.0,0.0,8.3077,0.0,0.0,0.0,0.0,8.3077,8.3077,8.3038
2332,0.0,0.0069,0.0069,0.0012,0.0,1.0,0.0,9.2841,0.0,0.0,0.0,0.0,9.284099999999999,9.284099999999999,9.2793
2333,0.0,0.0057,0.0057,0.001,0.0,1.0,0.0,8.2052,0.0,0.0,0.0,0.0,8.205199999999998,8.205199999999998,8.2054
2334,0.0,0.0067,0.0067,0.0012,0.0,1.0,0.0,7.5771,0.0,0.0,0.0,0.0,7.5771,7.5771,7.5746
2335,0.0,0.008,0.008,0.0014,0.0,1.0,0.0,9.5052,0.0,0.0,0.0,0.0,9.5052,9.5052,9.5097
2336,0.0,0.0079,0.0079,0.0014,0.0,1.0,0.0,9.7277,0.0,0.0,0.0,0.0,9.7277,9.7277,9.7239
2337,0.0,0.0057,0.0057,0.001,0.0,1.0,0.0,7.9519,0.0,0.0,0.0,0.0,7.951900000000001,7.951900000000001,7.9483
2338,0.0,0.0063,0.0063,0.0011,0.0,1.0,0.0,7.8764,0.0,0.0,0.0,0.0,7.876399999999999,7.876399999999999,7.8801
2339,0.0,0.0067,0.0067,0.0012,0.0,1.0,0.0,8.3373,0.0,0.0,0.0,0.0,8.337299999999999,8.337299999999999,8.34
2340,0.0,0.0068,0.0068,0.0012,0.0,1.0,0.0,9.3668,0.0,0.0,0.0,0.0,9.366800000000001,9.366800000000001,9.3651
2341,0.0,0.0071,0.0071,0.0013,0.0,1.0,0.0,8.9487,0.0,0.0,0.0,0.0,8.9487,8.9487,8.9438
2342,0.0,0.0069,0.0069,0.0012,0.0,1.0,0.0,9.5265,0.0,0.0,0.0,0.0,9.5265,9.5265,9.5254
2343,0.0,0.006,0.006,0.0011,0.0,1.0,0.0,9.3183,0.0,0.0,0.0,0.0,9.318299999999999,9.318299999999999,9.3205
2344,0.0,0.0064,0.0064,0.0012,0.0,1.0,0.0,8.3579,0.0,0.0,0.0,0.0,8.3579,8.3579,8.3583
2345,0.0,0.006,0.006,0.0011,0.0,1.0,0.0,8.9994,0.0,0.0,0.0,0.0,8.999400000000001,8.999400000000001,9.0006
2346,0.0,0.0068,0.0068,0.0012,0.0,1.0,0.0,8.4559,0.0,0.0,0.0,0.0,8.4559,8.4559,8.4568
2347,0.0,0.0065,0.0065,0.0012,0.0,1.0,0.0,8.5707,0.0,0.0,0.0,0.0,8.5707,8.5707,8.5693
2348,0.0,0.0068,0.0068,0.0012,0.0,1.0,0.0,8.3328,0.0,0.0,0.0,0.0,8.3328,8.3328,8.3368
2349,0.0,0.0054,0.0054,0.001,0.0,1.0,0.0,8.2634,0.0,0.0,0.0,0.0,8.2634,8.2634,8.2612
2350,0.0,0.0063,0.0063,0.0011,0.0,1.0,0.0,8.5513,0.0,0.0,0.0,0.0,8.5513,8.5513,8.5473
2351,0.0,0.0057,0.0057,0.001,0.0,1.0,0.0,7.7262,0.0,0.0,0.0,0.0,7.7261999999999995,7.7261999999999995,7.7256
2352,0.0,0.0054,0.0054,0.001,0.0,1.0,0.0,8.8451,0.0,0.0,0.0,0.0,8.845100000000002,8.845100000000002,8.8486
2353,0.0,0.0077,0.0077,0.0014,0.0,1.0,0.0,8.7962,0.0,0.0,0.0,0.0,8.796199999999999,8.796199999999999,8.8004
2354,0.0,0.0059,0.0059,0.0011,0.0,1.0,0.0,8.3769,0.0,0.0,0.0,0.0,8.3769,8.3769,8.377
2355,0.0,0.0068,0.0068,0.0012,0.0,1.0,0.0,9.1141,0.0,0.0,0.0,0.0,9.1141,9.1141,9.1118
2356,0.0,0.0065,0.0065,0.0012,0.0,1.0,0.0,8.5789,0.0,0.0,0.0,0.0,8.578899999999999,8.578899999999999,8.5745
2357,0.0,0.0076,0.0076,0.0014,0.0,1.0,0.0,9.4016,0.0,0.0,0.0,0.0,9.401599999999998,9.401599999999998,9.3984
2358,0.0,0.0074,0.0074,0.0013,0.0,1.0,0.0,8.7835,0.0,0.0,0.0,0.0,8.783499999999998,8.783499999999998,8.7791
2359,0.0,0.0067,0.0067,0.0012,0.0,1.0,0.0,9.0566,0.0,0.0,0.0,0.0,9.0566,9.0566,9.0563
2360,0.0,0.007,0.007,0.0013,0.0,1.0,0.0,8.083,0.0,0.0,0.0,0.0,8.082999999999998,8.082999999999998,8.0796
2361,0.0,0.0061,0.0061,0.0011,0.0,1.0,0.0,8.9132,0.0,0.0,0.0,0.0,8.9132,8.9132,8.9123
2362,0.0,0.0062,0.0062,0.0011,0.0,1.0,0.0,9.1289,0.0,0.0,0.0,0.0,9.1289,9.1289,9.1293
2363,0.0,0.0082,0.0082,0.0015,0.0,1.0,0.0,9.5121,0.0,0.0,0.0,0.0,9.5121,9.5121,9.5171
2364,0.0,0.0067,0.0067,0.0012,0.0,1.0,0.0,8.9444,0.0,0.0,0.0,0.0,8.944400000000002,8.944400000000002,8.9415
2365,0.0,0.0058,0.0058,0.001,0.0,1.0,0.0,8.8493,0.0,0.0,0.0,0.0,8.849300000000001,8.849300000000001,8.8463
2366,0.0,0.0078,0.0078,0.0014,0.0,1.0,0.0,8.737,0.0,0.0,0.0,0.0,8.737000000000002,8.737000000000002,8.736
2367,0.0,0.0061,0.0061,0.0011,0.0,1.0,0.0,8.899,0.0,0.0,0.0,0.0,8.899,8.899,8.8968
2368,0.0,0.0064,0.0064,0.0012,0.0,1.0,0.0,8.4941,0.0,0.0,0.0,0.0,8.4941,8.4941,8.4966
2369,0.0,0.0068,0.0068,0.0012,0.0,1.0,0.0,8.5323,0.0,0.0,0.0,0.0,8.532300000000001,8.532300000000001,8.5349
2370,0.0,0.0065,0.0065,0.0012,0.0,1.0,0.0,8.0466,0.0,0.0,0.0,0.0,8.0466,8.0466,8.0424
2371,0.0,0.0068,0.0068,0.0012,0.0,1.0,0.0,8.6874,0.0,0.0,0.0,0.0,8.687400000000002,8.687400000000002,8.6921
2372,0.0,0.0078,0.0078,0.0014,0.0,1.0,0.0,9.5676,0.0,0.0,0.0,0.0,9.5676,9.5676,9.5639
2373,0.0,0.0056,0.0056,0.001,0.0,1.0,0.0,8.1477,0.0,0.0,0.0,0.0,8.1477,8.1477,8.1461
2374,0.0,0.0064,0.0064,0.0011,0.0,1.0,0.0,8.1327,0.0,0.0,0.0,0.0,8.1327,8.1327,8.1348
2375,0.0,0.0063,0.0063,0.0011,0.0,1.0,0.0,8.3831,0.0,0.0,0.0,0.0,8.383099999999999,8.383099999999999,8.3865
2376,0.0,0.0072,0.0072,0.0013,0.0,1.0,0.0,8.6036,0.0,0.0,0.0,0.0,8.6036,8.6036,8.6076
2377,0.0,0.0071,0.0071,0.0013,0.0,1.0,0.0,8.5833,0.0,0.0,0.0,0.0,8.5833,8.5833,8.5849
2378,0.0,0.0056,0.0056,0.001,0.0,1.0,0.0,8.3796,0.0,0.0,0.0,0.0,8.3796,8.3796,8.3802
2379,0.0,0.0061,0.0061,0.0011,0.0,1.0,0.0,8.8156,0.0,0.0,0.0,0.0,8.815600000000002,8.815600000000002,8.8123
2380,0.0,0.0072,0.0072,0.0013,0.0,1.0,0.0,8.6262,0.0,0.0,0.0,0.0,8.6262,8.6262,8.6247
2381,0.0,0.0053,0.0053,0.001,0.0,1.0,0.0,7.9812,0.0,0.0,0.0,0.0,7.981200000000001,7.981200000000001,7.9791
2382,0.0,0.007,0.007,0.0013,0.0,1.0,0.0,8.3931,0.0,0.0,0.0,0.0,8.3931,8.3931,8.3972
2383,0.0,0.0056,0.0056,0.001,0.0,1.0,0.0,7.9302,0.0,0.0,0.0,0.0,7.930200000000001,7.930200000000001,7.9303
2384,0.0,0.0051,0.0051,0.0009,0.0,1.0,0.0,7.7627,0.0,0.0,0.0,0.0,7.7627000000000015,7.7627000000000015,7.759
2385,0.0,0.0068,0.0068,0.0012,0.0,1.0,0.0,9.1631,0.0,0.0,0.0,0.0,9.163099999999998,9.163099999999998,9.1661
2386,0.0,0.0068,0.0068,0.0012,0.0,1.0,0.0,8.5636,0.0,0.0,0.0,0.0,8.5636,8.5636,8.5639
2387,0.0,0.0075,0.0075,0.0013,0.0,1.0,0.0,9.0958,0.0,0.0,0.0,0.0,9.095799999999999,9.095799999999999,9.0911
2388,0.0,0.005,0.005,0.0009,0.0,1.0,0.0,8.2443,0.0,0.0,0.0,0.0,8.244299999999999,8.244299999999999,8.2395
2389,0.0,0.0061,0.0061,0.0011,0.0,1.0,0.0,8.3668,0.0,0.0,0.0,0.0,8.366800000000001,8.366800000000001,8.3662
2390,0.0,0.0067,0.0067,0.0012,0.0,1.0,0.0,9.4502,0.0,0.0,0.0,0.0,9.4502,9.4502,9.4503
2391,0.0,0.0061,0.0061,0.0011,0.0,1.0,0.0,8.5279,0.0,0.0,0.0,0.0,8.527899999999999,8.527899999999999,8.53
2392,0.0,0.0074,0.0074,0.0013,0.0,1.0,0.0,9.0102,0.0,0.0,0.0,0.0,9.0102,9.0102,9.0084
2393,0.0,0.0067,0.0067,0.0012,0.0,1.0,0.0,9.0252,0.0,0.0,0.0,0.0,9.0252,9.0252,9.026
2394,0.0,0.0062,0.0062,0.0011,0.0,1.0,0.0,8.5001,0.0,0.0,0.0,0.0,8.5001,8.5001,8.5001
2395,0.0,0.0062,0.0062,0.0011,0.0,1.0,0.0,8.1594,0.0,0.0,0.0,0.0,8.1594,8.1594,8.1631
2396,0.0,0.007,0.007,0.0013,0.0,1.0,0.0,8.5554,0.0,0.0,0.0,0.0,8.555399999999999,8.555399999999999,8.5522
2397,0.0,0.0061,0.0061,0.0011,0.0,1.0,0.0,8.5706,0.0,0.0,0.0,0.0,8.5706,8.5706,8.5663
2398,0.0,0.0049,0.0049,0.0009,0.0,1.0,0.0,8.0801,0.0,0.0,0.0,0.0,8.0801,8.0801,8.0814
2399,0.0,0.007,0.007,0.0013,0.0,1.0,0.0,8.7322,0.0,0.0,0.0,0.0,8.732199999999999,8.732199999999999,8.7308
2400,0.0,0.0078,0.0078,0.0014,0.0,1.0,0.0,9.3193,0.0,0.0,0.0,0.0,9.319299999999998,9.319299999999998,9.3187
2401,0.0,0.0059,0.0059,0.0011,0.0,1.0,0.0,8.5079,0.0,0.0,0.0,0.0,8.5079,8.5079,8.5121
2402,0.0,0.0076,0.0076,0.0014,0.0,1.0,0.0,8.6752,0.0,0.0,0.0,0.0,8.675199999999998,8.675199999999998,8.6723
2403,0.0,0.0063,0.0063,0.0011,0.0,1.0,0.0,7.7751,0.0,0.0,0.0,0.0,7.775099999999998,7.775099999999998,7.7781
2404,0.0,0.0057,0.0057,0.001,0.0,1.0,0.0,9.0743,0.0,0.0,0.0,0.0,9.0743,9.0743,9.0791
2405,0.0,0.0068,0.0068,0.0012,0.0,1.0,0.0,8.6731,0.0,0.0,0.0,0.0,8.673100000000002,8.673100000000002,8.6774
2406,0.0,0.0072,0.0072,0.0013,0.0,1.0,0.0,9.5318,0.0,0.0,0.0,0.0,9.5318,9.5318,9.5328
2407,0.0,0.0066,0.0066,0.0012,0.0,1.0,0.0,9.5306,0.0,0.0,0.0,0.0,9.530599999999998,9.530599999999998,9.5285
2408,0.0,0.0069,0.0069,0.0012,0.0,1.0,0.0,8.3213,0.0,0.0,0.0,0.0,8.3213,8.3213,8.3214
2409,0.0,0.0079,0.0079,0.0014,0.0,1.0,0.0,9.1148,0.0,0.0,0.0,0.0,9.114799999999999,9.114799999999999,9.117
2410,0.0,0.0067,0.0067,0.0012,0.0,1.0,0.0,8.4757,0.0,0.0,0.0,0.0,8.4757,8.4757,8.4798
2411,0.0,0.0056,0.0056,0.001,0.0,1.0,0.0,8.2409,0.0,0.0,0.0,0.0,8.240899999999998,8.240899999999998,8.243
2412,0.0,0.0067,0.0067,0.0012,0.0,1.0,0.0,9.3029,0.0,0.0,0.0,0.0,9.3029,9.3029,9.3019
2413,0.0,0.0066,0.0066,0.0012,0.0,1.0,0.0,8.9945,0.0,0.0,0.0,0.0,8.9945,8.9945,8.9896
2414,0.0,0.0073,0.0073,0.0013,0.0,1.0,0.0,9.2449,0.0,0.0,0.0,0.0,9.2449,9.2449,9.2491
2415,0.0,0.0058,0.0058,0.001,0.0,1.0,0.0,8.3689,0.0,0.0,0.0,0.0,8.3689,8.3689,8.3706
2416,0.0,0.0069,0.0069,0.0012,0.0,1.0,0.0,8.9207,0.0,0.0,0.0,0.0,8.9207,8.9207,8.9231
2417,0.0,0.0061,0.0061,0.0011,0.0,1.0,0.0,8.0715,0.0,0.0,0.0,0.0,8.0715,8.0715,8.0736
2418,0.0,0.0067,0.0067,0.0012,0.0,1.0,0.0,8.399,0.0,0.0,0.0,0.0,8.399000000000001,8.399000000000001,8.3942
2419,0.0,0.0064,0.0064,0.0012,0.0,1.0,0.0,7.993,0.0,0.0,0.0,0.0,7.993,7.993,7.9927
2420,0.0,0.0061,0.0061,0.0011,0.0,1.0,0.0,8.6608,0.0,0.0,0.0,0.0,8.6608,8.6608,8.6606
2421,0.0,0.0066,0.0066,0.0012,0.0,1.0,0.0,8.7633,0.0,0.0,0.0,0.0,8.763300000000001,8.763300000000001,8.7657
2422,0.0,0.0071,0.0071,0.0013,0.0,1.0,0.0,9.7549,0.0,0.0,0.0,0.0,9.7549,9.7549,9.7584
2423,0.0,0.0064,0.0064,0.0012,0.0,1.0,0.0,8.6517,0.0,0.0,0.0,0.0,8.6517,8.6517,8.6547
2424,0.0,0.0059,0.0059,0.0011,0.0,1.0,0.0,7.955,0.0,0.0,0.0,0.0,7.954999999999999,7.954999999999999,7.9502
2425,0.0,0.0072,0.0072,0.0013,0.0,1.0,0.0,8.4757,0.0,0.0,0.0,0.0,8.4757,8.4757,8.4753
2426,0.0,0.006,0.006,0.0011,0.0,1.0,0.0,8.3153,0.0,0.0,0.0,0.0,8.3153,8.3153,8.3112
2427,0.0,0.0079,0.0079,0.0014,0.0,1.0,0.0,9.2881,0.0,0.0,0.0,0.0,9.2881,9.2881,9.289
2428,0.0,0.0069,0.0069,0.0012,0.0,1.0,0.0,8.9004,0.0,0.0,0.0,0.0,8.9004,8.9004,8.8999
2429,0.0,0.0054,0.0054,0.001,0.0,1.0,0.0,8.1909,0.0,0.0,0.0,0.0,8.190900000000001,8.190900000000001,8.1958
2430,0.0,0.0067,0.0067,0.0012,0.0,1.0,0.0,8.0245,0.0,0.0,0.0,0.0,8.0245,8.0245,8.0266
2431,0.0,0.0084,0.0084,0.0015,0.0,1.0,0.0,10.524,0.0,0.0,0.0,0.0,10.524,10.524,10.529
2432,0.0,0.0068,0.0068,0.0012,0.0,1.0,0.0,8.8723,0.0,0.0,0.0,0.0,8.872300000000001,8.872300000000001,8.877
2433,0.0,0.0058,0.0058,0.001,0.0,1.0,0.0,8.064,0.0,0.0,0.0,0.0,8.064,8.064,8.0601
2434,0.0,0.0059,0.0059,0.0011,0.0,1.0,0.0,8.986,0.0,0.0,0.0,0.0,8.986,8.986,8.9834
2435,0.0,0.0068,0.0068,0.0012,0.0,1.0,0.0,8.9178,0.0,0.0,0.0,0.0,8.9178,8.9178,8.9221
2436,0.0,0.0065,0.0065,0.0012,0.0,1.0,0.0,8.5366,0.0,0.0,0.0,0.0,8.5366,8.5366,8.5366
2437,0.0,0.0071,0.0071,0.0013,0.0,1.0,0.0,8.6129,0.0,0.0,0.0,0.0,8.6129,8.6129,8.6119
2438,0.0,0.0053,0.0053,0.001,0.0,1.0,0.0,8.2093,0.0,0.0,0.0,0.0,8.209299999999999,8.209299999999999,8.2106
2439,0.0,0.0079,0.0079,0.0014,0.0,1.0,0.0,9.1178,0.0,0.0,0.0,0.0,9.1178,9.1178,9.1195
2440,0.0,0.0054,0.0054,0.001,0.0,1.0,0.0,8.147,0.0,0.0,0.0,0.0,8.147,8.147,8.1443
2441,0.0,0.0059,0.0059,0.0011,0.0,1.0,0.0,8.58,0.0,0.0,0.0,0.0,8.58,8.58,8.575
2442,0.0,0.007,0.007,0.0013,0.0,1.0,0.0,9.3722,0.0,0.0,0.0,0.0,9.3722,9.3722,9.3746
2443,0.0,0.0062,0.0062,0.0011,0.0,1.0,0.0,7.8867,0.0,0.0,0.0,0.0,7.886699999999999,7.886699999999999,7.8845
2444,0.0,0.0075,0.0075,0.0014,0.0,1.0,0.0,8.4754,0.0,0.0,0.0,0.0,8.475399999999999,8.475399999999999,8.4728
2445,0.0,0.0081,0.0081,0.0015,0.0,1.0,0.0,9.3251,0.0,0.0,0.0,0.0,9.325099999999997,9.325099999999997,9.3223
2446,0.0,0.0061,0.0061,0.0011,0.0,1.0,0.0,8.6359,0.0,0.0,0.0,0.0,8.6359,8.6359,8.6359
2447,0.0,0.0082,0.0082,0.0015,0.0,1.0,0.0,9.3466,0.0,0.0,0.0,0.0,9.3466,9.3466,9.3496
2448,0.0,0.0068,0.0068,0.0012,0.0,1.0,0.0,9.0202,0.0,0.0,0.0,0.0,9.020199999999999,9.020199999999999,9.0228
2449,0.0,0.0058,0.0058,0.001,0.0,1.0,0.0,8.9675,0.0,0.0,0.0,0.0,8.9675,8.9675,8.9661
2450,0.0,0.0071,0.0071,0.0013,0.0,1.0,0.0,9.1843,0.0,0.0,0.0,0.0,9.1843,9.1843,9.1856
2451,0.0,0.0066,0.0066,0.0012,0.0,1.0,0.0,8.5616,0.0,0.0,0.0,0.0,8.5616,8.5616,8.566
2452,0.0,0.0064,0.0064,0.0011,0.0,1.0,0.0,8.8226,0.0,0.0,0.0,0.0,8.8226,8.8226,8.8266
2453,0.0,0.0073,0.0073,0.0013,0.0,1.0,0.0,9.3273,0.0,0.0,0.0,0.0,9.327300000000001,9.327300000000001,9.3239
2454,0.0,0.0069,0.0069,0.0012,0.0,1.0,0.0,9.6891,0.0,0.0,0.0,0.0,9.6891,9.6891,9.6898
2455,0.0,0.0057,0.0057,0.001,0.0,1.0,0.0,8.4835,0.0,0.0,0.0,0.0,8.483500000000001,8.483500000000001,8.4813
2456,0.0,0.0065,0.0065,0.0012,0.0,1.0,0.0,8.7358,0.0,0.0,0.0,0.0,8.7358,8.7358,8.7334
2457,0.0,0.0082,0.0082,0.0015,0.0,1.0,0.0,9.2846,0.0,0.0,0.0,0.0,9.284600000000001,9.284600000000001,9.2881
2458,0.0,0.0054,0.0054,0.001,0.0,1.0,0.0,8.9172,0.0,0.0,0.0,0.0,8.917200000000003,8.917200000000003,8.9205
2459,0.0,0.0057,0.0057,0.001,0.0,1.0,0.0,8.3785,0.0,0.0,0.0,0.0,8.378499999999999,8.378499999999999,8.381
2460,0.0,0.0083,0.0083,0.0015,0.0,1.0,0.0,8.7077,0.0,0.0,0.0,0.0,8.707699999999999,8.707699999999999,8.7042
2461,0.0,0.006,0.006,0.0011,0.0,1.0,0.0,8.5639,0.0,0.0,0.0,0.0,8.5639,8.5639,8.5632
2462,0.0,0.0059,0.0059,0.0011,0.0,1.0,0.0,9.1607,0.0,0.0,0.0,0.0,9.1607,9.1607,9.1559
2463,0.0,0.0061,0.0061,0.0011,0.0,1.0,0.0,7.5616,0.0,0.0,0.0,0.0,7.5616,7.5616,7.5614
2464,0.0,0.0069,0.0069,0.0012,0.0,1.0,0.0,9.1013,0.0,0.0,0.0,0.0,9.1013,9.1013,9.1007
2465,0.0,0.0069,0.0069,0.0012,0.0,1.0,0.0,7.8114,0.0,0.0,0.0,0.0,7.8114,7.8114,7.8138
2466,0.0,0.0068,0.0068,0.0012,0.0,1.0,0.0,9.2391,0.0,0.0,0.0,0.0,9.2391,9.2391,9.2438
2467,0.0,0.0071,0.0071,0.0013,0.0,1.0,0.0,9.0015,0.0,0.0,0.0,0.0,9.0015,9.0015,9.0003
2468,0.0,0.0064,0.0064,0.0011,0.0,1.0,0.0,9.6756,0.0,0.0,0.0,0.0,9.675600000000001,9.675600000000001,9.6803
2469,0.0,0.0056,0.0056,0.001,0.0,1.0,0.0,8.8952,0.0,0.0,0.0,0.0,8.895199999999999,8.895199999999999,8.8971
2470,0.0,0.0069,0.0069,0.0012,0.0,1.0,0.0,8.8276,0.0,0.0,0.0,0.0,8.827599999999999,8.827599999999999,8.83
2471,0.0,0.0064,0.0064,0.0011,0.0,1.0,0.0,8.1049,0.0,0.0,0.0,0.0,8.104899999999999,8.104899999999999,8.104
2472,0.0,0.0079,0.0079,0.0014,0.0,1.0,0.0,9.3996,0.0,0.0,0.0,0.0,9.399600000000001,9.399600000000001,9.3947
2473,0.0,0.0055,0.0055,0.001,0.0,1.0,0.0,7.9594,0.0,0.0,0.0,0.0,7.9594,7.9594,7.9577
2474,0.0,0.0054,0.0054,0.001,0.0,1.0,0.0,8.1984,0.0,0.0,0.0,0.0,8.198400000000001,8.198400000000001,8.194
2475,0.0,0.0059,0.0059,0.0011,0.0,1.0,0.0,8.411,0.0,0.0,0.0,0.0,8.411,8.411,8.4147
2476,0.0,0.0067,0.0067,0.0012,0.0,1.0,0.0,8.6635,0.0,0.0,0.0,0.0,8.663499999999999,8.663499999999999,8.6678
2477,0.0,0.0073,0.0073,0.0013,0.0,1.0,0.0,9.3962,0.0,0.0,0.0,0.0,9.396199999999999,9.396199999999999,9.3961
2478,0.0,0.0063,0.0063,0.0011,0.0,1.0,0.0,8.774,0.0,0.0,0.0,0.0,8.774,8.774,8.7693
2479,0.0,0.0072,0.0072,0.0013,0.0,1.0,0.0,9.5611,0.0,0.0,0.0,0.0,9.561099999999998,9.561099999999998,9.5623
2480,0.0,0.0064,0.0064,0.0012,0.0,1.0,0.0,8.0474,0.0,0.0,0.0,0.0,8.047400000000001,8.047400000000001,8.0451
2481,0.0,0.0063,0.0063,0.0011,0.0,1.0,0.0,8.6399,0.0,0.0,0.0,0.0,8.639899999999999,8.639899999999999,8.6418
2482,0.0,0.0069,0.0069,0.0012,0.0,1.0,0.0,7.7353,0.0,0.0,0.0,0.0,7.7353,7.7353,7.7386
2483,0.0,0.0067,0.0067,0.0012,0.0,1.0,0.0,9.431,0.0,0.0,0.0,0.0,9.431000000000001,9.431000000000001,9.4351
2484,0.0,0.0067,0.0067,0.0012,0.0,1.0,0.0,8.2066,0.0,0.0,0.0,0.0,8.2066,8.2066,8.2046
2485,0.0,0.0069,0.0069,0.0012,0.0,1.0,0.0,8.4606,0.0,0.0,0.0,0.0,8.460600000000001,8.460600000000001,8.4655
2486,0.0,0.0068,0.0068,0.0012,0.0,1.0,0.0,9.1095,0.0,0.0,0.0,0.0,9.109500000000002,9.109500000000002,9.1083
2487,0.0,0.0059,0.0059,0.0011,0.0,1.0,0.0,8.5558,0.0,0.0,0.0,0.0,8.5558,8.5558,8.5551
2488,0.0,0.0064,0.0064,0.0012,0.0,1.0,0.0,9.1112,0.0,0.0,0.0,0.0,9.111200000000002,9.111200000000002,9.1105
2489,0.0,0.0057,0.0057,0.001,0.0,1.0,0.0,7.7254,0.0,0.0,0.0,0.0,7.7254000000000005,7.7254000000000005,7.7236
2490,0.0,0.0059,0.0059,0.0011,0.0,1.0,0.0,8.0712,0.0,0.0,0.0,0.0,8.0712,8.0712,8.0688
2491,0.0,0.006,0.006,0.0011,0.0,1.0,0.0,7.8847,0.0,0.0,0.0,0.0,7.884700000000001,7.884700000000001,7.8864
2492,0.0,0.0071,0.0071,0.0013,0.0,1.0,0.0,9.3409,0.0,0.0,0.0,0.0,9.3409,9.3409,9.3371
2493,0.0,0.0059,0.0059,0.0011,0.0,1.0,0.0,8.5952,0.0,0.0,0.0,0.0,8.5952,8.5952,8.5971
2494,0.0,0.0074,0.0074,0.0013,0.0,1.0,0.0,9.4224,0.0,0.0,0.0,0.0,9.4224,9.4224,9.4259
2495,0.0,0.0056,0.0056,0.001,0.0,1.0,0.0,7.6726,0.0,0.0,0.0,0.0,7.6726,7.6726,7.6684
2496,0.0,0.0052,0.0052,0.0009,0.0,1.0,0.0,7.6571,0.0,0.0,0.0,0.0,7.6571,7.6571,7.6557
2497,0.0,0.0065,0.0065,0.0012,0.0,1.0,0.0,8.1689,0.0,0.0,0.0,0.0,8.1689,8.1689,8.1698
2498,0.0,0.0061,0.0061,0.0011,0.0,1.0,0.0,8.6047,0.0,0.0,0.0,0.0,8.6047,8.6047,8.6076
2499,0.0,0.0062,0.0062,0.0011,0.0,1.0,0.0,8.3691,0.0,0.0,0.0,0.0,8.3691,8.3691,8.371
2500,0.0,0.0071,0.0071,0.0013,0.0,1.0,0.0,10.095,0.0,0.0,0.0,0.0,10.095000000000002,10.095000000000002,10.091
2501,0.0,0.0059,0.0059,0.0011,0.0,1.0,0.0,8.037,0.0,0.0,0.0,0.0,8.036999999999999,8.036999999999999,8.0381
2502,0.0,0.007,0.007,0.0013,0.0,1.0,0.0,10.0448,0.0,0.0,0.0,0.0,10.044799999999999,10.044799999999999,10.0463
2503,0.0,0.0074,0.0074,0.0013,0.0,1.0,0.0,8.5959,0.0,0.0,0.0,0.0,8.595899999999999,8.595899999999999,8.5977
2504,0.0,0.007,0.007,0.0013,0.0,1.0,0.0,9.4902,0.0,0.0,0.0,0.0,9.4902,9.4902,9.4855
2505,0.0,0.0076,0.0076,0.0014,0.0,1.0,0.0,9.925,0.0,0.0,0.0,0.0,9.924999999999999,9.924999999999999,9.9244
2506,0.0,0.0071,0.0071,0.0013,0.0,1.0,0.0,8.9805,0.0,0.0,0.0,0.0,8.9805,8.9805,8.9834
2507,0.0,0.0065,0.0065,0.0012,0.0,1.0,0.0,8.6033,0.0,0.0,0.0,0.0,8.6033,8.6033,8.5988
2508,0.0,0.007,0.007,0.0013,0.0,1.0,0.0,9.0996,0.0,0.0,0.0,0.0,9.0996,9.0996,9.0979
2509,0.0,0.005,0.005,0.0009,0.0,1.0,0.0,7.326,0.0,0.0,0.0,0.0,7.326000000000001,7.326000000000001,7.3218
2510,0.0,0.006,0.006,0.0011,0.0,1.0,0.0,8.8336,0.0,0.0,0.0,0.0,8.833599999999999,8.833599999999999,8.8373
2511,0.0,0.007,0.007,0.0013,0.0,1.0,0.0,8.455,0.0,0.0,0.0,0.0,8.455000000000002,8.455000000000002,8.4598
2512,0.0,0.006,0.006,0.0011,0.0,1.0,0.0,8.3171,0.0,0.0,0.0,0.0,8.3171,8.3171,8.3192
2513,0.0,0.0063,0.0063,0.0011,0.0,1.0,0.0,8.9756,0.0,0.0,0.0,0.0,8.975599999999998,8.975599999999998,8.9773
2514,0.0,0.007,0.007,0.0013,0.0,1.0,0.0,9.3225,0.0,0.0,0.0,0.0,9.3225,9.3225,9.3254
2515,0.0,0.0053,0.0053,0.0009,0.0,1.0,0.0,7.5282,0.0,0.0,0.0,0.0,7.528199999999999,7.528199999999999,7.5288
2516,0.0,0.0063,0.0063,0.0011,0.0,1.0,0.0,7.8101,0.0,0.0,0.0,0.0,7.810099999999999,7.810099999999999,7.8091
2517,0.0,0.0074,0.0074,0.0013,0.0,1.0,0.0,8.6614,0.0,0.0,0.0,0.0,8.6614,8.6614,8.6596
2518,0.0,0.008,0.008,0.0014,0.0,1.0,0.0,9.0027,0.0,0.0,0.0,0.0,9.002699999999999,9.002699999999999,9.0013
2519,0.0,0.0063,0.0063,0.0011,0.0,1.0,0.0,8.5182,0.0,0.0,0.0,0.0,8.5182,8.5182,8.5222
2520,0.0,0.0074,0.0074,0.0013,0.0,1.0,0.0,8.7406,0.0,0.0,0.0,0.0,8.740599999999999,8.740599999999999,8.7364
2521,0.0,0.0065,0.0065,0.0012,0.0,1.0,0.0,8.8651,0.0,0.0,0.0,0.0,8.8651,8.8651,8.8632
2522,0.0,0.0057,0.0057,0.001,0.0,1.0,0.0,9.2273,0.0,0.0,0.0,0.0,9.227300000000001,9.227300000000001,9.2291
2523,0.0,0.0066,0.0066,0.0012,0.0,1.0,0.0,8.2951,0.0,0.0,0.0,0.0,8.2951,8.2951,8.2951
2524,0.0,0.0076,0.0076,0.0014,0.0,1.0,0.0,8.6532,0.0,0.0,0.0,0.0,8.6532,8.6532,8.6572
2525,0.0,0.0076,0.0076,0.0014,0.0,1.0,0.0,8.8245,0.0,0.0,0.0,0.0,8.824499999999999,8.824499999999999,8.8283
2526,0.0,0.0056,0.0056,0.001,0.0,1.0,0.0,7.8611,0.0,0.0,0.0,0.0,7.8610999999999995,7.8610999999999995,7.8642
2527,0.0,0.0066,0.0066,0.0012,0.0,1.0,0.0,8.61,0.0,0.0,0.0,0.0,8.61,8.61,8.6146
2528,0.0,0.0062,0.0062,0.0011,0.0,1.0,0.0,8.3808,0.0,0.0,0.0,0.0,8.380799999999999,8.380799999999999,8.3848
2529,0.0,0.0067,0.0067,0.0012,0.0,1.0,0.0,8.2487,0.0,0.0,0.0,0.0,8.2487,8.2487,8.2486
2530,0.0,0.006,0.006,0.0011,0.0,1.0,0.0,8.7809,0.0,0.0,0.0,0.0,8.7809,8.7809,8.7833
2531,0.0,0.0068,0.0068,0.0012,0.0,1.0,0.0,8.8565,0.0,0.0,0.0,0.0,8.856499999999999,8.856499999999999,8.8521
2532,0.0,0.0059,0.0059,0.0011,0.0,1.0,0.0,8.0031,0.0,0.0,0.0,0.0,8.0031,8.0031,8.0046
2533,0.0,0.0067,0.0067,0.0012,0.0,1.0,0.0,9.296,0.0,0.0,0.0,0.0,9.296,9.296,9.299
2534,0.0,0.0065,0.0065,0.0012,0.0,1.0,0.0,8.773,0.0,0.0,0.0,0.0,8.773,8.773,8.7779
2535,0.0,0.006,0.006,0.0011,0.0,1.0,0.0,8.299,0.0,0.0,0.0,0.0,8.299000000000001,8.299000000000001,8.2997
2536,0.0,0.0069,0.0069,0.0012,0.0,1.0,0.0,9.1772,0.0,0.0,0.0,0.0,9.177200000000001,9.177200000000001,9.1761
2537,0.0,0.0071,0.0071,0.0013,0.0,1.0,0.0,9.6148,0.0,0.0,0.0,0.0,9.614799999999999,9.614799999999999,9.617
2538,0.0,0.0056,0.0056,0.001,0.0,1.0,0.0,8.291,0.0,0.0,0.0,0.0,8.291,8.291,8.2891
2539,0.0,0.0064,0.0064,0.0012,0.0,1.0,0.0,8.5351,0.0,0.0,0.0,0.0,8.5351,8.5351,8.5312
2540,0.0,0.0067,0.0067,0.0012,0.0,1.0,0.0,8.8222,0.0,0.0,0.0,0.0,8.822199999999999,8.822199999999999,8.8214
2541,0.0,0.0058,0.0058,0.001,0.0,1.0,0.0,8.6031,0.0,0.0,0.0,0.0,8.6031,8.6031,8.603
2542,0.0,0.0076,0.0076,0.0014,0.0,1.0,0.0,9.5055,0.0,0.0,0.0,0.0,9.505500000000001,9.505500000000001,9.5034
2543,0.0,0.0063,0.0063,0.0011,0.0,1.0,0.0,8.3895,0.0,0.0,0.0,0.0,8.3895,8.3895,8.3863
2544,0.0,0.0062,0.0062,0.0011,0.0,1.0,0.0,7.6492,0.0,0.0,0.0,0.0,7.6491999999999996,7.6491999999999996,7.6517
2545,0.0,0.0067,0.0067,0.0012,0.0,1.0,0.0,8.7102,0.0,0.0,0.0,0.0,8.7102,8.7102,8.7077
2546,0.0,0.0076,0.0076,0.0014,0.0,1.0,0.0,9.1527,0.0,0.0,0.0,0.0,9.1527,9.1527,9.1552
2547,0.0,0.0054,0.0054,0.001,0.0,1.0,0.0,7.8972,0.0,0.0,0.0,0.0,7.897200000000001,7.897200000000001,7.8994
2548,0.0,0.0075,0.0075,0.0014,0.0,1.0,0.0,9.5152,0.0,0.0,0.0,0.0,9.515200000000002,9.515200000000002,9.5171
2549,0.0,0.0058,0.0058,0.001,0.0,1.0,0.0,8.7234,0.0,0.0,0.0,0.0,8.7234,8.7234,8.7271
2550,0.0,0.0067,0.0067,0.0012,0.0,1.0,0.0,8.685,0.0,0.0,0.0,0.0,8.684999999999999,8.684999999999999,8.6801
2551,0.0,0.0073,0.0073,0.0013,0.0,1.0,0.0,8.8722,0.0,0.0,0.0,0.0,8.872200000000001,8.872200000000001,8.8679
2552,0.0,0.0072,0.0072,0.0013,0.0,1.0,0.0,8.8495,0.0,0.0,0.0,0.0,8.8495,8.8495,8.8459
2553,0.0,0.0067,0.0067,0.0012,0.0,1.0,0.0,8.8211,0.0,0.0,0.0,0.0,8.8211,8.8211,8.8171
2554,0.0,0.0059,0.0059,0.0011,0.0,1.0,0.0,7.8942,0.0,0.0,0.0,0.0,7.894199999999999,7.894199999999999,7.8909
2555,0.0,0.0063,0.0063,0.0011,0.0,1.0,0.0,8.1266,0.0,0.0,0.0,0.0,8.1266,8.1266,8.1255
2556,0.0,0.0067,0.0067,0.0012,0.0,1.0,0.0,9.1095,0.0,0.0,0.0,0.0,9.109499999999999,9.109499999999999,9.1097
2557,0.0,0.0058,0.0058,0.001,0.0,1.0,0.0,8.7134,0.0,0.0,0.0,0.0,8.7134,8.7134,8.711
2558,0.0,0.0072,0.0072,0.0013,0.0,1.0,0.0,9.7694,0.0,0.0,0.0,0.0,9.769400000000001,9.769400000000001,9.7681
2559,0.0,0.0062,0.0062,0.0011,0.0,1.0,0.0,7.931,0.0,0.0,0.0,0.0,7.930999999999999,7.930999999999999,7.9286
2560,0.0,0.0065,0.0065,0.0012,0.0,1.0,0.0,8.7504,0.0,0.0,0.0,0.0,8.7504,8.7504,8.7508
2561,0.0,0.0061,0.0061,0.0011,0.0,1.0,0.0,8.2604,0.0,0.0,0.0,0.0,8.2604,8.2604,8.2643
2562,0.0,0.0071,0.0071,0.0013,0.0,1.0,0.0,8.8778,0.0,0.0,0.0,0.0,8.8778,8.8778,8.8811
2563,0.0,0.0077,0.0077,0.0014,0.0,1.0,0.0,8.9722,0.0,0.0,0.0,0.0,8.972199999999999,8.972199999999999,8.9735
2564,0.0,0.007,0.007,0.0013,0.0,1.0,0.0,9.1053,0.0,0.0,0.0,0.0,9.1053,9.1053,9.1006
2565,0.0,0.0052,0.0052,0.0009,0.0,1.0,0.0,7.5874,0.0,0.0,0.0,0.0,7.587400000000001,7.587400000000001,7.5884
2566,0.0,0.0068,0.0068,0.0012,0.0,1.0,0.0,8.9036,0.0,0.0,0.0,0.0,8.9036,8.9036,8.9084
2567,0.0,0.0064,0.0064,0.0012,0.0,1.0,0.0,8.898,0.0,0.0,0.0,0.0,8.898,8.898,8.9009
2568,0.0,0.0075,0.0075,0.0013,0.0,1.0,0.0,8.1326,0.0,0.0,0.0,0.0,8.1326,8.1326,8.1347
2569,0.0,0.006,0.006,0.0011,0.0,1.0,0.0,9.0342,0.0,0.0,0.0,0.0,9.0342,9.0342,9.0385
2570,0.0,0.0066,0.0066,0.0012,0.0,1.0,0.0,8.3067,0.0,0.0,0.0,0.0,8.3067,8.3067,8.3057
2571,0.0,0.0073,0.0073,0.0013,0.0,1.0,0.0,8.1025,0.0,0.0,0.0,0.0,8.1025,8.1025,8.1033
2572,0.0,0.007,0.007,0.0013,0.0,1.0,0.0,9.3279,0.0,0.0,0.0,0.0,9.327900000000001,9.327900000000001,9.3291
2573,0.0,0.0059,0.0059,0.0011,0.0,1.0,0.0,8.4737,0.0,0.0,0.0,0.0,8.4737,8.4737,8.4765
2574,0.0,0.007,0.007,0.0013,0.0,1.0,0.0,9.2066,0.0,0.0,0.0,0.0,9.2066,9.2066,9.2099
2575,0.0,0.0063,0.0063,0.0011,0.0,1.0,0.0,7.8379,0.0,0.0,0.0,0.0,7.8379,7.8379,7.8345
2576,0.0,0.0072,0.0072,0.0013,0.0,1.0,0.0,8.2458,0.0,0.0,0.0,0.0,8.2458,8.2458,8.2501
2577,0.0,0.0069,0.0069,0.0012,0.0,1.0,0.0,9.0808,0.0,0.0,0.0,0.0,9.0808,9.0808,9.078
2578,0.0,0.0065,0.0065,0.0012,0.0,1.0,0.0,8.7812,0.0,0.0,0.0,0.0,8.7812,8.7812,8.7783
2579,0.0,0.0076,0.0076,0.0014,0.0,1.0,0.0,9.3879,0.0,0.0,0.0,0.0,9.3879,9.3879,9.3892
2580,0.0,0.0061,0.0061,0.0011,0.0,1.0,0.0,9.3583,0.0,0.0,0.0,0.0,9.3583,9.3583,9.3572
2581,0.0,0.0061,0.0061,0.0011,0.0,1.0,0.0,8.3803,0.0,0.0,0.0,0.0,8.380300000000002,8.380300000000002,8.3754
2582,0.0,0.0061,0.0061,0.0011,0.0,1.0,0.0,8.5869,0.0,0.0,0.0,0.0,8.5869,8.5869,8.5917
2583,0.0,0.0052,0.0052,0.0009,0.0,1.0,0.0,8.3027,0.0,0.0,0.0,0.0,8.3027,8.3027,8.2983
2584,0.0,0.0073,0.0073,0.0013,0.0,1.0,0.0,8.5361,0.0,0.0,0.0,0.0,8.536100000000001,8.536100000000001,8.5323
2585,0.0,0.0079,0.0079,0.0014,0.0,1.0,0.0,9.5257,0.0,0.0,0.0,0.0,9.525699999999999,9.525699999999999,9.5256
2586,0.0,0.0074,0.0074,0.0013,0.0,1.0,0.0,8.5987,0.0,0.0,0.0,0.0,8.5987,8.5987,8.5998
2587,0.0,0.0069,0.0069,0.0012,0.0,1.0,0.0,8.9468,0.0,0.0,0.0,0.0,8.946799999999998,8.946799999999998,8.943
2588,0.0,0.0075,0.0075,0.0014,0.0,1.0,0.0,8.9899,0.0,0.0,0.0,0.0,8.9899,8.9899,8.9871
2589,0.0,0.0062,0.0062,0.0011,0.0,1.0,0.0,8.8843,0.0,0.0,0.0,0.0,8.884300000000001,8.884300000000001,8.8871
2590,0.0,0.0072,0.0072,0.0013,0.0,1.0,0.0,9.0831,0.0,0.0,0.0,0.0,9.083099999999998,9.083099999999998,9.0812
2591,0.0,0.0052,0.0052,0.0009,0.0,1.0,0.0,8.8301,0.0,0.0,0.0,0.0,8.8301,8.8301,8.8281
2592,0.0,0.0055,0.0055,0.001,0.0,1.0,0.0,8.2484,0.0,0.0,0.0,0.0,8.2484,8.2484,8.2507
2593,0.0,0.0062,0.0062,0.0011,0.0,1.0,0.0,8.6452,0.0,0.0,0.0,0.0,8.6452,8.6452,8.6433
2594,0.0,0.0064,0.0064,0.0012,0.0,1.0,0.0,7.2611,0.0,0.0,0.0,0.0,7.261100000000001,7.261100000000001,7.2626
2595,0.0,0.0058,0.0058,0.001,0.0,1.0,0.0,8.5179,0.0,0.0,0.0,0.0,8.517900000000001,8.517900000000001,8.5178
2596,0.0,0.0074,0.0074,0.0013,0.0,1.0,0.0,8.6721,0.0,0.0,0.0,0.0,8.6721,8.6721,8.6769
2597,0.0,0.0077,0.0077,0.0014,0.0,1.0,0.0,8.5011,0.0,0.0,0.0,0.0,8.5011,8.5011,8.5028
2598,0.0,0.0064,0.0064,0.0011,0.0,1.0,0.0,8.3208,0.0,0.0,0.0,0.0,8.3208,8.3208,8.3246
2599,0.0,0.0064,0.0064,0.0012,0.0,1.0,0.0,8.1669,0.0,0.0,0.0,0.0,8.1669,8.1669,8.1685
2600,0.0,0.0061,0.0061,0.0011,0.0,1.0,0.0,8.6558,0.0,0.0,0.0,0.0,8.6558,8.6558,8.6534
2601,0.0,0.0055,0.0055,0.001,0.0,1.0,0.0,7.9793,0.0,0.0,0.0,0.0,7.9793,7.9793,7.9747
2602,0.0,0.0084,0.0084,0.0015,0.0,1.0,0.0,9.7066,0.0,0.0,0.0,0.0,9.706600000000002,9.706600000000002,9.7033
2603,0.0,0.0076,0.0076,0.0014,0.0,1.0,0.0,9.6174,0.0,0.0,0.0,0.0,9.6174,9.6174,9.6139
2604,0.0,0.006,0.006,0.0011,0.0,1.0,0.0,8.3989,0.0,0.0,0.0,0.0,8.398900000000001,8.398900000000001,8.4
2605,0.0,0.0064,0.0064,0.0012,0.0,1.0,0.0,9.4752,0.0,0.0,0.0,0.0,9.4752,9.4752,9.4801
2606,0.0,0.0056,0.0056,0.001,0.0,1.0,0.0,8.9958,0.0,0.0,0.0,0.0,8.995800000000001,8.995800000000001,9.0001
2607,0.0,0.0054,0.0054,0.001,0.0,1.0,0.0,7.8529,0.0,0.0,0.0,0.0,7.852900000000001,7.852900000000001,7.8576
2608,0.0,0.007,0.007,0.0013,0.0,1.0,0.0,8.4362,0.0,0.0,0.0,0.0,8.436200000000001,8.436200000000001,8.4401
2609,0.0,0.0063,0.0063,0.0011,0.0,1.0,0.0,8.5468,0.0,0.0,0.0,0.0,8.5468,8.5468,8.5445
2610,0.0,0.0071,0.0071,0.0013,0.0,1.0,0.0,9.345,0.0,0.0,0.0,0.0,9.344999999999999,9.344999999999999,9.3416
2611,0.0,0.0068,0.0068,0.0012,0.0,1.0,0.0,9.0205,0.0,0.0,0.0,0.0,9.0205,9.0205,9.0171
2612,0.0,0.0074,0.0074,0.0013,0.0,1.0,0.0,8.5663,0.0,0.0,0.0,0.0,8.5663,8.5663,8.5629
2613,0.0,0.007,0.007,0.0013,0.0,1.0,0.0,8.819,0.0,0.0,0.0,0.0,8.819,8.819,8.8158
2614,0.0,0.0081,0.0081,0.0014,0.0,1.0,0.0,10.0753,0.0,0.0,0.0,0.0,10.0753,10.0753,10.0722
2615,0.0,0.0071,0.0071,0.0013,0.0,1.0,0.0,9.4416,0.0,0.0,0.0,0.0,9.441600000000001,9.441600000000001,9.4443
2616,0.0,0.0072,0.0072,0.0013,0.0,1.0,0.0,9.4078,0.0,0.0,0.0,0.0,9.4078,9.4078,9.4049
2617,0.0,0.0073,0.0073,0.0013,0.0,1.0,0.0,8.0843,0.0,0.0,0.0,0.0,8.084299999999999,8.084299999999999,8.0857
2618,0.0,0.0065,0.0065,0.0012,0.0,1.0,0.0,8.9842,0.0,0.0,0.0,0.0,8.9842,8.9842,8.9883
2619,0.0,0.0061,0.0061,0.0011,0.0,1.0,0.0,8.5239,0.0,0.0,0.0,0.0,8.523900000000001,8.523900000000001,8.5248
2620,0.0,0.0061,0.0061,0.0011,0.0,1.0,0.0,9.2033,0.0,0.0,0.0,0.0,9.2033,9.2033,9.2048
2621,0.0,0.0064,0.0064,0.0012,0.0,1.0,0.0,9.2187,0.0,0.0,0.0,0.0,9.2187,9.2187,9.2187
2622,0.0,0.0068,0.0068,0.0012,0.0,1.0,0.0,8.4553,0.0,0.0,0.0,0.0,8.4553,8.4553,8.4543
2623,0.0,0.0079,0.0079,0.0014,0.0,1.0,0.0,10.1966,0.0,0.0,0.0,0.0,10.1966,10.1966,10.1964
2624,0.0,0.0067,0.0067,0.0012,0.0,1.0,0.0,8.8785,0.0,0.0,0.0,0.0,8.878499999999999,8.878499999999999,8.8747
2625,0.0,0.0062,0.0062,0.0011,0.0,1.0,0.0,8.3095,0.0,0.0,0.0,0.0,8.309499999999998,8.309499999999998,8.3096
2626,0.0,0.0058,0.0058,0.0011,0.0,1.0,0.0,8.0726,0.0,0.0,0.0,0.0,8.0726,8.0726,8.0764
2627,0.0,0.0067,0.0067,0.0012,0.0,1.0,0.0,9.6361,0.0,0.0,0.0,0.0,9.636099999999999,9.636099999999999,9.634
2628,0.0,0.0075,0.0075,0.0014,0.0,1.0,0.0,9.2016,0.0,0.0,0.0,0.0,9.201600000000001,9.201600000000001,9.1977
2629,0.0,0.0079,0.0079,0.0014,0.0,1.0,0.0,9.1912,0.0,0.0,0.0,0.0,9.191199999999998,9.191199999999998,9.1955
2630,0.0,0.0079,0.0079,0.0014,0.0,1.0,0.0,9.0267,0.0,0.0,0.0,0.0,9.0267,9.0267,9.0246
2631,0.0,0.0074,0.0074,0.0013,0.0,1.0,0.0,9.1158,0.0,0.0,0.0,0.0,9.1158,9.1158,9.1155
2632,0.0,0.0059,0.0059,0.0011,0.0,1.0,0.0,8.182,0.0,0.0,0.0,0.0,8.182,8.182,8.1786
2633,0.0,0.0058,0.0058,0.001,0.0,1.0,0.0,8.1731,0.0,0.0,0.0,0.0,8.1731,8.1731,8.1735
2634,0.0,0.0059,0.0059,0.0011,0.0,1.0,0.0,8.3571,0.0,0.0,0.0,0.0,8.3571,8.3571,8.3579
2635,0.0,0.0069,0.0069,0.0012,0.0,1.0,0.0,8.0492,0.0,0.0,0.0,0.0,8.049199999999999,8.049199999999999,8.0443
2636,0.0,0.0068,0.0068,0.0012,0.0,1.0,0.0,8.5683,0.0,0.0,0.0,0.0,8.5683,8.5683,8.571
2637,0.0,0.0067,0.0067,0.0012,0.0,1.0,0.0,9.2231,0.0,0.0,0.0,0.0,9.2231,9.2231,9.2241
2638,0.0,0.0072,0.0072,0.0013,0.0,1.0,0.0,8.6282,0.0,0.0,0.0,0.0,8.628199999999998,8.628199999999998,8.6265
2639,0.0,0.0067,0.0067,0.0012,0.0,1.0,0.0,8.8075,0.0,0.0,0.0,0.0,8.807500000000001,8.807500000000001,8.8027
2640,0.0,0.007,0.007,0.0013,0.0,1.0,0.0,9.0739,0.0,0.0,0.0,0.0,9.073900000000002,9.073900000000002,9.0756
2641,0.0,0.0059,0.0059,0.0011,0.0,1.0,0.0,8.5883,0.0,0.0,0.0,0.0,8.5883,8.5883,8.5848
2642,0.0,0.0059,0.0059,0.0011,0.0,1.0,0.0,8.8984,0.0,0.0,0.0,0.0,8.898399999999999,8.898399999999999,8.8969
2643,0.0,0.0064,0.0064,0.0011,0.0,1.0,0.0,8.3336,0.0,0.0,0.0,0.0,8.3336,8.3336,8.3363
2644,0.0,0.0066,0.0066,0.0012,0.0,1.0,0.0,8.0864,0.0,0.0,0.0,0.0,8.086400000000001,8.086400000000001,8.0912
2645,0.0,0.0062,0.0062,0.0011,0.0,1.0,0.0,8.9415,0.0,0.0,0.0,0.0,8.9415,8.9415,8.9447
2646,0.0,0.0066,0.0066,0.0012,0.0,1.0,0.0,9.6787,0.0,0.0,0.0,0.0,9.678700000000001,9.678700000000001,9.676
2647,0.0,0.0068,0.0068,0.0012,0.0,1.0,0.0,9.0784,0.0,0.0,0.0,0.0,9.0784,9.0784,9.0757
2648,0.0,0.007,0.007,0.0013,0.0,1.0,0.0,8.5248,0.0,0.0,0.0,0.0,8.524799999999999,8.524799999999999,8.5295
2649,0.0,0.0058,0.0058,0.0011,0.0,1.0,0.0,8.282,0.0,0.0,0.0,0.0,8.282000000000002,8.282000000000002,8.287
2650,0.0,0.0076,0.0076,0.0014,0.0,1.0,0.0,8.4876,0.0,0.0,0.0,0.0,8.487599999999999,8.487599999999999,8.4863
2651,0.0,0.007,0.007,0.0013,0.0,1.0,0.0,8.9424,0.0,0.0,0.0,0.0,8.942400000000001,8.942400000000001,8.9472
2652,0.0,0.0061,0.0061,0.0011,0.0,1.0,0.0,8.3559,0.0,0.0,0.0,0.0,8.3559,8.3559,8.3586
2653,0.0,0.0078,0.0078,0.0014,0.0,1.0,0.0,9.5519,0.0,0.0,0.0,0.0,9.551900000000002,9.551900000000002,9.5486
2654,0.0,0.0075,0.0075,0.0013,0.0,1.0,0.0,8.3713,0.0,0.0,0.0,0.0,8.3713,8.3713,8.3739
2655,0.0,0.0068,0.0068,0.0012,0.0,1.0,0.0,9.3401,0.0,0.0,0.0,0.0,9.3401,9.3401,9.3416
2656,0.0,0.0073,0.0073,0.0013,0.0,1.0,0.0,10.0825,0.0,0.0,0.0,0.0,10.082500000000001,10.082500000000001,10.0788
2657,0.0,0.0056,0.0056,0.001,0.0,1.0,0.0,8.5965,0.0,0.0,0.0,0.0,8.596499999999999,8.596499999999999,8.5999
2658,0.0,0.0063,0.0063,0.0011,0.0,1.0,0.0,8.8873,0.0,0.0,0.0,0.0,8.887300000000002,8.887300000000002,8.8867
2659,0.0,0.0069,0.0069,0.0013,0.0,1.0,0.0,8.3086,0.0,0.0,0.0,0.0,8.3086,8.3086,8.3065
2660,0.0,0.0063,0.0063,0.0011,0.0,1.0,0.0,8.8339,0.0,0.0,0.0,0.0,8.833899999999998,8.833899999999998,8.8305
2661,0.0,0.0061,0.0061,0.0011,0.0,1.0,0.0,8.8145,0.0,0.0,0.0,0.0,8.8145,8.8145,8.8152
2662,0.0,0.0079,0.0079,0.0014,0.0,1.0,0.0,8.4173,0.0,0.0,0.0,0.0,8.417300000000001,8.417300000000001,8.4153
2663,0.0,0.0071,0.0071,0.0013,0.0,1.0,0.0,9.352,0.0,0.0,0.0,0.0,9.351999999999999,9.351999999999999,9.3472
2664,0.0,0.0071,0.0071,0.0013,0.0,1.0,0.0,9.5581,0.0,0.0,0.0,0.0,9.558099999999998,9.558099999999998,9.5603
2665,0.0,0.0083,0.0083,0.0015,0.0,1.0,0.0,9.3995,0.0,0.0,0.0,0.0,9.3995,9.3995,9.4008
2666,0.0,0.0059,0.0059,0.0011,0.0,1.0,0.0,7.9395,0.0,0.0,0.0,0.0,7.9395,7.9395,7.9389
2667,0.0,0.0059,0.0059,0.0011,0.0,1.0,0.0,8.4648,0.0,0.0,0.0,0.0,8.4648,8.4648,8.4694
2668,0.0,0.0064,0.0064,0.0011,0.0,1.0,0.0,9.7108,0.0,0.0,0.0,0.0,9.7108,9.7108,9.7092
2669,0.0,0.008,0.008,0.0014,0.0,1.0,0.0,9.2298,0.0,0.0,0.0,0.0,9.229800000000001,9.229800000000001,9.2331
2670,0.0,0.0059,0.0059,0.0011,0.0,1.0,0.0,8.3276,0.0,0.0,0.0,0.0,8.3276,8.3276,8.329
2671,0.0,0.0066,0.0066,0.0012,0.0,1.0,0.0,8.7923,0.0,0.0,0.0,0.0,8.7923,8.7923,8.7904
2672,0.0,0.0073,0.0073,0.0013,0.0,1.0,0.0,8.9746,0.0,0.0,0.0,0.0,8.9746,8.9746,8.9788
2673,0.0,0.0067,0.0067,0.0012,0.0,1.0,0.0,8.5897,0.0,0.0,0.0,0.0,8.5897,8.5897,8.5946
2674,0.0,0.0064,0.0064,0.0012,0.0,1.0,0.0,8.8349,0.0,0.0,0.0,0.0,8.8349,8.8349,8.8341
2675,0.0,0.007,0.007,0.0013,0.0,1.0,0.0,9.2375,0.0,0.0,0.0,0.0,9.237499999999997,9.237499999999997,9.2326
2676,0.0,0.006,0.006,0.0011,0.0,1.0,0.0,8.2073,0.0,0.0,0.0,0.0,8.2073,8.2073,8.2043
2677,0.0,0.007,0.007,0.0013,0.0,1.0,0.0,8.0253,0.0,0.0,0.0,0.0,8.0253,8.0253,8.0217
2678,0.0,0.0071,0.0071,0.0013,0.0,1.0,0.0,9.3335,0.0,0.0,0.0,0.0,9.3335,9.3335,9.3305
2679,0.0,0.0065,0.0065,0.0012,0.0,1.0,0.0,8.1069,0.0,0.0,0.0,0.0,8.1069,8.1069,8.1029
2680,0.0,0.006,0.006,0.0011,0.0,1.0,0.0,8.4198,0.0,0.0,0.0,0.0,8.4198,8.4198,8.4189
2681,0.0,0.0056,0.0056,0.001,0.0,1.0,0.0,8.5658,0.0,0.0,0.0,0.0,8.565800000000001,8.565800000000001,8.5659
2682,0.0,0.0056,0.0056,0.001,0.0,1.0,0.0,8.7557,0.0,0.0,0.0,0.0,8.755700000000001,8.755700000000001,8.7538
2683,0.0,0.007,0.007,0.0013,0.0,1.0,0.0,9.3959,0.0,0.0,0.0,0.0,9.3959,9.3959,9.3963
2684,0.0,0.0072,0.0072,0.0013,0.0,1.0,0.0,9.2306,0.0,0.0,0.0,0.0,9.230599999999999,9.230599999999999,9.2286
2685,0.0,0.0057,0.0057,0.001,0.0,1.0,0.0,7.9046,0.0,0.0,0.0,0.0,7.9046,7.9046,7.9044
2686,0.0,0.0066,0.0066,0.0012,0.0,1.0,0.0,8.2827,0.0,0.0,0.0,0.0,8.282699999999998,8.282699999999998,8.2836
2687,0.0,0.0066,0.0066,0.0012,0.0,1.0,0.0,8.9688,0.0,0.0,0.0,0.0,8.968800000000002,8.968800000000002,8.9646
2688,0.0,0.0071,0.0071,0.0013,0.0,1.0,0.0,8.0941,0.0,0.0,0.0,0.0,8.094100000000001,8.094100000000001,8.0891
2689,0.0,0.0071,0.0071,0.0013,0.0,1.0,0.0,9.5262,0.0,0.0,0.0,0.0,9.526200000000003,9.526200000000003,9.5244
2690,0.0,0.0066,0.0066,0.0012,0.0,1.0,0.0,8.2789,0.0,0.0,0.0,0.0,8.278900000000002,8.278900000000002,8.2796
2691,0.0,0.0067,0.0067,0.0012,0.0,1.0,0.0,8.3551,0.0,0.0,0.0,0.0,8.3551,8.3551,8.352
2692,0.0,0.0065,0.0065,0.0012,0.0,1.0,0.0,8.4887,0.0,0.0,0.0,0.0,8.4887,8.4887,8.49
2693,0.0,0.0069,0.0069,0.0012,0.0,1.0,0.0,9.1947,0.0,0.0,0.0,0.0,9.194700000000001,9.194700000000001,9.1929
2694,0.0,0.0065,0.0065,0.0012,0.0,1.0,0.0,7.968,0.0,0.0,0.0,0.0,7.968,7.968,7.971
2695,0.0,0.007,0.007,0.0013,0.0,1.0,0.0,8.929,0.0,0.0,0.0,0.0,8.929,8.929,8.9309
2696,0.0,0.0058,0.0058,0.001,0.0,1.0,0.0,9.1923,0.0,0.0,0.0,0.0,9.192300000000001,9.192300000000001,9.1894
2697,0.0,0.0059,0.0059,0.0011,0.0,1.0,0.0,9.0052,0.0,0.0,0.0,0.0,9.005199999999999,9.005199999999999,9.0024
2698,0.0,0.0056,0.0056,0.001,0.0,1.0,0.0,8.478,0.0,0.0,0.0,0.0,8.478,8.478,8.4732
2699,0.0,0.0081,0.0081,0.0015,0.0,1.0,0.0,8.7028,0.0,0.0,0.0,0.0,8.7028,8.7028,8.6993
2700,0.0,0.0079,0.0079,0.0014,0.0,1.0,0.0,9.5184,0.0,0.0,0.0,0.0,9.518400000000002,9.518400000000002,9.5206
2701,0.0,0.0057,0.0057,0.001,0.0,1.0,0.0,8.7101,0.0,0.0,0.0,0.0,8.7101,8.7101,8.7078
2702,0.0,0.0073,0.0073,0.0013,0.0,1.0,0.0,8.7583,0.0,0.0,0.0,0.0,8.7583,8.7583,8.7613
2703,0.0,0.0076,0.0076,0.0014,0.0,1.0,0.0,9.0664,0.0,0.0,0.0,0.0,9.0664,9.0664,9.0708
2704,0.0,0.007,0.007,0.0013,0.0,1.0,0.0,9.0775,0.0,0.0,0.0,0.0,9.077499999999999,9.077499999999999,9.0797
2705,0.0,0.0057,0.0057,0.001,0.0,1.0,0.0,8.035,0.0,0.0,0.0,0.0,8.035,8.035,8.0364
2706,0.0,0.0075,0.0075,0.0013,0.0,1.0,0.0,8.8622,0.0,0.0,0.0,0.0,8.862200000000001,8.862200000000001,8.8657
2707,0.0,0.0051,0.0051,0.0009,0.0,1.0,0.0,8.6276,0.0,0.0,0.0,0.0,8.627600000000001,8.627600000000001,8.6274
2708,0.0,0.0077,0.0077,0.0014,0.0,1.0,0.0,9.8843,0.0,0.0,0.0,0.0,9.884300000000001,9.884300000000001,9.8829
2709,0.0,0.0046,0.0046,0.0008,0.0,1.0,0.0,7.183,0.0,0.0,0.0,0.0,7.183,7.183,7.184
2710,0.0,0.0064,0.0064,0.0012,0.0,1.0,0.0,8.9041,0.0,0.0,0.0,0.0,8.9041,8.9041,8.9042
2711,0.0,0.0055,0.0055,0.001,0.0,1.0,0.0,8.5437,0.0,0.0,0.0,0.0,8.543700000000001,8.543700000000001,8.5437
2712,0.0,0.0064,0.0064,0.0012,0.0,1.0,0.0,8.3011,0.0,0.0,0.0,0.0,8.3011,8.3011,8.2962
2713,0.0,0.0066,0.0066,0.0012,0.0,1.0,0.0,8.5671,0.0,0.0,0.0,0.0,8.5671,8.5671,8.5651
2714,0.0,0.0076,0.0076,0.0014,0.0,1.0,0.0,9.288,0.0,0.0,0.0,0.0,9.288000000000002,9.288000000000002,9.2848
2715,0.0,0.0069,0.0069,0.0012,0.0,1.0,0.0,8.5363,0.0,0.0,0.0,0.0,8.536299999999999,8.536299999999999,8.5356
2716,0.0,0.0061,0.0061,0.0011,0.0,1.0,0.0,8.4899,0.0,0.0,0.0,0.0,8.489900000000002,8.489900000000002,8.4906
2717,0.0,0.0057,0.0057,0.001,0.0,1.0,0.0,8.215,0.0,0.0,0.0,0.0,8.215,8.215,8.2156
2718,0.0,0.0067,0.0067,0.0012,0.0,1.0,0.0,8.666,0.0,0.0,0.0,0.0,8.665999999999999,8.665999999999999,8.6698
2719,0.0,0.007,0.007,0.0013,0.0,1.0,0.0,8.9242,0.0,0.0,0.0,0.0,8.9242,8.9242,8.9252
2720,0.0,0.0068,0.0068,0.0012,0.0,1.0,0.0,9.1382,0.0,0.0,0.0,0.0,9.138199999999998,9.138199999999998,9.1373
2721,0.0,0.0078,0.0078,0.0014,0.0,1.0,0.0,9.1988,0.0,0.0,0.0,0.0,9.198800000000002,9.198800000000002,9.2032
2722,0.0,0.0068,0.0068,0.0012,0.0,1.0,0.0,8.5014,0.0,0.0,0.0,0.0,8.5014,8.5014,8.5045
2723,0.0,0.0059,0.0059,0.0011,0.0,1.0,0.0,8.383,0.0,0.0,0.0,0.0,8.383000000000001,8.383000000000001,8.3788
2724,0.0,0.0065,0.0065,0.0012,0.0,1.0,0.0,9.1992,0.0,0.0,0.0,0.0,9.1992,9.1992,9.1957
2725,0.0,0.0065,0.0065,0.0012,0.0,1.0,0.0,8.6615,0.0,0.0,0.0,0.0,8.661500000000002,8.661500000000002,8.6626
2726,0.0,0.0057,0.0057,0.001,0.0,1.0,0.0,8.3944,0.0,0.0,0.0,0.0,8.3944,8.3944,8.3963
2727,0.0,0.007,0.007,0.0013,0.0,1.0,0.0,9.3523,0.0,0.0,0.0,0.0,9.3523,9.3523,9.3531
2728,0.0,0.006,0.006,0.0011,0.0,1.0,0.0,8.9798,0.0,0.0,0.0,0.0,8.979800000000001,8.979800000000001,8.9804
2729,0.0,0.0075,0.0075,0.0014,0.0,1.0,0.0,9.0764,0.0,0.0,0.0,0.0,9.076400000000001,9.076400000000001,9.081
2730,0.0,0.0073,0.0073,0.0013,0.0,1.0,0.0,8.7413,0.0,0.0,0.0,0.0,8.7413,8.7413,8.7403
2731,0.0,0.0052,0.0052,0.0009,0.0,1.0,0.0,7.7662,0.0,0.0,0.0,0.0,7.7661999999999995,7.7661999999999995,7.7624
2732,0.0,0.0062,0.0062,0.0011,0.0,1.0,0.0,8.2113,0.0,0.0,0.0,0.0,8.2113,8.2113,8.2127
2733,0.0,0.0063,0.0063,0.0011,0.0,1.0,0.0,8.0152,0.0,0.0,0.0,0.0,8.0152,8.0152,8.0176
2734,0.0,0.0081,0.0081,0.0014,0.0,1.0,0.0,9.591,0.0,0.0,0.0,0.0,9.591000000000001,9.591000000000001,9.5917
2735,0.0,0.0059,0.0059,0.0011,0.0,1.0,0.0,8.8117,0.0,0.0,0.0,0.0,8.8117,8.8117,8.8112
2736,0.0,0.0075,0.0075,0.0013,0.0,1.0,0.0,9.2221,0.0,0.0,0.0,0.0,9.2221,9.2221,9.2202
2737,0.0,0.0059,0.0059,0.0011,0.0,1.0,0.0,9.1942,0.0,0.0,0.0,0.0,9.194199999999999,9.194199999999999,9.1981
2738,0.0,0.0072,0.0072,0.0013,0.0,1.0,0.0,8.6629,0.0,0.0,0.0,0.0,8.6629,8.6629,8.667
2739,0.0,0.0069,0.0069,0.0012,0.0,1.0,0.0,8.6013,0.0,0.0,0.0,0.0,8.6013,8.6013,8.5965
2740,0.0,0.0064,0.0064,0.0011,0.0,1.0,0.0,8.8029,0.0,0.0,0.0,0.0,8.8029,8.8029,8.8035
2741,0.0,0.0057,0.0057,0.001,0.0,1.0,0.0,8.3917,0.0,0.0,0.0,0.0,8.3917,8.3917,8.3906
2742,0.0,0.0071,0.0071,0.0013,0.0,1.0,0.0,8.765,0.0,0.0,0.0,0.0,8.764999999999999,8.764999999999999,8.7654
2743,0.0,0.0057,0.0057,0.001,0.0,1.0,0.0,8.6432,0.0,0.0,0.0,0.0,8.6432,8.6432,8.639
2744,0.0,0.0059,0.0059,0.0011,0.0,1.0,0.0,8.6171,0.0,0.0,0.0,0.0,8.617099999999999,8.617099999999999,8.6158
2745,0.0,0.006,0.006,0.0011,0.0,1.0,0.0,8.8242,0.0,0.0,0.0,0.0,8.8242,8.8242,8.8223
2746,0.0,0.0062,0.0062,0.0011,0.0,1.0,0.0,8.6224,0.0,0.0,0.0,0.0,8.6224,8.6224,8.626
2747,0.0,0.007,0.007,0.0013,0.0,1.0,0.0,8.6707,0.0,0.0,0.0,0.0,8.6707,8.6707,8.672
2748,0.0,0.0069,0.0069,0.0013,0.0,1.0,0.0,9.2643,0.0,0.0,0.0,0.0,9.2643,9.2643,9.2629
2749,0.0,0.0079,0.0079,0.0014,0.0,1.0,0.0,8.9295,0.0,0.0,0.0,0.0,8.929499999999999,8.929499999999999,8.9313
2750,0.0,0.006,0.006,0.0011,0.0,1.0,0.0,9.0991,0.0,0.0,0.0,0.0,9.0991,9.0991,9.1004
2751,0.0,0.0066,0.0066,0.0012,0.0,1.0,0.0,8.3393,0.0,0.0,0.0,0.0,8.3393,8.3393,8.3356
2752,0.0,0.0069,0.0069,0.0012,0.0,1.0,0.0,8.6714,0.0,0.0,0.0,0.0,8.6714,8.6714,8.6725
2753,0.0,0.0071,0.0071,0.0013,0.0,1.0,0.0,8.2208,0.0,0.0,0.0,0.0,8.220799999999999,8.220799999999999,8.2191
2754,0.0,0.0073,0.0073,0.0013,0.0,1.0,0.0,9.0409,0.0,0.0,0.0,0.0,9.0409,9.0409,9.0443
2755,0.0,0.0066,0.0066,0.0012,0.0,1.0,0.0,8.5567,0.0,0.0,0.0,0.0,8.5567,8.5567,8.5595
2756,0.0,0.007,0.007,0.0013,0.0,1.0,0.0,8.6019,0.0,0.0,0.0,0.0,8.601899999999999,8.601899999999999,8.5993
2757,0.0,0.0068,0.0068,0.0012,0.0,1.0,0.0,8.864,0.0,0.0,0.0,0.0,8.863999999999999,8.863999999999999,8.8667
2758,0.0,0.0076,0.0076,0.0014,0.0,1.0,0.0,9.4711,0.0,0.0,0.0,0.0,9.471100000000002,9.471100000000002,9.47
2759,0.0,0.005,0.005,0.0009,0.0,1.0,0.0,8.2122,0.0,0.0,0.0,0.0,8.212200000000001,8.212200000000001,8.2087
2760,0.0,0.0063,0.0063,0.0011,0.0,1.0,0.0,9.0906,0.0,0.0,0.0,0.0,9.0906,9.0906,9.0881
2761,0.0,0.0067,0.0067,0.0012,0.0,1.0,0.0,9.0312,0.0,0.0,0.0,0.0,9.031200000000002,9.031200000000002,9.0335
2762,0.0,0.0071,0.0071,0.0013,0.0,1.0,0.0,9.4157,0.0,0.0,0.0,0.0,9.415700000000001,9.415700000000001,9.4121
2763,0.0,0.0074,0.0074,0.0013,0.0,1.0,0.0,8.7665,0.0,0.0,0.0,0.0,8.7665,8.7665,8.7678
2764,0.0,0.0073,0.0073,0.0013,0.0,1.0,0.0,9.1533,0.0,0.0,0.0,0.0,9.1533,9.1533,9.15
2765,0.0,0.0072,0.0072,0.0013,0.0,1.0,0.0,9.2806,0.0,0.0,0.0,0.0,9.2806,9.2806,9.2854
2766,0.0,0.0066,0.0066,0.0012,0.0,1.0,0.0,8.5642,0.0,0.0,0.0,0.0,8.5642,8.5642,8.5618
2767,0.0,0.0065,0.0065,0.0012,0.0,1.0,0.0,8.7702,0.0,0.0,0.0,0.0,8.7702,8.7702,8.7703
2768,0.0,0.0073,0.0073,0.0013,0.0,1.0,0.0,9.3241,0.0,0.0,0.0,0.0,9.324100000000001,9.324100000000001,9.3275
2769,0.0,0.0055,0.0055,0.001,0.0,1.0,0.0,8.0436,0.0,0.0,0.0,0.0,8.043600000000001,8.043600000000001,8.0402
2770,0.0,0.0063,0.0063,0.0011,0.0,1.0,0.0,7.8204,0.0,0.0,0.0,0.0,7.820400000000001,7.820400000000001,7.8234
2771,0.0,0.0059,0.0059,0.0011,0.0,1.0,0.0,7.8547,0.0,0.0,0.0,0.0,7.854700000000001,7.854700000000001,7.8504
2772,0.0,0.0064,0.0064,0.0012,0.0,1.0,0.0,8.6844,0.0,0.0,0.0,0.0,8.6844,8.6844,8.6853
2773,0.0,0.0075,0.0075,0.0013,0.0,1.0,0.0,7.8927,0.0,0.0,0.0,0.0,7.8927000000000005,7.8927000000000005,7.8905
2774,0.0,0.0062,0.0062,0.0011,0.0,1.0,0.0,8.7054,0.0,0.0,0.0,0.0,8.705400000000001,8.705400000000001,8.7067
2775,0.0,0.0069,0.0069,0.0012,0.0,1.0,0.0,9.7969,0.0,0.0,0.0,0.0,9.796899999999997,9.796899999999997,9.7944
2776,0.0,0.0071,0.0071,0.0013,0.0,1.0,0.0,9.4863,0.0,0.0,0.0,0.0,9.486300000000002,9.486300000000002,9.491
2777,0.0,0.0071,0.0071,0.0013,0.0,1.0,0.0,8.8599,0.0,0.0,0.0,0.0,8.8599,8.8599,8.8576
2778,0.0,0.0062,0.0062,0.0011,0.0,1.0,0.0,8.428,0.0,0.0,0.0,0.0,8.428,8.428,8.4246
2779,0.0,0.0071,0.0071,0.0013,0.0,1.0,0.0,8.568,0.0,0.0,0.0,0.0,8.568000000000001,8.568000000000001,8.5669
2780,0.0,0.0065,0.0065,0.0012,0.0,1.0,0.0,8.0739,0.0,0.0,0.0,0.0,8.073899999999998,8.073899999999998,8.0747
2781,0.0,0.0074,0.0074,0.0013,0.0,1.0,0.0,9.367,0.0,0.0,0.0,0.0,9.366999999999999,9.366999999999999,9.3706
2782,0.0,0.0052,0.0052,0.0009,0.0,1.0,0.0,8.4333,0.0,0.0,0.0,0.0,8.4333,8.4333,8.4341
2783,0.0,0.0062,0.0062,0.0011,0.0,1.0,0.0,8.2098,0.0,0.0,0.0,0.0,8.2098,8.2098,8.2049
2784,0.0,0.0066,0.0066,0.0012,0.0,1.0,0.0,8.9903,0.0,0.0,0.0,0.0,8.9903,8.9903,8.9895
2785,0.0,0.0065,0.0065,0.0012,0.0,1.0,0.0,8.6981,0.0,0.0,0.0,0.0,8.698100000000002,8.698100000000002,8.7018
2786,0.0,0.0056,0.0056,0.001,0.0,1.0,0.0,8.4113,0.0,0.0,0.0,0.0,8.4113,8.4113,8.4066
2787,0.0,0.0076,0.0076,0.0014,0.0,1.0,0.0,9.4009,0.0,0.0,0.0,0.0,9.4009,9.4009,9.4011
2788,0.0,0.006,0.006,0.0011,0.0,1.0,0.0,8.8573,0.0,0.0,0.0,0.0,8.8573,8.8573,8.8592
2789,0.0,0.0071,0.0071,0.0013,0.0,1.0,0.0,9.418,0.0,0.0,0.0,0.0,9.418000000000001,9.418000000000001,9.4185
2790,0.0,0.007,0.007,0.0013,0.0,1.0,0.0,8.8062,0.0,0.0,0.0,0.0,8.8062,8.8062,8.8068
2791,0.0,0.0066,0.0066,0.0012,0.0,1.0,0.0,8.93,0.0,0.0,0.0,0.0,8.929999999999998,8.929999999999998,8.927
2792,0.0,0.0069,0.0069,0.0012,0.0,1.0,0.0,8.4866,0.0,0.0,0.0,0.0,8.486600000000001,8.486600000000001,8.4863
2793,0.0,0.0076,0.0076,0.0014,0.0,1.0,0.0,9.4157,0.0,0.0,0.0,0.0,9.4157,9.4157,9.419
2794,0.0,0.0056,0.0056,0.001,0.0,1.0,0.0,8.744,0.0,0.0,0.0,0.0,8.744000000000002,8.744000000000002,8.7478
2795,0.0,0.0057,0.0057,0.001,0.0,1.0,0.0,8.2033,0.0,0.0,0.0,0.0,8.203299999999999,8.203299999999999,8.2059
2796,0.0,0.0055,0.0055,0.001,0.0,1.0,0.0,7.5303,0.0,0.0,0.0,0.0,7.5303,7.5303,7.5279
2797,0.0,0.0077,0.0077,0.0014,0.0,1.0,0.0,9.2062,0.0,0.0,0.0,0.0,9.2062,9.2062,9.2074
2798,0.0,0.0068,0.0068,0.0012,0.0,1.0,0.0,8.05,0.0,0.0,0.0,0.0,8.049999999999999,8.049999999999999,8.0513
2799,0.0,0.0067,0.0067,0.0012,0.0,1.0,0.0,9.1522,0.0,0.0,0.0,0.0,9.1522,9.1522,9.1504
2800,0.0,0.0063,0.0063,0.0011,0.0,1.0,0.0,9.1375,0.0,0.0,0.0,0.0,9.137500000000001,9.137500000000001,9.1406
2801,0.0,0.005,0.005,0.0009,0.0,1.0,0.0,8.2122,0.0,0.0,0.0,0.0,8.2122,8.2122,8.2078
2802,0.0,0.0081,0.0081,0.0015,0.0,1.0,0.0,8.5627,0.0,0.0,0.0,0.0,8.562699999999998,8.562699999999998,8.567
2803,0.0,0.0058,0.0058,0.001,0.0,1.0,0.0,7.7394,0.0,0.0,0.0,0.0,7.739399999999999,7.739399999999999,7.7383
2804,0.0,0.0065,0.0065,0.0012,0.0,1.0,0.0,8.8626,0.0,0.0,0.0,0.0,8.862599999999999,8.862599999999999,8.8609
2805,0.0,0.0069,0.0069,0.0012,0.0,1.0,0.0,9.1138,0.0,0.0,0.0,0.0,9.1138,9.1138,9.1159
2806,0.0,0.0062,0.0062,0.0011,0.0,1.0,0.0,8.4809,0.0,0.0,0.0,0.0,8.480899999999998,8.480899999999998,8.4767
2807,0.0,0.006,0.006,0.0011,0.0,1.0,0.0,8.1724,0.0,0.0,0.0,0.0,8.1724,8.1724,8.1714
2808,0.0,0.0068,0.0068,0.0012,0.0,1.0,0.0,8.6796,0.0,0.0,0.0,0.0,8.6796,8.6796,8.6777
2809,0.0,0.0063,0.0063,0.0011,0.0,1.0,0.0,8.735,0.0,0.0,0.0,0.0,8.735000000000001,8.735000000000001,8.7319
2810,0.0,0.0071,0.0071,0.0013,0.0,1.0,0.0,8.8842,0.0,0.0,0.0,0.0,8.884200000000002,8.884200000000002,8.8828
2811,0.0,0.0077,0.0077,0.0014,0.0,1.0,0.0,9.197,0.0,0.0,0.0,0.0,9.197000000000003,9.197000000000003,9.1969
2812,0.0,0.0058,0.0058,0.001,0.0,1.0,0.0,8.4996,0.0,0.0,0.0,0.0,8.4996,8.4996,8.4961
2813,0.0,0.0079,0.0079,0.0014,0.0,1.0,0.0,9.037,0.0,0.0,0.0,0.0,9.036999999999999,9.036999999999999,9.0399
2814,0.0,0.0071,0.0071,0.0013,0.0,1.0,0.0,9.119,0.0,0.0,0.0,0.0,9.119,9.119,9.1159
2815,0.0,0.0069,0.0069,0.0012,0.0,1.0,0.0,9.3274,0.0,0.0,0.0,0.0,9.3274,9.3274,9.3243
2816,0.0,0.0054,0.0054,0.001,0.0,1.0,0.0,7.7538,0.0,0.0,0.0,0.0,7.7538,7.7538,7.7568
2817,0.0,0.0058,0.0058,0.001,0.0,1.0,0.0,8.333,0.0,0.0,0.0,0.0,8.332999999999998,8.332999999999998,8.3352
2818,0.0,0.0045,0.0045,0.0008,0.0,1.0,0.0,8.7035,0.0,0.0,0.0,0.0,8.7035,8.7035,8.7003
2819,0.0,0.0054,0.0054,0.001,0.0,1.0,0.0,9.0562,0.0,0.0,0.0,0.0,9.056199999999999,9.056199999999999,9.0582
2820,0.0,0.0064,0.0064,0.0011,0.0,1.0,0.0,7.793,0.0,0.0,0.0,0.0,7.793,7.793,7.7942
2821,0.0,0.0072,0.0072,0.0013,0.0,1.0,0.0,8.8996,0.0,0.0,0.0,0.0,8.8996,8.8996,8.8986
2822,0.0,0.0067,0.0067,0.0012,0.0,1.0,0.0,9.4991,0.0,0.0,0.0,0.0,9.499099999999999,9.499099999999999,9.5011
2823,0.0,0.0074,0.0074,0.0013,0.0,1.0,0.0,7.9695,0.0,0.0,0.0,0.0,7.9695,7.9695,7.967
2824,0.0,0.0071,0.0071,0.0013,0.0,1.0,0.0,8.6442,0.0,0.0,0.0,0.0,8.6442,8.6442,8.6484
2825,0.0,0.0065,0.0065,0.0012,0.0,1.0,0.0,8.6882,0.0,0.0,0.0,0.0,8.688199999999998,8.688199999999998,8.6855
2826,0.0,0.008,0.008,0.0014,0.0,1.0,0.0,9.7123,0.0,0.0,0.0,0.0,9.712299999999997,9.712299999999997,9.7087
2827,0.0,0.0072,0.0072,0.0013,0.0,1.0,0.0,8.8546,0.0,0.0,0.0,0.0,8.854600000000001,8.854600000000001,8.858
2828,0.0,0.0081,0.0081,0.0015,0.0,1.0,0.0,9.1014,0.0,0.0,0.0,0.0,9.1014,9.1014,9.1015
2829,0.0,0.0076,0.0076,0.0014,0.0,1.0,0.0,8.3594,0.0,0.0,0.0,0.0,8.359399999999999,8.359399999999999,8.3617
2830,0.0,0.0057,0.0057,0.001,0.0,1.0,0.0,7.7279,0.0,0.0,0.0,0.0,7.727900000000001,7.727900000000001,7.7291
2831,0.0,0.0055,0.0055,0.001,0.0,1.0,0.0,7.3134,0.0,0.0,0.0,0.0,7.3134000000000015,7.3134000000000015,7.3181
2832,0.0,0.0061,0.0061,0.0011,0.0,1.0,0.0,8.3981,0.0,0.0,0.0,0.0,8.3981,8.3981,8.3969
2833,0.0,0.0076,0.0076,0.0014,0.0,1.0,0.0,8.5471,0.0,0.0,0.0,0.0,8.5471,8.5471,8.5495
2834,0.0,0.0055,0.0055,0.001,0.0,1.0,0.0,8.4712,0.0,0.0,0.0,0.0,8.471200000000001,8.471200000000001,8.4697
2835,0.0,0.0071,0.0071,0.0013,0.0,1.0,0.0,8.8067,0.0,0.0,0.0,0.0,8.806700000000001,8.806700000000001,8.8019
2836,0.0,0.0065,0.0065,0.0012,0.0,1.0,0.0,9.1316,0.0,0.0,0.0,0.0,9.131600000000002,9.131600000000002,9.1364
2837,0.0,0.0078,0.0078,0.0014,0.0,1.0,0.0,9.0333,0.0,0.0,0.0,0.0,9.0333,9.0333,9.0298
2838,0.0,0.0058,0.0058,0.001,0.0,1.0,0.0,8.0816,0.0,0.0,0.0,0.0,8.0816,8.0816,8.0768
2839,0.0,0.0057,0.0057,0.001,0.0,1.0,0.0,8.1486,0.0,0.0,0.0,0.0,8.148600000000002,8.148600000000002,8.1479
2840,0.0,0.0069,0.0069,0.0012,0.0,1.0,0.0,8.0987,0.0,0.0,0.0,0.0,8.0987,8.0987,8.0974
2841,0.0,0.0058,0.0058,0.001,0.0,1.0,0.0,7.7195,0.0,0.0,0.0,0.0,7.719499999999999,7.719499999999999,7.7181
2842,0.0,0.0062,0.0062,0.0011,0.0,1.0,0.0,8.6714,0.0,0.0,0.0,0.0,8.6714,8.6714,8.6683
2843,0.0,0.0082,0.0082,0.0015,0.0,1.0,0.0,9.2719,0.0,0.0,0.0,0.0,9.271900000000002,9.271900000000002,9.2671
2844,0.0,0.0055,0.0055,0.001,0.0,1.0,0.0,8.5878,0.0,0.0,0.0,0.0,8.5878,8.5878,8.5918
2845,0.0,0.0069,0.0069,0.0013,0.0,1.0,0.0,8.4437,0.0,0.0,0.0,0.0,8.4437,8.4437,8.4401
2846,0.0,0.0064,0.0064,0.0012,0.0,1.0,0.0,8.3925,0.0,0.0,0.0,0.0,8.3925,8.3925,8.3958
2847,0.0,0.0057,0.0057,0.001,0.0,1.0,0.0,8.475,0.0,0.0,0.0,0.0,8.475,8.475,8.4702
2848,0.0,0.006,0.006,0.0011,0.0,1.0,0.0,8.1207,0.0,0.0,0.0,0.0,8.120700000000001,8.120700000000001,8.1246
2849,0.0,0.0067,0.0067,0.0012,0.0,1.0,0.0,8.9172,0.0,0.0,0.0,0.0,8.917200000000001,8.917200000000001,8.9126
2850,0.0,0.0059,0.0059,0.0011,0.0,1.0,0.0,8.2238,0.0,0.0,0.0,0.0,8.223799999999999,8.223799999999999,8.2247
2851,0.0,0.0055,0.0055,0.001,0.0,1.0,0.0,8.0943,0.0,0.0,0.0,0.0,8.094299999999999,8.094299999999999,8.0914
2852,0.0,0.0059,0.0059,0.0011,0.0,1.0,0.0,8.5484,0.0,0.0,0.0,0.0,8.5484,8.5484,8.5463
2853,0.0,0.0055,0.0055,0.001,0.0,1.0,0.0,8.5165,0.0,0.0,0.0,0.0,8.516499999999999,8.516499999999999,8.5209
2854,0.0,0.0059,0.0059,0.0011,0.0,1.0,0.0,8.7227,0.0,0.0,0.0,0.0,8.7227,8.7227,8.7235
2855,0.0,0.0075,0.0075,0.0014,0.0,1.0,0.0,8.7872,0.0,0.0,0.0,0.0,8.787199999999999,8.787199999999999,8.7861
2856,0.0,0.0062,0.0062,0.0011,0.0,1.0,0.0,8.829,0.0,0.0,0.0,0.0,8.829,8.829,8.8292
2857,0.0,0.0065,0.0065,0.0012,0.0,1.0,0.0,8.2062,0.0,0.0,0.0,0.0,8.2062,8.2062,8.2024
2858,0.0,0.0077,0.0077,0.0014,0.0,1.0,0.0,9.2032,0.0,0.0,0.0,0.0,9.2032,9.2032,9.2078
2859,0.0,0.006,0.006,0.0011,0.0,1.0,0.0,9.3463,0.0,0.0,0.0,0.0,9.346300000000001,9.346300000000001,9.3475
2860,0.0,0.0067,0.0067,0.0012,0.0,1.0,0.0,8.3879,0.0,0.0,0.0,0.0,8.3879,8.3879,8.3874
2861,0.0,0.006,0.006,0.0011,0.0,1.0,0.0,8.8323,0.0,0.0,0.0,0.0,8.8323,8.8323,8.8312
2862,0.0,0.0065,0.0065,0.0012,0.0,1.0,0.0,8.794,0.0,0.0,0.0,0.0,8.793999999999999,8.793999999999999,8.7971
2863,0.0,0.0082,0.0082,0.0015,0.0,1.0,0.0,9.777,0.0,0.0,0.0,0.0,9.777,9.777,9.7803
2864,0.0,0.0066,0.0066,0.0012,0.0,1.0,0.0,8.6825,0.0,0.0,0.0,0.0,8.6825,8.6825,8.682
2865,0.0,0.0069,0.0069,0.0012,0.0,1.0,0.0,8.9433,0.0,0.0,0.0,0.0,8.9433,8.9433,8.9392
2866,0.0,0.0062,0.0062,0.0011,0.0,1.0,0.0,8.5777,0.0,0.0,0.0,0.0,8.577700000000002,8.577700000000002,8.5763
2867,0.0,0.0075,0.0075,0.0013,0.0,1.0,0.0,8.8248,0.0,0.0,0.0,0.0,8.824800000000002,8.824800000000002,8.8285
2868,0.0,0.0059,0.0059,0.0011,0.0,1.0,0.0,8.333,0.0,0.0,0.0,0.0,8.333,8.333,8.3328
2869,0.0,0.007,0.007,0.0013,0.0,1.0,0.0,9.0943,0.0,0.0,0.0,0.0,9.094300000000002,9.094300000000002,9.0973
2870,0.0,0.0054,0.0054,0.001,0.0,1.0,0.0,7.5037,0.0,0.0,0.0,0.0,7.503699999999999,7.503699999999999,7.5005
2871,0.0,0.0069,0.0069,0.0012,0.0,1.0,0.0,9.6853,0.0,0.0,0.0,0.0,9.685300000000002,9.685300000000002,9.6838
2872,0.0,0.0076,0.0076,0.0014,0.0,1.0,0.0,8.9364,0.0,0.0,0.0,0.0,8.936399999999997,8.936399999999997,8.9364
2873,0.0,0.0069,0.0069,0.0012,0.0,1.0,0.0,9.066,0.0,0.0,0.0,0.0,9.066,9.066,9.0633
2874,0.0,0.008,0.008,0.0014,0.0,1.0,0.0,9.2843,0.0,0.0,0.0,0.0,9.2843,9.2843,9.2863
2875,0.0,0.0062,0.0062,0.0011,0.0,1.0,0.0,7.9838,0.0,0.0,0.0,0.0,7.9838000000000005,7.9838000000000005,7.9795
2876,0.0,0.0075,0.0075,0.0014,0.0,1.0,0.0,9.5255,0.0,0.0,0.0,0.0,9.5255,9.5255,9.529
2877,0.0,0.0072,0.0072,0.0013,0.0,1.0,0.0,8.8823,0.0,0.0,0.0,0.0,8.882299999999999,8.882299999999999,8.8864
2878,0.0,0.0071,0.0071,0.0013,0.0,1.0,0.0,9.4622,0.0,0.0,0.0,0.0,9.4622,9.4622,9.4654
2879,0.0,0.0073,0.0073,0.0013,0.0,1.0,0.0,9.7142,0.0,0.0,0.0,0.0,9.7142,9.7142,9.7156
2880,0.0,0.0061,0.0061,0.0011,0.0,1.0,0.0,8.2881,0.0,0.0,0.0,0.0,8.2881,8.2881,8.2915
2881,0.0,0.0063,0.0063,0.0011,0.0,1.0,0.0,8.1099,0.0,0.0,0.0,0.0,8.1099,8.1099,8.11
2882,0.0,0.0066,0.0066,0.0012,0.0,1.0,0.0,8.1203,0.0,0.0,0.0,0.0,8.1203,8.1203,8.1205
2883,0.0,0.0066,0.0066,0.0012,0.0,1.0,0.0,8.5571,0.0,0.0,0.0,0.0,8.5571,8.5571,8.5541
2884,0.0,0.0076,0.0076,0.0014,0.0,1.0,0.0,8.206,0.0,0.0,0.0,0.0,8.206,8.206,8.2086
2885,0.0,0.006,0.006,0.0011,0.0,1.0,0.0,8.4881,0.0,0.0,0.0,0.0,8.4881,8.4881,8.4893
2886,0.0,0.0064,0.0064,0.0012,0.0,1.0,0.0,9.1812,0.0,0.0,0.0,0.0,9.181199999999999,9.181199999999999,9.1807
2887,0.0,0.0072,0.0072,0.0013,0.0,1.0,0.0,9.6512,0.0,0.0,0.0,0.0,9.651200000000001,9.651200000000001,9.6532
2888,0.0,0.0057,0.0057,0.001,0.0,1.0,0.0,8.3952,0.0,0.0,0.0,0.0,8.395199999999999,8.395199999999999,8.3932
2889,0.0,0.0061,0.0061,0.0011,0.0,1.0,0.0,9.1193,0.0,0.0,0.0,0.0,9.1193,9.1193,9.1191
2890,0.0,0.0075,0.0075,0.0014,0.0,1.0,0.0,8.3961,0.0,0.0,0.0,0.0,8.3961,8.3961,8.3964
2891,0.0,0.0069,0.0069,0.0012,0.0,1.0,0.0,8.8532,0.0,0.0,0.0,0.0,8.8532,8.8532,8.8498
2892,0.0,0.0075,0.0075,0.0014,0.0,1.0,0.0,8.9847,0.0,0.0,0.0,0.0,8.9847,8.9847,8.9811
2893,0.0,0.0072,0.0072,0.0013,0.0,1.0,0.0,8.8637,0.0,0.0,0.0,0.0,8.8637,8.8637,8.8667
2894,0.0,0.0065,0.0065,0.0012,0.0,1.0,0.0,8.6103,0.0,0.0,0.0,0.0,8.610299999999999,8.610299999999999,8.608
2895,0.0,0.006,0.006,0.0011,0.0,1.0,0.0,8.1948,0.0,0.0,0.0,0.0,8.1948,8.1948,8.1901
2896,0.0,0.0068,0.0068,0.0012,0.0,1.0,0.0,8.606,0.0,0.0,0.0,0.0,8.606,8.606,8.6047
2897,0.0,0.0054,0.0054,0.001,0.0,1.0,0.0,7.5589,0.0,0.0,0.0,0.0,7.5589,7.5589,7.5583
2898,0.0,0.007,0.007,0.0013,0.0,1.0,0.0,8.847,0.0,0.0,0.0,0.0,8.847,8.847,8.8466
2899,0.0,0.0066,0.0066,0.0012,0.0,1.0,0.0,8.3247,0.0,0.0,0.0,0.0,8.3247,8.3247,8.3237
2900,0.0,0.0066,0.0066,0.0012,0.0,1.0,0.0,8.8824,0.0,0.0,0.0,0.0,8.8824,8.8824,8.8785
2901,0.0,0.0061,0.0061,0.0011,0.0,1.0,0.0,9.4104,0.0,0.0,0.0,0.0,9.410400000000001,9.410400000000001,9.4058
2902,0.0,0.0061,0.0061,0.0011,0.0,1.0,0.0,8.2486,0.0,0.0,0.0,0.0,8.2486,8.2486,8.2496
2903,0.0,0.0073,0.0073,0.0013,0.0,1.0,0.0,9.201,0.0,0.0,0.0,0.0,9.200999999999999,9.200999999999999,9.2049
2904,0.0,0.0062,0.0062,0.0011,0.0,1.0,0.0,8.7751,0.0,0.0,0.0,0.0,8.7751,8.7751,8.771
2905,0.0,0.0071,0.0071,0.0013,0.0,1.0,0.0,9.7841,0.0,0.0,0.0,0.0,9.7841,9.7841,9.7852
2906,0.0,0.0078,0.0078,0.0014,0.0,1.0,0.0,9.5015,0.0,0.0,0.0,0.0,9.5015,9.5015,9.4985
2907,0.0,0.0072,0.0072,0.0013,0.0,1.0,0.0,8.8203,0.0,0.0,0.0,0.0,8.8203,8.8203,8.8226
2908,0.0,0.006,0.006,0.0011,0.0,1.0,0.0,9.099,0.0,0.0,0.0,0.0,9.099,9.099,9.103
2909,0.0,0.0068,0.0068,0.0012,0.0,1.0,0.0,8.6826,0.0,0.0,0.0,0.0,8.682599999999999,8.682599999999999,8.684
2910,0.0,0.0047,0.0047,0.0008,0.0,1.0,0.0,7.8314,0.0,0.0,0.0,0.0,7.8314,7.8314,7.8313
2911,0.0,0.006,0.006,0.0011,0.0,1.0,0.0,7.6509,0.0,0.0,0.0,0.0,7.6509,7.6509,7.6518
2912,0.0,0.0066,0.0066,0.0012,0.0,1.0,0.0,8.7814,0.0,0.0,0.0,0.0,8.781400000000001,8.781400000000001,8.7787
2913,0.0,0.006,0.006,0.0011,0.0,1.0,0.0,8.7321,0.0,0.0,0.0,0.0,8.7321,8.7321,8.7301
2914,0.0,0.0057,0.0057,0.001,0.0,1.0,0.0,8.4862,0.0,0.0,0.0,0.0,8.4862,8.4862,8.4831
2915,0.0,0.0078,0.0078,0.0014,0.0,1.0,0.0,9.2797,0.0,0.0,0.0,0.0,9.279700000000002,9.279700000000002,9.283
2916,0.0,0.0055,0.0055,0.001,0.0,1.0,0.0,8.7157,0.0,0.0,0.0,0.0,8.7157,8.7157,8.7108
2917,0.0,0.0064,0.0064,0.0012,0.0,1.0,0.0,8.877,0.0,0.0,0.0,0.0,8.877,8.877,8.8788
2918,0.0,0.0071,0.0071,0.0013,0.0,1.0,0.0,8.8756,0.0,0.0,0.0,0.0,8.875599999999999,8.875599999999999,8.8751
2919,0.0,0.0073,0.0073,0.0013,0.0,1.0,0.0,8.7788,0.0,0.0,0.0,0.0,8.7788,8.7788,8.7796
2920,0.0,0.0056,0.0056,0.001,0.0,1.0,0.0,8.218,0.0,0.0,0.0,0.0,8.218,8.218,8.222
2921,0.0,0.0066,0.0066,0.0012,0.0,1.0,0.0,9.5669,0.0,0.0,0.0,0.0,9.566899999999999,9.566899999999999,9.5646
2922,0.0,0.0056,0.0056,0.001,0.0,1.0,0.0,8.5375,0.0,0.0,0.0,0.0,8.5375,8.5375,8.5355
2923,0.0,0.007,0.007,0.0013,0.0,1.0,0.0,8.0241,0.0,0.0,0.0,0.0,8.024099999999999,8.024099999999999,8.026
2924,0.0,0.0081,0.0081,0.0015,0.0,1.0,0.0,8.8551,0.0,0.0,0.0,0.0,8.855100000000002,8.855100000000002,8.8548
2925,0.0,0.0061,0.0061,0.0011,0.0,1.0,0.0,8.8978,0.0,0.0,0.0,0.0,8.8978,8.8978,8.8982
2926,0.0,0.006,0.006,0.0011,0.0,1.0,0.0,8.7575,0.0,0.0,0.0,0.0,8.7575,8.7575,8.7625
2927,0.0,0.0077,0.0077,0.0014,0.0,1.0,0.0,9.2962,0.0,0.0,0.0,0.0,9.2962,9.2962,9.2998
2928,0.0,0.0063,0.0063,0.0011,0.0,1.0,0.0,7.963,0.0,0.0,0.0,0.0,7.963,7.963,7.9657
2929,0.0,0.0076,0.0076,0.0014,0.0,1.0,0.0,8.4493,0.0,0.0,0.0,0.0,8.449300000000001,8.449300000000001,8.4474
2930,0.0,0.0068,0.0068,0.0012,0.0,1.0,0.0,9.4357,0.0,0.0,0.0,0.0,9.435699999999999,9.435699999999999,9.4403
2931,0.0,0.0062,0.0062,0.0011,0.0,1.0,0.0,8.6482,0.0,0.0,0.0,0.0,8.6482,8.6482,8.6436
2932,0.0,0.0072,0.0072,0.0013,0.0,1.0,0.0,9.0619,0.0,0.0,0.0,0.0,9.061900000000001,9.061900000000001,9.0613
2933,0.0,0.0059,0.0059,0.0011,0.0,1.0,0.0,7.7546,0.0,0.0,0.0,0.0,7.7546,7.7546,7.7503
2934,0.0,0.0055,0.0055,0.001,0.0,1.0,0.0,8.0297,0.0,0.0,0.0,0.0,8.029699999999998,8.029699999999998,8.0285
2935,0.0,0.0043,0.0043,0.0008,0.0,1.0,0.0,7.4494,0.0,0.0,0.0,0.0,7.449399999999999,7.449399999999999,7.4445
2936,0.0,0.0071,0.0071,0.0013,0.0,1.0,0.0,8.2259,0.0,0.0,0.0,0.0,8.2259,8.2259,8.2284
2937,0.0,0.006,0.006,0.0011,0.0,1.0,0.0,8.3459,0.0,0.0,0.0,0.0,8.3459,8.3459,8.3492
2938,0.0,0.0068,0.0068,0.0012,0.0,1.0,0.0,8.8248,0.0,0.0,0.0,0.0,8.824800000000002,8.824800000000002,8.8212
2939,0.0,0.0079,0.0079,0.0014,0.0,1.0,0.0,9.7206,0.0,0.0,0.0,0.0,9.7206,9.7206,9.7185
2940,0.0,0.0069,0.0069,0.0012,0.0,1.0,0.0,8.9381,0.0,0.0,0.0,0.0,8.9381,8.9381,8.9429
2941,0.0,0.0065,0.0065,0.0012,0.0,1.0,0.0,8.8311,0.0,0.0,0.0,0.0,8.8311,8.8311,8.8301
2942,0.0,0.0062,0.0062,0.0011,0.0,1.0,0.0,8.234,0.0,0.0,0.0,0.0,8.234,8.234,8.2314
2943,0.0,0.0061,0.0061,0.0011,0.0,1.0,0.0,8.2833,0.0,0.0,0.0,0.0,8.2833,8.2833,8.2803
2944,0.0,0.0065,0.0065,0.0012,0.0,1.0,0.0,8.1013,0.0,0.0,0.0,0.0,8.1013,8.1013,8.0982
2945,0.0,0.0079,0.0079,0.0014,0.0,1.0,0.0,8.9143,0.0,0.0,0.0,0.0,8.914299999999999,8.914299999999999,8.9156
2946,0.0,0.0072,0.0072,0.0013,0.0,1.0,0.0,9.1032,0.0,0.0,0.0,0.0,9.1032,9.1032,9.1027
2947,0.0,0.0069,0.0069,0.0012,0.0,1.0,0.0,8.2332,0.0,0.0,0.0,0.0,8.2332,8.2332,8.2292
2948,0.0,0.0054,0.0054,0.001,0.0,1.0,0.0,8.2991,0.0,0.0,0.0,0.0,8.299100000000001,8.299100000000001,8.3017
2949,0.0,0.0068,0.0068,0.0012,0.0,1.0,0.0,8.0817,0.0,0.0,0.0,0.0,8.0817,8.0817,8.0788
2950,0.0,0.0063,0.0063,0.0011,0.0,1.0,0.0,8.2179,0.0,0.0,0.0,0.0,8.2179,8.2179,8.2187
2951,0.0,0.0084,0.0084,0.0015,0.0,1.0,0.0,9.6464,0.0,0.0,0.0,0.0,9.646400000000002,9.646400000000002,9.6445
2952,0.0,0.0074,0.0074,0.0013,0.0,1.0,0.0,8.8397,0.0,0.0,0.0,0.0,8.8397,8.8397,8.8366
2953,0.0,0.0073,0.0073,0.0013,0.0,1.0,0.0,9.6702,0.0,0.0,0.0,0.0,9.6702,9.6702,9.6698
2954,0.0,0.0058,0.0058,0.001,0.0,1.0,0.0,8.2845,0.0,0.0,0.0,0.0,8.2845,8.2845,8.2851
2955,0.0,0.0054,0.0054,0.001,0.0,1.0,0.0,8.575,0.0,0.0,0.0,0.0,8.575000000000001,8.575000000000001,8.5761
2956,0.0,0.0059,0.0059,0.0011,0.0,1.0,0.0,8.5048,0.0,0.0,0.0,0.0,8.5048,8.5048,8.5017
2957,0.0,0.0062,0.0062,0.0011,0.0,1.0,0.0,8.6973,0.0,0.0,0.0,0.0,8.6973,8.6973,8.6963
2958,0.0,0.007,0.007,0.0013,0.0,1.0,0.0,8.5588,0.0,0.0,0.0,0.0,8.5588,8.5588,8.563
2959,0.0,0.0059,0.0059,0.0011,0.0,1.0,0.0,8.8804,0.0,0.0,0.0,0.0,8.880399999999998,8.880399999999998,8.8842
2960,0.0,0.0064,0.0064,0.0012,0.0,1.0,0.0,8.6536,0.0,0.0,0.0,0.0,8.653599999999999,8.653599999999999,8.6557
2961,0.0,0.0069,0.0069,0.0012,0.0,1.0,0.0,8.1516,0.0,0.0,0.0,0.0,8.1516,8.1516,8.1528
2962,0.0,0.0074,0.0074,0.0013,0.0,1.0,0.0,9.1184,0.0,0.0,0.0,0.0,9.1184,9.1184,9.1186
2963,0.0,0.0063,0.0063,0.0011,0.0,1.0,0.0,8.6512,0.0,0.0,0.0,0.0,8.6512,8.6512,8.6476
2964,0.0,0.0069,0.0069,0.0012,0.0,1.0,0.0,8.6635,0.0,0.0,0.0,0.0,8.663499999999999,8.663499999999999,8.6639
2965,0.0,0.0064,0.0064,0.0012,0.0,1.0,0.0,8.9941,0.0,0.0,0.0,0.0,8.9941,8.9941,8.9944
2966,0.0,0.0071,0.0071,0.0013,0.0,1.0,0.0,9.3177,0.0,0.0,0.0,0.0,9.317699999999999,9.317699999999999,9.3192
2967,0.0,0.0065,0.0065,0.0012,0.0,1.0,0.0,7.983,0.0,0.0,0.0,0.0,7.983000000000002,7.983000000000002,7.9865
2968,0.0,0.007,0.007,0.0013,0.0,1.0,0.0,9.3878,0.0,0.0,0.0,0.0,9.3878,9.3878,9.3828
2969,0.0,0.0061,0.0061,0.0011,0.0,1.0,0.0,8.8045,0.0,0.0,0.0,0.0,8.804499999999999,8.804499999999999,8.8093
2970,0.0,0.0061,0.0061,0.0011,0.0,1.0,0.0,8.1629,0.0,0.0,0.0,0.0,8.1629,8.1629,8.1668
2971,0.0,0.0059,0.0059,0.0011,0.0,1.0,0.0,9.0786,0.0,0.0,0.0,0.0,9.078600000000002,9.078600000000002,9.0778
2972,0.0,0.0067,0.0067,0.0012,0.0,1.0,0.0,8.7732,0.0,0.0,0.0,0.0,8.773200000000001,8.773200000000001,8.7752
2973,0.0,0.0063,0.0063,0.0011,0.0,1.0,0.0,8.4433,0.0,0.0,0.0,0.0,8.4433,8.4433,8.4433
2974,0.0,0.0072,0.0072,0.0013,0.0,1.0,0.0,9.6419,0.0,0.0,0.0,0.0,9.6419,9.6419,9.6449
2975,0.0,0.0056,0.0056,0.001,0.0,1.0,0.0,8.2943,0.0,0.0,0.0,0.0,8.294300000000002,8.294300000000002,8.2989
2976,0.0,0.006,0.006,0.0011,0.0,1.0,0.0,7.773,0.0,0.0,0.0,0.0,7.773,7.773,7.7732
2977,0.0,0.0069,0.0069,0.0012,0.0,1.0,0.0,8.6826,0.0,0.0,0.0,0.0,8.6826,8.6826,8.685
2978,0.0,0.0065,0.0065,0.0012,0.0,1.0,0.0,8.6069,0.0,0.0,0.0,0.0,8.6069,8.6069,8.6084
2979,0.0,0.0073,0.0073,0.0013,0.0,1.0,0.0,8.9645,0.0,0.0,0.0,0.0,8.964499999999997,8.964499999999997,8.9596
2980,0.0,0.0059,0.0059,0.0011,0.0,1.0,0.0,8.4733,0.0,0.0,0.0,0.0,8.4733,8.4733,8.4746
2981,0.0,0.0058,0.0058,0.001,0.0,1.0,0.0,8.1977,0.0,0.0,0.0,0.0,8.197700000000001,8.197700000000001,8.194
2982,0.0,0.0072,0.0072,0.0013,0.0,1.0,0.0,9.0431,0.0,0.0,0.0,0.0,9.043099999999999,9.043099999999999,9.0402
2983,0.0,0.0079,0.0079,0.0014,0.0,1.0,0.0,9.2061,0.0,0.0,0.0,0.0,9.206100000000001,9.206100000000001,9.2038
2984,0.0,0.0059,0.0059,0.0011,0.0,1.0,0.0,8.0468,0.0,0.0,0.0,0.0,8.0468,8.0468,8.0497
2985,0.0,0.0062,0.0062,0.0011,0.0,1.0,0.0,8.4582,0.0,0.0,0.0,0.0,8.458200000000001,8.458200000000001,8.4544
2986,0.0,0.0052,0.0052,0.0009,0.0,1.0,0.0,7.8201,0.0,0.0,0.0,0.0,7.8201,7.8201,7.8196
2987,0.0,0.0065,0.0065,0.0012,0.0,1.0,0.0,8.5867,0.0,0.0,0.0,0.0,8.5867,8.5867,8.5819
2988,0.0,0.0068,0.0068,0.0012,0.0,1.0,0.0,9.1439,0.0,0.0,0.0,0.0,9.1439,9.1439,9.1394
2989,0.0,0.0076,0.0076,0.0014,0.0,1.0,0.0,8.6084,0.0,0.0,0.0,0.0,8.6084,8.6084,8.6048
2990,0.0,0.0079,0.0079,0.0014,0.0,1.0,0.0,9.4191,0.0,0.0,0.0,0.0,9.4191,9.4191,9.4237
2991,0.0,0.006,0.006,0.0011,0.0,1.0,0.0,8.379,0.0,0.0,0.0,0.0,8.379,8.379,8.3747
2992,0.0,0.0071,0.0071,0.0013,0.0,1.0,0.0,8.9609,0.0,0.0,0.0,0.0,8.960899999999999,8.960899999999999,8.9596
2993,0.0,0.0059,0.0059,0.0011,0.0,1.0,0.0,8.0337,0.0,0.0,0.0,0.0,8.033700000000001,8.033700000000001,8.0338
2994,0.0,0.007,0.007,0.0013,0.0,1.0,0.0,8.9774,0.0,0.0,0.0,0.0,8.9774,8.9774,8.974
2995,0.0,0.0066,0.0066,0.0012,0.0,1.0,0.0,7.8905,0.0,0.0,0.0,0.0,7.890500000000001,7.890500000000001,7.8929
2996,0.0,0.0068,0.0068,0.0012,0.0,1.0,0.0,9.0188,0.0,0.0,0.0,0.0,9.0188,9.0188,9.02
2997,0.0,0.0069,0.0069,0.0012,0.0,1.0,0.0,9.1727,0.0,0.0,0.0,0.0,9.172699999999999,9.172699999999999,9.1749
2998,0.0,0.0066,0.0066,0.0012,0.0,1.0,0.0,8.272,0.0,0.0,0.0,0.0,8.272,8.272,8.2743
2999,0.0,0.006,0.006,0.0011,0.0,1.0,0.0,8.6627,0.0,0.0,0.0,0.0,8.6627,8.6627,8.6585
