job_id,energy_qpu_kwh,energy_cpu_kwh,energy_total_kwh,cost_energy_total,phi_qpu,phi_cpu,qpu_time_s,cpu_time_s,qpu_wait_s,cpu_wait_s,wait_total_s,qpu_turn_s,cpu_turn_s,turn_total_s,job_turnaround_s
0,0.3217,0.0078,0.3295,0.0593,0.9763277693474961,0.023672230652503793,17.818,5.2684,0.0,0.0,0.0,17.817999999999998,5.268400000000001,23.086399999999998,23.0899
1,0.5604,0.0063,0.5666,0.102,0.9890575361807272,0.011118955171196612,29.9091,4.0748,0.0,0.0,0.0,29.909099999999995,4.0748,33.98389999999999,33.9831
2,0.4699,0.0073,0.4773,0.0859,0.9844961240310077,0.015294364131573434,26.1818,4.5684,0.0,0.0,0.0,26.181800000000003,4.5684000000000005,30.750200000000003,31.7508
3,0.1928,0.0076,0.2004,0.0361,0.9620758483033932,0.03792415169660679,10.8183,4.5732,0.0,0.0,0.0,10.8183,4.5732,15.3915,15.3946
4,0.3963,0.0073,0.4036,0.0727,0.9819127849355798,0.018087215064420216,22.3634,4.9355,0.0,0.0,0.0,22.3634,4.935499999999999,27.298899999999996,27.8012
5,0.1903,0.0086,0.1989,0.0358,0.9567621920563097,0.043237807943690296,10.8183,4.994,0.0,0.0,0.0,10.8183,4.994,15.8123,15.8075
6,0.1343,0.0091,0.1434,0.0258,0.9365411436541143,0.06345885634588563,7.6366,5.5398,0.0,0.0,0.0,7.6366,5.5398000000000005,13.176400000000001,13.1755
7,0.2042,0.0081,0.2123,0.0382,0.9618464437117287,0.038153556288271315,11.4548,4.9782,0.0,0.0,0.0,11.454799999999997,4.9782,16.432999999999996,16.4324
8,0.1588,0.0077,0.1665,0.03,0.9537537537537537,0.04624624624624624,8.909,5.2163,0.0,0.0,0.0,8.908999999999999,5.2162999999999995,14.1253,14.124
9,1.9072,0.0077,1.9149,0.3447,0.9959789022925479,0.004021097707452086,103.0908,4.8792,0.0,0.0,0.0,103.0908,4.8792,107.97,108.9744
10,0.3966,0.0081,0.4046,0.0728,0.9802273850716757,0.02001977261492832,22.9094,4.9758,0.0,0.0,0.0,22.909400000000005,4.9758,27.885200000000005,28.389
11,0.3471,0.0071,0.3542,0.0637,0.9799548277809148,0.020045172219085264,19.7274,4.5527,0.0,0.0,0.0,19.727399999999996,4.5527,24.280099999999997,24.2832
12,0.8356,0.0079,0.8436,0.1518,0.9905168326220958,0.009364627785680419,47.2728,4.8753,0.0,0.0,0.0,47.2728,4.8753,52.1481,52.1499
13,0.1326,0.0076,0.1402,0.0252,0.9457917261055635,0.05420827389443652,7.6366,4.6312,0.0,0.0,0.0,7.6366,4.6312,12.2678,12.2717
14,0.3516,0.0064,0.3581,0.0645,0.9818486456297125,0.0178721027645909,19.727,4.1519,0.0,0.0,0.0,19.726999999999997,4.1519,23.878899999999998,23.874
15,0.3314,0.0074,0.3388,0.061,0.9781582054309327,0.021841794569067298,19.0908,4.5006,0.0,0.0,0.0,19.0908,4.5005999999999995,23.5914,23.5886
16,0.1593,0.0076,0.1668,0.03,0.9550359712230215,0.045563549160671464,9.0003,4.6992,0.0,0.0,0.0,9.0003,4.6992,13.6995,13.6946
17,0.8995,0.0078,0.9073,0.1633,0.9914030640361512,0.008596935963848782,50.2727,4.8218,0.0,0.0,0.0,50.27269999999999,4.8218000000000005,55.0945,55.5934
18,0.5303,0.0085,0.5388,0.097,0.9842242019302154,0.01577579806978471,28.6366,5.56,0.0,0.0,0.0,28.63660000000001,5.56,34.19660000000001,34.2006
19,0.5565,0.008,0.5646,0.1016,0.9856535600425079,0.014169323414806943,30.6363,4.8903,0.0,0.0,0.0,30.6363,4.890299999999999,35.526599999999995,35.5315
20,0.5513,0.0073,0.5586,0.1006,0.9869316147511636,0.013068385248836377,32.1818,4.5581,0.0,0.0,0.0,32.1818,4.5581000000000005,36.739900000000006,36.739
21,0.4965,0.0078,0.5043,0.0908,0.9845330160618679,0.015466983938132065,26.9091,4.7027,0.0,0.0,0.0,26.909099999999995,4.7027,31.611799999999995,31.6089
22,0.1953,0.0082,0.2035,0.0366,0.9597051597051598,0.0402948402948403,10.8183,4.8861,0.0,0.0,0.0,10.8183,4.8861,15.7044,15.7055
23,0.7987,0.007,0.8057,0.145,0.9913119026933102,0.008688097306689836,45.5454,4.125,0.0,0.0,0.0,45.545399999999994,4.124999999999999,49.670399999999994,49.672
24,1.1118,0.008,1.1198,0.2016,0.9928558671191284,0.007144132880871585,63.1819,5.1474,0.0,0.0,0.0,63.181900000000006,5.1474,68.3293,68.8338
25,1.4862,0.0077,1.4939,0.2689,0.9948457058705402,0.005154294129459803,81.4545,4.7846,0.0,0.0,0.0,81.45449999999997,4.7846,86.23909999999997,87.2341
26,0.7353,0.0071,0.7424,0.1336,0.9904364224137931,0.009563577586206897,40.2727,4.6558,0.0,0.0,0.0,40.2727,4.6558,44.9285,44.9325
27,0.6702,0.0084,0.6786,0.1222,0.9876215738284705,0.01237842617152962,37.2725,5.3485,0.0,0.0,0.0,37.2725,5.3485,42.621,42.6188
28,0.4863,0.0073,0.4936,0.0888,0.9852106969205835,0.014789303079416533,28.0907,4.7175,0.0,0.0,0.0,28.090699999999995,4.7175,32.80819999999999,32.813
29,3.5865,0.01,3.5965,0.6474,0.9972195189767831,0.002780481023217017,200.6363,5.9079,0.0,0.0,0.0,200.6363,5.9079,206.54420000000002,210.0442
30,0.2495,0.0079,0.2575,0.0463,0.9689320388349514,0.03067961165048544,14.0,4.9481,0.0,0.0,0.0,14.000000000000004,4.9481,18.948100000000004,18.9527
31,0.6084,0.0093,0.6177,0.1112,0.9849441476444877,0.015055852355512383,33.5453,5.5754,0.0,0.0,0.0,33.545300000000005,5.5754,39.12070000000001,39.1244
32,5.2471,0.0079,5.255,0.9459,0.9984966698382493,0.0015033301617507137,283.0911,5.2972,0.0,0.0,0.0,283.0911,5.2972,288.38829999999996,289.8841
33,0.6891,0.0079,0.697,0.1255,0.9886657101865137,0.011334289813486373,37.5455,4.9816,0.0,0.0,0.0,37.5455,4.981599999999999,42.5271,42.5254
34,0.4309,0.0087,0.4396,0.0791,0.9802092811646952,0.01979071883530482,24.8184,5.3755,0.0,0.0,0.0,24.818400000000004,5.3755,30.193900000000003,30.1985
35,0.3142,0.0067,0.3209,0.0578,0.9791212215643501,0.020878778435649736,17.1821,4.1803,0.0,0.0,0.0,17.182100000000002,4.180300000000001,21.3624,21.3664
36,1.1104,0.0083,1.1186,0.2014,0.9926694081888074,0.007419989272304667,60.909,5.4071,0.0,0.0,0.0,60.909000000000006,5.407100000000001,66.3161,67.3197
37,0.7947,0.0077,0.8024,0.1444,0.9904037886340976,0.009596211365902293,45.9091,4.8674,0.0,0.0,0.0,45.9091,4.8674,50.7765,50.7795
38,2.7332,0.0084,2.7416,0.4935,0.996936095710534,0.003063904289466005,146.091,5.157,0.0,0.0,0.0,146.09099999999998,5.157,151.248,157.7444
39,0.4861,0.0084,0.4945,0.089,0.9830131445904954,0.01698685540950455,26.9091,5.0096,0.0,0.0,0.0,26.909099999999995,5.0096,31.918699999999994,31.918
40,2.8054,0.0081,2.8135,0.5064,0.9971210236360406,0.002878976363959481,150.0908,4.9981,0.0,0.0,0.0,150.09079999999997,4.9981,155.08889999999997,157.0911
41,1.0114,0.0078,1.0192,0.1834,0.9923469387755102,0.007653061224489795,53.2725,4.6766,0.0,0.0,0.0,53.2725,4.6766000000000005,57.9491,58.4503
42,1.0124,0.0091,1.0215,0.1839,0.991091532060695,0.008908467939304944,55.2727,5.418,0.0,0.0,0.0,55.27269999999999,5.418,60.69069999999999,62.687
43,0.2722,0.0074,0.2796,0.0503,0.9735336194563662,0.02646638054363376,15.273,4.6833,0.0,0.0,0.0,15.273,4.683299999999999,19.9563,19.961
44,0.2958,0.0084,0.3042,0.0548,0.9723865877712031,0.02761341222879684,17.0,5.2614,0.0,0.0,0.0,17.000000000000004,5.2614,22.261400000000002,22.2622
45,0.9983,0.0078,1.0062,0.1811,0.9921486781951898,0.007751937984496124,57.2726,4.6739,0.0,0.0,0.0,57.27259999999999,4.673900000000001,61.94649999999999,62.4417
46,0.5819,0.0068,0.5886,0.106,0.9886170574243968,0.011552837240910635,31.8183,4.4153,0.0,0.0,0.0,31.8183,4.415299999999999,36.2336,36.2293
47,0.4376,0.0072,0.4449,0.0801,0.9835918183861542,0.016183412002697236,24.5453,4.6274,0.0,0.0,0.0,24.545299999999997,4.627400000000001,29.1727,29.1727
48,2.5601,0.0068,2.5669,0.462,0.9973508901788148,0.002649109821185087,140.6365,4.4691,0.0,0.0,0.0,140.6365,4.4691,145.1056,148.6066
49,0.4242,0.0074,0.4316,0.0777,0.9828544949026877,0.017145505097312327,22.9088,4.8292,0.0,0.0,0.0,22.908799999999996,4.8292,27.737999999999996,27.7352
50,0.2148,0.0077,0.2224,0.04,0.9658273381294964,0.03462230215827338,11.8182,4.8901,0.0,0.0,0.0,11.818200000000001,4.8900999999999994,16.7083,16.7098
51,6.0412,0.008,6.0493,1.0889,0.9986610020994166,0.0013224670623047296,346.0002,5.0219,0.0,0.0,0.0,346.0002,5.0219,351.0221,354.0193
52,3.4952,0.0075,3.5027,0.6305,0.9978587946441317,0.0021412053558683302,192.3635,4.9344,0.0,0.0,0.0,192.36350000000002,4.934399999999999,197.29790000000003,197.8028
53,11.9831,0.0077,11.9908,2.1583,0.9993578410114421,0.0006421589885578944,671.0001,4.3668,0.0,0.0,0.0,671.0001,4.3668000000000005,675.3669,682.8633
54,0.5556,0.0078,0.5635,0.1014,0.985980479148181,0.013842058562555456,29.2728,4.7889,0.0,0.0,0.0,29.272799999999997,4.7889,34.061699999999995,34.0605
55,3.54,0.0086,3.5487,0.6388,0.9975483980049031,0.0024234226618198213,198.9088,5.1482,0.0,0.0,0.0,198.90879999999999,5.1482,204.057,205.0579
56,0.2946,0.0081,0.3028,0.0545,0.9729194187582562,0.026750330250990752,15.9089,5.0043,0.0,0.0,0.0,15.9089,5.004299999999999,20.913199999999996,20.9158
57,1.3601,0.0082,1.3683,0.2463,0.9940071621720383,0.005992837827961704,72.6362,4.9496,0.0,0.0,0.0,72.6362,4.9496,77.5858,78.5855
58,0.6186,0.008,0.6265,0.1128,0.9873902633679171,0.012769353551476457,34.1818,5.0003,0.0,0.0,0.0,34.1818,5.000299999999999,39.182100000000005,39.1807
59,0.4783,0.0075,0.4858,0.0874,0.9845615479621244,0.015438452037875668,27.1819,4.7155,0.0,0.0,0.0,27.1819,4.7155,31.897399999999998,31.8996
60,1.6007,0.0071,1.6078,0.2894,0.9955840278641623,0.004415972135837791,94.0,4.3101,0.0,0.0,0.0,94.0,4.3101,98.3101,98.8096
61,44.2908,0.0078,44.2986,7.9737,0.9998239222007015,0.0001760777992983977,2341.1817,5.0451,0.0,0.0,0.0,2341.1817,5.045100000000001,2346.2268,2357.2276
62,9.2168,0.0078,9.2246,1.6604,0.999154434880645,0.0008455651193547686,529.3636,5.1395,0.0,0.0,0.0,529.3636,5.1395,534.5031,539.5028
63,2.7676,0.0079,2.7755,0.4996,0.997153666006125,0.0028463339938749775,154.8182,5.0081,0.0,0.0,0.0,154.8182,5.008100000000001,159.8263,160.8219
64,0.2177,0.0075,0.2252,0.0405,0.966696269982238,0.03330373001776198,12.3637,4.7797,0.0,0.0,0.0,12.363700000000001,4.7797,17.1434,17.1406
65,0.4254,0.0082,0.4336,0.078,0.9810885608856089,0.018911439114391145,24.1818,5.178,0.0,0.0,0.0,24.181800000000003,5.177999999999999,29.3598,29.3571
66,0.1629,0.0081,0.171,0.0308,0.9526315789473683,0.047368421052631574,8.9089,5.1672,0.0,0.0,0.0,8.9089,5.1672,14.0761,14.0717
67,2.0151,0.0074,2.0225,0.3641,0.9963411619283065,0.003658838071693449,107.3635,4.7745,0.0,0.0,0.0,107.3635,4.774500000000001,112.138,112.1421
68,3.9083,0.0086,3.917,0.7051,0.9977789124329846,0.002195557824865969,216.0001,5.2376,0.0,0.0,0.0,216.00010000000003,5.2376000000000005,221.23770000000002,222.7366
69,3.6415,0.0074,3.6489,0.6568,0.9979719915591001,0.0020280084408999975,203.0911,4.8341,0.0,0.0,0.0,203.09109999999995,4.8341,207.92519999999996,210.9266
70,0.9234,0.0084,0.9317,0.1677,0.9910915530750242,0.009015777610818933,51.4547,5.1614,0.0,0.0,0.0,51.454699999999995,5.1613999999999995,56.616099999999996,56.6114
71,0.2032,0.0074,0.2105,0.0379,0.9653206650831354,0.03515439429928741,10.9092,4.673,0.0,0.0,0.0,10.909199999999998,4.673000000000001,15.5822,15.5846
72,0.7063,0.0083,0.7146,0.1286,0.9883851105513575,0.011614889448642597,39.1817,5.0419,0.0,0.0,0.0,39.1817,5.0419,44.2236,44.226
73,0.1164,0.0085,0.1249,0.0225,0.9319455564451562,0.06805444355484389,6.3636,4.9186,0.0,0.0,0.0,6.363600000000002,4.9186000000000005,11.282200000000003,11.2846
74,0.5538,0.008,0.5618,0.1011,0.9857600569597722,0.01423994304022784,31.6367,5.1173,0.0,0.0,0.0,31.636700000000005,5.117299999999999,36.754000000000005,36.7561
75,12.3887,0.0074,12.3961,2.2313,0.9994030380522906,0.0005969619477093602,711.6363,4.3851,0.0,0.0,0.0,711.6363,4.3851,716.0214,717.018
76,0.3185,0.0072,0.3257,0.0586,0.9778937672704944,0.02210623272950568,17.9999,4.4643,0.0,0.0,0.0,17.9999,4.4643,22.464199999999998,22.4689
77,0.8343,0.0083,0.8427,0.1517,0.9900320398718405,0.00984929393615759,48.5455,5.2958,0.0,0.0,0.0,48.5455,5.2958,53.8413,53.8388
78,1.1468,0.0081,1.1549,0.2079,0.9929864057494155,0.007013594250584465,64.6363,5.2773,0.0,0.0,0.0,64.63629999999999,5.2773,69.91359999999999,69.9101
79,0.2528,0.0073,0.26,0.0468,0.9723076923076923,0.028076923076923076,14.0,4.4119,0.0,0.0,0.0,14.000000000000004,4.4119,18.411900000000003,18.414
80,2.6471,0.0075,2.6546,0.4778,0.9971747155880359,0.0028252844119641377,149.7271,4.7156,0.0,0.0,0.0,149.7271,4.715599999999999,154.4427,156.9468
81,0.4847,0.0086,0.4933,0.0888,0.9825663896209204,0.017433610379079666,26.2727,5.1077,0.0,0.0,0.0,26.272700000000007,5.1077,31.38040000000001,31.3842
82,0.3425,0.0079,0.3505,0.0631,0.9771754636233952,0.022539229671897292,18.8184,5.1794,0.0,0.0,0.0,18.8184,5.1794,23.9978,24.0016
83,0.421,0.0076,0.4287,0.0772,0.9820387217168182,0.017728014928854677,24.0907,4.9688,0.0,0.0,0.0,24.090700000000002,4.968800000000001,29.059500000000003,29.0567
84,2.4704,0.0079,2.4782,0.4461,0.9968525542732628,0.00318779759502865,139.1816,5.095,0.0,0.0,0.0,139.1816,5.095000000000001,144.2766,145.279
85,2.8956,0.0079,2.9036,0.5226,0.9972447995591679,0.00272076043532167,157.3636,5.0171,0.0,0.0,0.0,157.3636,5.0171,162.3807,163.3815
86,4.7186,0.0082,4.7268,0.8508,0.9982652111364984,0.0017347888635017349,267.2727,5.2249,0.0,0.0,0.0,267.2727,5.2249,272.4976,276.9954
87,0.8643,0.009,0.8733,0.1572,0.9896942631398145,0.010305736860185502,46.909,5.4823,0.0,0.0,0.0,46.909000000000006,5.482299999999999,52.3913,52.3907
88,0.7546,0.0081,0.7628,0.1373,0.9892501310959623,0.010618772941793392,40.9999,5.1558,0.0,0.0,0.0,40.999900000000004,5.1558,46.1557,46.159
89,0.9875,0.0075,0.9951,0.1791,0.9923625766254648,0.00753693096171239,55.8184,4.7752,0.0,0.0,0.0,55.8184,4.7752,60.593599999999995,60.5893
90,1.7337,0.0092,1.7429,0.3137,0.9947214412760342,0.005278558723965804,94.6365,5.4345,0.0,0.0,0.0,94.6365,5.4345,100.071,100.0689
91,0.8242,0.0078,0.832,0.1498,0.9906250000000001,0.009375,47.2726,4.857,0.0,0.0,0.0,47.27260000000001,4.857,52.12960000000001,52.6308
92,1.4481,0.0084,1.4565,0.2622,0.9942327497425335,0.00576725025746653,79.0001,4.9564,0.0,0.0,0.0,79.00009999999999,4.9564,83.95649999999999,83.9576
93,0.2763,0.008,0.2843,0.0512,0.9718607105170595,0.028139289482940557,15.1819,4.5191,0.0,0.0,0.0,15.181899999999999,4.5191,19.701,19.6978
94,0.3375,0.0077,0.3451,0.0621,0.977977397855694,0.02231237322515213,18.4547,5.0454,0.0,0.0,0.0,18.454700000000003,5.0454,23.500100000000003,23.4974
95,1.1734,0.008,1.1814,0.2127,0.9932283731166412,0.006771626883358727,66.909,5.0344,0.0,0.0,0.0,66.909,5.0344,71.94340000000001,71.941
96,6.4655,0.008,6.4735,1.1652,0.9987641924770218,0.0012358075229782963,350.727,5.0406,0.0,0.0,0.0,350.7269999999999,5.0405999999999995,355.7675999999999,359.2699
97,43.2841,0.0078,43.2919,7.7925,0.9998198277275888,0.0001801722724112363,2463.6364,4.6947,0.0,0.0,0.0,2463.6364,4.6947,2468.3311,2477.3272
98,26.7624,0.0075,26.7699,4.8186,0.9997198345903421,0.000280165409657862,1540.4546,5.1066,0.0,0.0,0.0,1540.4546,5.106600000000001,1545.5612,1558.0642
99,67.4973,0.0068,67.5041,12.1507,0.9998992653779548,0.00010073462204517949,3649.5277,4.3433,0.0,0.0,0.0,3649.5277,4.3433,3653.871,3664.3742
100,0.7596,0.0075,0.7671,0.1381,0.9902229174814237,0.009777082518576456,41.4546,4.4978,0.0,0.0,0.0,41.454600000000006,4.4978,45.952400000000004,45.9504
101,1.1568,0.0087,1.1655,0.2098,0.9925353925353926,0.007464607464607464,63.6363,5.1717,0.0,0.0,0.0,63.63629999999999,5.1717,68.80799999999999,68.8081
102,0.2479,0.0067,0.2546,0.0458,0.9736842105263158,0.026315789473684213,13.5457,4.1503,0.0,0.0,0.0,13.5457,4.1503,17.695999999999998,17.6971
103,4.3316,0.0078,4.3393,0.7811,0.9982255202452008,0.0017975249464199296,237.3634,4.7806,0.0,0.0,0.0,237.3634,4.780600000000001,242.144,243.6426
104,1.787,0.0075,1.7946,0.323,0.9957650729967681,0.004179204279505182,96.818,4.7688,0.0,0.0,0.0,96.818,4.7688,101.5868,101.5877
105,0.5774,0.0072,0.5846,0.1052,0.9876838864180637,0.012316113581936365,31.1819,4.7177,0.0,0.0,0.0,31.181900000000006,4.7177,35.89960000000001,35.9
106,0.1597,0.0065,0.1662,0.0299,0.9608904933814683,0.03910950661853189,9.0,4.127,0.0,0.0,0.0,9.000000000000002,4.127,13.127000000000002,13.1274
107,5.834,0.0093,5.8432,1.0518,0.9984255202628696,0.0015915936473165386,313.7272,5.6068,0.0,0.0,0.0,313.72720000000004,5.6068,319.33400000000006,322.3316
108,6.7263,0.007,6.7333,1.212,0.9989603908930242,0.0010396091069757771,361.4544,4.7202,0.0,0.0,0.0,361.45439999999996,4.720199999999999,366.17459999999994,370.1784
109,1.213,0.0077,1.2206,0.2197,0.9937735539898412,0.006308372931345241,70.7274,4.5427,0.0,0.0,0.0,70.7274,4.5427,75.2701,75.7725
110,0.3125,0.0086,0.3211,0.0578,0.9732170663344752,0.02678293366552476,17.8182,5.0604,0.0,0.0,0.0,17.8182,5.0604000000000005,22.878600000000002,22.8785
111,0.6177,0.0081,0.6258,0.1126,0.9870565675934804,0.012943432406519654,35.8182,4.831,0.0,0.0,0.0,35.8182,4.831,40.6492,40.6492
112,1.0272,0.0082,1.0354,0.1864,0.9920803554181956,0.007919644581804134,54.7273,5.1698,0.0,0.0,0.0,54.72730000000001,5.1697999999999995,59.89710000000001,59.9015
113,12.8775,0.0068,12.8843,2.3192,0.9994722258873202,0.000527774112679773,715.3636,4.3587,0.0,0.0,0.0,715.3636,4.358700000000001,719.7223,724.225
114,1.1486,0.0082,1.1568,0.2082,0.992911479944675,0.0070885200553250345,66.0,5.2606,0.0,0.0,0.0,66.0,5.260599999999999,71.2606,72.2601
115,1.054,0.009,1.063,0.1913,0.9915333960489182,0.008466603951081843,60.4547,5.4662,0.0,0.0,0.0,60.4547,5.4662,65.9209,65.9207
116,4.6641,0.0084,4.6725,0.8411,0.9982022471910112,0.001797752808988764,254.5452,4.9555,0.0,0.0,0.0,254.54519999999997,4.9555,259.50069999999994,263.0034
117,0.316,0.0087,0.3247,0.0585,0.9732060363412381,0.026793963658761934,17.9091,5.4509,0.0,0.0,0.0,17.909100000000002,5.450899999999999,23.36,23.3586
118,2.1924,0.0072,2.1996,0.3959,0.9967266775777414,0.003273322422258592,121.8181,4.906,0.0,0.0,0.0,121.8181,4.906,126.7241,127.7212
119,0.1991,0.0082,0.2073,0.0373,0.9604438012542209,0.039556198745779064,11.5457,5.2453,0.0,0.0,0.0,11.545700000000002,5.245300000000001,16.791000000000004,16.7922
120,1.6097,0.0075,1.6172,0.2911,0.9953623546871135,0.00463764531288647,90.4544,4.4467,0.0,0.0,0.0,90.45439999999999,4.4467,94.90109999999999,95.8996
121,2.1403,0.0079,2.1482,0.3867,0.9963225025602829,0.0036774974397169725,125.0,4.949,0.0,0.0,0.0,125.0,4.949000000000001,129.949,129.9483
122,0.8607,0.006,0.8667,0.156,0.9930771893388716,0.006922810661128418,49.6367,4.2717,0.0,0.0,0.0,49.636700000000005,4.271699999999999,53.9084,54.4104
123,5.1978,0.0081,5.2059,0.9371,0.9984440730709387,0.0015559269290612574,275.3635,5.2928,0.0,0.0,0.0,275.3635,5.2928,280.6563,283.6586
124,2.5677,0.0075,2.5753,0.4635,0.9970488875082515,0.0029122820642255272,150.182,4.8293,0.0,0.0,0.0,150.18200000000002,4.829300000000001,155.0113,158.5077
125,10.9744,0.0075,10.9819,1.9767,0.999317058068276,0.0006829419317240186,652.5456,4.7599,0.0,0.0,0.0,652.5455999999999,4.7599,657.3054999999999,659.8021
126,1.7012,0.008,1.7092,0.3077,0.9953194476948279,0.00468055230517201,95.6363,5.0931,0.0,0.0,0.0,95.63629999999999,5.0931,100.7294,103.2282
127,0.2643,0.008,0.2722,0.049,0.9709772226304187,0.029390154298310066,14.6363,5.2208,0.0,0.0,0.0,14.636299999999999,5.2208,19.8571,19.8611
128,1.2372,0.0075,1.2446,0.224,0.9940543146392417,0.006026032460228186,66.8183,5.0674,0.0,0.0,0.0,66.8183,5.0674,71.8857,71.8887
129,0.944,0.0073,0.9513,0.1712,0.9923262903395352,0.007673709660464627,50.6366,4.6518,0.0,0.0,0.0,50.6366,4.6518,55.2884,55.2931
130,0.8139,0.0098,0.8237,0.1483,0.9881024644894986,0.011897535510501395,45.5453,5.7757,0.0,0.0,0.0,45.5453,5.7757000000000005,51.321,51.3187
131,45.0997,0.0085,45.1082,8.1195,0.9998115641945368,0.00018843580546330825,2408.9091,5.5842,0.0,0.0,0.0,2408.9091,5.584199999999999,2414.4932999999996,2416.9976
132,2.5044,0.0084,2.5128,0.4523,0.9966571155682904,0.0033428844317096463,137.4545,4.8825,0.0,0.0,0.0,137.45450000000002,4.882499999999999,142.33700000000002,144.3392
133,1.7854,0.0082,1.7936,0.3228,0.9954281891168599,0.004571810883140054,103.7273,5.3045,0.0,0.0,0.0,103.7273,5.304500000000001,109.0318,110.5284
134,1.9762,0.0073,1.9835,0.357,0.9963196370052936,0.0036803629947063272,115.9092,4.6056,0.0,0.0,0.0,115.9092,4.605599999999999,120.5148,121.5132
135,0.33,0.0077,0.3377,0.0608,0.977198697068404,0.02280130293159609,17.8178,5.1044,0.0,0.0,0.0,17.8178,5.1044,22.922199999999997,22.9203
136,0.651,0.0079,0.6589,0.1186,0.9880103202306875,0.011989679769312492,35.3638,4.6322,0.0,0.0,0.0,35.3638,4.632199999999999,39.995999999999995,39.9973
137,0.2987,0.0075,0.3062,0.0551,0.9755062050947093,0.024493794905290658,16.2727,4.3995,0.0,0.0,0.0,16.2727,4.3995,20.6722,20.6701
138,1.6429,0.0082,1.6511,0.2972,0.9950336139543334,0.004966386045666526,91.6363,4.8405,0.0,0.0,0.0,91.63629999999999,4.8405,96.4768,96.9776
139,0.8833,0.008,0.8914,0.1604,0.9909131702939197,0.008974646623289208,51.6363,5.1796,0.0,0.0,0.0,51.636300000000006,5.1796,56.815900000000006,57.3144
140,0.2744,0.0077,0.2821,0.0508,0.9727047146401984,0.02729528535980149,15.2727,4.9649,0.0,0.0,0.0,15.272699999999997,4.9649,20.237599999999997,20.233
141,6.6407,0.0083,6.649,1.1968,0.9987516919837569,0.001248308016243044,379.3635,4.8268,0.0,0.0,0.0,379.36350000000004,4.8267999999999995,384.19030000000004,392.6879
142,76.006,0.0078,76.0138,13.6825,0.9998973870534035,0.00010261294659653904,4048.8739,4.883,0.0,0.0,0.0,4048.8739000000005,4.883,4053.7569000000003,4064.7612
143,0.4242,0.0073,0.4315,0.0777,0.9830822711471612,0.016917728852838935,22.9091,4.4749,0.0,0.0,0.0,22.909099999999995,4.4749,27.383999999999993,27.3867
144,4.069,0.0078,4.0769,0.7338,0.9980622531825651,0.0019132183767077925,218.5457,5.0625,0.0,0.0,0.0,218.5457,5.0625,223.6082,224.6097
145,19.2076,0.0081,19.2157,3.4588,0.9995784696888482,0.0004215303111518186,1124.0,5.0072,0.0,0.0,0.0,1124.0,5.0072,1129.0072,1139.5049
146,2.593,0.0079,2.6009,0.4682,0.9969625898727362,0.0030374101272636397,141.182,5.0306,0.0,0.0,0.0,141.18200000000002,5.0306,146.2126,148.2171
147,0.5819,0.0081,0.5899,0.1062,0.9864383793863366,0.013731140871334124,31.818,4.8286,0.0,0.0,0.0,31.817999999999994,4.8286,36.64659999999999,36.6416
148,6.835,0.0079,6.8429,1.2317,0.9988455187128265,0.0011544812871735668,386.091,4.6466,0.0,0.0,0.0,386.09099999999995,4.646599999999999,390.73759999999993,396.2384
149,1.4503,0.0076,1.4578,0.2624,0.9948552613527233,0.005213335162573741,78.5456,4.7785,0.0,0.0,0.0,78.5456,4.778499999999999,83.32409999999999,85.3193
150,0.6842,0.0068,0.691,0.1244,0.9901591895803185,0.009840810419681621,36.8182,4.1242,0.0,0.0,0.0,36.8182,4.1242,40.9424,40.9469
151,1.0667,0.0075,1.0742,0.1934,0.9930180599515919,0.006981940048408117,58.2725,4.6038,0.0,0.0,0.0,58.27250000000001,4.6038,62.87630000000001,62.8752
152,1.9111,0.0067,1.9178,0.3452,0.9965064135989155,0.0034935864010845765,104.909,4.4089,0.0,0.0,0.0,104.90899999999998,4.4089,109.31789999999998,109.8164
153,1.0311,0.0076,1.0388,0.187,0.9925876010781671,0.007316134000770119,55.3638,4.8968,0.0,0.0,0.0,55.3638,4.8968,60.2606,60.7597
154,0.8261,0.009,0.8351,0.1503,0.989222847563166,0.010777152436833913,45.909,5.6779,0.0,0.0,0.0,45.909,5.6779,51.5869,51.5865
155,5.1152,0.008,5.1231,0.9222,0.9984579649040619,0.0015615545275321583,273.4548,4.932,0.0,0.0,0.0,273.4548,4.9319999999999995,278.3868,278.3856
156,0.654,0.0068,0.6607,0.1189,0.9898592401997882,0.010292114424095656,36.9088,4.2919,0.0,0.0,0.0,36.9088,4.2919,41.2007,41.1959
157,1.1174,0.0084,1.1259,0.2027,0.9924504840571987,0.007460698108180123,60.1819,5.2585,0.0,0.0,0.0,60.1819,5.2585,65.4404,65.9443
158,0.5882,0.0083,0.5965,0.1074,0.9860854987426654,0.01391450125733445,32.6366,5.14,0.0,0.0,0.0,32.63660000000001,5.140000000000001,37.77660000000001,37.7737
159,0.4596,0.0069,0.4665,0.084,0.985209003215434,0.014790996784565915,25.4546,4.3961,0.0,0.0,0.0,25.454600000000003,4.396100000000001,29.850700000000003,29.8526
160,3.628,0.008,3.636,0.6545,0.9977997799779978,0.0022002200220022,207.0908,5.0581,0.0,0.0,0.0,207.0908,5.0581000000000005,212.1489,216.1518
161,0.5481,0.008,0.5561,0.1001,0.9856140981837799,0.014385901816220103,29.8184,5.0962,0.0,0.0,0.0,29.818400000000004,5.0962,34.91460000000001,34.9122
162,0.2836,0.0072,0.2908,0.0523,0.9752407152682256,0.024759284731774415,15.9093,4.7405,0.0,0.0,0.0,15.909300000000004,4.740500000000001,20.649800000000006,20.6458
163,8.8734,0.0072,8.8806,1.5985,0.9991892439700021,0.0008107560299979731,493.7273,4.8865,0.0,0.0,0.0,493.7273,4.886500000000001,498.6138,500.6119
164,0.9739,0.0078,0.9816,0.1767,0.9921556642216789,0.007946210268948655,54.0908,4.8468,0.0,0.0,0.0,54.0908,4.846799999999999,58.9376,58.9423
165,0.7159,0.0081,0.724,0.1303,0.9888121546961326,0.011187845303867404,37.9091,4.9805,0.0,0.0,0.0,37.9091,4.9805,42.8896,43.3883
166,1.9266,0.0087,1.9353,0.3484,0.9955045729344288,0.004495427065571229,105.3636,5.3414,0.0,0.0,0.0,105.36359999999999,5.341399999999999,110.70499999999998,111.2004
167,0.5931,0.0084,0.6015,0.1083,0.9860349127182043,0.01396508728179551,33.818,5.0148,0.0,0.0,0.0,33.818,5.0148,38.8328,38.8324
168,2.4577,0.0078,2.4655,0.4438,0.9968363415128777,0.0031636584871222876,145.3636,5.0992,0.0,0.0,0.0,145.3636,5.0992,150.4628,152.4661
169,23.5949,0.0078,23.6027,4.2485,0.9996695293335085,0.00033047066649154546,1244.7272,4.8415,0.0,0.0,0.0,1244.7272,4.8415,1249.5687,1253.5668
170,0.773,0.0059,0.7789,0.1402,0.992425215046861,0.007574784953139042,43.2728,3.5524,0.0,0.0,0.0,43.27279999999999,3.5524,46.82519999999999,46.8234
171,2.8248,0.009,2.8337,0.5101,0.9968592299820025,0.0031760595687616894,156.0001,5.3374,0.0,0.0,0.0,156.0001,5.3374,161.3375,163.3375
172,6.0368,0.008,6.0448,1.0881,0.9986765484383272,0.0013234515616728428,339.5454,5.2522,0.0,0.0,0.0,339.5454,5.2522,344.7976,357.2948
173,15.3443,0.0069,15.3513,2.7632,0.999544012559197,0.0004494733345058725,863.1818,4.4451,0.0,0.0,0.0,863.1818,4.4451,867.6269,883.6304
174,2.6086,0.0069,2.6155,0.4708,0.9973618810934812,0.00263811890651883,151.4544,4.4611,0.0,0.0,0.0,151.4544,4.4611,155.91549999999998,155.9179
175,4.4438,0.0091,4.453,0.8015,0.9979339770940939,0.0020435661351897597,262.2731,5.7515,0.0,0.0,0.0,262.2731,5.7515,268.0246,269.0249
176,0.5586,0.0084,0.567,0.1021,0.9851851851851853,0.014814814814814815,30.5456,5.5922,0.0,0.0,0.0,30.5456,5.5922,36.1378,36.1372
177,10.384,0.008,10.392,1.8706,0.9992301770592764,0.0007698229407236336,580.8182,4.5233,0.0,0.0,0.0,580.8182,4.5233,585.3415,600.339
178,0.6949,0.0079,0.7028,0.1265,0.988759248719408,0.01124075128059192,38.2727,4.8309,0.0,0.0,0.0,38.27269999999999,4.8309,43.10359999999999,43.1023
179,0.4143,0.0081,0.4224,0.076,0.9808238636363636,0.019176136363636364,23.6364,4.9397,0.0,0.0,0.0,23.6364,4.939699999999999,28.576099999999997,28.5734
180,0.5262,0.0083,0.5345,0.0962,0.9844714686623013,0.015528531337698786,29.9091,5.2804,0.0,0.0,0.0,29.9091,5.2804,35.189499999999995,35.1903
181,1.2557,0.0091,1.2649,0.2277,0.9927266977626691,0.007194244604316548,71.2729,5.9802,0.0,0.0,0.0,71.27289999999999,5.9802,77.25309999999999,77.257
182,0.5702,0.0087,0.5789,0.1042,0.9849714976679912,0.015028502332008982,31.1819,5.3248,0.0,0.0,0.0,31.181900000000006,5.324800000000001,36.50670000000001,36.5057
183,1.0355,0.009,1.0445,0.188,0.9913834370512208,0.00861656294877932,59.7272,5.3562,0.0,0.0,0.0,59.72720000000001,5.356199999999999,65.08340000000001,65.0843
184,1.5918,0.007,1.5987,0.2878,0.9956839932445112,0.004378557578032152,91.1818,4.3072,0.0,0.0,0.0,91.18180000000001,4.307200000000001,95.489,95.4899
185,7.2553,0.0072,7.2626,1.3073,0.9989948503290833,0.0009913804973425496,402.909,4.5227,0.0,0.0,0.0,402.909,4.5227,407.4317,413.4277
186,3.5206,0.0073,3.5279,0.635,0.997930780350917,0.002069219649083024,200.0911,4.8644,0.0,0.0,0.0,200.09109999999998,4.8644,204.95549999999997,209.4563
187,61.2116,0.0094,61.221,11.0198,0.9998464579147678,0.00015354208523219159,3548.5686,5.7509,0.0,0.0,0.0,3548.5686,5.7509000000000015,3554.3195,3577.3184
188,3.7704,0.0079,3.7782,0.6801,0.9979355248531047,0.002090942776983749,196.0,5.1269,0.0,0.0,0.0,196.0,5.1269,201.1269,201.6265
189,8.9687,0.008,8.9767,1.6158,0.999108803903439,0.0008911960965610971,504.7275,5.0938,0.0,0.0,0.0,504.7275,5.0938,509.8213,519.8169
190,0.5923,0.0079,0.6001,0.108,0.9870021663056159,0.013164472587902019,33.4546,5.0825,0.0,0.0,0.0,33.454600000000006,5.0825000000000005,38.53710000000001,39.0353
191,31.3326,0.0075,31.3402,5.6412,0.9997574999521381,0.00023930925775840614,1712.6363,5.1454,0.0,0.0,0.0,1712.6363,5.1454,1717.7817,1723.7782
192,0.5652,0.0077,0.573,0.1031,0.986387434554974,0.01343804537521815,32.1818,4.6767,0.0,0.0,0.0,32.1818,4.6767,36.85850000000001,36.8596
193,13.0606,0.0079,13.0685,2.3523,0.9993954929793014,0.0006045070206986265,733.9998,5.152,0.0,0.0,0.0,733.9998,5.152000000000001,739.1518000000001,747.6529
194,2.5096,0.0085,2.5181,0.4533,0.9966244390611969,0.003375560938803066,137.4545,5.5334,0.0,0.0,0.0,137.4545,5.5334,142.9879,143.9869
195,20.7624,0.0068,20.7691,3.7384,0.9996774053762559,0.0003274094688744336,1190.4546,4.6822,0.0,0.0,0.0,1190.4546,4.682199999999999,1195.1368,1208.1349
196,0.8097,0.007,0.8167,0.147,0.9914289212685197,0.008571078731480348,47.0003,4.7068,0.0,0.0,0.0,47.000299999999996,4.7068,51.7071,52.2052
197,3.065,0.0086,3.0736,0.5533,0.9972019781363873,0.0027980218636127017,171.9091,5.2363,0.0,0.0,0.0,171.90909999999997,5.2363,177.14539999999997,179.1447
198,5.2365,0.0086,5.2451,0.9441,0.9983603744447199,0.0016396255552801663,275.909,5.2151,0.0,0.0,0.0,275.909,5.2151000000000005,281.1241,283.6229
199,10.7402,0.0092,10.7494,1.9349,0.9991441382774853,0.000855861722514745,628.5454,5.6374,0.0,0.0,0.0,628.5454,5.6373999999999995,634.1827999999999,641.1807
200,13.9835,0.0085,13.9919,2.5185,0.9993996526561797,0.0006074943360086908,808.5455,5.3013,0.0,0.0,0.0,808.5455,5.3012999999999995,813.8467999999999,818.8429
201,0.4859,0.0078,0.4937,0.0889,0.984200931739923,0.01579906826007697,26.909,5.0299,0.0,0.0,0.0,26.908999999999995,5.0299,31.938899999999997,31.9357
202,1.1025,0.0085,1.111,0.2,0.9923492349234924,0.007650765076507651,60.6364,5.0149,0.0,0.0,0.0,60.63640000000001,5.014900000000001,65.6513,65.6532
203,2.4164,0.0085,2.425,0.4365,0.9964536082474227,0.003505154639175258,137.9092,5.2265,0.0,0.0,0.0,137.90920000000003,5.226500000000001,143.1357,144.6382
204,4.9528,0.0082,4.961,0.893,0.9983471074380165,0.001652892561983471,269.2728,4.7212,0.0,0.0,0.0,269.2728,4.7212,273.994,275.491
205,0.3516,0.0073,0.3589,0.0646,0.9796600724435777,0.020339927556422402,19.727,4.7594,0.0,0.0,0.0,19.726999999999997,4.759399999999999,24.486399999999996,24.4834
206,5.2004,0.0074,5.2079,0.9374,0.9985598801820311,0.001420918220395937,271.3637,4.8004,0.0,0.0,0.0,271.3637,4.8004,276.1641,277.1649
207,0.3656,0.0071,0.3727,0.0671,0.980949825596995,0.0190501744030051,20.8182,4.6849,0.0,0.0,0.0,20.818199999999997,4.684900000000001,25.503099999999996,25.5022
208,0.7399,0.0093,0.7492,0.1348,0.9875867592098239,0.012413240790176187,41.3638,5.3861,0.0,0.0,0.0,41.363800000000005,5.3861,46.749900000000004,46.7471
209,0.6933,0.0086,0.7019,0.1263,0.9877475423849552,0.01225245761504488,37.2727,4.9706,0.0,0.0,0.0,37.2727,4.9706,42.2433,42.2456
210,0.22,0.0078,0.2278,0.041,0.9657594381035997,0.03424056189640035,12.1819,5.2881,0.0,0.0,0.0,12.181899999999999,5.288100000000001,17.47,17.4729
211,0.8615,0.0079,0.8695,0.1565,0.9907993099482462,0.009085681426106959,47.3637,5.1611,0.0,0.0,0.0,47.363699999999994,5.1611,52.52479999999999,52.5264
212,0.787,0.0071,0.7941,0.1429,0.9910590605717164,0.008940939428283591,46.3636,4.3816,0.0,0.0,0.0,46.36359999999999,4.381600000000001,50.74519999999999,50.7444
213,0.6806,0.0066,0.6871,0.1237,0.9905399505166641,0.009605588706156309,38.5456,4.2893,0.0,0.0,0.0,38.54559999999999,4.2893,42.83489999999999,42.8305
214,0.9527,0.0084,0.961,0.173,0.9913631633714881,0.00874089490114464,50.3637,4.9304,0.0,0.0,0.0,50.36370000000001,4.930400000000001,55.29410000000001,55.2891
215,0.2414,0.0079,0.2492,0.0449,0.9686998394863563,0.03170144462279294,13.3636,4.5425,0.0,0.0,0.0,13.363600000000002,4.5424999999999995,17.906100000000002,17.9022
216,1.8591,0.0074,1.8665,0.336,0.9960353603000267,0.003964639699973212,96.6364,4.7464,0.0,0.0,0.0,96.63640000000001,4.7463999999999995,101.3828,101.3874
217,0.8757,0.0067,0.8824,0.1588,0.9924070716228469,0.007592928377153219,50.1818,4.1343,0.0,0.0,0.0,50.18180000000001,4.1343,54.316100000000006,54.317
218,2.9942,0.0081,3.0024,0.5404,0.9972688515853984,0.0026978417266187047,173.6364,5.1374,0.0,0.0,0.0,173.63639999999998,5.1373999999999995,178.7738,180.7786
219,0.1838,0.0089,0.1927,0.0347,0.9538142189932537,0.04618578100674624,10.182,5.3343,0.0,0.0,0.0,10.181999999999999,5.3343,15.516299999999998,15.5201
220,1.1444,0.0074,1.1518,0.2073,0.9935752734849802,0.00642472651501997,64.9091,4.6963,0.0,0.0,0.0,64.90910000000001,4.696300000000001,69.6054,70.105
221,25.3465,0.0072,25.3537,4.5637,0.9997160177804423,0.0002839822195576977,1398.9095,4.3907,0.0,0.0,0.0,1398.9095000000002,4.390700000000001,1403.3002000000001,1439.7981
222,1.3024,0.0073,1.3097,0.2357,0.9944262044743071,0.005573795525692906,73.818,4.5427,0.0,0.0,0.0,73.81800000000001,4.5427,78.36070000000001,78.3605
223,7.771,0.0075,7.7784,1.4001,0.9990486475367685,0.0009642085775995062,409.1817,4.6894,0.0,0.0,0.0,409.18170000000003,4.6894,413.8711,414.3754
224,0.3323,0.0075,0.3399,0.0612,0.9776404824948515,0.02206531332744925,17.5459,5.127,0.0,0.0,0.0,17.545900000000003,5.127,22.672900000000002,22.6701
225,1.4387,0.0096,1.4483,0.2607,0.9933715390457779,0.006628460954222191,78.727,5.6772,0.0,0.0,0.0,78.727,5.677200000000001,84.4042,84.9074
226,1.0499,0.0084,1.0583,0.1905,0.9920627421336106,0.007937257866389493,56.3636,5.3666,0.0,0.0,0.0,56.3636,5.366599999999999,61.730199999999996,62.2348
227,4.1583,0.0089,4.1672,0.7501,0.9978642733730081,0.002135726626991745,239.6362,5.4754,0.0,0.0,0.0,239.63620000000003,5.4754000000000005,245.11160000000004,247.6132
228,0.4462,0.0082,0.4544,0.0818,0.9819542253521126,0.018045774647887324,23.9091,5.0219,0.0,0.0,0.0,23.909099999999995,5.0219,28.930999999999994,28.9293
229,1.1224,0.0069,1.1293,0.2033,0.9938900203665989,0.006109979633401222,61.3635,4.685,0.0,0.0,0.0,61.36350000000001,4.6850000000000005,66.0485,66.0457
230,0.5278,0.0087,0.5365,0.0966,0.983783783783784,0.016216216216216217,30.0,5.5009,0.0,0.0,0.0,30.0,5.5009,35.5009,35.4993
231,4.074,0.0081,4.0821,0.7348,0.9980157271992357,0.0019842728007643125,226.6362,4.8511,0.0,0.0,0.0,226.6362,4.8511,231.4873,234.4839
232,0.7262,0.0074,0.7336,0.132,0.9899127589967284,0.010087241003271538,41.0908,4.4684,0.0,0.0,0.0,41.0908,4.4684,45.559200000000004,45.5592
233,0.9499,0.0085,0.9583,0.1725,0.9912344777209642,0.0088698737347386,52.4547,5.3536,0.0,0.0,0.0,52.4547,5.353599999999999,57.8083,57.8111
234,7.3072,0.0081,7.3153,1.3168,0.9988927316719752,0.0011072683280248248,405.0908,5.0392,0.0,0.0,0.0,405.09079999999994,5.039199999999999,410.12999999999994,413.1303
235,1.389,0.0086,1.3976,0.2516,0.9938465941614196,0.006153405838580424,77.5453,5.1929,0.0,0.0,0.0,77.54530000000001,5.1929,82.7382,82.7401
236,0.271,0.0091,0.2801,0.0504,0.967511602998929,0.03248839700107105,14.6364,5.2985,0.0,0.0,0.0,14.636399999999998,5.298500000000001,19.9349,19.9363
237,16.2429,0.0084,16.2513,2.9252,0.9994831182736149,0.000516881726384966,863.4545,5.2177,0.0,0.0,0.0,863.4545,5.217700000000001,868.6722000000001,882.1724
238,1.3886,0.008,1.3966,0.2514,0.9942718029500215,0.005728197049978519,77.3636,5.1867,0.0,0.0,0.0,77.36359999999999,5.186699999999999,82.5503,82.5551
239,0.5067,0.0086,0.5153,0.0928,0.9833106928003106,0.0166893071996895,27.3637,5.3665,0.0,0.0,0.0,27.3637,5.3665,32.7302,32.7309
240,1.4116,0.0081,1.4196,0.2555,0.9943646097492251,0.005705832628909552,77.8181,5.0496,0.0,0.0,0.0,77.8181,5.0496,82.8677,82.8664
241,2.1798,0.0084,2.1882,0.3939,0.9961612284069098,0.0038387715930902106,115.2726,5.4334,0.0,0.0,0.0,115.27260000000001,5.4334,120.70600000000002,120.7059
242,1.1114,0.008,1.1194,0.2015,0.9928533142755047,0.007146685724495266,62.2727,5.2503,0.0,0.0,0.0,62.27269999999999,5.250299999999999,67.523,68.5276
243,1.0481,0.0082,1.0563,0.1901,0.9922370538672726,0.007762946132727445,58.9999,5.3096,0.0,0.0,0.0,58.999900000000004,5.3096,64.3095,64.3046
244,0.1713,0.0075,0.1788,0.0322,0.9580536912751679,0.04194630872483222,9.909,4.5375,0.0,0.0,0.0,9.908999999999999,4.5375000000000005,14.4465,14.4467
245,1.0073,0.0073,1.0146,0.1826,0.9928050463236745,0.007194953676325646,54.5454,4.6821,0.0,0.0,0.0,54.545399999999994,4.6821,59.22749999999999,60.2242
246,1.0115,0.0087,1.0202,0.1836,0.9914722603411097,0.008527739658890414,53.2728,5.3298,0.0,0.0,0.0,53.27279999999999,5.3298000000000005,58.60259999999999,59.1059
247,36.1148,0.0076,36.1224,6.502,0.9997896042344917,0.00021039576550838262,2031.4546,5.0023,0.0,0.0,0.0,2031.4546,5.0023,2036.4569000000001,2050.46
248,0.3582,0.0076,0.3658,0.0658,0.9792236194641881,0.02077638053581192,20.3633,4.8898,0.0,0.0,0.0,20.3633,4.889799999999999,25.253099999999996,25.2514
249,7.485,0.0068,7.4917,1.3485,0.9991056769491571,0.0009076711560793945,402.3637,4.4139,0.0,0.0,0.0,402.3637,4.4139,406.7776,411.2731
250,4.8518,0.009,4.8608,0.875,0.9981484529295589,0.0018515470704410794,264.3634,5.1845,0.0,0.0,0.0,264.3634,5.1845,269.5479,274.5514
251,0.885,0.0087,0.8937,0.1609,0.99026518966096,0.009734810339039945,49.0908,5.3784,0.0,0.0,0.0,49.0908,5.378399999999999,54.4692,54.4698
252,2.3507,0.0068,2.3575,0.4244,0.9971155885471897,0.0028844114528101803,122.182,4.1815,0.0,0.0,0.0,122.18199999999999,4.1815,126.36349999999999,126.8615
253,2.4787,0.0087,2.4874,0.4477,0.9965023719546514,0.0034976280453485565,129.9999,5.2034,0.0,0.0,0.0,129.9999,5.203399999999999,135.20329999999998,136.2015
254,0.9157,0.0086,0.9243,0.1664,0.9906956615817375,0.009304338418262469,49.6365,5.2886,0.0,0.0,0.0,49.6365,5.2886,54.9251,54.926
255,17.9049,0.0079,17.9128,3.2243,0.9995589745880041,0.00044102541199589123,1028.3637,4.7116,0.0,0.0,0.0,1028.3637,4.7116,1033.0753000000002,1041.0739
256,0.9995,0.0068,1.0063,0.1811,0.9932425717976747,0.00675742820232535,55.8182,4.6194,0.0,0.0,0.0,55.818200000000004,4.6194,60.4376,60.4343
257,0.2872,0.0075,0.2947,0.0531,0.9745503902273498,0.02544960977265015,15.9091,5.1311,0.0,0.0,0.0,15.909099999999999,5.1311,21.0402,21.0418
258,3.6673,0.0082,3.6755,0.6616,0.997769011018909,0.002230988981091008,195.8181,5.0302,0.0,0.0,0.0,195.8181,5.0302,200.8483,202.845
259,56.9213,0.0091,56.9304,10.2475,0.9998401556988885,0.00015984430111153268,3034.6724,5.2163,0.0,0.0,0.0,3034.6724,5.2162999999999995,3039.8887,3071.8922
260,7.515,0.0078,7.5229,1.3541,0.9989498730542743,0.0010368341995772906,422.909,4.9808,0.0,0.0,0.0,422.909,4.9807999999999995,427.8898,432.3903
261,18.2778,0.0075,18.2853,3.2914,0.9995898344571869,0.00041016554281307936,1059.0002,4.7483,0.0,0.0,0.0,1059.0002,4.7483,1063.7485,1080.7447
262,0.4951,0.0072,0.5023,0.0904,0.9856659366912204,0.014334063308779614,28.0909,4.6216,0.0,0.0,0.0,28.090899999999994,4.621600000000001,32.71249999999999,32.7116
263,0.6712,0.0081,0.6793,0.1223,0.9880759605476226,0.011924039452377447,36.5457,5.1268,0.0,0.0,0.0,36.5457,5.1268,41.6725,41.6686
264,1.3734,0.0077,1.3811,0.2486,0.9944247339077547,0.005575266092245312,76.0908,4.9436,0.0,0.0,0.0,76.0908,4.9436,81.0344,81.5303
265,1.8039,0.007,1.811,0.326,0.9960795140806185,0.003865267807840972,98.4547,4.326,0.0,0.0,0.0,98.4547,4.3260000000000005,102.7807,103.2848
266,0.9088,0.0073,0.9161,0.1649,0.9920314376159808,0.007968562384019212,50.9091,4.8401,0.0,0.0,0.0,50.9091,4.8401,55.7492,55.7498
267,6.6011,0.0076,6.6088,1.1896,0.9988348868175766,0.0011499818423919624,360.9089,4.641,0.0,0.0,0.0,360.9089,4.641,365.54990000000004,369.0479
268,0.7599,0.0089,0.7689,0.1384,0.9882949668357394,0.01157497724021329,41.4544,5.1635,0.0,0.0,0.0,41.45440000000001,5.163500000000001,46.617900000000006,46.6146
269,2.3104,0.0085,2.3189,0.4174,0.9963344689292336,0.0036655310707663117,123.9091,5.3317,0.0,0.0,0.0,123.90910000000001,5.331699999999999,129.2408,130.2421
270,1.1019,0.0081,1.11,0.1998,0.9927027027027027,0.0072972972972972965,61.0001,5.2617,0.0,0.0,0.0,61.0001,5.261699999999999,66.26180000000001,66.7586
271,17.7299,0.0079,17.7378,3.1928,0.9995546234595046,0.00044537654049543914,997.909,5.3388,0.0,0.0,0.0,997.9089999999999,5.3388,1003.2477999999999,1010.2502
272,11.3811,0.0072,11.3882,2.0499,0.9993765476545899,0.0006322333643596003,638.818,4.7368,0.0,0.0,0.0,638.8179999999999,4.736800000000001,643.5547999999999,650.5549
273,2.559,0.0088,2.5678,0.4622,0.9965729418178986,0.0034270581821014097,138.7273,5.0561,0.0,0.0,0.0,138.7273,5.056100000000001,143.78340000000003,144.2852
274,10.4024,0.0078,10.4101,1.8738,0.9992603337143735,0.0007492723412839454,607.8181,5.116,0.0,0.0,0.0,607.8181,5.1160000000000005,612.9341,620.9368
275,8.4042,0.0088,8.413,1.5143,0.9989539997622726,0.0010460002377273268,460.4547,5.1169,0.0,0.0,0.0,460.4547,5.1169,465.5716,470.5715
276,4.3742,0.0094,4.3836,0.789,0.997855643763117,0.0021443562368829274,229.3636,5.4684,0.0,0.0,0.0,229.36360000000002,5.468400000000001,234.83200000000002,235.8315
277,0.884,0.0083,0.8924,0.1606,0.9905871806364859,0.009300761990138951,48.1816,5.2217,0.0,0.0,0.0,48.18160000000002,5.2217,53.403300000000016,53.9014
278,4.3202,0.008,4.3282,0.7791,0.9981516565777921,0.0018483434222078463,246.0909,4.955,0.0,0.0,0.0,246.0909,4.955000000000001,251.04590000000002,254.0498
279,6.6671,0.0079,6.675,1.2015,0.998816479400749,0.0011835205992509364,356.3636,5.0156,0.0,0.0,0.0,356.3636,5.015600000000001,361.3792,362.8784
280,17.8315,0.0098,17.8413,3.2114,0.9994507126722827,0.0005492873277171506,1061.4547,6.2802,0.0,0.0,0.0,1061.4547,6.2802,1067.7349,1078.7338
281,0.6551,0.0074,0.6626,0.1193,0.9886809538182917,0.01116812556595231,35.7274,4.7151,0.0,0.0,0.0,35.7274,4.7151000000000005,40.4425,40.4418
282,17.8651,0.0088,17.8738,3.2173,0.9995132540366347,0.0004923407445534806,1005.9091,5.3599,0.0,0.0,0.0,1005.9091,5.3599000000000006,1011.269,1020.7704
283,0.5961,0.0083,0.6044,0.1088,0.9862673726009265,0.01373262739907346,33.0911,4.8688,0.0,0.0,0.0,33.0911,4.8688,37.9599,37.9603
284,6.6343,0.0079,6.6422,1.1956,0.9988106350305621,0.001189364969437837,360.6363,4.8083,0.0,0.0,0.0,360.6363,4.8083,365.4446,368.4488
285,13.0397,0.0077,13.0474,2.3485,0.9994098441068718,0.0005901558931281328,738.8177,4.7614,0.0,0.0,0.0,738.8177,4.7614,743.5790999999999,748.5779
286,4.1933,0.0088,4.2021,0.7564,0.9979058090002618,0.0020941909997382263,222.0908,5.4977,0.0,0.0,0.0,222.09079999999997,5.4977,227.58849999999998,233.0925
287,0.4201,0.0083,0.4284,0.0771,0.98062558356676,0.019374416433239963,22.6365,5.2479,0.0,0.0,0.0,22.6365,5.2479,27.8844,27.8794
288,0.8903,0.008,0.8983,0.1617,0.9910942892129578,0.00890571078704219,47.4546,5.3835,0.0,0.0,0.0,47.454600000000006,5.3835,52.838100000000004,52.8382
289,1.3749,0.0075,1.3825,0.2488,0.994502712477396,0.005424954792043399,76.3638,4.7351,0.0,0.0,0.0,76.36380000000001,4.7351,81.09890000000001,81.6007
290,5.1198,0.0078,5.1276,0.923,0.998478820500819,0.0015211794991809033,277.3637,4.7503,0.0,0.0,0.0,277.3637,4.750299999999999,282.114,284.1151
291,2.7804,0.0087,2.7891,0.502,0.9968807142088847,0.0031192857911154135,148.0912,5.1213,0.0,0.0,0.0,148.09120000000001,5.121299999999999,153.2125,156.7104
292,7.3384,0.0095,7.3479,1.3226,0.9987071135970822,0.0012928864029178404,424.9999,5.9309,0.0,0.0,0.0,424.99989999999997,5.930900000000001,430.9308,432.9319
293,18.3634,0.0076,18.371,3.3068,0.9995863045016602,0.00041369549833977467,1058.6363,4.8139,0.0,0.0,0.0,1058.6363000000001,4.813899999999999,1063.4502000000002,1068.4541
294,0.5636,0.0074,0.571,0.1028,0.9870402802101577,0.012959719789842384,30.909,4.2386,0.0,0.0,0.0,30.909,4.2386,35.1476,35.1477
295,0.1791,0.0073,0.1864,0.0336,0.9608369098712446,0.039163090128755365,10.1819,4.5097,0.0,0.0,0.0,10.181899999999999,4.5097000000000005,14.6916,14.6896
296,0.4189,0.0071,0.426,0.0767,0.9833333333333334,0.016666666666666666,22.9091,4.7517,0.0,0.0,0.0,22.909099999999995,4.7517,27.660799999999995,27.6576
297,0.7945,0.0078,0.8023,0.1444,0.9902779508911878,0.009722049108812164,43.4544,4.6492,0.0,0.0,0.0,43.45439999999999,4.6492,48.10359999999999,48.6026
298,0.3141,0.0079,0.322,0.058,0.9754658385093167,0.024534161490683232,16.9091,4.9836,0.0,0.0,0.0,16.909100000000002,4.9836,21.8927,21.8965
299,0.2252,0.0074,0.2326,0.0419,0.9681857265692175,0.03181427343078246,12.0001,4.5931,0.0,0.0,0.0,12.0001,4.593100000000001,16.5932,16.5886
300,4.48,0.0078,4.4879,0.8078,0.9982397112235123,0.0017380066400766506,245.8179,4.9055,0.0,0.0,0.0,245.81790000000004,4.9055,250.72340000000003,251.7278
301,0.5157,0.0091,0.5248,0.0945,0.9826600609756098,0.017339939024390242,28.6364,5.4987,0.0,0.0,0.0,28.6364,5.4987,34.1351,34.1325
302,0.4452,0.008,0.4532,0.0816,0.9823477493380406,0.017652250661959402,24.0909,4.9164,0.0,0.0,0.0,24.090900000000005,4.916399999999999,29.007300000000004,29.0096
303,26.7314,0.0079,26.7393,4.8131,0.9997045547190839,0.0002954452809161048,1540.3636,5.171,0.0,0.0,0.0,1540.3635999999997,5.171,1545.5345999999997,1550.5341
304,0.4965,0.0086,0.5051,0.0909,0.9829736685804791,0.017026331419520885,26.1817,5.3664,0.0,0.0,0.0,26.181700000000003,5.3664000000000005,31.548100000000005,31.5454
305,0.1494,0.0091,0.1584,0.0285,0.9431818181818181,0.057449494949494945,8.2728,5.5221,0.0,0.0,0.0,8.2728,5.522099999999999,13.794899999999998,13.7909
306,0.6283,0.0083,0.6366,0.1146,0.9869619855482248,0.013038014451775054,35.182,5.2887,0.0,0.0,0.0,35.182,5.2887,40.4707,40.4691
307,10.8829,0.0083,10.8912,1.9604,0.9992379168503012,0.0007620831496988395,619.545,5.1496,0.0,0.0,0.0,619.545,5.1496,624.6945999999999,629.6971
308,0.6087,0.0089,0.6175,0.1112,0.9857489878542509,0.014412955465587043,32.8181,5.2782,0.0,0.0,0.0,32.818099999999994,5.2782,38.09629999999999,38.0987
309,8.9889,0.0088,8.9977,1.6196,0.9990219722818052,0.0009780277181946498,489.5455,5.2886,0.0,0.0,0.0,489.54550000000006,5.2886,494.83410000000003,502.3354
310,1.115,0.0082,1.1233,0.2022,0.9926110567079142,0.007299919878928159,61.4544,5.1,0.0,0.0,0.0,61.454400000000014,5.100000000000001,66.55440000000002,67.0523
311,0.4379,0.0078,0.4456,0.0802,0.9827199281867146,0.017504488330341114,24.3638,5.023,0.0,0.0,0.0,24.363799999999998,5.023000000000001,29.386799999999997,29.3823
312,0.5599,0.0073,0.5672,0.1021,0.9871297602256698,0.012870239774330041,30.6364,4.9179,0.0,0.0,0.0,30.636399999999995,4.9178999999999995,35.5543,35.559
313,12.3438,0.0087,12.3524,2.2234,0.9993037790227001,0.0007043165700592597,682.6366,5.36,0.0,0.0,0.0,682.6365999999999,5.3599999999999985,687.9966,697.4989
314,0.8692,0.0088,0.878,0.158,0.9899772209567198,0.010022779043280182,48.6362,5.4207,0.0,0.0,0.0,48.636199999999995,5.4207,54.0569,54.0554
315,0.3849,0.0083,0.3932,0.0708,0.9788911495422178,0.0211088504577823,20.6362,5.397,0.0,0.0,0.0,20.6362,5.397,26.0332,26.0314
316,17.9495,0.0075,17.957,3.2323,0.9995823355794398,0.00041766442056022715,986.2727,4.8967,0.0,0.0,0.0,986.2726999999999,4.8967,991.1693999999999,1004.173
317,1.4835,0.0077,1.4912,0.2684,0.9948363733905579,0.00516362660944206,81.5454,4.9651,0.0,0.0,0.0,81.5454,4.9651000000000005,86.51050000000001,89.509
318,0.26,0.0072,0.2672,0.0481,0.9730538922155689,0.02694610778443114,14.0912,4.5271,0.0,0.0,0.0,14.0912,4.5271,18.6183,18.6145
319,78.7916,0.0086,78.8002,14.184,0.9998908632211593,0.00010913677884066284,4323.2379,5.2339,0.0,0.0,0.0,4323.2379,5.233899999999999,4328.4718,4392.4698
320,6.9705,0.0101,6.9806,1.2565,0.9985531329685128,0.0014468670314872647,390.2728,6.4639,0.0,0.0,0.0,390.27279999999996,6.463900000000001,396.7367,402.7389
321,0.4655,0.0085,0.474,0.0853,0.9820675105485233,0.017932489451476796,25.4546,5.2564,0.0,0.0,0.0,25.4546,5.2564,30.711,30.7073
322,0.2213,0.0083,0.2297,0.0413,0.9634305616020897,0.03613408794079234,12.9091,4.887,0.0,0.0,0.0,12.909099999999999,4.887,17.7961,17.7972
323,0.617,0.0073,0.6244,0.1124,0.9881486226777707,0.011691223574631647,34.6364,4.6453,0.0,0.0,0.0,34.636399999999995,4.6453,39.281699999999994,39.2821
324,0.4793,0.0079,0.4872,0.0877,0.9837848932676518,0.016215106732348113,26.4543,5.1422,0.0,0.0,0.0,26.4543,5.1422,31.5965,31.5969
325,12.1164,0.0085,12.1249,2.1825,0.9992989632904189,0.00070103670958111,675.909,4.8264,0.0,0.0,0.0,675.9089999999999,4.8264000000000005,680.7353999999999,683.2378
326,0.387,0.0075,0.3945,0.071,0.9809885931558935,0.019011406844106463,21.818,4.8303,0.0,0.0,0.0,21.817999999999998,4.8303,26.6483,26.6459
327,5.6818,0.008,5.6898,1.0242,0.998593975183662,0.0014060248163380083,314.4546,5.1724,0.0,0.0,0.0,314.4546,5.1724,319.627,321.6291
328,3.0556,0.0077,3.0633,0.5514,0.9974863709071916,0.0025136290928084093,160.1819,4.9669,0.0,0.0,0.0,160.18189999999998,4.9669,165.1488,168.1527
329,16.8132,0.0076,16.8208,3.0277,0.9995481784457338,0.00045182155426614674,900.0911,4.8767,0.0,0.0,0.0,900.0911,4.8767,904.9678,909.9679
330,0.5726,0.0074,0.58,0.1044,0.987241379310345,0.012758620689655173,31.3636,5.0319,0.0,0.0,0.0,31.3636,5.0319,36.3955,36.3922
331,47.685,0.0074,47.6924,8.5846,0.9998448390099891,0.0001551609900109871,2555.0907,4.8026,0.0,0.0,0.0,2555.0907,4.8026,2559.8933,2578.393
332,1.8213,0.0082,1.8296,0.3293,0.9954634892872759,0.004481853957149104,103.0909,5.1548,0.0,0.0,0.0,103.09090000000002,5.1548,108.24570000000001,109.2481
333,9.3255,0.0078,9.3333,1.68,0.9991642827295812,0.0008357172704188229,514.0002,5.1264,0.0,0.0,0.0,514.0002,5.1264,519.1265999999999,523.1252
334,0.6451,0.0088,0.6539,0.1177,0.9865422847530203,0.013457715246979661,35.8181,5.1785,0.0,0.0,0.0,35.8181,5.1785000000000005,40.9966,40.9958
335,1.4327,0.0071,1.4398,0.2592,0.9950687595499376,0.004931240450062509,78.3636,4.778,0.0,0.0,0.0,78.36359999999999,4.7780000000000005,83.1416,84.1451
336,0.2643,0.0092,0.2734,0.0492,0.9667154352596927,0.033650329188002925,14.6364,5.6073,0.0,0.0,0.0,14.636399999999998,5.6072999999999995,20.243699999999997,20.2444
337,2.0361,0.0079,2.044,0.3679,0.9961350293542073,0.003864970645792564,110.0,4.7655,0.0,0.0,0.0,110.00000000000003,4.765499999999999,114.76550000000003,115.767
338,0.3102,0.0089,0.3191,0.0574,0.9721090567220306,0.027890943277969288,16.5454,5.8194,0.0,0.0,0.0,16.5454,5.8194,22.364800000000002,22.3613
339,1.639,0.0081,1.6471,0.2965,0.9950822658004979,0.004917734199502155,94.7274,4.9103,0.0,0.0,0.0,94.72739999999999,4.9103,99.6377,100.1337
340,28.3116,0.008,28.3196,5.0975,0.9997175101343239,0.0002824898656760689,1509.1818,5.1747,0.0,0.0,0.0,1509.1818,5.1747,1514.3565,1530.3533
341,1.0318,0.0085,1.0403,0.1873,0.9918292800153802,0.008170719984619821,56.4544,5.5333,0.0,0.0,0.0,56.45440000000001,5.533300000000001,61.98770000000001,62.4845
342,0.9121,0.0088,0.9209,0.1658,0.9904441307416657,0.009555869258334238,50.6363,5.4348,0.0,0.0,0.0,50.636300000000006,5.434800000000001,56.07110000000001,56.0728
343,1.4032,0.0081,1.4113,0.254,0.9942606107843832,0.005739389215616807,77.6364,5.272,0.0,0.0,0.0,77.63640000000001,5.272000000000001,82.90840000000001,83.4059
344,3.7397,0.0076,3.7474,0.6745,0.9979452420344773,0.00202807279713935,204.8182,4.8964,0.0,0.0,0.0,204.81820000000002,4.8964,209.71460000000002,210.7181
345,0.7042,0.0078,0.7119,0.1281,0.9891838741396265,0.010956595027391488,39.4542,5.2963,0.0,0.0,0.0,39.45420000000001,5.2963000000000005,44.75050000000001,44.749
346,0.1513,0.0087,0.16,0.0288,0.9456249999999999,0.05437499999999999,8.2727,5.428,0.0,0.0,0.0,8.2727,5.427999999999999,13.7007,13.7042
347,0.3602,0.007,0.3672,0.0661,0.9809368191721133,0.01906318082788671,20.7273,4.6281,0.0,0.0,0.0,20.727300000000003,4.6281,25.355400000000003,25.353
348,1.0928,0.0072,1.1001,0.198,0.9933642396145804,0.006544859558221979,58.3637,4.8369,0.0,0.0,0.0,58.363699999999994,4.836900000000001,63.200599999999994,64.2009
349,1.8417,0.0096,1.8512,0.3332,0.9948681936041486,0.005185825410544511,101.6366,5.6155,0.0,0.0,0.0,101.63659999999997,5.6155,107.25209999999997,109.7512
350,0.685,0.0087,0.6936,0.1249,0.98760092272203,0.012543252595155709,38.3636,5.4793,0.0,0.0,0.0,38.363600000000005,5.4793,43.84290000000001,44.3464
351,7.5553,0.0081,7.5635,1.3614,0.9989158458385667,0.0010709327692205988,419.2729,4.8227,0.0,0.0,0.0,419.27290000000005,4.8227,424.09560000000005,431.0943
352,1.547,0.0078,1.5548,0.2799,0.9949832775919732,0.005016722408026756,88.0908,5.0215,0.0,0.0,0.0,88.09080000000003,5.0215000000000005,93.11230000000003,93.1155
353,0.6702,0.0076,0.6778,0.122,0.9887872528769549,0.011212747123045147,37.1817,5.0268,0.0,0.0,0.0,37.1817,5.0268,42.2085,42.2058
354,3.5417,0.0087,3.5503,0.6391,0.997577669492719,0.0024504971410866687,190.5453,5.5582,0.0,0.0,0.0,190.54529999999997,5.5582,196.10349999999997,197.6042
355,10.1046,0.0091,10.1138,1.8205,0.9990903517965553,0.0008997607229725722,597.9999,5.5662,0.0,0.0,0.0,597.9999,5.5662,603.5661,617.0613
356,44.2972,0.0097,44.3069,7.9752,0.999781072474039,0.0002189275259609677,2444.119,5.9809,0.0,0.0,0.0,2444.119,5.9809,2450.0999,2480.0963
357,0.6642,0.0092,0.6734,0.1212,0.9863379863379863,0.013662013662013662,35.818,5.4316,0.0,0.0,0.0,35.818,5.4316,41.2496,41.2458
358,3.4711,0.0075,3.4786,0.6261,0.9978439602138791,0.002156039786120853,196.3636,4.7691,0.0,0.0,0.0,196.36360000000002,4.7691,201.13270000000003,202.1363
359,0.439,0.008,0.447,0.0805,0.9821029082774049,0.017897091722595078,25.5456,5.1942,0.0,0.0,0.0,25.545600000000004,5.1941999999999995,30.739800000000002,31.7355
360,0.6383,0.0078,0.6461,0.1163,0.987927565392354,0.012072434607645875,35.2731,5.0732,0.0,0.0,0.0,35.2731,5.0732,40.3463,40.344
361,2.7192,0.0071,2.7263,0.4907,0.9973957378131533,0.002604262186846642,149.9092,4.4528,0.0,0.0,0.0,149.9092,4.452800000000001,154.362,154.8621
362,0.4267,0.0074,0.4342,0.0782,0.9827268539843391,0.01704283740211884,23.2729,4.6848,0.0,0.0,0.0,23.272900000000007,4.684799999999999,27.957700000000006,27.9591
363,0.479,0.0083,0.4874,0.0877,0.9827656955272877,0.017029134181370538,26.4546,4.9586,0.0,0.0,0.0,26.454600000000006,4.9586,31.413200000000007,31.4165
364,3.6548,0.0067,3.6615,0.6591,0.9981701488461012,0.0018298511538986754,201.9091,4.329,0.0,0.0,0.0,201.9091,4.329,206.2381,209.739
365,4.753,0.0088,4.7618,0.8571,0.9981519593431055,0.0018480406568944518,253.1819,5.34,0.0,0.0,0.0,253.1819,5.34,258.5219,261.0228
366,1.3546,0.0089,1.3636,0.2454,0.9933998239953066,0.006526840715752421,70.0001,5.1556,0.0,0.0,0.0,70.0001,5.155600000000001,75.15570000000001,75.1538
367,0.9316,0.0091,0.9407,0.1693,0.9903263527160625,0.009673647283937494,50.9091,5.8122,0.0,0.0,0.0,50.90910000000001,5.8122,56.72130000000001,57.222
368,2.7437,0.0076,2.7513,0.4952,0.9972376694653436,0.0027623305346563443,147.9091,4.8573,0.0,0.0,0.0,147.90909999999997,4.8573,152.76639999999998,153.7661
369,0.3383,0.0075,0.3458,0.0622,0.9783111625216888,0.02168883747831116,18.7272,4.8124,0.0,0.0,0.0,18.727200000000003,4.8124,23.539600000000004,23.5437
370,1.6335,0.0084,1.6419,0.2956,0.9948839758816006,0.0051160241183994155,91.2728,5.5392,0.0,0.0,0.0,91.27279999999999,5.539200000000001,96.81199999999998,96.8129
371,6.4982,0.0079,6.5061,1.1711,0.9987857549069334,0.0012142450930665068,365.182,5.1193,0.0,0.0,0.0,365.182,5.1193,370.3013,375.8039
372,70.8021,0.0083,70.8104,12.7459,0.9998827855795193,0.00011721442048060737,3985.8067,5.3786,0.0,0.0,0.0,3985.806700000001,5.3786000000000005,3991.185300000001,4030.6883
373,41.1978,0.0076,41.2054,7.417,0.9998155581549992,0.00018444184500089795,2383.2697,4.7821,0.0,0.0,0.0,2383.2697000000003,4.7821,2388.0518,2409.5517
374,18.6201,0.008,18.6281,3.3531,0.9995705412790354,0.0004294587209645643,1027.8182,5.2069,0.0,0.0,0.0,1027.8182,5.2069,1033.0250999999998,1037.5269
375,0.528,0.0076,0.5356,0.0964,0.9858103061986558,0.014189693801344288,30.273,4.8274,0.0,0.0,0.0,30.273000000000007,4.827400000000001,35.10040000000001,35.0988
376,0.5218,0.0073,0.5291,0.0952,0.9862029862029863,0.013797013797013797,29.2728,4.7997,0.0,0.0,0.0,29.272799999999997,4.7997000000000005,34.0725,34.0769
377,0.1746,0.0076,0.1822,0.0328,0.9582875960482986,0.04171240395170143,9.5455,4.6397,0.0,0.0,0.0,9.5455,4.6396999999999995,14.1852,14.1838
378,47.4529,0.008,47.4609,8.543,0.999831440196035,0.00016855980396494798,2705.1735,5.0481,0.0,0.0,0.0,2705.1735,5.0481,2710.2216,2730.7202
379,0.5533,0.0086,0.5618,0.1011,0.984870060519758,0.015307938768244928,29.7272,5.1143,0.0,0.0,0.0,29.727199999999996,5.114299999999999,34.841499999999996,34.8436
380,0.7224,0.0073,0.7297,0.1313,0.9899958887213924,0.010004111278607647,40.2729,4.3432,0.0,0.0,0.0,40.27289999999999,4.3431999999999995,44.61609999999999,45.1191
381,0.3859,0.0065,0.3924,0.0706,0.9834352701325179,0.01656472986748216,22.0908,4.4883,0.0,0.0,0.0,22.090800000000005,4.488300000000001,26.579100000000004,26.5741
382,0.8785,0.0065,0.885,0.1593,0.9926553672316384,0.007344632768361581,46.6363,4.2932,0.0,0.0,0.0,46.6363,4.2932,50.9295,50.929
383,2.2004,0.0086,2.209,0.3976,0.9961068356722499,0.0038931643277501132,117.909,5.1424,0.0,0.0,0.0,117.90900000000002,5.1424,123.05140000000002,130.5546
384,3.8181,0.0086,3.8267,0.6888,0.9977526328167872,0.0022473671832126895,218.091,4.9833,0.0,0.0,0.0,218.091,4.9833,223.0743,225.0751
385,10.5511,0.008,10.5591,1.9006,0.9992423596708052,0.000757640329194723,577.9089,5.0614,0.0,0.0,0.0,577.9088999999999,5.061400000000001,582.9703,589.4704
386,1.1491,0.0074,1.1565,0.2082,0.9936013834846519,0.006398616515348033,61.7272,4.6825,0.0,0.0,0.0,61.72720000000001,4.6825,66.40970000000002,66.9136
387,4.5559,0.0082,4.5641,0.8215,0.9982033697771742,0.0017966302228259682,250.6366,5.0258,0.0,0.0,0.0,250.63660000000002,5.0258,255.66240000000002,256.1671
388,2.9648,0.0093,2.9741,0.5353,0.996873003597727,0.003126996402272956,164.9999,5.5451,0.0,0.0,0.0,164.99990000000005,5.545100000000001,170.54500000000004,173.0446
389,0.3775,0.0075,0.3851,0.0693,0.9802648662685017,0.019475460919241756,19.9998,5.0789,0.0,0.0,0.0,19.999800000000004,5.0789,25.078700000000005,25.08
390,1.7259,0.0074,1.7333,0.312,0.9957306871285986,0.004269312871401373,92.4546,4.6427,0.0,0.0,0.0,92.45459999999999,4.6427,97.09729999999999,99.1023
391,15.2236,0.0083,15.2319,2.7417,0.9994550909604186,0.0005449090395814049,832.1814,5.2798,0.0,0.0,0.0,832.1814,5.279799999999999,837.4612000000001,846.4658
392,3.8498,0.0081,3.8578,0.6944,0.9979262792265021,0.0020996422831665714,221.2725,5.038,0.0,0.0,0.0,221.27249999999998,5.038,226.3105,228.8085
393,0.3968,0.0081,0.4049,0.0729,0.9799950605087676,0.0200049394912324,21.0908,5.0545,0.0,0.0,0.0,21.0908,5.054500000000001,26.145300000000002,26.1437
394,1.3038,0.008,1.3118,0.2361,0.9939015093764293,0.006098490623570666,71.6364,5.1367,0.0,0.0,0.0,71.63640000000001,5.136699999999999,76.77310000000001,77.7711
395,7.6172,0.0079,7.6251,1.3725,0.9989639480137966,0.0010360519862034597,410.182,4.8926,0.0,0.0,0.0,410.182,4.8926,415.07460000000003,417.5761
396,15.5629,0.0071,15.5701,2.8026,0.9995375752243082,0.00045600220936281723,911.5456,4.6191,0.0,0.0,0.0,911.5455999999997,4.6190999999999995,916.1646999999997,917.1669
397,7.1572,0.0067,7.1639,1.2895,0.9990647552310892,0.0009352447689107889,407.7273,4.2867,0.0,0.0,0.0,407.7273,4.2867,412.014,420.5181
398,1.5562,0.008,1.5643,0.2816,0.9948219650962091,0.005114108546953909,85.6365,4.893,0.0,0.0,0.0,85.6365,4.893,90.5295,90.5259
399,0.5095,0.0076,0.5171,0.0931,0.9853026493908333,0.014697350609166505,27.5456,4.8937,0.0,0.0,0.0,27.545600000000004,4.8937,32.4393,32.4424
400,0.1863,0.0077,0.194,0.0349,0.9603092783505154,0.039690721649484534,10.0,4.8587,0.0,0.0,0.0,9.999999999999996,4.8587,14.858699999999995,14.8613
401,0.2042,0.0088,0.213,0.0383,0.9586854460093897,0.041314553990610334,11.4542,5.2797,0.0,0.0,0.0,11.454199999999998,5.2797,16.7339,16.7362
402,0.4526,0.008,0.4606,0.0829,0.9826313504125054,0.017368649587494574,24.5454,5.0795,0.0,0.0,0.0,24.545399999999994,5.0795,29.624899999999993,29.6223
403,36.3958,0.0076,36.4034,6.5526,0.999791228291863,0.00020877170813715204,1998.0,4.7897,0.0,0.0,0.0,1998.0,4.7897,2002.7897,2026.2888
404,0.711,0.008,0.719,0.1294,0.9888734353268428,0.011126564673157164,38.7271,5.121,0.0,0.0,0.0,38.72709999999999,5.1209999999999996,43.848099999999995,43.8437
405,1.491,0.0092,1.5002,0.27,0.993867484335422,0.0061325156645780565,82.909,5.5167,0.0,0.0,0.0,82.909,5.5167,88.4257,89.4213
406,0.4751,0.0082,0.4833,0.087,0.9830333126422512,0.01696668735774881,27.3637,5.1439,0.0,0.0,0.0,27.3637,5.1439,32.507600000000004,32.5112
407,2.5662,0.0068,2.5729,0.4631,0.9973959345485637,0.0026429320999650195,139.818,4.2098,0.0,0.0,0.0,139.818,4.2097999999999995,144.0278,144.5326
408,0.68,0.0074,0.6874,0.1237,0.9892347977887693,0.010765202211230725,36.4544,4.7128,0.0,0.0,0.0,36.45440000000001,4.7128,41.16720000000001,41.1695
409,0.7519,0.0073,0.7592,0.1367,0.9903846153846154,0.009615384615384616,40.4547,4.5196,0.0,0.0,0.0,40.4547,4.5196,44.9743,45.4696
410,35.7676,0.0083,35.7759,6.4397,0.9997680002459757,0.00023199975402435718,1951.182,5.2893,0.0,0.0,0.0,1951.1820000000002,5.2893,1956.4713000000002,1962.474
411,0.7254,0.0093,0.7347,0.1322,0.9873417721518988,0.012658227848101264,39.3637,5.3496,0.0,0.0,0.0,39.363699999999994,5.349600000000001,44.7133,44.7086
412,0.3359,0.0086,0.3444,0.062,0.9753193960511033,0.02497096399535424,18.909,5.0565,0.0,0.0,0.0,18.909,5.0565,23.9655,23.9685
413,0.6259,0.0079,0.6338,0.1141,0.9875355001577785,0.012464499842221522,33.2726,5.0471,0.0,0.0,0.0,33.272600000000004,5.0470999999999995,38.319700000000005,38.3183
414,33.8256,0.0079,33.8335,6.09,0.9997665036132827,0.00023349638671730683,1904.8182,4.8021,0.0,0.0,0.0,1904.8181999999997,4.8021,1909.6202999999998,1949.1226
415,2.6256,0.0091,2.6347,0.4743,0.9965460963297529,0.003453903670247087,149.7271,5.8118,0.0,0.0,0.0,149.7271,5.8118,155.5389,156.0423
416,0.7403,0.0081,0.7484,0.1347,0.9891769107429182,0.010823089257081775,41.727,5.1932,0.0,0.0,0.0,41.72699999999999,5.193200000000001,46.920199999999994,46.9173
417,2.1862,0.008,2.1943,0.395,0.9963086177824362,0.0036458095975937656,122.5454,4.7809,0.0,0.0,0.0,122.5454,4.780899999999999,127.3263,129.3231
418,0.5007,0.0076,0.5083,0.0915,0.9850481998819596,0.014951800118040528,27.0,4.5913,0.0,0.0,0.0,27.0,4.5913,31.5913,31.591
419,1.0501,0.0082,1.0583,0.1905,0.9922517244637626,0.0077482755362373625,56.4545,4.7437,0.0,0.0,0.0,56.454499999999996,4.7437,61.19819999999999,61.2001
420,6.1405,0.0082,6.1487,1.1068,0.9986663847642592,0.0013336152357408884,366.091,5.2252,0.0,0.0,0.0,366.09099999999995,5.2252,371.3161999999999,380.8181
421,2.2915,0.0076,2.299,0.4138,0.9967377120487169,0.003305785123966942,124.5454,4.9566,0.0,0.0,0.0,124.54539999999999,4.9566,129.50199999999998,131.5029
422,0.4366,0.0077,0.4443,0.08,0.982669367544452,0.017330632455548056,24.1819,4.7922,0.0,0.0,0.0,24.181900000000002,4.7922,28.974100000000004,28.9693
423,5.0134,0.0077,5.021,0.9038,0.9984863572993428,0.001533559051981677,274.9092,5.2644,0.0,0.0,0.0,274.9092,5.264399999999999,280.1736,289.1705
424,0.1629,0.0079,0.1708,0.0308,0.9537470725995315,0.04625292740046839,8.9089,4.8862,0.0,0.0,0.0,8.9089,4.8862000000000005,13.7951,13.7929
425,0.5193,0.0081,0.5274,0.0949,0.984641638225256,0.015358361774744027,29.909,5.2154,0.0,0.0,0.0,29.909,5.2154,35.1244,35.1269
426,10.0141,0.0075,10.0217,1.8039,0.9992416456289851,0.0007483760240278596,582.6363,4.6345,0.0,0.0,0.0,582.6362999999999,4.6345,587.2707999999999,589.7685
427,4.4523,0.0087,4.461,0.803,0.9980497646267653,0.0019502353732347006,240.909,5.4608,0.0,0.0,0.0,240.909,5.460799999999999,246.3698,249.3714
428,0.6204,0.0077,0.6281,0.1131,0.9877408056042031,0.012259194395796848,33.9999,4.7515,0.0,0.0,0.0,33.999900000000004,4.7515,38.751400000000004,38.754
429,0.3276,0.0066,0.3343,0.0602,0.9799581214478015,0.019742746036494167,19.1816,4.1997,0.0,0.0,0.0,19.181599999999996,4.199699999999999,23.381299999999996,23.3804
430,1.9189,0.0069,1.9259,0.3467,0.9963653356872112,0.0035827405368918427,108.818,4.2921,0.0,0.0,0.0,108.818,4.2921,113.1101,113.1057
431,5.2864,0.0063,5.2927,0.9527,0.9988096812590928,0.0011903187409072875,292.5456,4.0415,0.0,0.0,0.0,292.5456,4.0415,296.58709999999996,300.5839
432,17.1419,0.0086,17.1505,3.0871,0.999498556893385,0.0005014431066149675,909.2727,5.421,0.0,0.0,0.0,909.2727,5.421,914.6937,916.1964
433,45.6477,0.007,45.6547,8.2178,0.9998466751506417,0.00015332484935833552,2526.5454,4.2325,0.0,0.0,0.0,2526.5454,4.2325,2530.7779,2555.7814
434,0.3958,0.0077,0.4035,0.0726,0.9809169764560098,0.019083023543990087,22.0,4.7872,0.0,0.0,0.0,22.0,4.7872,26.7872,26.7911
435,42.4504,0.0072,42.4576,7.6424,0.9998304190533616,0.00016958094663852878,2355.1821,4.6764,0.0,0.0,0.0,2355.1821,4.676399999999999,2359.8585,2380.3588
436,10.2206,0.008,10.2286,1.8412,0.9992178792796668,0.0007821207203331835,578.0907,4.9952,0.0,0.0,0.0,578.0907000000001,4.9952,583.0859,590.0819
437,1.9931,0.0083,2.0013,0.3602,0.9959026632688752,0.004147304252236046,111.0908,5.2216,0.0,0.0,0.0,111.09080000000003,5.2216,116.31240000000003,116.3163
438,1.6856,0.0081,1.6938,0.3049,0.9951588144999409,0.004782146652497343,95.6363,4.8952,0.0,0.0,0.0,95.6363,4.8952,100.53150000000001,100.534
439,3.1025,0.0084,3.1109,0.56,0.9972998167732811,0.0027001832267189558,169.2727,5.3288,0.0,0.0,0.0,169.2727,5.3288,174.6015,175.097
440,16.387,0.0081,16.3951,2.9511,0.9995059499484603,0.0004940500515397894,959.8179,5.2656,0.0,0.0,0.0,959.8179,5.265599999999999,965.0835,981.0847
441,0.9419,0.0071,0.949,0.1708,0.9925184404636459,0.007481559536354058,53.5455,4.5294,0.0,0.0,0.0,53.545500000000004,4.5294,58.07490000000001,58.0781
442,5.8319,0.0069,5.8388,1.051,0.9988182503254094,0.0011817496745906693,336.8181,4.4665,0.0,0.0,0.0,336.81809999999996,4.4665,341.28459999999995,343.7837
443,0.4167,0.0076,0.4243,0.0764,0.982088145180297,0.01791185481970304,23.2724,4.6791,0.0,0.0,0.0,23.2724,4.6791,27.951500000000003,27.9549
444,10.122,0.0084,10.1303,1.8235,0.999180675794399,0.0008291955815721152,564.9091,5.2547,0.0,0.0,0.0,564.9091000000001,5.2547,570.1638,574.1634
445,42.0216,0.0086,42.0302,7.5654,0.9997953852230063,0.0002046147769936855,2358.6333,5.4297,0.0,0.0,0.0,2358.6333000000004,5.4296999999999995,2364.0630000000006,2375.5646
446,1.9044,0.0071,1.9115,0.3441,0.9962856395500916,0.003714360449908449,109.0906,4.8276,0.0,0.0,0.0,109.09059999999997,4.8276,113.91819999999997,114.9223
447,17.8086,0.0082,17.8167,3.207,0.9995453703547794,0.0004602423568898842,935.9999,5.1079,0.0,0.0,0.0,935.9999,5.1079,941.1078,944.6038
448,0.7648,0.0067,0.7715,0.1389,0.9913156189241737,0.008684381075826314,44.4546,4.3992,0.0,0.0,0.0,44.4546,4.3992,48.8538,48.8565
449,21.8253,0.0073,21.8326,3.9299,0.9996656376244698,0.0003343623755301705,1176.1817,4.7233,0.0,0.0,0.0,1176.1817000000003,4.7233,1180.9050000000004,1191.9077
450,3.0486,0.0077,3.0563,0.5501,0.997480613814089,0.0025193861859110693,161.0909,5.0117,0.0,0.0,0.0,161.0909,5.011699999999999,166.1026,168.106
451,48.5191,0.0086,48.5277,8.735,0.9998227816278126,0.00017721837218743109,2762.3959,5.3948,0.0,0.0,0.0,2762.3959000000004,5.3948,2767.7907000000005,2784.7945
452,0.9722,0.0079,0.98,0.1764,0.9920408163265306,0.00806122448979592,53.3635,4.8122,0.0,0.0,0.0,53.36349999999999,4.812200000000001,58.17569999999999,58.1716
453,2.4629,0.0091,2.472,0.445,0.9963187702265371,0.0036812297734627832,139.6364,5.2524,0.0,0.0,0.0,139.6364,5.2524,144.8888,145.8851
454,1.0241,0.0081,1.0323,0.1858,0.992056572701734,0.007846556233653008,56.1818,5.0224,0.0,0.0,0.0,56.181799999999996,5.022399999999999,61.20419999999999,61.2005
455,2.656,0.0084,2.6643,0.4796,0.9968847352024923,0.003152798108321135,141.2728,4.9111,0.0,0.0,0.0,141.27280000000002,4.9111,146.18390000000002,149.6827
456,15.9253,0.0082,15.9335,2.868,0.9994853610317883,0.0005146389682116296,931.5455,4.914,0.0,0.0,0.0,931.5455,4.914000000000001,936.4594999999999,945.9637
457,0.3196,0.0092,0.3287,0.0592,0.9723151810161241,0.027989047763918466,17.5455,5.6648,0.0,0.0,0.0,17.545500000000004,5.6648000000000005,23.210300000000004,23.2076
458,4.4411,0.0093,4.4503,0.8011,0.9979327236366086,0.002089746758645484,244.7274,5.6553,0.0,0.0,0.0,244.7274,5.6552999999999995,250.3827,250.8824
459,0.5292,0.0079,0.5371,0.0967,0.9852913796313535,0.014708620368646435,29.7274,5.0058,0.0,0.0,0.0,29.727399999999996,5.0058,34.7332,34.7301
460,0.7377,0.0081,0.7459,0.1343,0.9890065692452071,0.01085936452607588,38.6364,5.0609,0.0,0.0,0.0,38.636399999999995,5.0609,43.6973,43.6948
461,30.6469,0.0086,30.6555,5.518,0.9997194630653553,0.0002805369346446804,1643.182,5.4147,0.0,0.0,0.0,1643.1820000000002,5.4147,1648.5967000000003,1651.5963
462,1.7736,0.0063,1.78,0.3204,0.9964044943820225,0.0035393258426966293,97.0,4.1157,0.0,0.0,0.0,97.0,4.1156999999999995,101.1157,101.6176
463,75.8121,0.0069,75.819,13.6474,0.9999089937878368,9.100621216317809e-05,4143.168,4.6387,0.0,0.0,0.0,4143.168,4.6387,4147.8067,4186.8068
464,3.8721,0.0076,3.8797,0.6983,0.9980410856509524,0.0019589143490476068,221.7272,4.5591,0.0,0.0,0.0,221.72720000000004,4.559100000000001,226.28630000000004,226.7891
465,49.9153,0.0073,49.9226,8.9861,0.9998537736415972,0.00014622635840280755,2787.7917,4.3535,0.0,0.0,0.0,2787.7916999999998,4.3534999999999995,2792.1452,2802.1455
466,3.9508,0.0082,3.959,0.7126,0.9979287698913867,0.002071230108613286,221.6364,5.2265,0.0,0.0,0.0,221.63640000000004,5.226500000000001,226.86290000000002,232.3662
467,0.6823,0.0077,0.69,0.1242,0.988840579710145,0.011159420289855074,37.2728,4.6593,0.0,0.0,0.0,37.2728,4.6593,41.9321,41.9358
468,0.4228,0.0071,0.4298,0.0774,0.9837133550488599,0.016519311307584925,22.2727,4.4816,0.0,0.0,0.0,22.272700000000007,4.4816,26.754300000000008,26.7553
469,0.7542,0.0086,0.7628,0.1373,0.9887257472469847,0.011274252753015206,43.0,5.2533,0.0,0.0,0.0,43.0,5.2533,48.2533,48.7553
470,0.6015,0.008,0.6095,0.1097,0.9868744872846595,0.013125512715340442,32.6365,5.2255,0.0,0.0,0.0,32.636500000000005,5.225500000000001,37.86200000000001,37.8589
471,4.6429,0.0085,4.6515,0.8373,0.9981511340427818,0.0018273675158551005,243.4542,5.2928,0.0,0.0,0.0,243.45419999999996,5.292800000000001,248.74699999999996,251.7435
472,0.4827,0.008,0.4907,0.0883,0.9836967597309966,0.016303240269003465,27.9089,4.9104,0.0,0.0,0.0,27.908900000000006,4.9104,32.819300000000005,32.8224
473,59.0164,0.0071,59.0235,10.6242,0.9998797089294942,0.00012029107050581549,3381.896,4.4781,0.0,0.0,0.0,3381.8959999999997,4.4780999999999995,3386.3740999999995,3439.8777
474,17.1946,0.0093,17.2039,3.0967,0.9994594248978429,0.000540575102157069,1015.7272,6.0089,0.0,0.0,0.0,1015.7272,6.0089,1021.7361000000001,1032.7375
475,0.3142,0.0064,0.3206,0.0577,0.9800374298190891,0.019962570180910792,17.1818,4.0969,0.0,0.0,0.0,17.181799999999996,4.0969,21.278699999999994,21.2831
476,0.892,0.0077,0.8997,0.1619,0.9914415916416582,0.008558408358341669,52.1818,4.4224,0.0,0.0,0.0,52.181799999999996,4.4224,56.60419999999999,56.6
477,2.4354,0.009,2.4444,0.44,0.9963181148748159,0.003681885125184094,141.0,5.2421,0.0,0.0,0.0,141.0,5.242100000000001,146.2421,149.7466
478,0.5671,0.0079,0.575,0.1035,0.9862608695652175,0.013739130434782611,31.8182,4.8687,0.0,0.0,0.0,31.818199999999997,4.8687000000000005,36.686899999999994,36.6848
479,0.436,0.0077,0.4437,0.0799,0.9826459319359928,0.017354068064007213,23.5454,4.8553,0.0,0.0,0.0,23.545399999999997,4.8553,28.400699999999997,28.4035
480,8.503,0.0081,8.5111,1.532,0.9990483016296365,0.0009516983703634076,461.3638,4.9272,0.0,0.0,0.0,461.3638,4.9272,466.29100000000005,472.7911
481,4.302,0.0066,4.3087,0.7756,0.9984450066145241,0.0015317845289762573,222.5453,4.5771,0.0,0.0,0.0,222.5453,4.5771,227.1224,228.1242
482,8.031,0.0079,8.0389,1.447,0.9990172784833746,0.000982721516625409,420.2725,5.064,0.0,0.0,0.0,420.2724999999999,5.064,425.33649999999994,427.3388
483,5.9344,0.0081,5.9425,1.0697,0.9986369373159445,0.0013630626840555322,312.909,5.2432,0.0,0.0,0.0,312.909,5.2432,318.1522,324.1526
484,2.4277,0.0078,2.4354,0.4384,0.9968383017163506,0.003202759300320276,138.7274,4.9014,0.0,0.0,0.0,138.72740000000002,4.9014,143.6288,143.633
485,3.4586,0.0084,3.467,0.6241,0.9975771560426883,0.0024228439573117967,197.909,5.2289,0.0,0.0,0.0,197.909,5.228899999999999,203.1379,204.1425
486,9.3412,0.0085,9.3496,1.6829,0.999101565842389,0.0009091298023444853,528.8183,5.1234,0.0,0.0,0.0,528.8183,5.123399999999999,533.9417,539.9412
487,2.8068,0.008,2.8147,0.5067,0.9971933065690837,0.002842221195864568,161.9092,5.0689,0.0,0.0,0.0,161.90920000000003,5.0689,166.97810000000004,169.4795
488,2.1863,0.0072,2.1935,0.3948,0.9967175746523822,0.0032824253476179625,125.2728,4.6707,0.0,0.0,0.0,125.27280000000002,4.6707,129.94350000000003,131.9437
489,63.7188,0.0078,63.7265,11.4708,0.9998791711454419,0.00012239806046150344,3462.392,4.8815,0.0,0.0,0.0,3462.392,4.8815,3467.2735,3498.7773
490,0.9712,0.0078,0.9789,0.1762,0.9921340279906017,0.00796812749003984,54.2729,5.0594,0.0,0.0,0.0,54.27289999999999,5.0594,59.33229999999999,59.8356
491,3.2766,0.0079,3.2844,0.5912,0.9976251370113263,0.0024053099500669834,191.0907,5.0099,0.0,0.0,0.0,191.09069999999997,5.0099,196.10059999999996,199.0969
492,2.1567,0.0077,2.1645,0.3896,0.9963963963963964,0.0035574035574035576,120.8182,4.561,0.0,0.0,0.0,120.81819999999999,4.561000000000001,125.3792,125.8753
493,0.3163,0.0087,0.325,0.0585,0.9732307692307692,0.026769230769230767,17.3637,5.4964,0.0,0.0,0.0,17.363699999999994,5.4963999999999995,22.860099999999996,22.8639
494,0.1838,0.008,0.1919,0.0345,0.9577905158936947,0.041688379364252216,10.1817,5.0413,0.0,0.0,0.0,10.1817,5.0413,15.222999999999999,15.2277
495,15.6152,0.0078,15.623,2.8121,0.9995007360942201,0.0004992639057799399,834.8182,4.5591,0.0,0.0,0.0,834.8182000000002,4.559099999999999,839.3773000000001,843.3803
496,0.2201,0.0072,0.2273,0.0409,0.9683238011438627,0.03167619885613726,11.4547,4.7074,0.0,0.0,0.0,11.454699999999997,4.707400000000001,16.1621,16.1659
497,10.7503,0.0084,10.7586,1.9366,0.9992285241574183,0.0007807707322514081,643.6364,5.3059,0.0,0.0,0.0,643.6364,5.3059,648.9422999999999,656.9468
498,3.4448,0.0084,3.4533,0.6216,0.9975385862797903,0.0024324559117365994,191.6364,5.3847,0.0,0.0,0.0,191.63640000000004,5.3847,197.02110000000005,198.5205
499,0.8321,0.0081,0.8402,0.1512,0.9903594382289931,0.009640561771006903,45.5457,5.1158,0.0,0.0,0.0,45.54569999999999,5.115799999999999,50.66149999999999,50.6642
500,67.2926,0.008,67.3006,12.1141,0.9998811303316759,0.00011886966832390795,3874.8633,5.1723,0.0,0.0,0.0,3874.8633,5.1723,3880.0356,3912.5334
501,0.3601,0.0086,0.3687,0.0664,0.9766748033631677,0.02332519663683211,20.3634,5.2486,0.0,0.0,0.0,20.36339999999999,5.2486,25.61199999999999,25.6135
502,3.0558,0.0084,3.0642,0.5516,0.9972586645780301,0.002741335421969845,168.9091,5.2833,0.0,0.0,0.0,168.9091,5.2833,174.1924,175.691
503,50.7542,0.0074,50.7616,9.1371,0.9998542205131438,0.00014577948685620627,2801.0545,4.8616,0.0,0.0,0.0,2801.0544999999997,4.861599999999999,2805.9161,2862.4179
504,1.5702,0.0081,1.5783,0.2841,0.9948678958372933,0.005132104162706709,88.2728,4.8528,0.0,0.0,0.0,88.2728,4.852799999999999,93.1256,93.1274
505,41.6776,0.0082,41.6858,7.5034,0.9998032903290809,0.00019670967091911396,2201.5454,5.0059,0.0,0.0,0.0,2201.5454,5.0059,2206.5513,2227.5502
506,0.4989,0.0081,0.507,0.0913,0.9840236686390532,0.015976331360946745,28.7272,5.4034,0.0,0.0,0.0,28.727200000000003,5.4033999999999995,34.1306,34.1285
507,0.3809,0.0066,0.3875,0.0698,0.9829677419354839,0.01703225806451613,21.1818,4.2903,0.0,0.0,0.0,21.181799999999996,4.2903,25.472099999999998,25.4726
508,35.7831,0.0068,35.7899,6.4422,0.9998100022632082,0.00018999773679166467,2003.5455,4.2283,0.0,0.0,0.0,2003.5454999999997,4.2283,2007.7737999999997,2020.7742
509,0.1513,0.0087,0.16,0.0288,0.9456249999999999,0.05437499999999999,8.2728,5.4573,0.0,0.0,0.0,8.2728,5.4573,13.7301,13.728
510,65.7859,0.0079,65.7939,11.8429,0.9998784081806976,0.00012007192156111738,3545.3633,5.3202,0.0,0.0,0.0,3545.3632999999995,5.320199999999999,3550.6834999999996,3566.6843
511,1.059,0.0068,1.0658,0.1918,0.9936198161005816,0.006380183899418276,60.0908,4.3164,0.0,0.0,0.0,60.0908,4.3164,64.4072,64.4074
512,29.9397,0.008,29.9477,5.3906,0.9997328676325727,0.0002671323674272148,1759.3637,5.1429,0.0,0.0,0.0,1759.3636999999999,5.1429,1764.5066,1780.0047
513,43.9633,0.0076,43.9709,7.9148,0.9998271584161342,0.00017284158386569298,2360.4206,4.6654,0.0,0.0,0.0,2360.4206,4.6654,2365.086,2394.0843
514,8.4091,0.0081,8.4171,1.5151,0.9990495538843546,0.0009623266920911003,459.2728,4.7529,0.0,0.0,0.0,459.27279999999996,4.7529,464.0257,474.0285
515,2.1097,0.0066,2.1163,0.3809,0.9968813495251148,0.0031186504748854133,111.4543,4.1982,0.0,0.0,0.0,111.45429999999999,4.198200000000001,115.65249999999999,115.6566
516,11.5335,0.0071,11.5406,2.0773,0.9993847806873126,0.000615219312687382,631.5452,4.9434,0.0,0.0,0.0,631.5451999999999,4.9434000000000005,636.4885999999999,645.4839
517,5.7544,0.0078,5.7622,1.0372,0.9986463503522961,0.001353649647704002,333.4545,5.0079,0.0,0.0,0.0,333.4545,5.0079,338.4624,341.4671
518,0.7245,0.0071,0.7316,0.1317,0.990295243302351,0.009704756697648989,41.6362,4.5817,0.0,0.0,0.0,41.636199999999995,4.5817,46.21789999999999,46.217
519,0.3787,0.0067,0.3854,0.0694,0.9826154644525168,0.017384535547483135,21.1818,4.2959,0.0,0.0,0.0,21.181800000000003,4.2959000000000005,25.477700000000002,25.4739
520,64.8648,0.0093,64.8741,11.6773,0.9998566454101098,0.00014335458989026437,3681.1791,5.9611,0.0,0.0,0.0,3681.1790999999994,5.961099999999999,3687.1401999999994,3699.6402
521,1.6658,0.0075,1.6733,0.3012,0.9955178390007768,0.004482160999223092,89.0909,4.7185,0.0,0.0,0.0,89.09089999999999,4.718500000000001,93.8094,95.3101
522,7.2609,0.0074,7.2683,1.3083,0.9989818802195837,0.0010181197804163284,417.6364,4.8014,0.0,0.0,0.0,417.6364,4.801399999999999,422.4378,425.4396
523,1.8615,0.007,1.8685,0.3363,0.9962536794219962,0.0037463205780037465,104.6364,4.2982,0.0,0.0,0.0,104.63640000000001,4.2982000000000005,108.9346,108.9312
524,13.4879,0.0083,13.4961,2.4293,0.9993924170686346,0.0006149924793088374,718.2729,5.2162,0.0,0.0,0.0,718.2728999999999,5.216200000000001,723.4890999999999,733.9853
525,9.4988,0.0083,9.5071,1.7113,0.9991269682658224,0.0008730317341776147,523.6364,4.8716,0.0,0.0,0.0,523.6364,4.8716,528.5079999999999,531.0075
526,0.6191,0.0088,0.6279,0.113,0.9859850294632903,0.014014970536709668,34.4545,5.2363,0.0,0.0,0.0,34.454499999999996,5.2363,39.690799999999996,39.6898
527,13.9288,0.0066,13.9354,2.5084,0.9995263860384346,0.00047361396156550946,747.818,4.1932,0.0,0.0,0.0,747.8180000000001,4.193199999999999,752.0112000000001,757.0071
528,2.5924,0.0071,2.5995,0.4679,0.9972687055202925,0.0027312944797076365,144.5455,4.6108,0.0,0.0,0.0,144.5455,4.610799999999999,149.15630000000002,150.1562
529,0.5369,0.0086,0.5454,0.0982,0.9844151081774845,0.015768243491015767,28.6363,5.3232,0.0,0.0,0.0,28.6363,5.323200000000001,33.9595,33.9631
530,19.82,0.0072,19.8272,3.5689,0.9996368624919302,0.0003631375080697224,1116.1818,4.4738,0.0,0.0,0.0,1116.1818000000003,4.4738,1120.6556000000003,1128.6567
531,18.416,0.0075,18.4236,3.3162,0.9995874856162748,0.0004070865628867322,963.2728,4.8039,0.0,0.0,0.0,963.2728,4.8039,968.0767,978.5747
532,5.0998,0.0077,5.1075,0.9193,0.9984924131179638,0.0015075868820362214,301.9999,4.8676,0.0,0.0,0.0,301.9999,4.8675999999999995,306.8675,309.8633
533,0.6015,0.0077,0.6092,0.1097,0.9873604727511491,0.012639527248850953,33.5459,4.9909,0.0,0.0,0.0,33.545899999999996,4.9909,38.5368,38.5363
534,28.0409,0.0079,28.0488,5.0488,0.9997183480220188,0.00028165197798123273,1446.1817,4.7973,0.0,0.0,0.0,1446.1817,4.797300000000001,1450.979,1464.976
535,28.5664,0.0086,28.575,5.1435,0.9996990376202975,0.0003009623797025372,1519.9092,5.0913,0.0,0.0,0.0,1519.9092000000003,5.0913,1525.0005000000003,1541.9969
536,0.4708,0.0079,0.4787,0.0862,0.9834969709630248,0.01650302903697514,25.2727,5.025,0.0,0.0,0.0,25.272700000000007,5.025,30.297700000000006,30.2943
537,4.7066,0.0086,4.7152,0.8487,0.9981761112996267,0.0018238887003732608,270.3636,5.2233,0.0,0.0,0.0,270.3636,5.2233,275.5869,282.5916
538,5.5365,0.0074,5.5439,0.9979,0.9986651995887372,0.0013348004112628295,311.6364,4.8305,0.0,0.0,0.0,311.6364,4.8305,316.46689999999995,326.9621
539,67.7313,0.0084,67.7398,12.1932,0.9998745198539116,0.0001240039090756099,3734.4693,4.9287,0.0,0.0,0.0,3734.4692999999997,4.9287,3739.3979999999997,3752.8964
540,14.5539,0.0083,14.5622,2.6212,0.9994300311766079,0.0005699688233920698,812.9092,4.976,0.0,0.0,0.0,812.9092,4.976000000000001,817.8852,820.8887
541,1.4147,0.0077,1.4224,0.256,0.9945866141732284,0.0054133858267716535,79.3637,4.9279,0.0,0.0,0.0,79.3637,4.927899999999999,84.29159999999999,84.7945
542,25.8594,0.008,25.8674,4.6561,0.9996907304174366,0.00030926958256338093,1477.8184,4.8349,0.0,0.0,0.0,1477.8183999999999,4.834899999999999,1482.6533,1489.1527
543,2.3528,0.0086,2.3614,0.425,0.9963580926568983,0.0036419073431015496,130.0,5.2348,0.0,0.0,0.0,130.0,5.234799999999999,135.2348,138.7366
544,3.5402,0.0083,3.5485,0.6387,0.9976609835141609,0.002339016485839087,210.1818,5.4278,0.0,0.0,0.0,210.1818,5.4277999999999995,215.6096,217.6109
545,1.1612,0.007,1.1683,0.2103,0.9939227938029617,0.005991611743559018,62.5453,4.6522,0.0,0.0,0.0,62.5453,4.6522,67.19749999999999,68.2016
546,2.4778,0.0083,2.4861,0.4475,0.9966614375930171,0.0033385624069828244,133.6365,5.361,0.0,0.0,0.0,133.6365,5.361,138.9975,140.4981
547,6.163,0.0079,6.1708,1.1107,0.9987359823685746,0.001280222985674467,340.3634,4.9896,0.0,0.0,0.0,340.3634,4.9896,345.353,352.3535
548,0.9225,0.0084,0.9309,0.1676,0.9909764743796327,0.009023525620367387,53.909,5.1566,0.0,0.0,0.0,53.909000000000006,5.156599999999999,59.0656,59.5656
549,24.2907,0.0094,24.3002,4.374,0.9996090567155826,0.0003868280919498605,1345.0001,5.7173,0.0,0.0,0.0,1345.0001,5.7173,1350.7174,1378.7141
550,0.4563,0.0067,0.463,0.0833,0.9855291576673866,0.014470842332613391,25.0,4.3895,0.0,0.0,0.0,25.000000000000007,4.3895,29.389500000000005,29.3865
551,0.431,0.0074,0.4384,0.0789,0.9831204379562043,0.01687956204379562,24.1819,4.5738,0.0,0.0,0.0,24.181900000000002,4.5738,28.755700000000004,28.7555
552,0.3026,0.0082,0.3108,0.0559,0.9736164736164735,0.026383526383526385,16.5454,5.1957,0.0,0.0,0.0,16.5454,5.1956999999999995,21.7411,21.7435
553,1.7846,0.0085,1.7931,0.3228,0.9952596062684737,0.004740393731526407,98.8182,5.5188,0.0,0.0,0.0,98.8182,5.518800000000001,104.337,104.3351
554,2.5485,0.007,2.5555,0.46,0.9972608100176092,0.0027391899823909216,138.8184,4.4606,0.0,0.0,0.0,138.81839999999994,4.4606,143.27899999999994,145.2756
555,9.9724,0.0081,9.9805,1.7965,0.9991884174139574,0.0008115825860427835,518.9093,4.9489,0.0,0.0,0.0,518.9092999999999,4.948899999999999,523.8581999999999,540.3533
556,0.4808,0.0074,0.4882,0.0879,0.9848422777550184,0.015157722244981565,25.9999,4.7611,0.0,0.0,0.0,25.999900000000007,4.7611,30.761000000000006,31.2611
557,13.9356,0.0087,13.9444,2.51,0.9993689222913859,0.000623906371016322,758.2728,5.8159,0.0,0.0,0.0,758.2728,5.8159,764.0887,766.5932
558,9.5074,0.0081,9.5155,1.7128,0.9991487572907363,0.0008512427092638327,540.7274,5.2347,0.0,0.0,0.0,540.7274,5.2347,545.9621,552.4632
559,12.1831,0.0083,12.1914,2.1944,0.9993191922174648,0.0006808077825352297,651.9093,5.3995,0.0,0.0,0.0,651.9093,5.399500000000001,657.3088,663.3127
560,0.5115,0.0061,0.5176,0.0932,0.9882148377125193,0.011785162287480682,27.2728,4.0521,0.0,0.0,0.0,27.272799999999997,4.0521,31.324899999999996,31.3234
561,0.8502,0.0066,0.8569,0.1542,0.9921811179834286,0.007702182284980745,47.1817,4.3258,0.0,0.0,0.0,47.1817,4.325800000000001,51.5075,51.5063
562,71.6135,0.0072,71.6207,12.8917,0.999899470404506,0.00010052959549404013,4017.9238,4.6182,0.0,0.0,0.0,4017.9238,4.618200000000001,4022.542,4049.5465
563,0.3537,0.0093,0.363,0.0653,0.9743801652892563,0.0256198347107438,19.8179,5.6811,0.0,0.0,0.0,19.817899999999998,5.6811,25.499,25.4944
564,4.3561,0.0092,4.3653,0.7858,0.9978924701624171,0.002107529837582755,239.1816,5.6401,0.0,0.0,0.0,239.18159999999995,5.6401,244.82169999999994,247.3242
565,0.87,0.008,0.878,0.158,0.9908883826879271,0.009111617312072893,48.182,4.9571,0.0,0.0,0.0,48.182,4.9571000000000005,53.1391,53.1342
566,11.5453,0.0077,11.553,2.0795,0.9993335064485414,0.0006664935514584956,610.8182,4.7001,0.0,0.0,0.0,610.8182,4.700100000000002,615.5183000000001,619.0232
567,0.3232,0.007,0.3303,0.0594,0.9785043899485316,0.021192854980320922,17.3636,4.5826,0.0,0.0,0.0,17.3636,4.5826,21.9462,21.9493
568,1.7451,0.0083,1.7534,0.3156,0.9952663396829018,0.0047336603170982094,95.0002,5.1217,0.0,0.0,0.0,95.00019999999998,5.121700000000001,100.12189999999998,100.1174
569,9.6365,0.0088,9.6453,1.7362,0.9990876385389774,0.0009123614610224669,535.6364,5.2887,0.0,0.0,0.0,535.6364,5.288700000000001,540.9250999999999,554.9269
570,0.3437,0.0072,0.3509,0.0632,0.9794813337133087,0.020518666286691366,18.7274,4.8935,0.0,0.0,0.0,18.727400000000003,4.8935,23.620900000000002,24.1254
571,48.7275,0.008,48.7355,8.7724,0.9998358486113818,0.0001641513886181531,2611.8047,5.2236,0.0,0.0,0.0,2611.8046999999997,5.2236,2617.0282999999995,2647.5274
572,0.3456,0.0076,0.3533,0.0636,0.9782054910840646,0.02151146334559864,18.5457,5.02,0.0,0.0,0.0,18.545700000000004,5.02,23.565700000000003,23.5648
573,4.3698,0.0082,4.378,0.788,0.998126998629511,0.0018730013704888078,229.8183,5.0596,0.0,0.0,0.0,229.8183,5.0596,234.87789999999998,239.3755
574,0.4811,0.0071,0.4882,0.0879,0.9854567800081934,0.014543219991806636,26.1821,4.7293,0.0,0.0,0.0,26.182100000000002,4.7293,30.9114,30.9068
575,1.2565,0.0088,1.2653,0.2278,0.9930451276377142,0.006954872362285624,65.6363,5.3887,0.0,0.0,0.0,65.6363,5.388699999999999,71.025,71.5269
576,8.8012,0.0068,8.8079,1.5854,0.9992393192474937,0.0007720341965735306,500.4547,4.2208,0.0,0.0,0.0,500.4546999999999,4.2208,504.6754999999999,509.1736
577,4.2558,0.0072,4.263,0.7673,0.998311048557354,0.001688951442646024,238.0909,4.4796,0.0,0.0,0.0,238.0909,4.4796,242.5705,243.5671
578,0.3045,0.0076,0.3121,0.0562,0.975648830503044,0.024351169496956104,16.0912,4.6348,0.0,0.0,0.0,16.0912,4.6348,20.726,20.721
579,0.718,0.008,0.726,0.1307,0.9889807162534435,0.011019283746556474,38.2731,5.0224,0.0,0.0,0.0,38.27309999999999,5.022399999999999,43.29549999999999,43.2951
580,9.6182,0.0075,9.6256,1.7326,0.9992312167553191,0.0007791722074468085,566.4543,4.8069,0.0,0.0,0.0,566.4543,4.8069,571.2612,571.7638
581,66.1524,0.0065,66.1589,11.9086,0.9999017516917602,9.824830823970772e-05,3883.2041,3.964,0.0,0.0,0.0,3883.2041000000004,3.964,3887.1681000000003,3915.1637
582,1.8297,0.0076,1.8372,0.3307,0.9959177008491183,0.004136729806226867,103.0909,4.7774,0.0,0.0,0.0,103.09090000000002,4.7774,107.86830000000002,107.8725
583,0.6109,0.0091,0.62,0.1116,0.9853225806451613,0.014677419354838711,33.0002,5.3928,0.0,0.0,0.0,33.0002,5.392800000000001,38.393,38.3905
584,5.4388,0.0083,5.4471,0.9805,0.9984762534192506,0.0015237465807493896,322.2728,5.1155,0.0,0.0,0.0,322.27279999999996,5.115499999999999,327.38829999999996,332.3846
585,75.8851,0.0074,75.8925,13.6607,0.9999024936587937,9.750634120631156e-05,4304.1494,4.5911,0.0,0.0,0.0,4304.1494,4.5911,4308.7405,4358.7408
586,51.2944,0.0086,51.3031,9.2346,0.9998304196042734,0.00016763119577569387,2732.4808,5.3425,0.0,0.0,0.0,2732.4808000000003,5.3425,2737.8233000000005,2755.828
587,0.2219,0.0083,0.2302,0.0414,0.9639443961772372,0.036055603822762815,12.1817,5.1807,0.0,0.0,0.0,12.1817,5.1807,17.3624,17.3612
588,1.253,0.0079,1.2609,0.227,0.9937346339915933,0.006265366008406695,72.2728,5.3479,0.0,0.0,0.0,72.2728,5.3479,77.6207,78.12
589,0.1609,0.0082,0.1691,0.0304,0.9515079834417504,0.048492016558249564,8.909,5.279,0.0,0.0,0.0,8.908999999999999,5.278999999999999,14.187999999999999,14.1865
590,59.8722,0.0083,59.8806,10.7785,0.9998597208444805,0.00013860916557282326,3410.4505,5.0623,0.0,0.0,0.0,3410.4505,5.0623,3415.5128,3454.0151
591,45.6417,0.0087,45.6505,8.2171,0.9998072310270424,0.00019057841644669826,2599.075,5.7168,0.0,0.0,0.0,2599.0750000000003,5.7168,2604.7918000000004,2641.2955
592,0.8186,0.0086,0.8272,0.1489,0.9896034816247582,0.010396518375241779,47.6364,5.4752,0.0,0.0,0.0,47.636399999999995,5.4752,53.111599999999996,53.1087
593,61.9226,0.0073,61.9299,11.1474,0.9998821247894797,0.0001178752105202818,3282.314,4.5909,0.0,0.0,0.0,3282.314,4.5908999999999995,3286.9049,3298.4008
594,2.4091,0.0089,2.4179,0.4352,0.9963604781008313,0.0036808801025683445,129.0908,5.6649,0.0,0.0,0.0,129.09080000000003,5.664899999999999,134.75570000000002,134.7571
595,57.1819,0.0068,57.1887,10.294,0.9998810953912224,0.00011890460877760816,3217.0859,4.3642,0.0,0.0,0.0,3217.0858999999996,4.364199999999999,3221.4500999999996,3254.4529
596,4.144,0.0087,4.1527,0.7475,0.9979049774845281,0.0020950225154718616,230.6365,5.2151,0.0,0.0,0.0,230.63649999999998,5.2151000000000005,235.8516,237.3519
597,4.6408,0.0074,4.6482,0.8367,0.99840798588701,0.0015920141129899747,270.6364,4.4148,0.0,0.0,0.0,270.6364,4.4148,275.0512,276.5552
598,0.4573,0.0086,0.4659,0.0839,0.9815411032410388,0.01845889675896115,25.5455,5.4875,0.0,0.0,0.0,25.5455,5.487500000000002,31.033,31.0304
599,5.6817,0.0091,5.6908,1.0243,0.9984009278133127,0.0015990721866872848,316.9092,5.4138,0.0,0.0,0.0,316.9092,5.413799999999999,322.323,326.322
600,0.8544,0.0082,0.8626,0.1553,0.9904938557848365,0.00950614421516346,50.0911,5.1956,0.0,0.0,0.0,50.0911,5.195600000000001,55.286699999999996,55.2862
601,68.86,0.0071,68.8671,12.3961,0.9998969028752482,0.00010309712475187718,3798.5871,4.3663,0.0,0.0,0.0,3798.5870999999997,4.366300000000001,3802.9534,3834.9572
602,0.5763,0.0078,0.5841,0.1051,0.9866461222393427,0.013353877760657423,32.5456,4.8017,0.0,0.0,0.0,32.5456,4.8017,37.347300000000004,37.3495
603,13.2586,0.0089,13.2675,2.3881,0.9993291878650838,0.0006708121349161485,750.091,5.2123,0.0,0.0,0.0,750.0909999999999,5.212300000000001,755.3032999999999,762.8061
604,12.9152,0.0081,12.9233,2.3262,0.9993732251050429,0.0006267748949571704,685.8181,5.0643,0.0,0.0,0.0,685.8181,5.0643,690.8824,697.8828
605,4.1803,0.0084,4.1887,0.754,0.9979946045312388,0.0020053954687611905,242.9092,5.0108,0.0,0.0,0.0,242.90920000000006,5.010800000000001,247.92000000000004,249.4221
606,52.068,0.0074,52.0754,9.3736,0.9998578983550773,0.0001421016449225546,2870.6406,4.5596,0.0,0.0,0.0,2870.6406,4.5596000000000005,2875.2002,2924.2023
607,14.8287,0.0078,14.8365,2.6706,0.9994742695379638,0.0005257304620361945,850.4546,4.9202,0.0,0.0,0.0,850.4546,4.9201999999999995,855.3748,862.3782
608,20.3512,0.0074,20.3585,3.6645,0.999641427413611,0.0003634845396271828,1196.0911,4.7421,0.0,0.0,0.0,1196.0910999999999,4.7421,1200.8331999999998,1213.8366
609,5.983,0.0084,5.9914,1.0784,0.9985979904529826,0.0014020095470173915,347.8181,5.0579,0.0,0.0,0.0,347.8181,5.0579,352.87600000000003,353.3804
610,0.8138,0.0073,0.8211,0.1478,0.99110948727317,0.008890512726829862,43.7274,4.6399,0.0,0.0,0.0,43.727399999999996,4.639900000000001,48.3673,48.3691
611,1.1136,0.0082,1.1218,0.2019,0.9926903191299697,0.00730968087003031,64.0911,4.966,0.0,0.0,0.0,64.0911,4.965999999999999,69.05709999999999,69.5527
612,4.9641,0.0077,4.9717,0.8949,0.9984713478287105,0.0015487660156485708,291.0908,4.9206,0.0,0.0,0.0,291.0908,4.920599999999999,296.0114,301.007
613,7.3223,0.0077,7.33,1.3194,0.998949522510232,0.0010504774897680763,422.4545,4.5561,0.0,0.0,0.0,422.45449999999994,4.5561,427.01059999999995,438.0088
614,0.7028,0.0079,0.7107,0.1279,0.9888841986773603,0.011115801322639653,39.6363,5.1004,0.0,0.0,0.0,39.636300000000006,5.1004000000000005,44.736700000000006,45.2358
615,0.4358,0.0071,0.443,0.0797,0.9837471783295711,0.016027088036117382,24.3636,4.5523,0.0,0.0,0.0,24.363600000000005,4.5523,28.915900000000004,28.9138
616,1.065,0.0081,1.0732,0.1932,0.9923592992918375,0.0075475214312336935,58.8182,4.9798,0.0,0.0,0.0,58.8182,4.9798,63.797999999999995,63.8008
617,27.0418,0.0078,27.0496,4.8689,0.9997116408375724,0.00028835916242754046,1523.3635,4.8776,0.0,0.0,0.0,1523.3634999999997,4.8776,1528.2410999999997,1535.7381
618,8.0009,0.0093,8.0101,1.4418,0.9988514500443191,0.0011610341943296587,448.0908,5.556,0.0,0.0,0.0,448.09079999999994,5.556,453.6467999999999,457.6471
619,15.9937,0.0076,16.0013,2.8802,0.9995250385906145,0.0004749614093854874,871.7272,4.8926,0.0,0.0,0.0,871.7272000000002,4.8926,876.6198000000002,886.1202
620,0.497,0.0061,0.5031,0.0905,0.9878751739216856,0.012124826078314452,28.2728,3.9489,0.0,0.0,0.0,28.272800000000004,3.9489,32.221700000000006,32.22
621,75.3829,0.0083,75.3912,13.5704,0.9998899075754201,0.0001100924245800571,4271.4138,4.8043,0.0,0.0,0.0,4271.4138,4.8043000000000005,4276.2181,4310.7155
622,0.4991,0.0078,0.5068,0.0912,0.984806629834254,0.015390686661404892,27.9997,4.804,0.0,0.0,0.0,27.999700000000004,4.804,32.803700000000006,32.8042
623,64.4995,0.0085,64.508,11.6114,0.9998682333974082,0.0001317666025919266,3653.6549,5.3414,0.0,0.0,0.0,3653.6548999999995,5.3414,3658.9962999999993,3717.5001
624,1.4279,0.0086,1.4365,0.2586,0.994013226592412,0.005986773407587887,77.3637,5.3585,0.0,0.0,0.0,77.36370000000001,5.3585,82.72220000000002,84.7211
625,21.5792,0.0087,21.5879,3.8858,0.9995969964656126,0.00040300353438731877,1217.7274,5.0227,0.0,0.0,0.0,1217.7274,5.0227,1222.7501,1232.7518
626,3.2688,0.0084,3.2772,0.5899,0.997436836323691,0.002563163676309044,182.6366,5.3064,0.0,0.0,0.0,182.63660000000004,5.3064,187.94300000000004,188.9469
627,66.1583,0.0077,66.1659,11.9099,0.999885137208139,0.00011637414438555209,3627.9993,4.8713,0.0,0.0,0.0,3627.9993,4.8713,3632.8705999999997,3647.8692
628,6.5439,0.0079,6.5519,1.1793,0.9987789801431646,0.0012057571086249792,372.818,5.0577,0.0,0.0,0.0,372.81800000000004,5.0577000000000005,377.87570000000005,383.3715
629,0.6912,0.0068,0.698,0.1256,0.9902578796561605,0.009742120343839542,39.1817,4.8497,0.0,0.0,0.0,39.18170000000001,4.8496999999999995,44.03140000000001,44.035
630,3.1957,0.0069,3.2027,0.5765,0.9978143441471258,0.0021544321978330784,179.2728,4.2516,0.0,0.0,0.0,179.27280000000002,4.2516,183.5244,184.0216
631,2.7451,0.0088,2.7539,0.4957,0.9968045317549658,0.0031954682450343152,159.5454,5.1265,0.0,0.0,0.0,159.5454,5.126500000000001,164.6719,165.6702
632,1.9371,0.0078,1.9449,0.3501,0.9959895110288447,0.004010488971155329,111.3636,5.0571,0.0,0.0,0.0,111.3636,5.0571,116.42070000000001,116.9176
633,64.9455,0.0086,64.9541,11.6917,0.9998675988120842,0.00013240118791577437,3653.6533,5.168,0.0,0.0,0.0,3653.6533,5.168,3658.8213,3674.8208
634,1.3407,0.0067,1.3474,0.2425,0.9950274602938994,0.004972539706100639,74.0,4.3365,0.0,0.0,0.0,74.0,4.3365,78.3365,78.3368
635,1.0186,0.0077,1.0263,0.1847,0.992497320471597,0.007502679528403001,56.4548,4.4673,0.0,0.0,0.0,56.454800000000006,4.4673,60.92210000000001,60.9256
636,71.3456,0.0082,71.3537,12.8437,0.999886481009394,0.00011492045962577974,3978.5683,5.2332,0.0,0.0,0.0,3978.5683000000004,5.233200000000001,3983.8015000000005,4028.8063
637,22.9884,0.0071,22.9955,4.1392,0.9996912439390315,0.0003087560609684504,1227.5454,4.4337,0.0,0.0,0.0,1227.5453999999997,4.4337,1231.9790999999998,1236.4815
638,0.7058,0.009,0.7148,0.1287,0.9874090654728596,0.012590934527140458,38.5453,5.2929,0.0,0.0,0.0,38.5453,5.2929,43.8382,43.8402
639,1.1045,0.0084,1.1129,0.2003,0.9924521520352233,0.007547847964776709,60.6364,5.2319,0.0,0.0,0.0,60.636399999999995,5.2318999999999996,65.86829999999999,67.3658
640,0.8862,0.0084,0.8946,0.161,0.9906103286384977,0.009389671361502348,46.4548,5.2376,0.0,0.0,0.0,46.454800000000006,5.2376000000000005,51.692400000000006,51.6908
641,0.519,0.0079,0.5268,0.0948,0.9851936218678815,0.014996203492786636,29.9999,5.1431,0.0,0.0,0.0,29.999899999999997,5.1431000000000004,35.143,35.1468
642,7.1058,0.0081,7.1139,1.2805,0.9988613840509426,0.001138615949057479,418.909,4.6551,0.0,0.0,0.0,418.9090000000001,4.655100000000001,423.5641000000001,425.0655
643,19.1145,0.0089,19.1234,3.4422,0.9995346015875838,0.0004653984124162021,1040.8184,5.21,0.0,0.0,0.0,1040.8183999999999,5.21,1046.0284,1048.0282
644,0.9157,0.0076,0.9233,0.1662,0.9917686559081554,0.008231344091844471,52.3639,4.5662,0.0,0.0,0.0,52.36390000000001,4.5662,56.93010000000001,58.4252
645,56.5267,0.0076,56.5343,10.1762,0.9998655683363904,0.00013443166360952553,2991.6008,4.5717,0.0,0.0,0.0,2991.6008,4.5717,2996.1725,3014.1702
646,0.1164,0.0075,0.1238,0.0223,0.9402261712439419,0.06058158319870759,6.3636,4.583,0.0,0.0,0.0,6.363600000000002,4.583,10.946600000000002,10.947
647,1.6956,0.0087,1.7043,0.3068,0.9948952649181483,0.005104735081851787,95.0909,5.3816,0.0,0.0,0.0,95.0909,5.381600000000001,100.47250000000001,100.4745
648,1.9731,0.0079,1.981,0.3566,0.9960121150933872,0.003987884906612822,112.0,4.7558,0.0,0.0,0.0,111.99999999999997,4.7558,116.75579999999997,120.2534
649,1.9515,0.0078,1.9593,0.3527,0.9960189863726842,0.0039810136273158775,106.5453,4.8553,0.0,0.0,0.0,106.54530000000001,4.855300000000001,111.40060000000001,114.4044
650,4.7823,0.0082,4.7905,0.8623,0.9982882788852939,0.0017117211147061895,260.6366,5.3087,0.0,0.0,0.0,260.6366,5.3087,265.9453,269.9494
651,0.3912,0.0088,0.4,0.072,0.978,0.022,21.7272,5.4039,0.0,0.0,0.0,21.727200000000003,5.4039,27.131100000000004,27.1359
652,2.828,0.0069,2.8349,0.5103,0.9975660517125823,0.0024339482874175455,157.9094,4.546,0.0,0.0,0.0,157.90940000000003,4.546,162.45540000000003,165.4592
653,12.5292,0.0065,12.5357,2.2564,0.9994814808905764,0.0005185191094234865,718.0908,4.1962,0.0,0.0,0.0,718.0908000000002,4.1962,722.2870000000001,732.7857
654,5.5233,0.0087,5.532,0.9958,0.9984273318872017,0.0015726681127982646,315.2728,5.2479,0.0,0.0,0.0,315.27279999999996,5.2479,320.5207,320.5208
655,15.8685,0.0078,15.8763,2.8577,0.9995087016496286,0.0004912983503713082,855.0001,4.9389,0.0,0.0,0.0,855.0001,4.938899999999999,859.939,866.9361
656,0.3412,0.0081,0.3493,0.0629,0.9768107643859147,0.023189235614085313,17.6363,5.1074,0.0,0.0,0.0,17.6363,5.1074,22.743699999999997,22.7434
657,0.3508,0.0064,0.3572,0.0643,0.9820828667413214,0.01791713325867861,18.8182,4.106,0.0,0.0,0.0,18.8182,4.106000000000001,22.924200000000003,22.9194
658,1.7379,0.0075,1.7453,0.3142,0.9957600412536526,0.004297255486162837,92.2726,4.9713,0.0,0.0,0.0,92.27259999999998,4.9713,97.24389999999998,97.2474
659,3.8652,0.0077,3.873,0.6971,0.9979860573199071,0.0019881229021430414,202.2727,4.4801,0.0,0.0,0.0,202.2727,4.480099999999999,206.75279999999998,208.7519
660,3.4508,0.0071,3.4579,0.6224,0.997946730674687,0.0020532693253130516,191.2727,4.6388,0.0,0.0,0.0,191.27270000000001,4.6388,195.91150000000002,196.9156
661,3.4095,0.008,3.4175,0.6152,0.9976591075347476,0.0023408924652523777,194.909,4.9631,0.0,0.0,0.0,194.90900000000002,4.9631,199.87210000000002,201.3686
662,17.7574,0.0075,17.765,3.1977,0.9995721925133689,0.0004221784407542921,999.1818,4.8489,0.0,0.0,0.0,999.1818000000001,4.8488999999999995,1004.0307,1014.0342
663,19.245,0.009,19.2539,3.4657,0.9995377559870987,0.00046743776585522924,1068.7275,5.4549,0.0,0.0,0.0,1068.7275000000002,5.454899999999999,1074.1824000000001,1079.1801
664,0.4279,0.0067,0.4346,0.0782,0.9845835250805338,0.015416474919466176,23.1819,4.4446,0.0,0.0,0.0,23.1819,4.4446,27.6265,27.6242
665,0.4969,0.0078,0.5047,0.0908,0.9845452744204477,0.015454725579552207,28.8184,4.9618,0.0,0.0,0.0,28.818399999999997,4.9618,33.780199999999994,34.2809
666,4.801,0.0084,4.8094,0.8657,0.9982534203850792,0.00174657961492078,276.6362,5.6872,0.0,0.0,0.0,276.63620000000003,5.6872,282.32340000000005,286.3235
667,15.848,0.0086,15.8566,2.8542,0.9994576390903472,0.0005423609096527629,892.2727,5.3729,0.0,0.0,0.0,892.2727,5.3729000000000005,897.6456,905.1473
668,0.3958,0.0079,0.4038,0.0727,0.9801882119861317,0.019564140663694902,22.0,4.9293,0.0,0.0,0.0,22.0,4.9293,26.929299999999998,26.9315
669,4.6045,0.0067,4.6112,0.83,0.998547015961138,0.0014529840388619014,259.1819,4.17,0.0,0.0,0.0,259.18190000000004,4.17,263.35190000000006,264.3491
670,62.6228,0.0081,62.6309,11.2736,0.9998706708669363,0.00012932913306371136,3469.0696,5.0588,0.0,0.0,0.0,3469.0696,5.0588,3474.1283999999996,3486.1237
671,2.8995,0.0085,2.908,0.5234,0.9970770288858323,0.002922971114167813,155.2725,5.5575,0.0,0.0,0.0,155.27249999999998,5.5575,160.82999999999998,161.3346
672,0.8851,0.0086,0.8937,0.1609,0.9903770840326731,0.009622915967326843,48.6363,5.3886,0.0,0.0,0.0,48.63629999999999,5.388599999999999,54.02489999999999,54.524
673,1.1968,0.0084,1.2051,0.2169,0.9931126047630903,0.006970375902414737,69.6365,5.0148,0.0,0.0,0.0,69.6365,5.0148,74.65129999999999,75.6555
674,1.9366,0.0079,1.9445,0.35,0.9959372589354591,0.004062741064541014,105.818,4.8476,0.0,0.0,0.0,105.81799999999998,4.847599999999999,110.66559999999998,113.1651
675,63.0769,0.0076,63.0845,11.3552,0.9998795266666138,0.00012047333338617252,3494.1061,4.707,0.0,0.0,0.0,3494.1061000000004,4.707,3498.8131000000003,3529.8106
676,57.5211,0.0074,57.5285,10.3551,0.9998713681045046,0.00012863189549527625,3134.7969,4.5051,0.0,0.0,0.0,3134.7969000000003,4.5051000000000005,3139.302,3161.7976
677,9.6746,0.0095,9.6841,1.7431,0.999019010543055,0.0009809894569448889,517.7272,5.9032,0.0,0.0,0.0,517.7272,5.903200000000001,523.6304,536.1298
678,9.213,0.0074,9.2204,1.6597,0.9991974317817014,0.0008025682182985555,518.3638,4.7233,0.0,0.0,0.0,518.3638000000001,4.7233,523.0871000000001,526.0832
679,0.1248,0.0075,0.1322,0.0238,0.9440242057488653,0.056732223903177,7.0,4.6797,0.0,0.0,0.0,7.000000000000002,4.6796999999999995,11.6797,11.6785
680,56.117,0.0081,56.1251,10.1025,0.9998556795444461,0.000144320455553754,3064.9712,5.064,0.0,0.0,0.0,3064.9711999999995,5.064,3070.0351999999993,3077.5386
681,1.0216,0.0066,1.0282,0.1851,0.9935810153666602,0.006418984633339817,55.0906,4.2555,0.0,0.0,0.0,55.0906,4.2555,59.3461,60.3479
682,66.3566,0.009,66.3656,11.9458,0.9998643875742854,0.0001356124257145268,3730.3243,5.5366,0.0,0.0,0.0,3730.3242999999998,5.5366,3735.8608999999997,3752.3564
683,0.9031,0.0068,0.9099,0.1638,0.9925266512803604,0.00747334871963952,48.8184,4.7005,0.0,0.0,0.0,48.818400000000004,4.7005,53.5189,53.5213
684,2.3742,0.0079,2.3821,0.4288,0.9966835985055205,0.0033164014944796613,130.2727,4.639,0.0,0.0,0.0,130.27270000000001,4.639,134.91170000000002,134.9079
685,0.7148,0.0073,0.7221,0.13,0.9898905968702396,0.010109403129760422,39.8182,4.5241,0.0,0.0,0.0,39.8182,4.5241,44.342299999999994,44.3464
686,48.7648,0.0082,48.773,8.7791,0.9998318741926885,0.0001681258073114223,2566.1,4.8296,0.0,0.0,0.0,2566.1,4.8296,2570.9296,2603.9343
687,1.5791,0.0076,1.5867,0.2856,0.9952101846599861,0.004789815340013865,86.2728,5.0516,0.0,0.0,0.0,86.27279999999999,5.0516,91.32439999999998,91.8294
688,71.1479,0.008,71.1559,12.8081,0.9998875708128209,0.00011242918717913764,3838.8722,4.8581,0.0,0.0,0.0,3838.8722000000007,4.8581,3843.7303000000006,3856.2338
689,0.4014,0.0074,0.4088,0.0736,0.9818982387475538,0.018101761252446186,23.0002,4.5424,0.0,0.0,0.0,23.000200000000007,4.5424,27.542600000000007,28.0464
690,54.0465,0.009,54.0554,9.73,0.9998353540996829,0.0001664958542532291,2901.467,5.5611,0.0,0.0,0.0,2901.467,5.5611,2907.0281,2918.5253
691,59.8022,0.0081,59.8103,10.7659,0.9998645718212416,0.00013542817875850815,3444.2624,5.3381,0.0,0.0,0.0,3444.2623999999996,5.3381,3449.6004999999996,3490.6003
692,0.5682,0.0073,0.5755,0.1036,0.9873153779322329,0.01268462206776716,31.5457,4.3623,0.0,0.0,0.0,31.5457,4.362299999999999,35.908,35.9119
693,6.5667,0.0074,6.5742,1.1833,0.9988591767819658,0.0011256122417936784,346.8184,4.7764,0.0,0.0,0.0,346.81839999999994,4.776400000000001,351.59479999999996,357.0932
694,0.4291,0.0066,0.4357,0.0784,0.9848519623594216,0.01514803764057838,23.2729,4.5908,0.0,0.0,0.0,23.272900000000007,4.590799999999999,27.863700000000005,27.8656
695,13.9774,0.009,13.9864,2.5176,0.9993565177601098,0.000643482239890179,774.3634,5.3404,0.0,0.0,0.0,774.3634000000001,5.340399999999999,779.7038000000001,783.7053
696,1.2676,0.0085,1.2761,0.2297,0.9933390800094037,0.006660919990596348,71.1818,5.5977,0.0,0.0,0.0,71.18180000000001,5.5977,76.77950000000001,76.7822
697,6.3021,0.0086,6.3107,1.1359,0.9986372351720095,0.0013627648279905557,357.0,5.4104,0.0,0.0,0.0,357.0,5.4104,362.4104,366.4121
698,1.4069,0.007,1.4139,0.2545,0.9950491548200014,0.004950845179998586,79.1817,4.6416,0.0,0.0,0.0,79.1817,4.6416,83.8233,83.8219
699,0.735,0.0066,0.7416,0.1335,0.9911003236245954,0.00889967637540453,41.091,4.4398,0.0,0.0,0.0,41.090999999999994,4.4398,45.53079999999999,45.527
700,20.9032,0.0097,20.913,3.7643,0.9995313919571558,0.0004638263281212643,1168.5454,5.6725,0.0,0.0,0.0,1168.5454,5.672500000000001,1174.2178999999999,1191.2199
701,3.6855,0.0078,3.6933,0.6648,0.9978880675818375,0.0021119324181626186,209.7272,5.1812,0.0,0.0,0.0,209.72719999999995,5.1812000000000005,214.90839999999994,216.9058
702,29.5113,0.0075,29.5187,5.3134,0.9997493114534176,0.0002540762296442594,1644.9093,4.7966,0.0,0.0,0.0,1644.9093000000003,4.7966,1649.7059000000002,1653.2076
703,72.655,0.0079,72.6629,13.0793,0.9998912787681198,0.00010872123188036813,3957.1825,5.1433,0.0,0.0,0.0,3957.1825,5.1433,3962.3258,3989.8239
704,0.3973,0.0076,0.4049,0.0729,0.9812299333168684,0.018770066683131637,22.6362,4.9032,0.0,0.0,0.0,22.636200000000002,4.9032,27.5394,27.5402
705,7.4995,0.0071,7.5066,1.3512,0.999054165667546,0.0009458343324541071,435.1818,4.591,0.0,0.0,0.0,435.18180000000007,4.591,439.7728000000001,451.2692
706,50.5843,0.0081,50.5924,9.1066,0.9998398969015109,0.00016010309848910113,2705.0646,5.0264,0.0,0.0,0.0,2705.0645999999997,5.026400000000001,2710.091,2733.093
707,10.6074,0.007,10.6144,1.9106,0.9993405185408502,0.0006594814591498342,595.5453,4.3177,0.0,0.0,0.0,595.5452999999999,4.3177,599.8629999999998,602.8641
708,79.0884,0.0072,79.0956,14.2372,0.9999089709162076,9.102908379227162e-05,4209.0537,4.5396,0.0,0.0,0.0,4209.053699999999,4.5396,4213.593299999999,4247.0923
709,4.5306,0.0058,4.5364,0.8165,0.9987214531346441,0.0012785468653557885,257.5452,3.6434,0.0,0.0,0.0,257.5452,3.6433999999999997,261.1886,262.6926
710,34.9548,0.0089,34.9637,6.2935,0.9997454502812916,0.00025454971870826024,1854.7273,5.5265,0.0,0.0,0.0,1854.7273,5.5264999999999995,1860.2538,1864.2493
711,0.5673,0.0076,0.5749,0.1035,0.9867803096190643,0.013219690380935815,30.6363,4.9439,0.0,0.0,0.0,30.636300000000002,4.943899999999999,35.580200000000005,35.5839
712,4.1911,0.008,4.1991,0.7558,0.9980948298444905,0.0019051701555095142,223.7272,5.1129,0.0,0.0,0.0,223.72719999999998,5.1129,228.84009999999998,228.8411
713,2.9062,0.0078,2.914,0.5245,0.9973232669869595,0.0026767330130404937,160.0,4.8898,0.0,0.0,0.0,160.0,4.8898,164.8898,170.889
714,2.3643,0.0071,2.3714,0.4269,0.9970059880239521,0.0029940119760479044,122.9093,4.6893,0.0,0.0,0.0,122.9093,4.6893,127.5986,131.0984
715,0.5815,0.0078,0.5893,0.1061,0.9867639572374003,0.013236042762599693,32.0,4.9191,0.0,0.0,0.0,32.00000000000001,4.9191,36.91910000000001,36.9172
716,74.2707,0.0085,74.2791,13.3702,0.9998869130078314,0.00011443326588502016,4003.6298,5.2105,0.0,0.0,0.0,4003.6298,5.2105,4008.8403000000003,4044.8379
717,9.5973,0.007,9.6043,1.7288,0.9992711597930094,0.0007288402069906188,513.1817,4.3256,0.0,0.0,0.0,513.1817,4.3256,517.5073,519.0071
718,1.7602,0.0084,1.7686,0.3184,0.9952504806061292,0.0047495193938708585,101.1819,5.1932,0.0,0.0,0.0,101.18190000000001,5.1932,106.37510000000002,106.8786
719,0.7256,0.0081,0.7338,0.1321,0.9888252929953666,0.011038430089942763,40.7272,4.9108,0.0,0.0,0.0,40.7272,4.9108,45.638000000000005,45.6401
720,1.65,0.0073,1.6573,0.2983,0.9955952452784649,0.0044047547215350265,95.2726,4.4424,0.0,0.0,0.0,95.27260000000001,4.4424,99.71500000000002,99.7113
721,1.7542,0.0073,1.7616,0.3171,0.9957992733878293,0.004143960036330608,95.6364,4.9753,0.0,0.0,0.0,95.6364,4.9753,100.6117,100.6165
722,2.2241,0.0077,2.2318,0.4017,0.9965498700600413,0.003450129939958778,128.909,4.8871,0.0,0.0,0.0,128.90900000000002,4.8871,133.79610000000002,134.2939
723,68.6926,0.0074,68.7,12.366,0.9998922852983988,0.00010771470160116449,3635.4377,4.5029,0.0,0.0,0.0,3635.4376999999995,4.5028999999999995,3639.9405999999994,3697.4405
724,0.8387,0.0071,0.8457,0.1522,0.9917228331559654,0.008395412084663594,47.6364,4.7349,0.0,0.0,0.0,47.63640000000001,4.7349,52.371300000000005,52.8726
725,0.3192,0.0072,0.3265,0.0588,0.9776416539050535,0.022052067381316997,17.5453,4.7992,0.0,0.0,0.0,17.545299999999997,4.7992,22.344499999999996,22.3468
726,58.5712,0.0079,58.5791,10.5442,0.9998651396146407,0.00013486038535928346,3124.9776,4.7214,0.0,0.0,0.0,3124.9776,4.7214,3129.699,3147.2002
727,0.4966,0.0084,0.505,0.0909,0.9833663366336634,0.01663366336633663,27.0912,5.276,0.0,0.0,0.0,27.091199999999994,5.276000000000001,32.3672,32.3684
728,0.6307,0.008,0.6387,0.115,0.9874745576953186,0.012525442304681384,33.9093,4.7266,0.0,0.0,0.0,33.9093,4.7266,38.6359,38.6346
729,5.2071,0.008,5.2151,0.9387,0.9984659929819178,0.0015340070180821079,288.5454,4.9493,0.0,0.0,0.0,288.54540000000003,4.949300000000001,293.4947,295.496
730,2.5606,0.0084,2.569,0.4624,0.9967302452316077,0.0032697547683923703,145.6364,5.2871,0.0,0.0,0.0,145.6364,5.287100000000001,150.92350000000002,151.9243
731,0.4942,0.0068,0.501,0.0902,0.9864271457085828,0.013572854291417165,27.5456,4.1248,0.0,0.0,0.0,27.545599999999993,4.1248000000000005,31.670399999999994,31.6708
732,1.0404,0.0071,1.0475,0.1886,0.9932219570405727,0.006778042959427208,55.2727,4.5028,0.0,0.0,0.0,55.2727,4.502800000000001,59.7755,59.7776
733,12.4396,0.0085,12.4482,2.2407,0.9993091370639933,0.0006828296460532447,645.3638,5.4491,0.0,0.0,0.0,645.3638,5.4491,650.8129,660.8085
734,1.7339,0.0088,1.7428,0.3137,0.9948932751893506,0.005049345880192794,101.4546,5.507,0.0,0.0,0.0,101.45460000000001,5.507000000000001,106.96160000000002,108.4577
735,71.4501,0.0065,71.4566,12.8622,0.9999090356943937,9.096430560648001e-05,3874.5313,4.4324,0.0,0.0,0.0,3874.5312999999996,4.4324,3878.9637,3892.9622
736,2.6202,0.0084,2.6286,0.4732,0.9968043825610592,0.003195617438940881,148.2727,5.2739,0.0,0.0,0.0,148.27270000000001,5.2739,153.5466,155.0428
737,7.5588,0.008,7.5669,1.362,0.998929548428022,0.001057236120472056,403.5455,5.0534,0.0,0.0,0.0,403.5455,5.0534,408.5989,411.0987
738,1.6008,0.0069,1.6077,0.2894,0.9957081545064378,0.004291845493562232,88.1819,4.2262,0.0,0.0,0.0,88.18190000000001,4.2261999999999995,92.40810000000002,92.4129
739,0.7622,0.0069,0.7691,0.1384,0.9910284748407229,0.008971525159277077,41.8181,4.2496,0.0,0.0,0.0,41.818099999999994,4.2496,46.067699999999995,46.064
740,22.5169,0.0072,22.5241,4.0543,0.9996803423888191,0.0003196576111809129,1312.5453,4.5829,0.0,0.0,0.0,1312.5453,4.5829,1317.1282,1325.1265
741,1.9708,0.007,1.9779,0.356,0.9964103341928309,0.0035391071338288084,115.0908,4.5591,0.0,0.0,0.0,115.0908,4.559099999999999,119.6499,121.1454
742,74.6655,0.0088,74.6742,13.4414,0.9998834938974906,0.00011784525311285559,4023.6193,5.1358,0.0,0.0,0.0,4023.6193000000003,5.135800000000001,4028.7551000000003,4062.7555
743,19.472,0.0095,19.4816,3.5067,0.9995072273324573,0.0004876396189224704,1026.5455,5.8518,0.0,0.0,0.0,1026.5455,5.8518,1032.3972999999999,1035.3951
744,33.1635,0.0079,33.1715,5.9709,0.999758829115355,0.00023815624858688936,1854.7273,4.7961,0.0,0.0,0.0,1854.7273,4.7961,1859.5234,1880.0225
745,48.6538,0.009,48.6628,8.7593,0.999815053798795,0.00018494620120502724,2622.0462,5.3516,0.0,0.0,0.0,2622.0462,5.351599999999999,2627.3978,2640.4015
746,0.9278,0.0073,0.9351,0.1683,0.9921933483049941,0.007806651695005881,51.0,4.6118,0.0,0.0,0.0,50.99999999999999,4.611800000000001,55.611799999999995,55.6127
747,35.8269,0.0074,35.8343,6.4502,0.9997934939429541,0.00020650605704590296,1866.5454,4.8083,0.0,0.0,0.0,1866.5454,4.8083,1871.3537,1881.8552
748,0.391,0.0091,0.4001,0.072,0.9772556860784803,0.02274431392151962,22.0,5.5562,0.0,0.0,0.0,22.0,5.5562000000000005,27.5562,27.5559
749,0.1479,0.0084,0.1563,0.0281,0.9462571976967371,0.053742802303262956,8.0001,5.31,0.0,0.0,0.0,8.000100000000002,5.309999999999999,13.3101,13.3095
750,3.2034,0.0075,3.2109,0.578,0.9976642062972997,0.002335793702700177,189.4545,4.7703,0.0,0.0,0.0,189.4545,4.7703,194.2248,196.2269
751,1.576,0.0088,1.5848,0.2853,0.9944472488642101,0.005552751135790006,84.4546,5.4036,0.0,0.0,0.0,84.45459999999999,5.4036,89.85819999999998,89.8572
752,2.1359,0.0071,2.143,0.3857,0.9966868875408307,0.003313112459169389,120.9999,4.5088,0.0,0.0,0.0,120.99989999999997,4.5088,125.50869999999996,127.5044
753,1.6458,0.0071,1.653,0.2975,0.995644283121597,0.004295220810647308,92.7272,4.7315,0.0,0.0,0.0,92.7272,4.7315000000000005,97.4587,97.4634
754,0.5538,0.0089,0.5627,0.1013,0.9841834014572596,0.01581659854274036,31.6365,5.2335,0.0,0.0,0.0,31.636500000000005,5.233499999999999,36.870000000000005,36.8675
755,0.6799,0.0067,0.6866,0.1236,0.9902417710457325,0.009758228954267405,37.0912,4.4625,0.0,0.0,0.0,37.0912,4.4624999999999995,41.5537,41.5545
756,4.372,0.0073,4.3793,0.7883,0.9983330669285045,0.0016669330714954445,235.6365,4.6881,0.0,0.0,0.0,235.63650000000004,4.6880999999999995,240.32460000000003,244.8264
757,2.06,0.0075,2.0675,0.3722,0.9963724304715841,0.0036275695284159614,113.0909,5.1391,0.0,0.0,0.0,113.09089999999999,5.139100000000001,118.22999999999999,118.7265
758,0.4955,0.0083,0.5037,0.0907,0.9837204685328568,0.016478062338693665,28.6366,4.8225,0.0,0.0,0.0,28.6366,4.822499999999999,33.4591,33.4549
759,63.9641,0.0078,63.9718,11.5149,0.9998796344639357,0.00012192872484438455,3494.481,5.0492,0.0,0.0,0.0,3494.4809999999998,5.049199999999999,3499.5301999999997,3530.0322
760,16.8213,0.0077,16.829,3.0292,0.9995424564739438,0.0004575435260562125,910.7272,4.7583,0.0,0.0,0.0,910.7272,4.7583,915.4855,921.986
761,0.5212,0.0082,0.5294,0.0953,0.9845107669059313,0.01548923309406876,27.9092,5.296,0.0,0.0,0.0,27.909199999999995,5.296,33.2052,33.2055
762,7.2274,0.0087,7.2361,1.3025,0.9987976948908942,0.0012023051091057336,386.0913,5.2889,0.0,0.0,0.0,386.0913,5.2889,391.3802,396.8829
763,72.0824,0.0067,72.089,12.976,0.9999084465036275,9.294067056000222e-05,4116.8461,4.3464,0.0,0.0,0.0,4116.8461,4.3464,4121.1925,4152.6907
764,2.4112,0.0076,2.4189,0.4354,0.9968167348794907,0.0031419240150481627,138.5454,4.6108,0.0,0.0,0.0,138.54539999999997,4.6108,143.15619999999998,145.6584
765,6.5631,0.0066,6.5696,1.1825,0.9990105942523136,0.0010046273745737944,374.2727,4.1199,0.0,0.0,0.0,374.2727,4.1199,378.39259999999996,383.3929
766,6.1237,0.0087,6.1324,1.1038,0.9985813058508904,0.001418694149109647,358.7273,5.6406,0.0,0.0,0.0,358.7273,5.640599999999999,364.3679,367.3726
767,68.8198,0.0088,68.8286,12.3892,0.999872146171795,0.00012785382820513567,3879.5717,5.5059,0.0,0.0,0.0,3879.5717000000004,5.5059000000000005,3885.0776000000005,3949.5824
768,3.0903,0.0082,3.0985,0.5577,0.9973535581733096,0.002646441826690334,182.818,4.8444,0.0,0.0,0.0,182.81799999999998,4.8444,187.6624,188.6591
769,3.125,0.0072,3.1322,0.5638,0.997701296213524,0.002298703786475959,177.2726,4.8907,0.0,0.0,0.0,177.27259999999995,4.8907,182.16329999999996,182.6683
770,1.6634,0.0076,1.6709,0.3008,0.9955114010413549,0.0045484469447603084,91.9092,4.8827,0.0,0.0,0.0,91.90919999999997,4.8827,96.79189999999997,97.7926
771,22.9877,0.0093,22.9971,4.1395,0.9995912528101369,0.0004043988155028242,1242.7273,5.631,0.0,0.0,0.0,1242.7273,5.631,1248.3583,1259.3609
772,19.863,0.0081,19.8712,3.5768,0.9995873424856072,0.0004076251056805829,1052.4546,5.0489,0.0,0.0,0.0,1052.4546,5.0489,1057.5035,1076.5023
773,0.4926,0.0084,0.501,0.0902,0.9832335329341317,0.016766467065868262,27.9998,4.9127,0.0,0.0,0.0,27.999800000000004,4.912699999999999,32.9125,32.9137
774,0.5664,0.0072,0.5736,0.1033,0.9874476987447699,0.012552301255230125,30.9089,4.4975,0.0,0.0,0.0,30.9089,4.4975000000000005,35.4064,35.4097
775,28.2469,0.007,28.2539,5.0857,0.9997522465925057,0.00024775340749418664,1550.9091,4.5318,0.0,0.0,0.0,1550.9091000000003,4.5318000000000005,1555.4409000000003,1589.9436
776,23.9162,0.0081,23.9242,4.3064,0.9996656105533309,0.0003385693147524264,1397.1818,5.0184,0.0,0.0,0.0,1397.1818,5.0184,1402.2002,1411.7036
777,10.5612,0.0082,10.5694,1.9025,0.9992241754498836,0.0007758245501163737,572.8181,5.2179,0.0,0.0,0.0,572.8181,5.2179,578.036,581.539
778,13.3684,0.0081,13.3764,2.4078,0.9994019317604138,0.0006055440925809635,721.091,4.937,0.0,0.0,0.0,721.091,4.937,726.028,734.0266
779,0.6607,0.0069,0.6675,0.1202,0.989812734082397,0.010337078651685393,37.6365,4.2583,0.0,0.0,0.0,37.6365,4.2583,41.8948,42.3961
780,0.5262,0.0079,0.5341,0.0961,0.9852087624040442,0.014791237595955815,29.9091,4.8571,0.0,0.0,0.0,29.9091,4.857099999999999,34.7662,34.7638
781,8.0927,0.0083,8.101,1.4582,0.9989754351314653,0.0010245648685347486,453.3637,5.2716,0.0,0.0,0.0,453.3637,5.2716,458.6353,463.1369
782,0.515,0.0084,0.5234,0.0942,0.9839510890332442,0.016048910966755828,29.0908,4.9257,0.0,0.0,0.0,29.090799999999994,4.925699999999999,34.01649999999999,34.0144
783,44.3838,0.0082,44.3919,7.9906,0.9998175342799024,0.00018471838330866668,2466.2748,5.1795,0.0,0.0,0.0,2466.2748,5.179499999999999,2471.4543000000003,2497.9517
784,14.0633,0.0077,14.0709,2.5328,0.9994598781883177,0.000547228677625454,748.2728,4.9034,0.0,0.0,0.0,748.2728,4.9033999999999995,753.1762,760.178
785,5.2389,0.0084,5.2473,0.9445,0.9983991767194558,0.0016008232805442798,279.5455,5.0366,0.0,0.0,0.0,279.5455,5.0366,284.5821,286.0839
786,0.3063,0.0081,0.3144,0.0566,0.9742366412213741,0.025763358778625952,17.182,5.0805,0.0,0.0,0.0,17.182,5.0805,22.2625,22.2642
787,0.7703,0.0079,0.7782,0.1401,0.9898483680287844,0.010151631971215627,44.3636,5.1614,0.0,0.0,0.0,44.36359999999999,5.1613999999999995,49.52499999999999,49.5259
788,0.5264,0.0085,0.5349,0.0963,0.9841091792858477,0.01589082071415218,29.4545,5.2706,0.0,0.0,0.0,29.4545,5.2706,34.7251,34.7242
789,0.3792,0.0061,0.3853,0.0694,0.9841681806384636,0.015831819361536468,21.0,4.0744,0.0,0.0,0.0,21.0,4.0744,25.0744,25.0708
790,8.2454,0.0085,8.2539,1.4857,0.9989701837919045,0.001029816208095567,453.8179,5.112,0.0,0.0,0.0,453.8179,5.112,458.92990000000003,461.427
791,1.5328,0.0079,1.5407,0.2773,0.9948724605698708,0.005127539430129163,84.909,5.1113,0.0,0.0,0.0,84.90899999999999,5.1113,90.02029999999999,90.0221
792,4.2965,0.0071,4.3036,0.7746,0.9983502184217863,0.0016497815782135887,238.7273,4.4445,0.0,0.0,0.0,238.72729999999999,4.4445,243.1718,245.6717
793,47.5806,0.0074,47.588,8.5658,0.9998444986130957,0.0001555013869042616,2622.6374,4.6982,0.0,0.0,0.0,2622.6373999999996,4.6982,2627.3355999999994,2677.3383
794,3.1986,0.0081,3.2067,0.5772,0.997474038731406,0.0025259612685938813,173.727,4.6316,0.0,0.0,0.0,173.727,4.6316,178.3586,179.357
795,72.0588,0.0068,72.0655,12.9718,0.9999070290222091,9.43586043252319e-05,4148.3149,4.4654,0.0,0.0,0.0,4148.314899999999,4.4654,4152.780299999999,4190.7779
796,0.2542,0.0078,0.262,0.0472,0.9702290076335877,0.029770992366412213,13.9998,5.2398,0.0,0.0,0.0,13.999799999999999,5.239800000000001,19.2396,19.2368
797,0.8065,0.0078,0.8142,0.1466,0.9905428641611397,0.009579955784819454,45.4545,4.8242,0.0,0.0,0.0,45.45450000000001,4.8242,50.27870000000001,50.2793
798,0.2183,0.0084,0.2267,0.0408,0.9629466254962504,0.037053374503749445,12.091,4.9613,0.0,0.0,0.0,12.091000000000001,4.9613,17.052300000000002,17.0508
799,1.4367,0.0089,1.4456,0.2602,0.9938433868289984,0.00615661317100166,82.4546,5.3636,0.0,0.0,0.0,82.45460000000001,5.3636,87.81820000000002,88.3167
800,4.4779,0.0082,4.4861,0.8075,0.9981721316956821,0.0018278683043177815,247.5453,5.5604,0.0,0.0,0.0,247.54530000000003,5.5604,253.1057,257.1062
801,0.2816,0.0073,0.2888,0.052,0.9750692520775623,0.02527700831024931,15.6362,4.8171,0.0,0.0,0.0,15.636200000000002,4.8171,20.453300000000002,20.4531
802,5.3778,0.0078,5.3856,0.9694,0.9985516934046345,0.0014483065953654188,298.0,4.9805,0.0,0.0,0.0,298.0,4.980500000000001,302.9805,305.9835
803,0.2767,0.0074,0.2841,0.0511,0.9739528335093276,0.026047166490672298,15.7272,4.8726,0.0,0.0,0.0,15.727200000000003,4.8726,20.599800000000002,20.5948
804,0.8162,0.0086,0.8247,0.1485,0.9896932217776162,0.010428034436764884,45.818,5.397,0.0,0.0,0.0,45.818000000000005,5.397,51.215,51.2162
805,27.2052,0.0079,27.2131,4.8984,0.9997096986377885,0.00029030136221158193,1456.7272,4.4176,0.0,0.0,0.0,1456.7272,4.4176,1461.1448,1473.1443
806,4.2552,0.0092,4.2644,0.7676,0.997842603883313,0.0021573961166869897,232.3636,5.5554,0.0,0.0,0.0,232.36360000000002,5.5554,237.919,238.9174
807,0.7703,0.0087,0.779,0.1402,0.9888318356867779,0.011168164313222078,44.3636,5.3819,0.0,0.0,0.0,44.36359999999999,5.3819,49.74549999999999,49.7423
808,59.8745,0.0072,59.8817,10.7787,0.999879762932582,0.00012023706741792567,3269.6778,4.5451,0.0,0.0,0.0,3269.6778,4.5451,3274.2228999999998,3298.2234
809,8.3265,0.0068,8.3333,1.5,0.9991839967359869,0.000816003264013056,439.2727,4.5527,0.0,0.0,0.0,439.2727,4.5527,443.8254,447.3297
810,0.6351,0.0074,0.6425,0.1157,0.9884824902723736,0.01151750972762646,34.6362,4.545,0.0,0.0,0.0,34.636199999999995,4.545,39.1812,39.6838
811,0.8293,0.0087,0.838,0.1508,0.989618138424821,0.010381861575178997,46.4543,5.2611,0.0,0.0,0.0,46.4543,5.2611,51.7154,51.7149
812,0.1417,0.0075,0.1492,0.0269,0.9497319034852546,0.05026809651474531,8.2728,4.8831,0.0,0.0,0.0,8.2728,4.8831,13.155899999999999,13.159
813,17.7799,0.0083,17.7881,3.2019,0.9995390176578725,0.00046660407800720705,966.0,5.0946,0.0,0.0,0.0,966.0,5.0946,971.0946,974.0912
814,4.0294,0.0087,4.0381,0.7269,0.9978455214085832,0.0021544785914167554,234.091,5.3021,0.0,0.0,0.0,234.09099999999998,5.3021,239.39309999999998,241.3898
815,6.6223,0.0075,6.6298,1.1934,0.9988687441551781,0.0011312558448218649,390.2728,4.9282,0.0,0.0,0.0,390.27279999999996,4.9282,395.20099999999996,397.1982
816,3.6245,0.0078,3.6323,0.6538,0.9978526002808138,0.0021473997191861906,204.2728,4.9169,0.0,0.0,0.0,204.2728,4.9169,209.1897,210.6926
817,0.6983,0.008,0.7063,0.1271,0.9886733682571145,0.011326631742885458,40.2728,5.0742,0.0,0.0,0.0,40.2728,5.0742,45.346999999999994,45.3501
818,9.4976,0.007,9.5046,1.7108,0.9992635145087642,0.0007364854912358227,551.182,4.5376,0.0,0.0,0.0,551.182,4.5376,555.7196,561.7243
819,1.7205,0.0077,1.7282,0.3111,0.99554449716468,0.004455502835319986,97.2728,4.8167,0.0,0.0,0.0,97.27280000000002,4.8167,102.08950000000002,103.5941
820,0.4807,0.0077,0.4884,0.0879,0.9842342342342343,0.015765765765765768,27.7272,4.5059,0.0,0.0,0.0,27.727199999999996,4.5059000000000005,32.23309999999999,32.2297
821,24.9439,0.0071,24.951,4.4912,0.999715442266843,0.0002845577331569877,1369.909,4.5803,0.0,0.0,0.0,1369.909,4.580299999999999,1374.4893000000002,1387.4866
822,14.421,0.0086,14.4296,2.5973,0.9994040028829627,0.0005959971170372012,805.0912,5.4119,0.0,0.0,0.0,805.0912000000001,5.4119,810.5031,816.0055
823,27.8044,0.0087,27.8131,5.0064,0.9996871977593293,0.00031280224067076304,1508.7272,5.2437,0.0,0.0,0.0,1508.7272,5.2437000000000005,1513.9709,1527.9704
824,66.05,0.008,66.0581,11.8904,0.999877380669441,0.0001211055116632177,3664.4811,4.8585,0.0,0.0,0.0,3664.4810999999995,4.8585,3669.3395999999993,3705.3361
825,3.3628,0.0083,3.3711,0.6068,0.9975378956423718,0.002462104357628074,190.0909,5.459,0.0,0.0,0.0,190.09089999999998,5.4590000000000005,195.54989999999998,198.0522
826,47.8358,0.0066,47.8424,8.6116,0.9998620470544957,0.00013795294550440613,2793.5031,4.1209,0.0,0.0,0.0,2793.5031,4.1209,2797.624,2808.6228
827,71.6573,0.0076,71.6649,12.8997,0.9998939508741379,0.00010604912586217241,4016.9655,4.3801,0.0,0.0,0.0,4016.9655000000002,4.3801,4021.3456,4062.3451
828,0.4205,0.0075,0.428,0.077,0.9824766355140186,0.017523364485981307,24.1817,4.8264,0.0,0.0,0.0,24.181699999999996,4.8264000000000005,29.008099999999995,29.0106
829,6.2151,0.009,6.224,1.1203,0.9985700514138817,0.0014460154241645242,362.6364,5.4681,0.0,0.0,0.0,362.6364,5.4681,368.1045,371.6068
830,63.1955,0.0074,63.2029,11.3765,0.9998829167648954,0.0001170832351047183,3539.7274,4.8282,0.0,0.0,0.0,3539.7273999999998,4.8282,3544.5555999999997,3560.0575
831,13.3932,0.0093,13.4025,2.4125,0.9993060996082821,0.000693900391717963,774.4544,6.0947,0.0,0.0,0.0,774.4544000000001,6.0947000000000005,780.5491000000001,783.0467
832,0.3565,0.0066,0.3631,0.0654,0.9818231892040761,0.018176810795923988,19.8182,4.4887,0.0,0.0,0.0,19.818199999999997,4.4887,24.3069,24.311
833,70.9489,0.0087,70.9575,12.7724,0.9998788006905542,0.00012260860374167635,3948.6379,5.2932,0.0,0.0,0.0,3948.6379,5.2932,3953.9311000000002,4000.9302
834,0.5139,0.0074,0.5213,0.0938,0.9858047189718013,0.014195281028198736,27.9999,4.9591,0.0,0.0,0.0,27.9999,4.9591,32.959,32.9595
835,0.6652,0.0079,0.6731,0.1212,0.988263259545387,0.011736740454612985,35.273,4.9971,0.0,0.0,0.0,35.272999999999996,4.9971,40.2701,40.2679
836,0.179,0.0079,0.1869,0.0336,0.9577314071696094,0.04226859283039058,9.5457,5.0521,0.0,0.0,0.0,9.5457,5.052099999999999,14.5978,14.6009
837,14.359,0.0072,14.3662,2.5859,0.9994988236276817,0.0005011763723183584,849.8182,4.5604,0.0,0.0,0.0,849.8181999999999,4.5604,854.3785999999999,857.8753
838,7.2167,0.0079,7.2246,1.3004,0.9989065138554385,0.0010934861445616368,389.0,4.9014,0.0,0.0,0.0,389.0,4.901399999999999,393.9014,394.9028
839,12.1749,0.008,12.183,2.1929,0.9993351391282934,0.0006566527127965198,709.6363,5.1808,0.0,0.0,0.0,709.6362999999999,5.180799999999999,714.8170999999999,717.3185
840,47.6997,0.0093,47.7091,8.5876,0.9998029725985189,0.00019493136529509045,2498.1902,5.9313,0.0,0.0,0.0,2498.1902,5.931299999999999,2504.1215,2553.1248
841,21.7034,0.008,21.7113,3.908,0.9996361341789758,0.00036847171749273416,1204.1819,5.1601,0.0,0.0,0.0,1204.1819,5.1601,1209.342,1219.3378
842,3.2371,0.0077,3.2448,0.5841,0.9976269723865877,0.0023730276134122288,181.3636,4.9683,0.0,0.0,0.0,181.36360000000002,4.9683,186.33190000000002,188.3273
843,43.5604,0.0082,43.5686,7.8424,0.9998117910605344,0.00018820893946557842,2402.6566,5.2602,0.0,0.0,0.0,2402.6566000000003,5.2602,2407.9168000000004,2471.9162
844,41.35,0.0081,41.3581,7.4445,0.9998041496103545,0.00019585038964555913,2453.1158,4.9893,0.0,0.0,0.0,2453.1158,4.9893,2458.1051,2486.1088
845,9.116,0.0073,9.1233,1.6422,0.9991998509311323,0.0008001490688676246,514.6365,4.7371,0.0,0.0,0.0,514.6365,4.7371,519.3736,524.3748
846,6.3948,0.0079,6.4028,1.1525,0.9987505466358468,0.0012338351971012682,372.6364,4.8521,0.0,0.0,0.0,372.6364,4.8521,377.4885,378.9922
847,0.5004,0.0083,0.5087,0.0916,0.9836839001376055,0.016316099862394337,27.3637,4.9617,0.0,0.0,0.0,27.3637,4.9617,32.3254,32.3249
848,38.7168,0.0096,38.7263,6.9707,0.9997546886741051,0.0002478935503779085,2109.6294,5.8773,0.0,0.0,0.0,2109.6294,5.8773,2115.5067,2125.5024
849,3.1708,0.0071,3.1779,0.572,0.9977658201957267,0.0022341798042732623,169.2728,4.7504,0.0,0.0,0.0,169.2728,4.7504,174.0232,174.5196
850,28.0787,0.0075,28.0861,5.0555,0.99973652447296,0.0002670360071352021,1581.8181,4.7123,0.0,0.0,0.0,1581.8180999999997,4.712299999999999,1586.5303999999996,1596.03
851,0.337,0.0091,0.3461,0.0623,0.9737070210921699,0.026292978907830108,18.8181,5.6278,0.0,0.0,0.0,18.8181,5.627800000000001,24.4459,24.4478
852,0.6511,0.0074,0.6586,0.1185,0.9886122077133314,0.011235955056179777,35.9092,4.8369,0.0,0.0,0.0,35.9092,4.8369,40.7461,40.7433
853,15.3833,0.0076,15.3909,2.7704,0.9995062017165988,0.0004937982834012306,897.0003,4.7046,0.0,0.0,0.0,897.0002999999999,4.7046,901.7049,909.7036
854,47.305,0.0076,47.3127,8.5163,0.9998372529997231,0.000160633402870688,2661.9765,4.9094,0.0,0.0,0.0,2661.9765,4.9094,2666.8859,2683.8836
855,8.722,0.0069,8.7288,1.5712,0.9992209696636422,0.0007904866648336541,471.636,4.1912,0.0,0.0,0.0,471.636,4.1912,475.8272,479.8235
856,0.9253,0.0084,0.9337,0.1681,0.9910035343258006,0.00899646567419942,53.1819,5.3222,0.0,0.0,0.0,53.181900000000006,5.3222000000000005,58.50410000000001,58.5001
857,37.3055,0.0074,37.3128,6.7163,0.9998043566818893,0.00019832336356424604,2039.1652,4.8464,0.0,0.0,0.0,2039.1651999999997,4.846399999999999,2044.0115999999996,2053.0076
858,0.2868,0.0075,0.2943,0.053,0.9745158002038736,0.0254841997961264,14.9997,4.6847,0.0,0.0,0.0,14.999699999999999,4.6847,19.6844,19.6831
859,15.8595,0.0083,15.8678,2.8562,0.9994769281185798,0.0005230718814202347,826.8182,5.2307,0.0,0.0,0.0,826.8182,5.2307,832.0489,840.5531
860,73.5815,0.0075,73.589,13.246,0.999898082593866,0.00010191740613406896,3866.4509,4.6091,0.0,0.0,0.0,3866.4509,4.609100000000001,3871.06,3899.0646
861,0.2341,0.0083,0.2424,0.0436,0.9657590759075908,0.03424092409240924,12.6363,5.0629,0.0,0.0,0.0,12.6363,5.062900000000001,17.6992,17.6983
862,0.4153,0.0075,0.4227,0.0761,0.9824934942039271,0.017743080198722498,23.0,4.96,0.0,0.0,0.0,23.0,4.959999999999999,27.96,27.9648
863,55.8653,0.0088,55.8742,10.0574,0.9998407136030583,0.00015749666214460341,3024.2826,5.4105,0.0,0.0,0.0,3024.2826,5.410500000000001,3029.6931,3041.689
864,0.8725,0.0075,0.88,0.1584,0.9914772727272728,0.008522727272727272,50.5454,4.6208,0.0,0.0,0.0,50.5454,4.6208,55.1662,55.1672
865,0.1921,0.0089,0.201,0.0362,0.9557213930348257,0.044278606965174126,10.2727,5.3194,0.0,0.0,0.0,10.272699999999997,5.319399999999999,15.592099999999995,15.5903
866,0.3979,0.0084,0.4064,0.0731,0.9790846456692913,0.020669291338582675,23.0,5.2484,0.0,0.0,0.0,23.0,5.2484,28.2484,28.2447
867,65.5106,0.0077,65.5183,11.7933,0.9998824755831577,0.00011752441684231735,3624.3037,5.1193,0.0,0.0,0.0,3624.3037,5.1193,3629.423,3657.4241
868,3.6313,0.0073,3.6386,0.6549,0.9979937338536801,0.0020062661463200134,204.3635,4.4274,0.0,0.0,0.0,204.36350000000002,4.4274000000000004,208.79090000000002,209.7955
869,61.4363,0.0077,61.444,11.0599,0.9998746826378491,0.00012531736215090164,3513.7683,4.8072,0.0,0.0,0.0,3513.7682999999993,4.8072,3518.5754999999995,3566.5746
870,29.7091,0.0084,29.7175,5.3491,0.9997173382686968,0.0002826617313031042,1561.6361,5.1173,0.0,0.0,0.0,1561.6361,5.1173,1566.7534,1590.2548
871,2.7605,0.0082,2.7687,0.4984,0.997038321233792,0.002961678766207968,149.0907,5.2974,0.0,0.0,0.0,149.0907,5.2974,154.3881,154.8903
872,7.1857,0.0071,7.1928,1.2947,0.9990129017906795,0.0009870982093204315,396.3634,4.5592,0.0,0.0,0.0,396.36340000000007,4.559200000000001,400.92260000000005,401.9181
873,58.5503,0.0066,58.5569,10.5402,0.9998872891153733,0.00011271088462674767,3217.1884,4.2407,0.0,0.0,0.0,3217.1884,4.2407,3221.4291,3251.4334
874,22.4521,0.0083,22.4604,4.0429,0.9996304607219819,0.0003695392780182009,1241.6365,5.3534,0.0,0.0,0.0,1241.6365,5.3534,1246.9899,1253.4873
875,10.2206,0.0081,10.2288,1.8412,0.999198341936493,0.0007918817456593148,573.9088,5.159,0.0,0.0,0.0,573.9087999999999,5.159,579.0677999999999,590.5636
876,26.414,0.0074,26.4214,4.7559,0.9997199240009993,0.00028007599900081,1418.5452,4.7463,0.0,0.0,0.0,1418.5452,4.746299999999999,1423.2915,1430.2895
877,35.9111,0.0075,35.9186,6.4653,0.9997911945343081,0.00020880546569186994,1983.7134,4.4162,0.0,0.0,0.0,1983.7134000000003,4.4162,1988.1296000000002,2009.1322
878,0.2731,0.0078,0.281,0.0506,0.9718861209964412,0.027758007117437717,15.1818,5.0717,0.0,0.0,0.0,15.181799999999999,5.0717,20.2535,20.257
879,8.3989,0.0071,8.406,1.5131,0.9991553652153222,0.0008446347846776112,474.0909,4.4475,0.0,0.0,0.0,474.09090000000003,4.4475,478.5384,483.0336
880,8.3322,0.0067,8.3389,1.501,0.9991965367134753,0.0008034632865246015,485.0909,4.1425,0.0,0.0,0.0,485.09090000000003,4.1425,489.2334,496.7306
881,1.3005,0.0081,1.3086,0.2355,0.9938101788170564,0.006189821182943604,73.5456,5.1718,0.0,0.0,0.0,73.5456,5.1718,78.7174,78.7187
882,19.2134,0.0084,19.2218,3.4599,0.999562996181419,0.0004370038185809861,1126.0,5.0941,0.0,0.0,0.0,1126.0,5.094099999999999,1131.0941,1139.5905
883,35.5163,0.0078,35.524,6.3943,0.9997832451300529,0.00021956986825807904,2075.0626,4.8888,0.0,0.0,0.0,2075.0626,4.8888,2079.9514000000004,2099.4473
884,17.105,0.008,17.113,3.0803,0.9995325191374979,0.00046748086250219135,912.7273,5.0434,0.0,0.0,0.0,912.7273000000002,5.0434,917.7707000000003,928.2723
885,0.3802,0.0091,0.3893,0.0701,0.9766247110197791,0.023375288980220912,20.7271,5.5662,0.0,0.0,0.0,20.727099999999997,5.5662,26.293299999999995,26.2978
886,67.9538,0.0097,67.9635,12.2334,0.9998572763321489,0.00014272366785112597,3731.7235,5.6132,0.0,0.0,0.0,3731.723499999999,5.613200000000001,3737.336699999999,3760.3373
887,1.1704,0.0082,1.1786,0.2121,0.9930425929068386,0.006957407093161378,64.0002,4.7979,0.0,0.0,0.0,64.0002,4.7978999999999985,68.7981,70.2999
888,4.0158,0.0075,4.0233,0.7242,0.998135858623518,0.0018641413764819924,217.0908,4.876,0.0,0.0,0.0,217.09080000000003,4.876,221.96680000000003,224.9686
889,59.4554,0.008,59.4635,10.7034,0.999863781983906,0.00013453631219151243,3472.5751,5.0719,0.0,0.0,0.0,3472.5751,5.0719,3477.647,3492.1476
890,59.1066,0.006,59.1127,10.6403,0.9998968072850674,0.00010150103108130741,3195.909,4.1722,0.0,0.0,0.0,3195.9089999999997,4.1722,3200.0811999999996,3214.5771
891,31.7903,0.0075,31.7978,5.7236,0.9997641346256659,0.00023586537433407343,1853.0908,4.8935,0.0,0.0,0.0,1853.0907999999997,4.8934999999999995,1857.9842999999996,1877.4802
892,8.5689,0.0078,8.5768,1.5438,0.9990789105493889,0.0009094300904766346,468.4545,5.0533,0.0,0.0,0.0,468.4545,5.053299999999999,473.5078,477.011
893,0.6125,0.0081,0.6206,0.1117,0.9869481147276828,0.01305188527231711,33.7275,5.2257,0.0,0.0,0.0,33.7275,5.225700000000001,38.9532,38.9565
894,5.6622,0.0084,5.6706,1.0207,0.998518675272458,0.001481324727542059,319.9089,5.247,0.0,0.0,0.0,319.90889999999996,5.247,325.1559,326.1536
895,3.8861,0.0085,3.8946,0.701,0.9978174908848149,0.0021825091151851284,217.2728,5.4634,0.0,0.0,0.0,217.27279999999996,5.4634,222.73619999999997,227.2405
896,0.8196,0.008,0.8276,0.149,0.9903334944417593,0.009666505558240696,44.5453,5.305,0.0,0.0,0.0,44.5453,5.305,49.8503,49.8482
897,0.3471,0.0072,0.3542,0.0638,0.9799548277809148,0.020327498588368152,19.7273,4.5852,0.0,0.0,0.0,19.727299999999996,4.5852,24.312499999999996,24.3083
898,26.8858,0.0072,26.8929,4.8407,0.9997359897965633,0.00026772865700612426,1480.1819,4.6138,0.0,0.0,0.0,1480.1819000000003,4.6138,1484.7957000000004,1493.7941
899,1.0565,0.0071,1.0635,0.1914,0.993417959567466,0.006676069581570288,57.0,4.6888,0.0,0.0,0.0,57.0,4.6888000000000005,61.6888,62.6933
900,0.6761,0.0074,0.6836,0.123,0.9890286717378585,0.01082504388531305,36.909,4.6392,0.0,0.0,0.0,36.909000000000006,4.6392,41.54820000000001,41.5451
901,3.9418,0.0085,3.9503,0.7111,0.9978482646887579,0.0021517353112421845,225.5456,5.6978,0.0,0.0,0.0,225.54559999999998,5.697800000000001,231.24339999999998,233.7404
902,0.4811,0.0085,0.4896,0.0881,0.982638888888889,0.017361111111111112,26.182,5.0827,0.0,0.0,0.0,26.182000000000002,5.0827,31.2647,31.2604
903,3.4609,0.008,3.4688,0.6244,0.9977225553505535,0.0023062730627306273,190.9092,4.6774,0.0,0.0,0.0,190.9092,4.6774,195.5866,197.0915
904,0.7905,0.007,0.7975,0.1435,0.9912225705329154,0.00877742946708464,42.1818,4.4805,0.0,0.0,0.0,42.181799999999996,4.480499999999999,46.662299999999995,47.6662
905,1.6735,0.0093,1.6828,0.3029,0.9944734965533634,0.005526503446636557,95.4548,5.8002,0.0,0.0,0.0,95.4548,5.800199999999999,101.25500000000001,103.2513
906,3.3933,0.0077,3.401,0.6122,0.9977359600117613,0.0022640399882387537,201.3638,4.9703,0.0,0.0,0.0,201.3638,4.970300000000001,206.3341,208.3329
907,4.248,0.0069,4.2548,0.7659,0.9984018050202125,0.0016216978471373506,243.2726,4.4248,0.0,0.0,0.0,243.2726,4.4248,247.69740000000002,249.1996
908,8.4807,0.0069,8.4876,1.5278,0.9991870493425703,0.000812950657429662,458.3634,4.4036,0.0,0.0,0.0,458.36340000000007,4.403600000000001,462.76700000000005,464.768
909,1.4097,0.0074,1.4171,0.2551,0.9947780678851175,0.005221932114882507,76.1819,4.7244,0.0,0.0,0.0,76.1819,4.724399999999999,80.9063,80.9028
910,2.5206,0.0064,2.5271,0.4549,0.9974278817617032,0.0025325471884769103,130.8182,3.9454,0.0,0.0,0.0,130.8182,3.9454,134.7636,134.7614
911,0.4369,0.0074,0.4443,0.08,0.9833445869907721,0.016655413009228,24.2728,4.5029,0.0,0.0,0.0,24.2728,4.5028999999999995,28.7757,28.7781
912,17.1679,0.0089,17.1768,3.0918,0.9994818592520143,0.000518140747985655,923.4545,5.4565,0.0,0.0,0.0,923.4545,5.4565,928.9110000000001,937.4119
913,0.4472,0.0073,0.4545,0.0818,0.9839383938393839,0.01606160616061606,24.5454,4.3695,0.0,0.0,0.0,24.545399999999997,4.3694999999999995,28.914899999999996,28.9192
914,2.1356,0.0091,2.1447,0.386,0.9957569823285309,0.004243017671469204,122.2728,5.7833,0.0,0.0,0.0,122.27280000000002,5.7833000000000006,128.05610000000001,130.052
915,0.6611,0.0074,0.6685,0.1203,0.9889304412864622,0.011069558713537772,35.0,4.7905,0.0,0.0,0.0,35.00000000000001,4.7905,39.79050000000001,39.7932
916,1.7231,0.0084,1.7316,0.3117,0.9950912450912451,0.004851004851004851,97.8182,5.3231,0.0,0.0,0.0,97.81819999999999,5.3231,103.14129999999999,104.1452
917,11.5929,0.0079,11.6008,2.0881,0.9993190124818978,0.0006809875181021999,669.5457,5.0915,0.0,0.0,0.0,669.5456999999999,5.0915,674.6371999999999,676.6333
918,66.6164,0.0072,66.6236,11.9922,0.9998919301869008,0.00010806981309926213,3870.7285,4.4583,0.0,0.0,0.0,3870.7284999999997,4.4583,3875.1867999999995,3903.1821
919,1.875,0.0083,1.8833,0.339,0.995592842351192,0.004407157648807943,100.9997,5.0932,0.0,0.0,0.0,100.99969999999998,5.0932,106.09289999999997,107.0941
920,5.134,0.01,5.1441,0.9259,0.9980365856029239,0.0019439746505705566,283.1822,6.0736,0.0,0.0,0.0,283.18219999999997,6.0736,289.25579999999997,292.2523
921,69.0148,0.0084,69.0232,12.4242,0.9998783017883841,0.00012169821161580452,3830.4295,5.685,0.0,0.0,0.0,3830.4294999999997,5.6850000000000005,3836.1144999999997,3883.6101
922,0.3447,0.0085,0.3532,0.0636,0.9759343148357871,0.02406568516421291,18.3635,5.4927,0.0,0.0,0.0,18.363500000000002,5.4927,23.8562,24.8554
923,1.7238,0.0075,1.7313,0.3116,0.9956679951481545,0.004332004851845434,89.4546,4.5926,0.0,0.0,0.0,89.45459999999999,4.5926,94.04719999999999,94.0473
924,0.9215,0.0059,0.9273,0.1669,0.9937452820015097,0.0063625579639814515,48.5454,3.754,0.0,0.0,0.0,48.5454,3.7539999999999996,52.2994,52.302
925,22.6819,0.0079,22.6898,4.0842,0.9996518259305942,0.000348174069405636,1271.9998,4.608,0.0,0.0,0.0,1271.9998,4.6080000000000005,1276.6078,1289.1077
926,0.3488,0.0078,0.3566,0.0642,0.9781267526640495,0.021873247335950644,18.6364,4.7474,0.0,0.0,0.0,18.6364,4.7474,23.383799999999997,23.3882
927,0.4478,0.007,0.4548,0.0819,0.9846086191732629,0.015391380826737027,24.1816,4.5524,0.0,0.0,0.0,24.1816,4.5524,28.733999999999998,28.7312
928,0.4468,0.0075,0.4543,0.0818,0.9834910851860005,0.016508914813999558,23.6364,4.5873,0.0,0.0,0.0,23.636400000000002,4.5873,28.2237,28.2218
929,2.1378,0.0079,2.1457,0.3862,0.9963182178310107,0.003681782168989141,117.7272,4.8838,0.0,0.0,0.0,117.72719999999998,4.883800000000001,122.61099999999999,124.1113
930,4.5516,0.0078,4.5595,0.8207,0.9982673538765215,0.0017107138940673319,254.091,5.0991,0.0,0.0,0.0,254.091,5.0991,259.19010000000003,259.1947
931,2.0499,0.0083,2.0582,0.3705,0.9959673501117482,0.004032649888251871,115.3638,5.1994,0.0,0.0,0.0,115.3638,5.1994,120.5632,121.0586
932,10.727,0.0071,10.7342,1.9321,0.9993292467067877,0.0006614372752510668,579.9094,4.5952,0.0,0.0,0.0,579.9094,4.5952,584.5046,587.5008
933,3.2499,0.0074,3.2573,0.5863,0.9977281797808,0.002271820219199951,177.3635,5.0131,0.0,0.0,0.0,177.3635,5.0131,182.3766,182.375
934,4.1809,0.0078,4.1887,0.754,0.9981378470647219,0.0018621529352782487,228.8181,4.9384,0.0,0.0,0.0,228.8181,4.9384,233.7565,236.7547
935,71.9731,0.0076,71.9807,12.9565,0.9998944161421048,0.00010558385789524136,3930.7544,4.9071,0.0,0.0,0.0,3930.7544,4.907099999999999,3935.6614999999997,3957.1587
936,6.6974,0.0069,6.7043,1.2068,0.9989708097787987,0.0010291902212013185,356.3638,4.4734,0.0,0.0,0.0,356.3638000000001,4.473400000000001,360.8372000000001,363.8327
937,3.6557,0.0077,3.6633,0.6594,0.9979253678377419,0.0021019299538667323,197.6363,4.6307,0.0,0.0,0.0,197.6363,4.630699999999999,202.267,204.7636
938,24.0181,0.0078,24.0259,4.3247,0.9996753503510795,0.0003246496489205399,1402.8182,4.7494,0.0,0.0,0.0,1402.8182,4.7494,1407.5675999999999,1410.5673
939,7.0619,0.0079,7.0698,1.2726,0.9988825709355286,0.0011174290644714137,367.6362,5.1395,0.0,0.0,0.0,367.6362,5.139499999999999,372.7757,377.7732
940,1.6789,0.0091,1.688,0.3038,0.9946090047393366,0.005390995260663507,88.4543,5.5053,0.0,0.0,0.0,88.4543,5.5053,93.95960000000001,93.957
941,13.4954,0.007,13.5024,2.4304,0.9994815736461666,0.0005184263538333926,748.0,4.3535,0.0,0.0,0.0,748.0,4.3534999999999995,752.3535,756.8548
942,12.2862,0.0078,12.294,2.2129,0.9993655441678867,0.0006344558321132259,642.6364,4.7437,0.0,0.0,0.0,642.6364,4.7437,647.3801,651.3836
943,22.3787,0.0079,22.3866,4.0296,0.9996471103249264,0.0003528896750734815,1201.8183,5.0504,0.0,0.0,0.0,1201.8183,5.050400000000001,1206.8687,1213.8673
944,19.2683,0.009,19.2773,3.4699,0.9995331296395242,0.00046687036047579275,1093.091,5.4714,0.0,0.0,0.0,1093.091,5.4714,1098.5623999999998,1104.5603
945,14.3088,0.0066,14.3154,2.5768,0.9995389580451821,0.0004610419548178884,836.8184,3.9817,0.0,0.0,0.0,836.8184000000001,3.9817,840.8001000000002,847.3037
946,4.6566,0.0069,4.6636,0.8394,0.9984990136375334,0.00147954370014581,249.8182,4.2146,0.0,0.0,0.0,249.8182,4.214600000000001,254.03279999999998,254.5307
947,16.965,0.0089,16.9739,3.0553,0.9994756655806856,0.0005243344193143591,893.9092,5.5,0.0,0.0,0.0,893.9091999999999,5.499999999999999,899.4091999999999,905.9089
948,2.0125,0.0073,2.0198,0.3636,0.9963857807703733,0.003614219229626696,106.2729,4.5932,0.0,0.0,0.0,106.27289999999999,4.5931999999999995,110.86609999999999,111.3642
949,1.6124,0.0092,1.6216,0.2919,0.9943265910212137,0.005673408978786384,90.5456,5.8212,0.0,0.0,0.0,90.54560000000001,5.821199999999999,96.36680000000001,96.8643
950,10.7655,0.0078,10.7733,1.9392,0.9992759878588732,0.0007240121411266742,591.0911,5.0179,0.0,0.0,0.0,591.0911000000001,5.0179,596.1090000000002,606.1083
951,0.5047,0.0071,0.5118,0.0921,0.9861273935130911,0.013872606486908948,27.4545,4.7383,0.0,0.0,0.0,27.454500000000003,4.7383,32.192800000000005,32.1901
952,0.7435,0.0074,0.7509,0.1352,0.9901451591423626,0.009854840857637503,41.3636,4.862,0.0,0.0,0.0,41.363600000000005,4.862,46.22560000000001,46.2227
953,0.7,0.0089,0.7089,0.1276,0.9874453378473691,0.012554662152630836,37.0001,5.4489,0.0,0.0,0.0,37.0001,5.448899999999999,42.449000000000005,42.4471
954,17.503,0.0078,17.5108,3.1519,0.999554560614021,0.0004454393859789387,969.5453,5.2393,0.0,0.0,0.0,969.5453,5.2393,974.7846,989.7813
955,0.7989,0.008,0.8068,0.1452,0.9902082300446209,0.00991571641051066,42.2728,5.3786,0.0,0.0,0.0,42.2728,5.3786,47.651399999999995,47.6483
956,3.0975,0.0082,3.1057,0.559,0.9973596934668513,0.002640306533148727,171.9091,4.9758,0.0,0.0,0.0,171.9091,4.9758000000000004,176.8849,178.3869
957,19.7946,0.0072,19.8018,3.5643,0.9996363966912098,0.00036360330879010996,1129.727,4.5842,0.0,0.0,0.0,1129.727,4.5842,1134.3112,1166.3088
958,1.5865,0.0072,1.5938,0.2869,0.9954197515372066,0.004517505333166018,90.1817,4.6873,0.0,0.0,0.0,90.1817,4.6873000000000005,94.869,94.8713
959,8.245,0.0092,8.2542,1.4858,0.9988854159094762,0.001114584090523612,431.1819,5.3905,0.0,0.0,0.0,431.18190000000004,5.3905,436.5724,439.5681
960,10.1967,0.0097,10.2064,1.8372,0.9990496159272613,0.0009503840727386738,565.8184,5.559,0.0,0.0,0.0,565.8183999999999,5.559,571.3773999999999,574.3816
961,3.5353,0.0073,3.5426,0.6377,0.9979393665669282,0.002060633433071755,196.2727,4.2917,0.0,0.0,0.0,196.27270000000001,4.2917,200.5644,201.5686
962,53.5419,0.0078,53.5496,9.6389,0.9998562080762508,0.0001456593513303554,2892.5776,4.6755,0.0,0.0,0.0,2892.5775999999996,4.6755,2897.2530999999994,2922.7556
963,4.4399,0.0085,4.4484,0.8007,0.9980892006114557,0.0019107993885441957,238.6364,5.2133,0.0,0.0,0.0,238.63639999999998,5.213299999999999,243.84969999999998,244.3531
964,5.0713,0.0071,5.0784,0.9141,0.9986019218651543,0.0013980781348456206,284.909,4.4506,0.0,0.0,0.0,284.909,4.4506,289.3596,292.8642
965,3.4516,0.0096,3.4612,0.623,0.9972263954697793,0.0027736045302207326,187.0912,5.636,0.0,0.0,0.0,187.09119999999996,5.636,192.72719999999995,193.7295
966,0.5367,0.0074,0.5441,0.0979,0.986399558904613,0.013600441095386877,29.8182,4.6187,0.0,0.0,0.0,29.818199999999997,4.6187000000000005,34.436899999999994,34.4369
967,34.741,0.007,34.748,6.2546,0.9997985495568091,0.00020145044319097504,1920.1126,4.5091,0.0,0.0,0.0,1920.1126,4.509099999999999,1924.6217,1937.6175
968,52.1527,0.0079,52.1606,9.3889,0.999848544686986,0.00015145531301403743,3007.6851,5.1568,0.0,0.0,0.0,3007.6851,5.1568,3012.8419000000004,3018.3464
969,21.8582,0.0084,21.8666,3.936,0.9996158524873552,0.00038414751264485565,1178.7275,5.1694,0.0,0.0,0.0,1178.7275,5.1693999999999996,1183.8969,1192.8995
970,4.4308,0.0078,4.4386,0.7989,0.9982426891362141,0.0017573108637858783,251.5454,4.8864,0.0,0.0,0.0,251.54540000000003,4.8864,256.4318,258.4359
971,55.4896,0.0084,55.498,9.9896,0.9998486431943494,0.00015135680565065408,3043.8752,5.2631,0.0,0.0,0.0,3043.8752,5.263100000000001,3049.1383,3066.6376
972,0.2435,0.0078,0.2513,0.0452,0.9689614007162752,0.031038599283724627,13.7272,4.8996,0.0,0.0,0.0,13.727200000000003,4.8995999999999995,18.626800000000003,18.6314
973,3.4361,0.0078,3.4439,0.6199,0.997735125874735,0.0022648741252649612,191.5455,5.1274,0.0,0.0,0.0,191.54549999999998,5.127400000000001,196.67289999999997,196.6773
974,3.6288,0.0084,3.6372,0.6547,0.9976905311778291,0.0023094688221709007,201.6363,5.1301,0.0,0.0,0.0,201.63630000000003,5.1301,206.76640000000003,211.2667
975,6.5593,0.0067,6.566,1.1819,0.9989795918367348,0.0010204081632653062,382.6366,4.1453,0.0,0.0,0.0,382.63659999999993,4.1453,386.78189999999995,392.2802
976,6.3778,0.0082,6.386,1.1495,0.9987159411212025,0.0012840588787973693,369.0,5.0998,0.0,0.0,0.0,369.0,5.0998,374.0998,377.5957
977,0.2003,0.0082,0.2085,0.0375,0.9606714628297363,0.03932853717026379,10.8183,5.1389,0.0,0.0,0.0,10.8183,5.1389,15.9572,15.9568
978,70.8135,0.0071,70.8206,12.7477,0.9998997466838746,0.0001002533161255341,3875.3618,4.4984,0.0,0.0,0.0,3875.3617999999997,4.4984,3879.8601999999996,3937.3591
979,5.4941,0.0067,5.5008,0.9901,0.9987819953461315,0.0012180046538685283,297.3635,4.3152,0.0,0.0,0.0,297.36350000000004,4.3152,301.67870000000005,303.1771
980,0.9122,0.0071,0.9193,0.1655,0.9922767322963124,0.007723267703687589,49.9092,4.5938,0.0,0.0,0.0,49.9092,4.593800000000001,54.503,54.507
981,0.4301,0.0068,0.4369,0.0786,0.9844357976653696,0.015564202334630349,22.6363,4.5155,0.0,0.0,0.0,22.636300000000002,4.515499999999999,27.1518,27.1489
982,5.6926,0.0086,5.7012,1.0262,0.9984915456395144,0.0015084543604855119,303.0,5.3325,0.0,0.0,0.0,303.0,5.3325000000000005,308.3325,310.8322
983,23.1359,0.0092,23.1451,4.1661,0.9996025076582085,0.0003974923417915671,1233.5454,5.9839,0.0,0.0,0.0,1233.5454,5.9839,1239.5293,1248.0318
984,0.5256,0.0083,0.5339,0.0961,0.9844540176062931,0.015545982393706685,28.182,5.1304,0.0,0.0,0.0,28.182000000000002,5.1304,33.312400000000004,33.3124
985,7.8072,0.0084,7.8157,1.4068,0.9989124454623387,0.0010747597783947694,436.7272,5.6693,0.0,0.0,0.0,436.72720000000004,5.669300000000001,442.39650000000006,445.8925
986,3.4749,0.0071,3.482,0.6268,0.9979609419873635,0.002039058012636416,188.5453,4.6748,0.0,0.0,0.0,188.5453,4.674799999999999,193.2201,193.7215
987,62.2323,0.0074,62.2397,11.2031,0.9998811048253767,0.00011889517462327101,3504.8575,4.6801,0.0,0.0,0.0,3504.8574999999996,4.6801,3509.5375999999997,3540.0389
988,0.4481,0.0091,0.4572,0.0823,0.9800962379702537,0.019903762029746284,24.8182,5.3174,0.0,0.0,0.0,24.818200000000004,5.317400000000001,30.135600000000004,30.1324
989,0.4073,0.0088,0.4161,0.0749,0.9788512376832491,0.02114876231675078,22.2728,5.6015,0.0,0.0,0.0,22.272800000000007,5.601500000000001,27.87430000000001,27.8766
990,0.5885,0.007,0.5955,0.1072,0.9882451721242653,0.011754827875734676,32.3636,4.4461,0.0,0.0,0.0,32.363600000000005,4.4460999999999995,36.80970000000001,36.8062
991,2.278,0.0073,2.2853,0.4114,0.9968056710278739,0.003194328972126198,124.3636,4.6199,0.0,0.0,0.0,124.36360000000002,4.6198999999999995,128.98350000000002,129.4819
992,0.2711,0.0062,0.2773,0.0499,0.9776415434547422,0.022358456545257845,15.4547,3.7869,0.0,0.0,0.0,15.454699999999999,3.7869,19.2416,19.2393
993,0.4359,0.007,0.4429,0.0797,0.9841950778956875,0.015804922104312485,24.2727,4.2599,0.0,0.0,0.0,24.272700000000007,4.2599,28.53260000000001,28.5314
994,13.0213,0.008,13.0293,2.3453,0.9993859992478491,0.0006140007521509215,722.0,4.8508,0.0,0.0,0.0,722.0,4.8508,726.8508,731.846
995,5.5881,0.0077,5.5958,1.0072,0.9986239679759821,0.0013760320240180136,311.2728,4.928,0.0,0.0,0.0,311.27279999999996,4.928000000000001,316.20079999999996,318.7007
996,1.9204,0.0099,1.9303,0.3475,0.9948712635341658,0.005128736465834327,104.9998,5.7827,0.0,0.0,0.0,104.99979999999998,5.782699999999999,110.78249999999998,110.7855
997,17.731,0.0072,17.7382,3.1929,0.9995940963570149,0.0004059036429851958,983.182,4.3613,0.0,0.0,0.0,983.182,4.3613,987.5433,998.5453
998,69.5187,0.008,69.5267,12.5148,0.9998849362906623,0.00011506370933756383,4008.515,4.8111,0.0,0.0,0.0,4008.515,4.8111,4013.3260999999998,4039.8214
999,51.945,0.0073,51.9523,9.3514,0.9998594864904923,0.00014051350950776,2899.5144,4.5392,0.0,0.0,0.0,2899.5144000000005,4.539199999999999,2904.0536000000006,2917.555
1000,32.9602,0.008,32.9682,5.9343,0.9997573419234291,0.00024265807657075604,1958.6418,4.9721,0.0,0.0,0.0,1958.6417999999996,4.9721,1963.6138999999996,1975.616
1001,55.698,0.0079,55.7059,10.0271,0.9998581837830464,0.00014181621695367997,3107.9913,5.0709,0.0,0.0,0.0,3107.9913,5.0709,3113.0622000000003,3144.0632
1002,26.4622,0.0078,26.4699,4.7646,0.9997091035478034,0.00029467432819919984,1379.9092,4.7013,0.0,0.0,0.0,1379.9092000000005,4.7013,1384.6105000000005,1422.6114
1003,0.8051,0.0085,0.8136,0.1464,0.9895526057030483,0.01044739429695182,45.2728,5.5518,0.0,0.0,0.0,45.2728,5.551799999999999,50.8246,50.8292
1004,1.4227,0.0079,1.4306,0.2575,0.9944778414651195,0.00552215853488047,81.8181,4.78,0.0,0.0,0.0,81.81809999999999,4.78,86.59809999999999,86.6015
1005,2.9788,0.007,2.9858,0.5374,0.9976555696965639,0.002344430303436265,163.3636,4.5522,0.0,0.0,0.0,163.36360000000002,4.5522,167.91580000000002,172.4122
1006,13.6192,0.0078,13.627,2.4529,0.9994276069567769,0.0005723930432230131,727.9091,4.7735,0.0,0.0,0.0,727.9090999999999,4.7735,732.6825999999999,735.683
1007,2.2108,0.0084,2.2192,0.3995,0.9962148521989906,0.003785147801009373,118.1818,5.0981,0.0,0.0,0.0,118.18180000000001,5.0981000000000005,123.27990000000001,123.2758
1008,2.2302,0.009,2.2392,0.4031,0.9959807073954985,0.0040192926045016075,127.4547,5.43,0.0,0.0,0.0,127.45469999999999,5.43,132.88469999999998,133.8847
1009,11.5317,0.0083,11.54,2.0772,0.9992807625649914,0.0007192374350086655,632.4543,5.3646,0.0,0.0,0.0,632.4543,5.364599999999999,637.8189,641.8167
1010,4.3197,0.009,4.3287,0.7792,0.9979208538360246,0.0020791461639753273,232.9999,5.3743,0.0,0.0,0.0,232.99990000000003,5.374300000000001,238.37420000000003,239.3753
1011,2.4492,0.0072,2.4565,0.4422,0.9970282922857723,0.002930999389375127,130.7273,4.5765,0.0,0.0,0.0,130.72729999999999,4.5765,135.3038,135.8035
1012,5.9951,0.0072,6.0023,1.0804,0.9988004598237342,0.0011995401762657648,336.6364,4.5545,0.0,0.0,0.0,336.63639999999987,4.5545,341.1908999999999,344.6916
1013,3.6691,0.0086,3.6777,0.662,0.9976615819669902,0.0023384180330097613,197.1818,5.2553,0.0,0.0,0.0,197.1818,5.255299999999999,202.43710000000002,202.433
1014,2.6294,0.0091,2.6385,0.4749,0.9965510706841008,0.003448929315899185,148.7272,5.5863,0.0,0.0,0.0,148.7272,5.5863000000000005,154.3135,156.3145
1015,18.5428,0.007,18.5498,3.339,0.9996226374408349,0.00037736255916505834,1044.909,4.6255,0.0,0.0,0.0,1044.909,4.625500000000001,1049.5345000000002,1052.0302
1016,22.395,0.0069,22.4019,4.0323,0.9996919904115276,0.0003080095884724063,1214.1819,4.5775,0.0,0.0,0.0,1214.1819000000003,4.5775,1218.7594000000004,1225.2613
1017,63.8857,0.0078,63.8935,11.5008,0.9998779218543357,0.00012207814566426943,3608.5034,4.8643,0.0,0.0,0.0,3608.5034000000005,4.8643,3613.3677000000007,3627.8714
1018,59.6903,0.0078,59.6981,10.7457,0.999869342575392,0.00013065742460815336,3383.7159,5.0165,0.0,0.0,0.0,3383.7159,5.0165,3388.7324000000003,3429.7353
1019,0.3062,0.0085,0.3147,0.0566,0.9729901493485861,0.02700985065141405,17.1817,5.3734,0.0,0.0,0.0,17.181699999999996,5.3734,22.555099999999996,22.5545
1020,15.0275,0.0071,15.0346,2.7062,0.9995277559762149,0.00047224402378513567,802.909,4.1651,0.0,0.0,0.0,802.9089999999999,4.1651,807.0740999999999,810.0747
1021,5.8887,0.0076,5.8962,1.0613,0.9987279943014145,0.00128896577456667,342.6364,4.8858,0.0,0.0,0.0,342.6364,4.885800000000001,347.5222,349.0187
1022,16.6929,0.0079,16.7009,3.0062,0.9995209838990714,0.00047302839966708384,900.2725,4.9138,0.0,0.0,0.0,900.2724999999999,4.913799999999999,905.1863,910.1903
1023,0.9674,0.0078,0.9752,0.1755,0.9920016406890895,0.007998359310910582,53.1818,4.8979,0.0,0.0,0.0,53.181799999999996,4.8979,58.079699999999995,58.0782
1024,0.6426,0.0074,0.6499,0.117,0.9887675026927218,0.011386367133405139,34.8184,4.7327,0.0,0.0,0.0,34.818400000000004,4.7327,39.551100000000005,39.5548
1025,0.9876,0.008,0.9956,0.1792,0.9919646444355162,0.008035355564483728,51.8182,5.3021,0.0,0.0,0.0,51.81819999999999,5.3021,57.12029999999999,57.1225
1026,3.019,0.0082,3.0272,0.5449,0.9972912262156448,0.00270877378435518,172.0001,5.4072,0.0,0.0,0.0,172.00009999999997,5.4072000000000005,177.40729999999996,177.4069
1027,5.9722,0.0068,5.979,1.0762,0.9988626860679043,0.001137313932095668,316.6365,4.5259,0.0,0.0,0.0,316.63649999999996,4.5259,321.16239999999993,325.1623
1028,14.8843,0.0071,14.8914,2.6805,0.9995232147413943,0.0004767852586056382,843.6361,4.412,0.0,0.0,0.0,843.6361,4.411999999999999,848.0481000000001,852.5458
1029,2.3516,0.0079,2.3595,0.4247,0.9966518330154692,0.003348166984530621,135.0911,4.5396,0.0,0.0,0.0,135.09109999999998,4.5396,139.6307,141.1334
1030,0.6318,0.0087,0.6405,0.1153,0.986416861826698,0.013583138173302107,35.5454,5.4416,0.0,0.0,0.0,35.5454,5.4416,40.987,40.9831
1031,2.1775,0.0087,2.1862,0.3935,0.9960204921782089,0.003979507821791236,121.6363,5.2765,0.0,0.0,0.0,121.63629999999999,5.2764999999999995,126.91279999999999,126.9169
1032,4.4891,0.0076,4.4967,0.8094,0.9983098716836791,0.0016901283163208577,237.0908,4.8189,0.0,0.0,0.0,237.0908,4.8189,241.90970000000002,243.9139
1033,15.9295,0.0065,15.936,2.8685,0.9995921184738956,0.00040788152610441765,858.6364,4.0675,0.0,0.0,0.0,858.6364,4.067500000000001,862.7039,869.2033
1034,56.84,0.0081,56.8481,10.2327,0.9998575150268875,0.00014248497311255783,3256.0394,5.1098,0.0,0.0,0.0,3256.0394000000006,5.109799999999999,3261.1492000000007,3320.1536
1035,2.9651,0.0081,2.9732,0.5352,0.9972756625857663,0.002724337414233822,157.7275,5.1136,0.0,0.0,0.0,157.72750000000002,5.1136,162.8411,163.3378
1036,1.1102,0.0095,1.1197,0.2016,0.9915155845315711,0.008484415468429044,62.9091,5.4821,0.0,0.0,0.0,62.9091,5.4821,68.3912,69.3943
1037,21.3012,0.0089,21.3101,3.8358,0.9995823576613907,0.0004176423386093918,1186.9092,5.7466,0.0,0.0,0.0,1186.9092,5.7466,1192.6558,1198.1575
1038,67.2792,0.0078,67.2869,12.1116,0.9998855646492854,0.0001159215241005307,3651.8069,4.5073,0.0,0.0,0.0,3651.8068999999996,4.5073,3656.3142,3674.3142
1039,14.6867,0.0081,14.6948,2.6451,0.9994487846040776,0.000551215395922367,782.8181,5.1084,0.0,0.0,0.0,782.8181,5.1084,787.9264999999999,792.4313
1040,43.4749,0.0079,43.4828,7.8269,0.9998183189674998,0.000181681032500207,2513.6457,4.7417,0.0,0.0,0.0,2513.6457000000005,4.7417,2518.3874000000005,2535.3828
1041,0.2003,0.0075,0.2078,0.0374,0.96390760346487,0.03609239653512993,10.818,4.5254,0.0,0.0,0.0,10.818000000000001,4.5254,15.343400000000003,15.3464
1042,0.2705,0.0077,0.2782,0.0501,0.9723220704529116,0.027677929547088427,14.3636,4.9937,0.0,0.0,0.0,14.363600000000002,4.9937,19.357300000000002,19.3541
1043,8.1359,0.0081,8.144,1.4659,0.9990054027504911,0.0009945972495088407,448.0002,5.1043,0.0,0.0,0.0,448.0002,5.1043,453.10450000000003,457.1053
1044,12.2974,0.0081,12.3055,2.215,0.9993417577505993,0.0006582422494006744,720.7274,4.8697,0.0,0.0,0.0,720.7274000000001,4.8697,725.5971000000001,728.0981
1045,0.5651,0.0076,0.5727,0.1031,0.9867295268028637,0.013270473197136371,31.909,4.9137,0.0,0.0,0.0,31.909,4.9137,36.8227,36.8261
1046,12.0841,0.0076,12.0916,2.1765,0.9993797346918522,0.0006285355122564425,663.0911,4.8899,0.0,0.0,0.0,663.0911000000001,4.8899,667.9810000000001,670.4768
1047,7.022,0.008,7.03,1.2654,0.9988620199146515,0.0011379800853485063,368.0907,5.2839,0.0,0.0,0.0,368.09069999999997,5.2839,373.3746,374.8779
1048,10.8516,0.008,10.8597,1.9547,0.999254123042073,0.0007366686004217428,597.0911,5.1093,0.0,0.0,0.0,597.0911000000001,5.109300000000001,602.2004000000001,607.1961
1049,0.4757,0.0084,0.484,0.0871,0.9828512396694216,0.017355371900826446,27.0908,5.1348,0.0,0.0,0.0,27.090799999999994,5.134799999999999,32.22559999999999,32.2243
1050,25.2735,0.0087,25.2821,4.5508,0.9996598383836786,0.0003441169839530735,1481.5454,5.0662,0.0,0.0,0.0,1481.5454,5.066199999999999,1486.6116,1507.1156
1051,28.4191,0.0085,28.4276,5.117,0.9997009948078627,0.00029900519213721876,1677.3636,5.3913,0.0,0.0,0.0,1677.3635999999997,5.391299999999999,1682.7548999999997,1690.2519
1052,0.1567,0.0074,0.1642,0.0296,0.9543239951278928,0.04506699147381242,8.3636,4.6572,0.0,0.0,0.0,8.363600000000002,4.6572,13.020800000000001,13.0217
1053,0.8278,0.0086,0.8364,0.1506,0.989717838354854,0.010282161645145864,44.0,5.1753,0.0,0.0,0.0,44.0,5.175299999999999,49.1753,49.1798
1054,0.6992,0.008,0.7072,0.1273,0.9886877828054299,0.011312217194570135,38.2727,5.0981,0.0,0.0,0.0,38.2727,5.0981000000000005,43.3708,43.3676
1055,67.2914,0.0067,67.298,12.1136,0.9999019287348806,9.955719337870367e-05,3664.5553,4.2801,0.0,0.0,0.0,3664.5552999999995,4.2801,3668.8353999999995,3697.3326
1056,68.8295,0.0087,68.8381,12.3909,0.999875069184071,0.00012638349983512038,3807.8204,5.2462,0.0,0.0,0.0,3807.8204000000005,5.246200000000001,3813.0666000000006,3836.5638
1057,5.0288,0.0074,5.0362,0.9065,0.9985306381795799,0.0014693618204201582,267.4543,4.6163,0.0,0.0,0.0,267.4543,4.616300000000001,272.0706,272.5696
1058,0.4773,0.0101,0.4875,0.0877,0.9790769230769231,0.020717948717948718,26.6363,6.0815,0.0,0.0,0.0,26.636300000000002,6.081499999999999,32.717800000000004,32.7216
1059,4.6159,0.0069,4.6229,0.8321,0.9984857989573644,0.0014925695991693526,257.7273,4.3017,0.0,0.0,0.0,257.7273,4.3017,262.029,264.5328
1060,40.9563,0.0085,40.9648,7.3737,0.9997925047845956,0.00020749521540444483,2156.6364,5.2993,0.0,0.0,0.0,2156.6364000000003,5.299300000000001,2161.9357000000005,2165.4395
1061,43.7448,0.0079,43.7527,7.8755,0.9998194397145777,0.0001805602854223854,2459.4868,5.2126,0.0,0.0,0.0,2459.4868,5.2126,2464.6994,2506.2032
1062,28.4875,0.0081,28.4956,5.1292,0.9997157455887927,0.0002842544112073443,1640.9998,5.4045,0.0,0.0,0.0,1640.9998,5.404499999999999,1646.4043000000001,1656.9067
1063,12.718,0.0088,12.7268,2.2908,0.9993085457459848,0.0006914542540151492,711.6363,5.4116,0.0,0.0,0.0,711.6363,5.411600000000001,717.0479,719.0444
1064,17.1138,0.009,17.1227,3.0821,0.9994802221612248,0.0005256180392111058,932.4545,5.4881,0.0,0.0,0.0,932.4544999999999,5.488099999999999,937.9426,942.4414
1065,26.0842,0.0083,26.0924,4.6966,0.9996857322438717,0.000318100289739541,1500.8182,5.0817,0.0,0.0,0.0,1500.8181999999997,5.0817,1505.8998999999997,1508.4011
1066,69.9114,0.0081,69.9195,12.5855,0.9998841524896488,0.00011584751035118958,3691.3568,4.9413,0.0,0.0,0.0,3691.3568000000005,4.9413,3696.2981000000004,3708.2989
1067,2.4146,0.0077,2.4223,0.436,0.9968212029888949,0.003178797011105148,126.0908,4.7792,0.0,0.0,0.0,126.09080000000002,4.7792,130.87,130.8657
1068,6.2939,0.0081,6.302,1.1344,0.9987146937480166,0.0012853062519834974,341.8182,5.0793,0.0,0.0,0.0,341.8182,5.0793,346.8975,350.4008
1069,17.2807,0.0078,17.2885,3.1119,0.9995488330393036,0.0004511669606964167,911.3639,5.0136,0.0,0.0,0.0,911.3639000000001,5.0136,916.3775,933.8771
1070,3.1366,0.0088,3.1454,0.5662,0.9972022636230686,0.0027977363769313922,181.8181,5.3518,0.0,0.0,0.0,181.8181,5.351799999999999,187.16989999999998,188.6652
1071,66.8728,0.0098,66.8826,12.0389,0.9998534745957843,0.0001465254042157452,3847.8738,5.6782,0.0,0.0,0.0,3847.8738,5.6782,3853.5519999999997,3924.556
1072,1.7195,0.007,1.7265,0.3108,0.9959455545902115,0.00405444540978859,96.3637,4.3914,0.0,0.0,0.0,96.3637,4.3914,100.7551,100.7587
1073,58.6039,0.0077,58.6116,10.5501,0.9998686266882324,0.00013137331176763645,3269.4754,4.9224,0.0,0.0,0.0,3269.4754,4.9224,3274.3977999999997,3290.3939
1074,16.5755,0.008,16.5836,2.985,0.9995115656431656,0.00048240430304638315,952.182,4.7676,0.0,0.0,0.0,952.1819999999999,4.7676,956.9495999999999,963.9495
1075,2.4667,0.0066,2.4733,0.4452,0.997331500424534,0.0026684995754659765,147.5454,4.1129,0.0,0.0,0.0,147.54540000000003,4.1129,151.65830000000003,151.6559
1076,2.8466,0.0085,2.8551,0.5139,0.9970228713530174,0.0029771286469825924,159.2728,5.035,0.0,0.0,0.0,159.27280000000002,5.034999999999999,164.30780000000001,165.309
1077,3.1535,0.0076,3.1611,0.569,0.997595773623106,0.0024042263768941194,171.2728,4.5449,0.0,0.0,0.0,171.27280000000002,4.5449,175.81770000000003,176.3199
1078,0.9066,0.0077,0.9142,0.1646,0.991686720630059,0.008422664624808576,52.6364,5.1416,0.0,0.0,0.0,52.6364,5.1415999999999995,57.778,58.7756
1079,35.5659,0.0097,35.5756,6.4036,0.9997273412113921,0.0002726587886079223,2082.4468,5.504,0.0,0.0,0.0,2082.4467999999997,5.504,2087.9507999999996,2109.9515
1080,1.2717,0.0092,1.2809,0.2306,0.9928175501600438,0.007182449839956281,69.9091,5.7318,0.0,0.0,0.0,69.9091,5.731800000000001,75.6409,76.1416
1081,55.2579,0.008,55.2659,9.9479,0.9998552452778295,0.0001447547221704523,3134.5707,4.973,0.0,0.0,0.0,3134.570700000001,4.973000000000001,3139.543700000001,3164.0427
1082,2.1777,0.0081,2.1858,0.3934,0.9962942629700797,0.0037057370299203953,127.4548,5.1558,0.0,0.0,0.0,127.45480000000002,5.1558,132.61060000000003,132.6095
1083,1.1336,0.0076,1.1412,0.2054,0.9933403434980722,0.006659656501927795,64.9088,4.9417,0.0,0.0,0.0,64.9088,4.9417,69.8505,70.35
1084,47.8659,0.0086,47.8745,8.6174,0.9998203636591506,0.00017963634084951278,2585.6489,5.4176,0.0,0.0,0.0,2585.6489,5.417599999999999,2591.0665000000004,2604.0712
1085,0.2468,0.0065,0.2533,0.0456,0.9743387287801025,0.02566127121989735,13.5454,3.9954,0.0,0.0,0.0,13.545400000000004,3.995399999999999,17.540800000000004,17.5418
1086,68.2972,0.0079,68.3051,12.2949,0.9998843424575912,0.00011565754240898559,3749.1897,5.161,0.0,0.0,0.0,3749.1897,5.161,3754.3507,3768.35
1087,57.2756,0.0084,57.284,10.3111,0.9998533621953773,0.0001466378046225822,3191.1098,5.1003,0.0,0.0,0.0,3191.1097999999993,5.100300000000001,3196.2100999999993,3215.2122
1088,0.3403,0.0092,0.3495,0.0629,0.9736766809728183,0.02632331902718169,19.0908,5.5841,0.0,0.0,0.0,19.0908,5.5841,24.6749,24.6751
1089,59.7989,0.008,59.8069,10.7652,0.9998662361700741,0.00013376382992597846,3431.7408,5.4199,0.0,0.0,0.0,3431.7407999999996,5.4199,3437.1606999999995,3462.6605
1090,1.3042,0.0074,1.3116,0.2361,0.9943580359865812,0.005641964013418725,75.8181,4.688,0.0,0.0,0.0,75.8181,4.688,80.5061,81.0051
1091,24.4194,0.0083,24.4278,4.397,0.9996561294918085,0.0003397768116653976,1349.636,5.0373,0.0,0.0,0.0,1349.636,5.0373,1354.6733,1364.6712
1092,1.5053,0.0087,1.514,0.2725,0.9942536327608983,0.005746367239101717,82.5454,5.3109,0.0,0.0,0.0,82.5454,5.310900000000001,87.8563,87.8588
1093,22.7539,0.009,22.7628,4.0973,0.9996090111937022,0.0003953819389530286,1229.9089,5.1556,0.0,0.0,0.0,1229.9089000000001,5.155600000000001,1235.0645000000002,1242.0617
1094,5.0499,0.0091,5.059,0.9106,0.998201225538644,0.0017987744613559991,284.3635,5.8125,0.0,0.0,0.0,284.36350000000004,5.812499999999999,290.17600000000004,291.1767
1095,60.9319,0.0087,60.9406,10.9693,0.9998572380317883,0.0001427619682116684,3461.8689,5.2999,0.0,0.0,0.0,3461.8689000000004,5.299899999999999,3467.1688000000004,3496.6655
1096,0.8323,0.0077,0.84,0.1512,0.9908333333333335,0.009166666666666667,46.6366,5.0728,0.0,0.0,0.0,46.63660000000001,5.0728,51.70940000000001,51.7125
1097,67.8689,0.0093,67.8782,12.2181,0.9998629898848229,0.00013701011517689034,3782.9843,5.9412,0.0,0.0,0.0,3782.9843,5.941199999999999,3788.9255000000003,3799.9215
1098,69.619,0.0068,69.6258,12.5326,0.9999023350539599,9.766494604011732e-05,3998.1737,4.1407,0.0,0.0,0.0,3998.1737,4.1407,4002.3143999999998,4023.8113
1099,1.246,0.0086,1.2545,0.2258,0.9932243921881228,0.006855320844958151,67.5454,5.246,0.0,0.0,0.0,67.5454,5.2459999999999996,72.7914,72.7945
1100,35.6508,0.008,35.6589,6.4186,0.999772847732263,0.0002243479187524012,1985.3636,5.196,0.0,0.0,0.0,1985.3635999999997,5.196,1990.5595999999996,2000.5576
1101,56.7568,0.008,56.7647,10.2177,0.9998608290011222,0.00014093265709146707,3295.8627,4.8444,0.0,0.0,0.0,3295.8627,4.8444,3300.7071,3358.7097
1102,45.1859,0.0071,45.193,8.1347,0.9998428960237205,0.00015710397627951233,2504.6568,4.6165,0.0,0.0,0.0,2504.6567999999997,4.6165,2509.2733,2551.7752
1103,59.7741,0.0068,59.7808,10.7606,0.9998879238819153,0.00011374889596659796,3477.6509,4.3051,0.0,0.0,0.0,3477.6509000000005,4.3051,3481.9560000000006,3516.9589
1104,57.7562,0.0082,57.7644,10.3976,0.9998580440548157,0.00014195594518423113,3142.096,4.8469,0.0,0.0,0.0,3142.0959999999995,4.846900000000001,3146.9428999999996,3173.4476
1105,37.8136,0.0072,37.8209,6.8078,0.9998069850267973,0.0001903709324738438,2059.4984,4.4775,0.0,0.0,0.0,2059.4984,4.477500000000001,2063.9759,2092.9722
1106,32.5244,0.0093,32.5337,5.8561,0.9997141425660161,0.00028585743398383827,1896.2913,5.2013,0.0,0.0,0.0,1896.2913,5.2013,1901.4926,1911.9949
1107,52.9772,0.0085,52.9857,9.5374,0.9998395793582042,0.0001604206417958053,2962.9248,5.1676,0.0,0.0,0.0,2962.9248,5.167599999999999,2968.0924,2989.0972
1108,3.5435,0.008,3.5515,0.6393,0.9977474306631001,0.0022525693368999015,198.3638,5.1079,0.0,0.0,0.0,198.3638,5.1079,203.4717,205.4742
1109,57.2838,0.0073,57.2911,10.3124,0.9998725805578876,0.00012741944211230017,3229.5816,4.8613,0.0,0.0,0.0,3229.5816,4.8613,3234.4429,3253.9396
1110,19.4024,0.0071,19.4096,3.4937,0.9996290495424944,0.000365798367817987,1120.4545,4.4371,0.0,0.0,0.0,1120.4545,4.4371,1124.8916000000002,1131.8964
1111,0.6657,0.0071,0.6728,0.1211,0.9894470868014269,0.010552913198573129,38.9999,4.3266,0.0,0.0,0.0,38.999900000000004,4.3266,43.3265,43.3247
1112,1.5626,0.008,1.5706,0.2827,0.9949064051954667,0.005093594804533299,84.6364,5.1874,0.0,0.0,0.0,84.63639999999998,5.1874,89.82379999999998,89.8212
1113,41.5533,0.0076,41.5609,7.481,0.9998171358175594,0.0001828641824407075,2282.2317,4.595,0.0,0.0,0.0,2282.2317,4.595,2286.8266999999996,2311.8281
1114,54.3854,0.009,54.3944,9.791,0.9998345417910667,0.00016545820893327254,3150.6949,5.4158,0.0,0.0,0.0,3150.6949,5.415799999999999,3156.1107,3202.1074
1115,66.344,0.0075,66.3515,11.9433,0.9998869656300158,0.00011303436998409982,3595.7589,4.5172,0.0,0.0,0.0,3595.7589,4.5172,3600.2760999999996,3630.7781
1116,1.364,0.0077,1.3716,0.2469,0.9944590259550891,0.005613881598133567,76.6362,5.1657,0.0,0.0,0.0,76.6362,5.1657,81.8019,82.2978
1117,2.2174,0.0085,2.2259,0.4007,0.9961813199155397,0.0038186800844602184,120.2725,5.5002,0.0,0.0,0.0,120.27250000000001,5.5001999999999995,125.77270000000001,126.2714
1118,0.1789,0.0084,0.1872,0.0337,0.9556623931623932,0.044871794871794865,10.2728,5.4053,0.0,0.0,0.0,10.272799999999997,5.405299999999999,15.678099999999995,15.6799
1119,15.3028,0.0073,15.3101,2.7558,0.9995231905735429,0.00047680942645704467,870.0,4.8415,0.0,0.0,0.0,870.0,4.8415,874.8415,882.3365
1120,1.9321,0.0083,1.9404,0.3493,0.9957225314368172,0.004277468563182849,111.4546,4.9988,0.0,0.0,0.0,111.45459999999999,4.9988,116.45339999999999,116.4517
1121,0.7113,0.0077,0.7191,0.1294,0.9891531080517314,0.010707829230983174,40.182,5.0835,0.0,0.0,0.0,40.182,5.083499999999999,45.2655,45.2656
1122,1.6168,0.0082,1.625,0.2925,0.9949538461538462,0.005046153846153847,88.5453,5.1799,0.0,0.0,0.0,88.54530000000001,5.1799,93.72520000000002,93.7299
1123,0.7308,0.0076,0.7383,0.1329,0.9898415278342138,0.010293918461330083,41.182,5.0134,0.0,0.0,0.0,41.182,5.0134,46.1954,46.1906
1124,3.4339,0.007,3.4409,0.6194,0.9979656485221889,0.002034351477811038,182.3636,4.4833,0.0,0.0,0.0,182.36359999999996,4.483300000000001,186.84689999999998,187.8501
1125,53.3915,0.0083,53.3998,9.612,0.9998445687062498,0.00015543129375016385,2890.6644,4.9557,0.0,0.0,0.0,2890.6643999999997,4.9557,2895.6200999999996,2918.1235
1126,3.2194,0.008,3.2274,0.5809,0.9975212245150895,0.0024787754849104546,180.0,5.0843,0.0,0.0,0.0,179.99999999999997,5.0843,185.08429999999998,187.0867
1127,4.4719,0.0084,4.4803,0.8065,0.9981251255496284,0.0018748744503716268,257.4543,5.238,0.0,0.0,0.0,257.4543,5.2379999999999995,262.6923,267.1947
1128,10.6014,0.0079,10.6093,1.9097,0.999255370288332,0.0007446297116680649,589.4544,4.9725,0.0,0.0,0.0,589.4544000000001,4.9725,594.4269,596.9296
1129,52.9701,0.0082,52.9783,9.5361,0.9998452196465346,0.0001547803534654755,2946.6247,5.1189,0.0,0.0,0.0,2946.6246999999994,5.1189,2951.7435999999993,2968.2427
1130,0.9266,0.0075,0.9342,0.1682,0.9918646970670092,0.008028259473346178,52.0908,4.7042,0.0,0.0,0.0,52.0908,4.7042,56.795,56.7923
1131,3.7539,0.0089,3.7628,0.6773,0.9976347400871691,0.0023652599128308706,206.9092,5.2663,0.0,0.0,0.0,206.90920000000003,5.2663,212.17550000000003,212.6771
1132,0.512,0.008,0.52,0.0936,0.9846153846153846,0.015384615384615384,28.4544,4.649,0.0,0.0,0.0,28.454399999999996,4.648999999999999,33.10339999999999,33.103
1133,9.6421,0.0079,9.6499,1.737,0.9991917014684089,0.0008186613332780651,530.6367,4.7055,0.0,0.0,0.0,530.6366999999999,4.7055,535.3421999999999,549.3407
1134,0.3806,0.0081,0.3887,0.07,0.9791613069205043,0.020838693079495756,21.6364,5.2315,0.0,0.0,0.0,21.636400000000002,5.2315,26.867900000000002,26.8721
1135,1.2843,0.0074,1.2918,0.2325,0.9941941477008824,0.0057284409351292765,73.6362,4.7521,0.0,0.0,0.0,73.6362,4.7521,78.3883,78.3839
1136,0.897,0.0083,0.9053,0.163,0.9908317684745389,0.009168231525461173,48.5454,5.1699,0.0,0.0,0.0,48.545399999999994,5.169899999999999,53.71529999999999,53.7112
1137,18.3439,0.0077,18.3516,3.3033,0.9995804180561912,0.0004195819438087142,1048.8182,4.9639,0.0,0.0,0.0,1048.8182,4.963900000000001,1053.7821,1059.7822
1138,2.5005,0.0085,2.509,0.4516,0.9966121960940615,0.0033878039059386214,131.5453,5.2776,0.0,0.0,0.0,131.5453,5.2776000000000005,136.8229,137.3196
1139,23.2133,0.0081,23.2214,4.1798,0.9996511838218196,0.00034881617818047146,1282.2727,4.9671,0.0,0.0,0.0,1282.2727,4.9671,1287.2398,1299.7444
1140,1.3859,0.0094,1.3952,0.2511,0.9933342889908257,0.006737385321100918,80.5455,5.4754,0.0,0.0,0.0,80.5455,5.4754000000000005,86.02090000000001,86.0167
1141,17.8718,0.0087,17.8805,3.2185,0.9995134364251559,0.0004865635748441038,999.3635,5.2226,0.0,0.0,0.0,999.3635000000002,5.2226,1004.5861000000002,1008.0872
1142,66.527,0.0084,66.5354,11.9764,0.9998737514165392,0.0001262485834608344,3719.0092,5.7311,0.0,0.0,0.0,3719.0091999999995,5.7311000000000005,3724.7402999999995,3746.2417
1143,0.4609,0.0068,0.4677,0.0842,0.9854607654479367,0.014539234552063287,24.5453,4.3918,0.0,0.0,0.0,24.545299999999997,4.3918,28.937099999999997,28.9354
1144,0.5189,0.0079,0.5268,0.0948,0.9850037965072134,0.014996203492786636,28.8184,4.8353,0.0,0.0,0.0,28.818399999999997,4.835300000000001,33.6537,33.6493
1145,2.1117,0.0084,2.1201,0.3816,0.9960379227394934,0.0039620772605065795,115.1816,5.05,0.0,0.0,0.0,115.18160000000002,5.050000000000001,120.23160000000001,120.7272
1146,0.4313,0.0077,0.439,0.079,0.9824601366742597,0.01753986332574032,23.091,4.9031,0.0,0.0,0.0,23.091000000000005,4.9031,27.994100000000003,27.9952
1147,8.3206,0.0081,8.3287,1.4992,0.9990274592673528,0.0009725407326473519,473.4546,5.2432,0.0,0.0,0.0,473.45459999999997,5.2432,478.6978,480.6946
1148,0.7796,0.0074,0.7871,0.1417,0.9904713505272519,0.009401600813111421,42.9997,4.519,0.0,0.0,0.0,42.999700000000004,4.519,47.5187,47.5157
1149,3.1718,0.0079,3.1796,0.5723,0.9975468612404076,0.002484589256510253,178.0,5.0936,0.0,0.0,0.0,177.99999999999994,5.0936,183.09359999999995,185.091
1150,67.7169,0.0072,67.7241,12.1903,0.9998936862948343,0.00010631370516551713,3667.2737,4.7481,0.0,0.0,0.0,3667.2736999999997,4.7481,3672.0217999999995,3688.5194
1151,6.5417,0.0089,6.5506,1.1791,0.9986413458309161,0.001358654169083748,380.2727,5.5472,0.0,0.0,0.0,380.2727,5.547199999999999,385.81989999999996,388.3227
1152,67.1192,0.0084,67.1276,12.083,0.9998748651821309,0.00012513481786925198,3695.0122,5.2577,0.0,0.0,0.0,3695.0121999999997,5.2577,3700.2699,3737.2658
1153,1.5106,0.0088,1.5194,0.2735,0.9942082400947742,0.005791759905225747,86.3637,5.8974,0.0,0.0,0.0,86.3637,5.8974,92.2611,92.261
1154,5.5866,0.0086,5.5952,1.0071,0.9984629682585072,0.001537031741492708,297.7273,5.3721,0.0,0.0,0.0,297.7273,5.3721,303.0994,303.5994
1155,0.7686,0.0075,0.776,0.1397,0.9904639175257731,0.009664948453608246,43.1818,4.8822,0.0,0.0,0.0,43.181799999999996,4.882199999999999,48.06399999999999,48.0598
1156,26.803,0.0081,26.8111,4.826,0.999697886323202,0.0003021136767980426,1471.5455,5.2408,0.0,0.0,0.0,1471.5455,5.2408,1476.7863,1507.7849
1157,2.1943,0.0079,2.2022,0.3964,0.9964126782308601,0.0035873217691399515,114.3636,4.5339,0.0,0.0,0.0,114.36359999999998,4.5339,118.89749999999998,119.3945
1158,15.0442,0.009,15.0533,2.7096,0.9993954813894628,0.0005978755488829691,857.2729,5.108,0.0,0.0,0.0,857.2728999999999,5.108,862.3808999999999,872.3796
1159,0.3095,0.0076,0.3171,0.0571,0.9760327972248503,0.023967202775149795,17.3636,4.7246,0.0,0.0,0.0,17.3636,4.724600000000001,22.0882,22.0835
1160,4.0139,0.0087,4.0226,0.7241,0.9978372197086461,0.0021627802913538508,224.9999,5.0749,0.0,0.0,0.0,224.99989999999997,5.0748999999999995,230.07479999999998,231.0733
1161,0.7929,0.0084,0.8014,0.1442,0.9893935612677814,0.010481657100074869,44.4545,5.0977,0.0,0.0,0.0,44.4545,5.0977,49.5522,49.5488
1162,1.355,0.0097,1.3647,0.2456,0.9928922107422876,0.007107789257712317,75.8181,5.977,0.0,0.0,0.0,75.8181,5.976999999999999,81.7951,81.796
1163,37.6878,0.0084,37.6961,6.7853,0.9997798180713655,0.0002228347229554251,2069.8877,4.8653,0.0,0.0,0.0,2069.8876999999998,4.8653,2074.7529999999997,2085.751
1164,1.466,0.0076,1.4736,0.2652,0.994842562432139,0.00515743756786102,84.0,4.9469,0.0,0.0,0.0,84.0,4.946899999999999,88.9469,89.9489
1165,0.5285,0.0085,0.5371,0.0967,0.9839880841556506,0.015825730776391735,29.2727,5.186,0.0,0.0,0.0,29.272699999999997,5.185999999999999,34.45869999999999,34.4612
1166,0.5107,0.0069,0.5177,0.0932,0.9864786555920417,0.013328182344987442,28.3637,4.3554,0.0,0.0,0.0,28.3637,4.3554,32.719100000000005,32.7218
1167,3.6784,0.0077,3.6861,0.6635,0.9979110713219934,0.0020889286780065653,212.4544,5.292,0.0,0.0,0.0,212.45439999999996,5.292000000000001,217.74639999999997,221.2511
1168,25.4343,0.0081,25.4424,4.5796,0.9996816338081314,0.0003183661918686916,1344.3636,5.2144,0.0,0.0,0.0,1344.3636000000001,5.2144,1349.5780000000002,1364.0806
1169,2.1345,0.0078,2.1423,0.3856,0.996359053353872,0.003640946646127993,123.9092,5.1053,0.0,0.0,0.0,123.90920000000001,5.105300000000001,129.01450000000003,129.5171
1170,37.14,0.0076,37.1476,6.6866,0.9997954107398594,0.00020458926014062823,2169.1079,4.7805,0.0,0.0,0.0,2169.1079,4.7805,2173.8884,2209.8853
1171,4.8539,0.0091,4.863,0.8753,0.998128727123175,0.001871272876825005,260.4543,5.4895,0.0,0.0,0.0,260.4543,5.4895,265.9438,270.443
1172,5.3797,0.007,5.3867,0.9696,0.9987005030909462,0.0012994969090537806,300.1819,4.7724,0.0,0.0,0.0,300.18190000000004,4.7724,304.95430000000005,306.9544
1173,1.8548,0.0092,1.864,0.3355,0.9950643776824034,0.004935622317596566,97.9093,5.4467,0.0,0.0,0.0,97.9093,5.4467,103.356,103.3568
1174,9.3586,0.0069,9.3655,1.6858,0.9992632534301423,0.0007367465698574555,519.5458,4.4309,0.0,0.0,0.0,519.5458,4.4309,523.9766999999999,534.9772
1175,13.5833,0.0071,13.5904,2.4463,0.9994775724040498,0.0005224275959500824,720.0001,4.4574,0.0,0.0,0.0,720.0001,4.457400000000001,724.4575,726.9615
1176,0.5489,0.0082,0.557,0.1003,0.9854578096947936,0.014721723518850987,29.2727,5.1254,0.0,0.0,0.0,29.272699999999997,5.125400000000001,34.3981,34.3992
1177,33.6204,0.0077,33.6281,6.0531,0.9997710248274506,0.00022897517254914787,1892.8181,4.501,0.0,0.0,0.0,1892.8180999999997,4.5009999999999994,1897.3190999999997,1906.8153
1178,64.161,0.0086,64.1696,11.5505,0.9998659801525956,0.0001340198474043784,3695.2963,5.3348,0.0,0.0,0.0,3695.2963000000004,5.3347999999999995,3700.6311000000005,3741.6343
1179,5.3859,0.0074,5.3933,0.9708,0.9986279272430609,0.0013720727569391654,301.909,4.6556,0.0,0.0,0.0,301.909,4.6556,306.5646,311.0651
1180,0.6441,0.0082,0.6523,0.1174,0.9874290970412387,0.012570902958761307,35.182,5.3048,0.0,0.0,0.0,35.182,5.3048,40.4868,40.4882
1181,57.286,0.0083,57.2943,10.313,0.9998551339312987,0.00014486606870142406,3168.0696,5.387,0.0,0.0,0.0,3168.0696,5.387,3173.4566,3195.46
1182,2.3598,0.0088,2.3686,0.4264,0.9962847251540995,0.0037152748459005325,133.3633,5.1477,0.0,0.0,0.0,133.3633,5.1476999999999995,138.511,139.5082
1183,1.3386,0.0089,1.3475,0.2426,0.9933951762523192,0.006604823747680891,76.0909,5.702,0.0,0.0,0.0,76.0909,5.702,81.7929,81.7909
1184,48.9041,0.008,48.9121,8.8042,0.9998364412895786,0.00016355871042134768,2661.4849,5.3789,0.0,0.0,0.0,2661.4849,5.3789,2666.8638,2693.8682
1185,5.562,0.0091,5.571,1.0028,0.9983844911147012,0.0016334589840244123,317.3637,5.477,0.0,0.0,0.0,317.3637,5.476999999999999,322.84069999999997,325.3448
1186,15.0567,0.0076,15.0642,2.7116,0.9995021308798343,0.0005045073751012335,869.2728,5.0769,0.0,0.0,0.0,869.2728,5.0769,874.3497,883.8472
1187,6.9298,0.0073,6.9371,1.2487,0.9989476870738493,0.001052312926150697,363.9092,4.9141,0.0,0.0,0.0,363.9092,4.9141,368.8233,369.8223
1188,0.3447,0.0083,0.353,0.0635,0.9764872521246459,0.02351274787535411,19.0908,5.0495,0.0,0.0,0.0,19.0908,5.0495,24.140300000000003,24.1431
1189,5.9579,0.0074,5.9652,1.0737,0.9987762354992289,0.0012405283980419768,344.2727,4.8328,0.0,0.0,0.0,344.2727,4.8328,349.1055,352.6025
1190,3.9162,0.0087,3.9249,0.7065,0.9977833830161278,0.0022166169838722005,219.8182,5.3274,0.0,0.0,0.0,219.81820000000005,5.327400000000001,225.14560000000006,226.1413
1191,20.4993,0.0073,20.5066,3.6912,0.99964401704817,0.0003559829518301425,1139.9093,4.6574,0.0,0.0,0.0,1139.9092999999998,4.6574,1144.5666999999999,1152.0623
1192,3.1921,0.0076,3.1997,0.5759,0.997624777322874,0.0023752226771259805,175.3636,4.6044,0.0,0.0,0.0,175.36360000000002,4.6044,179.96800000000002,180.4688
1193,0.5155,0.0084,0.5239,0.0943,0.983966405802634,0.016033594197365907,30.0909,5.1512,0.0,0.0,0.0,30.0909,5.1512,35.2421,35.2426
1194,1.0229,0.0083,1.0312,0.1856,0.9919511249030256,0.0080488750969744,52.8183,5.1627,0.0,0.0,0.0,52.81830000000001,5.1627,57.98100000000001,57.983
1195,0.9764,0.0088,0.9852,0.1773,0.9910678034916769,0.008932196508323184,53.7274,5.2777,0.0,0.0,0.0,53.7274,5.277699999999999,59.0051,59.0059
1196,4.7541,0.0068,4.7609,0.857,0.9985716986284106,0.0014283013715894052,265.2729,4.0959,0.0,0.0,0.0,265.2729,4.0959,269.36879999999996,271.8677
1197,56.2188,0.0092,56.228,10.121,0.9998363804510209,0.0001636195489791563,3309.6938,5.7402,0.0,0.0,0.0,3309.6938,5.7402,3315.434,3348.438
1198,0.568,0.0083,0.5763,0.1037,0.9855977789345826,0.014402221065417317,32.1817,5.114,0.0,0.0,0.0,32.1817,5.114000000000001,37.2957,37.2921
1199,1.6665,0.0081,1.6747,0.3014,0.9951036006448917,0.004836687167850958,88.7274,5.3621,0.0,0.0,0.0,88.72739999999999,5.362100000000001,94.08949999999999,94.0888
1200,49.9654,0.0073,49.9727,8.9951,0.9998539202404513,0.00014607975954871358,2885.3092,4.8095,0.0,0.0,0.0,2885.3091999999997,4.8095,2890.1186999999995,2917.1174
1201,0.5586,0.0077,0.5663,0.1019,0.9864029666254635,0.013597033374536464,30.5455,4.7371,0.0,0.0,0.0,30.5455,4.7371,35.2826,35.2806
1202,0.4091,0.0082,0.4173,0.0751,0.9803498682003355,0.019650131799664513,22.6365,5.3356,0.0,0.0,0.0,22.636499999999995,5.3355999999999995,27.972099999999994,27.9727
1203,8.4423,0.0093,8.4516,1.5213,0.9988996166406361,0.0011003833593639075,455.7272,5.6378,0.0,0.0,0.0,455.72720000000004,5.6378,461.36500000000007,464.8612
1204,5.5749,0.0081,5.583,1.0049,0.9985491671144546,0.0014508328855454057,299.5454,4.6299,0.0,0.0,0.0,299.5454,4.629900000000001,304.1753,309.1707
1205,2.812,0.0076,2.8195,0.5075,0.997339953892534,0.002695513388898741,154.8181,4.7918,0.0,0.0,0.0,154.81810000000002,4.7918,159.6099,162.6053
1206,65.118,0.0081,65.126,11.7227,0.9998771611952214,0.00012437428983815986,3537.9775,5.2269,0.0,0.0,0.0,3537.9774999999995,5.2269,3543.2043999999996,3581.2056
1207,0.2758,0.0065,0.2822,0.0508,0.9773210489014883,0.023033309709425936,15.2724,4.243,0.0,0.0,0.0,15.272400000000001,4.243,19.5154,19.5141
1208,10.0083,0.0074,10.0157,1.8028,0.9992611599788331,0.0007388400211667681,570.6364,4.601,0.0,0.0,0.0,570.6364,4.601,575.2374,578.2337
1209,16.0796,0.0086,16.0882,2.8959,0.9994654467249288,0.0005345532750711702,898.0,4.9932,0.0,0.0,0.0,898.0,4.9932,902.9932,904.9948
1210,5.0496,0.0091,5.0587,0.9106,0.9982011188645304,0.0017988811354695872,291.3636,5.4281,0.0,0.0,0.0,291.3636,5.4281,296.7917,297.2962
1211,2.3997,0.0082,2.4078,0.4334,0.9966359332170447,0.003405598471633857,129.1819,4.9111,0.0,0.0,0.0,129.1819,4.911100000000001,134.09300000000002,134.5979
1212,32.5521,0.008,32.5601,5.8608,0.9997543005089052,0.0002456994910949291,1870.091,4.8527,0.0,0.0,0.0,1870.0910000000001,4.8527,1874.9437,1880.4396
1213,73.1579,0.0083,73.1662,13.1699,0.999886559640927,0.00011344035907290525,3809.9671,5.0121,0.0,0.0,0.0,3809.967099999999,5.0121,3814.979199999999,3849.4814
1214,67.6484,0.0077,67.6561,12.1781,0.9998861891241144,0.0001138108758855447,3767.8973,5.0684,0.0,0.0,0.0,3767.8972999999996,5.0684,3772.9656999999997,3795.9643
1215,4.6961,0.0071,4.7031,0.8466,0.9985116199953223,0.0015096425761731624,272.4543,4.3121,0.0,0.0,0.0,272.4543,4.312099999999999,276.7664,278.2648
1216,1.4008,0.0074,1.4083,0.2535,0.9946744301640275,0.0052545622381594825,76.5456,4.7743,0.0,0.0,0.0,76.5456,4.7743,81.31989999999999,81.3209
1217,2.3668,0.0075,2.3743,0.4274,0.996841174240829,0.003158825759171124,139.7271,4.6214,0.0,0.0,0.0,139.72709999999998,4.6214,144.34849999999997,144.3498
1218,0.367,0.0084,0.3755,0.0676,0.9773635153129161,0.02237017310252996,20.6364,5.0547,0.0,0.0,0.0,20.6364,5.0547,25.6911,25.6905
1219,24.3977,0.0076,24.4053,4.393,0.9996885922320152,0.00031140776798482296,1331.1814,4.8013,0.0,0.0,0.0,1331.1814000000002,4.8012999999999995,1335.9827000000002,1347.9828
1220,0.6778,0.0084,0.6862,0.1235,0.9877586709414163,0.012241329058583501,38.0002,5.3015,0.0,0.0,0.0,38.0002,5.301500000000001,43.3017,43.3036
1221,45.9288,0.0088,45.9376,8.2688,0.9998084357911602,0.00019156420883981748,2529.6894,5.2999,0.0,0.0,0.0,2529.6894,5.299900000000001,2534.9893,2562.4899
1222,3.0671,0.007,3.0741,0.5533,0.997722910770632,0.002277089229367945,176.8181,4.3623,0.0,0.0,0.0,176.8181,4.3623,181.1804,181.1822
1223,1.5606,0.0067,1.5673,0.2821,0.9957251323932879,0.00427486760671218,86.9092,4.2554,0.0,0.0,0.0,86.90919999999998,4.2554,91.16459999999998,91.1685
1224,36.466,0.008,36.474,6.5653,0.9997806656796624,0.00021933432033777487,1964.2702,4.9124,0.0,0.0,0.0,1964.2701999999997,4.912399999999999,1969.1825999999996,1979.1815
1225,2.0393,0.0071,2.0464,0.3683,0.996530492572322,0.0034695074276778733,109.3637,4.6066,0.0,0.0,0.0,109.3637,4.606599999999999,113.9703,114.9658
1226,0.5273,0.007,0.5343,0.0962,0.9868987460228336,0.013101253977166386,28.4544,4.2668,0.0,0.0,0.0,28.454400000000007,4.2668,32.72120000000001,32.7167
1227,4.3011,0.0075,4.3087,0.7756,0.9982361269060274,0.0017406642374730196,245.0905,4.4361,0.0,0.0,0.0,245.09050000000002,4.4361,249.52660000000003,251.5256
1228,7.1447,0.0082,7.1529,1.2875,0.9988536118217787,0.0011463881782214208,387.9999,5.1033,0.0,0.0,0.0,387.9999,5.103300000000001,393.1032,398.1007
1229,3.9795,0.0072,3.9867,0.7176,0.9981939950334863,0.001806004966513658,211.5455,4.5564,0.0,0.0,0.0,211.5455,4.5564,216.1019,216.5999
1230,0.8504,0.0091,0.8595,0.1547,0.9894124490983129,0.010587550901687027,46.7275,5.3625,0.0,0.0,0.0,46.7275,5.3625,52.089999999999996,52.0932
1231,7.1361,0.0081,7.1442,1.286,0.9988662131519275,0.0011337868480725624,382.5455,4.9163,0.0,0.0,0.0,382.54549999999995,4.916300000000001,387.4617999999999,388.9578
1232,29.9838,0.0076,29.9914,5.3985,0.9997465940236201,0.00025340597637989556,1588.909,4.7905,0.0,0.0,0.0,1588.9089999999999,4.7905,1593.6995,1605.6984
1233,71.2027,0.0081,71.2108,12.8179,0.9998862532087828,0.00011374679121706256,3781.886,5.1129,0.0,0.0,0.0,3781.8859999999995,5.1129,3786.9988999999996,3808.4951
1234,5.1153,0.0074,5.1227,0.9221,0.9985554492747966,0.001444550725203506,288.818,4.3702,0.0,0.0,0.0,288.818,4.3702,293.1882,294.6889
1235,1.2258,0.0086,1.2344,0.2222,0.9930330524951394,0.006966947504860661,69.1819,5.3251,0.0,0.0,0.0,69.1819,5.325100000000001,74.507,74.5099
1236,0.3058,0.0085,0.3144,0.0566,0.97264631043257,0.027035623409669213,16.2729,5.2364,0.0,0.0,0.0,16.2729,5.2364,21.5093,21.5075
1237,0.9622,0.0075,0.9697,0.1746,0.9922656491698464,0.007734350830153655,55.2725,4.8897,0.0,0.0,0.0,55.2725,4.8896999999999995,60.1622,60.1638
1238,55.8488,0.0082,55.857,10.0543,0.9998531965554899,0.00014680344451008828,3102.3636,4.8837,0.0,0.0,0.0,3102.3635999999997,4.8837,3107.2472999999995,3159.2489
1239,0.5688,0.0089,0.5778,0.104,0.9844236760124611,0.01540325372101073,32.2729,5.6954,0.0,0.0,0.0,32.2729,5.6954,37.9683,37.9716
1240,2.0345,0.008,2.0425,0.3677,0.9960832313341493,0.003916768665850673,112.0909,5.0983,0.0,0.0,0.0,112.0909,5.098299999999999,117.1892,117.1925
1241,1.2823,0.0077,1.29,0.2322,0.994031007751938,0.005968992248062016,73.3634,4.7807,0.0,0.0,0.0,73.36340000000001,4.7807,78.14410000000001,78.6491
1242,0.6842,0.007,0.6912,0.1244,0.9898726851851852,0.010127314814814815,37.5456,4.3765,0.0,0.0,0.0,37.54559999999999,4.3765,41.92209999999999,41.9212
1243,0.3356,0.0078,0.3434,0.0618,0.9772859638905068,0.022714036109493303,18.2726,4.791,0.0,0.0,0.0,18.2726,4.791,23.0636,23.061
1244,1.9947,0.0074,2.0021,0.3604,0.9963038809250286,0.0036961190749712804,111.9999,4.5078,0.0,0.0,0.0,111.9999,4.5078000000000005,116.5077,116.5079
1245,57.069,0.0074,57.0764,10.2737,0.9998703492161384,0.00012965078386163107,3115.4426,4.6813,0.0,0.0,0.0,3115.4426,4.6813,3120.1239,3132.6245
1246,1.7072,0.0083,1.7155,0.3088,0.9951617604197027,0.00483823958029729,88.8182,5.2202,0.0,0.0,0.0,88.81820000000002,5.2202,94.03840000000002,94.5426
1247,51.48,0.0073,51.4872,9.2677,0.9998601594182631,0.0001417828120387203,2733.9867,4.3406,0.0,0.0,0.0,2733.9866999999995,4.3406,2738.3272999999995,2743.8233
1248,3.537,0.009,3.546,0.6383,0.9974619289340102,0.0025380710659898475,193.9999,5.6145,0.0,0.0,0.0,193.99990000000003,5.6145,199.61440000000002,199.6131
1249,0.5458,0.0086,0.5544,0.0998,0.9844877344877344,0.015512265512265512,30.7274,5.1496,0.0,0.0,0.0,30.727399999999996,5.1496,35.876999999999995,35.8811
1250,0.907,0.0081,0.9151,0.1647,0.9911485083597421,0.008851491640257895,48.6363,5.0513,0.0,0.0,0.0,48.636300000000006,5.0512999999999995,53.6876,53.6886
1251,42.1343,0.0081,42.1424,7.5856,0.9998077945252287,0.00019220547477125173,2259.7642,4.7925,0.0,0.0,0.0,2259.7641999999996,4.7924999999999995,2264.5566999999996,2285.5614
1252,0.8282,0.0084,0.8366,0.1506,0.9899593593114989,0.010040640688501076,47.5456,4.9647,0.0,0.0,0.0,47.54560000000001,4.9647,52.51030000000001,52.5061
1253,59.0489,0.0085,59.0573,10.6303,0.9998577652550998,0.00014392801567291428,3409.1232,4.953,0.0,0.0,0.0,3409.1231999999995,4.952999999999999,3414.0761999999995,3436.5751
1254,13.6317,0.0086,13.6403,2.4553,0.9993695153332405,0.0006304846667595287,777.5454,5.1919,0.0,0.0,0.0,777.5453999999997,5.1918999999999995,782.7372999999998,784.737
1255,0.8787,0.0086,0.8873,0.1597,0.9903076749690072,0.0096923250309929,48.8183,5.1998,0.0,0.0,0.0,48.81829999999999,5.1998,54.01809999999999,54.0139
1256,12.1709,0.0095,12.1804,2.1925,0.9992200584545663,0.0007799415454336474,652.6366,5.6942,0.0,0.0,0.0,652.6366,5.6942,658.3308000000001,664.8353
1257,4.7394,0.0079,4.7473,0.8545,0.9983358961936258,0.0016641038063741496,251.0003,4.8834,0.0,0.0,0.0,251.00029999999995,4.8834,255.88369999999995,257.3804
1258,1.044,0.0072,1.0512,0.1892,0.9931506849315069,0.006849315068493151,58.2728,4.2429,0.0,0.0,0.0,58.27279999999999,4.2429,62.51569999999999,62.5155
1259,1.6071,0.008,1.6151,0.2907,0.9950467463314965,0.0049532536685034986,87.5453,4.9064,0.0,0.0,0.0,87.5453,4.9064000000000005,92.4517,92.4517
1260,7.3672,0.0072,7.3744,1.3274,0.9990236493816447,0.0009763506183553917,415.8182,4.6383,0.0,0.0,0.0,415.8182,4.6383,420.4565,420.9571
1261,1.6431,0.0078,1.6509,0.2972,0.9952753043794293,0.004724695620570598,88.7273,4.9182,0.0,0.0,0.0,88.72730000000001,4.9182,93.64550000000001,95.6485
1262,32.4366,0.0076,32.4441,5.8399,0.9997688331622698,0.00023424906223319496,1786.6482,4.7299,0.0,0.0,0.0,1786.6482,4.7299,1791.3781000000001,1807.8737
1263,63.717,0.0082,63.7251,11.4705,0.9998728915293974,0.00012867771098044572,3496.1821,5.1363,0.0,0.0,0.0,3496.182100000001,5.136299999999999,3501.318400000001,3522.818
1264,27.054,0.0081,27.0621,4.8712,0.9997006884166416,0.00029931158335827593,1465.3636,5.0194,0.0,0.0,0.0,1465.3635999999997,5.0194,1470.3829999999996,1474.3784
1265,8.3343,0.0082,8.3425,1.5017,0.9990170812106685,0.0009829187893317353,463.6363,5.105,0.0,0.0,0.0,463.6363,5.105,468.7413,472.7396
1266,0.5444,0.0071,0.5515,0.0993,0.9871260199456029,0.0128739800543971,30.5457,4.5035,0.0,0.0,0.0,30.5457,4.503500000000001,35.0492,35.0501
1267,0.6063,0.008,0.6143,0.1106,0.9869770470454176,0.013022952954582452,34.7272,5.0614,0.0,0.0,0.0,34.727199999999996,5.061399999999999,39.788599999999995,39.7841
1268,1.2262,0.0073,1.2335,0.222,0.9940818808269152,0.005918119173084718,64.5454,4.4925,0.0,0.0,0.0,64.5454,4.492500000000001,69.03790000000001,69.0386
1269,0.487,0.0078,0.4948,0.0891,0.9842360549717056,0.01576394502829426,26.8184,5.0348,0.0,0.0,0.0,26.818400000000004,5.034800000000001,31.853200000000005,31.8487
1270,69.08,0.0088,69.0888,12.436,0.9998726276907399,0.0001273723092599669,3676.0441,5.3418,0.0,0.0,0.0,3676.0441,5.3418,3681.3859,3699.8842
1271,34.0684,0.0081,34.0765,6.1338,0.9997622995319353,0.0002377004680645019,1861.6577,5.1923,0.0,0.0,0.0,1861.6576999999997,5.1923,1866.8499999999997,1878.8451
1272,1.1398,0.0076,1.1474,0.2065,0.9933763290918598,0.006623670908140143,61.8181,4.9902,0.0,0.0,0.0,61.8181,4.9902,66.8083,66.806
1273,14.2343,0.0089,14.2432,2.5638,0.9993751404178836,0.0006248595821163784,759.0001,5.5011,0.0,0.0,0.0,759.0001,5.5011,764.5011999999999,767.0007
1274,19.6442,0.008,19.6522,3.5374,0.9995929208943528,0.0004070791056472049,1106.9091,5.1062,0.0,0.0,0.0,1106.9091,5.1062,1112.0153,1118.5111
1275,8.1476,0.0069,8.1545,1.4678,0.9991538414372433,0.00084615856275676,471.2728,4.1947,0.0,0.0,0.0,471.27279999999996,4.1947,475.4675,482.9641
1276,1.8212,0.0083,1.8295,0.3293,0.9954632413227658,0.004536758677234218,100.6361,5.0244,0.0,0.0,0.0,100.63610000000001,5.0244,105.66050000000001,105.6633
1277,4.584,0.0093,4.5933,0.8268,0.9979753118672848,0.0020246881327150414,245.7272,5.7122,0.0,0.0,0.0,245.7272,5.7122,251.4394,252.4384
1278,1.7029,0.0074,1.7103,0.3078,0.9956732736946735,0.004326726305326551,97.5456,4.4324,0.0,0.0,0.0,97.54560000000001,4.4323999999999995,101.97800000000001,102.974
1279,67.9315,0.0068,67.9384,12.2289,0.9998984374080049,0.00010009067037198402,3656.3624,4.3306,0.0,0.0,0.0,3656.3623999999995,4.3306,3660.6929999999993,3690.1944
1280,8.228,0.0074,8.2354,1.4824,0.9991014401243412,0.0008985598756587415,448.1819,4.9792,0.0,0.0,0.0,448.18190000000004,4.9792000000000005,453.16110000000003,458.1653
1281,28.1852,0.007,28.1922,5.0746,0.9997517043721312,0.0002482956278687013,1621.0003,4.3998,0.0,0.0,0.0,1621.0003,4.3998,1625.4000999999998,1630.9017
1282,63.8316,0.0083,63.84,11.4912,0.9998684210526315,0.0001300125313283208,3664.1193,5.6038,0.0,0.0,0.0,3664.1193,5.603800000000001,3669.7230999999997,3696.2215
1283,12.0367,0.0083,12.045,2.1681,0.9993109173931092,0.000689082606890826,674.6364,5.6574,0.0,0.0,0.0,674.6364,5.657399999999999,680.2938,685.7914
1284,8.8857,0.008,8.8936,1.6009,0.9991117207879825,0.0008995232526760817,466.5454,5.0939,0.0,0.0,0.0,466.5454,5.0939000000000005,471.6393,475.6421
1285,67.9537,0.0072,67.9609,12.233,0.9998940567296785,0.00010594327032161141,3743.1834,4.3502,0.0,0.0,0.0,3743.1834,4.3502,3747.5335999999998,3782.0371
1286,0.3513,0.0095,0.3608,0.0649,0.9736696230598669,0.026330376940133036,19.4546,5.843,0.0,0.0,0.0,19.4546,5.843,25.2976,25.2956
1287,64.8893,0.0073,64.8966,11.6814,0.9998875133674183,0.00011248663258167607,3622.5995,4.5493,0.0,0.0,0.0,3622.5995,4.549300000000001,3627.1488,3646.6505
1288,0.3176,0.008,0.3256,0.0586,0.9754299754299754,0.024570024570024572,17.8179,4.9911,0.0,0.0,0.0,17.817899999999998,4.991099999999999,22.808999999999997,22.8133
1289,14.8298,0.008,14.8378,2.6708,0.9994608365121515,0.0005391634878486029,821.9093,5.0285,0.0,0.0,0.0,821.9092999999999,5.0285,826.9377999999999,830.4408
1290,0.6824,0.0078,0.6902,0.1242,0.9886989278470009,0.01130107215299913,36.9997,5.0405,0.0,0.0,0.0,36.999700000000004,5.040500000000001,42.040200000000006,42.0452
1291,3.1852,0.0076,3.1929,0.5747,0.9975883992608601,0.002380281249021266,173.1819,4.6785,0.0,0.0,0.0,173.1819,4.6785,177.86040000000003,177.861
1292,40.9728,0.0088,40.9816,7.3767,0.999785269486794,0.00021473051320592657,2225.8452,5.9164,0.0,0.0,0.0,2225.8452,5.9163999999999985,2231.7616000000003,2242.2622
1293,6.1263,0.0083,6.1346,1.1042,0.9986470185505167,0.001352981449483259,345.1819,4.9724,0.0,0.0,0.0,345.1819,4.9724,350.1543,352.1549
1294,63.9559,0.0082,63.9641,11.5135,0.9998718030895455,0.00012819691045445804,3438.2218,5.3676,0.0,0.0,0.0,3438.2218000000003,5.3676,3443.5894000000003,3458.0892
1295,0.2851,0.0079,0.293,0.0527,0.9730375426621162,0.026962457337883963,15.9092,4.697,0.0,0.0,0.0,15.909199999999998,4.696999999999999,20.606199999999998,20.6073
1296,60.0102,0.0074,60.0176,10.8032,0.9998767028338353,0.0001232971661645917,3191.893,4.5911,0.0,0.0,0.0,3191.893,4.591100000000001,3196.4841,3219.488
1297,61.2988,0.0076,61.3064,11.0352,0.9998760325186278,0.00012396748137225477,3524.2459,4.8628,0.0,0.0,0.0,3524.2459,4.8628,3529.1086999999998,3548.6065
1298,65.129,0.0081,65.1371,11.7247,0.9998756469047594,0.00012435309524065394,3729.1556,5.1129,0.0,0.0,0.0,3729.155600000001,5.1129,3734.268500000001,3745.7658
1299,2.9704,0.008,2.9783,0.5361,0.9973474801061009,0.002686096095087802,160.0001,4.6906,0.0,0.0,0.0,160.00010000000003,4.6906,164.69070000000002,166.1861
1300,45.1843,0.0077,45.1919,8.1345,0.9998318282701104,0.00017038451580924903,2465.6883,4.6081,0.0,0.0,0.0,2465.6883000000003,4.608099999999999,2470.2964,2476.7987
1301,57.31,0.0079,57.3179,10.3172,0.9998621722010053,0.0001378277989947294,3264.6146,4.9127,0.0,0.0,0.0,3264.6146000000003,4.9127,3269.5273,3293.026
1302,1.3302,0.0078,1.338,0.2408,0.9941704035874439,0.005829596412556053,69.9091,5.1839,0.0,0.0,0.0,69.9091,5.1838999999999995,75.09299999999999,75.5932
1303,0.54,0.008,0.5481,0.0987,0.9852216748768473,0.014595876664842182,29.9089,5.0673,0.0,0.0,0.0,29.9089,5.0673,34.9762,34.9807
1304,0.151,0.0093,0.1604,0.0289,0.9413965087281796,0.05798004987531172,8.6364,5.2916,0.0,0.0,0.0,8.6364,5.291600000000001,13.928,13.9246
1305,28.8427,0.0067,28.8494,5.1929,0.9997677594681346,0.00023224053186548076,1598.6367,4.1229,0.0,0.0,0.0,1598.6367000000002,4.1229000000000005,1602.7596000000003,1612.2551
1306,60.8156,0.0083,60.8239,10.9483,0.999863540483264,0.00013645951673601987,3554.844,5.1467,0.0,0.0,0.0,3554.844,5.1467,3559.9907,3590.9861
1307,1.8672,0.0084,1.8755,0.3376,0.9955745134630766,0.00447880565182618,105.1818,5.0019,0.0,0.0,0.0,105.18180000000001,5.0019,110.18370000000002,111.1813
1308,30.6979,0.007,30.7049,5.5269,0.9997720233578354,0.00022797664216460566,1755.2597,4.677,0.0,0.0,0.0,1755.2597000000003,4.677,1759.9367000000002,1767.4346
1309,0.4186,0.0072,0.4258,0.0766,0.9830906528886801,0.016909347111319868,23.2727,4.6586,0.0,0.0,0.0,23.272699999999997,4.658600000000001,27.931299999999997,27.9302
1310,12.856,0.0085,12.8645,2.3156,0.9993392669750087,0.0006607330249912551,697.2728,5.1438,0.0,0.0,0.0,697.2728,5.1438,702.4166,704.4162
1311,53.7382,0.0083,53.7465,9.6744,0.9998455713395291,0.0001544286604709144,3145.5401,5.0912,0.0,0.0,0.0,3145.5400999999997,5.091200000000001,3150.6312999999996,3208.1293
1312,2.2361,0.0098,2.2459,0.4043,0.9956364931653235,0.004363506834676522,129.5455,5.8802,0.0,0.0,0.0,129.5455,5.880199999999999,135.4257,135.4239
1313,16.7773,0.0075,16.7848,3.0213,0.9995531671512321,0.00044683284876793287,977.6365,4.556,0.0,0.0,0.0,977.6365,4.555999999999999,982.1925,996.6927
1314,59.9676,0.0083,59.976,10.7957,0.999859943977591,0.00013838868880885688,3538.7749,5.1488,0.0,0.0,0.0,3538.7748999999994,5.1488,3543.9236999999994,3619.4285
1315,0.2625,0.0082,0.2707,0.0487,0.9697081640192096,0.030291835980790546,13.9997,4.7135,0.0,0.0,0.0,13.999699999999999,4.7135,18.7132,18.7096
1316,3.802,0.0091,3.8111,0.686,0.9976122379365537,0.002387762063446249,206.7276,5.593,0.0,0.0,0.0,206.7276,5.593000000000001,212.32059999999998,212.8193
1317,19.1241,0.0088,19.1328,3.4439,0.9995452834922227,0.00045994313430339527,1053.3638,5.4474,0.0,0.0,0.0,1053.3638,5.4474,1058.8112,1061.3112
1318,8.8352,0.0084,8.8436,1.5918,0.9990501605680945,0.0009498394319055587,478.7272,5.5442,0.0,0.0,0.0,478.72720000000004,5.5442,484.2714,486.2697
1319,32.0909,0.0088,32.0997,5.778,0.9997258541357084,0.0002741458642915666,1826.5781,5.3497,0.0,0.0,0.0,1826.5781,5.3497,1831.9278,1838.4324
1320,59.5333,0.0081,59.5415,10.7175,0.9998622809301075,0.0001360395690400813,3480.6017,5.1392,0.0,0.0,0.0,3480.6017,5.1392,3485.7409000000002,3535.7442
1321,41.536,0.0082,41.5442,7.4779,0.9998026198602935,0.00019738013970662575,2280.1482,5.0626,0.0,0.0,0.0,2280.1482,5.0626,2285.2108000000003,2295.7131
1322,20.5447,0.0078,20.5526,3.6995,0.9996156204081234,0.0003795140274223212,1211.9094,5.1509,0.0,0.0,0.0,1211.9094000000002,5.1509,1217.0603000000003,1232.0611
1323,0.1838,0.0085,0.1923,0.0346,0.9557982319292772,0.04420176807072283,10.1819,5.3716,0.0,0.0,0.0,10.181899999999999,5.3716,15.5535,15.5539
1324,66.0041,0.0084,66.0125,11.8823,0.9998727513728459,0.0001272486271539481,3839.311,5.3009,0.0,0.0,0.0,3839.3109999999992,5.3009,3844.6118999999994,3872.6158
1325,0.6177,0.008,0.6257,0.1126,0.987214319961643,0.01278568003835704,34.3634,5.0724,0.0,0.0,0.0,34.363400000000006,5.0724,39.43580000000001,39.4367
1326,13.7021,0.0071,13.7092,2.4677,0.9994820996119395,0.0005179003880605726,761.9091,4.483,0.0,0.0,0.0,761.9091,4.483,766.3920999999999,776.8931
1327,63.2567,0.0076,63.2643,11.3876,0.9998798690572724,0.00012013094272757305,3385.0391,4.8201,0.0,0.0,0.0,3385.0390999999995,4.8201,3389.8591999999994,3411.3594
1328,70.8135,0.0075,70.821,12.7478,0.9998940992078622,0.00010590079213792519,3800.2569,4.5982,0.0,0.0,0.0,3800.2569000000003,4.5982,3804.8551,3836.3504
1329,52.2126,0.0075,52.2201,9.3996,0.9998563771421349,0.00014362285786507492,2860.0528,4.7952,0.0,0.0,0.0,2860.0527999999995,4.7952,2864.8479999999995,2905.3496
1330,8.8898,0.0088,8.8986,1.6017,0.9990110803946687,0.0009889196053311758,470.0,5.5783,0.0,0.0,0.0,470.0,5.5783,475.5783,476.0739
1331,60.0477,0.0075,60.0552,10.8099,0.9998751148942973,0.00012488510570275347,3259.0498,4.6731,0.0,0.0,0.0,3259.0498,4.6731,3263.7228999999998,3291.7208
1332,67.4583,0.0075,67.4658,12.1438,0.9998888325640546,0.00011116743594532341,3759.9981,4.9032,0.0,0.0,0.0,3759.9981000000002,4.9032,3764.9013000000004,3820.8989
1333,0.6253,0.0082,0.6335,0.114,0.9870560378847671,0.012943962115232835,33.8182,4.9195,0.0,0.0,0.0,33.8182,4.9195,38.7377,38.7374
1334,2.8997,0.0073,2.9071,0.5233,0.9974545079288639,0.0025110935296343436,158.9089,5.0193,0.0,0.0,0.0,158.90890000000002,5.0193,163.9282,165.43
1335,0.4948,0.008,0.5028,0.0905,0.9840891010342084,0.015910898965791568,27.6364,5.1202,0.0,0.0,0.0,27.636399999999995,5.1202000000000005,32.75659999999999,32.757
1336,1.5706,0.0077,1.5783,0.2841,0.995121333079896,0.004878666920103909,90.0908,4.759,0.0,0.0,0.0,90.0908,4.759,94.8498,96.3542
1337,59.3037,0.0087,59.3124,10.6762,0.9998533190361544,0.0001466809638456714,3198.798,5.1363,0.0,0.0,0.0,3198.798,5.1363,3203.9343,3235.9377
1338,3.8907,0.0082,3.8989,0.7018,0.9978968426992229,0.0021031573007771424,206.5455,5.2282,0.0,0.0,0.0,206.5455,5.228199999999999,211.7737,218.2688
1339,66.2751,0.0065,66.2816,11.9307,0.9999019335682904,9.806643170955438e-05,3759.586,4.2832,0.0,0.0,0.0,3759.586,4.2832,3763.8691999999996,3800.8656
1340,64.4568,0.0091,64.4658,11.6038,0.9998603910910902,0.0001411601190088388,3435.9296,5.3732,0.0,0.0,0.0,3435.9296,5.3732,3441.3028,3495.298
1341,2.2072,0.0072,2.2143,0.3986,0.9967935690737477,0.0032515919252133854,124.0912,4.6337,0.0,0.0,0.0,124.09119999999999,4.6337,128.7249,130.7273
1342,22.6451,0.0074,22.6524,4.0774,0.9996777383411912,0.0003266762020801328,1215.8182,4.6124,0.0,0.0,0.0,1215.8181999999997,4.6124,1220.4305999999997,1232.4295
1343,66.8581,0.0083,66.8664,12.0359,0.999875871887824,0.00012412811217592094,3584.5711,4.9789,0.0,0.0,0.0,3584.5711000000006,4.9789,3589.5500000000006,3630.5479
1344,12.7846,0.0074,12.792,2.3026,0.9994215134459037,0.0005784865540963102,700.6364,4.7227,0.0,0.0,0.0,700.6364,4.722700000000001,705.3591,711.3639
1345,0.9438,0.0087,0.9524,0.1714,0.990970180596388,0.009134817303653927,54.3638,5.4286,0.0,0.0,0.0,54.3638,5.4286,59.7924,59.7905
1346,0.9869,0.0099,0.9967,0.1794,0.9901675529246513,0.00993277816795425,54.2727,6.0063,0.0,0.0,0.0,54.2727,6.0063,60.279,60.2816
1347,0.3675,0.0069,0.3745,0.0674,0.9813084112149533,0.01842456608811749,19.4544,4.1478,0.0,0.0,0.0,19.4544,4.1478,23.6022,23.6057
1348,64.9973,0.0082,65.0055,11.701,0.9998738568274992,0.00012614317250078842,3700.6364,5.2481,0.0,0.0,0.0,3700.6364000000003,5.2481,3705.8845,3725.8828
1349,2.4357,0.0073,2.443,0.4397,0.9970118706508392,0.0029881293491608677,130.0908,4.3519,0.0,0.0,0.0,130.0908,4.3519,134.4427,134.447
1350,1.7796,0.0081,1.7877,0.3218,0.9954690384292667,0.004530961570733344,102.5455,5.2029,0.0,0.0,0.0,102.5455,5.2029,107.7484,107.7449
1351,0.4849,0.0072,0.4921,0.0886,0.9853688274740907,0.014631172525909368,26.4546,4.6996,0.0,0.0,0.0,26.454600000000006,4.699599999999999,31.154200000000007,31.1504
1352,0.5774,0.0088,0.5862,0.1055,0.9849880586830433,0.01501194131695667,31.1817,5.2299,0.0,0.0,0.0,31.1817,5.2299,36.4116,36.4124
1353,69.8991,0.0077,69.9068,12.5832,0.9998898533475999,0.00011014665240005264,3737.3422,5.0374,0.0,0.0,0.0,3737.3422000000005,5.037399999999999,3742.3796000000007,3792.3777
1354,0.3252,0.007,0.3323,0.0598,0.9786337646704785,0.021065302437556426,17.3633,4.7128,0.0,0.0,0.0,17.363300000000002,4.7128,22.076100000000004,22.0763
1355,62.7222,0.0079,62.7301,11.2914,0.9998740636472762,0.000125936352723812,3385.9663,5.1377,0.0,0.0,0.0,3385.9662999999996,5.137700000000001,3391.104,3438.607
1356,26.2588,0.0071,26.2659,4.7279,0.9997296875416415,0.00027031245835855617,1459.8183,4.8973,0.0,0.0,0.0,1459.8183,4.8973,1464.7156,1473.7123
1357,15.9457,0.0074,15.9531,2.8716,0.9995361403112876,0.00046385968871253866,894.4546,4.9457,0.0,0.0,0.0,894.4546,4.9456999999999995,899.4003,907.9036
1358,0.4696,0.0086,0.4782,0.0861,0.9820158929318277,0.01798410706817231,27.0911,5.1321,0.0,0.0,0.0,27.091099999999994,5.1321,32.22319999999999,32.227
1359,0.3957,0.0077,0.4034,0.0726,0.980912245909767,0.01908775409023302,21.6365,5.0318,0.0,0.0,0.0,21.6365,5.0318,26.668300000000002,26.6639
1360,11.2683,0.0089,11.2772,2.0299,0.9992107970063491,0.0007892029936509062,633.091,5.5054,0.0,0.0,0.0,633.091,5.505400000000001,638.5964,641.0915
1361,54.9477,0.0079,54.9556,9.892,0.9998562475889627,0.00014375241103727375,3063.9769,5.0301,0.0,0.0,0.0,3063.9768999999997,5.030099999999999,3069.0069999999996,3112.5031
1362,9.9467,0.0073,9.954,1.7917,0.9992666264818163,0.0007333735181836447,567.8182,4.6069,0.0,0.0,0.0,567.8181999999999,4.6068999999999996,572.4250999999999,585.9285
1363,0.8202,0.0082,0.8284,0.1491,0.9901014002897152,0.009898599710284887,43.818,5.1633,0.0,0.0,0.0,43.818,5.1633,48.9813,48.9825
1364,2.0539,0.0088,2.0627,0.3713,0.995733747030591,0.004266252969409027,117.2727,5.524,0.0,0.0,0.0,117.27270000000001,5.524,122.79670000000002,123.2978
1365,0.3229,0.0087,0.3316,0.0597,0.9737635705669482,0.026236429433051867,18.1816,5.4501,0.0,0.0,0.0,18.181599999999996,5.4501,23.631699999999995,23.6366
1366,63.4884,0.0067,63.4952,11.4291,0.9998929052904787,0.00010551978732250628,3621.168,4.1526,0.0,0.0,0.0,3621.168,4.1526000000000005,3625.3206,3675.8216
1367,66.6684,0.0079,66.6764,12.0017,0.9998800175174425,0.00011848270152557728,3621.0008,4.8812,0.0,0.0,0.0,3621.0008,4.8812,3625.8819999999996,3670.8852
1368,39.5923,0.0087,39.601,7.1282,0.9997803085780663,0.00021969142193378955,2191.2386,5.5922,0.0,0.0,0.0,2191.2386,5.592199999999999,2196.8308,2211.3291
1369,38.7694,0.0078,38.7773,6.9799,0.9997962725615244,0.00020114861014046878,2105.0112,4.7378,0.0,0.0,0.0,2105.0112,4.7378,2109.749,2130.2468
1370,13.2838,0.008,13.2919,2.3925,0.9993906063091055,0.000601870311994523,770.2725,5.0336,0.0,0.0,0.0,770.2724999999999,5.0336,775.3060999999999,780.8017
1371,5.9042,0.0069,5.9111,1.064,0.998832704572753,0.0011672954272470436,326.818,4.1705,0.0,0.0,0.0,326.818,4.1705000000000005,330.9885,331.9873
1372,54.1183,0.0089,54.1271,9.7429,0.9998374197028845,0.0001644278004918054,2980.2531,5.5257,0.0,0.0,0.0,2980.2531,5.5257000000000005,2985.7788,3010.7765
1373,21.5053,0.0078,21.5131,3.8724,0.9996374302169374,0.00036256978306241307,1213.9091,4.6304,0.0,0.0,0.0,1213.9091,4.6304,1218.5395,1232.0392
1374,1.0289,0.0072,1.0361,0.1865,0.9930508638162339,0.006949136183766046,58.2727,4.9877,0.0,0.0,0.0,58.27269999999999,4.9877,63.26039999999999,64.2611
1375,60.3193,0.0067,60.3261,10.8587,0.9998872793036514,0.000111063039049433,3289.0176,4.7476,0.0,0.0,0.0,3289.0175999999997,4.7476,3293.7652,3341.7669
1376,8.0343,0.0084,8.0427,1.4477,0.9989555746204632,0.0010444253795367227,440.4542,5.1421,0.0,0.0,0.0,440.45419999999996,5.1421,445.5963,448.5965
1377,32.4792,0.0083,32.4875,5.8477,0.99974451712197,0.00025548287803001156,1834.2057,5.3675,0.0,0.0,0.0,1834.2057,5.367500000000001,1839.5732,1853.0747
1378,2.1115,0.0069,2.1184,0.3813,0.9967428247734139,0.003257175226586103,118.6361,4.6653,0.0,0.0,0.0,118.6361,4.6653,123.3014,124.3031
1379,1.5389,0.007,1.5459,0.2783,0.995471893395433,0.004528106604566919,83.6363,4.3808,0.0,0.0,0.0,83.63629999999998,4.380800000000001,88.01709999999997,89.0133
1380,1.8609,0.0077,1.8685,0.3363,0.9959325662295959,0.004120952635804121,102.9089,5.2086,0.0,0.0,0.0,102.90890000000002,5.208600000000001,108.11750000000002,108.1154
1381,59.7297,0.0071,59.7367,10.7526,0.9998828191045036,0.00011885490828920916,3271.7461,4.412,0.0,0.0,0.0,3271.7461000000003,4.412,3276.1581,3311.657
1382,3.5131,0.0072,3.5202,0.6336,0.9979830691437986,0.0020453383330492586,191.4549,4.328,0.0,0.0,0.0,191.45489999999998,4.328,195.78289999999998,196.2825
1383,0.1723,0.008,0.1804,0.0325,0.95509977827051,0.044345898004434586,9.5455,4.8561,0.0,0.0,0.0,9.5455,4.8561000000000005,14.401600000000002,14.4046
1384,61.2832,0.0076,61.2907,11.0323,0.9998776323324746,0.00012399923642575464,3398.8748,4.7288,0.0,0.0,0.0,3398.8748000000005,4.728800000000001,3403.6036000000004,3452.6017
1385,3.1037,0.0083,3.112,0.5602,0.9973329048843187,0.002667095115681234,167.9999,5.2843,0.0,0.0,0.0,167.99990000000005,5.2843,173.28420000000006,173.281
1386,4.4957,0.0088,4.5045,0.8108,0.998046398046398,0.0019536019536019536,245.4548,5.3177,0.0,0.0,0.0,245.45479999999998,5.3177,250.77249999999998,251.7696
1387,2.0249,0.0078,2.0327,0.3659,0.9961627392138535,0.003837260786146504,108.7272,5.0135,0.0,0.0,0.0,108.72719999999998,5.0135,113.74069999999998,113.7418
1388,51.0743,0.0074,51.0818,9.1947,0.9998531766695771,0.00014486568601732906,2848.4892,4.6199,0.0,0.0,0.0,2848.4891999999995,4.6198999999999995,2853.1090999999997,2882.1093
1389,0.7077,0.0078,0.7155,0.1288,0.9890985324947589,0.01090146750524109,41.2727,4.9551,0.0,0.0,0.0,41.2727,4.955100000000001,46.2278,46.2254
1390,0.4481,0.0079,0.4561,0.0821,0.9824599868449901,0.017320762990572246,24.8184,5.5576,0.0,0.0,0.0,24.818400000000004,5.557600000000001,30.376000000000005,30.3767
1391,5.1361,0.0077,5.1438,0.9259,0.9985030522182045,0.00149694778179556,279.0,4.7321,0.0,0.0,0.0,279.0,4.7321,283.7321,285.7337
1392,0.8013,0.0075,0.8089,0.1456,0.9906045246631229,0.009271850661392014,44.2729,4.7992,0.0,0.0,0.0,44.27289999999999,4.7992,49.07209999999999,49.0766
1393,56.4877,0.008,56.4957,10.1692,0.9998583963027274,0.0001416036972725358,3259.0941,5.2829,0.0,0.0,0.0,3259.0941,5.282900000000001,3264.377,3281.8743
1394,0.2625,0.0083,0.2708,0.0487,0.9693500738552439,0.03064992614475628,14.0001,5.1689,0.0,0.0,0.0,14.000100000000003,5.1689,19.169000000000004,19.1644
1395,4.4186,0.0089,4.4275,0.7969,0.9979898362507057,0.002010163749294184,242.0909,5.5535,0.0,0.0,0.0,242.0909,5.5535,247.64440000000002,251.6494
1396,65.7435,0.0095,65.753,11.8355,0.9998555199002327,0.000144480099767311,3510.8564,5.5043,0.0,0.0,0.0,3510.8564,5.5043,3516.3607,3547.8566
1397,2.9505,0.0079,2.9584,0.5325,0.9973296376419686,0.0026703623580313684,161.1818,4.8833,0.0,0.0,0.0,161.1818,4.883300000000001,166.0651,168.5638
1398,0.4369,0.0081,0.4449,0.0801,0.9820184311081142,0.018206338503034387,24.2728,5.1535,0.0,0.0,0.0,24.272800000000004,5.153500000000001,29.426300000000005,29.4232
1399,0.8225,0.0075,0.83,0.1494,0.9909638554216869,0.009036144578313253,44.2727,4.8404,0.0,0.0,0.0,44.2727,4.8404,49.1131,49.1133
1400,69.2571,0.0082,69.2653,12.4678,0.9998816146035605,0.00011838539643948703,3622.1165,5.3605,0.0,0.0,0.0,3622.1165000000005,5.3605,3627.4770000000003,3650.9759
1401,5.5176,0.0078,5.5254,0.9946,0.9985883374959278,0.0014116625040721032,291.0001,5.0801,0.0,0.0,0.0,291.0001,5.0801,296.0802,298.5824
1402,4.8617,0.0062,4.8679,0.8762,0.9987263501715319,0.001273649828468128,273.727,4.1146,0.0,0.0,0.0,273.727,4.1146,277.84159999999997,279.842
1403,0.8254,0.0061,0.8314,0.1497,0.9927832571566033,0.007337021890786625,45.6362,4.1695,0.0,0.0,0.0,45.6362,4.1695,49.8057,49.8089
1404,17.8694,0.0083,17.8776,3.218,0.9995413254575557,0.00046426813442520246,1016.3637,5.21,0.0,0.0,0.0,1016.3636999999999,5.21,1021.5736999999999,1027.5706
1405,56.0523,0.0072,56.0596,10.0907,0.9998697814468887,0.00012843473731528586,3128.3303,4.5336,0.0,0.0,0.0,3128.3302999999996,4.5336,3132.8639,3167.8678
1406,23.7656,0.0067,23.7723,4.279,0.9997181593703596,0.00028184062964037976,1335.0909,4.18,0.0,0.0,0.0,1335.0909,4.18,1339.2709,1347.2687
1407,66.0062,0.0072,66.0134,11.8824,0.9998909312351735,0.00010906876482653521,3564.9878,4.7904,0.0,0.0,0.0,3564.9877999999994,4.7904,3569.7781999999993,3610.7825
1408,0.5125,0.007,0.5195,0.0935,0.9865255052935514,0.013474494706448509,28.0001,4.4278,0.0,0.0,0.0,28.000100000000003,4.4278,32.4279,32.4261
1409,8.5213,0.0074,8.5287,1.5352,0.9991323413884882,0.0008676586115117192,448.1818,4.5548,0.0,0.0,0.0,448.18180000000007,4.554799999999999,452.73660000000007,456.2343
1410,64.2698,0.0073,64.2771,11.5699,0.9998864292259607,0.00011357077403927682,3686.6743,4.5164,0.0,0.0,0.0,3686.6743,4.5164,3691.1907,3754.6934
1411,3.6065,0.009,3.6155,0.6508,0.9975107177430508,0.002489282256949246,192.0001,5.1954,0.0,0.0,0.0,192.00010000000003,5.1954,197.19550000000004,198.1988
1412,62.4008,0.0082,62.409,11.2336,0.9998686086942588,0.00013139130574115913,3599.7945,4.6394,0.0,0.0,0.0,3599.7945,4.639399999999999,3604.4339,3613.9335
1413,5.4696,0.0066,5.4762,0.9857,0.9987947847047222,0.0012052152952777473,317.0906,4.2128,0.0,0.0,0.0,317.0906,4.2128000000000005,321.3034,323.3049
1414,0.2836,0.0085,0.292,0.0526,0.9712328767123289,0.029109589041095896,15.9091,5.5382,0.0,0.0,0.0,15.909100000000002,5.5382,21.447300000000002,21.4508
1415,6.3139,0.0073,6.3212,1.1378,0.9988451559830412,0.0011548440169588054,370.9999,4.4508,0.0,0.0,0.0,370.99989999999997,4.450799999999999,375.4507,376.951
1416,0.1768,0.0068,0.1835,0.033,0.9634877384196187,0.037057220708446865,10.1818,4.4624,0.0,0.0,0.0,10.181799999999999,4.4624,14.644199999999998,14.6439
1417,18.8608,0.0083,18.869,3.3964,0.9995654247707881,0.00043987492712915365,1040.7274,5.4021,0.0,0.0,0.0,1040.7274,5.4021,1046.1295,1051.6267
1418,57.1064,0.0073,57.1137,10.2805,0.9998721847822851,0.000127815217714839,3185.8392,4.3803,0.0,0.0,0.0,3185.8392000000003,4.380300000000001,3190.2195,3203.7214
1419,8.7463,0.0075,8.7537,1.5757,0.9991546431794555,0.0008567805613626237,456.9998,4.9125,0.0,0.0,0.0,456.99980000000005,4.9125,461.9123000000001,464.4168
1420,1.0108,0.0075,1.0183,0.1833,0.9926347834626338,0.007365216537366198,59.1818,4.6094,0.0,0.0,0.0,59.1818,4.6094,63.7912,63.7904
1421,0.5728,0.0078,0.5805,0.1045,0.9867355727820843,0.013436692506459947,31.1821,5.0954,0.0,0.0,0.0,31.182100000000002,5.095399999999999,36.2775,37.2803
1422,0.994,0.0088,1.0028,0.1805,0.9912245712006383,0.008775428799361789,51.5454,5.4866,0.0,0.0,0.0,51.5454,5.4866,57.032000000000004,57.5355
1423,69.4602,0.0075,69.4677,12.5042,0.9998920361549325,0.00010796384506756377,3709.7617,4.5892,0.0,0.0,0.0,3709.7617000000005,4.589200000000001,3714.3509000000004,3764.8481
1424,7.9007,0.0077,7.9084,1.4235,0.9990263517272773,0.0009736482727226747,459.0907,4.3486,0.0,0.0,0.0,459.09069999999997,4.348599999999999,463.43929999999995,471.9364
1425,66.0488,0.0095,66.0583,11.8905,0.9998561876403116,0.0001438123596883359,3577.0713,5.8181,0.0,0.0,0.0,3577.0712999999996,5.8181,3582.8893999999996,3611.3896
1426,0.2289,0.0085,0.2374,0.0427,0.9641954507160909,0.03580454928390902,12.4544,5.1688,0.0,0.0,0.0,12.454399999999998,5.1688,17.623199999999997,17.6278
1427,58.2222,0.0066,58.2288,10.4812,0.9998866540268733,0.00011334597312670019,3144.6272,4.2874,0.0,0.0,0.0,3144.6272,4.2874,3148.9146,3171.911
1428,2.5781,0.0069,2.585,0.4653,0.997330754352031,0.0026692456479690523,138.8181,4.2165,0.0,0.0,0.0,138.8181,4.2165,143.03459999999998,143.0317
1429,1.7194,0.0077,1.7271,0.3109,0.9955416594291008,0.004458340570899195,93.3637,4.7769,0.0,0.0,0.0,93.36370000000001,4.7768999999999995,98.1406,98.1367
1430,60.3771,0.0079,60.385,10.8693,0.9998691728078165,0.00013082719218348928,3523.9428,4.7751,0.0,0.0,0.0,3523.9428000000003,4.7751,3528.7179,3557.7215
1431,1.2986,0.0085,1.3071,0.2353,0.9934970545482366,0.0065029454517634465,71.0,5.1904,0.0,0.0,0.0,71.0,5.1904,76.1904,76.1922
1432,7.9626,0.0088,7.9714,1.4348,0.9988960533908724,0.0011039466091276313,422.636,5.4726,0.0,0.0,0.0,422.636,5.4726,428.1086,429.1082
1433,66.6639,0.008,66.6719,12.001,0.9998800094192607,0.00011999058073941197,3631.6885,4.9138,0.0,0.0,0.0,3631.6884999999997,4.9138,3636.6022999999996,3699.1015
1434,6.0746,0.009,6.0836,1.095,0.9985206127950557,0.0014793872049444407,336.3636,5.7683,0.0,0.0,0.0,336.3636,5.768299999999999,342.13190000000003,344.631
1435,2.9573,0.0083,2.9657,0.5338,0.9971676164143373,0.0027986647334524734,165.5456,5.1394,0.0,0.0,0.0,165.54560000000004,5.1394,170.68500000000003,172.69
1436,43.9568,0.0077,43.9645,7.9136,0.999824858692809,0.00017514130719102912,2383.6298,4.8419,0.0,0.0,0.0,2383.6298,4.8419,2388.4717,2399.9765
1437,52.1364,0.008,52.1444,9.386,0.99984657988202,0.00015342011798007073,2936.1338,5.0167,0.0,0.0,0.0,2936.1337999999996,5.0167,2941.1504999999997,2965.1457
1438,1.7597,0.0087,1.7684,0.3183,0.995080298574983,0.004919701425016965,97.4545,5.1615,0.0,0.0,0.0,97.45449999999998,5.1615,102.61599999999999,102.6197
1439,48.1677,0.0065,48.1742,8.6714,0.9998650730058829,0.00013492699411718305,2633.8771,4.1516,0.0,0.0,0.0,2633.8770999999997,4.1516,2638.0287,2689.5295
1440,12.1165,0.0082,12.1248,2.1825,0.9993154526260227,0.0006762998152546846,704.7271,5.112,0.0,0.0,0.0,704.7271000000002,5.112,709.8391000000001,713.3369
1441,28.3564,0.0097,28.3661,5.1059,0.9996580425225886,0.00034195747741141714,1586.3636,5.9308,0.0,0.0,0.0,1586.3635999999997,5.9308,1592.2943999999998,1598.7933
1442,2.2588,0.0074,2.2662,0.4079,0.9967346218339069,0.0032653781660930193,124.727,4.497,0.0,0.0,0.0,124.72699999999999,4.497000000000001,129.224,129.2224
1443,3.0257,0.0076,3.0333,0.546,0.9974944779612963,0.002505522038703722,171.1816,4.8046,0.0,0.0,0.0,171.1816,4.804600000000001,175.9862,178.4858
1444,2.1224,0.0087,2.1311,0.3836,0.9959176012387968,0.0040823987612031345,113.3637,5.6508,0.0,0.0,0.0,113.3637,5.6507999999999985,119.0145,119.0139
1445,67.8784,0.0088,67.8872,12.2197,0.9998703732073203,0.0001296267926796215,3615.824,5.1822,0.0,0.0,0.0,3615.8240000000005,5.182200000000001,3621.0062000000007,3651.5014
1446,0.5222,0.0068,0.529,0.0952,0.9871455576559546,0.012854442344045367,28.5454,4.189,0.0,0.0,0.0,28.5454,4.189,32.7344,32.7301
1447,1.5373,0.0079,1.5452,0.2781,0.9948873932177066,0.005112606782293555,83.6362,4.6505,0.0,0.0,0.0,83.6362,4.650499999999999,88.2867,88.285
1448,57.9425,0.0081,57.9506,10.4311,0.999860225778508,0.00013977422149209843,3283.5952,5.2103,0.0,0.0,0.0,3283.5952000000007,5.2103,3288.805500000001,3335.8081
1449,61.0807,0.0057,61.0864,10.9956,0.999906689541371,9.33104586290893e-05,3586.3096,3.9256,0.0,0.0,0.0,3586.3096000000005,3.9256,3590.2352000000005,3639.232
1450,2.906,0.0078,2.9138,0.5245,0.9973230832589746,0.0026769167410254646,157.3636,4.8091,0.0,0.0,0.0,157.36360000000002,4.8091,162.17270000000002,163.677
1451,7.4463,0.007,7.4532,1.3416,0.9990742231524714,0.0009391939032898621,405.9091,4.5618,0.0,0.0,0.0,405.9091,4.5618,410.47090000000003,413.4677
1452,1.9533,0.0069,1.9602,0.3528,0.9964799510254057,0.003520048974594429,112.1818,4.281,0.0,0.0,0.0,112.1818,4.281,116.4628,116.4633
1453,7.2014,0.0072,7.2086,1.2975,0.999001193019449,0.0009988069805510085,393.4547,4.7587,0.0,0.0,0.0,393.4546999999999,4.7587,398.21339999999987,399.7146
1454,7.2178,0.0071,7.2249,1.3005,0.9990172874365044,0.0009827125634956886,409.9092,4.8006,0.0,0.0,0.0,409.9092,4.800600000000001,414.7098,417.2075
1455,27.9218,0.0072,27.929,5.0272,0.9997422034444485,0.0002577965555515772,1445.5455,4.6591,0.0,0.0,0.0,1445.5455,4.6591,1450.2046,1455.2089
1456,61.2947,0.0083,61.303,11.0345,0.9998646069523515,0.00013539304764856533,3458.3701,5.0806,0.0,0.0,0.0,3458.3701,5.0806000000000004,3463.4507,3517.9457
1457,24.387,0.0087,24.3957,4.3912,0.9996433797759441,0.00035662022405587865,1345.8183,5.3162,0.0,0.0,0.0,1345.8182999999997,5.3162,1351.1344999999997,1354.1322
1458,4.7693,0.0067,4.776,0.8597,0.9985971524288109,0.00140284757118928,249.3637,4.347,0.0,0.0,0.0,249.3637,4.3469999999999995,253.7107,255.7146
1459,3.823,0.0084,3.8314,0.6897,0.9978075899149136,0.002192410085086391,206.1818,5.0662,0.0,0.0,0.0,206.1818,5.0662,211.24800000000002,212.2455
1460,41.3326,0.0075,41.3401,7.4412,0.9998185780876195,0.0001814219123804732,2257.3412,4.8098,0.0,0.0,0.0,2257.3412,4.8098,2262.151,2267.1521
1461,1.8926,0.0074,1.9,0.342,0.9961052631578948,0.0038947368421052633,105.0001,4.6582,0.0,0.0,0.0,105.00009999999997,4.6582,109.65829999999997,110.1627
1462,1.7062,0.0083,1.7146,0.3086,0.9951008981686691,0.004840779190481746,92.0,5.376,0.0,0.0,0.0,91.99999999999999,5.3759999999999994,97.37599999999999,98.3802
1463,59.2897,0.009,59.2987,10.6738,0.999848226015073,0.0001517739849271569,3106.0026,5.6471,0.0,0.0,0.0,3106.0025999999993,5.6471,3111.6496999999995,3197.1491
1464,60.3489,0.0097,60.3586,10.8645,0.9998392938205989,0.0001607061794011127,3330.1075,5.7507,0.0,0.0,0.0,3330.1075,5.750700000000001,3335.8582,3366.862
1465,1.5536,0.0083,1.5618,0.2811,0.9947496478422333,0.005314380842617493,84.182,4.8335,0.0,0.0,0.0,84.182,4.8335,89.0155,89.5202
1466,2.3891,0.0086,2.3977,0.4316,0.9964132293447888,0.003586770655211244,130.1818,5.0653,0.0,0.0,0.0,130.1818,5.0653,135.24710000000002,136.2479
1467,43.5267,0.0072,43.5339,7.8361,0.9998346116474747,0.0001653883525252734,2517.5339,4.8063,0.0,0.0,0.0,2517.5339,4.8063,2522.3402,2553.8402
1468,70.1294,0.0078,70.1372,12.6247,0.9998887894013447,0.00011121059865520721,3746.3272,5.0351,0.0,0.0,0.0,3746.3271999999997,5.035099999999999,3751.3623,3780.867
1469,0.5574,0.0077,0.5651,0.1017,0.9863740930808705,0.013625906919129356,31.0002,4.8531,0.0,0.0,0.0,31.000199999999996,4.8531,35.8533,35.8483
1470,8.9356,0.0076,8.9432,1.6098,0.9991501923248951,0.0008498076751051078,509.1816,4.5878,0.0,0.0,0.0,509.1816,4.5878,513.7694,515.7716
1471,48.3178,0.0083,48.3262,8.6987,0.9998261812433007,0.0001717494857861781,2605.1923,5.0613,0.0,0.0,0.0,2605.1922999999997,5.0613,2610.2535999999996,2629.255
1472,0.7708,0.0069,0.7777,0.14,0.9911276841969913,0.008872315803008873,44.0908,4.2821,0.0,0.0,0.0,44.09079999999999,4.2821,48.37289999999999,48.3724
1473,11.0463,0.0069,11.0532,1.9896,0.9993757463901857,0.0006242536098143524,598.9998,4.6509,0.0,0.0,0.0,598.9998,4.6509,603.6507,606.6529
1474,57.5809,0.0075,57.5884,10.3659,0.9998697654388731,0.0001302345611268936,3060.9169,4.7246,0.0,0.0,0.0,3060.9168999999993,4.724600000000001,3065.6414999999993,3076.1455
1475,51.5592,0.007,51.5662,9.2819,0.9998642521651778,0.00013574783482203458,2814.5455,4.3786,0.0,0.0,0.0,2814.5455,4.3786000000000005,2818.9241,2839.4261
1476,3.1976,0.0066,3.2042,0.5768,0.9979402034829286,0.0020597965170713437,169.8182,4.4576,0.0,0.0,0.0,169.8182,4.4576,174.2758,174.7762
1477,0.3375,0.0073,0.3448,0.0621,0.9788283062645012,0.02117169373549884,18.4543,4.638,0.0,0.0,0.0,18.454300000000003,4.638,23.0923,23.0917
1478,1.9852,0.0071,1.9923,0.3586,0.9964362796767555,0.0035637203232444918,114.0002,4.468,0.0,0.0,0.0,114.00019999999998,4.468,118.46819999999998,118.47
1479,15.4047,0.0081,15.4128,2.7743,0.9994744627841793,0.0005255372158206166,879.6364,5.0281,0.0,0.0,0.0,879.6364,5.0281,884.6645,892.165
1480,2.1942,0.0089,2.2031,0.3966,0.9959602378466705,0.004039762153329399,120.9089,5.1201,0.0,0.0,0.0,120.90890000000002,5.1201,126.02900000000001,126.0283
1481,59.4478,0.0085,59.4564,10.7021,0.9998553561937823,0.00014296190149420417,3280.2196,4.8867,0.0,0.0,0.0,3280.2196000000004,4.886699999999999,3285.1063000000004,3341.1027
1482,1.0571,0.0082,1.0653,0.1918,0.9923026377546231,0.007697362245376891,56.2728,4.7664,0.0,0.0,0.0,56.2728,4.7664,61.039199999999994,61.0379
1483,56.1249,0.0065,56.1314,10.1036,0.9998842002871833,0.00011579971281671221,3090.9363,4.0576,0.0,0.0,0.0,3090.9363,4.0576,3094.9939,3106.4906
1484,0.8273,0.0087,0.836,0.1505,0.9895933014354068,0.010406698564593302,47.1818,5.1805,0.0,0.0,0.0,47.1818,5.1805,52.362300000000005,52.3613
1485,8.335,0.0078,8.3428,1.5017,0.9990650620894664,0.0009349379105336337,450.0909,5.2761,0.0,0.0,0.0,450.09090000000003,5.2761,455.367,456.8656
1486,9.0387,0.0072,9.0458,1.6282,0.9992151053527605,0.0007959495014260762,499.5454,4.6109,0.0,0.0,0.0,499.54540000000003,4.6109,504.15630000000004,511.1592
1487,15.7514,0.0075,15.7589,2.8366,0.9995240784572527,0.00047592154274727293,855.0,5.0431,0.0,0.0,0.0,855.0,5.0431,860.0431,864.0446
1488,62.6736,0.0079,62.6815,11.2827,0.999873966002728,0.00012603399727192236,3444.6307,4.8135,0.0,0.0,0.0,3444.6306999999997,4.8135,3449.4442,3481.4411
1489,63.4977,0.0079,63.5057,11.431,0.9998740270558392,0.0001243982823589064,3687.8874,5.0328,0.0,0.0,0.0,3687.8873999999996,5.0328,3692.9201999999996,3743.9239
1490,9.5284,0.0091,9.5375,1.7168,0.999045871559633,0.0009541284403669725,513.7273,5.7698,0.0,0.0,0.0,513.7273,5.7698,519.4971,522.501
1491,16.8114,0.0075,16.8189,3.0274,0.999554073096338,0.0004459269036619517,952.4545,4.6156,0.0,0.0,0.0,952.4545,4.6156,957.0701,962.5703
1492,42.9774,0.0079,42.9854,7.7374,0.999813890297636,0.0001837833310845078,2447.3375,5.0188,0.0,0.0,0.0,2447.3374999999996,5.018800000000001,2452.3562999999995,2466.3517
1493,0.5939,0.0087,0.6026,0.1085,0.9855625622303351,0.014437437769664784,32.818,5.2802,0.0,0.0,0.0,32.818,5.280200000000001,38.0982,38.095
1494,0.1707,0.0078,0.1785,0.0321,0.9563025210084034,0.043697478991596636,9.2726,4.8554,0.0,0.0,0.0,9.2726,4.8554,14.128,14.1277
1495,0.533,0.0067,0.5396,0.0971,0.9877687175685694,0.012416604892512974,29.3636,4.3443,0.0,0.0,0.0,29.363600000000005,4.3443000000000005,33.70790000000001,34.2125
1496,1.2085,0.0072,1.2157,0.2188,0.9940774862219297,0.005922513778070247,68.2729,4.5297,0.0,0.0,0.0,68.27289999999999,4.5297,72.8026,72.8072
1497,6.648,0.0074,6.6554,1.198,0.9988881209243621,0.001111879075637828,376.1818,4.9529,0.0,0.0,0.0,376.1818,4.9529,381.1347,386.6315
1498,42.4684,0.0087,42.4771,7.6459,0.9997951837578366,0.0002048162421634245,2300.5351,5.5451,0.0,0.0,0.0,2300.5351,5.5451000000000015,2306.0802,2320.0777
1499,3.4605,0.0071,3.4676,0.6242,0.9979524743338333,0.0020475256661668015,187.2726,4.4934,0.0,0.0,0.0,187.2726,4.493399999999999,191.76600000000002,193.2683
1500,10.0456,0.0084,10.054,1.8097,0.9991645116371594,0.0008354883628406604,527.9093,5.0466,0.0,0.0,0.0,527.9092999999999,5.0466,532.9558999999999,534.453
1501,39.5797,0.0077,39.5874,7.1257,0.999805493667177,0.00019450633282306996,2120.7639,4.7913,0.0,0.0,0.0,2120.7639,4.7913,2125.5552,2140.0532
1502,0.3024,0.0072,0.3096,0.0557,0.9767441860465117,0.023255813953488372,17.5457,4.4077,0.0,0.0,0.0,17.5457,4.4077,21.953400000000002,21.9529
1503,0.5658,0.0079,0.5737,0.1033,0.9862297367962349,0.013770263203765036,30.4547,5.163,0.0,0.0,0.0,30.454700000000003,5.163,35.6177,35.6212
1504,50.3152,0.0078,50.323,9.0581,0.9998450012916559,0.00015499870834409713,2704.6888,4.9264,0.0,0.0,0.0,2704.6888,4.926399999999999,2709.6151999999997,2724.1186
1505,54.8535,0.0077,54.8613,9.875,0.9998578232743299,0.00014035394713577694,3133.1643,4.8598,0.0,0.0,0.0,3133.1643,4.859800000000001,3138.0241,3163.5282
1506,5.5758,0.0067,5.5825,1.0048,0.9987998208687865,0.0012001791312136142,319.2727,4.3011,0.0,0.0,0.0,319.2727,4.3011,323.5738,325.0772
1507,54.0586,0.0083,54.0669,9.732,0.9998464864824874,0.00015351351751256316,2866.176,5.4071,0.0,0.0,0.0,2866.1759999999995,5.4071,2871.5830999999994,2892.0806
1508,50.2775,0.0078,50.2853,9.0513,0.999844885085701,0.00015511491429900985,2757.2208,4.4993,0.0,0.0,0.0,2757.2208,4.4993,2761.7201,2776.2165
1509,1.0715,0.0061,1.0776,0.194,0.9943392724573126,0.005660727542687455,58.7274,3.9726,0.0,0.0,0.0,58.72739999999999,3.9726000000000004,62.69999999999999,62.697
1510,45.7047,0.0077,45.7124,8.2282,0.9998315555516665,0.00016844444833349375,2631.9544,4.8878,0.0,0.0,0.0,2631.9544,4.8878,2636.8422,2657.845
1511,0.512,0.0093,0.5213,0.0938,0.9821599846537503,0.01784001534624976,28.0,5.4173,0.0,0.0,0.0,28.000000000000007,5.4173,33.417300000000004,33.9201
1512,12.1903,0.0088,12.1991,2.1958,0.9992786353091623,0.0007213646908378488,644.4545,5.3805,0.0,0.0,0.0,644.4545,5.3805,649.835,652.8317
1513,53.599,0.0067,53.6057,9.649,0.999875013291497,0.0001249867085030137,2867.2972,4.5079,0.0,0.0,0.0,2867.2972000000004,4.5079,2871.8051000000005,2906.3085
1514,31.1617,0.0069,31.1686,5.6104,0.9997786233581232,0.00022137664187676058,1778.8012,4.4449,0.0,0.0,0.0,1778.8012,4.4449,1783.2461,1792.2506
1515,51.7233,0.0093,51.7326,9.3119,0.9998202294104686,0.00017977058953155264,2949.0653,5.3319,0.0,0.0,0.0,2949.0652999999998,5.3319,2954.3972,2985.8957
1516,60.9983,0.0097,61.0081,10.9815,0.9998393655924378,0.0001589952809544962,3583.2182,5.8497,0.0,0.0,0.0,3583.2182,5.8497,3589.0679,3640.5639
1517,0.2852,0.009,0.2941,0.0529,0.9697381842910576,0.030601836110166612,16.0,5.3649,0.0,0.0,0.0,16.0,5.3649,21.3649,21.3619
1518,0.799,0.0081,0.8071,0.1453,0.9899640688886135,0.010035931111386445,43.6362,4.8855,0.0,0.0,0.0,43.6362,4.8854999999999995,48.5217,48.5255
1519,12.8245,0.0089,12.8334,2.31,0.999306497109106,0.0006935028908940733,730.6365,5.4416,0.0,0.0,0.0,730.6365,5.441599999999999,736.0781,736.5779
1520,5.1604,0.0084,5.1689,0.9304,0.998355549536652,0.0016251039873087117,268.3635,5.2885,0.0,0.0,0.0,268.36350000000004,5.288500000000001,273.65200000000004,276.1548
1521,1.0543,0.0078,1.0621,0.1912,0.99265605875153,0.007343941248470012,56.2727,4.7124,0.0,0.0,0.0,56.27270000000001,4.712400000000001,60.98510000000001,61.4881
1522,11.1993,0.0083,11.2076,2.0174,0.9992594311003248,0.0007405688996752204,584.0,5.1924,0.0,0.0,0.0,584.0,5.1924,589.1924,593.6917
1523,3.9707,0.0083,3.9791,0.7162,0.997888969867558,0.0020858988213415097,226.4548,4.7959,0.0,0.0,0.0,226.4548,4.7959,231.2507,233.2531
1524,13.3647,0.0081,13.3728,2.4071,0.9993942928930366,0.0006057071069633884,700.5454,5.4111,0.0,0.0,0.0,700.5454,5.411099999999999,705.9565,713.4524
1525,7.1205,0.0075,7.128,1.283,0.9989478114478114,0.0010521885521885522,380.9089,4.9043,0.0,0.0,0.0,380.9088999999999,4.904299999999998,385.8131999999999,389.8091
1526,3.027,0.0085,3.0356,0.5464,0.9971669521676111,0.0028001054157332983,161.7272,5.3628,0.0,0.0,0.0,161.7272,5.3628,167.09,168.0899
1527,7.7023,0.0071,7.7094,1.3877,0.9990790463589904,0.0009209536410096766,409.909,4.3274,0.0,0.0,0.0,409.909,4.3274,414.2364,416.7382
1528,0.1208,0.0082,0.129,0.0232,0.9364341085271318,0.06356589147286822,6.3636,5.1482,0.0,0.0,0.0,6.363600000000002,5.1482,11.511800000000001,11.5135
1529,1.409,0.0066,1.4156,0.2548,0.9953376660073467,0.004662333992653292,77.6363,4.1509,0.0,0.0,0.0,77.6363,4.1509,81.78720000000001,82.2836
1530,3.6471,0.0077,3.6548,0.6579,0.997893181569443,0.002106818430557076,206.5453,4.7231,0.0,0.0,0.0,206.54529999999997,4.7231,211.26839999999996,211.7705
1531,2.7919,0.0072,2.7991,0.5038,0.9974277446322032,0.0025722553677967916,150.0909,4.2283,0.0,0.0,0.0,150.09090000000003,4.2283,154.31920000000002,155.8149
1532,1.4393,0.0076,1.4469,0.2604,0.994747390973806,0.005252609026193932,81.5454,4.7782,0.0,0.0,0.0,81.5454,4.7782,86.3236,88.8203
1533,58.1769,0.007,58.1839,10.4731,0.9998796918047776,0.0001203081952223897,3327.6683,4.303,0.0,0.0,0.0,3327.6683,4.302999999999999,3331.9712999999997,3359.4688
1534,9.2466,0.0083,9.2549,1.6659,0.9991031777760971,0.0008968222239030137,504.8181,4.9194,0.0,0.0,0.0,504.81809999999996,4.9193999999999996,509.73749999999995,512.7347
1535,2.0683,0.0076,2.0759,0.3737,0.9963389373283876,0.003661062671612313,116.4545,4.6078,0.0,0.0,0.0,116.45450000000001,4.6078,121.06230000000001,121.5642
1536,8.7309,0.0079,8.7388,1.573,0.999095985718863,0.0009040142811369983,508.1818,4.9264,0.0,0.0,0.0,508.18180000000007,4.9264,513.1082,515.1082
1537,1.1469,0.0092,1.1561,0.2081,0.9920422108814118,0.007957789118588358,60.9091,5.4568,0.0,0.0,0.0,60.90910000000001,5.4568,66.36590000000001,66.3623
1538,65.1671,0.0084,65.1754,11.7316,0.9998726513377748,0.00012888298345694848,3571.3169,4.9567,0.0,0.0,0.0,3571.3169000000007,4.9567000000000005,3576.273600000001,3599.2744
1539,0.3881,0.0077,0.3958,0.0712,0.980545730166751,0.01945426983324912,22.8182,5.0055,0.0,0.0,0.0,22.818199999999997,5.0055000000000005,27.8237,27.8266
1540,0.3653,0.007,0.3723,0.067,0.981197958635509,0.018802041364491002,19.7271,4.6501,0.0,0.0,0.0,19.727099999999997,4.6501,24.377199999999995,24.382
1541,1.4717,0.0087,1.4804,0.2665,0.9941232099432586,0.005876790056741421,81.2728,5.2644,0.0,0.0,0.0,81.2728,5.2644,86.5372,87.0392
1542,1.5743,0.0095,1.5837,0.2851,0.9940645324240701,0.005998610848014144,84.9094,5.9291,0.0,0.0,0.0,84.9094,5.929099999999999,90.83850000000001,91.8424
1543,62.535,0.0085,62.5435,11.2578,0.9998640945901651,0.00013590540983475502,3298.8451,5.2616,0.0,0.0,0.0,3298.8450999999995,5.2616,3304.1066999999994,3381.6106
1544,65.3238,0.0088,65.3326,11.7599,0.999865304610562,0.00013469538943804472,3608.4414,5.5512,0.0,0.0,0.0,3608.4414,5.551200000000001,3613.9926,3645.996
1545,0.484,0.0075,0.4916,0.0885,0.9845402766476811,0.015256305939788446,25.9999,5.0633,0.0,0.0,0.0,25.999900000000004,5.063300000000001,31.063200000000005,31.0619
1546,0.2678,0.0068,0.2746,0.0494,0.97523670793882,0.024763292061179897,14.818,4.4339,0.0,0.0,0.0,14.818000000000001,4.433900000000001,19.251900000000003,19.2506
1547,0.642,0.0073,0.6494,0.1169,0.9886048660301817,0.011241145672928858,35.6363,4.665,0.0,0.0,0.0,35.6363,4.665000000000001,40.3013,40.2985
1548,30.5724,0.0075,30.5799,5.5044,0.9997547408591918,0.00024525914080817795,1700.6326,4.4653,0.0,0.0,0.0,1700.6326,4.4653,1705.0979,1716.6009
1549,2.7046,0.0084,2.7131,0.4884,0.9968670524492279,0.0030960893442925066,154.7273,5.5439,0.0,0.0,0.0,154.72729999999999,5.543899999999999,160.2712,161.2686
1550,1.4991,0.0069,1.506,0.2711,0.9954183266932272,0.004581673306772908,82.1817,4.3891,0.0,0.0,0.0,82.18169999999999,4.3891,86.57079999999999,86.5706
1551,37.6464,0.0088,37.6552,6.7779,0.9997663005375087,0.00023369946249123628,2068.2172,5.3637,0.0,0.0,0.0,2068.2171999999996,5.3637,2073.5808999999995,2091.0803
1552,1.8343,0.0086,1.8429,0.3317,0.9953334418579414,0.0046665581420587115,100.4544,5.2245,0.0,0.0,0.0,100.45439999999999,5.2245,105.6789,107.6808
1553,70.2155,0.0081,70.2236,12.6402,0.9998846541618487,0.00011534583815127676,3699.538,5.0377,0.0,0.0,0.0,3699.538000000001,5.0377,3704.575700000001,3725.0726
1554,25.2029,0.0083,25.2112,4.538,0.9996707812400837,0.0003292187599162277,1481.2727,5.4912,0.0,0.0,0.0,1481.2727,5.4912,1486.7639,1503.2604
1555,5.705,0.007,5.7119,1.0281,0.9987919956581873,0.0012255116511143403,309.8178,4.3631,0.0,0.0,0.0,309.81780000000003,4.363100000000001,314.1809,316.6804
1556,34.3273,0.0086,34.3359,6.1805,0.9997495332873173,0.0002504667126826441,1969.9197,5.2998,0.0,0.0,0.0,1969.9197000000001,5.2998,1975.2195000000002,1987.7184
1557,62.2959,0.0086,62.3045,11.2148,0.9998619682366443,0.00013803176335577688,3347.064,5.5751,0.0,0.0,0.0,3347.0640000000003,5.575100000000001,3352.6391000000003,3397.1369
1558,1.6321,0.0081,1.6402,0.2952,0.995061577856359,0.004938422143641019,90.4546,5.3378,0.0,0.0,0.0,90.4546,5.3378,95.7924,97.2901
1559,1.6433,0.0082,1.6515,0.2973,0.995034816833182,0.004965183166818044,92.091,5.0525,0.0,0.0,0.0,92.09100000000001,5.052499999999999,97.1435,98.6446
1560,31.0311,0.0068,31.0378,5.5868,0.9997841341847682,0.0002190876930710295,1727.147,4.2321,0.0,0.0,0.0,1727.1470000000002,4.2321,1731.3791,1754.3746
1561,0.8961,0.0075,0.9036,0.1626,0.9916998671978752,0.008300132802124834,49.3637,4.5152,0.0,0.0,0.0,49.363699999999994,4.5152,53.878899999999994,54.3828
1562,12.7135,0.0073,12.7208,2.2898,0.9994261367209609,0.0005738632790390541,714.3636,4.4332,0.0,0.0,0.0,714.3636000000001,4.4332,718.7968000000002,723.7929
1563,62.2388,0.0063,62.2451,11.2041,0.9998987872137726,0.00010121278622734962,3345.6445,3.9219,0.0,0.0,0.0,3345.6445000000003,3.9219,3349.5664,3389.0643
1564,1.4141,0.0082,1.4223,0.256,0.9942346902903747,0.005765309709625256,78.3636,4.8782,0.0,0.0,0.0,78.36359999999999,4.8782000000000005,83.2418,83.2386
1565,0.8117,0.0082,0.8199,0.1476,0.9899987803390657,0.010001219660934261,44.7274,5.1035,0.0,0.0,0.0,44.7274,5.1035,49.8309,49.8335
1566,4.9532,0.0083,4.9615,0.8931,0.9983271188148745,0.0016728811851254661,269.1818,5.0631,0.0,0.0,0.0,269.18179999999995,5.0630999999999995,274.2449,279.2434
1567,63.644,0.0088,63.6528,11.4575,0.9998617499937159,0.0001382500062840912,3509.1799,5.2885,0.0,0.0,0.0,3509.179899999999,5.2885,3514.4683999999993,3595.97
1568,52.7915,0.0078,52.7993,9.5039,0.9998522707687412,0.00014772923125874773,3005.5543,4.9243,0.0,0.0,0.0,3005.5543000000007,4.924300000000001,3010.478600000001,3075.9805
1569,63.8041,0.0079,63.8119,11.4861,0.9998777657458875,0.0001238013599344323,3641.521,5.0107,0.0,0.0,0.0,3641.521,5.0107,3646.5317,3705.5317
1570,10.6563,0.0077,10.664,1.9195,0.9992779444861215,0.0007220555138784697,592.1819,4.9639,0.0,0.0,0.0,592.1819,4.9639,597.1458,609.1457
1571,18.4205,0.0077,18.4282,3.3171,0.9995821621210971,0.00041783787890298566,1006.8181,4.894,0.0,0.0,0.0,1006.8181000000001,4.893999999999999,1011.7121000000001,1023.2128
1572,0.2537,0.0065,0.2602,0.0468,0.9750192159877017,0.02498078401229823,14.182,4.525,0.0,0.0,0.0,14.181999999999999,4.5249999999999995,18.706999999999997,18.7057
1573,22.8346,0.007,22.8416,4.1115,0.9996935416082936,0.00030645839170636034,1280.5454,4.4124,0.0,0.0,0.0,1280.5454,4.4124,1284.9578,1327.9584
1574,0.9847,0.0077,0.9924,0.1786,0.9922410318419993,0.007758968158000807,53.2727,4.7707,0.0,0.0,0.0,53.2727,4.7707,58.0434,58.5473
1575,6.7198,0.0067,6.7265,1.2108,0.9990039396417156,0.0009960603582843976,355.6364,4.4792,0.0,0.0,0.0,355.6364,4.4792,360.1156,362.1158
1576,5.723,0.0084,5.7314,1.0317,0.9985343895034372,0.0014656104965627944,304.1817,5.3843,0.0,0.0,0.0,304.18170000000003,5.3843000000000005,309.56600000000003,309.5624
1577,0.8715,0.0077,0.8792,0.1583,0.9912420382165605,0.00875796178343949,46.3635,4.7449,0.0,0.0,0.0,46.363499999999995,4.7448999999999995,51.108399999999996,51.113
1578,0.3376,0.008,0.3456,0.0622,0.9768518518518519,0.023148148148148147,18.1817,5.1942,0.0,0.0,0.0,18.181699999999996,5.1942,23.375899999999994,23.3767
1579,0.2327,0.0085,0.2412,0.0434,0.964759535655058,0.03524046434494196,12.7272,5.4233,0.0,0.0,0.0,12.727200000000003,5.4233,18.150500000000005,18.1518
1580,0.8313,0.008,0.8393,0.1511,0.9904682473489813,0.009531752651018705,44.1818,4.6395,0.0,0.0,0.0,44.1818,4.6395,48.8213,48.8203
1581,12.7463,0.0093,12.7556,2.296,0.9992709084637336,0.0007290915362664241,707.182,6.2495,0.0,0.0,0.0,707.1820000000002,6.249499999999999,713.4315000000003,719.436
1582,2.1418,0.0072,2.149,0.3868,0.996649604467194,0.003350395532805956,116.5454,4.7256,0.0,0.0,0.0,116.54539999999999,4.7256,121.27099999999999,121.769
1583,1.0454,0.0089,1.0542,0.1898,0.9916524378675774,0.008442420793018402,58.4548,5.3413,0.0,0.0,0.0,58.4548,5.3412999999999995,63.796099999999996,63.7982
1584,0.6578,0.0084,0.6662,0.1199,0.9873911738216752,0.012608826178324827,38.7274,5.3765,0.0,0.0,0.0,38.727399999999996,5.3765,44.103899999999996,44.6045
1585,20.2844,0.0066,20.291,3.6524,0.9996747326400868,0.000325267359913262,1103.2728,4.3002,0.0,0.0,0.0,1103.2728,4.3002,1107.5729999999999,1115.0726
1586,8.1634,0.009,8.1725,1.471,0.9988865096359743,0.0011012542061792597,472.2726,5.6749,0.0,0.0,0.0,472.27259999999995,5.674900000000001,477.94749999999993,480.4499
1587,3.9008,0.0094,3.9101,0.7038,0.9976215442060306,0.0024040305874530065,208.1819,5.7825,0.0,0.0,0.0,208.1819,5.7825,213.9644,215.4619
1588,1.0045,0.0066,1.0111,0.182,0.9934724557412717,0.006527544258728117,54.2728,4.3765,0.0,0.0,0.0,54.272800000000004,4.376499999999999,58.649300000000004,58.6492
1589,20.4174,0.0076,20.425,3.6765,0.9996279069767442,0.00037209302325581393,1112.8183,5.2488,0.0,0.0,0.0,1112.8182999999997,5.2488,1118.0670999999998,1122.5662
1590,2.6642,0.008,2.6722,0.481,0.9970062121098721,0.0029937878901279843,147.5455,4.8571,0.0,0.0,0.0,147.5455,4.8571,152.4026,153.4044
1591,0.4888,0.0085,0.4972,0.0895,0.9831053901850363,0.017095736122284797,26.7272,5.1041,0.0,0.0,0.0,26.727199999999996,5.104100000000001,31.8313,31.8318
1592,20.8912,0.0082,20.8993,3.7619,0.9996124272104808,0.0003923576387725905,1216.8183,5.4371,0.0,0.0,0.0,1216.8183,5.4371,1222.2554,1227.2602
1593,19.2227,0.0085,19.2312,3.4616,0.9995580099005782,0.00044199009942177297,1116.8179,5.1453,0.0,0.0,0.0,1116.8178999999998,5.145299999999999,1121.9631999999997,1125.4627
1594,28.5542,0.0076,28.5618,5.1411,0.9997339103277805,0.00026608967221953796,1507.7271,4.8956,0.0,0.0,0.0,1507.7271000000003,4.8956,1512.6227000000003,1523.118
1595,1.1764,0.0084,1.1849,0.2133,0.9928263988522237,0.007089205840155287,67.8181,5.6453,0.0,0.0,0.0,67.8181,5.6453,73.46340000000001,73.4617
1596,6.6428,0.0074,6.6502,1.197,0.9988872515112328,0.0011127484887672552,353.9089,4.6095,0.0,0.0,0.0,353.90889999999996,4.6095,358.5184,361.514
1597,27.3883,0.0082,27.3965,4.9314,0.9997006916941945,0.0002993083058054861,1592.8027,4.9137,0.0,0.0,0.0,1592.8027000000002,4.9137,1597.7164000000002,1604.2174
1598,0.1815,0.0083,0.1897,0.0342,0.9567738534528202,0.0437532946758039,10.1819,5.2207,0.0,0.0,0.0,10.181899999999999,5.2207,15.4026,15.4033
1599,50.2973,0.0076,50.305,9.0549,0.9998469337044031,0.00015107842162806877,2774.9047,4.9459,0.0,0.0,0.0,2774.9047,4.945900000000001,2779.8506,2803.3515
1600,59.9487,0.0079,59.9565,10.7922,0.9998699056816193,0.00013176219425750337,3265.1387,4.9047,0.0,0.0,0.0,3265.1387,4.904699999999999,3270.0434,3293.0431
1601,0.128,0.0073,0.1353,0.0244,0.9460458240946046,0.05395417590539542,6.9998,4.6858,0.0,0.0,0.0,6.999800000000002,4.6858,11.685600000000003,11.688
1602,12.944,0.0081,12.9521,2.3314,0.9993746187876871,0.0006253812123130612,723.2728,5.0109,0.0,0.0,0.0,723.2728,5.0109,728.2837,732.2817
1603,0.1637,0.0071,0.1708,0.0307,0.9584309133489461,0.04156908665105386,9.0002,4.6733,0.0,0.0,0.0,9.0002,4.6733,13.6735,13.6712
1604,4.04,0.0073,4.0474,0.7285,0.9981716657607353,0.0018036270198151902,218.9089,4.6736,0.0,0.0,0.0,218.9089,4.6735999999999995,223.58249999999998,225.5871
1605,1.9564,0.0086,1.965,0.3537,0.9956234096692111,0.004376590330788804,106.5455,5.2952,0.0,0.0,0.0,106.54549999999998,5.2952,111.84069999999997,112.3362
1606,4.8102,0.0089,4.8191,0.8674,0.9981531821294434,0.001846817870556743,260.1819,5.2453,0.0,0.0,0.0,260.1819,5.2453,265.42719999999997,268.4296
1607,13.063,0.0081,13.0711,2.3528,0.9993803122920031,0.0006196877079970316,688.0909,5.0745,0.0,0.0,0.0,688.0909,5.074499999999999,693.1654,698.1638
1608,62.4997,0.0083,62.5079,11.2514,0.9998688165815841,0.00013278321620147215,3343.7163,5.1666,0.0,0.0,0.0,3343.7163,5.166600000000001,3348.8829,3383.387
1609,39.3746,0.0073,39.3819,7.0887,0.9998146356574975,0.0001853643425025202,2071.5175,4.8065,0.0,0.0,0.0,2071.5175,4.806500000000001,2076.324,2093.3259
1610,0.3939,0.0082,0.4021,0.0724,0.9796070629196716,0.02039293708032828,21.818,5.2898,0.0,0.0,0.0,21.817999999999998,5.2898000000000005,27.107799999999997,27.11
1611,0.3331,0.0071,0.3402,0.0612,0.979129923574368,0.020870076425631982,18.6364,4.5949,0.0,0.0,0.0,18.6364,4.594899999999999,23.231299999999997,23.2263
1612,0.8492,0.0087,0.8579,0.1544,0.9898589579205035,0.010141042079496444,46.2727,5.5622,0.0,0.0,0.0,46.27269999999999,5.5622,51.83489999999999,51.8338
1613,0.6906,0.0079,0.6985,0.1257,0.9886900501073729,0.011309949892627059,36.091,4.781,0.0,0.0,0.0,36.090999999999994,4.781000000000001,40.87199999999999,40.8752
1614,14.1478,0.0059,14.1537,2.5477,0.9995831478694617,0.00041685213053830445,730.273,3.8691,0.0,0.0,0.0,730.273,3.8691,734.1421,741.6379
1615,13.8649,0.0071,13.872,2.497,0.9994881776239908,0.0005118223760092272,744.3636,4.5716,0.0,0.0,0.0,744.3636000000001,4.5716,748.9352000000001,753.9356
1616,58.1433,0.0086,58.1519,10.4673,0.9998521114529363,0.00014788854706381048,3199.3426,5.2949,0.0,0.0,0.0,3199.342600000001,5.2949,3204.6375000000007,3228.641
1617,2.1235,0.0086,2.1321,0.3838,0.9959664180854557,0.004033581914544346,114.4542,5.3071,0.0,0.0,0.0,114.45419999999999,5.3071,119.76129999999999,120.7644
1618,10.6511,0.0078,10.659,1.9186,0.999258842292898,0.0007317759639741063,579.9091,4.838,0.0,0.0,0.0,579.9091,4.837999999999999,584.7470999999999,586.7492
1619,2.7402,0.0086,2.7488,0.4948,0.996871362048894,0.003128637951105937,143.1818,5.5776,0.0,0.0,0.0,143.1818,5.5775999999999994,148.7594,149.2638
1620,3.9106,0.0078,3.9184,0.7053,0.9980093915884034,0.00199060841159657,218.6362,5.1428,0.0,0.0,0.0,218.6362,5.142799999999999,223.779,224.283
1621,10.2722,0.0081,10.2803,1.8505,0.9992120852504304,0.000787914749569565,570.0002,4.8807,0.0,0.0,0.0,570.0002,4.8807,574.8809,575.8785
1622,61.6948,0.0073,61.7021,11.1064,0.9998816896021367,0.0001183103978632818,3568.0429,4.6423,0.0,0.0,0.0,3568.0428999999995,4.6423000000000005,3572.6851999999994,3624.1846
1623,13.2784,0.0081,13.2865,2.3916,0.9993903586347044,0.0006096413652956008,704.7273,5.2686,0.0,0.0,0.0,704.7273,5.2686,709.9959,710.4941
1624,0.5928,0.0097,0.6024,0.1084,0.9840637450199202,0.016102257636122178,31.909,5.6638,0.0,0.0,0.0,31.909,5.6638,37.5728,37.5719
1625,1.9278,0.0083,1.9361,0.3485,0.9957130313516864,0.00428696864831362,102.5452,4.9462,0.0,0.0,0.0,102.5452,4.946199999999999,107.4914,108.9962
1626,19.7067,0.0076,19.7143,3.5486,0.9996144930329761,0.0003855069670239369,1137.4547,4.7683,0.0,0.0,0.0,1137.4547000000002,4.7683,1142.2230000000002,1153.7216
1627,54.6582,0.0101,54.6684,9.8403,0.9998134205500802,0.0001847502396265484,3082.5359,5.9183,0.0,0.0,0.0,3082.5359,5.9183,3088.4541999999997,3102.452
1628,60.966,0.0095,60.9755,10.9756,0.9998441997195595,0.0001558002804405048,3343.8844,5.6733,0.0,0.0,0.0,3343.8844,5.6733,3349.5577,3384.0537
1629,55.8308,0.0079,55.8387,10.051,0.9998585210615577,0.0001414789384423348,3184.1165,4.9302,0.0,0.0,0.0,3184.1165000000005,4.9302,3189.0467000000003,3213.542
1630,15.5485,0.008,15.5566,2.8002,0.9994793206741833,0.0005142511859917977,846.2728,5.2698,0.0,0.0,0.0,846.2728,5.269800000000001,851.5426,855.0392
1631,3.9452,0.0075,3.9527,0.7115,0.9981025628051711,0.001897437194828851,215.2728,4.9986,0.0,0.0,0.0,215.27280000000002,4.998600000000001,220.27140000000003,220.7718
1632,6.8958,0.0081,6.9039,1.2427,0.9988267500977709,0.0011732499022291747,379.1819,5.0599,0.0,0.0,0.0,379.18190000000004,5.059900000000001,384.24180000000007,385.2428
1633,56.4196,0.008,56.4276,10.157,0.9998582254074249,0.0001417745925752646,3055.8413,5.0448,0.0,0.0,0.0,3055.8413000000005,5.0448,3060.8861000000006,3086.8899
1634,3.4326,0.0087,3.4413,0.6194,0.9974718856246185,0.0025281143753813962,189.9091,5.5904,0.0,0.0,0.0,189.90910000000002,5.590399999999999,195.4995,196.0026
1635,2.1412,0.0084,2.1495,0.3869,0.9961386368923004,0.003907885554780181,115.8182,5.2937,0.0,0.0,0.0,115.81819999999999,5.293699999999999,121.11189999999999,121.6094
1636,8.2403,0.0071,8.2474,1.4845,0.9991391226325871,0.0008608773674127604,455.0,4.6627,0.0,0.0,0.0,455.0,4.662699999999999,459.6627,463.6579
1637,0.6986,0.0086,0.7072,0.1273,0.987839366515837,0.012160633484162894,38.7274,5.2936,0.0,0.0,0.0,38.7274,5.2936,44.021,44.0222
1638,0.7357,0.0082,0.7439,0.1339,0.988977013039387,0.011022986960612987,40.8183,5.0198,0.0,0.0,0.0,40.81830000000001,5.019799999999999,45.838100000000004,45.836
1639,13.3027,0.0091,13.3118,2.3961,0.9993163959795069,0.0006836040204930964,756.4546,5.8518,0.0,0.0,0.0,756.4545999999999,5.851800000000001,762.3063999999999,768.8106
1640,60.456,0.0077,60.4637,10.8835,0.9998726508632452,0.00012734913675478015,3370.7551,4.8616,0.0,0.0,0.0,3370.7551,4.861599999999999,3375.6167,3406.114
1641,1.7186,0.0086,1.7273,0.3109,0.9949632374225669,0.004978868754703873,93.2727,5.55,0.0,0.0,0.0,93.27269999999999,5.550000000000001,98.82269999999998,98.826
1642,5.428,0.008,5.436,0.9785,0.9985283296541575,0.0014716703458425313,321.2728,4.7776,0.0,0.0,0.0,321.27279999999996,4.7776000000000005,326.05039999999997,327.0537
1643,4.2987,0.0077,4.3063,0.7751,0.9982351438589973,0.0017880779323317,235.8182,4.6872,0.0,0.0,0.0,235.8182,4.6872,240.50539999999998,244.0018
1644,63.9211,0.0071,63.9281,11.5071,0.9998905019858247,0.00011106227152066149,3455.9081,4.2688,0.0,0.0,0.0,3455.9081000000006,4.2688,3460.1769000000004,3517.1734
1645,0.3683,0.0081,0.3764,0.0678,0.9784803400637619,0.021519659936238042,20.0909,5.111,0.0,0.0,0.0,20.0909,5.111000000000001,25.201900000000002,25.2063
1646,0.9513,0.0073,0.9586,0.1726,0.9923847277279366,0.007615272272063426,51.8182,4.6454,0.0,0.0,0.0,51.818200000000004,4.6454,56.46360000000001,56.4599
1647,0.3813,0.0081,0.3894,0.0701,0.9791987673343604,0.020801232665639442,21.2728,5.3424,0.0,0.0,0.0,21.2728,5.3424,26.6152,26.6121
1648,1.607,0.0079,1.6149,0.2907,0.9951080562263918,0.004891943773608273,88.6365,4.8336,0.0,0.0,0.0,88.63649999999998,4.833600000000001,93.47009999999999,93.4708
1649,1.3692,0.0072,1.3764,0.2477,0.994768962510898,0.005231037489102005,73.9093,4.5114,0.0,0.0,0.0,73.90930000000003,4.5114,78.42070000000002,78.42
1650,5.4213,0.0072,5.4285,0.9771,0.9986736667587731,0.0013263332412268582,299.1816,4.1795,0.0,0.0,0.0,299.1816,4.1795,303.3611,305.3659
1651,37.5854,0.0067,37.5921,6.7666,0.999821771063601,0.00017822893639887104,2062.0406,4.2906,0.0,0.0,0.0,2062.0406000000003,4.2905999999999995,2066.3312,2083.83
1652,0.6083,0.0081,0.6165,0.111,0.9866991078669909,0.01313868613138686,33.9998,5.1754,0.0,0.0,0.0,33.99980000000001,5.1754,39.175200000000004,39.1797
1653,67.8548,0.0088,67.8636,12.2155,0.9998703281287759,0.00012967187122404352,3589.2123,5.6637,0.0,0.0,0.0,3589.2123000000006,5.6637,3594.8760000000007,3610.3755
1654,0.197,0.0079,0.2049,0.0369,0.9614446071254271,0.038555392874572963,10.9093,4.9407,0.0,0.0,0.0,10.9093,4.9407,15.85,15.8454
1655,38.4446,0.0071,38.4517,6.9213,0.9998153527672379,0.00018464723276214056,1993.3805,4.5415,0.0,0.0,0.0,1993.3805,4.5415,1997.922,2003.9253
1656,0.5011,0.0081,0.5092,0.0917,0.9840926944226237,0.015907305577376275,26.7272,5.1045,0.0,0.0,0.0,26.7272,5.104500000000001,31.8317,31.8317
1657,53.328,0.0075,53.3355,9.6004,0.9998593807126586,0.00014061928734145174,2880.8493,4.3793,0.0,0.0,0.0,2880.8493,4.3793,2885.2286,2911.2259
1658,2.3986,0.0087,2.4073,0.4333,0.996385992605824,0.003614007394176047,127.7273,5.4425,0.0,0.0,0.0,127.72729999999999,5.4425,133.16979999999998,134.1731
1659,33.2129,0.008,33.2209,5.9798,0.9997591877402477,0.00024081225975214397,1807.5295,4.7169,0.0,0.0,0.0,1807.5295,4.716900000000001,1812.2464,1816.7446
1660,35.5138,0.0081,35.5219,6.3939,0.9997719716569216,0.0002280283430784952,1968.2118,5.1278,0.0,0.0,0.0,1968.2118000000003,5.127800000000001,1973.3396000000002,1986.8411
1661,3.3539,0.0072,3.3611,0.605,0.9978578441581625,0.0021421558418374936,186.4543,4.5735,0.0,0.0,0.0,186.4543,4.5735,191.02779999999998,191.5304
1662,5.6901,0.0091,5.6991,1.0258,0.9984208032847293,0.0015967433454405083,316.9092,5.5327,0.0,0.0,0.0,316.9092,5.5327,322.4419,324.439
1663,19.7741,0.0084,19.7825,3.5609,0.9995753822823203,0.00042461771767976747,1054.9999,5.3209,0.0,0.0,0.0,1054.9999,5.3209,1060.3208,1069.8255
1664,0.3508,0.0098,0.3605,0.0649,0.9730929264909848,0.027184466019417475,18.8179,5.8143,0.0,0.0,0.0,18.817899999999998,5.814299999999999,24.632199999999997,24.6355
1665,0.917,0.0082,0.9252,0.1665,0.9911370514483355,0.008862948551664505,48.0911,5.0409,0.0,0.0,0.0,48.0911,5.0409,53.132,53.1327
1666,28.094,0.0074,28.1014,5.0583,0.999736667924018,0.0002633320759819795,1615.7784,4.7764,0.0,0.0,0.0,1615.7784000000004,4.776400000000001,1620.5548000000003,1627.5596
1667,15.5359,0.0078,15.5437,2.7979,0.9994981889768846,0.0005018110231154744,896.2726,4.9802,0.0,0.0,0.0,896.2725999999998,4.9802,901.2527999999998,907.2517
1668,52.4828,0.0083,52.4911,9.4484,0.9998418779564535,0.00015812204354642977,2963.4061,4.9579,0.0,0.0,0.0,2963.4061,4.9578999999999995,2968.364,2983.3684
1669,5.277,0.0077,5.2847,0.9512,0.9985429636497815,0.0014570363502185554,286.7273,5.3455,0.0,0.0,0.0,286.7273,5.3455,292.07280000000003,293.5719
1670,56.8119,0.0076,56.8195,10.2275,0.9998662431031601,0.0001337568968399933,3058.2728,4.9421,0.0,0.0,0.0,3058.2727999999997,4.9421,3063.2149,3086.7102
1671,48.8809,0.007,48.8879,8.7998,0.9998568152855818,0.00014318471441808708,2692.6953,4.4948,0.0,0.0,0.0,2692.6953000000003,4.4948,2697.1901000000003,2733.1949
1672,56.1605,0.0082,56.1687,10.1104,0.9998540112197718,0.0001459887802281342,3075.0442,4.9364,0.0,0.0,0.0,3075.0442000000003,4.936399999999999,3079.9806000000003,3133.4835
1673,0.678,0.0074,0.6855,0.1234,0.9890590809628009,0.010795040116703137,37.5455,4.5688,0.0,0.0,0.0,37.545500000000004,4.5687999999999995,42.1143,42.1105
1674,45.5509,0.0076,45.5585,8.2005,0.9998331815138777,0.00016681848612223844,2556.7873,4.7333,0.0,0.0,0.0,2556.7873,4.7333,2561.5206,2618.0189
1675,5.3105,0.0083,5.3188,0.9574,0.9984394976310446,0.0015605023689554034,286.5454,4.7441,0.0,0.0,0.0,286.54540000000003,4.7441,291.28950000000003,293.2932
1676,0.8664,0.0082,0.8746,0.1574,0.9906242853876056,0.009375714612394238,48.2729,5.2195,0.0,0.0,0.0,48.27289999999999,5.219499999999999,53.49239999999999,53.4914
1677,2.6503,0.0094,2.6597,0.4787,0.9964657668158063,0.003534233184193706,145.0908,6.0167,0.0,0.0,0.0,145.0908,6.016700000000001,151.10750000000002,152.6082
1678,50.0667,0.0086,50.0753,9.0136,0.9998282586424844,0.00017174135751558153,2681.5317,5.1629,0.0,0.0,0.0,2681.5317,5.1629,2686.6946,2731.1993
1679,16.6427,0.0081,16.6507,2.9971,0.9995195397190509,0.0004864660344610136,909.3636,4.9789,0.0,0.0,0.0,909.3636000000001,4.9789,914.3425000000001,916.8403
1680,67.0073,0.0079,67.0153,12.0627,0.9998806242753521,0.00011788352808985412,3573.4932,4.9405,0.0,0.0,0.0,3573.4932000000003,4.940499999999999,3578.4337000000005,3627.4382
1681,0.4384,0.0069,0.4453,0.0801,0.9845048282057041,0.015495171794295982,23.9092,4.4761,0.0,0.0,0.0,23.909199999999995,4.476100000000001,28.385299999999994,28.3838
1682,1.648,0.0081,1.6561,0.2981,0.9951089910029588,0.004891008997041242,91.2728,5.1256,0.0,0.0,0.0,91.27279999999999,5.1256,96.3984,96.3965
1683,0.6664,0.0095,0.6759,0.1217,0.9859446663707649,0.014055333629235094,37.2727,5.8427,0.0,0.0,0.0,37.27270000000001,5.8427,43.11540000000001,43.1194
1684,0.2428,0.0073,0.2501,0.045,0.970811675329868,0.029188324670131948,13.4545,4.7671,0.0,0.0,0.0,13.454499999999998,4.7671,18.2216,18.2183
1685,11.3141,0.0075,11.3217,2.0379,0.9993287227183196,0.00066244468586873,613.5456,4.5489,0.0,0.0,0.0,613.5455999999999,4.5489,618.0944999999999,621.5908
1686,51.0817,0.0077,51.0894,9.1961,0.9998492838044682,0.00015071619553175416,2902.8581,5.2272,0.0,0.0,0.0,2902.8581,5.2272,2908.0852999999997,2918.0808
1687,1.6043,0.0072,1.6115,0.2901,0.9955321129382564,0.004467887061743717,86.2727,4.6144,0.0,0.0,0.0,86.27270000000001,4.6144,90.88710000000002,91.8875
1688,3.8914,0.0071,3.8985,0.7017,0.9981787867128383,0.001821213287161729,209.909,4.6698,0.0,0.0,0.0,209.90900000000002,4.6697999999999995,214.57880000000003,216.0764
1689,50.6729,0.0085,50.6814,9.1226,0.999832285611684,0.00016771438831602917,2729.021,5.5731,0.0,0.0,0.0,2729.021,5.573099999999999,2734.5941000000003,2760.095
1690,6.6826,0.008,6.6906,1.2043,0.9988042925896033,0.001195707410396676,365.2726,5.0807,0.0,0.0,0.0,365.2725999999999,5.080699999999999,370.3532999999999,372.8515
1691,2.2147,0.0087,2.2234,0.4002,0.9960870738508592,0.003912926149140955,130.7272,5.7124,0.0,0.0,0.0,130.7272,5.712399999999999,136.4396,136.4363
1692,54.4359,0.008,54.4439,9.7999,0.9998530597550873,0.00014694024491265323,3011.9093,5.2474,0.0,0.0,0.0,3011.9093000000003,5.247400000000001,3017.1567000000005,3048.6597
1693,3.6563,0.0091,3.6654,0.6598,0.9975173241665303,0.0024826758334697443,206.2727,5.5718,0.0,0.0,0.0,206.27270000000001,5.571799999999999,211.8445,213.3438
1694,61.7837,0.0074,61.7911,11.1224,0.9998802416529242,0.00011975834707587339,3479.734,4.6279,0.0,0.0,0.0,3479.7339999999995,4.6279,3484.3618999999994,3513.3657
1695,1.5923,0.0087,1.6009,0.2882,0.9946280217377725,0.00543444312574177,82.4544,5.4838,0.0,0.0,0.0,82.45439999999998,5.4838000000000005,87.93819999999998,88.939
1696,15.551,0.0081,15.5591,2.8006,0.9994794043357264,0.0005205956642736404,882.8182,5.2363,0.0,0.0,0.0,882.8181999999999,5.2363,888.0545,893.5563
1697,6.5117,0.0072,6.5189,1.1734,0.9988955191826842,0.0011044808173158048,351.1813,4.7674,0.0,0.0,0.0,351.1813,4.7674,355.94870000000003,357.9515
1698,3.0966,0.0076,3.1042,0.5588,0.9975517041427743,0.002448295857225694,171.2727,4.6098,0.0,0.0,0.0,171.2727,4.609799999999999,175.8825,180.8821
1699,20.8484,0.0074,20.8558,3.754,0.9996451826350465,0.00035481736495363405,1182.3637,4.8259,0.0,0.0,0.0,1182.3637,4.825899999999999,1187.1896000000002,1191.1849
1700,1.2781,0.0068,1.2849,0.2313,0.994707759358705,0.005292240641295042,68.8183,4.381,0.0,0.0,0.0,68.81830000000001,4.380999999999999,73.19930000000001,73.6957
1701,2.7051,0.0074,2.7125,0.4882,0.9972718894009216,0.0027281105990783414,154.9999,4.9159,0.0,0.0,0.0,154.99990000000003,4.9159,159.91580000000002,161.9193
1702,11.0626,0.007,11.0696,1.9925,0.9993676374936764,0.0006323625063236251,609.4546,4.2105,0.0,0.0,0.0,609.4546,4.2105,613.6651,620.1654
1703,0.9379,0.0078,0.9457,0.1702,0.9917521412710162,0.008247858728983821,50.5454,4.9307,0.0,0.0,0.0,50.5454,4.930700000000001,55.4761,55.9741
1704,25.9513,0.0065,25.9578,4.6724,0.9997495935711039,0.0002504064288961314,1505.4625,4.0772,0.0,0.0,0.0,1505.4625,4.0771999999999995,1509.5397,1519.0434
1705,63.3151,0.0075,63.3226,11.3981,0.9998815588747145,0.0001184411252854431,3492.5623,4.7977,0.0,0.0,0.0,3492.5623,4.7977,3497.36,3546.8595
1706,0.3682,0.0073,0.3755,0.0676,0.9805592543275633,0.01944074567243675,20.4545,4.4945,0.0,0.0,0.0,20.4545,4.4944999999999995,24.948999999999998,24.9462
1707,5.8797,0.0078,5.8875,1.0597,0.9986751592356687,0.0013248407643312102,327.0909,5.0654,0.0,0.0,0.0,327.09090000000003,5.0653999999999995,332.15630000000004,333.6513
1708,25.8898,0.0095,25.8992,4.6619,0.9996370544263916,0.00036680669673194537,1379.8183,5.4604,0.0,0.0,0.0,1379.8182999999997,5.4604,1385.2786999999996,1395.7792
1709,0.4537,0.0076,0.4613,0.083,0.9835248211575981,0.01647517884240191,25.4545,4.7717,0.0,0.0,0.0,25.454500000000003,4.7717,30.226200000000002,30.2263
1710,30.5649,0.0087,30.5736,5.5032,0.9997154407724312,0.00028455922756888294,1677.3633,5.4472,0.0,0.0,0.0,1677.3633,5.4472,1682.8105,1689.3117
1711,0.647,0.0084,0.6555,0.118,0.9870327993897788,0.012814645308924484,34.5455,5.4206,0.0,0.0,0.0,34.5455,5.4206,39.9661,39.963
1712,0.3475,0.008,0.3556,0.064,0.9772215973003373,0.02249718785151856,19.1818,5.1569,0.0,0.0,0.0,19.181799999999996,5.1569,24.338699999999996,24.3421
1713,1.3909,0.0086,1.3995,0.2519,0.9938549481957842,0.0061450518042157915,77.2724,5.1231,0.0,0.0,0.0,77.2724,5.123100000000001,82.3955,83.3976
1714,0.4726,0.0088,0.4813,0.0866,0.9819239559526284,0.01828381466860586,26.5455,5.3155,0.0,0.0,0.0,26.545499999999997,5.315499999999999,31.860999999999997,31.864
1715,4.822,0.0077,4.8297,0.8693,0.9984056980764852,0.0015943019235149182,275.2728,4.9742,0.0,0.0,0.0,275.2728000000001,4.974200000000001,280.24700000000007,282.7489
1716,62.0264,0.0081,62.0345,11.1662,0.9998694274959902,0.00013057250400986547,3319.6757,5.1059,0.0,0.0,0.0,3319.6757,5.105899999999999,3324.7816,3341.786
1717,14.6193,0.0088,14.628,2.633,0.9994052502050862,0.0006015859994531037,767.5454,5.2454,0.0,0.0,0.0,767.5453999999999,5.2454,772.7907999999999,778.2925
1718,17.5977,0.0075,17.6052,3.1689,0.9995739895031014,0.0004260104968986436,998.1819,4.7228,0.0,0.0,0.0,998.1819,4.722799999999999,1002.9047,1005.4028
1719,13.2913,0.0085,13.2998,2.394,0.9993608926450022,0.0006391073549978196,755.3636,5.3411,0.0,0.0,0.0,755.3636,5.3411,760.7047,768.2027
1720,16.2125,0.008,16.2205,2.9197,0.999506796954471,0.0004932030455288061,949.1818,4.9068,0.0,0.0,0.0,949.1818000000001,4.9068,954.0886,961.5915
1721,0.2843,0.006,0.2903,0.0523,0.9793317258008956,0.020668274199104376,15.6364,3.8741,0.0,0.0,0.0,15.636399999999998,3.8740999999999994,19.510499999999997,19.513
1722,25.2831,0.0078,25.291,4.5524,0.9996876359179155,0.00030841010636194693,1480.4747,4.9015,0.0,0.0,0.0,1480.4747,4.9014999999999995,1485.3762,1488.3754
1723,1.8361,0.0077,1.8439,0.3319,0.9957698356743858,0.0041759314496447745,98.5454,5.0741,0.0,0.0,0.0,98.5454,5.0741,103.6195,103.6201
1724,0.5434,0.0075,0.5509,0.0992,0.9863859139589763,0.01361408604102378,28.5454,4.7493,0.0,0.0,0.0,28.5454,4.7493,33.2947,33.2925
1725,41.9018,0.0082,41.91,7.5438,0.9998043426389884,0.00019565736101169175,2279.8533,5.1156,0.0,0.0,0.0,2279.8532999999998,5.115600000000001,2284.9689,2293.4704
1726,0.956,0.0077,0.9637,0.1735,0.9920099616063089,0.007990038393690982,51.3636,4.5636,0.0,0.0,0.0,51.36359999999999,4.5636,55.92719999999999,55.9281
1727,2.1956,0.0089,2.2046,0.3968,0.9959176267803683,0.004037013517191327,117.4548,5.5871,0.0,0.0,0.0,117.45479999999999,5.587100000000001,123.0419,124.0453
1728,1.1018,0.0079,1.1097,0.1997,0.9928809588176984,0.007119041182301524,60.6363,4.7821,0.0,0.0,0.0,60.636300000000006,4.782100000000001,65.4184,65.4212
1729,6.2322,0.0074,6.2396,1.1231,0.9988140265401627,0.001185973459837169,339.7273,4.7287,0.0,0.0,0.0,339.72729999999996,4.7287,344.45599999999996,346.4543
1730,20.0288,0.0084,20.0372,3.6067,0.9995807797496657,0.00041922025033437805,1108.3636,4.9712,0.0,0.0,0.0,1108.3635999999997,4.9712000000000005,1113.3347999999996,1120.3323
1731,1.5866,0.0078,1.5944,0.287,0.9951078775715002,0.004892122428499749,88.182,5.0302,0.0,0.0,0.0,88.18200000000002,5.030199999999999,93.21220000000001,93.7152
1732,21.4388,0.008,21.4468,3.8604,0.999626983978962,0.0003730160210381036,1195.4543,4.9159,0.0,0.0,0.0,1195.4543,4.9159,1200.3702,1206.3674
1733,13.3894,0.0083,13.3976,2.4116,0.9993879500806114,0.0006195139427957245,734.0002,5.0342,0.0,0.0,0.0,734.0002,5.034199999999999,739.0344,751.0296
1734,43.5928,0.0084,43.6011,7.8482,0.9998096378302381,0.00019265568987938375,2489.5809,5.1871,0.0,0.0,0.0,2489.5809000000004,5.1871,2494.7680000000005,2522.2717
1735,1.3099,0.0074,1.3174,0.2371,0.9943069682708366,0.005617124639441325,69.4548,4.8597,0.0,0.0,0.0,69.4548,4.859699999999999,74.31450000000001,74.8097
1736,2.4962,0.0077,2.5039,0.4507,0.9969247973161868,0.0030752026838132517,133.2729,4.9367,0.0,0.0,0.0,133.2729,4.9367,138.2096,141.7089
1737,0.5041,0.0079,0.512,0.0922,0.9845703124999999,0.0154296875,27.2729,4.8322,0.0,0.0,0.0,27.272900000000007,4.8322,32.10510000000001,32.1012
1738,0.9299,0.0078,0.9377,0.1688,0.9916817745547616,0.008318225445238348,52.2728,4.9521,0.0,0.0,0.0,52.27279999999999,4.952100000000001,57.22489999999999,57.222
1739,64.2976,0.0072,64.3048,11.5749,0.9998880332416865,0.0001119667583135318,3541.2791,4.4481,0.0,0.0,0.0,3541.2790999999997,4.4481,3545.7272,3580.2299
1740,7.3877,0.0088,7.3965,1.3314,0.998810248090313,0.0011897519096870143,431.091,5.6084,0.0,0.0,0.0,431.091,5.6084000000000005,436.6994,439.1992
1741,3.0683,0.0078,3.0761,0.5537,0.9974643217060564,0.00253567829394363,166.727,4.7531,0.0,0.0,0.0,166.727,4.753100000000001,171.4801,172.9753
1742,1.3513,0.0078,1.359,0.2446,0.9943340691685062,0.005739514348785872,76.5457,4.9788,0.0,0.0,0.0,76.54570000000001,4.978800000000001,81.52450000000002,82.0202
1743,9.0674,0.0092,9.0767,1.6338,0.9989753985479303,0.001013584232154858,480.2728,5.69,0.0,0.0,0.0,480.2728,5.6899999999999995,485.9628,488.4608
1744,49.7896,0.0089,49.7984,8.9637,0.9998232874951806,0.00017872060146510732,2689.69,5.1955,0.0,0.0,0.0,2689.6900000000005,5.195500000000001,2694.8855000000003,2711.3896
1745,7.1269,0.0067,7.1336,1.2841,0.9990607827744756,0.0009392172255242795,375.0908,4.1798,0.0,0.0,0.0,375.09079999999994,4.179799999999999,379.27059999999994,381.7726
1746,0.5289,0.0082,0.537,0.0967,0.9849162011173185,0.015270018621973929,27.9091,5.0065,0.0,0.0,0.0,27.909100000000006,5.0065,32.915600000000005,32.9139
1747,62.2638,0.0082,62.272,11.209,0.9998683196300103,0.00013168036998972252,3432.2793,5.0847,0.0,0.0,0.0,3432.2793,5.084700000000001,3437.364,3479.8627
1748,56.315,0.0085,56.3235,10.1382,0.9998490860830735,0.00015091391692632737,3189.4182,5.0442,0.0,0.0,0.0,3189.4182,5.0442,3194.4624,3223.9599
1749,0.3017,0.0082,0.3099,0.0558,0.973539851565021,0.026460148434979028,16.7273,4.9584,0.0,0.0,0.0,16.727300000000003,4.9584,21.685700000000004,21.687
1750,35.588,0.0093,35.5972,6.4075,0.9997415527063926,0.00026125650332048584,1923.2779,5.6003,0.0,0.0,0.0,1923.2779000000005,5.6003,1928.8782000000006,1940.3797
1751,1.1771,0.0085,1.1856,0.2134,0.9928306342780028,0.007169365721997302,66.2725,5.4265,0.0,0.0,0.0,66.27250000000001,5.4265,71.69900000000001,73.1968
1752,2.2507,0.0085,2.2592,0.4067,0.9962376062322947,0.003762393767705383,122.0,5.5185,0.0,0.0,0.0,122.0,5.5185,127.5185,128.0215
1753,63.3587,0.008,63.3668,11.406,0.9998721728097364,0.00012624907680362587,3539.0723,5.2311,0.0,0.0,0.0,3539.0723000000003,5.2311,3544.3034000000002,3580.3022
1754,43.4285,0.0069,43.4354,7.8184,0.9998411433991629,0.00015885660083710522,2454.4998,4.3955,0.0,0.0,0.0,2454.4998,4.3955,2458.8953,2488.8939
1755,0.4957,0.0076,0.5033,0.0906,0.9848996622292867,0.015100337770713294,27.4546,4.9318,0.0,0.0,0.0,27.454600000000006,4.931799999999999,32.38640000000001,32.3878
1756,33.5985,0.0064,33.6049,6.0489,0.9998095515832512,0.00019044841674874797,1891.7874,4.0361,0.0,0.0,0.0,1891.7874000000002,4.036099999999999,1895.8235000000002,1909.3229
1757,19.4392,0.0062,19.4454,3.5002,0.9996811585259239,0.0003188414740761311,1140.8184,4.0757,0.0,0.0,0.0,1140.8183999999997,4.075699999999999,1144.8940999999998,1147.8923
1758,7.6527,0.0078,7.6605,1.3789,0.9989817897004113,0.0010182102995887996,410.5456,4.9602,0.0,0.0,0.0,410.54560000000004,4.9602,415.5058,420.0034
1759,0.6057,0.008,0.6138,0.1105,0.9868035190615836,0.013033561420658195,34.273,5.3727,0.0,0.0,0.0,34.273,5.372699999999999,39.645700000000005,39.644
1760,33.9842,0.0084,33.9925,6.1187,0.9997558284915791,0.00024711333382363755,1817.6781,5.1633,0.0,0.0,0.0,1817.6781000000005,5.1633,1822.8414000000005,1844.8397
1761,45.671,0.0086,45.6796,8.2223,0.9998117321517701,0.0001882678482298444,2638.9483,5.0878,0.0,0.0,0.0,2638.9483,5.0878,2644.0361,2657.0344
1762,0.3711,0.0074,0.3785,0.0681,0.980449141347424,0.01955085865257596,20.0909,4.7013,0.0,0.0,0.0,20.0909,4.7013,24.7922,24.7888
1763,1.9961,0.0076,2.0037,0.3607,0.9962070170185159,0.0037929829814842544,113.3636,4.7947,0.0,0.0,0.0,113.36359999999999,4.7947,118.1583,118.6533
1764,2.821,0.0081,2.8291,0.5092,0.9971368986603514,0.0028631013396486515,148.6364,4.9635,0.0,0.0,0.0,148.6364,4.963500000000001,153.59990000000002,154.0968
1765,0.9192,0.0079,0.9271,0.1669,0.991478804875418,0.008521195124582031,51.9089,4.8227,0.0,0.0,0.0,51.9089,4.8227,56.7316,56.7287
1766,6.8408,0.0078,6.8486,1.2328,0.9988610810968664,0.001138918903133487,386.1818,5.095,0.0,0.0,0.0,386.18180000000007,5.094999999999999,391.2768000000001,394.7815
1767,12.8379,0.0079,12.8457,2.3122,0.9993927929190312,0.0006149917871349946,728.4545,4.6229,0.0,0.0,0.0,728.4545,4.6229,733.0774,742.5806
1768,50.9745,0.0082,50.9826,9.1769,0.9998411222652435,0.00016083918827207715,2710.7688,5.3383,0.0,0.0,0.0,2710.7688000000003,5.3383,2716.1071,2730.1059
1769,53.7937,0.0086,53.8024,9.6844,0.9998382971763342,0.0001598441705202742,2982.7764,5.8192,0.0,0.0,0.0,2982.7763999999997,5.8191999999999995,2988.5955999999996,3015.5987
1770,0.4354,0.0088,0.4443,0.08,0.9799684897591718,0.01980643709205492,22.8181,5.301,0.0,0.0,0.0,22.818099999999998,5.301,28.119099999999996,28.1232
1771,0.8505,0.0083,0.8588,0.1546,0.99033535165347,0.009664648346530042,45.7275,5.3974,0.0,0.0,0.0,45.72749999999999,5.3974,51.12489999999999,51.124
1772,50.3929,0.0072,50.4001,9.072,0.9998571431405889,0.00014285685941099323,2682.3688,4.8016,0.0,0.0,0.0,2682.3687999999997,4.8016000000000005,2687.1703999999995,2698.6714
1773,54.5301,0.0084,54.5385,9.8169,0.9998459803624962,0.00015401963750378173,3117.1506,5.2405,0.0,0.0,0.0,3117.1506,5.2405,3122.3911,3137.8879
1774,1.065,0.0077,1.0728,0.1931,0.9927293064876958,0.007177479492915735,58.4544,4.7191,0.0,0.0,0.0,58.45439999999999,4.719099999999999,63.17349999999999,63.1688
1775,53.1112,0.0073,53.1185,9.5613,0.9998625714205032,0.0001374285794967855,2997.2728,5.0248,0.0,0.0,0.0,2997.2728,5.0248,3002.2976000000003,3027.301
1776,8.6078,0.0068,8.6147,1.5506,0.9991990434954207,0.0007893484392956226,468.8181,4.1862,0.0,0.0,0.0,468.81809999999996,4.1862,473.00429999999994,480.5045
1777,1.5139,0.0087,1.5226,0.2741,0.994286089583607,0.005713910416393012,84.9091,5.2047,0.0,0.0,0.0,84.90909999999998,5.2047,90.11379999999998,90.6185
1778,0.297,0.0078,0.3048,0.0549,0.9744094488188976,0.02559055118110236,15.7274,4.9915,0.0,0.0,0.0,15.727400000000003,4.9915,20.718900000000005,20.7209
1779,54.1979,0.0067,54.2046,9.7568,0.9998763942543621,0.0001236057456378241,3023.9398,4.3472,0.0,0.0,0.0,3023.9398,4.347200000000001,3028.2870000000003,3066.2823
1780,0.322,0.007,0.329,0.0592,0.9787234042553191,0.02127659574468085,17.5454,4.3653,0.0,0.0,0.0,17.5454,4.3653,21.910700000000002,21.9091
1781,3.4514,0.0086,3.46,0.6228,0.997514450867052,0.002485549132947977,195.4544,5.4934,0.0,0.0,0.0,195.45440000000002,5.4934,200.94780000000003,203.95
1782,0.358,0.008,0.366,0.0659,0.9781420765027322,0.02185792349726776,19.091,5.1736,0.0,0.0,0.0,19.091,5.1736,24.2646,24.2643
1783,1.3028,0.0089,1.3117,0.2361,0.993214911946329,0.006785088053670808,70.0,5.6548,0.0,0.0,0.0,70.00000000000001,5.654800000000002,75.65480000000002,76.1568
1784,5.8539,0.007,5.8609,1.055,0.9988056441843404,0.001194355815659711,312.9091,4.449,0.0,0.0,0.0,312.9091,4.449000000000001,317.35810000000004,319.3611
1785,8.2292,0.0087,8.2379,1.4828,0.9989439056070116,0.0010560943929885044,457.0909,5.4228,0.0,0.0,0.0,457.09090000000003,5.4228,462.51370000000003,464.5163
1786,27.7515,0.008,27.7595,4.9967,0.9997118103712243,0.00028818962877573444,1557.1635,5.0644,0.0,0.0,0.0,1557.1634999999997,5.064400000000001,1562.2278999999996,1587.7259
1787,67.3181,0.0083,67.3264,12.1188,0.9998767199790869,0.0001232800209130445,3527.8807,5.1966,0.0,0.0,0.0,3527.8806999999997,5.196600000000001,3533.0773,3577.5786
1788,2.482,0.0093,2.4913,0.4484,0.9962670091919883,0.003732990808011881,136.8182,5.5674,0.0,0.0,0.0,136.8182,5.5674,142.38559999999998,142.3892
1789,10.4276,0.0073,10.4349,1.8783,0.9993004245368906,0.0006995754631093734,603.5455,4.8496,0.0,0.0,0.0,603.5455000000001,4.8496,608.3951000000001,609.9
1790,1.4883,0.0074,1.4956,0.2692,0.9951190157796201,0.0049478470179192295,85.2726,4.7409,0.0,0.0,0.0,85.2726,4.7409,90.0135,90.5134
1791,2.0612,0.008,2.0692,0.3725,0.996133771505896,0.003866228494104002,111.1819,4.977,0.0,0.0,0.0,111.18190000000001,4.977,116.15890000000002,116.1603
1792,15.7544,0.0069,15.7613,2.837,0.9995622188525058,0.00043778114749417875,842.0909,4.5702,0.0,0.0,0.0,842.0909,4.5702,846.6611,849.6658
1793,14.0725,0.0059,14.0784,2.5341,0.9995809182861688,0.0004190817138311172,799.091,3.9097,0.0,0.0,0.0,799.0909999999999,3.9097000000000004,803.0006999999999,805.9977
1794,0.6144,0.0074,0.6218,0.1119,0.9880990672241877,0.011900932775812159,34.1818,4.7232,0.0,0.0,0.0,34.1818,4.723199999999999,38.905,38.9081
1795,0.614,0.0076,0.6216,0.1119,0.9877734877734877,0.012226512226512226,34.5457,4.5556,0.0,0.0,0.0,34.545700000000004,4.555599999999999,39.1013,39.106
1796,0.5417,0.0077,0.5494,0.0989,0.9859847105933746,0.01401528940662541,29.9091,5.1812,0.0,0.0,0.0,29.909099999999995,5.1812000000000005,35.0903,35.0875
1797,11.9282,0.0077,11.9359,2.1485,0.99935488735663,0.0006451126433700015,653.2728,4.9497,0.0,0.0,0.0,653.2728,4.9497,658.2225,661.2248
1798,3.3714,0.0077,3.3791,0.6082,0.9977212867331537,0.0022787132668462017,195.6364,4.7921,0.0,0.0,0.0,195.63639999999998,4.7921,200.42849999999999,201.9335
1799,23.8472,0.0088,23.856,4.2941,0.9996311200536553,0.00036887994634473507,1326.0001,5.2954,0.0,0.0,0.0,1326.0001,5.2954,1331.2955,1334.7929
1800,0.6836,0.0081,0.6916,0.1245,0.9884326200115674,0.011711972238288028,38.5454,4.8847,0.0,0.0,0.0,38.545399999999994,4.8847,43.430099999999996,43.4295
1801,64.8434,0.0086,64.852,11.6734,0.9998673903657559,0.00013260963424412508,3574.5896,5.3241,0.0,0.0,0.0,3574.5896000000002,5.3241000000000005,3579.9137,3594.4091
1802,0.8619,0.0084,0.8702,0.1566,0.99046196276718,0.009652953344058838,47.2726,5.1668,0.0,0.0,0.0,47.272600000000004,5.1668,52.439400000000006,53.4374
1803,8.7234,0.0092,8.7326,1.5719,0.9989464764216843,0.0010535235783157364,500.8181,5.6121,0.0,0.0,0.0,500.81809999999996,5.6121,506.43019999999996,507.9282
1804,9.3217,0.0085,9.3303,1.6794,0.9990782718669282,0.0009110103640826127,496.9091,5.2118,0.0,0.0,0.0,496.9091000000001,5.2118,502.12090000000006,509.6177
1805,1.9701,0.0076,1.9777,0.356,0.9961571522475603,0.0038428477524397025,108.7275,4.773,0.0,0.0,0.0,108.72750000000002,4.773,113.50050000000002,114.498
1806,14.251,0.0094,14.2604,2.5669,0.9993408319542229,0.000659168045777117,816.3634,5.6568,0.0,0.0,0.0,816.3634000000002,5.6568,822.0202000000002,826.5249
1807,9.6831,0.0058,9.6888,1.744,0.9994116918503838,0.0005986293452233506,542.909,3.778,0.0,0.0,0.0,542.909,3.7780000000000005,546.687,550.1896
1808,12.6968,0.0073,12.7042,2.2868,0.9994175154673257,0.0005746131200705278,696.3639,4.8094,0.0,0.0,0.0,696.3639000000001,4.8094,701.1733,706.6759
1809,0.7053,0.0085,0.7138,0.1285,0.9880919024936958,0.011908097506304288,40.6364,5.0724,0.0,0.0,0.0,40.63640000000001,5.0724,45.70880000000001,45.7097
1810,9.3481,0.0084,9.3565,1.6842,0.9991022283973708,0.0008977716026291882,508.9999,5.351,0.0,0.0,0.0,508.9999,5.351,514.3509,517.8509
1811,0.3234,0.0078,0.3312,0.0596,0.976449275362319,0.02355072463768116,17.909,4.9139,0.0,0.0,0.0,17.909000000000002,4.913899999999999,22.8229,22.8235
1812,0.938,0.0076,0.9456,0.1702,0.9919627749576988,0.008037225042301184,53.1819,4.6932,0.0,0.0,0.0,53.181900000000006,4.693199999999999,57.8751,57.8789
1813,4.1669,0.0082,4.1751,0.7515,0.9980359751862232,0.001964024813776916,238.909,5.3074,0.0,0.0,0.0,238.909,5.3073999999999995,244.2164,245.2164
1814,4.364,0.0069,4.3709,0.7868,0.9984213777482899,0.0015786222517101742,244.1818,4.2737,0.0,0.0,0.0,244.1818,4.2737,248.4555,249.4596
1815,0.4639,0.0082,0.472,0.085,0.9828389830508475,0.017372881355932207,26.0,5.3268,0.0,0.0,0.0,26.0,5.3267999999999995,31.3268,31.3231
1816,56.2621,0.0091,56.2712,10.1288,0.9998382831714979,0.00016171682850196905,3183.2904,5.7956,0.0,0.0,0.0,3183.2904,5.7956,3189.086,3230.5873
1817,0.9111,0.008,0.9191,0.1654,0.9912958328799912,0.008704167120008705,51.5457,4.9538,0.0,0.0,0.0,51.54569999999999,4.9538,56.49949999999999,56.4955
1818,0.6871,0.0065,0.6937,0.1249,0.9904858007784346,0.009370044687905435,39.6364,4.3678,0.0,0.0,0.0,39.6364,4.367800000000001,44.004200000000004,44.0037
1819,0.9765,0.0078,0.9843,0.1772,0.9920755867113685,0.007924413288631514,54.5456,4.6337,0.0,0.0,0.0,54.54559999999999,4.6337,59.17929999999999,59.1786
1820,25.7199,0.0069,25.7268,4.6308,0.9997317971920332,0.0002682028079667895,1487.0632,4.525,0.0,0.0,0.0,1487.0632,4.5249999999999995,1491.5882000000001,1500.0845
1821,0.5067,0.0078,0.5145,0.0926,0.9848396501457728,0.015160349854227406,28.4546,5.087,0.0,0.0,0.0,28.4546,5.087,33.5416,33.5416
1822,48.2512,0.0085,48.2598,8.6868,0.9998217978524568,0.00017613002954840263,2644.2875,4.8332,0.0,0.0,0.0,2644.2874999999995,4.833200000000001,2649.1206999999995,2679.1237
1823,0.5069,0.0065,0.5134,0.0924,0.9873393065835607,0.012660693416439424,27.9999,4.0309,0.0,0.0,0.0,27.999900000000004,4.0309,32.030800000000006,32.0335
1824,8.1519,0.0078,8.1598,1.4688,0.9990318390156621,0.0009559057820044608,473.6364,5.1125,0.0,0.0,0.0,473.6363999999999,5.1125,478.74889999999994,483.2537
1825,1.597,0.0079,1.6049,0.2889,0.9950775749267867,0.004922425073213285,84.6364,5.1995,0.0,0.0,0.0,84.63640000000001,5.1995,89.83590000000001,90.834
1826,10.2928,0.0068,10.2996,1.8539,0.9993397801856383,0.0006602198143617228,586.9091,4.1723,0.0,0.0,0.0,586.9090999999999,4.1723,591.0813999999998,599.0775
1827,0.8512,0.0082,0.8594,0.1547,0.9904584593902722,0.009541540609727717,48.9093,5.008,0.0,0.0,0.0,48.9093,5.008,53.917300000000004,53.9199
1828,3.222,0.0075,3.2295,0.5813,0.997677659080353,0.0023223409196470044,180.2729,4.8105,0.0,0.0,0.0,180.2729,4.810499999999999,185.08339999999998,187.5799
1829,0.1588,0.0073,0.1661,0.0299,0.9560505719446116,0.043949428055388325,8.9089,4.5303,0.0,0.0,0.0,8.9089,4.5303,13.4392,13.4423
1830,1.5437,0.0082,1.5519,0.2793,0.9947161543913912,0.005283845608608802,85.0,5.1201,0.0,0.0,0.0,85.0,5.120100000000001,90.12010000000001,90.6219
1831,4.335,0.0087,4.3437,0.7819,0.9979970992471855,0.0020029007528144208,233.091,5.5796,0.0,0.0,0.0,233.09099999999998,5.579599999999999,238.67059999999998,240.6657
1832,0.7636,0.0064,0.77,0.1386,0.9916883116883116,0.008311688311688312,41.9091,3.697,0.0,0.0,0.0,41.909099999999995,3.6969999999999996,45.6061,45.6025
1833,0.3765,0.0076,0.3841,0.0691,0.9802134860713356,0.01978651392866441,21.7274,4.5763,0.0,0.0,0.0,21.727400000000003,4.576300000000001,26.303700000000003,26.3062
1834,54.9721,0.0085,54.9805,9.8965,0.9998472185593074,0.00015460026736752123,3041.7029,5.5972,0.0,0.0,0.0,3041.7029,5.5972,3047.3001000000004,3064.2961
1835,1.7586,0.0078,1.7664,0.318,0.9955842391304348,0.004415760869565217,98.0908,4.9102,0.0,0.0,0.0,98.09080000000003,4.9102000000000015,103.00100000000003,103.0005
1836,13.7672,0.0079,13.775,2.4795,0.9994337568058077,0.0005735027223230491,781.1817,5.0187,0.0,0.0,0.0,781.1817,5.0187,786.2004,789.1986
1837,2.072,0.0088,2.0807,0.3745,0.9958187148555774,0.004229345893209016,117.2726,5.1064,0.0,0.0,0.0,117.27259999999998,5.1064,122.37899999999998,122.8753
1838,27.0012,0.0079,27.0091,4.8616,0.9997075059887224,0.0002924940112776805,1542.2517,5.2096,0.0,0.0,0.0,1542.2516999999998,5.209600000000001,1547.4612999999997,1563.965
1839,3.3846,0.0077,3.3922,0.6106,0.9977595660633217,0.0022699133305819235,195.6363,4.8708,0.0,0.0,0.0,195.6363,4.8708,200.5071,200.5098
1840,2.8528,0.0072,2.86,0.5148,0.9974825174825175,0.0025174825174825175,160.909,4.8391,0.0,0.0,0.0,160.909,4.8391,165.7481,165.7508
1841,45.7868,0.008,45.7948,8.2431,0.9998253076768541,0.00017469232314585936,2425.9295,5.091,0.0,0.0,0.0,2425.9294999999997,5.091,2431.0204999999996,2465.0214
1842,49.4653,0.0082,49.4735,8.9052,0.9998342547020121,0.00016574529798781166,2728.2478,5.1028,0.0,0.0,0.0,2728.2478,5.1028,2733.3506,2748.3538
1843,3.2235,0.0074,3.2309,0.5816,0.9977096165155219,0.0022903834844780094,174.4545,4.8268,0.0,0.0,0.0,174.45449999999997,4.8268,179.28129999999996,180.7845
1844,4.6541,0.0084,4.6625,0.8392,0.9981983914209115,0.001801608579088472,258.182,5.2885,0.0,0.0,0.0,258.182,5.2885,263.4705,263.4657
1845,43.5194,0.0089,43.5283,7.8351,0.9997955353184019,0.0002044646815979489,2527.935,5.4792,0.0,0.0,0.0,2527.9350000000004,5.4792000000000005,2533.4142000000006,2569.4122
1846,47.1479,0.0077,47.1555,8.488,0.9998388311013561,0.00016328954204705706,2526.4363,4.7975,0.0,0.0,0.0,2526.4363,4.797500000000001,2531.2338,2544.7291
1847,35.7436,0.0107,35.7542,6.4358,0.9997035313333819,0.00029926554083156665,1920.5454,6.3112,0.0,0.0,0.0,1920.5453999999997,6.3111999999999995,1926.8565999999998,1940.3564
1848,2.0644,0.009,2.0734,0.3732,0.9956593035593712,0.0043406964406289186,110.1817,5.328,0.0,0.0,0.0,110.1817,5.328,115.50970000000001,115.5127
1849,0.4292,0.0081,0.4373,0.0787,0.9814772467413675,0.018522753258632514,24.9997,4.9437,0.0,0.0,0.0,24.999699999999994,4.9437,29.943399999999993,29.9411
1850,44.4404,0.0077,44.4481,8.0007,0.9998267642486406,0.0001732357513594507,2494.7999,5.0653,0.0,0.0,0.0,2494.7998999999995,5.0653,2499.8651999999997,2537.3619
1851,0.4044,0.0069,0.4113,0.074,0.9832239241429613,0.016776075857038657,22.7275,4.62,0.0,0.0,0.0,22.7275,4.62,27.3475,27.3473
1852,2.4253,0.008,2.4333,0.438,0.996712283729914,0.0032877162700858916,127.5455,5.123,0.0,0.0,0.0,127.5455,5.123,132.6685,133.6683
1853,1.6283,0.0074,1.6357,0.2944,0.9954759430213366,0.00452405697866357,87.1819,4.5855,0.0,0.0,0.0,87.18190000000001,4.5855,91.76740000000001,92.2722
1854,0.7124,0.0079,0.7203,0.1297,0.9890323476329307,0.010967652367069277,38.1816,4.5552,0.0,0.0,0.0,38.181599999999996,4.555200000000001,42.736799999999995,42.7381
1855,10.8172,0.0095,10.8266,1.9488,0.999131768052759,0.000877468457318087,566.1817,5.4666,0.0,0.0,0.0,566.1817,5.4666000000000015,571.6483,572.1459
1856,0.2413,0.0085,0.2498,0.045,0.965972778222578,0.03402722177742194,13.3637,5.2692,0.0,0.0,0.0,13.363699999999998,5.269200000000001,18.6329,18.6336
1857,19.0768,0.0086,19.0854,3.4354,0.9995493937774423,0.00045060622255755706,1138.5456,5.2774,0.0,0.0,0.0,1138.5456,5.277400000000001,1143.8229999999999,1147.3268
1858,3.5777,0.0073,3.5849,0.6453,0.9979915757761723,0.0020363190047142177,205.4546,4.5671,0.0,0.0,0.0,205.45460000000003,4.5671,210.02170000000004,211.0238
1859,1.5331,0.0079,1.541,0.2774,0.9948734587929916,0.0051265412070084365,84.9999,4.9324,0.0,0.0,0.0,84.99989999999998,4.9323999999999995,89.93229999999998,90.4356
1860,9.2566,0.0063,9.2629,1.6673,0.9993198674281273,0.0006801325718727397,533.6365,3.8885,0.0,0.0,0.0,533.6365,3.8885,537.525,543.5261
1861,4.6491,0.0084,4.6575,0.8383,0.9981964573268921,0.0018035426731078904,265.1818,5.1267,0.0,0.0,0.0,265.1818,5.1267,270.3085,272.3134
1862,0.548,0.008,0.556,0.1001,0.9856115107913669,0.014388489208633093,30.2728,5.1041,0.0,0.0,0.0,30.272799999999997,5.1041,35.3769,35.3759
1863,1.4387,0.007,1.4456,0.2602,0.9952268954067516,0.0048422800221361376,77.9089,4.7504,0.0,0.0,0.0,77.90890000000002,4.750400000000001,82.65930000000002,83.6628
1864,64.8805,0.0077,64.8882,11.6799,0.9998813343566318,0.00011866564336813165,3519.4404,4.9346,0.0,0.0,0.0,3519.4404,4.934599999999999,3524.375,3553.8744
1865,48.7333,0.0076,48.7409,8.7734,0.9998440734578146,0.00015592654218531048,2714.1519,4.6598,0.0,0.0,0.0,2714.1519,4.6598,2718.8116999999997,2737.3087
1866,61.9718,0.0084,61.9803,11.1564,0.9998628596505664,0.00013552693355792082,3328.4897,5.5814,0.0,0.0,0.0,3328.4896999999996,5.5813999999999995,3334.0710999999997,3372.0725
1867,0.9136,0.0078,0.9215,0.1659,0.9914270211611502,0.008464460119370592,48.9092,4.9266,0.0,0.0,0.0,48.9092,4.9266000000000005,53.8358,53.8314
1868,9.8777,0.0076,9.8853,1.7793,0.9992311816535664,0.0007688183464335933,558.4547,4.8775,0.0,0.0,0.0,558.4547,4.8775,563.3322000000001,565.8341
1869,1.4664,0.0075,1.4739,0.2653,0.9949114593934459,0.00508854060655404,85.0908,4.9897,0.0,0.0,0.0,85.0908,4.9897,90.0805,90.5756
1870,59.344,0.0086,59.3526,10.6835,0.999855103230524,0.00014489676947597915,3383.8526,5.6569,0.0,0.0,0.0,3383.8526,5.656899999999999,3389.5095,3436.5074
1871,0.5559,0.0078,0.5637,0.1015,0.9861628525811601,0.013837147418839808,30.1817,4.9718,0.0,0.0,0.0,30.181699999999996,4.9718,35.153499999999994,35.1561
1872,35.5644,0.0078,35.5722,6.403,0.9997807276468702,0.00021927235312969114,1851.1998,4.8477,0.0,0.0,0.0,1851.1997999999999,4.8477,1856.0475,1870.045
1873,35.3051,0.0086,35.3137,6.3565,0.9997564684527537,0.00024353154724653607,1876.2131,5.3739,0.0,0.0,0.0,1876.2130999999997,5.3739,1881.5869999999998,1947.0858
1874,0.2758,0.0077,0.2834,0.051,0.9731827805222301,0.027170077628793227,15.2727,4.5401,0.0,0.0,0.0,15.2727,4.5401,19.8128,19.8158
1875,5.9823,0.0087,5.991,1.0784,0.998547821732599,0.0014521782674011016,330.6364,5.8014,0.0,0.0,0.0,330.6364,5.801399999999999,336.4378,338.4353
1876,3.0986,0.0083,3.1069,0.5592,0.9973285268273842,0.0026714731726157907,166.0003,5.1198,0.0,0.0,0.0,166.00029999999998,5.1198,171.12009999999998,172.6194
1877,4.5455,0.0084,4.5539,0.8197,0.9981554272162323,0.0018445727837677595,256.2727,4.9309,0.0,0.0,0.0,256.2727,4.930900000000001,261.2036,263.2005
1878,0.6836,0.0085,0.6921,0.1246,0.9877185377835572,0.012281462216442711,38.0,5.4379,0.0,0.0,0.0,38.0,5.437900000000001,43.4379,43.4408
1879,18.9826,0.0087,18.9913,3.4184,0.9995418954995183,0.00045810450048179953,1065.909,5.2529,0.0,0.0,0.0,1065.909,5.2528999999999995,1071.1619,1075.1635
1880,63.0032,0.0082,63.0114,11.3421,0.9998698648181122,0.0001301351818877219,3473.3466,5.2737,0.0,0.0,0.0,3473.3466,5.2737,3478.6203,3521.1195
1881,13.214,0.0075,13.2215,2.3799,0.9994327421245698,0.0005672578754301705,735.5456,4.442,0.0,0.0,0.0,735.5455999999999,4.442,739.9875999999999,750.4886
1882,0.1396,0.0072,0.1468,0.0264,0.9509536784741144,0.049046321525885554,7.6365,4.4745,0.0,0.0,0.0,7.6365,4.4745,12.111,12.1148
1883,1.2379,0.0076,1.2455,0.2242,0.9938980329185065,0.006101967081493376,66.9092,4.7476,0.0,0.0,0.0,66.9092,4.7476,71.6568,71.6614
1884,6.1381,0.0072,6.1452,1.1061,0.9988446267005142,0.0011716461628588166,334.2728,4.5532,0.0,0.0,0.0,334.2727999999999,4.5532,338.8259999999999,341.8228
1885,20.7001,0.0081,20.7083,3.7275,0.9996040235074825,0.00039114751090142593,1134.5454,5.0724,0.0,0.0,0.0,1134.5454,5.072399999999999,1139.6178,1149.6217
1886,0.6056,0.0077,0.6133,0.1104,0.9874449698353173,0.012555030164682865,33.5453,4.5201,0.0,0.0,0.0,33.545300000000005,4.520099999999999,38.065400000000004,39.0682
1887,62.2604,0.0093,62.2697,11.2085,0.9998506496739185,0.00014935032608154525,3385.243,5.5094,0.0,0.0,0.0,3385.2429999999995,5.509399999999999,3390.7523999999994,3413.2485
1888,62.935,0.0085,62.9435,11.3298,0.9998649582562139,0.00013504174378609388,3349.1355,5.1622,0.0,0.0,0.0,3349.1355,5.1622,3354.2977,3383.8002
1889,0.1707,0.0083,0.1791,0.0322,0.9530988274706866,0.046342825237297595,9.2728,5.3086,0.0,0.0,0.0,9.2728,5.3086,14.5814,14.5797
1890,1.3222,0.0076,1.3298,0.2394,0.9942848548653933,0.005715145134606707,74.9997,4.6075,0.0,0.0,0.0,74.99969999999999,4.6075,79.60719999999999,80.1053
1891,19.738,0.0074,19.7453,3.5542,0.9996302917656353,0.00037477273072579297,1150.7273,4.5355,0.0,0.0,0.0,1150.7273,4.535499999999999,1155.2628,1162.7591
1892,0.7972,0.0084,0.8056,0.145,0.9895729890764647,0.010427010923535252,44.0,5.3396,0.0,0.0,0.0,44.0,5.339600000000001,49.339600000000004,49.3359
1893,22.2063,0.0072,22.2135,3.9984,0.9996758727800661,0.00032412721993382404,1242.2726,4.5609,0.0,0.0,0.0,1242.2726,4.5609,1246.8335,1251.3349
1894,0.7525,0.0083,0.7608,0.1369,0.9890904311251313,0.01090956887486856,40.9091,5.2841,0.0,0.0,0.0,40.9091,5.2841000000000005,46.193200000000004,46.1953
1895,42.6112,0.0071,42.6183,7.6713,0.9998334048988345,0.0001665951011654618,2271.2915,4.3141,0.0,0.0,0.0,2271.2915,4.314100000000001,2275.6056,2303.1033
1896,24.0268,0.0078,24.0346,4.3262,0.9996754678671582,0.0003245321328418197,1375.796,4.7355,0.0,0.0,0.0,1375.7959999999998,4.7355,1380.5314999999998,1387.0362
1897,11.8429,0.008,11.851,2.1332,0.9993165133743988,0.0006750485191123111,677.5454,5.1537,0.0,0.0,0.0,677.5453999999999,5.1537,682.6990999999998,688.7014
1898,1.0602,0.007,1.0672,0.1921,0.993440779610195,0.006559220389805098,59.7272,4.581,0.0,0.0,0.0,59.72720000000001,4.581,64.30820000000001,64.3122
1899,0.4073,0.0066,0.4139,0.0745,0.9840541193525006,0.015945880647499397,22.2729,4.062,0.0,0.0,0.0,22.272900000000007,4.062,26.334900000000008,26.3347
1900,25.3678,0.0089,25.3766,4.5678,0.9996532238361324,0.000350716802093267,1471.6642,5.5732,0.0,0.0,0.0,1471.6642,5.5732,1477.2374,1512.2368
1901,0.6896,0.0086,0.6983,0.1257,0.9875411714162967,0.012315623657453817,37.0908,5.2412,0.0,0.0,0.0,37.090799999999994,5.241199999999999,42.331999999999994,42.3354
1902,1.7483,0.0086,1.7569,0.3162,0.9951050145142012,0.004894985485798851,90.9091,5.4446,0.0,0.0,0.0,90.90910000000002,5.4446,96.35370000000002,96.8528
1903,51.793,0.0082,51.8013,9.3242,0.9998397723609254,0.0001582971855918674,2791.6035,5.2681,0.0,0.0,0.0,2791.6035,5.2681,2796.8716,2812.3707
1904,0.2833,0.0072,0.2905,0.0523,0.9752151462994837,0.024784853700516352,15.3637,4.4492,0.0,0.0,0.0,15.363699999999998,4.4492,19.8129,19.8098
1905,48.8068,0.0072,48.814,8.7865,0.9998525013315852,0.00014749866841479902,2638.7178,4.806,0.0,0.0,0.0,2638.7178,4.806000000000001,2643.5238,2719.0236
1906,2.1784,0.0081,2.1865,0.3936,0.9962954493482734,0.003704550651726503,119.182,5.3273,0.0,0.0,0.0,119.18199999999999,5.327299999999999,124.50929999999998,126.0086
1907,0.226,0.0077,0.2337,0.0421,0.9670517757809157,0.0329482242190843,12.3636,4.547,0.0,0.0,0.0,12.363600000000002,4.547000000000001,16.910600000000002,16.9077
1908,63.2587,0.0081,63.2668,11.388,0.9998719707650773,0.0001280292349225818,3385.3905,5.0342,0.0,0.0,0.0,3385.3905,5.034199999999999,3390.4247,3413.4286
1909,1.3412,0.0084,1.3496,0.2429,0.9937759336099585,0.006224066390041494,75.2728,5.3225,0.0,0.0,0.0,75.27280000000002,5.3225,80.59530000000002,81.0945
1910,58.7321,0.0084,58.7405,10.5733,0.9998569981528929,0.0001430018471071918,3390.973,5.2392,0.0,0.0,0.0,3390.973,5.2392,3396.2122,3421.2127
1911,0.4716,0.0075,0.4792,0.0862,0.9841402337228715,0.015651085141903172,26.5456,4.7615,0.0,0.0,0.0,26.5456,4.7615,31.3071,31.3103
1912,2.5039,0.0079,2.5118,0.4521,0.9968548451309817,0.0031451548690182344,139.8183,4.7301,0.0,0.0,0.0,139.8183,4.7301,144.5484,145.5443
1913,1.4801,0.0089,1.4889,0.268,0.994089596346296,0.005977567331587078,80.8182,5.4341,0.0,0.0,0.0,80.81820000000002,5.4341,86.25230000000002,86.7515
1914,47.2053,0.0073,47.2125,8.4983,0.9998474980142971,0.00015462006883770188,2589.2305,4.7234,0.0,0.0,0.0,2589.2305,4.7234,2593.9539,2602.4509
1915,55.0363,0.0068,55.0431,9.9078,0.9998764604464501,0.00012353955354985457,2942.906,4.3204,0.0,0.0,0.0,2942.906,4.3204,2947.2264,2959.7243
1916,56.6625,0.0088,56.6714,10.2008,0.9998429542944061,0.0001552811471041831,3125.5419,5.205,0.0,0.0,0.0,3125.5418999999997,5.204999999999999,3130.7468999999996,3177.7425
1917,5.2813,0.008,5.2893,0.9521,0.9984875125252869,0.0015124874747131,299.0,4.9055,0.0,0.0,0.0,299.0,4.9055,303.9055,304.9056
1918,0.27,0.0098,0.2798,0.0504,0.964974982130093,0.035025017869907075,14.3638,5.6013,0.0,0.0,0.0,14.363799999999998,5.6013,19.9651,19.9684
1919,0.3191,0.0077,0.3269,0.0588,0.9761394921994493,0.02355460385438972,16.9094,4.9677,0.0,0.0,0.0,16.9094,4.967699999999999,21.8771,22.3785
1920,0.3848,0.0088,0.3935,0.0708,0.9778907242693773,0.02236340533672173,20.7273,5.4973,0.0,0.0,0.0,20.727299999999996,5.4973,26.224599999999995,26.2225
1921,14.3557,0.0081,14.3638,2.5855,0.9994360823737451,0.0005639176262548908,752.9091,5.0708,0.0,0.0,0.0,752.9090999999999,5.0708,757.9798999999998,761.4752
1922,53.0335,0.0092,53.0427,9.5477,0.9998265548322388,0.00017344516776106797,3087.4118,5.6229,0.0,0.0,0.0,3087.4118,5.6229,3093.0346999999997,3124.0311
1923,13.5264,0.0082,13.5346,2.4362,0.999394145375556,0.0006058546244440176,759.0,5.2981,0.0,0.0,0.0,759.0,5.298100000000001,764.2981,768.8025
1924,0.4826,0.0085,0.4911,0.0884,0.9826919161066993,0.017308083893300755,26.7274,5.169,0.0,0.0,0.0,26.727399999999996,5.1690000000000005,31.896399999999996,31.8957
1925,1.5867,0.008,1.5947,0.2871,0.9949833824543801,0.005016617545619866,86.7272,5.163,0.0,0.0,0.0,86.72720000000001,5.163,91.89020000000001,92.3858
1926,2.515,0.0074,2.5224,0.454,0.9970662860767523,0.0029337139232477006,130.9091,4.8051,0.0,0.0,0.0,130.90910000000002,4.8051,135.71420000000003,136.712
1927,4.2856,0.0084,4.2941,0.7729,0.9980205398104375,0.0019561724226263943,239.3636,5.0989,0.0,0.0,0.0,239.36360000000002,5.0988999999999995,244.4625,244.9647
1928,0.4689,0.009,0.478,0.086,0.9809623430962343,0.01882845188284519,25.9092,5.3465,0.0,0.0,0.0,25.90919999999999,5.346500000000001,31.25569999999999,31.2579
1929,61.2568,0.0084,61.2653,11.0277,0.9998612591466947,0.00013710860797221263,3450.2007,5.4019,0.0,0.0,0.0,3450.2007000000003,5.4018999999999995,3455.6026,3506.1026
1930,1.9786,0.0081,1.9867,0.3576,0.9959228871998792,0.004077112800120804,110.5454,5.028,0.0,0.0,0.0,110.54539999999999,5.0280000000000005,115.57339999999999,115.57
1931,52.8615,0.0088,52.8703,9.5167,0.9998335549448367,0.00016644505516329584,2911.0847,5.1204,0.0,0.0,0.0,2911.0846999999994,5.120400000000001,2916.205099999999,2949.7076
1932,45.8921,0.0084,45.9004,8.2621,0.9998191736891182,0.0001830049411334106,2513.5402,4.9019,0.0,0.0,0.0,2513.5402000000004,4.9018999999999995,2518.4421,2532.4468
1933,1.1474,0.0082,1.1556,0.208,0.9929041190723434,0.007095880927656629,60.8184,5.1716,0.0,0.0,0.0,60.818400000000004,5.1716,65.99000000000001,65.9897
1934,3.684,0.0082,3.6922,0.6646,0.9977791018904718,0.0022208981095281945,202.7274,4.9745,0.0,0.0,0.0,202.72740000000002,4.974500000000001,207.70190000000002,208.6976
1935,0.4113,0.0064,0.4177,0.0752,0.9846779985635623,0.015322001436437634,23.2728,4.0864,0.0,0.0,0.0,23.272800000000007,4.0864,27.35920000000001,27.3546
1936,0.5564,0.0073,0.5637,0.1015,0.987049849210573,0.012950150789427,29.6365,4.4742,0.0,0.0,0.0,29.636500000000005,4.4742,34.11070000000001,34.1065
1937,47.6955,0.009,47.7045,8.5868,0.9998113385529667,0.0001886614470332987,2554.1361,5.4638,0.0,0.0,0.0,2554.1361,5.4638,2559.5999,2586.5989
1938,12.3429,0.0085,12.3514,2.2233,0.9993118189031203,0.000688181096879706,689.4546,5.4399,0.0,0.0,0.0,689.4546,5.4399,694.8945,701.3906
1939,4.4449,0.0089,4.4539,0.8017,0.9979792990412896,0.0019982487258357845,238.7273,5.1749,0.0,0.0,0.0,238.7273,5.174900000000001,243.90220000000002,244.9
1940,25.2772,0.0079,25.2851,4.5513,0.9996875630311923,0.0003124369688077168,1394.8948,5.0345,0.0,0.0,0.0,1394.8948,5.0345,1399.9293,1408.43
1941,24.1433,0.0071,24.1504,4.3471,0.9997060090102027,0.00029399098979727045,1354.2916,4.2476,0.0,0.0,0.0,1354.2916,4.2476,1358.5392,1366.543
1942,3.3345,0.0075,3.342,0.6016,0.9977558348294434,0.0022441651705565526,178.909,4.4348,0.0,0.0,0.0,178.90899999999996,4.4348,183.34379999999996,185.8397
1943,14.162,0.0084,14.1704,2.5507,0.9994072150398012,0.000592784960198724,750.8181,5.0628,0.0,0.0,0.0,750.8181,5.0628,755.8809,762.3844
1944,41.4293,0.0071,41.4365,7.4586,0.9998262401505917,0.00017134651816635093,2237.2755,4.4848,0.0,0.0,0.0,2237.2755,4.4848,2241.7603000000004,2261.2575
1945,1.626,0.0077,1.6337,0.2941,0.995286772357226,0.004713227642774071,90.3637,4.7685,0.0,0.0,0.0,90.36370000000001,4.7684999999999995,95.13220000000001,95.6372
1946,0.7023,0.0078,0.71,0.1278,0.9891549295774649,0.010985915492957746,38.8179,4.6987,0.0,0.0,0.0,38.817899999999995,4.6987,43.5166,43.515
1947,59.255,0.0072,59.2622,10.6672,0.9998785060291383,0.00012149397086169598,3210.9757,4.6692,0.0,0.0,0.0,3210.9757,4.6692,3215.6449,3272.645
1948,2.5532,0.0081,2.5613,0.461,0.9968375434349743,0.0031624565650255725,140.1817,4.9625,0.0,0.0,0.0,140.1817,4.962500000000001,145.1442,145.6422
1949,60.7612,0.0095,60.7707,10.9387,0.9998436746655873,0.0001563253344128009,3361.1933,5.8534,0.0,0.0,0.0,3361.1933,5.853400000000001,3367.0467,3386.0482
1950,8.9306,0.0079,8.9385,1.6089,0.9991161828047213,0.00088381719527885,493.9998,4.8348,0.0,0.0,0.0,493.99980000000005,4.8348,498.8346,500.3353
1951,58.5536,0.0082,58.5618,10.5411,0.9998599769815819,0.00014002301841814973,3107.7258,5.0503,0.0,0.0,0.0,3107.7257999999997,5.0503,3112.7760999999996,3143.7794
1952,55.1704,0.0073,55.1777,9.932,0.9998677001759769,0.0001322998240231108,3007.8591,4.4603,0.0,0.0,0.0,3007.8591000000006,4.4603,3012.3194000000008,3035.3225
1953,1.1623,0.0095,1.1718,0.2109,0.9918928144734598,0.008107185526540365,64.9092,5.849,0.0,0.0,0.0,64.9092,5.849,70.7582,70.7607
1954,48.6416,0.0072,48.6487,8.7568,0.9998540557096078,0.00014799984377794268,2841.6111,4.3573,0.0,0.0,0.0,2841.6110999999996,4.3573,2845.9683999999997,2871.4713
1955,13.9583,0.0077,13.966,2.5139,0.9994486610339396,0.0005513389660604326,803.6368,4.7413,0.0,0.0,0.0,803.6368,4.7413,808.3781,816.8759
1956,14.0403,0.0082,14.0485,2.5287,0.9994163077908673,0.0005836922091326476,756.9998,5.0955,0.0,0.0,0.0,756.9998,5.0954999999999995,762.0953000000001,766.5971
1957,15.96,0.0077,15.9677,2.8742,0.9995177765113322,0.000482223488667748,874.0909,5.1534,0.0,0.0,0.0,874.0908999999999,5.1534,879.2443,884.2489
1958,58.8169,0.0079,58.8248,10.5885,0.9998657029008172,0.00013429709918265766,3155.5921,4.8117,0.0,0.0,0.0,3155.5921000000003,4.8117,3160.4038000000005,3182.4022
1959,50.5787,0.0066,50.5853,9.1054,0.9998695273132708,0.00013047268672914858,2666.0606,4.4092,0.0,0.0,0.0,2666.0606,4.4092,2670.4698,2684.4674
1960,50.6914,0.0098,50.7011,9.1262,0.9998086826518557,0.00019328969193962262,2850.4645,5.733,0.0,0.0,0.0,2850.464499999999,5.7330000000000005,2856.1974999999993,2882.2016
1961,44.4928,0.0072,44.5,8.01,0.9998382022471911,0.00016179775280898877,2488.0153,4.526,0.0,0.0,0.0,2488.0153000000005,4.526,2492.5413000000003,2506.5442
1962,0.1538,0.0078,0.1615,0.0291,0.9523219814241485,0.048297213622291016,8.3636,4.6518,0.0,0.0,0.0,8.363600000000002,4.6518,13.015400000000001,13.0151
1963,0.9193,0.008,0.9273,0.1669,0.9913728027607032,0.008627197239296884,53.9091,5.0595,0.0,0.0,0.0,53.9091,5.0595,58.9686,58.9641
1964,48.0927,0.0073,48.1,8.658,0.9998482328482329,0.00015176715176715177,2678.9943,4.6159,0.0,0.0,0.0,2678.9942999999994,4.6159,2683.610199999999,2704.1144
1965,51.7538,0.0071,51.7609,9.317,0.9998628308240389,0.00013716917596100532,2790.0629,4.3161,0.0,0.0,0.0,2790.0628999999994,4.3161000000000005,2794.3789999999995,2811.8746
1966,0.6238,0.0081,0.6319,0.1137,0.9871815160626681,0.012818483937331855,35.0912,4.8421,0.0,0.0,0.0,35.0912,4.842099999999999,39.9333,39.9313
1967,0.5558,0.0083,0.5642,0.1015,0.9851116625310172,0.014711095356256646,31.9091,5.2484,0.0,0.0,0.0,31.909099999999995,5.248399999999999,37.15749999999999,37.1594
1968,2.1752,0.0072,2.1824,0.3928,0.9967008797653959,0.0032991202346041057,126.5456,4.6444,0.0,0.0,0.0,126.54560000000002,4.644399999999999,131.19000000000003,131.6878
1969,0.664,0.0074,0.6714,0.1209,0.988978254393804,0.01102174560619601,36.5455,4.7759,0.0,0.0,0.0,36.545500000000004,4.7759,41.321400000000004,41.3195
1970,6.622,0.0081,6.6301,1.1934,0.9987782989698497,0.0012217010301503748,373.9091,5.2363,0.0,0.0,0.0,373.9091,5.2363,379.1454,379.6456
1971,32.511,0.0088,32.5197,5.8535,0.999732469856733,0.00027060520238501585,1801.9064,5.3395,0.0,0.0,0.0,1801.9064,5.339499999999998,1807.2459000000001,1839.2471
1972,23.5165,0.008,23.5244,4.2344,0.9996641784700141,0.00034007243542874636,1317.3229,4.7879,0.0,0.0,0.0,1317.3229,4.7879000000000005,1322.1108,1336.1105
1973,7.1043,0.0071,7.1114,1.28,0.9990016030598757,0.0009983969401243075,382.2726,4.6119,0.0,0.0,0.0,382.27259999999995,4.6119,386.88449999999995,386.8832
1974,3.0096,0.0083,3.0179,0.5432,0.9972497431989131,0.0027502568010868483,162.8181,5.1789,0.0,0.0,0.0,162.8181,5.1789000000000005,167.99699999999999,168.4993
1975,58.7125,0.0085,58.721,10.5698,0.9998552476967354,0.0001447523032645902,3192.7273,5.3299,0.0,0.0,0.0,3192.7272999999996,5.3299,3198.0571999999997,3230.0555
1976,0.904,0.0077,0.9118,0.1641,0.991445492432551,0.008444834393507348,51.5454,4.9341,0.0,0.0,0.0,51.545399999999994,4.9341,56.479499999999994,56.4773
1977,1.7789,0.0069,1.7858,0.3215,0.9961361854630977,0.0038638145369022285,95.9089,4.4768,0.0,0.0,0.0,95.90889999999999,4.476800000000001,100.38569999999999,100.3851
1978,2.3446,0.0086,2.3531,0.4236,0.9963877438272916,0.00365475330415197,129.5454,5.4739,0.0,0.0,0.0,129.5454,5.4739,135.0193,136.518
1979,58.2235,0.0077,58.2312,10.4816,0.9998677684815013,0.00013223151849867424,3159.7028,4.9854,0.0,0.0,0.0,3159.7028,4.985400000000001,3164.6882,3209.6854
1980,7.0235,0.0089,7.0324,1.2658,0.9987344292133554,0.0012655707866446732,399.6364,5.367,0.0,0.0,0.0,399.6364,5.367,405.0034,407.5017
1981,56.326,0.0089,56.3349,10.1403,0.9998420162279511,0.00015798377204894303,2981.0345,5.4023,0.0,0.0,0.0,2981.0345000000007,5.4023,2986.436800000001,3003.4358
1982,12.0793,0.0079,12.0872,2.1757,0.9993464160434179,0.0006535839565821697,669.5457,5.1053,0.0,0.0,0.0,669.5456999999999,5.105300000000001,674.651,679.1554
1983,2.262,0.0068,2.2688,0.4084,0.997002820874471,0.0029971791255289136,125.8182,4.6692,0.0,0.0,0.0,125.81819999999999,4.6692,130.48739999999998,132.4856
1984,0.2807,0.009,0.2897,0.0521,0.9689333793579564,0.03106662064204349,15.5455,5.638,0.0,0.0,0.0,15.545500000000002,5.638,21.183500000000002,21.1834
1985,57.4541,0.0085,57.4625,10.3433,0.9998538177072003,0.00014792255819012402,3162.7313,5.2774,0.0,0.0,0.0,3162.7312999999995,5.277399999999999,3168.0086999999994,3193.5112
1986,30.3254,0.0091,30.3345,5.4602,0.9997000115380178,0.0002999884619822315,1651.7807,5.3016,0.0,0.0,0.0,1651.7807000000003,5.3016,1657.0823000000003,1664.0813
1987,0.1164,0.0081,0.1244,0.0224,0.9356913183279744,0.06511254019292605,6.3636,5.2758,0.0,0.0,0.0,6.363600000000002,5.2758,11.639400000000002,11.6403
1988,0.2643,0.0077,0.2719,0.049,0.9720485472600221,0.028319235012872382,14.6363,4.5907,0.0,0.0,0.0,14.636299999999999,4.5907,19.226999999999997,19.2298
1989,39.0436,0.0096,39.0532,7.0296,0.9997541814755257,0.00024581852447430684,2054.4806,5.7863,0.0,0.0,0.0,2054.4806,5.7863,2060.2669,2085.2633
1990,0.6196,0.0083,0.6279,0.113,0.9867813346074216,0.013218665392578436,34.5458,5.2351,0.0,0.0,0.0,34.5458,5.2351,39.7809,39.7782
1991,33.893,0.0099,33.9029,6.1025,0.9997079895820121,0.00029201041798784176,1820.1119,5.847,0.0,0.0,0.0,1820.1119,5.846999999999999,1825.9589,1830.4618
1992,1.3385,0.0082,1.3467,0.2424,0.993911041805896,0.006088958194104107,73.3636,5.3733,0.0,0.0,0.0,73.3636,5.3733,78.7369,78.7372
1993,2.8397,0.0089,2.8486,0.5127,0.9968756582180721,0.0031243417819279647,157.3636,5.2522,0.0,0.0,0.0,157.36360000000002,5.2522,162.6158,162.6118
1994,12.133,0.0087,12.1418,2.1855,0.9992752310201123,0.0007165329687525737,680.3636,5.1829,0.0,0.0,0.0,680.3636,5.1829,685.5465,691.0483
1995,39.338,0.0069,39.3449,7.0821,0.9998246278424904,0.0001753721575096137,2247.6572,4.3405,0.0,0.0,0.0,2247.6572,4.3405000000000005,2251.9977,2265.9995
1996,44.6162,0.0076,44.6238,8.0323,0.9998296872969132,0.00017031270308669365,2381.4464,4.9226,0.0,0.0,0.0,2381.4464000000007,4.9226,2386.3690000000006,2410.3659
1997,52.4931,0.0092,52.5023,9.4504,0.9998247695815231,0.00017523041847690484,2923.31,5.5721,0.0,0.0,0.0,2923.31,5.572100000000001,2928.8821,2970.3835
1998,2.4752,0.0069,2.4821,0.4468,0.9972200958865477,0.0027799041134523184,144.909,4.5004,0.0,0.0,0.0,144.909,4.500400000000001,149.4094,149.911
1999,47.6317,0.0086,47.6404,8.5753,0.9998173818859624,0.00018051905525562337,2613.1579,5.3442,0.0,0.0,0.0,2613.1578999999997,5.344200000000001,2618.5020999999997,2624.007
2000,0.2342,0.0074,0.2416,0.0435,0.9693708609271523,0.030629139072847682,12.8183,4.8511,0.0,0.0,0.0,12.8183,4.851099999999999,17.6694,17.674
2001,2.8632,0.0073,2.8704,0.5167,0.9974916387959866,0.002543199554069119,166.909,4.6905,0.0,0.0,0.0,166.909,4.6905,171.59949999999998,174.6009
2002,0.2433,0.0083,0.2516,0.0453,0.9670111287758346,0.03298887122416534,14.0,5.2008,0.0,0.0,0.0,13.999999999999996,5.200799999999999,19.200799999999994,19.2017
2003,4.814,0.0082,4.8222,0.868,0.9982995313342459,0.0017004686657542203,256.5453,5.2695,0.0,0.0,0.0,256.5453,5.2695,261.8148,262.8136
2004,0.4567,0.0094,0.4661,0.0839,0.9798326539369233,0.020167346063076592,25.9094,5.4816,0.0,0.0,0.0,25.909400000000005,5.4816,31.391000000000005,31.3926
2005,54.213,0.0076,54.2206,9.7597,0.9998598318720192,0.00014016812798087812,2994.1216,4.8992,0.0,0.0,0.0,2994.121600000001,4.8992,2999.0208000000007,3031.0195
2006,0.5472,0.0072,0.5543,0.0998,0.987191051777016,0.01298935594443442,29.3638,4.6658,0.0,0.0,0.0,29.363799999999998,4.6658,34.029599999999995,34.0271
2007,45.6045,0.0076,45.6121,8.2102,0.9998333775467475,0.00016662245325253607,2494.3277,4.6116,0.0,0.0,0.0,2494.3277,4.611599999999999,2498.9393,2517.4352
2008,0.4426,0.0067,0.4493,0.0809,0.9850879145337191,0.014912085466280882,25.091,4.3841,0.0,0.0,0.0,25.091000000000005,4.3841,29.475100000000005,29.476
2009,1.3522,0.0092,1.3615,0.2451,0.9931692985677563,0.006757253029746603,72.6364,5.6337,0.0,0.0,0.0,72.63640000000001,5.6337,78.27010000000001,78.269
2010,25.6673,0.0083,25.6756,4.6216,0.9996767358893269,0.0003232641106731683,1401.8079,5.057,0.0,0.0,0.0,1401.8079,5.0569999999999995,1406.8649,1414.3603
2011,0.6415,0.0081,0.6496,0.1169,0.9875307881773399,0.012469211822660099,37.2728,5.1546,0.0,0.0,0.0,37.2728,5.1545999999999985,42.42739999999999,42.4319
2012,0.4618,0.0074,0.4692,0.0845,0.9842284739982949,0.01577152600170503,25.8183,4.9212,0.0,0.0,0.0,25.818300000000004,4.9212,30.739500000000003,30.7393
2013,5.286,0.0077,5.2936,0.9529,0.9985643040652864,0.0014545866706966906,306.4547,5.0553,0.0,0.0,0.0,306.4547,5.055300000000001,311.51,312.5088
2014,9.3235,0.0078,9.3313,1.6796,0.9991641036082859,0.000835896391713909,527.5456,4.7484,0.0,0.0,0.0,527.5456,4.7484,532.294,536.2918
2015,11.6914,0.0088,11.7003,2.106,0.9992393357435279,0.0007521174670734939,662.9092,5.6509,0.0,0.0,0.0,662.9091999999999,5.6509,668.5600999999999,673.5629
2016,2.2098,0.0079,2.2176,0.3992,0.9964826839826839,0.003562409812409813,125.8183,4.8719,0.0,0.0,0.0,125.8183,4.8719,130.6902,130.6855
2017,11.3497,0.0089,11.3586,2.0446,0.9992164527318509,0.0007835472681492438,602.9092,5.3649,0.0,0.0,0.0,602.9092,5.3649000000000004,608.2741000000001,610.7739
2018,16.0403,0.0076,16.0479,2.8886,0.9995264177867509,0.0004735822132490856,867.0,4.5987,0.0,0.0,0.0,867.0,4.5987,871.5987,879.0981
2019,7.0683,0.008,7.0763,1.2737,0.9988694656812176,0.0011305343187824146,378.0909,4.8794,0.0,0.0,0.0,378.09090000000003,4.8793999999999995,382.9703,383.4746
2020,16.5201,0.0084,16.5286,2.9751,0.9994857398690753,0.0005082100117372311,913.6363,5.055,0.0,0.0,0.0,913.6362999999999,5.055,918.6912999999998,922.1935
2021,48.0197,0.0091,48.0287,8.6452,0.999812612042383,0.00018947004603497492,2605.6466,6.0363,0.0,0.0,0.0,2605.646600000001,6.036300000000001,2611.682900000001,2641.1835
2022,33.08,0.0064,33.0864,5.9556,0.9998065670486967,0.00019343295130325454,1750.1932,4.3005,0.0,0.0,0.0,1750.1932,4.3005,1754.4937,1764.496
2023,15.8723,0.0083,15.8806,2.8585,0.9994773497223026,0.0005226502776973163,854.1817,4.8938,0.0,0.0,0.0,854.1817,4.8938,859.0755,863.0711
2024,38.2522,0.0091,38.2613,6.887,0.9997621617665893,0.00023783823341078325,2110.2827,5.57,0.0,0.0,0.0,2110.2827,5.569999999999999,2115.8527000000004,2125.3549
2025,0.8329,0.0085,0.8414,0.1514,0.9898977893986213,0.010102210601378656,43.0,4.9561,0.0,0.0,0.0,43.0,4.9561,47.9561,47.9609
2026,0.8503,0.0078,0.8581,0.1545,0.990910150332129,0.009089849667870877,46.0908,5.0025,0.0,0.0,0.0,46.0908,5.0025,51.0933,51.0967
2027,0.5817,0.0069,0.5886,0.1059,0.9882772680937818,0.011722731906218144,33.2728,4.3613,0.0,0.0,0.0,33.2728,4.3613,37.6341,37.6321
2028,31.3353,0.0078,31.3431,5.6418,0.9997511413995425,0.00024885860045751695,1749.7116,5.1983,0.0,0.0,0.0,1749.7115999999999,5.198300000000001,1754.9098999999999,1780.9126
2029,0.3297,0.0071,0.3367,0.0606,0.9792099792099792,0.02108702108702109,18.1818,4.5562,0.0,0.0,0.0,18.181799999999996,4.5562,22.737999999999996,22.7394
2030,7.4269,0.0075,7.4345,1.3382,0.9989777389199005,0.0010088102764140158,419.6363,4.7102,0.0,0.0,0.0,419.63629999999995,4.7102,424.34649999999993,426.3493
2031,0.9072,0.0077,0.9148,0.1647,0.9916921731526017,0.008417140358548318,52.0911,4.6662,0.0,0.0,0.0,52.0911,4.6662,56.7573,56.7611
2032,27.0203,0.0081,27.0284,4.8651,0.9997003152239865,0.0002996847760133785,1443.6737,5.1586,0.0,0.0,0.0,1443.6736999999998,5.1586,1448.8322999999998,1454.8306
2033,1.6076,0.0089,1.6165,0.291,0.9944942777605938,0.0055057222394061245,93.2727,5.6059,0.0,0.0,0.0,93.27270000000001,5.6059,98.87860000000002,98.8766
2034,58.0658,0.007,58.0728,10.4531,0.9998794616412503,0.00012053835874970726,3187.8623,4.3705,0.0,0.0,0.0,3187.8623000000007,4.3705,3192.2328000000007,3206.235
2035,0.4113,0.0073,0.4186,0.0753,0.982560917343526,0.01743908265647396,22.3636,4.7721,0.0,0.0,0.0,22.363599999999998,4.772100000000001,27.1357,27.1406
2036,2.3199,0.0081,2.328,0.419,0.9965206185567012,0.0034793814432989693,126.0002,5.1166,0.0,0.0,0.0,126.0002,5.1166,131.1168,131.6208
2037,16.0051,0.0077,16.0128,2.8823,0.9995191346922462,0.000480865307753797,862.4546,4.6916,0.0,0.0,0.0,862.4546000000001,4.691599999999999,867.1462000000001,871.151
2038,7.1823,0.0082,7.1905,1.2943,0.9988596064251443,0.0011403935748557125,402.6363,5.0088,0.0,0.0,0.0,402.6363,5.0088,407.6451,411.6467
2039,0.6068,0.0088,0.6155,0.1108,0.9858651502843216,0.01429731925264013,32.5455,5.2238,0.0,0.0,0.0,32.5455,5.2238,37.769299999999994,37.7726
2040,6.0227,0.0076,6.0303,1.0855,0.9987396978591446,0.0012603021408553472,329.182,4.6643,0.0,0.0,0.0,329.182,4.6643,333.84630000000004,337.3422
2041,2.596,0.0082,2.6043,0.4688,0.9968129631762854,0.0031486387896939682,147.091,4.978,0.0,0.0,0.0,147.09099999999998,4.978000000000001,152.069,152.0652
2042,0.6257,0.007,0.6327,0.1139,0.9889363047257784,0.01106369527422159,34.8184,4.5939,0.0,0.0,0.0,34.8184,4.5939,39.412299999999995,39.4084
2043,33.4379,0.0075,33.4454,6.0202,0.9997757539153367,0.00022424608466336176,1763.384,4.6967,0.0,0.0,0.0,1763.384,4.696700000000001,1768.0807,1771.5855
2044,0.7302,0.0069,0.7371,0.1327,0.9906389906389906,0.009361009361009361,38.1819,4.2808,0.0,0.0,0.0,38.1819,4.280800000000001,42.4627,42.4645
2045,33.8491,0.0092,33.8583,6.0945,0.99972827932885,0.00027172067115005776,1797.5866,5.2897,0.0,0.0,0.0,1797.5865999999999,5.2897,1802.8763,1825.3796
2046,42.1976,0.0091,42.2067,7.5972,0.9997843944207911,0.00021560557920898818,2298.3706,5.7147,0.0,0.0,0.0,2298.3706,5.714700000000001,2304.0853,2319.0828
2047,57.3043,0.007,57.3113,10.316,0.9998778600380727,0.000122139961927229,3081.9302,4.5201,0.0,0.0,0.0,3081.9301999999993,4.5201,3086.4502999999995,3156.9509
2048,0.3608,0.0073,0.368,0.0662,0.9804347826086957,0.01983695652173913,19.7272,4.4829,0.0,0.0,0.0,19.727199999999996,4.482899999999999,24.210099999999997,24.2052
2049,5.0557,0.0081,5.0638,0.9115,0.9984004107587188,0.0015995892412812513,275.9088,5.0557,0.0,0.0,0.0,275.90880000000004,5.0557,280.96450000000004,282.466
2050,33.9345,0.0066,33.9411,6.1094,0.9998055454890973,0.0001944545109027109,1911.9784,4.4338,0.0,0.0,0.0,1911.9784000000002,4.4338,1916.4122000000002,1933.9096
2051,0.9338,0.0082,0.942,0.1696,0.9912951167728238,0.008704883227176222,50.3636,5.1622,0.0,0.0,0.0,50.363600000000005,5.1622,55.525800000000004,55.5265
2052,51.433,0.008,51.441,9.2594,0.9998444820279543,0.00015551797204564453,2888.2301,4.98,0.0,0.0,0.0,2888.2301,4.9799999999999995,2893.2101000000002,2938.211
2053,0.561,0.0082,0.5692,0.1025,0.9855938158819396,0.014406184118060435,30.7274,4.8886,0.0,0.0,0.0,30.7274,4.888599999999999,35.616,35.6143
2054,50.1454,0.0088,50.1542,9.0278,0.9998245411152007,0.00017545888479927904,2867.5841,5.383,0.0,0.0,0.0,2867.5841,5.383,2872.9671,2910.9651
2055,4.0822,0.0073,4.0895,0.7361,0.9982149407017973,0.0017850592982027141,232.0908,4.7534,0.0,0.0,0.0,232.09079999999997,4.753399999999999,236.84419999999997,238.8453
2056,2.4205,0.0076,2.428,0.437,0.9969110378912686,0.003130148270181219,126.4545,4.9402,0.0,0.0,0.0,126.4545,4.9402,131.3947,131.3925
2057,40.7745,0.0081,40.7826,7.3409,0.9998013858851569,0.00019861411484309484,2245.8521,4.7942,0.0,0.0,0.0,2245.8521,4.7942,2250.6463,2271.6428
2058,19.9049,0.0086,19.9135,3.5844,0.9995681321716424,0.00043186782835764686,1084.2727,5.4107,0.0,0.0,0.0,1084.2727,5.4107,1089.6834,1094.1786
2059,12.0186,0.0078,12.0263,2.1647,0.9993597365773346,0.000648578532050589,658.5456,4.8215,0.0,0.0,0.0,658.5455999999999,4.8214999999999995,663.3670999999999,669.8678
2060,2.062,0.0083,2.0703,0.3727,0.9959909191904553,0.00400908080954451,114.0001,4.7821,0.0,0.0,0.0,114.00009999999997,4.7821,118.78219999999997,118.7859
2061,0.6856,0.0077,0.6933,0.1248,0.9888936968123467,0.011106303187653252,37.8183,4.8027,0.0,0.0,0.0,37.8183,4.8027,42.621,42.6175
2062,0.424,0.0077,0.4316,0.0777,0.9823911028730306,0.01784059314179796,23.6363,5.1241,0.0,0.0,0.0,23.636300000000002,5.1241,28.760400000000004,28.7556
2063,48.133,0.0074,48.1404,8.6653,0.999846282955688,0.0001537170443120539,2603.7247,4.6846,0.0,0.0,0.0,2603.7247,4.6846,2608.4093000000003,2627.9073
2064,0.8192,0.0072,0.8265,0.1488,0.9911675741076831,0.008711433756805807,42.8182,4.5148,0.0,0.0,0.0,42.8182,4.5148,47.333,47.3369
2065,48.1536,0.0083,48.1619,8.6691,0.999827664606255,0.0001723353937448481,2696.5649,5.008,0.0,0.0,0.0,2696.5649,5.008,2701.5728999999997,2719.0729
2066,52.7737,0.0079,52.7816,9.5007,0.9998503266289768,0.0001496733710232354,2981.4785,4.9478,0.0,0.0,0.0,2981.4784999999997,4.9478,2986.4262999999996,3022.9232
2067,42.5638,0.0077,42.5715,7.6629,0.9998191278202554,0.00018087217974466487,2330.8903,4.603,0.0,0.0,0.0,2330.8903,4.603,2335.4933,2366.9963
2068,0.5404,0.0084,0.5488,0.0988,0.9846938775510204,0.015306122448979591,29.2727,5.1763,0.0,0.0,0.0,29.2727,5.1763,34.449,34.4483
2069,1.6113,0.0086,1.62,0.2916,0.9946296296296295,0.005308641975308641,87.9089,5.0473,0.0,0.0,0.0,87.90889999999999,5.0473,92.9562,92.961
2070,9.1065,0.0065,9.113,1.6403,0.9992867332382313,0.0007132667617689016,533.0003,4.1703,0.0,0.0,0.0,533.0003,4.1703,537.1706,540.6676
2071,0.335,0.0085,0.3434,0.0618,0.9755387303436227,0.024752475247524757,19.091,5.4416,0.0,0.0,0.0,19.091,5.4416,24.532600000000002,24.5337
2072,0.7339,0.0076,0.7416,0.1335,0.9896170442286947,0.010248112189859762,40.8184,4.7734,0.0,0.0,0.0,40.8184,4.7734000000000005,45.5918,45.5894
2073,2.7509,0.0076,2.7586,0.4965,0.9972087290654681,0.00275502066265497,149.818,5.0572,0.0,0.0,0.0,149.81800000000004,5.0572,154.87520000000004,155.3781
2074,0.5896,0.0091,0.5987,0.1078,0.9848004008685485,0.01519959913145148,32.6365,5.6417,0.0,0.0,0.0,32.636500000000005,5.641699999999999,38.278200000000005,38.2805
2075,7.2541,0.0088,7.2629,1.3073,0.9987883627752,0.001211637224800011,377.2728,5.6012,0.0,0.0,0.0,377.27279999999996,5.6011999999999995,382.87399999999997,385.3765
2076,6.5176,0.0075,6.525,1.1745,0.9988659003831417,0.0011494252873563218,351.8183,4.867,0.0,0.0,0.0,351.8183,4.867,356.68530000000004,363.6835
2077,9.699,0.0064,9.7054,1.747,0.9993405732890969,0.0006594267109032087,543.1817,4.2291,0.0,0.0,0.0,543.1817000000001,4.2291,547.4108000000001,551.4076
2078,0.4251,0.0077,0.4329,0.0779,0.9819819819819819,0.017787017787017786,24.8181,4.9854,0.0,0.0,0.0,24.818100000000005,4.985399999999999,29.803500000000003,29.7995
2079,7.2275,0.0085,7.2361,1.3025,0.9988115144898495,0.0011746659111952571,408.6363,5.131,0.0,0.0,0.0,408.63629999999995,5.130999999999999,413.7672999999999,420.7684
2080,0.2836,0.0075,0.2911,0.0524,0.9742356578495363,0.025764342150463755,15.9091,5.1116,0.0,0.0,0.0,15.9091,5.111599999999999,21.020699999999998,21.0181
2081,55.1461,0.0074,55.1535,9.9276,0.9998658290045055,0.00013417099549439292,2994.9206,4.9883,0.0,0.0,0.0,2994.9206,4.988300000000001,2999.9089,3057.9117
2082,0.1865,0.0067,0.1932,0.0348,0.9653209109730848,0.03467908902691511,9.9093,4.2515,0.0,0.0,0.0,9.9093,4.2515,14.1608,14.1597
2083,0.7541,0.0079,0.762,0.1372,0.9896325459317585,0.010367454068241471,44.1819,4.7139,0.0,0.0,0.0,44.1819,4.713900000000001,48.8958,48.8952
2084,2.1894,0.0098,2.1992,0.3959,0.9955438341214988,0.004456165878501273,124.8183,6.0314,0.0,0.0,0.0,124.81830000000002,6.0314000000000005,130.8497,130.8499
2085,2.1898,0.0073,2.1971,0.3955,0.9966774384415822,0.0033225615584179147,120.9998,4.5079,0.0,0.0,0.0,120.9998,4.5079,125.5077,126.0086
2086,17.2947,0.0069,17.3015,3.1143,0.9996069704938877,0.0003988093517903072,946.3634,4.5825,0.0,0.0,0.0,946.3634000000001,4.5825,950.9459,960.4501
2087,62.3212,0.0082,62.3295,11.2193,0.999866836730601,0.00013155889265917424,3301.6627,5.2448,0.0,0.0,0.0,3301.6627000000003,5.2448,3306.9075000000003,3342.9053
2088,21.6018,0.0075,21.6094,3.8897,0.9996483012022546,0.00034707118198561734,1285.2458,5.135,0.0,0.0,0.0,1285.2458000000001,5.135000000000001,1290.3808000000001,1292.8792
2089,21.9526,0.0082,21.9608,3.9529,0.9996266074095662,0.000373392590433864,1251.7906,5.219,0.0,0.0,0.0,1251.7906,5.219,1257.0096,1261.5086
2090,57.0986,0.0072,57.1058,10.279,0.9998739182359759,0.00012608176402396953,3092.1686,4.5423,0.0,0.0,0.0,3092.1686,4.5423,3096.7109,3120.7093
2091,0.3831,0.0076,0.3907,0.0703,0.9805477348349118,0.019452265165088304,22.0001,4.7636,0.0,0.0,0.0,22.000100000000003,4.7636,26.763700000000004,26.7601
2092,17.3156,0.0061,17.3217,3.1179,0.999647840569921,0.00035215943007903386,918.2728,4.0048,0.0,0.0,0.0,918.2728,4.0048,922.2776,926.2727
2093,0.6408,0.0082,0.649,0.1168,0.9873651771956857,0.01263482280431433,35.1818,5.106,0.0,0.0,0.0,35.1818,5.106,40.287800000000004,40.2894
2094,12.0642,0.0087,12.0729,2.1731,0.9992793777799865,0.0007206222200134184,653.1817,5.2438,0.0,0.0,0.0,653.1817,5.2438,658.4254999999999,660.9274
2095,10.7321,0.0085,10.7406,1.9333,0.9992086103197214,0.0007913896802785691,559.4544,5.2631,0.0,0.0,0.0,559.4544000000001,5.2631,564.7175000000001,568.2191
2096,3.7939,0.008,3.8019,0.6843,0.9978957889476314,0.0021042110523685526,214.9092,5.201,0.0,0.0,0.0,214.9092,5.201,220.1102,220.6102
2097,4.3303,0.0075,4.3378,0.7808,0.9982710129558764,0.0017289870441237493,245.0003,4.77,0.0,0.0,0.0,245.0003,4.7700000000000005,249.77030000000002,251.7665
2098,60.9579,0.0081,60.9659,10.9739,0.9998687791043847,0.00013286115681061052,3344.45,5.1356,0.0,0.0,0.0,3344.4500000000007,5.135600000000001,3349.585600000001,3381.5819
2099,27.3708,0.008,27.3788,4.9282,0.9997078031177408,0.00029219688225926634,1498.0947,5.335,0.0,0.0,0.0,1498.0946999999999,5.335,1503.4297,1512.4276
2100,6.1837,0.0079,6.1916,1.1145,0.9987240777828025,0.0012759222171974934,344.6365,5.2987,0.0,0.0,0.0,344.6365,5.298699999999999,349.9352,353.4343
2101,37.0811,0.008,37.0891,6.676,0.9997843032049847,0.00021569679501524705,2067.4953,4.9473,0.0,0.0,0.0,2067.4953,4.9473,2072.4426,2104.4418
2102,11.5492,0.0079,11.5571,2.0803,0.9993164375146014,0.0006835624853985862,647.7272,4.9803,0.0,0.0,0.0,647.7272,4.980300000000001,652.7075000000001,658.7062
2103,6.2836,0.0068,6.2904,1.1323,0.9989189876637415,0.0010810123362584255,349.9091,4.3895,0.0,0.0,0.0,349.9091000000001,4.3895,354.2986000000001,355.3013
2104,24.9966,0.0089,25.0055,4.501,0.9996440783027734,0.00035592169722661014,1378.273,5.7849,0.0,0.0,0.0,1378.2730000000001,5.7848999999999995,1384.0579000000002,1384.5562
2105,0.2015,0.0093,0.2108,0.0379,0.9558823529411766,0.044117647058823525,11.4544,5.3576,0.0,0.0,0.0,11.454399999999998,5.357600000000001,16.811999999999998,16.8078
2106,3.3725,0.0088,3.3812,0.6086,0.997426949012185,0.002602626286525494,193.182,5.3663,0.0,0.0,0.0,193.18200000000002,5.3663,198.5483,200.048
2107,6.9981,0.008,7.0061,1.2611,0.9988581379083941,0.0011418620916058863,383.5456,4.8611,0.0,0.0,0.0,383.54560000000004,4.8610999999999995,388.40670000000006,388.9111
2108,50.2726,0.0094,50.282,9.0508,0.9998130543733345,0.000186945626665606,2672.0777,5.8662,0.0,0.0,0.0,2672.0777,5.8662,2677.9438999999998,2697.9402
2109,0.5089,0.0077,0.5166,0.093,0.9850948509485096,0.014905149051490516,28.182,4.8837,0.0,0.0,0.0,28.182000000000002,4.883699999999999,33.0657,33.0615
2110,4.2128,0.0081,4.2209,0.7598,0.9980809779904758,0.0019190220095240348,245.6366,5.0959,0.0,0.0,0.0,245.63660000000004,5.095899999999999,250.73250000000004,254.2358
2111,39.2623,0.0068,39.269,7.0684,0.999829381955232,0.0001731645827497517,2176.4545,4.2066,0.0,0.0,0.0,2176.4545,4.2066,2180.6611,2191.6647
2112,0.8521,0.0073,0.8594,0.1547,0.9915057016523154,0.00849429834768443,47.0908,4.5127,0.0,0.0,0.0,47.0908,4.512700000000001,51.603500000000004,51.6013
2113,37.9893,0.0072,37.9965,6.8394,0.9998105088626584,0.00018949113734159726,2138.5465,4.4675,0.0,0.0,0.0,2138.5465,4.4675,2143.014,2161.518
2114,9.207,0.0081,9.2151,1.6587,0.999121007910929,0.0008789920890711983,538.3638,4.9827,0.0,0.0,0.0,538.3638000000001,4.9826999999999995,543.3465000000001,549.3505
2115,37.1149,0.0083,37.1232,6.6822,0.9997764201361952,0.00022357986380484442,1929.341,5.1816,0.0,0.0,0.0,1929.3410000000001,5.181600000000001,1934.5226,1939.522
2116,1.1237,0.0076,1.1313,0.2036,0.9932820648811101,0.0067179351188897726,64.818,4.6593,0.0,0.0,0.0,64.818,4.6593,69.4773,69.4793
2117,12.1955,0.0072,12.2028,2.1965,0.9994017766414265,0.0005900285180450389,704.2728,4.4069,0.0,0.0,0.0,704.2728,4.4069,708.6796999999999,709.6837
2118,5.2789,0.0068,5.2857,0.9514,0.9987135100365135,0.0012864899634863877,284.9091,3.975,0.0,0.0,0.0,284.90909999999997,3.975,288.8841,289.8809
2119,53.822,0.0063,53.8283,9.6891,0.9998829611932757,0.00011703880672434389,2866.8183,4.0183,0.0,0.0,0.0,2866.8183,4.0183,2870.8366,2901.3402
2120,3.2563,0.0076,3.264,0.5875,0.9976409313725491,0.0023284313725490196,174.2726,4.8841,0.0,0.0,0.0,174.2726,4.8841,179.1567,180.1517
2121,0.2777,0.0093,0.2869,0.0516,0.9679330777274312,0.03241547577553154,15.3636,5.8308,0.0,0.0,0.0,15.363600000000002,5.830800000000001,21.1944,21.1914
2122,4.758,0.0076,4.7656,0.8578,0.9984052375356723,0.0015947624643276818,269.3636,4.6954,0.0,0.0,0.0,269.3636,4.695399999999999,274.059,274.5567
2123,41.1956,0.0078,41.2033,7.4166,0.9998131217645189,0.00018930522555232225,2280.6313,4.5267,0.0,0.0,0.0,2280.6313,4.5267,2285.158,2308.6561
2124,0.3335,0.007,0.3405,0.0613,0.9794419970631424,0.020558002936857563,17.909,4.2883,0.0,0.0,0.0,17.909000000000006,4.2883,22.197300000000006,22.1978
2125,1.3764,0.0072,1.3836,0.2491,0.99479618386817,0.005203816131830009,79.8181,4.4525,0.0,0.0,0.0,79.81809999999999,4.4525,84.27059999999999,84.7739
2126,50.831,0.0085,50.8395,9.1511,0.9998328071676551,0.00016719283234492867,2708.9909,5.4212,0.0,0.0,0.0,2708.9909000000007,5.4212,2714.412100000001,2741.4129
2127,52.3823,0.0078,52.3901,9.4302,0.9998511169094925,0.00014888309050755774,2850.3037,4.8091,0.0,0.0,0.0,2850.3037,4.809099999999999,2855.1128,2865.6128
2128,12.7678,0.0074,12.7752,2.2995,0.9994207527083724,0.0005792472916275284,699.9091,4.5952,0.0,0.0,0.0,699.9090999999999,4.5952,704.5042999999998,707.0004
2129,5.4247,0.0083,5.433,0.9779,0.9984722989140438,0.0015277010859561938,305.9091,5.2798,0.0,0.0,0.0,305.9091,5.2798,311.18890000000005,311.6928
2130,10.6075,0.0083,10.6158,1.9108,0.9992181465362949,0.0007818534637050434,567.2728,4.7415,0.0,0.0,0.0,567.2728,4.741499999999999,572.0142999999999,581.5113
2131,2.9185,0.0078,2.9264,0.5267,0.9973004373974849,0.002665390924002187,164.9998,4.6854,0.0,0.0,0.0,164.99980000000005,4.6854,169.68520000000004,169.6827
2132,3.1109,0.0077,3.1186,0.5614,0.997530943372026,0.002469056627974091,176.5454,4.8397,0.0,0.0,0.0,176.54540000000003,4.839700000000001,181.38510000000002,181.3822
2133,0.6755,0.0081,0.6835,0.123,0.9882955376737381,0.01185076810534016,36.0,4.8711,0.0,0.0,0.0,35.99999999999999,4.8711,40.87109999999999,40.8753
2134,0.5303,0.0079,0.5382,0.0969,0.9853214418431809,0.014678558156819028,30.5454,5.2108,0.0,0.0,0.0,30.5454,5.210800000000001,35.7562,35.7596
2135,1.1874,0.0072,1.1946,0.215,0.9939728779507784,0.006027122049221496,66.4545,4.3353,0.0,0.0,0.0,66.4545,4.335300000000001,70.7898,70.7852
2136,0.6087,0.0085,0.6172,0.1111,0.9862281270252755,0.013771872974724564,32.8182,5.3183,0.0,0.0,0.0,32.8182,5.318300000000001,38.1365,38.141
2137,3.2591,0.0063,3.2654,0.5878,0.9980706804679366,0.001929319532063453,177.2726,4.2164,0.0,0.0,0.0,177.27259999999995,4.2164,181.48899999999995,181.4845
2138,3.5366,0.0071,3.5437,0.6379,0.9979964443942771,0.0020035556057228323,191.5455,4.5761,0.0,0.0,0.0,191.5455,4.576099999999999,196.1216,197.6237
2139,32.868,0.0072,32.8751,5.9175,0.9997840310751906,0.00021901074065173943,1765.6333,4.5177,0.0,0.0,0.0,1765.6333,4.5177000000000005,1770.151,1782.147
2140,38.2384,0.0073,38.2457,6.8842,0.9998091288693892,0.00019087113061076147,2154.9782,4.6445,0.0,0.0,0.0,2154.9781999999996,4.644500000000001,2159.6226999999994,2174.6214
2141,0.3743,0.008,0.3823,0.0688,0.9790740256343187,0.020925974365681405,21.0,5.041,0.0,0.0,0.0,21.0,5.041,26.041,26.0405
2142,44.1019,0.008,44.1099,7.9398,0.9998186348189408,0.0001813651810591273,2421.4033,5.0446,0.0,0.0,0.0,2421.4032999999995,5.0446,2426.4478999999997,2453.4451
2143,57.6186,0.0085,57.6271,10.3729,0.9998524999522794,0.00014750004772060368,3176.2364,5.1793,0.0,0.0,0.0,3176.2364,5.1793,3181.4156999999996,3234.9196
2144,0.5847,0.008,0.5927,0.1067,0.9865024464315842,0.013497553568415725,32.0,4.813,0.0,0.0,0.0,32.0,4.812999999999999,36.813,36.8131
2145,48.671,0.0071,48.6781,8.7621,0.999854143855245,0.0001458561447550336,2633.7359,4.5745,0.0,0.0,0.0,2633.7358999999997,4.5745,2638.3104,2651.814
2146,43.2966,0.0077,43.3044,7.7948,0.9998198797350846,0.00017781103074976216,2495.8261,4.5759,0.0,0.0,0.0,2495.8260999999998,4.5759,2500.4019999999996,2512.9066
2147,26.5514,0.0074,26.5588,4.7806,0.9997213729535973,0.0002786270464026989,1421.8089,4.5599,0.0,0.0,0.0,1421.8089000000002,4.5599,1426.3688000000002,1453.3685
2148,4.9203,0.0077,4.928,0.887,0.9984375000000001,0.0015625,269.818,5.2172,0.0,0.0,0.0,269.81800000000004,5.217199999999999,275.03520000000003,279.5318
2149,5.8914,0.0083,5.8997,1.0619,0.9985931488041765,0.0014068511958235165,330.6364,4.9882,0.0,0.0,0.0,330.6364,4.988200000000001,335.6246,337.1283
2150,43.8506,0.0078,43.8584,7.8945,0.9998221549349725,0.00017784506502745197,2335.7854,5.1164,0.0,0.0,0.0,2335.7854,5.1164,2340.9018,2361.4036
2151,55.3825,0.0075,55.3899,9.9702,0.9998664016363995,0.000135403746892484,3141.469,4.7141,0.0,0.0,0.0,3141.469,4.7141,3146.1831,3200.6869
2152,0.4657,0.0073,0.4731,0.0851,0.9843584865778905,0.015430141619108011,26.3638,4.8284,0.0,0.0,0.0,26.363799999999998,4.8284,31.1922,31.1874
2153,41.2636,0.0075,41.271,7.4288,0.9998206973419591,0.00018172566693319765,2193.6334,5.0747,0.0,0.0,0.0,2193.6334,5.0747,2198.7081000000003,2231.7081
2154,0.2999,0.0088,0.3088,0.0556,0.9711787564766838,0.02849740932642487,16.3636,5.1915,0.0,0.0,0.0,16.363599999999998,5.1915000000000004,21.5551,21.5535
2155,51.9387,0.0076,51.9463,9.3503,0.9998536950658661,0.00014630493413390365,2869.4466,4.6932,0.0,0.0,0.0,2869.4466000000007,4.6932,2874.139800000001,2884.1378
2156,4.5738,0.0094,4.5832,0.825,0.9979490312445454,0.0020509687554547042,250.3637,5.8383,0.0,0.0,0.0,250.3637,5.838299999999999,256.202,256.7031
2157,49.3407,0.0081,49.3488,8.8828,0.9998358622702072,0.0001641377297928217,2801.7298,5.1426,0.0,0.0,0.0,2801.7298,5.1426,2806.8724,2844.3737
2158,42.8648,0.0075,42.8723,7.717,0.9998250618697854,0.00017493813021461407,2468.1004,4.4413,0.0,0.0,0.0,2468.1004000000003,4.4413,2472.5417,2505.0375
2159,3.138,0.0081,3.1461,0.5663,0.9974253838085247,0.0025746161914751596,171.3637,4.9328,0.0,0.0,0.0,171.36370000000002,4.9328,176.29650000000004,178.2935
2160,20.6099,0.0075,20.6174,3.7111,0.9996362295924801,0.00036377040751986185,1115.6364,5.0148,0.0,0.0,0.0,1115.6363999999999,5.0148,1120.6511999999998,1139.1504
2161,51.5504,0.0072,51.5575,9.2804,0.9998622896765749,0.00013964990544537652,3006.2763,4.6222,0.0,0.0,0.0,3006.276300000001,4.6222,3010.8985000000007,3031.8983
2162,47.2835,0.0076,47.2911,8.5124,0.9998392932285355,0.00016070677146439816,2720.4871,4.5724,0.0,0.0,0.0,2720.4871000000003,4.5724,2725.0595000000003,2779.5592
2163,55.5656,0.008,55.5736,10.0033,0.9998560467560137,0.00014395324398635322,3212.3976,5.3307,0.0,0.0,0.0,3212.3976,5.330699999999999,3217.7282999999998,3258.2248
2164,0.5262,0.0076,0.5337,0.0961,0.9859471613265881,0.014240209855724191,29.909,4.6857,0.0,0.0,0.0,29.909,4.685700000000001,34.5947,34.5931
2165,10.5068,0.0088,10.5156,1.8928,0.9991631480847504,0.0008368519152497243,565.4544,5.4677,0.0,0.0,0.0,565.4544,5.467700000000001,570.9221,575.9222
2166,0.5694,0.0074,0.5768,0.1038,0.9871705963938975,0.012829403606102636,31.9091,4.7508,0.0,0.0,0.0,31.909099999999995,4.7508,36.65989999999999,36.6585
2167,1.0843,0.0068,1.091,0.1964,0.993858845096242,0.006232813932172319,61.4546,4.3564,0.0,0.0,0.0,61.454600000000006,4.3564,65.811,66.8119
2168,0.5693,0.0066,0.5759,0.1037,0.9885396770272618,0.011460322972738322,32.9091,4.4128,0.0,0.0,0.0,32.909099999999995,4.4128,37.32189999999999,37.3248
2169,0.6373,0.008,0.6453,0.1161,0.9876026654269332,0.012397334573066791,35.0909,4.9822,0.0,0.0,0.0,35.0909,4.982200000000001,40.0731,40.077
2170,27.1711,0.0072,27.1783,4.8921,0.9997350827682379,0.00026491723176210434,1469.0911,4.5078,0.0,0.0,0.0,1469.0911,4.5078,1473.5989000000002,1481.5985
2171,0.1914,0.0071,0.1985,0.0357,0.9642317380352644,0.035768261964735516,10.6364,4.6695,0.0,0.0,0.0,10.636400000000002,4.669499999999999,15.305900000000001,15.3082
2172,1.9367,0.0072,1.9439,0.3499,0.9962961057667576,0.0037038942332424506,104.1818,4.8504,0.0,0.0,0.0,104.18180000000001,4.8504000000000005,109.03220000000002,109.0364
2173,5.4343,0.0075,5.4418,0.9795,0.9986217795582345,0.0013782204417655923,301.9997,4.6977,0.0,0.0,0.0,301.9997,4.6977,306.6974,308.1992
2174,15.314,0.0076,15.3215,2.7579,0.999510491792579,0.0004960349835198903,820.4544,5.2063,0.0,0.0,0.0,820.4544000000001,5.2063,825.6607000000001,826.6616
2175,3.4909,0.0095,3.5005,0.6301,0.9972575346379088,0.002713898014569347,189.9094,5.9521,0.0,0.0,0.0,189.9094,5.952100000000001,195.8615,197.3623
2176,46.339,0.0071,46.3461,8.3423,0.999846804801267,0.000153195198733011,2530.9464,4.6216,0.0,0.0,0.0,2530.9464,4.6216,2535.5679999999998,2558.5666
2177,0.7102,0.0075,0.7176,0.1292,0.9896878483835007,0.010451505016722408,40.0,4.9271,0.0,0.0,0.0,40.00000000000001,4.927099999999999,44.92710000000001,44.9222
2178,47.3925,0.0072,47.3997,8.5319,0.9998481003044322,0.00015189969556769347,2727.3636,4.6724,0.0,0.0,0.0,2727.3635999999997,4.6724,2732.0359999999996,2761.0398
2179,26.5228,0.0082,26.531,4.7756,0.9996909275941352,0.0003090724058648374,1476.0898,5.1289,0.0,0.0,0.0,1476.0898,5.1289,1481.2187,1501.7218
2180,40.6553,0.0078,40.6631,7.3194,0.9998081798977451,0.0001918201022548699,2268.483,4.911,0.0,0.0,0.0,2268.4829999999997,4.9110000000000005,2273.394,2293.8974
2181,0.5187,0.008,0.5266,0.0948,0.9849981010254464,0.01519179642992784,29.6361,4.8738,0.0,0.0,0.0,29.636099999999995,4.873799999999999,34.509899999999995,34.5092
2182,1.3073,0.0088,1.3161,0.2369,0.993313577995593,0.00668642200440696,75.1819,5.1717,0.0,0.0,0.0,75.18190000000001,5.1717,80.35360000000001,81.351
2183,52.9984,0.0084,53.0068,9.5412,0.9998415297659923,0.0001584702340077122,2870.4551,5.1698,0.0,0.0,0.0,2870.4551,5.1698,2875.6249000000003,2899.6296
2184,11.9211,0.0089,11.9301,2.1474,0.9992456056529283,0.000746012187659785,624.0908,5.7867,0.0,0.0,0.0,624.0908000000001,5.7867,629.8775,635.3795
2185,9.5891,0.0075,9.5967,1.7274,0.9992080611043379,0.0007815186470349182,547.9092,4.6055,0.0,0.0,0.0,547.9091999999999,4.605499999999999,552.5147,558.5108
2186,0.4668,0.0085,0.4754,0.0856,0.9819099705511148,0.017879680269246953,26.2728,4.9803,0.0,0.0,0.0,26.272800000000007,4.9803,31.253100000000007,31.2495
2187,1.7914,0.0078,1.7992,0.3239,0.9956647398843932,0.004335260115606937,96.9091,5.0131,0.0,0.0,0.0,96.9091,5.0131000000000006,101.92219999999999,101.9193
2188,1.2524,0.0081,1.2605,0.2269,0.9935739785799286,0.0064260214200714,70.3636,5.1511,0.0,0.0,0.0,70.36359999999999,5.1511000000000005,75.51469999999999,76.0136
2189,3.6927,0.0067,3.6994,0.6659,0.998188895496567,0.0018111045034329893,192.3637,4.3223,0.0,0.0,0.0,192.3637,4.3223,196.686,197.6837
2190,12.4173,0.008,12.4254,2.2366,0.999348109517601,0.0006438424517520563,679.0909,4.9993,0.0,0.0,0.0,679.0909000000001,4.9993,684.0902000000001,686.0884
2191,54.1658,0.0073,54.1731,9.7512,0.9998652467737678,0.00013475322623220752,3048.3168,4.902,0.0,0.0,0.0,3048.3168,4.901999999999999,3053.2188,3088.714
2192,45.7727,0.0078,45.7804,8.2405,0.9998318057509327,0.00017037858996426418,2399.2136,4.8209,0.0,0.0,0.0,2399.2136,4.8209,2404.0345,2411.032
2193,0.6391,0.0071,0.6462,0.1163,0.9890126895697926,0.010987310430207366,35.0909,4.5072,0.0,0.0,0.0,35.090900000000005,4.5072,39.5981,39.6009
2194,41.7657,0.0081,41.7739,7.5193,0.9998037051843377,0.00019390097644701596,2264.9253,5.0814,0.0,0.0,0.0,2264.9253,5.0814,2270.0067,2283.5099
2195,39.3854,0.0078,39.3931,7.0908,0.9998045342966154,0.00019800421901297437,2085.3609,5.0816,0.0,0.0,0.0,2085.3609,5.081600000000001,2090.4425,2113.9431
2196,2.7523,0.0071,2.7594,0.4967,0.9974269768790317,0.0025730231209683267,147.2728,4.6967,0.0,0.0,0.0,147.27280000000002,4.696700000000001,151.9695,151.9685
2197,2.8108,0.0083,2.8191,0.5074,0.9970557979497002,0.002944202050299741,150.3636,4.8639,0.0,0.0,0.0,150.3636,4.863900000000001,155.2275,155.7321
2198,27.2462,0.0086,27.2548,4.9059,0.9996844592512145,0.00031554074878553505,1534.7381,5.5545,0.0,0.0,0.0,1534.7381000000003,5.5545,1540.2926000000002,1546.7972
2199,14.7749,0.0074,14.7823,2.6608,0.9994994013110274,0.0005005986889726228,806.3637,4.8652,0.0,0.0,0.0,806.3637000000001,4.8652,811.2289000000001,816.2253
2200,12.2354,0.008,12.2434,2.2038,0.9993465867324437,0.0006534132675563978,677.3638,4.8154,0.0,0.0,0.0,677.3638,4.8154,682.1791999999999,685.1753
2201,5.9588,0.0083,5.9671,1.0741,0.9986090395669588,0.0013909604330411757,349.1818,5.1254,0.0,0.0,0.0,349.18180000000007,5.1254,354.3072000000001,356.3036
2202,11.2258,0.0082,11.234,2.0221,0.9992700729927007,0.0007299270072992701,595.0909,5.1455,0.0,0.0,0.0,595.0909,5.1455,600.2364,605.2328
2203,18.3427,0.0085,18.3512,3.3032,0.9995368150311698,0.0004631849688303763,973.8183,5.1088,0.0,0.0,0.0,973.8183,5.1088,978.9271,982.926
2204,1.6889,0.0079,1.6968,0.3054,0.9953441772748703,0.004655822725129656,95.2728,5.0638,0.0,0.0,0.0,95.2728,5.0638,100.3366,100.8329
2205,45.065,0.0077,45.0728,8.1131,0.9998269466285653,0.00017083473846754585,2470.6949,4.8439,0.0,0.0,0.0,2470.6949,4.8439,2475.5388,2497.0364
2206,55.5945,0.0084,55.6029,10.0085,0.9998489287429253,0.00015107125707472093,3165.9958,5.3735,0.0,0.0,0.0,3165.9957999999997,5.373500000000001,3171.3693,3242.3718
2207,56.2121,0.0076,56.2197,10.1195,0.9998648160698118,0.00013518393018817246,3226.4283,5.28,0.0,0.0,0.0,3226.4283,5.279999999999999,3231.7083000000002,3293.2055
2208,10.2891,0.0075,10.2966,1.8534,0.9992716042188683,0.0007283957811316357,569.1817,4.7078,0.0,0.0,0.0,569.1817,4.7078,573.8895,582.3921
2209,5.2804,0.008,5.2883,0.9519,0.9985061361874328,0.0015127734810808768,272.5453,4.7726,0.0,0.0,0.0,272.54530000000005,4.7726,277.31790000000007,277.8173
2210,0.4617,0.0087,0.4705,0.0847,0.9812964930924549,0.01849096705632306,25.7273,5.5677,0.0,0.0,0.0,25.727299999999993,5.5677,31.294999999999995,31.2986
2211,0.6637,0.0072,0.6709,0.1208,0.9892681472648679,0.010731852735131912,36.091,4.6128,0.0,0.0,0.0,36.091,4.6128,40.7038,40.7073
2212,0.5753,0.0089,0.5842,0.1052,0.9847654912701129,0.015234508729887023,31.182,5.5225,0.0,0.0,0.0,31.181999999999995,5.5225,36.704499999999996,36.7083
2213,11.1842,0.0071,11.1913,2.0144,0.9993655786191059,0.0006344213808940875,606.8181,4.4035,0.0,0.0,0.0,606.8181,4.403499999999999,611.2216,615.2182
2214,55.4351,0.0092,55.4443,9.98,0.999834067703984,0.00016593229601600165,3184.2026,5.48,0.0,0.0,0.0,3184.2026,5.48,3189.6826,3222.6839
2215,54.2899,0.0085,54.2984,9.7737,0.9998434576341108,0.00015654236588923432,2956.4549,5.2993,0.0,0.0,0.0,2956.4548999999997,5.299300000000001,2961.7542,2977.2587
2216,0.525,0.008,0.5331,0.096,0.9848058525604952,0.015006565372350403,28.5457,5.2299,0.0,0.0,0.0,28.545699999999997,5.2299,33.7756,34.2743
2217,9.4303,0.0085,9.4388,1.699,0.9990994617959911,0.0009005382040089842,509.3636,5.6118,0.0,0.0,0.0,509.3636,5.6118,514.9754,517.974
2218,7.6308,0.0083,7.6391,1.375,0.99891348457279,0.0010865154272100116,428.9092,5.5353,0.0,0.0,0.0,428.9092,5.535299999999999,434.4445,438.4416
2219,42.7783,0.0075,42.7858,7.7014,0.9998247081975795,0.0001752918024204292,2260.3097,4.5162,0.0,0.0,0.0,2260.3097000000002,4.5162,2264.8259000000003,2281.8221
2220,49.9151,0.0099,49.9251,8.9865,0.999799699950526,0.00019829704897937113,2771.1932,5.9997,0.0,0.0,0.0,2771.193200000001,5.999699999999999,2777.192900000001,2811.1964
2221,0.2905,0.0076,0.2981,0.0537,0.9745051995974505,0.02549480040254948,16.0909,4.7805,0.0,0.0,0.0,16.0909,4.7805,20.8714,21.3708
2222,3.8856,0.0079,3.8936,0.7008,0.9979453462091638,0.002028970618450791,225.6364,5.2043,0.0,0.0,0.0,225.63639999999998,5.2043,230.84069999999997,234.8444
2223,5.588,0.0084,5.5964,1.0074,0.998499035093989,0.001500964906011007,298.182,5.0417,0.0,0.0,0.0,298.182,5.0417000000000005,303.2237,305.2232
2224,59.0394,0.0085,59.0479,10.6286,0.9998560490720246,0.00014395092797542337,3170.5645,5.1029,0.0,0.0,0.0,3170.5645000000004,5.1029,3175.6674000000003,3191.6666
2225,0.3332,0.0089,0.3421,0.0616,0.9739842151417714,0.026015784858228586,18.4545,5.1938,0.0,0.0,0.0,18.454500000000003,5.1938,23.648300000000003,23.6444
2226,14.3516,0.0094,14.361,2.585,0.9993454494812338,0.0006545505187661026,826.3636,5.7004,0.0,0.0,0.0,826.3636,5.7004,832.064,835.5639
2227,58.292,0.0071,58.2991,10.4938,0.9998782142434446,0.00012178575655541852,3258.8595,4.6223,0.0,0.0,0.0,3258.859500000001,4.6223,3263.481800000001,3308.9827
2228,40.0432,0.0075,40.0507,7.2091,0.999812737355402,0.00018726264459797206,2169.5895,4.6023,0.0,0.0,0.0,2169.5895000000005,4.6023000000000005,2174.1918000000005,2199.6893
2229,33.0165,0.0072,33.0237,5.9443,0.999781974763579,0.00021802523642111576,1854.5084,4.5773,0.0,0.0,0.0,1854.5084000000002,4.5773,1859.0857,1866.5876
2230,2.2864,0.0084,2.2948,0.4131,0.9963395502876068,0.003660449712393237,122.5457,5.2249,0.0,0.0,0.0,122.54570000000001,5.2249,127.77060000000002,127.7753
2231,54.717,0.0065,54.7235,9.8502,0.9998812210476303,0.0001187789523696401,3142.4975,4.2003,0.0,0.0,0.0,3142.4975000000004,4.2003,3146.6978000000004,3176.2024
2232,8.7542,0.0077,8.762,1.5772,0.9991097922848665,0.0008787947957087423,460.6363,4.6423,0.0,0.0,0.0,460.6363,4.6423000000000005,465.2786,467.2828
2233,29.53,0.0093,29.5393,5.3171,0.9996851651867174,0.00031483481328264376,1576.4519,5.8326,0.0,0.0,0.0,1576.4519,5.8326,1582.2845,1589.2821
2234,0.2981,0.007,0.3051,0.0549,0.9770567027204196,0.022943297279580468,16.818,4.7308,0.0,0.0,0.0,16.818,4.7307999999999995,21.5488,21.55
2235,2.1958,0.0102,2.206,0.3971,0.9953762466001814,0.004623753399818677,125.0,5.7804,0.0,0.0,0.0,125.0,5.7804,130.7804,131.2782
2236,56.8576,0.0084,56.866,10.2359,0.9998522843175184,0.00014771568248162347,3126.586,5.2029,0.0,0.0,0.0,3126.5859999999993,5.2029000000000005,3131.7888999999996,3193.2892
2237,9.8192,0.0083,9.8275,1.769,0.9991554311879929,0.0008445688120071229,548.909,5.0166,0.0,0.0,0.0,548.909,5.0166,553.9256,554.9257
2238,0.3219,0.0075,0.3294,0.0593,0.9772313296903461,0.022768670309653915,17.3636,4.8798,0.0,0.0,0.0,17.3636,4.8797999999999995,22.2434,22.2444
2239,1.491,0.0074,1.4985,0.2697,0.9949949949949951,0.004938271604938272,78.2728,4.6479,0.0,0.0,0.0,78.27279999999999,4.6479,82.92069999999998,83.4164
2240,55.7797,0.0078,55.7875,10.0418,0.9998601837329151,0.00013981626708492044,3079.535,4.7163,0.0,0.0,0.0,3079.5350000000003,4.7162999999999995,3084.2513000000004,3136.2464
2241,46.3325,0.0085,46.341,8.3414,0.9998165771131396,0.00018342288686044755,2554.8331,5.132,0.0,0.0,0.0,2554.8331000000003,5.132,2559.9651000000003,2575.4604
2242,15.4596,0.0075,15.4671,2.7841,0.9995150997924627,0.0004849002075372888,860.5457,4.5823,0.0,0.0,0.0,860.5456999999999,4.5823,865.1279999999999,870.6283
2243,0.459,0.0068,0.4659,0.0839,0.9851899549259499,0.0145954067396437,26.0909,4.3197,0.0,0.0,0.0,26.090899999999994,4.3197,30.410599999999995,30.4117
2244,9.2717,0.0086,9.2803,1.6704,0.9990733058198549,0.0009266941801450384,512.2727,5.602,0.0,0.0,0.0,512.2727,5.602,517.8747,520.3743
2245,3.7686,0.0079,3.7764,0.6798,0.997934540832539,0.0020919394131977548,204.1816,4.7898,0.0,0.0,0.0,204.1816,4.7898,208.97140000000002,213.9693
2246,19.8949,0.0081,19.903,3.5825,0.9995930261769583,0.0004069738230417525,1068.0,5.0158,0.0,0.0,0.0,1068.0,5.0158000000000005,1073.0158,1078.5181
2247,23.7737,0.0084,23.7822,4.2808,0.999642589836096,0.00035320533844640105,1295.6569,5.1873,0.0,0.0,0.0,1295.6569,5.1873,1300.8442,1310.8485
2248,45.4577,0.0084,45.4661,8.1839,0.9998152469642219,0.00018475303577830516,2411.7316,5.0314,0.0,0.0,0.0,2411.7316,5.0314,2416.763,2429.7679
2249,48.7571,0.0083,48.7654,8.7778,0.9998297973563224,0.0001702026436776895,2584.1119,4.9362,0.0,0.0,0.0,2584.1119,4.9362,2589.0481,2603.0519
2250,21.7638,0.0094,21.7731,3.9192,0.9995728674373424,0.00043172538591197397,1156.7273,5.9171,0.0,0.0,0.0,1156.7273,5.9171,1162.6444,1181.1416
2251,0.4594,0.0081,0.4675,0.0842,0.9826737967914437,0.017326203208556146,26.1818,4.7966,0.0,0.0,0.0,26.181799999999996,4.7966,30.978399999999993,30.9803
2252,54.4726,0.0075,54.4801,9.8064,0.9998623350544511,0.0001376649455489252,3131.8147,4.5847,0.0,0.0,0.0,3131.8147,4.5847,3136.3994,3184.9032
2253,0.9295,0.0075,0.9371,0.1687,0.9918898730124853,0.008003414790310533,50.6364,4.8508,0.0,0.0,0.0,50.63640000000001,4.8508,55.48720000000001,55.4881
2254,0.563,0.0091,0.5721,0.103,0.9840936899143504,0.015906310085649362,31.1818,5.6587,0.0,0.0,0.0,31.181800000000003,5.6587000000000005,36.840500000000006,36.8378
2255,3.7288,0.0084,3.7372,0.6727,0.9977523279460558,0.002247672053944129,211.6364,5.6582,0.0,0.0,0.0,211.6364,5.6582,217.2946,218.2898
2256,18.0424,0.0086,18.0509,3.2492,0.9995291093518884,0.00047643053808951356,1039.5455,5.4733,0.0,0.0,0.0,1039.5455,5.4733,1045.0188,1051.0166
2257,0.926,0.0087,0.9347,0.1682,0.990692200706109,0.009307799293891087,49.6364,5.4719,0.0,0.0,0.0,49.63640000000001,5.4719,55.10830000000001,55.1087
2258,6.5699,0.0081,6.578,1.184,0.9987686226816661,0.00123137731833384,380.182,4.8906,0.0,0.0,0.0,380.182,4.8906,385.0726,386.0768
2259,3.6941,0.0087,3.7028,0.6665,0.9976504267041159,0.002349573295884196,214.3636,5.3451,0.0,0.0,0.0,214.36360000000002,5.3450999999999995,219.70870000000002,222.7079
2260,1.3431,0.0075,1.3505,0.2431,0.9945205479452054,0.0055534987041836355,74.727,4.8114,0.0,0.0,0.0,74.72699999999999,4.8114,79.5384,79.5414
2261,49.7414,0.0074,49.7488,8.9548,0.9998512526935323,0.0001487473064676937,2780.4286,4.743,0.0,0.0,0.0,2780.4286,4.743,2785.1716,2828.6734
2262,10.23,0.0087,10.2387,1.843,0.9991502827507399,0.00084971724926016,604.182,5.6216,0.0,0.0,0.0,604.182,5.6216,609.8036,620.3048
2263,0.5131,0.0071,0.5201,0.0936,0.9865410497981157,0.01365122091905403,27.3636,4.4455,0.0,0.0,0.0,27.3636,4.4455,31.8091,31.8124
2264,0.5991,0.0077,0.6068,0.1092,0.9873104812129202,0.012689518787079763,31.1816,4.9556,0.0,0.0,0.0,31.181599999999996,4.9556000000000004,36.13719999999999,36.1414
2265,7.4949,0.0076,7.5025,1.3504,0.9989870043318894,0.0010129956681106298,402.2727,4.6729,0.0,0.0,0.0,402.2727,4.6729,406.9456,410.4498
2266,15.7993,0.0069,15.8061,2.8451,0.9995697863483085,0.00043654032303983904,872.9089,4.2131,0.0,0.0,0.0,872.9088999999999,4.2131,877.122,881.6183
2267,53.6056,0.0075,53.613,9.6503,0.9998619737750173,0.00013989144423927032,3084.9252,4.6009,0.0,0.0,0.0,3084.9252000000006,4.6009,3089.5261000000005,3134.5268
2268,5.1732,0.0079,5.181,0.9326,0.9984944991314417,0.001524802161744837,281.0003,4.8904,0.0,0.0,0.0,281.0003,4.8904,285.8907,292.8912
2269,43.7565,0.0083,43.7649,7.8777,0.9998080653674521,0.00018964969644623888,2538.5937,5.3067,0.0,0.0,0.0,2538.5937,5.306699999999999,2543.9004,2562.9029
2270,2.5077,0.0081,2.5158,0.4528,0.9967803481993799,0.0032196518006200807,131.8182,4.8158,0.0,0.0,0.0,131.81820000000002,4.8158,136.63400000000001,137.1343
2271,0.2522,0.0086,0.2608,0.0469,0.9670245398773006,0.03297546012269939,13.7273,5.1711,0.0,0.0,0.0,13.727300000000003,5.1711,18.898400000000002,18.8994
2272,1.3753,0.0078,1.3831,0.249,0.9943604945412479,0.005639505458752078,73.3636,4.9105,0.0,0.0,0.0,73.3636,4.9105,78.2741,78.2751
2273,1.0627,0.0087,1.0714,0.1929,0.9918797834608923,0.00812021653910771,60.7271,5.561,0.0,0.0,0.0,60.7271,5.561,66.2881,66.2905
2274,3.6701,0.007,3.6771,0.6619,0.9980963259090044,0.0019036740909956218,204.0,4.3969,0.0,0.0,0.0,204.0,4.3969,208.3969,210.3927
2275,49.3865,0.009,49.3955,8.8912,0.9998177971677582,0.0001822028322418034,2881.0869,5.4401,0.0,0.0,0.0,2881.0869000000002,5.440100000000001,2886.527,2922.5287
2276,11.4096,0.0075,11.4171,2.0551,0.999343090627217,0.0006569093727829308,658.5454,4.7033,0.0,0.0,0.0,658.5454,4.7033,663.2487,668.7464
2277,44.421,0.0065,44.4275,7.997,0.9998536942209216,0.00014630577907827358,2470.6787,3.9326,0.0,0.0,0.0,2470.6787,3.9326000000000003,2474.6113,2492.6112
2278,31.137,0.0072,31.1442,5.606,0.9997688173078775,0.00023118269212244974,1698.9823,4.6372,0.0,0.0,0.0,1698.9823,4.6372,1703.6194999999998,1712.1166
2279,11.1299,0.0082,11.1381,2.0049,0.9992637882583205,0.0007362117416794606,585.8181,5.5214,0.0,0.0,0.0,585.8181,5.521400000000001,591.3394999999999,597.8388
2280,30.2625,0.0081,30.2705,5.4487,0.9997357162914389,0.00026758725491815463,1638.6818,4.9275,0.0,0.0,0.0,1638.6817999999998,4.927499999999999,1643.6092999999998,1660.111
2281,0.2946,0.0094,0.3041,0.0547,0.968760276224926,0.030910884577441636,15.9092,5.5417,0.0,0.0,0.0,15.909200000000002,5.541699999999999,21.4509,21.4524
2282,3.1826,0.0074,3.19,0.5742,0.997680250783699,0.0023197492163009406,172.9092,4.484,0.0,0.0,0.0,172.90919999999997,4.484,177.39319999999998,178.3884
2283,14.0445,0.0078,14.0522,2.5294,0.9994520430964546,0.0005550732269680193,775.5452,4.8932,0.0,0.0,0.0,775.5451999999998,4.8932,780.4383999999998,793.9339
2284,47.2938,0.0072,47.3011,8.5142,0.9998456695510253,0.0001522163332353793,2588.1961,5.0938,0.0,0.0,0.0,2588.196099999999,5.0938,2593.2898999999993,2629.2916
2285,40.2618,0.0083,40.27,7.2486,0.9997963744723118,0.00020610876583064314,2286.9056,5.3691,0.0,0.0,0.0,2286.9056000000005,5.3690999999999995,2292.2747000000004,2334.7763
2286,60.3134,0.0076,60.321,10.8578,0.9998740073937766,0.00012599260622337164,3250.4095,4.6603,0.0,0.0,0.0,3250.4094999999993,4.6603,3255.0697999999993,3263.5652
2287,34.4071,0.0075,34.4147,6.1946,0.9997791641362557,0.0002179301286950053,1807.293,4.8174,0.0,0.0,0.0,1807.2930000000001,4.8174,1812.1104,1838.6105
2288,28.6351,0.0086,28.6437,5.1559,0.9996997594584499,0.0003002405415501489,1514.7982,5.2465,0.0,0.0,0.0,1514.7981999999997,5.246499999999999,1520.0446999999997,1528.5422
2289,29.4568,0.007,29.4638,5.3035,0.9997624203259594,0.00023757967404068722,1570.2596,4.684,0.0,0.0,0.0,1570.2595999999999,4.684,1574.9435999999998,1586.9448
2290,33.9702,0.0077,33.9779,6.116,0.9997733821101363,0.00022661788986370554,1825.4014,4.6783,0.0,0.0,0.0,1825.4014000000002,4.6783,1830.0797000000002,1858.0826
2291,36.6661,0.0079,36.674,6.6013,0.9997845885368382,0.0002154114631619131,2043.03,5.244,0.0,0.0,0.0,2043.0299999999997,5.244,2048.274,2067.2782
2292,22.0483,0.008,22.0563,3.9701,0.9996372918395198,0.0003627081604802256,1190.9092,4.7914,0.0,0.0,0.0,1190.9092,4.7914,1195.7006000000001,1210.6992
2293,4.1891,0.0079,4.1971,0.7555,0.9980939219937576,0.0018822520311643756,242.9092,5.0626,0.0,0.0,0.0,242.9092,5.062600000000001,247.9718,249.468
2294,52.5211,0.0081,52.5292,9.4552,0.9998458000502577,0.0001541999497422386,2843.6157,5.034,0.0,0.0,0.0,2843.6157000000003,5.034,2848.6497000000004,2877.6459
2295,0.5413,0.0089,0.5503,0.099,0.9836452843903325,0.016172996547337816,29.727,5.2471,0.0,0.0,0.0,29.726999999999997,5.2471,34.97409999999999,34.9721
2296,0.4245,0.0075,0.432,0.0778,0.9826388888888888,0.017361111111111112,22.7272,4.6481,0.0,0.0,0.0,22.727199999999993,4.6480999999999995,27.375299999999992,27.3751
2297,45.8045,0.0084,45.8128,8.2463,0.9998188279258198,0.0001833548702546013,2435.9023,5.4871,0.0,0.0,0.0,2435.9022999999997,5.4871,2441.3893999999996,2448.39
2298,21.0,0.0088,21.0088,3.7816,0.999581127908305,0.0004188720916949088,1179.7399,5.339,0.0,0.0,0.0,1179.7398999999998,5.339,1185.0788999999997,1200.0791
2299,1.3302,0.0088,1.3389,0.241,0.9935021286130407,0.0065725595638210475,70.0908,5.2781,0.0,0.0,0.0,70.09080000000002,5.278100000000001,75.36890000000001,75.3692
2300,0.5948,0.008,0.6028,0.1085,0.986728599867286,0.013271400132714002,32.6364,4.6182,0.0,0.0,0.0,32.6364,4.618200000000001,37.2546,37.2514
2301,0.7455,0.0075,0.753,0.1355,0.9900398406374503,0.0099601593625498,39.909,4.8218,0.0,0.0,0.0,39.909000000000006,4.8218000000000005,44.73080000000001,44.728
2302,0.7147,0.0072,0.722,0.13,0.9898891966759004,0.009972299168975069,37.8182,4.7234,0.0,0.0,0.0,37.8182,4.7234,42.541599999999995,42.5381
2303,54.2501,0.008,54.2581,9.7665,0.9998525565768062,0.0001474434231939563,3029.8277,5.2219,0.0,0.0,0.0,3029.8276999999994,5.2219,3035.0495999999994,3071.5462
2304,0.1952,0.0077,0.2029,0.0365,0.9620502710694925,0.03794972893050764,10.6366,4.8311,0.0,0.0,0.0,10.636600000000001,4.8311,15.4677,15.469
2305,0.4142,0.0073,0.4215,0.0759,0.9826809015421115,0.017319098457888493,23.5452,4.5474,0.0,0.0,0.0,23.545199999999998,4.5474000000000006,28.092599999999997,28.0909
2306,4.0077,0.0091,4.0168,0.723,0.9977345150368452,0.0022654849631547503,222.7272,5.3058,0.0,0.0,0.0,222.72719999999998,5.3058,228.033,232.0296
2307,15.0241,0.0077,15.0318,2.7057,0.9994877526310888,0.0005122473689112415,821.091,4.7787,0.0,0.0,0.0,821.091,4.7787,825.8697,834.3737
2308,18.9856,0.0065,18.9921,3.4186,0.9996577524339068,0.00034224756609327036,1012.273,4.0858,0.0,0.0,0.0,1012.2729999999997,4.0858,1016.3587999999996,1022.3588
2309,0.7396,0.008,0.7477,0.1346,0.9891667781195667,0.010699478400427979,40.2727,5.1229,0.0,0.0,0.0,40.27269999999999,5.1229,45.395599999999995,45.3934
2310,0.5395,0.008,0.5475,0.0986,0.9853881278538813,0.014611872146118723,28.8182,4.9788,0.0,0.0,0.0,28.818200000000004,4.978800000000001,33.797000000000004,33.7999
2311,52.4669,0.0094,52.4762,9.4457,0.999822776801674,0.00017912882411455098,2831.7522,5.9149,0.0,0.0,0.0,2831.752200000001,5.914899999999999,2837.667100000001,2857.6705
2312,59.1507,0.0081,59.1588,10.6486,0.9998630803870261,0.000136919612973894,3118.3105,4.8585,0.0,0.0,0.0,3118.3104999999996,4.8585,3123.1689999999994,3184.1708
2313,0.4521,0.0081,0.4602,0.0828,0.9823989569752282,0.017601043024771838,26.2727,4.8605,0.0,0.0,0.0,26.272699999999993,4.8605,31.133199999999995,31.1352
2314,4.4275,0.0068,4.4343,0.7982,0.998466499785761,0.0015335002142390004,238.9092,4.5821,0.0,0.0,0.0,238.90920000000003,4.5821,243.49130000000002,244.4961
2315,54.1367,0.0081,54.1448,9.7461,0.9998504011465552,0.0001495988534448368,2857.1782,5.0828,0.0,0.0,0.0,2857.1782,5.0828,2862.261,2914.2639
2316,1.1624,0.0078,1.1702,0.2106,0.9933344727397028,0.006665527260297385,64.5457,5.1137,0.0,0.0,0.0,64.5457,5.1137,69.65939999999999,70.1582
2317,27.1895,0.0076,27.1972,4.8955,0.9997168826202697,0.0002794405306428603,1516.6592,5.0885,0.0,0.0,0.0,1516.6591999999998,5.0885,1521.7477,1542.7441
2318,2.6649,0.008,2.6728,0.4811,0.9970442981143369,0.0029931158335827594,146.6364,5.1711,0.0,0.0,0.0,146.63639999999998,5.171100000000001,151.80749999999998,153.306
2319,2.7687,0.0076,2.7763,0.4997,0.9972625436732342,0.0027374563267658393,156.909,4.6752,0.0,0.0,0.0,156.909,4.6752,161.58419999999998,161.5884
2320,0.9769,0.0084,0.9853,0.1774,0.9914746777631178,0.008525322236882169,53.1816,5.0419,0.0,0.0,0.0,53.1816,5.041899999999999,58.2235,58.2251
2321,47.9438,0.0067,47.9505,8.6311,0.9998602725727574,0.00013972742724267735,2625.8439,4.1074,0.0,0.0,0.0,2625.8439,4.1074,2629.9512999999997,2654.9501
2322,0.5646,0.0087,0.5733,0.1032,0.9848246991104134,0.015175300889586602,30.0909,5.4468,0.0,0.0,0.0,30.09090000000001,5.4468,35.53770000000001,35.5329
2323,6.5192,0.0082,6.5274,1.1749,0.9987437570855163,0.0012562429144835617,353.6365,4.9892,0.0,0.0,0.0,353.63649999999996,4.9892,358.62569999999994,359.1278
2324,3.1658,0.0082,3.174,0.5713,0.997416509136736,0.0025834908632640205,176.1818,5.1627,0.0,0.0,0.0,176.1818,5.1627,181.3445,181.8466
2325,0.656,0.0067,0.6627,0.1193,0.9898898445752227,0.010110155424777426,36.3637,4.4442,0.0,0.0,0.0,36.3637,4.4442,40.807900000000004,40.8077
2326,0.6282,0.0081,0.6363,0.1145,0.9872701555869873,0.012729844413012729,34.6364,5.0462,0.0,0.0,0.0,34.6364,5.046200000000001,39.6826,39.6844
2327,0.4533,0.0084,0.4617,0.0831,0.98180636777128,0.018193632228719947,25.1818,5.3505,0.0,0.0,0.0,25.181800000000003,5.3505,30.532300000000003,30.5279
2328,53.8123,0.0079,53.8202,9.6876,0.9998532149638983,0.00014678503610168674,3053.6426,4.9531,0.0,0.0,0.0,3053.6425999999997,4.953099999999999,3058.5957,3100.5977
2329,20.346,0.006,20.352,3.6634,0.9997051886792453,0.00029481132075471697,1167.3633,4.1878,0.0,0.0,0.0,1167.3633,4.1878,1171.5511,1184.047
2330,34.1092,0.0067,34.1159,6.1409,0.9998036106331651,0.00019638936683481894,1937.8742,4.3805,0.0,0.0,0.0,1937.8742000000002,4.3805000000000005,1942.2547000000002,1997.7541
2331,4.9565,0.0078,4.9643,0.8936,0.9984287814999094,0.0015712185000906472,281.4545,4.8109,0.0,0.0,0.0,281.4545,4.8109,286.2654,286.2692
2332,2.9231,0.0069,2.9301,0.5274,0.997611003037439,0.002354868434524419,157.0,4.4597,0.0,0.0,0.0,156.99999999999994,4.4597,161.45969999999994,162.9591
2333,3.2895,0.0082,3.2977,0.5936,0.9975134184431573,0.0024865815568426482,180.8183,4.7618,0.0,0.0,0.0,180.8183,4.761800000000001,185.5801,186.5807
2334,46.8883,0.0081,46.8963,8.4413,0.9998294108490436,0.00017272151534342795,2692.7581,4.9288,0.0,0.0,0.0,2692.7581,4.9288,2697.6869,2754.6887
2335,0.8937,0.0071,0.9008,0.1621,0.9921181172291297,0.007881882770870338,47.1815,4.8394,0.0,0.0,0.0,47.1815,4.8393999999999995,52.0209,52.0246
2336,26.6052,0.0072,26.6125,4.7902,0.9997256928135274,0.0002705495537811179,1431.4854,4.1675,0.0,0.0,0.0,1431.4853999999998,4.1674999999999995,1435.6528999999998,1450.6479
2337,31.8576,0.008,31.8655,5.7358,0.9997520829737491,0.00025105521645666946,1708.5094,5.1498,0.0,0.0,0.0,1708.5094000000001,5.149800000000001,1713.6592,1723.661
2338,39.1261,0.0073,39.1334,7.044,0.9998134585801387,0.00018654141986129496,2199.3353,5.1173,0.0,0.0,0.0,2199.3352999999997,5.1173,2204.4525999999996,2240.9483
2339,46.9283,0.0077,46.936,8.4485,0.9998359468212034,0.00016405317879665928,2623.8889,4.8287,0.0,0.0,0.0,2623.8889,4.8286999999999995,2628.7176,2657.217
2340,0.8649,0.0072,0.8721,0.157,0.9917440660474717,0.008255933952528379,48.3636,4.909,0.0,0.0,0.0,48.36359999999999,4.909,53.27259999999999,53.7715
2341,4.5664,0.0076,4.5741,0.8233,0.9983166087317724,0.0016615290439649332,245.9089,4.8888,0.0,0.0,0.0,245.90890000000005,4.8888,250.79770000000005,252.7944
2342,0.791,0.0072,0.7982,0.1437,0.9909797043347532,0.009020295665246805,42.3636,4.4947,0.0,0.0,0.0,42.363600000000005,4.4947,46.85830000000001,46.8618
2343,51.0589,0.007,51.0659,9.1919,0.9998629222240282,0.0001370777759718325,2963.4958,4.3778,0.0,0.0,0.0,2963.4957999999997,4.3778,2967.8736,3041.3774
2344,0.2687,0.0084,0.277,0.0499,0.9700361010830324,0.030324909747292413,14.7274,5.2941,0.0,0.0,0.0,14.727400000000003,5.2941,20.021500000000003,20.0172
2345,52.3673,0.0082,52.3755,9.4276,0.9998434382487995,0.00015656175120046587,2890.9401,5.101,0.0,0.0,0.0,2890.9401000000003,5.101,2896.0411000000004,2929.0431
2346,1.4303,0.0085,1.4388,0.259,0.9940922991381705,0.0059077008618293025,77.9092,4.8798,0.0,0.0,0.0,77.90919999999997,4.8798,82.78899999999997,82.7845
2347,3.6035,0.0082,3.6116,0.6501,0.9977572267139218,0.002270461845165578,192.6366,4.9848,0.0,0.0,0.0,192.6366,4.9848,197.6214,199.6215
2348,11.2106,0.0066,11.2173,2.0191,0.999402708316618,0.0005883768821374128,606.3636,4.36,0.0,0.0,0.0,606.3636,4.36,610.7236,612.22
2349,0.3217,0.0088,0.3305,0.0595,0.9733736762481089,0.026626323751891074,17.8181,5.4065,0.0,0.0,0.0,17.818099999999998,5.4065,23.2246,23.2217
2350,0.971,0.0091,0.98,0.1764,0.9908163265306122,0.009285714285714286,53.1818,5.4962,0.0,0.0,0.0,53.18180000000001,5.4962,58.67800000000001,58.6751
2351,56.5243,0.0092,56.5335,10.176,0.9998372646307057,0.00016273536929431223,3093.6481,5.9974,0.0,0.0,0.0,3093.6481000000003,5.9974,3099.6455000000005,3110.6426
2352,0.3167,0.0071,0.3239,0.0583,0.9777709169496757,0.021920345785736338,16.8183,4.5012,0.0,0.0,0.0,16.8183,4.501200000000001,21.3195,21.3225
2353,1.0786,0.0089,1.0875,0.1957,0.9918160919540231,0.008183908045977012,59.8182,5.6135,0.0,0.0,0.0,59.818200000000004,5.613499999999999,65.4317,65.9343
2354,0.2413,0.0073,0.2486,0.0447,0.9706355591311343,0.029364440868865648,13.3636,4.3423,0.0,0.0,0.0,13.363599999999998,4.3423,17.7059,17.7045
2355,6.6469,0.0078,6.6547,1.1979,0.9988278960734518,0.0011721039265481538,355.1819,4.6677,0.0,0.0,0.0,355.1819,4.6677,359.8496,362.3511
2356,0.2722,0.0073,0.2796,0.0503,0.9735336194563662,0.026108726752503576,15.2727,4.4631,0.0,0.0,0.0,15.2727,4.463100000000001,19.7358,19.7385
2357,1.0496,0.0064,1.056,0.1901,0.993939393939394,0.006060606060606061,56.3636,4.357,0.0,0.0,0.0,56.36359999999999,4.357,60.72059999999999,60.7196
2358,5.9316,0.009,5.9405,1.0693,0.9985018096119855,0.001515023987879808,342.6364,5.6096,0.0,0.0,0.0,342.63640000000004,5.6096,348.24600000000004,352.7487
2359,12.0375,0.008,12.0455,2.1682,0.9993358515628242,0.0006641484371757088,632.4546,5.2301,0.0,0.0,0.0,632.4546000000001,5.2301,637.6847000000001,642.1895
2360,12.67,0.0085,12.6784,2.2821,0.9993374558303887,0.0006704316002019183,664.5455,4.8908,0.0,0.0,0.0,664.5454999999998,4.8908000000000005,669.4362999999998,674.4392
2361,0.4388,0.0073,0.4461,0.0803,0.9836359560636629,0.016364043936337145,23.1819,4.6967,0.0,0.0,0.0,23.181899999999995,4.6967,27.878599999999995,27.8804
2362,43.7315,0.0093,43.7408,7.8733,0.999787383861292,0.00021261613870802545,2382.7271,5.678,0.0,0.0,0.0,2382.7271,5.678,2388.4051,2409.9019
2363,54.1395,0.0085,54.148,9.7466,0.9998430228263278,0.0001569771736721578,2933.7918,5.3636,0.0,0.0,0.0,2933.7918,5.363600000000001,2939.1554,2981.1547
2364,12.2713,0.0085,12.2799,2.2104,0.9992996685640763,0.0006921880471339344,646.0909,5.4414,0.0,0.0,0.0,646.0909000000001,5.4414,651.5323000000002,656.0352
2365,0.2492,0.0067,0.2559,0.0461,0.9738178976162563,0.02618210238374365,13.7272,4.4668,0.0,0.0,0.0,13.727200000000003,4.4668,18.194000000000003,18.19
2366,0.5939,0.0088,0.6028,0.1085,0.9852355673523556,0.014598540145985403,32.818,5.3838,0.0,0.0,0.0,32.818,5.383800000000001,38.2018,38.2055
2367,37.9886,0.0078,37.9964,6.8393,0.9997947173942794,0.00020528260572054194,2102.4049,4.6732,0.0,0.0,0.0,2102.4049,4.6732,2107.0781,2134.5784
2368,0.3258,0.0077,0.3334,0.06,0.9772045590881824,0.02309538092381524,18.273,4.7701,0.0,0.0,0.0,18.273,4.7701,23.0431,23.0426
2369,50.6673,0.0073,50.6746,9.1214,0.9998559436088297,0.00014405639117032992,2846.8683,4.5591,0.0,0.0,0.0,2846.8682999999996,4.5591,2851.4273999999996,2871.4256
2370,0.4033,0.008,0.4114,0.074,0.9803111327175499,0.019445794846864366,23.2724,5.3016,0.0,0.0,0.0,23.272400000000005,5.3016,28.574000000000005,28.5722
2371,43.2229,0.0086,43.2315,7.7817,0.9998010709783377,0.00019892902166244523,2289.3221,5.3755,0.0,0.0,0.0,2289.3220999999994,5.375500000000001,2294.6975999999995,2304.7012
2372,11.7039,0.0067,11.7106,2.1079,0.9994278687684663,0.0005721312315338242,658.091,4.4815,0.0,0.0,0.0,658.091,4.4815000000000005,662.5725,670.0743
2373,3.2854,0.0084,3.2937,0.5929,0.9974800376476304,0.0025503233445669004,179.7273,5.3001,0.0,0.0,0.0,179.72729999999999,5.3001,185.02739999999997,189.0247
2374,1.6373,0.0072,1.6445,0.296,0.995621769534813,0.0043782304651869865,87.8183,4.5686,0.0,0.0,0.0,87.8183,4.568599999999999,92.3869,92.8916
2375,24.8656,0.0071,24.8727,4.4771,0.9997145464706285,0.00028545352937156,1324.091,4.3771,0.0,0.0,0.0,1324.0910000000001,4.3771,1328.4681,1341.4666
2376,0.4431,0.0082,0.4513,0.0812,0.9818302681143364,0.01816973188566364,25.3637,5.3629,0.0,0.0,0.0,25.363699999999994,5.362899999999999,30.726599999999994,30.7282
2377,0.3039,0.0087,0.3126,0.0563,0.972168905950096,0.02783109404990403,16.9091,5.3515,0.0,0.0,0.0,16.909100000000006,5.3515,22.260600000000004,22.2638
2378,2.3095,0.0079,2.3174,0.4171,0.9965910071632,0.003408992836799862,125.3636,4.7414,0.0,0.0,0.0,125.36359999999999,4.7414,130.105,131.1052
2379,10.5497,0.0086,10.5583,1.9005,0.9991854749344118,0.0008145250655882103,595.4547,5.4753,0.0,0.0,0.0,595.4547,5.475300000000001,600.93,605.9327
2380,49.6241,0.0071,49.6312,8.9336,0.9998569448250294,0.00014305517497058303,2703.9979,4.7381,0.0,0.0,0.0,2703.9979000000003,4.7381,2708.7360000000003,2731.7323
2381,0.6153,0.0071,0.6225,0.112,0.9884337349397588,0.011405622489959839,33.6363,4.6404,0.0,0.0,0.0,33.6363,4.6404,38.2767,38.2774
2382,1.4811,0.0062,1.4873,0.2677,0.9958313722853493,0.004168627714650709,79.3638,4.269,0.0,0.0,0.0,79.3638,4.269,83.6328,83.6357
2383,7.3997,0.0077,7.4074,1.3333,0.998960498960499,0.0010395010395010396,399.909,4.6138,0.0,0.0,0.0,399.9089999999999,4.6137999999999995,404.5227999999999,405.0231
2384,24.6387,0.0083,24.647,4.4365,0.999663245019678,0.00033675498032214874,1344.4689,5.2767,0.0,0.0,0.0,1344.4689000000003,5.276700000000001,1349.7456000000002,1369.2421
2385,51.8466,0.0079,51.8545,9.3338,0.9998476506378424,0.00015234936215757552,2888.5733,4.6247,0.0,0.0,0.0,2888.573299999999,4.624699999999999,2893.197999999999,2895.6964
2386,53.4778,0.0088,53.4865,9.6276,0.9998373421330616,0.00016452749759285056,2976.372,5.4785,0.0,0.0,0.0,2976.3720000000003,5.4784999999999995,2981.8505000000005,3011.8501
2387,7.5867,0.0086,7.5953,1.3672,0.9988677208273539,0.0011322791726462418,420.4545,5.1789,0.0,0.0,0.0,420.4545,5.1789000000000005,425.6334,429.136
2388,54.1475,0.0073,54.1548,9.7479,0.9998652012379328,0.00013479876206725903,2892.8735,4.4059,0.0,0.0,0.0,2892.8734999999997,4.405899999999999,2897.2794,2912.7797
2389,0.578,0.0081,0.5861,0.1055,0.9861798327930388,0.01382016720696127,29.7274,5.1203,0.0,0.0,0.0,29.7274,5.120299999999999,34.847699999999996,34.8515
2390,18.2553,0.0094,18.2648,3.2877,0.9994798738557223,0.0005146511322324909,1015.3208,5.8988,0.0,0.0,0.0,1015.3208,5.8988,1021.2196,1028.7197
2391,0.3947,0.0075,0.4022,0.0724,0.9813525609149677,0.01864743908503232,22.2726,4.7249,0.0,0.0,0.0,22.272599999999997,4.7249,26.997499999999995,27.0023
2392,8.1008,0.0075,8.1083,1.4595,0.9990750218911485,0.0009249781088514239,445.5454,4.7763,0.0,0.0,0.0,445.5454000000001,4.7763,450.3217000000001,457.8173
2393,9.8699,0.0072,9.8771,1.7779,0.9992710410950582,0.0007289589049417339,515.2728,4.6816,0.0,0.0,0.0,515.2728,4.6816,519.9544,522.9523
2394,9.7189,0.0074,9.7264,1.7508,0.9992289027800625,0.0007608159236716566,544.182,4.5014,0.0,0.0,0.0,544.1819999999999,4.5014,548.6833999999999,550.1798
2395,0.6446,0.0083,0.6529,0.1175,0.9872874865982538,0.012712513401746055,33.9091,5.1498,0.0,0.0,0.0,33.9091,5.149800000000001,39.0589,39.0578
2396,52.8934,0.0072,52.9006,9.5221,0.9998638956836029,0.0001361043163971675,2925.3047,4.5835,0.0,0.0,0.0,2925.3046999999997,4.5835,2929.8882,2980.8874
2397,1.1124,0.0061,1.1185,0.2013,0.9945462673223067,0.005453732677693339,60.1818,3.9051,0.0,0.0,0.0,60.181799999999996,3.9051,64.0869,64.0892
2398,3.7328,0.009,3.7418,0.6735,0.997594740499225,0.002405259500775028,207.9092,5.5337,0.0,0.0,0.0,207.90919999999997,5.5337,213.44289999999998,217.4392
2399,52.3252,0.0072,52.3324,9.4198,0.9998624179284726,0.0001375820715273903,2858.9832,4.7234,0.0,0.0,0.0,2858.9832000000006,4.7234,2863.7066000000004,2921.2073
2400,56.6978,0.0084,56.7062,10.2071,0.9998518680497017,0.0001481319502982037,2976.2496,5.2608,0.0,0.0,0.0,2976.2496000000006,5.2608,2981.5104000000006,3008.5143
2401,46.2577,0.009,46.2667,8.328,0.99980547564447,0.0001945243555300032,2530.6848,5.5373,0.0,0.0,0.0,2530.6848000000005,5.537300000000001,2536.2221000000004,2566.2219
2402,0.6794,0.0074,0.6868,0.1236,0.9892253931275481,0.010774606872451952,37.4544,4.6094,0.0,0.0,0.0,37.45440000000001,4.6094,42.06380000000001,42.0598
2403,48.7445,0.0077,48.7523,8.7754,0.9998400075483619,0.00015794126636076657,2699.1172,4.8715,0.0,0.0,0.0,2699.1172000000006,4.871499999999999,2703.988700000001,2749.4856
2404,3.6497,0.0072,3.6569,0.6582,0.9980311192540131,0.0019688807459870383,200.1819,4.5636,0.0,0.0,0.0,200.18189999999998,4.563599999999999,204.7455,205.7468
2405,0.3758,0.0085,0.3843,0.0692,0.9778818631277649,0.022118136872235235,20.818,4.9344,0.0,0.0,0.0,20.817999999999998,4.934399999999999,25.752399999999998,25.7572
2406,1.4053,0.0083,1.4136,0.2545,0.9941284663271082,0.005871533672891907,74.6366,5.3507,0.0,0.0,0.0,74.6366,5.3507,79.9873,79.9835
2407,0.8947,0.0083,0.903,0.1625,0.9908084163898118,0.00919158361018826,50.0908,5.3018,0.0,0.0,0.0,50.090799999999994,5.301799999999999,55.392599999999995,55.3949
2408,0.438,0.0068,0.4447,0.0801,0.9849336631436925,0.015291207555655498,25.0001,4.4331,0.0,0.0,0.0,25.000099999999993,4.4331,29.433199999999992,29.4287
2409,0.7872,0.0085,0.7957,0.1432,0.9893175820032676,0.010682417996732438,41.909,5.3625,0.0,0.0,0.0,41.90899999999999,5.3625,47.27149999999999,47.2727
2410,51.6978,0.0089,51.7068,9.3072,0.999825941655643,0.00017212436275306148,2821.0719,5.7159,0.0,0.0,0.0,2821.0719,5.7159,2826.7878,2848.2905
2411,1.439,0.0085,1.4475,0.2605,0.9941278065630398,0.0058721934369602765,82.5451,5.3268,0.0,0.0,0.0,82.54510000000002,5.3268,87.87190000000002,88.3739
2412,50.5444,0.0077,50.552,9.0994,0.9998496597562906,0.0001523184048108878,2764.411,4.9041,0.0,0.0,0.0,2764.4110000000005,4.9041,2769.3151000000007,2783.8145
2413,10.9488,0.0082,10.957,1.9723,0.9992516199689696,0.0007483800310303916,585.6363,5.3821,0.0,0.0,0.0,585.6363,5.3821,591.0184,594.5193
2414,1.562,0.0084,1.5704,0.2827,0.9946510443199185,0.0053489556800815075,83.8183,5.4957,0.0,0.0,0.0,83.81830000000001,5.4957,89.31400000000001,89.315
2415,0.6407,0.006,0.6468,0.1164,0.9905689548546691,0.00927643784786642,37.0,3.721,0.0,0.0,0.0,37.00000000000001,3.721,40.721000000000004,40.7216
2416,42.7207,0.0078,42.7285,7.6911,0.9998174520519092,0.0001825479480908527,2504.5614,4.7874,0.0,0.0,0.0,2504.5613999999996,4.7874,2509.3487999999998,2572.352
2417,1.4879,0.0084,1.4963,0.2693,0.9943861525095236,0.005613847490476508,82.5456,5.0708,0.0,0.0,0.0,82.54560000000001,5.0708,87.61640000000001,88.1119
2418,9.3794,0.0082,9.3876,1.6898,0.999126507307512,0.0008734926924879628,515.4545,5.1558,0.0,0.0,0.0,515.4545,5.1558,520.6103,525.6069
2419,0.4384,0.0081,0.4464,0.0804,0.9820788530465949,0.01814516129032258,23.909,4.9374,0.0,0.0,0.0,23.908999999999992,4.937399999999999,28.846399999999992,28.8469
2420,43.6169,0.0092,43.6261,7.8527,0.9997891170652431,0.00021088293475694594,2387.9243,5.5304,0.0,0.0,0.0,2387.9243,5.5304,2393.4547000000002,2432.9564
2421,1.0487,0.0082,1.057,0.1903,0.992147587511826,0.007757805108798487,57.5456,5.0876,0.0,0.0,0.0,57.54559999999999,5.087600000000001,62.633199999999995,62.6341
2422,5.5964,0.0091,5.6055,1.009,0.9983765944161983,0.0016234055838016234,306.2726,5.5443,0.0,0.0,0.0,306.2726,5.5443,311.81690000000003,313.3176
2423,19.8139,0.0091,19.823,3.5681,0.9995409372950613,0.00045906270493870755,1086.71,5.5806,0.0,0.0,0.0,1086.71,5.5806000000000004,1092.2906,1096.2918
2424,23.1894,0.0075,23.1969,4.1754,0.9996766809358146,0.0003233190641853006,1288.9088,4.8963,0.0,0.0,0.0,1288.9088,4.8963,1293.8051,1302.8069
2425,57.3956,0.0086,57.4043,10.3328,0.9998484434092917,0.00014981456093010454,3135.8051,5.1213,0.0,0.0,0.0,3135.8051000000005,5.1213,3140.9264000000003,3169.925
2426,1.8187,0.0069,1.8257,0.3286,0.9961658541929123,0.003779372295557868,100.3636,4.555,0.0,0.0,0.0,100.3636,4.555000000000001,104.91860000000001,104.9173
2427,49.6253,0.0072,49.6325,8.9338,0.9998549337631593,0.00014506623684077972,2781.7147,4.7379,0.0,0.0,0.0,2781.7146999999995,4.7379,2786.4525999999996,2843.4497
2428,38.6559,0.0066,38.6625,6.9593,0.9998292919495636,0.00017070805043646945,2079.8021,4.2813,0.0,0.0,0.0,2079.8021,4.2813,2084.0834,2098.0838
2429,0.4014,0.0082,0.4096,0.0737,0.9799804687499999,0.02001953125,21.7272,4.9962,0.0,0.0,0.0,21.727199999999993,4.996200000000001,26.723399999999994,26.7198
2430,0.6075,0.0081,0.6156,0.1108,0.9868421052631579,0.013157894736842105,31.9092,5.3111,0.0,0.0,0.0,31.909200000000002,5.3111,37.2203,37.2248
2431,54.7981,0.0085,54.8066,9.8652,0.999844909189769,0.00015509081023088462,3076.9135,5.2291,0.0,0.0,0.0,3076.9135000000006,5.2291,3082.1426000000006,3107.1449
2432,0.3332,0.0082,0.3414,0.0615,0.9759812536613943,0.024018746338605745,18.4544,5.0998,0.0,0.0,0.0,18.454400000000003,5.0998,23.5542,23.5514
2433,0.8493,0.0074,0.8566,0.1542,0.99147793602615,0.008638804576231613,46.9091,4.749,0.0,0.0,0.0,46.909099999999995,4.749,51.6581,51.6582
2434,32.5518,0.0091,32.5609,5.861,0.9997205236955982,0.0002794763044019054,1752.8021,5.3376,0.0,0.0,0.0,1752.8020999999999,5.3376,1758.1397,1769.1349
2435,1.192,0.0073,1.1993,0.2159,0.9939131159843241,0.00608688401567581,65.1817,4.5849,0.0,0.0,0.0,65.1817,4.584899999999999,69.76660000000001,70.7618
2436,50.5068,0.0085,50.5154,9.0928,0.9998297548866286,0.00016826551902984042,2896.8076,5.4599,0.0,0.0,0.0,2896.8076000000005,5.459900000000001,2902.2675000000004,2941.769
2437,42.0295,0.0084,42.038,7.5668,0.999797801988677,0.00019981921118987584,2320.6139,5.4927,0.0,0.0,0.0,2320.6139,5.492700000000001,2326.1065999999996,2366.1092
2438,54.4429,0.0088,54.4517,9.8013,0.9998383888840936,0.00016161111590639042,3041.7912,5.4434,0.0,0.0,0.0,3041.7912,5.4434000000000005,3047.2346000000002,3103.7361
2439,36.5639,0.0077,36.5715,6.5829,0.9997921879058829,0.00021054646377643795,2117.6243,4.7128,0.0,0.0,0.0,2117.6243,4.7128,2122.3370999999997,2134.8382
2440,14.9868,0.0085,14.9953,2.6992,0.9994331557221263,0.0005668442778737338,847.5455,5.1144,0.0,0.0,0.0,847.5455,5.1144,852.6599,863.6623
2441,40.1821,0.008,40.1901,7.2342,0.9998009460041154,0.00019905399588455864,2114.2795,5.0,0.0,0.0,0.0,2114.2794999999996,5.0,2119.2794999999996,2133.2746
2442,12.5202,0.0072,12.5274,2.2549,0.9994252598304517,0.00057474016954835,717.2728,4.6586,0.0,0.0,0.0,717.2728,4.658600000000001,721.9313999999999,725.931
2443,46.0585,0.0086,46.0671,8.2921,0.9998133157937009,0.00018668420629907242,2559.9042,5.6453,0.0,0.0,0.0,2559.9042,5.6453,2565.5495,2610.5476
2444,0.949,0.0073,0.9563,0.1721,0.9923664122137403,0.007633587786259542,51.0911,4.4078,0.0,0.0,0.0,51.0911,4.4078,55.4989,55.4943
2445,12.7505,0.0087,12.7592,2.2967,0.9993181390682802,0.000681860931719857,693.7273,5.2501,0.0,0.0,0.0,693.7273,5.250100000000001,698.9774,700.9788
2446,0.6372,0.0063,0.6435,0.1158,0.9902097902097903,0.009790209790209791,34.9092,4.1178,0.0,0.0,0.0,34.9092,4.117800000000001,39.027,39.025
2447,0.6948,0.0071,0.7018,0.1263,0.9900256483328583,0.01011684240524366,37.1819,4.3406,0.0,0.0,0.0,37.181900000000006,4.3406,41.52250000000001,41.5271
2448,9.7591,0.008,9.7671,1.7581,0.9991809237132825,0.0008190762867176542,538.6367,4.9998,0.0,0.0,0.0,538.6366999999999,4.9998000000000005,543.6365,548.6328
2449,1.9765,0.0102,1.9867,0.3576,0.9948658579554034,0.005134142044596568,105.1817,6.239,0.0,0.0,0.0,105.18169999999999,6.239,111.4207,116.4206
2450,3.7919,0.0096,3.8015,0.6843,0.9974746810469552,0.0025253189530448504,211.0908,5.7894,0.0,0.0,0.0,211.0908,5.7894,216.8802,217.8761
2451,19.8818,0.0075,19.8893,3.5801,0.9996229128224724,0.00037708717752761535,1181.6425,4.833,0.0,0.0,0.0,1181.6425,4.833,1186.4755,1200.9734
2452,43.9732,0.0068,43.98,7.9164,0.9998453842655753,0.0001546157344247385,2518.4403,4.65,0.0,0.0,0.0,2518.4403,4.6499999999999995,2523.0903000000003,2529.5911
2453,0.2581,0.0075,0.2656,0.0478,0.971762048192771,0.028237951807228913,13.7275,4.5062,0.0,0.0,0.0,13.727500000000003,4.5062,18.233700000000002,18.2326
2454,0.8524,0.0072,0.8596,0.1547,0.9916240111679852,0.00837598883201489,48.4546,4.3676,0.0,0.0,0.0,48.454600000000006,4.3676,52.82220000000001,52.8244
2455,23.381,0.0069,23.3879,4.2098,0.9997049756498019,0.00029502435019817944,1231.2762,4.3169,0.0,0.0,0.0,1231.2762,4.3168999999999995,1235.5931,1241.5949
2456,51.6476,0.0078,51.6554,9.298,0.9998489993301765,0.00015100066982348407,2946.1913,5.1022,0.0,0.0,0.0,2946.1912999999995,5.1022,2951.2934999999993,3000.2931
2457,23.6706,0.0074,23.678,4.262,0.9996874736041895,0.000312526395810457,1311.1818,4.7111,0.0,0.0,0.0,1311.1818,4.7111,1315.8929,1332.3888
2458,17.0442,0.0083,17.0525,3.0695,0.9995132678492891,0.0004867321507110395,960.9093,5.189,0.0,0.0,0.0,960.9092999999998,5.189,966.0982999999998,967.5953
2459,0.5331,0.009,0.5421,0.0976,0.9833978970669618,0.016602102933038182,29.9093,5.3778,0.0,0.0,0.0,29.909299999999998,5.3778,35.287099999999995,35.2825
2460,41.9549,0.0078,41.9627,7.5533,0.9998141206357075,0.00018587936429257412,2298.0039,4.6991,0.0,0.0,0.0,2298.0038999999997,4.6991000000000005,2302.7029999999995,2312.7072
2461,0.3978,0.0072,0.405,0.0729,0.9822222222222221,0.017777777777777778,21.8182,4.396,0.0,0.0,0.0,21.818199999999997,4.395999999999999,26.214199999999998,26.2094
2462,48.3771,0.0074,48.3845,8.7092,0.9998470584588038,0.0001529415411960442,2581.9365,4.8481,0.0,0.0,0.0,2581.9365000000003,4.848099999999999,2586.7846000000004,2657.2857
2463,0.7078,0.0072,0.715,0.1287,0.9899300699300699,0.01006993006993007,38.2728,4.4224,0.0,0.0,0.0,38.272800000000004,4.4224,42.6952,42.6979
2464,9.152,0.0077,9.1597,1.6487,0.9991593611144468,0.0008406388855530202,491.909,4.8509,0.0,0.0,0.0,491.90900000000005,4.8509,496.7599000000001,498.7576
2465,3.8509,0.0064,3.8573,0.6943,0.9983408083374382,0.0016591916625618957,216.4544,4.0532,0.0,0.0,0.0,216.45440000000002,4.0532,220.50760000000002,222.011
2466,0.7697,0.0065,0.7762,0.1397,0.9916258696212317,0.008374130378768357,41.5456,4.2107,0.0,0.0,0.0,41.54559999999999,4.2107,45.756299999999996,45.759
2467,46.9915,0.0077,46.9992,8.4599,0.9998361674241264,0.0001638325758736319,2542.305,4.9368,0.0,0.0,0.0,2542.305,4.9368,2547.2418,2585.2392
2468,0.2775,0.0085,0.2861,0.0515,0.9699405802167075,0.029709891646277527,14.7273,5.3052,0.0,0.0,0.0,14.727300000000003,5.3052,20.032500000000002,20.029
2469,6.2539,0.008,6.2619,1.1271,0.9987224324885419,0.0012775675114581836,368.2728,4.7756,0.0,0.0,0.0,368.27279999999996,4.7756,373.04839999999996,375.5491
2470,3.6616,0.0072,3.6688,0.6604,0.9980375054513737,0.0019624945486262538,211.8181,4.5786,0.0,0.0,0.0,211.81810000000002,4.578599999999999,216.3967,219.3947
2471,4.8802,0.0087,4.8889,0.88,0.998220458589867,0.001779541410133159,277.3638,5.3979,0.0,0.0,0.0,277.36379999999997,5.3979,282.76169999999996,287.257
2472,51.2655,0.0076,51.2731,9.2292,0.999851774127174,0.0001482258728261018,2779.7814,4.4919,0.0,0.0,0.0,2779.7814000000003,4.4919,2784.2733000000003,2808.2689
2473,0.651,0.0096,0.6606,0.1189,0.9854677565849229,0.014532243415077202,36.3637,5.893,0.0,0.0,0.0,36.363699999999994,5.893,42.256699999999995,42.2552
2474,0.3169,0.007,0.3239,0.0583,0.9783883914788515,0.0216116085211485,17.909,4.4207,0.0,0.0,0.0,17.909000000000002,4.4207,22.329700000000003,22.3267
2475,48.3832,0.0084,48.3916,8.7105,0.99982641615487,0.00017358384513014655,2570.401,5.0298,0.0,0.0,0.0,2570.4010000000003,5.0298,2575.4308,2594.4312
2476,0.184,0.0073,0.1913,0.0344,0.9618400418191323,0.038159958180867745,9.9998,4.4678,0.0,0.0,0.0,9.9998,4.4677999999999995,14.467600000000001,14.4722
2477,1.6292,0.0067,1.6359,0.2945,0.995904395134177,0.004095604865823095,86.0908,4.3032,0.0,0.0,0.0,86.0908,4.3031999999999995,90.394,93.3951
2478,41.0057,0.0071,41.0128,7.3823,0.9998268833144774,0.00017311668552256858,2206.1776,4.7775,0.0,0.0,0.0,2206.1776,4.7775,2210.9551,2226.9529
2479,4.1567,0.0093,4.1661,0.7499,0.9977436931422673,0.002232303593288687,236.9092,5.6344,0.0,0.0,0.0,236.90920000000003,5.634399999999999,242.54360000000003,247.0473
2480,0.4953,0.0087,0.504,0.0907,0.9827380952380953,0.01726190476190476,26.4546,5.373,0.0,0.0,0.0,26.4546,5.372999999999999,31.827599999999997,31.8256
2481,3.7282,0.008,3.7362,0.6725,0.9978587870028371,0.0021412129971628926,207.2728,4.7906,0.0,0.0,0.0,207.27280000000002,4.7905999999999995,212.06340000000003,213.0683
2482,0.5813,0.0076,0.5889,0.106,0.9870945831210733,0.012905416878926813,32.2728,5.04,0.0,0.0,0.0,32.2728,5.040000000000001,37.312799999999996,37.3123
2483,0.4664,0.008,0.4744,0.0854,0.9831365935919055,0.016863406408094434,25.9091,4.8771,0.0,0.0,0.0,25.909099999999995,4.8771,30.786199999999994,30.7816
2484,56.2363,0.0085,56.2448,10.1241,0.9998488749182147,0.0001511250817853384,3075.7962,5.5019,0.0,0.0,0.0,3075.7961999999993,5.501899999999999,3081.2980999999995,3099.2937
2485,27.5935,0.0079,27.6014,4.9683,0.9997137826342141,0.0002862173657857935,1470.4328,5.2013,0.0,0.0,0.0,1470.4328,5.2013,1475.6341,1483.1293
2486,4.6883,0.0089,4.6972,0.8455,0.998105254193988,0.0018947458060120926,260.7272,5.7651,0.0,0.0,0.0,260.7272,5.7651,266.4923,266.9957
2487,6.1822,0.0081,6.1902,1.1142,0.998707634648315,0.0013085199185809827,350.4545,5.1736,0.0,0.0,0.0,350.4545,5.1736,355.6281,357.6284
2488,4.4436,0.0081,4.4517,0.8013,0.9981804703821012,0.0018195296178987802,249.1816,4.903,0.0,0.0,0.0,249.1816,4.9030000000000005,254.0846,256.0857
2489,2.3414,0.0079,2.3492,0.4229,0.9966797207560021,0.0033628469266133152,123.9091,4.8123,0.0,0.0,0.0,123.90910000000002,4.8123,128.72140000000002,129.2249
2490,20.5184,0.0084,20.5268,3.6948,0.9995907788841903,0.0004092211158095757,1217.6974,5.1049,0.0,0.0,0.0,1217.6973999999998,5.1049,1222.8022999999998,1227.8009
2491,5.1269,0.0077,5.1346,0.9242,0.998500370038562,0.0014996299614380868,300.3637,4.8419,0.0,0.0,0.0,300.3637,4.8419,305.2056,306.7057
2492,48.4926,0.0078,48.5004,8.7301,0.9998391765841107,0.0001608234158893535,2755.5032,5.2004,0.0,0.0,0.0,2755.5031999999997,5.200399999999999,2760.7036,2775.7035
2493,10.071,0.0072,10.0782,1.8141,0.9992855867119127,0.0007144132880871583,537.5453,4.6858,0.0,0.0,0.0,537.5453,4.6857999999999995,542.2311,545.2281
2494,47.7113,0.0087,47.72,8.5896,0.9998176865046102,0.00018231349538977366,2668.822,5.4753,0.0,0.0,0.0,2668.822,5.4753,2674.2973,2688.2932
2495,0.3129,0.0076,0.3205,0.0577,0.9762870514820593,0.023712948517940716,16.5454,4.967,0.0,0.0,0.0,16.5454,4.9670000000000005,21.5124,21.5122
2496,1.9651,0.008,1.9732,0.3552,0.995894992904926,0.004054327995134806,109.5454,5.2508,0.0,0.0,0.0,109.5454,5.2508,114.7962,115.7934
2497,0.8976,0.007,0.9047,0.1628,0.9921520946170002,0.007737371504366089,50.6365,4.3563,0.0,0.0,0.0,50.636500000000005,4.356299999999999,54.9928,54.9888
2498,4.0922,0.0077,4.0999,0.738,0.9981219054123271,0.0018780945876728703,238.9092,4.7195,0.0,0.0,0.0,238.9092,4.719499999999999,243.6287,246.1297
2499,0.5777,0.0075,0.5852,0.1053,0.987183868762816,0.012816131237183868,30.7272,4.7704,0.0,0.0,0.0,30.727200000000003,4.7703999999999995,35.497600000000006,35.5001
2500,50.7707,0.0085,50.7792,9.1403,0.9998326086271543,0.00016739137284557456,2904.8013,5.6821,0.0,0.0,0.0,2904.8013,5.6821,2910.4834,2960.9824
2501,46.955,0.0084,46.9634,8.4534,0.9998211373111827,0.00017886268881724915,2591.2726,4.9763,0.0,0.0,0.0,2591.2726000000002,4.9763,2596.2489,2617.2474
2502,17.2162,0.0073,17.2235,3.1002,0.999576160478416,0.00042383952158388244,950.8182,4.841,0.0,0.0,0.0,950.8181999999997,4.841,955.6591999999997,961.6558
2503,51.2776,0.0071,51.2848,9.2313,0.9998596075250367,0.00013844257947774,2712.6941,4.5307,0.0,0.0,0.0,2712.6940999999997,4.5306999999999995,2717.2247999999995,2758.2221
2504,44.6322,0.0092,44.6415,8.0355,0.9997916736668794,0.00020608626502245666,2312.367,5.5651,0.0,0.0,0.0,2312.367,5.565099999999999,2317.9321,2331.9294
2505,55.6903,0.0063,55.6967,10.0254,0.9998850919354288,0.00011311262606222631,3106.0616,4.1683,0.0,0.0,0.0,3106.0616,4.1683,3110.2299,3131.2274
2506,0.2015,0.0073,0.2088,0.0376,0.9650383141762452,0.034961685823754786,11.4544,4.4324,0.0,0.0,0.0,11.454399999999998,4.4323999999999995,15.886799999999997,15.8902
2507,6.5462,0.0086,6.5548,1.1799,0.9986879843778604,0.0013120156221395009,363.6362,4.9857,0.0,0.0,0.0,363.6362,4.9857,368.6219,370.6181
2508,46.6116,0.0077,46.6194,8.3915,0.9998326876793782,0.00016516729087032438,2505.7576,4.9419,0.0,0.0,0.0,2505.7576,4.9419,2510.6994999999997,2527.6968
2509,0.6908,0.0079,0.6987,0.1258,0.9886932875339917,0.011306712466008303,38.1818,4.9297,0.0,0.0,0.0,38.1818,4.9297,43.11150000000001,43.1141
2510,0.4745,0.0094,0.4839,0.0871,0.9805744988634015,0.019425501136598473,27.7271,5.8242,0.0,0.0,0.0,27.727099999999997,5.824199999999999,33.5513,33.5502
2511,3.6359,0.0082,3.6441,0.6559,0.9977497873274608,0.0022502126725391734,198.2728,4.8699,0.0,0.0,0.0,198.2728,4.8698999999999995,203.1427,204.6432
2512,3.0288,0.0086,3.0374,0.5467,0.9971686310660434,0.0028313689339566736,168.818,5.308,0.0,0.0,0.0,168.81799999999996,5.308,174.12599999999995,174.1242
2513,51.213,0.0082,51.2212,9.2198,0.9998399100372501,0.00016008996274979891,2710.2934,4.9479,0.0,0.0,0.0,2710.2933999999996,4.9479,2715.2412999999997,2774.2419
2514,2.5269,0.008,2.5349,0.4563,0.9968440569647717,0.0031559430352282145,144.1819,5.2526,0.0,0.0,0.0,144.1819,5.2526,149.4345,150.4368
2515,3.0851,0.0074,3.0925,0.5567,0.9976071139854488,0.002392886014551334,173.6361,4.4191,0.0,0.0,0.0,173.6361,4.4191,178.0552,179.053
2516,1.1154,0.0092,1.1246,0.2024,0.9918193135337008,0.008180686466299127,63.5456,5.5838,0.0,0.0,0.0,63.5456,5.5838,69.1294,69.1312
2517,51.127,0.0076,51.1346,9.2042,0.9998513726517857,0.00014862734821432063,2935.0444,5.0396,0.0,0.0,0.0,2935.0443999999998,5.039599999999999,2940.084,3009.582
2518,21.274,0.0066,21.2806,3.8305,0.9996898583686551,0.0003101416313449809,1204.8536,4.1648,0.0,0.0,0.0,1204.8536000000001,4.1648,1209.0184000000002,1213.0206
2519,0.1718,0.0088,0.1806,0.0325,0.9512735326688815,0.048726467331118496,9.0,5.4414,0.0,0.0,0.0,9.0,5.441400000000001,14.441400000000002,14.4406
2520,0.4702,0.0059,0.4761,0.0857,0.987607645452636,0.012392354547364,26.7272,4.1842,0.0,0.0,0.0,26.727199999999996,4.184200000000001,30.911399999999997,30.913
2521,11.3275,0.0085,11.3361,2.0405,0.9992413616675929,0.000749816956448867,607.6364,5.4889,0.0,0.0,0.0,607.6364,5.488900000000001,613.1252999999999,617.6289
2522,5.8001,0.0069,5.807,1.0453,0.9988117788875494,0.0011882211124504907,321.5455,4.5809,0.0,0.0,0.0,321.54549999999995,4.580900000000001,326.12639999999993,330.6295
2523,5.1317,0.0069,5.1386,0.9249,0.9986572218113884,0.001342778188611684,284.9089,4.5636,0.0,0.0,0.0,284.9089,4.5636,289.4725,290.9744
2524,16.2596,0.0093,16.2689,2.9284,0.9994283571722735,0.0005716428277265211,896.4546,5.4776,0.0,0.0,0.0,896.4546,5.477600000000001,901.9322000000001,906.434
2525,4.9893,0.0081,4.9973,0.8995,0.9983991355331879,0.0016208752726472294,277.1819,4.8446,0.0,0.0,0.0,277.1819,4.8446,282.0265,282.0276
2526,0.6436,0.0072,0.6508,0.1171,0.988936693300553,0.011063306699446834,35.2727,4.8342,0.0,0.0,0.0,35.2727,4.8342,40.1069,40.1081
2527,51.4839,0.0088,51.4927,9.2687,0.999829101989214,0.00017089801078599493,2881.1819,5.3224,0.0,0.0,0.0,2881.1818999999996,5.322400000000001,2886.5042999999996,2922.5043
2528,30.408,0.0065,30.4145,5.4746,0.9997862861464104,0.00021371385358957075,1675.4865,4.3358,0.0,0.0,0.0,1675.4865,4.3358,1679.8223,1701.8215
2529,45.3816,0.007,45.3886,8.1699,0.9998457762521867,0.00015422374781332758,2526.5904,4.5749,0.0,0.0,0.0,2526.5904,4.5749,2531.1653,2548.1684
2530,42.4116,0.007,42.4186,7.6354,0.999834978052081,0.00016502194791907324,2396.4504,4.46,0.0,0.0,0.0,2396.4504,4.460000000000001,2400.9104,2425.4071
2531,0.668,0.009,0.6769,0.1218,0.986851824494017,0.01329590781503915,36.2728,5.1844,0.0,0.0,0.0,36.2728,5.1844,41.4572,41.4613
2532,35.274,0.0078,35.2818,6.3507,0.9997789228440727,0.00022107715592741868,1913.0207,5.0294,0.0,0.0,0.0,1913.0206999999996,5.0294,1918.0500999999995,1951.0499
2533,27.8435,0.0088,27.8523,5.0134,0.9996840476369995,0.00031595236300054215,1476.3608,5.2757,0.0,0.0,0.0,1476.3608,5.2757000000000005,1481.6364999999998,1490.134
2534,2.3695,0.0078,2.3772,0.4279,0.996760895170789,0.0032811711256940934,132.5456,4.7473,0.0,0.0,0.0,132.54559999999998,4.7473,137.29289999999997,138.2904
2535,2.3696,0.0075,2.3771,0.4279,0.996844895040175,0.0031551049598249965,132.3635,4.7741,0.0,0.0,0.0,132.36350000000002,4.774100000000001,137.13760000000002,139.6349
2536,0.2889,0.0081,0.297,0.0535,0.9727272727272728,0.02727272727272727,16.2728,5.1696,0.0,0.0,0.0,16.2728,5.1696,21.4424,21.446
2537,0.4489,0.0062,0.4551,0.0819,0.986376620522962,0.013623379477038013,25.0909,4.1532,0.0,0.0,0.0,25.0909,4.1532,29.244100000000003,29.2474
2538,45.1527,0.0079,45.1606,8.1289,0.9998250687546224,0.00017493124537760793,2525.1358,5.0302,0.0,0.0,0.0,2525.1358,5.0302,2530.166,2547.1701
2539,25.1049,0.0089,25.1138,4.5205,0.9996456131688554,0.0003543868311446296,1425.8055,5.3689,0.0,0.0,0.0,1425.8055,5.368899999999999,1431.1743999999999,1463.175
2540,2.7995,0.0084,2.8079,0.5054,0.9970084404715268,0.002991559528473236,151.8183,5.279,0.0,0.0,0.0,151.81830000000002,5.279,157.09730000000002,159.5975
2541,6.5304,0.0088,6.5392,1.1771,0.9986542696354295,0.0013457303645705897,362.7274,5.5121,0.0,0.0,0.0,362.7274,5.5121,368.23949999999996,370.7348
2542,46.5077,0.0075,46.5151,8.3727,0.9998409118759285,0.0001612379635860183,2548.7689,4.7656,0.0,0.0,0.0,2548.7689000000005,4.7656,2553.5345000000007,2589.5307
2543,0.7532,0.0091,0.7623,0.1372,0.9880624426078971,0.011937557392102848,42.5454,5.8054,0.0,0.0,0.0,42.545399999999994,5.8054,48.35079999999999,48.3556
2544,46.2114,0.0084,46.2197,8.3196,0.9998204228932683,0.00018174068633072042,2687.0089,5.549,0.0,0.0,0.0,2687.0089,5.549,2692.5579,2704.0569
2545,1.1762,0.0083,1.1845,0.2132,0.9929928239763611,0.007007176023638665,68.091,5.4398,0.0,0.0,0.0,68.091,5.4398,73.5308,74.027
2546,2.6652,0.0083,2.6735,0.4812,0.9968954553955488,0.0031045446044510937,149.182,5.4321,0.0,0.0,0.0,149.18200000000002,5.4321,154.6141,154.6111
2547,1.5244,0.0084,1.5328,0.2759,0.9945198329853863,0.005480167014613778,84.2729,5.0946,0.0,0.0,0.0,84.27289999999999,5.094600000000001,89.36749999999999,89.3725
2548,31.5989,0.0083,31.6072,5.6893,0.9997374016046977,0.0002625983953023362,1664.1331,5.0763,0.0,0.0,0.0,1664.1331000000002,5.0763,1669.2094000000002,1687.2097
2549,2.1649,0.0086,2.1735,0.3912,0.9960432482171611,0.003956751782838739,124.6366,5.1642,0.0,0.0,0.0,124.63659999999999,5.1642,129.80079999999998,131.2998
2550,0.4371,0.0072,0.4443,0.08,0.9837947332883188,0.016205266711681297,24.3635,4.6174,0.0,0.0,0.0,24.3635,4.6174,28.9809,28.9841
2551,1.4253,0.0068,1.4321,0.2578,0.9952517282312688,0.004748271768731234,80.1817,4.2654,0.0,0.0,0.0,80.1817,4.2654,84.4471,85.4436
2552,6.2419,0.0085,6.2504,1.1251,0.9986400870344299,0.0013599129655702037,346.0911,5.0545,0.0,0.0,0.0,346.09110000000004,5.054499999999999,351.14560000000006,354.1459
2553,51.445,0.0073,51.4523,9.2614,0.9998581210169419,0.00014187898305809458,2976.6309,4.5055,0.0,0.0,0.0,2976.6308999999997,4.5055000000000005,2981.1364,3015.6375
2554,1.4344,0.0083,1.4427,0.2597,0.994246898177029,0.005753101822970818,80.8181,5.2711,0.0,0.0,0.0,80.81810000000002,5.2711,86.08920000000002,88.0895
2555,3.3338,0.008,3.3419,0.6015,0.9975762290912356,0.002393847811125408,196.9088,4.9003,0.0,0.0,0.0,196.9088,4.9003,201.8091,204.3051
2556,1.7007,0.0086,1.7093,0.3077,0.9949687006376879,0.0050312993623120575,95.5456,5.5153,0.0,0.0,0.0,95.54560000000001,5.515299999999999,101.0609,101.5575
2557,49.7708,0.0087,49.7795,8.9603,0.9998252292610412,0.00017477073895880832,2913.9167,5.1255,0.0,0.0,0.0,2913.9167,5.1255,2919.0422000000003,2957.5376
2558,9.6282,0.0083,9.6365,1.7346,0.9991386914336118,0.0008613085663882115,534.6364,4.7909,0.0,0.0,0.0,534.6363999999999,4.790900000000001,539.4272999999998,541.9321
2559,49.2648,0.0077,49.2725,8.8691,0.9998437262164493,0.00015627378355066214,2755.963,4.8634,0.0,0.0,0.0,2755.9629999999993,4.8634,2760.8263999999995,2814.8279
2560,40.8405,0.0078,40.8483,7.3527,0.9998090495810107,0.00019095041898928473,2339.0659,5.1711,0.0,0.0,0.0,2339.0659,5.171100000000001,2344.237,2390.2355
2561,1.6136,0.0073,1.6209,0.2918,0.9954963291998272,0.004503670800172744,88.1819,4.4836,0.0,0.0,0.0,88.1819,4.4836,92.6655,92.6641
2562,45.596,0.0086,45.6046,8.2088,0.9998114225319376,0.0001885774680624323,2585.1296,5.2987,0.0,0.0,0.0,2585.1295999999998,5.298700000000001,2590.4282999999996,2612.4329
2563,42.9667,0.0086,42.9753,7.7356,0.99979988505025,0.00020011494975020536,2444.3185,5.195,0.0,0.0,0.0,2444.3185,5.195,2449.5135,2494.0101
2564,49.3632,0.0085,49.3717,8.8869,0.9998278365946484,0.00017216340535164884,2720.7656,5.1689,0.0,0.0,0.0,2720.7655999999997,5.168900000000001,2725.9345,2760.4298
2565,52.2153,0.0075,52.2228,9.4001,0.9998563845676601,0.0001436154323398975,2970.9782,4.5484,0.0,0.0,0.0,2970.9782000000005,4.548399999999999,2975.5266000000006,3009.5255
2566,3.9918,0.0071,3.9989,0.7198,0.9982245117407287,0.0017754882592712997,224.2726,4.6284,0.0,0.0,0.0,224.27259999999998,4.6284,228.90099999999998,236.3993
2567,3.2739,0.0076,3.2815,0.5907,0.9976839859820203,0.0023160140179795826,186.7272,4.8617,0.0,0.0,0.0,186.72719999999998,4.8617,191.5889,192.5872
2568,1.0778,0.0076,1.0854,0.1954,0.9929979730974757,0.007002026902524415,62.9092,4.6555,0.0,0.0,0.0,62.9092,4.6555,67.5647,67.5691
2569,0.1474,0.0077,0.1552,0.0279,0.9497422680412371,0.04961340206185567,7.9997,4.7168,0.0,0.0,0.0,7.999700000000001,4.716799999999999,12.7165,12.7193
2570,0.974,0.0078,0.9819,0.1767,0.9919543741725226,0.007943782462572564,54.9091,5.0002,0.0,0.0,0.0,54.90910000000001,5.0001999999999995,59.90930000000001,60.4136
2571,0.5262,0.0077,0.5339,0.0961,0.9855778235624648,0.014422176437535118,29.909,4.6638,0.0,0.0,0.0,29.909,4.663800000000001,34.5728,34.5691
2572,34.4602,0.0091,34.4693,6.2045,0.9997359969596135,0.00026400304038666294,2013.5237,5.3269,0.0,0.0,0.0,2013.5237000000002,5.3269,2018.8506000000002,2026.8457
2573,8.7746,0.0082,8.7828,1.5809,0.9990663569704422,0.0009336430295577721,487.3636,5.2496,0.0,0.0,0.0,487.3636000000001,5.2496,492.61320000000006,496.1129
2574,1.4004,0.0084,1.4087,0.2536,0.9941080428764109,0.005962944558813089,76.6363,4.9734,0.0,0.0,0.0,76.63629999999999,4.973400000000001,81.60969999999999,81.6139
2575,0.4366,0.0074,0.4441,0.0799,0.983111911731592,0.016662913758162576,24.1821,5.1209,0.0,0.0,0.0,24.182100000000002,5.1209,29.303,29.3011
2576,2.0625,0.0073,2.0698,0.3726,0.9964730891873612,0.0035269108126389026,114.4547,4.7688,0.0,0.0,0.0,114.4547,4.768800000000001,119.2235,120.2254
2577,0.2576,0.0084,0.2661,0.0479,0.9680571213829388,0.03156708004509583,14.3635,5.1974,0.0,0.0,0.0,14.363499999999998,5.1974,19.560899999999997,19.5608
2578,46.3121,0.0079,46.32,8.3376,0.9998294473229706,0.000170552677029361,2488.8791,4.8363,0.0,0.0,0.0,2488.8791,4.8363000000000005,2493.7154,2527.2189
2579,0.8684,0.008,0.8763,0.1577,0.9909848225493553,0.009129293620906084,50.8182,5.0836,0.0,0.0,0.0,50.81819999999999,5.0836,55.90179999999999,56.4013
2580,1.6029,0.007,1.6099,0.2898,0.9956519038449593,0.004348096155040685,91.5454,4.3615,0.0,0.0,0.0,91.5454,4.3614999999999995,95.90690000000001,96.4076
2581,3.2707,0.0071,3.2779,0.59,0.9978034717349523,0.0021660209280331922,181.2728,4.5168,0.0,0.0,0.0,181.27280000000002,4.5168,185.7896,188.2942
2582,0.8941,0.0069,0.9009,0.1622,0.9924519924519924,0.007659007659007659,51.3635,4.6988,0.0,0.0,0.0,51.363499999999995,4.6988,56.06229999999999,56.0649
2583,33.5426,0.0073,33.5499,6.039,0.999782413658461,0.00021758634153902097,1809.8524,4.6998,0.0,0.0,0.0,1809.8524000000002,4.6998,1814.5522000000003,1836.5565
2584,1.418,0.0075,1.4255,0.2566,0.9947386881795861,0.00526131182041389,80.818,4.8406,0.0,0.0,0.0,80.818,4.8406,85.65859999999999,85.6593
2585,0.4902,0.0072,0.4975,0.0895,0.9853266331658292,0.014472361809045226,26.2728,4.7821,0.0,0.0,0.0,26.272800000000007,4.7821,31.054900000000007,31.0502
2586,53.5793,0.0087,53.588,9.6458,0.9998376502201985,0.00016234977980144808,2944.3878,5.1252,0.0,0.0,0.0,2944.3878000000004,5.1252,2949.5130000000004,2977.5173
2587,3.5651,0.0079,3.573,0.6431,0.9977889728519452,0.002211027148054856,191.8181,4.666,0.0,0.0,0.0,191.8181,4.666,196.48409999999998,200.4881
2588,0.5497,0.0084,0.5582,0.1005,0.9847724829810103,0.015048369759942672,29.9091,5.2886,0.0,0.0,0.0,29.909099999999995,5.288600000000001,35.1977,35.2023
2589,0.1551,0.0079,0.163,0.0293,0.9515337423312882,0.04846625766871166,8.2725,5.3443,0.0,0.0,0.0,8.2725,5.3443000000000005,13.616800000000001,13.615
2590,1.1185,0.0062,1.1247,0.2025,0.9944874188672536,0.00551258113274651,64.3637,4.0819,0.0,0.0,0.0,64.36370000000001,4.0819,68.44560000000001,68.9435
2591,42.1905,0.0074,42.1979,7.5956,0.9998246358231098,0.00017536417689031922,2304.2027,4.8187,0.0,0.0,0.0,2304.2027000000003,4.8187,2309.0214,2336.5182
2592,1.8208,0.0082,1.8291,0.3292,0.9954622491935925,0.0044830791099447825,103.7273,5.0792,0.0,0.0,0.0,103.72729999999999,5.0792,108.80649999999999,109.3034
2593,0.2946,0.0082,0.3028,0.0545,0.9729194187582562,0.027080581241743725,15.909,4.8137,0.0,0.0,0.0,15.909,4.813700000000001,20.722700000000003,20.7212
2594,33.9935,0.0076,34.001,6.1202,0.9997794182524044,0.00022352283756360108,1848.2651,4.9148,0.0,0.0,0.0,1848.2650999999998,4.9148,1853.1798999999999,1868.1782
2595,45.6391,0.0067,45.6458,8.2162,0.9998532176016194,0.0001467823983805739,2449.2709,4.6773,0.0,0.0,0.0,2449.2709000000004,4.6773,2453.9482000000003,2473.9525
2596,2.6164,0.008,2.6244,0.4724,0.9969516841944825,0.0030483158055174516,150.5454,4.7406,0.0,0.0,0.0,150.5454,4.7406,155.286,155.7855
2597,17.1162,0.0065,17.1227,3.0821,0.9996203869716809,0.0003796130283191319,984.1817,4.394,0.0,0.0,0.0,984.1817000000001,4.394,988.5757000000001,1000.0799
2598,0.2382,0.0082,0.2464,0.0444,0.9667207792207791,0.03327922077922078,13.3637,5.2291,0.0,0.0,0.0,13.363699999999998,5.229100000000001,18.592799999999997,18.5927
2599,22.7184,0.008,22.7264,4.0908,0.9996479864826808,0.00035201351731906506,1238.0283,5.2659,0.0,0.0,0.0,1238.0283,5.2659,1243.2942,1261.2991
2600,0.4731,0.007,0.48,0.0864,0.9856250000000001,0.014583333333333334,25.8179,4.4688,0.0,0.0,0.0,25.817899999999998,4.4688,30.286699999999996,30.2871
2601,44.9706,0.0079,44.9784,8.0961,0.9998265834267114,0.0001756398626896466,2529.1172,4.6972,0.0,0.0,0.0,2529.1171999999997,4.6972,2533.8143999999998,2561.3118
2602,45.134,0.0087,45.1427,8.1257,0.9998072778101443,0.00019272218985572418,2455.8513,5.3609,0.0,0.0,0.0,2455.8513000000003,5.360899999999999,2461.2122000000004,2487.7087
2603,0.6255,0.0072,0.6327,0.1139,0.9886201991465148,0.011379800853485063,34.1818,4.5904,0.0,0.0,0.0,34.1818,4.590400000000001,38.772200000000005,38.7715
2604,34.305,0.0096,34.3145,6.1766,0.999723149106063,0.00027976511387314395,1812.5659,5.6763,0.0,0.0,0.0,1812.5659,5.6762999999999995,1818.2422000000001,1840.2434
2605,43.8564,0.0085,43.8649,7.8957,0.9998062231989586,0.00019377680104137936,2400.8347,5.4697,0.0,0.0,0.0,2400.8347000000003,5.4697,2406.3044000000004,2501.303
2606,41.1761,0.0082,41.1844,7.4132,0.999798467380853,0.00019910451530191046,2419.1331,5.1419,0.0,0.0,0.0,2419.1330999999996,5.1419,2424.2749999999996,2459.7711
2607,47.7542,0.0071,47.7613,8.597,0.9998513440798303,0.00014865592016967714,2697.0206,4.4436,0.0,0.0,0.0,2697.0206000000003,4.4436,2701.4642000000003,2749.465
2608,31.0948,0.0077,31.1025,5.5984,0.9997524314765694,0.0002475685234305924,1755.597,4.7659,0.0,0.0,0.0,1755.5969999999998,4.7659,1760.3628999999999,1772.3583
2609,1.1127,0.0069,1.1196,0.2015,0.9938370846730976,0.006162915326902466,63.727,4.4681,0.0,0.0,0.0,63.727000000000004,4.4681,68.1951,69.6967
2610,19.1821,0.0076,19.1896,3.4541,0.9996091632967857,0.0003960478592570976,1077.4468,4.8894,0.0,0.0,0.0,1077.4468,4.889399999999999,1082.3362,1105.8384
2611,12.4824,0.0089,12.4913,2.2484,0.9992875041028555,0.0007124958971444124,692.7272,5.3341,0.0,0.0,0.0,692.7272,5.3341,698.0613000000001,701.5632
2612,38.2859,0.0075,38.2934,6.8928,0.9998041437950143,0.00019585620498571555,2076.2481,4.9468,0.0,0.0,0.0,2076.2481,4.946800000000001,2081.1949,2094.1988
2613,1.9547,0.008,1.9626,0.3533,0.9959747274024254,0.0040762254152654645,110.091,5.0297,0.0,0.0,0.0,110.09100000000002,5.0297,115.12070000000003,115.1187
2614,4.4275,0.0087,4.4362,0.7985,0.9980388620891754,0.0019611379108245793,234.3636,5.4582,0.0,0.0,0.0,234.36360000000002,5.458200000000001,239.82180000000002,240.3204
2615,35.2836,0.0075,35.2911,6.3524,0.9997874818296965,0.00021251817030356094,1887.4081,5.0204,0.0,0.0,0.0,1887.4081000000003,5.0204,1892.4285000000004,1906.4285
2616,37.9715,0.0072,37.9787,6.8362,0.9998104200512391,0.0001895799487607527,2051.0457,4.6179,0.0,0.0,0.0,2051.0457,4.617900000000001,2055.6636000000003,2061.6685
2617,3.3049,0.0078,3.3128,0.5963,0.9976153103115188,0.0023545037430572325,183.0908,4.828,0.0,0.0,0.0,183.0908,4.828,187.9188,188.4179
2618,10.1102,0.0068,10.117,1.8211,0.9993278639913018,0.0006721360086982307,576.1818,4.1988,0.0,0.0,0.0,576.1818000000001,4.1988,580.3806000000001,581.8833
2619,39.9208,0.0085,39.9293,7.1873,0.9997871237412126,0.00021287625878740676,2233.3641,5.3727,0.0,0.0,0.0,2233.3641,5.372700000000001,2238.7367999999997,2263.7357
2620,1.8365,0.0087,1.8452,0.3321,0.9952850639497074,0.004714936050292651,104.6366,5.2266,0.0,0.0,0.0,104.63659999999997,5.2266,109.86319999999998,111.8644
2621,6.6401,0.0075,6.6476,1.1966,0.9988717732715567,0.001128226728443348,371.4544,4.5747,0.0,0.0,0.0,371.45439999999996,4.574700000000001,376.02909999999997,382.0325
2622,0.6481,0.0068,0.6549,0.1179,0.9896167353794472,0.010383264620552755,35.9999,4.093,0.0,0.0,0.0,35.999900000000004,4.093,40.0929,40.0964
2623,46.0085,0.0078,46.0163,8.2829,0.9998304948463913,0.0001695051536086126,2468.7245,5.1605,0.0,0.0,0.0,2468.7245,5.1605,2473.8849999999998,2496.3879
2624,36.3234,0.0078,36.3312,6.5396,0.9997853084951777,0.00021469150482230146,2068.4815,4.9905,0.0,0.0,0.0,2068.4815,4.9905,2073.4719999999998,2079.9732
2625,1.8016,0.0093,1.8109,0.326,0.9948644320503618,0.005135567949638301,100.0907,5.6774,0.0,0.0,0.0,100.0907,5.6774000000000004,105.7681,107.7729
2626,3.035,0.0085,3.0434,0.5478,0.9972399290267464,0.0027929289610304268,177.3636,5.0984,0.0,0.0,0.0,177.36360000000002,5.098400000000001,182.46200000000002,183.4652
2627,2.0533,0.0084,2.0617,0.3711,0.9959256923897755,0.0040743076102245715,119.2726,5.1404,0.0,0.0,0.0,119.27259999999997,5.1404000000000005,124.41299999999997,125.411
2628,4.9622,0.0078,4.97,0.8946,0.9984305835010061,0.001569416498993964,288.8182,4.9188,0.0,0.0,0.0,288.8182,4.9188,293.73699999999997,299.2389
2629,13.3438,0.0075,13.3513,2.4032,0.9994382569487615,0.0005617430512384562,719.3635,4.7022,0.0,0.0,0.0,719.3635,4.7022,724.0657,729.0696
2630,37.7561,0.007,37.7631,6.7974,0.9998146338621565,0.00018536613784355627,2149.2347,4.5114,0.0,0.0,0.0,2149.2347,4.5114,2153.7461,2174.7422
2631,0.2981,0.0077,0.3058,0.055,0.9748201438848919,0.025179856115107913,16.8182,4.9029,0.0,0.0,0.0,16.8182,4.9029,21.7211,22.2164
2632,50.5684,0.0078,50.5762,9.1037,0.9998457772628232,0.00015422273717677484,2892.5602,4.9943,0.0,0.0,0.0,2892.5602,4.9943,2897.5544999999997,2929.0499
2633,1.1486,0.0083,1.1569,0.2082,0.9928256547670499,0.007174345232950125,66.0908,5.184,0.0,0.0,0.0,66.0908,5.183999999999999,71.2748,71.2707
2634,3.1067,0.0086,3.1153,0.5608,0.9972394311944275,0.002760568805572497,166.3636,5.2029,0.0,0.0,0.0,166.36360000000002,5.2029000000000005,171.56650000000002,174.0629
2635,52.3528,0.0075,52.3604,9.4249,0.9998548521401671,0.000143238019572043,2928.4284,4.7981,0.0,0.0,0.0,2928.4284000000002,4.7981,2933.2265,2978.2294
2636,36.4662,0.0075,36.4737,6.5653,0.9997943723833885,0.00020562761661142137,1955.7921,4.8845,0.0,0.0,0.0,1955.7921,4.8845,1960.6765999999998,1970.1801
2637,33.9942,0.0069,34.0011,6.1202,0.9997970653890609,0.00020293461093905785,1861.9243,4.424,0.0,0.0,0.0,1861.9242999999997,4.424,1866.3482999999997,1891.3444
2638,3.1481,0.0087,3.1568,0.5682,0.9972440446021287,0.002755955397871262,185.0,5.3813,0.0,0.0,0.0,185.00000000000003,5.3813,190.38130000000004,191.8768
2639,10.6064,0.0077,10.6141,1.9105,0.9992745498911825,0.0007254501088175163,575.3636,4.8212,0.0,0.0,0.0,575.3636,4.8212,580.1848,583.6891
2640,50.243,0.0074,50.2504,9.0451,0.9998527374906468,0.0001472625093531594,2925.4687,4.7528,0.0,0.0,0.0,2925.4687,4.7528,2930.2215,2943.2221
2641,44.187,0.0073,44.1943,7.955,0.9998348203275083,0.00016517967249170143,2453.5733,4.6485,0.0,0.0,0.0,2453.5733,4.648500000000001,2458.2218,2510.2206
2642,4.7387,0.0078,4.7465,0.8544,0.9983566838723269,0.001643316127673022,268.6363,4.8725,0.0,0.0,0.0,268.6363,4.8725,273.5088,277.0048
2643,30.9334,0.0084,30.9419,5.5695,0.9997252915948923,0.0002714765415181356,1685.355,5.167,0.0,0.0,0.0,1685.355,5.167,1690.522,1702.5198
2644,51.3353,0.0088,51.3441,9.2419,0.9998286073765048,0.000171392623495202,2971.2069,5.402,0.0,0.0,0.0,2971.206899999999,5.402,2976.6088999999993,3013.1041
2645,20.2639,0.0079,20.2718,3.6489,0.9996102960763228,0.00038970392367722654,1155.6738,4.9668,0.0,0.0,0.0,1155.6738,4.966799999999999,1160.6406,1175.6396
2646,1.3142,0.0097,1.3239,0.2383,0.9926731626255759,0.00732683737442405,75.8181,6.0303,0.0,0.0,0.0,75.81810000000002,6.0303,81.84840000000001,81.8438
2647,35.9234,0.0087,35.932,6.4678,0.9997606590225983,0.00024212401202270954,1971.2311,5.1459,0.0,0.0,0.0,1971.2311,5.1459,1976.377,1994.8748
2648,10.9533,0.0074,10.9607,1.9729,0.999324860638463,0.0006751393615371282,607.1819,4.8336,0.0,0.0,0.0,607.1818999999999,4.8336,612.0155,619.0176
2649,9.4487,0.0078,9.4565,1.7022,0.9991751705176334,0.000824829482366626,540.8181,4.8417,0.0,0.0,0.0,540.8181,4.8417,545.6597999999999,551.6568
2650,2.6638,0.0071,2.6708,0.4807,0.9973790624531976,0.0026583795117567774,144.4543,4.3337,0.0,0.0,0.0,144.45430000000002,4.3337,148.788,149.7909
2651,33.3875,0.0074,33.3949,6.0111,0.9997784092780635,0.00022159072193658313,1807.5334,4.705,0.0,0.0,0.0,1807.5334000000003,4.705,1812.2384000000002,1817.2432
2652,52.4664,0.0088,52.4752,9.4455,0.9998323017349148,0.00016769826508522122,2896.2343,5.317,0.0,0.0,0.0,2896.2343,5.317,2901.5513,2938.5516
2653,2.9682,0.007,2.9752,0.5355,0.9976472169938155,0.002352783006184458,163.5455,4.5733,0.0,0.0,0.0,163.5455,4.5733,168.1188,169.1179
2654,13.8982,0.0071,13.9053,2.5029,0.9994894033210358,0.000510596678964136,726.0001,4.2698,0.0,0.0,0.0,726.0001,4.2698,730.2699,735.7692
2655,0.5949,0.0078,0.6027,0.1085,0.987058237929318,0.01294176207068193,33.1818,4.9789,0.0,0.0,0.0,33.1818,4.9789,38.160700000000006,38.1647
2656,38.1617,0.0089,38.1706,6.8707,0.9997668362561763,0.0002331637438237806,2073.9975,5.4314,0.0,0.0,0.0,2073.9975,5.431399999999999,2079.4289,2096.926
2657,0.519,0.0075,0.5265,0.0948,0.9857549857549859,0.014245014245014245,27.9999,4.795,0.0,0.0,0.0,27.999900000000007,4.795,32.794900000000005,32.7918
2658,4.1701,0.0076,4.1777,0.752,0.9981808171960648,0.0018191828039351798,230.7268,4.9436,0.0,0.0,0.0,230.72680000000003,4.9436,235.67040000000003,237.1721
2659,6.7652,0.0084,6.7737,1.2193,0.9987451466702099,0.0012400903494397448,376.273,5.4138,0.0,0.0,0.0,376.273,5.4138,381.6868,383.1848
2660,45.1892,0.0079,45.1971,8.1355,0.999825210024537,0.00017478997546302753,2565.6388,5.0769,0.0,0.0,0.0,2565.6388,5.0769,2570.7157,2612.2153
2661,42.2572,0.0076,42.2648,7.6077,0.9998201813329295,0.00017981866707046998,2253.6336,4.85,0.0,0.0,0.0,2253.6336000000006,4.85,2258.4836000000005,2266.4878
2662,43.7344,0.0073,43.7417,7.8735,0.9998331111959526,0.00016688880404739642,2435.4572,4.7833,0.0,0.0,0.0,2435.4572,4.7833,2440.2405,2462.7426
2663,41.3871,0.0078,41.395,7.4511,0.9998091556951321,0.0001884285541732093,2371.3534,4.7704,0.0,0.0,0.0,2371.3533999999995,4.7703999999999995,2376.1237999999994,2396.1201
2664,2.9507,0.0091,2.9597,0.5328,0.9969591512653309,0.003074635942832044,168.5456,5.6175,0.0,0.0,0.0,168.5456,5.6175,174.16310000000001,176.1599
2665,51.7838,0.0067,51.7905,9.3223,0.9998706326449831,0.00012936735501684673,2724.3615,4.3469,0.0,0.0,0.0,2724.3615,4.3469,2728.7084,2768.2037
2666,3.9906,0.009,3.9996,0.7199,0.9977497749774977,0.00225022502250225,218.0908,5.7259,0.0,0.0,0.0,218.09079999999994,5.725900000000001,223.81669999999994,224.817
2667,10.2667,0.0079,10.2746,1.8494,0.999231113619995,0.0007688863800050611,552.4545,5.0025,0.0,0.0,0.0,552.4544999999999,5.0025,557.457,557.9541
2668,1.963,0.007,1.97,0.3546,0.9964467005076143,0.003553299492385787,110.0001,4.2585,0.0,0.0,0.0,110.00009999999999,4.2585,114.25859999999999,115.2562
2669,3.2081,0.009,3.217,0.5791,0.9972334473111594,0.0027976375505129,172.9093,5.4379,0.0,0.0,0.0,172.9093,5.437899999999999,178.3472,178.8476
2670,0.3023,0.0073,0.3096,0.0557,0.976421188630491,0.023578811369509046,17.1819,4.3763,0.0,0.0,0.0,17.1819,4.3763000000000005,21.5582,21.5592
2671,0.9417,0.0072,0.9488,0.1708,0.9925168634064081,0.007588532883642495,53.5456,4.762,0.0,0.0,0.0,53.545599999999986,4.762,58.30759999999999,58.3099
2672,2.2061,0.0077,2.2138,0.3985,0.9965218176890416,0.003478182310958533,121.1819,4.738,0.0,0.0,0.0,121.1819,4.738,125.9199,125.9177
2673,1.4146,0.0073,1.4219,0.2559,0.9948660243336381,0.005133975666361911,81.2728,4.4468,0.0,0.0,0.0,81.27280000000002,4.4468000000000005,85.71960000000001,86.221
2674,43.3606,0.0088,43.3693,7.8065,0.999799397269497,0.0002029085090144411,2419.8361,5.2359,0.0,0.0,0.0,2419.8361,5.2359,2425.072,2466.0696
2675,30.2142,0.0069,30.2211,5.4398,0.999771682698512,0.0002283173014880332,1712.2515,4.1811,0.0,0.0,0.0,1712.2515000000003,4.181100000000001,1716.4326000000003,1733.4323
2676,46.6011,0.0086,46.6097,8.3897,0.9998154890505626,0.00018451094943756343,2499.7791,5.3308,0.0,0.0,0.0,2499.7790999999993,5.3308,2505.1098999999995,2568.1132
2677,3.3158,0.0079,3.3236,0.5983,0.9976531471897941,0.0023769406667469013,180.1817,4.8538,0.0,0.0,0.0,180.18170000000003,4.8538,185.03550000000004,185.5399
2678,41.6353,0.0081,41.6434,7.4958,0.9998054913863902,0.00019450861360983973,2252.9588,5.0346,0.0,0.0,0.0,2252.9587999999994,5.034599999999999,2257.9933999999994,2263.996
2679,2.8146,0.0064,2.821,0.5078,0.9977313009571074,0.0022686990428925913,157.8179,4.0414,0.0,0.0,0.0,157.8179,4.041399999999999,161.85930000000002,162.8591
2680,47.2696,0.0087,47.2784,8.5101,0.9998138684896274,0.0001840163795729128,2522.7473,5.5057,0.0,0.0,0.0,2522.747299999999,5.5057,2528.2529999999992,2552.7507
2681,0.781,0.008,0.7889,0.142,0.989986056534415,0.01014070224363037,42.3636,5.1832,0.0,0.0,0.0,42.36359999999999,5.1832,47.54679999999999,47.5502
2682,23.7493,0.0073,23.7566,4.2762,0.9996927169712839,0.00030728302871623045,1345.045,4.8545,0.0,0.0,0.0,1345.045,4.8545,1349.8995,1365.3954
2683,39.0505,0.0079,39.0584,7.0305,0.9997977387706614,0.0002022612293386314,2265.59,5.2033,0.0,0.0,0.0,2265.59,5.2033,2270.7933000000003,2299.796
2684,51.0547,0.0077,51.0624,9.1912,0.9998492041110485,0.0001507958889515573,2876.1729,4.8023,0.0,0.0,0.0,2876.1729000000005,4.802299999999999,2880.9752000000003,2933.4727
2685,35.4554,0.0086,35.464,6.3835,0.9997575005639522,0.00024249943604782314,1926.0069,5.1017,0.0,0.0,0.0,1926.0068999999999,5.1017,1931.1085999999998,1992.112
2686,54.5417,0.0094,54.5511,9.8192,0.9998276845013208,0.00017231549867922005,2911.1005,5.4634,0.0,0.0,0.0,2911.1004999999996,5.463400000000001,2916.5638999999996,2949.5628
2687,2.6843,0.0078,2.6921,0.4846,0.9971026336317373,0.0028973663682626944,157.3638,4.8717,0.0,0.0,0.0,157.36380000000003,4.871700000000001,162.23550000000003,163.2322
2688,0.4309,0.0083,0.4392,0.0791,0.9811020036429873,0.018897996357012753,24.5453,5.3766,0.0,0.0,0.0,24.545299999999997,5.3766,29.921899999999997,29.9185
2689,0.3222,0.0083,0.3305,0.0595,0.9748865355521935,0.025113464447806353,18.2727,5.396,0.0,0.0,0.0,18.2727,5.395999999999999,23.6687,23.669
2690,1.714,0.0083,1.7224,0.31,0.9951230840687413,0.004818857408267534,100.7274,4.9889,0.0,0.0,0.0,100.72739999999999,4.988899999999999,105.71629999999999,105.7182
2691,30.7548,0.009,30.7638,5.5375,0.9997074483646363,0.0002925516353636417,1751.2324,5.6451,0.0,0.0,0.0,1751.2324,5.645099999999999,1756.8775,1773.8788
2692,0.5944,0.0081,0.6025,0.1085,0.9865560165975104,0.013443983402489625,34.0,4.9823,0.0,0.0,0.0,34.0,4.9823,38.9823,38.9784
2693,3.3335,0.0079,3.3414,0.6015,0.9976357215538396,0.0023642784461602923,190.0909,4.9887,0.0,0.0,0.0,190.0909,4.988700000000001,195.0796,196.5781
2694,18.6093,0.0071,18.6164,3.3509,0.9996186158440946,0.0003813841559055457,1073.2459,4.4434,0.0,0.0,0.0,1073.2459000000001,4.4434,1077.6893000000002,1089.1911
2695,4.6687,0.009,4.6777,0.842,0.998075977510315,0.0019240224896851016,272.6364,5.4872,0.0,0.0,0.0,272.63640000000004,5.4872,278.1236,279.1195
2696,28.3104,0.0075,28.3179,5.0972,0.9997351498522136,0.00026485014778638243,1629.4108,4.629,0.0,0.0,0.0,1629.4107999999999,4.6290000000000004,1634.0397999999998,1670.5364
2697,26.9385,0.0069,26.9455,4.8502,0.9997402163626581,0.0002560724425228702,1405.8785,4.4393,0.0,0.0,0.0,1405.8785000000003,4.4393,1410.3178000000003,1417.8135
2698,22.8896,0.0065,22.8961,4.1213,0.9997161088569669,0.00028389114303309295,1290.2727,4.1541,0.0,0.0,0.0,1290.2726999999998,4.1541,1294.4267999999997,1298.9222
2699,3.7025,0.0074,3.7099,0.6678,0.9980053370710801,0.001994662928919917,198.6364,4.7616,0.0,0.0,0.0,198.63640000000004,4.7616000000000005,203.39800000000002,203.396
2700,13.9886,0.007,13.9956,2.5192,0.9994998428077396,0.0005001571922604247,739.1818,4.2156,0.0,0.0,0.0,739.1818000000001,4.2156,743.3974000000001,749.9022
2701,0.34,0.0072,0.3472,0.0625,0.9792626728110599,0.020737327188940093,18.4546,4.3474,0.0,0.0,0.0,18.454599999999996,4.3474,22.801999999999996,22.8059
2702,17.3302,0.0076,17.3379,3.1208,0.9995558862376643,0.00043834605113652746,1019.8027,5.1751,0.0,0.0,0.0,1019.8027000000001,5.1751000000000005,1024.9778000000001,1030.9797
2703,2.7268,0.0083,2.7351,0.4923,0.9969653760374392,0.003034623962560784,143.5453,5.2647,0.0,0.0,0.0,143.5453,5.2646999999999995,148.81,150.3068
2704,45.9709,0.0091,45.98,8.2764,0.9998020878642889,0.0001979121357111788,2579.1605,5.2915,0.0,0.0,0.0,2579.1605000000004,5.2915,2584.452,2608.4512
2705,43.7403,0.0096,43.7499,7.875,0.9997805709270193,0.00021942907298073825,2405.0349,6.0643,0.0,0.0,0.0,2405.0348999999997,6.064299999999999,2411.0991999999997,2437.5954
2706,12.1775,0.0101,12.1877,2.1938,0.9991630906569738,0.0008287043494670857,700.2726,5.7878,0.0,0.0,0.0,700.2725999999999,5.787800000000001,706.0603999999998,708.5616
2707,0.2609,0.0088,0.2697,0.0485,0.967371153133111,0.03262884686688914,14.6364,5.4506,0.0,0.0,0.0,14.636399999999998,5.450599999999999,20.086999999999996,20.0876
2708,21.9606,0.0084,21.969,3.9544,0.9996176430424688,0.00038235695753106646,1203.6162,5.1906,0.0,0.0,0.0,1203.6162000000002,5.1906,1208.8068,1220.3098
2709,52.304,0.0087,52.3127,9.4163,0.9998336923920961,0.000166307607904008,2926.1081,5.1399,0.0,0.0,0.0,2926.1081,5.139900000000001,2931.248,2962.2482
2710,7.6138,0.0081,7.6219,1.3719,0.9989372728584737,0.001062727141526391,424.6365,5.0415,0.0,0.0,0.0,424.63649999999996,5.0415,429.67799999999994,432.1756
2711,16.3862,0.0073,16.3936,2.9508,0.9995486043333983,0.0004452957251610385,901.2612,4.862,0.0,0.0,0.0,901.2612,4.862000000000001,906.1232,909.1199
2712,11.5896,0.0071,11.5967,2.0874,0.9993877568618659,0.0006122431381341244,626.818,4.9058,0.0,0.0,0.0,626.818,4.905799999999999,631.7238,641.7213
2713,0.4646,0.0083,0.4728,0.0851,0.9826565143824028,0.017554991539763115,25.5456,5.2217,0.0,0.0,0.0,25.5456,5.221700000000001,30.767300000000002,30.7648
2714,0.7144,0.0079,0.7223,0.13,0.9890627163228575,0.010937283677142463,39.8181,5.2824,0.0,0.0,0.0,39.818099999999994,5.2824,45.1005,45.1009
2715,5.2494,0.0074,5.2568,0.9462,0.9985922994977933,0.0014077005022066656,283.7273,4.4459,0.0,0.0,0.0,283.7273,4.4459,288.1732,289.6754
2716,3.6358,0.0068,3.6426,0.6557,0.9981332015593258,0.0018667984406742436,192.9089,4.3669,0.0,0.0,0.0,192.90890000000002,4.3669,197.2758,200.2709
2717,42.7154,0.008,42.7234,7.6902,0.9998127489853337,0.00018725101466643572,2377.2797,4.8668,0.0,0.0,0.0,2377.2797,4.8668000000000005,2382.1465,2400.646
2718,6.0619,0.0075,6.0694,1.0925,0.9987642930108412,0.0012357069891587307,316.6361,4.4763,0.0,0.0,0.0,316.63610000000006,4.4763,321.11240000000004,322.6165
2719,3.1791,0.0081,3.1872,0.5737,0.9974585843373495,0.0025414156626506024,182.1818,5.1728,0.0,0.0,0.0,182.1818,5.1728,187.3546,190.3587
2720,2.3902,0.0076,2.3977,0.4316,0.9968720023355716,0.003169704299954123,125.2728,4.5236,0.0,0.0,0.0,125.27280000000002,4.523600000000001,129.7964,130.2976
2721,3.0036,0.0068,3.0104,0.5419,0.9977411639649215,0.002258836035078395,163.6365,4.3142,0.0,0.0,0.0,163.63649999999998,4.3142,167.95069999999998,170.4493
2722,0.6146,0.0089,0.6235,0.1122,0.9857257417802726,0.014274258219727344,34.5456,5.5687,0.0,0.0,0.0,34.5456,5.5687,40.1143,40.1173
2723,36.2882,0.0084,36.2966,6.5334,0.9997685733649985,0.0002314266350016255,2030.7127,5.2533,0.0,0.0,0.0,2030.7126999999996,5.253299999999999,2035.9659999999997,2053.4636
2724,52.1391,0.0082,52.1474,9.3865,0.9998408357847179,0.00015724657413408917,2888.0403,5.2286,0.0,0.0,0.0,2888.0403000000006,5.2286,2893.2689000000005,2945.7656
2725,44.0654,0.0081,44.0735,7.9332,0.9998162160935709,0.00018378390642903328,2377.844,5.206,0.0,0.0,0.0,2377.844,5.2059999999999995,2383.05,2400.5487
2726,47.2386,0.0077,47.2463,8.5043,0.9998370242749167,0.00016297572508323403,2554.2764,4.8143,0.0,0.0,0.0,2554.2763999999997,4.814300000000001,2559.0906999999997,2577.0935
2727,8.665,0.0082,8.6732,1.5612,0.9990545588710049,0.0009454411289950654,465.9089,5.1211,0.0,0.0,0.0,465.9088999999999,5.121099999999999,471.0299999999999,474.0298
2728,44.8817,0.0073,44.889,8.08,0.9998373766401568,0.0001626233598431687,2521.5546,4.7766,0.0,0.0,0.0,2521.5546000000004,4.776599999999999,2526.3312000000005,2593.3299
2729,38.8849,0.0079,38.8928,7.0007,0.99979687757117,0.00020312242883001482,2210.8464,5.0611,0.0,0.0,0.0,2210.8464000000004,5.0611,2215.9075000000003,2239.907
2730,0.8872,0.0084,0.8957,0.1612,0.9905102154739309,0.00937814000223289,48.909,5.5257,0.0,0.0,0.0,48.909000000000006,5.5257,54.43470000000001,54.4375
2731,1.7002,0.0084,1.7086,0.3076,0.9950836942526045,0.004916305747395528,89.0,5.1236,0.0,0.0,0.0,88.99999999999999,5.1236,94.12359999999998,94.1247
2732,37.4238,0.008,37.4318,6.7377,0.9997862779775484,0.00021372202245149844,2048.4207,4.8285,0.0,0.0,0.0,2048.4206999999997,4.8285,2053.2491999999997,2056.7483
2733,40.1001,0.0072,40.1073,7.2193,0.99982048155822,0.00017951844177992534,2299.6637,4.7118,0.0,0.0,0.0,2299.6636999999996,4.7118,2304.3754999999996,2317.3711
2734,0.9231,0.0082,0.9313,0.1676,0.9911951036185976,0.008804896381402342,52.8181,5.1978,0.0,0.0,0.0,52.8181,5.1978,58.0159,59.0184
2735,6.2139,0.0084,6.2223,1.12,0.998650016874789,0.0013499831252109348,349.5453,5.5244,0.0,0.0,0.0,349.54530000000005,5.524400000000001,355.06970000000007,357.0692
2736,42.7546,0.0093,42.764,7.6975,0.9997801889439716,0.0002174726405387709,2389.6109,5.6985,0.0,0.0,0.0,2389.6109000000006,5.6985,2395.3094000000006,2431.8088
2737,0.8928,0.0076,0.9004,0.1621,0.991559306974678,0.008440693025322079,48.909,5.1295,0.0,0.0,0.0,48.90899999999999,5.1295,54.03849999999999,54.0382
2738,48.5238,0.008,48.5318,8.7357,0.999835159627296,0.00016484037270408268,2630.4119,4.9137,0.0,0.0,0.0,2630.411899999999,4.9137,2635.325599999999,2651.8286
2739,39.5098,0.0069,39.5167,7.113,0.9998253902780343,0.00017460972196564996,2106.816,4.4906,0.0,0.0,0.0,2106.816,4.490600000000001,2111.3066,2117.8108
2740,50.143,0.0069,50.1499,9.027,0.9998624124873629,0.00013758751263711393,2713.639,4.1604,0.0,0.0,0.0,2713.6390000000006,4.1604,2717.799400000001,2755.8013
2741,39.2134,0.0072,39.2206,7.0597,0.9998164230021979,0.0001835769978021754,2111.7047,4.6772,0.0,0.0,0.0,2111.7047,4.677200000000001,2116.3819,2128.3817
2742,35.6337,0.0069,35.6406,6.4153,0.999806400565647,0.00019359943435295703,1958.212,4.3988,0.0,0.0,0.0,1958.2119999999998,4.3988,1962.6107999999997,1974.606
2743,32.433,0.0074,32.4404,5.8393,0.9997718893725109,0.0002281106274891802,1803.9533,4.4131,0.0,0.0,0.0,1803.9533000000001,4.4131,1808.3664,1815.3659
2744,2.4487,0.008,2.4568,0.4422,0.9967030283295344,0.0032562683165092807,129.2726,5.1204,0.0,0.0,0.0,129.2726,5.1204,134.393,134.3975
2745,48.3891,0.007,48.396,8.7113,0.999857426233573,0.00014464005289693363,2683.5867,4.2845,0.0,0.0,0.0,2683.5867,4.2845,2687.8712,2708.8685
2746,3.5189,0.0077,3.5266,0.6348,0.9978165938864628,0.002183406113537118,195.8183,4.7458,0.0,0.0,0.0,195.8183,4.745799999999999,200.5641,202.5656
2747,0.349,0.007,0.356,0.0641,0.9803370786516854,0.01966292134831461,18.6365,4.7433,0.0,0.0,0.0,18.636499999999998,4.7433,23.379799999999996,23.3822
2748,52.1691,0.008,52.177,9.3919,0.9998485922916227,0.0001533242616478525,2903.3417,4.8333,0.0,0.0,0.0,2903.3417,4.8333,2908.1749999999997,2950.6734
2749,32.9922,0.0081,33.0003,5.9401,0.99975454768593,0.00024545231406987206,1810.2899,4.6831,0.0,0.0,0.0,1810.2899,4.6831,1814.973,1831.4751
2750,5.9352,0.0073,5.9426,1.0697,0.9987547538114631,0.0012284185373405581,327.6364,4.6934,0.0,0.0,0.0,327.6364,4.6934,332.3298,337.3308
2751,0.5671,0.0078,0.5749,0.1035,0.9864324230300924,0.01356757696990781,32.1818,4.7564,0.0,0.0,0.0,32.1818,4.7564,36.9382,36.9344
2752,0.706,0.0082,0.7142,0.1286,0.9885186222346681,0.011481377765331842,38.2728,4.7984,0.0,0.0,0.0,38.2728,4.798400000000001,43.0712,43.0714
2753,36.0501,0.0078,36.0579,6.4904,0.9997836812459961,0.00021631875400397694,2089.9393,5.2949,0.0,0.0,0.0,2089.9393,5.294899999999999,2095.2342,2121.2347
2754,9.1881,0.0081,9.1962,1.6553,0.9991192014092779,0.0008807985907222549,487.2728,5.3844,0.0,0.0,0.0,487.27279999999996,5.384399999999999,492.6572,497.1597
2755,0.2799,0.0079,0.2877,0.0518,0.9728884254431699,0.02745915884602016,15.9091,5.0516,0.0,0.0,0.0,15.909100000000002,5.0516000000000005,20.960700000000003,20.9637
2756,19.8319,0.0083,19.8401,3.5712,0.9995866956315745,0.0004183446656014839,1092.6658,5.2708,0.0,0.0,0.0,1092.6658,5.2707999999999995,1097.9366,1106.4331
2757,49.0012,0.007,49.0082,8.8215,0.9998571667598483,0.00014283324015164809,2648.3352,4.5932,0.0,0.0,0.0,2648.3352,4.5932,2652.9284,2667.4272
2758,49.5477,0.0082,49.5559,8.9201,0.9998345302981078,0.00016546970189220658,2602.2929,5.0665,0.0,0.0,0.0,2602.2929000000004,5.0665000000000004,2607.3594000000003,2642.364
2759,37.4052,0.0066,37.4118,6.7341,0.9998235850720896,0.00017641492791044538,1999.1805,4.3286,0.0,0.0,0.0,1999.1805000000002,4.3286,2003.5091000000002,2023.5064
2760,0.2872,0.0085,0.2957,0.0532,0.971254649983091,0.02874535001690903,15.909,5.0816,0.0,0.0,0.0,15.909000000000002,5.0816,20.9906,20.9944
2761,34.8107,0.0083,34.8191,6.2674,0.9997587530981559,0.0002383749149173873,1952.0046,4.8286,0.0,0.0,0.0,1952.0045999999998,4.828600000000001,1956.8331999999998,2003.3325
2762,19.9485,0.0086,19.9571,3.5923,0.9995690756673064,0.0004309243326936278,1087.3446,5.3331,0.0,0.0,0.0,1087.3446,5.333100000000001,1092.6777,1094.6804
2763,0.9914,0.0068,0.9982,0.1797,0.9931877379282709,0.006812262071729113,54.9088,4.4919,0.0,0.0,0.0,54.908800000000014,4.4919,59.400700000000015,59.4013
2764,0.7707,0.007,0.7777,0.14,0.9909990999099911,0.009000900090009001,42.4547,4.3197,0.0,0.0,0.0,42.4547,4.3197,46.7744,47.2731
2765,49.0073,0.0071,49.0144,8.8226,0.9998551446105634,0.00014485538943657375,2718.1046,4.6542,0.0,0.0,0.0,2718.1045999999997,4.6542,2722.7587999999996,2822.7565
2766,36.9389,0.0062,36.9451,6.6501,0.9998321834289257,0.00016781657107437794,2023.8329,3.9522,0.0,0.0,0.0,2023.8328999999999,3.9521999999999995,2027.7850999999998,2066.2878
2767,48.662,0.0067,48.6686,8.7604,0.9998643889489321,0.0001376657639628015,2739.603,4.3797,0.0,0.0,0.0,2739.603,4.3797,2743.9827,2772.4871
2768,4.3544,0.0084,4.3628,0.7853,0.9980746309709361,0.0019253690290639038,236.6363,5.3321,0.0,0.0,0.0,236.63629999999995,5.3321,241.96839999999995,241.9651
2769,2.6327,0.0071,2.6397,0.4752,0.9973481835057013,0.002689699587074289,147.9091,4.3411,0.0,0.0,0.0,147.90910000000002,4.3411,152.25020000000004,153.2539
2770,0.3762,0.0082,0.3843,0.0692,0.9789227166276346,0.021337496747332815,21.818,5.0749,0.0,0.0,0.0,21.818,5.0748999999999995,26.8929,26.8922
2771,0.4309,0.0086,0.4395,0.0791,0.9804323094425483,0.01956769055745165,24.8182,5.3226,0.0,0.0,0.0,24.818200000000004,5.3225999999999996,30.140800000000006,30.1379
2772,4.4002,0.0078,4.4081,0.7935,0.9982078446496222,0.0017694698396134387,239.2725,5.0172,0.0,0.0,0.0,239.27250000000004,5.0172,244.28970000000004,245.7916
2773,0.4157,0.008,0.4236,0.0763,0.9813503305004723,0.018885741265344667,23.3638,4.8128,0.0,0.0,0.0,23.363799999999998,4.812799999999999,28.176599999999997,28.1781
2774,0.3792,0.0083,0.3875,0.0698,0.9785806451612903,0.021419354838709676,21.0,5.1138,0.0,0.0,0.0,21.0,5.1137999999999995,26.113799999999998,26.114
2775,27.0163,0.0078,27.0241,4.8643,0.9997113687412347,0.00028863125876532424,1416.383,4.9604,0.0,0.0,0.0,1416.383,4.960399999999999,1421.3434,1429.3423
2776,27.6711,0.0068,27.678,4.982,0.9997507045306742,0.0002456824915095021,1489.6646,4.5474,0.0,0.0,0.0,1489.6645999999998,4.5474,1494.2119999999998,1512.7093
2777,41.4097,0.0074,41.4171,7.4551,0.999821329837193,0.00017867016280714973,2239.7851,4.7133,0.0,0.0,0.0,2239.7850999999996,4.713299999999999,2244.4983999999995,2259.0001
2778,35.0831,0.0071,35.0902,6.3162,0.9997976643051336,0.00020233569486637293,1935.8248,4.6653,0.0,0.0,0.0,1935.8248,4.6653,1940.4901,1944.992
2779,38.9908,0.0076,38.9984,7.0197,0.99980512021006,0.0001948797899401001,2139.6953,4.6437,0.0,0.0,0.0,2139.6953,4.6437,2144.339,2196.8407
2780,0.4764,0.007,0.4834,0.087,0.985519238725693,0.014480761274306992,26.7271,4.6892,0.0,0.0,0.0,26.727099999999997,4.6892,31.416299999999996,31.4114
2781,14.1758,0.0083,14.1841,2.5531,0.9994148377408506,0.0005851622591493291,824.2302,5.1513,0.0,0.0,0.0,824.2302,5.151300000000001,829.3815,841.3823
2782,5.8574,0.0077,5.8651,1.0557,0.9986871494092172,0.001312850590782766,323.9091,4.5072,0.0,0.0,0.0,323.9091,4.5072,328.41630000000004,328.9204
2783,31.3354,0.0091,31.3445,5.642,0.9997096779339278,0.0002903220660721977,1657.8638,5.4304,0.0,0.0,0.0,1657.8638,5.4304,1663.2942,1673.291
2784,0.6213,0.0085,0.6298,0.1134,0.9865036519530008,0.013496348046999047,34.9091,5.2862,0.0,0.0,0.0,34.909099999999995,5.2862,40.195299999999996,40.1945
2785,34.0133,0.0087,34.0219,6.1239,0.9997472216425303,0.0002557176406961398,1862.3617,5.2158,0.0,0.0,0.0,1862.3617,5.215800000000001,1867.5774999999999,1878.0775
2786,0.2881,0.0075,0.2956,0.0532,0.9746278755074427,0.02537212449255751,15.7272,4.7465,0.0,0.0,0.0,15.727200000000003,4.7465,20.473700000000004,20.4737
2787,3.1181,0.0082,3.1263,0.5627,0.9973770911300899,0.0026229088699101176,173.0,4.9168,0.0,0.0,0.0,173.0,4.916800000000001,177.9168,178.9137
2788,48.8399,0.0073,48.8472,8.7925,0.9998505543818273,0.00014944561817258718,2777.4451,4.6096,0.0,0.0,0.0,2777.4451,4.6096,2782.0546999999997,2802.5536
2789,9.216,0.0083,9.2243,1.6604,0.99910020272541,0.0008997972745899419,521.0,5.1556,0.0,0.0,0.0,521.0,5.155600000000001,526.1556,531.6594
2790,1.4307,0.0075,1.4382,0.2589,0.994785148101794,0.005214851898206091,74.2729,4.6441,0.0,0.0,0.0,74.27289999999999,4.6441,78.91699999999999,78.9197
2791,44.7789,0.008,44.7869,8.0616,0.9998213763399565,0.0001786236600434502,2471.1099,5.3159,0.0,0.0,0.0,2471.1099000000004,5.3159,2476.4258000000004,2503.4272
2792,4.0015,0.0081,4.0097,0.7217,0.9979549592238822,0.00202010125445794,218.5454,5.1425,0.0,0.0,0.0,218.54540000000006,5.142499999999999,223.68790000000007,224.1908
2793,16.9334,0.0068,16.9402,3.0492,0.9995985879741679,0.00040141202583204443,916.4249,4.618,0.0,0.0,0.0,916.4249,4.618,921.0429,924.542
2794,49.3711,0.0074,49.3786,8.8881,0.9998481123401636,0.0001498624910386281,2738.7024,4.7982,0.0,0.0,0.0,2738.7024,4.7982,2743.5006000000003,2797.5008
2795,32.9902,0.0078,32.9981,5.9397,0.999760592276525,0.00023637724596264632,1862.8452,5.1464,0.0,0.0,0.0,1862.8451999999997,5.1464,1867.9915999999998,1881.489
2796,48.9495,0.0079,48.9574,8.8123,0.9998386352216417,0.00016136477835832787,2631.9704,5.2011,0.0,0.0,0.0,2631.9703999999997,5.201099999999999,2637.1715,2698.6715
2797,0.4565,0.008,0.4645,0.0836,0.9827771797631862,0.017222820236813777,24.6364,4.7006,0.0,0.0,0.0,24.6364,4.7006,29.336999999999996,29.3365
2798,14.5395,0.0087,14.5482,2.6187,0.9994019878747887,0.0005980121252113663,771.7156,5.5661,0.0,0.0,0.0,771.7156,5.5661,777.2817,779.2807
2799,37.1126,0.0086,37.1212,6.6818,0.9997683264549637,0.0002316735450362596,2079.5456,5.4856,0.0,0.0,0.0,2079.5456,5.485600000000001,2085.0312,2104.0352
2800,15.6305,0.0089,15.6395,2.8151,0.9994245340324179,0.0005690719012756162,829.9235,5.3383,0.0,0.0,0.0,829.9234999999999,5.338299999999999,835.2617999999999,840.7609
2801,2.5237,0.0066,2.5303,0.4555,0.997391613642651,0.002608386357348931,132.2727,4.4188,0.0,0.0,0.0,132.27270000000001,4.4188,136.69150000000002,136.6933
2802,42.7021,0.0073,42.7094,7.6877,0.9998290774396269,0.0001709225603731263,2451.4683,4.8243,0.0,0.0,0.0,2451.4682999999995,4.8243,2456.2925999999998,2486.2877
2803,1.3676,0.0081,1.3757,0.2476,0.9941120883913644,0.005887911608635604,72.8182,5.2511,0.0,0.0,0.0,72.81819999999999,5.2511,78.06929999999998,78.0722
2804,49.9685,0.0081,49.9766,8.9958,0.9998379241485015,0.0001620758514985013,2634.2445,4.8687,0.0,0.0,0.0,2634.2445000000002,4.8687000000000005,2639.1132000000002,2736.1171
2805,1.3511,0.0073,1.3585,0.2445,0.9945528156054472,0.005373573794626426,76.9091,4.7902,0.0,0.0,0.0,76.90910000000002,4.7902000000000005,81.69930000000002,82.6969
2806,0.7564,0.0064,0.7628,0.1373,0.9916098584163607,0.008390141583639224,43.7272,4.06,0.0,0.0,0.0,43.7272,4.06,47.787200000000006,47.787
2807,11.6747,0.007,11.6817,2.1027,0.9994007721478895,0.0005992278521105662,687.4544,4.3463,0.0,0.0,0.0,687.4544000000001,4.346299999999999,691.8007000000001,695.7982
2808,40.1259,0.0073,40.1332,7.224,0.9998181057079923,0.00018189429200761464,2246.9655,4.5974,0.0,0.0,0.0,2246.9655000000002,4.5974,2251.5629000000004,2261.5594
2809,33.6464,0.0085,33.6549,6.0579,0.9997474364802749,0.0002525635197252109,1851.6329,5.5544,0.0,0.0,0.0,1851.6328999999998,5.5544,1857.1872999999998,1880.6896
2810,38.7417,0.0077,38.7494,6.9749,0.999801287245738,0.00019871275426200147,2119.2925,4.6959,0.0,0.0,0.0,2119.2924999999996,4.695900000000001,2123.9883999999997,2127.989
2811,51.4652,0.0081,51.4733,9.2652,0.9998426368622179,0.00015736313778211226,2744.61,5.0705,0.0,0.0,0.0,2744.61,5.0705,2749.6805,2776.684
2812,14.9006,0.0081,14.9086,2.6836,0.9994633969655099,0.000543310572421287,876.7232,4.9817,0.0,0.0,0.0,876.7232,4.9817,881.7049000000001,890.7038
2813,48.3456,0.0079,48.3536,8.7036,0.999834552132623,0.00016337976903477717,2714.5589,4.7344,0.0,0.0,0.0,2714.5588999999995,4.7344,2719.2932999999994,2757.293
2814,0.376,0.0078,0.3838,0.0691,0.9796769150599272,0.020323084940072955,20.3636,5.1127,0.0,0.0,0.0,20.363600000000005,5.1127,25.476300000000005,25.4718
2815,2.0318,0.0082,2.04,0.3672,0.9959803921568627,0.004019607843137255,119.5457,5.0956,0.0,0.0,0.0,119.54570000000001,5.0956,124.64130000000002,124.6426
2816,2.7267,0.0076,2.7343,0.4922,0.9972204951907252,0.0027795048092747686,161.7273,5.004,0.0,0.0,0.0,161.72729999999999,5.004,166.73129999999998,166.7324
2817,47.7389,0.008,47.7469,8.5944,0.9998324498553833,0.0001675501446167186,2713.3654,4.6797,0.0,0.0,0.0,2713.3653999999997,4.6797,2718.0451,2791.5467
2818,3.2699,0.008,3.2779,0.59,0.9975594130388359,0.00244058696116416,180.909,5.1068,0.0,0.0,0.0,180.90900000000002,5.1068,186.0158,187.0194
2819,43.1293,0.0081,43.1374,7.7647,0.9998122279043243,0.00018777209567567819,2489.4108,5.4853,0.0,0.0,0.0,2489.410799999999,5.4853000000000005,2494.896099999999,2534.8974
2820,0.444,0.0088,0.4528,0.0815,0.9805653710247351,0.01943462897526502,23.2726,5.1762,0.0,0.0,0.0,23.272599999999994,5.176199999999999,28.44879999999999,28.446
2821,48.5913,0.0073,48.5986,8.7478,0.9998497899116435,0.00015021008835645473,2647.8029,4.8315,0.0,0.0,0.0,2647.8029000000006,4.8315,2652.6344000000004,2689.1318
2822,16.8982,0.0091,16.9073,3.0433,0.9994617709510093,0.0005382290489906727,932.2673,5.6082,0.0,0.0,0.0,932.2673,5.6082,937.8755,949.8762
2823,49.5216,0.0077,49.5292,8.9153,0.9998465551634187,0.00015546384758889704,2781.2727,4.6704,0.0,0.0,0.0,2781.2727000000004,4.670400000000001,2785.9431000000004,2813.4392
2824,0.2185,0.0084,0.2269,0.0408,0.9629792860290878,0.0370207139709123,12.0,4.9703,0.0,0.0,0.0,11.999999999999998,4.9703,16.970299999999998,16.9678
2825,0.8449,0.0087,0.8536,0.1536,0.9898078725398313,0.010192127460168697,45.2726,5.5278,0.0,0.0,0.0,45.2726,5.5278,50.800399999999996,50.8011
2826,0.1248,0.0087,0.1335,0.024,0.9348314606741572,0.06516853932584268,7.0001,5.4738,0.0,0.0,0.0,7.0001000000000015,5.473799999999999,12.4739,12.4787
2827,5.0518,0.0091,5.0609,0.911,0.9982019008476752,0.0017980991523246853,281.6362,5.7049,0.0,0.0,0.0,281.6362,5.7049,287.3411,287.3369
2828,32.5662,0.0078,32.5741,5.8633,0.9997574760315712,0.00023945404477790635,1783.5697,4.7968,0.0,0.0,0.0,1783.5697,4.796799999999999,1788.3665,1800.8636
2829,30.5917,0.0088,30.6004,5.5081,0.9997156899909805,0.000287577940157645,1610.2726,5.7241,0.0,0.0,0.0,1610.2726,5.7241,1615.9967,1628.995
2830,37.2594,0.0085,37.2679,6.7082,0.9997719216805885,0.00022807831941161163,2041.1207,5.3541,0.0,0.0,0.0,2041.1207,5.3541,2046.4748,2059.4727
2831,3.7713,0.008,3.7794,0.6803,0.9978568026670901,0.002116738106577764,204.1818,4.8924,0.0,0.0,0.0,204.18180000000004,4.892399999999999,209.07420000000005,209.5746
2832,16.005,0.0097,16.0147,2.8826,0.9993943064809205,0.0006056935190793458,922.7238,6.0683,0.0,0.0,0.0,922.7238000000001,6.068300000000001,928.7921000000001,938.2872
2833,20.6672,0.0074,20.6746,3.7214,0.9996420728817003,0.00035792711829974946,1105.1819,4.4371,0.0,0.0,0.0,1105.1819,4.4371,1109.6190000000001,1117.123
2834,0.6241,0.0083,0.6324,0.1138,0.9868753953194181,0.013124604680581912,34.0909,5.1691,0.0,0.0,0.0,34.090900000000005,5.1691,39.260000000000005,39.2633
2835,35.2955,0.0071,35.3026,6.3545,0.9997988816687723,0.0002011183312277283,2040.7395,4.5898,0.0,0.0,0.0,2040.7395000000001,4.5898,2045.3293,2055.3299
2836,11.4016,0.0075,11.4091,2.0536,0.9993426300058725,0.0006573699941274947,623.091,4.6759,0.0,0.0,0.0,623.091,4.6759,627.7669,629.2636
2837,0.9608,0.0078,0.9686,0.1743,0.9919471402023539,0.008052859797646087,52.1819,4.9601,0.0,0.0,0.0,52.1819,4.960100000000001,57.141999999999996,57.1415
2838,7.1025,0.0074,7.1099,1.2798,0.9989591977383648,0.0010408022616351848,413.9093,4.5209,0.0,0.0,0.0,413.90930000000003,4.5209,418.4302,422.9305
2839,46.986,0.0085,46.9945,8.459,0.9998191277702709,0.00018087222972901085,2548.5198,5.5102,0.0,0.0,0.0,2548.5197999999996,5.5102,2554.0299999999997,2584.0305
2840,21.2658,0.0076,21.2733,3.8292,0.9996474453892907,0.0003572553388519882,1136.501,4.7611,0.0,0.0,0.0,1136.501,4.761100000000001,1141.2621,1154.2662
2841,0.2827,0.0074,0.2901,0.0522,0.9744915546363322,0.0255084453636677,15.7272,4.6357,0.0,0.0,0.0,15.727200000000003,4.635700000000001,20.362900000000003,20.3619
2842,11.3458,0.0071,11.353,2.0435,0.9993658063947856,0.0006253853606976131,643.7274,4.7584,0.0,0.0,0.0,643.7274000000001,4.7584,648.4858000000002,652.983
2843,1.4223,0.0069,1.4292,0.2573,0.9951721242653232,0.004827875734676742,73.818,4.4134,0.0,0.0,0.0,73.81799999999998,4.4134,78.23139999999998,78.7312
2844,46.2506,0.0079,46.2585,8.3265,0.999829220575678,0.00017077942432201651,2516.7071,4.8433,0.0,0.0,0.0,2516.7071000000005,4.843299999999999,2521.5504000000005,2543.5456
2845,1.7143,0.0079,1.7222,0.31,0.9954128440366973,0.0045871559633027525,98.6364,4.6653,0.0,0.0,0.0,98.63640000000001,4.6653,103.30170000000001,103.8019
2846,49.5819,0.0074,49.5892,8.9261,0.9998527905269695,0.0001492260411541223,2740.5964,4.5307,0.0,0.0,0.0,2740.5964000000004,4.5307,2745.1271,2783.1248
2847,50.6027,0.0082,50.6109,9.11,0.9998379795656667,0.00016202043433331557,2715.5354,5.0864,0.0,0.0,0.0,2715.5354000000007,5.086399999999999,2720.621800000001,2758.6208
2848,35.474,0.0086,35.4826,6.3869,0.9997576276823006,0.00024237231769937942,1957.2106,5.5656,0.0,0.0,0.0,1957.2105999999999,5.5656,1962.7761999999998,1975.7769
2849,51.4993,0.0071,51.5064,9.2711,0.9998621530528244,0.00013784694717549665,2813.574,4.6043,0.0,0.0,0.0,2813.5740000000005,4.604299999999999,2818.1783000000005,2858.1802
2850,0.4729,0.0065,0.4794,0.0863,0.9864413850646642,0.013558614935335837,25.1819,4.3206,0.0,0.0,0.0,25.181900000000002,4.3206,29.5025,29.506
2851,43.0794,0.0083,43.0876,7.7558,0.9998096900268291,0.00019263082650228835,2417.5268,5.0925,0.0,0.0,0.0,2417.5268,5.0925,2422.6193000000003,2456.1191
2852,4.224,0.0083,4.2322,0.7618,0.9980624734180805,0.001961154954869808,235.6363,5.4016,0.0,0.0,0.0,235.63629999999998,5.4016,241.03789999999998,242.0405
2853,41.0497,0.0075,41.0571,7.3903,0.9998197632078253,0.00018267242450148696,2385.738,4.7978,0.0,0.0,0.0,2385.7379999999994,4.7978,2390.535799999999,2418.0375
2854,0.2543,0.0098,0.264,0.0475,0.9632575757575758,0.03712121212121212,13.2727,5.7012,0.0,0.0,0.0,13.272699999999997,5.7012,18.973899999999997,18.9705
2855,0.8625,0.0083,0.8708,0.1568,0.9904685346807534,0.00953146531924667,47.7272,5.1025,0.0,0.0,0.0,47.727199999999996,5.1025,52.829699999999995,52.8293
2856,45.7304,0.0084,45.7388,8.233,0.9998163484831261,0.00018365151687407626,2616.2728,4.9967,0.0,0.0,0.0,2616.2728000000006,4.9967,2621.269500000001,2637.7648
2857,33.5994,0.0067,33.6061,6.0491,0.999800631432984,0.00019936856701610722,1859.2666,4.1896,0.0,0.0,0.0,1859.2666,4.1895999999999995,1863.4561999999999,1874.9585
2858,48.9589,0.0081,48.967,8.8141,0.999834582473911,0.0001654175260889987,2720.6644,5.2879,0.0,0.0,0.0,2720.6643999999997,5.2879000000000005,2725.9522999999995,2754.9538
2859,8.7909,0.0075,8.7984,1.5837,0.9991475722858701,0.0008524277141298416,496.2728,4.6,0.0,0.0,0.0,496.2728,4.6,500.87280000000004,505.8685
2860,46.199,0.0086,46.2076,8.3174,0.9998138834304313,0.0001861165695686424,2562.3456,5.5764,0.0,0.0,0.0,2562.3456,5.5764,2567.922,2603.9173
2861,1.5801,0.0075,1.5876,0.2858,0.9952758881330311,0.00472411186696901,88.3637,4.6412,0.0,0.0,0.0,88.3637,4.641200000000001,93.00489999999999,94.0077
2862,31.9878,0.0086,31.9964,5.7594,0.9997312197622232,0.0002687802377767499,1708.9745,5.1829,0.0,0.0,0.0,1708.9744999999998,5.182899999999999,1714.1573999999998,1728.1624
2863,0.4982,0.008,0.5062,0.0911,0.9841959699723429,0.015804030027657054,27.3637,4.9363,0.0,0.0,0.0,27.363699999999998,4.9363,32.3,32.3043
2864,4.3056,0.0082,4.3138,0.7765,0.9980991237424082,0.0019008762575919147,248.0,5.2942,0.0,0.0,0.0,248.00000000000003,5.2942,253.29420000000002,254.2959
2865,2.4671,0.0078,2.4749,0.4455,0.9968483575093943,0.003151642490605681,134.5456,4.8661,0.0,0.0,0.0,134.54559999999998,4.8661,139.41169999999997,139.9077
2866,18.3404,0.0073,18.3478,3.3026,0.9995966818910169,0.0003978678642671056,1051.8034,4.4619,0.0,0.0,0.0,1051.8034,4.4619,1056.2653,1085.2632
2867,50.3948,0.0091,50.4038,9.0727,0.9998214420341324,0.00018054194326618233,2801.1687,5.3715,0.0,0.0,0.0,2801.1687,5.3715,2806.5402000000004,2845.5451
2868,44.578,0.0075,44.5854,8.0254,0.999834026385319,0.000168216501365918,2572.7169,4.5269,0.0,0.0,0.0,2572.7169,4.5268999999999995,2577.2437999999997,2599.2407
2869,15.8553,0.008,15.8633,2.8554,0.9994956913126524,0.0005043086873475254,877.0001,5.3312,0.0,0.0,0.0,877.0001,5.331199999999999,882.3312999999999,883.836
2870,0.7771,0.0072,0.7843,0.1412,0.9908198393471886,0.009180160652811424,42.3637,4.5008,0.0,0.0,0.0,42.3637,4.500800000000001,46.8645,46.8661
2871,51.544,0.0077,51.5517,9.2793,0.9998506353815684,0.00014936461843159394,2841.478,4.9027,0.0,0.0,0.0,2841.478,4.9027,2846.3807,2872.8771
2872,1.6755,0.0073,1.6828,0.3029,0.9956619919182315,0.004338008081768481,97.9092,4.6935,0.0,0.0,0.0,97.90919999999998,4.6935,102.60269999999998,102.598
2873,26.24,0.0073,26.2473,4.7245,0.9997218761548806,0.0002781238451193075,1461.8798,4.4371,0.0,0.0,0.0,1461.8798,4.4371,1466.3169,1513.8187
2874,0.4941,0.0078,0.5019,0.0903,0.9844590555887627,0.015540944411237297,27.3636,4.8864,0.0,0.0,0.0,27.3636,4.8864,32.25,32.2501
2875,0.5757,0.0078,0.5835,0.105,0.9866323907455012,0.013367609254498713,31.5455,5.1074,0.0,0.0,0.0,31.5455,5.1074,36.6529,36.6502
2876,14.8187,0.0086,14.8274,2.6689,0.9994132484454455,0.0005800072838124013,835.9845,5.3051,0.0,0.0,0.0,835.9845,5.3051,841.2896000000001,853.7851
2877,53.095,0.0088,53.1038,9.5587,0.9998342868118666,0.00016571318813342925,2862.5712,5.657,0.0,0.0,0.0,2862.5712000000003,5.657,2868.2282000000005,2876.2282
2878,2.2167,0.009,2.2257,0.4006,0.9959563283461383,0.0040436716538617065,120.9091,5.3979,0.0,0.0,0.0,120.9091,5.3979,126.30699999999999,128.8024
2879,16.8325,0.0083,16.8408,3.0314,0.9995071493040709,0.0004928506959289345,931.2538,5.3537,0.0,0.0,0.0,931.2538000000002,5.3537,936.6075000000002,952.6057
2880,17.5648,0.0082,17.573,3.1631,0.9995333750640187,0.00046662493598133504,948.7773,5.0606,0.0,0.0,0.0,948.7773,5.0606,953.8379,959.834
2881,0.5998,0.0084,0.6082,0.1095,0.986188753699441,0.013811246300559027,32.5455,5.1763,0.0,0.0,0.0,32.5455,5.1762999999999995,37.721799999999995,37.7169
2882,0.8344,0.009,0.8434,0.1518,0.9893289068057861,0.010671093194213895,43.909,5.4256,0.0,0.0,0.0,43.909000000000006,5.4256,49.33460000000001,50.8381
2883,0.3275,0.0086,0.3361,0.0605,0.97441237726867,0.02558762273132996,17.3636,5.6565,0.0,0.0,0.0,17.3636,5.6565,23.020100000000003,23.0216
2884,43.7704,0.0076,43.778,7.88,0.9998263968203208,0.00017360317967929096,2403.8415,4.9573,0.0,0.0,0.0,2403.8415,4.9573,2408.7988,2423.7942
2885,25.1374,0.0074,25.1447,4.5261,0.9997096803700183,0.0002942966112142917,1401.2328,4.5335,0.0,0.0,0.0,1401.2327999999998,4.5335,1405.7662999999998,1418.7705
2886,0.2494,0.0078,0.2572,0.0463,0.9696734059097979,0.030326594090202177,13.7273,4.6967,0.0,0.0,0.0,13.727300000000003,4.6967,18.424000000000003,18.4221
2887,37.3364,0.0079,37.3442,6.722,0.9997911322240133,0.0002115455679864611,2005.7755,4.9327,0.0,0.0,0.0,2005.7755,4.9327000000000005,2010.7082,2025.2054
2888,9.2412,0.0069,9.2481,1.6646,0.9992539008012454,0.0007460991987543387,523.1818,4.2369,0.0,0.0,0.0,523.1818,4.2369,527.4187,528.4213
2889,0.3826,0.0086,0.3912,0.0704,0.9780163599182005,0.02198364008179959,20.9094,5.2482,0.0,0.0,0.0,20.909400000000005,5.2482,26.157600000000006,26.1583
2890,0.7611,0.0082,0.7693,0.1385,0.9893409593136618,0.010659040686338231,42.2727,5.1065,0.0,0.0,0.0,42.2727,5.1065000000000005,47.3792,48.3828
2891,40.692,0.0074,40.6994,7.3259,0.999818179137776,0.00018182086222401315,2300.8772,4.8388,0.0,0.0,0.0,2300.8772,4.8388,2305.716,2347.2184
2892,5.7719,0.0079,5.7798,1.0404,0.998633170697948,0.0013668293020519743,330.0909,5.202,0.0,0.0,0.0,330.09090000000003,5.201999999999999,335.29290000000003,339.7884
2893,11.0645,0.008,11.0724,1.993,0.9992865142155269,0.0007225172500993462,576.3634,5.0635,0.0,0.0,0.0,576.3634,5.0634999999999994,581.4268999999999,582.9303
2894,49.7013,0.0077,49.709,8.9476,0.9998450984731135,0.0001549015268864793,2762.6209,5.1417,0.0,0.0,0.0,2762.6209000000003,5.141699999999998,2767.7626000000005,2819.7673
2895,42.0208,0.0089,42.0297,7.5653,0.9997882449791458,0.00021175502085430065,2283.9999,5.3367,0.0,0.0,0.0,2283.9999000000007,5.3366999999999996,2289.3366000000005,2316.3351
2896,7.3031,0.0071,7.3102,1.3158,0.9990287543432463,0.0009712456567535772,401.8184,4.6941,0.0,0.0,0.0,401.81839999999994,4.694100000000001,406.51249999999993,409.0114
2897,16.1007,0.0079,16.1086,2.8995,0.9995095787343407,0.0004904212656593373,863.7574,4.971,0.0,0.0,0.0,863.7573999999998,4.971,868.7283999999999,872.2305
2898,1.64,0.0069,1.6469,0.2964,0.9958103102799197,0.004189689720080151,90.909,4.2086,0.0,0.0,0.0,90.90900000000002,4.2086,95.11760000000002,95.1192
2899,47.6255,0.0079,47.6334,8.574,0.9998341499871939,0.00016585001280614023,2751.2511,4.6823,0.0,0.0,0.0,2751.2510999999995,4.682300000000001,2755.9333999999994,2810.9316
2900,5.652,0.0076,5.6596,1.0187,0.9986571489151177,0.0013428510848823238,305.7273,4.7228,0.0,0.0,0.0,305.7273,4.722799999999999,310.4501,313.4513
2901,3.2067,0.0071,3.2138,0.5785,0.9977907772730101,0.002209222726989856,172.9092,4.3986,0.0,0.0,0.0,172.90920000000003,4.398600000000001,177.30780000000001,178.8111
2902,31.3977,0.0083,31.406,5.6531,0.9997357192893078,0.00026428071069222446,1833.4198,5.0979,0.0,0.0,0.0,1833.4197999999997,5.0979,1838.5176999999996,1858.513
2903,0.7806,0.0073,0.7878,0.1418,0.9908606245239909,0.009266311246509267,42.0,4.4931,0.0,0.0,0.0,42.0,4.4931,46.4931,46.4961
2904,13.1529,0.0079,13.1609,2.369,0.99939213883549,0.0006002628999536506,698.3638,5.3979,0.0,0.0,0.0,698.3638000000001,5.3979,703.7617000000001,705.2573
2905,19.5663,0.007,19.5733,3.5232,0.999642369963164,0.0003576300368358938,1086.066,4.4248,0.0,0.0,0.0,1086.066,4.4248,1090.4908,1094.4876
2906,47.8525,0.0084,47.8609,8.615,0.9998244913906759,0.0001755086093241038,2645.3719,5.3893,0.0,0.0,0.0,2645.3719,5.3893,2650.7612,2700.2589
2907,10.3124,0.0076,10.32,1.8576,0.9992635658914729,0.0007364341085271317,548.1819,4.8377,0.0,0.0,0.0,548.1819,4.8377,553.0196000000001,556.0227
2908,7.7119,0.0076,7.7195,1.3895,0.99901548027722,0.0009845197227799727,434.2727,5.1567,0.0,0.0,0.0,434.2727,5.156699999999999,439.4294,444.9269
2909,46.5625,0.007,46.5695,8.3825,0.9998496870269168,0.00015031297308324118,2622.9101,4.796,0.0,0.0,0.0,2622.9101000000005,4.796,2627.7061000000003,2707.2038
2910,0.2367,0.0077,0.2444,0.044,0.968494271685761,0.03150572831423895,12.8182,4.9205,0.0,0.0,0.0,12.818200000000001,4.9205,17.7387,17.7361
2911,5.2253,0.008,5.2333,0.942,0.9984713278428525,0.001528672157147498,279.8182,4.5476,0.0,0.0,0.0,279.8182,4.5476,284.3658,285.8651
2912,39.91,0.0067,39.9167,7.185,0.999832150453319,0.0001678495466809631,2115.5416,4.137,0.0,0.0,0.0,2115.5415999999996,4.137,2119.6785999999997,2125.1809
2913,0.424,0.0073,0.4313,0.0776,0.9830744261534894,0.01692557384651055,22.5453,4.4647,0.0,0.0,0.0,22.5453,4.464700000000001,27.01,27.0098
2914,1.4958,0.0077,1.5035,0.2706,0.9948786165613568,0.005121383438643166,82.9999,4.912,0.0,0.0,0.0,82.99989999999998,4.912,87.91189999999999,88.4137
2915,31.4432,0.0084,31.4516,5.6613,0.999732922967353,0.00026707703264698777,1709.1733,5.1793,0.0,0.0,0.0,1709.1733000000004,5.1793,1714.3526000000004,1728.3534
2916,33.4729,0.0072,33.4801,6.0264,0.9997849468788923,0.0002150531211077625,1909.3186,4.7711,0.0,0.0,0.0,1909.3185999999998,4.7711,1914.0896999999998,1930.5864
2917,0.6213,0.0072,0.6285,0.1131,0.9885441527446301,0.011455847255369928,34.9093,4.6497,0.0,0.0,0.0,34.909299999999995,4.6497,39.559,40.5581
2918,46.2915,0.0073,46.2988,8.3338,0.9998423285268733,0.0001576714731267333,2699.8633,4.3414,0.0,0.0,0.0,2699.8633,4.3414,2704.2047,2742.7088
2919,38.0808,0.0084,38.0892,6.8561,0.9997794650452098,0.00022053495479033427,2056.1793,5.1669,0.0,0.0,0.0,2056.1793,5.166899999999999,2061.3462,2073.3426
2920,7.5083,0.0085,7.5168,1.353,0.9988691996594296,0.0011308003405704557,391.9998,5.6124,0.0,0.0,0.0,391.9998,5.6124,397.6122,402.1134
2921,18.3762,0.0083,18.3845,3.3092,0.9995485327313771,0.00045146726862302486,969.1538,5.2519,0.0,0.0,0.0,969.1537999999998,5.251900000000001,974.4056999999998,1001.4044
2922,2.3551,0.0089,2.364,0.4255,0.9962351945854485,0.0037648054145516074,128.2727,5.2186,0.0,0.0,0.0,128.27270000000001,5.2185999999999995,133.49130000000002,133.9911
2923,0.4173,0.0081,0.4255,0.0766,0.9807285546415981,0.019036427732079905,22.6365,5.1432,0.0,0.0,0.0,22.6365,5.143199999999999,27.779700000000002,27.7753
2924,40.6918,0.0073,40.6991,7.3258,0.9998206348543334,0.0001793651456666118,2252.4022,4.2032,0.0,0.0,0.0,2252.4022,4.203200000000001,2256.6054,2268.1097
2925,48.3827,0.0099,48.3925,8.7107,0.9997974892803637,0.0002045771555509635,2670.2449,6.0391,0.0,0.0,0.0,2670.2449,6.0391,2676.284,2724.2858
2926,45.7864,0.0073,45.7937,8.2429,0.9998405894260564,0.0001594105739435774,2558.7451,4.6028,0.0,0.0,0.0,2558.7450999999996,4.6028,2563.3478999999998,2623.3471
2927,46.9343,0.0098,46.9442,8.4499,0.9997891113279169,0.00020875848347612697,2528.767,5.9421,0.0,0.0,0.0,2528.7670000000003,5.942099999999999,2534.7091000000005,2553.7136
2928,13.3694,0.0077,13.3771,2.4079,0.9994243894416578,0.0005756105583422416,751.0,4.994,0.0,0.0,0.0,751.0,4.994,755.994,761.9896
2929,13.9575,0.009,13.9665,2.514,0.9993556009021587,0.000644399097841263,782.3427,5.8814,0.0,0.0,0.0,782.3426999999999,5.8814,788.2240999999999,791.724
2930,1.1775,0.0087,1.1863,0.2135,0.9925819775773413,0.007333726713310292,64.0,5.1224,0.0,0.0,0.0,64.0,5.1224,69.1224,70.121
2931,3.259,0.0084,3.2674,0.5881,0.9974291485584869,0.0025708514415131297,185.1821,5.0333,0.0,0.0,0.0,185.1821,5.0333,190.2154,191.2192
2932,15.4576,0.0061,15.4638,2.7835,0.9995990636195501,0.0003944696646361179,832.2499,3.7038,0.0,0.0,0.0,832.2499,3.7038,835.9537,839.4544
2933,1.0846,0.0062,1.0908,0.1964,0.9943160982764944,0.005683901723505684,59.3636,3.9041,0.0,0.0,0.0,59.3636,3.9041,63.2677,63.2683
2934,0.8323,0.0071,0.8394,0.1511,0.9915415773171313,0.008458422682868717,46.2729,4.6968,0.0,0.0,0.0,46.27289999999999,4.6968,50.96969999999999,50.9667
2935,1.3151,0.0071,1.3221,0.238,0.9947053929354813,0.0053702443082974055,72.3636,4.5977,0.0,0.0,0.0,72.36359999999999,4.597700000000001,76.9613,78.4572
2936,44.1909,0.008,44.199,7.9558,0.9998167379352474,0.00018099957012602096,2363.4415,5.3024,0.0,0.0,0.0,2363.4415,5.3024,2368.7439,2379.2455
2937,0.4216,0.0067,0.4283,0.0771,0.9843567592808778,0.015643240719122112,23.2729,4.3246,0.0,0.0,0.0,23.272900000000007,4.3246,27.597500000000007,27.6
2938,35.3031,0.0065,35.3096,6.3557,0.9998159140856877,0.00018408591431225499,1912.5454,4.3464,0.0,0.0,0.0,1912.5453999999997,4.3464,1916.8917999999996,1926.8885
2939,2.8996,0.0084,2.9079,0.5234,0.997145706523608,0.0028886825544207156,162.5455,5.1463,0.0,0.0,0.0,162.54550000000003,5.1463,167.69180000000003,169.1957
2940,2.5286,0.0094,2.538,0.4568,0.9962962962962963,0.0037037037037037043,135.6364,5.51,0.0,0.0,0.0,135.6364,5.51,141.1464,141.1428
2941,42.6312,0.0062,42.6374,7.6747,0.9998545877562891,0.00014541224371092046,2288.1821,4.1111,0.0,0.0,0.0,2288.1821000000004,4.1110999999999995,2292.2932000000005,2320.2965
2942,2.5374,0.0089,2.5463,0.4583,0.9965047323567529,0.0034952676432470644,140.8181,5.6816,0.0,0.0,0.0,140.8181,5.6816,146.4997,146.5036
2943,43.3779,0.0059,43.3837,7.8091,0.9998663092359573,0.00013599577721586678,2361.3222,3.5272,0.0,0.0,0.0,2361.3222,3.5272000000000006,2364.8494,2389.8462
2944,29.7138,0.0081,29.7219,5.3499,0.999727473681023,0.000272526318976916,1596.4646,4.8687,0.0,0.0,0.0,1596.4646000000002,4.8687000000000005,1601.3333000000002,1607.8285
2945,0.3813,0.0081,0.3894,0.0701,0.9791987673343604,0.020801232665639442,21.2726,4.9548,0.0,0.0,0.0,21.2726,4.9548000000000005,26.227400000000003,26.2298
2946,1.912,0.0088,1.9208,0.3457,0.9954185755935027,0.004581424406497293,110.4545,5.6813,0.0,0.0,0.0,110.45450000000002,5.681300000000001,116.13580000000003,116.1382
2947,3.265,0.0079,3.2729,0.5891,0.997586238504079,0.002413761495921049,172.9091,4.7899,0.0,0.0,0.0,172.90910000000002,4.789899999999999,177.699,179.7022
2948,10.0637,0.0097,10.0733,1.8132,0.9990469855955845,0.0009629416377949629,566.6363,5.7581,0.0,0.0,0.0,566.6362999999999,5.758100000000001,572.3943999999999,576.8924
2949,2.8631,0.0076,2.8708,0.5167,0.9973178208164972,0.0026473456876132087,157.7274,4.8448,0.0,0.0,0.0,157.7274,4.8448,162.57219999999998,162.5719
2950,3.4197,0.0086,3.4283,0.6171,0.9974914680745559,0.0025085319254440977,184.0001,5.447,0.0,0.0,0.0,184.00010000000003,5.447000000000001,189.44710000000003,190.4495
2951,38.0834,0.009,38.0924,6.8566,0.9997637323980636,0.00023626760193634424,2129.259,5.4546,0.0,0.0,0.0,2129.259,5.454599999999999,2134.7136,2146.7102
2952,1.9689,0.0103,1.9793,0.3563,0.9947456171373719,0.005203859950487546,109.1816,6.2099,0.0,0.0,0.0,109.18159999999999,6.2099,115.3915,115.887
2953,6.7977,0.0074,6.8051,1.2249,0.9989125802706793,0.0010874197293206567,379.5454,4.7353,0.0,0.0,0.0,379.54540000000003,4.7353,384.2807,386.281
2954,0.7762,0.007,0.7832,0.141,0.9910623084780388,0.008937691521961185,41.3636,4.3333,0.0,0.0,0.0,41.363600000000005,4.333300000000001,45.69690000000001,45.7001
2955,30.4425,0.0071,30.4496,5.4809,0.9997668278072618,0.00023317219273816405,1607.3559,4.7549,0.0,0.0,0.0,1607.3558999999998,4.754899999999999,1612.1107999999997,1616.1059
2956,20.185,0.0081,20.1931,3.6348,0.9995988728823211,0.000401127117678811,1085.1617,5.1721,0.0,0.0,0.0,1085.1616999999999,5.1720999999999995,1090.3337999999999,1093.3374
2957,6.6558,0.0068,6.6626,1.1993,0.9989793774202264,0.001020622579773662,357.0001,4.244,0.0,0.0,0.0,357.0001,4.244,361.2441,364.2415
2958,3.9148,0.0065,3.9214,0.7058,0.9983169276278879,0.0016575712755648492,205.0001,4.2512,0.0,0.0,0.0,205.00010000000003,4.2512,209.25130000000004,209.7542
2959,5.1937,0.0074,5.2011,0.9362,0.9985772240487588,0.0014227759512410836,302.2726,4.4886,0.0,0.0,0.0,302.2726,4.488600000000001,306.76120000000003,308.7657
2960,9.5492,0.0081,9.5573,1.7203,0.9991524803030145,0.0008475196969855502,528.9091,4.9177,0.0,0.0,0.0,528.9091,4.9177,533.8267999999999,537.8244
2961,15.1245,0.0078,15.1323,2.7238,0.9994845463016196,0.0005154536983802858,847.5894,4.8053,0.0,0.0,0.0,847.5894,4.8053,852.3947,862.8988
2962,2.5957,0.0075,2.6032,0.4686,0.997118930547019,0.002881069452980946,141.2728,5.0347,0.0,0.0,0.0,141.27280000000002,5.034699999999999,146.3075,147.3048
2963,0.5745,0.008,0.5825,0.1048,0.9862660944206009,0.013733905579399141,31.8183,5.143,0.0,0.0,0.0,31.818299999999997,5.143000000000001,36.961299999999994,36.9584
2964,9.5054,0.007,9.5124,1.7122,0.9992641184138599,0.000735881586140196,518.727,4.5095,0.0,0.0,0.0,518.727,4.509500000000001,523.2365,525.7381
2965,3.6655,0.0078,3.6733,0.6612,0.9978765687528927,0.0021234312471075057,201.0907,4.7075,0.0,0.0,0.0,201.09069999999997,4.7075000000000005,205.79819999999998,205.7983
2966,1.7985,0.008,1.8065,0.3252,0.9955715471907003,0.004428452809299751,101.5452,4.8812,0.0,0.0,0.0,101.54520000000002,4.8812,106.42640000000003,106.9218
2967,6.1643,0.0077,6.1719,1.1109,0.9987686125828351,0.00124758988318022,334.6364,4.923,0.0,0.0,0.0,334.6364,4.922999999999999,339.5594,344.5582
2968,0.8322,0.0084,0.8405,0.1513,0.9901249256395003,0.009994051160023795,49.3639,4.9988,0.0,0.0,0.0,49.3639,4.998800000000001,54.362700000000004,54.3595
2969,0.307,0.0067,0.3137,0.0565,0.9786420146636915,0.021357985336308578,17.8183,4.2529,0.0,0.0,0.0,17.818299999999997,4.2529,22.071199999999997,22.0679
2970,17.1489,0.0081,17.157,3.0883,0.9995278894911699,0.00047211050883021503,968.7083,5.0492,0.0,0.0,0.0,968.7083,5.0492,973.7575,989.2527
2971,2.0177,0.0072,2.0249,0.3645,0.9964442688527828,0.0035557311472171464,110.6364,4.3504,0.0,0.0,0.0,110.63640000000002,4.3504,114.98680000000002,115.4861
2972,46.137,0.0071,46.1441,8.3059,0.9998461341753333,0.00015386582466664212,2621.9462,4.3503,0.0,0.0,0.0,2621.9462,4.3503,2626.2965,2673.3005
2973,0.5858,0.0068,0.5926,0.1067,0.988525143435707,0.011474856564292946,31.909,4.2318,0.0,0.0,0.0,31.909,4.2318,36.1408,36.1364
2974,35.3658,0.0076,35.3733,6.3672,0.9997879756765696,0.00021485131440945573,1961.8121,4.7679,0.0,0.0,0.0,1961.8120999999999,4.7679,1966.58,1993.5844
2975,2.4081,0.0072,2.4152,0.4347,0.9970602848625373,0.0029811195760185492,134.909,4.4599,0.0,0.0,0.0,134.909,4.459899999999999,139.3689,140.3731
2976,1.0537,0.0073,1.0609,0.191,0.9932133094542371,0.006880950136676407,56.8184,4.6992,0.0,0.0,0.0,56.8184,4.699199999999999,61.517599999999995,61.5135
2977,35.8251,0.0078,35.8329,6.4499,0.9997823229490216,0.00021767705097829087,2007.437,4.6918,0.0,0.0,0.0,2007.437,4.6918,2012.1288,2026.6307
2978,46.1109,0.0091,46.12,8.3016,0.9998026886383349,0.0001973113616652212,2534.7917,5.4243,0.0,0.0,0.0,2534.7916999999998,5.4243,2540.216,2610.2197
2979,0.3375,0.0081,0.3456,0.0622,0.9765625,0.023437499999999997,18.4544,5.1087,0.0,0.0,0.0,18.454400000000003,5.108700000000001,23.563100000000006,23.5645
2980,3.732,0.0082,3.7402,0.6732,0.9978076038714507,0.0021923961285492755,198.6363,5.2727,0.0,0.0,0.0,198.6363,5.2727,203.909,205.4113
2981,0.713,0.0089,0.7218,0.1299,0.9878082571349404,0.012330285397617068,40.0,5.1682,0.0,0.0,0.0,40.0,5.168200000000001,45.1682,45.1675
2982,19.8532,0.0073,19.8605,3.5749,0.9996324362427936,0.0003675637572065155,1086.1287,4.8434,0.0,0.0,0.0,1086.1286999999998,4.8434,1090.9720999999997,1102.4737
2983,20.2744,0.007,20.2814,3.6507,0.9996548561736368,0.00034514382636307157,1148.0975,4.4422,0.0,0.0,0.0,1148.0974999999999,4.442200000000001,1152.5396999999998,1160.5393
2984,5.5008,0.0076,5.5084,0.9915,0.9986202890131436,0.0013797109868564374,297.8181,4.7697,0.0,0.0,0.0,297.8181,4.7697,302.5878,305.0911
2985,1.4187,0.0074,1.4262,0.2567,0.9947412705090452,0.0051886130977422526,77.0,5.0904,0.0,0.0,0.0,77.0,5.090400000000001,82.0904,82.0924
2986,0.4773,0.009,0.4863,0.0875,0.9814929056138186,0.018507094386181366,26.0,5.542,0.0,0.0,0.0,25.999999999999996,5.542,31.541999999999994,31.5446
2987,12.7302,0.0074,12.7376,2.2928,0.9994190428338148,0.0005809571661851527,709.8926,4.628,0.0,0.0,0.0,709.8926000000001,4.628,714.5206000000002,718.016
2988,40.0484,0.0095,40.0579,7.2104,0.9997628432843461,0.0002371567156540907,2250.1141,5.916,0.0,0.0,0.0,2250.1141000000002,5.916,2256.0301000000004,2279.029
2989,42.7674,0.0085,42.7759,7.6997,0.999801289978703,0.00019871002129703876,2352.7385,5.3615,0.0,0.0,0.0,2352.738500000001,5.3614999999999995,2358.100000000001,2374.5998
2990,1.162,0.0082,1.1702,0.2106,0.9929926508289182,0.007007349171081868,61.8182,5.2019,0.0,0.0,0.0,61.81819999999999,5.2019,67.02009999999999,68.0209
2991,45.0375,0.0076,45.0451,8.1081,0.9998312802058382,0.00016871979416185112,2494.6107,4.6044,0.0,0.0,0.0,2494.6106999999997,4.6044,2499.2151,2562.2127
2992,0.3817,0.0082,0.3899,0.0702,0.9789689664016413,0.021031033598358555,20.9093,5.0738,0.0,0.0,0.0,20.909300000000005,5.0738,25.983100000000007,25.9861
2993,31.9627,0.0079,31.9706,5.7547,0.9997528979750145,0.0002471020249854554,1744.499,4.7227,0.0,0.0,0.0,1744.4990000000003,4.722700000000001,1749.2217000000003,1760.7263
2994,29.7282,0.009,29.7372,5.3527,0.9996973487752714,0.0003026512247286227,1639.9581,5.6937,0.0,0.0,0.0,1639.9581000000003,5.693700000000001,1645.6518000000003,1653.1549
2995,9.4716,0.008,9.4796,1.7063,0.9991560825351281,0.0008439174648719356,510.091,5.188,0.0,0.0,0.0,510.09100000000007,5.188000000000001,515.2790000000001,519.276
2996,49.2068,0.0084,49.2152,8.8587,0.9998293210227734,0.00017067897722654787,2696.3265,5.042,0.0,0.0,0.0,2696.3265000000006,5.042,2701.3685000000005,2743.8667
2997,50.1485,0.0068,50.1553,9.028,0.9998644211080384,0.00013557889196156737,2683.5539,4.3781,0.0,0.0,0.0,2683.553900000001,4.3781,2687.9320000000007,2739.9341
2998,2.7611,0.0087,2.7698,0.4986,0.9968589789876525,0.0031410210123474615,155.9092,5.3301,0.0,0.0,0.0,155.90919999999997,5.330099999999999,161.23929999999996,161.2367
2999,11.771,0.0079,11.7789,2.1202,0.9993293091884642,0.000670690811535882,669.938,4.976,0.0,0.0,0.0,669.9379999999999,4.976,674.9139999999999,685.4158
3000,0.7853,0.0087,0.794,0.1429,0.9890428211586901,0.010957178841309822,43.2728,5.4617,0.0,0.0,0.0,43.2728,5.4616999999999996,48.7345,48.732
3001,40.3578,0.0063,40.3642,7.2655,0.9998414436555165,0.0001560789016009236,2219.8775,4.2404,0.0,0.0,0.0,2219.8774999999996,4.240399999999999,2224.1178999999997,2255.1197
3002,0.274,0.009,0.283,0.0509,0.9681978798586575,0.03180212014134276,15.3638,5.2685,0.0,0.0,0.0,15.363799999999998,5.2685,20.632299999999997,20.6362
3003,0.3989,0.0086,0.4075,0.0733,0.9788957055214724,0.02110429447852761,22.0911,5.1611,0.0,0.0,0.0,22.0911,5.1611,27.252200000000002,27.7473
3004,38.3078,0.0095,38.3172,6.8971,0.9997546793607048,0.0002479304333302016,2193.586,5.5563,0.0,0.0,0.0,2193.5860000000002,5.5563,2199.1423000000004,2230.6405
3005,3.4633,0.0068,3.4701,0.6246,0.998040402293882,0.001959597706117979,179.7269,4.4106,0.0,0.0,0.0,179.7269,4.4106000000000005,184.1375,185.64
3006,36.0575,0.007,36.0645,6.4916,0.9998059033121212,0.00019409668787866182,1930.3634,4.3293,0.0,0.0,0.0,1930.3633999999997,4.3293,1934.6926999999998,1944.6889
3007,48.0485,0.0076,48.056,8.6501,0.9998439320792408,0.0001581488263692359,2645.8183,4.6102,0.0,0.0,0.0,2645.8183000000004,4.610200000000001,2650.4285000000004,2706.4259
3008,0.3029,0.0077,0.3106,0.0559,0.9752092723760464,0.02479072762395364,16.5456,4.6798,0.0,0.0,0.0,16.5456,4.679799999999999,21.2254,21.2269
3009,35.1956,0.008,35.2036,6.3366,0.9997727505141519,0.00022724948584803827,1952.4977,5.1916,0.0,0.0,0.0,1952.4977000000001,5.191600000000001,1957.6893000000002,1972.6925
3010,2.7662,0.0079,2.7741,0.4993,0.9971522295519268,0.0028477704480732494,158.2726,5.4532,0.0,0.0,0.0,158.27259999999995,5.453200000000001,163.72579999999996,164.7254
3011,21.9328,0.0085,21.9413,3.9494,0.9996126027172502,0.0003873972827498827,1205.0218,5.2212,0.0,0.0,0.0,1205.0218,5.2212,1210.243,1219.2459
3012,2.1403,0.0069,2.1472,0.3865,0.99678651266766,0.003213487332339791,120.8183,4.4781,0.0,0.0,0.0,120.8183,4.4781,125.29639999999999,125.299
3013,6.9874,0.0069,6.9943,1.259,0.999013482407103,0.0009865175928970734,379.4544,4.658,0.0,0.0,0.0,379.45439999999996,4.6579999999999995,384.1124,387.115
3014,9.7639,0.0089,9.7728,1.7591,0.9990893091028159,0.0009106908971840209,537.2729,5.608,0.0,0.0,0.0,537.2728999999999,5.608,542.8808999999999,544.8818
3015,0.4427,0.009,0.4516,0.0813,0.9802922940655446,0.019929140832595216,24.3637,5.3106,0.0,0.0,0.0,24.363699999999998,5.3106,29.6743,29.6778
3016,2.0796,0.0084,2.088,0.3758,0.9959770114942529,0.004022988505747126,116.0001,5.0191,0.0,0.0,0.0,116.00009999999997,5.0191,121.01919999999997,121.0153
3017,0.3292,0.0067,0.3358,0.0605,0.9803454437164979,0.019952352590827876,19.0002,4.5578,0.0,0.0,0.0,19.000199999999996,4.5578,23.557999999999996,23.5544
3018,40.7461,0.008,40.7541,7.3357,0.9998037007319508,0.00019629926804910427,2256.5134,4.8746,0.0,0.0,0.0,2256.5134,4.8746,2261.388,2277.8851
3019,27.2078,0.0086,27.2164,4.899,0.9996840140503519,0.00031598594964800635,1507.997,5.4592,0.0,0.0,0.0,1507.9969999999998,5.4592,1513.4561999999999,1519.4576
3020,47.1671,0.0083,47.1754,8.4916,0.999824060845271,0.0001759391547289477,2562.3636,5.0472,0.0,0.0,0.0,2562.3635999999997,5.047199999999999,2567.4107999999997,2591.9118
3021,44.1036,0.0079,44.1115,7.9401,0.9998209083799009,0.00017909162009906716,2432.9757,4.9453,0.0,0.0,0.0,2432.9757000000004,4.9453,2437.9210000000003,2466.42
3022,1.444,0.008,1.452,0.2614,0.9944903581267217,0.005509641873278237,80.6364,5.1295,0.0,0.0,0.0,80.63640000000001,5.129500000000001,85.76590000000002,85.7667
3023,0.7901,0.0075,0.7976,0.1436,0.9905967903711134,0.00940320962888666,44.9092,4.7996,0.0,0.0,0.0,44.9092,4.799600000000001,49.7088,49.7096
3024,46.4388,0.0072,46.446,8.3603,0.99984498126857,0.0001550187314300478,2530.5649,4.7987,0.0,0.0,0.0,2530.5649000000003,4.798699999999999,2535.3636,2545.3625
3025,0.2343,0.008,0.2423,0.0436,0.9669830788278994,0.033016921172100706,13.1818,5.0293,0.0,0.0,0.0,13.181799999999999,5.029299999999999,18.2111,18.2112
3026,17.416,0.0078,17.4238,3.1363,0.9995523364593257,0.00044766354067425016,968.6587,4.8282,0.0,0.0,0.0,968.6587,4.8282,973.4869,984.4893
3027,0.2762,0.0074,0.2836,0.051,0.9739069111424541,0.02609308885754584,15.9092,4.7604,0.0,0.0,0.0,15.909200000000002,4.760400000000001,20.669600000000003,20.6714
3028,39.4959,0.0075,39.5034,7.1106,0.9998101429244065,0.00018985707559349322,2229.9305,4.6718,0.0,0.0,0.0,2229.9305000000004,4.6718,2234.6023000000005,2257.1037
3029,4.0694,0.0082,4.0776,0.734,0.9979890131449871,0.0020109868550127526,220.0,4.9288,0.0,0.0,0.0,220.0,4.9288,224.9288,227.9299
3030,1.437,0.0083,1.4454,0.2602,0.9941884599418847,0.0057423550574235505,75.9999,5.3911,0.0,0.0,0.0,75.9999,5.391100000000001,81.39099999999999,81.3948
3031,37.2248,0.0088,37.2336,6.702,0.99976365433372,0.0002363456662799192,2086.6299,5.3182,0.0,0.0,0.0,2086.6299,5.3182,2091.9481,2135.4508
3032,0.574,0.0085,0.5825,0.1048,0.9854077253218883,0.014592274678111588,32.3636,5.1188,0.0,0.0,0.0,32.3636,5.1188,37.4824,37.4872
3033,43.8482,0.0095,43.8577,7.8944,0.9997833903738681,0.0002166096261317853,2490.7,5.9044,0.0,0.0,0.0,2490.7,5.904400000000001,2496.6043999999997,2513.6051
3034,5.5306,0.0081,5.5388,0.997,0.9985195349173105,0.0014624106304614716,313.6365,5.1766,0.0,0.0,0.0,313.63649999999996,5.1766000000000005,318.81309999999996,320.8155
3035,2.2627,0.008,2.2707,0.4087,0.9964768573567623,0.003523142643237768,130.0909,4.7954,0.0,0.0,0.0,130.09089999999998,4.7954,134.88629999999998,135.8896
3036,5.6493,0.0078,5.6571,1.0183,0.9986212016757704,0.001378798324229729,298.3639,4.9151,0.0,0.0,0.0,298.36389999999994,4.9151,303.27899999999994,303.2749
3037,34.8359,0.0068,34.8427,6.2717,0.9998048371681874,0.00019516283181268958,1922.6263,4.2421,0.0,0.0,0.0,1922.6263000000001,4.2421,1926.8684,1941.872
3038,1.0594,0.0082,1.0676,0.1922,0.9923192206819031,0.007680779318096665,60.2727,5.1277,0.0,0.0,0.0,60.27269999999999,5.1277,65.40039999999999,65.404
3039,0.5169,0.0076,0.5245,0.0944,0.9855100095328886,0.014489990467111536,29.0909,4.646,0.0,0.0,0.0,29.09090000000001,4.646000000000001,33.736900000000006,33.7396
3040,18.0101,0.0087,18.0187,3.2434,0.9995227180651214,0.0004828317248192156,968.978,5.3375,0.0,0.0,0.0,968.978,5.3374999999999995,974.3154999999999,978.3143
3041,0.8224,0.0084,0.8309,0.1496,0.9897701287760261,0.010109519797809604,43.1819,5.0429,0.0,0.0,0.0,43.1819,5.042900000000001,48.2248,48.2268
3042,0.906,0.0079,0.9139,0.1645,0.9913557281978335,0.00864427180216654,50.5455,5.0293,0.0,0.0,0.0,50.5455,5.0293,55.574799999999996,55.5699
3043,7.1397,0.0079,7.1477,1.2866,0.9988807588455028,0.0011052506400660352,374.5456,4.8112,0.0,0.0,0.0,374.54560000000004,4.8111999999999995,379.3568,380.8564
3044,0.1928,0.0076,0.2005,0.0361,0.9615960099750623,0.03790523690773067,10.8182,4.5854,0.0,0.0,0.0,10.818200000000001,4.5854,15.4036,15.4052
3045,46.0028,0.0073,46.0101,8.2818,0.9998413391842226,0.0001586608157774054,2494.4312,4.6277,0.0,0.0,0.0,2494.4312,4.6277,2499.0589,2525.0561
3046,2.1882,0.0096,2.1978,0.3956,0.9956319956319957,0.004368004368004367,115.8182,5.5876,0.0,0.0,0.0,115.8182,5.587600000000001,121.4058,121.4085
3047,0.2744,0.008,0.2824,0.0508,0.971671388101983,0.028328611898016998,14.6363,4.8318,0.0,0.0,0.0,14.636299999999999,4.8318,19.4681,19.469
3048,13.1258,0.0081,13.1339,2.3641,0.9993832753409116,0.0006167246590883134,721.9311,5.1472,0.0,0.0,0.0,721.9311,5.1472000000000016,727.0783,734.0799
3049,47.7579,0.009,47.7669,8.598,0.9998115850097034,0.000188414990296628,2687.365,5.1993,0.0,0.0,0.0,2687.365,5.199300000000001,2692.5643,2747.5598
3050,1.8859,0.0081,1.894,0.3409,0.9957233368532207,0.004276663146779303,104.9094,5.488,0.0,0.0,0.0,104.9094,5.488,110.3974,110.401
3051,40.3686,0.0072,40.3758,7.2676,0.9998216753599929,0.00017832464000713298,2289.4801,4.9104,0.0,0.0,0.0,2289.4801,4.910400000000001,2294.3905000000004,2316.3892
3052,4.4637,0.0081,4.4718,0.8049,0.9981886488662284,0.0018113511337716356,241.0908,4.99,0.0,0.0,0.0,241.09079999999997,4.99,246.08079999999998,247.081
3053,4.2758,0.0096,4.2855,0.7714,0.9977365534943414,0.00224011200560028,237.3636,6.0072,0.0,0.0,0.0,237.36360000000002,6.0072,243.37080000000003,244.375
3054,6.2657,0.0084,6.2742,1.1294,0.9986452456090018,0.0013388161040451371,346.3638,5.2338,0.0,0.0,0.0,346.3638,5.2338000000000005,351.5976,354.6017
3055,1.531,0.0085,1.5395,0.2771,0.9944787268593698,0.005521273140630075,88.5454,5.1321,0.0,0.0,0.0,88.54539999999999,5.132099999999999,93.67749999999998,94.1798
3056,0.3456,0.0078,0.3534,0.0636,0.9779286926994908,0.022071307300509338,18.9092,5.3344,0.0,0.0,0.0,18.909200000000002,5.3344000000000005,24.2436,24.2467
3057,1.143,0.0084,1.1514,0.2072,0.9927045336112559,0.007295466388744137,61.8182,4.9736,0.0,0.0,0.0,61.818200000000004,4.973599999999999,66.79180000000001,66.7902
3058,0.5496,0.0082,0.5579,0.1004,0.9851227818605486,0.014697974547409932,29.7271,5.1315,0.0,0.0,0.0,29.727099999999997,5.131500000000001,34.858599999999996,34.8585
3059,1.1172,0.0093,1.1264,0.2028,0.9918323863636362,0.008256392045454544,58.7272,5.3663,0.0,0.0,0.0,58.727199999999996,5.3663,64.09349999999999,64.0942
3060,38.9297,0.007,38.9368,7.0086,0.9998176532226583,0.00017977851287214152,2207.2486,4.5107,0.0,0.0,0.0,2207.2486000000004,4.510699999999999,2211.7593,2234.7594
3061,13.4632,0.0093,13.4726,2.4251,0.9993022876059559,0.0006902899217671422,728.7201,5.7318,0.0,0.0,0.0,728.7201,5.7318,734.4519,736.953
3062,2.6439,0.0074,2.6513,0.4772,0.9972089163806435,0.0027910836193565424,147.2727,4.6731,0.0,0.0,0.0,147.27269999999996,4.6731,151.94579999999996,153.9472
3063,21.1965,0.0074,21.2039,3.8167,0.9996510075976589,0.00034899240234107876,1151.4652,4.7127,0.0,0.0,0.0,1151.4651999999999,4.7127,1156.1779,1169.1794
3064,43.9531,0.0083,43.9614,7.913,0.9998111980055231,0.000188801994476973,2528.8958,5.184,0.0,0.0,0.0,2528.8958,5.184000000000001,2534.0798,2594.5826
3065,0.5858,0.0071,0.5929,0.1067,0.988024962050936,0.011975037949063924,31.7272,4.4985,0.0,0.0,0.0,31.727199999999996,4.4985,36.225699999999996,36.2267
3066,1.6851,0.0069,1.692,0.3046,0.9959219858156029,0.004078014184397163,92.6363,4.3163,0.0,0.0,0.0,92.63629999999999,4.3163,96.95259999999999,97.4539
3067,34.5452,0.0077,34.5528,6.2195,0.9997800467690029,0.00022284735245768796,1933.4626,4.8836,0.0,0.0,0.0,1933.4625999999998,4.8835999999999995,1938.3461999999997,1955.8432
3068,41.1038,0.009,41.1128,7.4003,0.9997810900741375,0.00021890992586250509,2319.6362,5.3404,0.0,0.0,0.0,2319.6362,5.340400000000001,2324.9766,2354.9744
3069,1.6183,0.0079,1.6262,0.2927,0.9951420489484688,0.004857951051531177,87.7274,5.045,0.0,0.0,0.0,87.72740000000002,5.045,92.77240000000002,92.7702
3070,0.4431,0.0067,0.4498,0.081,0.9851044908848378,0.014895509115162296,23.7271,4.0467,0.0,0.0,0.0,23.727099999999993,4.0467,27.773799999999994,27.7689
3071,0.4533,0.0084,0.4617,0.0831,0.98180636777128,0.018193632228719947,25.1823,5.2158,0.0,0.0,0.0,25.1823,5.2158,30.3981,30.4027
3072,47.215,0.0081,47.2231,8.5002,0.9998284737766051,0.00017152622339490628,2618.2413,5.1933,0.0,0.0,0.0,2618.2412999999997,5.193299999999999,2623.4345999999996,2704.4298
3073,39.4607,0.0084,39.4691,7.1044,0.9997871752839564,0.00021282471604368988,2219.9908,5.0098,0.0,0.0,0.0,2219.9908,5.0098,2225.0006,2236.9966
3074,36.5591,0.008,36.567,6.5821,0.9997839582136899,0.00021877649246588454,2012.818,4.9109,0.0,0.0,0.0,2012.8179999999998,4.9109,2017.7288999999998,2033.2276
3075,1.5758,0.0078,1.5835,0.285,0.9951373539627408,0.004925797284496369,85.2731,4.8448,0.0,0.0,0.0,85.27310000000001,4.844800000000001,90.11790000000002,90.1137
3076,49.5954,0.0065,49.6019,8.9283,0.9998689566327096,0.00013104336729036589,2681.3121,4.119,0.0,0.0,0.0,2681.3120999999996,4.119,2685.4311,2734.9302
3077,17.5074,0.0079,17.5153,3.1528,0.999548965761363,0.00045103423863707733,937.8073,5.1118,0.0,0.0,0.0,937.8073000000002,5.111800000000001,942.9191000000002,947.4186
3078,0.6104,0.0082,0.6185,0.1113,0.9869037995149555,0.013257881972514146,33.7272,5.3411,0.0,0.0,0.0,33.727199999999996,5.341100000000001,39.068299999999994,39.0696
3079,6.2979,0.0087,6.3066,1.1352,0.9986204928170488,0.0013795071829511938,351.0,5.4904,0.0,0.0,0.0,351.0,5.4904,356.4904,356.9874
3080,0.4888,0.0087,0.4976,0.0896,0.982315112540193,0.017483922829581992,26.182,5.4573,0.0,0.0,0.0,26.181999999999995,5.4573,31.639299999999995,31.638
3081,28.7609,0.008,28.769,5.1784,0.999718446939414,0.00027807709687510863,1622.3896,5.1684,0.0,0.0,0.0,1622.3896000000002,5.168400000000001,1627.5580000000002,1642.0603
3082,0.2174,0.0076,0.225,0.0405,0.9662222222222222,0.033777777777777775,11.6364,5.0245,0.0,0.0,0.0,11.636400000000002,5.0245,16.6609,16.66
3083,26.7882,0.0083,26.7965,4.8234,0.9996902580560894,0.0003097419439105853,1459.4124,5.2276,0.0,0.0,0.0,1459.4124,5.2276,1464.6399999999999,1488.6395
3084,0.6396,0.0086,0.6483,0.1167,0.986580286904211,0.01326546351997532,35.2728,5.3919,0.0,0.0,0.0,35.2728,5.391900000000001,40.664699999999996,40.6669
3085,22.8645,0.007,22.8715,4.1169,0.9996939422425288,0.00030605775747108844,1274.0036,4.7056,0.0,0.0,0.0,1274.0036,4.7056000000000004,1278.7092,1287.2081
3086,3.6068,0.0074,3.6142,0.6506,0.997952520613137,0.0020474793868629298,191.5452,4.5895,0.0,0.0,0.0,191.54520000000002,4.589500000000001,196.1347,197.633
3087,5.266,0.007,5.273,0.9491,0.9986724824578039,0.0013275175421960934,296.9999,4.5533,0.0,0.0,0.0,296.9999,4.5533,301.5532,305.0578
3088,7.4516,0.0097,7.4613,1.343,0.9986999584522804,0.0013000415477195664,398.4545,6.324,0.0,0.0,0.0,398.4545,6.324,404.7785,405.2833
3089,0.5216,0.008,0.5296,0.0953,0.9848942598187311,0.015105740181268883,28.7272,4.9224,0.0,0.0,0.0,28.727200000000003,4.9224000000000006,33.64960000000001,33.6477
3090,27.97,0.0072,27.9771,5.0359,0.9997462210164741,0.0002573533354064574,1590.8928,4.843,0.0,0.0,0.0,1590.8927999999996,4.843,1595.7357999999997,1607.7343
3091,44.5348,0.0098,44.5445,8.018,0.9997822402316784,0.00022000471438673685,2457.8096,5.871,0.0,0.0,0.0,2457.8096000000005,5.8709999999999996,2463.6806000000006,2503.6773
3092,2.6403,0.0078,2.6481,0.4767,0.9970544918998527,0.0029455081001472753,145.7275,5.0073,0.0,0.0,0.0,145.72750000000002,5.0073,150.7348,150.7367
3093,0.3527,0.0074,0.3601,0.0648,0.9794501527353514,0.020549847264648712,19.4546,4.6249,0.0,0.0,0.0,19.454600000000003,4.624899999999999,24.079500000000003,24.0798
3094,8.198,0.0063,8.2044,1.4768,0.9992199307688558,0.000767880649407635,432.6361,4.3491,0.0,0.0,0.0,432.6361,4.349100000000001,436.9852,439.4808
3095,0.3655,0.0068,0.3723,0.067,0.9817351598173515,0.0182648401826484,20.0908,4.1496,0.0,0.0,0.0,20.0908,4.1496,24.2404,24.2384
3096,0.9136,0.008,0.9217,0.1659,0.9912118910708474,0.008679613757187806,48.6367,5.2573,0.0,0.0,0.0,48.636700000000005,5.2573,53.894000000000005,53.8942
3097,31.6274,0.0095,31.6369,5.6946,0.9996997177346706,0.0003002822653294096,1782.6298,5.819,0.0,0.0,0.0,1782.6297999999997,5.819000000000001,1788.4487999999997,1802.4489
3098,9.6006,0.0071,9.6077,1.7294,0.9992610093987115,0.0007389906012885499,515.8183,4.7163,0.0,0.0,0.0,515.8182999999999,4.7162999999999995,520.5346,521.533
3099,1.6005,0.0079,1.6084,0.2895,0.9950882864958965,0.004911713504103458,86.1816,5.1578,0.0,0.0,0.0,86.1816,5.157799999999999,91.3394,92.8376
3100,1.9194,0.0077,1.9271,0.3469,0.9960043588812205,0.003995641118779513,112.3639,5.0334,0.0,0.0,0.0,112.3639,5.0334,117.3973,118.8981
3101,0.5086,0.0085,0.5171,0.0931,0.9835621736608007,0.016437826339199383,27.0906,5.362,0.0,0.0,0.0,27.090599999999995,5.362,32.4526,32.4514
3102,37.6131,0.0073,37.6204,6.7717,0.9998059563428354,0.0001940436571647298,2001.2127,4.7502,0.0,0.0,0.0,2001.2126999999998,4.7502,2005.9628999999998,2028.466
3103,1.0638,0.0075,1.0713,0.1928,0.9929991598991881,0.007000840100812098,57.5456,4.9803,0.0,0.0,0.0,57.5456,4.9803,62.5259,62.5284
3104,44.0832,0.009,44.0922,7.9366,0.9997958822648904,0.00020411773510961123,2517.5538,5.4386,0.0,0.0,0.0,2517.5537999999997,5.4386,2522.9923999999996,2552.9924
3105,43.3866,0.0081,43.3947,7.811,0.9998133412605688,0.00018665873943131303,2549.4392,5.2516,0.0,0.0,0.0,2549.4392,5.251600000000001,2554.6908,2575.6887
3106,42.6311,0.0073,42.6383,7.6749,0.9998311377329773,0.0001712075762870471,2352.4832,4.5678,0.0,0.0,0.0,2352.4832000000006,4.5678,2357.0510000000004,2392.5518
3107,21.9002,0.0081,21.9084,3.9435,0.9996257143378796,0.0003697212028263132,1157.2848,5.2012,0.0,0.0,0.0,1157.2848,5.201199999999999,1162.4859999999999,1170.9817
3108,23.3095,0.0087,23.3182,4.1973,0.9996269008757108,0.0003730991242891818,1317.1313,5.535,0.0,0.0,0.0,1317.1313,5.535000000000001,1322.6663,1330.6621
3109,5.0449,0.0065,5.0514,0.9093,0.9987132280159956,0.0012867719840044343,280.9092,4.0145,0.0,0.0,0.0,280.9092,4.0145,284.9237,287.4267
3110,18.4472,0.0082,18.4554,3.322,0.9995556855987948,0.0004443144012050674,1020.2392,4.9991,0.0,0.0,0.0,1020.2392,4.999100000000001,1025.2383,1053.2402
3111,13.5331,0.0076,13.5407,2.4373,0.9994387291646665,0.0005612708353334761,750.4347,4.6267,0.0,0.0,0.0,750.4346999999999,4.6267,755.0613999999999,766.0651
3112,43.882,0.0078,43.8898,7.9002,0.9998222821703447,0.00017771782965518183,2365.9626,4.8546,0.0,0.0,0.0,2365.9626000000003,4.8546,2370.8172000000004,2467.8196
3113,34.4495,0.0084,34.4579,6.2024,0.9997562242620704,0.00024377573792947333,1928.1542,5.1632,0.0,0.0,0.0,1928.1541999999997,5.1632,1933.3173999999997,1943.3148
3114,2.8768,0.0072,2.884,0.5191,0.99750346740638,0.0024965325936199723,153.6362,4.6717,0.0,0.0,0.0,153.6362,4.6717,158.3079,158.8038
3115,38.2013,0.0077,38.2091,6.8776,0.9997958601484987,0.00020152267391799336,2112.6596,4.9377,0.0,0.0,0.0,2112.6596,4.9377,2117.5973,2143.1009
3116,7.9496,0.0081,7.9578,1.4324,0.998969564452487,0.0010178692603483375,444.3636,5.0189,0.0,0.0,0.0,444.3636,5.0189,449.3825,450.3866
3117,38.8693,0.0069,38.8762,6.9977,0.9998225135172678,0.00017748648273236583,2099.1763,4.4553,0.0,0.0,0.0,2099.1763,4.4553,2103.6316,2129.1297
3118,0.6892,0.0088,0.698,0.1256,0.9873925501432665,0.012607449856733526,38.5453,5.5689,0.0,0.0,0.0,38.5453,5.5689,44.1142,44.1153
3119,0.6502,0.0088,0.659,0.1186,0.9866464339908952,0.013353566009104704,35.5452,5.4794,0.0,0.0,0.0,35.5452,5.479400000000001,41.0246,41.0221
3120,41.9947,0.0085,42.0031,7.5606,0.9998000147608153,0.00020236601584168787,2290.4702,5.1293,0.0,0.0,0.0,2290.4702,5.129300000000001,2295.5995000000003,2316.1004
3121,43.677,0.0067,43.6837,7.8631,0.9998466247135659,0.00015337528643407037,2417.8741,4.4143,0.0,0.0,0.0,2417.8741,4.4143,2422.2884,2438.285
3122,7.3334,0.0073,7.3407,1.3213,0.9990055444303677,0.000994455569632324,391.2728,4.8245,0.0,0.0,0.0,391.27279999999996,4.824500000000001,396.09729999999996,397.5947
3123,7.6623,0.009,7.6712,1.3808,0.9988398164563563,0.0011732193137970592,418.8181,5.3419,0.0,0.0,0.0,418.81809999999996,5.3419,424.15999999999997,425.1617
3124,1.0818,0.0077,1.0895,0.1961,0.9929325378614045,0.007067462138595687,62.4546,5.163,0.0,0.0,0.0,62.4546,5.163,67.6176,67.6209
3125,15.8986,0.0092,15.9078,2.8634,0.9994216673581513,0.0005783326418486529,883.4699,5.4502,0.0,0.0,0.0,883.4699,5.450199999999999,888.9201,912.9221
3126,0.7653,0.0072,0.7724,0.139,0.9908078715691352,0.009321595028482652,45.0,4.7057,0.0,0.0,0.0,45.0,4.7057,49.7057,49.7036
3127,47.7781,0.0071,47.7852,8.6013,0.9998514184308112,0.0001485815691887865,2597.445,4.553,0.0,0.0,0.0,2597.445,4.553000000000001,2601.998,2632.9998
3128,16.5472,0.0081,16.5554,2.98,0.9995046933326891,0.0004892663420998587,877.9044,5.0192,0.0,0.0,0.0,877.9044,5.0192000000000005,882.9236,887.9269
3129,1.3933,0.0077,1.4009,0.2522,0.994574916125348,0.00549646655721322,78.7272,4.4665,0.0,0.0,0.0,78.72720000000001,4.4665,83.1937,83.1924
3130,2.1504,0.0082,2.1586,0.3885,0.9962012415454461,0.003798758454553878,110.9091,5.3029,0.0,0.0,0.0,110.90910000000002,5.3029,116.21200000000002,118.2133
3131,43.2336,0.0081,43.2417,7.7835,0.9998126808150466,0.00018731918495341302,2372.5455,5.1354,0.0,0.0,0.0,2372.5455,5.135400000000001,2377.6809000000003,2393.6797
3132,3.7623,0.0076,3.7699,0.6786,0.9979840314066687,0.0020159685933313883,197.3636,4.8214,0.0,0.0,0.0,197.36360000000002,4.8214,202.18500000000003,204.1817
3133,16.2221,0.0089,16.2309,2.9216,0.9994578242734539,0.0005483368143479414,919.9298,5.399,0.0,0.0,0.0,919.9298000000001,5.399,925.3288000000001,934.3316
3134,0.6525,0.0076,0.6601,0.1188,0.9884865929404635,0.011513407059536433,37.2727,5.0004,0.0,0.0,0.0,37.2727,5.000399999999999,42.2731,42.2727
3135,45.0952,0.0068,45.102,8.1184,0.999849230632788,0.00015076936721209703,2498.2382,4.4166,0.0,0.0,0.0,2498.2382,4.416600000000001,2502.6548,2553.1562
3136,47.4487,0.0071,47.4558,8.542,0.9998503870970461,0.00014961290295390658,2561.8987,4.8986,0.0,0.0,0.0,2561.8986999999997,4.8986,2566.7972999999997,2610.3011
3137,37.3459,0.0079,37.3537,6.7237,0.9997911853444237,0.00021149176654521506,2174.4992,4.7954,0.0,0.0,0.0,2174.4991999999993,4.7954,2179.2945999999993,2216.2977
3138,37.4924,0.0088,37.5012,6.7502,0.9997653408424265,0.00023465915757362433,2131.6641,5.5858,0.0,0.0,0.0,2131.6641000000004,5.5858,2137.2499000000003,2164.7519
3139,15.2243,0.0075,15.2318,2.7417,0.9995076090810016,0.0004923909189984112,828.6326,4.8974,0.0,0.0,0.0,828.6325999999999,4.8974,833.5299999999999,837.5263
3140,0.6129,0.009,0.6218,0.1119,0.9856867159858476,0.014474107430041813,33.2729,5.7043,0.0,0.0,0.0,33.27290000000001,5.704300000000001,38.97720000000001,38.9763
3141,16.0597,0.0092,16.0689,2.8924,0.9994274654767906,0.0005725345232094294,871.1219,5.4884,0.0,0.0,0.0,871.1218999999999,5.4884,876.6102999999998,884.1072
3142,39.4437,0.008,39.4517,7.1013,0.999797220398614,0.00020277960138599855,2157.2197,4.8847,0.0,0.0,0.0,2157.2197,4.8847,2162.1044,2190.603
3143,0.8337,0.008,0.8417,0.1515,0.9904954259237257,0.009504574076274207,44.8182,4.6915,0.0,0.0,0.0,44.8182,4.6915000000000004,49.509699999999995,49.5064
3144,45.8781,0.0084,45.8864,8.2596,0.9998191185187768,0.00018306077617769097,2587.0456,5.2947,0.0,0.0,0.0,2587.0456,5.2947,2592.3403,2640.3419
3145,45.8348,0.0073,45.8421,8.2516,0.9998407577314302,0.00015924226856972083,2610.4646,4.8313,0.0,0.0,0.0,2610.4646000000002,4.831300000000001,2615.2959,2644.7956
3146,1.1297,0.0077,1.1373,0.2047,0.9933175063747471,0.006770421172953487,62.1817,4.7527,0.0,0.0,0.0,62.18170000000001,4.7527,66.93440000000001,66.9303
3147,6.3275,0.0076,6.3352,1.1403,0.9987845687586815,0.0011996464200025256,341.9999,5.2266,0.0,0.0,0.0,341.99989999999997,5.2265999999999995,347.2265,349.7287
3148,41.8505,0.0073,41.8578,7.5344,0.9998256000076449,0.00017439999235506883,2287.7513,4.6579,0.0,0.0,0.0,2287.7513,4.6579,2292.4092,2332.9109
3149,0.7375,0.0091,0.7466,0.1344,0.9878114117331904,0.012188588266809536,42.0,5.5411,0.0,0.0,0.0,42.0,5.5411,47.5411,47.5381
3150,38.3265,0.0084,38.3349,6.9003,0.9997808785206171,0.0002191214793830165,2068.1421,5.2132,0.0,0.0,0.0,2068.1421,5.2132,2073.3553,2109.3549
3151,9.7534,0.0096,9.763,1.7573,0.9990166956878008,0.0009833043121991192,538.8181,5.7793,0.0,0.0,0.0,538.8181,5.7793,544.5974,546.5926
3152,2.0897,0.0079,2.0977,0.3776,0.996186299280164,0.003766029460838061,112.8182,4.8891,0.0,0.0,0.0,112.81819999999999,4.889099999999999,117.70729999999999,118.7032
3153,0.6012,0.009,0.6102,0.1098,0.9852507374631269,0.014749262536873156,32.3636,5.2943,0.0,0.0,0.0,32.363600000000005,5.294300000000001,37.657900000000005,37.6592
3154,28.2771,0.007,28.284,5.0911,0.9997560458209589,0.0002474897468533447,1549.0201,4.6759,0.0,0.0,0.0,1549.0200999999997,4.6759,1553.6959999999997,1554.6968
3155,0.2917,0.0082,0.2999,0.054,0.9726575525175059,0.02734244748249417,16.0,5.0893,0.0,0.0,0.0,16.000000000000004,5.0893,21.0893,21.0856
3156,7.1601,0.0082,7.1682,1.2903,0.9988700092073324,0.0011439412962807958,386.2731,5.0344,0.0,0.0,0.0,386.27310000000006,5.0344,391.30750000000006,394.8028
3157,22.0482,0.0088,22.0571,3.9703,0.9995965018066746,0.00039896450576005013,1238.4482,5.4389,0.0,0.0,0.0,1238.4482,5.4389,1243.8871000000001,1256.8893
3158,23.2514,0.0074,23.2588,4.1866,0.9996818408516346,0.0003181591483653499,1256.2994,4.5758,0.0,0.0,0.0,1256.2993999999999,4.575800000000001,1260.8752,1266.8706
3159,44.8704,0.0072,44.8776,8.078,0.9998395636130273,0.00016043638697256537,2470.5824,4.2199,0.0,0.0,0.0,2470.5824,4.2199,2474.8023,2493.302
3160,44.467,0.0088,44.4758,8.0056,0.9998021395905189,0.00019786040948111108,2439.9074,5.3893,0.0,0.0,0.0,2439.9073999999996,5.3893,2445.2966999999994,2480.2961
3161,9.9229,0.0066,9.9295,1.7873,0.9993353139634422,0.0006646860365577319,532.6363,4.2958,0.0,0.0,0.0,532.6363,4.2958,536.9321,540.9355
3162,0.6171,0.0089,0.626,0.1127,0.9857827476038339,0.014217252396166134,33.2728,5.2721,0.0,0.0,0.0,33.2728,5.2721,38.5449,38.5406
3163,7.9694,0.0064,7.9759,1.4357,0.9991850449479056,0.0008024172820622124,464.2729,3.9376,0.0,0.0,0.0,464.2729,3.9376,468.21049999999997,470.2057
3164,1.1225,0.0089,1.1314,0.2036,0.9921336397383773,0.007866360261622768,62.9999,5.5532,0.0,0.0,0.0,62.9999,5.5531999999999995,68.5531,69.05
3165,2.671,0.0076,2.6787,0.4822,0.9971254713107103,0.0028371971478702357,145.4546,4.9406,0.0,0.0,0.0,145.45459999999997,4.940600000000001,150.39519999999996,151.3944
3166,1.911,0.0084,1.9194,0.3455,0.9956236323851204,0.00437636761487965,104.4544,5.1124,0.0,0.0,0.0,104.45440000000002,5.1124,109.56680000000001,110.0664
3167,38.9691,0.0085,38.9776,7.016,0.999781926029309,0.00021807397069085834,2240.3938,5.0746,0.0,0.0,0.0,2240.3938,5.0746,2245.4683999999997,2278.4681
3168,29.7743,0.0071,29.7814,5.3607,0.9997615961640487,0.00023840383595129846,1701.577,4.7461,0.0,0.0,0.0,1701.5769999999998,4.7461,1706.3230999999998,1718.3181
3169,35.3118,0.0068,35.3186,6.3573,0.9998074668871358,0.00019253311286404327,1890.4771,4.4724,0.0,0.0,0.0,1890.4771000000003,4.4723999999999995,1894.9495000000004,1919.9494
3170,0.478,0.0091,0.4871,0.0877,0.9813180045165264,0.018681995483473622,27.4547,5.7593,0.0,0.0,0.0,27.454700000000003,5.7593,33.214,33.2112
3171,33.8956,0.0068,33.9024,6.1024,0.9997994242295531,0.00020057577044693,1824.7274,4.1303,0.0,0.0,0.0,1824.7274000000002,4.1303,1828.8577000000002,1836.361
3172,44.6296,0.0088,44.6384,8.0349,0.9998028603175743,0.00019713968242589342,2574.5224,5.2271,0.0,0.0,0.0,2574.5224,5.2271,2579.7495,2640.246
3173,46.5657,0.0078,46.5735,8.3832,0.9998325227865631,0.00016747721343682564,2549.3926,4.7726,0.0,0.0,0.0,2549.3926,4.7726,2554.1652,2597.6639
3174,32.4421,0.0082,32.4503,5.8411,0.9997473058800691,0.00025269411993109465,1823.3453,5.3565,0.0,0.0,0.0,1823.3453000000004,5.3565000000000005,1828.7018000000005,1840.2059
3175,12.0514,0.0089,12.0603,2.1709,0.9992620415744218,0.0007379584255781366,645.2137,5.2642,0.0,0.0,0.0,645.2137000000002,5.264200000000001,650.4779000000002,658.4739
3176,25.4298,0.0065,25.4363,4.5785,0.9997444596894989,0.0002555403105011342,1380.7583,4.2541,0.0,0.0,0.0,1380.7583000000002,4.254099999999999,1385.0124000000003,1403.0169
3177,1.4623,0.0077,1.47,0.2646,0.9947619047619047,0.005238095238095239,83.8183,5.2093,0.0,0.0,0.0,83.8183,5.2093,89.02759999999999,89.0304
3178,2.0453,0.0092,2.0545,0.3698,0.9955220248235581,0.004477975176441957,111.5455,5.1395,0.0,0.0,0.0,111.54549999999998,5.1395,116.68499999999997,118.1881
3179,40.4009,0.0083,40.4092,7.2737,0.9997946012294231,0.00020539877057699734,2212.9621,4.8102,0.0,0.0,0.0,2212.9620999999993,4.8102,2217.772299999999,2257.7689
3180,0.4643,0.0078,0.4722,0.085,0.9832698009318085,0.016518424396442185,26.1817,4.9428,0.0,0.0,0.0,26.1817,4.9428,31.124499999999998,31.12
3181,1.5928,0.0082,1.601,0.2882,0.9948782011242974,0.005121798875702686,91.4547,5.2229,0.0,0.0,0.0,91.4547,5.2229,96.6776,96.6796
3182,0.5587,0.0084,0.5671,0.1021,0.9851877975665666,0.014812202433433255,30.3636,4.9474,0.0,0.0,0.0,30.363600000000005,4.9474,35.31100000000001,35.3073
3183,0.2931,0.0081,0.3011,0.0542,0.9734307539023582,0.026901361673862506,17.0,4.7803,0.0,0.0,0.0,17.000000000000004,4.7802999999999995,21.780300000000004,21.7782
3184,0.5075,0.0077,0.5152,0.0927,0.9850543478260869,0.014945652173913044,27.4546,5.0916,0.0,0.0,0.0,27.454600000000006,5.0916,32.546200000000006,32.5497
3185,22.1589,0.0066,22.1655,3.9898,0.999702239967517,0.0002977600324829126,1253.4899,4.2614,0.0,0.0,0.0,1253.4899,4.2614,1257.7513000000001,1265.7479
3186,4.2736,0.0086,4.2822,0.7708,0.9979916865162768,0.00200831348372332,242.4544,4.8675,0.0,0.0,0.0,242.4544,4.8675,247.3219,248.8244
3187,3.688,0.0072,3.6951,0.6651,0.9980785364401505,0.0019485264268896646,198.0,4.3008,0.0,0.0,0.0,198.00000000000006,4.3008,202.30080000000007,202.7998
3188,6.7888,0.008,6.7968,1.2234,0.9988229755178908,0.0011770244821092278,352.3638,5.2144,0.0,0.0,0.0,352.36379999999997,5.2143999999999995,357.5782,360.08
3189,4.6639,0.0073,4.6712,0.8408,0.9984372324028087,0.0015627675971913,255.2726,4.4314,0.0,0.0,0.0,255.27259999999995,4.4314,259.70399999999995,260.7046
3190,46.011,0.0082,46.0192,8.2835,0.9998218135039288,0.00017818649607120507,2534.5202,4.7605,0.0,0.0,0.0,2534.520200000001,4.7605,2539.2807000000007,2558.7802
3191,0.8683,0.0068,0.8751,0.1575,0.9922294594903439,0.007770540509656039,48.3636,4.7485,0.0,0.0,0.0,48.36359999999999,4.748500000000001,53.11209999999999,53.1133
3192,42.0946,0.0076,42.1022,7.5784,0.9998194868676695,0.00018051313233037703,2302.8491,4.6726,0.0,0.0,0.0,2302.8491000000004,4.6726,2307.5217000000002,2315.5232
3193,27.0613,0.0074,27.0687,4.8724,0.9997266215222748,0.0002733784777251955,1542.1562,4.4576,0.0,0.0,0.0,1542.1562,4.4576,1546.6137999999999,1581.1135
3194,1.4672,0.0079,1.4752,0.2655,0.9945770065075922,0.005355206073752712,81.182,5.198,0.0,0.0,0.0,81.182,5.1979999999999995,86.38,86.8752
3195,39.9224,0.0079,39.9303,7.1874,0.9998021552555327,0.00019784474446723417,2321.7478,4.771,0.0,0.0,0.0,2321.7478,4.771000000000001,2326.5188000000003,2366.0186
3196,0.2836,0.008,0.2915,0.0525,0.9728987993138938,0.027444253859348202,15.9089,5.1549,0.0,0.0,0.0,15.908900000000003,5.1549000000000005,21.063800000000004,21.0648
3197,0.6521,0.0073,0.6594,0.1187,0.988929329693661,0.011070670306339096,36.2727,4.7125,0.0,0.0,0.0,36.2727,4.7125,40.9852,40.9838
3198,46.2551,0.0085,46.2636,8.3275,0.9998162702426963,0.00018372975730379827,2461.9137,5.0861,0.0,0.0,0.0,2461.9137,5.086100000000001,2466.9998,2498.5033
3199,18.1811,0.0092,18.1903,3.2743,0.9994942359389345,0.0005057640610655129,1006.3178,5.6463,0.0,0.0,0.0,1006.3177999999999,5.646300000000001,1011.9640999999999,1021.9675
3200,4.718,0.0067,4.7248,0.8505,0.9985607856417202,0.0014180494412461904,282.2724,4.3358,0.0,0.0,0.0,282.2724,4.3358,286.6082,287.1082
3201,36.8126,0.0082,36.8208,6.6277,0.999777299787077,0.00022270021292313043,2037.5718,4.9013,0.0,0.0,0.0,2037.5718000000002,4.9013,2042.4731000000002,2067.4753
3202,6.6602,0.0093,6.6695,1.2005,0.9986055926231351,0.0013944073768648324,368.9999,5.7227,0.0,0.0,0.0,368.99989999999997,5.722699999999999,374.72259999999994,376.7206
3203,37.8904,0.0083,37.8987,6.8218,0.999780995126482,0.00021900487351808902,2014.1416,4.993,0.0,0.0,0.0,2014.1415999999997,4.993,2019.1345999999996,2055.1324
3204,44.718,0.0079,44.7259,8.0507,0.9998233685627343,0.00017663143726565593,2442.6279,4.8101,0.0,0.0,0.0,2442.6278999999995,4.8101,2447.4379999999996,2461.4363
3205,41.8993,0.0082,41.9074,7.5433,0.9998067167135158,0.00019566949989739284,2263.5205,5.1406,0.0,0.0,0.0,2263.5205,5.1406,2268.6611000000003,2308.1578
3206,29.5872,0.0091,29.5963,5.3273,0.9996925291337093,0.0003074708662907188,1679.3459,5.7059,0.0,0.0,0.0,1679.3458999999998,5.7059,1685.0517999999997,1694.5512
3207,7.6441,0.0081,7.6522,1.3774,0.9989414808813152,0.0010585191186848226,406.1819,5.3105,0.0,0.0,0.0,406.1819,5.310499999999999,411.4924,414.9912
3208,35.0934,0.0073,35.1007,6.3181,0.9997920269396336,0.00020797306036631746,2039.7224,4.7488,0.0,0.0,0.0,2039.7223999999999,4.7488,2044.4712,2072.4682
3209,34.688,0.0079,34.6959,6.2453,0.9997723073907868,0.00022769260921319236,1902.1891,4.9661,0.0,0.0,0.0,1902.1891000000003,4.966099999999999,1907.1552000000004,1917.654
3210,39.1343,0.0078,39.142,7.0456,0.9998032803638036,0.00019927443666649633,2197.9842,4.5965,0.0,0.0,0.0,2197.9842000000003,4.5965,2202.5807000000004,2242.0771
3211,0.2475,0.007,0.2545,0.0458,0.9724950884086444,0.0275049115913556,13.3637,4.5953,0.0,0.0,0.0,13.363699999999998,4.5953,17.958999999999996,17.9628
3212,12.9757,0.0086,12.9844,2.3372,0.999329965188996,0.0006623332614522042,696.4375,5.5587,0.0,0.0,0.0,696.4375,5.5587,701.9962,710.9968
3213,4.9893,0.008,4.9973,0.8995,0.9983991355331879,0.0016008644668120786,282.2726,5.4816,0.0,0.0,0.0,282.2726,5.481599999999999,287.7542,289.2577
3214,1.4372,0.0081,1.4453,0.2601,0.9943956272054245,0.005604372794575521,74.909,5.3203,0.0,0.0,0.0,74.909,5.3203000000000005,80.22930000000001,80.2272
3215,16.7966,0.0079,16.8044,3.0248,0.9995358358525148,0.00047011496988883867,904.67,5.1555,0.0,0.0,0.0,904.67,5.1555,909.8254999999999,917.3255
3216,1.3456,0.0082,1.3538,0.2437,0.9939429753287043,0.006057024671295613,77.4544,4.9564,0.0,0.0,0.0,77.4544,4.9564,82.41080000000001,82.4144
3217,43.4572,0.0087,43.4659,7.8239,0.999799843095392,0.00020015690460798005,2327.7222,5.3543,0.0,0.0,0.0,2327.7221999999997,5.3543,2333.0764999999997,2382.5814
3218,0.5856,0.0085,0.5941,0.1069,0.9856926443359705,0.014307355664029627,31.9091,5.1261,0.0,0.0,0.0,31.90909999999999,5.126099999999999,37.03519999999999,37.0332
3219,0.7832,0.0087,0.7919,0.1425,0.9890137643641873,0.010986235635812601,42.7268,5.6685,0.0,0.0,0.0,42.7268,5.6685,48.3953,48.399
3220,33.0034,0.0077,33.0111,5.942,0.9997667451251245,0.0002332548748754207,1816.6807,5.1492,0.0,0.0,0.0,1816.6807000000001,5.1491999999999996,1821.8299000000002,1833.8262
3221,0.3425,0.0083,0.3508,0.0631,0.9763397947548461,0.023660205245153935,18.5456,5.213,0.0,0.0,0.0,18.5456,5.213,23.7586,23.7546
3222,5.0914,0.0075,5.0989,0.9178,0.9985290945105807,0.0014709054894192863,278.9998,4.697,0.0,0.0,0.0,278.99980000000005,4.697,283.69680000000005,286.1944
3223,3.5551,0.0073,3.5624,0.6412,0.9979508196721312,0.0020491803278688526,188.7273,4.4616,0.0,0.0,0.0,188.72729999999999,4.461600000000001,193.1889,193.6885
3224,0.5222,0.0082,0.5304,0.0955,0.9845399698340875,0.015460030165912521,28.9997,4.7878,0.0,0.0,0.0,28.999700000000004,4.787799999999999,33.7875,33.7836
3225,0.9207,0.0075,0.9282,0.1671,0.9919198448610212,0.008080155138978667,50.6364,4.6951,0.0,0.0,0.0,50.636399999999995,4.695099999999999,55.33149999999999,55.8346
3226,0.7749,0.009,0.784,0.1411,0.9883928571428572,0.011479591836734693,41.3635,5.6962,0.0,0.0,0.0,41.363499999999995,5.696200000000001,47.05969999999999,47.0642
3227,26.8338,0.0074,26.8411,4.8314,0.9997280290301068,0.0002756965996177504,1475.152,5.0789,0.0,0.0,0.0,1475.1519999999996,5.0789,1480.2308999999996,1485.7342
3228,34.8192,0.0084,34.8276,6.269,0.9997588119767082,0.00024118802329187197,1966.3869,5.1746,0.0,0.0,0.0,1966.3869,5.1746,1971.5615,1995.5647
3229,3.2586,0.0087,3.2673,0.5881,0.997337250941144,0.002662749058855936,170.0906,5.3979,0.0,0.0,0.0,170.09060000000002,5.397899999999999,175.48850000000002,175.9904
3230,0.7607,0.0073,0.7679,0.1382,0.9906237791379086,0.009506446151842688,42.5455,4.7052,0.0,0.0,0.0,42.5455,4.7052,47.250699999999995,47.2516
3231,0.6972,0.0083,0.7055,0.127,0.9882352941176471,0.011764705882352941,37.1818,5.3293,0.0,0.0,0.0,37.1818,5.3293,42.5111,43.013
3232,3.371,0.0083,3.3792,0.6083,0.9975733901515151,0.0024562026515151515,182.5455,5.4038,0.0,0.0,0.0,182.54550000000003,5.4037999999999995,187.94930000000002,189.4499
3233,28.8141,0.0094,28.8235,5.1882,0.9996738772182421,0.0003261227817579406,1576.4021,5.4677,0.0,0.0,0.0,1576.4021000000005,5.467700000000001,1581.8698000000004,1590.8654
3234,0.3076,0.0095,0.3171,0.0571,0.9700409965310627,0.029959003468937245,16.9091,5.7903,0.0,0.0,0.0,16.909100000000002,5.7903,22.699400000000004,22.7042
3235,0.2767,0.0081,0.2848,0.0513,0.971558988764045,0.028441011235955056,15.8181,5.4897,0.0,0.0,0.0,15.818100000000001,5.4897,21.3078,21.8104
3236,29.0609,0.0094,29.0703,5.2327,0.9996766459238466,0.0003233540761533249,1652.3931,5.3616,0.0,0.0,0.0,1652.3931,5.3616,1657.7547,1674.7503
3237,34.3853,0.0087,34.394,6.1909,0.9997470489038787,0.0002529510961214165,1996.7447,5.2424,0.0,0.0,0.0,1996.7447,5.2424,2001.9871,2030.4827
3238,0.316,0.0078,0.3237,0.0583,0.9762125424776028,0.024096385542168676,17.909,4.8355,0.0,0.0,0.0,17.909000000000002,4.8355,22.744500000000002,22.7434
3239,0.7913,0.0089,0.8002,0.144,0.9888777805548613,0.011122219445138715,43.1819,5.523,0.0,0.0,0.0,43.1819,5.523000000000001,48.7049,48.7025
3240,23.0556,0.007,23.0625,4.1513,0.99970081300813,0.0003035230352303523,1225.6645,4.3901,0.0,0.0,0.0,1225.6645,4.3901,1230.0546000000002,1236.0539
3241,38.7923,0.0069,38.7992,6.9839,0.9998221612816759,0.00017783871832408916,2134.4009,4.7371,0.0,0.0,0.0,2134.4009,4.7371,2139.138,2188.137
3242,12.7512,0.0075,12.7587,2.2966,0.9994121658162667,0.0005878341837334525,690.9751,4.7973,0.0,0.0,0.0,690.9751,4.7973,695.7724,697.776
3243,0.3665,0.0074,0.3739,0.0673,0.980208611928323,0.019791388071676918,20.7268,4.5889,0.0,0.0,0.0,20.726799999999997,4.588900000000001,25.3157,25.3195
3244,7.3733,0.0082,7.3814,1.3287,0.9989026471942992,0.0011109003712032948,391.9091,5.0341,0.0,0.0,0.0,391.90909999999997,5.0341000000000005,396.9432,398.9438
3245,3.3045,0.0084,3.3129,0.5963,0.9974644571221588,0.002535542877841166,172.091,5.2426,0.0,0.0,0.0,172.09099999999998,5.2426,177.3336,178.3341
3246,33.8184,0.0073,33.8257,6.0886,0.9997841877625592,0.0002158122374407625,1865.0063,4.5603,0.0,0.0,0.0,1865.0063000000002,4.5603,1869.5666000000003,1885.5685
3247,3.6934,0.0064,3.6998,0.666,0.9982701767663117,0.0017298232336883075,208.6365,4.2024,0.0,0.0,0.0,208.63650000000004,4.202400000000001,212.83890000000005,213.8419
3248,1.003,0.0084,1.0114,0.182,0.9916946806406959,0.008305319359303934,57.2727,5.0095,0.0,0.0,0.0,57.2727,5.0095,62.2822,62.2847
3249,5.6604,0.0084,5.6688,1.0204,0.9985182049110923,0.0014817950889077051,306.7273,5.055,0.0,0.0,0.0,306.7273,5.055,311.7823,312.2784
3250,45.5186,0.0072,45.5258,8.1946,0.9998418479192019,0.00015815208079814083,2506.2997,4.5846,0.0,0.0,0.0,2506.299699999999,4.584600000000001,2510.8842999999993,2549.8797
3251,1.6061,0.0084,1.6145,0.2906,0.9947971508206875,0.0052028491793124805,91.8182,5.182,0.0,0.0,0.0,91.8182,5.182,97.0002,97.4978
3252,33.2365,0.0081,33.2446,5.984,0.9997563514074467,0.0002436485925533771,1868.8321,4.9777,0.0,0.0,0.0,1868.8320999999999,4.9777000000000005,1873.8097999999998,1896.3095
3253,1.4076,0.0064,1.4139,0.2545,0.9955442393380013,0.0045264870217129926,74.5456,4.3596,0.0,0.0,0.0,74.54560000000001,4.3596,78.90520000000001,78.9003
3254,0.6538,0.0076,0.6614,0.119,0.9885092228605988,0.01149077713940127,36.6364,4.9993,0.0,0.0,0.0,36.6364,4.9993,41.6357,41.6326
3255,34.5602,0.0077,34.5679,6.2222,0.9997772499920446,0.00022275000795535742,1953.5857,4.7125,0.0,0.0,0.0,1953.5857,4.7125,1958.2982000000002,1984.8031
3256,1.8064,0.0085,1.8149,0.3267,0.995316546366191,0.004683453633809026,97.818,5.1422,0.0,0.0,0.0,97.818,5.142200000000001,102.9602,102.9555
3257,4.676,0.0084,4.6843,0.8432,0.9982281237324679,0.0017932241743697029,271.2726,5.3075,0.0,0.0,0.0,271.2726,5.3075,276.5801,278.5813
3258,1.2962,0.0071,1.3033,0.2346,0.9945522903399064,0.005447709660093609,70.5456,4.6789,0.0,0.0,0.0,70.54560000000001,4.6789,75.2245,75.7202
3259,16.6418,0.008,16.6498,2.997,0.9995195137479129,0.0004804862520871122,902.8229,5.0965,0.0,0.0,0.0,902.8229,5.096499999999999,907.9194,914.4185
3260,41.0423,0.0092,41.0515,7.3893,0.999775891258541,0.0002241087414588992,2233.7574,5.7429,0.0,0.0,0.0,2233.7573999999995,5.7429,2239.5002999999997,2275.9996
3261,9.4446,0.0074,9.4521,1.7014,0.9992065255340082,0.0007828948064451287,535.3046,4.8289,0.0,0.0,0.0,535.3045999999999,4.8289,540.1334999999999,545.136
3262,6.953,0.0083,6.9613,1.253,0.9988076939652077,0.0011923060347923521,384.1819,5.4585,0.0,0.0,0.0,384.18190000000004,5.458500000000001,389.64040000000006,391.6442
3263,35.1038,0.007,35.1109,6.32,0.9997977835942684,0.0001993682873409682,1923.0296,4.5461,0.0,0.0,0.0,1923.0295999999998,4.5461,1927.5756999999999,1942.5768
3264,39.1393,0.0072,39.1465,7.0464,0.9998160755112205,0.0001839244887793289,2179.461,4.3654,0.0,0.0,0.0,2179.4610000000002,4.3654,2183.8264000000004,2218.8237
3265,23.8573,0.0085,23.8658,4.2958,0.9996438418154848,0.00035615818451508016,1313.8121,5.6474,0.0,0.0,0.0,1313.8120999999999,5.647400000000001,1319.4595,1328.962
3266,39.318,0.0068,39.3248,7.0785,0.9998270811294653,0.00017291887053462443,2194.9753,4.6156,0.0,0.0,0.0,2194.9753,4.6156,2199.5909,2215.092
3267,1.1842,0.0087,1.1929,0.2147,0.9927068488557296,0.0072931511442702645,66.3636,5.2067,0.0,0.0,0.0,66.36359999999999,5.2067,71.57029999999999,71.5691
3268,0.7748,0.0072,0.7819,0.1407,0.990919554930298,0.009208338662233022,43.909,4.9554,0.0,0.0,0.0,43.909000000000006,4.9554,48.8644,48.8641
3269,32.1159,0.0081,32.124,5.7823,0.9997478520732164,0.00025214792678371307,1853.5733,5.1524,0.0,0.0,0.0,1853.5732999999996,5.1524,1858.7256999999995,1881.2248
3270,6.4486,0.0076,6.4562,1.1621,0.9988228369629194,0.0011771630370806356,363.0,4.5521,0.0,0.0,0.0,363.0,4.552099999999999,367.5521,371.054
3271,28.8486,0.0081,28.8567,5.1942,0.999719302622961,0.00028069737703895453,1643.6311,5.2473,0.0,0.0,0.0,1643.6311000000003,5.2473,1648.8784000000003,1678.8768
3272,47.2401,0.0073,47.2474,8.5045,0.999845494143593,0.0001545058564069134,2521.707,4.7834,0.0,0.0,0.0,2521.7069999999994,4.7834,2526.490399999999,2578.9888
3273,34.8105,0.0081,34.8186,6.2674,0.9997673657183228,0.00023263428167703465,1859.5315,5.1,0.0,0.0,0.0,1859.5314999999998,5.1000000000000005,1864.6314999999997,1878.6359
3274,3.9463,0.0078,3.9542,0.7117,0.9980021243235041,0.0019725861109706135,213.1818,4.85,0.0,0.0,0.0,213.1818,4.8500000000000005,218.0318,219.5346
3275,2.2054,0.0073,2.2127,0.3983,0.9967008631988069,0.0032991368011931125,121.4546,4.5641,0.0,0.0,0.0,121.4546,4.564100000000001,126.0187,128.5183
3276,9.8755,0.0082,9.8838,1.7791,0.9991602420121816,0.0008296404217001558,558.9803,5.1105,0.0,0.0,0.0,558.9802999999999,5.110500000000001,564.0908,564.0926
3277,8.2576,0.0069,8.2644,1.4876,0.9991771937466725,0.0008349063452882242,455.7273,4.405,0.0,0.0,0.0,455.7273,4.405,460.1323,464.1276
3278,1.8564,0.0081,1.8645,0.3356,0.9956556717618664,0.004344328238133547,102.8181,5.0639,0.0,0.0,0.0,102.81810000000002,5.063899999999999,107.88200000000002,109.3813
3279,26.9283,0.0074,26.9357,4.8484,0.9997252716654849,0.00027472833451516016,1469.5137,4.7684,0.0,0.0,0.0,1469.5136999999997,4.7684,1474.2820999999997,1501.7828
3280,2.3532,0.0085,2.3616,0.4251,0.9964430894308943,0.0035992547425474255,127.6364,5.2044,0.0,0.0,0.0,127.63639999999998,5.2044,132.84079999999997,135.8412
3281,12.3661,0.0073,12.3734,2.2272,0.9994100247304701,0.0005899752695297977,701.8486,4.5631,0.0,0.0,0.0,701.8485999999999,4.5631,706.4116999999999,714.4082
3282,0.8109,0.0086,0.8195,0.1475,0.9895057962172056,0.010494203782794387,42.6364,5.4147,0.0,0.0,0.0,42.6364,5.4147,48.051100000000005,48.0493
3283,0.4828,0.0075,0.4904,0.0883,0.9845024469820555,0.015293637846655791,27.1818,4.7385,0.0,0.0,0.0,27.181799999999996,4.7385,31.920299999999997,31.9253
3284,8.6885,0.0072,8.6957,1.5652,0.9991720045539748,0.0008279954460250467,491.0338,4.4694,0.0,0.0,0.0,491.0338,4.4694,495.5032,497.4995
3285,43.5626,0.0072,43.5698,7.8426,0.9998347479217257,0.00016525207827440108,2390.8558,4.3511,0.0,0.0,0.0,2390.8558000000007,4.3511,2395.2069000000006,2419.7082
3286,0.2045,0.008,0.2125,0.0382,0.9623529411764705,0.037647058823529415,11.8182,4.847,0.0,0.0,0.0,11.818200000000001,4.847,16.665200000000002,16.6625
3287,0.9342,0.0084,0.9426,0.1697,0.9910884786760026,0.008911521323997453,52.3636,5.2566,0.0,0.0,0.0,52.36359999999999,5.2566,57.62019999999999,57.6211
3288,21.5982,0.0078,21.606,3.8891,0.999638989169675,0.00036101083032490973,1146.8274,4.8464,0.0,0.0,0.0,1146.8274,4.8464,1151.6737999999998,1159.673
3289,34.2629,0.0067,34.2696,6.1685,0.9998044914443123,0.00019550855568783998,1936.4399,4.4491,0.0,0.0,0.0,1936.4398999999999,4.4491,1940.889,1964.3932
3290,20.3431,0.008,20.3511,3.6632,0.9996069008554821,0.00039309914451798677,1093.8918,5.1993,0.0,0.0,0.0,1093.8917999999999,5.199300000000001,1099.0910999999999,1105.094
3291,37.8441,0.0081,37.8522,6.8134,0.9997860097959959,0.00021399020400399445,2149.546,4.8046,0.0,0.0,0.0,2149.546,4.804600000000001,2154.3505999999998,2182.3517
3292,3.2722,0.0077,3.2799,0.5904,0.9976523674502272,0.002347632549772859,174.0001,4.9003,0.0,0.0,0.0,174.00010000000003,4.9003,178.90040000000002,179.8959
3293,34.9615,0.009,34.9705,6.2947,0.9997426402253328,0.0002573597746672195,1908.1951,6.1119,0.0,0.0,0.0,1908.1951,6.1119,1914.307,1946.3039
3294,0.6542,0.0091,0.6633,0.1194,0.9862807176240012,0.013719282375998794,37.0909,5.9008,0.0,0.0,0.0,37.0909,5.900799999999999,42.991699999999994,42.9906
3295,28.9978,0.0082,29.0061,5.2211,0.9997138532929281,0.00028269915638434674,1623.3957,5.2287,0.0,0.0,0.0,1623.3956999999998,5.2287,1628.6243999999997,1650.6221
3296,29.4895,0.0069,29.4964,5.3094,0.9997660731479096,0.00023392685209042458,1603.8979,4.732,0.0,0.0,0.0,1603.8979000000004,4.732,1608.6299000000004,1633.1307
3297,0.7605,0.008,0.7685,0.1383,0.9895901106050748,0.01040988939492518,40.7273,4.8316,0.0,0.0,0.0,40.72730000000001,4.8316,45.55890000000001,46.0615
3298,34.363,0.0071,34.3701,6.1866,0.9997934250991414,0.00020657490085859514,1950.9464,4.4375,0.0,0.0,0.0,1950.9464,4.4375,1955.3839,1974.3856
3299,36.6176,0.0089,36.6265,6.5928,0.9997570065389815,0.00024299346101866134,1973.9533,5.766,0.0,0.0,0.0,1973.9532999999997,5.766000000000001,1979.7192999999997,2009.2156
3300,10.2384,0.008,10.2464,1.8444,0.9992192379762649,0.0007807620237351656,546.4547,4.9105,0.0,0.0,0.0,546.4547,4.910500000000001,551.3652,557.3698
3301,37.5167,0.0071,37.5238,6.7543,0.9998107867540068,0.00018921324599320964,2085.1346,4.6239,0.0,0.0,0.0,2085.1346000000003,4.623900000000001,2089.7585000000004,2125.2545
3302,37.5947,0.009,37.6037,6.7687,0.9997606618497648,0.00023933815023521619,2003.4294,5.68,0.0,0.0,0.0,2003.4293999999998,5.680000000000001,2009.1093999999998,2028.11
3303,2.0347,0.0089,2.0437,0.3679,0.9955962225375545,0.004354846601751725,109.9999,5.388,0.0,0.0,0.0,109.9999,5.387999999999999,115.3879,117.8846
3304,0.3032,0.0083,0.3114,0.0561,0.9736673089274246,0.026653821451509314,16.6363,5.0266,0.0,0.0,0.0,16.6363,5.026599999999999,21.662899999999997,21.6635
3305,1.7502,0.0087,1.7589,0.3166,0.9950537267610439,0.004946273238956166,93.1819,5.207,0.0,0.0,0.0,93.18190000000001,5.207,98.3889,98.8867
3306,0.9563,0.0077,0.9639,0.1735,0.9921153646643843,0.007988380537400145,54.1819,4.7453,0.0,0.0,0.0,54.181900000000006,4.7453,58.927200000000006,60.4265
3307,0.4591,0.0083,0.4674,0.0841,0.9822421908429612,0.01775780915703894,25.2726,5.2408,0.0,0.0,0.0,25.2726,5.240799999999999,30.5134,30.5115
3308,42.9129,0.0069,42.9198,7.7256,0.9998392350383739,0.00016076496162610262,2436.8849,4.6239,0.0,0.0,0.0,2436.8849000000005,4.623900000000001,2441.5088000000005,2479.5088
3309,0.2893,0.0076,0.2969,0.0534,0.9744021556079488,0.025597844392051195,15.2728,4.7692,0.0,0.0,0.0,15.272799999999997,4.7692,20.041999999999994,20.0433
3310,18.2579,0.0081,18.266,3.2879,0.9995565531588745,0.00044344684112558857,957.3128,5.4269,0.0,0.0,0.0,957.3128,5.4269,962.7397000000001,969.7378
3311,1.5534,0.007,1.5604,0.2809,0.9955139707767239,0.004486029223276083,86.7273,4.7711,0.0,0.0,0.0,86.7273,4.7711,91.4984,92.0004
3312,1.5775,0.0085,1.5861,0.2855,0.9945778954668684,0.0053590568060021436,84.909,5.2076,0.0,0.0,0.0,84.909,5.2076,90.1166,90.1203
3313,25.0015,0.0084,25.0099,4.5018,0.9996641330033308,0.00033586699666931895,1374.73,5.5314,0.0,0.0,0.0,1374.73,5.5314,1380.2614,1388.2647
3314,14.5523,0.0082,14.5605,2.6209,0.9994368325263556,0.0005631674736444491,798.6383,4.8292,0.0,0.0,0.0,798.6383,4.8292,803.4675,806.467
3315,0.6245,0.0082,0.6327,0.1139,0.9870396712501975,0.012960328749802434,35.2727,5.0416,0.0,0.0,0.0,35.2727,5.0416,40.3143,40.3124
3316,3.5182,0.0089,3.5271,0.6349,0.9974766805590997,0.0025233194409004563,190.4545,5.4589,0.0,0.0,0.0,190.4545,5.4589,195.9134,196.4104
3317,41.0296,0.0092,41.0388,7.387,0.9997758219051239,0.0002241780948760685,2287.1821,5.8679,0.0,0.0,0.0,2287.1821000000004,5.867899999999999,2293.0500000000006,2301.549
3318,40.7112,0.0085,40.7196,7.3295,0.9997937111366516,0.0002087446831501292,2250.1594,5.0994,0.0,0.0,0.0,2250.1594000000005,5.099400000000001,2255.2588000000005,2301.7566
3319,7.1227,0.0073,7.13,1.2834,0.998976157082749,0.0010238429172510519,376.0001,4.5243,0.0,0.0,0.0,376.0001,4.5243,380.52439999999996,383.0196
3320,40.4967,0.0078,40.5045,7.2908,0.9998074288042068,0.00019257119579306,2264.6876,4.8017,0.0,0.0,0.0,2264.6876,4.8017,2269.4893,2296.9863
3321,11.7377,0.0082,11.7459,2.1143,0.9993018840616725,0.0006981159383274164,657.4435,4.9976,0.0,0.0,0.0,657.4435,4.9976,662.4411,675.9384
3322,29.2768,0.0086,29.2853,5.2714,0.9997097519916136,0.0002936626908380655,1593.4932,5.0772,0.0,0.0,0.0,1593.4932000000003,5.0772,1598.5704000000003,1608.5696
3323,0.4383,0.0086,0.4469,0.0804,0.9807563213246812,0.019243678675318864,23.8185,5.1465,0.0,0.0,0.0,23.8185,5.1465,28.965,28.9693
3324,28.7155,0.0077,28.7232,5.1702,0.9997319240196079,0.0002680759803921569,1598.4258,4.7413,0.0,0.0,0.0,1598.4257999999998,4.741299999999999,1603.1670999999997,1657.667
3325,32.2899,0.0077,32.2976,5.8136,0.9997615921926087,0.00023840780739126127,1817.6364,5.3603,0.0,0.0,0.0,1817.6364000000003,5.3603000000000005,1822.9967000000004,1831.5012
3326,0.533,0.0079,0.5409,0.0974,0.9853947125161767,0.014605287483823257,27.7273,4.4386,0.0,0.0,0.0,27.727299999999996,4.4386,32.16589999999999,32.1645
3327,0.2623,0.0078,0.27,0.0486,0.9714814814814813,0.028888888888888884,14.8183,4.886,0.0,0.0,0.0,14.8183,4.886,19.7043,19.7011
3328,11.2511,0.0093,11.2603,2.0269,0.9991829702583411,0.000825910499720256,622.8553,5.6564,0.0,0.0,0.0,622.8553,5.6564,628.5117,631.0164
3329,2.4067,0.0084,2.4151,0.4347,0.9965218831518364,0.0034781168481636373,128.4542,5.0013,0.0,0.0,0.0,128.4542,5.0013,133.45549999999997,133.4585
3330,12.3528,0.0065,12.3593,2.2247,0.9994740802472633,0.0005259197527368055,670.113,4.3291,0.0,0.0,0.0,670.113,4.3291,674.4421000000001,678.4398
3331,7.2656,0.0087,7.2744,1.3094,0.9987902782360057,0.0011959749257670735,382.2728,5.3869,0.0,0.0,0.0,382.2728,5.386900000000001,387.65970000000004,388.6557
3332,32.5588,0.0076,32.5664,5.862,0.9997666306377124,0.00023336936228751103,1807.339,4.4917,0.0,0.0,0.0,1807.3389999999997,4.4917,1811.8306999999998,1848.3291
3333,40.3156,0.007,40.3226,7.2581,0.999826400083328,0.00017359991667204,2349.5205,4.6988,0.0,0.0,0.0,2349.5205000000005,4.698799999999999,2354.2193000000007,2391.7169
3334,0.8992,0.0079,0.9072,0.1633,0.9911816578483245,0.008708112874779543,48.1818,5.0184,0.0,0.0,0.0,48.181799999999996,5.018400000000001,53.200199999999995,54.1971
3335,32.047,0.0082,32.0552,5.7699,0.9997441912700591,0.00025580872994085207,1800.0618,5.1625,0.0,0.0,0.0,1800.0618,5.1625000000000005,1805.2242999999999,1817.2221
3336,0.6409,0.0094,0.6503,0.1171,0.9855451330155314,0.014454866984468708,35.9089,5.6345,0.0,0.0,0.0,35.9089,5.6345,41.543400000000005,41.5469
3337,38.8292,0.0075,38.8367,6.9906,0.9998068836950617,0.00019311630493837014,2248.902,4.6667,0.0,0.0,0.0,2248.902,4.6667000000000005,2253.5687000000003,2289.5703
3338,1.8316,0.0074,1.839,0.331,0.9959760739532354,0.004023926046764546,100.3635,4.5577,0.0,0.0,0.0,100.36349999999999,4.5577000000000005,104.92119999999998,104.9257
3339,1.1258,0.0074,1.1332,0.204,0.993469819978821,0.006530180021178962,60.1818,4.8732,0.0,0.0,0.0,60.181799999999996,4.8732,65.05499999999999,65.055
3340,0.1495,0.007,0.1565,0.0282,0.9552715654952076,0.04472843450479233,8.3636,4.3387,0.0,0.0,0.0,8.363600000000002,4.3387,12.702300000000001,12.7034
3341,33.903,0.0073,33.9103,6.1039,0.9997847261746431,0.00021527382535689748,1894.2359,4.8542,0.0,0.0,0.0,1894.2359000000001,4.8542,1899.0901000000001,1911.5933
3342,32.7191,0.006,32.7252,5.8905,0.9998135993057337,0.00018334494517986138,1841.5535,4.097,0.0,0.0,0.0,1841.5534999999998,4.097,1845.6504999999997,1866.6513
3343,1.3774,0.0083,1.3857,0.2494,0.994010247528325,0.005989752471674966,73.1819,5.2117,0.0,0.0,0.0,73.18190000000001,5.211699999999999,78.3936,78.3985
3344,2.0739,0.0082,2.0821,0.3748,0.9960616685077566,0.003938331492243408,109.0909,5.0139,0.0,0.0,0.0,109.0909,5.0139,114.10480000000001,116.1004
3345,10.174,0.0077,10.1817,1.8327,0.9992437412219963,0.0007562587780036733,569.5555,5.0473,0.0,0.0,0.0,569.5555,5.047299999999999,574.6028,579.1041
3346,14.0967,0.007,14.1037,2.5387,0.9995036763402512,0.0004963236597488603,743.9092,4.6002,0.0,0.0,0.0,743.9091999999998,4.6002,748.5093999999998,752.5126
3347,41.4425,0.0068,41.4493,7.4609,0.9998359441534598,0.00016405584654023106,2293.7425,4.5994,0.0,0.0,0.0,2293.7425,4.599399999999999,2298.3419,2313.8451
3348,0.3957,0.0092,0.4049,0.0729,0.977278340330946,0.022721659669054088,21.6364,5.8486,0.0,0.0,0.0,21.636400000000002,5.8486,27.485000000000003,27.4895
3349,0.363,0.0078,0.3708,0.0667,0.9789644012944984,0.021035598705501615,20.3637,5.0674,0.0,0.0,0.0,20.363699999999998,5.0674,25.431099999999997,25.4307
3350,0.5601,0.0085,0.5686,0.1024,0.9850510024621879,0.014948997537812172,29.9091,5.1168,0.0,0.0,0.0,29.909099999999995,5.1168000000000005,35.02589999999999,35.0247
3351,28.1733,0.0075,28.1808,5.0726,0.9997338613524102,0.0002661386475898484,1560.9618,4.745,0.0,0.0,0.0,1560.9617999999998,4.745,1565.7067999999997,1593.2033
3352,25.667,0.0095,25.6764,4.6218,0.999633905064573,0.0003699895623997133,1470.4216,5.7273,0.0,0.0,0.0,1470.4216,5.7273,1476.1489,1501.6471
3353,6.739,0.0089,6.7479,1.2146,0.9986810711480609,0.001318928851939122,379.5458,5.0827,0.0,0.0,0.0,379.54580000000004,5.0827,384.62850000000003,387.1268
3354,0.2155,0.0084,0.2239,0.0403,0.9624832514515409,0.037516748548459135,12.0908,5.0026,0.0,0.0,0.0,12.090800000000002,5.0026,17.093400000000003,17.0964
3355,30.8081,0.0081,30.8162,5.5469,0.9997371512386343,0.00026284876136577516,1641.9425,5.1823,0.0,0.0,0.0,1641.9424999999999,5.1823,1647.1247999999998,1667.627
3356,37.856,0.0077,37.8637,6.8155,0.9997966389972454,0.00020336100275461722,2159.8099,5.0046,0.0,0.0,0.0,2159.8099,5.004599999999999,2164.8145000000004,2213.8135
3357,41.6053,0.0072,41.6125,7.4903,0.9998269750675879,0.00017302493241213578,2352.3487,4.6231,0.0,0.0,0.0,2352.3487,4.6231,2356.9718,2407.4762
3358,7.2929,0.0072,7.3002,1.314,0.9990000273965097,0.000986274348647982,407.5611,4.3088,0.0,0.0,0.0,407.56109999999995,4.3088,411.8699,413.8737
3359,23.38,0.008,23.388,4.2098,0.9996579442449118,0.0003420557550880793,1295.5455,4.9324,0.0,0.0,0.0,1295.5455,4.9323999999999995,1300.4778999999999,1312.4827
3360,46.2403,0.0083,46.2486,8.3248,0.9998205351080897,0.0001794648919102416,2481.3717,5.5595,0.0,0.0,0.0,2481.3716999999997,5.5595,2486.9311999999995,2530.4303
3361,2.1633,0.0076,2.1708,0.3907,0.9965450525152019,0.0035010134512622076,121.2727,4.6508,0.0,0.0,0.0,121.27269999999999,4.6508,125.92349999999999,127.9222
3362,18.092,0.0063,18.0984,3.2577,0.9996463775803385,0.00034809706935419704,975.6883,4.0737,0.0,0.0,0.0,975.6882999999999,4.0737,979.762,985.2659
3363,3.7546,0.0086,3.7633,0.6774,0.9976881991868838,0.0022852283899768818,199.0,4.9599,0.0,0.0,0.0,199.00000000000003,4.959899999999999,203.95990000000003,203.9617
3364,2.6477,0.0081,2.6558,0.4781,0.9969500715415317,0.0030499284584682576,141.1821,4.992,0.0,0.0,0.0,141.18209999999996,4.992,146.17409999999995,146.1704
3365,26.4073,0.0081,26.4154,4.7548,0.9996933606911119,0.0003066393088879971,1433.3825,5.2152,0.0,0.0,0.0,1433.3824999999997,5.215200000000001,1438.5976999999998,1450.0954
3366,40.0008,0.0075,40.0084,7.2015,0.9998100398916226,0.0001874606332670139,2268.4552,4.844,0.0,0.0,0.0,2268.4552000000003,4.844,2273.2992000000004,2316.7972
3367,0.2408,0.0069,0.2476,0.0446,0.9725363489499192,0.027867528271405494,13.9089,4.5301,0.0,0.0,0.0,13.9089,4.5301,18.439,18.4343
3368,3.4877,0.0087,3.4964,0.6294,0.9975117263470998,0.0024882736529001255,186.4545,5.4392,0.0,0.0,0.0,186.45449999999997,5.4392000000000005,191.89369999999997,192.3948
3369,44.1403,0.01,44.1503,7.947,0.9997735009728134,0.00022649902718667824,2439.7593,5.9781,0.0,0.0,0.0,2439.7592999999997,5.9781,2445.7373999999995,2480.2359
3370,5.5637,0.0071,5.5708,1.0027,0.9987254972355855,0.0012745027644144467,323.6363,4.5594,0.0,0.0,0.0,323.6363,4.5594,328.1957,328.6982
3371,3.4235,0.0079,3.4315,0.6177,0.9976686580212735,0.002302200203992423,189.8182,4.9805,0.0,0.0,0.0,189.8182,4.9805,194.7987,196.2983
3372,0.5705,0.0076,0.5781,0.1041,0.9868534855561323,0.013146514443867843,31.3638,4.9463,0.0,0.0,0.0,31.363799999999998,4.946300000000001,36.3101,36.309
3373,2.6359,0.0085,2.6444,0.476,0.9967856602631976,0.0032143397368022994,143.2727,5.3318,0.0,0.0,0.0,143.2727,5.3318,148.60449999999997,150.1013
3374,32.0159,0.0079,32.0238,5.7643,0.9997533084768204,0.00024669152317963514,1822.3706,5.1885,0.0,0.0,0.0,1822.3706000000002,5.1884999999999994,1827.5591000000002,1869.0588
3375,36.9026,0.0079,36.9104,6.6439,0.999788677445923,0.00021403181759070615,2051.6379,4.6688,0.0,0.0,0.0,2051.6379,4.6688,2056.3067,2086.8091
3376,1.6923,0.0078,1.7001,0.306,0.9954120345862008,0.004587965413799188,93.4545,4.6946,0.0,0.0,0.0,93.45450000000001,4.6946,98.1491,98.1529
3377,22.0023,0.0068,22.0091,3.9616,0.9996910368892867,0.00030896311071329583,1207.6404,4.3317,0.0,0.0,0.0,1207.6404,4.3317,1211.9721,1237.4759
3378,12.4599,0.0074,12.4672,2.2441,0.9994144635523613,0.0005935574948665298,666.9401,4.5908,0.0,0.0,0.0,666.9401,4.5908,671.5309,675.528
3379,1.1645,0.0079,1.1723,0.211,0.9933464130342065,0.006738889362791095,63.1814,5.4077,0.0,0.0,0.0,63.1814,5.4077,68.5891,69.0881
3380,40.637,0.0086,40.6456,7.3162,0.9997884149821875,0.00021158501781250614,2288.0327,5.0435,0.0,0.0,0.0,2288.0326999999997,5.0435,2293.0762,2314.0788
3381,4.2733,0.0079,4.2813,0.7706,0.9981314086842782,0.0018452339242753372,245.2728,4.874,0.0,0.0,0.0,245.27280000000002,4.873999999999999,250.1468,252.1429
3382,0.6566,0.0082,0.6648,0.1197,0.9876654632972323,0.012334536702767752,36.4545,5.3107,0.0,0.0,0.0,36.454499999999996,5.3107,41.76519999999999,41.7661
3383,2.4077,0.0081,2.4158,0.4348,0.9966470734332313,0.003352926566768772,134.3637,4.8714,0.0,0.0,0.0,134.3637,4.8714,139.2351,140.7337
3384,30.9513,0.0088,30.9601,5.5728,0.9997157631919793,0.00028423680802064594,1698.9798,5.3958,0.0,0.0,0.0,1698.9798,5.3958,1704.3756,1710.3744
3385,28.271,0.0083,28.2793,5.0903,0.9997064991000485,0.00029350089995155466,1633.4085,5.2336,0.0,0.0,0.0,1633.4085000000005,5.233600000000001,1638.6421000000005,1649.1403
3386,0.709,0.0094,0.7184,0.1293,0.9869153674832961,0.013084632516703786,40.5453,5.5683,0.0,0.0,0.0,40.5453,5.5683,46.1136,46.1165
3387,14.5131,0.0077,14.5208,2.6137,0.999469726185885,0.0005302738141149248,787.475,4.6459,0.0,0.0,0.0,787.475,4.6459,792.1209,794.1201
3388,0.3745,0.007,0.3815,0.0687,0.981651376146789,0.01834862385321101,20.8181,4.7358,0.0,0.0,0.0,20.8181,4.7358,25.553900000000002,25.5551
3389,25.1539,0.0061,25.1601,4.5288,0.9997535780859377,0.0002424473670613392,1400.2647,4.0493,0.0,0.0,0.0,1400.2647000000002,4.049300000000001,1404.314,1423.8172
3390,1.7182,0.0074,1.7257,0.3106,0.9956539375325955,0.004288114967839138,90.4543,4.5568,0.0,0.0,0.0,90.45429999999996,4.5568,95.01109999999996,96.0155
3391,40.4157,0.0075,40.4232,7.2762,0.9998144629816541,0.00018553701834590037,2258.4439,5.1822,0.0,0.0,0.0,2258.4439,5.1822,2263.6261000000004,2300.6231
3392,0.4015,0.0077,0.4092,0.0737,0.9811827956989247,0.01881720430107527,22.1817,4.8311,0.0,0.0,0.0,22.181699999999996,4.8311,27.012799999999995,27.0146
3393,44.0915,0.0079,44.0994,7.9379,0.9998208592407153,0.00017914075928470683,2459.5221,5.0056,0.0,0.0,0.0,2459.5220999999997,5.0056,2464.5276999999996,2493.025
3394,11.3436,0.0078,11.3514,2.0432,0.9993128600877426,0.0006871399122575189,633.3259,5.1505,0.0,0.0,0.0,633.3259,5.150500000000001,638.4764,645.9755
3395,0.9584,0.0058,0.9641,0.1735,0.9940877502333784,0.00601597344673789,49.6363,3.7511,0.0,0.0,0.0,49.636300000000006,3.7511,53.38740000000001,53.391
3396,4.853,0.0073,4.8603,0.8749,0.998498035100714,0.0015019648992860525,255.0003,4.5755,0.0,0.0,0.0,255.00030000000004,4.5755,259.5758,260.5751
3397,0.3072,0.0076,0.3148,0.0567,0.9758576874205843,0.0241423125794155,16.6364,4.9477,0.0,0.0,0.0,16.6364,4.9477,21.5841,22.0863
3398,8.2997,0.0078,8.3075,1.4953,0.999061089377069,0.0009389106229310864,476.6191,4.9321,0.0,0.0,0.0,476.6191,4.9321,481.5512,483.052
3399,0.8999,0.0088,0.9087,0.1636,0.9903158358093981,0.00968416419060196,48.5455,5.4342,0.0,0.0,0.0,48.545500000000004,5.4342,53.9797,53.9824
3400,2.3596,0.0079,2.3675,0.4262,0.996663146779303,0.0033368532206969376,125.8184,5.2899,0.0,0.0,0.0,125.8184,5.2899,131.10829999999999,132.1119
3401,40.853,0.007,40.86,7.3548,0.9998286833088595,0.0001713166911404797,2200.3675,4.3833,0.0,0.0,0.0,2200.3675000000003,4.3833,2204.7508000000003,2227.2516
3402,1.0459,0.0075,1.0534,0.1896,0.9928801974558574,0.007119802544142777,56.6365,4.6585,0.0,0.0,0.0,56.636500000000005,4.6585,61.295,61.2913
3403,2.6972,0.0077,2.7049,0.4869,0.9971533143554291,0.002846685644570964,155.5454,4.9381,0.0,0.0,0.0,155.5454,4.938100000000001,160.4835,161.9843
3404,37.3118,0.0073,37.3191,6.7174,0.999804389709291,0.00019561029070904712,2015.5682,4.6165,0.0,0.0,0.0,2015.5682000000002,4.6165,2020.1847000000002,2056.6867
3405,1.4448,0.0086,1.4534,0.2616,0.9940828402366865,0.005917159763313609,79.3637,5.2327,0.0,0.0,0.0,79.3637,5.2326999999999995,84.59639999999999,85.0999
3406,4.9596,0.0083,4.9679,0.8942,0.9983292739386863,0.0016707260613136334,268.4542,5.1353,0.0,0.0,0.0,268.45419999999996,5.1353,273.58949999999993,275.0867
3407,25.304,0.0075,25.3115,4.5561,0.9997036919977086,0.00029630800229144856,1400.2337,4.5877,0.0,0.0,0.0,1400.2337,4.587700000000001,1404.8214,1450.824
3408,6.6588,0.0075,6.6664,1.1999,0.9988599543981759,0.001125045001800072,353.8132,4.7543,0.0,0.0,0.0,353.8132,4.754300000000001,358.5675,361.0698
3409,19.0049,0.0085,19.0134,3.4224,0.9995529468690502,0.00044705313094975125,1033.9569,5.3951,0.0,0.0,0.0,1033.9569,5.395099999999999,1039.3519999999999,1065.8554
3410,35.2285,0.0078,35.2363,6.3425,0.99977863737112,0.0002213626288798767,2003.6554,5.1113,0.0,0.0,0.0,2003.6553999999999,5.1113,2008.7667,2031.2651
3411,0.6487,0.0071,0.6559,0.1181,0.9890227168775728,0.010824820856837933,35.1817,4.8366,0.0,0.0,0.0,35.1817,4.8366,40.018299999999996,40.0188
3412,39.162,0.008,39.17,7.0506,0.9997957620628031,0.00020423793719683432,2115.7471,4.7154,0.0,0.0,0.0,2115.7471000000005,4.7154,2120.4625000000005,2148.9666
3413,1.2036,0.0076,1.2112,0.218,0.9937252311756934,0.006274768824306473,67.182,4.896,0.0,0.0,0.0,67.182,4.896,72.078,72.5747
3414,36.3072,0.0084,36.3155,6.5368,0.9997714474535667,0.0002313061915710922,1966.5097,5.1787,0.0,0.0,0.0,1966.5097,5.1787,1971.6884,1981.6856
3415,0.9636,0.0093,0.9728,0.1751,0.9905427631578948,0.009560032894736841,51.1818,5.4358,0.0,0.0,0.0,51.1818,5.4357999999999995,56.6176,56.6163
3416,12.3171,0.0081,12.3252,2.2185,0.9993428098529841,0.0006571901470158698,705.2258,5.1806,0.0,0.0,0.0,705.2257999999999,5.180599999999999,710.4064,714.4058
3417,19.7989,0.0068,19.8056,3.565,0.9996617118390759,0.0003433372379529022,1050.8509,4.4713,0.0,0.0,0.0,1050.8509000000001,4.4713,1055.3222,1058.3182
3418,0.4625,0.0089,0.4714,0.0848,0.9811200678829021,0.018879932117098007,25.2729,5.2236,0.0,0.0,0.0,25.272900000000007,5.2236,30.496500000000008,30.4938
3419,10.7621,0.0083,10.7704,1.9387,0.9992293693827528,0.0007706306172472702,619.4104,5.2822,0.0,0.0,0.0,619.4104000000001,5.2822000000000005,624.6926000000001,629.1879
3420,5.3073,0.0083,5.3156,0.9568,0.998438558206035,0.0015614417939649335,287.2729,4.9798,0.0,0.0,0.0,287.2729,4.979799999999999,292.2527,292.7566
3421,35.9854,0.0088,35.9942,6.479,0.9997555161664935,0.0002444838335065094,1935.0345,5.3502,0.0,0.0,0.0,1935.0344999999998,5.3502,1940.3846999999998,1962.8885
3422,31.2266,0.0072,31.2337,5.6221,0.9997726814306342,0.00023052023935684853,1742.6576,4.4939,0.0,0.0,0.0,1742.6576,4.4939,1747.1515,1763.6543
3423,21.3487,0.0073,21.356,3.8441,0.9996581756883312,0.0003418243116688518,1218.118,4.9578,0.0,0.0,0.0,1218.118,4.957800000000001,1223.0757999999998,1229.5761
3424,29.9876,0.0077,29.9953,5.3992,0.9997432931159215,0.00025670688407850565,1669.5453,4.8436,0.0,0.0,0.0,1669.5453,4.8435999999999995,1674.3889,1679.3914
3425,2.7045,0.0079,2.7125,0.4882,0.9970506912442396,0.0029124423963133644,149.6364,5.1616,0.0,0.0,0.0,149.6364,5.1616,154.798,158.2989
3426,35.8774,0.0082,35.8856,6.4594,0.9997714960875673,0.0002285039124328422,1922.7214,5.064,0.0,0.0,0.0,1922.7214,5.064000000000001,1927.7854,1942.7895
3427,38.7928,0.0086,38.8013,6.9842,0.9997809351748524,0.00022164205838464177,2164.721,5.1194,0.0,0.0,0.0,2164.721,5.1194,2169.8404,2178.3421
3428,0.8354,0.0069,0.8423,0.1516,0.9918081443666152,0.00819185563338478,44.9091,4.4992,0.0,0.0,0.0,44.909099999999995,4.4992,49.4083,49.4062
3429,44.3578,0.0084,44.3662,7.9859,0.9998106666786878,0.00018933332131217007,2483.007,5.0681,0.0,0.0,0.0,2483.0070000000005,5.0681,2488.0751000000005,2504.0751
3430,32.5443,0.0067,32.5511,5.8592,0.999791097689479,0.00020583021771921687,1795.9728,4.225,0.0,0.0,0.0,1795.9727999999998,4.225,1800.1977999999997,1813.1964
3431,0.8324,0.009,0.8414,0.1514,0.9893035417161873,0.010696458283812691,47.0001,5.5264,0.0,0.0,0.0,47.0001,5.5264,52.526500000000006,52.5281
3432,41.6306,0.0087,41.6393,7.4951,0.9997910627700274,0.00020893722997264604,2386.6364,5.2667,0.0,0.0,0.0,2386.6363999999994,5.266699999999999,2391.9030999999995,2412.4073
3433,43.9943,0.0075,44.0018,7.9203,0.9998295524274007,0.00017044757259930275,2474.7154,4.8338,0.0,0.0,0.0,2474.7154,4.833800000000001,2479.5492,2507.5471
3434,4.3246,0.0089,4.3335,0.78,0.9979462328371986,0.002053767162801431,224.2728,5.2958,0.0,0.0,0.0,224.27280000000005,5.2958,229.56860000000006,230.5649
3435,0.3545,0.0089,0.3634,0.0654,0.9755090809025866,0.024490919097413317,19.091,5.2911,0.0,0.0,0.0,19.091,5.2911,24.3821,24.3788
3436,30.6559,0.0086,30.6645,5.5196,0.9997195454026643,0.0002804545973356813,1696.1866,5.5201,0.0,0.0,0.0,1696.1866000000002,5.5201,1701.7067000000002,1716.7029
3437,39.8916,0.0065,39.8981,7.1817,0.9998370849739712,0.0001629150260288084,2264.4904,3.9431,0.0,0.0,0.0,2264.4904,3.9430999999999994,2268.4335,2283.4324
3438,28.2261,0.0078,28.2339,5.0821,0.9997237363594828,0.0002762636405172505,1492.3351,4.832,0.0,0.0,0.0,1492.3351000000005,4.832,1497.1671000000006,1505.1684
3439,26.0014,0.007,26.0084,4.6815,0.9997308561849249,0.0002691438150751296,1498.5392,4.7348,0.0,0.0,0.0,1498.5391999999997,4.7348,1503.2739999999997,1524.7694
3440,34.2326,0.0088,34.2414,6.1635,0.9997430011623356,0.00025699883766434786,1945.9642,5.5907,0.0,0.0,0.0,1945.9641999999997,5.5907,1951.5548999999996,1971.0523
3441,34.2247,0.0084,34.2331,6.162,0.9997546234492347,0.00024537655076519506,1923.6633,5.0012,0.0,0.0,0.0,1923.6633000000002,5.001200000000001,1928.6645,1987.6665
3442,37.3056,0.0084,37.314,6.7165,0.9997748834217719,0.00022511657822801091,2079.8138,5.0177,0.0,0.0,0.0,2079.8138,5.0177000000000005,2084.8315,2116.3272
3443,0.2192,0.0081,0.2273,0.0409,0.9643642762868456,0.03563572371315442,11.6365,4.6355,0.0,0.0,0.0,11.6365,4.6355,16.272,16.2705
3444,1.0972,0.0083,1.1055,0.199,0.9924920850293985,0.0075079149706015385,62.0003,5.1641,0.0,0.0,0.0,62.0003,5.1640999999999995,67.1644,67.1601
3445,2.6933,0.0083,2.7016,0.4863,0.9969277465205804,0.003072253479419603,141.1818,5.1399,0.0,0.0,0.0,141.1818,5.1399,146.32170000000002,148.3204
3446,0.8391,0.0081,0.8472,0.1525,0.9904390934844193,0.009560906515580737,45.3634,4.9112,0.0,0.0,0.0,45.36339999999999,4.9112,50.27459999999999,50.2735
3447,3.1412,0.0078,3.149,0.5668,0.9975230231819625,0.002476976818037472,170.5456,4.7251,0.0,0.0,0.0,170.54560000000004,4.7251,175.27070000000003,177.2709
3448,26.8129,0.0075,26.8204,4.8277,0.9997203621124219,0.0002796378875781122,1484.1308,4.815,0.0,0.0,0.0,1484.1307999999997,4.815,1488.9457999999997,1505.4418
3449,43.4633,0.0079,43.4712,7.8248,0.999818270487127,0.00018172951287289055,2410.3162,4.8092,0.0,0.0,0.0,2410.3162,4.809200000000001,2415.1254000000004,2484.6281
3450,0.3683,0.0073,0.3756,0.0676,0.9805644302449414,0.019435569755058574,20.7271,4.6344,0.0,0.0,0.0,20.727099999999997,4.634399999999999,25.361499999999996,25.3575
3451,2.8646,0.0079,2.8725,0.517,0.9972497824194951,0.002750217580504787,157.0,5.0238,0.0,0.0,0.0,157.0,5.0238,162.0238,163.5203
3452,40.8784,0.0077,40.8861,7.3595,0.9998116719374066,0.00018832806259339973,2201.1356,4.9769,0.0,0.0,0.0,2201.1356,4.9769000000000005,2206.1125,2253.6171
3453,0.397,0.0078,0.4048,0.0729,0.9807312252964427,0.019268774703557312,22.2728,4.8742,0.0,0.0,0.0,22.272800000000007,4.874199999999999,27.147000000000006,27.1478
3454,3.4644,0.0082,3.4726,0.6251,0.9976386569141278,0.0023613430858722573,189.9091,5.0688,0.0,0.0,0.0,189.90910000000002,5.0688,194.97790000000003,195.9747
3455,5.5375,0.0073,5.5448,0.9981,0.9986834511614484,0.0013165488385514356,294.0001,4.7217,0.0,0.0,0.0,294.00010000000003,4.721699999999999,298.72180000000003,303.221
3456,0.1149,0.0086,0.1235,0.0222,0.9303643724696357,0.06963562753036437,6.3636,5.2055,0.0,0.0,0.0,6.363600000000002,5.2055,11.569100000000002,11.571
3457,24.013,0.0084,24.0214,4.3238,0.9996503118053071,0.00034968819469306534,1309.5618,4.9472,0.0,0.0,0.0,1309.5618000000002,4.9472000000000005,1314.5090000000002,1329.0117
3458,42.3381,0.0088,42.3469,7.6224,0.9997921925808029,0.00020780741919715495,2350.5967,5.0843,0.0,0.0,0.0,2350.5966999999996,5.084300000000001,2355.6809999999996,2411.1797
3459,33.8079,0.0074,33.8152,6.0867,0.9997841207504318,0.00021883649956232703,1960.9428,4.743,0.0,0.0,0.0,1960.9428,4.743,1965.6858,1997.6865
3460,1.4738,0.0077,1.4815,0.2667,0.9948025649679378,0.005197435032062099,80.4544,4.893,0.0,0.0,0.0,80.4544,4.893,85.34740000000001,85.3484
3461,1.3335,0.0075,1.341,0.2414,0.994407158836689,0.005592841163310962,74.5455,4.4392,0.0,0.0,0.0,74.5455,4.4392000000000005,78.9847,79.9842
3462,0.6211,0.0078,0.6289,0.1132,0.9875973922722213,0.01240260772777866,34.3636,4.6489,0.0,0.0,0.0,34.3636,4.648899999999999,39.012499999999996,39.0118
3463,12.7437,0.0077,12.7513,2.2952,0.9994039823390556,0.0006038599985883792,692.4969,4.86,0.0,0.0,0.0,692.4968999999999,4.859999999999999,697.3568999999999,704.3551
3464,2.37,0.0086,2.3786,0.4282,0.996384427814681,0.003615572185319095,132.2729,5.4079,0.0,0.0,0.0,132.2729,5.407900000000001,137.6808,137.6798
3465,26.4347,0.0069,26.4416,4.7595,0.9997390475614183,0.0002609524385816289,1490.4323,4.6201,0.0,0.0,0.0,1490.4322999999995,4.620100000000001,1495.0523999999996,1505.0477
3466,22.8627,0.0084,22.8711,4.1168,0.9996327242677441,0.00036727573225599116,1246.5999,5.3636,0.0,0.0,0.0,1246.5999000000002,5.3636,1251.9635,1273.963
3467,45.4321,0.0087,45.4408,8.1793,0.9998085421031319,0.00019145789686801287,2436.9726,5.4565,0.0,0.0,0.0,2436.9726,5.456500000000001,2442.4291,2466.9296
3468,42.7677,0.0084,42.7761,7.6997,0.9998036286617994,0.00019637133820053722,2423.8524,5.2059,0.0,0.0,0.0,2423.8523999999998,5.2059,2429.0582999999997,2471.5545
3469,17.9878,0.008,17.9957,3.2392,0.9995610062403797,0.00044455064265352284,959.0268,5.0339,0.0,0.0,0.0,959.0267999999999,5.0339,964.0606999999999,970.5564
3470,23.2062,0.0082,23.2144,4.1786,0.9996467709697429,0.0003532290302570818,1299.5951,5.2285,0.0,0.0,0.0,1299.5951000000002,5.2285,1304.8236000000002,1311.8281
3471,31.8946,0.0082,31.9029,5.7425,0.9997398355635382,0.0002570299251792157,1737.4775,5.1638,0.0,0.0,0.0,1737.4775000000002,5.1638,1742.6413000000002,1767.1432
3472,5.5574,0.0088,5.5663,1.0019,0.998401092287516,0.001580942457287606,308.0908,5.5248,0.0,0.0,0.0,308.09079999999994,5.524799999999999,313.6156,314.6161
3473,5.7679,0.0077,5.7756,1.0396,0.9986668051804142,0.001333194819585844,308.2013,4.7216,0.0,0.0,0.0,308.2013,4.7216000000000005,312.9229,313.9224
3474,0.5123,0.0082,0.5206,0.0937,0.9840568574721476,0.01575105647330004,29.9091,5.3794,0.0,0.0,0.0,29.9091,5.3794,35.2885,35.285
3475,31.0308,0.0079,31.0387,5.587,0.9997454790310162,0.00025452096898388146,1710.5357,4.9088,0.0,0.0,0.0,1710.5357,4.9088,1715.4444999999998,1728.9477
3476,0.2755,0.0084,0.2839,0.0511,0.9704121169425856,0.029587883057414582,15.9092,4.8871,0.0,0.0,0.0,15.909199999999998,4.8871,20.7963,20.7941
3477,39.9816,0.0061,39.9876,7.1978,0.9998499534855805,0.00015254728965979455,2183.1607,4.1556,0.0,0.0,0.0,2183.1607,4.1556,2187.3163,2253.319
3478,27.5184,0.0072,27.5256,4.9546,0.9997384253204289,0.0002615746795710175,1498.6211,4.7848,0.0,0.0,0.0,1498.6211000000003,4.784800000000001,1503.4059000000002,1510.4011
3479,26.9497,0.0072,26.9569,4.8522,0.9997329069737246,0.00026709302627527643,1472.6787,4.8207,0.0,0.0,0.0,1472.6787,4.8207,1477.4994,1487.4946
3480,29.8392,0.0074,29.8466,5.3724,0.9997520655619067,0.0002479344380934512,1692.8858,4.3985,0.0,0.0,0.0,1692.8857999999998,4.3985,1697.2842999999998,1705.7859
3481,8.1548,0.008,8.1628,1.4693,0.9990199441368157,0.0009800558631842015,453.8166,4.9909,0.0,0.0,0.0,453.8166,4.9909,458.8075,462.3068
3482,28.2962,0.0082,28.3044,5.0948,0.9997102923927021,0.0002897076072978053,1578.0374,5.0454,0.0,0.0,0.0,1578.0373999999997,5.045400000000001,1583.0827999999997,1588.0868
3483,27.5746,0.0083,27.5829,4.9649,0.9996990889282853,0.00030091107171472184,1533.709,5.3926,0.0,0.0,0.0,1533.7089999999998,5.392600000000001,1539.1015999999997,1549.1037
3484,4.9107,0.0092,4.9199,0.8856,0.9981300432935629,0.0018699567064371227,266.7272,5.7884,0.0,0.0,0.0,266.7272,5.788399999999999,272.5156,275.0112
3485,43.3914,0.0074,43.3989,7.8118,0.9998271845599773,0.00017051123415570444,2309.9112,4.6472,0.0,0.0,0.0,2309.9112,4.6472,2314.5584,2348.5557
3486,37.9973,0.007,38.0043,6.8408,0.9998158103162011,0.00018418968379893855,2181.2867,4.516,0.0,0.0,0.0,2181.2867,4.516,2185.8027,2254.3036
3487,27.0187,0.0074,27.0261,4.8647,0.9997261906083379,0.000273809391662134,1478.4768,4.6244,0.0,0.0,0.0,1478.4768,4.6244,1483.1011999999998,1494.6015
3488,28.7498,0.0074,28.7572,5.1763,0.9997426731392486,0.0002573268607513944,1549.3918,4.5612,0.0,0.0,0.0,1549.3918,4.5612,1553.9530000000002,1565.4568
3489,39.7052,0.0076,39.7128,7.1483,0.9998086259342075,0.00019137406579238935,2201.3982,4.8338,0.0,0.0,0.0,2201.3982,4.8338,2206.232,2274.229
3490,41.2268,0.0076,41.2344,7.4222,0.9998156878722619,0.00018431212773800516,2295.1249,4.6178,0.0,0.0,0.0,2295.1249,4.6178,2299.7427,2332.2426
3491,28.4224,0.0072,28.4295,5.1173,0.9997502594136372,0.00025325805941011975,1537.4181,4.5428,0.0,0.0,0.0,1537.4181,4.5428,1541.9609,1557.4594
3492,0.5978,0.0079,0.6057,0.109,0.9869572395575367,0.013042760442463266,33.1818,5.3633,0.0,0.0,0.0,33.1818,5.3633,38.545100000000005,38.5449
3493,42.3337,0.0077,42.3414,7.6215,0.9998181448889267,0.00018185511107332304,2362.687,4.9263,0.0,0.0,0.0,2362.687,4.9262999999999995,2367.6133,2387.6086
3494,27.2452,0.0082,27.2534,4.9056,0.9996991201097846,0.0003008798902155328,1482.1513,5.107,0.0,0.0,0.0,1482.1513,5.107,1487.2583,1499.254
3495,3.0914,0.0081,3.0995,0.5579,0.997386675270205,0.002613324729795128,165.909,4.8668,0.0,0.0,0.0,165.90899999999996,4.8668,170.77579999999998,173.7751
3496,10.7949,0.0077,10.8026,1.9445,0.9992872086349582,0.0007127913650417493,597.5271,5.0552,0.0,0.0,0.0,597.5271,5.0552,602.5823,608.0872
3497,1.6332,0.008,1.6413,0.2954,0.9950648875891062,0.004874185097179066,90.3636,5.3207,0.0,0.0,0.0,90.3636,5.3206999999999995,95.68430000000001,97.6814
3498,0.6593,0.008,0.6672,0.1201,0.9881594724220624,0.011990407673860911,37.0001,5.0629,0.0,0.0,0.0,37.000099999999996,5.0629,42.062999999999995,42.0628
3499,0.2881,0.0083,0.2964,0.0534,0.9719973009446694,0.028002699055330635,16.2725,5.0942,0.0,0.0,0.0,16.2725,5.094200000000001,21.3667,21.3668
3500,36.2607,0.0083,36.269,6.5284,0.9997711544294026,0.00022884557059747995,2010.4187,5.3629,0.0,0.0,0.0,2010.4186999999997,5.3629,2015.7815999999998,2057.2835
3501,34.6182,0.0074,34.6256,6.2326,0.9997862852918074,0.00021371470819278224,1947.462,4.6806,0.0,0.0,0.0,1947.4619999999998,4.6806,1952.1425999999997,1979.1474
3502,15.3161,0.0068,15.3229,2.7581,0.9995562197756299,0.00044378022437006046,847.3774,4.2868,0.0,0.0,0.0,847.3774,4.2867999999999995,851.6641999999999,860.1645
3503,1.561,0.0073,1.5682,0.2823,0.9954087488840708,0.004655018492539217,83.7271,4.6476,0.0,0.0,0.0,83.7271,4.647600000000001,88.37469999999999,89.3781
3504,0.5228,0.0092,0.532,0.0958,0.9827067669172933,0.017293233082706767,28.1819,6.0786,0.0,0.0,0.0,28.181900000000002,6.0786,34.2605,34.2582
3505,0.5636,0.0068,0.5704,0.1027,0.988078541374474,0.011921458625525946,30.9091,4.2195,0.0,0.0,0.0,30.9091,4.219499999999999,35.1286,35.1295
3506,21.094,0.0074,21.1014,3.7983,0.9996493123678998,0.0003506876321002398,1173.9344,5.0163,0.0,0.0,0.0,1173.9344,5.016299999999999,1178.9507,1200.4537
3507,31.6839,0.0076,31.6915,5.7045,0.9997601880630453,0.00023981193695470394,1722.635,4.6846,0.0,0.0,0.0,1722.6350000000004,4.6846,1727.3196000000005,1742.3179
3508,0.8012,0.0082,0.8094,0.1457,0.9898690387941685,0.010130961205831481,45.0909,4.7057,0.0,0.0,0.0,45.090900000000005,4.7057,49.796600000000005,49.7942
3509,0.5978,0.0073,0.6051,0.1089,0.9879358783672121,0.01206412163278797,34.4545,4.5978,0.0,0.0,0.0,34.4545,4.597799999999999,39.0523,39.0486
3510,30.355,0.0076,30.3627,5.4653,0.9997463993650104,0.0002503071202495167,1635.2448,5.0795,0.0,0.0,0.0,1635.2448,5.0795,1640.3243,1656.8193
3511,0.1824,0.0077,0.1901,0.0342,0.9594950026301947,0.04050499736980537,10.5457,5.0221,0.0,0.0,0.0,10.5457,5.0221,15.5678,15.5642
3512,11.3295,0.0083,11.3378,2.0408,0.9992679355783308,0.0007320644216691069,606.5717,5.009,0.0,0.0,0.0,606.5717,5.009,611.5807,621.0791
3513,3.2117,0.008,3.2197,0.5796,0.9975152964561915,0.0024847035438084293,176.8181,5.1029,0.0,0.0,0.0,176.8181,5.1029,181.921,183.4161
3514,1.624,0.0085,1.6325,0.2938,0.9947932618683002,0.005206738131699847,85.2728,5.2994,0.0,0.0,0.0,85.27279999999999,5.2994,90.5722,91.5767
3515,35.3895,0.0075,35.397,6.3715,0.9997881176370879,0.00021188236291211119,2046.7212,4.7702,0.0,0.0,0.0,2046.7211999999997,4.7702,2051.4914,2066.9924
3516,23.3652,0.0074,23.3727,4.2071,0.9996791128111002,0.00031660869304787214,1356.0965,5.0924,0.0,0.0,0.0,1356.0965,5.0924,1361.1889,1376.6845
3517,0.8496,0.0081,0.8576,0.1544,0.9906716417910447,0.009444962686567164,44.6363,4.7155,0.0,0.0,0.0,44.63629999999999,4.7155000000000005,49.35179999999999,50.856
3518,26.9819,0.008,26.9899,4.8582,0.9997035928254644,0.00029640717453565963,1534.5544,5.1284,0.0,0.0,0.0,1534.5544,5.128399999999999,1539.6828,1550.1845
3519,0.1791,0.0056,0.1847,0.0332,0.9696805630752572,0.030319436924742826,10.1818,3.521,0.0,0.0,0.0,10.181799999999999,3.521,13.7028,13.7066
3520,19.5761,0.0082,19.5843,3.5252,0.9995812972636245,0.0004187027363755662,1054.8632,5.1394,0.0,0.0,0.0,1054.8632,5.139399999999999,1060.0026,1074.5033
3521,0.8958,0.0079,0.9037,0.1627,0.9912581608941021,0.008741839105897976,48.2726,4.7568,0.0,0.0,0.0,48.2726,4.7568,53.029399999999995,53.031
3522,21.8349,0.0084,21.8433,3.9318,0.9996154427215669,0.00038455727843320374,1211.5579,5.3856,0.0,0.0,0.0,1211.5578999999996,5.3856,1216.9434999999996,1229.9429
3523,42.5622,0.0085,42.5707,7.6627,0.9998003321533354,0.0001996678466644899,2369.6629,5.1728,0.0,0.0,0.0,2369.6628999999994,5.1728,2374.835699999999,2440.3363
3524,0.5515,0.0087,0.5602,0.1008,0.9844698322027846,0.01553016779721528,30.5458,5.2621,0.0,0.0,0.0,30.5458,5.262099999999999,35.8079,35.8124
3525,34.3423,0.0087,34.3509,6.1832,0.999749642658562,0.0002532684733151096,1877.212,5.1987,0.0,0.0,0.0,1877.2119999999995,5.1987,1882.4106999999995,1912.9145
3526,0.6947,0.0081,0.7027,0.1265,0.988615340828234,0.01152696741141312,37.9998,4.9729,0.0,0.0,0.0,37.9998,4.9729,42.9727,42.9766
3527,7.5489,0.0084,7.5573,1.3603,0.998888491921718,0.001111508078281926,413.5719,5.2356,0.0,0.0,0.0,413.57189999999997,5.2356,418.80749999999995,419.8027
3528,0.3509,0.0081,0.359,0.0646,0.9774373259052925,0.02256267409470752,19.8181,5.0047,0.0,0.0,0.0,19.818099999999998,5.004699999999999,24.822799999999997,24.8183
3529,0.3958,0.0092,0.405,0.0729,0.9772839506172839,0.02271604938271605,21.4545,5.4007,0.0,0.0,0.0,21.454500000000003,5.4007,26.855200000000004,26.8533
3530,0.5881,0.0073,0.5954,0.1072,0.9877393349009068,0.012260665099093047,31.9091,4.5641,0.0,0.0,0.0,31.909099999999995,4.5641,36.47319999999999,36.4703
3531,12.7619,0.0093,12.7712,2.2988,0.9992717990478577,0.0007282009521423201,707.6793,5.6509,0.0,0.0,0.0,707.6793,5.6509,713.3302,717.3344
3532,10.2428,0.0084,10.2512,1.8452,0.9991805837365382,0.0008194162634618385,572.7218,5.3116,0.0,0.0,0.0,572.7218000000001,5.3116,578.0334000000001,583.0365
3533,34.3456,0.0081,34.3537,6.1837,0.9997642175369754,0.00023578246302436123,1876.7768,4.9109,0.0,0.0,0.0,1876.7768000000003,4.910900000000001,1881.6877000000004,1906.1904
3534,3.4445,0.0082,3.4527,0.6215,0.9976250470646161,0.0023749529353839028,190.182,5.1673,0.0,0.0,0.0,190.18200000000002,5.1673,195.34930000000003,196.3464
3535,28.339,0.0078,28.3468,5.1024,0.999724836665867,0.0002751633341329533,1598.3949,4.948,0.0,0.0,0.0,1598.3948999999998,4.9479999999999995,1603.3428999999999,1629.846
3536,0.9247,0.0073,0.932,0.1678,0.9921673819742488,0.007832618025751073,51.9089,4.571,0.0,0.0,0.0,51.9089,4.571000000000001,56.4799,56.4782
3537,40.7199,0.0089,40.7289,7.3312,0.9997790266862105,0.0002185180547473661,2274.5962,5.3002,0.0,0.0,0.0,2274.596199999999,5.3002,2279.896399999999,2326.3998
3538,21.2465,0.0087,21.2552,3.8259,0.9995906883962514,0.0004093116037487297,1137.9626,5.2943,0.0,0.0,0.0,1137.9625999999998,5.294300000000002,1143.2568999999999,1152.257
3539,33.9392,0.0079,33.9471,6.1105,0.9997672849816333,0.00023271501836681193,1957.5069,4.6708,0.0,0.0,0.0,1957.5069000000003,4.6708,1962.1777000000004,1994.6824
3540,1.4808,0.0089,1.4897,0.2681,0.9940256427468617,0.005974357253138216,84.2728,5.283,0.0,0.0,0.0,84.2728,5.283,89.5558,90.0572
3541,0.4389,0.0062,0.4451,0.0801,0.9860705459447315,0.013929454055268478,24.2728,4.0672,0.0,0.0,0.0,24.272800000000004,4.0672,28.340000000000003,28.3438
3542,22.415,0.0075,22.4225,4.036,0.9996655145501171,0.0003344854498829301,1192.5465,4.817,0.0,0.0,0.0,1192.5465,4.817,1197.3635,1204.3602
3543,31.3968,0.009,31.4057,5.653,0.9997166119526073,0.0002865721827566333,1773.0042,5.5531,0.0,0.0,0.0,1773.0041999999999,5.5531,1778.5573,1802.5591
3544,7.6887,0.009,7.6977,1.3856,0.9988308195954635,0.00116918040453642,426.7002,5.2868,0.0,0.0,0.0,426.70020000000005,5.2867999999999995,431.9870000000001,433.9843
3545,2.6155,0.0077,2.6232,0.4722,0.9970646538578835,0.002935346142116499,143.0909,4.8452,0.0,0.0,0.0,143.0909,4.8452,147.9361,147.9367
3546,31.2885,0.0072,31.2957,5.6332,0.9997699364449428,0.00023006355505708452,1696.6983,4.6998,0.0,0.0,0.0,1696.6982999999998,4.699800000000001,1701.3980999999999,1717.8932
3547,38.6495,0.0089,38.6584,6.9585,0.9997697783664095,0.0002302216335906297,2147.0442,5.5022,0.0,0.0,0.0,2147.0442000000007,5.502199999999999,2152.5464000000006,2176.5429
3548,0.3182,0.0085,0.3267,0.0588,0.9739822467095194,0.026017753290480564,17.5456,5.2755,0.0,0.0,0.0,17.5456,5.275499999999999,22.8211,22.8257
3549,0.5796,0.0082,0.5878,0.1058,0.986049676760803,0.013950323239197007,31.9997,5.0591,0.0,0.0,0.0,31.999700000000004,5.0591,37.058800000000005,37.0631
3550,1.5338,0.0076,1.5414,0.2774,0.9950694174127417,0.004930582587258336,83.5454,4.6775,0.0,0.0,0.0,83.5454,4.677499999999999,88.2229,88.7196
3551,1.1666,0.007,1.1736,0.2112,0.9940354464894343,0.005964553510565781,64.3639,4.4386,0.0,0.0,0.0,64.3639,4.4386,68.8025,69.3013
3552,14.6361,0.0081,14.6442,2.636,0.9994468799934446,0.0005531200065554963,790.6915,5.041,0.0,0.0,0.0,790.6914999999999,5.041,795.7325,802.235
3553,40.7535,0.0081,40.7616,7.3371,0.9998012835609986,0.0001987164390014131,2198.8293,4.9537,0.0,0.0,0.0,2198.8293000000003,4.9536999999999995,2203.7830000000004,2244.2848
3554,2.4102,0.007,2.4172,0.4351,0.9971040873738211,0.0028959126261790505,130.0001,4.5977,0.0,0.0,0.0,130.0001,4.5977,134.5978,135.096
3555,13.0978,0.0084,13.1062,2.3591,0.9993590819612092,0.0006409180387908013,761.6844,5.3608,0.0,0.0,0.0,761.6843999999999,5.3608,767.0451999999999,781.0464
3556,34.6496,0.0068,34.6564,6.2382,0.9998037880449211,0.00019621195507900417,1963.8475,4.3624,0.0,0.0,0.0,1963.8474999999999,4.3624,1968.2098999999998,2012.2072
3557,26.7096,0.0076,26.7172,4.8091,0.9997155390534936,0.00028446094650637046,1515.2728,4.6168,0.0,0.0,0.0,1515.2727999999997,4.6168000000000005,1519.8895999999997,1555.3862
3558,0.6821,0.0088,0.6908,0.1243,0.9874059061957152,0.012738853503184714,37.1817,5.125,0.0,0.0,0.0,37.1817,5.125,42.3067,42.8077
3559,1.1023,0.0073,1.1096,0.1997,0.9934210526315791,0.006578947368421053,61.2728,5.1115,0.0,0.0,0.0,61.27279999999999,5.1115,66.3843,66.3835
3560,0.4515,0.0072,0.4587,0.0826,0.9843034663178548,0.015696533682145193,24.1819,4.749,0.0,0.0,0.0,24.1819,4.749,28.930899999999998,28.9304
3561,9.3943,0.0075,9.4018,1.6923,0.9992022804143887,0.0007977195856112659,496.2477,4.9238,0.0,0.0,0.0,496.2476999999999,4.923800000000001,501.1714999999999,505.1679
3562,34.34,0.0094,34.3493,6.1829,0.9997292521244976,0.0002736591429810797,1865.4083,6.0649,0.0,0.0,0.0,1865.4082999999998,6.064899999999999,1871.4732,1887.4773
3563,17.575,0.0074,17.5824,3.1648,0.9995791245791246,0.0004208754208754209,982.0635,4.9633,0.0,0.0,0.0,982.0635000000002,4.963299999999999,987.0268000000002,995.0228
3564,23.6279,0.0073,23.6352,4.2543,0.9996911386406715,0.00030886135932845925,1333.1586,4.6683,0.0,0.0,0.0,1333.1586000000002,4.6682999999999995,1337.8269000000003,1341.8247
3565,7.6463,0.007,7.6533,1.3776,0.999085361870043,0.000914638129957012,416.5317,4.8278,0.0,0.0,0.0,416.5317,4.827800000000001,421.3595,424.8581
3566,26.6319,0.0108,26.6427,4.7957,0.9995946356788163,0.00040536432118366383,1405.1305,6.7718,0.0,0.0,0.0,1405.1304999999998,6.771800000000001,1411.9022999999997,1426.9071
3567,7.8836,0.0091,7.8927,1.4207,0.9988470358685875,0.0011529641314125712,423.2987,5.8141,0.0,0.0,0.0,423.29869999999994,5.8141,429.11279999999994,429.1138
3568,0.9271,0.008,0.9351,0.1683,0.991444765265747,0.008555234734253021,51.091,4.9338,0.0,0.0,0.0,51.091,4.9338,56.0248,56.0255
3569,3.3833,0.0081,3.3914,0.6105,0.9976116058265024,0.0023883941734976705,191.2728,4.8734,0.0,0.0,0.0,191.27279999999996,4.8734,196.14619999999996,196.1469
3570,1.1221,0.0077,1.1299,0.2034,0.9930967342242678,0.006814762368351182,63.3638,4.715,0.0,0.0,0.0,63.3638,4.715,68.0788,68.0743
3571,0.9778,0.0084,0.9862,0.1775,0.9914824579192861,0.008517542080713852,54.5453,5.2288,0.0,0.0,0.0,54.5453,5.2288,59.7741,60.2701
3572,32.6436,0.0072,32.6509,5.8772,0.9997764227019775,0.00022051459530977706,1789.9457,4.9674,0.0,0.0,0.0,1789.9456999999998,4.9674,1794.9130999999998,1808.9155
3573,1.4768,0.0074,1.4842,0.2671,0.995014149036518,0.004985850963482011,82.6363,4.7479,0.0,0.0,0.0,82.6363,4.7479,87.3842,88.3838
3574,0.2616,0.0075,0.2691,0.0484,0.9721293199554069,0.027870680044593088,13.6364,4.5326,0.0,0.0,0.0,13.636400000000002,4.5326,18.169000000000004,18.1661
3575,0.7641,0.0076,0.7717,0.1389,0.9901516133212388,0.009848386678761176,43.5453,4.9482,0.0,0.0,0.0,43.545300000000005,4.9482,48.493500000000004,48.4904
3576,25.6407,0.0092,25.6499,4.617,0.9996413241377159,0.0003586758622840635,1473.601,5.7931,0.0,0.0,0.0,1473.601,5.793099999999999,1479.3941000000002,1499.3927
3577,2.2222,0.0079,2.2301,0.4014,0.9964575579570422,0.003542442042957715,125.0003,5.0919,0.0,0.0,0.0,125.00029999999998,5.0919,130.0922,130.0952
3578,32.783,0.0075,32.7904,5.9023,0.9997743241924467,0.00022872548062847662,1763.0971,4.8264,0.0,0.0,0.0,1763.0971,4.8264000000000005,1767.9234999999999,1781.4222
3579,0.8825,0.0077,0.8902,0.1602,0.9913502583689058,0.008649741631094136,47.2727,4.6325,0.0,0.0,0.0,47.27269999999999,4.632499999999999,51.905199999999994,51.9092
3580,27.9239,0.0076,27.9315,5.0277,0.9997279057694718,0.00027209423052825665,1510.5607,4.952,0.0,0.0,0.0,1510.5606999999998,4.952,1515.5126999999998,1541.0129
3581,42.0279,0.0073,42.0353,7.5663,0.9998239574833534,0.0001736635637190647,2235.0763,4.7429,0.0,0.0,0.0,2235.0763,4.7429,2239.8192000000004,2293.3187
3582,3.6835,0.0086,3.6921,0.6646,0.9976707023103383,0.0023292976896617103,197.6365,4.9667,0.0,0.0,0.0,197.6365,4.9666999999999994,202.60320000000002,203.1081
3583,31.0656,0.0087,31.0743,5.5934,0.999720025873471,0.0002799741265289966,1700.9068,5.5144,0.0,0.0,0.0,1700.9068000000002,5.514399999999999,1706.4212000000002,1730.9191
3584,1.9104,0.0071,1.9175,0.3452,0.9962972620599739,0.003702737940026076,108.0,4.5594,0.0,0.0,0.0,108.0,4.5594,112.5594,112.5625
3585,0.6235,0.0078,0.6313,0.1136,0.9876445430064946,0.012355456993505464,33.8182,4.7614,0.0,0.0,0.0,33.818200000000004,4.7614,38.579600000000006,38.5824
3586,6.3414,0.0078,6.3492,1.1429,0.9987714987714988,0.0012285012285012285,375.5294,5.0723,0.0,0.0,0.0,375.52939999999995,5.0723,380.60169999999994,385.598
3587,38.0192,0.0088,38.028,6.845,0.9997685915641107,0.00023140843588934472,2137.4219,5.5999,0.0,0.0,0.0,2137.4219000000003,5.599899999999999,2143.0218000000004,2161.0171
3588,39.0034,0.008,39.0115,7.0221,0.9997923689168579,0.00020506773643669176,2145.2644,5.0444,0.0,0.0,0.0,2145.2644,5.0444,2150.3088000000002,2156.81
3589,0.4555,0.0069,0.4624,0.0832,0.9850778546712804,0.014922145328719723,24.1818,4.2071,0.0,0.0,0.0,24.181799999999996,4.2071,28.388899999999996,28.3885
3590,20.908,0.0072,20.9151,3.7647,0.9996605323426616,0.00034424889194887903,1093.291,4.766,0.0,0.0,0.0,1093.2909999999997,4.766,1098.0569999999998,1113.5549
3591,6.1744,0.0083,6.1827,1.1129,0.9986575444385141,0.0013424555614860822,330.8982,5.1979,0.0,0.0,0.0,330.8981999999999,5.1979,336.0960999999999,338.5976
3592,1.0066,0.009,1.0156,0.1828,0.9911382434029145,0.008861756597085466,53.9094,5.4746,0.0,0.0,0.0,53.9094,5.4746,59.384,59.8838
3593,42.0587,0.0084,42.0672,7.5721,0.9997979423398753,0.00019968051118210862,2292.6158,5.1293,0.0,0.0,0.0,2292.6158,5.1293,2297.7451,2320.7477
3594,37.0727,0.0084,37.0812,6.6746,0.9997707733298813,0.00022652988576421471,2094.1724,5.2758,0.0,0.0,0.0,2094.1724,5.275799999999999,2099.4482,2140.4458
3595,36.0224,0.0091,36.0315,6.4857,0.9997474432094139,0.00025255679058601503,2013.8594,5.1986,0.0,0.0,0.0,2013.8594000000003,5.1986,2019.0580000000002,2075.5614
3596,30.3043,0.009,30.3133,5.4564,0.9997031006192001,0.0002968993807998469,1704.6176,5.7973,0.0,0.0,0.0,1704.6176000000003,5.7973,1710.4149000000002,1720.4189
3597,38.0278,0.0075,38.0353,6.8464,0.9998028147536631,0.0001971852463369554,2080.5221,4.7685,0.0,0.0,0.0,2080.5220999999997,4.7684999999999995,2085.2906,2105.2857
3598,40.6763,0.0069,40.6832,7.323,0.9998303968222755,0.0001696031777244661,2203.5667,4.4361,0.0,0.0,0.0,2203.5667,4.4361,2208.0027999999998,2220.0071
3599,2.6725,0.008,2.6804,0.4825,0.9970526787046708,0.0029846291598268912,147.9091,4.7176,0.0,0.0,0.0,147.90910000000002,4.7176,152.62670000000003,153.6265
3600,0.5561,0.0074,0.5635,0.1014,0.9868677905944987,0.013132209405501331,30.1818,4.9223,0.0,0.0,0.0,30.181800000000003,4.9223,35.1041,35.1052
3601,0.4022,0.0079,0.41,0.0738,0.9809756097560977,0.019268292682926833,22.2731,5.0558,0.0,0.0,0.0,22.273100000000007,5.0558,27.328900000000004,27.3303
3602,14.7471,0.0072,14.7542,2.6558,0.9995187810928413,0.00048799663824538095,772.636,4.8096,0.0,0.0,0.0,772.636,4.8096000000000005,777.4456,779.9476
3603,10.7402,0.0087,10.7488,1.9348,0.9991999106877048,0.0008093926763917832,583.2656,5.1567,0.0,0.0,0.0,583.2656000000001,5.1567,588.4223000000001,606.9176
3604,29.2057,0.0073,29.213,5.2583,0.9997501112518399,0.0002498887481600657,1587.5031,4.4951,0.0,0.0,0.0,1587.5031000000001,4.4951,1591.9982000000002,1597.9947
3605,2.0106,0.0072,2.0179,0.3632,0.9963823777194113,0.003568065810991625,110.0,4.6407,0.0,0.0,0.0,110.00000000000001,4.640699999999999,114.64070000000001,114.6418
3606,6.3004,0.0074,6.3078,1.1354,0.9988268492976948,0.0011731507023050826,362.3406,4.7458,0.0,0.0,0.0,362.3406,4.7458,367.08639999999997,367.5909
3607,0.7494,0.0076,0.7569,0.1362,0.9900911613158937,0.01004095653322764,41.2727,4.9782,0.0,0.0,0.0,41.2727,4.978199999999999,46.2509,46.2516
3608,32.9552,0.009,32.9642,5.9336,0.9997269765381839,0.00027302346181615206,1806.4731,5.3381,0.0,0.0,0.0,1806.4731000000002,5.3381,1811.8112,1833.3137
3609,0.5816,0.0081,0.5897,0.1061,0.9862642021366796,0.013735797863320331,31.8182,5.3785,0.0,0.0,0.0,31.818200000000004,5.3785,37.19670000000001,37.1983
3610,0.4203,0.0091,0.4294,0.0773,0.9788076385654402,0.021192361434559853,23.8182,5.3556,0.0,0.0,0.0,23.818199999999994,5.355599999999999,29.173799999999993,29.1738
3611,35.0069,0.0076,35.0145,6.3026,0.9997829470647875,0.0002170529352125548,1901.1489,4.7896,0.0,0.0,0.0,1901.1489,4.7896,1905.9385,1932.9404
3612,27.7645,0.0073,27.7717,4.9989,0.9997407432746286,0.0002628575132238934,1535.6531,4.5861,0.0,0.0,0.0,1535.6531000000002,4.5861,1540.2392000000002,1556.2423
3613,22.1403,0.0071,22.1474,3.9865,0.9996794206091911,0.0003205793908088534,1224.2929,4.5484,0.0,0.0,0.0,1224.2929,4.548399999999999,1228.8412999999998,1238.3392
3614,1.1046,0.0075,1.1121,0.2002,0.9932560021580793,0.00674399784192069,62.9998,4.8293,0.0,0.0,0.0,62.99980000000001,4.8293,67.82910000000001,67.8321
3615,23.7747,0.0096,23.7843,4.2812,0.9995963723969172,0.0004036276030827057,1349.9777,5.5114,0.0,0.0,0.0,1349.9776999999997,5.5114,1355.4890999999998,1366.9887
3616,0.3905,0.0089,0.3994,0.0719,0.9777165748622936,0.02228342513770656,21.7273,5.3307,0.0,0.0,0.0,21.727299999999993,5.3307,27.057999999999993,27.0576
3617,12.2603,0.0077,12.2681,2.2083,0.9993642047260782,0.0006276440524612614,685.7167,4.887,0.0,0.0,0.0,685.7167000000001,4.887,690.6037,699.6034
3618,1.7764,0.0081,1.7845,0.3212,0.9954609134211264,0.004539086578873634,98.4546,5.1498,0.0,0.0,0.0,98.45459999999999,5.149800000000001,103.60439999999998,104.1054
3619,32.4705,0.0087,32.4792,5.8463,0.9997321362595138,0.00026786374048621886,1742.1626,5.1599,0.0,0.0,0.0,1742.1626,5.1599,1747.3225000000002,1757.323
3620,40.2468,0.0083,40.2551,7.2459,0.9997938149451872,0.00020618505481293054,2314.745,5.4809,0.0,0.0,0.0,2314.744999999999,5.4809,2320.225899999999,2356.7291
3621,39.2139,0.008,39.222,7.06,0.9997934832491969,0.0002039671612870328,2195.4968,5.1142,0.0,0.0,0.0,2195.496800000001,5.114199999999999,2200.611000000001,2225.6067
3622,8.0474,0.0092,8.0566,1.4502,0.9988580790904352,0.0011419209095648289,448.1799,5.5529,0.0,0.0,0.0,448.1799,5.552899999999999,453.7328,456.2313
3623,9.8473,0.0078,9.8551,1.7739,0.9992085316232205,0.0007914683767795354,551.0634,4.6996,0.0,0.0,0.0,551.0634,4.6996,555.763,557.2584
3624,28.4692,0.0081,28.4773,5.1259,0.9997155629220468,0.0002844370779533172,1565.4282,4.8884,0.0,0.0,0.0,1565.4282,4.8884,1570.3166,1596.3167
3625,25.2201,0.0079,25.228,4.541,0.9996868558744251,0.00031314412557475823,1419.2527,4.8573,0.0,0.0,0.0,1419.2526999999998,4.8573,1424.1099999999997,1433.113
3626,0.8102,0.0073,0.8175,0.1471,0.9910703363914374,0.00892966360856269,45.1818,4.981,0.0,0.0,0.0,45.1818,4.981,50.162800000000004,50.1651
3627,26.3247,0.009,26.3336,4.7401,0.9996620287389495,0.00034176869094996505,1475.9483,5.3078,0.0,0.0,0.0,1475.9483,5.3077999999999985,1481.2561,1495.2577
3628,2.9612,0.0084,2.9696,0.5345,0.9971713362068966,0.0028286637931034483,173.3637,5.2777,0.0,0.0,0.0,173.36370000000002,5.2777,178.64140000000003,179.1365
3629,0.5415,0.0076,0.5491,0.0988,0.9861591695501729,0.013840830449826988,29.5456,4.8887,0.0,0.0,0.0,29.545599999999993,4.888699999999999,34.43429999999999,34.4344
3630,34.5697,0.0082,34.5779,6.224,0.9997628543086768,0.00023714569132307053,1925.1126,5.4887,0.0,0.0,0.0,1925.1126000000004,5.4887,1930.6013000000005,1980.099
3631,1.3477,0.009,1.3567,0.2442,0.9933662563573376,0.006633743642662342,77.8183,5.1851,0.0,0.0,0.0,77.81830000000001,5.1851,83.00340000000001,83.5022
3632,16.16,0.0082,16.1682,2.9103,0.9994928316077238,0.0005071683922761966,880.8181,5.207,0.0,0.0,0.0,880.8181000000002,5.207,886.0251000000002,892.5299
3633,2.5934,0.0095,2.603,0.4685,0.996311947752593,0.00364963503649635,141.6362,5.5371,0.0,0.0,0.0,141.63620000000003,5.537100000000001,147.17330000000004,148.6733
3634,29.7861,0.0094,29.7955,5.3632,0.9996845161182057,0.00031548388179423065,1675.9318,5.6058,0.0,0.0,0.0,1675.9317999999998,5.6058,1681.5375999999999,1713.5332
3635,15.6215,0.009,15.6305,2.8135,0.9994242026806563,0.000575797319343591,878.7184,5.3577,0.0,0.0,0.0,878.7184000000001,5.3576999999999995,884.0761000000001,898.5777
3636,40.7084,0.0079,40.7163,7.3289,0.9998059745114365,0.0001940254885635483,2346.6929,5.1481,0.0,0.0,0.0,2346.6928999999996,5.1480999999999995,2351.8409999999994,2378.3388
3637,2.9742,0.0077,2.9819,0.5367,0.9974177537811463,0.002582246218853751,162.7272,4.7527,0.0,0.0,0.0,162.72719999999998,4.752700000000001,167.4799,168.4777
3638,17.1001,0.0069,17.1071,3.0793,0.9995908131711396,0.0004033413027339526,927.3913,4.4303,0.0,0.0,0.0,927.3913000000001,4.4303,931.8216000000001,940.8186
3639,27.892,0.0067,27.8986,5.0218,0.9997634289892683,0.00024015541998523225,1560.3115,4.2002,0.0,0.0,0.0,1560.3115000000003,4.2002,1564.5117000000002,1591.5147
3640,24.108,0.0094,24.1174,4.3411,0.9996102399097747,0.00038976009022531453,1333.6743,6.025,0.0,0.0,0.0,1333.6743000000001,6.025,1339.6993000000002,1348.6992
3641,2.2213,0.008,2.2293,0.4013,0.9964114295967343,0.0035885704032655994,123.7272,5.1459,0.0,0.0,0.0,123.72719999999998,5.145899999999999,128.8731,130.3748
3642,18.466,0.0077,18.4737,3.3253,0.9995831912394377,0.0004168087605623129,1023.796,4.9585,0.0,0.0,0.0,1023.7959999999999,4.9585,1028.7545,1034.7511
3643,37.462,0.0076,37.4696,6.7445,0.9997971689049256,0.00020283109507440698,2179.7134,4.6774,0.0,0.0,0.0,2179.7133999999996,4.6774,2184.3907999999997,2217.3874
3644,14.2816,0.0083,14.2899,2.5722,0.9994191701831363,0.000580829816863659,767.5408,5.3976,0.0,0.0,0.0,767.5408,5.3976,772.9384,775.94
3645,0.3543,0.0075,0.3618,0.0651,0.9792703150912105,0.020729684908789386,19.1817,4.4841,0.0,0.0,0.0,19.181699999999996,4.4841,23.665799999999997,23.664
3646,36.3889,0.0064,36.3953,6.5512,0.9998241531186719,0.00017584688132808358,2055.4586,4.1479,0.0,0.0,0.0,2055.4586000000004,4.147899999999999,2059.6065000000003,2101.6089
3647,25.4947,0.008,25.5027,4.5905,0.9996863077242802,0.00031369227571982573,1426.6004,4.8347,0.0,0.0,0.0,1426.6003999999998,4.8347,1431.4351,1452.9331
3648,41.6756,0.0083,41.6839,7.5031,0.999800882355058,0.00019911764494205195,2264.1247,5.2061,0.0,0.0,0.0,2264.1247000000003,5.206099999999999,2269.3308,2350.3294
3649,17.4011,0.0073,17.4084,3.1335,0.9995806622090485,0.00041933779095149466,923.6915,4.6522,0.0,0.0,0.0,923.6915,4.6522,928.3437,938.344
3650,36.5791,0.0073,36.5864,6.5856,0.9998004723066495,0.00019952769335053464,2001.2774,4.7453,0.0,0.0,0.0,2001.2774000000004,4.745299999999999,2006.0227000000004,2016.5206
3651,39.2516,0.0079,39.2596,7.0667,0.9997962281836801,0.00020122466861608373,2189.7809,4.8402,0.0,0.0,0.0,2189.7808999999997,4.8402,2194.6211,2216.1218
3652,0.208,0.0086,0.2166,0.039,0.9602954755309326,0.03970452446906741,10.9091,5.5497,0.0,0.0,0.0,10.909099999999999,5.5497000000000005,16.4588,16.4584
3653,31.0998,0.0081,31.1079,5.5994,0.9997396159817923,0.00026038401820759353,1748.4869,5.2512,0.0,0.0,0.0,1748.4868999999999,5.2512,1753.7380999999998,1773.2363
3654,27.7026,0.008,27.7105,4.9879,0.9997149095108353,0.0002886992295339312,1517.8242,4.781,0.0,0.0,0.0,1517.8242,4.781,1522.6052,1547.6093
3655,7.7059,0.0078,7.7137,1.3885,0.9989888121135123,0.0010111878864876777,443.7327,4.9173,0.0,0.0,0.0,443.73269999999997,4.9173,448.65,449.1548
3656,1.7058,0.0077,1.7135,0.3084,0.9955062737087832,0.004493726291216808,93.9998,5.0786,0.0,0.0,0.0,93.9998,5.0786,99.07839999999999,100.0775
3657,5.8198,0.0087,5.8285,1.0491,0.9985073346487089,0.0014926653512910696,327.0362,5.791,0.0,0.0,0.0,327.0362,5.791,332.8272,335.3243
3658,0.2221,0.0072,0.2293,0.0413,0.9686000872219799,0.03139991277802006,13.1819,4.6724,0.0,0.0,0.0,13.181899999999999,4.6724,17.8543,17.8525
3659,22.7234,0.0075,22.7309,4.0916,0.9996700526595956,0.00032994734040447146,1213.8031,4.876,0.0,0.0,0.0,1213.8030999999996,4.876,1218.6790999999996,1232.1743
3660,6.4878,0.0082,6.496,1.1693,0.998737684729064,0.0012623152709359607,353.5904,5.0081,0.0,0.0,0.0,353.5904,5.008099999999999,358.5985,362.0994
3661,33.8553,0.0089,33.8642,6.0956,0.9997371855824145,0.0002628144175855328,1910.7557,5.4449,0.0,0.0,0.0,1910.7556999999997,5.4449,1916.2005999999997,1937.2034
3662,0.4757,0.0078,0.4835,0.087,0.9838676318510858,0.016132368148914167,26.8182,5.1262,0.0,0.0,0.0,26.818200000000004,5.1262,31.944400000000005,31.9471
3663,0.1817,0.0092,0.1908,0.0344,0.9523060796645703,0.04821802935010482,10.2728,5.8123,0.0,0.0,0.0,10.272799999999997,5.8123,16.085099999999997,16.0874
3664,10.8299,0.0095,10.8394,1.9511,0.9991235677251509,0.0008764322748491615,614.8554,5.6516,0.0,0.0,0.0,614.8553999999999,5.651599999999999,620.507,623.5095
3665,41.1537,0.0076,41.1613,7.409,0.999815360544978,0.0001846394550220717,2188.0933,4.879,0.0,0.0,0.0,2188.0932999999995,4.879,2192.9722999999994,2245.9727
3666,30.5624,0.0079,30.5704,5.5027,0.9997383089524507,0.0002584199094548976,1700.5866,4.8614,0.0,0.0,0.0,1700.5865999999999,4.8614,1705.4479999999999,1761.9528
3667,35.9639,0.007,35.9709,6.4748,0.9998053982524764,0.00019460174752369277,1979.7554,4.6004,0.0,0.0,0.0,1979.7553999999998,4.6004000000000005,1984.3557999999998,2021.8592
3668,0.4417,0.0077,0.4494,0.0809,0.9828660436137071,0.017133956386292833,24.9092,4.6871,0.0,0.0,0.0,24.909199999999995,4.687099999999999,29.596299999999992,29.5988
3669,26.0794,0.0081,26.0875,4.6958,0.9996895064686153,0.0003104935313847628,1397.9678,5.1713,0.0,0.0,0.0,1397.9678,5.1713000000000005,1403.1390999999999,1411.1363
3670,25.3592,0.0078,25.367,4.5661,0.9996925138960067,0.0003074861039933772,1447.1356,4.8289,0.0,0.0,0.0,1447.1355999999996,4.8289,1451.9644999999996,1467.9688
3671,27.5391,0.0079,27.547,4.9585,0.9997132174102443,0.0002867825897556903,1490.7658,4.9711,0.0,0.0,0.0,1490.7658000000001,4.971099999999999,1495.7369,1502.7397
3672,12.2073,0.0089,12.2162,2.1989,0.9992714592099016,0.0007285407900983939,645.6367,5.4693,0.0,0.0,0.0,645.6367,5.469299999999999,651.106,654.6086
3673,0.1581,0.0086,0.1666,0.03,0.9489795918367346,0.05162064825930372,8.6364,5.3477,0.0,0.0,0.0,8.6364,5.3477,13.9841,13.9824
3674,38.6828,0.0085,38.6912,6.9644,0.9997828963692001,0.000219688197833099,2169.586,5.0388,0.0,0.0,0.0,2169.586,5.0388,2174.6247999999996,2210.1247
3675,28.1396,0.0062,28.1458,5.0662,0.9997797184659878,0.0002202815340121794,1607.5645,4.0946,0.0,0.0,0.0,1607.5645,4.0946,1611.6590999999999,1620.1588
3676,38.9274,0.0076,38.935,7.0083,0.9998048028765891,0.00019519712341081288,2130.5717,5.0541,0.0,0.0,0.0,2130.5717,5.0541,2135.6258,2176.1232
3677,28.7541,0.0095,28.7635,5.1774,0.9996731969336138,0.00033027969475202945,1673.0925,5.6175,0.0,0.0,0.0,1673.0924999999997,5.617500000000001,1678.7099999999998,1692.7074
3678,6.2641,0.0071,6.2712,1.1288,0.9988678402857507,0.0011321597142492665,350.2542,4.6985,0.0,0.0,0.0,350.25419999999997,4.698499999999999,354.9527,356.9493
3679,33.9744,0.0088,33.9832,6.117,0.9997410485180914,0.00025895148190870787,1901.5526,5.3463,0.0,0.0,0.0,1901.5525999999998,5.3463,1906.8988999999997,1940.3997
3680,35.0714,0.0078,35.0792,6.3143,0.9997776460124518,0.00022235398754817667,1897.492,4.9097,0.0,0.0,0.0,1897.4919999999997,4.9097,1902.4016999999997,1923.404
3681,0.9261,0.0081,0.9342,0.1682,0.9913294797687862,0.008670520231213872,50.8183,4.9522,0.0,0.0,0.0,50.818299999999994,4.9521999999999995,55.77049999999999,55.7677
3682,0.6624,0.0074,0.6698,0.1206,0.9889519259480443,0.01104807405195581,37.5455,4.9994,0.0,0.0,0.0,37.5455,4.9994,42.5449,43.0481
3683,36.6575,0.0084,36.6659,6.5999,0.9997709043007262,0.00022909569927371206,2095.29,5.1178,0.0,0.0,0.0,2095.29,5.117800000000001,2100.4078,2134.4103
3684,0.2681,0.0073,0.2754,0.0496,0.9734931009440815,0.026506899055918666,15.0002,4.5599,0.0,0.0,0.0,15.0002,4.5599,19.5601,19.5583
3685,6.9183,0.0076,6.9259,1.2467,0.9989026696891379,0.001097330310862126,398.6948,4.8294,0.0,0.0,0.0,398.6948,4.8294,403.5242,405.0278
3686,16.4126,0.0079,16.4205,2.9557,0.9995188940653452,0.0004811059346548522,918.2468,4.9745,0.0,0.0,0.0,918.2468000000001,4.974500000000001,923.2213000000002,938.2247
3687,0.3694,0.0077,0.3772,0.0679,0.97932131495228,0.020413573700954403,21.0,5.0461,0.0,0.0,0.0,21.0,5.046099999999999,26.0461,26.0509
3688,0.8178,0.0079,0.8257,0.1486,0.9904323604214605,0.009567639578539422,45.0909,4.776,0.0,0.0,0.0,45.090900000000005,4.776000000000001,49.86690000000001,50.3689
3689,1.4205,0.0077,1.4282,0.2571,0.9946085982355414,0.00539140176445876,75.4546,4.8446,0.0,0.0,0.0,75.4546,4.844600000000001,80.2992,80.2972
3690,40.9081,0.0081,40.9162,7.3649,0.9998020344020215,0.00019796559797830685,2300.6336,4.8664,0.0,0.0,0.0,2300.6336,4.8664,2305.5,2338.4975
3691,0.4476,0.0073,0.4549,0.0819,0.9839525170367113,0.016047482963288635,26.1818,4.7964,0.0,0.0,0.0,26.181800000000003,4.7964,30.9782,30.9787
3692,1.8085,0.0081,1.8166,0.327,0.9955411207750743,0.0044588792249256855,97.5453,5.0872,0.0,0.0,0.0,97.54530000000001,5.087199999999999,102.63250000000001,103.633
3693,0.5447,0.0081,0.5528,0.0995,0.9853473227206947,0.014652677279305354,31.4546,4.8158,0.0,0.0,0.0,31.454600000000003,4.8158,36.2704,36.2673
3694,0.2465,0.0069,0.2534,0.0456,0.9727703235990528,0.027229676400947117,13.7273,4.5844,0.0,0.0,0.0,13.727300000000003,4.5844,18.311700000000002,18.3089
3695,30.0149,0.0081,30.023,5.4041,0.9997302068414217,0.0002697931585784232,1704.8819,4.803,0.0,0.0,0.0,1704.8819,4.803,1709.6849000000002,1720.6893
3696,0.5625,0.0084,0.5709,0.1028,0.9852863899106674,0.014713610089332634,29.9999,5.2128,0.0,0.0,0.0,29.999900000000004,5.2128,35.212700000000005,36.7147
3697,2.1292,0.0069,2.136,0.3845,0.996816479400749,0.0032303370786516852,116.7271,4.1923,0.0,0.0,0.0,116.7271,4.1922999999999995,120.9194,121.4196
3698,3.0817,0.0078,3.0895,0.5561,0.9974753196310082,0.002524680368991746,164.4386,4.8967,0.0,0.0,0.0,164.4386,4.896700000000001,169.33530000000002,170.8316
3699,1.5794,0.0082,1.5876,0.2858,0.9948349710254473,0.005165028974552785,86.7274,5.1893,0.0,0.0,0.0,86.72740000000002,5.1893,91.91670000000002,93.4168
3700,37.3741,0.0077,37.3818,6.7287,0.9997940174095415,0.00020598259045845842,2130.6953,5.3738,0.0,0.0,0.0,2130.6952999999994,5.3738,2136.0690999999993,2193.568
3701,2.7155,0.0085,2.724,0.4903,0.9968795888399412,0.003120411160058737,146.091,5.1961,0.0,0.0,0.0,146.09099999999998,5.1961,151.28709999999998,151.786
3702,36.486,0.007,36.4931,6.5688,0.9998054426727244,0.00019181708322943243,2024.2707,4.5702,0.0,0.0,0.0,2024.2706999999996,4.5702,2028.8408999999997,2069.3427
3703,0.387,0.0078,0.3948,0.0711,0.9802431610942249,0.019756838905775075,20.9998,4.6971,0.0,0.0,0.0,20.999799999999997,4.6971,25.696899999999996,25.7009
3704,1.7738,0.0079,1.7817,0.3207,0.9955660324409272,0.004433967559072796,92.1818,5.0717,0.0,0.0,0.0,92.1818,5.0717,97.2535,98.2555
3705,0.5226,0.0076,0.5302,0.0954,0.9856657864956619,0.014334213504337985,29.5455,4.8451,0.0,0.0,0.0,29.545499999999997,4.8450999999999995,34.3906,34.3913
3706,0.1631,0.0081,0.1712,0.0308,0.9526869158878505,0.04731308411214953,9.2728,5.087,0.0,0.0,0.0,9.2728,5.087,14.3598,14.3617
3707,1.8042,0.008,1.8121,0.3262,0.995640417195519,0.004414767396942774,99.9999,5.1913,0.0,0.0,0.0,99.99989999999998,5.191299999999999,105.19119999999998,105.1871
3708,23.2368,0.0075,23.2444,4.184,0.9996730395278003,0.00032265836072344306,1336.1381,4.5686,0.0,0.0,0.0,1336.1381000000001,4.5686,1340.7067000000002,1361.2094
3709,1.0922,0.0079,1.1,0.198,0.9929090909090909,0.007181818181818182,58.7271,5.0373,0.0,0.0,0.0,58.72709999999999,5.0373,63.764399999999995,64.2597
3710,1.3681,0.0068,1.3749,0.2475,0.9950541857589643,0.004945814241035711,75.7275,4.3553,0.0,0.0,0.0,75.72749999999999,4.355300000000001,80.08279999999999,80.5843
3711,1.0992,0.0083,1.1076,0.1994,0.9924160346695559,0.007493680028891297,60.7274,4.9227,0.0,0.0,0.0,60.72739999999999,4.9227,65.6501,66.6459
3712,38.5489,0.0061,38.5551,6.9399,0.9998391911835269,0.0001582151258847727,2159.6616,3.988,0.0,0.0,0.0,2159.6616,3.988,2163.6495999999997,2211.146
3713,0.7723,0.0069,0.7793,0.1403,0.9910175798793789,0.008854099833183627,42.5454,4.3095,0.0,0.0,0.0,42.5454,4.3095,46.8549,46.8513
3714,1.8972,0.0081,1.9053,0.343,0.9957487009919698,0.004251299008030231,111.0002,4.8847,0.0,0.0,0.0,111.00019999999998,4.8847,115.88489999999997,115.8845
3715,0.5222,0.0082,0.5304,0.0955,0.9845399698340875,0.015460030165912521,28.9998,5.3294,0.0,0.0,0.0,28.999800000000004,5.3294,34.3292,34.334
3716,14.0702,0.0078,14.0781,2.534,0.999438844730468,0.00055405203827221,769.5621,4.7762,0.0,0.0,0.0,769.5621000000001,4.7762,774.3383000000001,779.3424
3717,10.1934,0.009,10.2024,1.8364,0.9991178546224417,0.0008821453775582214,564.3663,5.6919,0.0,0.0,0.0,564.3662999999999,5.6918999999999995,570.0581999999999,571.5609
3718,35.948,0.0081,35.9561,6.4721,0.9997747252900064,0.00022527470999357549,1979.9951,5.3957,0.0,0.0,0.0,1979.9950999999996,5.3957,1985.3907999999997,2004.8941
3719,39.0042,0.0089,39.0131,7.0224,0.9997718714995731,0.0002281285004267797,2168.0802,5.4654,0.0,0.0,0.0,2168.0802000000003,5.465400000000001,2173.5456000000004,2222.5406
3720,40.6929,0.0087,40.7017,7.3263,0.9997837928145508,0.00021375028561460574,2255.8538,5.1913,0.0,0.0,0.0,2255.853800000001,5.191299999999999,2261.0451000000007,2283.0439
3721,1.2933,0.0071,1.3004,0.2341,0.9945401414949245,0.0054598585050753615,72.3637,4.9835,0.0,0.0,0.0,72.3637,4.9835,77.3472,77.3424
3722,29.1099,0.0078,29.1177,5.2412,0.9997321216991727,0.00026787830082733183,1596.6201,4.9157,0.0,0.0,0.0,1596.6201,4.9157,1601.5358,1617.0318
3723,0.6699,0.0082,0.6781,0.1221,0.9879073882908126,0.012092611709187436,36.2727,5.0078,0.0,0.0,0.0,36.2727,5.0078,41.2805,41.277
3724,6.6307,0.0071,6.6378,1.1948,0.9989303684955858,0.001069631504414113,365.177,4.6984,0.0,0.0,0.0,365.177,4.6984,369.8754,373.3777
3725,0.7735,0.0086,0.7821,0.1408,0.9890039636875079,0.010996036312492009,40.0907,5.0196,0.0,0.0,0.0,40.0907,5.0196,45.110299999999995,45.1066
3726,37.5709,0.0077,37.5786,6.7642,0.9997950961451464,0.00020490385485356027,2145.7745,4.7415,0.0,0.0,0.0,2145.7745,4.741500000000001,2150.516,2214.0208
3727,31.5521,0.0079,31.56,5.6808,0.9997496831432193,0.00025031685678073517,1802.7696,4.9372,0.0,0.0,0.0,1802.7696,4.9372,1807.7068000000002,1836.2061
3728,17.7252,0.0087,17.7339,3.1921,0.9995094141728555,0.0004905858271446213,968.386,5.2019,0.0,0.0,0.0,968.386,5.2019,973.5879,980.0862
3729,5.0969,0.0084,5.1054,0.919,0.9983350961726798,0.0016453167234692675,285.5482,5.3409,0.0,0.0,0.0,285.5482,5.340900000000001,290.8891,291.3889
3730,0.4912,0.0068,0.498,0.0896,0.9863453815261045,0.013654618473895581,26.9091,4.4932,0.0,0.0,0.0,26.909099999999995,4.4932,31.402299999999997,31.4035
3731,1.9683,0.0089,1.9772,0.3559,0.9954986850091038,0.004501314990896217,107.4547,5.477,0.0,0.0,0.0,107.45470000000002,5.476999999999999,112.93170000000002,113.935
3732,2.5827,0.0083,2.591,0.4664,0.9967966036279428,0.0032033963720571206,147.2728,5.1146,0.0,0.0,0.0,147.27280000000002,5.1146,152.3874,152.8903
3733,4.784,0.008,4.792,0.8626,0.998330550918197,0.001669449081803005,274.1468,5.1212,0.0,0.0,0.0,274.14680000000004,5.121199999999999,279.26800000000003,279.7658
3734,40.5924,0.0074,40.5998,7.308,0.9998177330922812,0.00018226690771875725,2207.1148,4.7402,0.0,0.0,0.0,2207.1148000000003,4.7402,2211.8550000000005,2230.8532
3735,37.0529,0.0086,37.0615,6.6711,0.9997679532668672,0.0002320467331327658,2118.5453,5.5092,0.0,0.0,0.0,2118.5453,5.5092,2124.0545,2181.0572
3736,0.3062,0.0071,0.3133,0.0564,0.977338014682413,0.022661985317586977,16.8182,4.7214,0.0,0.0,0.0,16.8182,4.721399999999999,21.5396,21.5377
3737,6.6177,0.0075,6.6251,1.1925,0.9988830357277626,0.0011320583840243922,372.4895,4.7648,0.0,0.0,0.0,372.48949999999996,4.7648,377.25429999999994,380.7592
3738,27.424,0.0079,27.4319,4.9378,0.9997120141149538,0.00028798588504624185,1601.6403,4.9811,0.0,0.0,0.0,1601.6402999999998,4.9811000000000005,1606.6213999999998,1651.6229
3739,38.1146,0.0089,38.1235,6.8622,0.9997665481920601,0.00023345180793998453,2126.9511,5.547,0.0,0.0,0.0,2126.9511,5.547000000000001,2132.4981000000002,2164.4943
3740,9.904,0.0082,9.9122,1.7842,0.9991727366275902,0.0008272633724097577,525.7965,5.0767,0.0,0.0,0.0,525.7965,5.0767,530.8732,533.3705
3741,34.9129,0.0084,34.9213,6.2858,0.9997594591266648,0.0002405408733351851,1915.7607,5.1135,0.0,0.0,0.0,1915.7607000000003,5.1135,1920.8742000000002,1966.3768
3742,38.3546,0.009,38.3636,6.9055,0.9997654026212347,0.00023459737876528792,2106.2417,5.1683,0.0,0.0,0.0,2106.2417,5.1682999999999995,2111.41,2152.4051
3743,33.5116,0.0079,33.5195,6.0335,0.9997643162935008,0.00023568370649920198,1889.1016,5.077,0.0,0.0,0.0,1889.1016000000004,5.077,1894.1786000000004,1906.1818
3744,0.4417,0.0072,0.4488,0.0808,0.9841800356506238,0.016042780748663103,24.9091,4.4156,0.0,0.0,0.0,24.909099999999995,4.4156,29.324699999999996,29.3258
3745,31.1786,0.008,31.1865,5.6136,0.9997466852644574,0.0002565212511824027,1769.8118,4.8421,0.0,0.0,0.0,1769.8118,4.8421,1774.6539,1796.6564
3746,33.5265,0.007,33.5335,6.036,0.9997912535225969,0.00020874647740319385,1848.8833,4.772,0.0,0.0,0.0,1848.8833000000002,4.772,1853.6553000000001,1860.1512
3747,37.6746,0.009,37.6836,6.7831,0.9997611693150336,0.00023883068496640447,2153.6732,5.444,0.0,0.0,0.0,2153.6731999999997,5.444,2159.1171999999997,2176.6124
3748,9.1121,0.0087,9.1208,1.6417,0.9990461363038331,0.000953863696167003,504.1841,5.069,0.0,0.0,0.0,504.1841,5.069,509.2531,511.2559
3749,21.7874,0.0069,21.7943,3.923,0.9996834034587025,0.0003165965412974952,1176.6213,4.6999,0.0,0.0,0.0,1176.6213000000002,4.6998999999999995,1181.3212000000003,1190.3177
3750,33.5269,0.0086,33.5355,6.0364,0.9997435553368818,0.0002564446631181882,1863.3201,5.7031,0.0,0.0,0.0,1863.3201000000001,5.7031,1869.0232,1906.0269
3751,36.2722,0.008,36.2802,6.5304,0.9997794940490956,0.00022050595090435004,2018.7156,4.8593,0.0,0.0,0.0,2018.7155999999998,4.8593,2023.5748999999998,2082.5708
3752,18.1505,0.0065,18.157,3.2683,0.9996420113454867,0.0003579886545134108,1001.2942,4.3238,0.0,0.0,0.0,1001.2941999999999,4.3238,1005.6179999999999,1007.6203
3753,8.3119,0.0074,8.3193,1.4975,0.9991105020855119,0.0008894979144879979,457.5923,4.9367,0.0,0.0,0.0,457.5923,4.9367,462.529,464.0313
3754,35.8025,0.0082,35.8107,6.4459,0.9997710181593771,0.00022898184062305403,1945.4735,5.4526,0.0,0.0,0.0,1945.4735000000005,5.4526,1950.9261000000006,1983.9234
3755,24.4094,0.008,24.4174,4.3951,0.9996723647890439,0.00032763521095612144,1365.1243,4.6443,0.0,0.0,0.0,1365.1243,4.644299999999999,1369.7685999999999,1397.2656
3756,0.9382,0.0082,0.9465,0.1704,0.9912308505018489,0.008663497094558902,52.0907,5.2009,0.0,0.0,0.0,52.090700000000005,5.200899999999999,57.2916,57.2949
3757,23.744,0.0071,23.7511,4.2752,0.999701066476921,0.00029893352307893106,1326.1534,4.6772,0.0,0.0,0.0,1326.1534000000001,4.6772,1330.8306000000002,1351.3269
3758,10.6402,0.0061,10.6463,1.9163,0.9994270309872914,0.0005729690127086406,619.1896,3.8787,0.0,0.0,0.0,619.1896000000002,3.8787000000000007,623.0683000000001,629.0643
3759,6.881,0.0087,6.8897,1.2401,0.9987372454533578,0.0012627545466420888,387.3304,5.4994,0.0,0.0,0.0,387.33040000000005,5.4994,392.82980000000003,392.8273
3760,33.9498,0.0077,33.9575,6.1124,0.9997732459692262,0.0002267540307737613,1819.7091,4.8074,0.0,0.0,0.0,1819.7091,4.8074,1824.5165,1843.517
3761,0.4019,0.0085,0.4104,0.0739,0.9792884990253411,0.02071150097465887,22.0909,5.2613,0.0,0.0,0.0,22.0909,5.2613,27.352200000000003,27.3539
3762,22.047,0.0078,22.0547,3.9699,0.9996508680689377,0.0003536661119852004,1212.151,4.8295,0.0,0.0,0.0,1212.151,4.8295,1216.9805000000001,1227.9842
3763,29.815,0.0087,29.8237,5.3683,0.9997082856922516,0.0002917143077485356,1702.0879,5.618,0.0,0.0,0.0,1702.0879,5.6179999999999986,1707.7059,1734.2021
3764,1.8557,0.0068,1.8625,0.3353,0.9963489932885905,0.003651006711409396,100.5455,4.1758,0.0,0.0,0.0,100.5455,4.1758,104.7213,105.7163
3765,39.6212,0.0064,39.6276,7.133,0.9998384964014979,0.00016150359850205414,2278.3637,4.265,0.0,0.0,0.0,2278.3637,4.265000000000001,2282.6286999999998,2299.1322
3766,2.2368,0.0076,2.2444,0.404,0.996613794332561,0.003386205667438959,122.8184,4.5026,0.0,0.0,0.0,122.81840000000003,4.5026,127.32100000000003,128.3177
3767,32.9257,0.0077,32.9334,5.928,0.9997661948052737,0.00023380519472632647,1760.8867,4.7196,0.0,0.0,0.0,1760.8866999999993,4.7196,1765.6062999999992,1777.1015
3768,16.6203,0.0081,16.6283,2.9931,0.9995188924905132,0.00048712135335542416,887.771,4.9512,0.0,0.0,0.0,887.771,4.9512,892.7221999999999,899.2182
3769,4.0542,0.0087,4.0629,0.7313,0.9978586723768736,0.002141327623126338,222.863,5.2979,0.0,0.0,0.0,222.863,5.2979,228.1609,228.6609
3770,33.9887,0.0067,33.9954,6.1192,0.9998029145119636,0.00019708548803661674,1873.1559,4.0627,0.0,0.0,0.0,1873.1559,4.0626999999999995,1877.2186,1918.7153
3771,1.541,0.0078,1.5488,0.2788,0.9949638429752066,0.005036157024793388,82.3637,4.9596,0.0,0.0,0.0,82.3637,4.9596,87.32329999999999,87.3207
3772,20.3456,0.0084,20.354,3.6637,0.9995873047066917,0.0004126952933084406,1137.5596,5.0074,0.0,0.0,0.0,1137.5596,5.0074000000000005,1142.567,1160.065
3773,31.0833,0.0091,31.0924,5.5966,0.9997073239762772,0.00029267602372283903,1742.0708,5.5386,0.0,0.0,0.0,1742.0707999999995,5.538600000000001,1747.6093999999996,1784.1134
3774,6.3427,0.0082,6.3508,1.1432,0.9987245701328967,0.001291175914845374,346.3766,5.0601,0.0,0.0,0.0,346.3766,5.060099999999999,351.4367,354.9408
3775,3.2123,0.0073,3.2196,0.5795,0.9977326375947323,0.0022673624052677354,180.0857,4.6362,0.0,0.0,0.0,180.0857,4.6362000000000005,184.7219,185.2192
3776,9.4588,0.0074,9.4662,1.7039,0.9992182713232342,0.000781728676765756,517.5435,4.4049,0.0,0.0,0.0,517.5434999999999,4.4049000000000005,521.9483999999999,523.4458
3777,1.1677,0.0073,1.175,0.2115,0.9937872340425531,0.006212765957446808,63.6363,4.6371,0.0,0.0,0.0,63.636300000000006,4.6371,68.27340000000001,68.2771
3778,0.3562,0.007,0.3632,0.0654,0.980726872246696,0.019273127753303965,19.727,4.5148,0.0,0.0,0.0,19.726999999999997,4.5148,24.241799999999998,24.2429
3779,36.9097,0.0075,36.9172,6.6451,0.999796842664124,0.00020315733587596024,2002.9356,4.4696,0.0,0.0,0.0,2002.9356000000002,4.4696,2007.4052000000001,2047.4026
3780,24.8451,0.0075,24.8526,4.4735,0.999698220709302,0.00030177929069795514,1389.5942,4.6317,0.0,0.0,0.0,1389.5942,4.6316999999999995,1394.2259,1402.2302
3781,29.6274,0.0081,29.6355,5.3344,0.9997266791516931,0.00027332084830692917,1588.2133,5.4573,0.0,0.0,0.0,1588.2133,5.457299999999999,1593.6706,1608.6687
3782,0.5615,0.008,0.5695,0.1025,0.9859525899912204,0.014047410008779631,30.2727,5.093,0.0,0.0,0.0,30.272699999999997,5.093,35.3657,35.362
3783,0.3491,0.0075,0.3567,0.0642,0.9786935800392487,0.02102607232968881,19.091,4.7965,0.0,0.0,0.0,19.091,4.7965,23.887500000000003,23.8892
3784,0.2235,0.0078,0.2312,0.0416,0.9666955017301039,0.03373702422145329,12.4547,4.8123,0.0,0.0,0.0,12.454699999999997,4.8123000000000005,17.266999999999996,17.2651
3785,37.7046,0.0081,37.7128,6.7883,0.9997825671920408,0.00021478118834984407,2100.2635,5.1145,0.0,0.0,0.0,2100.2634999999996,5.1145,2105.3779999999997,2146.8795
3786,2.0049,0.0086,2.0135,0.3624,0.9957288303948348,0.004271169605165135,114.5449,5.2712,0.0,0.0,0.0,114.54489999999998,5.2712,119.81609999999998,121.32
3787,1.7326,0.0083,1.741,0.3134,0.995175186674325,0.004767375071797817,97.3634,5.252,0.0,0.0,0.0,97.36340000000001,5.252,102.61540000000001,103.6127
3788,6.2813,0.0083,6.2896,1.1321,0.9986803612312388,0.0013196387687611296,354.8468,5.3033,0.0,0.0,0.0,354.84680000000003,5.3033,360.1501,361.1489
3789,29.2093,0.0074,29.2167,5.259,0.9997467201976952,0.00025327980230484623,1591.8658,4.8238,0.0,0.0,0.0,1591.8658000000003,4.823800000000001,1596.6896000000002,1623.6938
3790,0.3026,0.0077,0.3102,0.0558,0.9754996776273372,0.024822695035460994,16.5453,4.8346,0.0,0.0,0.0,16.5453,4.8346,21.3799,21.3753
3791,5.0777,0.0086,5.0863,0.9155,0.9983091834929124,0.001690816507087667,299.0606,5.309,0.0,0.0,0.0,299.0606,5.309,304.36960000000005,304.8649
3792,38.2812,0.0083,38.2895,6.8921,0.9997832303895324,0.0002167696104676217,2215.7053,5.2488,0.0,0.0,0.0,2215.7053000000005,5.248799999999999,2220.9541000000004,2236.951
3793,12.639,0.0071,12.6462,2.2763,0.9994306590121933,0.0005614334740870776,684.2784,4.8428,0.0,0.0,0.0,684.2784,4.8427999999999995,689.1212,698.1207
3794,5.4405,0.0093,5.4497,0.981,0.9983118336789182,0.0017065159550066974,287.2802,5.5932,0.0,0.0,0.0,287.2801999999999,5.5931999999999995,292.87339999999995,294.8736
3795,1.0247,0.008,1.0326,0.1859,0.9923494092581832,0.007747433662599264,55.1818,4.9484,0.0,0.0,0.0,55.181799999999996,4.9484,60.130199999999995,60.1266
3796,7.9438,0.0076,7.9513,1.4312,0.9990567580144128,0.0009558185453950927,450.4621,4.7419,0.0,0.0,0.0,450.4621000000001,4.7419,455.20400000000006,456.7009
3797,1.311,0.0076,1.3186,0.2374,0.9942363112391931,0.005763688760806916,68.5455,4.5235,0.0,0.0,0.0,68.54550000000002,4.5235,73.06900000000002,73.0738
3798,20.8395,0.0087,20.8482,3.7527,0.9995826977868594,0.00041730221314070277,1184.4937,5.1685,0.0,0.0,0.0,1184.4937000000002,5.1685,1189.6622000000002,1201.1588
3799,1.0468,0.0068,1.0536,0.1896,0.9935459377372816,0.0064540622627182985,59.9999,4.2668,0.0,0.0,0.0,59.999900000000004,4.2668,64.2667,64.77
3800,19.5174,0.0084,19.5258,3.5146,0.9995697999569799,0.0004302000430200043,1036.351,5.0078,0.0,0.0,0.0,1036.3509999999999,5.0078,1041.3588,1047.8635
3801,0.9751,0.0081,0.9831,0.177,0.9918624758417252,0.00823924321025328,53.1819,5.1055,0.0,0.0,0.0,53.1819,5.1055,58.2874,60.2883
3802,7.8816,0.0083,7.8899,1.4202,0.9989480221549069,0.0010519778450930938,438.5525,4.989,0.0,0.0,0.0,438.5525000000001,4.988999999999999,443.5415000000001,446.0443
3803,20.2544,0.0072,20.2616,3.6471,0.9996446480041062,0.0003553519958937102,1107.3758,4.4036,0.0,0.0,0.0,1107.3758,4.4036,1111.7794000000001,1117.2813
3804,0.3217,0.008,0.3297,0.0593,0.975735517136791,0.02426448286320898,17.818,5.1797,0.0,0.0,0.0,17.817999999999998,5.1797,22.9977,22.998
3805,0.501,0.0081,0.5092,0.0916,0.9838963079340142,0.015907305577376275,27.3638,5.3137,0.0,0.0,0.0,27.363799999999998,5.313700000000001,32.677499999999995,33.1748
3806,20.1097,0.0073,20.1169,3.621,0.9996420919724212,0.00036287897240628523,1103.1387,4.5022,0.0,0.0,0.0,1103.1387,4.502199999999999,1107.6408999999999,1113.643
3807,39.057,0.0072,39.0642,7.0316,0.9998156880212574,0.00018431197874268512,2206.6075,4.8144,0.0,0.0,0.0,2206.607499999999,4.814399999999999,2211.4218999999994,2267.4175
3808,37.7808,0.0078,37.7885,6.8019,0.9997962343040873,0.00020641200365190468,2053.9772,4.9193,0.0,0.0,0.0,2053.9772,4.9193,2058.8965,2088.8992
3809,0.3808,0.0084,0.3892,0.0701,0.9784172661870505,0.021582733812949638,21.0908,5.1498,0.0,0.0,0.0,21.090800000000005,5.149800000000001,26.240600000000008,26.2411
3810,0.5157,0.0087,0.5243,0.0944,0.9835971771886326,0.016593553309174135,28.6365,5.5562,0.0,0.0,0.0,28.6365,5.5562,34.1927,34.1888
3811,7.2315,0.0076,7.239,1.303,0.9989639452963116,0.0010498687664041995,401.3791,4.8411,0.0,0.0,0.0,401.3791,4.8411,406.2202,406.7158
3812,32.4042,0.0079,32.4121,5.8342,0.9997562638644211,0.00024373613557899675,1779.8128,4.7529,0.0,0.0,0.0,1779.8128,4.7528999999999995,1784.5656999999999,1801.0696
3813,28.8909,0.0081,28.899,5.2018,0.9997197134848956,0.00028028651510432885,1620.346,5.0298,0.0,0.0,0.0,1620.346,5.0298,1625.3758,1634.3759
3814,39.1516,0.0089,39.1605,7.0489,0.9997727301745382,0.00022726982546188124,2082.3463,5.7396,0.0,0.0,0.0,2082.3463000000006,5.7396,2088.0859000000005,2129.0905
3815,27.7137,0.0085,27.7223,4.99,0.9996897804294737,0.00030661236621781025,1606.9628,5.138,0.0,0.0,0.0,1606.9627999999998,5.138,1612.1007999999997,1644.0989
3816,26.7479,0.0076,26.7555,4.816,0.9997159462540413,0.0002840537459587748,1546.4922,4.9242,0.0,0.0,0.0,1546.4921999999997,4.9242,1551.4163999999996,1574.4194
3817,8.0445,0.0064,8.0509,1.4492,0.9992050578196225,0.0007949421803773491,441.7971,3.8943,0.0,0.0,0.0,441.7971,3.8943000000000003,445.6914,450.6881
3818,35.3867,0.0076,35.3943,6.371,0.9997852761602856,0.00021472383971430427,1896.7587,4.9612,0.0,0.0,0.0,1896.7586999999999,4.9612,1901.7198999999998,1936.2195
3819,8.0067,0.0081,8.0149,1.4427,0.9989769055134811,0.0010106177244881406,445.242,5.1852,0.0,0.0,0.0,445.242,5.185199999999999,450.4272,452.4305
3820,16.7475,0.0072,16.7547,3.0159,0.9995702698347328,0.0004297301652670594,921.2562,4.4033,0.0,0.0,0.0,921.2562,4.4033,925.6595,932.1563
3821,30.4004,0.0077,30.4081,5.4735,0.9997467779966522,0.0002532220033477922,1700.5452,4.9294,0.0,0.0,0.0,1700.5452,4.9294,1705.4746,1723.4758
3822,32.3895,0.009,32.3985,5.8317,0.9997222093615445,0.00027779063845548405,1869.5866,5.9097,0.0,0.0,0.0,1869.5865999999999,5.9097,1875.4962999999998,1916.9957
3823,7.5901,0.0082,7.5983,1.3677,0.9989208112340918,0.0010791887659081637,419.2994,5.0861,0.0,0.0,0.0,419.2994,5.0861,424.3855,426.8841
3824,2.2102,0.0081,2.2183,0.3993,0.9963485551999278,0.003651444800072127,116.9998,5.0658,0.0,0.0,0.0,116.99979999999998,5.065799999999999,122.06559999999998,122.5676
3825,0.6704,0.0084,0.6787,0.1222,0.9877707381759246,0.012376602327979961,36.9999,5.1865,0.0,0.0,0.0,36.9999,5.1865000000000006,42.1864,42.1902
3826,1.5968,0.0082,1.605,0.2889,0.9948909657320872,0.005109034267912773,87.601,5.0831,0.0,0.0,0.0,87.601,5.083100000000001,92.6841,93.6823
3827,2.3859,0.0066,2.3925,0.4306,0.9972413793103447,0.002758620689655172,129.9093,4.5973,0.0,0.0,0.0,129.90930000000003,4.597300000000001,134.50660000000002,137.5045
3828,40.013,0.0076,40.0206,7.2037,0.9998100977996331,0.00018990220036681107,2119.8741,4.8262,0.0,0.0,0.0,2119.8741000000005,4.826199999999999,2124.7003000000004,2183.7036
3829,2.2297,0.0093,2.239,0.403,0.9958463599821349,0.004153640017865118,115.5455,5.7172,0.0,0.0,0.0,115.54549999999999,5.7172,121.2627,122.7631
3830,25.1829,0.007,25.19,4.5342,0.9997181421198887,0.000277888050813815,1340.9421,4.5384,0.0,0.0,0.0,1340.9421000000002,4.5384,1345.4805000000001,1363.9773
3831,18.4546,0.0075,18.4621,3.3232,0.999593762356395,0.000406237643605007,1009.3983,4.5779,0.0,0.0,0.0,1009.3983,4.5779,1013.9762,1019.473
3832,1.2898,0.0068,1.2966,0.2334,0.9947555144223355,0.005244485577664661,68.2728,3.9874,0.0,0.0,0.0,68.2728,3.9874,72.2602,72.2612
3833,19.0698,0.0067,19.0766,3.4338,0.999643542350314,0.0003512156254259145,1073.3409,4.6616,0.0,0.0,0.0,1073.3409000000001,4.6616,1078.0025,1092.5074
3834,8.9988,0.0076,9.0064,1.6211,0.9991561556226684,0.0008438443773316753,482.461,4.7208,0.0,0.0,0.0,482.461,4.720799999999999,487.1818,489.1855
3835,1.4706,0.0079,1.4785,0.2661,0.9946567467027393,0.005343253297260738,78.3636,4.8653,0.0,0.0,0.0,78.36359999999999,4.8653,83.2289,84.2274
3836,0.2553,0.008,0.2633,0.0474,0.9696164071401445,0.03038359285985568,13.909,4.786,0.0,0.0,0.0,13.908999999999999,4.786,18.695,18.6948
3837,40.3189,0.0074,40.3262,7.2587,0.9998189762486919,0.0001835035287232618,2180.5196,4.6735,0.0,0.0,0.0,2180.5196,4.673500000000001,2185.1931,2210.6921
3838,24.8648,0.0071,24.8719,4.4769,0.9997145372890691,0.0002854627109308095,1337.9572,4.4747,0.0,0.0,0.0,1337.9571999999996,4.4747,1342.4318999999996,1352.9351
3839,39.5539,0.0085,39.5624,7.1212,0.999785149535923,0.00021485046407700243,2171.2259,5.1327,0.0,0.0,0.0,2171.2258999999995,5.1327,2176.3585999999996,2200.8577
3840,5.0007,0.0082,5.0089,0.9016,0.9983629140130569,0.0016370859869432413,287.4743,5.0635,0.0,0.0,0.0,287.4743,5.0634999999999994,292.5378,292.5409
3841,29.7108,0.0086,29.7194,5.3495,0.9997106267286687,0.00028937327133118435,1621.0084,5.1534,0.0,0.0,0.0,1621.0084000000004,5.1533999999999995,1626.1618000000003,1654.6607
3842,28.4613,0.0077,28.4691,5.1244,0.9997260187361033,0.00027046868359027857,1585.3892,4.9188,0.0,0.0,0.0,1585.3891999999998,4.9188,1590.3079999999998,1615.3058
3843,27.1392,0.0094,27.1486,4.8867,0.9996537574681568,0.00034624253184326265,1484.7514,5.8018,0.0,0.0,0.0,1484.7513999999999,5.801799999999999,1490.5531999999998,1493.5496
3844,3.9102,0.0078,3.918,0.7052,0.9980091883614088,0.001990811638591118,220.4068,5.051,0.0,0.0,0.0,220.40679999999998,5.051,225.45779999999996,227.9534
3845,1.0216,0.0088,1.0303,0.1855,0.9915558575172281,0.008541201591769389,55.3638,5.4848,0.0,0.0,0.0,55.3638,5.4848,60.8486,60.8473
3846,25.4615,0.0082,25.4698,4.5846,0.9996741238643414,0.0003219499171567896,1338.65,5.2347,0.0,0.0,0.0,1338.6499999999996,5.2347,1343.8846999999996,1351.3818
3847,36.2451,0.0084,36.2535,6.5256,0.999768298233274,0.00023170176672597124,2060.0396,5.6655,0.0,0.0,0.0,2060.0396,5.6655,2065.7051,2128.7059
3848,0.2005,0.0077,0.2082,0.0375,0.963016330451489,0.036983669548511046,11.182,5.1134,0.0,0.0,0.0,11.181999999999999,5.1134,16.2954,16.2937
3849,0.8002,0.0073,0.8076,0.1454,0.990837048043586,0.00903912828132739,42.3634,4.7121,0.0,0.0,0.0,42.36339999999999,4.7121,47.07549999999999,48.0758
3850,8.7117,0.0079,8.7197,1.5695,0.9990825372432539,0.0009059944722868907,486.9864,4.9726,0.0,0.0,0.0,486.9864,4.9726,491.959,495.4567
3851,5.0825,0.007,5.0895,0.9161,0.9986246193142744,0.0013753806857255133,295.908,4.5013,0.0,0.0,0.0,295.90799999999996,4.5013,300.4093,300.9142
3852,14.3511,0.0078,14.3589,2.5846,0.9994567829011972,0.000543217098802833,757.4483,5.1755,0.0,0.0,0.0,757.4483,5.1754999999999995,762.6238000000001,771.1264
3853,13.5414,0.0083,13.5497,2.4389,0.9993874403123316,0.0006125596876683616,751.8342,5.1706,0.0,0.0,0.0,751.8342,5.170599999999999,757.0048,770.5094
3854,5.2634,0.0091,5.2725,0.949,0.9982740635372214,0.001725936462778568,301.4923,5.5367,0.0,0.0,0.0,301.4923,5.5367,307.029,307.0329
3855,31.7734,0.0093,31.7826,5.7209,0.9997105334365345,0.0002926129391553869,1764.9088,5.6202,0.0,0.0,0.0,1764.9088000000004,5.6202000000000005,1770.5290000000005,1795.5302
3856,5.7199,0.009,5.7289,1.0312,0.9984290177870097,0.0015709822129902772,308.6916,5.5496,0.0,0.0,0.0,308.6916,5.549600000000001,314.2412,316.2425
3857,0.2894,0.007,0.2964,0.0533,0.97638326585695,0.023616734143049933,16.0001,4.4761,0.0,0.0,0.0,16.000100000000003,4.4761,20.476200000000002,20.4759
3858,0.66,0.0083,0.6683,0.1203,0.9875804279515188,0.012419572048481221,36.3637,5.2549,0.0,0.0,0.0,36.363699999999994,5.254899999999999,41.618599999999994,41.6218
3859,0.5138,0.0071,0.5209,0.0938,0.9863697446726819,0.013630255327318104,27.5454,4.5832,0.0,0.0,0.0,27.545399999999997,4.5832,32.1286,32.1237
3860,6.6863,0.0072,6.6934,1.2048,0.9989392535930918,0.001075686497146443,363.4184,4.9122,0.0,0.0,0.0,363.41839999999996,4.9122,368.33059999999995,369.3325
3861,35.6098,0.0075,35.6173,6.4111,0.9997894281711416,0.000210571828858448,1970.5571,4.6959,0.0,0.0,0.0,1970.5570999999998,4.6959,1975.2529999999997,1997.7553
3862,16.9692,0.0081,16.9773,3.0559,0.9995228923327032,0.00047710766729692,951.4365,5.0184,0.0,0.0,0.0,951.4364999999998,5.018399999999999,956.4548999999998,958.4523
3863,39.4071,0.0068,39.414,7.0945,0.9998249353021769,0.00017252752828944028,2199.9516,4.235,0.0,0.0,0.0,2199.9515999999994,4.234999999999999,2204.1865999999995,2225.184
3864,10.4112,0.007,10.4181,1.8753,0.9993376911336999,0.0006719075455217362,568.9082,4.3677,0.0,0.0,0.0,568.9082,4.3677,573.2759,573.2714
3865,0.3849,0.0091,0.394,0.0709,0.9769035532994924,0.023096446700507613,20.4546,5.594,0.0,0.0,0.0,20.454600000000003,5.593999999999999,26.0486,26.0519
3866,19.7949,0.0073,19.8022,3.5644,0.9996313540919696,0.0003686459080304209,1087.0817,4.5951,0.0,0.0,0.0,1087.0816999999997,4.5951,1091.6767999999997,1094.18
3867,9.011,0.0065,9.0175,1.6232,0.9992791793734405,0.0007208206265594677,495.5643,3.9634,0.0,0.0,0.0,495.5643,3.9633999999999996,499.5277,500.5264
3868,3.4266,0.0079,3.4345,0.6182,0.997699810743922,0.002300189256078032,177.1817,4.6874,0.0,0.0,0.0,177.1817,4.687399999999999,181.8691,183.3659
3869,6.6489,0.0065,6.6555,1.198,0.9990083389677711,0.000976635865073999,377.0699,4.1938,0.0,0.0,0.0,377.06989999999996,4.1938,381.2637,384.2613
3870,16.4886,0.0083,16.4968,2.9694,0.9995029339023327,0.0005031278793462974,912.9159,5.0769,0.0,0.0,0.0,912.9158999999999,5.0769,917.9927999999999,924.494
3871,19.916,0.0069,19.9229,3.5861,0.9996536648781051,0.0003463351218949049,1117.4952,4.3742,0.0,0.0,0.0,1117.4952,4.3742,1121.8694,1145.8733
3872,0.4073,0.0075,0.4148,0.0747,0.9819189971070396,0.01808100289296046,22.2729,5.0124,0.0,0.0,0.0,22.272900000000007,5.0124,27.285300000000007,27.2852
3873,0.2758,0.0056,0.2814,0.0507,0.9800995024875622,0.01990049751243781,14.4545,3.7356,0.0,0.0,0.0,14.454499999999996,3.7356000000000007,18.190099999999997,18.1949
3874,21.9046,0.0082,21.9128,3.9443,0.999625789492899,0.00037421050710087256,1185.5798,5.0838,0.0,0.0,0.0,1185.5798000000004,5.083799999999999,1190.6636000000005,1204.666
3875,0.8775,0.0076,0.8851,0.1593,0.9914133996158626,0.008586600384137385,49.5944,4.737,0.0,0.0,0.0,49.5944,4.737,54.3314,54.3269
3876,38.5357,0.0086,38.5443,6.938,0.9997768801093806,0.00022311989061936526,2164.2817,5.6224,0.0,0.0,0.0,2164.2816999999995,5.6224,2169.9040999999997,2195.9078
3877,8.2277,0.0074,8.2351,1.4823,0.9991014073903172,0.0008985926096829426,424.1816,4.8707,0.0,0.0,0.0,424.1816,4.8707,429.0523,434.055
3878,26.253,0.0072,26.2602,4.7268,0.9997258208239084,0.00027417917609157583,1380.5583,4.493,0.0,0.0,0.0,1380.5582999999997,4.493,1385.0512999999996,1394.5509
3879,18.1799,0.0073,18.1872,3.2737,0.9995986188088325,0.00040138119116741444,1000.2043,4.4896,0.0,0.0,0.0,1000.2043,4.489599999999999,1004.6939,1007.6942
3880,38.5417,0.0072,38.5489,6.9388,0.9998132242424556,0.00018677575754431382,2148.449,4.2374,0.0,0.0,0.0,2148.449,4.2374,2152.6864,2184.1874
3881,1.0682,0.0071,1.0753,0.1936,0.9933971914814471,0.006602808518552963,56.9091,4.6845,0.0,0.0,0.0,56.90910000000001,4.6845,61.59360000000001,61.5953
3882,6.3398,0.0076,6.3473,1.1425,0.9988183952231658,0.0011973595071920345,353.2753,4.5649,0.0,0.0,0.0,353.2753,4.5649,357.84020000000004,358.8405
3883,37.0116,0.0066,37.0182,6.6633,0.9998217093213608,0.00017829067863915586,2123.6553,4.1408,0.0,0.0,0.0,2123.6553,4.1408,2127.7961,2166.7955
3884,40.0589,0.0086,40.0675,7.2122,0.9997853622012853,0.00021463779871466897,2168.1819,5.3783,0.0,0.0,0.0,2168.1818999999996,5.378300000000001,2173.5601999999994,2206.5568
3885,32.3281,0.0083,32.3364,5.8206,0.9997433233136651,0.00025667668633490434,1758.3313,5.2953,0.0,0.0,0.0,1758.3313000000005,5.2953,1763.6266000000005,1781.1311
3886,33.6876,0.0085,33.6961,6.0653,0.9997477452880305,0.0002522547119696345,1921.8521,5.3734,0.0,0.0,0.0,1921.8521000000003,5.3734,1927.2255000000002,1959.2285
3887,19.4117,0.0073,19.419,3.4954,0.9996240795097584,0.000375920490241516,1064.6879,4.5147,0.0,0.0,0.0,1064.6879000000001,4.5147,1069.2026,1080.198
3888,23.3306,0.0078,23.3384,4.2009,0.9996657868577109,0.0003342131422891029,1263.1534,4.744,0.0,0.0,0.0,1263.1534000000004,4.744,1267.8974000000003,1274.8935
3889,2.8221,0.0077,2.8297,0.5094,0.9973142029190374,0.0027211365162384707,164.4197,4.4941,0.0,0.0,0.0,164.4197,4.4940999999999995,168.9138,168.9115
3890,7.1005,0.0078,7.1083,1.2795,0.998902691220123,0.001097308779877045,404.401,5.0308,0.0,0.0,0.0,404.4009999999999,5.0308,409.4317999999999,411.9283
3891,30.0175,0.0078,30.0253,5.4046,0.9997402190819075,0.0002597809180924087,1712.36,4.8832,0.0,0.0,0.0,1712.3600000000001,4.8832,1717.2432000000001,1758.2445
3892,5.8649,0.0081,5.873,1.0571,0.9986208070832623,0.0013791929167376127,332.947,5.0358,0.0,0.0,0.0,332.947,5.0358,337.9828,344.9794
3893,7.2288,0.0074,7.2362,1.3025,0.9989773638097343,0.001022636190265609,407.4426,4.6366,0.0,0.0,0.0,407.4426000000001,4.6366000000000005,412.07920000000007,416.08
3894,0.9162,0.0061,0.9224,0.166,0.9932784041630529,0.0066131830008673035,49.5458,4.1611,0.0,0.0,0.0,49.54579999999999,4.161099999999999,53.70689999999999,53.7098
3895,4.138,0.0077,4.1457,0.7462,0.9981426538340932,0.0018573461659068433,225.0723,4.692,0.0,0.0,0.0,225.07229999999998,4.692,229.7643,230.265
3896,4.2298,0.0086,4.2383,0.7629,0.9979944789184343,0.0020291154472312015,249.3155,5.4731,0.0,0.0,0.0,249.31550000000004,5.4731,254.78860000000003,254.7844
3897,5.7229,0.008,5.7309,1.0316,0.9986040586993317,0.0013959413006683068,326.3724,5.3701,0.0,0.0,0.0,326.37239999999997,5.370099999999999,331.74249999999995,331.7383
3898,22.0931,0.0082,22.1013,3.9782,0.9996289811006593,0.0003710188993407628,1203.6066,5.2406,0.0,0.0,0.0,1203.6066,5.2406,1208.8472000000002,1215.3482
3899,36.453,0.008,36.461,6.563,0.9997805874770304,0.0002194125229697485,1939.2152,5.2116,0.0,0.0,0.0,1939.2151999999996,5.2116,1944.4267999999997,2023.43
3900,22.7786,0.0095,22.7881,4.1019,0.9995831157490094,0.00041688425099064864,1266.3403,5.6663,0.0,0.0,0.0,1266.3403,5.6663000000000014,1272.0066000000002,1280.002
3901,36.8666,0.0094,36.876,6.6377,0.9997450916585313,0.00025490834146870594,2098.5261,5.5791,0.0,0.0,0.0,2098.5261000000005,5.5791,2104.1052000000004,2149.6039
3902,5.1727,0.0077,5.1804,0.9325,0.9985136282912517,0.0014863717087483593,303.5344,5.0333,0.0,0.0,0.0,303.53440000000006,5.0333000000000006,308.56770000000006,311.566
3903,2.9662,0.0091,2.9753,0.5356,0.9969414848922798,0.0030585151077202302,169.7935,5.3347,0.0,0.0,0.0,169.7935,5.334699999999999,175.1282,175.1332
3904,25.0936,0.0086,25.1022,4.5184,0.9996574005465656,0.00034259945343436033,1392.2785,5.5185,0.0,0.0,0.0,1392.2785000000003,5.5184999999999995,1397.7970000000003,1403.7944
3905,27.207,0.0072,27.2142,4.8986,0.9997354322375818,0.00026456776241814934,1501.1877,4.4798,0.0,0.0,0.0,1501.1877,4.4798,1505.6675,1535.1698
3906,8.3983,0.0073,8.4056,1.513,0.9991315313600458,0.0008684686399543162,477.8526,4.9014,0.0,0.0,0.0,477.85260000000005,4.901400000000001,482.7540000000001,483.2562
3907,4.8551,0.0087,4.8638,0.8755,0.9982112751346683,0.0017887248653316334,287.8603,5.1854,0.0,0.0,0.0,287.86030000000005,5.1854000000000005,293.04570000000007,293.5506
3908,2.5624,0.0066,2.569,0.4624,0.9974309069676917,0.002569093032308291,151.2104,4.246,0.0,0.0,0.0,151.2104,4.2459999999999996,155.4564,155.4584
3909,25.3738,0.0085,25.3824,4.5688,0.9996611825516893,0.0003348777105395865,1391.2392,5.3449,0.0,0.0,0.0,1391.2392000000002,5.3449,1396.5841000000003,1415.5855
3910,6.4106,0.0085,6.4191,1.1554,0.9986758268293062,0.001324173170693711,365.6484,5.7052,0.0,0.0,0.0,365.6483999999999,5.7052000000000005,371.3535999999999,373.3563
3911,34.7215,0.0065,34.728,6.251,0.9998128311448974,0.00018716885510251092,1995.0906,4.0867,0.0,0.0,0.0,1995.0905999999998,4.0866999999999996,1999.1772999999998,2054.6733
3912,15.0186,0.0077,15.0263,2.7047,0.9994875651357952,0.000512434864204761,793.5458,4.8849,0.0,0.0,0.0,793.5458,4.8849,798.4307,802.431
3913,5.6055,0.0076,5.6132,1.0104,0.9986282334497257,0.0013539514002707902,324.5513,5.1173,0.0,0.0,0.0,324.5513000000001,5.117299999999999,329.6686000000001,329.6711
3914,21.967,0.0076,21.9745,3.9554,0.9996586953059228,0.0003458554233315889,1196.9584,4.8705,0.0,0.0,0.0,1196.9584000000002,4.8705,1201.8289000000002,1219.3267
3915,4.2296,0.008,4.2376,0.7628,0.9981121389465736,0.0018878610534264681,249.6568,5.3238,0.0,0.0,0.0,249.65679999999998,5.3238,254.98059999999998,254.9771
3916,5.8988,0.008,5.9068,1.0632,0.998645628766845,0.001354371233155008,331.6734,4.8551,0.0,0.0,0.0,331.6734,4.855100000000001,336.5285,337.5267
3917,5.0002,0.0068,5.007,0.9013,0.9986419013381268,0.0013580986618733774,292.972,4.3531,0.0,0.0,0.0,292.972,4.3530999999999995,297.32509999999996,298.326
3918,7.6997,0.0084,7.7081,1.3875,0.9989102372828583,0.001089762717141708,429.8884,5.1277,0.0,0.0,0.0,429.88839999999993,5.1277,435.01609999999994,436.5123
3919,25.7567,0.0085,25.7652,4.6377,0.9996700976510953,0.0003299023489047242,1432.4635,5.1855,0.0,0.0,0.0,1432.4634999999996,5.185499999999999,1437.6489999999997,1449.1446
3920,6.0676,0.0077,6.0753,1.0935,0.9987325728770594,0.0012674271229404308,340.127,4.8881,0.0,0.0,0.0,340.127,4.8881,345.0151,345.011
3921,5.083,0.0084,5.0914,0.9165,0.9983501590918019,0.0016498409081981379,292.9443,5.3072,0.0,0.0,0.0,292.9443,5.307199999999999,298.2515,299.2545
3922,31.7969,0.0076,31.8046,5.7248,0.9997578966564585,0.00023895914427472754,1857.9037,4.9555,0.0,0.0,0.0,1857.9037,4.9555,1862.8592,1921.356
3923,17.2003,0.0082,17.2085,3.0975,0.999523491297905,0.00047650870209489497,940.1356,4.971,0.0,0.0,0.0,940.1356,4.971,945.1066,959.6064
3924,36.6519,0.008,36.6598,6.5988,0.9997845050982275,0.00021822268533925446,2058.5568,4.6327,0.0,0.0,0.0,2058.5568,4.6327,2063.1895,2101.6896
3925,18.4316,0.0081,18.4397,3.3192,0.9995607303806462,0.00043926961935389407,1014.5741,4.8682,0.0,0.0,0.0,1014.5741000000002,4.8682,1019.4423000000002,1023.9461
3926,3.9436,0.0069,3.9505,0.7111,0.9982533856473864,0.0017466143526135933,234.6571,4.5289,0.0,0.0,0.0,234.65709999999996,4.5289,239.18599999999995,239.1898
3927,13.4167,0.0087,13.4254,2.4166,0.9993519746152816,0.0006480253847185186,720.3235,5.1426,0.0,0.0,0.0,720.3235,5.1426,725.4661,725.9648
3928,37.227,0.0061,37.2332,6.702,0.99983348194622,0.00016383227871899275,1994.4299,3.8161,0.0,0.0,0.0,1994.4298999999996,3.8161000000000005,1998.2459999999996,2046.7464
3929,8.1687,0.0081,8.1768,1.4718,0.9990093924273553,0.0009906075726445552,448.4636,5.1048,0.0,0.0,0.0,448.46360000000004,5.1048,453.56840000000005,457.5675
3930,4.9319,0.0083,4.9401,0.8892,0.9983401145725794,0.0016801279326329427,289.5173,5.1936,0.0,0.0,0.0,289.5173,5.1936,294.7109,294.7133
3931,38.4844,0.0078,38.4923,6.9286,0.9997947641476347,0.00020263793018343928,2098.1408,4.6315,0.0,0.0,0.0,2098.1407999999997,4.631500000000001,2102.7722999999996,2140.271
3932,38.8422,0.0076,38.8498,6.993,0.9998043747972961,0.0001956252027037462,2123.1819,4.566,0.0,0.0,0.0,2123.1819,4.566,2127.7479,2178.7431
3933,39.8346,0.0079,39.8424,7.1716,0.9998042286609241,0.00019828122803847162,2159.9203,4.8094,0.0,0.0,0.0,2159.9202999999998,4.8094,2164.7297,2188.2263
3934,20.8525,0.0073,20.8597,3.7548,0.9996548368384971,0.0003499570943014521,1177.2685,4.5755,0.0,0.0,0.0,1177.2685000000004,4.5755,1181.8440000000003,1199.846
3935,38.3463,0.0081,38.3544,6.9038,0.9997888117139103,0.00021118828608973156,2108.613,5.4159,0.0,0.0,0.0,2108.6130000000007,5.415900000000001,2114.0289000000007,2162.0323
3936,13.4564,0.0071,13.4635,2.4234,0.9994726482712519,0.0005273517287480967,744.9256,4.4204,0.0,0.0,0.0,744.9256000000001,4.4204,749.3460000000001,753.8469
3937,25.8425,0.0076,25.8501,4.653,0.9997059972688693,0.0002940027311306339,1415.2515,4.9008,0.0,0.0,0.0,1415.2514999999999,4.900799999999999,1420.1522999999997,1433.6515
3938,7.1985,0.0072,7.2057,1.297,0.9990007910404263,0.0009992089595736709,407.1935,4.3355,0.0,0.0,0.0,407.1935000000001,4.335500000000001,411.5290000000001,413.5278
3939,3.709,0.0077,3.7167,0.669,0.9979282697016171,0.002071730298382974,219.765,4.6778,0.0,0.0,0.0,219.765,4.6778,224.44279999999998,224.443
3940,27.6878,0.0077,27.6956,4.9852,0.9997183668163896,0.00027802250176923413,1580.2309,4.8657,0.0,0.0,0.0,1580.2308999999998,4.8657,1585.0965999999999,1614.0979
3941,4.357,0.0068,4.3638,0.7855,0.9984417251019753,0.0015582748980246571,258.7565,4.3097,0.0,0.0,0.0,258.7565,4.309699999999999,263.06620000000004,263.0706
3942,4.709,0.0081,4.717,0.8491,0.9983040067839729,0.0017171931312274752,280.1144,5.2421,0.0,0.0,0.0,280.1144,5.242100000000001,285.3565,285.8595
3943,3.6473,0.0086,3.6559,0.6581,0.9976476380644985,0.002352361935501518,215.7665,5.5557,0.0,0.0,0.0,215.7665,5.5557,221.3222,221.3237
3944,14.6254,0.0083,14.6337,2.6341,0.9994328160342225,0.0005671839657776229,791.9546,4.9983,0.0,0.0,0.0,791.9546,4.998300000000001,796.9529,801.4517
3945,7.2179,0.0084,7.2262,1.3007,0.9988514018432925,0.001162436688716061,406.7384,5.4182,0.0,0.0,0.0,406.73839999999996,5.418199999999999,412.15659999999997,413.1518
3946,26.515,0.0071,26.5221,4.774,0.9997322987244601,0.00026770127554002137,1426.2197,4.6992,0.0,0.0,0.0,1426.2197000000003,4.6992,1430.9189000000003,1450.9143
3947,33.7966,0.0088,33.8055,6.085,0.9997367292304505,0.00026031267101507153,1869.1865,5.369,0.0,0.0,0.0,1869.1864999999998,5.369000000000001,1874.5554999999997,1900.5563
3948,29.6562,0.0089,29.665,5.3397,0.999703354121018,0.00030001685487948763,1608.921,5.499,0.0,0.0,0.0,1608.9210000000003,5.499,1614.4200000000003,1640.4196
3949,37.2708,0.0085,37.2792,6.7103,0.9997746732762505,0.00022800918474645378,2134.6536,5.5716,0.0,0.0,0.0,2134.6536,5.5716,2140.2252000000003,2169.7279
3950,15.6688,0.0086,15.6774,2.8219,0.999451439651983,0.0005485603480168905,854.6791,4.9907,0.0,0.0,0.0,854.6791,4.9907,859.6697999999999,861.671
3951,27.6742,0.009,27.6832,4.983,0.9996748930759449,0.0003251069240550225,1482.3632,5.6233,0.0,0.0,0.0,1482.3631999999998,5.6232999999999995,1487.9864999999998,1501.9879
3952,2.9797,0.0072,2.9869,0.5376,0.9975894740366266,0.0024105259633733973,166.4082,4.4481,0.0,0.0,0.0,166.4082,4.448099999999999,170.8563,173.3579
3953,32.8596,0.0075,32.8671,5.9161,0.9997718082824466,0.00022819171755341966,1793.7519,4.635,0.0,0.0,0.0,1793.7519000000002,4.634999999999999,1798.3869000000002,1841.3848
3954,23.7011,0.0074,23.7084,4.2675,0.9996920922542221,0.00031212566010359197,1312.0783,4.8277,0.0,0.0,0.0,1312.0783,4.8277,1316.906,1335.4065
3955,4.3875,0.008,4.3955,0.7912,0.9981799567739734,0.0018200432260266181,259.0927,5.2608,0.0,0.0,0.0,259.09270000000004,5.2608,264.35350000000005,264.3557
3956,4.1836,0.0085,4.1921,0.7546,0.9979723766131534,0.002027623386846688,247.7234,5.2745,0.0,0.0,0.0,247.72340000000003,5.274500000000001,252.99790000000002,252.9989
3957,16.7854,0.0072,16.7926,3.0227,0.9995712397127305,0.00042876028726939245,958.0045,4.4045,0.0,0.0,0.0,958.0045,4.4045,962.409,965.907
3958,4.5285,0.0088,4.5374,0.8167,0.9980385242649976,0.00193943668180015,267.2047,5.4734,0.0,0.0,0.0,267.2047,5.4734,272.67810000000003,272.6767
3959,4.6918,0.0073,4.6992,0.8458,0.998425263874702,0.0015534559073884916,270.4085,4.5809,0.0,0.0,0.0,270.40849999999995,4.5809,274.98939999999993,274.992
3960,5.1228,0.0073,5.13,0.9234,0.9985964912280701,0.001423001949317739,294.0476,4.7883,0.0,0.0,0.0,294.0476,4.7883,298.8359,298.835
3961,32.9286,0.0082,32.9368,5.9286,0.9997510383522383,0.0002489616477617741,1848.9423,4.9774,0.0,0.0,0.0,1848.9423,4.9774,1853.9197,1888.9175
3962,37.7656,0.0078,37.7734,6.7992,0.9997935054826941,0.00020649451730582894,2079.3237,4.7514,0.0,0.0,0.0,2079.3237,4.751399999999999,2084.0751,2141.5785
3963,4.7913,0.0091,4.8005,0.8641,0.9980835329653159,0.00189563587126341,279.183,5.5658,0.0,0.0,0.0,279.18300000000005,5.5658,284.7488000000001,285.2529
3964,4.8629,0.0084,4.8713,0.8768,0.9982756143124012,0.001724385687598793,272.706,5.1308,0.0,0.0,0.0,272.706,5.130800000000001,277.83680000000004,280.8398
3965,4.9842,0.0072,4.9914,0.8985,0.9985575189325642,0.00144248106743599,278.9068,4.302,0.0,0.0,0.0,278.9068,4.3020000000000005,283.2088,285.2127
3966,28.0346,0.0078,28.0424,5.0476,0.9997218497703477,0.00027815022965224087,1586.6817,4.8253,0.0,0.0,0.0,1586.6817,4.8252999999999995,1591.507,1617.01
3967,7.73,0.0068,7.7368,1.3926,0.999121083652156,0.0008789163478440699,437.5483,4.4184,0.0,0.0,0.0,437.5483,4.4184,441.9667,445.9617
3968,12.4706,0.0077,12.4783,2.2461,0.9993829287643348,0.0006170712356651147,691.4537,5.0676,0.0,0.0,0.0,691.4537,5.0676,696.5213,700.5188
3969,29.6724,0.0075,29.68,5.3424,0.9997439353099731,0.0002526954177897574,1633.1879,4.7029,0.0,0.0,0.0,1633.1879,4.7029,1637.8908,1668.8957
3970,37.3053,0.0078,37.3131,6.7164,0.9997909581353467,0.0002090418646534327,2059.019,4.8475,0.0,0.0,0.0,2059.0190000000002,4.8475,2063.8665,2090.3654
3971,6.9113,0.0079,6.9193,1.2455,0.9988438136805746,0.0011417339904325583,391.8763,5.0044,0.0,0.0,0.0,391.8763,5.0044,396.8807,398.3846
3972,21.7403,0.0086,21.749,3.9148,0.99959998160835,0.0003954204791024875,1232.5626,5.2358,0.0,0.0,0.0,1232.5625999999997,5.2358,1237.7983999999997,1248.8016
3973,7.4852,0.0079,7.4931,1.3488,0.9989456967076377,0.0010543032923623068,420.9174,4.7241,0.0,0.0,0.0,420.91739999999993,4.724100000000001,425.64149999999995,428.1447
3974,5.6928,0.0077,5.7004,1.0261,0.9986667602273525,0.001350782401235001,324.5971,5.059,0.0,0.0,0.0,324.59710000000007,5.059,329.6561000000001,330.1608
3975,5.0791,0.0073,5.0865,0.9156,0.9985451685835054,0.0014351715324879583,279.855,4.5714,0.0,0.0,0.0,279.855,4.571400000000001,284.4264,286.4289
3976,36.9096,0.0074,36.917,6.6451,0.9997995503426604,0.00020044965733943712,1986.2794,5.0735,0.0,0.0,0.0,1986.2794,5.0735,1991.3528999999999,2011.8529
3977,4.0705,0.0081,4.0786,0.7341,0.9980140244201442,0.0019859755798558327,241.6545,4.8797,0.0,0.0,0.0,241.65450000000004,4.879699999999999,246.53420000000003,246.5306
3978,15.8071,0.0078,15.8149,2.8467,0.9995067942256985,0.0004932057743014499,864.5477,4.846,0.0,0.0,0.0,864.5477000000001,4.846,869.3937000000001,883.398
3979,17.3777,0.007,17.3847,3.1292,0.9995973470925585,0.000402652907441601,975.2728,4.5968,0.0,0.0,0.0,975.2727999999998,4.5968,979.8695999999999,994.8648
3980,17.565,0.0072,17.5722,3.163,0.9995902618909415,0.0004097381090586267,990.157,4.7601,0.0,0.0,0.0,990.1570000000002,4.7600999999999996,994.9171000000001,1000.4133
3981,4.3037,0.0088,4.3125,0.7763,0.9979594202898551,0.0020405797101449275,245.2245,5.3207,0.0,0.0,0.0,245.22450000000003,5.3207,250.54520000000002,251.0489
3982,36.7462,0.0081,36.7543,6.6158,0.9997796176229721,0.00022038237702799398,2066.0776,5.2736,0.0,0.0,0.0,2066.0776,5.273599999999999,2071.3512,2096.3555
3983,6.4413,0.0082,6.4495,1.1609,0.9987285836111327,0.0012714163888673542,371.5267,5.2251,0.0,0.0,0.0,371.5267,5.225099999999999,376.7518,380.254
3984,4.337,0.0076,4.3445,0.782,0.9982736793647139,0.0017493382437564738,256.3276,4.5687,0.0,0.0,0.0,256.32759999999996,4.5687,260.89629999999994,260.8927
3985,36.353,0.0061,36.3592,6.5447,0.9998294791964619,0.00016777046799709564,2044.8122,3.8862,0.0,0.0,0.0,2044.8122000000003,3.8861999999999997,2048.6984,2077.6959
3986,2.1316,0.0083,2.1399,0.3852,0.9961213140800973,0.0038786859199027995,125.1611,5.1721,0.0,0.0,0.0,125.16110000000002,5.1721,130.33320000000003,130.3292
3987,3.3386,0.0074,3.3461,0.6023,0.997758584620902,0.0022115298407100804,196.3812,4.529,0.0,0.0,0.0,196.38119999999998,4.529,200.91019999999997,200.9087
3988,8.276,0.0077,8.2837,1.4911,0.9990704636816882,0.0009295363183118656,477.1223,4.5047,0.0,0.0,0.0,477.1223,4.5047,481.627,486.1296
3989,13.2104,0.0089,13.2193,2.3795,0.9993267419606181,0.000673258039381813,722.2016,5.5833,0.0,0.0,0.0,722.2016,5.5832999999999995,727.7849,730.2814
3990,22.4676,0.0073,22.4749,4.0455,0.9996751932155427,0.00032480678445732795,1269.822,4.622,0.0,0.0,0.0,1269.8220000000001,4.621999999999999,1274.4440000000002,1290.9416
3991,16.5294,0.0066,16.536,2.9765,0.9996008708272858,0.00039912917271407836,924.2972,4.3644,0.0,0.0,0.0,924.2972,4.3644,928.6616,934.1606
3992,4.3401,0.009,4.3491,0.7828,0.9979306063323445,0.002069393667655377,246.9474,5.2726,0.0,0.0,0.0,246.9474,5.272600000000001,252.22,253.2198
3993,4.5604,0.0076,4.5681,0.8222,0.9983143976708039,0.0016637113898557386,249.1799,4.6458,0.0,0.0,0.0,249.1799,4.6458,253.8257,255.8293
3994,22.008,0.0096,22.0175,3.9632,0.9995685250369025,0.0004360168048143522,1248.5705,5.5507,0.0,0.0,0.0,1248.5704999999998,5.550699999999999,1254.1211999999998,1274.6194
3995,6.1462,0.0082,6.1544,1.1078,0.9986676199142078,0.0013323800857922789,353.3581,5.049,0.0,0.0,0.0,353.35810000000004,5.0489999999999995,358.4071,362.4107
3996,36.2016,0.0075,36.209,6.5176,0.9997956309204893,0.00020713082382832994,2006.4142,4.8476,0.0,0.0,0.0,2006.4141999999997,4.8476,2011.2617999999998,2085.2655
3997,4.7508,0.0075,4.7583,0.8565,0.998423806821764,0.0015761931782359245,277.3908,4.6389,0.0,0.0,0.0,277.3908,4.6389000000000005,282.0297,282.5307
3998,3.843,0.0062,3.8492,0.6929,0.9983892756936505,0.0016107243063493712,225.3074,4.2228,0.0,0.0,0.0,225.3074,4.2228,229.5302,231.5282
3999,8.9053,0.007,8.9124,1.6042,0.9992033571204165,0.0007854225573358467,500.3544,4.5879,0.0,0.0,0.0,500.35440000000006,4.5879,504.94230000000005,512.9403
4000,3.773,0.0076,3.7806,0.6805,0.9979897370787706,0.0020102629212294344,225.2232,4.8652,0.0,0.0,0.0,225.2232,4.8652,230.08839999999998,230.0867
4001,30.5073,0.0074,30.5147,5.4927,0.9997574939291555,0.00024250607084454377,1692.8558,4.6495,0.0,0.0,0.0,1692.8558,4.6495,1697.5053,1711.0082
4002,21.8073,0.0079,21.8152,3.9267,0.9996378671751807,0.000362132824819392,1194.2283,4.9473,0.0,0.0,0.0,1194.2282999999998,4.9473,1199.1755999999998,1209.1752
4003,5.2869,0.0082,5.2951,0.9531,0.9984513984627298,0.0015486015372703067,301.6202,5.021,0.0,0.0,0.0,301.6202,5.021,306.6412,311.6449
4004,3.1041,0.008,3.1121,0.5602,0.9974293885157932,0.0025706114842068057,183.448,5.117,0.0,0.0,0.0,183.44800000000004,5.117,188.56500000000003,188.5607
4005,18.1652,0.0092,18.1744,3.2714,0.9994937934677348,0.0005062065322651642,1008.3824,5.7336,0.0,0.0,0.0,1008.3824000000001,5.7336,1014.1160000000001,1018.6192
4006,31.5948,0.0067,31.6016,5.6883,0.9997848210217204,0.00021201458154017518,1805.6364,4.2814,0.0,0.0,0.0,1805.6364000000005,4.2814,1809.9178000000006,1839.4163
4007,5.3089,0.0078,5.3167,0.957,0.9985329245584668,0.001467075441533282,296.3261,5.1058,0.0,0.0,0.0,296.32610000000005,5.1058,301.43190000000004,302.4272
4008,32.381,0.0067,32.3876,5.8298,0.9997962183057714,0.00020686929565636234,1729.3336,4.3065,0.0,0.0,0.0,1729.3336,4.3065,1733.6400999999998,1762.1388
4009,33.7495,0.0082,33.7577,6.0764,0.9997570924559434,0.00024290754405661524,1896.3767,5.3281,0.0,0.0,0.0,1896.3767,5.3281,1901.7048,1967.7007
4010,5.0351,0.0082,5.0433,0.9078,0.9983740804631887,0.0016259195368112148,283.3957,4.9688,0.0,0.0,0.0,283.3957000000001,4.9688,288.3645000000001,289.369
4011,3.967,0.0088,3.9758,0.7157,0.9977866089843553,0.0022133910156446504,233.2695,5.5831,0.0,0.0,0.0,233.26950000000005,5.5831,238.85260000000005,239.8536
4012,15.7082,0.0079,15.716,2.8289,0.9995036905064902,0.0005026724357342836,865.6332,4.9382,0.0,0.0,0.0,865.6331999999999,4.9382,870.5713999999999,883.5692
4013,36.8914,0.0081,36.8995,6.6419,0.9997804848304176,0.00021951516958224363,1985.9092,4.7519,0.0,0.0,0.0,1985.9092000000003,4.7519,1990.6611000000003,2072.1612
4014,3.543,0.0088,3.5518,0.6393,0.9975223830170618,0.0024776169829382284,208.0479,5.68,0.0,0.0,0.0,208.04789999999997,5.68,213.72789999999998,213.7313
4015,18.3153,0.0076,18.3229,3.2981,0.9995852184970719,0.0004147815029280299,1026.9609,4.7996,0.0,0.0,0.0,1026.9609,4.7996,1031.7605,1039.7648
4016,31.6519,0.0081,31.66,5.6988,0.999744156664561,0.0002558433354390398,1799.19,5.0467,0.0,0.0,0.0,1799.1900000000003,5.0467,1804.2367000000004,1826.2326
4017,5.2241,0.0069,5.231,0.9416,0.9986809405467406,0.001319059453259415,295.3839,4.4062,0.0,0.0,0.0,295.3839,4.4062,299.7901,303.2883
4018,22.6355,0.0071,22.6426,4.0757,0.999686431770203,0.00031356822979693145,1214.9659,4.5645,0.0,0.0,0.0,1214.9659000000001,4.5645,1219.5304,1237.0306
4019,21.5728,0.0073,21.5801,3.8844,0.9996617253858879,0.00033827461411207544,1247.0374,4.2862,0.0,0.0,0.0,1247.0374000000002,4.286200000000001,1251.3236000000002,1265.8209
4020,16.8339,0.0081,16.8421,3.0316,0.9995131248478516,0.00048093765029301575,906.1455,4.8623,0.0,0.0,0.0,906.1454999999999,4.862299999999999,911.0077999999999,922.5037
4021,5.3797,0.0079,5.3876,0.9698,0.9985336699086792,0.001466330091320811,307.5917,4.8337,0.0,0.0,0.0,307.5917,4.8337,312.4254,314.9238
4022,5.7626,0.0076,5.7702,1.0386,0.9986828879414925,0.001317112058507504,329.1428,4.5151,0.0,0.0,0.0,329.14279999999997,4.5151,333.6579,335.1599
4023,22.9704,0.007,22.9774,4.1359,0.9996953528249498,0.0003046471750502668,1251.0727,4.5396,0.0,0.0,0.0,1251.0727,4.5396,1255.6123,1274.6106
4024,3.4068,0.0079,3.4148,0.6147,0.9976572566475342,0.002313459060559916,197.4855,4.8886,0.0,0.0,0.0,197.48549999999997,4.8886,202.37409999999997,202.8789
4025,16.7006,0.008,16.7085,3.0075,0.9995271867612293,0.00047879821647664364,925.1976,5.4681,0.0,0.0,0.0,925.1975999999999,5.468100000000001,930.6656999999999,946.6634
4026,3.9288,0.008,3.9368,0.7086,0.9979678927047348,0.00203210729526519,222.7237,5.0433,0.0,0.0,0.0,222.72369999999998,5.0433,227.76699999999997,229.7643
4027,5.4139,0.0077,5.4216,0.9759,0.9985797550538587,0.0014202449461413605,308.2319,4.9539,0.0,0.0,0.0,308.2319,4.9539,313.1858,313.6827
4028,3.6222,0.01,3.6322,0.6538,0.9972468476405484,0.002753152359451572,213.7794,5.8411,0.0,0.0,0.0,213.7794,5.8411,219.62050000000002,219.6215
4029,31.1245,0.0083,31.1327,5.6039,0.9997366113443422,0.000266600712434193,1757.2551,5.2528,0.0,0.0,0.0,1757.2551000000003,5.2528,1762.5079000000003,1783.5069
4030,22.1029,0.0072,22.1101,3.9798,0.9996743569680826,0.0003256430319175399,1189.5625,4.6274,0.0,0.0,0.0,1189.5625,4.6274,1194.1899,1245.6931
4031,19.4961,0.0088,19.5048,3.5109,0.9995539559493047,0.0004511709938066528,1131.9761,5.3995,0.0,0.0,0.0,1131.9761000000003,5.3995,1137.3756000000003,1146.3798
4032,4.1684,0.008,4.1764,0.7518,0.9980844746671774,0.0019155253328225267,241.9528,5.1287,0.0,0.0,0.0,241.95280000000002,5.1287,247.08150000000003,247.5793
4033,3.8336,0.0065,3.8402,0.6912,0.9982813395135671,0.0016926201760324984,225.6281,4.4318,0.0,0.0,0.0,225.62809999999996,4.4318,230.05989999999997,230.0598
4034,3.6243,0.0082,3.6325,0.6538,0.9977426015141088,0.00225739848589126,213.2576,5.0222,0.0,0.0,0.0,213.2576,5.0222,218.2798,218.2754
4035,31.7955,0.0074,31.8028,5.7245,0.9997704604626008,0.0002326839146238696,1837.6365,4.668,0.0,0.0,0.0,1837.6365,4.668,1842.3045,1869.3043
4036,4.0986,0.0087,4.1073,0.7393,0.9978818201738368,0.0021181798261631726,230.686,5.4919,0.0,0.0,0.0,230.68600000000006,5.4919,236.17790000000005,236.6766
4037,4.5495,0.0093,4.5587,0.8206,0.9979818807993507,0.002040055278917235,260.9721,5.4812,0.0,0.0,0.0,260.9721,5.4812,266.4533,268.4575
4038,35.9123,0.0082,35.9205,6.4657,0.9997717180996926,0.00022828190030762383,1972.6241,5.1043,0.0,0.0,0.0,1972.6240999999995,5.104300000000001,1977.7283999999995,2020.7277
4039,20.8463,0.0091,20.8555,3.754,0.9995588693629978,0.00043633573877394457,1148.4795,5.6066,0.0,0.0,0.0,1148.4795,5.606599999999999,1154.0861,1167.5902
4040,3.5376,0.0083,3.5459,0.6383,0.9976592684508869,0.00234073154911306,205.7156,5.3234,0.0,0.0,0.0,205.71560000000005,5.3233999999999995,211.03900000000004,211.0368
4041,4.6991,0.0094,4.7085,0.8475,0.998003610491664,0.001996389508335988,267.873,5.6183,0.0,0.0,0.0,267.87300000000005,5.6183000000000005,273.4913,274.4894
4042,3.2649,0.0078,3.2727,0.5891,0.9976166468053901,0.002383353194609955,188.3015,4.8495,0.0,0.0,0.0,188.3015,4.8495,193.151,193.1497
4043,19.3258,0.0083,19.3341,3.4801,0.9995707066788732,0.00042929332112692087,1076.8661,5.476,0.0,0.0,0.0,1076.8661,5.476,1082.3421,1092.8372
4044,4.169,0.0076,4.1766,0.7518,0.9981803380740315,0.0018196619259684913,240.22,4.7376,0.0,0.0,0.0,240.22,4.7376,244.95759999999999,245.958
4045,3.6126,0.0076,3.6202,0.6516,0.9979006684713552,0.002099331528644826,211.0294,4.7623,0.0,0.0,0.0,211.02939999999998,4.7623,215.7917,216.2935
4046,4.8246,0.008,4.8326,0.8699,0.9983445764184911,0.0016554235815089185,278.7005,5.0308,0.0,0.0,0.0,278.70050000000003,5.030799999999999,283.73130000000003,284.2312
4047,18.527,0.0079,18.5349,3.3363,0.9995737770368333,0.0004262229631667827,995.9376,4.8477,0.0,0.0,0.0,995.9375999999997,4.8477,1000.7852999999998,1006.7867
4048,13.074,0.0079,13.082,2.3548,0.9993884727105946,0.0006038831982877236,710.0215,4.7886,0.0,0.0,0.0,710.0215,4.7886,714.8100999999999,717.3088
4049,31.0927,0.0078,31.1005,5.5981,0.9997492001736307,0.00025079982636935094,1788.0868,4.6952,0.0,0.0,0.0,1788.0867999999998,4.6952,1792.7819999999997,1814.7775
4050,18.3363,0.0077,18.344,3.3019,0.9995802442215438,0.00041975577845617095,1069.0654,5.1383,0.0,0.0,0.0,1069.0654,5.1383,1074.2037,1085.1993
4051,29.951,0.0084,29.9594,5.3927,0.9997196205531487,0.0002803794468514056,1700.1604,5.16,0.0,0.0,0.0,1700.1603999999998,5.159999999999999,1705.3203999999998,1727.8195
4052,3.1423,0.008,3.1504,0.5671,0.9974288979177248,0.0025393600812595226,186.2114,5.0738,0.0,0.0,0.0,186.21139999999997,5.0738,191.28519999999997,191.2887
4053,9.0308,0.0075,9.0383,1.6269,0.9991701979354525,0.0008298020645475366,483.8425,4.8352,0.0,0.0,0.0,483.84250000000003,4.8351999999999995,488.6777,490.6771
4054,32.3912,0.008,32.3992,5.8319,0.9997530803229708,0.00024691967702906244,1842.5806,5.0398,0.0,0.0,0.0,1842.5806000000002,5.0398,1847.6204000000002,1878.1238
4055,30.7594,0.0094,30.7687,5.5384,0.9996977447860975,0.0003055052699659069,1675.4168,5.5697,0.0,0.0,0.0,1675.4168,5.569699999999999,1680.9865,1700.4841
4056,14.9452,0.008,14.9531,2.6916,0.9994716814573568,0.0005350061191324876,827.6118,5.1582,0.0,0.0,0.0,827.6118,5.158199999999999,832.77,843.7676
4057,3.8061,0.0069,3.8129,0.6863,0.9982165805554827,0.0018096462010543156,220.2037,4.7496,0.0,0.0,0.0,220.20370000000003,4.7496,224.9533,224.9498
4058,35.5028,0.0085,35.5113,6.392,0.9997606395710662,0.00023936042893388866,1926.2469,5.7864,0.0,0.0,0.0,1926.2469000000003,5.7863999999999995,1932.0333000000003,1975.5291
4059,15.7166,0.0081,15.7247,2.8304,0.999484886834089,0.0005151131659109553,853.9845,5.0889,0.0,0.0,0.0,853.9845,5.088900000000001,859.0734,863.0704
4060,2.306,0.0069,2.3129,0.4163,0.9970167322409097,0.0029832677590903196,131.4959,4.714,0.0,0.0,0.0,131.4959,4.7139999999999995,136.2099,137.2085
4061,21.2419,0.0085,21.2504,3.8251,0.9996000075292701,0.00039999247072996277,1210.2382,4.987,0.0,0.0,0.0,1210.2382,4.987,1215.2252,1220.7212
4062,3.8281,0.0072,3.8352,0.6903,0.9981487275761368,0.0018773466833541927,217.2289,4.3799,0.0,0.0,0.0,217.2289,4.3799,221.6088,221.6082
4063,4.3535,0.0072,4.3607,0.7849,0.9983488889398493,0.0016511110601508934,248.8321,4.6972,0.0,0.0,0.0,248.83209999999994,4.6972000000000005,253.52929999999995,253.5314
4064,34.3882,0.0077,34.3959,6.1913,0.9997761361092455,0.00022386389075442135,1911.081,4.6697,0.0,0.0,0.0,1911.0810000000001,4.6697,1915.7507,1948.7461
4065,30.6346,0.0069,30.6415,5.5155,0.9997748152016056,0.00022518479839433447,1740.6373,4.3312,0.0,0.0,0.0,1740.6372999999999,4.3312,1744.9685,1788.9639
4066,12.3899,0.0075,12.3974,2.2315,0.9993950344427058,0.0006049655572942713,679.6662,4.6402,0.0,0.0,0.0,679.6662,4.6402,684.3064,689.3052
4067,2.5936,0.0076,2.6012,0.4682,0.997078271566969,0.002921728433030909,153.171,4.9017,0.0,0.0,0.0,153.17099999999996,4.9017,158.07269999999997,158.0726
4068,31.9829,0.0076,31.9904,5.7583,0.9997655546663999,0.00023757127138141442,1834.535,4.8122,0.0,0.0,0.0,1834.5349999999996,4.812200000000001,1839.3471999999997,1865.3496
4069,12.9794,0.0097,12.9891,2.338,0.9992532200075448,0.0007467799924552125,691.2625,5.8438,0.0,0.0,0.0,691.2625,5.843800000000001,697.1063,702.609
4070,4.6304,0.0082,4.6386,0.8349,0.9982322252403741,0.0017677747596257492,271.6483,5.2618,0.0,0.0,0.0,271.6483,5.2618,276.9101,276.9061
4071,26.4396,0.0069,26.4465,4.7604,0.9997390959106119,0.00026090408938800975,1486.5722,4.3717,0.0,0.0,0.0,1486.5722,4.3717,1490.9439,1525.9413
4072,23.7817,0.0066,23.7883,4.2819,0.9997225526834621,0.00027744731653796197,1332.254,4.2834,0.0,0.0,0.0,1332.2540000000004,4.283399999999999,1336.5374000000004,1344.542
4073,3.4407,0.0073,3.448,0.6206,0.9978828306264501,0.002117169373549884,201.1002,4.4655,0.0,0.0,0.0,201.1002,4.4655000000000005,205.5657,205.5619
4074,3.9404,0.007,3.9474,0.7105,0.9982266808532199,0.0017733191467801592,223.4519,4.2915,0.0,0.0,0.0,223.45189999999997,4.2915,227.74339999999998,227.7428
4075,28.0085,0.007,28.0155,5.0428,0.9997501383162892,0.00024986168371080296,1529.5925,4.3147,0.0,0.0,0.0,1529.5924999999997,4.3147,1533.9071999999996,1556.4082
4076,22.2716,0.0078,22.2794,4.0103,0.9996499008052282,0.000350099194771852,1218.2728,4.9397,0.0,0.0,0.0,1218.2728,4.9397,1223.2124999999999,1227.7156
4077,33.8467,0.0082,33.8549,6.0939,0.9997577898620288,0.0002422101379711652,1847.818,4.808,0.0,0.0,0.0,1847.818,4.808,1852.626,1882.6228
4078,3.88,0.0079,3.8879,0.6998,0.997968054733918,0.0020319452660819467,225.1712,4.8932,0.0,0.0,0.0,225.17119999999997,4.893199999999999,230.06439999999998,230.0671
4079,5.6375,0.0074,5.6449,1.0161,0.9986890821803752,0.0013109178196247942,321.8008,4.9145,0.0,0.0,0.0,321.8008,4.914499999999999,326.71529999999996,327.213
4080,29.5976,0.0074,29.605,5.3289,0.9997500422225976,0.0002499577774024658,1643.4254,4.4594,0.0,0.0,0.0,1643.4254,4.4594,1647.8848,1661.885
4081,5.4973,0.0091,5.5064,0.9912,0.998347377596978,0.0016526224030219382,312.8114,5.6853,0.0,0.0,0.0,312.81139999999994,5.6853,318.4966999999999,322.4986
4082,5.4829,0.0089,5.4918,0.9885,0.9983794020175535,0.0016205979824465567,292.8024,5.3105,0.0,0.0,0.0,292.80240000000003,5.310499999999998,298.1129,300.1153
4083,15.0956,0.0086,15.1042,2.7187,0.9994306219462136,0.0005693780537863641,818.6645,5.2567,0.0,0.0,0.0,818.6645000000001,5.2566999999999995,823.9212000000001,828.9192
4084,22.4417,0.007,22.4487,4.0408,0.9996881779345799,0.00031182206542026936,1286.4348,4.6152,0.0,0.0,0.0,1286.4348,4.6152,1291.05,1335.0547
4085,3.5584,0.0083,3.5667,0.642,0.9976729189446827,0.00232708105531724,203.4277,4.8845,0.0,0.0,0.0,203.42770000000002,4.8845,208.31220000000002,209.8171
4086,18.8401,0.0079,18.848,3.3926,0.999580857385399,0.00041914261460101874,1080.7501,5.1018,0.0,0.0,0.0,1080.7501,5.101799999999999,1085.8519,1092.8492
4087,3.1817,0.0087,3.1903,0.5743,0.9973043287465129,0.0027270162680625644,188.5015,5.1766,0.0,0.0,0.0,188.50150000000002,5.1766,193.67810000000003,193.6739
4088,2.4973,0.0059,2.5032,0.4506,0.9976430169383189,0.0023569830616810483,148.0926,3.8317,0.0,0.0,0.0,148.0926,3.8317000000000005,151.92430000000002,151.9292
4089,30.252,0.0069,30.2589,5.4466,0.9997719679168773,0.0002280320831226515,1638.4739,4.354,0.0,0.0,0.0,1638.4739000000002,4.354,1642.8279000000002,1659.8243
4090,12.4682,0.0084,12.4767,2.2458,0.9993187301129305,0.0006732549472216211,672.3306,5.3113,0.0,0.0,0.0,672.3306,5.311299999999999,677.6419,679.1451
4091,3.0576,0.0078,3.0654,0.5518,0.9974554707379135,0.0025445292620865138,177.77,5.048,0.0,0.0,0.0,177.76999999999998,5.048,182.81799999999998,183.3193
4092,16.2153,0.0065,16.2218,2.9199,0.9995993046394357,0.000400695360564179,881.6641,4.3516,0.0,0.0,0.0,881.6641000000001,4.3516,886.0157,889.0137
4093,23.6098,0.0067,23.6165,4.251,0.9997163000444605,0.00028369995553955926,1299.0274,4.2342,0.0,0.0,0.0,1299.0274000000004,4.2342,1303.2616000000005,1320.2641
4094,24.4954,0.0074,24.5028,4.4105,0.9996979936986793,0.0003020063013206654,1345.5686,4.4869,0.0,0.0,0.0,1345.5685999999998,4.4868999999999994,1350.0555,1371.0567
4095,2.904,0.0076,2.9116,0.5241,0.9973897513394697,0.0026102486605302927,170.2314,5.0075,0.0,0.0,0.0,170.2314,5.0075,175.2389,175.2436
4096,2.6056,0.0083,2.6138,0.4705,0.9968628051113322,0.003175453362919887,134.0,5.3005,0.0,0.0,0.0,134.0,5.3005,139.3005,140.3052
4097,28.2773,0.0071,28.2844,5.0912,0.9997489782353524,0.0002510217646476503,1617.8961,4.7551,0.0,0.0,0.0,1617.8961000000004,4.7551,1622.6512000000005,1653.1482
4098,35.4438,0.0065,35.4503,6.3811,0.9998166447110463,0.00018335528895383114,1979.7122,4.0388,0.0,0.0,0.0,1979.7122,4.0388,1983.751,2046.7545
4099,3.6001,0.0068,3.6069,0.6492,0.9981147245557126,0.001885275444287338,206.2125,4.2938,0.0,0.0,0.0,206.21249999999998,4.293799999999999,210.50629999999998,211.0023
4100,28.8571,0.0074,28.8645,5.1956,0.9997436297181659,0.00025637028183408684,1607.1193,4.5026,0.0,0.0,0.0,1607.1193,4.5026,1611.6219,1630.1249
4101,12.4145,0.0083,12.4228,2.2361,0.9993318736516728,0.0006681263483272692,685.9059,5.4794,0.0,0.0,0.0,685.9059,5.479399999999999,691.3853,694.8806
4102,17.223,0.0075,17.2305,3.1015,0.9995647253416906,0.00043527465830939325,942.5948,4.5256,0.0,0.0,0.0,942.5948,4.5256,947.1204,962.1182
4103,18.3293,0.0085,18.3378,3.3008,0.9995364765675271,0.0004635234324728157,1024.018,5.1407,0.0,0.0,0.0,1024.018,5.1407,1029.1587,1034.6592
4104,19.1258,0.0075,19.1333,3.444,0.9996080132543786,0.0003919867456215081,1025.049,5.1268,0.0,0.0,0.0,1025.049,5.126800000000001,1030.1758,1034.6752
4105,17.6024,0.0095,17.6119,3.1701,0.9994605919861004,0.0005394080138996928,981.405,5.7515,0.0,0.0,0.0,981.405,5.751500000000001,987.1564999999999,1012.1523
4106,19.7921,0.0072,19.7992,3.5639,0.9996413996525113,0.00036365105660834783,1124.2326,4.7416,0.0,0.0,0.0,1124.2326,4.7416,1128.9742,1152.9784
4107,14.8187,0.0077,14.8264,2.6688,0.9994806561269087,0.0005193438730912427,831.0336,4.6248,0.0,0.0,0.0,831.0336,4.6248000000000005,835.6584,841.655
4108,20.3809,0.0077,20.3886,3.67,0.9996223379731811,0.0003776620268189086,1167.0205,4.982,0.0,0.0,0.0,1167.0205,4.981999999999999,1172.0025,1185.007
4109,3.2434,0.0083,3.2517,0.5853,0.9974474890057508,0.002552510994249162,175.6463,5.3223,0.0,0.0,0.0,175.64630000000002,5.3223,180.96860000000004,181.4708
4110,3.1403,0.0074,3.1478,0.5666,0.997617383569477,0.002350848211449266,180.2378,4.7051,0.0,0.0,0.0,180.23779999999996,4.7051,184.94289999999995,184.9396
4111,13.6269,0.0074,13.6344,2.4542,0.9994499207885935,0.0005427448219210234,777.4287,4.5995,0.0,0.0,0.0,777.4287000000002,4.599500000000001,782.0282000000002,786.5241
4112,4.4807,0.0085,4.4892,0.8081,0.9981065668716028,0.0018934331283970418,247.3564,5.0875,0.0,0.0,0.0,247.35640000000004,5.0875,252.44390000000004,254.4392
4113,17.008,0.0087,17.0167,3.063,0.9994887375343044,0.0005112624656954638,904.3676,5.4599,0.0,0.0,0.0,904.3676,5.459900000000001,909.8275,916.8266
4114,3.5559,0.0086,3.5645,0.6416,0.9975873193996353,0.0024126806003647075,203.4589,5.2818,0.0,0.0,0.0,203.45889999999997,5.2818000000000005,208.74069999999998,209.239
4115,30.5257,0.0086,30.5342,5.4962,0.999721623622037,0.0002816513941744012,1704.2174,5.1439,0.0,0.0,0.0,1704.2174,5.1439,1709.3613,1730.3564
4116,22.519,0.0062,22.5251,4.0545,0.9997291909913829,0.0002752485005615957,1259.195,4.006,0.0,0.0,0.0,1259.1949999999997,4.006,1263.2009999999998,1277.197
4117,21.6821,0.0068,21.6889,3.904,0.999686475570453,0.0003135244295469111,1232.0044,4.3699,0.0,0.0,0.0,1232.0043999999998,4.3699,1236.3742999999997,1249.3695
4118,4.4489,0.0083,4.4572,0.8023,0.9981378443866104,0.0018621556133895719,245.3945,4.9683,0.0,0.0,0.0,245.39450000000005,4.968299999999999,250.36280000000005,252.8647
4119,4.973,0.0071,4.9801,0.8964,0.9985743258167507,0.0014256741832493324,273.8029,4.6492,0.0,0.0,0.0,273.80289999999997,4.6492,278.4521,283.9496
4120,3.5241,0.0076,3.5317,0.6357,0.9978480618399072,0.0021519381600928734,201.8221,4.8314,0.0,0.0,0.0,201.82210000000003,4.8313999999999995,206.65350000000004,206.6549
4121,31.0911,0.0073,31.0985,5.5977,0.9997620464009518,0.00023473800987185877,1704.0412,4.5659,0.0,0.0,0.0,1704.0411999999997,4.5659,1708.6070999999997,1729.6119
4122,34.2292,0.0077,34.2369,6.1626,0.999775096460252,0.00022490353974804962,1940.2308,4.8535,0.0,0.0,0.0,1940.2308000000003,4.8534999999999995,1945.0843000000002,1990.5826
4123,2.7403,0.0076,2.748,0.4946,0.9971979621542939,0.0027656477438136825,157.698,4.7797,0.0,0.0,0.0,157.69799999999995,4.779699999999999,162.47769999999994,162.9728
4124,25.774,0.0076,25.7815,4.6407,0.9997090937300002,0.00029478502026647013,1408.1707,4.6138,0.0,0.0,0.0,1408.1707000000001,4.6138,1412.7845000000002,1438.2811
4125,29.6767,0.0064,29.6831,5.343,0.9997843890968262,0.0002156109031738599,1631.2289,4.1215,0.0,0.0,0.0,1631.2289,4.1215,1635.3504,1676.3521
4126,9.63,0.0082,9.6382,1.7349,0.9991492187337886,0.0008507812662115334,562.2409,5.2998,0.0,0.0,0.0,562.2409000000002,5.299800000000001,567.5407000000002,575.0421
4127,3.0799,0.0081,3.0881,0.5559,0.997344645574949,0.002622972054013795,173.4697,4.9035,0.0,0.0,0.0,173.4697,4.9035,178.3732,178.8772
4128,30.2735,0.0083,30.2818,5.4507,0.9997259079711245,0.00027409202887543013,1727.6125,5.1253,0.0,0.0,0.0,1727.6125000000002,5.125299999999999,1732.7378,1764.2391
4129,16.4177,0.0083,16.4259,2.9567,0.9995007883890685,0.0005052995574062913,868.7497,5.0704,0.0,0.0,0.0,868.7497,5.070400000000001,873.8200999999999,878.8214
4130,21.2476,0.008,21.2556,3.826,0.9996236285966991,0.0003763714033007772,1129.6454,5.196,0.0,0.0,0.0,1129.6454,5.195999999999999,1134.8414,1139.8445
4131,11.7037,0.0076,11.7113,2.108,0.9993510541101329,0.0006489458898670515,623.6861,4.6517,0.0,0.0,0.0,623.6861,4.6517,628.3378,631.3427
4132,4.3411,0.0076,4.3487,0.7828,0.9982523512773932,0.001747648722606756,232.8182,4.583,0.0,0.0,0.0,232.81820000000005,4.583,237.40120000000005,238.901
4133,2.5882,0.009,2.5972,0.4675,0.9965347297089173,0.0034652702910827043,146.9145,5.4963,0.0,0.0,0.0,146.91449999999998,5.496299999999999,152.41079999999997,152.4111
4134,2.9726,0.0074,2.98,0.5364,0.9975167785234899,0.0024832214765100674,172.257,4.9337,0.0,0.0,0.0,172.257,4.933700000000001,177.1907,177.1899
4135,35.2542,0.007,35.2612,6.347,0.999801481515093,0.0001985184849069232,1900.8106,4.4946,0.0,0.0,0.0,1900.8106000000002,4.4946,1905.3052000000002,1941.8082
4136,3.5021,0.0066,3.5087,0.6316,0.9981189614387095,0.0018810385612905063,204.8409,4.4186,0.0,0.0,0.0,204.84089999999998,4.4186,209.25949999999997,211.7615
4137,12.888,0.0075,12.8955,2.3212,0.9994184017680586,0.0005815982319413749,703.7379,4.5814,0.0,0.0,0.0,703.7378999999999,4.5813999999999995,708.3192999999999,712.8202
4138,33.5081,0.0078,33.5158,6.0328,0.9997702576098437,0.00023272605756091157,1867.5777,4.6476,0.0,0.0,0.0,1867.5777,4.647600000000001,1872.2253,1935.2277
4139,29.5327,0.0077,29.5404,5.3173,0.9997393400224776,0.00026065997752230843,1648.708,4.4554,0.0,0.0,0.0,1648.7079999999999,4.4554,1653.1634,1677.6651
4140,2.7635,0.0077,2.7711,0.4988,0.9972574068059615,0.0027786799465916064,160.5755,4.8169,0.0,0.0,0.0,160.5755,4.8168999999999995,165.3924,165.3894
4141,13.7433,0.0076,13.7509,2.4752,0.9994473089034173,0.0005526910965827691,733.7386,4.7844,0.0,0.0,0.0,733.7386000000001,4.7844,738.5230000000001,743.0205
4142,2.5475,0.0089,2.5564,0.4602,0.9965185416992646,0.003481458300735409,144.9404,5.6198,0.0,0.0,0.0,144.94039999999995,5.6198,150.56019999999995,151.5623
4143,10.4929,0.008,10.5009,1.8902,0.9992381605386206,0.0007618394613795008,561.9475,4.7467,0.0,0.0,0.0,561.9475,4.746700000000001,566.6942,567.1918
4144,34.6578,0.0083,34.6661,6.2399,0.9997605730093665,0.00023942699063350073,1977.3365,5.0754,0.0,0.0,0.0,1977.3364999999994,5.075399999999999,1982.4118999999994,2017.9146
4145,35.3774,0.0072,35.3846,6.3692,0.9997965216506617,0.00020347834933841276,2003.7325,4.5806,0.0,0.0,0.0,2003.7324999999998,4.5806000000000004,2008.3130999999998,2045.8134
4146,3.4116,0.0088,3.4204,0.6157,0.997427201496901,0.002572798503099053,192.6539,5.4005,0.0,0.0,0.0,192.65390000000002,5.4005,198.05440000000002,198.0551
4147,17.9064,0.0072,17.9137,3.2245,0.9995924906635705,0.00040192701675254136,952.9222,4.3297,0.0,0.0,0.0,952.9222,4.3297,957.2519,969.2558
4148,3.0392,0.0086,3.0478,0.5486,0.9971782925388806,0.002821707461119496,172.777,5.3573,0.0,0.0,0.0,172.777,5.3572999999999995,178.1343,179.1332
4149,2.1819,0.0078,2.1897,0.3941,0.9964378682011235,0.003562131798876558,127.4367,5.0665,0.0,0.0,0.0,127.4367,5.0665,132.5032,132.5058
4150,5.4312,0.0086,5.4398,0.9792,0.9984190595242471,0.0015809404757527851,305.3385,5.3604,0.0,0.0,0.0,305.3385,5.3604,310.69890000000004,311.6946
4151,26.2204,0.0092,26.2296,4.7213,0.9996492512276207,0.00035074877237929665,1503.6747,5.2679,0.0,0.0,0.0,1503.6747000000003,5.267900000000001,1508.9426000000003,1528.9382
4152,4.3401,0.0077,4.3478,0.7826,0.9982289893739361,0.0017710106260637563,254.0274,5.1884,0.0,0.0,0.0,254.0274,5.188400000000001,259.2158,262.7131
4153,2.2143,0.0082,2.2224,0.4,0.996355291576674,0.003689704823614111,128.4291,4.9791,0.0,0.0,0.0,128.42909999999998,4.979099999999999,133.40819999999997,133.4083
4154,13.1509,0.01,13.1609,2.369,0.9992401735443625,0.0007598264556375324,707.1195,6.0701,0.0,0.0,0.0,707.1195,6.070099999999999,713.1896,714.192
4155,5.3833,0.0069,5.3902,0.9702,0.998719899076101,0.0012801009238989276,312.278,4.5704,0.0,0.0,0.0,312.278,4.570399999999999,316.8484,317.3446
4156,2.7269,0.0091,2.736,0.4925,0.9966739766081871,0.0033260233918128656,158.4141,5.7462,0.0,0.0,0.0,158.41410000000002,5.746200000000001,164.1603,164.6603
4157,30.5129,0.0075,30.5203,5.4937,0.9997575384252448,0.0002457380825221246,1737.3886,5.0418,0.0,0.0,0.0,1737.3886000000002,5.0418,1742.4304000000002,1789.9264
4158,24.1321,0.0091,24.1411,4.3454,0.9996271918015335,0.0003769505117828102,1341.1291,5.8421,0.0,0.0,0.0,1341.1290999999999,5.8421,1346.9712,1372.9747
4159,2.8268,0.0082,2.8351,0.5103,0.9970724136714754,0.002892314204084512,157.0135,5.1347,0.0,0.0,0.0,157.01350000000002,5.1347,162.14820000000003,162.1496
4160,5.3531,0.0087,5.3618,0.9651,0.998377410571077,0.0016225894289231227,299.9891,5.2067,0.0,0.0,0.0,299.98909999999995,5.2067,305.19579999999996,307.6919
4161,2.5544,0.0074,2.5618,0.4611,0.9971114060426263,0.002888593957373722,146.5496,4.4577,0.0,0.0,0.0,146.54960000000003,4.457699999999999,151.00730000000001,151.0074
4162,2.1424,0.0088,2.1512,0.3872,0.9959092599479361,0.004090740052063965,127.3416,5.3383,0.0,0.0,0.0,127.34160000000004,5.3383,132.67990000000003,132.6841
4163,18.043,0.0091,18.0521,3.2494,0.9994959035236898,0.0005040964763102354,1018.4141,5.4362,0.0,0.0,0.0,1018.4141,5.4362,1023.8503,1029.8499
4164,34.3218,0.007,34.3288,6.1792,0.9997960895807603,0.00020391041923982197,1958.5457,4.6844,0.0,0.0,0.0,1958.5457,4.6844,1963.2301,2012.2277
4165,31.141,0.0075,31.1485,5.6067,0.9997592179398687,0.0002407820601313065,1729.0581,4.6889,0.0,0.0,0.0,1729.0580999999997,4.688899999999999,1733.7469999999998,1804.2516
4166,28.9066,0.0088,28.9153,5.2048,0.9996991212264787,0.0003043371502284258,1581.2261,5.3969,0.0,0.0,0.0,1581.2261000000003,5.3969000000000005,1586.6230000000003,1612.6219
4167,10.3481,0.0088,10.3569,1.8642,0.9991503249041702,0.0008496750958298334,551.0389,5.7932,0.0,0.0,0.0,551.0389,5.7932,556.8321,557.3344
4168,9.9785,0.0087,9.9872,1.7977,0.9991288849727652,0.0008711150272348606,540.0421,5.1904,0.0,0.0,0.0,540.0421,5.1904,545.2325,547.7354
4169,25.3403,0.008,25.3483,4.5627,0.9996843969812571,0.0003156030187428743,1419.9428,5.1204,0.0,0.0,0.0,1419.9428000000003,5.120399999999999,1425.0632000000003,1458.0601
4170,2.0205,0.0088,2.0294,0.3653,0.9956144673302455,0.004336257021779837,119.1326,5.5237,0.0,0.0,0.0,119.1326,5.5237,124.6563,124.6548
4171,1.8713,0.0079,1.8792,0.3382,0.9957960834397616,0.0042039165602384,109.7069,5.0937,0.0,0.0,0.0,109.70690000000002,5.0937,114.80060000000002,114.8
4172,25.4092,0.0071,25.4163,4.5749,0.9997206517077623,0.0002793482922376585,1399.5112,4.6883,0.0,0.0,0.0,1399.5111999999997,4.6883,1404.1994999999997,1440.1969
4173,2.592,0.0069,2.5988,0.4678,0.997383407726643,0.0026550715714945355,149.0255,4.3422,0.0,0.0,0.0,149.02550000000002,4.342200000000001,153.3677,153.3725
4174,25.3322,0.0078,25.3399,4.5612,0.9996961313975193,0.00030781494796743475,1367.9071,4.9037,0.0,0.0,0.0,1367.9071,4.903700000000001,1372.8108,1401.8124
4175,29.5029,0.0083,29.5112,5.312,0.999718750847136,0.0002812491528639974,1697.3598,5.015,0.0,0.0,0.0,1697.3598000000002,5.015000000000001,1702.3748000000003,1721.8776
4176,3.5791,0.0082,3.5874,0.6457,0.9976863466577465,0.00228577800078051,194.9676,5.2851,0.0,0.0,0.0,194.96759999999998,5.2851,200.25269999999998,200.7527
4177,1.9983,0.0088,2.0071,0.3613,0.9956155647451548,0.004384435254845299,114.1176,5.2621,0.0,0.0,0.0,114.11760000000001,5.262099999999999,119.37970000000001,119.3827
4178,2.0116,0.0087,2.0202,0.3636,0.9957429957429957,0.004306504306504306,116.9909,5.1297,0.0,0.0,0.0,116.99089999999998,5.1297,122.12059999999998,122.1197
4179,10.9374,0.0083,10.9457,1.9702,0.9992417113569713,0.0007582886430287693,591.541,5.101,0.0,0.0,0.0,591.541,5.101000000000001,596.642,598.6392
4180,24.8857,0.0074,24.893,4.4807,0.9997067448680351,0.0002972723255533684,1315.2644,4.3087,0.0,0.0,0.0,1315.2644,4.3087,1319.5731,1331.5737
4181,2.35,0.0084,2.3584,0.4245,0.9964382632293081,0.0035617367706919944,131.0457,5.0752,0.0,0.0,0.0,131.0457,5.075199999999999,136.1209,136.624
4182,19.8455,0.0074,19.8529,3.5735,0.9996272584861657,0.0003727415138342509,1041.0934,4.4532,0.0,0.0,0.0,1041.0934,4.4532,1045.5466,1057.5499
4183,26.7192,0.0072,26.7264,4.8107,0.9997306034482758,0.00026939655172413793,1460.13,4.3889,0.0,0.0,0.0,1460.13,4.3889000000000005,1464.5189,1491.0231
4184,10.051,0.0079,10.0589,1.8106,0.9992146258537217,0.0007853741462784202,538.7668,5.2164,0.0,0.0,0.0,538.7667999999999,5.216399999999999,543.9831999999999,545.4798
4185,22.8154,0.0083,22.8237,4.1083,0.9996363429242411,0.0003636570757589699,1210.4958,5.4712,0.0,0.0,0.0,1210.4958,5.4712,1215.9669999999999,1239.4659
4186,23.9765,0.007,23.9835,4.317,0.9997081326745472,0.00029186732545291556,1334.6156,4.3684,0.0,0.0,0.0,1334.6156,4.368399999999999,1338.9840000000002,1348.9809
4187,12.8878,0.0081,12.8959,2.3213,0.9993718933924737,0.0006281066075264232,700.1723,5.0276,0.0,0.0,0.0,700.1723000000002,5.0276000000000005,705.1999000000002,720.695
4188,15.3167,0.0082,15.3249,2.7585,0.9994649230990089,0.0005350769009911974,839.8535,5.164,0.0,0.0,0.0,839.8535,5.164,845.0175,850.0141
4189,12.7459,0.0077,12.7536,2.2957,0.9993962489022707,0.0006037510977292686,700.366,4.7112,0.0,0.0,0.0,700.3660000000002,4.7112,705.0772000000002,732.0745
4190,3.9316,0.0077,3.9393,0.7091,0.998045338004214,0.0019546619957860533,219.9168,5.1508,0.0,0.0,0.0,219.91679999999997,5.150799999999999,225.06759999999997,225.5669
4191,15.7182,0.0076,15.7258,2.8306,0.9995167177504483,0.00048328224955169216,849.5531,4.8287,0.0,0.0,0.0,849.5531000000001,4.8287,854.3818000000001,862.8816
4192,27.9553,0.0076,27.963,5.0333,0.9997246361263098,0.0002717877194864642,1507.8775,4.4656,0.0,0.0,0.0,1507.8775000000003,4.465600000000001,1512.3431000000003,1547.844
4193,34.3486,0.0084,34.3569,6.1843,0.9997584182507734,0.0002444923727111584,1853.3773,5.2028,0.0,0.0,0.0,1853.3773,5.202800000000001,1858.5801000000001,1887.5848
4194,31.9304,0.009,31.9394,5.7491,0.999718216372255,0.00028178362774504217,1765.1613,5.3389,0.0,0.0,0.0,1765.1612999999998,5.3389,1770.5001999999997,1811.5017
4195,36.3797,0.0077,36.3874,6.5497,0.9997883882882537,0.00021161171174637376,1925.2332,4.7931,0.0,0.0,0.0,1925.2331999999997,4.7931,1930.0262999999998,1983.0236
4196,36.4813,0.0075,36.4888,6.568,0.999794457477363,0.00020554252263708315,1961.0175,4.9181,0.0,0.0,0.0,1961.0174999999997,4.9181,1965.9355999999998,2004.9356
4197,3.176,0.0078,3.1839,0.5731,0.9975187662929113,0.0024498256854800717,166.2728,4.7703,0.0,0.0,0.0,166.27279999999996,4.770300000000001,171.04309999999995,172.5476
4198,11.3205,0.0076,11.328,2.039,0.9993379237288136,0.00067090395480226,607.824,4.8061,0.0,0.0,0.0,607.8240000000001,4.806100000000001,612.6301000000001,616.1328
4199,14.0693,0.0076,14.0769,2.5338,0.9994601084045492,0.0005398915954507029,770.8997,4.5543,0.0,0.0,0.0,770.8996999999997,4.5543,775.4539999999997,779.9568
4200,3.1946,0.0073,3.202,0.5764,0.9976889444097439,0.0022798251093066836,178.593,4.7073,0.0,0.0,0.0,178.59300000000002,4.7073,183.30030000000002,184.3004
4201,15.9445,0.0089,15.9534,2.8716,0.9994421251896147,0.0005578748103852471,885.3974,5.6324,0.0,0.0,0.0,885.3974000000001,5.632399999999999,891.0298,901.5262
4202,24.2211,0.0085,24.2296,4.3613,0.9996491894212037,0.0003508105787961832,1421.0908,4.9531,0.0,0.0,0.0,1421.0907999999997,4.9531,1426.0438999999997,1463.5483
4203,10.3027,0.0091,10.3118,1.8561,0.9991175158556217,0.0008824841443782852,555.8196,5.6608,0.0,0.0,0.0,555.8196,5.6608,561.4804,567.48
4204,13.8521,0.0094,13.8615,2.4951,0.9993218627132706,0.0006781372867294304,749.2723,5.4347,0.0,0.0,0.0,749.2723,5.434699999999999,754.707,759.2104
4205,33.3104,0.0087,33.319,5.9974,0.9997418890122752,0.0002611122782796602,1912.2142,5.4809,0.0,0.0,0.0,1912.2141999999997,5.4809,1917.6950999999997,1984.198
4206,17.6122,0.0088,17.621,3.1718,0.9995005958799161,0.0004994041200839908,1028.9089,5.207,0.0,0.0,0.0,1028.9089,5.206999999999999,1034.1159,1036.6196
4207,1.5249,0.0082,1.533,0.2759,0.9947162426614481,0.005348988910632747,90.1243,4.815,0.0,0.0,0.0,90.12430000000002,4.8149999999999995,94.93930000000002,95.4433
4208,1.9786,0.0071,1.9857,0.3574,0.9964244347081633,0.0035755652918366323,114.444,4.4854,0.0,0.0,0.0,114.44399999999999,4.485399999999999,118.92939999999999,118.9256
4209,11.105,0.008,11.113,2.0003,0.9992801223791956,0.0007198776208044632,604.1287,5.2389,0.0,0.0,0.0,604.1287,5.2389,609.3675999999999,609.864
4210,13.9605,0.0078,13.9683,2.5143,0.9994415927492967,0.0005584072507033783,769.7524,5.1214,0.0,0.0,0.0,769.7523999999999,5.1213999999999995,774.8737999999998,784.8697
4211,15.4939,0.0076,15.5015,2.7903,0.9995097248653356,0.0004902751346643874,896.6454,4.6214,0.0,0.0,0.0,896.6453999999999,4.6214,901.2667999999999,910.2713
4212,3.4057,0.0081,3.4138,0.6145,0.9976272775206514,0.0023727224793485264,192.6271,5.4409,0.0,0.0,0.0,192.62709999999998,5.4409,198.06799999999998,199.5688
4213,36.3097,0.0061,36.3157,6.5368,0.9998347822016374,0.00016797142833540317,1957.562,4.1178,0.0,0.0,0.0,1957.5620000000001,4.1178,1961.6798000000001,1996.1779
4214,9.7218,0.0086,9.7304,1.7515,0.9991161719970403,0.0008838280029597962,522.4501,5.5067,0.0,0.0,0.0,522.4501,5.5066999999999995,527.9568,529.9564
4215,1.8697,0.0081,1.8778,0.338,0.9956864415805731,0.004313558419426989,110.3267,4.8124,0.0,0.0,0.0,110.32669999999999,4.8124,115.13909999999998,115.1379
4216,18.7759,0.0081,18.7841,3.3811,0.999563460586347,0.00043121576226702374,1079.9996,4.9701,0.0,0.0,0.0,1079.9996,4.9701,1084.9697,1099.4692
4217,25.0521,0.0088,25.0609,4.511,0.9996488553882741,0.0003511446117258359,1426.1926,5.1847,0.0,0.0,0.0,1426.1925999999996,5.184699999999999,1431.3772999999997,1440.8796
4218,3.0617,0.0072,3.0689,0.5524,0.9976538824986151,0.0023461175013848607,165.8581,4.632,0.0,0.0,0.0,165.85810000000004,4.632,170.49010000000004,174.9863
4219,3.2604,0.0063,3.2667,0.588,0.9980714482505281,0.001928551749471944,186.0463,4.3278,0.0,0.0,0.0,186.04630000000003,4.3278,190.37410000000003,193.3784
4220,2.574,0.0093,2.5833,0.465,0.9963999535477877,0.0036000464522122863,144.502,5.5473,0.0,0.0,0.0,144.50199999999995,5.5473,150.04929999999996,150.0539
4221,14.0614,0.0073,14.0687,2.5324,0.999481117658348,0.0005188823416520361,803.8508,4.6791,0.0,0.0,0.0,803.8507999999999,4.6791,808.5298999999999,815.0293
4222,27.4675,0.009,27.4765,4.9458,0.9996724473641111,0.0003275526358888504,1463.3756,5.4625,0.0,0.0,0.0,1463.3755999999996,5.4624999999999995,1468.8380999999997,1490.8352
4223,9.5817,0.0077,9.5894,1.7261,0.9991970300540179,0.0008029699459820218,515.2641,4.9281,0.0,0.0,0.0,515.2641,4.9281,520.1922,521.1921
4224,22.8806,0.0087,22.8893,4.1201,0.9996199097394853,0.00038009026051473834,1319.5454,5.3135,0.0,0.0,0.0,1319.5454,5.3135,1324.8589,1354.8581
4225,28.4961,0.0081,28.5042,5.1307,0.9997158313511693,0.0002841686488306986,1613.5675,4.998,0.0,0.0,0.0,1613.5674999999999,4.997999999999999,1618.5655,1648.0655
4226,27.7642,0.0078,27.772,4.999,0.9997191415814489,0.0002808584185510586,1542.8184,4.78,0.0,0.0,0.0,1542.8183999999999,4.78,1547.5983999999999,1552.0983
4227,11.9645,0.0088,11.9732,2.1552,0.9992733772091003,0.0007349747770019711,640.3604,5.0381,0.0,0.0,0.0,640.3604,5.038100000000001,645.3985,650.3987
4228,4.0713,0.0079,4.0792,0.7343,0.9980633457540694,0.0019366542459305748,210.0,4.7051,0.0,0.0,0.0,209.99999999999997,4.7051,214.70509999999996,218.2016
4229,28.1421,0.0078,28.1499,5.067,0.9997229119819253,0.0002770880180746646,1555.3307,5.0029,0.0,0.0,0.0,1555.3307,5.0029,1560.3336,1606.8348
4230,1.6535,0.0101,1.6636,0.2994,0.9939288290454437,0.0060711709545563835,94.3625,5.8254,0.0,0.0,0.0,94.3625,5.8254,100.1879,100.1861
4231,18.0525,0.0074,18.06,3.2508,0.9995847176079734,0.00040974529346622375,987.077,4.4631,0.0,0.0,0.0,987.0769999999999,4.4631,991.5400999999999,1004.5389
4232,24.2883,0.0076,24.296,4.3733,0.9996830754033585,0.00031280869278893644,1366.6498,4.8121,0.0,0.0,0.0,1366.6498000000004,4.812099999999999,1371.4619000000005,1400.9618
4233,1.6168,0.0076,1.6244,0.2924,0.9953213494213248,0.004678650578675203,83.4546,4.8323,0.0,0.0,0.0,83.45460000000001,4.8323,88.28690000000002,88.2852
4234,2.2633,0.008,2.2712,0.4088,0.9965216625572385,0.0035223670306445934,125.6839,4.9153,0.0,0.0,0.0,125.68389999999998,4.915299999999999,130.59919999999997,130.5985
4235,13.1635,0.0076,13.1711,2.3708,0.9994229790981772,0.0005770209018229306,715.4361,4.727,0.0,0.0,0.0,715.4361,4.727,720.1631,724.1606
4236,16.4377,0.0084,16.4461,2.9603,0.9994892406102358,0.0005107593897641386,911.9176,5.2552,0.0,0.0,0.0,911.9176,5.255199999999999,917.1727999999999,926.1777
4237,20.9632,0.0086,20.9718,3.7749,0.9995899255190303,0.00041007448096968304,1125.3887,5.4853,0.0,0.0,0.0,1125.3886999999997,5.4853000000000005,1130.8739999999998,1140.3715
4238,1.6533,0.0086,1.6619,0.2991,0.9948252000722065,0.0051747999277934895,94.1738,5.7222,0.0,0.0,0.0,94.17380000000001,5.722200000000001,99.89600000000002,100.3961
4239,13.5645,0.0082,13.5727,2.4431,0.999395846073368,0.0006041539266321367,727.9187,5.4785,0.0,0.0,0.0,727.9187,5.4785,733.3972,737.3955
4240,27.4014,0.0067,27.4081,4.9335,0.999755546717941,0.0002444532820589534,1495.9556,4.3328,0.0,0.0,0.0,1495.9556000000002,4.3328,1500.2884000000001,1531.7873
4241,15.7725,0.0076,15.78,2.8404,0.9995247148288975,0.00048162230671736376,858.1751,5.2593,0.0,0.0,0.0,858.1750999999999,5.2593,863.4344,882.9343
4242,1.5028,0.0064,1.5092,0.2717,0.995759342698118,0.004240657301881791,85.9037,3.9314,0.0,0.0,0.0,85.90369999999999,3.9314,89.83509999999998,89.8364
4243,27.81,0.0069,27.817,5.0071,0.9997483553222849,0.0002480497537477082,1612.4651,4.2608,0.0,0.0,0.0,1612.4651000000003,4.2608,1616.7259000000004,1635.2227
4244,10.6931,0.0086,10.7018,1.9263,0.9991870526453492,0.000803603132183371,578.3258,5.517,0.0,0.0,0.0,578.3258000000001,5.5169999999999995,583.8428000000001,585.8405
4245,12.2202,0.0073,12.2275,2.2009,0.999402985074627,0.0005970149253731343,662.4018,4.9827,0.0,0.0,0.0,662.4017999999999,4.9827,667.3844999999999,669.384
4246,1.3348,0.0086,1.3433,0.2418,0.9936722995607832,0.006402143973795876,77.5066,5.0573,0.0,0.0,0.0,77.50659999999998,5.0573,82.56389999999998,82.5619
4247,6.7785,0.0068,6.7852,1.2213,0.9990125567411425,0.001002181217944939,354.6063,4.4133,0.0,0.0,0.0,354.60630000000003,4.4133000000000004,359.0196,359.5172
4248,2.6456,0.0072,2.6528,0.4775,0.9972858866103739,0.0027141133896260556,146.5973,4.6717,0.0,0.0,0.0,146.59730000000002,4.6717,151.269,151.7718
4249,14.5241,0.0077,14.5318,2.6157,0.9994701275822678,0.0005298724177321461,792.2568,4.8159,0.0,0.0,0.0,792.2568000000001,4.815900000000001,797.0727000000002,803.0773
4250,2.0725,0.008,2.0804,0.3745,0.9962026533358969,0.003845414343395501,117.2512,5.0563,0.0,0.0,0.0,117.25120000000001,5.0563,122.3075,122.3065
4251,19.2578,0.0083,19.266,3.4679,0.9995743797363231,0.0004308107546973944,1085.6443,5.1436,0.0,0.0,0.0,1085.6443,5.1436,1090.7879,1093.7883
4252,12.8531,0.0073,12.8604,2.3149,0.9994323660228297,0.000567633977170228,736.8182,4.542,0.0,0.0,0.0,736.8182,4.542,741.3602000000001,752.3631
4253,1.5422,0.0078,1.5499,0.279,0.9950319375443577,0.005032582747274018,83.7716,4.9135,0.0,0.0,0.0,83.77159999999998,4.9135,88.68509999999998,89.1823
4254,25.2031,0.0082,25.2114,4.538,0.9996707838517496,0.00032524968863292006,1445.6668,5.3023,0.0,0.0,0.0,1445.6668000000004,5.302300000000001,1450.9691000000005,1463.4681
4255,1.2271,0.007,1.2341,0.2221,0.9943278502552468,0.005672149744753262,70.6623,4.138,0.0,0.0,0.0,70.6623,4.138,74.80030000000001,75.3052
4256,2.2421,0.0071,2.2492,0.4049,0.9968433220700694,0.003156677929930642,127.8924,4.6002,0.0,0.0,0.0,127.89239999999998,4.6002,132.49259999999998,132.4942
4257,12.1609,0.0082,12.1691,2.1904,0.9993261621648273,0.0006738378351726916,641.0019,5.2765,0.0,0.0,0.0,641.0019,5.2765,646.2784,646.7787
4258,17.7905,0.009,17.7995,3.2039,0.999494367819321,0.0005056321806792325,1003.8113,5.4124,0.0,0.0,0.0,1003.8113000000001,5.4124,1009.2237000000001,1014.2192
4259,14.5196,0.0078,14.5273,2.6149,0.9994699634481287,0.0005369201434540485,779.1812,5.1405,0.0,0.0,0.0,779.1812000000002,5.1405,784.3217000000002,793.3262
4260,30.236,0.0066,30.2427,5.4437,0.9997784589338915,0.00021823448303226895,1634.6254,4.3784,0.0,0.0,0.0,1634.6253999999997,4.378399999999999,1639.0037999999997,1650.0014
4261,23.4472,0.0073,23.4545,4.2218,0.9996887590867424,0.0003112409132575838,1304.3106,4.6555,0.0,0.0,0.0,1304.3106000000002,4.6555,1308.9661000000003,1339.4625
4262,10.5841,0.0079,10.5919,1.9065,0.9992635882136348,0.0007458529631133225,572.1111,4.92,0.0,0.0,0.0,572.1111,4.920000000000001,577.0310999999999,578.0326
4263,9.1281,0.0094,9.1374,1.6447,0.9989822050036116,0.0010287390286077003,479.2944,5.7647,0.0,0.0,0.0,479.2944,5.7647,485.0591,486.0596
4264,35.4656,0.0079,35.4735,6.3852,0.9997772985468025,0.00022270145319745727,1879.068,5.2545,0.0,0.0,0.0,1879.0680000000004,5.2545,1884.3225000000004,1921.3221
4265,26.271,0.0081,26.2791,4.7302,0.999691770266105,0.0003082297338949964,1428.3006,5.1385,0.0,0.0,0.0,1428.3006000000003,5.1385,1433.4391000000003,1456.9386
4266,10.9519,0.0093,10.9612,1.973,0.999151552749699,0.0008484472503010619,592.2071,5.5364,0.0,0.0,0.0,592.2070999999999,5.5363999999999995,597.7434999999998,600.7441
4267,9.5454,0.0072,9.5526,1.7195,0.9992462785000943,0.0007537214999057848,503.3071,4.6667,0.0,0.0,0.0,503.30709999999993,4.6667000000000005,507.9737999999999,507.9774
4268,26.7261,0.0072,26.7333,4.812,0.9997306729808889,0.0002693270191109964,1530.8022,4.3345,0.0,0.0,0.0,1530.8021999999996,4.334499999999999,1535.1366999999996,1559.1345
4269,1.8925,0.0066,1.8991,0.3418,0.9965246695803276,0.0034753304196724765,106.1036,4.7724,0.0,0.0,0.0,106.1036,4.772399999999999,110.876,110.8773
4270,23.0035,0.0062,23.0096,4.1417,0.9997348932619429,0.0002694527501564564,1231.214,4.1977,0.0,0.0,0.0,1231.2140000000002,4.197699999999999,1235.4117,1251.413
4271,26.1418,0.0085,26.1503,4.707,0.9996749559278478,0.0003250440721521359,1472.5288,5.4804,0.0,0.0,0.0,1472.5288,5.4803999999999995,1478.0092,1499.0131
4272,29.8909,0.0079,29.8989,5.3818,0.9997324316279194,0.000264223767429571,1756.5231,4.7378,0.0,0.0,0.0,1756.5231000000006,4.737799999999999,1761.2609000000007,1792.2586
4273,10.6507,0.0069,10.6576,1.9184,0.9993525746884853,0.0006474253115147876,562.3223,4.4818,0.0,0.0,0.0,562.3223,4.4818,566.8041000000001,569.7992
4274,16.3842,0.0097,16.3939,2.9509,0.9994083165079695,0.0005916834920305724,875.9883,5.7177,0.0,0.0,0.0,875.9883000000002,5.717700000000001,881.7060000000002,888.7027
4275,23.5835,0.0074,23.5908,4.2463,0.9996905573359106,0.000313681604693355,1356.7269,4.4797,0.0,0.0,0.0,1356.7269000000003,4.479699999999999,1361.2066000000004,1377.208
4276,3.0488,0.0081,3.0569,0.5502,0.9973502567961006,0.002649743203899375,173.2461,4.9507,0.0,0.0,0.0,173.24609999999996,4.950699999999999,178.19679999999997,179.692
4277,1.4634,0.0079,1.4713,0.2648,0.9946305987901856,0.00536940120981445,77.0,4.9117,0.0,0.0,0.0,76.99999999999999,4.9117,81.91169999999998,82.9126
4278,14.1692,0.0085,14.1777,2.552,0.9994004669304613,0.0005995330695387828,766.5274,5.3199,0.0,0.0,0.0,766.5274,5.3199000000000005,771.8472999999999,774.3444
4279,11.3759,0.0082,11.3841,2.0491,0.9992796971214237,0.00072030287857626,601.9609,4.7764,0.0,0.0,0.0,601.9609000000002,4.776400000000001,606.7373000000001,608.7361
4280,17.438,0.0071,17.445,3.1401,0.9995987388936657,0.0004069934078532531,935.4632,4.5819,0.0,0.0,0.0,935.4632,4.5819,940.0451,945.0419
4281,19.8247,0.0081,19.8328,3.5699,0.999591585656085,0.0004084143439151305,1131.6362,5.2582,0.0,0.0,0.0,1131.6362,5.2582,1136.8944,1149.3933
4282,32.2276,0.0074,32.235,5.8023,0.9997704358616412,0.00022956413835892664,1807.2527,4.7133,0.0,0.0,0.0,1807.2526999999998,4.7133,1811.9659999999997,1847.9629
4283,3.5904,0.0071,3.5975,0.6476,0.998026407227241,0.0019735927727588605,204.1212,4.7093,0.0,0.0,0.0,204.1212,4.7093,208.8305,208.8317
4284,17.5176,0.0087,17.5263,3.1547,0.9995036031563994,0.00049639684360076,937.1126,5.2058,0.0,0.0,0.0,937.1126,5.2058,942.3184,955.3229
4285,16.8476,0.0078,16.8554,3.034,0.9995372402909454,0.00046275970905466495,918.1624,4.8758,0.0,0.0,0.0,918.1623999999999,4.8758,923.0382,937.0426
4286,1.4609,0.0087,1.4696,0.2645,0.9940800217746326,0.005919978225367446,82.8853,5.3832,0.0,0.0,0.0,82.8853,5.3832,88.2685,88.7675
4287,33.2035,0.0068,33.2103,5.9779,0.9997952442465139,0.00020475575348611726,1876.9442,4.6637,0.0,0.0,0.0,1876.9442,4.6637,1881.6079,1910.6052
4288,1.6052,0.0077,1.6129,0.2903,0.9952259904519809,0.004774009548019096,88.746,4.6533,0.0,0.0,0.0,88.746,4.653300000000001,93.3993,93.4012
4289,1.1377,0.0084,1.1462,0.2063,0.992584191240621,0.007328563950444947,64.6986,5.2233,0.0,0.0,0.0,64.6986,5.2233,69.9219,69.9224
4290,28.5177,0.0088,28.5265,5.1348,0.9996915149071917,0.0003084850928084413,1631.0604,5.7104,0.0,0.0,0.0,1631.0603999999998,5.710400000000001,1636.7707999999998,1654.7751
4291,30.3201,0.0087,30.3288,5.4592,0.9997131439423913,0.0002868560576086096,1708.6123,5.1271,0.0,0.0,0.0,1708.6122999999998,5.1271,1713.7393999999997,1749.2351
4292,33.4278,0.0098,33.4376,6.0188,0.999706916764361,0.00029308323563892143,1800.3,5.8665,0.0,0.0,0.0,1800.3000000000004,5.8665,1806.1665000000005,1846.6638
4293,12.7759,0.0081,12.784,2.3011,0.9993663954943679,0.00063360450563204,720.9009,4.9317,0.0,0.0,0.0,720.9008999999999,4.9317,725.8325999999998,734.3337
4294,11.1347,0.0085,11.1433,2.0058,0.9992282358008849,0.0007627901967998708,599.2781,4.9892,0.0,0.0,0.0,599.2781,4.9892,604.2673,608.2649
4295,2.55,0.0078,2.5578,0.4604,0.9969505043396669,0.0030494956603330987,145.937,5.1029,0.0,0.0,0.0,145.93699999999998,5.102900000000001,151.0399,151.0421
4296,27.8464,0.0084,27.8549,5.0139,0.9996948472261612,0.0003015627412053175,1528.155,5.0781,0.0,0.0,0.0,1528.1550000000004,5.0781,1533.2331000000004,1543.7293
4297,0.9563,0.0076,0.9639,0.1735,0.9921153646643843,0.007884635335615727,55.2149,4.8753,0.0,0.0,0.0,55.2149,4.8753,60.0902,60.0949
4298,0.7744,0.0073,0.7817,0.1407,0.9906613790456698,0.009338620954330306,42.9158,4.5052,0.0,0.0,0.0,42.915800000000004,4.505199999999999,47.42100000000001,47.4192
4299,19.7968,0.0087,19.8055,3.565,0.9995607280805838,0.00043927191941632376,1136.3636,5.2154,0.0,0.0,0.0,1136.3636000000001,5.215400000000001,1141.5790000000002,1149.0812
4300,28.4611,0.0091,28.4702,5.1246,0.999680367542202,0.00031963245779797827,1622.4228,5.6389,0.0,0.0,0.0,1622.4228000000003,5.6389,1628.0617000000002,1654.0569
4301,3.0458,0.0078,3.0535,0.5496,0.9974783035860487,0.0025544457180284915,166.6903,4.663,0.0,0.0,0.0,166.69030000000004,4.663,171.35330000000005,171.8488
4302,29.8185,0.0074,29.8259,5.3687,0.9997518934885452,0.00024810651145480944,1745.2089,4.7643,0.0,0.0,0.0,1745.2089000000003,4.7643,1749.9732000000004,1811.9728
4303,12.8019,0.0083,12.8102,2.3058,0.9993520788121966,0.0006479211878034692,717.9581,5.319,0.0,0.0,0.0,717.9581000000001,5.319,723.2771,728.275
4304,14.216,0.0084,14.2244,2.5604,0.9994094654256067,0.000590534574393296,798.1052,5.1351,0.0,0.0,0.0,798.1052,5.1350999999999996,803.2402999999999,809.242
4305,2.3487,0.0098,2.3585,0.4245,0.9958448166207337,0.0041551833792664835,127.8989,5.7055,0.0,0.0,0.0,127.89890000000003,5.705500000000001,133.60440000000003,134.6013
4306,2.5623,0.0074,2.5697,0.4625,0.9971202864147566,0.0028797135852434135,140.0905,4.5915,0.0,0.0,0.0,140.09050000000002,4.5915,144.68200000000002,144.6772
4307,29.0484,0.0079,29.0563,5.2301,0.9997281140406727,0.00027188595932723715,1670.5462,4.8163,0.0,0.0,0.0,1670.5461999999995,4.8163,1675.3624999999995,1723.8631
4308,14.6633,0.0083,14.6715,2.6409,0.9994410932760794,0.0005657226595780936,822.9553,5.2367,0.0,0.0,0.0,822.9553,5.2367,828.192,832.1939
4309,0.7417,0.0081,0.7498,0.135,0.9891971192317951,0.010802880768204853,41.6639,5.1159,0.0,0.0,0.0,41.6639,5.1159,46.779799999999994,46.7811
4310,16.3665,0.009,16.3755,2.9476,0.9994503984611157,0.0005496015388843089,878.1202,5.4257,0.0,0.0,0.0,878.1202000000001,5.425699999999999,883.5459000000001,888.5436
4311,34.5631,0.0083,34.5713,6.2228,0.9997628090352402,0.0002400835375007593,1900.4735,4.9357,0.0,0.0,0.0,1900.4735,4.935700000000001,1905.4092,1928.4043
4312,21.4804,0.0096,21.49,3.8682,0.9995532805956259,0.0004467194043741275,1224.0028,6.0242,0.0,0.0,0.0,1224.0027999999995,6.0241999999999996,1230.0269999999996,1258.0315
4313,17.5053,0.0098,17.5151,3.1527,0.9994404827834268,0.0005595172165731283,956.9508,5.7968,0.0,0.0,0.0,956.9508,5.7968,962.7475999999999,972.2468
4314,33.0165,0.0072,33.0237,5.9443,0.999781974763579,0.00021802523642111576,1853.3687,4.3737,0.0,0.0,0.0,1853.3686999999995,4.3737,1857.7423999999996,1878.2432
4315,25.0253,0.0071,25.0324,4.5058,0.9997163675876065,0.000283632412393538,1390.7924,4.67,0.0,0.0,0.0,1390.7923999999998,4.670000000000001,1395.4624,1433.4594
4316,16.9299,0.0075,16.9373,3.0487,0.9995630944719642,0.0004428096567929953,919.7097,4.556,0.0,0.0,0.0,919.7096999999999,4.556,924.2656999999999,942.2702
4317,30.0679,0.008,30.0759,5.4137,0.999734006297401,0.00026599370259909095,1664.9256,4.7144,0.0,0.0,0.0,1664.9255999999996,4.7144,1669.6399999999996,1730.1432
4318,0.6554,0.0089,0.6643,0.1196,0.9866024386572332,0.013397561342766822,35.7323,5.5639,0.0,0.0,0.0,35.7323,5.5639,41.2962,41.2973
4319,17.4786,0.0088,17.4874,3.1477,0.9994967805391309,0.0005032194608689685,931.8276,5.6615,0.0,0.0,0.0,931.8276,5.6615,937.4891,950.9882
4320,0.915,0.0089,0.9239,0.1663,0.9903669228271458,0.009633077172854205,52.1524,5.4756,0.0,0.0,0.0,52.1524,5.4756,57.628,57.6253
4321,0.9728,0.0085,0.9813,0.1766,0.991338020992561,0.008661979007439112,52.9144,5.1043,0.0,0.0,0.0,52.9144,5.1043,58.0187,58.0172
4322,17.9958,0.0078,18.0036,3.2407,0.9995667533160035,0.00043324668399653403,1002.4116,4.9666,0.0,0.0,0.0,1002.4115999999998,4.9666,1007.3781999999998,1013.8764
4323,14.3782,0.0065,14.3847,2.5893,0.9995481310002988,0.00045186899970107124,800.0085,4.1708,0.0,0.0,0.0,800.0085000000003,4.1708,804.1793000000002,811.18
4324,11.7109,0.0089,11.7198,2.1096,0.9992406013754502,0.000759398624549907,616.4915,5.6809,0.0,0.0,0.0,616.4915000000001,5.680900000000001,622.1724,623.1677
4325,19.7988,0.0079,19.8066,3.5652,0.9996061918754355,0.0003988569466743409,1060.8421,4.7254,0.0,0.0,0.0,1060.8420999999998,4.7254,1065.5674999999999,1075.0686
4326,14.0492,0.0093,14.0585,2.5305,0.9993384785005512,0.000661521499448732,752.8415,5.6769,0.0,0.0,0.0,752.8415,5.6769,758.5184,761.0198
4327,23.5049,0.0088,23.5138,4.2325,0.9996214988644966,0.0003742483137561773,1363.2728,5.2871,0.0,0.0,0.0,1363.2728,5.287099999999999,1368.5599,1389.563
4328,30.4108,0.0076,30.4184,5.4753,0.999750151224259,0.0002498487757409989,1728.8616,4.5396,0.0,0.0,0.0,1728.8615999999997,4.5396,1733.4011999999998,1773.9007
4329,31.5539,0.0078,31.5617,5.6811,0.9997528650231134,0.0002471349768865429,1757.087,5.1204,0.0,0.0,0.0,1757.0870000000002,5.120399999999999,1762.2074000000002,1783.2085
4330,22.7028,0.0085,22.7113,4.088,0.999625736967941,0.00037426303205893104,1290.8541,5.0779,0.0,0.0,0.0,1290.8541,5.0779,1295.932,1314.9349
4331,19.3401,0.0087,19.3488,3.4828,0.9995503597122302,0.00044964028776978414,1082.0907,5.1192,0.0,0.0,0.0,1082.0906999999995,5.1192,1087.2098999999996,1100.7093
4332,17.0644,0.0075,17.0719,3.0729,0.9995606815878725,0.0004393184121275312,969.5316,4.6126,0.0,0.0,0.0,969.5316,4.6126000000000005,974.1442000000001,990.6486
4333,10.4222,0.0076,10.4298,1.8774,0.9992713187213561,0.0007286812786438858,572.4266,4.7867,0.0,0.0,0.0,572.4265999999999,4.7867,577.2132999999999,578.2099
4334,0.6731,0.0079,0.681,0.1226,0.9883994126284875,0.011600587371512481,37.4977,4.8229,0.0,0.0,0.0,37.4977,4.822900000000001,42.3206,42.3209
4335,20.1076,0.0098,20.1174,3.6211,0.9995128595146491,0.00048714048535098965,1123.1958,5.5185,0.0,0.0,0.0,1123.1958,5.5185,1128.7142999999999,1143.2154
4336,13.2573,0.0072,13.2645,2.3876,0.9994571977835577,0.0005428022164423838,710.3784,4.4347,0.0,0.0,0.0,710.3783999999999,4.4347,714.8131,716.8135
4337,8.571,0.0086,8.5795,1.5443,0.9990092662742585,0.0010023894166326709,453.0818,5.3237,0.0,0.0,0.0,453.08180000000004,5.3237000000000005,458.4055,459.405
4338,0.6969,0.0073,0.7042,0.1268,0.9896336268105651,0.010366373189434818,39.0434,4.5099,0.0,0.0,0.0,39.043400000000005,4.5099,43.55330000000001,43.5555
4339,13.3143,0.0079,13.3222,2.398,0.9994070048490489,0.0005929951509510441,736.5153,5.1214,0.0,0.0,0.0,736.5152999999998,5.1214,741.6366999999998,744.1391
4340,0.4935,0.0063,0.4999,0.09,0.9871974394878975,0.012602520504100819,27.4789,4.1381,0.0,0.0,0.0,27.478900000000003,4.1381,31.617000000000004,31.6188
4341,19.2589,0.0081,19.2671,3.4681,0.9995744040358955,0.00042040576942041095,1039.8367,5.2816,0.0,0.0,0.0,1039.8367000000003,5.281599999999999,1045.1183000000003,1047.6215
4342,17.9866,0.007,17.9936,3.2389,0.9996109727903254,0.00038902720967455096,984.6852,4.2507,0.0,0.0,0.0,984.6852,4.2507,988.9359000000001,993.4321
4343,14.0392,0.0082,14.0474,2.5285,0.9994162620840867,0.0005837379159132651,757.7556,5.0768,0.0,0.0,0.0,757.7556,5.0767999999999995,762.8324,766.8295
4344,9.8223,0.0083,9.8307,1.7695,0.9991455338887363,0.0008442938956534123,513.8447,5.0848,0.0,0.0,0.0,513.8447,5.0847999999999995,518.9295,519.4263
4345,10.0224,0.0086,10.031,1.8056,0.9991426577609409,0.0008573422390589173,520.7596,5.1942,0.0,0.0,0.0,520.7596,5.1941999999999995,525.9538,526.4522
4346,9.7096,0.0078,9.7174,1.7491,0.999197316154527,0.0008026838454730689,507.7379,4.7977,0.0,0.0,0.0,507.7379,4.797700000000001,512.5356,513.5348
4347,33.0332,0.0085,33.0418,5.9475,0.999739723622805,0.00025724990769268016,1842.3636,5.1109,0.0,0.0,0.0,1842.3636,5.1109,1847.4744999999998,1900.9704
4348,30.595,0.0067,30.6017,5.5083,0.9997810579150831,0.00021894208491685102,1783.5456,4.4789,0.0,0.0,0.0,1783.5455999999997,4.4789,1788.0244999999998,1841.5197
4349,0.2766,0.0086,0.2853,0.0514,0.9695057833859096,0.030143708377146864,15.0911,5.5772,0.0,0.0,0.0,15.0911,5.5772,20.668300000000002,20.667
4350,0.6237,0.0082,0.6319,0.1137,0.9870232631745529,0.012976736825447066,33.2728,5.0584,0.0,0.0,0.0,33.272800000000004,5.0584,38.3312,38.3267
4351,12.4954,0.0084,12.5038,2.2507,0.9993282042259153,0.0006717957740846782,697.6974,5.548,0.0,0.0,0.0,697.6974000000001,5.548,703.2454000000001,704.2448
4352,29.6976,0.0077,29.7053,5.347,0.9997407869976065,0.00025921300239351225,1588.0539,4.8932,0.0,0.0,0.0,1588.0538999999999,4.8932,1592.9470999999999,1653.4517
4353,12.0444,0.0079,12.0523,2.1694,0.9993445234519551,0.0006554765480447716,657.2252,4.8218,0.0,0.0,0.0,657.2251999999999,4.8218,662.0469999999999,675.5493
4354,23.4338,0.0086,23.4424,4.2196,0.9996331433641608,0.00036685663583933386,1246.3573,5.3842,0.0,0.0,0.0,1246.3573,5.3842,1251.7414999999999,1262.7458
4355,1.7833,0.0077,1.7911,0.3224,0.9956451342750267,0.004299034113114846,99.6361,4.7553,0.0,0.0,0.0,99.6361,4.7553,104.3914,104.3962
4356,8.2976,0.0067,8.3043,1.4948,0.9991931890707223,0.0008068109292776033,444.2616,4.3891,0.0,0.0,0.0,444.26160000000004,4.389099999999999,448.65070000000003,450.649
4357,12.1944,0.0076,12.202,2.1964,0.9993771512866743,0.0006228487133256843,657.2454,4.4154,0.0,0.0,0.0,657.2454000000002,4.4154,661.6608000000002,664.1591
4358,2.9823,0.0069,2.9892,0.5381,0.9976916900843035,0.0023083099156965075,174.6363,4.4455,0.0,0.0,0.0,174.6363,4.4455,179.08180000000002,180.5819
4359,21.9993,0.0069,22.0063,3.9611,0.999681909271436,0.0003135465752988917,1264.0908,4.4428,0.0,0.0,0.0,1264.0908,4.4428,1268.5336,1291.0352
4360,1.3646,0.0076,1.3722,0.247,0.994461448768401,0.005538551231598892,74.0908,4.9926,0.0,0.0,0.0,74.0908,4.9926,79.0834,79.0844
4361,27.0329,0.0074,27.0403,4.8672,0.9997263343971776,0.00027366560282245393,1578.0001,4.7662,0.0,0.0,0.0,1578.0001,4.7662,1582.7663,1599.7699
4362,31.3553,0.0081,31.3634,5.6454,0.9997417371841063,0.000258262815893685,1745.3636,5.4517,0.0,0.0,0.0,1745.3635999999997,5.451699999999999,1750.8152999999998,1798.3132
4363,0.5287,0.0077,0.5364,0.0966,0.9856450410141685,0.01435495898583147,30.2727,4.9367,0.0,0.0,0.0,30.272699999999997,4.9367,35.209399999999995,35.2082
4364,27.9209,0.0082,27.9291,5.0272,0.9997063994185277,0.00029360058147237116,1608.1262,5.2428,0.0,0.0,0.0,1608.1261999999997,5.2428,1613.3689999999997,1644.8739
4365,30.52,0.0088,30.5289,5.4952,0.9997084729551343,0.0002882514600919129,1767.4544,5.453,0.0,0.0,0.0,1767.4544000000003,5.452999999999999,1772.9074000000003,1795.4059
4366,0.1815,0.0068,0.1883,0.0339,0.9638874137015401,0.036112586298459905,10.1818,4.6473,0.0,0.0,0.0,10.181799999999999,4.6473,14.8291,14.8272
4367,13.0301,0.0081,13.0383,2.3469,0.9993710836535438,0.0006212466349140609,726.0773,5.1517,0.0,0.0,0.0,726.0772999999999,5.1517,731.2289999999999,739.7266
4368,7.8836,0.0076,7.8912,1.4204,0.999036901865369,0.0009630981346309813,432.3571,4.8627,0.0,0.0,0.0,432.3571,4.8627,437.2198,439.7198
4369,16.6107,0.0064,16.6171,2.9911,0.9996148545775135,0.0003851454224864748,966.8184,4.1022,0.0,0.0,0.0,966.8184000000002,4.102199999999999,970.9206000000003,984.4222
4370,14.0484,0.0078,14.0562,2.5301,0.999445084731293,0.0005549152687070474,804.3077,4.811,0.0,0.0,0.0,804.3076999999998,4.811,809.1186999999999,811.6211
4371,20.8175,0.0085,20.8259,3.7487,0.9995966560868917,0.00040814562635948506,1197.4697,5.1754,0.0,0.0,0.0,1197.4696999999999,5.1754,1202.6451,1211.6463
4372,0.3982,0.0084,0.4066,0.0732,0.9793408755533693,0.020659124446630595,23.2726,5.1488,0.0,0.0,0.0,23.272600000000008,5.1488,28.421400000000006,28.4189
4373,7.8844,0.0075,7.8918,1.4205,0.9990623178489065,0.000950353531513723,427.8196,4.4963,0.0,0.0,0.0,427.81960000000004,4.4963,432.31590000000006,433.8188
4374,0.4545,0.0068,0.4613,0.083,0.98525905050943,0.014740949490570128,26.6362,4.37,0.0,0.0,0.0,26.636200000000002,4.370000000000001,31.006200000000003,31.0064
4375,28.2329,0.0086,28.2415,5.0835,0.9996954835968346,0.00030451640316555423,1604.8478,5.6035,0.0,0.0,0.0,1604.8477999999998,5.6034999999999995,1610.4512999999997,1628.9483
4376,30.6035,0.008,30.6115,5.5101,0.9997386603074009,0.0002613396925991866,1830.0,5.3779,0.0,0.0,0.0,1830.0,5.3778999999999995,1835.3779,1843.3824
4377,13.0969,0.0084,13.1053,2.359,0.9993590379464796,0.0006409620535203314,720.3608,5.0407,0.0,0.0,0.0,720.3607999999999,5.040700000000001,725.4014999999999,731.9014
4378,0.8962,0.007,0.9032,0.1626,0.9922497785651019,0.00775022143489814,52.6366,4.5428,0.0,0.0,0.0,52.636599999999994,4.5428,57.179399999999994,57.1819
4379,22.0598,0.0088,22.0686,3.9723,0.9996012433955938,0.0003987566044062605,1198.3735,5.3617,0.0,0.0,0.0,1198.3735000000001,5.3617,1203.7352,1238.2392
4380,0.5806,0.0069,0.5874,0.1057,0.9884235614572693,0.011746680286006127,32.5456,4.3811,0.0,0.0,0.0,32.5456,4.381100000000001,36.926700000000004,36.9281
4381,2.6737,0.0081,2.6818,0.4827,0.9969796405399359,0.003020359460064136,145.4545,5.0747,0.0,0.0,0.0,145.4545,5.0747,150.5292,151.0281
4382,1.2208,0.0066,1.2275,0.2209,0.994541751527495,0.0053767820773930755,70.4545,4.3051,0.0,0.0,0.0,70.4545,4.3050999999999995,74.75959999999999,75.256
4383,9.2465,0.0076,9.2541,1.6657,0.9991787423952626,0.0008212576047373597,512.4658,4.6659,0.0,0.0,0.0,512.4658,4.6659,517.1316999999999,518.1288
4384,27.6953,0.0073,27.7026,4.9865,0.9997364868279511,0.00026351317204883297,1578.0175,4.7483,0.0,0.0,0.0,1578.0175,4.7483,1582.7658,1612.2686
4385,2.2162,0.0068,2.2229,0.4001,0.9969859192946152,0.0030590669845697058,119.818,4.1272,0.0,0.0,0.0,119.818,4.1272,123.9452,124.4411
4386,20.6766,0.0072,20.6839,3.7231,0.9996470684928858,0.00034809682893458194,1184.0909,4.7102,0.0,0.0,0.0,1184.0908999999997,4.7101999999999995,1188.8010999999997,1216.8024
4387,30.694,0.0073,30.7013,5.5262,0.9997622250523593,0.00023777494764065367,1816.4319,4.5735,0.0,0.0,0.0,1816.4319000000003,4.5735,1821.0054000000002,1876.503
4388,0.6506,0.0081,0.6586,0.1186,0.9878530215608867,0.012298815669602187,37.818,5.1077,0.0,0.0,0.0,37.818,5.1076999999999995,42.9257,42.9224
4389,0.939,0.0089,0.9478,0.1706,0.990715340789196,0.009390166701835831,53.6364,5.6789,0.0,0.0,0.0,53.636399999999995,5.6789,59.31529999999999,59.3165
4390,20.9178,0.0074,20.9252,3.7665,0.9996463594135301,0.00035364058646990233,1220.2728,4.7122,0.0,0.0,0.0,1220.2727999999997,4.7122,1224.9849999999997,1256.9863
4391,1.1889,0.007,1.196,0.2153,0.9940635451505018,0.005852842809364549,70.2727,4.639,0.0,0.0,0.0,70.27269999999999,4.639,74.91169999999998,75.4119
4392,0.5714,0.0097,0.5811,0.1046,0.983307520220272,0.016692479779728105,32.6363,5.9365,0.0,0.0,0.0,32.6363,5.9365,38.5728,38.5687
4393,18.3647,0.0065,18.3712,3.3068,0.9996461853335654,0.00035381466643441903,1003.7762,4.3358,0.0,0.0,0.0,1003.7762000000001,4.3358,1008.1120000000001,1011.6071
4394,18.123,0.0084,18.1314,3.2637,0.9995367153115591,0.000463284688441047,1067.7274,5.4126,0.0,0.0,0.0,1067.7274,5.4126,1073.14,1087.1396
4395,11.3241,0.0076,11.3317,2.0397,0.9993293151071772,0.0006706848928227892,616.0042,4.6164,0.0,0.0,0.0,616.0042000000001,4.6164000000000005,620.6206000000001,624.6228
4396,23.9036,0.007,23.9106,4.3039,0.9997072428128111,0.0002927571871889455,1418.3637,4.4131,0.0,0.0,0.0,1418.3636999999999,4.4131,1422.7767999999999,1455.2748
4397,15.2674,0.0077,15.2751,2.7495,0.9994959116470596,0.0005040883529404063,902.0,5.029,0.0,0.0,0.0,902.0,5.029,907.029,913.0339
4398,7.2388,0.008,7.2468,1.3044,0.9988960644698349,0.0011039355301650383,408.6864,5.0179,0.0,0.0,0.0,408.6864,5.017899999999999,413.7043,417.6996
4399,0.1868,0.0094,0.1962,0.0353,0.9520897043832822,0.047910295616717634,10.5454,5.8549,0.0,0.0,0.0,10.545400000000003,5.8549,16.4003,16.3981
4400,11.5799,0.009,11.5889,2.086,0.9992233948001967,0.00077660519980326,648.2089,5.4908,0.0,0.0,0.0,648.2089,5.4908,653.6997,654.7025
4401,1.2385,0.0076,1.2461,0.2243,0.9939009710296124,0.006099028970387609,73.4544,4.9207,0.0,0.0,0.0,73.4544,4.9207,78.3751,78.8788
4402,10.733,0.0078,10.7409,1.9334,0.9992644936644044,0.000726196128816021,601.88,5.0766,0.0,0.0,0.0,601.8799999999999,5.076599999999999,606.9565999999999,611.4613
4403,0.3624,0.0075,0.3698,0.0666,0.9799891833423472,0.020281233098972416,20.2728,4.8135,0.0,0.0,0.0,20.2728,4.8134999999999994,25.0863,25.0874
4404,19.4447,0.0087,19.4534,3.5016,0.9995527774065204,0.000447222593479803,1092.6732,5.5256,0.0,0.0,0.0,1092.6732000000002,5.525600000000001,1098.1988000000001,1105.7002
4405,29.2736,0.0086,29.2822,5.2708,0.999706306220161,0.00029369377983894655,1625.0,5.391,0.0,0.0,0.0,1625.0,5.391000000000001,1630.391,1673.3907
4406,2.3127,0.0083,2.3211,0.4178,0.9963810262375598,0.003575890741458791,129.7273,5.4244,0.0,0.0,0.0,129.7273,5.4244,135.1517,137.1476
4407,24.643,0.0072,24.6502,4.437,0.9997079131203803,0.000292086879619638,1431.273,4.7162,0.0,0.0,0.0,1431.2729999999997,4.7162,1435.9891999999998,1445.9873
4408,29.8107,0.0082,29.8189,5.3674,0.9997250066233161,0.00027499337668391525,1724.3636,4.8385,0.0,0.0,0.0,1724.3636,4.838500000000001,1729.2021,1761.6995
4409,19.1448,0.0081,19.1529,3.4475,0.9995770875428787,0.00042291245712137586,1102.6364,5.3848,0.0,0.0,0.0,1102.6364000000003,5.3848,1108.0212000000004,1130.5236
4410,16.931,0.0064,16.9374,3.0487,0.9996221379904826,0.00037786200951739937,972.3636,4.3585,0.0,0.0,0.0,972.3636000000001,4.3585,976.7221000000002,985.7243
4411,0.3366,0.008,0.3446,0.062,0.9767846778874056,0.023215322112594312,20.0001,5.042,0.0,0.0,0.0,20.000100000000007,5.042,25.042100000000005,25.0411
4412,17.2822,0.0081,17.2903,3.1123,0.9995315292389375,0.0004684707610625611,948.9631,5.185,0.0,0.0,0.0,948.9630999999998,5.1850000000000005,954.1480999999998,958.652
4413,0.2074,0.0082,0.2157,0.0388,0.9615206305053314,0.03801576263328697,11.9091,5.4165,0.0,0.0,0.0,11.909099999999999,5.416500000000001,17.3256,17.3275
4414,0.6246,0.0068,0.6314,0.1136,0.9892302819132088,0.010769718086791258,34.8182,4.124,0.0,0.0,0.0,34.8182,4.1240000000000006,38.9422,38.9436
4415,7.8501,0.0082,7.8583,1.4145,0.9989565173129049,0.0010434826870951734,426.2586,4.7451,0.0,0.0,0.0,426.25860000000006,4.745100000000001,431.00370000000004,430.9987
4416,3.3838,0.008,3.3918,0.6105,0.9976413703638186,0.0023586296361813785,181.5434,5.0514,0.0,0.0,0.0,181.5434,5.0514,186.5948,188.0967
4417,10.9357,0.0059,10.9416,1.9695,0.9994607735614537,0.0005392264385464648,584.4775,3.8438,0.0,0.0,0.0,584.4775000000001,3.8438000000000003,588.3213000000001,591.8234
4418,18.7873,0.0071,18.7944,3.383,0.9996222278976716,0.00037777210232835316,1048.4082,4.5035,0.0,0.0,0.0,1048.4082,4.5035,1052.9117,1057.9094
4419,22.5248,0.0084,22.5332,4.056,0.999627216729093,0.0003727832709069284,1314.0001,5.4595,0.0,0.0,0.0,1314.0001,5.4595,1319.4596,1331.4566
4420,26.9723,0.0078,26.9801,4.8564,0.9997108980322534,0.0002891019677465984,1579.6363,4.629,0.0,0.0,0.0,1579.6363000000003,4.629,1584.2653000000003,1602.7638
4421,0.987,0.0074,0.9944,0.179,0.9925583266291231,0.007441673370876911,57.0909,4.8098,0.0,0.0,0.0,57.0909,4.8098,61.9007,61.9004
4422,15.7603,0.0074,15.7678,2.8382,0.9995243470871017,0.00046931087405979277,908.7258,4.6207,0.0,0.0,0.0,908.7257999999999,4.6207,913.3465,922.3495
4423,1.372,0.0068,1.3788,0.2482,0.9950681752248333,0.004931824775166811,78.909,4.4999,0.0,0.0,0.0,78.90900000000002,4.4999,83.40890000000002,83.4096
4424,0.4419,0.007,0.4489,0.0808,0.9844063265760749,0.01559367342392515,25.4545,4.5287,0.0,0.0,0.0,25.454500000000003,4.5287,29.983200000000004,29.9879
4425,16.4629,0.0079,16.4708,2.9647,0.9995203633096146,0.00047963669038540935,931.6366,4.7695,0.0,0.0,0.0,931.6365999999998,4.7695,936.4060999999998,943.9091
4426,28.5324,0.007,28.5394,5.1371,0.9997547250467774,0.0002452749532225625,1676.9998,4.6396,0.0,0.0,0.0,1676.9998,4.6396,1681.6394,1707.1374
4427,16.7508,0.0071,16.7579,3.0164,0.9995763192285431,0.0004236807714570442,945.3609,4.9242,0.0,0.0,0.0,945.3609,4.9242,950.2851,959.7817
4428,16.2282,0.0086,16.2368,2.9226,0.999470338983051,0.0005296610169491525,945.182,5.1537,0.0,0.0,0.0,945.1820000000002,5.1537,950.3357000000002,961.8349
4429,30.5869,0.0084,30.5953,5.5072,0.9997254480263308,0.0002745519736691583,1831.9092,4.9526,0.0,0.0,0.0,1831.9092000000003,4.9526,1836.8618000000004,1843.3606
4430,25.1998,0.0081,25.2079,4.5374,0.9996786721622983,0.0003213278377016729,1437.0957,5.2586,0.0,0.0,0.0,1437.0957000000003,5.2585999999999995,1442.3543000000002,1459.3585
4431,19.1348,0.0064,19.1412,3.4454,0.9996656426974274,0.00033435730257246147,1056.9398,3.9643,0.0,0.0,0.0,1056.9398,3.9642999999999997,1060.9041000000002,1068.905
4432,27.9061,0.008,27.9141,5.0245,0.9997134064863276,0.0002865935136723018,1648.1818,5.1875,0.0,0.0,0.0,1648.1818000000003,5.187500000000001,1653.3693000000003,1682.8678
4433,19.3084,0.0091,19.3175,3.4771,0.9995289245502782,0.00047107544972175495,1049.1308,5.248,0.0,0.0,0.0,1049.1308,5.247999999999999,1054.3788,1061.8779
4434,0.3379,0.0081,0.346,0.0623,0.9765895953757225,0.02341040462427746,19.7269,5.289,0.0,0.0,0.0,19.726899999999997,5.289,25.015899999999995,25.0125
4435,29.2525,0.0076,29.2602,5.2668,0.9997368439040061,0.00025973848435759155,1729.909,4.958,0.0,0.0,0.0,1729.9090000000006,4.958,1734.8670000000006,1813.3635
4436,30.3481,0.0084,30.3565,5.4642,0.9997232882578689,0.0002767117421310098,1781.091,5.18,0.0,0.0,0.0,1781.0909999999997,5.180000000000001,1786.2709999999997,1841.2756
4437,28.5726,0.0082,28.5808,5.1445,0.9997130941051335,0.0002869058948664838,1629.6364,5.282,0.0,0.0,0.0,1629.6364000000003,5.282,1634.9184000000002,1649.9183
4438,24.7154,0.0079,24.7233,4.4502,0.9996804633685633,0.0003195366314367419,1406.1113,5.1333,0.0,0.0,0.0,1406.1113,5.1333,1411.2446,1435.74
4439,10.0808,0.0087,10.0895,1.8161,0.9991377174290105,0.0008622825709896427,549.1038,5.4203,0.0,0.0,0.0,549.1038,5.420300000000001,554.5241,557.5249
4440,7.5472,0.008,7.5552,1.3599,0.9989411266412537,0.0010588733587462938,392.875,5.0118,0.0,0.0,0.0,392.875,5.0118,397.8868,398.8875
4441,13.6679,0.0077,13.6756,2.4616,0.9994369534060663,0.0005630465939337214,774.6069,4.7381,0.0,0.0,0.0,774.6068999999998,4.738099999999999,779.3449999999998,784.3437
4442,15.2217,0.0079,15.2295,2.7413,0.9994878361075544,0.000518730096194885,850.9368,5.3815,0.0,0.0,0.0,850.9368,5.3815,856.3182999999999,867.3199
4443,0.4359,0.0083,0.4442,0.08,0.9813147230977038,0.018685276902296263,24.2726,4.8174,0.0,0.0,0.0,24.272600000000008,4.817399999999999,29.090000000000007,29.0896
4444,26.6628,0.0075,26.6703,4.8007,0.9997187883150921,0.0002812116849079313,1576.7272,4.7696,0.0,0.0,0.0,1576.7272000000003,4.7696000000000005,1581.4968000000003,1600.9952
4445,1.3234,0.0086,1.332,0.2398,0.9935435435435435,0.006456456456456456,74.8182,5.9644,0.0,0.0,0.0,74.8182,5.9644,80.7826,80.7858
4446,30.9909,0.0079,30.9989,5.5798,0.9997419263264181,0.00025484775266219125,1744.2728,5.1554,0.0,0.0,0.0,1744.2728,5.155399999999999,1749.4282,1776.4308
4447,2.1619,0.0072,2.1691,0.3904,0.9966806509612283,0.003319349038771841,122.7272,4.4933,0.0,0.0,0.0,122.72720000000001,4.4933000000000005,127.22050000000002,128.2188
4448,8.5199,0.0074,8.5273,1.5349,0.99913219893753,0.0008678010624699494,457.9457,4.8343,0.0,0.0,0.0,457.9457,4.834300000000001,462.78,465.7752
4449,23.3117,0.0073,23.3189,4.1974,0.9996912375798171,0.00031305078712975313,1289.8338,4.4277,0.0,0.0,0.0,1289.8337999999999,4.427700000000001,1294.2614999999998,1331.7648
4450,1.1174,0.0059,1.1232,0.2022,0.9948361823361823,0.005252849002849003,65.0,3.7753,0.0,0.0,0.0,65.0,3.7752999999999997,68.7753,68.7791
4451,10.8848,0.0083,10.8931,1.9608,0.9992380497746279,0.0007619502253720245,605.8266,5.3102,0.0,0.0,0.0,605.8265999999999,5.3102,611.1367999999999,613.1346
4452,0.4949,0.0085,0.5034,0.0906,0.9831148192292413,0.016885180770758842,28.0,5.3061,0.0,0.0,0.0,27.999999999999996,5.3061,33.306099999999994,33.8021
4453,9.9758,0.0081,9.9839,1.7971,0.9991886937970131,0.0008113062029868087,544.0898,5.2293,0.0,0.0,0.0,544.0898,5.2293,549.3190999999999,554.3187
4454,0.4121,0.0075,0.4195,0.0755,0.9823599523241956,0.017878426698450536,23.4546,4.9552,0.0,0.0,0.0,23.4546,4.9552,28.409799999999997,28.4072
4455,19.0474,0.0073,19.0548,3.4299,0.9996116464093037,0.0003831055692004114,1110.3201,4.7176,0.0,0.0,0.0,1110.3200999999997,4.717599999999999,1115.0376999999996,1142.04
4456,0.3389,0.0069,0.3458,0.0622,0.9800462695199537,0.01995373048004627,19.2726,4.5155,0.0,0.0,0.0,19.2726,4.515500000000001,23.7881,23.784
4457,10.5275,0.0064,10.5339,1.8961,0.9993924377486022,0.0006075622513978679,575.845,4.2459,0.0,0.0,0.0,575.8449999999999,4.2459,580.0908999999999,581.5947
4458,10.8427,0.0074,10.8501,1.953,0.9993179786361417,0.0006820213638583977,607.6613,4.7627,0.0,0.0,0.0,607.6613,4.7627,612.424,613.4203
4459,10.8424,0.0087,10.8511,1.9532,0.9991982379666576,0.0008017620333422416,578.6095,5.317,0.0,0.0,0.0,578.6094999999999,5.317,583.9264999999999,588.9289
4460,28.6371,0.0078,28.6449,5.1561,0.9997277002188871,0.0002722997811128682,1646.0735,4.9425,0.0,0.0,0.0,1646.0735000000002,4.942499999999999,1651.0160000000003,1709.0165
4461,9.6216,0.0078,9.6294,1.7333,0.9991899806841548,0.0008100193158452239,505.6428,4.9012,0.0,0.0,0.0,505.64279999999997,4.901200000000001,510.544,513.5396
4462,8.0147,0.0079,8.0226,1.4441,0.9990152818288334,0.0009847181711664548,428.2072,4.978,0.0,0.0,0.0,428.20720000000006,4.978,433.18520000000007,433.687
4463,7.3929,0.0082,7.4011,1.3322,0.9988920565861832,0.0011079434138168652,384.9337,5.3554,0.0,0.0,0.0,384.93370000000004,5.3553999999999995,390.2891,391.2885
4464,0.6956,0.0077,0.7033,0.1266,0.9890516138205602,0.010948386179439783,39.091,4.5188,0.0,0.0,0.0,39.091,4.5188,43.6098,43.612
4465,9.4775,0.0082,9.4857,1.7074,0.9991355408667784,0.0008644591332215863,554.091,5.1898,0.0,0.0,0.0,554.091,5.1898,559.2808,564.7806
4466,28.0664,0.0081,28.0745,5.0534,0.9997114819498122,0.0002885180501878929,1658.9092,4.9072,0.0,0.0,0.0,1658.9092000000005,4.907199999999999,1663.8164000000006,1730.3128
4467,20.8806,0.0086,20.8892,3.7601,0.999588304003983,0.0004116959960170806,1224.0275,4.8924,0.0,0.0,0.0,1224.0275,4.8924,1228.9198999999999,1251.4249
4468,0.6038,0.0077,0.6115,0.1101,0.9874080130825837,0.01259198691741619,33.3636,5.1965,0.0,0.0,0.0,33.3636,5.1965,38.5601,39.0591
4469,0.373,0.0079,0.3809,0.0686,0.9792596482016277,0.02074035179837228,21.3635,4.7563,0.0,0.0,0.0,21.3635,4.7562999999999995,26.119799999999998,26.1168
4470,18.8502,0.0074,18.8576,3.3944,0.9996075852706601,0.0003924147293398948,1079.8502,4.7817,0.0,0.0,0.0,1079.8502,4.781699999999999,1084.6319,1107.6279
4471,11.8229,0.0084,11.8313,2.1296,0.9992900188483091,0.0007099811516908538,626.3228,5.3114,0.0,0.0,0.0,626.3228,5.311400000000001,631.6342000000001,633.1311
4472,8.3194,0.0083,8.3277,1.499,0.999003326248544,0.0009966737514559842,439.8619,5.5483,0.0,0.0,0.0,439.86190000000005,5.548299999999999,445.41020000000003,446.9113
4473,2.9542,0.0066,2.9607,0.5329,0.9978045732428142,0.0022292025534501976,158.7931,4.367,0.0,0.0,0.0,158.79309999999998,4.367,163.16009999999997,163.1559
4474,13.1016,0.0075,13.1092,2.3597,0.9994202544777714,0.0005721172916730235,727.503,4.4519,0.0,0.0,0.0,727.5029999999999,4.4519,731.9549,738.9512
4475,25.1538,0.0088,25.1626,4.5293,0.9996502746139111,0.00034972538608887794,1418.6364,5.3253,0.0,0.0,0.0,1418.6364,5.3253,1423.9617,1460.4634
4476,8.5331,0.0074,8.5405,1.5373,0.9991335401908553,0.0008664598091446637,457.5643,4.4323,0.0,0.0,0.0,457.56429999999995,4.432300000000001,461.99659999999994,463.0001
4477,13.8153,0.0081,13.8234,2.4882,0.9994140370675811,0.0005859629324189417,747.2634,5.0024,0.0,0.0,0.0,747.2634,5.0024,752.2658,759.7693
4478,16.0558,0.0084,16.0641,2.8915,0.9994833199494526,0.0005229051113974639,892.4044,5.4977,0.0,0.0,0.0,892.4043999999999,5.497699999999999,897.9020999999999,912.9035
4479,29.0171,0.0078,29.0249,5.2245,0.9997312652239974,0.00026873477600267354,1721.1818,4.9024,0.0,0.0,0.0,1721.1818000000005,4.9024,1726.0842000000005,1782.0825
4480,19.5646,0.0071,19.5717,3.5229,0.9996372313084708,0.0003627686915290956,1155.8184,4.4621,0.0,0.0,0.0,1155.8183999999997,4.4621,1160.2804999999996,1176.7844
4481,10.0956,0.0067,10.1024,1.8184,0.9993268926195755,0.0006632087424770352,552.4677,4.1765,0.0,0.0,0.0,552.4677,4.1765,556.6442000000001,559.146
4482,28.0667,0.008,28.0747,5.0534,0.999715045931034,0.00028495406896600855,1678.0,5.0847,0.0,0.0,0.0,1678.0,5.084700000000001,1683.0847,1704.082
4483,7.9237,0.0075,7.9311,1.4276,0.999066964229426,0.0009456443620683133,423.9541,4.8836,0.0,0.0,0.0,423.9540999999999,4.8835999999999995,428.8376999999999,429.3365
4484,0.6431,0.0078,0.6509,0.1172,0.9880165924105084,0.011983407589491473,36.0,5.1403,0.0,0.0,0.0,36.0,5.1403,41.140299999999996,41.1383
4485,6.8663,0.0076,6.8739,1.2373,0.998894368553514,0.0011056314464859833,355.4095,4.6245,0.0,0.0,0.0,355.4095,4.6245,360.034,360.0347
4486,0.4088,0.0091,0.4179,0.0752,0.9782244556113903,0.021775544388609718,23.5455,5.4087,0.0,0.0,0.0,23.545499999999997,5.4087000000000005,28.954199999999997,28.9531
4487,18.1561,0.0067,18.1628,3.2693,0.999631114145396,0.0003688858546039157,1006.6378,4.2846,0.0,0.0,0.0,1006.6378,4.2846,1010.9223999999999,1017.4234
4488,8.3465,0.0072,8.3537,1.5037,0.9991381064677928,0.0008618935322072854,435.5851,4.6391,0.0,0.0,0.0,435.5850999999999,4.6391,440.2241999999999,440.7253
4489,22.0944,0.008,22.1024,3.9784,0.9996380483567395,0.0003619516432604604,1258.5823,4.8523,0.0,0.0,0.0,1258.5823000000003,4.852299999999999,1263.4346000000003,1271.9378
4490,0.7029,0.0087,0.7117,0.1281,0.9876352395672333,0.012224251791485176,40.2728,5.7257,0.0,0.0,0.0,40.2728,5.7257,45.99849999999999,45.9999
4491,19.7229,0.0082,19.7311,3.5516,0.9995844124250548,0.0004155875749451374,1120.5457,4.9955,0.0,0.0,0.0,1120.5457,4.995500000000001,1125.5412,1144.0378
4492,9.9721,0.0081,9.9802,1.7964,0.999188393018176,0.0008116069818240115,542.3509,5.3163,0.0,0.0,0.0,542.3508999999999,5.316299999999999,547.6671999999999,551.6681
4493,0.4605,0.0069,0.4674,0.0841,0.985237483953787,0.014762516046213094,25.2731,4.2446,0.0,0.0,0.0,25.273100000000007,4.2446,29.517700000000005,29.5156
4494,0.4519,0.0081,0.46,0.0828,0.9823913043478261,0.017608695652173913,25.1816,5.145,0.0,0.0,0.0,25.181599999999996,5.145,30.326599999999996,30.3224
4495,6.8621,0.0077,6.8698,1.2366,0.998879152231506,0.0011208477684939882,367.1147,4.7504,0.0,0.0,0.0,367.11469999999997,4.7504,371.8651,372.8644
4496,7.3493,0.008,7.3574,1.3243,0.9988990676054041,0.0010873406366379427,382.1114,5.1536,0.0,0.0,0.0,382.11140000000006,5.153600000000001,387.26500000000004,388.2625
4497,15.1476,0.0073,15.1548,2.7279,0.9995249030010295,0.0004816955684007707,843.156,4.6559,0.0,0.0,0.0,843.1559999999998,4.655899999999999,847.8118999999998,848.8076
4498,15.1479,0.0071,15.155,2.7279,0.9995315077532168,0.0004684922467832399,821.8899,4.4953,0.0,0.0,0.0,821.8899,4.4953,826.3852,837.3878
4499,13.0485,0.009,13.0576,2.3504,0.9993030878568803,0.0006892537679205979,689.3278,5.4564,0.0,0.0,0.0,689.3277999999999,5.4564,694.7841999999999,700.7863
4500,7.3948,0.0089,7.4037,1.3327,0.9987978983481233,0.0012021016518767643,391.0269,5.204,0.0,0.0,0.0,391.02690000000007,5.204,396.2309000000001,396.232
4501,11.5956,0.0074,11.603,2.0885,0.9993622339050245,0.0006377660949754375,634.1852,4.372,0.0,0.0,0.0,634.1852,4.372,638.5572,641.0593
4502,15.0468,0.0077,15.0545,2.7098,0.9994885250257397,0.000511474974260188,885.8182,4.5243,0.0,0.0,0.0,885.8181999999998,4.524299999999999,890.3424999999999,900.3415
4503,25.7592,0.0069,25.7661,4.6379,0.9997322062710304,0.00026779372896945983,1483.3423,4.4671,0.0,0.0,0.0,1483.3423,4.4671,1487.8094,1515.3126
4504,12.1614,0.0089,12.1703,2.1907,0.9992687115354594,0.0007312884645407263,662.324,5.6481,0.0,0.0,0.0,662.324,5.648099999999999,667.9721,674.4764
4505,0.6722,0.0079,0.68,0.1224,0.9885294117647059,0.01161764705882353,36.3633,4.6522,0.0,0.0,0.0,36.363299999999995,4.652200000000001,41.015499999999996,41.0171
4506,22.6811,0.0071,22.6882,4.0839,0.9996870619969853,0.00031293800301478305,1288.3422,4.3357,0.0,0.0,0.0,1288.3421999999998,4.335699999999999,1292.6779,1320.1743
4507,0.2099,0.0083,0.2182,0.0393,0.961961503208066,0.038038496791934,12.0907,5.3168,0.0,0.0,0.0,12.090700000000002,5.3168,17.407500000000002,17.4111
4508,27.5308,0.0081,27.5389,4.957,0.9997058706048534,0.0002941293951465018,1586.6653,5.3227,0.0,0.0,0.0,1586.6653000000003,5.322699999999999,1591.9880000000003,1641.9925
4509,9.6802,0.0072,9.6875,1.7437,0.9992464516129032,0.0007432258064516129,513.7412,4.385,0.0,0.0,0.0,513.7412000000002,4.385,518.1262000000002,525.1291
4510,0.3159,0.0082,0.3241,0.0583,0.974699166923789,0.02530083307621105,17.7272,5.148,0.0,0.0,0.0,17.727200000000003,5.148,22.875200000000003,22.8776
4511,0.2987,0.0078,0.3064,0.0552,0.974869451697128,0.025456919060052218,17.3636,4.8066,0.0,0.0,0.0,17.3636,4.8065999999999995,22.1702,22.1719
4512,28.7046,0.0076,28.7122,5.1682,0.9997353041564213,0.0002646958435786878,1564.7024,4.6692,0.0,0.0,0.0,1564.7024,4.6692,1569.3716,1599.8731
4513,11.697,0.0076,11.7045,2.1068,0.9993592208125079,0.0006493229099918835,631.9969,4.83,0.0,0.0,0.0,631.9969,4.83,636.8269,642.3223
4514,16.1465,0.0072,16.1536,2.9077,0.9995604694928684,0.0004457210776545166,873.6577,4.5908,0.0,0.0,0.0,873.6577,4.5908,878.2484999999999,889.7448
4515,0.3905,0.0081,0.3986,0.0717,0.9796788760662318,0.020321123933768188,21.7271,4.8951,0.0,0.0,0.0,21.727099999999997,4.8951,26.622199999999996,26.6198
4516,9.3637,0.0067,9.3703,1.6867,0.9992956468843046,0.00071502513259981,496.0188,3.9463,0.0,0.0,0.0,496.01879999999994,3.9463,499.96509999999995,500.466
4517,0.2687,0.007,0.2757,0.0496,0.9746100834240116,0.025389916575988394,15.2727,4.6635,0.0,0.0,0.0,15.2727,4.6635,19.9362,19.9316
4518,0.6979,0.0086,0.7065,0.1272,0.9878273177636234,0.012172682236376504,39.3636,5.0067,0.0,0.0,0.0,39.363600000000005,5.0067,44.37030000000001,44.3752
4519,9.0859,0.0071,9.0931,1.6368,0.999208190826011,0.0007808118243503317,483.4894,4.4529,0.0,0.0,0.0,483.48940000000005,4.452899999999999,487.94230000000005,490.4375
4520,14.8302,0.0078,14.8379,2.6708,0.9994810586403736,0.000525680857803328,866.3637,4.9271,0.0,0.0,0.0,866.3637000000001,4.927099999999999,871.2908000000001,896.7925
4521,27.0836,0.0091,27.0927,4.8767,0.9996641161641328,0.0003358838358672262,1590.6365,5.2548,0.0,0.0,0.0,1590.6365000000003,5.2547999999999995,1595.8913000000002,1629.3866
4522,11.9188,0.0079,11.9267,2.1468,0.9993376206326979,0.0006623793673019361,650.8893,4.5072,0.0,0.0,0.0,650.8892999999999,4.507200000000001,655.3965,657.8984
4523,0.3407,0.0073,0.348,0.0626,0.9790229885057472,0.020977011494252875,19.3634,4.8296,0.0,0.0,0.0,19.3634,4.8296,24.192999999999998,24.1916
4524,9.5966,0.0092,9.6058,1.729,0.9990422453101252,0.0009577546898748672,499.6938,5.705,0.0,0.0,0.0,499.69380000000007,5.704999999999998,505.39880000000005,505.3955
4525,15.9304,0.008,15.9384,2.8689,0.9994980675601065,0.0005019324398935904,834.669,5.2625,0.0,0.0,0.0,834.6690000000001,5.2625,839.9315000000001,855.4286
4526,11.3169,0.0073,11.3242,2.0384,0.999355362851239,0.0006446371487610604,663.9093,4.7001,0.0,0.0,0.0,663.9092999999998,4.7001,668.6093999999998,674.6116
4527,18.5699,0.0089,18.5788,3.3442,0.9995209593730489,0.00047904062695114857,1062.5454,5.5708,0.0,0.0,0.0,1062.5453999999997,5.5708,1068.1161999999997,1080.6142
4528,3.0585,0.0091,3.0676,0.5522,0.9970335115399661,0.0029664884600339027,162.923,5.5751,0.0,0.0,0.0,162.92300000000003,5.5751,168.49810000000002,168.4949
4529,20.2152,0.0071,20.2223,3.64,0.9996489024492763,0.00035109755072370604,1129.8181,4.5162,0.0,0.0,0.0,1129.8180999999997,4.5161999999999995,1134.3342999999998,1171.8377
4530,2.5807,0.0078,2.5885,0.4659,0.9969866718176552,0.0030133281823449876,138.5331,5.271,0.0,0.0,0.0,138.53310000000005,5.271000000000001,143.80410000000006,144.805
4531,25.3094,0.0079,25.3173,4.5571,0.9996879604065204,0.0003120395934795575,1492.2728,4.9416,0.0,0.0,0.0,1492.2727999999997,4.941599999999999,1497.2143999999998,1522.2171
4532,17.2963,0.0084,17.3047,3.1149,0.9995145827434164,0.0004854172565834715,996.0,5.3626,0.0,0.0,0.0,996.0,5.3626,1001.3626,1006.8632
4533,17.3684,0.0081,17.3765,3.1278,0.9995338531925302,0.0004661468074698587,934.5372,4.9158,0.0,0.0,0.0,934.5372000000001,4.9158,939.4530000000001,942.4551
4534,5.987,0.0071,5.9941,1.0789,0.9988155019102116,0.0011844980897882918,314.9812,4.6538,0.0,0.0,0.0,314.9812000000001,4.6538,319.6350000000001,319.6331
4535,10.1553,0.0085,10.1637,1.8295,0.9991735293249505,0.0008363096116571721,552.2116,5.2777,0.0,0.0,0.0,552.2116,5.2777,557.4893,560.4857
4536,28.866,0.0078,28.8738,5.1973,0.9997298589032272,0.0002701410967728529,1717.9092,4.856,0.0,0.0,0.0,1717.9092000000005,4.856000000000001,1722.7652000000005,1752.2614
4537,9.8842,0.009,9.8932,1.7808,0.9990902842356366,0.000909715764363401,533.2023,5.7026,0.0,0.0,0.0,533.2023,5.7025999999999994,538.9049,541.4062
4538,7.2711,0.0088,7.2798,1.3104,0.9988049122228633,0.0012088244182532487,377.5068,4.8573,0.0,0.0,0.0,377.50680000000006,4.8573,382.36410000000006,382.3631
4539,29.3609,0.0079,29.3688,5.2864,0.9997310070551061,0.00026899294489390104,1720.6364,5.2374,0.0,0.0,0.0,1720.6364000000003,5.2374,1725.8738000000003,1765.3747
4540,6.7845,0.007,6.7915,1.2225,0.9989692998601193,0.0010307001398807334,363.4272,4.4768,0.0,0.0,0.0,363.4272,4.4768,367.90400000000005,371.4002
4541,7.8148,0.0067,7.8215,1.4079,0.9991433868183852,0.0008566131816147797,403.8367,4.3366,0.0,0.0,0.0,403.83670000000006,4.336600000000001,408.17330000000004,408.1722
4542,7.2102,0.0074,7.2177,1.2992,0.9989608878174489,0.0010252573534505452,373.6034,4.73,0.0,0.0,0.0,373.6034,4.73,378.33340000000004,378.3335
4543,7.7674,0.008,7.7753,1.3996,0.9989839620336194,0.001028899206461487,411.1311,5.0412,0.0,0.0,0.0,411.13109999999995,5.0412,416.17229999999995,418.1703
4544,7.5217,0.008,7.5297,1.3554,0.9989375406722711,0.0010624593277288603,388.4767,5.2363,0.0,0.0,0.0,388.4767,5.236299999999999,393.71299999999997,393.7104
4545,0.2722,0.0085,0.2807,0.0505,0.9697185607410046,0.03028143925899537,15.0001,5.0693,0.0,0.0,0.0,15.000100000000003,5.0693,20.0694,20.0649
4546,7.9547,0.0071,7.9618,1.4331,0.9991082418548569,0.0008917581451430581,424.5411,4.7306,0.0,0.0,0.0,424.5411,4.730600000000001,429.27169999999995,429.7701
4547,15.0421,0.0076,15.0497,2.7089,0.9994950065449809,0.0005049934550190369,792.9884,4.6264,0.0,0.0,0.0,792.9884,4.6264,797.6148,803.617
4548,5.4772,0.0079,5.485,0.9873,0.998577939835916,0.001440291704649043,283.0773,5.0723,0.0,0.0,0.0,283.0773,5.0723,288.14959999999996,288.1539
4549,15.825,0.0073,15.8323,2.8498,0.9995389172767064,0.0004610827232935202,939.4564,4.5081,0.0,0.0,0.0,939.4563999999999,4.508100000000001,943.9644999999999,975.4672
4550,14.7445,0.0083,14.7528,2.6555,0.9994373949351987,0.0005626050648012581,806.2492,5.1838,0.0,0.0,0.0,806.2492,5.183799999999999,811.433,818.9343
4551,7.1973,0.007,7.2043,1.2968,0.9990283580639341,0.0009716419360659606,373.0771,4.6503,0.0,0.0,0.0,373.07710000000003,4.6503,377.72740000000005,377.7242
4552,13.97,0.0062,13.9761,2.5157,0.9995635406157655,0.00044361445610721157,754.8975,3.9278,0.0,0.0,0.0,754.8974999999999,3.9277999999999995,758.8253,760.3238
4553,7.5329,0.0088,7.5417,1.3575,0.9988331543285996,0.0011668456714003475,392.6454,6.0137,0.0,0.0,0.0,392.6454,6.013699999999999,398.65909999999997,398.662
4554,5.8474,0.0093,5.8567,1.0542,0.9984120750593338,0.0015879249406662453,308.3316,5.4945,0.0,0.0,0.0,308.3316,5.4944999999999995,313.8261,314.3282
4555,8.8583,0.0069,8.8652,1.5957,0.9992216757659161,0.0007783242340838334,468.7847,4.4684,0.0,0.0,0.0,468.78470000000004,4.4684,473.2531,474.2503
4556,7.916,0.0084,7.9244,1.4264,0.9989399828378174,0.0010600171621826257,412.5294,5.3137,0.0,0.0,0.0,412.5293999999999,5.3137,417.8430999999999,417.8478
4557,30.4412,0.0081,30.4493,5.4809,0.9997339840324736,0.00026601596752634705,1626.2454,5.1076,0.0,0.0,0.0,1626.2454,5.1076,1631.353,1680.3565
4558,12.8076,0.0067,12.8143,2.3066,0.9994771466252547,0.0005228533747454017,745.7272,4.5287,0.0,0.0,0.0,745.7272000000002,4.5287,750.2559000000001,753.7567
4559,7.1819,0.0082,7.1901,1.2942,0.9988595429827123,0.0011404570172876595,372.0712,5.0489,0.0,0.0,0.0,372.07120000000003,5.0489,377.12010000000004,377.1236
4560,7.9276,0.0077,7.9353,1.4284,0.999029652313082,0.0009703476869179489,425.955,4.7779,0.0,0.0,0.0,425.955,4.777900000000001,430.7329,432.735
4561,19.2299,0.0085,19.2384,3.4629,0.9995581753160347,0.0004418246839654026,1138.5258,5.4583,0.0,0.0,0.0,1138.5257999999997,5.4582999999999995,1143.9840999999997,1156.9888
4562,31.0807,0.0085,31.0892,5.5961,0.9997265931577525,0.00027340684224746856,1691.3976,5.452,0.0,0.0,0.0,1691.3976000000002,5.452,1696.8496000000002,1733.8507
4563,7.1181,0.0077,7.1258,1.2826,0.9989194195739426,0.0010805804260574253,368.2978,4.927,0.0,0.0,0.0,368.29780000000005,4.927,373.2248000000001,373.2295
4564,5.4674,0.0083,5.4757,0.9856,0.9984842120642109,0.0015157879357890315,283.682,5.2985,0.0,0.0,0.0,283.682,5.2985,288.9805,288.9776
4565,8.6413,0.0071,8.6484,1.5567,0.9991790388973681,0.0008209611026317007,459.9299,4.5593,0.0,0.0,0.0,459.9299000000001,4.5592999999999995,464.4892000000001,464.4859
4566,9.3573,0.0076,9.3648,1.6857,0.9991991286519734,0.0008115496326670084,510.7766,4.6899,0.0,0.0,0.0,510.77660000000003,4.6899,515.4665,517.4652
4567,7.8919,0.0078,7.8998,1.422,0.9989999746829034,0.0009873667687789564,407.8941,4.7009,0.0,0.0,0.0,407.8941,4.700900000000001,412.59499999999997,413.0997
4568,9.7745,0.008,9.7825,1.7609,0.9991822131357014,0.0008177868642984922,516.3511,5.294,0.0,0.0,0.0,516.3511,5.294,521.6451,522.6452
4569,7.74,0.007,7.7471,1.3945,0.9990835280298435,0.0009035639142388766,400.2019,4.5711,0.0,0.0,0.0,400.20189999999997,4.5710999999999995,404.77299999999997,404.7688
4570,10.2764,0.008,10.2844,1.8512,0.9992221228268058,0.0007778771731943527,551.8362,5.0243,0.0,0.0,0.0,551.8362,5.024299999999999,556.8605,559.3617
4571,22.5641,0.0068,22.5709,4.0628,0.9996987271220907,0.0003012728779091662,1328.1818,4.6643,0.0,0.0,0.0,1328.1818000000003,4.6643,1332.8461000000002,1345.351
4572,25.6466,0.008,25.6547,4.6178,0.9996842683796732,0.0003118336990882763,1436.522,4.8505,0.0,0.0,0.0,1436.5220000000002,4.8505,1441.3725000000002,1466.3719
4573,7.2866,0.0091,7.2956,1.3132,0.9987663797357311,0.0012473271560940842,377.8482,5.6346,0.0,0.0,0.0,377.8482000000001,5.634599999999999,383.48280000000005,383.4785
4574,5.7995,0.0083,5.8078,1.0454,0.998570887427253,0.0014291125727469954,304.7252,5.0199,0.0,0.0,0.0,304.7252000000001,5.019900000000001,309.7451000000001,309.7474
4575,9.4112,0.009,9.4201,1.6956,0.9990552117281132,0.0009554038704472351,507.4666,5.3271,0.0,0.0,0.0,507.46659999999997,5.3271,512.7937,513.7898
4576,16.0008,0.0082,16.009,2.8816,0.999487788119183,0.0005122118808170404,848.05,4.8143,0.0,0.0,0.0,848.0500000000002,4.814299999999999,852.8643000000002,865.8616
4577,9.8878,0.0075,9.8953,1.7812,0.999242064414419,0.0007579355855810334,586.7272,4.6266,0.0,0.0,0.0,586.7272,4.626599999999999,591.3538000000001,600.3573
4578,7.8183,0.0079,7.8263,1.4087,0.9989778056041808,0.0010094169658714847,405.7562,5.1901,0.0,0.0,0.0,405.7562000000001,5.190100000000001,410.94630000000006,410.9453
4579,13.6098,0.009,13.6188,2.4514,0.9993391488236849,0.0006608511763150938,735.0369,5.3235,0.0,0.0,0.0,735.0368999999998,5.323499999999999,740.3603999999998,746.3584
4580,9.816,0.0088,9.8248,1.7685,0.9991043074668188,0.0008956925331813371,584.3635,5.4301,0.0,0.0,0.0,584.3635,5.4301,589.7936000000001,600.2968
4581,5.5875,0.0092,5.5967,1.0074,0.9983561741740669,0.0016438258259331392,290.6909,5.4549,0.0,0.0,0.0,290.6909,5.4549,296.1458,296.1422
4582,9.8523,0.0075,9.8598,1.7748,0.9992393354834783,0.0007606645165216333,522.0087,4.8283,0.0,0.0,0.0,522.0087,4.8283000000000005,526.837,528.8403
4583,13.0978,0.0086,13.1064,2.3591,0.9993438320209973,0.0006561679790026247,720.5881,5.4609,0.0,0.0,0.0,720.5881,5.4609000000000005,726.0490000000001,729.5532
4584,24.2278,0.0077,24.2355,4.3624,0.9996822842524397,0.000317715747560397,1419.9092,5.0871,0.0,0.0,0.0,1419.9092000000003,5.0870999999999995,1424.9963000000002,1436.4959
4585,29.7237,0.0075,29.7311,5.3516,0.9997511023810084,0.0002522611003292848,1694.8182,4.7664,0.0,0.0,0.0,1694.8182,4.7664,1699.5846,1717.5872
4586,19.8364,0.0065,19.8429,3.5717,0.9996724269134049,0.0003275730865952053,1167.4545,4.3185,0.0,0.0,0.0,1167.4545000000003,4.318500000000001,1171.7730000000004,1200.2701
4587,24.2607,0.0088,24.2694,4.3685,0.9996415238942866,0.00036259652072156707,1398.0002,5.5039,0.0,0.0,0.0,1398.0002,5.5039,1403.5040999999999,1422.5057
4588,25.7465,0.0083,25.7547,4.6359,0.9996816115116853,0.00032227127475761705,1478.7271,4.9546,0.0,0.0,0.0,1478.7271000000003,4.9546,1483.6817000000003,1519.1809
4589,10.7342,0.0082,10.7425,1.9336,0.9992273679311147,0.0007633232487782174,598.5383,5.1894,0.0,0.0,0.0,598.5382999999999,5.189399999999999,603.7276999999999,608.2276
4590,7.5105,0.0074,7.5179,1.3532,0.9990156825709308,0.000984317429069288,393.1936,4.7778,0.0,0.0,0.0,393.19359999999995,4.777799999999999,397.97139999999996,398.4759
4591,7.4291,0.0077,7.4368,1.3386,0.9989646084337349,0.0010353915662650603,390.0079,5.0364,0.0,0.0,0.0,390.0079,5.0364,395.0443,395.04
4592,22.9592,0.0084,22.9676,4.1342,0.9996342674027761,0.0003657325972239154,1333.4547,5.159,0.0,0.0,0.0,1333.4547000000002,5.159,1338.6137000000003,1353.1109
4593,9.823,0.0086,9.8316,1.7697,0.9991252695390375,0.0008747304609626104,557.724,4.9174,0.0,0.0,0.0,557.724,4.917399999999999,562.6414000000001,567.1398
4594,7.9196,0.0089,7.9285,1.4271,0.9988774673645708,0.001122532635429148,411.2567,5.3267,0.0,0.0,0.0,411.2567,5.326699999999999,416.58340000000004,418.0809
4595,27.6898,0.0093,27.6991,4.9858,0.9996642490189213,0.00033575098107880755,1546.0,5.5254,0.0,0.0,0.0,1546.0,5.525399999999999,1551.5254,1587.0254
4596,9.0052,0.0077,9.0129,1.6223,0.9991456689855651,0.0008543310144348656,501.756,4.9636,0.0,0.0,0.0,501.7560000000001,4.9636000000000005,506.71960000000007,512.223
4597,10.2197,0.0064,10.2262,1.8407,0.9993643777747354,0.0006258434217989087,546.1085,4.188,0.0,0.0,0.0,546.1084999999999,4.188,550.2964999999999,552.7933
4598,26.7477,0.0067,26.7544,4.8158,0.9997495739018628,0.00025042609813712884,1553.8182,4.2532,0.0,0.0,0.0,1553.8181999999997,4.2532,1558.0713999999998,1620.0764
4599,9.7998,0.008,9.8078,1.7654,0.9991843226819469,0.0008156773180529783,563.1271,5.0109,0.0,0.0,0.0,563.1271,5.0109,568.138,570.1342
4600,6.9601,0.0091,6.9692,1.2545,0.9986942547207713,0.001305745279228606,360.6216,5.8109,0.0,0.0,0.0,360.62160000000006,5.8109,366.43250000000006,366.4333
4601,13.3639,0.0078,13.3717,2.4069,0.9994166785075943,0.0005833214924056029,715.0134,4.8817,0.0,0.0,0.0,715.0133999999999,4.8816999999999995,719.8951,723.3975
4602,6.956,0.0078,6.9638,1.2535,0.9988799218817312,0.0011200781182687614,365.4065,4.887,0.0,0.0,0.0,365.40649999999994,4.887,370.29349999999994,370.7936
4603,6.6881,0.0081,6.6962,1.2053,0.9987903587109107,0.001209641289089334,346.586,4.9809,0.0,0.0,0.0,346.5859999999999,4.9809,351.5668999999999,351.5685
4604,18.6382,0.0074,18.6456,3.3562,0.9996031235251212,0.0003968764748787918,1055.9021,4.7275,0.0,0.0,0.0,1055.9021,4.7275,1060.6296,1066.6325
4605,0.4258,0.0069,0.4326,0.0779,0.9842810910772076,0.0159500693481276,25.5453,4.2843,0.0,0.0,0.0,25.5453,4.2843,29.8296,30.8255
4606,15.421,0.0068,15.4278,2.777,0.9995592372211203,0.00044076277887968474,860.5745,4.4307,0.0,0.0,0.0,860.5744999999998,4.4307,865.0051999999998,871.5046
4607,15.6599,0.0079,15.6677,2.8202,0.9995021604957971,0.0005042220619491055,878.7638,5.1449,0.0,0.0,0.0,878.7638,5.1449,883.9087,892.9072
4608,7.7904,0.0065,7.7969,1.4034,0.9991663353384037,0.0008336646615962754,406.2765,4.1886,0.0,0.0,0.0,406.27649999999994,4.1886,410.46509999999995,412.4646
4609,28.1894,0.0081,28.1975,5.0756,0.9997127404911782,0.000287259508821704,1685.9091,5.145,0.0,0.0,0.0,1685.9091000000005,5.1450000000000005,1691.0541000000005,1704.5587
4610,6.875,0.0071,6.8821,1.2388,0.9989683381525988,0.0010316618474012294,360.0842,4.4749,0.0,0.0,0.0,360.0842,4.4749,364.5591,365.0626
4611,22.9987,0.0071,23.0058,4.141,0.9996913821731911,0.00030861782680889166,1282.9655,4.55,0.0,0.0,0.0,1282.9655000000002,4.55,1287.5155000000002,1309.5154
4612,9.907,0.0081,9.9151,1.7847,0.9991830642151869,0.0008169357848130628,546.0769,5.3897,0.0,0.0,0.0,546.0769,5.389700000000001,551.4666,557.967
4613,16.5497,0.009,16.5587,2.9806,0.9994564790714247,0.0005435209285753107,890.551,5.5232,0.0,0.0,0.0,890.5510000000002,5.523199999999999,896.0742000000001,908.0736
4614,6.8735,0.0084,6.882,1.2388,0.9987648939261843,0.0012205754141238012,359.4771,5.1951,0.0,0.0,0.0,359.4771,5.195100000000001,364.67220000000003,364.6741
4615,7.0117,0.007,7.0187,1.2634,0.9990026643110548,0.0009973356889452464,362.0173,4.5266,0.0,0.0,0.0,362.0172999999999,4.5266,366.5438999999999,367.046
4616,18.1191,0.0073,18.1264,3.2628,0.999597272486539,0.0004027275134610292,1057.3636,4.7618,0.0,0.0,0.0,1057.3636000000004,4.7618,1062.1254000000004,1087.1275
4617,29.5294,0.007,29.5364,5.3166,0.9997630042930079,0.00023699570699205048,1612.7274,4.5386,0.0,0.0,0.0,1612.7274000000002,4.538600000000001,1617.2660000000003,1638.7656
4618,8.415,0.0091,8.4241,1.5163,0.9989197659097114,0.001080234090288577,496.1817,5.6915,0.0,0.0,0.0,496.1817000000001,5.6915000000000004,501.8732000000001,505.3712
4619,26.3391,0.0072,26.3463,4.7423,0.9997267168444904,0.0002732831555095023,1559.9999,4.3398,0.0,0.0,0.0,1559.9999,4.339799999999999,1564.3397,1600.844
4620,30.2345,0.0076,30.242,5.4436,0.9997520005290655,0.0002513061305469215,1644.4548,4.7722,0.0,0.0,0.0,1644.4548000000004,4.7722,1649.2270000000005,1667.2309
4621,6.8764,0.0077,6.8842,1.2391,0.9988669707446036,0.0011185032393015893,356.1435,4.9133,0.0,0.0,0.0,356.14350000000013,4.9133000000000004,361.0568000000001,361.0611
4622,12.3145,0.0075,12.322,2.218,0.9993913325758806,0.0006086674241194611,701.1102,4.8746,0.0,0.0,0.0,701.1101999999998,4.8746,705.9847999999998,709.4884
4623,6.8047,0.0064,6.8111,1.226,0.9990603573578425,0.0009396426421576545,352.7423,4.2877,0.0,0.0,0.0,352.74229999999994,4.2877,357.0299999999999,357.0261
4624,6.404,0.0087,6.4127,1.1543,0.9986433171674958,0.0013566828325042492,332.9602,5.2475,0.0,0.0,0.0,332.96020000000004,5.2475000000000005,338.20770000000005,338.2038
4625,5.2049,0.008,5.2129,0.9383,0.9984653455849911,0.0015346544150089201,271.4799,5.0413,0.0,0.0,0.0,271.47990000000004,5.041299999999999,276.5212,276.519
4626,24.7032,0.0074,24.7106,4.4479,0.9997005333743414,0.00029946662565862427,1433.4908,4.6997,0.0,0.0,0.0,1433.4908000000005,4.699700000000001,1438.1905000000004,1466.1945
4627,12.8501,0.0078,12.8579,2.3144,0.9993933690571554,0.0006066309428444769,715.4879,4.8389,0.0,0.0,0.0,715.4879000000002,4.8389,720.3268000000002,727.825
4628,17.5105,0.0078,17.5183,3.1533,0.9995547513171941,0.00044524868280598003,954.2871,4.5717,0.0,0.0,0.0,954.2871000000001,4.5717,958.8588000000001,980.3573
4629,15.4056,0.0086,15.4142,2.7746,0.9994420728938253,0.0005579271061748258,876.4544,5.5512,0.0,0.0,0.0,876.4543999999999,5.551200000000001,882.0055999999998,886.0098
4630,26.0998,0.0077,26.1075,4.6994,0.9997050655941778,0.0002949344058220818,1501.6364,5.0356,0.0,0.0,0.0,1501.6364000000003,5.0356000000000005,1506.6720000000003,1561.1739
4631,10.7115,0.0085,10.72,1.9296,0.9992070895522387,0.0007929104477611941,582.9591,5.0254,0.0,0.0,0.0,582.9591,5.0254,587.9845,589.9882
4632,7.6122,0.0083,7.6205,1.3717,0.9989108326225313,0.00108916737746867,398.9406,5.4058,0.0,0.0,0.0,398.9406,5.405799999999999,404.3464,404.8509
4633,6.9296,0.008,6.9376,1.2488,0.9988468634686347,0.0011531365313653136,361.9209,5.1798,0.0,0.0,0.0,361.9209,5.179799999999999,367.1007,367.0993
4634,13.0423,0.0073,13.0496,2.3489,0.9994405958803334,0.0005594041196665032,709.6566,4.5862,0.0,0.0,0.0,709.6566000000001,4.5862,714.2428000000001,718.2418
4635,10.3177,0.0076,10.3253,1.8586,0.9992639439047776,0.0007360560952224148,563.4556,5.0114,0.0,0.0,0.0,563.4556,5.011400000000001,568.467,574.9639
4636,7.677,0.0102,7.6872,1.3837,0.9986731189509834,0.0013268810490165471,424.7267,5.8974,0.0,0.0,0.0,424.72669999999994,5.897399999999999,430.62409999999994,431.6241
4637,7.2705,0.0078,7.2783,1.3101,0.9989283211739005,0.0010716788260995013,402.9014,4.8639,0.0,0.0,0.0,402.9014000000001,4.8639,407.7653000000001,414.2645
4638,18.4223,0.0085,18.4308,3.3175,0.9995388154610759,0.00046118453892397506,1047.5034,4.9728,0.0,0.0,0.0,1047.5033999999996,4.9728,1052.4761999999996,1076.9723
4639,7.1384,0.0079,7.1463,1.2863,0.9988945328351734,0.0011054671648265536,376.1427,5.2493,0.0,0.0,0.0,376.14270000000005,5.2493,381.39200000000005,381.3901
4640,26.7836,0.0062,26.7898,4.8222,0.999768568634331,0.0002314313656690233,1480.1224,3.7754,0.0,0.0,0.0,1480.1223999999997,3.7754000000000003,1483.8977999999997,1497.3989
4641,20.0332,0.0087,20.042,3.6076,0.9995609220636663,0.00043408841432990714,1114.5418,5.3272,0.0,0.0,0.0,1114.5418,5.3272,1119.869,1130.3678
4642,9.2629,0.0079,9.2709,1.6688,0.999137084856918,0.0008521287037935909,500.4937,5.0172,0.0,0.0,0.0,500.4937000000001,5.0172,505.5109000000001,508.5097
4643,8.8343,0.0076,8.8418,1.5915,0.9991517564296865,0.000859553484584587,475.1576,4.8373,0.0,0.0,0.0,475.15760000000006,4.837299999999999,479.99490000000003,480.9952
4644,16.7452,0.0075,16.7527,3.0155,0.9995523109707689,0.000447689029231109,938.0656,4.7993,0.0,0.0,0.0,938.0655999999999,4.7993,942.8648999999999,958.3694
4645,19.8825,0.0086,19.8912,3.5804,0.9995626206563706,0.0004323519948519948,1073.5296,5.2046,0.0,0.0,0.0,1073.5296,5.204600000000001,1078.7342,1105.2294
4646,6.0706,0.0086,6.0792,1.0943,0.9985853401763389,0.001414659823661008,314.6001,5.3745,0.0,0.0,0.0,314.6001000000001,5.374499999999999,319.9746000000001,319.9752
4647,26.9838,0.0086,26.9924,4.8586,0.999681391799173,0.00031860820082689945,1511.818,5.2822,0.0,0.0,0.0,1511.8179999999998,5.2822000000000005,1517.1001999999999,1547.6042
4648,15.2972,0.0077,15.305,2.7549,0.9994903626265926,0.0005031035609278014,847.3285,4.8421,0.0,0.0,0.0,847.3284999999998,4.8421,852.1705999999998,875.1745
4649,8.1711,0.0071,8.1783,1.4721,0.9991196214372179,0.0008681510827433575,428.7056,4.7894,0.0,0.0,0.0,428.7056,4.7894,433.495,436.491
4650,6.4809,0.0065,6.4874,1.1677,0.9989980577735302,0.0010019422264697722,336.3023,4.5041,0.0,0.0,0.0,336.3023,4.504099999999999,340.8064,341.3104
4651,11.7443,0.0083,11.7526,2.1155,0.9992937732927183,0.000706226707281793,673.5501,5.3018,0.0,0.0,0.0,673.5500999999999,5.301800000000001,678.8518999999999,684.3518
4652,4.7309,0.0081,4.739,0.853,0.9982907786452838,0.0017092213547161847,248.5313,4.9697,0.0,0.0,0.0,248.5313,4.9697,253.50099999999998,254.5021
4653,7.6021,0.0075,7.6096,1.3697,0.9990144028595458,0.000985597140454163,405.1501,4.4048,0.0,0.0,0.0,405.15010000000007,4.4048,409.5549000000001,411.0526
4654,7.0253,0.008,7.0333,1.266,0.9988625538509661,0.0011374461490338817,368.4131,4.8785,0.0,0.0,0.0,368.4131,4.8785,373.29159999999996,373.7914
4655,20.7638,0.0077,20.7715,3.7389,0.9996292997616927,0.00037070023830729605,1226.4547,4.9079,0.0,0.0,0.0,1226.4547000000002,4.907900000000001,1231.3626000000002,1237.3577
4656,8.3376,0.0079,8.3455,1.5022,0.9990533820621893,0.0009466179378107964,449.8961,4.8731,0.0,0.0,0.0,449.89610000000005,4.873100000000001,454.76920000000007,458.2687
4657,15.4742,0.008,15.4822,2.7868,0.999483277570371,0.0005167224296288641,881.7273,4.9641,0.0,0.0,0.0,881.7273000000001,4.964099999999999,886.6914000000002,904.1928
4658,11.3373,0.0087,11.346,2.0423,0.9992332099418297,0.0007667900581702802,627.3783,5.2891,0.0,0.0,0.0,627.3783000000001,5.2891,632.6674,637.1696
4659,27.0933,0.0081,27.1014,4.8783,0.9997011224512385,0.0002988775487613186,1503.091,5.0511,0.0,0.0,0.0,1503.0909999999997,5.0511,1508.1420999999996,1557.1421
4660,17.9684,0.0086,17.977,3.2359,0.9995216109473215,0.0004783890526784224,1010.5455,5.2756,0.0,0.0,0.0,1010.5454999999998,5.2756,1015.8210999999999,1034.8183
4661,10.6294,0.007,10.6364,1.9146,0.9993418825918544,0.0006581174081456132,598.9067,4.4253,0.0,0.0,0.0,598.9067000000002,4.4253,603.3320000000002,609.8298
4662,6.4206,0.0084,6.429,1.1572,0.9986934204386374,0.0013065795613625758,335.2131,5.1041,0.0,0.0,0.0,335.21309999999994,5.1041,340.31719999999996,341.3192
4663,6.2034,0.0074,6.2108,1.1179,0.9988085270818575,0.0011914729181425904,323.7972,4.373,0.0,0.0,0.0,323.7972,4.373,328.17019999999997,329.1736
4664,24.9557,0.0087,24.9644,4.4936,0.9996515037413276,0.0003484962586723494,1492.8182,5.23,0.0,0.0,0.0,1492.8181999999997,5.2299999999999995,1498.0481999999997,1508.546
4665,27.3686,0.0084,27.377,4.9279,0.9996931731015086,0.0003068268984914344,1551.2728,4.7543,0.0,0.0,0.0,1551.2727999999997,4.754300000000001,1556.0270999999998,1597.5246
4666,17.2513,0.0084,17.2597,3.1067,0.9995133171491973,0.000486682850802737,1001.1819,5.0504,0.0,0.0,0.0,1001.1819,5.050400000000001,1006.2323,1014.2317
4667,6.2343,0.0081,6.2424,1.1236,0.9987024221453288,0.0012975778546712802,323.6206,5.1085,0.0,0.0,0.0,323.62059999999997,5.108499999999999,328.72909999999996,328.7254
4668,4.6437,0.0079,4.6516,0.8373,0.9983016596439934,0.0016983403560065355,242.9378,4.9874,0.0,0.0,0.0,242.9378,4.987400000000001,247.92520000000002,247.9214
4669,19.2809,0.0079,19.2888,3.472,0.9995904359006264,0.0004095640993737299,1078.6364,4.7288,0.0,0.0,0.0,1078.6364000000003,4.7288,1083.3652000000004,1112.363
4670,7.3573,0.0076,7.3648,1.3257,0.9989816424071258,0.0010319356941125353,397.9562,4.9963,0.0,0.0,0.0,397.9562,4.9963,402.95250000000004,403.951
4671,8.9755,0.0085,8.984,1.6171,0.9990538735529831,0.0009461264470169191,491.1964,5.3066,0.0,0.0,0.0,491.19640000000004,5.3066,496.50300000000004,502.5044
4672,16.5683,0.0078,16.5762,2.9837,0.9995234130862322,0.00047055416802403445,950.0908,4.8806,0.0,0.0,0.0,950.0908000000002,4.880599999999999,954.9714000000001,963.975
4673,8.6541,0.0085,8.6626,1.5593,0.9990187703460855,0.0009812296539145292,469.3925,5.2121,0.0,0.0,0.0,469.39250000000004,5.2121,474.60460000000006,475.6078
4674,6.2198,0.0082,6.228,1.121,0.9986833654463713,0.0013166345536287734,323.5606,5.2329,0.0,0.0,0.0,323.5606,5.2329,328.7935,329.2958
4675,16.8384,0.0082,16.8466,3.0324,0.9995132549000986,0.00048674509990146385,959.1106,5.0869,0.0,0.0,0.0,959.1106,5.0869,964.1975,992.194
4676,14.1129,0.0079,14.1208,2.5417,0.9994405416123733,0.0005594583876267635,790.6364,5.0464,0.0,0.0,0.0,790.6363999999999,5.0464,795.6827999999998,806.6837
4677,7.4089,0.0071,7.416,1.3349,0.9990426105717367,0.0009573894282632147,399.6132,4.5456,0.0,0.0,0.0,399.6132,4.5456,404.1588,417.1618
4678,27.2292,0.0078,27.237,4.9027,0.9997136248485516,0.0002863751514483974,1502.0,4.873,0.0,0.0,0.0,1502.0,4.872999999999999,1506.873,1553.876
4679,5.9668,0.0081,5.9748,1.0755,0.9986610430474661,0.0013556939144406506,307.8529,4.8735,0.0,0.0,0.0,307.8528999999999,4.873500000000001,312.7263999999999,313.2307
4680,9.6962,0.0093,9.7055,1.747,0.9990417804337746,0.000958219566225336,533.881,5.3783,0.0,0.0,0.0,533.881,5.378299999999999,539.2592999999999,545.2567
4681,20.3396,0.0082,20.3478,3.6626,0.9995970080303522,0.0004029919696478244,1140.5322,5.1695,0.0,0.0,0.0,1140.5322,5.169499999999999,1145.7017,1179.7004
4682,20.8882,0.008,20.8962,3.7613,0.9996171552722505,0.000382844727749543,1179.9093,4.826,0.0,0.0,0.0,1179.9093000000005,4.8260000000000005,1184.7353000000005,1203.2398
4683,7.1988,0.0078,7.2066,1.2972,0.9989176588127551,0.0010823411872450254,379.7184,4.9026,0.0,0.0,0.0,379.7184,4.9026,384.621,385.622
4684,7.4055,0.007,7.4125,1.3342,0.9990556492411468,0.0009443507588532884,403.4825,4.7081,0.0,0.0,0.0,403.4825,4.7081,408.1906,408.1924
4685,15.7567,0.0072,15.7639,2.8375,0.9995432602338254,0.00045673976617461416,885.8181,4.8492,0.0,0.0,0.0,885.8181000000002,4.8492,890.6673000000002,898.1696
4686,5.8669,0.009,5.876,1.0577,0.9984513274336283,0.001531654186521443,307.0531,5.4043,0.0,0.0,0.0,307.05310000000003,5.404300000000001,312.4574,312.9612
4687,16.7962,0.0086,16.8048,3.0249,0.9994882414548224,0.0005117585451775683,918.7305,5.2547,0.0,0.0,0.0,918.7305000000001,5.2547,923.9852000000001,932.9832
4688,4.3674,0.008,4.3753,0.7876,0.9981944095262039,0.0018284460494137544,229.1431,5.0078,0.0,0.0,0.0,229.1431,5.007800000000001,234.1509,234.1519
4689,8.6387,0.0083,8.6469,1.5565,0.9990516832622095,0.0009598815760561588,465.3729,5.1122,0.0,0.0,0.0,465.3729000000001,5.1122,470.48510000000005,471.9805
4690,8.4477,0.0072,8.4549,1.5219,0.9991484228080757,0.0008515771919242096,463.5239,4.6478,0.0,0.0,0.0,463.5239,4.6478,468.17170000000004,471.6707
4691,0.4879,0.0088,0.4967,0.0894,0.9822830682504531,0.017716931749547013,29.2728,5.7479,0.0,0.0,0.0,29.272799999999997,5.7479000000000005,35.0207,35.0158
4692,6.0714,0.0077,6.0792,1.0942,0.998716936439005,0.0012666140281616001,328.8785,4.8366,0.0,0.0,0.0,328.8785,4.8366,333.71509999999995,335.2169
4693,7.5604,0.0072,7.5675,1.3622,0.9990617773372976,0.0009514370664023786,414.3254,4.734,0.0,0.0,0.0,414.3253999999999,4.734,419.05939999999987,421.0571
4694,8.6959,0.0076,8.7035,1.5666,0.9991267880737634,0.0008732119262365715,478.5577,4.9896,0.0,0.0,0.0,478.55770000000007,4.9896,483.54730000000006,485.0481
4695,17.419,0.007,17.426,3.1367,0.9995983013887296,0.00040169861127051535,1014.6362,4.5365,0.0,0.0,0.0,1014.6361999999999,4.5365,1019.1727,1030.1697
4696,8.1313,0.0085,8.1398,1.4652,0.998955748298484,0.001044251701516008,445.9642,5.2146,0.0,0.0,0.0,445.9642,5.2146,451.1788,451.6749
4697,15.7257,0.0067,15.7324,2.8318,0.9995741272787368,0.00042587272126312577,872.5734,4.3655,0.0,0.0,0.0,872.5734,4.365500000000001,876.9389,891.4414
4698,16.5093,0.0065,16.5158,2.9729,0.9996064374719966,0.0003935625280034876,920.8225,4.2496,0.0,0.0,0.0,920.8225000000001,4.2496,925.0721000000001,940.0766
4699,24.3659,0.0079,24.3738,4.3873,0.9996758814792933,0.0003241185207066605,1455.273,5.0608,0.0,0.0,0.0,1455.2729999999997,5.0608,1460.3337999999997,1542.8354
4700,8.9072,0.008,8.9151,1.6047,0.999113862996489,0.0008973539276059719,488.0701,4.9192,0.0,0.0,0.0,488.0700999999999,4.9192,492.9892999999999,500.4895
4701,15.9231,0.0074,15.9306,2.8675,0.9995292079394373,0.00046451483308852147,924.818,4.4676,0.0,0.0,0.0,924.8179999999998,4.4676,929.2855999999997,941.783
4702,5.9468,0.0077,5.9545,1.0718,0.9987068603577125,0.0012931396422873457,307.6213,4.6892,0.0,0.0,0.0,307.6213,4.6892,312.31050000000005,312.8078
4703,5.463,0.0075,5.4705,0.9847,0.9986290101453249,0.0013709898546750753,285.818,4.651,0.0,0.0,0.0,285.818,4.651,290.469,291.4698
4704,7.3903,0.0078,7.3981,1.3317,0.9989456752409401,0.0010543247590597586,385.9747,5.1231,0.0,0.0,0.0,385.97469999999987,5.1231,391.0977999999999,392.6019
4705,26.8409,0.0076,26.8485,4.8327,0.9997169301823193,0.00028306981768068976,1516.6362,4.9827,0.0,0.0,0.0,1516.6362,4.9827,1521.6189,1549.1203
4706,6.3929,0.0083,6.4012,1.1522,0.9987033681184777,0.0012966318815222145,337.8157,5.1773,0.0,0.0,0.0,337.8157,5.177299999999999,342.993,342.9892
4707,5.5751,0.0084,5.5836,1.005,0.9984776846478974,0.0015044057597249087,288.936,5.054,0.0,0.0,0.0,288.93600000000004,5.053999999999999,293.99,293.9936
4708,9.5407,0.0081,9.5487,1.7188,0.9991621896174347,0.0008482830123472305,540.6361,5.2569,0.0,0.0,0.0,540.6360999999999,5.256900000000001,545.8929999999999,551.392
4709,4.6052,0.0073,4.6125,0.8302,0.9984173441734417,0.0015826558265582657,240.8142,4.5982,0.0,0.0,0.0,240.81420000000003,4.5982,245.41240000000002,245.4142
4710,19.186,0.0085,19.1945,3.455,0.999557164812837,0.0004428351871629894,1107.2256,5.4199,0.0,0.0,0.0,1107.2256000000004,5.4199,1112.6455000000005,1118.6502
4711,13.3948,0.0069,13.4017,2.4123,0.9994851399449324,0.0005148600550676407,744.7395,4.5392,0.0,0.0,0.0,744.7395000000001,4.539199999999999,749.2787000000002,754.775
4712,8.6669,0.0079,8.6748,1.5615,0.9990893161802002,0.0009106838197998802,471.1818,4.9695,0.0,0.0,0.0,471.18179999999995,4.9695,476.15129999999994,477.1518
4713,8.7166,0.008,8.7246,1.5704,0.9990830525181669,0.000916947481832978,465.6223,4.678,0.0,0.0,0.0,465.62229999999994,4.678,470.30029999999994,472.3015
4714,26.7351,0.0083,26.7434,4.8138,0.9996896430521175,0.0003103569478824682,1549.3637,5.6152,0.0,0.0,0.0,1549.3637,5.6152,1554.9789,1599.9782
4715,10.8186,0.008,10.8266,1.9488,0.9992610791938374,0.0007389208061625996,606.9545,4.8774,0.0,0.0,0.0,606.9545,4.8774,611.8319,617.329
4716,6.2449,0.008,6.2528,1.1255,0.9987365660184239,0.00127942681678608,328.9,5.0006,0.0,0.0,0.0,328.9,5.0006,333.9006,333.9035
4717,10.3654,0.0066,10.372,1.867,0.999363671423062,0.0006363285769379098,572.1552,4.4166,0.0,0.0,0.0,572.1551999999998,4.4166,576.5717999999998,586.0694
4718,5.731,0.0073,5.7384,1.0329,0.9987104419350341,0.0012721316046284679,296.4007,4.739,0.0,0.0,0.0,296.40070000000003,4.739,301.1397,301.6387
4719,5.9401,0.0084,5.9485,1.0707,0.9985878792973019,0.001412120702698159,309.3325,5.0172,0.0,0.0,0.0,309.33250000000004,5.0172,314.34970000000004,314.3525
4720,8.5526,0.0079,8.5605,1.5409,0.9990771567081362,0.0009228432918637931,476.3378,5.2362,0.0,0.0,0.0,476.3378,5.2362,481.574,483.5708
4721,24.9861,0.0074,24.9935,4.4988,0.9997039230199852,0.00029607698001480384,1452.6366,4.5993,0.0,0.0,0.0,1452.6366,4.5993,1457.2359000000001,1489.7316
4722,23.0696,0.0074,23.077,4.1539,0.9996793344022187,0.00032066559778134074,1342.9092,4.6666,0.0,0.0,0.0,1342.9092000000003,4.6666,1347.5758000000003,1360.0737
4723,23.9666,0.0076,23.9742,4.3153,0.9996829925503249,0.0003170074496750674,1413.3636,5.0052,0.0,0.0,0.0,1413.3635999999997,5.005199999999999,1418.3687999999997,1438.8716
4724,12.5436,0.0069,12.5505,2.2591,0.9994502211067289,0.0005497788932711845,713.6364,4.0499,0.0,0.0,0.0,713.6363999999999,4.0499,717.6862999999998,733.6849
4725,15.2303,0.0076,15.2379,2.7428,0.9995012436096837,0.0004987563903162509,833.3195,4.8226,0.0,0.0,0.0,833.3195,4.8225999999999996,838.1420999999999,846.144
4726,12.6017,0.0079,12.6096,2.2697,0.9993734932115212,0.0006265067884786195,714.1188,4.8929,0.0,0.0,0.0,714.1188,4.892899999999999,719.0117,733.5136
4727,9.5273,0.0085,9.5358,1.7164,0.9991086222445941,0.000891377755405944,539.5501,5.1124,0.0,0.0,0.0,539.5500999999998,5.1124,544.6624999999998,548.166
4728,6.1354,0.008,6.1434,1.1058,0.9986977894976723,0.0013022105023277014,336.9267,4.8392,0.0,0.0,0.0,336.9267,4.8392,341.7659,343.2684
4729,24.878,0.0082,24.8863,4.4795,0.9996664831654365,0.00032949855944837126,1460.4546,4.933,0.0,0.0,0.0,1460.4546000000003,4.933,1465.3876000000002,1493.3914
4730,20.3558,0.0066,20.3624,3.6652,0.9996758731780142,0.0003241268219856205,1203.4546,4.1213,0.0,0.0,0.0,1203.4546000000003,4.121300000000001,1207.5759000000003,1220.0784
4731,8.4498,0.0083,8.4582,1.5225,0.9990068808966447,0.000981296256886808,474.0904,5.0397,0.0,0.0,0.0,474.0904,5.0397,479.13009999999997,479.1313
4732,9.077,0.0071,9.0841,1.6351,0.9992184145925299,0.0007815854074701953,485.6478,4.852,0.0,0.0,0.0,485.6478000000001,4.852,490.49980000000005,490.9953
4733,13.8494,0.0083,13.8578,2.4944,0.9993938431785709,0.0005989406687930263,767.1178,5.2487,0.0,0.0,0.0,767.1178000000001,5.2486999999999995,772.3665000000001,782.3644
4734,9.9396,0.0076,9.9472,1.7905,0.9992359658999518,0.0007640341000482548,545.2135,5.0004,0.0,0.0,0.0,545.2135000000001,5.0004,550.2139000000001,552.7094
4735,18.4409,0.0079,18.4488,3.3208,0.9995717878669615,0.0004282121330384633,1091.7272,4.6463,0.0,0.0,0.0,1091.7272,4.6463,1096.3735000000001,1103.8726
4736,26.4562,0.0072,26.4635,4.7634,0.9997241483552818,0.0002720728550645228,1536.6361,4.7692,0.0,0.0,0.0,1536.6361000000004,4.7692,1541.4053000000004,1579.4058
4737,23.2374,0.0074,23.2448,4.1841,0.9996816492290749,0.0003183507709251101,1317.4547,4.9298,0.0,0.0,0.0,1317.4547000000002,4.9298,1322.3845000000001,1338.8874
4738,5.6682,0.0074,5.6756,1.0216,0.9986961730918316,0.0013038269081682994,304.1869,5.0075,0.0,0.0,0.0,304.18690000000004,5.0075,309.19440000000003,309.1921
4739,25.3879,0.0077,25.3956,4.5712,0.9996967978704971,0.0003032021295027485,1478.6363,4.9434,0.0,0.0,0.0,1478.6363,4.9434000000000005,1483.5797,1519.0789
4740,16.1433,0.008,16.1513,2.9072,0.9995046838334996,0.0004953161665005294,893.2725,4.8321,0.0,0.0,0.0,893.2724999999999,4.8321000000000005,898.1045999999999,909.6062
4741,16.1185,0.0075,16.126,2.9027,0.999534912563562,0.0004650874364380503,864.9857,4.8022,0.0,0.0,0.0,864.9857,4.802199999999999,869.7878999999999,877.7884
4742,5.5153,0.0079,5.5232,0.9942,0.9985696697566627,0.001430330243337196,285.6053,4.6252,0.0,0.0,0.0,285.6052999999999,4.6252,290.2304999999999,290.7349
4743,5.2007,0.0079,5.2086,0.9375,0.9984832776561842,0.0015167223438159968,280.6263,4.9996,0.0,0.0,0.0,280.6263,4.9996,285.6259,285.6289
4744,6.0431,0.0088,6.052,1.0894,0.9985294117647059,0.0014540647719762064,316.1475,5.4636,0.0,0.0,0.0,316.14750000000004,5.463600000000001,321.6111,321.6128
4745,6.9368,0.0086,6.9454,1.2502,0.9987617703803956,0.0012382296196043424,370.1753,5.0739,0.0,0.0,0.0,370.1753,5.0739,375.2492,377.7471
4746,26.6438,0.0087,26.6524,4.7974,0.999677327370143,0.0003264246371808918,1563.6366,5.2864,0.0,0.0,0.0,1563.6365999999998,5.2863999999999995,1568.9229999999998,1615.9222
4747,5.563,0.0072,5.5702,1.0026,0.9987074072744246,0.0012925927255753834,288.2327,4.7512,0.0,0.0,0.0,288.23269999999997,4.751200000000001,292.98389999999995,293.4831
4748,15.4706,0.0078,15.4784,2.7861,0.9994960719454207,0.0005039280545792846,906.3636,4.9732,0.0,0.0,0.0,906.3636000000001,4.9732,911.3368000000002,919.8346
4749,5.9428,0.0088,5.9516,1.0713,0.9985214060084683,0.001478593991531689,312.1175,5.2933,0.0,0.0,0.0,312.11749999999995,5.2932999999999995,317.41079999999994,320.4067
4750,13.1578,0.0072,13.165,2.3697,0.9994530953285227,0.0005469046714774022,718.8181,4.6133,0.0,0.0,0.0,718.8181000000001,4.613300000000001,723.4314,731.4294
4751,6.2812,0.0082,6.2894,1.1321,0.9986962190352021,0.0013037809647979141,330.9916,5.2998,0.0,0.0,0.0,330.9916,5.299799999999999,336.2914,338.2885
4752,12.1794,0.0088,12.1882,2.1939,0.9992779901872302,0.0007220098127697282,660.1186,5.3357,0.0,0.0,0.0,660.1186,5.3357,665.4543,678.9495
4753,8.6644,0.0082,8.6726,1.5611,0.9990544934621683,0.0009455065378317923,482.2648,5.1808,0.0,0.0,0.0,482.2648,5.1808,487.44559999999996,491.9453
4754,4.4199,0.0078,4.4277,0.797,0.9982383630327258,0.0017616369672742056,236.3678,4.8401,0.0,0.0,0.0,236.3678,4.8401000000000005,241.2079,242.2058
4755,4.0509,0.0066,4.0575,0.7303,0.998373382624769,0.0016266173752310536,212.8453,4.2798,0.0,0.0,0.0,212.84529999999998,4.2798,217.12509999999997,218.1237
4756,23.3348,0.0083,23.3431,4.2018,0.9996444345438267,0.0003555654561733446,1387.8182,5.0623,0.0,0.0,0.0,1387.8182,5.062299999999999,1392.8805,1418.8839
4757,14.3441,0.0104,14.3544,2.5838,0.9992824499804938,0.0007245165245499637,809.727,5.8734,0.0,0.0,0.0,809.7270000000002,5.8734,815.6004000000001,837.6001
4758,5.3888,0.0069,5.3957,0.9712,0.9987212039216413,0.001278796078358693,278.8991,4.5723,0.0,0.0,0.0,278.8991,4.572300000000001,283.47139999999996,283.4708
4759,8.9133,0.0074,8.9207,1.6057,0.9991704686851928,0.000829531314807134,486.0106,4.7226,0.0,0.0,0.0,486.01059999999995,4.722600000000001,490.73319999999995,495.2326
4760,5.2009,0.0069,5.2078,0.9374,0.998675064326587,0.0013249356734129575,271.3498,4.5664,0.0,0.0,0.0,271.3497999999999,4.566400000000001,275.9161999999999,275.9126
4761,6.8251,0.0085,6.8336,1.23,0.9987561461016156,0.0012438538983844535,372.0455,5.1766,0.0,0.0,0.0,372.0455,5.1766,377.2221,379.2249
4762,5.0374,0.0067,5.044,0.9079,0.9986915146708961,0.0013283108643933387,263.0626,4.3472,0.0,0.0,0.0,263.06260000000003,4.3472,267.4098,267.4133
4763,4.599,0.0062,4.6052,0.8289,0.9986536958221142,0.0013463041778858681,238.2368,4.1874,0.0,0.0,0.0,238.23680000000002,4.187399999999999,242.4242,242.4286
4764,23.399,0.009,23.4081,4.2135,0.9996112456799142,0.00038448229459033407,1390.5453,5.4472,0.0,0.0,0.0,1390.5452999999998,5.4472000000000005,1395.9924999999998,1446.4914
4765,5.3863,0.0088,5.3951,0.9711,0.9983688902893366,0.0016311097106633799,280.6164,5.5564,0.0,0.0,0.0,280.6164000000001,5.556400000000001,286.1728000000001,287.1775
4766,4.8425,0.0083,4.8508,0.8731,0.9982889420301807,0.0017110579698194114,252.8632,4.7748,0.0,0.0,0.0,252.8632,4.7748,257.63800000000003,257.637
4767,4.9911,0.0075,4.9986,0.8998,0.9984995798823671,0.0015004201176329372,261.5683,4.9129,0.0,0.0,0.0,261.56829999999997,4.9129000000000005,266.48119999999994,266.483
4768,5.0495,0.0073,5.0568,0.9102,0.9985563993039076,0.0014436006960923905,263.9087,4.5803,0.0,0.0,0.0,263.90869999999995,4.5803,268.489,268.4882
4769,11.5616,0.0082,11.5698,2.0826,0.9992912582758561,0.0007087417241438919,636.1354,5.0847,0.0,0.0,0.0,636.1353999999999,5.084699999999999,641.2200999999999,649.2223
4770,4.947,0.008,4.955,0.8919,0.9983854692230071,0.0016145307769929364,257.4857,5.0213,0.0,0.0,0.0,257.4857,5.0213,262.507,263.0033
4771,10.6097,0.0078,10.6175,1.9111,0.999265363786202,0.000734636213797975,586.3959,4.949,0.0,0.0,0.0,586.3958999999999,4.949,591.3448999999998,593.3485
4772,4.6636,0.0076,4.6711,0.8408,0.9983943824795015,0.0016270257541050287,241.9444,4.5608,0.0,0.0,0.0,241.94439999999992,4.5607999999999995,246.50519999999992,246.5068
4773,11.9298,0.0071,11.9369,2.1486,0.9994052057066743,0.0005947942933257379,638.1115,4.3762,0.0,0.0,0.0,638.1115,4.3762,642.4877,649.9847
4774,11.714,0.0085,11.7225,2.1101,0.999274898699083,0.0007251013009170399,654.1819,5.0414,0.0,0.0,0.0,654.1818999999998,5.041399999999999,659.2232999999998,671.2266
4775,8.263,0.0063,8.2693,1.4885,0.999238145913197,0.0007618540868029942,441.469,3.8839,0.0,0.0,0.0,441.469,3.8839,445.3529,447.8518
4776,24.4808,0.0089,24.4897,4.4082,0.9996365819099458,0.00036341809005418607,1429.9999,5.3321,0.0,0.0,0.0,1429.9999,5.3321000000000005,1435.332,1490.3338
4777,7.8893,0.0088,7.898,1.4216,0.9988984553051407,0.0011142061281337048,431.975,5.5529,0.0,0.0,0.0,431.9749999999999,5.552899999999999,437.52789999999993,442.0232
4778,6.9928,0.0074,7.0001,1.26,0.9989571577548892,0.0010571277553177813,370.5756,4.8419,0.0,0.0,0.0,370.57559999999995,4.841900000000001,375.41749999999996,381.4128
4779,21.9695,0.0084,21.9778,3.956,0.9996223461856966,0.0003822038602589886,1254.5456,5.0004,0.0,0.0,0.0,1254.5455999999997,5.0004,1259.5459999999996,1288.0444
4780,5.0422,0.0078,5.05,0.909,0.9984554455445546,0.0015445544554455446,269.2472,4.8098,0.0,0.0,0.0,269.2472,4.8098,274.057,275.0563
4781,5.3713,0.0088,5.3801,0.9684,0.9983643426702106,0.0016356573297894093,284.0226,5.6908,0.0,0.0,0.0,284.0226,5.6908,289.71340000000004,290.7146
4782,4.7651,0.007,4.7721,0.859,0.9985331405460909,0.0014668594539091805,250.1752,4.176,0.0,0.0,0.0,250.17520000000007,4.176,254.35120000000006,254.3494
4783,5.1615,0.0072,5.1687,0.9304,0.998606999825875,0.0013930001741250216,270.882,4.2839,0.0,0.0,0.0,270.88200000000006,4.2839,275.1659000000001,276.162
4784,24.1258,0.0088,24.1346,4.3442,0.9996353782536277,0.000364621746372428,1407.2728,5.3323,0.0,0.0,0.0,1407.2727999999997,5.3323,1412.6050999999998,1432.1096
4785,25.6623,0.0084,25.6707,4.6207,0.9996727786932182,0.0003272213067816616,1437.6365,5.2474,0.0,0.0,0.0,1437.6365000000003,5.2474,1442.8839000000003,1474.3802
4786,10.4013,0.0083,10.4095,1.8737,0.9992122580335272,0.0007973485758201644,579.4545,4.8448,0.0,0.0,0.0,579.4545,4.8448,584.2993,594.2969
4787,0.4106,0.0073,0.4179,0.0752,0.9825317061497967,0.0174682938502034,24.6363,4.474,0.0,0.0,0.0,24.636300000000002,4.474,29.110300000000002,29.115
4788,4.884,0.0089,4.8929,0.8807,0.9981810378303256,0.0018189621696744261,257.3368,5.27,0.0,0.0,0.0,257.3368,5.2700000000000005,262.60679999999996,263.1042
4789,9.9094,0.008,9.9174,1.7851,0.9991933369633169,0.0008066630366830016,545.1618,5.3837,0.0,0.0,0.0,545.1618,5.383699999999999,550.5455,552.5483
4790,16.1104,0.0074,16.1178,2.9012,0.9995408802690193,0.000459119730980655,900.7272,4.7048,0.0,0.0,0.0,900.7272000000002,4.7048000000000005,905.4320000000001,915.9357
4791,12.716,0.0087,12.7246,2.2904,0.9993241437844803,0.0006837150087232604,754.0,5.5764,0.0,0.0,0.0,754.0,5.5764,759.5764,763.5811
4792,20.5224,0.0073,20.5296,3.6953,0.9996492868833295,0.0003555841321798769,1175.0296,4.759,0.0,0.0,0.0,1175.0296,4.759,1179.7886,1200.788
4793,4.7275,0.0071,4.7346,0.8522,0.9985004013010602,0.0014995986989397203,252.4017,4.5822,0.0,0.0,0.0,252.40169999999995,4.5822,256.98389999999995,258.4881
4794,5.8932,0.0076,5.9009,1.0622,0.9986951143045977,0.001287939127929638,322.9281,5.0109,0.0,0.0,0.0,322.92810000000003,5.010900000000001,327.939,328.9365
4795,17.01,0.0079,17.0179,3.0632,0.999535782910935,0.0004642170890650433,911.5427,4.9646,0.0,0.0,0.0,911.5426999999999,4.964599999999999,916.5072999999999,934.5106
4796,24.5736,0.0089,24.5825,4.4248,0.9996379538289434,0.000362046171056646,1470.0001,5.6843,0.0,0.0,0.0,1470.0001,5.6843,1475.6843999999999,1526.1834
4797,5.2041,0.0087,5.2129,0.9383,0.9983118801434901,0.0016689366763222005,271.6635,5.5651,0.0,0.0,0.0,271.66349999999994,5.5651,277.2285999999999,277.227
4798,13.2926,0.0084,13.301,2.3942,0.9993684685362003,0.0006315314637997143,783.4545,5.0814,0.0,0.0,0.0,783.4545,5.0814,788.5359000000001,798.0374
4799,24.8598,0.0082,24.868,4.4762,0.9996702589673476,0.00032974103265240475,1480.8183,5.3854,0.0,0.0,0.0,1480.8183,5.3854,1486.2036999999998,1521.7022
4800,25.4079,0.0078,25.4158,4.5748,0.9996891697290662,0.0003068957105422611,1489.3634,4.8381,0.0,0.0,0.0,1489.3633999999997,4.838099999999999,1494.2014999999997,1512.7032
4801,5.0273,0.009,5.0363,0.9065,0.9982129738101385,0.0017870261898616047,266.4542,5.2839,0.0,0.0,0.0,266.4542,5.283899999999999,271.73810000000003,271.7409
4802,10.9769,0.0073,10.9842,1.9772,0.9993354090420787,0.000664590957921378,642.6364,4.8521,0.0,0.0,0.0,642.6363999999999,4.8521,647.4884999999998,670.9852
4803,22.956,0.0078,22.9638,4.1335,0.9996603349619837,0.0003396650380163562,1321.2728,5.1656,0.0,0.0,0.0,1321.2727999999997,5.1655999999999995,1326.4383999999998,1362.4351
4804,25.6798,0.0074,25.6872,4.6237,0.999711918776667,0.0002880812233330219,1482.7274,4.7634,0.0,0.0,0.0,1482.7274000000002,4.763400000000001,1487.4908000000003,1539.4916
4805,24.3865,0.0098,24.3963,4.3913,0.9995982997421741,0.0004017002578259818,1307.2727,5.911,0.0,0.0,0.0,1307.2726999999998,5.9110000000000005,1313.1836999999998,1332.181
4806,23.5002,0.0069,23.5072,4.2313,0.9997022188946365,0.0002935270895725565,1352.9091,4.3787,0.0,0.0,0.0,1352.9091000000003,4.3787,1357.2878000000003,1392.2848
4807,4.1715,0.0082,4.1797,0.7524,0.998038136708376,0.0019618632916238005,218.8852,5.1217,0.0,0.0,0.0,218.88520000000003,5.121700000000001,224.00690000000003,224.0077
4808,7.4658,0.0092,7.475,1.3455,0.9987692307692307,0.0012307692307692308,412.9033,5.3424,0.0,0.0,0.0,412.90329999999994,5.3424,418.24569999999994,423.75
4809,27.3996,0.0087,27.4084,4.9335,0.9996789305468397,0.00031742093664715925,1542.3635,5.4907,0.0,0.0,0.0,1542.3634999999997,5.4907,1547.8541999999998,1584.8583
4810,27.7948,0.008,27.8029,5.0045,0.9997086634847443,0.0002877397681536818,1530.6366,4.7532,0.0,0.0,0.0,1530.6365999999998,4.7532000000000005,1535.3898,1572.8924
4811,12.8099,0.0085,12.8184,2.3073,0.9993368907195906,0.0006631092804094115,708.0391,5.6257,0.0,0.0,0.0,708.0391000000002,5.6257,713.6648000000002,725.6693
4812,24.5079,0.0079,24.5158,4.4128,0.9996777588330791,0.00032224116692092453,1401.2727,4.9616,0.0,0.0,0.0,1401.2727,4.961600000000001,1406.2343,1437.2379
4813,17.1268,0.0082,17.135,3.0843,0.9995214473300261,0.000478552669973738,988.5454,4.8869,0.0,0.0,0.0,988.5454,4.886900000000001,993.4322999999999,1021.4334
4814,7.4079,0.009,7.4168,1.335,0.9988000215726458,0.001213461331032251,405.8731,5.5401,0.0,0.0,0.0,405.8730999999999,5.540100000000001,411.4131999999999,414.4148
4815,15.9382,0.0086,15.9468,2.8704,0.9994607068502772,0.0005392931497228285,917.0,5.6109,0.0,0.0,0.0,917.0,5.6109,922.6109,929.6075
4816,27.3254,0.0089,27.3344,4.9202,0.99967074455631,0.00032559704987122456,1448.2728,5.8277,0.0,0.0,0.0,1448.2727999999997,5.8277,1454.1004999999998,1472.6052
4817,23.1704,0.0068,23.1771,4.1719,0.9997109215561913,0.0002933930474476962,1355.1818,4.4298,0.0,0.0,0.0,1355.1818,4.4298,1359.6116000000002,1384.1138
4818,19.9219,0.0072,19.9291,3.5872,0.999638719259776,0.00036128074022409443,1150.909,4.7361,0.0,0.0,0.0,1150.9090000000003,4.7360999999999995,1155.6451000000004,1183.6403
4819,4.0463,0.0085,4.0548,0.7299,0.9979037190490282,0.002096280950971688,210.2094,4.9562,0.0,0.0,0.0,210.20940000000002,4.9562,215.1656,215.6654
4820,14.7846,0.0074,14.792,2.6626,0.9994997295835586,0.0005002704164413196,853.4548,4.9949,0.0,0.0,0.0,853.4548000000001,4.9949,858.4497000000001,873.9528
4821,6.125,0.0071,6.1321,1.1038,0.9988421584775199,0.001157841522480064,327.2592,4.5348,0.0,0.0,0.0,327.2592000000001,4.5348,331.7940000000001,334.7966
4822,5.3547,0.009,5.3637,0.9655,0.9983220538061414,0.0016779461938587169,293.189,5.3682,0.0,0.0,0.0,293.189,5.3682,298.5572,304.557
4823,4.679,0.0073,4.6863,0.8435,0.9984422678872459,0.0015577321127541984,247.3405,4.5224,0.0,0.0,0.0,247.34050000000002,4.522399999999999,251.86290000000002,251.8676
4824,17.1816,0.0087,17.1903,3.0942,0.9994939006300064,0.0005060993699935428,961.3636,5.6619,0.0,0.0,0.0,961.3636000000001,5.661899999999999,967.0255000000001,983.029
4825,5.7077,0.0079,5.7156,1.0288,0.9986178179018825,0.001382182098117433,305.9122,4.9585,0.0,0.0,0.0,305.9121999999999,4.958500000000001,310.87069999999994,313.3683
4826,12.5432,0.0073,12.5506,2.2591,0.9994103867544182,0.0005816454990199672,683.319,5.0189,0.0,0.0,0.0,683.319,5.0188999999999995,688.3379,692.8387
4827,5.2229,0.0084,5.2312,0.9416,0.9984133659580975,0.0016057501146964366,276.8744,5.1092,0.0,0.0,0.0,276.8744,5.1092,281.98359999999997,281.9877
4828,13.8156,0.0071,13.8227,2.4881,0.999486352159853,0.0005136478401470046,749.7058,4.2171,0.0,0.0,0.0,749.7058,4.2171,753.9228999999999,787.918
4829,4.1117,0.0082,4.1199,0.7416,0.998009660428651,0.001990339571348819,214.4693,5.2472,0.0,0.0,0.0,214.46930000000006,5.247199999999999,219.71650000000005,219.7154
4830,25.5591,0.0079,25.567,4.6021,0.9996910079399226,0.00030899206007744363,1409.6365,4.7639,0.0,0.0,0.0,1409.6365,4.7639,1414.4004,1456.3978
4831,5.0462,0.008,5.0542,0.9098,0.9984171580072019,0.001582841992798069,263.5109,4.7383,0.0,0.0,0.0,263.5109,4.7383,268.2492,268.7444
4832,4.269,0.0085,4.2775,0.7699,0.9980128579777908,0.001987142022209235,224.88,4.8921,0.0,0.0,0.0,224.88000000000002,4.8921,229.77210000000002,230.2749
4833,7.5635,0.0089,7.5724,1.363,0.9988246790977762,0.0011753209022238656,415.6285,5.5127,0.0,0.0,0.0,415.6285,5.5127,421.14119999999997,424.6363
4834,9.1682,0.0085,9.1767,1.6518,0.9990737411051903,0.0009262588948096811,498.1983,5.0721,0.0,0.0,0.0,498.1983000000001,5.0721,503.27040000000005,507.2735
4835,24.6084,0.0094,24.6177,4.4312,0.9996222230346458,0.0003818390832612308,1414.5454,5.9243,0.0,0.0,0.0,1414.5454,5.924300000000001,1420.4696999999999,1463.9705
4836,26.1041,0.0084,26.1125,4.7003,0.9996783149832456,0.0003216850167544279,1483.8182,4.8622,0.0,0.0,0.0,1483.8181999999997,4.8622,1488.6803999999997,1511.1844
4837,16.4128,0.0082,16.421,2.9558,0.9995006394251265,0.0004993605748736374,935.0996,5.1343,0.0,0.0,0.0,935.0995999999999,5.1343000000000005,940.2339,963.2351
4838,17.2378,0.0065,17.2444,3.104,0.999617267054812,0.00037693396117000305,968.5234,4.1907,0.0,0.0,0.0,968.5234000000002,4.1907000000000005,972.7141000000001,984.2106
4839,4.0674,0.008,4.0753,0.7336,0.998061492405467,0.00196304566534979,213.6396,4.8701,0.0,0.0,0.0,213.63960000000003,4.8701,218.50970000000004,218.5074
4840,12.0059,0.0077,12.0136,2.1624,0.9993590597323034,0.0006409402676966105,673.6728,5.0928,0.0,0.0,0.0,673.6728000000003,5.0928,678.7656000000003,687.2679
4841,8.9159,0.0088,8.9247,1.6065,0.9990139724584581,0.0009860275415420126,492.6479,5.3446,0.0,0.0,0.0,492.6479,5.3446,497.9925,502.4934
4842,16.816,0.009,16.8251,3.0285,0.9994591414018341,0.0005349150970870901,919.1759,5.2963,0.0,0.0,0.0,919.1759,5.2963,924.4721999999999,945.4717
4843,5.5285,0.009,5.5375,0.9967,0.9983747178329572,0.0016252821670428893,294.3056,5.4617,0.0,0.0,0.0,294.3056,5.4616999999999996,299.76730000000003,300.769
4844,3.9956,0.006,4.0016,0.7203,0.998500599760096,0.0014994002399040384,207.3894,3.9528,0.0,0.0,0.0,207.38939999999994,3.9528,211.34219999999993,211.338
4845,6.266,0.0068,6.2728,1.1291,0.9989159545976278,0.0010840454023721463,334.7728,4.4212,0.0,0.0,0.0,334.7728,4.421200000000001,339.194,340.6929
4846,3.8024,0.0069,3.8092,0.6857,0.9982148482621023,0.0018114039693373936,200.8747,4.257,0.0,0.0,0.0,200.87469999999996,4.257000000000001,205.13169999999997,205.6282
4847,23.2064,0.0089,23.2153,4.1788,0.9996166321348421,0.0003833678651578916,1355.8182,5.3751,0.0,0.0,0.0,1355.8182,5.3751,1361.1933,1418.6956
4848,13.677,0.0084,13.6855,2.4634,0.9993789046801359,0.0006137883161009828,732.7243,5.371,0.0,0.0,0.0,732.7243000000001,5.371,738.0953000000001,746.5977
4849,3.204,0.0075,3.2115,0.5781,0.9976646426903316,0.002335357309668379,167.6698,4.7511,0.0,0.0,0.0,167.6698,4.7511,172.42090000000002,172.4243
4850,4.4452,0.0085,4.4537,0.8017,0.9980914745043445,0.0019085254956552977,239.6483,5.4696,0.0,0.0,0.0,239.64829999999998,5.469600000000001,245.1179,246.6216
4851,14.8927,0.0088,14.9014,2.6823,0.9994161622397895,0.0005905485390634437,859.6363,5.4954,0.0,0.0,0.0,859.6362999999999,5.4954,865.1316999999999,880.1338
4852,9.5856,0.008,9.5937,1.7269,0.9991556959254511,0.0008338805674557261,569.1821,5.0675,0.0,0.0,0.0,569.1821,5.0675,574.2496,582.7532
4853,16.7082,0.0071,16.7154,3.0088,0.9995692594852652,0.00042475800758581914,964.5452,4.4447,0.0,0.0,0.0,964.5451999999998,4.4447,968.9898999999998,982.9884
4854,7.0325,0.0074,7.0399,1.2672,0.9989488487052373,0.0010511512947627096,385.7185,4.3862,0.0,0.0,0.0,385.71850000000006,4.3862,390.10470000000004,392.6005
4855,6.2519,0.008,6.2599,1.1268,0.9987220243134874,0.001277975686512564,353.1946,4.9895,0.0,0.0,0.0,353.1945999999999,4.9895,358.18409999999994,363.6807
4856,25.0572,0.0079,25.0651,4.5117,0.9996848207268274,0.0003151792731726584,1399.091,4.9882,0.0,0.0,0.0,1399.0909999999997,4.988200000000001,1404.0791999999997,1456.5771
4857,25.727,0.0083,25.7353,4.6324,0.9996774857880033,0.00032251421199675157,1365.7272,5.2754,0.0,0.0,0.0,1365.7272000000003,5.275399999999999,1371.0026000000003,1404.5028
4858,3.7782,0.0084,3.7865,0.6816,0.997808002112769,0.0022184075003301197,195.7925,5.1969,0.0,0.0,0.0,195.7925,5.1969,200.9894,200.9902
4859,21.7288,0.0078,21.7365,3.9126,0.9996457571366135,0.0003588434200538265,1282.6366,4.7935,0.0,0.0,0.0,1282.6366000000003,4.7935,1287.4301000000003,1326.9288
4860,23.8937,0.0085,23.9023,4.3024,0.9996402019889299,0.00035561431326692415,1401.9998,5.3002,0.0,0.0,0.0,1401.9998,5.300199999999999,1407.3,1447.7965
4861,4.2534,0.0084,4.2618,0.7671,0.9980290018302126,0.0019709981697874136,226.9793,5.1055,0.0,0.0,0.0,226.97930000000005,5.1055,232.08480000000006,232.5814
4862,3.8429,0.0083,3.8512,0.6932,0.997844827586207,0.0021551724137931034,200.675,5.2395,0.0,0.0,0.0,200.67499999999998,5.2395,205.91449999999998,205.9159
4863,3.5714,0.0074,3.5788,0.6442,0.9979322677992623,0.0020677322007376774,187.6648,4.766,0.0,0.0,0.0,187.66480000000004,4.766,192.43080000000003,192.4284
4864,13.2726,0.0087,13.2813,2.3906,0.9993449436425652,0.0006550563574348896,749.8183,5.0776,0.0,0.0,0.0,749.8183000000001,5.0776,754.8959000000001,767.8978
4865,22.153,0.008,22.161,3.989,0.9996390054600423,0.0003609945399575831,1282.9092,5.1474,0.0,0.0,0.0,1282.9092000000003,5.1474,1288.0566000000003,1304.0572
4866,3.2519,0.0063,3.2582,0.5865,0.9980664170400835,0.0019335829599165183,170.3819,4.1181,0.0,0.0,0.0,170.38189999999997,4.1181,174.49999999999997,175.002
4867,15.7556,0.008,15.7636,2.8374,0.9994925017128067,0.0005074982871932808,858.1818,4.9166,0.0,0.0,0.0,858.1818000000001,4.9166,863.0984000000001,887.1027
4868,23.797,0.0091,23.806,4.2851,0.9996219440477191,0.000382256573972948,1308.6365,5.5145,0.0,0.0,0.0,1308.6365000000003,5.514499999999999,1314.1510000000003,1378.6498
4869,4.9313,0.0093,4.9406,0.8893,0.9981176375339028,0.001882362466097235,258.4338,5.7973,0.0,0.0,0.0,258.4338,5.7973,264.2311,264.2349
4870,16.6439,0.0073,16.6511,2.9972,0.9995675961347898,0.00043840947444913553,896.8183,4.5566,0.0,0.0,0.0,896.8183,4.5566,901.3749,914.3769
4871,18.9019,0.0074,18.9093,3.4037,0.9996086581734913,0.00039134182650864914,1089.1818,4.8095,0.0,0.0,0.0,1089.1818,4.809499999999999,1093.9913000000001,1109.4951
4872,2.8227,0.0073,2.83,0.5094,0.9974204946996467,0.002579505300353357,147.3443,4.486,0.0,0.0,0.0,147.34429999999998,4.486000000000001,151.83029999999997,151.8292
4873,6.638,0.0091,6.6471,1.1965,0.9986309819319703,0.0013690180680296672,387.1818,5.4284,0.0,0.0,0.0,387.1818,5.4284,392.6102,398.6117
4874,8.9783,0.0081,8.9864,1.6176,0.9990986379417788,0.0009013620582213122,499.1818,5.0763,0.0,0.0,0.0,499.1818,5.0763,504.2581,516.2563
4875,4.7397,0.0085,4.7483,0.8547,0.9981888254743803,0.0017901143567171408,252.4203,5.0359,0.0,0.0,0.0,252.42029999999997,5.0359,257.45619999999997,259.9547
4876,3.6158,0.0077,3.6235,0.6522,0.9978749827514835,0.0021250172485166277,193.8285,4.7852,0.0,0.0,0.0,193.82849999999996,4.785200000000001,198.61369999999997,199.616
4877,4.701,0.0081,4.709,0.8476,0.9983011255043533,0.0017201104268422171,259.9787,4.9152,0.0,0.0,0.0,259.9787,4.9152000000000005,264.89390000000003,264.8982
4878,22.84,0.0094,22.8494,4.1129,0.999588610641855,0.00041138935814507167,1343.818,5.7897,0.0,0.0,0.0,1343.818,5.7897,1349.6077,1367.1124
4879,11.3746,0.0077,11.3823,2.0488,0.999323511065426,0.0006764889345738559,643.3176,5.1038,0.0,0.0,0.0,643.3176000000001,5.1038,648.4214000000001,654.4167
4880,4.1812,0.0083,4.1895,0.7541,0.9980188566654732,0.0019811433345267933,217.9223,5.2045,0.0,0.0,0.0,217.92230000000004,5.2044999999999995,223.12680000000003,224.1259
4881,26.4845,0.0072,26.4917,4.7685,0.9997282167622311,0.0002717832377688106,1520.6361,4.522,0.0,0.0,0.0,1520.6361000000002,4.521999999999999,1525.1581,1537.1595
4882,3.5176,0.0078,3.5254,0.6346,0.9977874851080728,0.002212514891927157,182.9809,4.6684,0.0,0.0,0.0,182.98090000000005,4.6684,187.64930000000004,187.6473
4883,6.331,0.0066,6.3376,1.1408,0.9989585963140621,0.0010414036859378944,344.0913,4.3841,0.0,0.0,0.0,344.0913,4.3841,348.4754,350.4796
4884,4.919,0.0074,4.9263,0.8867,0.9985181576436675,0.0015021415666930556,271.1045,4.6867,0.0,0.0,0.0,271.1045,4.686699999999999,275.79119999999995,275.7895
4885,3.9308,0.0072,3.9381,0.7088,0.9981463142124375,0.0018282928315685228,209.8265,4.6259,0.0,0.0,0.0,209.82649999999995,4.625900000000001,214.45239999999995,214.4502
4886,4.6561,0.007,4.663,0.8393,0.9985202659232254,0.0015011794981771391,266.9089,4.3018,0.0,0.0,0.0,266.9089,4.3018,271.21070000000003,275.7094
4887,4.5342,0.0076,4.5418,0.8175,0.9983266546303228,0.0016733453696772204,246.9719,4.765,0.0,0.0,0.0,246.97190000000003,4.765000000000001,251.73690000000005,253.7335
4888,3.4136,0.0073,3.4208,0.6158,0.9978952291861554,0.0021340037418147804,177.8358,4.5371,0.0,0.0,0.0,177.83580000000006,4.5371,182.37290000000007,182.374
4889,8.801,0.0071,8.8081,1.5855,0.9991939237747074,0.0008060762252926285,519.3637,4.7253,0.0,0.0,0.0,519.3637,4.7253,524.0889999999999,530.5858
4890,22.8824,0.0077,22.8901,4.1202,0.9996636100322847,0.0003363899677153005,1360.5451,5.2771,0.0,0.0,0.0,1360.5450999999998,5.2771,1365.8221999999998,1424.325
4891,3.4847,0.008,3.4927,0.6287,0.997709508403241,0.0022904915967589543,179.9621,4.9468,0.0,0.0,0.0,179.96210000000002,4.9468,184.90890000000002,184.912
4892,18.6548,0.0081,18.6629,3.3593,0.9995659838503127,0.0004340161496873476,1012.9093,5.1399,0.0,0.0,0.0,1012.9092999999999,5.1399,1018.0491999999999,1036.0497
4893,3.1635,0.0086,3.1722,0.571,0.9972574238698695,0.00271105226656579,167.9107,5.1492,0.0,0.0,0.0,167.91069999999996,5.1492,173.05989999999997,173.0595
4894,20.2324,0.0076,20.24,3.6432,0.9996245059288538,0.00037549407114624507,1198.7272,4.7888,0.0,0.0,0.0,1198.7272000000003,4.788799999999999,1203.5160000000003,1214.5128
4895,18.1596,0.008,18.1676,3.2702,0.9995596556507189,0.0004403443492811379,1029.4547,5.1233,0.0,0.0,0.0,1029.4547,5.1232999999999995,1034.578,1052.0815
4896,7.8427,0.0076,7.8503,1.413,0.9990318841318166,0.0009681158681833815,414.7779,4.7817,0.0,0.0,0.0,414.77789999999993,4.7817,419.55959999999993,423.5599
4897,8.8998,0.0068,8.9065,1.6032,0.9992477404143043,0.0007634873407062258,495.6366,4.2987,0.0,0.0,0.0,495.63659999999993,4.2987,499.9352999999999,504.9396
4898,25.1193,0.0088,25.1281,4.5231,0.9996497944532217,0.000350205546778308,1498.2727,5.4254,0.0,0.0,0.0,1498.2726999999998,5.4254000000000016,1503.6980999999998,1518.1986
4899,26.8752,0.0082,26.8834,4.839,0.9996949790577084,0.00030502094229152565,1508.2725,4.8892,0.0,0.0,0.0,1508.2724999999998,4.889200000000001,1513.1616999999999,1535.1644
4900,4.334,0.0091,4.3431,0.7818,0.997904722433285,0.0020952775667150195,231.1372,5.4596,0.0,0.0,0.0,231.1372,5.4596,236.5968,240.5975
4901,23.0237,0.0071,23.0309,4.1456,0.9996873765245823,0.00030828148270367205,1334.2726,4.7279,0.0,0.0,0.0,1334.2725999999998,4.7279,1339.0004999999999,1385.9969
4902,17.4467,0.0077,17.4544,3.1418,0.9995588504904208,0.00044114950957924653,975.4545,4.9901,0.0,0.0,0.0,975.4545000000002,4.990100000000001,980.4446000000002,994.9472
4903,5.8222,0.0087,5.8309,1.0496,0.9985079490301668,0.0014920509698331304,321.8009,5.3116,0.0,0.0,0.0,321.8009,5.3116,327.1125,327.6136
4904,3.7542,0.0067,3.7609,0.677,0.9982185115264963,0.0017814884735036828,206.5232,4.4231,0.0,0.0,0.0,206.52320000000003,4.4231,210.94630000000004,211.9493
4905,3.787,0.0071,3.794,0.6829,0.9981549815498154,0.0018713758566157091,204.7239,4.788,0.0,0.0,0.0,204.72390000000001,4.787999999999999,209.51190000000003,209.5122
4906,5.1377,0.0085,5.1462,0.9263,0.9983482958299327,0.001651704170067234,275.0378,5.4353,0.0,0.0,0.0,275.03779999999995,5.435299999999999,280.47309999999993,281.974
4907,10.4356,0.0073,10.4429,1.8797,0.9993009604611747,0.000699039538825422,559.7881,4.7593,0.0,0.0,0.0,559.7880999999999,4.7593,564.5473999999999,573.0471
4908,3.1885,0.0087,3.1972,0.5755,0.997278869010384,0.0027211309896159135,168.9833,5.2346,0.0,0.0,0.0,168.9833,5.2346,174.21790000000001,174.7209
4909,4.8356,0.0077,4.8433,0.8718,0.9984101748807631,0.001589825119236884,268.4285,4.9785,0.0,0.0,0.0,268.4285,4.978500000000001,273.407,273.91
4910,4.868,0.0083,4.8763,0.8777,0.9982978897934911,0.0017021102065090336,267.6877,5.6938,0.0,0.0,0.0,267.68769999999995,5.6938,273.38149999999996,275.3789
4911,3.4583,0.0083,3.4666,0.624,0.9976057231869843,0.0023942768130156347,181.7995,5.2475,0.0,0.0,0.0,181.79949999999997,5.2475000000000005,187.04699999999997,187.0435
4912,25.4302,0.0076,25.4378,4.5788,0.999701232024782,0.00029876797521798267,1409.3636,4.6305,0.0,0.0,0.0,1409.3635999999997,4.6305,1413.9940999999997,1454.994
4913,7.9037,0.007,7.9107,1.4239,0.999115122555526,0.0008848774444739404,452.2728,4.419,0.0,0.0,0.0,452.27280000000013,4.419,456.6918000000001,460.6962
4914,3.0507,0.0085,3.0592,0.5507,0.9972214958158995,0.0027785041841004183,160.822,5.2435,0.0,0.0,0.0,160.822,5.243499999999999,166.06550000000001,166.0647
4915,19.1157,0.0082,19.124,3.4423,0.999565990378582,0.00042878058983476265,1107.3637,5.073,0.0,0.0,0.0,1107.3636999999997,5.073,1112.4366999999997,1126.4318
4916,3.7547,0.0074,3.7621,0.6772,0.9980330134765157,0.0019669865234842243,201.0878,4.5607,0.0,0.0,0.0,201.08780000000002,4.560700000000001,205.6485,205.6512
4917,2.7714,0.0089,2.7804,0.5005,0.9967630556754422,0.003200978276506977,144.6849,5.7086,0.0,0.0,0.0,144.6849,5.7086,150.3935,150.3955
4918,12.1508,0.0091,12.1599,2.1888,0.9992516385825542,0.0007483614174458672,677.0909,5.5866,0.0,0.0,0.0,677.0909000000001,5.586600000000001,682.6775000000001,697.1778
4919,11.6609,0.0074,11.6682,2.1003,0.9993743679402135,0.0006342023619752832,634.6365,4.8552,0.0,0.0,0.0,634.6365,4.8552,639.4916999999999,643.9952
4920,4.3925,0.0083,4.4008,0.7921,0.9981139792764951,0.0018860207235048172,240.0938,5.3817,0.0,0.0,0.0,240.0938,5.3817,245.47549999999998,245.9765
4921,23.3904,0.0069,23.3973,4.2115,0.9997050941775333,0.00029490582246669483,1355.1818,4.6238,0.0,0.0,0.0,1355.1818,4.623800000000001,1359.8056000000001,1427.8068
4922,16.3241,0.007,16.331,2.9396,0.9995774906619314,0.0004286326618088299,942.5454,4.2051,0.0,0.0,0.0,942.5454,4.205100000000001,946.7505,956.2516
4923,4.89,0.0087,4.8987,0.8818,0.9982240186171841,0.001775981382815849,267.6781,5.129,0.0,0.0,0.0,267.6781,5.1290000000000004,272.8071,277.3085
4924,23.9362,0.0076,23.9439,4.3099,0.9996784149616396,0.0003174086092908841,1422.5455,4.5613,0.0,0.0,0.0,1422.5454999999997,4.561299999999999,1427.1067999999998,1445.6117
4925,10.8859,0.0077,10.8936,1.9608,0.9992931629580671,0.000706837041932878,613.9092,4.8205,0.0,0.0,0.0,613.9091999999999,4.8205,618.7297,631.7336
4926,3.8779,0.008,3.8859,0.6995,0.9979412748655395,0.0020587251344604852,209.3706,4.8004,0.0,0.0,0.0,209.37060000000002,4.8004,214.17100000000002,215.6669
4927,16.7073,0.0072,16.7145,3.0086,0.9995692362918424,0.00043076370815758766,962.1818,4.8335,0.0,0.0,0.0,962.1817999999998,4.8335,967.0152999999998,987.517
4928,10.7917,0.009,10.8007,1.9441,0.9991667206755117,0.0008332793244882274,616.9998,5.7055,0.0,0.0,0.0,616.9998,5.705499999999999,622.7053000000001,625.707
4929,2.9001,0.0076,2.9077,0.5234,0.9973862503009251,0.00261374969907487,151.6808,5.0183,0.0,0.0,0.0,151.68079999999998,5.018300000000001,156.6991,156.695
4930,14.0428,0.0065,14.0493,2.5289,0.9995373434975408,0.0004626565024591972,787.909,3.9627,0.0,0.0,0.0,787.9089999999999,3.9627000000000003,791.8716999999999,808.3717
4931,8.9474,0.0083,8.9556,1.612,0.9990843717897181,0.0009267944079681986,509.5457,5.1524,0.0,0.0,0.0,509.5457,5.1524,514.6981000000001,521.698
4932,24.6996,0.0078,24.7074,4.4473,0.999684305106972,0.0003156948930279997,1426.3636,4.8138,0.0,0.0,0.0,1426.3635999999997,4.8138,1431.1773999999996,1451.6745
4933,2.5995,0.0092,2.6086,0.4696,0.9965115387564211,0.003526795982519359,135.6412,5.6592,0.0,0.0,0.0,135.64120000000003,5.6592,141.30040000000002,141.2968
4934,4.5458,0.0084,4.5543,0.8198,0.998133631952221,0.0018444107766286807,255.2232,5.1422,0.0,0.0,0.0,255.2232,5.142199999999999,260.36539999999997,262.8689
4935,11.0286,0.0067,11.0354,1.9864,0.9993838012215236,0.0006071370317342372,648.3636,4.3786,0.0,0.0,0.0,648.3636000000001,4.3786000000000005,652.7422000000001,667.745
4936,7.5025,0.0073,7.5098,1.3518,0.9990279368292099,0.0009720631707901675,412.9092,4.9023,0.0,0.0,0.0,412.9092,4.902299999999999,417.8115,437.3138
4937,5.0002,0.0074,5.0076,0.9014,0.9985222461857977,0.0014777538142024124,271.7457,4.5645,0.0,0.0,0.0,271.7457,4.5645,276.3102,279.8135
4938,7.6587,0.0073,7.666,1.3799,0.9990477432820244,0.0009522567179754761,427.6363,4.6613,0.0,0.0,0.0,427.63629999999995,4.661300000000001,432.29759999999993,440.794
4939,5.9912,0.0086,5.9998,1.08,0.9985666188872964,0.001433381112703757,351.8182,5.4029,0.0,0.0,0.0,351.81820000000005,5.402900000000001,357.22110000000004,357.222
4940,7.0587,0.0089,7.0676,1.2722,0.9987407323561039,0.0012592676438960893,383.1132,5.705,0.0,0.0,0.0,383.11319999999995,5.705,388.81819999999993,399.3147
4941,3.0956,0.0078,3.1034,0.5586,0.9974866275697621,0.0025133724302378035,165.0491,4.8626,0.0,0.0,0.0,165.0491,4.8626000000000005,169.9117,169.9112
4942,2.8432,0.0073,2.8505,0.5131,0.9974390457814419,0.002560954218558148,149.286,4.5121,0.0,0.0,0.0,149.286,4.5121,153.7981,154.2979
4943,3.8046,0.0087,3.8133,0.6864,0.9977185115254504,0.0022814884745496027,199.8326,5.2204,0.0,0.0,0.0,199.8326,5.220400000000001,205.05300000000003,209.0559
4944,17.6405,0.0081,17.6486,3.1768,0.9995410400824996,0.0004589599175005383,1031.0909,4.8635,0.0,0.0,0.0,1031.0909000000001,4.8635,1035.9544,1082.4544
4945,5.3559,0.0077,5.3636,0.9655,0.9985643970467597,0.001435602953240361,291.3442,4.8556,0.0,0.0,0.0,291.34419999999994,4.8556,296.1997999999999,298.2002
4946,11.3889,0.0079,11.3968,2.0514,0.9993068229678506,0.0006931770321493753,623.2597,4.7093,0.0,0.0,0.0,623.2597,4.7093,627.9689999999999,637.4669
4947,12.0028,0.0071,12.0099,2.1618,0.9994088210559622,0.0005911789440378355,684.0002,4.6732,0.0,0.0,0.0,684.0002,4.6732,688.6733999999999,702.1708
4948,2.5198,0.0075,2.5273,0.4549,0.9970324061251138,0.002967593874886242,133.3458,4.9072,0.0,0.0,0.0,133.3458,4.9072,138.253,138.2544
4949,2.7077,0.0093,2.717,0.4891,0.9965771071034228,0.0034228928965771067,140.7924,5.7967,0.0,0.0,0.0,140.79240000000001,5.7967,146.5891,146.5933
4950,21.1314,0.0077,21.1391,3.805,0.9996357460819051,0.0003642539180949047,1221.8181,4.4729,0.0,0.0,0.0,1221.8181,4.4729,1226.291,1249.7934
4951,7.7535,0.0081,7.7616,1.3971,0.998956400742115,0.0010435992578849721,420.0,5.1835,0.0,0.0,0.0,420.0,5.1835,425.1835,433.6811
4952,2.6748,0.0082,2.683,0.4829,0.996943719716735,0.0030562802832650024,140.7352,5.1584,0.0,0.0,0.0,140.73520000000002,5.158399999999999,145.89360000000002,145.8944
4953,2.6326,0.0086,2.6412,0.4754,0.9967439042859306,0.0032560957140693623,137.3255,5.1196,0.0,0.0,0.0,137.32550000000003,5.1196,142.44510000000002,142.449
4954,4.4508,0.0072,4.458,0.8024,0.9983849259757739,0.0016150740242261102,240.6393,4.4771,0.0,0.0,0.0,240.63930000000002,4.477099999999999,245.11640000000003,248.1164
4955,25.8955,0.0077,25.9033,4.6626,0.9996988800654741,0.00029725942254461786,1412.9092,4.8472,0.0,0.0,0.0,1412.9092,4.8472,1417.7564,1469.255
4956,3.9996,0.0089,4.0085,0.7215,0.9977797180990396,0.002220281900960459,217.7066,5.3588,0.0,0.0,0.0,217.70659999999998,5.3588,223.06539999999998,226.0633
4957,4.2484,0.008,4.2564,0.7662,0.9981204773987408,0.00187952260125928,231.6419,5.2705,0.0,0.0,0.0,231.64189999999996,5.2705,236.91239999999996,236.9134
4958,24.4985,0.0081,24.5065,4.4112,0.9996735559953482,0.0003305245547099749,1469.2728,4.9115,0.0,0.0,0.0,1469.2727999999997,4.9115,1474.1842999999997,1498.6856
4959,16.1738,0.0087,16.1826,2.9129,0.9994562060484717,0.0005376144748062734,951.0912,5.2788,0.0,0.0,0.0,951.0912000000003,5.2787999999999995,956.3700000000003,970.8661
4960,2.746,0.0087,2.7547,0.4958,0.9968417613533234,0.003158238646676589,142.7006,5.1377,0.0,0.0,0.0,142.70059999999995,5.1377,147.83829999999995,147.8354
4961,5.5043,0.0072,5.5116,0.9921,0.9986755207199361,0.0013063357282821686,290.1977,4.7536,0.0,0.0,0.0,290.19769999999994,4.7536,294.95129999999995,295.956
4962,3.2466,0.0078,3.2544,0.5858,0.9976032448377581,0.002396755162241888,171.1825,4.7817,0.0,0.0,0.0,171.18250000000003,4.7817,175.96420000000003,177.9621
4963,10.3939,0.0083,10.4022,1.8724,0.9992020918651824,0.0007979081348176347,576.8181,4.7154,0.0,0.0,0.0,576.8181,4.7154,581.5335,595.5319
4964,2.7913,0.0084,2.7997,0.504,0.9969996785369861,0.003000321463013894,146.5802,5.3701,0.0,0.0,0.0,146.58020000000002,5.370100000000001,151.95030000000003,151.9487
4965,21.9727,0.008,21.9807,3.9565,0.9996360443479962,0.0003639556520038034,1249.8181,4.8697,0.0,0.0,0.0,1249.8180999999997,4.869700000000001,1254.6877999999997,1284.1856
4966,1.9963,0.0081,2.0044,0.3608,0.9959588904410297,0.004041109558970265,108.1369,4.8717,0.0,0.0,0.0,108.1369,4.871700000000001,113.0086,113.5101
4967,8.7906,0.009,8.7996,1.5839,0.9989772262375562,0.0010227737624437473,480.0909,5.4653,0.0,0.0,0.0,480.09090000000003,5.465299999999999,485.55620000000005,492.0523
4968,13.2462,0.0074,13.2536,2.3856,0.9994416611335788,0.0005583388664211988,715.5455,4.5405,0.0,0.0,0.0,715.5455,4.540500000000001,720.0859999999999,724.0857
4969,3.636,0.008,3.644,0.6559,0.9978046103183315,0.0021953896816684962,214.3637,4.7155,0.0,0.0,0.0,214.36370000000002,4.7155,219.07920000000001,220.0828
4970,2.2699,0.0079,2.2778,0.41,0.9965317411537448,0.003468258846255159,133.8182,5.1156,0.0,0.0,0.0,133.8182,5.1156,138.9338,139.4351
4971,3.7468,0.0076,3.7545,0.6758,0.9979491277134105,0.002024237581568784,221.8182,5.193,0.0,0.0,0.0,221.8182,5.1930000000000005,227.0112,227.5117
4972,12.6194,0.0074,12.6268,2.2728,0.9994139449425034,0.000586055057496753,714.3639,4.4829,0.0,0.0,0.0,714.3639000000001,4.4829,718.8468,727.8436
4973,13.8552,0.0085,13.8637,2.4955,0.9993868880601859,0.0006131119398140468,779.7272,5.1232,0.0,0.0,0.0,779.7272,5.1232,784.8504,800.3493
4974,16.1725,0.0077,16.1802,2.9124,0.9995241097143422,0.0004758902856577793,919.5458,4.4127,0.0,0.0,0.0,919.5457999999999,4.4127,923.9584999999998,954.9604
4975,13.8285,0.0074,13.836,2.4905,0.9994579358196011,0.0005348366579936398,808.2727,4.6575,0.0,0.0,0.0,808.2726999999999,4.657500000000001,812.9301999999999,836.9259
4976,3.9259,0.0083,3.9342,0.7082,0.9978902953586497,0.002109704641350211,213.0055,5.2237,0.0,0.0,0.0,213.0055,5.2237,218.22920000000002,218.726
4977,12.3971,0.0086,12.4057,2.233,0.9993067702749543,0.0006932297250457451,696.7274,5.4344,0.0,0.0,0.0,696.7274,5.434400000000001,702.1618,719.1606
4978,8.8438,0.0074,8.8512,1.5932,0.9991639551699204,0.0008360448300795372,498.6364,4.629,0.0,0.0,0.0,498.6364,4.6290000000000004,503.2654,510.7664
4979,3.2354,0.0087,3.2441,0.5839,0.997318208439937,0.0026817915600628834,173.7424,5.9455,0.0,0.0,0.0,173.74240000000003,5.945499999999999,179.68790000000004,179.6859
4980,3.2236,0.0076,3.2312,0.5816,0.9976479326565981,0.0023520673434018324,178.4971,4.8527,0.0,0.0,0.0,178.49709999999996,4.8527000000000005,183.34979999999996,183.3499
4981,3.6785,0.0081,3.6865,0.6636,0.9978299199782992,0.00219720602197206,219.0,4.774,0.0,0.0,0.0,219.0,4.774,223.774,224.2719
4982,2.0598,0.0073,2.0671,0.3721,0.9964684824149775,0.0035315175850224954,110.2689,4.9358,0.0,0.0,0.0,110.26889999999997,4.9358,115.20469999999997,115.7006
4983,3.7931,0.0073,3.8004,0.6841,0.9980791495632039,0.0019208504367961268,204.4911,4.4614,0.0,0.0,0.0,204.49110000000005,4.4614,208.95250000000004,209.4484
4984,4.0409,0.0081,4.0491,0.7288,0.9979748586105553,0.002000444543231829,238.6365,4.6935,0.0,0.0,0.0,238.63649999999998,4.6935,243.32999999999998,245.8289
4985,18.216,0.0085,18.2245,3.2804,0.9995335948860052,0.00046640511399489705,1010.2727,5.8147,0.0,0.0,0.0,1010.2726999999999,5.8147,1016.0873999999999,1037.0922
4986,1.8763,0.0076,1.8839,0.3391,0.9959658155953077,0.004034184404692394,103.9667,4.7669,0.0,0.0,0.0,103.96669999999999,4.7669,108.7336,110.2331
4987,6.0105,0.0085,6.019,1.0834,0.9985878052832697,0.001412194716730354,344.7273,5.3733,0.0,0.0,0.0,344.7273,5.3732999999999995,350.1006,354.0991
4988,5.3449,0.0078,5.3527,0.9635,0.9985427914884077,0.0014572085115922807,304.0002,5.15,0.0,0.0,0.0,304.00019999999995,5.1499999999999995,309.1501999999999,315.6468
4989,1.9507,0.0073,1.9581,0.3525,0.9962208263112201,0.0037281037740666974,104.4556,4.8671,0.0,0.0,0.0,104.45560000000002,4.8671,109.32270000000001,109.3187
4990,12.0088,0.0079,12.0167,2.163,0.9993425815739763,0.0006574184260237836,703.182,4.9694,0.0,0.0,0.0,703.1820000000001,4.9694,708.1514000000001,726.1507
4991,14.6035,0.0074,14.6109,2.63,0.9994935288038382,0.0005064711961617696,792.6363,4.5151,0.0,0.0,0.0,792.6363,4.5150999999999994,797.1514,809.1532
4992,2.1136,0.008,2.1216,0.3819,0.9962292609351433,0.003770739064856712,113.8026,4.8406,0.0,0.0,0.0,113.80259999999998,4.8406,118.64319999999998,119.6399
4993,2.4592,0.0083,2.4676,0.4442,0.9965958826390015,0.0033635921543199872,130.2271,5.1393,0.0,0.0,0.0,130.22709999999998,5.1392999999999995,135.36639999999997,135.3635
4994,8.5881,0.0093,8.5974,1.5475,0.998918277618815,0.0010817223811850094,487.3769,5.5865,0.0,0.0,0.0,487.37690000000003,5.5865,492.96340000000004,504.959
4995,9.8385,0.0073,9.8458,1.7723,0.9992585671047552,0.0007414328952446729,552.3636,4.6876,0.0,0.0,0.0,552.3636,4.6876,557.0512,569.0559
4996,3.0548,0.0077,3.0625,0.5512,0.9974857142857143,0.0025142857142857146,170.567,4.8215,0.0,0.0,0.0,170.56699999999998,4.8215,175.38849999999996,176.8856
4997,1.7776,0.0078,1.7854,0.3214,0.995631231096673,0.004368768903326985,94.5969,5.0953,0.0,0.0,0.0,94.59689999999999,5.0953,99.69219999999999,99.6971
4998,10.3542,0.0077,10.3619,1.8651,0.9992568930408516,0.0007431069591484188,587.8182,5.0424,0.0,0.0,0.0,587.8182,5.042399999999999,592.8606000000001,602.3584
4999,10.1161,0.0077,10.1238,1.8223,0.9992394160295541,0.0007605839704458801,562.7273,4.6392,0.0,0.0,0.0,562.7273,4.639200000000001,567.3665,578.8699
