job_id,energy_qpu_kwh,energy_cpu_kwh,energy_total_kwh,cost_energy_total,phi_qpu,phi_cpu,qpu_time_s,cpu_time_s,qpu_wait_s,cpu_wait_s,wait_total_s,qpu_turn_s,cpu_turn_s,turn_total_s,job_turnaround_s
0,0.0,0.0054,0.0054,0.001,0.0,1.0,0.0,6.8652,0.0,0.0,0.0,0.0,6.865200000000001,6.865200000000001,6.8684
1,0.0,0.0061,0.0061,0.0011,0.0,1.0,0.0,7.381,0.0,0.0,0.0,0.0,7.381,7.381,7.3838
2,0.0,0.0052,0.0052,0.0009,0.0,1.0,0.0,6.2501,0.0,0.0,0.0,0.0,6.250100000000001,6.250100000000001,6.2547
3,0.0,0.0055,0.0055,0.001,0.0,1.0,0.0,8.3947,0.0,0.0,0.0,0.0,8.3947,8.3947,8.3903
4,0.0,0.0063,0.0063,0.0011,0.0,1.0,0.0,7.3376,0.0,0.0,0.0,0.0,7.3376,7.3376,7.3379
5,0.0,0.0062,0.0062,0.0011,0.0,1.0,0.0,7.9826,0.0,0.0,0.0,0.0,7.982600000000001,7.982600000000001,7.9794
6,0.0,0.0054,0.0054,0.001,0.0,1.0,0.0,7.5456,0.0,0.0,0.0,0.0,7.545599999999999,7.545599999999999,7.5502
7,0.0,0.0053,0.0053,0.001,0.0,1.0,0.0,7.0055,0.0,0.0,0.0,0.0,7.0055000000000005,7.0055000000000005,7.0043
8,0.0,0.0047,0.0047,0.0008,0.0,1.0,0.0,6.8119,0.0,0.0,0.0,0.0,6.8119,6.8119,6.8079
9,0.0,0.0056,0.0056,0.001,0.0,1.0,0.0,7.2612,0.0,0.0,0.0,0.0,7.2612000000000005,7.2612000000000005,7.2608
10,0.0,0.0065,0.0065,0.0012,0.0,1.0,0.0,7.1674,0.0,0.0,0.0,0.0,7.1674,7.1674,7.1651
11,0.0,0.0051,0.0051,0.0009,0.0,1.0,0.0,7.0702,0.0,0.0,0.0,0.0,7.070200000000001,7.070200000000001,7.0694
12,0.0,0.0063,0.0063,0.0011,0.0,1.0,0.0,8.0016,0.0,0.0,0.0,0.0,8.0016,8.0016,8.0063
13,0.0,0.0053,0.0053,0.001,0.0,1.0,0.0,6.9561,0.0,0.0,0.0,0.0,6.956099999999999,6.956099999999999,6.9512
14,0.0,0.0042,0.0042,0.0008,0.0,1.0,0.0,6.1492,0.0,0.0,0.0,0.0,6.1491999999999996,6.1491999999999996,6.1444
15,0.0,0.0067,0.0067,0.0012,0.0,1.0,0.0,8.2594,0.0,0.0,0.0,0.0,8.2594,8.2594,8.2622
16,0.0,0.0058,0.0058,0.001,0.0,1.0,0.0,7.8248,0.0,0.0,0.0,0.0,7.8248,7.8248,7.8225
17,0.0,0.0066,0.0066,0.0012,0.0,1.0,0.0,6.6406,0.0,0.0,0.0,0.0,6.6406,6.6406,6.639
18,0.0,0.0059,0.0059,0.0011,0.0,1.0,0.0,8.0649,0.0,0.0,0.0,0.0,8.064900000000002,8.064900000000002,8.0674
19,0.0,0.0075,0.0075,0.0013,0.0,1.0,0.0,8.4431,0.0,0.0,0.0,0.0,8.4431,8.4431,8.4407
20,0.0,0.0062,0.0062,0.0011,0.0,1.0,0.0,8.1425,0.0,0.0,0.0,0.0,8.1425,8.1425,8.1406
21,0.0,0.0056,0.0056,0.001,0.0,1.0,0.0,6.9529,0.0,0.0,0.0,0.0,6.9529,6.9529,6.9555
22,0.0,0.0064,0.0064,0.0012,0.0,1.0,0.0,6.946,0.0,0.0,0.0,0.0,6.946,6.946,6.9486
23,0.0,0.006,0.006,0.0011,0.0,1.0,0.0,7.9215,0.0,0.0,0.0,0.0,7.921499999999998,7.921499999999998,7.9201
24,0.0,0.0062,0.0062,0.0011,0.0,1.0,0.0,7.7471,0.0,0.0,0.0,0.0,7.7471000000000005,7.7471000000000005,7.7461
25,0.0,0.0062,0.0062,0.0011,0.0,1.0,0.0,7.4481,0.0,0.0,0.0,0.0,7.4481,7.4481,7.4507
26,0.0,0.0072,0.0072,0.0013,0.0,1.0,0.0,8.0262,0.0,0.0,0.0,0.0,8.0262,8.0262,8.0234
27,0.0,0.0052,0.0052,0.0009,0.0,1.0,0.0,7.1461,0.0,0.0,0.0,0.0,7.146099999999999,7.146099999999999,7.148
28,0.0,0.0058,0.0058,0.001,0.0,1.0,0.0,7.1239,0.0,0.0,0.0,0.0,7.123899999999999,7.123899999999999,7.1212
29,0.0,0.0057,0.0057,0.001,0.0,1.0,0.0,7.0493,0.0,0.0,0.0,0.0,7.0493,7.0493,7.0476
30,0.0,0.0055,0.0055,0.001,0.0,1.0,0.0,7.5048,0.0,0.0,0.0,0.0,7.5048,7.5048,7.5087
31,0.0,0.0064,0.0064,0.0012,0.0,1.0,0.0,7.6979,0.0,0.0,0.0,0.0,7.6979,7.6979,7.6944
32,0.0,0.0052,0.0052,0.0009,0.0,1.0,0.0,7.1018,0.0,0.0,0.0,0.0,7.1018,7.1018,7.0984
33,0.0,0.0069,0.0069,0.0012,0.0,1.0,0.0,8.0956,0.0,0.0,0.0,0.0,8.0956,8.0956,8.0936
34,0.0,0.0066,0.0066,0.0012,0.0,1.0,0.0,7.4982,0.0,0.0,0.0,0.0,7.498200000000001,7.498200000000001,7.5007
35,0.0,0.0083,0.0083,0.0015,0.0,1.0,0.0,7.7544,0.0,0.0,0.0,0.0,7.7543999999999995,7.7543999999999995,7.7594
36,0.0,0.0061,0.0061,0.0011,0.0,1.0,0.0,7.0611,0.0,0.0,0.0,0.0,7.061100000000001,7.061100000000001,7.0622
37,0.0,0.0066,0.0066,0.0012,0.0,1.0,0.0,7.5075,0.0,0.0,0.0,0.0,7.5075,7.5075,7.5057
38,0.0,0.0061,0.0061,0.0011,0.0,1.0,0.0,7.2802,0.0,0.0,0.0,0.0,7.2802,7.2802,7.2829
39,0.0,0.0067,0.0067,0.0012,0.0,1.0,0.0,8.7619,0.0,0.0,0.0,0.0,8.761899999999999,8.761899999999999,8.7664
40,0.0,0.0065,0.0065,0.0012,0.0,1.0,0.0,7.7052,0.0,0.0,0.0,0.0,7.7052,7.7052,7.7081
41,0.0,0.0063,0.0063,0.0011,0.0,1.0,0.0,7.7216,0.0,0.0,0.0,0.0,7.7216000000000005,7.7216000000000005,7.7219
42,0.0,0.0052,0.0052,0.0009,0.0,1.0,0.0,6.4134,0.0,0.0,0.0,0.0,6.4134,6.4134,6.4104
43,0.0,0.0069,0.0069,0.0012,0.0,1.0,0.0,7.5205,0.0,0.0,0.0,0.0,7.5205,7.5205,7.5183
44,0.0,0.0058,0.0058,0.001,0.0,1.0,0.0,7.2953,0.0,0.0,0.0,0.0,7.295299999999999,7.295299999999999,7.298
45,0.0,0.0062,0.0062,0.0011,0.0,1.0,0.0,7.4341,0.0,0.0,0.0,0.0,7.434100000000001,7.434100000000001,7.4378
46,0.0,0.0066,0.0066,0.0012,0.0,1.0,0.0,6.9632,0.0,0.0,0.0,0.0,6.9632000000000005,6.9632000000000005,6.9594
47,0.0,0.006,0.006,0.0011,0.0,1.0,0.0,8.603,0.0,0.0,0.0,0.0,8.603,8.603,8.6032
48,0.0,0.0052,0.0052,0.0009,0.0,1.0,0.0,7.169,0.0,0.0,0.0,0.0,7.1690000000000005,7.1690000000000005,7.1681
49,0.0,0.0052,0.0052,0.0009,0.0,1.0,0.0,7.1718,0.0,0.0,0.0,0.0,7.1718,7.1718,7.1745
50,0.0,0.0046,0.0046,0.0008,0.0,1.0,0.0,6.7389,0.0,0.0,0.0,0.0,6.7389,6.7389,6.7429
51,0.0,0.0057,0.0057,0.001,0.0,1.0,0.0,7.7472,0.0,0.0,0.0,0.0,7.747200000000001,7.747200000000001,7.7448
52,0.0,0.0064,0.0064,0.0011,0.0,1.0,0.0,8.2203,0.0,0.0,0.0,0.0,8.220299999999998,8.220299999999998,8.2216
53,0.0,0.0064,0.0064,0.0011,0.0,1.0,0.0,7.4642,0.0,0.0,0.0,0.0,7.464199999999999,7.464199999999999,7.4682
54,0.0,0.0063,0.0063,0.0011,0.0,1.0,0.0,7.1877,0.0,0.0,0.0,0.0,7.1877,7.1877,7.1918
55,0.0,0.0057,0.0057,0.001,0.0,1.0,0.0,6.8082,0.0,0.0,0.0,0.0,6.808199999999999,6.808199999999999,6.8085
56,0.0,0.0071,0.0071,0.0013,0.0,1.0,0.0,7.7188,0.0,0.0,0.0,0.0,7.7188,7.7188,7.7142
57,0.0,0.0052,0.0052,0.0009,0.0,1.0,0.0,6.858,0.0,0.0,0.0,0.0,6.858,6.858,6.8567
58,0.0,0.0046,0.0046,0.0008,0.0,1.0,0.0,6.8738,0.0,0.0,0.0,0.0,6.8738,6.8738,6.8726
59,0.0,0.0061,0.0061,0.0011,0.0,1.0,0.0,7.1185,0.0,0.0,0.0,0.0,7.1185,7.1185,7.1158
60,0.0,0.0064,0.0064,0.0011,0.0,1.0,0.0,8.2181,0.0,0.0,0.0,0.0,8.2181,8.2181,8.2198
61,0.0,0.0051,0.0051,0.0009,0.0,1.0,0.0,7.4042,0.0,0.0,0.0,0.0,7.4042,7.4042,7.4022
62,0.0,0.0071,0.0071,0.0013,0.0,1.0,0.0,7.6052,0.0,0.0,0.0,0.0,7.6052,7.6052,7.6085
63,0.0,0.0067,0.0067,0.0012,0.0,1.0,0.0,7.2839,0.0,0.0,0.0,0.0,7.283899999999999,7.283899999999999,7.2862
64,0.0,0.0057,0.0057,0.001,0.0,1.0,0.0,7.2565,0.0,0.0,0.0,0.0,7.256500000000001,7.256500000000001,7.261
65,0.0,0.0051,0.0051,0.0009,0.0,1.0,0.0,7.0924,0.0,0.0,0.0,0.0,7.0924,7.0924,7.0915
66,0.0,0.0058,0.0058,0.001,0.0,1.0,0.0,7.706,0.0,0.0,0.0,0.0,7.706,7.706,7.7055
67,0.0,0.0062,0.0062,0.0011,0.0,1.0,0.0,8.0393,0.0,0.0,0.0,0.0,8.039299999999999,8.039299999999999,8.0407
68,0.0,0.006,0.006,0.0011,0.0,1.0,0.0,7.557,0.0,0.0,0.0,0.0,7.557,7.557,7.553
69,0.0,0.0058,0.0058,0.001,0.0,1.0,0.0,7.1241,0.0,0.0,0.0,0.0,7.1241,7.1241,7.1275
70,0.0,0.0061,0.0061,0.0011,0.0,1.0,0.0,7.7919,0.0,0.0,0.0,0.0,7.7919,7.7919,7.7888
71,0.0,0.0054,0.0054,0.001,0.0,1.0,0.0,7.1798,0.0,0.0,0.0,0.0,7.1798,7.1798,7.1846
72,0.0,0.0067,0.0067,0.0012,0.0,1.0,0.0,7.4988,0.0,0.0,0.0,0.0,7.4988,7.4988,7.4939
73,0.0,0.0069,0.0069,0.0012,0.0,1.0,0.0,8.6724,0.0,0.0,0.0,0.0,8.6724,8.6724,8.6771
74,0.0,0.0059,0.0059,0.0011,0.0,1.0,0.0,7.4928,0.0,0.0,0.0,0.0,7.4928,7.4928,7.4977
75,0.0,0.0068,0.0068,0.0012,0.0,1.0,0.0,7.0305,0.0,0.0,0.0,0.0,7.0305,7.0305,7.0275
76,0.0,0.0048,0.0048,0.0009,0.0,1.0,0.0,6.9968,0.0,0.0,0.0,0.0,6.9967999999999995,6.9967999999999995,6.9976
77,0.0,0.0054,0.0054,0.001,0.0,1.0,0.0,7.0898,0.0,0.0,0.0,0.0,7.089799999999999,7.089799999999999,7.0929
78,0.0,0.0064,0.0064,0.0011,0.0,1.0,0.0,6.9676,0.0,0.0,0.0,0.0,6.967599999999999,6.967599999999999,6.9631
79,0.0,0.0059,0.0059,0.0011,0.0,1.0,0.0,7.3197,0.0,0.0,0.0,0.0,7.3197,7.3197,7.3212
80,0.0,0.0065,0.0065,0.0012,0.0,1.0,0.0,7.9746,0.0,0.0,0.0,0.0,7.974600000000001,7.974600000000001,7.9713
81,0.0,0.0067,0.0067,0.0012,0.0,1.0,0.0,7.5615,0.0,0.0,0.0,0.0,7.5615000000000006,7.5615000000000006,7.5636
82,0.0,0.0058,0.0058,0.001,0.0,1.0,0.0,7.9708,0.0,0.0,0.0,0.0,7.9708000000000006,7.9708000000000006,7.9686
83,0.0,0.0058,0.0058,0.001,0.0,1.0,0.0,6.6944,0.0,0.0,0.0,0.0,6.694399999999999,6.694399999999999,6.6911
84,0.0,0.006,0.006,0.0011,0.0,1.0,0.0,7.2335,0.0,0.0,0.0,0.0,7.2335,7.2335,7.2288
85,0.0,0.005,0.005,0.0009,0.0,1.0,0.0,7.553,0.0,0.0,0.0,0.0,7.553,7.553,7.5574
86,0.0,0.0065,0.0065,0.0012,0.0,1.0,0.0,8.5513,0.0,0.0,0.0,0.0,8.5513,8.5513,8.5516
87,0.0,0.006,0.006,0.0011,0.0,1.0,0.0,7.0118,0.0,0.0,0.0,0.0,7.0118,7.0118,7.0081
88,0.0,0.0065,0.0065,0.0012,0.0,1.0,0.0,7.5302,0.0,0.0,0.0,0.0,7.530200000000001,7.530200000000001,7.5292
89,0.0,0.0059,0.0059,0.0011,0.0,1.0,0.0,6.9397,0.0,0.0,0.0,0.0,6.9397,6.9397,6.9407
90,0.0,0.006,0.006,0.0011,0.0,1.0,0.0,6.9333,0.0,0.0,0.0,0.0,6.9333,6.9333,6.9329
91,0.0,0.0065,0.0065,0.0012,0.0,1.0,0.0,7.538,0.0,0.0,0.0,0.0,7.538,7.538,7.5411
92,0.0,0.0053,0.0053,0.0009,0.0,1.0,0.0,6.7124,0.0,0.0,0.0,0.0,6.7124,6.7124,6.7117
93,0.0,0.0067,0.0067,0.0012,0.0,1.0,0.0,7.4772,0.0,0.0,0.0,0.0,7.4772,7.4772,7.4794
94,0.0,0.0072,0.0072,0.0013,0.0,1.0,0.0,7.6354,0.0,0.0,0.0,0.0,7.6354,7.6354,7.6379
95,0.0,0.0061,0.0061,0.0011,0.0,1.0,0.0,7.6654,0.0,0.0,0.0,0.0,7.665400000000001,7.665400000000001,7.6658
96,0.0,0.0063,0.0063,0.0011,0.0,1.0,0.0,7.3935,0.0,0.0,0.0,0.0,7.3935,7.3935,7.3952
97,0.0,0.0061,0.0061,0.0011,0.0,1.0,0.0,7.3875,0.0,0.0,0.0,0.0,7.3875,7.3875,7.3849
98,0.0,0.0063,0.0063,0.0011,0.0,1.0,0.0,8.6992,0.0,0.0,0.0,0.0,8.6992,8.6992,8.6976
99,0.0,0.0063,0.0063,0.0011,0.0,1.0,0.0,8.1195,0.0,0.0,0.0,0.0,8.1195,8.1195,8.1206
100,0.0,0.0061,0.0061,0.0011,0.0,1.0,0.0,7.234,0.0,0.0,0.0,0.0,7.234,7.234,7.233
101,0.0,0.0057,0.0057,0.001,0.0,1.0,0.0,6.9837,0.0,0.0,0.0,0.0,6.9837,6.9837,6.9822
102,0.0,0.0056,0.0056,0.001,0.0,1.0,0.0,6.7483,0.0,0.0,0.0,0.0,6.7483,6.7483,6.7434
103,0.0,0.0061,0.0061,0.0011,0.0,1.0,0.0,7.3107,0.0,0.0,0.0,0.0,7.3107,7.3107,7.3088
104,0.0,0.0062,0.0062,0.0011,0.0,1.0,0.0,8.2108,0.0,0.0,0.0,0.0,8.2108,8.2108,8.2135
105,0.0,0.0049,0.0049,0.0009,0.0,1.0,0.0,7.4149,0.0,0.0,0.0,0.0,7.4149,7.4149,7.4178
106,0.0,0.0065,0.0065,0.0012,0.0,1.0,0.0,7.5213,0.0,0.0,0.0,0.0,7.521299999999999,7.521299999999999,7.5235
107,0.0,0.0047,0.0047,0.0008,0.0,1.0,0.0,7.0165,0.0,0.0,0.0,0.0,7.0165,7.0165,7.0175
108,0.0,0.006,0.006,0.0011,0.0,1.0,0.0,6.9477,0.0,0.0,0.0,0.0,6.9477,6.9477,6.9505
109,0.0,0.0054,0.0054,0.001,0.0,1.0,0.0,7.4645,0.0,0.0,0.0,0.0,7.4645,7.4645,7.4661
110,0.0,0.0052,0.0052,0.0009,0.0,1.0,0.0,7.5427,0.0,0.0,0.0,0.0,7.5427,7.5427,7.5453
111,0.0,0.0057,0.0057,0.001,0.0,1.0,0.0,7.5234,0.0,0.0,0.0,0.0,7.5234000000000005,7.5234000000000005,7.521
112,0.0,0.0058,0.0058,0.001,0.0,1.0,0.0,7.3126,0.0,0.0,0.0,0.0,7.3126,7.3126,7.3148
113,0.0,0.0056,0.0056,0.001,0.0,1.0,0.0,7.6477,0.0,0.0,0.0,0.0,7.6476999999999995,7.6476999999999995,7.6462
114,0.0,0.0057,0.0057,0.001,0.0,1.0,0.0,7.9113,0.0,0.0,0.0,0.0,7.9113,7.9113,7.9064
115,0.0,0.0063,0.0063,0.0011,0.0,1.0,0.0,7.1871,0.0,0.0,0.0,0.0,7.1871,7.1871,7.1863
116,0.0,0.0058,0.0058,0.0011,0.0,1.0,0.0,6.9771,0.0,0.0,0.0,0.0,6.9771,6.9771,6.9756
117,0.0,0.0049,0.0049,0.0009,0.0,1.0,0.0,7.2743,0.0,0.0,0.0,0.0,7.274299999999999,7.274299999999999,7.2766
118,0.0,0.0058,0.0058,0.001,0.0,1.0,0.0,6.2322,0.0,0.0,0.0,0.0,6.2322,6.2322,6.2351
119,0.0,0.0059,0.0059,0.0011,0.0,1.0,0.0,8.0849,0.0,0.0,0.0,0.0,8.0849,8.0849,8.081
120,0.0,0.0066,0.0066,0.0012,0.0,1.0,0.0,7.8181,0.0,0.0,0.0,0.0,7.8181,7.8181,7.8171
121,0.0,0.0059,0.0059,0.0011,0.0,1.0,0.0,7.3563,0.0,0.0,0.0,0.0,7.3563,7.3563,7.3562
122,0.0,0.0057,0.0057,0.001,0.0,1.0,0.0,7.1475,0.0,0.0,0.0,0.0,7.147499999999999,7.147499999999999,7.1486
123,0.0,0.0059,0.0059,0.0011,0.0,1.0,0.0,7.3317,0.0,0.0,0.0,0.0,7.3317,7.3317,7.3353
124,0.0,0.0067,0.0067,0.0012,0.0,1.0,0.0,8.0674,0.0,0.0,0.0,0.0,8.0674,8.0674,8.0715
125,0.0,0.0054,0.0054,0.001,0.0,1.0,0.0,7.4309,0.0,0.0,0.0,0.0,7.4309,7.4309,7.4302
126,0.0,0.0056,0.0056,0.001,0.0,1.0,0.0,7.124,0.0,0.0,0.0,0.0,7.124,7.124,7.126
127,0.0,0.0056,0.0056,0.001,0.0,1.0,0.0,7.5037,0.0,0.0,0.0,0.0,7.5037,7.5037,7.4993
128,0.0,0.0068,0.0068,0.0012,0.0,1.0,0.0,8.0941,0.0,0.0,0.0,0.0,8.0941,8.0941,8.0972
129,0.0,0.0057,0.0057,0.001,0.0,1.0,0.0,6.6985,0.0,0.0,0.0,0.0,6.6985,6.6985,6.6972
130,0.0,0.0065,0.0065,0.0012,0.0,1.0,0.0,7.6256,0.0,0.0,0.0,0.0,7.6256,7.6256,7.6286
131,0.0,0.0044,0.0044,0.0008,0.0,1.0,0.0,6.8459,0.0,0.0,0.0,0.0,6.8459,6.8459,6.8413
132,0.0,0.0058,0.0058,0.001,0.0,1.0,0.0,7.4468,0.0,0.0,0.0,0.0,7.446799999999999,7.446799999999999,7.4421
133,0.0,0.0059,0.0059,0.0011,0.0,1.0,0.0,7.2494,0.0,0.0,0.0,0.0,7.2494,7.2494,7.2504
134,0.0,0.006,0.006,0.0011,0.0,1.0,0.0,8.0098,0.0,0.0,0.0,0.0,8.0098,8.0098,8.0145
135,0.0,0.0062,0.0062,0.0011,0.0,1.0,0.0,7.73,0.0,0.0,0.0,0.0,7.7299999999999995,7.7299999999999995,7.7299
136,0.0,0.0065,0.0065,0.0012,0.0,1.0,0.0,8.1026,0.0,0.0,0.0,0.0,8.1026,8.1026,8.103
137,0.0,0.0049,0.0049,0.0009,0.0,1.0,0.0,6.8785,0.0,0.0,0.0,0.0,6.8785,6.8785,6.8756
138,0.0,0.0051,0.0051,0.0009,0.0,1.0,0.0,7.4185,0.0,0.0,0.0,0.0,7.4185,7.4185,7.4158
139,0.0,0.0078,0.0078,0.0014,0.0,1.0,0.0,8.7609,0.0,0.0,0.0,0.0,8.760900000000001,8.760900000000001,8.7631
140,0.0,0.0047,0.0047,0.0009,0.0,1.0,0.0,6.5539,0.0,0.0,0.0,0.0,6.5539,6.5539,6.5566
141,0.0,0.0056,0.0056,0.001,0.0,1.0,0.0,6.8868,0.0,0.0,0.0,0.0,6.886800000000001,6.886800000000001,6.8819
142,0.0,0.0057,0.0057,0.001,0.0,1.0,0.0,7.5305,0.0,0.0,0.0,0.0,7.5305,7.5305,7.527
143,0.0,0.0062,0.0062,0.0011,0.0,1.0,0.0,6.9122,0.0,0.0,0.0,0.0,6.9122,6.9122,6.9147
144,0.0,0.0072,0.0072,0.0013,0.0,1.0,0.0,7.6713,0.0,0.0,0.0,0.0,7.6713,7.6713,7.6722
145,0.0,0.0075,0.0075,0.0014,0.0,1.0,0.0,8.156,0.0,0.0,0.0,0.0,8.156,8.156,8.1539
146,0.0,0.0057,0.0057,0.001,0.0,1.0,0.0,6.8768,0.0,0.0,0.0,0.0,6.8768,6.8768,6.8727
147,0.0,0.0058,0.0058,0.001,0.0,1.0,0.0,8.2141,0.0,0.0,0.0,0.0,8.2141,8.2141,8.2189
148,0.0,0.0067,0.0067,0.0012,0.0,1.0,0.0,7.2669,0.0,0.0,0.0,0.0,7.266900000000001,7.266900000000001,7.2621
149,0.0,0.005,0.005,0.0009,0.0,1.0,0.0,7.6276,0.0,0.0,0.0,0.0,7.627600000000001,7.627600000000001,7.6273
150,0.0,0.0063,0.0063,0.0011,0.0,1.0,0.0,7.8846,0.0,0.0,0.0,0.0,7.8846,7.8846,7.8867
151,0.0,0.0063,0.0063,0.0011,0.0,1.0,0.0,8.2563,0.0,0.0,0.0,0.0,8.2563,8.2563,8.2549
152,0.0,0.0053,0.0053,0.001,0.0,1.0,0.0,7.5053,0.0,0.0,0.0,0.0,7.5053,7.5053,7.5064
153,0.0,0.0057,0.0057,0.001,0.0,1.0,0.0,6.8625,0.0,0.0,0.0,0.0,6.8625,6.8625,6.8582
154,0.0,0.0059,0.0059,0.0011,0.0,1.0,0.0,7.3462,0.0,0.0,0.0,0.0,7.3462,7.3462,7.3444
155,0.0,0.0064,0.0064,0.0012,0.0,1.0,0.0,8.1264,0.0,0.0,0.0,0.0,8.126399999999999,8.126399999999999,8.1219
156,0.0,0.0059,0.0059,0.0011,0.0,1.0,0.0,6.5991,0.0,0.0,0.0,0.0,6.5991,6.5991,6.5948
157,0.0,0.0062,0.0062,0.0011,0.0,1.0,0.0,7.869,0.0,0.0,0.0,0.0,7.869,7.869,7.8727
158,0.0,0.0062,0.0062,0.0011,0.0,1.0,0.0,6.8349,0.0,0.0,0.0,0.0,6.8349,6.8349,6.8331
159,0.0,0.0043,0.0043,0.0008,0.0,1.0,0.0,6.4628,0.0,0.0,0.0,0.0,6.4628000000000005,6.4628000000000005,6.459
160,0.0,0.0055,0.0055,0.001,0.0,1.0,0.0,7.3558,0.0,0.0,0.0,0.0,7.3557999999999995,7.3557999999999995,7.3546
161,0.0,0.0062,0.0062,0.0011,0.0,1.0,0.0,7.4828,0.0,0.0,0.0,0.0,7.4828,7.4828,7.4854
162,0.0,0.0061,0.0061,0.0011,0.0,1.0,0.0,7.3143,0.0,0.0,0.0,0.0,7.3143,7.3143,7.3122
163,0.0,0.0073,0.0073,0.0013,0.0,1.0,0.0,7.9533,0.0,0.0,0.0,0.0,7.9533,7.9533,7.9532
164,0.0,0.0069,0.0069,0.0012,0.0,1.0,0.0,7.4621,0.0,0.0,0.0,0.0,7.4621,7.4621,7.4653
165,0.0,0.0041,0.0041,0.0007,0.0,1.0,0.0,6.1435,0.0,0.0,0.0,0.0,6.1435,6.1435,6.1414
166,0.0,0.0065,0.0065,0.0012,0.0,1.0,0.0,7.6293,0.0,0.0,0.0,0.0,7.6293,7.6293,7.6259
167,0.0,0.0066,0.0066,0.0012,0.0,1.0,0.0,8.0346,0.0,0.0,0.0,0.0,8.0346,8.0346,8.0306
168,0.0,0.0057,0.0057,0.001,0.0,1.0,0.0,7.4779,0.0,0.0,0.0,0.0,7.4779,7.4779,7.4773
169,0.0,0.0049,0.0049,0.0009,0.0,1.0,0.0,6.6961,0.0,0.0,0.0,0.0,6.6961,6.6961,6.7009
170,0.0,0.0055,0.0055,0.001,0.0,1.0,0.0,7.4427,0.0,0.0,0.0,0.0,7.4426999999999985,7.4426999999999985,7.4455
171,0.0,0.0064,0.0064,0.0012,0.0,1.0,0.0,7.6699,0.0,0.0,0.0,0.0,7.669899999999999,7.669899999999999,7.672
172,0.0,0.0059,0.0059,0.0011,0.0,1.0,0.0,7.8296,0.0,0.0,0.0,0.0,7.8296,7.8296,7.8341
173,0.0,0.0069,0.0069,0.0012,0.0,1.0,0.0,7.5814,0.0,0.0,0.0,0.0,7.5813999999999995,7.5813999999999995,7.5791
174,0.0,0.0054,0.0054,0.001,0.0,1.0,0.0,7.0478,0.0,0.0,0.0,0.0,7.0478000000000005,7.0478000000000005,7.046
175,0.0,0.0053,0.0053,0.001,0.0,1.0,0.0,7.1784,0.0,0.0,0.0,0.0,7.1784,7.1784,7.1767
176,0.0,0.006,0.006,0.0011,0.0,1.0,0.0,7.8992,0.0,0.0,0.0,0.0,7.8992,7.8992,7.9031
177,0.0,0.0063,0.0063,0.0011,0.0,1.0,0.0,7.4268,0.0,0.0,0.0,0.0,7.426799999999999,7.426799999999999,7.4285
178,0.0,0.0067,0.0067,0.0012,0.0,1.0,0.0,7.536,0.0,0.0,0.0,0.0,7.536,7.536,7.5343
179,0.0,0.0051,0.0051,0.0009,0.0,1.0,0.0,7.6602,0.0,0.0,0.0,0.0,7.6602000000000015,7.6602000000000015,7.6629
180,0.0,0.006,0.006,0.0011,0.0,1.0,0.0,7.3875,0.0,0.0,0.0,0.0,7.387499999999999,7.387499999999999,7.3846
181,0.0,0.0058,0.0058,0.001,0.0,1.0,0.0,7.0678,0.0,0.0,0.0,0.0,7.067799999999999,7.067799999999999,7.0726
182,0.0,0.0053,0.0053,0.0009,0.0,1.0,0.0,6.6823,0.0,0.0,0.0,0.0,6.682300000000001,6.682300000000001,6.6774
183,0.0,0.0073,0.0073,0.0013,0.0,1.0,0.0,7.9832,0.0,0.0,0.0,0.0,7.983199999999999,7.983199999999999,7.9828
184,0.0,0.0062,0.0062,0.0011,0.0,1.0,0.0,6.9474,0.0,0.0,0.0,0.0,6.9474,6.9474,6.9458
185,0.0,0.0068,0.0068,0.0012,0.0,1.0,0.0,7.9424,0.0,0.0,0.0,0.0,7.942399999999999,7.942399999999999,7.9398
186,0.0,0.0048,0.0048,0.0009,0.0,1.0,0.0,6.4876,0.0,0.0,0.0,0.0,6.4876,6.4876,6.4831
187,0.0,0.0056,0.0056,0.001,0.0,1.0,0.0,7.8717,0.0,0.0,0.0,0.0,7.871700000000001,7.871700000000001,7.8712
188,0.0,0.0049,0.0049,0.0009,0.0,1.0,0.0,7.471,0.0,0.0,0.0,0.0,7.471,7.471,7.4734
189,0.0,0.0061,0.0061,0.0011,0.0,1.0,0.0,7.9131,0.0,0.0,0.0,0.0,7.9131,7.9131,7.9173
190,0.0,0.0062,0.0062,0.0011,0.0,1.0,0.0,7.3374,0.0,0.0,0.0,0.0,7.3374,7.3374,7.3356
191,0.0,0.0081,0.0081,0.0015,0.0,1.0,0.0,8.1657,0.0,0.0,0.0,0.0,8.1657,8.1657,8.1607
192,0.0,0.006,0.006,0.0011,0.0,1.0,0.0,7.7211,0.0,0.0,0.0,0.0,7.7211,7.7211,7.7196
193,0.0,0.0059,0.0059,0.0011,0.0,1.0,0.0,7.2142,0.0,0.0,0.0,0.0,7.2142,7.2142,7.214
194,0.0,0.0056,0.0056,0.001,0.0,1.0,0.0,6.9,0.0,0.0,0.0,0.0,6.9,6.9,6.8997
195,0.0,0.0053,0.0053,0.001,0.0,1.0,0.0,6.6411,0.0,0.0,0.0,0.0,6.6411,6.6411,6.6431
196,0.0,0.0054,0.0054,0.001,0.0,1.0,0.0,7.6625,0.0,0.0,0.0,0.0,7.6625,7.6625,7.6621
197,0.0,0.0084,0.0084,0.0015,0.0,1.0,0.0,8.7703,0.0,0.0,0.0,0.0,8.7703,8.7703,8.7691
198,0.0,0.0057,0.0057,0.001,0.0,1.0,0.0,7.4261,0.0,0.0,0.0,0.0,7.426099999999999,7.426099999999999,7.424
199,0.0,0.0075,0.0075,0.0013,0.0,1.0,0.0,8.9535,0.0,0.0,0.0,0.0,8.953499999999998,8.953499999999998,8.9552
200,0.0,0.0064,0.0064,0.0011,0.0,1.0,0.0,7.6139,0.0,0.0,0.0,0.0,7.613899999999999,7.613899999999999,7.613
201,0.0,0.0053,0.0053,0.001,0.0,1.0,0.0,7.6102,0.0,0.0,0.0,0.0,7.6102,7.6102,7.6151
202,0.0,0.0067,0.0067,0.0012,0.0,1.0,0.0,8.1462,0.0,0.0,0.0,0.0,8.1462,8.1462,8.1464
203,0.0,0.006,0.006,0.0011,0.0,1.0,0.0,7.5544,0.0,0.0,0.0,0.0,7.5544,7.5544,7.5575
204,0.0,0.0054,0.0054,0.001,0.0,1.0,0.0,7.726,0.0,0.0,0.0,0.0,7.726,7.726,7.7291
205,0.0,0.0063,0.0063,0.0011,0.0,1.0,0.0,7.049,0.0,0.0,0.0,0.0,7.049,7.049,7.0452
206,0.0,0.0054,0.0054,0.001,0.0,1.0,0.0,7.6352,0.0,0.0,0.0,0.0,7.6352,7.6352,7.6389
207,0.0,0.0064,0.0064,0.0011,0.0,1.0,0.0,7.4615,0.0,0.0,0.0,0.0,7.4615,7.4615,7.4586
208,0.0,0.0053,0.0053,0.001,0.0,1.0,0.0,6.3771,0.0,0.0,0.0,0.0,6.3771,6.3771,6.3755
209,0.0,0.0059,0.0059,0.0011,0.0,1.0,0.0,7.0459,0.0,0.0,0.0,0.0,7.0459000000000005,7.0459000000000005,7.043
210,0.0,0.0065,0.0065,0.0012,0.0,1.0,0.0,7.3088,0.0,0.0,0.0,0.0,7.308799999999999,7.308799999999999,7.3123
211,0.0,0.0064,0.0064,0.0011,0.0,1.0,0.0,7.1162,0.0,0.0,0.0,0.0,7.1162,7.1162,7.1147
212,0.0,0.0056,0.0056,0.001,0.0,1.0,0.0,7.2822,0.0,0.0,0.0,0.0,7.2822000000000005,7.2822000000000005,7.2847
213,0.0,0.0055,0.0055,0.001,0.0,1.0,0.0,7.6019,0.0,0.0,0.0,0.0,7.6019000000000005,7.6019000000000005,7.5976
214,0.0,0.0064,0.0064,0.0011,0.0,1.0,0.0,7.3647,0.0,0.0,0.0,0.0,7.3647,7.3647,7.3602
215,0.0,0.0075,0.0075,0.0013,0.0,1.0,0.0,8.0196,0.0,0.0,0.0,0.0,8.019599999999999,8.019599999999999,8.0226
216,0.0,0.0059,0.0059,0.0011,0.0,1.0,0.0,7.2298,0.0,0.0,0.0,0.0,7.2298,7.2298,7.2274
217,0.0,0.0065,0.0065,0.0012,0.0,1.0,0.0,8.1382,0.0,0.0,0.0,0.0,8.1382,8.1382,8.1338
218,0.0,0.0061,0.0061,0.0011,0.0,1.0,0.0,8.0649,0.0,0.0,0.0,0.0,8.0649,8.0649,8.0689
219,0.0,0.006,0.006,0.0011,0.0,1.0,0.0,7.1074,0.0,0.0,0.0,0.0,7.1074,7.1074,7.1025
220,0.0,0.0051,0.0051,0.0009,0.0,1.0,0.0,6.9273,0.0,0.0,0.0,0.0,6.9273,6.9273,6.9296
221,0.0,0.0056,0.0056,0.001,0.0,1.0,0.0,6.6716,0.0,0.0,0.0,0.0,6.671600000000001,6.671600000000001,6.6761
222,0.0,0.0055,0.0055,0.001,0.0,1.0,0.0,7.4557,0.0,0.0,0.0,0.0,7.455699999999999,7.455699999999999,7.4559
223,0.0,0.0058,0.0058,0.001,0.0,1.0,0.0,7.2517,0.0,0.0,0.0,0.0,7.2517,7.2517,7.2535
224,0.0,0.0058,0.0058,0.001,0.0,1.0,0.0,7.9099,0.0,0.0,0.0,0.0,7.909899999999999,7.909899999999999,7.9147
225,0.0,0.0056,0.0056,0.001,0.0,1.0,0.0,7.2595,0.0,0.0,0.0,0.0,7.2595,7.2595,7.2612
226,0.0,0.0069,0.0069,0.0012,0.0,1.0,0.0,7.9876,0.0,0.0,0.0,0.0,7.9876,7.9876,7.9886
227,0.0,0.0071,0.0071,0.0013,0.0,1.0,0.0,8.0654,0.0,0.0,0.0,0.0,8.0654,8.0654,8.0686
228,0.0,0.0064,0.0064,0.0012,0.0,1.0,0.0,8.5281,0.0,0.0,0.0,0.0,8.5281,8.5281,8.5316
229,0.0,0.0056,0.0056,0.001,0.0,1.0,0.0,6.7777,0.0,0.0,0.0,0.0,6.7777,6.7777,6.774
230,0.0,0.0055,0.0055,0.001,0.0,1.0,0.0,7.2428,0.0,0.0,0.0,0.0,7.2428,7.2428,7.2444
231,0.0,0.0064,0.0064,0.0012,0.0,1.0,0.0,7.4101,0.0,0.0,0.0,0.0,7.410099999999999,7.410099999999999,7.4148
232,0.0,0.0059,0.0059,0.0011,0.0,1.0,0.0,7.8123,0.0,0.0,0.0,0.0,7.8123000000000005,7.8123000000000005,7.8094
233,0.0,0.0072,0.0072,0.0013,0.0,1.0,0.0,7.875,0.0,0.0,0.0,0.0,7.875,7.875,7.8736
234,0.0,0.0058,0.0058,0.001,0.0,1.0,0.0,8.1974,0.0,0.0,0.0,0.0,8.197400000000002,8.197400000000002,8.1982
235,0.0,0.0062,0.0062,0.0011,0.0,1.0,0.0,7.2773,0.0,0.0,0.0,0.0,7.2773,7.2773,7.2778
236,0.0,0.0053,0.0053,0.0009,0.0,1.0,0.0,7.2695,0.0,0.0,0.0,0.0,7.269499999999999,7.269499999999999,7.269
237,0.0,0.0069,0.0069,0.0012,0.0,1.0,0.0,7.2636,0.0,0.0,0.0,0.0,7.263599999999999,7.263599999999999,7.2669
238,0.0,0.0052,0.0052,0.0009,0.0,1.0,0.0,7.1261,0.0,0.0,0.0,0.0,7.126100000000001,7.126100000000001,7.1308
239,0.0,0.005,0.005,0.0009,0.0,1.0,0.0,6.9106,0.0,0.0,0.0,0.0,6.9106000000000005,6.9106000000000005,6.9084
240,0.0,0.0057,0.0057,0.001,0.0,1.0,0.0,7.1493,0.0,0.0,0.0,0.0,7.1493,7.1493,7.1461
241,0.0,0.0051,0.0051,0.0009,0.0,1.0,0.0,6.1205,0.0,0.0,0.0,0.0,6.120499999999999,6.120499999999999,6.1221
242,0.0,0.0056,0.0056,0.001,0.0,1.0,0.0,7.7537,0.0,0.0,0.0,0.0,7.753699999999999,7.753699999999999,7.7574
243,0.0,0.0059,0.0059,0.0011,0.0,1.0,0.0,7.5811,0.0,0.0,0.0,0.0,7.581099999999999,7.581099999999999,7.5803
244,0.0,0.0064,0.0064,0.0012,0.0,1.0,0.0,7.1095,0.0,0.0,0.0,0.0,7.1095,7.1095,7.1109
245,0.0,0.0061,0.0061,0.0011,0.0,1.0,0.0,7.6718,0.0,0.0,0.0,0.0,7.671800000000001,7.671800000000001,7.6719
246,0.0,0.006,0.006,0.0011,0.0,1.0,0.0,7.0436,0.0,0.0,0.0,0.0,7.0436,7.0436,7.0477
247,0.0,0.0061,0.0061,0.0011,0.0,1.0,0.0,7.4271,0.0,0.0,0.0,0.0,7.427099999999999,7.427099999999999,7.4312
248,0.0,0.0062,0.0062,0.0011,0.0,1.0,0.0,6.8741,0.0,0.0,0.0,0.0,6.874099999999999,6.874099999999999,6.8735
249,0.0,0.005,0.005,0.0009,0.0,1.0,0.0,6.6402,0.0,0.0,0.0,0.0,6.6402,6.6402,6.6443
250,0.0,0.0062,0.0062,0.0011,0.0,1.0,0.0,8.0933,0.0,0.0,0.0,0.0,8.0933,8.0933,8.0964
251,0.0,0.0054,0.0054,0.001,0.0,1.0,0.0,7.0878,0.0,0.0,0.0,0.0,7.0878,7.0878,7.0866
252,0.0,0.0065,0.0065,0.0012,0.0,1.0,0.0,8.4567,0.0,0.0,0.0,0.0,8.4567,8.4567,8.4602
253,0.0,0.0063,0.0063,0.0011,0.0,1.0,0.0,7.0174,0.0,0.0,0.0,0.0,7.017399999999999,7.017399999999999,7.0128
254,0.0,0.0064,0.0064,0.0012,0.0,1.0,0.0,7.284,0.0,0.0,0.0,0.0,7.284,7.284,7.2884
255,0.0,0.0057,0.0057,0.001,0.0,1.0,0.0,7.0615,0.0,0.0,0.0,0.0,7.0615,7.0615,7.0642
256,0.0,0.0051,0.0051,0.0009,0.0,1.0,0.0,6.4572,0.0,0.0,0.0,0.0,6.457199999999999,6.457199999999999,6.4533
257,0.0,0.006,0.006,0.0011,0.0,1.0,0.0,8.3032,0.0,0.0,0.0,0.0,8.3032,8.3032,8.3056
258,0.0,0.0063,0.0063,0.0011,0.0,1.0,0.0,7.6187,0.0,0.0,0.0,0.0,7.6187000000000005,7.6187000000000005,7.6204
259,0.0,0.006,0.006,0.0011,0.0,1.0,0.0,8.1068,0.0,0.0,0.0,0.0,8.1068,8.1068,8.106
260,0.0,0.0056,0.0056,0.001,0.0,1.0,0.0,7.2338,0.0,0.0,0.0,0.0,7.2338000000000005,7.2338000000000005,7.2383
261,0.0,0.0065,0.0065,0.0012,0.0,1.0,0.0,7.5128,0.0,0.0,0.0,0.0,7.5128,7.5128,7.5171
262,0.0,0.0062,0.0062,0.0011,0.0,1.0,0.0,7.7586,0.0,0.0,0.0,0.0,7.7585999999999995,7.7585999999999995,7.7546
263,0.0,0.0046,0.0046,0.0008,0.0,1.0,0.0,7.5622,0.0,0.0,0.0,0.0,7.562200000000001,7.562200000000001,7.5639
264,0.0,0.0057,0.0057,0.001,0.0,1.0,0.0,6.4257,0.0,0.0,0.0,0.0,6.4257,6.4257,6.4215
265,0.0,0.0061,0.0061,0.0011,0.0,1.0,0.0,7.3295,0.0,0.0,0.0,0.0,7.3294999999999995,7.3294999999999995,7.3319
266,0.0,0.0054,0.0054,0.001,0.0,1.0,0.0,7.5254,0.0,0.0,0.0,0.0,7.525399999999999,7.525399999999999,7.5225
267,0.0,0.0065,0.0065,0.0012,0.0,1.0,0.0,7.5146,0.0,0.0,0.0,0.0,7.514600000000001,7.514600000000001,7.5114
268,0.0,0.0058,0.0058,0.001,0.0,1.0,0.0,7.199,0.0,0.0,0.0,0.0,7.199000000000001,7.199000000000001,7.2024
269,0.0,0.0061,0.0061,0.0011,0.0,1.0,0.0,7.4856,0.0,0.0,0.0,0.0,7.4856,7.4856,7.4853
270,0.0,0.0055,0.0055,0.001,0.0,1.0,0.0,7.0503,0.0,0.0,0.0,0.0,7.050299999999999,7.050299999999999,7.0506
271,0.0,0.005,0.005,0.0009,0.0,1.0,0.0,6.7395,0.0,0.0,0.0,0.0,6.7395,6.7395,6.7441
272,0.0,0.0061,0.0061,0.0011,0.0,1.0,0.0,7.6785,0.0,0.0,0.0,0.0,7.6785,7.6785,7.6832
273,0.0,0.0063,0.0063,0.0011,0.0,1.0,0.0,8.1296,0.0,0.0,0.0,0.0,8.1296,8.1296,8.1324
274,0.0,0.0059,0.0059,0.0011,0.0,1.0,0.0,6.9117,0.0,0.0,0.0,0.0,6.9117,6.9117,6.9127
275,0.0,0.0049,0.0049,0.0009,0.0,1.0,0.0,6.3905,0.0,0.0,0.0,0.0,6.3905,6.3905,6.3859
276,0.0,0.0052,0.0052,0.0009,0.0,1.0,0.0,6.7921,0.0,0.0,0.0,0.0,6.7921000000000005,6.7921000000000005,6.7931
277,0.0,0.0067,0.0067,0.0012,0.0,1.0,0.0,8.1736,0.0,0.0,0.0,0.0,8.1736,8.1736,8.1762
278,0.0,0.0048,0.0048,0.0009,0.0,1.0,0.0,7.1752,0.0,0.0,0.0,0.0,7.175199999999999,7.175199999999999,7.1708
279,0.0,0.007,0.007,0.0013,0.0,1.0,0.0,8.2527,0.0,0.0,0.0,0.0,8.2527,8.2527,8.2551
280,0.0,0.0075,0.0075,0.0013,0.0,1.0,0.0,8.7923,0.0,0.0,0.0,0.0,8.7923,8.7923,8.79
281,0.0,0.0053,0.0053,0.0009,0.0,1.0,0.0,7.3749,0.0,0.0,0.0,0.0,7.3749,7.3749,7.3712
282,0.0,0.0058,0.0058,0.001,0.0,1.0,0.0,7.2595,0.0,0.0,0.0,0.0,7.2595,7.2595,7.2608
283,0.0,0.0051,0.0051,0.0009,0.0,1.0,0.0,7.9135,0.0,0.0,0.0,0.0,7.9135,7.9135,7.9141
284,0.0,0.0057,0.0057,0.001,0.0,1.0,0.0,7.8667,0.0,0.0,0.0,0.0,7.866700000000002,7.866700000000002,7.8637
285,0.0,0.0072,0.0072,0.0013,0.0,1.0,0.0,7.8784,0.0,0.0,0.0,0.0,7.878399999999999,7.878399999999999,7.8821
286,0.0,0.0061,0.0061,0.0011,0.0,1.0,0.0,7.6542,0.0,0.0,0.0,0.0,7.6542,7.6542,7.6578
287,0.0,0.0062,0.0062,0.0011,0.0,1.0,0.0,7.6201,0.0,0.0,0.0,0.0,7.620100000000001,7.620100000000001,7.619
288,0.0,0.006,0.006,0.0011,0.0,1.0,0.0,7.1734,0.0,0.0,0.0,0.0,7.173399999999999,7.173399999999999,7.1695
289,0.0,0.0059,0.0059,0.0011,0.0,1.0,0.0,7.1129,0.0,0.0,0.0,0.0,7.1129,7.1129,7.1167
290,0.0,0.0059,0.0059,0.0011,0.0,1.0,0.0,7.1185,0.0,0.0,0.0,0.0,7.1185,7.1185,7.121
291,0.0,0.0064,0.0064,0.0012,0.0,1.0,0.0,7.453,0.0,0.0,0.0,0.0,7.453,7.453,7.4488
292,0.0,0.0053,0.0053,0.001,0.0,1.0,0.0,6.8835,0.0,0.0,0.0,0.0,6.883500000000001,6.883500000000001,6.8857
293,0.0,0.0063,0.0063,0.0011,0.0,1.0,0.0,7.8657,0.0,0.0,0.0,0.0,7.8657,7.8657,7.8636
294,0.0,0.0048,0.0048,0.0009,0.0,1.0,0.0,6.6914,0.0,0.0,0.0,0.0,6.6914,6.6914,6.6907
295,0.0,0.0058,0.0058,0.001,0.0,1.0,0.0,7.753,0.0,0.0,0.0,0.0,7.753,7.753,7.7547
296,0.0,0.0066,0.0066,0.0012,0.0,1.0,0.0,7.4911,0.0,0.0,0.0,0.0,7.4911,7.4911,7.4928
297,0.0,0.0072,0.0072,0.0013,0.0,1.0,0.0,8.5319,0.0,0.0,0.0,0.0,8.531900000000002,8.531900000000002,8.5329
298,0.0,0.0046,0.0046,0.0008,0.0,1.0,0.0,7.0178,0.0,0.0,0.0,0.0,7.0178,7.0178,7.0151
299,0.0,0.0064,0.0064,0.0011,0.0,1.0,0.0,8.1079,0.0,0.0,0.0,0.0,8.1079,8.1079,8.1034
300,0.0,0.0059,0.0059,0.0011,0.0,1.0,0.0,7.3633,0.0,0.0,0.0,0.0,7.3633,7.3633,7.3584
301,0.0,0.0071,0.0071,0.0013,0.0,1.0,0.0,7.9413,0.0,0.0,0.0,0.0,7.9413,7.9413,7.9366
302,0.0,0.0059,0.0059,0.0011,0.0,1.0,0.0,7.45,0.0,0.0,0.0,0.0,7.45,7.45,7.4494
303,0.0,0.0051,0.0051,0.0009,0.0,1.0,0.0,7.4616,0.0,0.0,0.0,0.0,7.4616,7.4616,7.4631
304,0.0,0.0055,0.0055,0.001,0.0,1.0,0.0,6.8163,0.0,0.0,0.0,0.0,6.8163,6.8163,6.8187
305,0.0,0.0062,0.0062,0.0011,0.0,1.0,0.0,7.7208,0.0,0.0,0.0,0.0,7.7208000000000006,7.7208000000000006,7.7232
306,0.0,0.0062,0.0062,0.0011,0.0,1.0,0.0,7.8486,0.0,0.0,0.0,0.0,7.848599999999999,7.848599999999999,7.8448
307,0.0,0.0058,0.0058,0.001,0.0,1.0,0.0,7.7994,0.0,0.0,0.0,0.0,7.799399999999999,7.799399999999999,7.7994
308,0.0,0.0069,0.0069,0.0012,0.0,1.0,0.0,7.2672,0.0,0.0,0.0,0.0,7.267200000000001,7.267200000000001,7.2654
309,0.0,0.0054,0.0054,0.001,0.0,1.0,0.0,6.8283,0.0,0.0,0.0,0.0,6.8283,6.8283,6.8271
310,0.0,0.0063,0.0063,0.0011,0.0,1.0,0.0,7.0317,0.0,0.0,0.0,0.0,7.031700000000001,7.031700000000001,7.0271
311,0.0,0.0048,0.0048,0.0009,0.0,1.0,0.0,6.2275,0.0,0.0,0.0,0.0,6.2275,6.2275,6.2253
312,0.0,0.0064,0.0064,0.0012,0.0,1.0,0.0,7.6403,0.0,0.0,0.0,0.0,7.640300000000001,7.640300000000001,7.6443
313,0.0,0.0059,0.0059,0.0011,0.0,1.0,0.0,6.9055,0.0,0.0,0.0,0.0,6.905499999999999,6.905499999999999,6.9033
314,0.0,0.0057,0.0057,0.001,0.0,1.0,0.0,7.9664,0.0,0.0,0.0,0.0,7.9664,7.9664,7.9626
315,0.0,0.0057,0.0057,0.001,0.0,1.0,0.0,7.7497,0.0,0.0,0.0,0.0,7.749700000000001,7.749700000000001,7.746
316,0.0,0.0059,0.0059,0.0011,0.0,1.0,0.0,7.1202,0.0,0.0,0.0,0.0,7.1202000000000005,7.1202000000000005,7.1222
317,0.0,0.0044,0.0044,0.0008,0.0,1.0,0.0,6.5928,0.0,0.0,0.0,0.0,6.5927999999999995,6.5927999999999995,6.5947
318,0.0,0.0066,0.0066,0.0012,0.0,1.0,0.0,7.8432,0.0,0.0,0.0,0.0,7.8431999999999995,7.8431999999999995,7.8387
319,0.0,0.0073,0.0073,0.0013,0.0,1.0,0.0,8.4808,0.0,0.0,0.0,0.0,8.4808,8.4808,8.48
320,0.0,0.0059,0.0059,0.0011,0.0,1.0,0.0,7.4441,0.0,0.0,0.0,0.0,7.444099999999999,7.444099999999999,7.4459
321,0.0,0.0052,0.0052,0.0009,0.0,1.0,0.0,7.3028,0.0,0.0,0.0,0.0,7.3027999999999995,7.3027999999999995,7.2987
322,0.0,0.0059,0.0059,0.0011,0.0,1.0,0.0,7.5313,0.0,0.0,0.0,0.0,7.531300000000001,7.531300000000001,7.535
323,0.0,0.0055,0.0055,0.001,0.0,1.0,0.0,7.2551,0.0,0.0,0.0,0.0,7.2551,7.2551,7.2569
324,0.0,0.0065,0.0065,0.0012,0.0,1.0,0.0,6.9759,0.0,0.0,0.0,0.0,6.975899999999999,6.975899999999999,6.9726
325,0.0,0.0061,0.0061,0.0011,0.0,1.0,0.0,7.2289,0.0,0.0,0.0,0.0,7.2289,7.2289,7.2277
326,0.0,0.0055,0.0055,0.001,0.0,1.0,0.0,6.801,0.0,0.0,0.0,0.0,6.801000000000001,6.801000000000001,6.7963
327,0.0,0.0068,0.0068,0.0012,0.0,1.0,0.0,7.4689,0.0,0.0,0.0,0.0,7.4689000000000005,7.4689000000000005,7.4726
328,0.0,0.0041,0.0041,0.0007,0.0,1.0,0.0,6.9113,0.0,0.0,0.0,0.0,6.911300000000001,6.911300000000001,6.9078
329,0.0,0.0061,0.0061,0.0011,0.0,1.0,0.0,7.733,0.0,0.0,0.0,0.0,7.7330000000000005,7.7330000000000005,7.733
330,0.0,0.0065,0.0065,0.0012,0.0,1.0,0.0,8.2494,0.0,0.0,0.0,0.0,8.2494,8.2494,8.2542
331,0.0,0.0064,0.0064,0.0012,0.0,1.0,0.0,7.7842,0.0,0.0,0.0,0.0,7.7842,7.7842,7.7889
332,0.0,0.0057,0.0057,0.001,0.0,1.0,0.0,6.7709,0.0,0.0,0.0,0.0,6.7709,6.7709,6.7744
333,0.0,0.0062,0.0062,0.0011,0.0,1.0,0.0,7.1491,0.0,0.0,0.0,0.0,7.1491,7.1491,7.1476
334,0.0,0.0051,0.0051,0.0009,0.0,1.0,0.0,7.5099,0.0,0.0,0.0,0.0,7.5099,7.5099,7.5118
335,0.0,0.0069,0.0069,0.0012,0.0,1.0,0.0,8.2606,0.0,0.0,0.0,0.0,8.2606,8.2606,8.257
336,0.0,0.0058,0.0058,0.001,0.0,1.0,0.0,7.3824,0.0,0.0,0.0,0.0,7.3824000000000005,7.3824000000000005,7.385
337,0.0,0.0062,0.0062,0.0011,0.0,1.0,0.0,7.0994,0.0,0.0,0.0,0.0,7.0994,7.0994,7.0988
338,0.0,0.0072,0.0072,0.0013,0.0,1.0,0.0,7.9913,0.0,0.0,0.0,0.0,7.9913,7.9913,7.9882
339,0.0,0.0056,0.0056,0.001,0.0,1.0,0.0,7.7026,0.0,0.0,0.0,0.0,7.7026,7.7026,7.6994
340,0.0,0.0065,0.0065,0.0012,0.0,1.0,0.0,7.545,0.0,0.0,0.0,0.0,7.545,7.545,7.5409
341,0.0,0.0052,0.0052,0.0009,0.0,1.0,0.0,7.4504,0.0,0.0,0.0,0.0,7.4504,7.4504,7.4473
342,0.0,0.0068,0.0068,0.0012,0.0,1.0,0.0,8.0424,0.0,0.0,0.0,0.0,8.042399999999999,8.042399999999999,8.0447
343,0.0,0.0057,0.0057,0.001,0.0,1.0,0.0,8.1335,0.0,0.0,0.0,0.0,8.1335,8.1335,8.1382
344,0.0,0.0057,0.0057,0.001,0.0,1.0,0.0,7.816,0.0,0.0,0.0,0.0,7.816,7.816,7.814
345,0.0,0.0051,0.0051,0.0009,0.0,1.0,0.0,6.7258,0.0,0.0,0.0,0.0,6.7258000000000004,6.7258000000000004,6.7297
346,0.0,0.0064,0.0064,0.0012,0.0,1.0,0.0,7.4366,0.0,0.0,0.0,0.0,7.436599999999999,7.436599999999999,7.4399
347,0.0,0.0054,0.0054,0.001,0.0,1.0,0.0,7.2917,0.0,0.0,0.0,0.0,7.2917,7.2917,7.2954
348,0.0,0.0063,0.0063,0.0011,0.0,1.0,0.0,7.8997,0.0,0.0,0.0,0.0,7.899699999999999,7.899699999999999,7.8962
349,0.0,0.0059,0.0059,0.0011,0.0,1.0,0.0,8.0878,0.0,0.0,0.0,0.0,8.0878,8.0878,8.0867
350,0.0,0.0046,0.0046,0.0008,0.0,1.0,0.0,7.2796,0.0,0.0,0.0,0.0,7.2795999999999985,7.2795999999999985,7.2832
351,0.0,0.0071,0.0071,0.0013,0.0,1.0,0.0,7.8338,0.0,0.0,0.0,0.0,7.8338,7.8338,7.829
352,0.0,0.0063,0.0063,0.0011,0.0,1.0,0.0,7.6914,0.0,0.0,0.0,0.0,7.6914,7.6914,7.6953
353,0.0,0.0062,0.0062,0.0011,0.0,1.0,0.0,8.0714,0.0,0.0,0.0,0.0,8.0714,8.0714,8.0739
354,0.0,0.0047,0.0047,0.0009,0.0,1.0,0.0,6.8742,0.0,0.0,0.0,0.0,6.8742,6.8742,6.8772
355,0.0,0.0072,0.0072,0.0013,0.0,1.0,0.0,8.4479,0.0,0.0,0.0,0.0,8.4479,8.4479,8.4444
356,0.0,0.0054,0.0054,0.001,0.0,1.0,0.0,6.7662,0.0,0.0,0.0,0.0,6.7662,6.7662,6.7635
357,0.0,0.0064,0.0064,0.0012,0.0,1.0,0.0,7.6842,0.0,0.0,0.0,0.0,7.6842,7.6842,7.6871
358,0.0,0.005,0.005,0.0009,0.0,1.0,0.0,6.955,0.0,0.0,0.0,0.0,6.955,6.955,6.9573
359,0.0,0.0057,0.0057,0.001,0.0,1.0,0.0,6.6115,0.0,0.0,0.0,0.0,6.6115,6.6115,6.6072
360,0.0,0.005,0.005,0.0009,0.0,1.0,0.0,7.4827,0.0,0.0,0.0,0.0,7.4826999999999995,7.4826999999999995,7.483
361,0.0,0.0056,0.0056,0.001,0.0,1.0,0.0,6.6826,0.0,0.0,0.0,0.0,6.6826,6.6826,6.6794
362,0.0,0.0059,0.0059,0.0011,0.0,1.0,0.0,7.742,0.0,0.0,0.0,0.0,7.742,7.742,7.7372
363,0.0,0.0055,0.0055,0.001,0.0,1.0,0.0,7.9379,0.0,0.0,0.0,0.0,7.9379,7.9379,7.9337
364,0.0,0.0057,0.0057,0.001,0.0,1.0,0.0,7.1601,0.0,0.0,0.0,0.0,7.160100000000001,7.160100000000001,7.1629
365,0.0,0.0066,0.0066,0.0012,0.0,1.0,0.0,8.0476,0.0,0.0,0.0,0.0,8.0476,8.0476,8.0493
366,0.0,0.005,0.005,0.0009,0.0,1.0,0.0,6.9991,0.0,0.0,0.0,0.0,6.9991,6.9991,6.9966
367,0.0,0.0061,0.0061,0.0011,0.0,1.0,0.0,7.0227,0.0,0.0,0.0,0.0,7.0227,7.0227,7.0187
368,0.0,0.0053,0.0053,0.001,0.0,1.0,0.0,6.9283,0.0,0.0,0.0,0.0,6.928300000000001,6.928300000000001,6.931
369,0.0,0.0065,0.0065,0.0012,0.0,1.0,0.0,8.2175,0.0,0.0,0.0,0.0,8.2175,8.2175,8.2148
370,0.0,0.0057,0.0057,0.001,0.0,1.0,0.0,6.9985,0.0,0.0,0.0,0.0,6.998499999999999,6.998499999999999,6.9991
371,0.0,0.0066,0.0066,0.0012,0.0,1.0,0.0,8.0415,0.0,0.0,0.0,0.0,8.041500000000001,8.041500000000001,8.04
372,0.0,0.0065,0.0065,0.0012,0.0,1.0,0.0,7.4123,0.0,0.0,0.0,0.0,7.4123,7.4123,7.4085
373,0.0,0.0066,0.0066,0.0012,0.0,1.0,0.0,7.3183,0.0,0.0,0.0,0.0,7.318300000000001,7.318300000000001,7.3225
374,0.0,0.0061,0.0061,0.0011,0.0,1.0,0.0,7.1768,0.0,0.0,0.0,0.0,7.176800000000001,7.176800000000001,7.18
375,0.0,0.0058,0.0058,0.001,0.0,1.0,0.0,7.0238,0.0,0.0,0.0,0.0,7.0238,7.0238,7.0211
376,0.0,0.0066,0.0066,0.0012,0.0,1.0,0.0,7.6135,0.0,0.0,0.0,0.0,7.6135,7.6135,7.6085
377,0.0,0.0073,0.0073,0.0013,0.0,1.0,0.0,8.2749,0.0,0.0,0.0,0.0,8.2749,8.2749,8.2705
378,0.0,0.0069,0.0069,0.0012,0.0,1.0,0.0,7.5908,0.0,0.0,0.0,0.0,7.590800000000001,7.590800000000001,7.5899
379,0.0,0.0063,0.0063,0.0011,0.0,1.0,0.0,8.0631,0.0,0.0,0.0,0.0,8.0631,8.0631,8.0621
380,0.0,0.0057,0.0057,0.001,0.0,1.0,0.0,7.7379,0.0,0.0,0.0,0.0,7.7379,7.7379,7.7425
381,0.0,0.006,0.006,0.0011,0.0,1.0,0.0,7.1855,0.0,0.0,0.0,0.0,7.185499999999999,7.185499999999999,7.1846
382,0.0,0.006,0.006,0.0011,0.0,1.0,0.0,7.4093,0.0,0.0,0.0,0.0,7.4093,7.4093,7.4071
383,0.0,0.0053,0.0053,0.0009,0.0,1.0,0.0,7.8236,0.0,0.0,0.0,0.0,7.8236,7.8236,7.8217
384,0.0,0.0063,0.0063,0.0011,0.0,1.0,0.0,7.3685,0.0,0.0,0.0,0.0,7.368499999999999,7.368499999999999,7.3675
385,0.0,0.0066,0.0066,0.0012,0.0,1.0,0.0,7.9246,0.0,0.0,0.0,0.0,7.924599999999999,7.924599999999999,7.9292
386,0.0,0.0062,0.0062,0.0011,0.0,1.0,0.0,7.7925,0.0,0.0,0.0,0.0,7.7924999999999995,7.7924999999999995,7.7919
387,0.0,0.0058,0.0058,0.001,0.0,1.0,0.0,7.462,0.0,0.0,0.0,0.0,7.462,7.462,7.4647
388,0.0,0.0052,0.0052,0.0009,0.0,1.0,0.0,7.2238,0.0,0.0,0.0,0.0,7.2238,7.2238,7.2202
389,0.0,0.0051,0.0051,0.0009,0.0,1.0,0.0,6.5433,0.0,0.0,0.0,0.0,6.5433,6.5433,6.5388
390,0.0,0.0044,0.0044,0.0008,0.0,1.0,0.0,6.8146,0.0,0.0,0.0,0.0,6.8145999999999995,6.8145999999999995,6.8144
391,0.0,0.0063,0.0063,0.0011,0.0,1.0,0.0,7.4464,0.0,0.0,0.0,0.0,7.446400000000001,7.446400000000001,7.4464
392,0.0,0.006,0.006,0.0011,0.0,1.0,0.0,7.4358,0.0,0.0,0.0,0.0,7.4358,7.4358,7.4328
393,0.0,0.0067,0.0067,0.0012,0.0,1.0,0.0,7.2228,0.0,0.0,0.0,0.0,7.222799999999999,7.222799999999999,7.2229
394,0.0,0.0052,0.0052,0.0009,0.0,1.0,0.0,7.4574,0.0,0.0,0.0,0.0,7.4574,7.4574,7.4543
395,0.0,0.0058,0.0058,0.001,0.0,1.0,0.0,8.0701,0.0,0.0,0.0,0.0,8.0701,8.0701,8.0739
396,0.0,0.0056,0.0056,0.001,0.0,1.0,0.0,8.3125,0.0,0.0,0.0,0.0,8.3125,8.3125,8.3137
397,0.0,0.0058,0.0058,0.001,0.0,1.0,0.0,8.0083,0.0,0.0,0.0,0.0,8.0083,8.0083,8.0126
398,0.0,0.0072,0.0072,0.0013,0.0,1.0,0.0,7.8507,0.0,0.0,0.0,0.0,7.8507,7.8507,7.8534
399,0.0,0.0055,0.0055,0.001,0.0,1.0,0.0,7.3241,0.0,0.0,0.0,0.0,7.3241000000000005,7.3241000000000005,7.32
400,0.0,0.006,0.006,0.0011,0.0,1.0,0.0,7.4745,0.0,0.0,0.0,0.0,7.474500000000001,7.474500000000001,7.4754
401,0.0,0.0053,0.0053,0.001,0.0,1.0,0.0,6.3898,0.0,0.0,0.0,0.0,6.3898,6.3898,6.3936
402,0.0,0.0053,0.0053,0.001,0.0,1.0,0.0,7.2373,0.0,0.0,0.0,0.0,7.2373,7.2373,7.2391
403,0.0,0.0047,0.0047,0.0009,0.0,1.0,0.0,6.0576,0.0,0.0,0.0,0.0,6.0576,6.0576,6.0624
404,0.0,0.0045,0.0045,0.0008,0.0,1.0,0.0,6.809,0.0,0.0,0.0,0.0,6.809,6.809,6.8043
405,0.0,0.0061,0.0061,0.0011,0.0,1.0,0.0,7.3691,0.0,0.0,0.0,0.0,7.3691,7.3691,7.3687
406,0.0,0.0073,0.0073,0.0013,0.0,1.0,0.0,7.5724,0.0,0.0,0.0,0.0,7.5724,7.5724,7.5725
407,0.0,0.0049,0.0049,0.0009,0.0,1.0,0.0,6.7778,0.0,0.0,0.0,0.0,6.7778,6.7778,6.7736
408,0.0,0.0055,0.0055,0.001,0.0,1.0,0.0,7.6667,0.0,0.0,0.0,0.0,7.6667,7.6667,7.6696
409,0.0,0.0059,0.0059,0.0011,0.0,1.0,0.0,7.29,0.0,0.0,0.0,0.0,7.289999999999999,7.289999999999999,7.2865
410,0.0,0.005,0.005,0.0009,0.0,1.0,0.0,6.9661,0.0,0.0,0.0,0.0,6.966099999999999,6.966099999999999,6.9652
411,0.0,0.0069,0.0069,0.0012,0.0,1.0,0.0,7.6163,0.0,0.0,0.0,0.0,7.6163,7.6163,7.6153
412,0.0,0.0063,0.0063,0.0011,0.0,1.0,0.0,7.4821,0.0,0.0,0.0,0.0,7.4821,7.4821,7.4843
413,0.0,0.0053,0.0053,0.001,0.0,1.0,0.0,7.986,0.0,0.0,0.0,0.0,7.985999999999999,7.985999999999999,7.9898
414,0.0,0.0064,0.0064,0.0012,0.0,1.0,0.0,7.5153,0.0,0.0,0.0,0.0,7.5153,7.5153,7.5196
415,0.0,0.0066,0.0066,0.0012,0.0,1.0,0.0,8.066,0.0,0.0,0.0,0.0,8.066,8.066,8.0652
416,0.0,0.0065,0.0065,0.0012,0.0,1.0,0.0,7.4633,0.0,0.0,0.0,0.0,7.463299999999999,7.463299999999999,7.4636
417,0.0,0.0047,0.0047,0.0008,0.0,1.0,0.0,6.6175,0.0,0.0,0.0,0.0,6.6175,6.6175,6.6192
418,0.0,0.006,0.006,0.0011,0.0,1.0,0.0,7.2836,0.0,0.0,0.0,0.0,7.2836,7.2836,7.282
419,0.0,0.0053,0.0053,0.001,0.0,1.0,0.0,7.1676,0.0,0.0,0.0,0.0,7.1676,7.1676,7.171
420,0.0,0.0065,0.0065,0.0012,0.0,1.0,0.0,6.9884,0.0,0.0,0.0,0.0,6.9884,6.9884,6.9891
421,0.0,0.0051,0.0051,0.0009,0.0,1.0,0.0,6.7275,0.0,0.0,0.0,0.0,6.7275,6.7275,6.7234
422,0.0,0.0065,0.0065,0.0012,0.0,1.0,0.0,7.202,0.0,0.0,0.0,0.0,7.202,7.202,7.2056
423,0.0,0.0068,0.0068,0.0012,0.0,1.0,0.0,7.2651,0.0,0.0,0.0,0.0,7.2651,7.2651,7.2683
424,0.0,0.0074,0.0074,0.0013,0.0,1.0,0.0,8.5662,0.0,0.0,0.0,0.0,8.566200000000002,8.566200000000002,8.5643
425,0.0,0.0068,0.0068,0.0012,0.0,1.0,0.0,8.0351,0.0,0.0,0.0,0.0,8.0351,8.0351,8.0336
426,0.0,0.0053,0.0053,0.001,0.0,1.0,0.0,6.2258,0.0,0.0,0.0,0.0,6.2258000000000004,6.2258000000000004,6.2271
427,0.0,0.006,0.006,0.0011,0.0,1.0,0.0,7.5845,0.0,0.0,0.0,0.0,7.5845,7.5845,7.5833
428,0.0,0.0052,0.0052,0.0009,0.0,1.0,0.0,7.1647,0.0,0.0,0.0,0.0,7.1647,7.1647,7.1696
429,0.0,0.005,0.005,0.0009,0.0,1.0,0.0,7.0114,0.0,0.0,0.0,0.0,7.0114,7.0114,7.0099
430,0.0,0.0065,0.0065,0.0012,0.0,1.0,0.0,6.9726,0.0,0.0,0.0,0.0,6.9726,6.9726,6.9735
431,0.0,0.0062,0.0062,0.0011,0.0,1.0,0.0,7.8214,0.0,0.0,0.0,0.0,7.821400000000001,7.821400000000001,7.8203
432,0.0,0.0051,0.0051,0.0009,0.0,1.0,0.0,6.5397,0.0,0.0,0.0,0.0,6.5397,6.5397,6.536
433,0.0,0.0053,0.0053,0.001,0.0,1.0,0.0,6.3065,0.0,0.0,0.0,0.0,6.306500000000001,6.306500000000001,6.3072
434,0.0,0.0052,0.0052,0.0009,0.0,1.0,0.0,7.6013,0.0,0.0,0.0,0.0,7.6013,7.6013,7.5968
435,0.0,0.0052,0.0052,0.0009,0.0,1.0,0.0,6.8549,0.0,0.0,0.0,0.0,6.8549,6.8549,6.8558
436,0.0,0.0048,0.0048,0.0009,0.0,1.0,0.0,6.879,0.0,0.0,0.0,0.0,6.8790000000000004,6.8790000000000004,6.8834
437,0.0,0.0052,0.0052,0.0009,0.0,1.0,0.0,7.3577,0.0,0.0,0.0,0.0,7.3576999999999995,7.3576999999999995,7.3537
438,0.0,0.0053,0.0053,0.001,0.0,1.0,0.0,7.5117,0.0,0.0,0.0,0.0,7.5117,7.5117,7.5088
439,0.0,0.0054,0.0054,0.001,0.0,1.0,0.0,7.0176,0.0,0.0,0.0,0.0,7.0176,7.0176,7.0219
440,0.0,0.0055,0.0055,0.001,0.0,1.0,0.0,7.2668,0.0,0.0,0.0,0.0,7.2668,7.2668,7.271
441,0.0,0.0052,0.0052,0.0009,0.0,1.0,0.0,6.9094,0.0,0.0,0.0,0.0,6.909400000000001,6.909400000000001,6.9082
442,0.0,0.0063,0.0063,0.0011,0.0,1.0,0.0,7.4046,0.0,0.0,0.0,0.0,7.4046,7.4046,7.4049
443,0.0,0.0061,0.0061,0.0011,0.0,1.0,0.0,7.1463,0.0,0.0,0.0,0.0,7.1463,7.1463,7.1444
444,0.0,0.0062,0.0062,0.0011,0.0,1.0,0.0,8.1239,0.0,0.0,0.0,0.0,8.1239,8.1239,8.1225
445,0.0,0.0068,0.0068,0.0012,0.0,1.0,0.0,7.8268,0.0,0.0,0.0,0.0,7.8268,7.8268,7.826
446,0.0,0.0052,0.0052,0.0009,0.0,1.0,0.0,7.2557,0.0,0.0,0.0,0.0,7.255699999999999,7.255699999999999,7.2606
447,0.0,0.0053,0.0053,0.001,0.0,1.0,0.0,6.4413,0.0,0.0,0.0,0.0,6.4413,6.4413,6.4414
448,0.0,0.0056,0.0056,0.001,0.0,1.0,0.0,7.0357,0.0,0.0,0.0,0.0,7.0357,7.0357,7.0379
449,0.0,0.0054,0.0054,0.001,0.0,1.0,0.0,6.3111,0.0,0.0,0.0,0.0,6.3111,6.3111,6.3071
450,0.0,0.006,0.006,0.0011,0.0,1.0,0.0,7.1663,0.0,0.0,0.0,0.0,7.1663,7.1663,7.1637
451,0.0,0.0062,0.0062,0.0011,0.0,1.0,0.0,6.9503,0.0,0.0,0.0,0.0,6.950300000000001,6.950300000000001,6.9476
452,0.0,0.0056,0.0056,0.001,0.0,1.0,0.0,6.9896,0.0,0.0,0.0,0.0,6.989599999999999,6.989599999999999,6.9935
453,0.0,0.0052,0.0052,0.0009,0.0,1.0,0.0,7.1433,0.0,0.0,0.0,0.0,7.1433,7.1433,7.1455
454,0.0,0.0063,0.0063,0.0011,0.0,1.0,0.0,7.5034,0.0,0.0,0.0,0.0,7.5034,7.5034,7.5066
455,0.0,0.0067,0.0067,0.0012,0.0,1.0,0.0,7.8434,0.0,0.0,0.0,0.0,7.8434,7.8434,7.8401
456,0.0,0.0062,0.0062,0.0011,0.0,1.0,0.0,7.2544,0.0,0.0,0.0,0.0,7.2543999999999995,7.2543999999999995,7.2545
457,0.0,0.0057,0.0057,0.001,0.0,1.0,0.0,7.7504,0.0,0.0,0.0,0.0,7.750400000000001,7.750400000000001,7.748
458,0.0,0.0053,0.0053,0.001,0.0,1.0,0.0,7.5199,0.0,0.0,0.0,0.0,7.5199,7.5199,7.5162
459,0.0,0.0053,0.0053,0.001,0.0,1.0,0.0,7.5825,0.0,0.0,0.0,0.0,7.5825,7.5825,7.5818
460,0.0,0.0063,0.0063,0.0011,0.0,1.0,0.0,7.1433,0.0,0.0,0.0,0.0,7.143299999999999,7.143299999999999,7.1414
461,0.0,0.0062,0.0062,0.0011,0.0,1.0,0.0,7.6859,0.0,0.0,0.0,0.0,7.6859,7.6859,7.6909
462,0.0,0.0053,0.0053,0.001,0.0,1.0,0.0,6.6573,0.0,0.0,0.0,0.0,6.6573,6.6573,6.6599
463,0.0,0.0068,0.0068,0.0012,0.0,1.0,0.0,8.0042,0.0,0.0,0.0,0.0,8.0042,8.0042,8.0042
464,0.0,0.0054,0.0054,0.001,0.0,1.0,0.0,7.6399,0.0,0.0,0.0,0.0,7.639899999999999,7.639899999999999,7.635
465,0.0,0.0061,0.0061,0.0011,0.0,1.0,0.0,7.5719,0.0,0.0,0.0,0.0,7.571899999999999,7.571899999999999,7.5717
466,0.0,0.0073,0.0073,0.0013,0.0,1.0,0.0,8.3851,0.0,0.0,0.0,0.0,8.3851,8.3851,8.3824
467,0.0,0.0057,0.0057,0.001,0.0,1.0,0.0,6.282,0.0,0.0,0.0,0.0,6.282,6.282,6.2776
468,0.0,0.0063,0.0063,0.0011,0.0,1.0,0.0,7.6138,0.0,0.0,0.0,0.0,7.6137999999999995,7.6137999999999995,7.6151
469,0.0,0.0061,0.0061,0.0011,0.0,1.0,0.0,8.7877,0.0,0.0,0.0,0.0,8.7877,8.7877,8.7901
470,0.0,0.0048,0.0048,0.0009,0.0,1.0,0.0,7.2524,0.0,0.0,0.0,0.0,7.2524,7.2524,7.2516
471,0.0,0.0049,0.0049,0.0009,0.0,1.0,0.0,6.7858,0.0,0.0,0.0,0.0,6.785800000000001,6.785800000000001,6.7889
472,0.0,0.0046,0.0046,0.0008,0.0,1.0,0.0,6.9745,0.0,0.0,0.0,0.0,6.9745,6.9745,6.9722
473,0.0,0.0055,0.0055,0.001,0.0,1.0,0.0,7.0327,0.0,0.0,0.0,0.0,7.0327,7.0327,7.037
474,0.0,0.0071,0.0071,0.0013,0.0,1.0,0.0,7.5241,0.0,0.0,0.0,0.0,7.524100000000001,7.524100000000001,7.5259
475,0.0,0.0065,0.0065,0.0012,0.0,1.0,0.0,7.4886,0.0,0.0,0.0,0.0,7.4886,7.4886,7.493
476,0.0,0.0073,0.0073,0.0013,0.0,1.0,0.0,7.7075,0.0,0.0,0.0,0.0,7.7075,7.7075,7.711
477,0.0,0.0056,0.0056,0.001,0.0,1.0,0.0,6.7697,0.0,0.0,0.0,0.0,6.7697,6.7697,6.772
478,0.0,0.005,0.005,0.0009,0.0,1.0,0.0,6.8193,0.0,0.0,0.0,0.0,6.8193,6.8193,6.8234
479,0.0,0.007,0.007,0.0013,0.0,1.0,0.0,7.2802,0.0,0.0,0.0,0.0,7.2802,7.2802,7.2814
480,0.0,0.005,0.005,0.0009,0.0,1.0,0.0,6.8273,0.0,0.0,0.0,0.0,6.827300000000001,6.827300000000001,6.8248
481,0.0,0.0068,0.0068,0.0012,0.0,1.0,0.0,7.3556,0.0,0.0,0.0,0.0,7.355600000000001,7.355600000000001,7.3567
482,0.0,0.0051,0.0051,0.0009,0.0,1.0,0.0,7.568,0.0,0.0,0.0,0.0,7.5680000000000005,7.5680000000000005,7.5709
483,0.0,0.0066,0.0066,0.0012,0.0,1.0,0.0,8.2291,0.0,0.0,0.0,0.0,8.229099999999999,8.229099999999999,8.2319
484,0.0,0.005,0.005,0.0009,0.0,1.0,0.0,7.2005,0.0,0.0,0.0,0.0,7.2005,7.2005,7.1961
485,0.0,0.0063,0.0063,0.0011,0.0,1.0,0.0,8.4551,0.0,0.0,0.0,0.0,8.4551,8.4551,8.4509
486,0.0,0.0066,0.0066,0.0012,0.0,1.0,0.0,7.4275,0.0,0.0,0.0,0.0,7.4275,7.4275,7.4313
487,0.0,0.0056,0.0056,0.001,0.0,1.0,0.0,6.5602,0.0,0.0,0.0,0.0,6.560200000000001,6.560200000000001,6.5639
488,0.0,0.007,0.007,0.0013,0.0,1.0,0.0,8.2105,0.0,0.0,0.0,0.0,8.210500000000001,8.210500000000001,8.2109
489,0.0,0.0048,0.0048,0.0009,0.0,1.0,0.0,7.3219,0.0,0.0,0.0,0.0,7.321899999999999,7.321899999999999,7.3188
490,0.0,0.006,0.006,0.0011,0.0,1.0,0.0,7.4461,0.0,0.0,0.0,0.0,7.4461,7.4461,7.4465
491,0.0,0.0065,0.0065,0.0012,0.0,1.0,0.0,7.3851,0.0,0.0,0.0,0.0,7.3850999999999996,7.3850999999999996,7.3835
492,0.0,0.005,0.005,0.0009,0.0,1.0,0.0,7.809,0.0,0.0,0.0,0.0,7.809,7.809,7.8082
493,0.0,0.0058,0.0058,0.001,0.0,1.0,0.0,7.7149,0.0,0.0,0.0,0.0,7.7149,7.7149,7.7114
494,0.0,0.0072,0.0072,0.0013,0.0,1.0,0.0,8.0215,0.0,0.0,0.0,0.0,8.0215,8.0215,8.0218
495,0.0,0.0071,0.0071,0.0013,0.0,1.0,0.0,8.0133,0.0,0.0,0.0,0.0,8.013300000000001,8.013300000000001,8.013
496,0.0,0.0056,0.0056,0.001,0.0,1.0,0.0,7.3421,0.0,0.0,0.0,0.0,7.342100000000001,7.342100000000001,7.3431
497,0.0,0.006,0.006,0.0011,0.0,1.0,0.0,7.5982,0.0,0.0,0.0,0.0,7.5982,7.5982,7.6022
498,0.0,0.0053,0.0053,0.001,0.0,1.0,0.0,7.163,0.0,0.0,0.0,0.0,7.163,7.163,7.1583
499,0.0,0.0055,0.0055,0.001,0.0,1.0,0.0,6.8993,0.0,0.0,0.0,0.0,6.8993,6.8993,6.9024
500,0.0,0.0069,0.0069,0.0012,0.0,1.0,0.0,7.8417,0.0,0.0,0.0,0.0,7.841700000000001,7.841700000000001,7.8438
501,0.0,0.0063,0.0063,0.0011,0.0,1.0,0.0,7.474,0.0,0.0,0.0,0.0,7.474,7.474,7.471
502,0.0,0.0055,0.0055,0.001,0.0,1.0,0.0,7.395,0.0,0.0,0.0,0.0,7.3950000000000005,7.3950000000000005,7.3999
503,0.0,0.0055,0.0055,0.001,0.0,1.0,0.0,7.3305,0.0,0.0,0.0,0.0,7.3305,7.3305,7.3324
504,0.0,0.0059,0.0059,0.0011,0.0,1.0,0.0,7.195,0.0,0.0,0.0,0.0,7.195,7.195,7.1998
505,0.0,0.0074,0.0074,0.0013,0.0,1.0,0.0,8.2169,0.0,0.0,0.0,0.0,8.216899999999999,8.216899999999999,8.2179
506,0.0,0.0067,0.0067,0.0012,0.0,1.0,0.0,7.443,0.0,0.0,0.0,0.0,7.443,7.443,7.4394
507,0.0,0.0065,0.0065,0.0012,0.0,1.0,0.0,7.4238,0.0,0.0,0.0,0.0,7.4238,7.4238,7.425
508,0.0,0.0057,0.0057,0.001,0.0,1.0,0.0,7.2507,0.0,0.0,0.0,0.0,7.2507,7.2507,7.2475
509,0.0,0.0058,0.0058,0.001,0.0,1.0,0.0,7.6501,0.0,0.0,0.0,0.0,7.6501,7.6501,7.6497
510,0.0,0.0066,0.0066,0.0012,0.0,1.0,0.0,6.9938,0.0,0.0,0.0,0.0,6.993799999999999,6.993799999999999,6.9943
511,0.0,0.0076,0.0076,0.0014,0.0,1.0,0.0,8.5418,0.0,0.0,0.0,0.0,8.5418,8.5418,8.5393
512,0.0,0.005,0.005,0.0009,0.0,1.0,0.0,7.5876,0.0,0.0,0.0,0.0,7.5876,7.5876,7.5923
513,0.0,0.0067,0.0067,0.0012,0.0,1.0,0.0,7.6107,0.0,0.0,0.0,0.0,7.6107,7.6107,7.6105
514,0.0,0.0068,0.0068,0.0012,0.0,1.0,0.0,7.6879,0.0,0.0,0.0,0.0,7.6879,7.6879,7.6835
515,0.0,0.0062,0.0062,0.0011,0.0,1.0,0.0,7.1301,0.0,0.0,0.0,0.0,7.1301,7.1301,7.1337
516,0.0,0.0062,0.0062,0.0011,0.0,1.0,0.0,7.91,0.0,0.0,0.0,0.0,7.91,7.91,7.9149
517,0.0,0.0055,0.0055,0.001,0.0,1.0,0.0,7.6896,0.0,0.0,0.0,0.0,7.6896,7.6896,7.6871
518,0.0,0.0062,0.0062,0.0011,0.0,1.0,0.0,7.6705,0.0,0.0,0.0,0.0,7.6705000000000005,7.6705000000000005,7.6697
519,0.0,0.0052,0.0052,0.0009,0.0,1.0,0.0,7.1864,0.0,0.0,0.0,0.0,7.186400000000001,7.186400000000001,7.1886
520,0.0,0.0067,0.0067,0.0012,0.0,1.0,0.0,7.4444,0.0,0.0,0.0,0.0,7.444399999999999,7.444399999999999,7.4404
521,0.0,0.0055,0.0055,0.001,0.0,1.0,0.0,7.5776,0.0,0.0,0.0,0.0,7.5775999999999994,7.5775999999999994,7.5812
522,0.0,0.0054,0.0054,0.001,0.0,1.0,0.0,7.409,0.0,0.0,0.0,0.0,7.408999999999999,7.408999999999999,7.4076
523,0.0,0.0054,0.0054,0.001,0.0,1.0,0.0,7.7093,0.0,0.0,0.0,0.0,7.7093,7.7093,7.7079
524,0.0,0.0058,0.0058,0.001,0.0,1.0,0.0,7.7055,0.0,0.0,0.0,0.0,7.705499999999999,7.705499999999999,7.7086
525,0.0,0.0055,0.0055,0.001,0.0,1.0,0.0,8.0651,0.0,0.0,0.0,0.0,8.0651,8.0651,8.0691
526,0.0,0.0063,0.0063,0.0011,0.0,1.0,0.0,7.1316,0.0,0.0,0.0,0.0,7.1316,7.1316,7.1281
527,0.0,0.0062,0.0062,0.0011,0.0,1.0,0.0,7.8455,0.0,0.0,0.0,0.0,7.8455,7.8455,7.8455
528,0.0,0.0052,0.0052,0.0009,0.0,1.0,0.0,7.697,0.0,0.0,0.0,0.0,7.697,7.697,7.6923
529,0.0,0.0064,0.0064,0.0012,0.0,1.0,0.0,7.7316,0.0,0.0,0.0,0.0,7.731599999999999,7.731599999999999,7.732
530,0.0,0.0051,0.0051,0.0009,0.0,1.0,0.0,7.1626,0.0,0.0,0.0,0.0,7.1626,7.1626,7.1646
531,0.0,0.0063,0.0063,0.0011,0.0,1.0,0.0,7.6725,0.0,0.0,0.0,0.0,7.6725,7.6725,7.6713
532,0.0,0.0051,0.0051,0.0009,0.0,1.0,0.0,7.3939,0.0,0.0,0.0,0.0,7.3938999999999995,7.3938999999999995,7.3951
533,0.0,0.007,0.007,0.0013,0.0,1.0,0.0,7.2277,0.0,0.0,0.0,0.0,7.2277000000000005,7.2277000000000005,7.2304
534,0.0,0.0054,0.0054,0.001,0.0,1.0,0.0,7.4086,0.0,0.0,0.0,0.0,7.408599999999999,7.408599999999999,7.4107
535,0.0,0.0073,0.0073,0.0013,0.0,1.0,0.0,7.714,0.0,0.0,0.0,0.0,7.7139999999999995,7.7139999999999995,7.713
536,0.0,0.005,0.005,0.0009,0.0,1.0,0.0,7.114,0.0,0.0,0.0,0.0,7.114,7.114,7.1166
537,0.0,0.0041,0.0041,0.0007,0.0,1.0,0.0,6.2655,0.0,0.0,0.0,0.0,6.265499999999999,6.265499999999999,6.2678
538,0.0,0.0058,0.0058,0.0011,0.0,1.0,0.0,7.8446,0.0,0.0,0.0,0.0,7.844600000000001,7.844600000000001,7.8428
539,0.0,0.0053,0.0053,0.0009,0.0,1.0,0.0,7.7157,0.0,0.0,0.0,0.0,7.7157,7.7157,7.7163
540,0.0,0.0067,0.0067,0.0012,0.0,1.0,0.0,7.2716,0.0,0.0,0.0,0.0,7.271599999999999,7.271599999999999,7.269
541,0.0,0.0054,0.0054,0.001,0.0,1.0,0.0,6.2634,0.0,0.0,0.0,0.0,6.263400000000001,6.263400000000001,6.268
542,0.0,0.0059,0.0059,0.0011,0.0,1.0,0.0,7.2953,0.0,0.0,0.0,0.0,7.2953,7.2953,7.2944
543,0.0,0.0061,0.0061,0.0011,0.0,1.0,0.0,8.4763,0.0,0.0,0.0,0.0,8.4763,8.4763,8.4792
544,0.0,0.0065,0.0065,0.0012,0.0,1.0,0.0,7.919,0.0,0.0,0.0,0.0,7.9190000000000005,7.9190000000000005,7.9164
545,0.0,0.0058,0.0058,0.001,0.0,1.0,0.0,7.2441,0.0,0.0,0.0,0.0,7.2441,7.2441,7.2476
546,0.0,0.0054,0.0054,0.001,0.0,1.0,0.0,6.7811,0.0,0.0,0.0,0.0,6.7811,6.7811,6.7831
547,0.0,0.0063,0.0063,0.0011,0.0,1.0,0.0,8.0992,0.0,0.0,0.0,0.0,8.099200000000002,8.099200000000002,8.0983
548,0.0,0.0065,0.0065,0.0012,0.0,1.0,0.0,7.3631,0.0,0.0,0.0,0.0,7.363100000000001,7.363100000000001,7.3605
549,0.0,0.0053,0.0053,0.0009,0.0,1.0,0.0,6.7575,0.0,0.0,0.0,0.0,6.757499999999999,6.757499999999999,6.76
550,0.0,0.0065,0.0065,0.0012,0.0,1.0,0.0,7.5226,0.0,0.0,0.0,0.0,7.522600000000001,7.522600000000001,7.5229
551,0.0,0.0058,0.0058,0.001,0.0,1.0,0.0,7.5599,0.0,0.0,0.0,0.0,7.5599,7.5599,7.5623
552,0.0,0.0074,0.0074,0.0013,0.0,1.0,0.0,8.2498,0.0,0.0,0.0,0.0,8.2498,8.2498,8.2538
553,0.0,0.0054,0.0054,0.001,0.0,1.0,0.0,7.1477,0.0,0.0,0.0,0.0,7.147699999999999,7.147699999999999,7.1471
554,0.0,0.0074,0.0074,0.0013,0.0,1.0,0.0,7.4953,0.0,0.0,0.0,0.0,7.4953,7.4953,7.4908
555,0.0,0.0068,0.0068,0.0012,0.0,1.0,0.0,7.7483,0.0,0.0,0.0,0.0,7.7483,7.7483,7.7435
556,0.0,0.0044,0.0044,0.0008,0.0,1.0,0.0,6.8073,0.0,0.0,0.0,0.0,6.807300000000001,6.807300000000001,6.8033
557,0.0,0.0059,0.0059,0.0011,0.0,1.0,0.0,7.3293,0.0,0.0,0.0,0.0,7.3293,7.3293,7.3327
558,0.0,0.0048,0.0048,0.0009,0.0,1.0,0.0,6.6681,0.0,0.0,0.0,0.0,6.6681,6.6681,6.6693
559,0.0,0.0062,0.0062,0.0011,0.0,1.0,0.0,7.5207,0.0,0.0,0.0,0.0,7.5207,7.5207,7.5206
560,0.0,0.0082,0.0082,0.0015,0.0,1.0,0.0,7.5988,0.0,0.0,0.0,0.0,7.5988,7.5988,7.5939
561,0.0,0.0047,0.0047,0.0008,0.0,1.0,0.0,6.3995,0.0,0.0,0.0,0.0,6.399500000000001,6.399500000000001,6.3959
562,0.0,0.0055,0.0055,0.001,0.0,1.0,0.0,7.385,0.0,0.0,0.0,0.0,7.385,7.385,7.3826
563,0.0,0.0057,0.0057,0.001,0.0,1.0,0.0,7.1941,0.0,0.0,0.0,0.0,7.1941,7.1941,7.1892
564,0.0,0.005,0.005,0.0009,0.0,1.0,0.0,7.2361,0.0,0.0,0.0,0.0,7.2361,7.2361,7.2351
565,0.0,0.0067,0.0067,0.0012,0.0,1.0,0.0,7.7097,0.0,0.0,0.0,0.0,7.709699999999999,7.709699999999999,7.706
566,0.0,0.0065,0.0065,0.0012,0.0,1.0,0.0,7.9719,0.0,0.0,0.0,0.0,7.9719000000000015,7.9719000000000015,7.9748
567,0.0,0.0068,0.0068,0.0012,0.0,1.0,0.0,8.1436,0.0,0.0,0.0,0.0,8.143600000000001,8.143600000000001,8.1419
568,0.0,0.0053,0.0053,0.0009,0.0,1.0,0.0,7.2504,0.0,0.0,0.0,0.0,7.250400000000001,7.250400000000001,7.2474
569,0.0,0.0051,0.0051,0.0009,0.0,1.0,0.0,7.1593,0.0,0.0,0.0,0.0,7.159300000000001,7.159300000000001,7.1579
570,0.0,0.0056,0.0056,0.001,0.0,1.0,0.0,6.8119,0.0,0.0,0.0,0.0,6.8119,6.8119,6.8136
571,0.0,0.0059,0.0059,0.0011,0.0,1.0,0.0,6.5614,0.0,0.0,0.0,0.0,6.5614,6.5614,6.5639
572,0.0,0.0061,0.0061,0.0011,0.0,1.0,0.0,8.341,0.0,0.0,0.0,0.0,8.341,8.341,8.342
573,0.0,0.0058,0.0058,0.001,0.0,1.0,0.0,7.4196,0.0,0.0,0.0,0.0,7.4196,7.4196,7.4212
574,0.0,0.0065,0.0065,0.0012,0.0,1.0,0.0,7.7428,0.0,0.0,0.0,0.0,7.7428,7.7428,7.7418
575,0.0,0.0059,0.0059,0.0011,0.0,1.0,0.0,7.5426,0.0,0.0,0.0,0.0,7.542599999999999,7.542599999999999,7.5474
576,0.0,0.0063,0.0063,0.0011,0.0,1.0,0.0,7.1265,0.0,0.0,0.0,0.0,7.126499999999999,7.126499999999999,7.131
577,0.0,0.0056,0.0056,0.001,0.0,1.0,0.0,6.8287,0.0,0.0,0.0,0.0,6.8286999999999995,6.8286999999999995,6.8275
578,0.0,0.006,0.006,0.0011,0.0,1.0,0.0,7.6683,0.0,0.0,0.0,0.0,7.6683,7.6683,7.6639
579,0.0,0.0061,0.0061,0.0011,0.0,1.0,0.0,7.2797,0.0,0.0,0.0,0.0,7.279699999999999,7.279699999999999,7.2844
580,0.0,0.0059,0.0059,0.0011,0.0,1.0,0.0,7.5502,0.0,0.0,0.0,0.0,7.5502,7.5502,7.5483
581,0.0,0.0054,0.0054,0.001,0.0,1.0,0.0,6.7447,0.0,0.0,0.0,0.0,6.7447,6.7447,6.741
582,0.0,0.0068,0.0068,0.0012,0.0,1.0,0.0,8.0679,0.0,0.0,0.0,0.0,8.0679,8.0679,8.0672
583,0.0,0.0051,0.0051,0.0009,0.0,1.0,0.0,6.0534,0.0,0.0,0.0,0.0,6.0534,6.0534,6.0563
584,0.0,0.0054,0.0054,0.001,0.0,1.0,0.0,7.2234,0.0,0.0,0.0,0.0,7.2234,7.2234,7.2244
585,0.0,0.0061,0.0061,0.0011,0.0,1.0,0.0,7.4828,0.0,0.0,0.0,0.0,7.482799999999999,7.482799999999999,7.486
586,0.0,0.0049,0.0049,0.0009,0.0,1.0,0.0,6.7864,0.0,0.0,0.0,0.0,6.7864,6.7864,6.7818
587,0.0,0.0074,0.0074,0.0013,0.0,1.0,0.0,6.9216,0.0,0.0,0.0,0.0,6.9216,6.9216,6.9219
588,0.0,0.0059,0.0059,0.0011,0.0,1.0,0.0,6.98,0.0,0.0,0.0,0.0,6.98,6.98,6.9789
589,0.0,0.0056,0.0056,0.001,0.0,1.0,0.0,7.4096,0.0,0.0,0.0,0.0,7.409599999999999,7.409599999999999,7.413
590,0.0,0.0075,0.0075,0.0013,0.0,1.0,0.0,8.2666,0.0,0.0,0.0,0.0,8.2666,8.2666,8.2628
591,0.0,0.0054,0.0054,0.001,0.0,1.0,0.0,7.906,0.0,0.0,0.0,0.0,7.906000000000001,7.906000000000001,7.9026
592,0.0,0.0054,0.0054,0.001,0.0,1.0,0.0,6.4326,0.0,0.0,0.0,0.0,6.432600000000001,6.432600000000001,6.43
593,0.0,0.0058,0.0058,0.0011,0.0,1.0,0.0,7.5648,0.0,0.0,0.0,0.0,7.5648,7.5648,7.563
594,0.0,0.0061,0.0061,0.0011,0.0,1.0,0.0,7.6549,0.0,0.0,0.0,0.0,7.6549000000000005,7.6549000000000005,7.6558
595,0.0,0.0061,0.0061,0.0011,0.0,1.0,0.0,8.0392,0.0,0.0,0.0,0.0,8.0392,8.0392,8.0385
596,0.0,0.0049,0.0049,0.0009,0.0,1.0,0.0,7.1297,0.0,0.0,0.0,0.0,7.1297,7.1297,7.1319
597,0.0,0.0058,0.0058,0.001,0.0,1.0,0.0,7.5964,0.0,0.0,0.0,0.0,7.5964,7.5964,7.5979
598,0.0,0.0048,0.0048,0.0009,0.0,1.0,0.0,6.2937,0.0,0.0,0.0,0.0,6.293699999999999,6.293699999999999,6.2909
599,0.0,0.0077,0.0077,0.0014,0.0,1.0,0.0,8.3643,0.0,0.0,0.0,0.0,8.3643,8.3643,8.3675
600,0.0,0.0073,0.0073,0.0013,0.0,1.0,0.0,8.3374,0.0,0.0,0.0,0.0,8.3374,8.3374,8.3419
601,0.0,0.0067,0.0067,0.0012,0.0,1.0,0.0,7.6304,0.0,0.0,0.0,0.0,7.6304,7.6304,7.6268
602,0.0,0.0065,0.0065,0.0012,0.0,1.0,0.0,7.6986,0.0,0.0,0.0,0.0,7.6986,7.6986,7.696
603,0.0,0.0049,0.0049,0.0009,0.0,1.0,0.0,7.5436,0.0,0.0,0.0,0.0,7.5436,7.5436,7.5418
604,0.0,0.0061,0.0061,0.0011,0.0,1.0,0.0,7.3816,0.0,0.0,0.0,0.0,7.381599999999999,7.381599999999999,7.3824
605,0.0,0.0062,0.0062,0.0011,0.0,1.0,0.0,7.9203,0.0,0.0,0.0,0.0,7.9203,7.9203,7.9252
606,0.0,0.006,0.006,0.0011,0.0,1.0,0.0,7.0196,0.0,0.0,0.0,0.0,7.0196,7.0196,7.0173
607,0.0,0.0055,0.0055,0.001,0.0,1.0,0.0,7.5163,0.0,0.0,0.0,0.0,7.5163,7.5163,7.52
608,0.0,0.0056,0.0056,0.001,0.0,1.0,0.0,7.1476,0.0,0.0,0.0,0.0,7.147599999999999,7.147599999999999,7.1477
609,0.0,0.0061,0.0061,0.0011,0.0,1.0,0.0,7.5111,0.0,0.0,0.0,0.0,7.511100000000001,7.511100000000001,7.5091
610,0.0,0.0062,0.0062,0.0011,0.0,1.0,0.0,7.5224,0.0,0.0,0.0,0.0,7.522399999999999,7.522399999999999,7.5218
611,0.0,0.0068,0.0068,0.0012,0.0,1.0,0.0,7.7424,0.0,0.0,0.0,0.0,7.742399999999999,7.742399999999999,7.746
612,0.0,0.0052,0.0052,0.0009,0.0,1.0,0.0,7.4537,0.0,0.0,0.0,0.0,7.4536999999999995,7.4536999999999995,7.458
613,0.0,0.0056,0.0056,0.001,0.0,1.0,0.0,6.7074,0.0,0.0,0.0,0.0,6.7074,6.7074,6.7121
614,0.0,0.0065,0.0065,0.0012,0.0,1.0,0.0,7.6853,0.0,0.0,0.0,0.0,7.685300000000001,7.685300000000001,7.6899
615,0.0,0.0056,0.0056,0.001,0.0,1.0,0.0,8.0836,0.0,0.0,0.0,0.0,8.0836,8.0836,8.0876
616,0.0,0.0059,0.0059,0.0011,0.0,1.0,0.0,7.0764,0.0,0.0,0.0,0.0,7.0764,7.0764,7.0746
617,0.0,0.0062,0.0062,0.0011,0.0,1.0,0.0,7.8278,0.0,0.0,0.0,0.0,7.8278,7.8278,7.8249
618,0.0,0.005,0.005,0.0009,0.0,1.0,0.0,6.6606,0.0,0.0,0.0,0.0,6.6606,6.6606,6.6582
619,0.0,0.0056,0.0056,0.001,0.0,1.0,0.0,7.3736,0.0,0.0,0.0,0.0,7.373600000000001,7.373600000000001,7.3767
620,0.0,0.0072,0.0072,0.0013,0.0,1.0,0.0,7.4237,0.0,0.0,0.0,0.0,7.423699999999999,7.423699999999999,7.4278
621,0.0,0.0056,0.0056,0.001,0.0,1.0,0.0,7.6362,0.0,0.0,0.0,0.0,7.6362,7.6362,7.6341
622,0.0,0.0056,0.0056,0.001,0.0,1.0,0.0,7.5494,0.0,0.0,0.0,0.0,7.5494,7.5494,7.554
623,0.0,0.0069,0.0069,0.0012,0.0,1.0,0.0,7.4073,0.0,0.0,0.0,0.0,7.4073,7.4073,7.4066
624,0.0,0.0049,0.0049,0.0009,0.0,1.0,0.0,7.0063,0.0,0.0,0.0,0.0,7.0063,7.0063,7.0075
625,0.0,0.0065,0.0065,0.0012,0.0,1.0,0.0,8.5335,0.0,0.0,0.0,0.0,8.5335,8.5335,8.5302
626,0.0,0.0058,0.0058,0.001,0.0,1.0,0.0,7.5659,0.0,0.0,0.0,0.0,7.565899999999999,7.565899999999999,7.5641
627,0.0,0.0064,0.0064,0.0011,0.0,1.0,0.0,8.7449,0.0,0.0,0.0,0.0,8.7449,8.7449,8.7475
628,0.0,0.0065,0.0065,0.0012,0.0,1.0,0.0,8.1641,0.0,0.0,0.0,0.0,8.1641,8.1641,8.1653
629,0.0,0.0058,0.0058,0.001,0.0,1.0,0.0,7.559,0.0,0.0,0.0,0.0,7.558999999999999,7.558999999999999,7.5617
630,0.0,0.0063,0.0063,0.0011,0.0,1.0,0.0,7.9239,0.0,0.0,0.0,0.0,7.9239,7.9239,7.9243
631,0.0,0.0053,0.0053,0.0009,0.0,1.0,0.0,6.7081,0.0,0.0,0.0,0.0,6.708100000000001,6.708100000000001,6.7036
632,0.0,0.0067,0.0067,0.0012,0.0,1.0,0.0,7.3296,0.0,0.0,0.0,0.0,7.3296,7.3296,7.3327
633,0.0,0.0059,0.0059,0.0011,0.0,1.0,0.0,7.7348,0.0,0.0,0.0,0.0,7.734800000000001,7.734800000000001,7.731
634,0.0,0.0063,0.0063,0.0011,0.0,1.0,0.0,7.2217,0.0,0.0,0.0,0.0,7.2217,7.2217,7.2207
635,0.0,0.0059,0.0059,0.0011,0.0,1.0,0.0,7.0134,0.0,0.0,0.0,0.0,7.0134,7.0134,7.0131
636,0.0,0.0056,0.0056,0.001,0.0,1.0,0.0,6.6277,0.0,0.0,0.0,0.0,6.627700000000001,6.627700000000001,6.6275
637,0.0,0.0046,0.0046,0.0008,0.0,1.0,0.0,6.7755,0.0,0.0,0.0,0.0,6.775499999999999,6.775499999999999,6.7791
638,0.0,0.0062,0.0062,0.0011,0.0,1.0,0.0,7.6299,0.0,0.0,0.0,0.0,7.6299,7.6299,7.63
639,0.0,0.0064,0.0064,0.0011,0.0,1.0,0.0,7.9847,0.0,0.0,0.0,0.0,7.984699999999999,7.984699999999999,7.9824
640,0.0,0.0065,0.0065,0.0012,0.0,1.0,0.0,7.7524,0.0,0.0,0.0,0.0,7.752400000000001,7.752400000000001,7.7496
641,0.0,0.006,0.006,0.0011,0.0,1.0,0.0,7.5992,0.0,0.0,0.0,0.0,7.5992,7.5992,7.5982
642,0.0,0.0071,0.0071,0.0013,0.0,1.0,0.0,7.8221,0.0,0.0,0.0,0.0,7.822100000000001,7.822100000000001,7.8266
643,0.0,0.0058,0.0058,0.001,0.0,1.0,0.0,7.8574,0.0,0.0,0.0,0.0,7.857399999999999,7.857399999999999,7.8543
644,0.0,0.0062,0.0062,0.0011,0.0,1.0,0.0,7.2549,0.0,0.0,0.0,0.0,7.254899999999999,7.254899999999999,7.2516
645,0.0,0.0065,0.0065,0.0012,0.0,1.0,0.0,6.9147,0.0,0.0,0.0,0.0,6.914699999999999,6.914699999999999,6.9141
646,0.0,0.006,0.006,0.0011,0.0,1.0,0.0,7.5608,0.0,0.0,0.0,0.0,7.5608,7.5608,7.5602
647,0.0,0.0069,0.0069,0.0012,0.0,1.0,0.0,7.2581,0.0,0.0,0.0,0.0,7.258100000000001,7.258100000000001,7.2584
648,0.0,0.0064,0.0064,0.0012,0.0,1.0,0.0,7.5067,0.0,0.0,0.0,0.0,7.5067,7.5067,7.5059
649,0.0,0.005,0.005,0.0009,0.0,1.0,0.0,7.4119,0.0,0.0,0.0,0.0,7.411899999999999,7.411899999999999,7.4076
650,0.0,0.0054,0.0054,0.001,0.0,1.0,0.0,7.1334,0.0,0.0,0.0,0.0,7.1334,7.1334,7.1336
651,0.0,0.0071,0.0071,0.0013,0.0,1.0,0.0,8.3762,0.0,0.0,0.0,0.0,8.376199999999999,8.376199999999999,8.372
652,0.0,0.0067,0.0067,0.0012,0.0,1.0,0.0,7.6623,0.0,0.0,0.0,0.0,7.6623,7.6623,7.6619
653,0.0,0.0059,0.0059,0.0011,0.0,1.0,0.0,7.8281,0.0,0.0,0.0,0.0,7.828100000000001,7.828100000000001,7.8295
654,0.0,0.0054,0.0054,0.001,0.0,1.0,0.0,7.2746,0.0,0.0,0.0,0.0,7.2746,7.2746,7.2732
655,0.0,0.0057,0.0057,0.001,0.0,1.0,0.0,6.7426,0.0,0.0,0.0,0.0,6.7425999999999995,6.7425999999999995,6.7425
656,0.0,0.0053,0.0053,0.001,0.0,1.0,0.0,7.4679,0.0,0.0,0.0,0.0,7.4679,7.4679,7.4686
657,0.0,0.0052,0.0052,0.0009,0.0,1.0,0.0,7.3043,0.0,0.0,0.0,0.0,7.3043,7.3043,7.3083
658,0.0,0.0061,0.0061,0.0011,0.0,1.0,0.0,7.5762,0.0,0.0,0.0,0.0,7.5762,7.5762,7.5754
659,0.0,0.0048,0.0048,0.0009,0.0,1.0,0.0,6.6814,0.0,0.0,0.0,0.0,6.6814,6.6814,6.6791
660,0.0,0.0061,0.0061,0.0011,0.0,1.0,0.0,7.3873,0.0,0.0,0.0,0.0,7.387300000000001,7.387300000000001,7.3899
661,0.0,0.0056,0.0056,0.001,0.0,1.0,0.0,7.6493,0.0,0.0,0.0,0.0,7.649300000000001,7.649300000000001,7.6453
662,0.0,0.0052,0.0052,0.0009,0.0,1.0,0.0,7.1772,0.0,0.0,0.0,0.0,7.177199999999999,7.177199999999999,7.1722
663,0.0,0.0048,0.0048,0.0009,0.0,1.0,0.0,6.227,0.0,0.0,0.0,0.0,6.227,6.227,6.2236
664,0.0,0.0067,0.0067,0.0012,0.0,1.0,0.0,7.2451,0.0,0.0,0.0,0.0,7.245100000000001,7.245100000000001,7.246
665,0.0,0.0058,0.0058,0.001,0.0,1.0,0.0,6.993,0.0,0.0,0.0,0.0,6.993,6.993,6.9929
666,0.0,0.0061,0.0061,0.0011,0.0,1.0,0.0,7.3803,0.0,0.0,0.0,0.0,7.380300000000001,7.380300000000001,7.3759
667,0.0,0.0059,0.0059,0.0011,0.0,1.0,0.0,7.6659,0.0,0.0,0.0,0.0,7.665900000000001,7.665900000000001,7.6669
668,0.0,0.0062,0.0062,0.0011,0.0,1.0,0.0,7.981,0.0,0.0,0.0,0.0,7.981000000000001,7.981000000000001,7.9771
669,0.0,0.0053,0.0053,0.001,0.0,1.0,0.0,6.7256,0.0,0.0,0.0,0.0,6.725599999999999,6.725599999999999,6.7289
670,0.0,0.0067,0.0067,0.0012,0.0,1.0,0.0,7.4712,0.0,0.0,0.0,0.0,7.4712,7.4712,7.4762
671,0.0,0.0049,0.0049,0.0009,0.0,1.0,0.0,7.4392,0.0,0.0,0.0,0.0,7.4392,7.4392,7.4376
672,0.0,0.0063,0.0063,0.0011,0.0,1.0,0.0,7.2983,0.0,0.0,0.0,0.0,7.298299999999999,7.298299999999999,7.2985
673,0.0,0.0047,0.0047,0.0009,0.0,1.0,0.0,7.0869,0.0,0.0,0.0,0.0,7.0869,7.0869,7.0907
674,0.0,0.0057,0.0057,0.001,0.0,1.0,0.0,7.5243,0.0,0.0,0.0,0.0,7.5243,7.5243,7.5268
675,0.0,0.0053,0.0053,0.001,0.0,1.0,0.0,7.511,0.0,0.0,0.0,0.0,7.510999999999999,7.510999999999999,7.514
676,0.0,0.0065,0.0065,0.0012,0.0,1.0,0.0,7.1167,0.0,0.0,0.0,0.0,7.1167,7.1167,7.1141
677,0.0,0.0059,0.0059,0.0011,0.0,1.0,0.0,7.1886,0.0,0.0,0.0,0.0,7.188600000000001,7.188600000000001,7.1884
678,0.0,0.0061,0.0061,0.0011,0.0,1.0,0.0,7.5723,0.0,0.0,0.0,0.0,7.572300000000001,7.572300000000001,7.5723
679,0.0,0.0079,0.0079,0.0014,0.0,1.0,0.0,8.4673,0.0,0.0,0.0,0.0,8.4673,8.4673,8.4652
680,0.0,0.0058,0.0058,0.001,0.0,1.0,0.0,7.2862,0.0,0.0,0.0,0.0,7.2862,7.2862,7.2886
681,0.0,0.005,0.005,0.0009,0.0,1.0,0.0,6.2769,0.0,0.0,0.0,0.0,6.2769,6.2769,6.274
682,0.0,0.0053,0.0053,0.0009,0.0,1.0,0.0,6.5388,0.0,0.0,0.0,0.0,6.5388,6.5388,6.5417
683,0.0,0.0053,0.0053,0.0009,0.0,1.0,0.0,7.6357,0.0,0.0,0.0,0.0,7.6357,7.6357,7.6395
684,0.0,0.0059,0.0059,0.0011,0.0,1.0,0.0,7.3654,0.0,0.0,0.0,0.0,7.3654,7.3654,7.3631
685,0.0,0.006,0.006,0.0011,0.0,1.0,0.0,6.7969,0.0,0.0,0.0,0.0,6.796900000000001,6.796900000000001,6.7973
686,0.0,0.0058,0.0058,0.0011,0.0,1.0,0.0,7.1797,0.0,0.0,0.0,0.0,7.1797,7.1797,7.1749
687,0.0,0.0054,0.0054,0.001,0.0,1.0,0.0,7.102,0.0,0.0,0.0,0.0,7.102,7.102,7.0972
688,0.0,0.0068,0.0068,0.0012,0.0,1.0,0.0,7.9097,0.0,0.0,0.0,0.0,7.9097,7.9097,7.9064
689,0.0,0.0065,0.0065,0.0012,0.0,1.0,0.0,7.9062,0.0,0.0,0.0,0.0,7.9062,7.9062,7.9014
690,0.0,0.0056,0.0056,0.001,0.0,1.0,0.0,7.1529,0.0,0.0,0.0,0.0,7.152900000000001,7.152900000000001,7.1577
691,0.0,0.0058,0.0058,0.001,0.0,1.0,0.0,7.7717,0.0,0.0,0.0,0.0,7.7717,7.7717,7.773
692,0.0,0.0058,0.0058,0.001,0.0,1.0,0.0,7.8709,0.0,0.0,0.0,0.0,7.8709,7.8709,7.8735
693,0.0,0.0063,0.0063,0.0011,0.0,1.0,0.0,7.2329,0.0,0.0,0.0,0.0,7.232900000000001,7.232900000000001,7.2321
694,0.0,0.0057,0.0057,0.001,0.0,1.0,0.0,7.7036,0.0,0.0,0.0,0.0,7.7036,7.7036,7.7015
695,0.0,0.0055,0.0055,0.001,0.0,1.0,0.0,8.1729,0.0,0.0,0.0,0.0,8.1729,8.1729,8.17
696,0.0,0.006,0.006,0.0011,0.0,1.0,0.0,7.2778,0.0,0.0,0.0,0.0,7.2778,7.2778,7.2754
697,0.0,0.0066,0.0066,0.0012,0.0,1.0,0.0,7.7122,0.0,0.0,0.0,0.0,7.7122,7.7122,7.7136
698,0.0,0.0071,0.0071,0.0013,0.0,1.0,0.0,7.8157,0.0,0.0,0.0,0.0,7.8157000000000005,7.8157000000000005,7.8189
699,0.0,0.0052,0.0052,0.0009,0.0,1.0,0.0,7.2432,0.0,0.0,0.0,0.0,7.243200000000001,7.243200000000001,7.2476
700,0.0,0.005,0.005,0.0009,0.0,1.0,0.0,6.6985,0.0,0.0,0.0,0.0,6.698500000000001,6.698500000000001,6.7016
701,0.0,0.0072,0.0072,0.0013,0.0,1.0,0.0,8.124,0.0,0.0,0.0,0.0,8.123999999999999,8.123999999999999,8.1192
702,0.0,0.0052,0.0052,0.0009,0.0,1.0,0.0,7.4654,0.0,0.0,0.0,0.0,7.4654,7.4654,7.4673
703,0.0,0.0054,0.0054,0.001,0.0,1.0,0.0,6.3445,0.0,0.0,0.0,0.0,6.3445,6.3445,6.3458
704,0.0,0.0061,0.0061,0.0011,0.0,1.0,0.0,7.5016,0.0,0.0,0.0,0.0,7.501600000000001,7.501600000000001,7.4973
705,0.0,0.0065,0.0065,0.0012,0.0,1.0,0.0,8.2851,0.0,0.0,0.0,0.0,8.2851,8.2851,8.282
706,0.0,0.0053,0.0053,0.001,0.0,1.0,0.0,6.2771,0.0,0.0,0.0,0.0,6.277100000000001,6.277100000000001,6.2742
707,0.0,0.005,0.005,0.0009,0.0,1.0,0.0,7.2434,0.0,0.0,0.0,0.0,7.2434,7.2434,7.2436
708,0.0,0.0061,0.0061,0.0011,0.0,1.0,0.0,7.2052,0.0,0.0,0.0,0.0,7.2052000000000005,7.2052000000000005,7.2011
709,0.0,0.0058,0.0058,0.001,0.0,1.0,0.0,7.712,0.0,0.0,0.0,0.0,7.712,7.712,7.71
710,0.0,0.0067,0.0067,0.0012,0.0,1.0,0.0,7.6389,0.0,0.0,0.0,0.0,7.638899999999999,7.638899999999999,7.6416
711,0.0,0.0062,0.0062,0.0011,0.0,1.0,0.0,7.7452,0.0,0.0,0.0,0.0,7.7452,7.7452,7.7491
712,0.0,0.0051,0.0051,0.0009,0.0,1.0,0.0,7.5079,0.0,0.0,0.0,0.0,7.507899999999999,7.507899999999999,7.5073
713,0.0,0.0061,0.0061,0.0011,0.0,1.0,0.0,7.6703,0.0,0.0,0.0,0.0,7.670299999999999,7.670299999999999,7.6657
714,0.0,0.0057,0.0057,0.001,0.0,1.0,0.0,7.6957,0.0,0.0,0.0,0.0,7.6957,7.6957,7.6965
715,0.0,0.0064,0.0064,0.0012,0.0,1.0,0.0,7.7445,0.0,0.0,0.0,0.0,7.7444999999999995,7.7444999999999995,7.7453
716,0.0,0.0067,0.0067,0.0012,0.0,1.0,0.0,7.1838,0.0,0.0,0.0,0.0,7.183800000000001,7.183800000000001,7.1808
717,0.0,0.0057,0.0057,0.001,0.0,1.0,0.0,7.7207,0.0,0.0,0.0,0.0,7.720700000000001,7.720700000000001,7.7169
718,0.0,0.0067,0.0067,0.0012,0.0,1.0,0.0,7.6605,0.0,0.0,0.0,0.0,7.6605,7.6605,7.6604
719,0.0,0.0052,0.0052,0.0009,0.0,1.0,0.0,6.4497,0.0,0.0,0.0,0.0,6.4497,6.4497,6.4451
720,0.0,0.005,0.005,0.0009,0.0,1.0,0.0,6.8165,0.0,0.0,0.0,0.0,6.8165,6.8165,6.8177
721,0.0,0.0053,0.0053,0.001,0.0,1.0,0.0,7.3981,0.0,0.0,0.0,0.0,7.3981,7.3981,7.3931
722,0.0,0.0062,0.0062,0.0011,0.0,1.0,0.0,7.7895,0.0,0.0,0.0,0.0,7.789499999999999,7.789499999999999,7.7927
723,0.0,0.0058,0.0058,0.001,0.0,1.0,0.0,8.3419,0.0,0.0,0.0,0.0,8.3419,8.3419,8.3421
724,0.0,0.0063,0.0063,0.0011,0.0,1.0,0.0,7.8114,0.0,0.0,0.0,0.0,7.811400000000001,7.811400000000001,7.8161
725,0.0,0.0056,0.0056,0.001,0.0,1.0,0.0,7.2584,0.0,0.0,0.0,0.0,7.258400000000001,7.258400000000001,7.2601
726,0.0,0.0066,0.0066,0.0012,0.0,1.0,0.0,7.9981,0.0,0.0,0.0,0.0,7.9981,7.9981,7.9952
727,0.0,0.0057,0.0057,0.001,0.0,1.0,0.0,6.8462,0.0,0.0,0.0,0.0,6.8462,6.8462,6.8491
728,0.0,0.0051,0.0051,0.0009,0.0,1.0,0.0,7.2179,0.0,0.0,0.0,0.0,7.2179,7.2179,7.2196
729,0.0,0.0052,0.0052,0.0009,0.0,1.0,0.0,6.9616,0.0,0.0,0.0,0.0,6.9616,6.9616,6.9594
730,0.0,0.0058,0.0058,0.001,0.0,1.0,0.0,7.5602,0.0,0.0,0.0,0.0,7.5602,7.5602,7.5643
731,0.0,0.0057,0.0057,0.001,0.0,1.0,0.0,6.9192,0.0,0.0,0.0,0.0,6.9192,6.9192,6.9148
732,0.0,0.0061,0.0061,0.0011,0.0,1.0,0.0,7.4579,0.0,0.0,0.0,0.0,7.4579,7.4579,7.457
733,0.0,0.0071,0.0071,0.0013,0.0,1.0,0.0,7.6955,0.0,0.0,0.0,0.0,7.695500000000001,7.695500000000001,7.6981
734,0.0,0.0065,0.0065,0.0012,0.0,1.0,0.0,8.0722,0.0,0.0,0.0,0.0,8.0722,8.0722,8.0696
735,0.0,0.0053,0.0053,0.0009,0.0,1.0,0.0,7.1479,0.0,0.0,0.0,0.0,7.147900000000001,7.147900000000001,7.1453
736,0.0,0.0057,0.0057,0.001,0.0,1.0,0.0,7.4543,0.0,0.0,0.0,0.0,7.454300000000001,7.454300000000001,7.4592
737,0.0,0.0071,0.0071,0.0013,0.0,1.0,0.0,7.6441,0.0,0.0,0.0,0.0,7.6441,7.6441,7.643
738,0.0,0.0057,0.0057,0.001,0.0,1.0,0.0,7.4048,0.0,0.0,0.0,0.0,7.4048,7.4048,7.4041
739,0.0,0.0066,0.0066,0.0012,0.0,1.0,0.0,8.1031,0.0,0.0,0.0,0.0,8.1031,8.1031,8.1038
740,0.0,0.0046,0.0046,0.0008,0.0,1.0,0.0,6.4989,0.0,0.0,0.0,0.0,6.498899999999999,6.498899999999999,6.5026
741,0.0,0.0053,0.0053,0.001,0.0,1.0,0.0,6.3784,0.0,0.0,0.0,0.0,6.378400000000001,6.378400000000001,6.3747
742,0.0,0.0063,0.0063,0.0011,0.0,1.0,0.0,7.9879,0.0,0.0,0.0,0.0,7.9879,7.9879,7.9863
743,0.0,0.006,0.006,0.0011,0.0,1.0,0.0,7.544,0.0,0.0,0.0,0.0,7.5440000000000005,7.5440000000000005,7.5471
744,0.0,0.006,0.006,0.0011,0.0,1.0,0.0,7.5087,0.0,0.0,0.0,0.0,7.508700000000001,7.508700000000001,7.5116
745,0.0,0.0057,0.0057,0.001,0.0,1.0,0.0,7.0676,0.0,0.0,0.0,0.0,7.0676000000000005,7.0676000000000005,7.0657
746,0.0,0.0067,0.0067,0.0012,0.0,1.0,0.0,7.7119,0.0,0.0,0.0,0.0,7.7119,7.7119,7.716
747,0.0,0.005,0.005,0.0009,0.0,1.0,0.0,7.1377,0.0,0.0,0.0,0.0,7.137699999999999,7.137699999999999,7.1387
748,0.0,0.0056,0.0056,0.001,0.0,1.0,0.0,7.2535,0.0,0.0,0.0,0.0,7.253500000000001,7.253500000000001,7.2538
749,0.0,0.007,0.007,0.0013,0.0,1.0,0.0,8.2141,0.0,0.0,0.0,0.0,8.2141,8.2141,8.2116
750,0.0,0.0059,0.0059,0.0011,0.0,1.0,0.0,7.4224,0.0,0.0,0.0,0.0,7.4224,7.4224,7.4221
751,0.0,0.0049,0.0049,0.0009,0.0,1.0,0.0,6.544,0.0,0.0,0.0,0.0,6.544,6.544,6.5427
752,0.0,0.0056,0.0056,0.001,0.0,1.0,0.0,7.3042,0.0,0.0,0.0,0.0,7.3042,7.3042,7.3024
753,0.0,0.006,0.006,0.0011,0.0,1.0,0.0,6.8387,0.0,0.0,0.0,0.0,6.838699999999999,6.838699999999999,6.8396
754,0.0,0.0059,0.0059,0.0011,0.0,1.0,0.0,7.5765,0.0,0.0,0.0,0.0,7.576499999999999,7.576499999999999,7.5729
755,0.0,0.0052,0.0052,0.0009,0.0,1.0,0.0,7.1728,0.0,0.0,0.0,0.0,7.1728000000000005,7.1728000000000005,7.1679
756,0.0,0.0067,0.0067,0.0012,0.0,1.0,0.0,7.8787,0.0,0.0,0.0,0.0,7.8787,7.8787,7.8823
757,0.0,0.0051,0.0051,0.0009,0.0,1.0,0.0,6.5326,0.0,0.0,0.0,0.0,6.5325999999999995,6.5325999999999995,6.5331
758,0.0,0.0052,0.0052,0.0009,0.0,1.0,0.0,7.1181,0.0,0.0,0.0,0.0,7.1181,7.1181,7.1132
759,0.0,0.0053,0.0053,0.0009,0.0,1.0,0.0,7.5244,0.0,0.0,0.0,0.0,7.5244,7.5244,7.5283
760,0.0,0.0065,0.0065,0.0012,0.0,1.0,0.0,7.9905,0.0,0.0,0.0,0.0,7.9905,7.9905,7.9862
761,0.0,0.0058,0.0058,0.001,0.0,1.0,0.0,7.1692,0.0,0.0,0.0,0.0,7.169200000000001,7.169200000000001,7.1693
762,0.0,0.0054,0.0054,0.001,0.0,1.0,0.0,7.0252,0.0,0.0,0.0,0.0,7.0252,7.0252,7.0279
763,0.0,0.0054,0.0054,0.001,0.0,1.0,0.0,7.8576,0.0,0.0,0.0,0.0,7.857600000000001,7.857600000000001,7.8615
764,0.0,0.0062,0.0062,0.0011,0.0,1.0,0.0,7.2352,0.0,0.0,0.0,0.0,7.2352,7.2352,7.2336
765,0.0,0.006,0.006,0.0011,0.0,1.0,0.0,7.193,0.0,0.0,0.0,0.0,7.193,7.193,7.1945
766,0.0,0.0055,0.0055,0.001,0.0,1.0,0.0,7.3598,0.0,0.0,0.0,0.0,7.3598,7.3598,7.361
767,0.0,0.0052,0.0052,0.0009,0.0,1.0,0.0,6.2958,0.0,0.0,0.0,0.0,6.2958,6.2958,6.2914
768,0.0,0.0053,0.0053,0.001,0.0,1.0,0.0,6.2654,0.0,0.0,0.0,0.0,6.2654000000000005,6.2654000000000005,6.2702
769,0.0,0.0047,0.0047,0.0008,0.0,1.0,0.0,7.3996,0.0,0.0,0.0,0.0,7.3996,7.3996,7.4034
770,0.0,0.0062,0.0062,0.0011,0.0,1.0,0.0,7.3061,0.0,0.0,0.0,0.0,7.3061,7.3061,7.3103
771,0.0,0.0051,0.0051,0.0009,0.0,1.0,0.0,7.2293,0.0,0.0,0.0,0.0,7.2293,7.2293,7.2249
772,0.0,0.0059,0.0059,0.0011,0.0,1.0,0.0,8.1673,0.0,0.0,0.0,0.0,8.1673,8.1673,8.1658
773,0.0,0.0066,0.0066,0.0012,0.0,1.0,0.0,7.119,0.0,0.0,0.0,0.0,7.119000000000001,7.119000000000001,7.1215
774,0.0,0.0071,0.0071,0.0013,0.0,1.0,0.0,7.3132,0.0,0.0,0.0,0.0,7.3132,7.3132,7.3117
775,0.0,0.0058,0.0058,0.001,0.0,1.0,0.0,7.4045,0.0,0.0,0.0,0.0,7.4045,7.4045,7.4088
776,0.0,0.0057,0.0057,0.001,0.0,1.0,0.0,7.4065,0.0,0.0,0.0,0.0,7.4065,7.4065,7.4078
777,0.0,0.0068,0.0068,0.0012,0.0,1.0,0.0,7.5862,0.0,0.0,0.0,0.0,7.5862,7.5862,7.5817
778,0.0,0.0066,0.0066,0.0012,0.0,1.0,0.0,7.1184,0.0,0.0,0.0,0.0,7.118400000000001,7.118400000000001,7.1159
779,0.0,0.0052,0.0052,0.0009,0.0,1.0,0.0,6.9355,0.0,0.0,0.0,0.0,6.935499999999998,6.935499999999998,6.9313
780,0.0,0.005,0.005,0.0009,0.0,1.0,0.0,6.853,0.0,0.0,0.0,0.0,6.853,6.853,6.851
781,0.0,0.005,0.005,0.0009,0.0,1.0,0.0,6.3475,0.0,0.0,0.0,0.0,6.3475,6.3475,6.3454
782,0.0,0.0072,0.0072,0.0013,0.0,1.0,0.0,8.0304,0.0,0.0,0.0,0.0,8.0304,8.0304,8.0325
783,0.0,0.0057,0.0057,0.001,0.0,1.0,0.0,6.7946,0.0,0.0,0.0,0.0,6.794600000000001,6.794600000000001,6.7987
784,0.0,0.0049,0.0049,0.0009,0.0,1.0,0.0,6.1657,0.0,0.0,0.0,0.0,6.165699999999999,6.165699999999999,6.1635
785,0.0,0.0052,0.0052,0.0009,0.0,1.0,0.0,7.1541,0.0,0.0,0.0,0.0,7.1541,7.1541,7.1519
786,0.0,0.0058,0.0058,0.001,0.0,1.0,0.0,6.9108,0.0,0.0,0.0,0.0,6.910799999999999,6.910799999999999,6.9132
787,0.0,0.0044,0.0044,0.0008,0.0,1.0,0.0,6.7476,0.0,0.0,0.0,0.0,6.7476,6.7476,6.7495
788,0.0,0.0056,0.0056,0.001,0.0,1.0,0.0,6.9383,0.0,0.0,0.0,0.0,6.9383,6.9383,6.9424
789,0.0,0.0051,0.0051,0.0009,0.0,1.0,0.0,7.3524,0.0,0.0,0.0,0.0,7.3524,7.3524,7.3524
790,0.0,0.0056,0.0056,0.001,0.0,1.0,0.0,6.7474,0.0,0.0,0.0,0.0,6.7474,6.7474,6.746
791,0.0,0.0066,0.0066,0.0012,0.0,1.0,0.0,6.9492,0.0,0.0,0.0,0.0,6.9492,6.9492,6.9476
792,0.0,0.0059,0.0059,0.0011,0.0,1.0,0.0,7.2823,0.0,0.0,0.0,0.0,7.2823,7.2823,7.2851
793,0.0,0.0066,0.0066,0.0012,0.0,1.0,0.0,7.8725,0.0,0.0,0.0,0.0,7.8725,7.8725,7.8742
794,0.0,0.0053,0.0053,0.0009,0.0,1.0,0.0,7.5271,0.0,0.0,0.0,0.0,7.527099999999999,7.527099999999999,7.5277
795,0.0,0.005,0.005,0.0009,0.0,1.0,0.0,7.522,0.0,0.0,0.0,0.0,7.522,7.522,7.5264
796,0.0,0.0058,0.0058,0.001,0.0,1.0,0.0,6.7614,0.0,0.0,0.0,0.0,6.7614,6.7614,6.7571
797,0.0,0.0057,0.0057,0.001,0.0,1.0,0.0,8.1201,0.0,0.0,0.0,0.0,8.1201,8.1201,8.1164
798,0.0,0.007,0.007,0.0013,0.0,1.0,0.0,8.3632,0.0,0.0,0.0,0.0,8.3632,8.3632,8.3674
799,0.0,0.0067,0.0067,0.0012,0.0,1.0,0.0,8.2023,0.0,0.0,0.0,0.0,8.202300000000001,8.202300000000001,8.1984
800,0.0,0.0052,0.0052,0.0009,0.0,1.0,0.0,7.2827,0.0,0.0,0.0,0.0,7.282699999999999,7.282699999999999,7.2787
801,0.0,0.0063,0.0063,0.0011,0.0,1.0,0.0,8.1733,0.0,0.0,0.0,0.0,8.1733,8.1733,8.1716
802,0.0,0.0061,0.0061,0.0011,0.0,1.0,0.0,7.3187,0.0,0.0,0.0,0.0,7.318700000000001,7.318700000000001,7.3154
803,0.0,0.0065,0.0065,0.0012,0.0,1.0,0.0,7.9786,0.0,0.0,0.0,0.0,7.978599999999999,7.978599999999999,7.9754
804,0.0,0.0057,0.0057,0.001,0.0,1.0,0.0,7.3003,0.0,0.0,0.0,0.0,7.3003,7.3003,7.3006
805,0.0,0.0058,0.0058,0.001,0.0,1.0,0.0,7.3315,0.0,0.0,0.0,0.0,7.331500000000001,7.331500000000001,7.3363
806,0.0,0.0057,0.0057,0.001,0.0,1.0,0.0,8.3407,0.0,0.0,0.0,0.0,8.3407,8.3407,8.3362
807,0.0,0.0062,0.0062,0.0011,0.0,1.0,0.0,7.6843,0.0,0.0,0.0,0.0,7.6843,7.6843,7.6888
808,0.0,0.0057,0.0057,0.001,0.0,1.0,0.0,7.9609,0.0,0.0,0.0,0.0,7.9609,7.9609,7.9594
809,0.0,0.0058,0.0058,0.001,0.0,1.0,0.0,7.0929,0.0,0.0,0.0,0.0,7.092899999999999,7.092899999999999,7.0917
810,0.0,0.0054,0.0054,0.001,0.0,1.0,0.0,7.483,0.0,0.0,0.0,0.0,7.4830000000000005,7.4830000000000005,7.4854
811,0.0,0.0053,0.0053,0.001,0.0,1.0,0.0,6.9681,0.0,0.0,0.0,0.0,6.9681,6.9681,6.9728
812,0.0,0.0067,0.0067,0.0012,0.0,1.0,0.0,7.1778,0.0,0.0,0.0,0.0,7.1777999999999995,7.1777999999999995,7.1824
813,0.0,0.0055,0.0055,0.001,0.0,1.0,0.0,7.331,0.0,0.0,0.0,0.0,7.330999999999999,7.330999999999999,7.336
814,0.0,0.0061,0.0061,0.0011,0.0,1.0,0.0,6.9548,0.0,0.0,0.0,0.0,6.9548,6.9548,6.9506
815,0.0,0.006,0.006,0.0011,0.0,1.0,0.0,7.6094,0.0,0.0,0.0,0.0,7.6094,7.6094,7.6068
816,0.0,0.0057,0.0057,0.001,0.0,1.0,0.0,6.8127,0.0,0.0,0.0,0.0,6.8126999999999995,6.8126999999999995,6.8083
817,0.0,0.0076,0.0076,0.0014,0.0,1.0,0.0,7.7469,0.0,0.0,0.0,0.0,7.746900000000001,7.746900000000001,7.7457
818,0.0,0.005,0.005,0.0009,0.0,1.0,0.0,5.9981,0.0,0.0,0.0,0.0,5.998100000000001,5.998100000000001,5.9969
819,0.0,0.0061,0.0061,0.0011,0.0,1.0,0.0,6.7366,0.0,0.0,0.0,0.0,6.7366,6.7366,6.7412
820,0.0,0.005,0.005,0.0009,0.0,1.0,0.0,7.1603,0.0,0.0,0.0,0.0,7.1603,7.1603,7.1608
821,0.0,0.0057,0.0057,0.001,0.0,1.0,0.0,6.7754,0.0,0.0,0.0,0.0,6.775399999999999,6.775399999999999,6.775
822,0.0,0.0056,0.0056,0.001,0.0,1.0,0.0,8.1404,0.0,0.0,0.0,0.0,8.1404,8.1404,8.1431
823,0.0,0.0056,0.0056,0.001,0.0,1.0,0.0,7.3549,0.0,0.0,0.0,0.0,7.3549,7.3549,7.3536
824,0.0,0.0058,0.0058,0.001,0.0,1.0,0.0,7.0902,0.0,0.0,0.0,0.0,7.0902,7.0902,7.093
825,0.0,0.0051,0.0051,0.0009,0.0,1.0,0.0,7.3026,0.0,0.0,0.0,0.0,7.302600000000001,7.302600000000001,7.3025
826,0.0,0.0046,0.0046,0.0008,0.0,1.0,0.0,6.774,0.0,0.0,0.0,0.0,6.774000000000001,6.774000000000001,6.7692
827,0.0,0.0064,0.0064,0.0011,0.0,1.0,0.0,8.2791,0.0,0.0,0.0,0.0,8.2791,8.2791,8.2763
828,0.0,0.0055,0.0055,0.001,0.0,1.0,0.0,7.9347,0.0,0.0,0.0,0.0,7.9347,7.9347,7.9373
829,0.0,0.0056,0.0056,0.001,0.0,1.0,0.0,7.0903,0.0,0.0,0.0,0.0,7.090299999999999,7.090299999999999,7.0927
830,0.0,0.005,0.005,0.0009,0.0,1.0,0.0,7.4486,0.0,0.0,0.0,0.0,7.448599999999999,7.448599999999999,7.4521
831,0.0,0.0057,0.0057,0.001,0.0,1.0,0.0,7.5743,0.0,0.0,0.0,0.0,7.5743,7.5743,7.5786
832,0.0,0.0068,0.0068,0.0012,0.0,1.0,0.0,8.4895,0.0,0.0,0.0,0.0,8.4895,8.4895,8.4936
833,0.0,0.0065,0.0065,0.0012,0.0,1.0,0.0,7.814,0.0,0.0,0.0,0.0,7.814000000000001,7.814000000000001,7.817
834,0.0,0.0053,0.0053,0.001,0.0,1.0,0.0,6.6897,0.0,0.0,0.0,0.0,6.6897,6.6897,6.6861
835,0.0,0.0053,0.0053,0.001,0.0,1.0,0.0,7.0503,0.0,0.0,0.0,0.0,7.0503,7.0503,7.048
836,0.0,0.0054,0.0054,0.001,0.0,1.0,0.0,7.0272,0.0,0.0,0.0,0.0,7.0272,7.0272,7.0305
837,0.0,0.0062,0.0062,0.0011,0.0,1.0,0.0,7.1204,0.0,0.0,0.0,0.0,7.120400000000001,7.120400000000001,7.1203
838,0.0,0.0055,0.0055,0.001,0.0,1.0,0.0,7.7193,0.0,0.0,0.0,0.0,7.7193000000000005,7.7193000000000005,7.7209
839,0.0,0.0056,0.0056,0.001,0.0,1.0,0.0,6.6589,0.0,0.0,0.0,0.0,6.6589,6.6589,6.654
840,0.0,0.0057,0.0057,0.001,0.0,1.0,0.0,7.8052,0.0,0.0,0.0,0.0,7.8052,7.8052,7.8085
841,0.0,0.0061,0.0061,0.0011,0.0,1.0,0.0,7.1727,0.0,0.0,0.0,0.0,7.1727,7.1727,7.1684
842,0.0,0.0054,0.0054,0.001,0.0,1.0,0.0,7.4225,0.0,0.0,0.0,0.0,7.422499999999999,7.422499999999999,7.4207
843,0.0,0.0064,0.0064,0.0012,0.0,1.0,0.0,7.7883,0.0,0.0,0.0,0.0,7.7883,7.7883,7.7856
844,0.0,0.0054,0.0054,0.001,0.0,1.0,0.0,7.0407,0.0,0.0,0.0,0.0,7.040699999999999,7.040699999999999,7.037
845,0.0,0.006,0.006,0.0011,0.0,1.0,0.0,7.6918,0.0,0.0,0.0,0.0,7.691800000000001,7.691800000000001,7.6961
846,0.0,0.0061,0.0061,0.0011,0.0,1.0,0.0,7.6369,0.0,0.0,0.0,0.0,7.6369,7.6369,7.6336
847,0.0,0.0061,0.0061,0.0011,0.0,1.0,0.0,7.6047,0.0,0.0,0.0,0.0,7.6047,7.6047,7.6068
848,0.0,0.0061,0.0061,0.0011,0.0,1.0,0.0,7.1381,0.0,0.0,0.0,0.0,7.1381,7.1381,7.1404
849,0.0,0.0062,0.0062,0.0011,0.0,1.0,0.0,7.5525,0.0,0.0,0.0,0.0,7.5525,7.5525,7.5503
850,0.0,0.0065,0.0065,0.0012,0.0,1.0,0.0,7.8791,0.0,0.0,0.0,0.0,7.879099999999999,7.879099999999999,7.8779
851,0.0,0.0064,0.0064,0.0012,0.0,1.0,0.0,7.4041,0.0,0.0,0.0,0.0,7.404100000000001,7.404100000000001,7.4089
852,0.0,0.004,0.004,0.0007,0.0,1.0,0.0,6.7832,0.0,0.0,0.0,0.0,6.7832,6.7832,6.787
853,0.0,0.0066,0.0066,0.0012,0.0,1.0,0.0,7.4496,0.0,0.0,0.0,0.0,7.449599999999999,7.449599999999999,7.4466
854,0.0,0.0074,0.0074,0.0013,0.0,1.0,0.0,7.9719,0.0,0.0,0.0,0.0,7.971900000000001,7.971900000000001,7.9695
855,0.0,0.0058,0.0058,0.001,0.0,1.0,0.0,8.0806,0.0,0.0,0.0,0.0,8.0806,8.0806,8.0772
856,0.0,0.0057,0.0057,0.001,0.0,1.0,0.0,6.706,0.0,0.0,0.0,0.0,6.706000000000001,6.706000000000001,6.708
857,0.0,0.0055,0.0055,0.001,0.0,1.0,0.0,7.2604,0.0,0.0,0.0,0.0,7.2604,7.2604,7.26
858,0.0,0.0066,0.0066,0.0012,0.0,1.0,0.0,7.3904,0.0,0.0,0.0,0.0,7.3904,7.3904,7.3915
859,0.0,0.0061,0.0061,0.0011,0.0,1.0,0.0,6.5972,0.0,0.0,0.0,0.0,6.597199999999999,6.597199999999999,6.5949
860,0.0,0.0053,0.0053,0.0009,0.0,1.0,0.0,6.4457,0.0,0.0,0.0,0.0,6.4457,6.4457,6.4456
861,0.0,0.0068,0.0068,0.0012,0.0,1.0,0.0,7.9177,0.0,0.0,0.0,0.0,7.9177,7.9177,7.9132
862,0.0,0.0064,0.0064,0.0011,0.0,1.0,0.0,7.7469,0.0,0.0,0.0,0.0,7.7469,7.7469,7.7466
863,0.0,0.0054,0.0054,0.001,0.0,1.0,0.0,7.3199,0.0,0.0,0.0,0.0,7.3199,7.3199,7.3158
864,0.0,0.005,0.005,0.0009,0.0,1.0,0.0,6.8475,0.0,0.0,0.0,0.0,6.8475,6.8475,6.8516
865,0.0,0.005,0.005,0.0009,0.0,1.0,0.0,7.2761,0.0,0.0,0.0,0.0,7.276099999999999,7.276099999999999,7.2763
866,0.0,0.007,0.007,0.0013,0.0,1.0,0.0,8.0184,0.0,0.0,0.0,0.0,8.0184,8.0184,8.0161
867,0.0,0.0064,0.0064,0.0011,0.0,1.0,0.0,6.8241,0.0,0.0,0.0,0.0,6.8241,6.8241,6.8272
868,0.0,0.0057,0.0057,0.001,0.0,1.0,0.0,6.6086,0.0,0.0,0.0,0.0,6.6086,6.6086,6.6099
869,0.0,0.0062,0.0062,0.0011,0.0,1.0,0.0,8.6382,0.0,0.0,0.0,0.0,8.6382,8.6382,8.6383
870,0.0,0.0079,0.0079,0.0014,0.0,1.0,0.0,8.1032,0.0,0.0,0.0,0.0,8.103200000000001,8.103200000000001,8.1002
871,0.0,0.0069,0.0069,0.0012,0.0,1.0,0.0,7.0055,0.0,0.0,0.0,0.0,7.0055,7.0055,7.0066
872,0.0,0.0055,0.0055,0.001,0.0,1.0,0.0,8.0813,0.0,0.0,0.0,0.0,8.081299999999999,8.081299999999999,8.0823
873,0.0,0.0054,0.0054,0.001,0.0,1.0,0.0,7.7803,0.0,0.0,0.0,0.0,7.7803,7.7803,7.7823
874,0.0,0.0069,0.0069,0.0012,0.0,1.0,0.0,7.3699,0.0,0.0,0.0,0.0,7.3699,7.3699,7.3694
875,0.0,0.0063,0.0063,0.0011,0.0,1.0,0.0,7.1268,0.0,0.0,0.0,0.0,7.1268,7.1268,7.1298
876,0.0,0.0063,0.0063,0.0011,0.0,1.0,0.0,8.0138,0.0,0.0,0.0,0.0,8.0138,8.0138,8.0095
877,0.0,0.0076,0.0076,0.0014,0.0,1.0,0.0,7.6164,0.0,0.0,0.0,0.0,7.616399999999999,7.616399999999999,7.6132
878,0.0,0.0059,0.0059,0.0011,0.0,1.0,0.0,7.4173,0.0,0.0,0.0,0.0,7.417299999999999,7.417299999999999,7.4137
879,0.0,0.0053,0.0053,0.0009,0.0,1.0,0.0,6.8414,0.0,0.0,0.0,0.0,6.8414,6.8414,6.846
880,0.0,0.007,0.007,0.0013,0.0,1.0,0.0,7.9555,0.0,0.0,0.0,0.0,7.9555,7.9555,7.9583
881,0.0,0.0054,0.0054,0.001,0.0,1.0,0.0,7.0183,0.0,0.0,0.0,0.0,7.0183,7.0183,7.0192
882,0.0,0.0057,0.0057,0.001,0.0,1.0,0.0,7.707,0.0,0.0,0.0,0.0,7.707,7.707,7.7087
883,0.0,0.0051,0.0051,0.0009,0.0,1.0,0.0,6.8716,0.0,0.0,0.0,0.0,6.8716,6.8716,6.8714
884,0.0,0.007,0.007,0.0013,0.0,1.0,0.0,7.4447,0.0,0.0,0.0,0.0,7.4447,7.4447,7.4457
885,0.0,0.0064,0.0064,0.0012,0.0,1.0,0.0,7.3936,0.0,0.0,0.0,0.0,7.393599999999999,7.393599999999999,7.3929
886,0.0,0.0047,0.0047,0.0008,0.0,1.0,0.0,6.7185,0.0,0.0,0.0,0.0,6.7185,6.7185,6.722
887,0.0,0.006,0.006,0.0011,0.0,1.0,0.0,7.7319,0.0,0.0,0.0,0.0,7.731900000000001,7.731900000000001,7.7336
888,0.0,0.0062,0.0062,0.0011,0.0,1.0,0.0,7.2162,0.0,0.0,0.0,0.0,7.2162,7.2162,7.212
889,0.0,0.0059,0.0059,0.0011,0.0,1.0,0.0,7.1021,0.0,0.0,0.0,0.0,7.1021,7.1021,7.1023
890,0.0,0.0065,0.0065,0.0012,0.0,1.0,0.0,7.7337,0.0,0.0,0.0,0.0,7.7337,7.7337,7.7301
891,0.0,0.0059,0.0059,0.0011,0.0,1.0,0.0,7.6198,0.0,0.0,0.0,0.0,7.6198,7.6198,7.6172
892,0.0,0.0067,0.0067,0.0012,0.0,1.0,0.0,7.9601,0.0,0.0,0.0,0.0,7.9601,7.9601,7.9603
893,0.0,0.0056,0.0056,0.001,0.0,1.0,0.0,6.9883,0.0,0.0,0.0,0.0,6.9883,6.9883,6.9873
894,0.0,0.006,0.006,0.0011,0.0,1.0,0.0,7.6183,0.0,0.0,0.0,0.0,7.6183,7.6183,7.6199
895,0.0,0.0069,0.0069,0.0012,0.0,1.0,0.0,8.104,0.0,0.0,0.0,0.0,8.104000000000001,8.104000000000001,8.1051
896,0.0,0.0058,0.0058,0.0011,0.0,1.0,0.0,7.5745,0.0,0.0,0.0,0.0,7.5745,7.5745,7.5772
897,0.0,0.0069,0.0069,0.0012,0.0,1.0,0.0,7.8095,0.0,0.0,0.0,0.0,7.8095,7.8095,7.81
898,0.0,0.0049,0.0049,0.0009,0.0,1.0,0.0,6.891,0.0,0.0,0.0,0.0,6.891,6.891,6.8878
899,0.0,0.006,0.006,0.0011,0.0,1.0,0.0,7.8486,0.0,0.0,0.0,0.0,7.8486,7.8486,7.8477
900,0.0,0.0062,0.0062,0.0011,0.0,1.0,0.0,8.1044,0.0,0.0,0.0,0.0,8.1044,8.1044,8.1042
901,0.0,0.007,0.007,0.0013,0.0,1.0,0.0,7.3756,0.0,0.0,0.0,0.0,7.3755999999999995,7.3755999999999995,7.3769
902,0.0,0.0058,0.0058,0.001,0.0,1.0,0.0,6.746,0.0,0.0,0.0,0.0,6.746,6.746,6.7478
903,0.0,0.0071,0.0071,0.0013,0.0,1.0,0.0,8.1022,0.0,0.0,0.0,0.0,8.1022,8.1022,8.1018
904,0.0,0.0069,0.0069,0.0013,0.0,1.0,0.0,8.0193,0.0,0.0,0.0,0.0,8.0193,8.0193,8.0154
905,0.0,0.004,0.004,0.0007,0.0,1.0,0.0,6.3587,0.0,0.0,0.0,0.0,6.358699999999999,6.358699999999999,6.3637
906,0.0,0.0058,0.0058,0.001,0.0,1.0,0.0,7.6396,0.0,0.0,0.0,0.0,7.6396,7.6396,7.6432
907,0.0,0.0055,0.0055,0.001,0.0,1.0,0.0,7.0521,0.0,0.0,0.0,0.0,7.052099999999999,7.052099999999999,7.0548
908,0.0,0.0064,0.0064,0.0012,0.0,1.0,0.0,7.8098,0.0,0.0,0.0,0.0,7.8098,7.8098,7.8086
909,0.0,0.0061,0.0061,0.0011,0.0,1.0,0.0,7.9708,0.0,0.0,0.0,0.0,7.9708,7.9708,7.9719
910,0.0,0.0057,0.0057,0.001,0.0,1.0,0.0,7.1006,0.0,0.0,0.0,0.0,7.1006,7.1006,7.1037
911,0.0,0.0073,0.0073,0.0013,0.0,1.0,0.0,7.6741,0.0,0.0,0.0,0.0,7.6741,7.6741,7.6722
912,0.0,0.0055,0.0055,0.001,0.0,1.0,0.0,7.6678,0.0,0.0,0.0,0.0,7.6678,7.6678,7.6715
913,0.0,0.0061,0.0061,0.0011,0.0,1.0,0.0,8.055,0.0,0.0,0.0,0.0,8.055,8.055,8.0589
914,0.0,0.0071,0.0071,0.0013,0.0,1.0,0.0,8.816,0.0,0.0,0.0,0.0,8.816,8.816,8.8187
915,0.0,0.0068,0.0068,0.0012,0.0,1.0,0.0,8.0877,0.0,0.0,0.0,0.0,8.0877,8.0877,8.0881
916,0.0,0.0046,0.0046,0.0008,0.0,1.0,0.0,7.5408,0.0,0.0,0.0,0.0,7.5408,7.5408,7.5415
917,0.0,0.0055,0.0055,0.001,0.0,1.0,0.0,6.6329,0.0,0.0,0.0,0.0,6.6329,6.6329,6.629
918,0.0,0.0048,0.0048,0.0009,0.0,1.0,0.0,7.1978,0.0,0.0,0.0,0.0,7.197800000000001,7.197800000000001,7.1977
919,0.0,0.0049,0.0049,0.0009,0.0,1.0,0.0,6.8359,0.0,0.0,0.0,0.0,6.8359000000000005,6.8359000000000005,6.8317
920,0.0,0.0059,0.0059,0.0011,0.0,1.0,0.0,7.411,0.0,0.0,0.0,0.0,7.411,7.411,7.4141
921,0.0,0.0065,0.0065,0.0012,0.0,1.0,0.0,7.5822,0.0,0.0,0.0,0.0,7.5822,7.5822,7.5829
922,0.0,0.0062,0.0062,0.0011,0.0,1.0,0.0,7.9944,0.0,0.0,0.0,0.0,7.9944,7.9944,7.9967
923,0.0,0.0046,0.0046,0.0008,0.0,1.0,0.0,6.8005,0.0,0.0,0.0,0.0,6.8004999999999995,6.8004999999999995,6.7986
924,0.0,0.005,0.005,0.0009,0.0,1.0,0.0,6.7996,0.0,0.0,0.0,0.0,6.7996,6.7996,6.7995
925,0.0,0.0066,0.0066,0.0012,0.0,1.0,0.0,7.3839,0.0,0.0,0.0,0.0,7.3839,7.3839,7.3882
926,0.0,0.0056,0.0056,0.001,0.0,1.0,0.0,7.9256,0.0,0.0,0.0,0.0,7.9256,7.9256,7.925
927,0.0,0.0051,0.0051,0.0009,0.0,1.0,0.0,6.9813,0.0,0.0,0.0,0.0,6.9813,6.9813,6.9775
928,0.0,0.0071,0.0071,0.0013,0.0,1.0,0.0,7.5316,0.0,0.0,0.0,0.0,7.531599999999999,7.531599999999999,7.5303
929,0.0,0.0061,0.0061,0.0011,0.0,1.0,0.0,7.8805,0.0,0.0,0.0,0.0,7.8805,7.8805,7.8756
930,0.0,0.0061,0.0061,0.0011,0.0,1.0,0.0,6.8898,0.0,0.0,0.0,0.0,6.889800000000001,6.889800000000001,6.8924
931,0.0,0.0054,0.0054,0.001,0.0,1.0,0.0,7.3989,0.0,0.0,0.0,0.0,7.3989,7.3989,7.394
932,0.0,0.0073,0.0073,0.0013,0.0,1.0,0.0,7.1962,0.0,0.0,0.0,0.0,7.1962,7.1962,7.1942
933,0.0,0.0053,0.0053,0.001,0.0,1.0,0.0,7.0257,0.0,0.0,0.0,0.0,7.0257,7.0257,7.0232
934,0.0,0.0062,0.0062,0.0011,0.0,1.0,0.0,7.4186,0.0,0.0,0.0,0.0,7.4186000000000005,7.4186000000000005,7.418
935,0.0,0.0061,0.0061,0.0011,0.0,1.0,0.0,7.1986,0.0,0.0,0.0,0.0,7.1986,7.1986,7.1971
936,0.0,0.0061,0.0061,0.0011,0.0,1.0,0.0,8.1451,0.0,0.0,0.0,0.0,8.1451,8.1451,8.1445
937,0.0,0.006,0.006,0.0011,0.0,1.0,0.0,7.9389,0.0,0.0,0.0,0.0,7.9389,7.9389,7.9376
938,0.0,0.0062,0.0062,0.0011,0.0,1.0,0.0,6.9798,0.0,0.0,0.0,0.0,6.9798,6.9798,6.9765
939,0.0,0.0064,0.0064,0.0011,0.0,1.0,0.0,7.5025,0.0,0.0,0.0,0.0,7.5024999999999995,7.5024999999999995,7.503
940,0.0,0.0052,0.0052,0.0009,0.0,1.0,0.0,7.0617,0.0,0.0,0.0,0.0,7.0617,7.0617,7.0569
941,0.0,0.0059,0.0059,0.0011,0.0,1.0,0.0,7.0312,0.0,0.0,0.0,0.0,7.031199999999999,7.031199999999999,7.0345
942,0.0,0.0069,0.0069,0.0012,0.0,1.0,0.0,8.3481,0.0,0.0,0.0,0.0,8.348099999999999,8.348099999999999,8.3522
943,0.0,0.0064,0.0064,0.0012,0.0,1.0,0.0,7.2248,0.0,0.0,0.0,0.0,7.224799999999999,7.224799999999999,7.2281
944,0.0,0.0054,0.0054,0.001,0.0,1.0,0.0,7.1296,0.0,0.0,0.0,0.0,7.1296,7.1296,7.1312
945,0.0,0.0072,0.0072,0.0013,0.0,1.0,0.0,7.6647,0.0,0.0,0.0,0.0,7.6647,7.6647,7.6677
946,0.0,0.0057,0.0057,0.001,0.0,1.0,0.0,6.5692,0.0,0.0,0.0,0.0,6.5692,6.5692,6.5644
947,0.0,0.0048,0.0048,0.0009,0.0,1.0,0.0,7.8757,0.0,0.0,0.0,0.0,7.8757,7.8757,7.8738
948,0.0,0.0059,0.0059,0.0011,0.0,1.0,0.0,7.6988,0.0,0.0,0.0,0.0,7.6988,7.6988,7.702
949,0.0,0.0066,0.0066,0.0012,0.0,1.0,0.0,7.8168,0.0,0.0,0.0,0.0,7.8168,7.8168,7.819
950,0.0,0.0048,0.0048,0.0009,0.0,1.0,0.0,7.4788,0.0,0.0,0.0,0.0,7.4788,7.4788,7.4749
951,0.0,0.0061,0.0061,0.0011,0.0,1.0,0.0,7.734,0.0,0.0,0.0,0.0,7.734,7.734,7.734
952,0.0,0.0071,0.0071,0.0013,0.0,1.0,0.0,8.0991,0.0,0.0,0.0,0.0,8.0991,8.0991,8.1009
953,0.0,0.0053,0.0053,0.0009,0.0,1.0,0.0,7.4354,0.0,0.0,0.0,0.0,7.4354,7.4354,7.4371
954,0.0,0.0059,0.0059,0.0011,0.0,1.0,0.0,7.6103,0.0,0.0,0.0,0.0,7.6103000000000005,7.6103000000000005,7.6149
955,0.0,0.0055,0.0055,0.001,0.0,1.0,0.0,7.3674,0.0,0.0,0.0,0.0,7.367399999999999,7.367399999999999,7.3655
956,0.0,0.0061,0.0061,0.0011,0.0,1.0,0.0,7.73,0.0,0.0,0.0,0.0,7.7299999999999995,7.7299999999999995,7.732
957,0.0,0.0062,0.0062,0.0011,0.0,1.0,0.0,7.8019,0.0,0.0,0.0,0.0,7.801900000000001,7.801900000000001,7.8043
958,0.0,0.0071,0.0071,0.0013,0.0,1.0,0.0,7.6166,0.0,0.0,0.0,0.0,7.616599999999999,7.616599999999999,7.619
959,0.0,0.0063,0.0063,0.0011,0.0,1.0,0.0,7.641,0.0,0.0,0.0,0.0,7.641,7.641,7.6434
960,0.0,0.0062,0.0062,0.0011,0.0,1.0,0.0,8.5695,0.0,0.0,0.0,0.0,8.5695,8.5695,8.5689
961,0.0,0.0054,0.0054,0.001,0.0,1.0,0.0,6.9813,0.0,0.0,0.0,0.0,6.981299999999999,6.981299999999999,6.9781
962,0.0,0.0058,0.0058,0.001,0.0,1.0,0.0,7.3973,0.0,0.0,0.0,0.0,7.3972999999999995,7.3972999999999995,7.4011
963,0.0,0.0061,0.0061,0.0011,0.0,1.0,0.0,6.8296,0.0,0.0,0.0,0.0,6.8296,6.8296,6.8299
964,0.0,0.005,0.005,0.0009,0.0,1.0,0.0,7.2161,0.0,0.0,0.0,0.0,7.216100000000001,7.216100000000001,7.2141
965,0.0,0.0058,0.0058,0.001,0.0,1.0,0.0,7.018,0.0,0.0,0.0,0.0,7.018,7.018,7.0195
966,0.0,0.0063,0.0063,0.0011,0.0,1.0,0.0,7.0429,0.0,0.0,0.0,0.0,7.0429,7.0429,7.0386
967,0.0,0.0054,0.0054,0.001,0.0,1.0,0.0,6.9332,0.0,0.0,0.0,0.0,6.9332,6.9332,6.9349
968,0.0,0.0064,0.0064,0.0011,0.0,1.0,0.0,7.6527,0.0,0.0,0.0,0.0,7.652699999999999,7.652699999999999,7.6542
969,0.0,0.0073,0.0073,0.0013,0.0,1.0,0.0,7.6499,0.0,0.0,0.0,0.0,7.649900000000001,7.649900000000001,7.6483
970,0.0,0.0052,0.0052,0.0009,0.0,1.0,0.0,7.8181,0.0,0.0,0.0,0.0,7.818099999999999,7.818099999999999,7.8198
971,0.0,0.0071,0.0071,0.0013,0.0,1.0,0.0,8.4029,0.0,0.0,0.0,0.0,8.4029,8.4029,8.4068
972,0.0,0.0057,0.0057,0.001,0.0,1.0,0.0,7.2636,0.0,0.0,0.0,0.0,7.2636,7.2636,7.2614
973,0.0,0.0059,0.0059,0.0011,0.0,1.0,0.0,7.4079,0.0,0.0,0.0,0.0,7.407899999999999,7.407899999999999,7.4051
974,0.0,0.006,0.006,0.0011,0.0,1.0,0.0,7.5909,0.0,0.0,0.0,0.0,7.5908999999999995,7.5908999999999995,7.5916
975,0.0,0.007,0.007,0.0013,0.0,1.0,0.0,7.8787,0.0,0.0,0.0,0.0,7.878699999999999,7.878699999999999,7.8773
976,0.0,0.0055,0.0055,0.001,0.0,1.0,0.0,7.0122,0.0,0.0,0.0,0.0,7.012199999999999,7.012199999999999,7.0158
977,0.0,0.0049,0.0049,0.0009,0.0,1.0,0.0,7.2236,0.0,0.0,0.0,0.0,7.2236,7.2236,7.2217
978,0.0,0.005,0.005,0.0009,0.0,1.0,0.0,7.0131,0.0,0.0,0.0,0.0,7.0131,7.0131,7.009
979,0.0,0.0054,0.0054,0.001,0.0,1.0,0.0,7.8244,0.0,0.0,0.0,0.0,7.8244,7.8244,7.8205
980,0.0,0.0052,0.0052,0.0009,0.0,1.0,0.0,6.9751,0.0,0.0,0.0,0.0,6.975099999999999,6.975099999999999,6.9772
981,0.0,0.0061,0.0061,0.0011,0.0,1.0,0.0,7.9945,0.0,0.0,0.0,0.0,7.994499999999999,7.994499999999999,7.9898
982,0.0,0.0065,0.0065,0.0012,0.0,1.0,0.0,7.3298,0.0,0.0,0.0,0.0,7.3298000000000005,7.3298000000000005,7.3289
983,0.0,0.0058,0.0058,0.001,0.0,1.0,0.0,7.6834,0.0,0.0,0.0,0.0,7.6834,7.6834,7.6841
984,0.0,0.0075,0.0075,0.0014,0.0,1.0,0.0,8.3513,0.0,0.0,0.0,0.0,8.3513,8.3513,8.356
985,0.0,0.0055,0.0055,0.001,0.0,1.0,0.0,7.1428,0.0,0.0,0.0,0.0,7.1428,7.1428,7.1404
986,0.0,0.0062,0.0062,0.0011,0.0,1.0,0.0,7.4037,0.0,0.0,0.0,0.0,7.4037,7.4037,7.4076
987,0.0,0.006,0.006,0.0011,0.0,1.0,0.0,7.3963,0.0,0.0,0.0,0.0,7.3963,7.3963,7.3963
988,0.0,0.0054,0.0054,0.001,0.0,1.0,0.0,7.3333,0.0,0.0,0.0,0.0,7.3333,7.3333,7.3371
989,0.0,0.006,0.006,0.0011,0.0,1.0,0.0,7.4861,0.0,0.0,0.0,0.0,7.4861,7.4861,7.4867
990,0.0,0.0055,0.0055,0.001,0.0,1.0,0.0,7.0602,0.0,0.0,0.0,0.0,7.0602,7.0602,7.0553
991,0.0,0.0048,0.0048,0.0009,0.0,1.0,0.0,6.9108,0.0,0.0,0.0,0.0,6.910800000000001,6.910800000000001,6.9086
992,0.0,0.0059,0.0059,0.0011,0.0,1.0,0.0,7.1728,0.0,0.0,0.0,0.0,7.1728000000000005,7.1728000000000005,7.1697
993,0.0,0.0061,0.0061,0.0011,0.0,1.0,0.0,6.8053,0.0,0.0,0.0,0.0,6.805300000000001,6.805300000000001,6.8082
994,0.0,0.0053,0.0053,0.001,0.0,1.0,0.0,6.8291,0.0,0.0,0.0,0.0,6.8290999999999995,6.8290999999999995,6.8323
995,0.0,0.0051,0.0051,0.0009,0.0,1.0,0.0,7.6474,0.0,0.0,0.0,0.0,7.647399999999999,7.647399999999999,7.6447
996,0.0,0.0062,0.0062,0.0011,0.0,1.0,0.0,7.3058,0.0,0.0,0.0,0.0,7.305799999999999,7.305799999999999,7.3028
997,0.0,0.0055,0.0055,0.001,0.0,1.0,0.0,6.4565,0.0,0.0,0.0,0.0,6.4565,6.4565,6.4543
998,0.0,0.0061,0.0061,0.0011,0.0,1.0,0.0,7.601,0.0,0.0,0.0,0.0,7.601,7.601,7.5986
999,0.0,0.007,0.007,0.0013,0.0,1.0,0.0,8.0585,0.0,0.0,0.0,0.0,8.058499999999999,8.058499999999999,8.0573
1000,0.0,0.0059,0.0059,0.0011,0.0,1.0,0.0,7.2167,0.0,0.0,0.0,0.0,7.2166999999999994,7.2166999999999994,7.2201
1001,0.0,0.006,0.006,0.0011,0.0,1.0,0.0,7.7788,0.0,0.0,0.0,0.0,7.7788,7.7788,7.7802
1002,0.0,0.0061,0.0061,0.0011,0.0,1.0,0.0,7.7748,0.0,0.0,0.0,0.0,7.7748,7.7748,7.7728
1003,0.0,0.0058,0.0058,0.001,0.0,1.0,0.0,7.0302,0.0,0.0,0.0,0.0,7.030200000000001,7.030200000000001,7.0276
1004,0.0,0.0072,0.0072,0.0013,0.0,1.0,0.0,7.4941,0.0,0.0,0.0,0.0,7.4940999999999995,7.4940999999999995,7.4899
1005,0.0,0.007,0.007,0.0013,0.0,1.0,0.0,7.8295,0.0,0.0,0.0,0.0,7.829500000000001,7.829500000000001,7.8245
1006,0.0,0.0064,0.0064,0.0011,0.0,1.0,0.0,7.0568,0.0,0.0,0.0,0.0,7.0568,7.0568,7.0617
1007,0.0,0.0048,0.0048,0.0009,0.0,1.0,0.0,6.7466,0.0,0.0,0.0,0.0,6.7466,6.7466,6.7422
1008,0.0,0.0055,0.0055,0.001,0.0,1.0,0.0,6.9024,0.0,0.0,0.0,0.0,6.9024,6.9024,6.8982
1009,0.0,0.006,0.006,0.0011,0.0,1.0,0.0,8.1453,0.0,0.0,0.0,0.0,8.1453,8.1453,8.1457
1010,0.0,0.0056,0.0056,0.001,0.0,1.0,0.0,7.4173,0.0,0.0,0.0,0.0,7.4173,7.4173,7.4162
1011,0.0,0.0063,0.0063,0.0011,0.0,1.0,0.0,7.8862,0.0,0.0,0.0,0.0,7.8862,7.8862,7.8881
1012,0.0,0.0061,0.0061,0.0011,0.0,1.0,0.0,6.4844,0.0,0.0,0.0,0.0,6.4844,6.4844,6.4885
1013,0.0,0.0054,0.0054,0.001,0.0,1.0,0.0,7.7083,0.0,0.0,0.0,0.0,7.7083,7.7083,7.7121
1014,0.0,0.0065,0.0065,0.0012,0.0,1.0,0.0,7.8325,0.0,0.0,0.0,0.0,7.8325000000000005,7.8325000000000005,7.8329
1015,0.0,0.0057,0.0057,0.001,0.0,1.0,0.0,7.697,0.0,0.0,0.0,0.0,7.696999999999999,7.696999999999999,7.6946
1016,0.0,0.0058,0.0058,0.0011,0.0,1.0,0.0,7.6225,0.0,0.0,0.0,0.0,7.6225,7.6225,7.6235
1017,0.0,0.006,0.006,0.0011,0.0,1.0,0.0,7.2176,0.0,0.0,0.0,0.0,7.217599999999999,7.217599999999999,7.2189
1018,0.0,0.0065,0.0065,0.0012,0.0,1.0,0.0,7.9427,0.0,0.0,0.0,0.0,7.9427,7.9427,7.9415
1019,0.0,0.006,0.006,0.0011,0.0,1.0,0.0,7.5497,0.0,0.0,0.0,0.0,7.5497000000000005,7.5497000000000005,7.5519
1020,0.0,0.0056,0.0056,0.001,0.0,1.0,0.0,7.6588,0.0,0.0,0.0,0.0,7.6588,7.6588,7.6559
1021,0.0,0.005,0.005,0.0009,0.0,1.0,0.0,6.3039,0.0,0.0,0.0,0.0,6.3039000000000005,6.3039000000000005,6.2994
1022,0.0,0.0063,0.0063,0.0011,0.0,1.0,0.0,7.1839,0.0,0.0,0.0,0.0,7.1838999999999995,7.1838999999999995,7.1826
1023,0.0,0.0057,0.0057,0.001,0.0,1.0,0.0,7.4491,0.0,0.0,0.0,0.0,7.4491,7.4491,7.4513
1024,0.0,0.0066,0.0066,0.0012,0.0,1.0,0.0,7.9049,0.0,0.0,0.0,0.0,7.9049,7.9049,7.9059
1025,0.0,0.0045,0.0045,0.0008,0.0,1.0,0.0,6.4606,0.0,0.0,0.0,0.0,6.4606,6.4606,6.4608
1026,0.0,0.0063,0.0063,0.0011,0.0,1.0,0.0,6.8691,0.0,0.0,0.0,0.0,6.8690999999999995,6.8690999999999995,6.8677
1027,0.0,0.0071,0.0071,0.0013,0.0,1.0,0.0,8.2244,0.0,0.0,0.0,0.0,8.224400000000001,8.224400000000001,8.2243
1028,0.0,0.0055,0.0055,0.001,0.0,1.0,0.0,7.9258,0.0,0.0,0.0,0.0,7.9258,7.9258,7.9215
1029,0.0,0.0064,0.0064,0.0012,0.0,1.0,0.0,7.2863,0.0,0.0,0.0,0.0,7.2863,7.2863,7.2885
1030,0.0,0.0057,0.0057,0.001,0.0,1.0,0.0,7.896,0.0,0.0,0.0,0.0,7.896,7.896,7.8946
1031,0.0,0.0078,0.0078,0.0014,0.0,1.0,0.0,7.9548,0.0,0.0,0.0,0.0,7.9548000000000005,7.9548000000000005,7.9534
1032,0.0,0.0063,0.0063,0.0011,0.0,1.0,0.0,7.73,0.0,0.0,0.0,0.0,7.730000000000001,7.730000000000001,7.7321
1033,0.0,0.0061,0.0061,0.0011,0.0,1.0,0.0,7.3546,0.0,0.0,0.0,0.0,7.3546,7.3546,7.3584
1034,0.0,0.0056,0.0056,0.001,0.0,1.0,0.0,7.1705,0.0,0.0,0.0,0.0,7.1705000000000005,7.1705000000000005,7.1727
1035,0.0,0.0055,0.0055,0.001,0.0,1.0,0.0,7.3847,0.0,0.0,0.0,0.0,7.3847,7.3847,7.3822
1036,0.0,0.0059,0.0059,0.0011,0.0,1.0,0.0,8.2963,0.0,0.0,0.0,0.0,8.2963,8.2963,8.2914
1037,0.0,0.0052,0.0052,0.0009,0.0,1.0,0.0,6.8801,0.0,0.0,0.0,0.0,6.8801000000000005,6.8801000000000005,6.881
1038,0.0,0.0067,0.0067,0.0012,0.0,1.0,0.0,8.3306,0.0,0.0,0.0,0.0,8.3306,8.3306,8.3286
1039,0.0,0.0063,0.0063,0.0011,0.0,1.0,0.0,8.2709,0.0,0.0,0.0,0.0,8.2709,8.2709,8.2729
1040,0.0,0.0054,0.0054,0.001,0.0,1.0,0.0,6.8521,0.0,0.0,0.0,0.0,6.8521,6.8521,6.8558
1041,0.0,0.006,0.006,0.0011,0.0,1.0,0.0,7.0891,0.0,0.0,0.0,0.0,7.0891,7.0891,7.0844
1042,0.0,0.0055,0.0055,0.001,0.0,1.0,0.0,7.7542,0.0,0.0,0.0,0.0,7.754200000000001,7.754200000000001,7.7507
1043,0.0,0.0068,0.0068,0.0012,0.0,1.0,0.0,7.6048,0.0,0.0,0.0,0.0,7.6048,7.6048,7.6051
1044,0.0,0.007,0.007,0.0013,0.0,1.0,0.0,7.9964,0.0,0.0,0.0,0.0,7.996399999999999,7.996399999999999,7.9998
1045,0.0,0.0075,0.0075,0.0013,0.0,1.0,0.0,8.6554,0.0,0.0,0.0,0.0,8.6554,8.6554,8.6515
1046,0.0,0.0073,0.0073,0.0013,0.0,1.0,0.0,8.2438,0.0,0.0,0.0,0.0,8.2438,8.2438,8.2389
1047,0.0,0.0057,0.0057,0.001,0.0,1.0,0.0,7.2827,0.0,0.0,0.0,0.0,7.282700000000001,7.282700000000001,7.2796
1048,0.0,0.0064,0.0064,0.0012,0.0,1.0,0.0,7.3473,0.0,0.0,0.0,0.0,7.3473,7.3473,7.3428
1049,0.0,0.0057,0.0057,0.001,0.0,1.0,0.0,8.0712,0.0,0.0,0.0,0.0,8.071200000000001,8.071200000000001,8.0689
1050,0.0,0.0056,0.0056,0.001,0.0,1.0,0.0,7.1278,0.0,0.0,0.0,0.0,7.1278,7.1278,7.1309
1051,0.0,0.007,0.007,0.0013,0.0,1.0,0.0,7.6064,0.0,0.0,0.0,0.0,7.606400000000001,7.606400000000001,7.6015
1052,0.0,0.0051,0.0051,0.0009,0.0,1.0,0.0,7.0328,0.0,0.0,0.0,0.0,7.0328,7.0328,7.0286
1053,0.0,0.0064,0.0064,0.0012,0.0,1.0,0.0,7.5947,0.0,0.0,0.0,0.0,7.5947000000000005,7.5947000000000005,7.5984
1054,0.0,0.0057,0.0057,0.001,0.0,1.0,0.0,7.3361,0.0,0.0,0.0,0.0,7.3361,7.3361,7.3379
1055,0.0,0.0066,0.0066,0.0012,0.0,1.0,0.0,7.3005,0.0,0.0,0.0,0.0,7.3004999999999995,7.3004999999999995,7.3039
1056,0.0,0.0059,0.0059,0.0011,0.0,1.0,0.0,6.7949,0.0,0.0,0.0,0.0,6.7949,6.7949,6.7967
1057,0.0,0.0057,0.0057,0.001,0.0,1.0,0.0,7.4634,0.0,0.0,0.0,0.0,7.463400000000001,7.463400000000001,7.4599
1058,0.0,0.005,0.005,0.0009,0.0,1.0,0.0,6.6098,0.0,0.0,0.0,0.0,6.6098,6.6098,6.6073
1059,0.0,0.0051,0.0051,0.0009,0.0,1.0,0.0,7.0038,0.0,0.0,0.0,0.0,7.0038,7.0038,7.0014
1060,0.0,0.0053,0.0053,0.001,0.0,1.0,0.0,7.134,0.0,0.0,0.0,0.0,7.134,7.134,7.1365
1061,0.0,0.005,0.005,0.0009,0.0,1.0,0.0,6.2602,0.0,0.0,0.0,0.0,6.260199999999999,6.260199999999999,6.2602
1062,0.0,0.0054,0.0054,0.001,0.0,1.0,0.0,7.0408,0.0,0.0,0.0,0.0,7.0408,7.0408,7.0403
1063,0.0,0.0064,0.0064,0.0011,0.0,1.0,0.0,7.5771,0.0,0.0,0.0,0.0,7.577100000000001,7.577100000000001,7.5722
1064,0.0,0.0057,0.0057,0.001,0.0,1.0,0.0,7.4394,0.0,0.0,0.0,0.0,7.4394,7.4394,7.4364
1065,0.0,0.0065,0.0065,0.0012,0.0,1.0,0.0,8.4877,0.0,0.0,0.0,0.0,8.4877,8.4877,8.4855
1066,0.0,0.0063,0.0063,0.0011,0.0,1.0,0.0,8.1645,0.0,0.0,0.0,0.0,8.1645,8.1645,8.16
1067,0.0,0.007,0.007,0.0013,0.0,1.0,0.0,7.6869,0.0,0.0,0.0,0.0,7.6869000000000005,7.6869000000000005,7.6821
1068,0.0,0.0065,0.0065,0.0012,0.0,1.0,0.0,8.0838,0.0,0.0,0.0,0.0,8.0838,8.0838,8.0791
1069,0.0,0.0057,0.0057,0.001,0.0,1.0,0.0,6.8632,0.0,0.0,0.0,0.0,6.863199999999999,6.863199999999999,6.8677
1070,0.0,0.0046,0.0046,0.0008,0.0,1.0,0.0,6.0648,0.0,0.0,0.0,0.0,6.0648,6.0648,6.0617
1071,0.0,0.006,0.006,0.0011,0.0,1.0,0.0,7.5442,0.0,0.0,0.0,0.0,7.544199999999999,7.544199999999999,7.5414
1072,0.0,0.0067,0.0067,0.0012,0.0,1.0,0.0,7.2287,0.0,0.0,0.0,0.0,7.2287,7.2287,7.2332
1073,0.0,0.0071,0.0071,0.0013,0.0,1.0,0.0,7.4043,0.0,0.0,0.0,0.0,7.404300000000001,7.404300000000001,7.4026
1074,0.0,0.0054,0.0054,0.001,0.0,1.0,0.0,6.9171,0.0,0.0,0.0,0.0,6.9171,6.9171,6.9213
1075,0.0,0.0063,0.0063,0.0011,0.0,1.0,0.0,7.3674,0.0,0.0,0.0,0.0,7.3674,7.3674,7.3645
1076,0.0,0.0052,0.0052,0.0009,0.0,1.0,0.0,6.9595,0.0,0.0,0.0,0.0,6.9595,6.9595,6.9611
1077,0.0,0.0064,0.0064,0.0012,0.0,1.0,0.0,7.779,0.0,0.0,0.0,0.0,7.778999999999999,7.778999999999999,7.7796
1078,0.0,0.0056,0.0056,0.001,0.0,1.0,0.0,8.1248,0.0,0.0,0.0,0.0,8.124799999999999,8.124799999999999,8.1242
1079,0.0,0.005,0.005,0.0009,0.0,1.0,0.0,6.8551,0.0,0.0,0.0,0.0,6.855099999999999,6.855099999999999,6.858
1080,0.0,0.0054,0.0054,0.001,0.0,1.0,0.0,7.8507,0.0,0.0,0.0,0.0,7.850700000000001,7.850700000000001,7.8514
1081,0.0,0.0051,0.0051,0.0009,0.0,1.0,0.0,6.9918,0.0,0.0,0.0,0.0,6.9918,6.9918,6.9951
1082,0.0,0.0067,0.0067,0.0012,0.0,1.0,0.0,7.1645,0.0,0.0,0.0,0.0,7.1645,7.1645,7.1644
1083,0.0,0.0079,0.0079,0.0014,0.0,1.0,0.0,8.3206,0.0,0.0,0.0,0.0,8.3206,8.3206,8.3198
1084,0.0,0.0053,0.0053,0.001,0.0,1.0,0.0,7.2236,0.0,0.0,0.0,0.0,7.2236,7.2236,7.2268
1085,0.0,0.0053,0.0053,0.001,0.0,1.0,0.0,7.6649,0.0,0.0,0.0,0.0,7.664899999999999,7.664899999999999,7.6663
1086,0.0,0.0063,0.0063,0.0011,0.0,1.0,0.0,7.4022,0.0,0.0,0.0,0.0,7.4022,7.4022,7.406
1087,0.0,0.0052,0.0052,0.0009,0.0,1.0,0.0,7.4577,0.0,0.0,0.0,0.0,7.457699999999999,7.457699999999999,7.4617
1088,0.0,0.0063,0.0063,0.0011,0.0,1.0,0.0,7.2938,0.0,0.0,0.0,0.0,7.293799999999999,7.293799999999999,7.2945
1089,0.0,0.0067,0.0067,0.0012,0.0,1.0,0.0,8.1501,0.0,0.0,0.0,0.0,8.1501,8.1501,8.1465
1090,0.0,0.0063,0.0063,0.0011,0.0,1.0,0.0,7.6676,0.0,0.0,0.0,0.0,7.6676,7.6676,7.6671
1091,0.0,0.005,0.005,0.0009,0.0,1.0,0.0,7.2031,0.0,0.0,0.0,0.0,7.2031,7.2031,7.2005
1092,0.0,0.0076,0.0076,0.0014,0.0,1.0,0.0,8.1696,0.0,0.0,0.0,0.0,8.1696,8.1696,8.1653
1093,0.0,0.0059,0.0059,0.0011,0.0,1.0,0.0,7.212,0.0,0.0,0.0,0.0,7.211999999999999,7.211999999999999,7.213
1094,0.0,0.0064,0.0064,0.0012,0.0,1.0,0.0,8.4796,0.0,0.0,0.0,0.0,8.4796,8.4796,8.4748
1095,0.0,0.0062,0.0062,0.0011,0.0,1.0,0.0,7.4488,0.0,0.0,0.0,0.0,7.4488,7.4488,7.451
1096,0.0,0.0066,0.0066,0.0012,0.0,1.0,0.0,7.879,0.0,0.0,0.0,0.0,7.879,7.879,7.8746
1097,0.0,0.0055,0.0055,0.001,0.0,1.0,0.0,6.8353,0.0,0.0,0.0,0.0,6.835299999999999,6.835299999999999,6.8344
1098,0.0,0.0057,0.0057,0.001,0.0,1.0,0.0,6.6389,0.0,0.0,0.0,0.0,6.6389,6.6389,6.642
1099,0.0,0.0056,0.0056,0.001,0.0,1.0,0.0,7.34,0.0,0.0,0.0,0.0,7.339999999999999,7.339999999999999,7.3424
1100,0.0,0.0056,0.0056,0.001,0.0,1.0,0.0,7.0401,0.0,0.0,0.0,0.0,7.0401,7.0401,7.0358
1101,0.0,0.0063,0.0063,0.0011,0.0,1.0,0.0,7.5338,0.0,0.0,0.0,0.0,7.5338,7.5338,7.5341
1102,0.0,0.0057,0.0057,0.001,0.0,1.0,0.0,6.5425,0.0,0.0,0.0,0.0,6.5424999999999995,6.5424999999999995,6.5444
1103,0.0,0.0048,0.0048,0.0009,0.0,1.0,0.0,6.7652,0.0,0.0,0.0,0.0,6.765199999999999,6.765199999999999,6.7691
1104,0.0,0.0065,0.0065,0.0012,0.0,1.0,0.0,7.4583,0.0,0.0,0.0,0.0,7.4582999999999995,7.4582999999999995,7.4631
1105,0.0,0.007,0.007,0.0013,0.0,1.0,0.0,7.3311,0.0,0.0,0.0,0.0,7.3311,7.3311,7.3299
1106,0.0,0.006,0.006,0.0011,0.0,1.0,0.0,7.8965,0.0,0.0,0.0,0.0,7.896499999999999,7.896499999999999,7.9004
1107,0.0,0.0065,0.0065,0.0012,0.0,1.0,0.0,7.4135,0.0,0.0,0.0,0.0,7.4135,7.4135,7.4144
1108,0.0,0.006,0.006,0.0011,0.0,1.0,0.0,7.5663,0.0,0.0,0.0,0.0,7.5663,7.5663,7.5617
1109,0.0,0.0054,0.0054,0.001,0.0,1.0,0.0,7.111,0.0,0.0,0.0,0.0,7.111000000000001,7.111000000000001,7.115
1110,0.0,0.0051,0.0051,0.0009,0.0,1.0,0.0,7.5637,0.0,0.0,0.0,0.0,7.563700000000001,7.563700000000001,7.5631
1111,0.0,0.0059,0.0059,0.0011,0.0,1.0,0.0,7.0877,0.0,0.0,0.0,0.0,7.0877,7.0877,7.0829
1112,0.0,0.0064,0.0064,0.0012,0.0,1.0,0.0,7.2353,0.0,0.0,0.0,0.0,7.2353000000000005,7.2353000000000005,7.2352
1113,0.0,0.0062,0.0062,0.0011,0.0,1.0,0.0,8.0155,0.0,0.0,0.0,0.0,8.0155,8.0155,8.0142
1114,0.0,0.0062,0.0062,0.0011,0.0,1.0,0.0,7.7864,0.0,0.0,0.0,0.0,7.7863999999999995,7.7863999999999995,7.7865
1115,0.0,0.0064,0.0064,0.0011,0.0,1.0,0.0,7.6724,0.0,0.0,0.0,0.0,7.6724000000000006,7.6724000000000006,7.6721
1116,0.0,0.0054,0.0054,0.001,0.0,1.0,0.0,7.4792,0.0,0.0,0.0,0.0,7.4792,7.4792,7.4765
1117,0.0,0.0059,0.0059,0.0011,0.0,1.0,0.0,7.3223,0.0,0.0,0.0,0.0,7.3223,7.3223,7.3248
1118,0.0,0.0058,0.0058,0.001,0.0,1.0,0.0,6.7511,0.0,0.0,0.0,0.0,6.7511,6.7511,6.7517
1119,0.0,0.0068,0.0068,0.0012,0.0,1.0,0.0,8.1943,0.0,0.0,0.0,0.0,8.1943,8.1943,8.1953
1120,0.0,0.0056,0.0056,0.001,0.0,1.0,0.0,7.1974,0.0,0.0,0.0,0.0,7.197400000000001,7.197400000000001,7.1955
1121,0.0,0.0053,0.0053,0.001,0.0,1.0,0.0,6.8532,0.0,0.0,0.0,0.0,6.8532,6.8532,6.8497
1122,0.0,0.0054,0.0054,0.001,0.0,1.0,0.0,6.5536,0.0,0.0,0.0,0.0,6.553599999999999,6.553599999999999,6.5498
1123,0.0,0.0071,0.0071,0.0013,0.0,1.0,0.0,7.6664,0.0,0.0,0.0,0.0,7.6664,7.6664,7.6708
1124,0.0,0.0061,0.0061,0.0011,0.0,1.0,0.0,7.4269,0.0,0.0,0.0,0.0,7.4269,7.4269,7.4223
1125,0.0,0.0071,0.0071,0.0013,0.0,1.0,0.0,7.4341,0.0,0.0,0.0,0.0,7.4341,7.4341,7.4353
1126,0.0,0.0052,0.0052,0.0009,0.0,1.0,0.0,7.2493,0.0,0.0,0.0,0.0,7.2493,7.2493,7.2506
1127,0.0,0.0046,0.0046,0.0008,0.0,1.0,0.0,6.674,0.0,0.0,0.0,0.0,6.6739999999999995,6.6739999999999995,6.6762
1128,0.0,0.0052,0.0052,0.0009,0.0,1.0,0.0,7.2514,0.0,0.0,0.0,0.0,7.2514,7.2514,7.2467
1129,0.0,0.006,0.006,0.0011,0.0,1.0,0.0,7.2918,0.0,0.0,0.0,0.0,7.291799999999999,7.291799999999999,7.2881
1130,0.0,0.0074,0.0074,0.0013,0.0,1.0,0.0,8.084,0.0,0.0,0.0,0.0,8.084,8.084,8.0797
1131,0.0,0.005,0.005,0.0009,0.0,1.0,0.0,7.0044,0.0,0.0,0.0,0.0,7.0044,7.0044,7.0066
1132,0.0,0.0053,0.0053,0.001,0.0,1.0,0.0,6.8556,0.0,0.0,0.0,0.0,6.8556,6.8556,6.859
1133,0.0,0.0067,0.0067,0.0012,0.0,1.0,0.0,8.1587,0.0,0.0,0.0,0.0,8.1587,8.1587,8.1618
1134,0.0,0.0049,0.0049,0.0009,0.0,1.0,0.0,6.6909,0.0,0.0,0.0,0.0,6.690900000000001,6.690900000000001,6.6915
1135,0.0,0.0049,0.0049,0.0009,0.0,1.0,0.0,7.7612,0.0,0.0,0.0,0.0,7.7612,7.7612,7.7612
1136,0.0,0.0069,0.0069,0.0012,0.0,1.0,0.0,8.0912,0.0,0.0,0.0,0.0,8.0912,8.0912,8.0941
1137,0.0,0.0059,0.0059,0.0011,0.0,1.0,0.0,7.2214,0.0,0.0,0.0,0.0,7.2214,7.2214,7.2203
1138,0.0,0.0059,0.0059,0.0011,0.0,1.0,0.0,7.8318,0.0,0.0,0.0,0.0,7.8318,7.8318,7.8368
1139,0.0,0.0067,0.0067,0.0012,0.0,1.0,0.0,6.5919,0.0,0.0,0.0,0.0,6.5919,6.5919,6.5894
1140,0.0,0.0045,0.0045,0.0008,0.0,1.0,0.0,6.7144,0.0,0.0,0.0,0.0,6.7143999999999995,6.7143999999999995,6.7136
1141,0.0,0.006,0.006,0.0011,0.0,1.0,0.0,7.1039,0.0,0.0,0.0,0.0,7.103899999999999,7.103899999999999,7.1073
1142,0.0,0.0069,0.0069,0.0012,0.0,1.0,0.0,7.2657,0.0,0.0,0.0,0.0,7.265700000000001,7.265700000000001,7.2626
1143,0.0,0.0056,0.0056,0.001,0.0,1.0,0.0,6.4592,0.0,0.0,0.0,0.0,6.4592,6.4592,6.4617
1144,0.0,0.0062,0.0062,0.0011,0.0,1.0,0.0,7.6739,0.0,0.0,0.0,0.0,7.6739,7.6739,7.6785
1145,0.0,0.0056,0.0056,0.001,0.0,1.0,0.0,7.8314,0.0,0.0,0.0,0.0,7.8314,7.8314,7.831
1146,0.0,0.0068,0.0068,0.0012,0.0,1.0,0.0,7.5476,0.0,0.0,0.0,0.0,7.547599999999999,7.547599999999999,7.544
1147,0.0,0.0066,0.0066,0.0012,0.0,1.0,0.0,7.822,0.0,0.0,0.0,0.0,7.822,7.822,7.8231
1148,0.0,0.0069,0.0069,0.0012,0.0,1.0,0.0,7.9236,0.0,0.0,0.0,0.0,7.9235999999999995,7.9235999999999995,7.9231
1149,0.0,0.0053,0.0053,0.001,0.0,1.0,0.0,7.342,0.0,0.0,0.0,0.0,7.3420000000000005,7.3420000000000005,7.3454
1150,0.0,0.0051,0.0051,0.0009,0.0,1.0,0.0,6.9073,0.0,0.0,0.0,0.0,6.907299999999999,6.907299999999999,6.9057
1151,0.0,0.006,0.006,0.0011,0.0,1.0,0.0,7.0514,0.0,0.0,0.0,0.0,7.0514,7.0514,7.0495
1152,0.0,0.0053,0.0053,0.001,0.0,1.0,0.0,7.6805,0.0,0.0,0.0,0.0,7.6805,7.6805,7.6834
1153,0.0,0.0056,0.0056,0.001,0.0,1.0,0.0,7.6292,0.0,0.0,0.0,0.0,7.6292,7.6292,7.6323
1154,0.0,0.0057,0.0057,0.001,0.0,1.0,0.0,7.5812,0.0,0.0,0.0,0.0,7.581199999999999,7.581199999999999,7.5829
1155,0.0,0.0068,0.0068,0.0012,0.0,1.0,0.0,7.3312,0.0,0.0,0.0,0.0,7.331200000000001,7.331200000000001,7.3293
1156,0.0,0.0072,0.0072,0.0013,0.0,1.0,0.0,8.1573,0.0,0.0,0.0,0.0,8.1573,8.1573,8.1554
1157,0.0,0.0069,0.0069,0.0012,0.0,1.0,0.0,8.1055,0.0,0.0,0.0,0.0,8.1055,8.1055,8.1007
1158,0.0,0.0055,0.0055,0.001,0.0,1.0,0.0,7.4997,0.0,0.0,0.0,0.0,7.4997,7.4997,7.5005
1159,0.0,0.0053,0.0053,0.001,0.0,1.0,0.0,8.0521,0.0,0.0,0.0,0.0,8.0521,8.0521,8.0503
1160,0.0,0.005,0.005,0.0009,0.0,1.0,0.0,6.3704,0.0,0.0,0.0,0.0,6.3704,6.3704,6.3735
1161,0.0,0.0052,0.0052,0.0009,0.0,1.0,0.0,7.1905,0.0,0.0,0.0,0.0,7.190500000000001,7.190500000000001,7.1877
1162,0.0,0.0071,0.0071,0.0013,0.0,1.0,0.0,7.9331,0.0,0.0,0.0,0.0,7.9331,7.9331,7.9346
1163,0.0,0.0055,0.0055,0.001,0.0,1.0,0.0,7.3231,0.0,0.0,0.0,0.0,7.3231,7.3231,7.3219
1164,0.0,0.0055,0.0055,0.001,0.0,1.0,0.0,7.0865,0.0,0.0,0.0,0.0,7.0865,7.0865,7.0876
1165,0.0,0.0057,0.0057,0.001,0.0,1.0,0.0,7.0228,0.0,0.0,0.0,0.0,7.022799999999999,7.022799999999999,7.0214
1166,0.0,0.0065,0.0065,0.0012,0.0,1.0,0.0,8.0071,0.0,0.0,0.0,0.0,8.0071,8.0071,8.0097
1167,0.0,0.0058,0.0058,0.001,0.0,1.0,0.0,6.5972,0.0,0.0,0.0,0.0,6.597200000000001,6.597200000000001,6.5946
1168,0.0,0.0046,0.0046,0.0008,0.0,1.0,0.0,7.0971,0.0,0.0,0.0,0.0,7.0971,7.0971,7.0997
1169,0.0,0.0053,0.0053,0.001,0.0,1.0,0.0,6.562,0.0,0.0,0.0,0.0,6.562,6.562,6.5661
1170,0.0,0.0048,0.0048,0.0009,0.0,1.0,0.0,7.5616,0.0,0.0,0.0,0.0,7.5616,7.5616,7.5619
1171,0.0,0.0069,0.0069,0.0012,0.0,1.0,0.0,8.2976,0.0,0.0,0.0,0.0,8.2976,8.2976,8.2975
1172,0.0,0.0068,0.0068,0.0012,0.0,1.0,0.0,8.069,0.0,0.0,0.0,0.0,8.068999999999999,8.068999999999999,8.0723
1173,0.0,0.0056,0.0056,0.001,0.0,1.0,0.0,7.2693,0.0,0.0,0.0,0.0,7.2693,7.2693,7.2731
1174,0.0,0.0053,0.0053,0.001,0.0,1.0,0.0,7.9565,0.0,0.0,0.0,0.0,7.956499999999999,7.956499999999999,7.9534
1175,0.0,0.0065,0.0065,0.0012,0.0,1.0,0.0,7.7865,0.0,0.0,0.0,0.0,7.7865,7.7865,7.7847
1176,0.0,0.0054,0.0054,0.001,0.0,1.0,0.0,6.9073,0.0,0.0,0.0,0.0,6.907299999999999,6.907299999999999,6.9071
1177,0.0,0.0061,0.0061,0.0011,0.0,1.0,0.0,7.3169,0.0,0.0,0.0,0.0,7.3168999999999995,7.3168999999999995,7.3164
1178,0.0,0.008,0.008,0.0014,0.0,1.0,0.0,8.4141,0.0,0.0,0.0,0.0,8.4141,8.4141,8.4119
1179,0.0,0.0054,0.0054,0.001,0.0,1.0,0.0,7.252,0.0,0.0,0.0,0.0,7.252000000000001,7.252000000000001,7.2506
1180,0.0,0.0061,0.0061,0.0011,0.0,1.0,0.0,7.3916,0.0,0.0,0.0,0.0,7.3916,7.3916,7.3904
1181,0.0,0.007,0.007,0.0013,0.0,1.0,0.0,8.6009,0.0,0.0,0.0,0.0,8.6009,8.6009,8.5987
1182,0.0,0.0042,0.0042,0.0008,0.0,1.0,0.0,6.5742,0.0,0.0,0.0,0.0,6.5742,6.5742,6.5732
1183,0.0,0.0056,0.0056,0.001,0.0,1.0,0.0,7.6266,0.0,0.0,0.0,0.0,7.6266,7.6266,7.6217
1184,0.0,0.0059,0.0059,0.0011,0.0,1.0,0.0,7.5045,0.0,0.0,0.0,0.0,7.5045,7.5045,7.5035
1185,0.0,0.0059,0.0059,0.0011,0.0,1.0,0.0,6.8542,0.0,0.0,0.0,0.0,6.8542,6.8542,6.8521
1186,0.0,0.0073,0.0073,0.0013,0.0,1.0,0.0,7.8111,0.0,0.0,0.0,0.0,7.8111,7.8111,7.8123
1187,0.0,0.0059,0.0059,0.0011,0.0,1.0,0.0,7.9737,0.0,0.0,0.0,0.0,7.973699999999999,7.973699999999999,7.9693
1188,0.0,0.0055,0.0055,0.001,0.0,1.0,0.0,7.8183,0.0,0.0,0.0,0.0,7.8183,7.8183,7.8189
1189,0.0,0.0059,0.0059,0.0011,0.0,1.0,0.0,7.1151,0.0,0.0,0.0,0.0,7.115100000000001,7.115100000000001,7.1122
1190,0.0,0.0058,0.0058,0.001,0.0,1.0,0.0,8.089,0.0,0.0,0.0,0.0,8.088999999999999,8.088999999999999,8.0927
1191,0.0,0.0052,0.0052,0.0009,0.0,1.0,0.0,7.2778,0.0,0.0,0.0,0.0,7.2778,7.2778,7.2736
1192,0.0,0.0059,0.0059,0.0011,0.0,1.0,0.0,6.7675,0.0,0.0,0.0,0.0,6.7675,6.7675,6.7633
1193,0.0,0.0059,0.0059,0.0011,0.0,1.0,0.0,7.7705,0.0,0.0,0.0,0.0,7.7705,7.7705,7.7754
1194,0.0,0.0052,0.0052,0.0009,0.0,1.0,0.0,6.3365,0.0,0.0,0.0,0.0,6.336499999999999,6.336499999999999,6.3402
1195,0.0,0.0062,0.0062,0.0011,0.0,1.0,0.0,7.6588,0.0,0.0,0.0,0.0,7.658799999999999,7.658799999999999,7.6581
1196,0.0,0.0057,0.0057,0.001,0.0,1.0,0.0,7.1606,0.0,0.0,0.0,0.0,7.1606,7.1606,7.1605
1197,0.0,0.0064,0.0064,0.0012,0.0,1.0,0.0,7.9075,0.0,0.0,0.0,0.0,7.9075,7.9075,7.9101
1198,0.0,0.0063,0.0063,0.0011,0.0,1.0,0.0,7.3773,0.0,0.0,0.0,0.0,7.377299999999999,7.377299999999999,7.3742
1199,0.0,0.0066,0.0066,0.0012,0.0,1.0,0.0,6.7598,0.0,0.0,0.0,0.0,6.7597999999999985,6.7597999999999985,6.7618
1200,0.0,0.0047,0.0047,0.0008,0.0,1.0,0.0,6.6067,0.0,0.0,0.0,0.0,6.6067,6.6067,6.604
1201,0.0,0.0053,0.0053,0.0009,0.0,1.0,0.0,7.1512,0.0,0.0,0.0,0.0,7.1512,7.1512,7.1541
1202,0.0,0.006,0.006,0.0011,0.0,1.0,0.0,6.9732,0.0,0.0,0.0,0.0,6.9732,6.9732,6.9726
1203,0.0,0.0056,0.0056,0.001,0.0,1.0,0.0,7.7689,0.0,0.0,0.0,0.0,7.7689,7.7689,7.7662
1204,0.0,0.0063,0.0063,0.0011,0.0,1.0,0.0,7.6241,0.0,0.0,0.0,0.0,7.6241,7.6241,7.6197
1205,0.0,0.0059,0.0059,0.0011,0.0,1.0,0.0,7.4058,0.0,0.0,0.0,0.0,7.4058,7.4058,7.4051
1206,0.0,0.0064,0.0064,0.0012,0.0,1.0,0.0,8.3846,0.0,0.0,0.0,0.0,8.3846,8.3846,8.3859
1207,0.0,0.0055,0.0055,0.001,0.0,1.0,0.0,7.1551,0.0,0.0,0.0,0.0,7.1551,7.1551,7.1519
1208,0.0,0.0043,0.0043,0.0008,0.0,1.0,0.0,7.3077,0.0,0.0,0.0,0.0,7.3077,7.3077,7.3093
1209,0.0,0.0053,0.0053,0.001,0.0,1.0,0.0,7.003,0.0,0.0,0.0,0.0,7.003,7.003,7.0066
1210,0.0,0.0053,0.0053,0.001,0.0,1.0,0.0,7.5113,0.0,0.0,0.0,0.0,7.511299999999999,7.511299999999999,7.516
1211,0.0,0.0055,0.0055,0.001,0.0,1.0,0.0,7.4902,0.0,0.0,0.0,0.0,7.4902,7.4902,7.4937
1212,0.0,0.0062,0.0062,0.0011,0.0,1.0,0.0,7.8827,0.0,0.0,0.0,0.0,7.8827,7.8827,7.8801
1213,0.0,0.0071,0.0071,0.0013,0.0,1.0,0.0,8.0057,0.0,0.0,0.0,0.0,8.0057,8.0057,8.0017
1214,0.0,0.0064,0.0064,0.0012,0.0,1.0,0.0,7.8072,0.0,0.0,0.0,0.0,7.8072,7.8072,7.809
1215,0.0,0.0056,0.0056,0.001,0.0,1.0,0.0,6.9496,0.0,0.0,0.0,0.0,6.949599999999999,6.949599999999999,6.9508
1216,0.0,0.0049,0.0049,0.0009,0.0,1.0,0.0,7.0495,0.0,0.0,0.0,0.0,7.0495,7.0495,7.0512
1217,0.0,0.0059,0.0059,0.0011,0.0,1.0,0.0,7.5904,0.0,0.0,0.0,0.0,7.590400000000001,7.590400000000001,7.5946
1218,0.0,0.006,0.006,0.0011,0.0,1.0,0.0,7.8424,0.0,0.0,0.0,0.0,7.842400000000001,7.842400000000001,7.8425
1219,0.0,0.0062,0.0062,0.0011,0.0,1.0,0.0,7.412,0.0,0.0,0.0,0.0,7.411999999999999,7.411999999999999,7.411
1220,0.0,0.0057,0.0057,0.001,0.0,1.0,0.0,7.9233,0.0,0.0,0.0,0.0,7.9233,7.9233,7.9193
1221,0.0,0.0058,0.0058,0.001,0.0,1.0,0.0,7.12,0.0,0.0,0.0,0.0,7.119999999999999,7.119999999999999,7.1245
1222,0.0,0.0057,0.0057,0.001,0.0,1.0,0.0,7.5092,0.0,0.0,0.0,0.0,7.5092,7.5092,7.5077
1223,0.0,0.0055,0.0055,0.001,0.0,1.0,0.0,7.4488,0.0,0.0,0.0,0.0,7.448799999999999,7.448799999999999,7.4524
1224,0.0,0.0058,0.0058,0.0011,0.0,1.0,0.0,7.009,0.0,0.0,0.0,0.0,7.0089999999999995,7.0089999999999995,7.0041
1225,0.0,0.0066,0.0066,0.0012,0.0,1.0,0.0,8.1413,0.0,0.0,0.0,0.0,8.1413,8.1413,8.1459
1226,0.0,0.0058,0.0058,0.001,0.0,1.0,0.0,7.2826,0.0,0.0,0.0,0.0,7.2826,7.2826,7.2822
1227,0.0,0.0057,0.0057,0.001,0.0,1.0,0.0,6.9428,0.0,0.0,0.0,0.0,6.9428,6.9428,6.9394
1228,0.0,0.0065,0.0065,0.0012,0.0,1.0,0.0,7.1124,0.0,0.0,0.0,0.0,7.1124,7.1124,7.115
1229,0.0,0.0067,0.0067,0.0012,0.0,1.0,0.0,7.6311,0.0,0.0,0.0,0.0,7.6311,7.6311,7.6288
1230,0.0,0.0066,0.0066,0.0012,0.0,1.0,0.0,7.3136,0.0,0.0,0.0,0.0,7.3136,7.3136,7.3086
1231,0.0,0.0061,0.0061,0.0011,0.0,1.0,0.0,7.0187,0.0,0.0,0.0,0.0,7.0187,7.0187,7.0218
1232,0.0,0.0047,0.0047,0.0008,0.0,1.0,0.0,7.2097,0.0,0.0,0.0,0.0,7.2097000000000016,7.2097000000000016,7.2079
1233,0.0,0.0059,0.0059,0.0011,0.0,1.0,0.0,7.6098,0.0,0.0,0.0,0.0,7.6098,7.6098,7.6131
1234,0.0,0.0069,0.0069,0.0012,0.0,1.0,0.0,7.7625,0.0,0.0,0.0,0.0,7.762500000000001,7.762500000000001,7.7606
1235,0.0,0.0052,0.0052,0.0009,0.0,1.0,0.0,6.8673,0.0,0.0,0.0,0.0,6.867300000000001,6.867300000000001,6.8685
1236,0.0,0.0052,0.0052,0.0009,0.0,1.0,0.0,7.1062,0.0,0.0,0.0,0.0,7.106199999999999,7.106199999999999,7.1058
1237,0.0,0.0058,0.0058,0.001,0.0,1.0,0.0,7.4073,0.0,0.0,0.0,0.0,7.407299999999999,7.407299999999999,7.4096
1238,0.0,0.0046,0.0046,0.0008,0.0,1.0,0.0,6.9228,0.0,0.0,0.0,0.0,6.922800000000001,6.922800000000001,6.9253
1239,0.0,0.0054,0.0054,0.001,0.0,1.0,0.0,7.4414,0.0,0.0,0.0,0.0,7.4414,7.4414,7.437
1240,0.0,0.0062,0.0062,0.0011,0.0,1.0,0.0,7.0418,0.0,0.0,0.0,0.0,7.041799999999999,7.041799999999999,7.0418
1241,0.0,0.0052,0.0052,0.0009,0.0,1.0,0.0,7.3391,0.0,0.0,0.0,0.0,7.339100000000001,7.339100000000001,7.3393
1242,0.0,0.0059,0.0059,0.0011,0.0,1.0,0.0,7.0646,0.0,0.0,0.0,0.0,7.0646,7.0646,7.0627
1243,0.0,0.0066,0.0066,0.0012,0.0,1.0,0.0,7.1277,0.0,0.0,0.0,0.0,7.1277,7.1277,7.1299
1244,0.0,0.0058,0.0058,0.001,0.0,1.0,0.0,6.899,0.0,0.0,0.0,0.0,6.899,6.899,6.902
1245,0.0,0.0056,0.0056,0.001,0.0,1.0,0.0,7.2789,0.0,0.0,0.0,0.0,7.278899999999999,7.278899999999999,7.2828
1246,0.0,0.0054,0.0054,0.001,0.0,1.0,0.0,7.6176,0.0,0.0,0.0,0.0,7.6175999999999995,7.6175999999999995,7.6219
1247,0.0,0.0055,0.0055,0.001,0.0,1.0,0.0,6.7187,0.0,0.0,0.0,0.0,6.718699999999999,6.718699999999999,6.715
1248,0.0,0.0058,0.0058,0.001,0.0,1.0,0.0,7.5622,0.0,0.0,0.0,0.0,7.5622,7.5622,7.5583
1249,0.0,0.0062,0.0062,0.0011,0.0,1.0,0.0,7.2168,0.0,0.0,0.0,0.0,7.2168,7.2168,7.2151
1250,0.0,0.0067,0.0067,0.0012,0.0,1.0,0.0,7.624,0.0,0.0,0.0,0.0,7.624,7.624,7.6223
1251,0.0,0.0054,0.0054,0.001,0.0,1.0,0.0,7.6887,0.0,0.0,0.0,0.0,7.6887,7.6887,7.6843
1252,0.0,0.0069,0.0069,0.0012,0.0,1.0,0.0,8.9749,0.0,0.0,0.0,0.0,8.9749,8.9749,8.9762
1253,0.0,0.006,0.006,0.0011,0.0,1.0,0.0,7.2664,0.0,0.0,0.0,0.0,7.266400000000001,7.266400000000001,7.2657
1254,0.0,0.0048,0.0048,0.0009,0.0,1.0,0.0,6.5897,0.0,0.0,0.0,0.0,6.589700000000001,6.589700000000001,6.5905
1255,0.0,0.006,0.006,0.0011,0.0,1.0,0.0,7.3381,0.0,0.0,0.0,0.0,7.338100000000001,7.338100000000001,7.3402
1256,0.0,0.0048,0.0048,0.0009,0.0,1.0,0.0,6.5201,0.0,0.0,0.0,0.0,6.5201,6.5201,6.5241
1257,0.0,0.0054,0.0054,0.001,0.0,1.0,0.0,6.4561,0.0,0.0,0.0,0.0,6.456099999999999,6.456099999999999,6.4548
1258,0.0,0.0049,0.0049,0.0009,0.0,1.0,0.0,6.6713,0.0,0.0,0.0,0.0,6.6713,6.6713,6.676
1259,0.0,0.0068,0.0068,0.0012,0.0,1.0,0.0,7.9794,0.0,0.0,0.0,0.0,7.979400000000001,7.979400000000001,7.9803
1260,0.0,0.0057,0.0057,0.001,0.0,1.0,0.0,7.4775,0.0,0.0,0.0,0.0,7.477499999999999,7.477499999999999,7.4802
1261,0.0,0.0064,0.0064,0.0012,0.0,1.0,0.0,7.2158,0.0,0.0,0.0,0.0,7.2158,7.2158,7.2152
1262,0.0,0.0056,0.0056,0.001,0.0,1.0,0.0,6.4339,0.0,0.0,0.0,0.0,6.4338999999999995,6.4338999999999995,6.4367
1263,0.0,0.0055,0.0055,0.001,0.0,1.0,0.0,6.8276,0.0,0.0,0.0,0.0,6.8276,6.8276,6.8289
1264,0.0,0.0062,0.0062,0.0011,0.0,1.0,0.0,7.9935,0.0,0.0,0.0,0.0,7.9935,7.9935,7.9957
1265,0.0,0.0053,0.0053,0.001,0.0,1.0,0.0,6.7251,0.0,0.0,0.0,0.0,6.725099999999999,6.725099999999999,6.7223
1266,0.0,0.006,0.006,0.0011,0.0,1.0,0.0,7.8051,0.0,0.0,0.0,0.0,7.8051,7.8051,7.8046
1267,0.0,0.0063,0.0063,0.0011,0.0,1.0,0.0,8.0624,0.0,0.0,0.0,0.0,8.0624,8.0624,8.0632
1268,0.0,0.0053,0.0053,0.0009,0.0,1.0,0.0,7.2475,0.0,0.0,0.0,0.0,7.2475000000000005,7.2475000000000005,7.2504
1269,0.0,0.0066,0.0066,0.0012,0.0,1.0,0.0,7.1208,0.0,0.0,0.0,0.0,7.120799999999999,7.120799999999999,7.1183
1270,0.0,0.0062,0.0062,0.0011,0.0,1.0,0.0,8.0116,0.0,0.0,0.0,0.0,8.0116,8.0116,8.0109
1271,0.0,0.0062,0.0062,0.0011,0.0,1.0,0.0,7.7328,0.0,0.0,0.0,0.0,7.7328,7.7328,7.7375
1272,0.0,0.0058,0.0058,0.0011,0.0,1.0,0.0,7.2848,0.0,0.0,0.0,0.0,7.284800000000001,7.284800000000001,7.2893
1273,0.0,0.0057,0.0057,0.001,0.0,1.0,0.0,7.4127,0.0,0.0,0.0,0.0,7.4127,7.4127,7.4166
1274,0.0,0.0063,0.0063,0.0011,0.0,1.0,0.0,7.4798,0.0,0.0,0.0,0.0,7.4798,7.4798,7.4838
1275,0.0,0.0067,0.0067,0.0012,0.0,1.0,0.0,7.2426,0.0,0.0,0.0,0.0,7.2426,7.2426,7.24
1276,0.0,0.0051,0.0051,0.0009,0.0,1.0,0.0,6.9738,0.0,0.0,0.0,0.0,6.973800000000001,6.973800000000001,6.9702
1277,0.0,0.0058,0.0058,0.001,0.0,1.0,0.0,6.8031,0.0,0.0,0.0,0.0,6.803100000000001,6.803100000000001,6.8059
1278,0.0,0.0064,0.0064,0.0012,0.0,1.0,0.0,8.067,0.0,0.0,0.0,0.0,8.067,8.067,8.07
1279,0.0,0.0065,0.0065,0.0012,0.0,1.0,0.0,7.5928,0.0,0.0,0.0,0.0,7.5928,7.5928,7.5949
1280,0.0,0.0049,0.0049,0.0009,0.0,1.0,0.0,6.7014,0.0,0.0,0.0,0.0,6.7014000000000005,6.7014000000000005,6.7027
1281,0.0,0.0052,0.0052,0.0009,0.0,1.0,0.0,7.0762,0.0,0.0,0.0,0.0,7.076200000000001,7.076200000000001,7.0741
1282,0.0,0.0064,0.0064,0.0011,0.0,1.0,0.0,7.7345,0.0,0.0,0.0,0.0,7.734500000000001,7.734500000000001,7.7382
1283,0.0,0.006,0.006,0.0011,0.0,1.0,0.0,6.7922,0.0,0.0,0.0,0.0,6.7922,6.7922,6.7928
1284,0.0,0.0066,0.0066,0.0012,0.0,1.0,0.0,8.1203,0.0,0.0,0.0,0.0,8.1203,8.1203,8.1248
1285,0.0,0.0069,0.0069,0.0013,0.0,1.0,0.0,7.5407,0.0,0.0,0.0,0.0,7.540699999999999,7.540699999999999,7.5396
1286,0.0,0.005,0.005,0.0009,0.0,1.0,0.0,6.9549,0.0,0.0,0.0,0.0,6.9549,6.9549,6.9519
1287,0.0,0.0055,0.0055,0.001,0.0,1.0,0.0,7.4615,0.0,0.0,0.0,0.0,7.4615,7.4615,7.4645
1288,0.0,0.006,0.006,0.0011,0.0,1.0,0.0,7.2777,0.0,0.0,0.0,0.0,7.2777,7.2777,7.2761
1289,0.0,0.0065,0.0065,0.0012,0.0,1.0,0.0,7.553,0.0,0.0,0.0,0.0,7.553,7.553,7.551
1290,0.0,0.0055,0.0055,0.001,0.0,1.0,0.0,7.399,0.0,0.0,0.0,0.0,7.399,7.399,7.4024
1291,0.0,0.0053,0.0053,0.0009,0.0,1.0,0.0,7.0843,0.0,0.0,0.0,0.0,7.0843,7.0843,7.0841
1292,0.0,0.006,0.006,0.0011,0.0,1.0,0.0,8.1647,0.0,0.0,0.0,0.0,8.1647,8.1647,8.1602
1293,0.0,0.0056,0.0056,0.001,0.0,1.0,0.0,7.3597,0.0,0.0,0.0,0.0,7.3597,7.3597,7.3548
1294,0.0,0.0054,0.0054,0.001,0.0,1.0,0.0,7.0332,0.0,0.0,0.0,0.0,7.033200000000001,7.033200000000001,7.0355
1295,0.0,0.0057,0.0057,0.001,0.0,1.0,0.0,6.8254,0.0,0.0,0.0,0.0,6.8254,6.8254,6.8295
1296,0.0,0.0059,0.0059,0.0011,0.0,1.0,0.0,7.5928,0.0,0.0,0.0,0.0,7.5928,7.5928,7.5923
1297,0.0,0.0052,0.0052,0.0009,0.0,1.0,0.0,6.6655,0.0,0.0,0.0,0.0,6.6655,6.6655,6.6613
1298,0.0,0.0066,0.0066,0.0012,0.0,1.0,0.0,7.707,0.0,0.0,0.0,0.0,7.707000000000001,7.707000000000001,7.7062
1299,0.0,0.0059,0.0059,0.0011,0.0,1.0,0.0,7.6888,0.0,0.0,0.0,0.0,7.6888000000000005,7.6888000000000005,7.6879
1300,0.0,0.0051,0.0051,0.0009,0.0,1.0,0.0,6.4698,0.0,0.0,0.0,0.0,6.469799999999999,6.469799999999999,6.4651
1301,0.0,0.0069,0.0069,0.0013,0.0,1.0,0.0,7.883,0.0,0.0,0.0,0.0,7.883,7.883,7.8836
1302,0.0,0.0051,0.0051,0.0009,0.0,1.0,0.0,7.1887,0.0,0.0,0.0,0.0,7.1887,7.1887,7.1872
1303,0.0,0.006,0.006,0.0011,0.0,1.0,0.0,7.2929,0.0,0.0,0.0,0.0,7.2928999999999995,7.2928999999999995,7.2918
1304,0.0,0.0064,0.0064,0.0012,0.0,1.0,0.0,7.6544,0.0,0.0,0.0,0.0,7.654400000000001,7.654400000000001,7.65
1305,0.0,0.0071,0.0071,0.0013,0.0,1.0,0.0,7.7963,0.0,0.0,0.0,0.0,7.7963,7.7963,7.7923
1306,0.0,0.0061,0.0061,0.0011,0.0,1.0,0.0,7.7632,0.0,0.0,0.0,0.0,7.763199999999999,7.763199999999999,7.7646
1307,0.0,0.0054,0.0054,0.001,0.0,1.0,0.0,6.9544,0.0,0.0,0.0,0.0,6.9544,6.9544,6.9565
1308,0.0,0.0058,0.0058,0.001,0.0,1.0,0.0,7.5634,0.0,0.0,0.0,0.0,7.563400000000001,7.563400000000001,7.5637
1309,0.0,0.0062,0.0062,0.0011,0.0,1.0,0.0,7.654,0.0,0.0,0.0,0.0,7.654,7.654,7.6589
1310,0.0,0.0049,0.0049,0.0009,0.0,1.0,0.0,7.1463,0.0,0.0,0.0,0.0,7.1463,7.1463,7.1512
1311,0.0,0.0061,0.0061,0.0011,0.0,1.0,0.0,7.6775,0.0,0.0,0.0,0.0,7.6775,7.6775,7.6788
1312,0.0,0.0059,0.0059,0.0011,0.0,1.0,0.0,6.6858,0.0,0.0,0.0,0.0,6.6858,6.6858,6.6893
1313,0.0,0.0067,0.0067,0.0012,0.0,1.0,0.0,8.0552,0.0,0.0,0.0,0.0,8.0552,8.0552,8.0532
1314,0.0,0.0054,0.0054,0.001,0.0,1.0,0.0,6.3802,0.0,0.0,0.0,0.0,6.380199999999999,6.380199999999999,6.3808
1315,0.0,0.0068,0.0068,0.0012,0.0,1.0,0.0,8.0708,0.0,0.0,0.0,0.0,8.0708,8.0708,8.0681
1316,0.0,0.0064,0.0064,0.0011,0.0,1.0,0.0,7.3174,0.0,0.0,0.0,0.0,7.317399999999999,7.317399999999999,7.3186
1317,0.0,0.0051,0.0051,0.0009,0.0,1.0,0.0,7.119,0.0,0.0,0.0,0.0,7.119,7.119,7.1156
1318,0.0,0.0065,0.0065,0.0012,0.0,1.0,0.0,7.644,0.0,0.0,0.0,0.0,7.643999999999999,7.643999999999999,7.639
1319,0.0,0.0044,0.0044,0.0008,0.0,1.0,0.0,7.0336,0.0,0.0,0.0,0.0,7.033600000000001,7.033600000000001,7.0357
1320,0.0,0.0058,0.0058,0.0011,0.0,1.0,0.0,7.4319,0.0,0.0,0.0,0.0,7.4319,7.4319,7.436
1321,0.0,0.0052,0.0052,0.0009,0.0,1.0,0.0,6.7153,0.0,0.0,0.0,0.0,6.7153,6.7153,6.7137
1322,0.0,0.0054,0.0054,0.001,0.0,1.0,0.0,7.4665,0.0,0.0,0.0,0.0,7.4665,7.4665,7.4709
1323,0.0,0.0061,0.0061,0.0011,0.0,1.0,0.0,7.9008,0.0,0.0,0.0,0.0,7.900799999999999,7.900799999999999,7.9026
1324,0.0,0.0071,0.0071,0.0013,0.0,1.0,0.0,7.7012,0.0,0.0,0.0,0.0,7.7012,7.7012,7.704
1325,0.0,0.0057,0.0057,0.001,0.0,1.0,0.0,8.0179,0.0,0.0,0.0,0.0,8.017900000000001,8.017900000000001,8.0219
1326,0.0,0.0052,0.0052,0.0009,0.0,1.0,0.0,7.3223,0.0,0.0,0.0,0.0,7.3223,7.3223,7.3269
1327,0.0,0.0053,0.0053,0.001,0.0,1.0,0.0,6.7701,0.0,0.0,0.0,0.0,6.7701,6.7701,6.7681
1328,0.0,0.005,0.005,0.0009,0.0,1.0,0.0,5.9338,0.0,0.0,0.0,0.0,5.9338,5.9338,5.9299
1329,0.0,0.0055,0.0055,0.001,0.0,1.0,0.0,7.7762,0.0,0.0,0.0,0.0,7.776199999999999,7.776199999999999,7.7768
1330,0.0,0.0049,0.0049,0.0009,0.0,1.0,0.0,6.3515,0.0,0.0,0.0,0.0,6.3515,6.3515,6.3512
1331,0.0,0.0052,0.0052,0.0009,0.0,1.0,0.0,6.857,0.0,0.0,0.0,0.0,6.857,6.857,6.8527
1332,0.0,0.0052,0.0052,0.0009,0.0,1.0,0.0,7.3079,0.0,0.0,0.0,0.0,7.307899999999999,7.307899999999999,7.3051
1333,0.0,0.0064,0.0064,0.0012,0.0,1.0,0.0,8.0901,0.0,0.0,0.0,0.0,8.0901,8.0901,8.0897
1334,0.0,0.0057,0.0057,0.001,0.0,1.0,0.0,7.5292,0.0,0.0,0.0,0.0,7.5291999999999994,7.5291999999999994,7.5303
1335,0.0,0.0067,0.0067,0.0012,0.0,1.0,0.0,8.0405,0.0,0.0,0.0,0.0,8.040500000000002,8.040500000000002,8.0439
1336,0.0,0.0053,0.0053,0.001,0.0,1.0,0.0,6.7317,0.0,0.0,0.0,0.0,6.7317,6.7317,6.7322
1337,0.0,0.0059,0.0059,0.0011,0.0,1.0,0.0,8.0347,0.0,0.0,0.0,0.0,8.0347,8.0347,8.0389
1338,0.0,0.0053,0.0053,0.001,0.0,1.0,0.0,7.5245,0.0,0.0,0.0,0.0,7.524499999999999,7.524499999999999,7.5245
1339,0.0,0.0058,0.0058,0.001,0.0,1.0,0.0,7.339,0.0,0.0,0.0,0.0,7.339,7.339,7.3386
1340,0.0,0.0054,0.0054,0.001,0.0,1.0,0.0,7.8534,0.0,0.0,0.0,0.0,7.853400000000001,7.853400000000001,7.8516
1341,0.0,0.0054,0.0054,0.001,0.0,1.0,0.0,7.3707,0.0,0.0,0.0,0.0,7.3707,7.3707,7.3711
1342,0.0,0.007,0.007,0.0013,0.0,1.0,0.0,7.9397,0.0,0.0,0.0,0.0,7.9397,7.9397,7.9396
1343,0.0,0.0065,0.0065,0.0012,0.0,1.0,0.0,7.7623,0.0,0.0,0.0,0.0,7.7623,7.7623,7.7652
1344,0.0,0.0061,0.0061,0.0011,0.0,1.0,0.0,8.0253,0.0,0.0,0.0,0.0,8.0253,8.0253,8.0243
1345,0.0,0.0066,0.0066,0.0012,0.0,1.0,0.0,7.8483,0.0,0.0,0.0,0.0,7.848299999999999,7.848299999999999,7.8511
1346,0.0,0.0052,0.0052,0.0009,0.0,1.0,0.0,7.3646,0.0,0.0,0.0,0.0,7.3646,7.3646,7.3673
1347,0.0,0.0071,0.0071,0.0013,0.0,1.0,0.0,8.0311,0.0,0.0,0.0,0.0,8.0311,8.0311,8.0294
1348,0.0,0.0058,0.0058,0.0011,0.0,1.0,0.0,6.8758,0.0,0.0,0.0,0.0,6.8758,6.8758,6.8719
1349,0.0,0.0071,0.0071,0.0013,0.0,1.0,0.0,7.4107,0.0,0.0,0.0,0.0,7.4107,7.4107,7.4106
1350,0.0,0.0046,0.0046,0.0008,0.0,1.0,0.0,6.9019,0.0,0.0,0.0,0.0,6.9019,6.9019,6.8992
1351,0.0,0.0047,0.0047,0.0008,0.0,1.0,0.0,6.6522,0.0,0.0,0.0,0.0,6.6522,6.6522,6.6473
1352,0.0,0.0051,0.0051,0.0009,0.0,1.0,0.0,6.9863,0.0,0.0,0.0,0.0,6.9863,6.9863,6.9862
1353,0.0,0.0052,0.0052,0.0009,0.0,1.0,0.0,7.0643,0.0,0.0,0.0,0.0,7.0642999999999985,7.0642999999999985,7.068
1354,0.0,0.0064,0.0064,0.0012,0.0,1.0,0.0,7.213,0.0,0.0,0.0,0.0,7.213,7.213,7.2132
1355,0.0,0.0056,0.0056,0.001,0.0,1.0,0.0,7.8811,0.0,0.0,0.0,0.0,7.8811,7.8811,7.8809
1356,0.0,0.0052,0.0052,0.0009,0.0,1.0,0.0,7.3893,0.0,0.0,0.0,0.0,7.3892999999999995,7.3892999999999995,7.3906
1357,0.0,0.0068,0.0068,0.0012,0.0,1.0,0.0,7.9214,0.0,0.0,0.0,0.0,7.9214,7.9214,7.9226
1358,0.0,0.007,0.007,0.0013,0.0,1.0,0.0,8.3002,0.0,0.0,0.0,0.0,8.3002,8.3002,8.3043
1359,0.0,0.0057,0.0057,0.001,0.0,1.0,0.0,7.6216,0.0,0.0,0.0,0.0,7.621600000000001,7.621600000000001,7.622
1360,0.0,0.0059,0.0059,0.0011,0.0,1.0,0.0,7.4456,0.0,0.0,0.0,0.0,7.445600000000001,7.445600000000001,7.4423
1361,0.0,0.0065,0.0065,0.0012,0.0,1.0,0.0,7.7685,0.0,0.0,0.0,0.0,7.7684999999999995,7.7684999999999995,7.769
1362,0.0,0.0053,0.0053,0.001,0.0,1.0,0.0,7.0722,0.0,0.0,0.0,0.0,7.0722,7.0722,7.0749
1363,0.0,0.0057,0.0057,0.001,0.0,1.0,0.0,7.66,0.0,0.0,0.0,0.0,7.66,7.66,7.6626
1364,0.0,0.0062,0.0062,0.0011,0.0,1.0,0.0,6.8279,0.0,0.0,0.0,0.0,6.8279,6.8279,6.8299
1365,0.0,0.0072,0.0072,0.0013,0.0,1.0,0.0,7.5577,0.0,0.0,0.0,0.0,7.557699999999999,7.557699999999999,7.5582
1366,0.0,0.0058,0.0058,0.001,0.0,1.0,0.0,7.8866,0.0,0.0,0.0,0.0,7.8866000000000005,7.8866000000000005,7.8837
1367,0.0,0.0057,0.0057,0.001,0.0,1.0,0.0,6.6544,0.0,0.0,0.0,0.0,6.654399999999999,6.654399999999999,6.6559
1368,0.0,0.0055,0.0055,0.001,0.0,1.0,0.0,7.6319,0.0,0.0,0.0,0.0,7.631899999999999,7.631899999999999,7.6352
1369,0.0,0.0073,0.0073,0.0013,0.0,1.0,0.0,7.8707,0.0,0.0,0.0,0.0,7.870699999999999,7.870699999999999,7.8731
1370,0.0,0.006,0.006,0.0011,0.0,1.0,0.0,7.3756,0.0,0.0,0.0,0.0,7.3755999999999995,7.3755999999999995,7.3754
1371,0.0,0.0057,0.0057,0.001,0.0,1.0,0.0,7.5395,0.0,0.0,0.0,0.0,7.5395,7.5395,7.5351
1372,0.0,0.0064,0.0064,0.0011,0.0,1.0,0.0,8.0323,0.0,0.0,0.0,0.0,8.0323,8.0323,8.0361
1373,0.0,0.006,0.006,0.0011,0.0,1.0,0.0,8.1074,0.0,0.0,0.0,0.0,8.1074,8.1074,8.1061
1374,0.0,0.0063,0.0063,0.0011,0.0,1.0,0.0,7.4211,0.0,0.0,0.0,0.0,7.421099999999999,7.421099999999999,7.4168
1375,0.0,0.0058,0.0058,0.001,0.0,1.0,0.0,6.9084,0.0,0.0,0.0,0.0,6.908399999999999,6.908399999999999,6.9037
1376,0.0,0.0064,0.0064,0.0012,0.0,1.0,0.0,7.8179,0.0,0.0,0.0,0.0,7.8179,7.8179,7.8182
1377,0.0,0.0058,0.0058,0.001,0.0,1.0,0.0,7.139,0.0,0.0,0.0,0.0,7.138999999999999,7.138999999999999,7.1387
1378,0.0,0.0052,0.0052,0.0009,0.0,1.0,0.0,7.1657,0.0,0.0,0.0,0.0,7.165699999999999,7.165699999999999,7.1685
1379,0.0,0.0073,0.0073,0.0013,0.0,1.0,0.0,7.2181,0.0,0.0,0.0,0.0,7.2181,7.2181,7.2141
1380,0.0,0.0058,0.0058,0.001,0.0,1.0,0.0,7.5982,0.0,0.0,0.0,0.0,7.598199999999999,7.598199999999999,7.5946
1381,0.0,0.0055,0.0055,0.001,0.0,1.0,0.0,6.8554,0.0,0.0,0.0,0.0,6.855399999999999,6.855399999999999,6.8587
1382,0.0,0.007,0.007,0.0013,0.0,1.0,0.0,7.9846,0.0,0.0,0.0,0.0,7.9846,7.9846,7.9823
1383,0.0,0.0059,0.0059,0.0011,0.0,1.0,0.0,7.6568,0.0,0.0,0.0,0.0,7.6568,7.6568,7.6616
1384,0.0,0.0049,0.0049,0.0009,0.0,1.0,0.0,7.2862,0.0,0.0,0.0,0.0,7.2862,7.2862,7.2862
1385,0.0,0.0051,0.0051,0.0009,0.0,1.0,0.0,6.8816,0.0,0.0,0.0,0.0,6.881599999999999,6.881599999999999,6.88
1386,0.0,0.0048,0.0048,0.0009,0.0,1.0,0.0,6.3431,0.0,0.0,0.0,0.0,6.343100000000001,6.343100000000001,6.3387
1387,0.0,0.0068,0.0068,0.0012,0.0,1.0,0.0,7.6105,0.0,0.0,0.0,0.0,7.6105,7.6105,7.607
1388,0.0,0.0058,0.0058,0.001,0.0,1.0,0.0,7.2967,0.0,0.0,0.0,0.0,7.2966999999999995,7.2966999999999995,7.2975
1389,0.0,0.0058,0.0058,0.001,0.0,1.0,0.0,7.8053,0.0,0.0,0.0,0.0,7.8053,7.8053,7.8069
1390,0.0,0.0065,0.0065,0.0012,0.0,1.0,0.0,7.5197,0.0,0.0,0.0,0.0,7.519700000000001,7.519700000000001,7.5246
1391,0.0,0.0051,0.0051,0.0009,0.0,1.0,0.0,7.3193,0.0,0.0,0.0,0.0,7.319299999999999,7.319299999999999,7.3182
1392,0.0,0.0046,0.0046,0.0008,0.0,1.0,0.0,6.9199,0.0,0.0,0.0,0.0,6.919899999999999,6.919899999999999,6.9181
1393,0.0,0.0071,0.0071,0.0013,0.0,1.0,0.0,7.4887,0.0,0.0,0.0,0.0,7.4887,7.4887,7.4925
1394,0.0,0.0056,0.0056,0.001,0.0,1.0,0.0,6.7997,0.0,0.0,0.0,0.0,6.7997000000000005,6.7997000000000005,6.7957
1395,0.0,0.0065,0.0065,0.0012,0.0,1.0,0.0,7.0986,0.0,0.0,0.0,0.0,7.0986,7.0986,7.0976
1396,0.0,0.0054,0.0054,0.001,0.0,1.0,0.0,6.8385,0.0,0.0,0.0,0.0,6.8385,6.8385,6.8383
1397,0.0,0.0059,0.0059,0.0011,0.0,1.0,0.0,7.7062,0.0,0.0,0.0,0.0,7.706200000000001,7.706200000000001,7.704
1398,0.0,0.006,0.006,0.0011,0.0,1.0,0.0,7.9451,0.0,0.0,0.0,0.0,7.945099999999999,7.945099999999999,7.9425
1399,0.0,0.0054,0.0054,0.001,0.0,1.0,0.0,6.9451,0.0,0.0,0.0,0.0,6.945100000000001,6.945100000000001,6.9425
1400,0.0,0.005,0.005,0.0009,0.0,1.0,0.0,7.26,0.0,0.0,0.0,0.0,7.26,7.26,7.2648
1401,0.0,0.005,0.005,0.0009,0.0,1.0,0.0,7.0572,0.0,0.0,0.0,0.0,7.057199999999999,7.057199999999999,7.0598
1402,0.0,0.0052,0.0052,0.0009,0.0,1.0,0.0,6.72,0.0,0.0,0.0,0.0,6.72,6.72,6.719
1403,0.0,0.0059,0.0059,0.0011,0.0,1.0,0.0,6.9156,0.0,0.0,0.0,0.0,6.9155999999999995,6.9155999999999995,6.9148
1404,0.0,0.0054,0.0054,0.001,0.0,1.0,0.0,7.2696,0.0,0.0,0.0,0.0,7.2696,7.2696,7.273
1405,0.0,0.0063,0.0063,0.0011,0.0,1.0,0.0,8.2564,0.0,0.0,0.0,0.0,8.2564,8.2564,8.2583
1406,0.0,0.0052,0.0052,0.0009,0.0,1.0,0.0,6.6415,0.0,0.0,0.0,0.0,6.641500000000001,6.641500000000001,6.6436
1407,0.0,0.0058,0.0058,0.0011,0.0,1.0,0.0,7.1623,0.0,0.0,0.0,0.0,7.1623,7.1623,7.166
1408,0.0,0.0076,0.0076,0.0014,0.0,1.0,0.0,7.2487,0.0,0.0,0.0,0.0,7.2487,7.2487,7.2442
1409,0.0,0.0063,0.0063,0.0011,0.0,1.0,0.0,7.8302,0.0,0.0,0.0,0.0,7.8302,7.8302,7.827
1410,0.0,0.0064,0.0064,0.0011,0.0,1.0,0.0,7.3354,0.0,0.0,0.0,0.0,7.3354,7.3354,7.3354
1411,0.0,0.0063,0.0063,0.0011,0.0,1.0,0.0,7.5856,0.0,0.0,0.0,0.0,7.5856,7.5856,7.5812
1412,0.0,0.0055,0.0055,0.001,0.0,1.0,0.0,7.8263,0.0,0.0,0.0,0.0,7.826300000000001,7.826300000000001,7.8261
1413,0.0,0.0063,0.0063,0.0011,0.0,1.0,0.0,7.2438,0.0,0.0,0.0,0.0,7.243799999999999,7.243799999999999,7.2456
1414,0.0,0.0054,0.0054,0.001,0.0,1.0,0.0,7.1822,0.0,0.0,0.0,0.0,7.182200000000001,7.182200000000001,7.1782
1415,0.0,0.0066,0.0066,0.0012,0.0,1.0,0.0,8.518,0.0,0.0,0.0,0.0,8.517999999999999,8.517999999999999,8.5159
1416,0.0,0.0055,0.0055,0.001,0.0,1.0,0.0,7.8218,0.0,0.0,0.0,0.0,7.8218000000000005,7.8218000000000005,7.8194
1417,0.0,0.0061,0.0061,0.0011,0.0,1.0,0.0,7.1009,0.0,0.0,0.0,0.0,7.1009,7.1009,7.0983
1418,0.0,0.006,0.006,0.0011,0.0,1.0,0.0,6.5444,0.0,0.0,0.0,0.0,6.5443999999999996,6.5443999999999996,6.5484
1419,0.0,0.0062,0.0062,0.0011,0.0,1.0,0.0,7.3775,0.0,0.0,0.0,0.0,7.3774999999999995,7.3774999999999995,7.3764
1420,0.0,0.0055,0.0055,0.001,0.0,1.0,0.0,6.8493,0.0,0.0,0.0,0.0,6.849300000000001,6.849300000000001,6.8528
1421,0.0,0.0048,0.0048,0.0009,0.0,1.0,0.0,6.6999,0.0,0.0,0.0,0.0,6.6999,6.6999,6.7009
1422,0.0,0.0055,0.0055,0.001,0.0,1.0,0.0,7.4496,0.0,0.0,0.0,0.0,7.4496,7.4496,7.453
1423,0.0,0.0058,0.0058,0.001,0.0,1.0,0.0,6.7222,0.0,0.0,0.0,0.0,6.7222,6.7222,6.7264
1424,0.0,0.0073,0.0073,0.0013,0.0,1.0,0.0,7.7556,0.0,0.0,0.0,0.0,7.7556,7.7556,7.7552
1425,0.0,0.0067,0.0067,0.0012,0.0,1.0,0.0,7.363,0.0,0.0,0.0,0.0,7.3629999999999995,7.3629999999999995,7.3643
1426,0.0,0.0065,0.0065,0.0012,0.0,1.0,0.0,7.274,0.0,0.0,0.0,0.0,7.274,7.274,7.2696
1427,0.0,0.007,0.007,0.0013,0.0,1.0,0.0,7.7505,0.0,0.0,0.0,0.0,7.750499999999999,7.750499999999999,7.748
1428,0.0,0.0052,0.0052,0.0009,0.0,1.0,0.0,6.6514,0.0,0.0,0.0,0.0,6.651400000000001,6.651400000000001,6.6503
1429,0.0,0.0057,0.0057,0.001,0.0,1.0,0.0,7.1261,0.0,0.0,0.0,0.0,7.1261,7.1261,7.1275
1430,0.0,0.0075,0.0075,0.0013,0.0,1.0,0.0,8.4041,0.0,0.0,0.0,0.0,8.404100000000001,8.404100000000001,8.4062
1431,0.0,0.006,0.006,0.0011,0.0,1.0,0.0,7.1193,0.0,0.0,0.0,0.0,7.1193,7.1193,7.1154
1432,0.0,0.0063,0.0063,0.0011,0.0,1.0,0.0,7.4547,0.0,0.0,0.0,0.0,7.4547,7.4547,7.4508
1433,0.0,0.0048,0.0048,0.0009,0.0,1.0,0.0,7.2447,0.0,0.0,0.0,0.0,7.244699999999999,7.244699999999999,7.2491
1434,0.0,0.0061,0.0061,0.0011,0.0,1.0,0.0,7.7857,0.0,0.0,0.0,0.0,7.7857,7.7857,7.784
1435,0.0,0.0081,0.0081,0.0015,0.0,1.0,0.0,8.5945,0.0,0.0,0.0,0.0,8.5945,8.5945,8.5903
1436,0.0,0.0065,0.0065,0.0012,0.0,1.0,0.0,7.3846,0.0,0.0,0.0,0.0,7.3846,7.3846,7.3861
1437,0.0,0.0045,0.0045,0.0008,0.0,1.0,0.0,7.2166,0.0,0.0,0.0,0.0,7.2166,7.2166,7.2166
1438,0.0,0.0059,0.0059,0.0011,0.0,1.0,0.0,7.2726,0.0,0.0,0.0,0.0,7.272600000000001,7.272600000000001,7.2729
1439,0.0,0.0068,0.0068,0.0012,0.0,1.0,0.0,7.502,0.0,0.0,0.0,0.0,7.502,7.502,7.5023
1440,0.0,0.0052,0.0052,0.0009,0.0,1.0,0.0,7.4076,0.0,0.0,0.0,0.0,7.4075999999999995,7.4075999999999995,7.4116
1441,0.0,0.0058,0.0058,0.001,0.0,1.0,0.0,7.9978,0.0,0.0,0.0,0.0,7.997800000000001,7.997800000000001,7.9946
1442,0.0,0.0053,0.0053,0.0009,0.0,1.0,0.0,7.1692,0.0,0.0,0.0,0.0,7.169200000000001,7.169200000000001,7.173
1443,0.0,0.007,0.007,0.0013,0.0,1.0,0.0,7.1854,0.0,0.0,0.0,0.0,7.1854000000000005,7.1854000000000005,7.1899
1444,0.0,0.0056,0.0056,0.001,0.0,1.0,0.0,6.6576,0.0,0.0,0.0,0.0,6.6575999999999995,6.6575999999999995,6.6615
1445,0.0,0.0052,0.0052,0.0009,0.0,1.0,0.0,6.1068,0.0,0.0,0.0,0.0,6.1068,6.1068,6.1044
1446,0.0,0.0046,0.0046,0.0008,0.0,1.0,0.0,6.8445,0.0,0.0,0.0,0.0,6.8445,6.8445,6.8413
1447,0.0,0.0071,0.0071,0.0013,0.0,1.0,0.0,7.773,0.0,0.0,0.0,0.0,7.773000000000001,7.773000000000001,7.7718
1448,0.0,0.0051,0.0051,0.0009,0.0,1.0,0.0,7.0668,0.0,0.0,0.0,0.0,7.066800000000001,7.066800000000001,7.062
1449,0.0,0.0061,0.0061,0.0011,0.0,1.0,0.0,6.517,0.0,0.0,0.0,0.0,6.517,6.517,6.5136
1450,0.0,0.0052,0.0052,0.0009,0.0,1.0,0.0,6.7456,0.0,0.0,0.0,0.0,6.7456000000000005,6.7456000000000005,6.7473
1451,0.0,0.0069,0.0069,0.0012,0.0,1.0,0.0,8.219,0.0,0.0,0.0,0.0,8.219,8.219,8.22
1452,0.0,0.0046,0.0046,0.0008,0.0,1.0,0.0,7.2287,0.0,0.0,0.0,0.0,7.228700000000001,7.228700000000001,7.227
1453,0.0,0.0057,0.0057,0.001,0.0,1.0,0.0,7.0757,0.0,0.0,0.0,0.0,7.075699999999999,7.075699999999999,7.0732
1454,0.0,0.0057,0.0057,0.001,0.0,1.0,0.0,6.5193,0.0,0.0,0.0,0.0,6.519299999999999,6.519299999999999,6.5152
1455,0.0,0.0057,0.0057,0.001,0.0,1.0,0.0,7.4264,0.0,0.0,0.0,0.0,7.426399999999999,7.426399999999999,7.4243
1456,0.0,0.0058,0.0058,0.001,0.0,1.0,0.0,7.6444,0.0,0.0,0.0,0.0,7.6444,7.6444,7.6404
1457,0.0,0.0054,0.0054,0.001,0.0,1.0,0.0,7.0578,0.0,0.0,0.0,0.0,7.057799999999999,7.057799999999999,7.0618
1458,0.0,0.0069,0.0069,0.0012,0.0,1.0,0.0,7.784,0.0,0.0,0.0,0.0,7.784000000000001,7.784000000000001,7.78
1459,0.0,0.0057,0.0057,0.001,0.0,1.0,0.0,7.2071,0.0,0.0,0.0,0.0,7.2071,7.2071,7.208
1460,0.0,0.006,0.006,0.0011,0.0,1.0,0.0,8.049,0.0,0.0,0.0,0.0,8.049,8.049,8.047
1461,0.0,0.0059,0.0059,0.0011,0.0,1.0,0.0,7.4489,0.0,0.0,0.0,0.0,7.448899999999999,7.448899999999999,7.4538
1462,0.0,0.0054,0.0054,0.001,0.0,1.0,0.0,7.3152,0.0,0.0,0.0,0.0,7.3152,7.3152,7.3124
1463,0.0,0.0068,0.0068,0.0012,0.0,1.0,0.0,7.9137,0.0,0.0,0.0,0.0,7.9137,7.9137,7.9171
1464,0.0,0.0068,0.0068,0.0012,0.0,1.0,0.0,7.8462,0.0,0.0,0.0,0.0,7.8462,7.8462,7.8415
1465,0.0,0.0048,0.0048,0.0009,0.0,1.0,0.0,7.3406,0.0,0.0,0.0,0.0,7.340599999999999,7.340599999999999,7.3377
1466,0.0,0.0072,0.0072,0.0013,0.0,1.0,0.0,8.056,0.0,0.0,0.0,0.0,8.056000000000001,8.056000000000001,8.0599
1467,0.0,0.0068,0.0068,0.0012,0.0,1.0,0.0,7.8563,0.0,0.0,0.0,0.0,7.8563,7.8563,7.8578
1468,0.0,0.006,0.006,0.0011,0.0,1.0,0.0,7.6161,0.0,0.0,0.0,0.0,7.6161,7.6161,7.6121
1469,0.0,0.0066,0.0066,0.0012,0.0,1.0,0.0,7.5157,0.0,0.0,0.0,0.0,7.5157,7.5157,7.5196
1470,0.0,0.0048,0.0048,0.0009,0.0,1.0,0.0,7.4734,0.0,0.0,0.0,0.0,7.4734,7.4734,7.4749
1471,0.0,0.0058,0.0058,0.0011,0.0,1.0,0.0,6.8783,0.0,0.0,0.0,0.0,6.8783,6.8783,6.8781
1472,0.0,0.006,0.006,0.0011,0.0,1.0,0.0,7.3485,0.0,0.0,0.0,0.0,7.3485000000000005,7.3485000000000005,7.3503
1473,0.0,0.0067,0.0067,0.0012,0.0,1.0,0.0,8.2773,0.0,0.0,0.0,0.0,8.2773,8.2773,8.2795
1474,0.0,0.0054,0.0054,0.001,0.0,1.0,0.0,7.4906,0.0,0.0,0.0,0.0,7.4906,7.4906,7.4916
1475,0.0,0.0058,0.0058,0.001,0.0,1.0,0.0,7.7735,0.0,0.0,0.0,0.0,7.773499999999999,7.773499999999999,7.7713
1476,0.0,0.0058,0.0058,0.001,0.0,1.0,0.0,7.9195,0.0,0.0,0.0,0.0,7.9195,7.9195,7.9178
1477,0.0,0.0055,0.0055,0.001,0.0,1.0,0.0,7.8313,0.0,0.0,0.0,0.0,7.831300000000001,7.831300000000001,7.8339
1478,0.0,0.0064,0.0064,0.0012,0.0,1.0,0.0,7.8245,0.0,0.0,0.0,0.0,7.8245000000000005,7.8245000000000005,7.8219
1479,0.0,0.0056,0.0056,0.001,0.0,1.0,0.0,7.0843,0.0,0.0,0.0,0.0,7.084300000000001,7.084300000000001,7.0824
1480,0.0,0.0058,0.0058,0.001,0.0,1.0,0.0,7.4832,0.0,0.0,0.0,0.0,7.4832,7.4832,7.4804
1481,0.0,0.0062,0.0062,0.0011,0.0,1.0,0.0,7.5199,0.0,0.0,0.0,0.0,7.5199,7.5199,7.5242
1482,0.0,0.005,0.005,0.0009,0.0,1.0,0.0,7.1097,0.0,0.0,0.0,0.0,7.109699999999999,7.109699999999999,7.1099
1483,0.0,0.0054,0.0054,0.001,0.0,1.0,0.0,7.4223,0.0,0.0,0.0,0.0,7.4223,7.4223,7.4209
1484,0.0,0.0045,0.0045,0.0008,0.0,1.0,0.0,6.6939,0.0,0.0,0.0,0.0,6.693899999999999,6.693899999999999,6.6913
1485,0.0,0.0063,0.0063,0.0011,0.0,1.0,0.0,7.4809,0.0,0.0,0.0,0.0,7.480899999999999,7.480899999999999,7.4842
1486,0.0,0.0059,0.0059,0.0011,0.0,1.0,0.0,7.7306,0.0,0.0,0.0,0.0,7.7306,7.7306,7.7267
1487,0.0,0.0075,0.0075,0.0014,0.0,1.0,0.0,7.9652,0.0,0.0,0.0,0.0,7.9652,7.9652,7.9689
1488,0.0,0.0051,0.0051,0.0009,0.0,1.0,0.0,6.9765,0.0,0.0,0.0,0.0,6.976500000000001,6.976500000000001,6.9802
1489,0.0,0.0067,0.0067,0.0012,0.0,1.0,0.0,6.821,0.0,0.0,0.0,0.0,6.821,6.821,6.8172
1490,0.0,0.0054,0.0054,0.001,0.0,1.0,0.0,6.9153,0.0,0.0,0.0,0.0,6.915300000000001,6.915300000000001,6.9149
1491,0.0,0.0066,0.0066,0.0012,0.0,1.0,0.0,7.5723,0.0,0.0,0.0,0.0,7.572299999999999,7.572299999999999,7.569
1492,0.0,0.0058,0.0058,0.001,0.0,1.0,0.0,7.189,0.0,0.0,0.0,0.0,7.189,7.189,7.1883
1493,0.0,0.0062,0.0062,0.0011,0.0,1.0,0.0,7.5176,0.0,0.0,0.0,0.0,7.5176,7.5176,7.5205
1494,0.0,0.0053,0.0053,0.001,0.0,1.0,0.0,7.5034,0.0,0.0,0.0,0.0,7.5034,7.5034,7.4987
1495,0.0,0.0046,0.0046,0.0008,0.0,1.0,0.0,6.2045,0.0,0.0,0.0,0.0,6.2044999999999995,6.2044999999999995,6.1995
1496,0.0,0.0064,0.0064,0.0012,0.0,1.0,0.0,6.8466,0.0,0.0,0.0,0.0,6.8466000000000005,6.8466000000000005,6.8421
1497,0.0,0.0054,0.0054,0.001,0.0,1.0,0.0,7.4811,0.0,0.0,0.0,0.0,7.4811,7.4811,7.4762
1498,0.0,0.0062,0.0062,0.0011,0.0,1.0,0.0,7.0787,0.0,0.0,0.0,0.0,7.0786999999999995,7.0786999999999995,7.0821
1499,0.0,0.0055,0.0055,0.001,0.0,1.0,0.0,7.4128,0.0,0.0,0.0,0.0,7.412800000000001,7.412800000000001,7.4137
1500,0.0,0.0077,0.0077,0.0014,0.0,1.0,0.0,8.1999,0.0,0.0,0.0,0.0,8.1999,8.1999,8.2013
1501,0.0,0.0057,0.0057,0.001,0.0,1.0,0.0,6.8491,0.0,0.0,0.0,0.0,6.8491,6.8491,6.8456
1502,0.0,0.0049,0.0049,0.0009,0.0,1.0,0.0,6.7847,0.0,0.0,0.0,0.0,6.7847,6.7847,6.7812
1503,0.0,0.0061,0.0061,0.0011,0.0,1.0,0.0,7.0919,0.0,0.0,0.0,0.0,7.0919,7.0919,7.0966
1504,0.0,0.0048,0.0048,0.0009,0.0,1.0,0.0,6.8329,0.0,0.0,0.0,0.0,6.8329,6.8329,6.8362
1505,0.0,0.0061,0.0061,0.0011,0.0,1.0,0.0,7.4841,0.0,0.0,0.0,0.0,7.484100000000001,7.484100000000001,7.4817
1506,0.0,0.0068,0.0068,0.0012,0.0,1.0,0.0,7.6719,0.0,0.0,0.0,0.0,7.6719,7.6719,7.6681
1507,0.0,0.0058,0.0058,0.0011,0.0,1.0,0.0,6.2367,0.0,0.0,0.0,0.0,6.2367,6.2367,6.2386
1508,0.0,0.006,0.006,0.0011,0.0,1.0,0.0,8.1121,0.0,0.0,0.0,0.0,8.1121,8.1121,8.1162
1509,0.0,0.0073,0.0073,0.0013,0.0,1.0,0.0,7.6933,0.0,0.0,0.0,0.0,7.6933,7.6933,7.6944
1510,0.0,0.0053,0.0053,0.001,0.0,1.0,0.0,6.8255,0.0,0.0,0.0,0.0,6.825500000000001,6.825500000000001,6.8266
1511,0.0,0.0058,0.0058,0.0011,0.0,1.0,0.0,7.3241,0.0,0.0,0.0,0.0,7.3241000000000005,7.3241000000000005,7.3283
1512,0.0,0.0057,0.0057,0.001,0.0,1.0,0.0,6.0229,0.0,0.0,0.0,0.0,6.0229,6.0229,6.0263
1513,0.0,0.0069,0.0069,0.0012,0.0,1.0,0.0,7.4186,0.0,0.0,0.0,0.0,7.4186,7.4186,7.4139
1514,0.0,0.0058,0.0058,0.0011,0.0,1.0,0.0,8.4877,0.0,0.0,0.0,0.0,8.4877,8.4877,8.4881
1515,0.0,0.0053,0.0053,0.001,0.0,1.0,0.0,6.5778,0.0,0.0,0.0,0.0,6.577800000000001,6.577800000000001,6.5804
1516,0.0,0.0061,0.0061,0.0011,0.0,1.0,0.0,7.568,0.0,0.0,0.0,0.0,7.5680000000000005,7.5680000000000005,7.5659
1517,0.0,0.0054,0.0054,0.001,0.0,1.0,0.0,7.4571,0.0,0.0,0.0,0.0,7.4571,7.4571,7.4536
1518,0.0,0.0059,0.0059,0.0011,0.0,1.0,0.0,7.2214,0.0,0.0,0.0,0.0,7.221400000000001,7.221400000000001,7.2262
1519,0.0,0.0068,0.0068,0.0012,0.0,1.0,0.0,7.9265,0.0,0.0,0.0,0.0,7.926499999999999,7.926499999999999,7.9301
1520,0.0,0.006,0.006,0.0011,0.0,1.0,0.0,6.8578,0.0,0.0,0.0,0.0,6.857800000000001,6.857800000000001,6.8537
1521,0.0,0.0058,0.0058,0.001,0.0,1.0,0.0,6.5649,0.0,0.0,0.0,0.0,6.564900000000001,6.564900000000001,6.5668
1522,0.0,0.0057,0.0057,0.001,0.0,1.0,0.0,7.3051,0.0,0.0,0.0,0.0,7.3050999999999995,7.3050999999999995,7.3011
1523,0.0,0.0055,0.0055,0.001,0.0,1.0,0.0,7.4541,0.0,0.0,0.0,0.0,7.454100000000001,7.454100000000001,7.4539
1524,0.0,0.0056,0.0056,0.001,0.0,1.0,0.0,7.5814,0.0,0.0,0.0,0.0,7.5814,7.5814,7.5845
1525,0.0,0.006,0.006,0.0011,0.0,1.0,0.0,7.1277,0.0,0.0,0.0,0.0,7.1277,7.1277,7.1312
1526,0.0,0.0047,0.0047,0.0008,0.0,1.0,0.0,6.2408,0.0,0.0,0.0,0.0,6.2408,6.2408,6.2439
1527,0.0,0.0067,0.0067,0.0012,0.0,1.0,0.0,7.2005,0.0,0.0,0.0,0.0,7.2005,7.2005,7.2018
1528,0.0,0.0067,0.0067,0.0012,0.0,1.0,0.0,7.3807,0.0,0.0,0.0,0.0,7.3807,7.3807,7.3759
1529,0.0,0.0053,0.0053,0.001,0.0,1.0,0.0,7.2278,0.0,0.0,0.0,0.0,7.227799999999999,7.227799999999999,7.2255
1530,0.0,0.0053,0.0053,0.001,0.0,1.0,0.0,7.416,0.0,0.0,0.0,0.0,7.416,7.416,7.4153
1531,0.0,0.0049,0.0049,0.0009,0.0,1.0,0.0,7.6926,0.0,0.0,0.0,0.0,7.6926000000000005,7.6926000000000005,7.6946
1532,0.0,0.0069,0.0069,0.0012,0.0,1.0,0.0,7.7812,0.0,0.0,0.0,0.0,7.7812,7.7812,7.7816
1533,0.0,0.0076,0.0076,0.0014,0.0,1.0,0.0,8.4944,0.0,0.0,0.0,0.0,8.4944,8.4944,8.4914
1534,0.0,0.0063,0.0063,0.0011,0.0,1.0,0.0,7.7295,0.0,0.0,0.0,0.0,7.729500000000001,7.729500000000001,7.7263
1535,0.0,0.0056,0.0056,0.001,0.0,1.0,0.0,7.2797,0.0,0.0,0.0,0.0,7.2797,7.2797,7.2777
1536,0.0,0.0046,0.0046,0.0008,0.0,1.0,0.0,7.0422,0.0,0.0,0.0,0.0,7.0422,7.0422,7.0433
1537,0.0,0.0068,0.0068,0.0012,0.0,1.0,0.0,8.0391,0.0,0.0,0.0,0.0,8.0391,8.0391,8.0364
1538,0.0,0.006,0.006,0.0011,0.0,1.0,0.0,7.6412,0.0,0.0,0.0,0.0,7.6411999999999995,7.6411999999999995,7.6432
1539,0.0,0.0056,0.0056,0.001,0.0,1.0,0.0,7.1765,0.0,0.0,0.0,0.0,7.176500000000001,7.176500000000001,7.1736
1540,0.0,0.0063,0.0063,0.0011,0.0,1.0,0.0,8.1176,0.0,0.0,0.0,0.0,8.1176,8.1176,8.1221
1541,0.0,0.0061,0.0061,0.0011,0.0,1.0,0.0,7.9686,0.0,0.0,0.0,0.0,7.968600000000001,7.968600000000001,7.9657
1542,0.0,0.0046,0.0046,0.0008,0.0,1.0,0.0,6.8195,0.0,0.0,0.0,0.0,6.8195,6.8195,6.823
1543,0.0,0.0054,0.0054,0.001,0.0,1.0,0.0,7.3056,0.0,0.0,0.0,0.0,7.3056,7.3056,7.3013
1544,0.0,0.0058,0.0058,0.001,0.0,1.0,0.0,6.7605,0.0,0.0,0.0,0.0,6.7604999999999995,6.7604999999999995,6.7648
1545,0.0,0.0056,0.0056,0.001,0.0,1.0,0.0,7.0972,0.0,0.0,0.0,0.0,7.0972,7.0972,7.0928
1546,0.0,0.0058,0.0058,0.0011,0.0,1.0,0.0,7.6708,0.0,0.0,0.0,0.0,7.6708,7.6708,7.6719
1547,0.0,0.0077,0.0077,0.0014,0.0,1.0,0.0,8.4743,0.0,0.0,0.0,0.0,8.4743,8.4743,8.4703
1548,0.0,0.0065,0.0065,0.0012,0.0,1.0,0.0,7.9125,0.0,0.0,0.0,0.0,7.9125000000000005,7.9125000000000005,7.9138
1549,0.0,0.0056,0.0056,0.001,0.0,1.0,0.0,7.3863,0.0,0.0,0.0,0.0,7.3863,7.3863,7.3886
1550,0.0,0.0056,0.0056,0.001,0.0,1.0,0.0,7.2968,0.0,0.0,0.0,0.0,7.2968,7.2968,7.2924
1551,0.0,0.0056,0.0056,0.001,0.0,1.0,0.0,6.8399,0.0,0.0,0.0,0.0,6.8399,6.8399,6.839
1552,0.0,0.0054,0.0054,0.001,0.0,1.0,0.0,6.9509,0.0,0.0,0.0,0.0,6.9509,6.9509,6.9496
1553,0.0,0.0076,0.0076,0.0014,0.0,1.0,0.0,8.4703,0.0,0.0,0.0,0.0,8.470299999999998,8.470299999999998,8.4681
1554,0.0,0.0064,0.0064,0.0012,0.0,1.0,0.0,7.5327,0.0,0.0,0.0,0.0,7.532700000000001,7.532700000000001,7.5304
1555,0.0,0.0057,0.0057,0.001,0.0,1.0,0.0,7.5386,0.0,0.0,0.0,0.0,7.538600000000001,7.538600000000001,7.5358
1556,0.0,0.0054,0.0054,0.001,0.0,1.0,0.0,7.7282,0.0,0.0,0.0,0.0,7.728200000000001,7.728200000000001,7.7234
1557,0.0,0.0062,0.0062,0.0011,0.0,1.0,0.0,6.6746,0.0,0.0,0.0,0.0,6.6746,6.6746,6.6727
1558,0.0,0.0057,0.0057,0.001,0.0,1.0,0.0,7.6669,0.0,0.0,0.0,0.0,7.6669,7.6669,7.6712
1559,0.0,0.0079,0.0079,0.0014,0.0,1.0,0.0,8.5366,0.0,0.0,0.0,0.0,8.5366,8.5366,8.5335
1560,0.0,0.0057,0.0057,0.001,0.0,1.0,0.0,7.4465,0.0,0.0,0.0,0.0,7.4465,7.4465,7.4479
1561,0.0,0.0062,0.0062,0.0011,0.0,1.0,0.0,7.7865,0.0,0.0,0.0,0.0,7.7865,7.7865,7.782
1562,0.0,0.0049,0.0049,0.0009,0.0,1.0,0.0,7.0577,0.0,0.0,0.0,0.0,7.0577000000000005,7.0577000000000005,7.0614
1563,0.0,0.006,0.006,0.0011,0.0,1.0,0.0,7.2445,0.0,0.0,0.0,0.0,7.2444999999999995,7.2444999999999995,7.242
1564,0.0,0.0056,0.0056,0.001,0.0,1.0,0.0,7.551,0.0,0.0,0.0,0.0,7.551,7.551,7.5481
1565,0.0,0.0059,0.0059,0.0011,0.0,1.0,0.0,7.583,0.0,0.0,0.0,0.0,7.583,7.583,7.5878
1566,0.0,0.0059,0.0059,0.0011,0.0,1.0,0.0,8.1956,0.0,0.0,0.0,0.0,8.1956,8.1956,8.1991
1567,0.0,0.0055,0.0055,0.001,0.0,1.0,0.0,7.0695,0.0,0.0,0.0,0.0,7.0695,7.0695,7.0688
1568,0.0,0.0055,0.0055,0.001,0.0,1.0,0.0,6.9021,0.0,0.0,0.0,0.0,6.902100000000001,6.902100000000001,6.9057
1569,0.0,0.0067,0.0067,0.0012,0.0,1.0,0.0,7.1204,0.0,0.0,0.0,0.0,7.120400000000001,7.120400000000001,7.1243
1570,0.0,0.0056,0.0056,0.001,0.0,1.0,0.0,7.1874,0.0,0.0,0.0,0.0,7.1874,7.1874,7.1877
1571,0.0,0.0058,0.0058,0.001,0.0,1.0,0.0,7.3017,0.0,0.0,0.0,0.0,7.3017,7.3017,7.3031
1572,0.0,0.0058,0.0058,0.001,0.0,1.0,0.0,7.1508,0.0,0.0,0.0,0.0,7.150799999999999,7.150799999999999,7.1487
1573,0.0,0.0052,0.0052,0.0009,0.0,1.0,0.0,7.188,0.0,0.0,0.0,0.0,7.188000000000001,7.188000000000001,7.1851
1574,0.0,0.0059,0.0059,0.0011,0.0,1.0,0.0,7.8195,0.0,0.0,0.0,0.0,7.8195,7.8195,7.817
1575,0.0,0.0052,0.0052,0.0009,0.0,1.0,0.0,7.6718,0.0,0.0,0.0,0.0,7.6718,7.6718,7.672
1576,0.0,0.0061,0.0061,0.0011,0.0,1.0,0.0,7.3781,0.0,0.0,0.0,0.0,7.378100000000001,7.378100000000001,7.3761
1577,0.0,0.0055,0.0055,0.001,0.0,1.0,0.0,8.3914,0.0,0.0,0.0,0.0,8.3914,8.3914,8.3878
1578,0.0,0.0069,0.0069,0.0012,0.0,1.0,0.0,6.9399,0.0,0.0,0.0,0.0,6.9399,6.9399,6.9433
1579,0.0,0.0059,0.0059,0.0011,0.0,1.0,0.0,7.2035,0.0,0.0,0.0,0.0,7.2035,7.2035,7.206
1580,0.0,0.0056,0.0056,0.001,0.0,1.0,0.0,7.8193,0.0,0.0,0.0,0.0,7.819299999999999,7.819299999999999,7.8153
1581,0.0,0.0053,0.0053,0.001,0.0,1.0,0.0,7.4405,0.0,0.0,0.0,0.0,7.440499999999999,7.440499999999999,7.4428
1582,0.0,0.0052,0.0052,0.0009,0.0,1.0,0.0,6.8543,0.0,0.0,0.0,0.0,6.8543,6.8543,6.8561
1583,0.0,0.0059,0.0059,0.0011,0.0,1.0,0.0,7.8751,0.0,0.0,0.0,0.0,7.8751,7.8751,7.8776
1584,0.0,0.0052,0.0052,0.0009,0.0,1.0,0.0,7.0883,0.0,0.0,0.0,0.0,7.088299999999999,7.088299999999999,7.0914
1585,0.0,0.0085,0.0085,0.0015,0.0,1.0,0.0,7.9123,0.0,0.0,0.0,0.0,7.9123,7.9123,7.9149
1586,0.0,0.0058,0.0058,0.001,0.0,1.0,0.0,7.7897,0.0,0.0,0.0,0.0,7.789700000000001,7.789700000000001,7.7916
1587,0.0,0.0048,0.0048,0.0009,0.0,1.0,0.0,6.6432,0.0,0.0,0.0,0.0,6.6432,6.6432,6.6435
1588,0.0,0.005,0.005,0.0009,0.0,1.0,0.0,7.3445,0.0,0.0,0.0,0.0,7.3445,7.3445,7.3448
1589,0.0,0.0069,0.0069,0.0012,0.0,1.0,0.0,7.3241,0.0,0.0,0.0,0.0,7.3241,7.3241,7.3208
1590,0.0,0.0065,0.0065,0.0012,0.0,1.0,0.0,7.6777,0.0,0.0,0.0,0.0,7.677700000000001,7.677700000000001,7.6755
1591,0.0,0.0063,0.0063,0.0011,0.0,1.0,0.0,7.7012,0.0,0.0,0.0,0.0,7.7012,7.7012,7.7
1592,0.0,0.0057,0.0057,0.001,0.0,1.0,0.0,7.2689,0.0,0.0,0.0,0.0,7.2689,7.2689,7.2717
1593,0.0,0.0065,0.0065,0.0012,0.0,1.0,0.0,7.2836,0.0,0.0,0.0,0.0,7.2836,7.2836,7.2833
1594,0.0,0.0064,0.0064,0.0012,0.0,1.0,0.0,7.5497,0.0,0.0,0.0,0.0,7.5497,7.5497,7.551
1595,0.0,0.0073,0.0073,0.0013,0.0,1.0,0.0,7.8777,0.0,0.0,0.0,0.0,7.8777,7.8777,7.8786
1596,0.0,0.0062,0.0062,0.0011,0.0,1.0,0.0,7.4956,0.0,0.0,0.0,0.0,7.4956000000000005,7.4956000000000005,8.9975
1597,0.0,0.0053,0.0053,0.001,0.0,1.0,0.0,7.2762,0.0,0.0,0.0,0.0,7.276200000000001,7.276200000000001,7.2733
1598,0.0,0.0065,0.0065,0.0012,0.0,1.0,0.0,7.3302,0.0,0.0,0.0,0.0,7.3302000000000005,7.3302000000000005,7.3347
1599,0.0,0.0066,0.0066,0.0012,0.0,1.0,0.0,7.9033,0.0,0.0,0.0,0.0,7.9033,7.9033,7.9057
1600,0.0,0.0055,0.0055,0.001,0.0,1.0,0.0,7.3947,0.0,0.0,0.0,0.0,7.3947,7.3947,7.3985
1601,0.0,0.0063,0.0063,0.0011,0.0,1.0,0.0,7.9018,0.0,0.0,0.0,0.0,7.901800000000001,7.901800000000001,7.9029
1602,0.0,0.0064,0.0064,0.0011,0.0,1.0,0.0,7.8326,0.0,0.0,0.0,0.0,7.8326,7.8326,7.8352
1603,0.0,0.0061,0.0061,0.0011,0.0,1.0,0.0,7.8881,0.0,0.0,0.0,0.0,7.8881,7.8881,7.8872
1604,0.0,0.0067,0.0067,0.0012,0.0,1.0,0.0,8.217,0.0,0.0,0.0,0.0,8.216999999999999,8.216999999999999,8.2175
1605,0.0,0.0057,0.0057,0.001,0.0,1.0,0.0,7.7093,0.0,0.0,0.0,0.0,7.709300000000001,7.709300000000001,7.7112
1606,0.0,0.0055,0.0055,0.001,0.0,1.0,0.0,7.056,0.0,0.0,0.0,0.0,7.055999999999999,7.055999999999999,7.0544
1607,0.0,0.0061,0.0061,0.0011,0.0,1.0,0.0,7.0048,0.0,0.0,0.0,0.0,7.0047999999999995,7.0047999999999995,7.0085
1608,0.0,0.007,0.007,0.0013,0.0,1.0,0.0,7.7939,0.0,0.0,0.0,0.0,7.7939,7.7939,7.7946
1609,0.0,0.0066,0.0066,0.0012,0.0,1.0,0.0,7.4222,0.0,0.0,0.0,0.0,7.422199999999999,7.422199999999999,7.4225
1610,0.0,0.0061,0.0061,0.0011,0.0,1.0,0.0,7.4369,0.0,0.0,0.0,0.0,7.4369,7.4369,7.4351
1611,0.0,0.0056,0.0056,0.001,0.0,1.0,0.0,7.2478,0.0,0.0,0.0,0.0,7.2478,7.2478,7.2498
1612,0.0,0.0055,0.0055,0.001,0.0,1.0,0.0,7.9004,0.0,0.0,0.0,0.0,7.900400000000001,7.900400000000001,7.8977
1613,0.0,0.0062,0.0062,0.0011,0.0,1.0,0.0,8.5869,0.0,0.0,0.0,0.0,8.5869,8.5869,8.5906
1614,0.0,0.0061,0.0061,0.0011,0.0,1.0,0.0,7.6979,0.0,0.0,0.0,0.0,7.697899999999999,7.697899999999999,7.6948
1615,0.0,0.0059,0.0059,0.0011,0.0,1.0,0.0,7.1903,0.0,0.0,0.0,0.0,7.1903,7.1903,7.1862
1616,0.0,0.0062,0.0062,0.0011,0.0,1.0,0.0,7.2115,0.0,0.0,0.0,0.0,7.2115,7.2115,7.2131
1617,0.0,0.0069,0.0069,0.0012,0.0,1.0,0.0,7.3623,0.0,0.0,0.0,0.0,7.3623,7.3623,7.3667
1618,0.0,0.0054,0.0054,0.001,0.0,1.0,0.0,7.5279,0.0,0.0,0.0,0.0,7.527900000000001,7.527900000000001,7.5258
1619,0.0,0.0043,0.0043,0.0008,0.0,1.0,0.0,6.3361,0.0,0.0,0.0,0.0,6.3361,6.3361,6.3396
1620,0.0,0.0055,0.0055,0.001,0.0,1.0,0.0,6.95,0.0,0.0,0.0,0.0,6.95,6.95,6.9496
1621,0.0,0.005,0.005,0.0009,0.0,1.0,0.0,6.9088,0.0,0.0,0.0,0.0,6.908799999999999,6.908799999999999,6.9107
1622,0.0,0.0067,0.0067,0.0012,0.0,1.0,0.0,7.8003,0.0,0.0,0.0,0.0,7.8003,7.8003,7.7986
1623,0.0,0.006,0.006,0.0011,0.0,1.0,0.0,7.5075,0.0,0.0,0.0,0.0,7.5075,7.5075,7.5085
1624,0.0,0.0063,0.0063,0.0011,0.0,1.0,0.0,7.9564,0.0,0.0,0.0,0.0,7.9563999999999995,7.9563999999999995,7.9535
1625,0.0,0.0067,0.0067,0.0012,0.0,1.0,0.0,7.7568,0.0,0.0,0.0,0.0,7.7568,7.7568,7.7603
1626,0.0,0.0065,0.0065,0.0012,0.0,1.0,0.0,8.037,0.0,0.0,0.0,0.0,8.036999999999999,8.036999999999999,8.0388
1627,0.0,0.007,0.007,0.0013,0.0,1.0,0.0,7.1661,0.0,0.0,0.0,0.0,7.1661,7.1661,7.168
1628,0.0,0.007,0.007,0.0013,0.0,1.0,0.0,8.6653,0.0,0.0,0.0,0.0,8.6653,8.6653,8.6674
1629,0.0,0.0055,0.0055,0.001,0.0,1.0,0.0,7.8574,0.0,0.0,0.0,0.0,7.857399999999999,7.857399999999999,7.8583
1630,0.0,0.0054,0.0054,0.001,0.0,1.0,0.0,7.1086,0.0,0.0,0.0,0.0,7.108600000000001,7.108600000000001,7.1093
1631,0.0,0.0069,0.0069,0.0012,0.0,1.0,0.0,8.3148,0.0,0.0,0.0,0.0,8.3148,8.3148,8.3155
1632,0.0,0.0058,0.0058,0.001,0.0,1.0,0.0,7.7868,0.0,0.0,0.0,0.0,7.7868,7.7868,7.7875
1633,0.0,0.0056,0.0056,0.001,0.0,1.0,0.0,7.9051,0.0,0.0,0.0,0.0,7.9051,7.9051,7.9005
1634,0.0,0.0047,0.0047,0.0008,0.0,1.0,0.0,6.4282,0.0,0.0,0.0,0.0,6.4282,6.4282,6.4286
1635,0.0,0.0063,0.0063,0.0011,0.0,1.0,0.0,7.1385,0.0,0.0,0.0,0.0,7.1385,7.1385,7.1351
1636,0.0,0.0058,0.0058,0.001,0.0,1.0,0.0,7.4213,0.0,0.0,0.0,0.0,7.4213,7.4213,7.4179
1637,0.0,0.0058,0.0058,0.001,0.0,1.0,0.0,7.6326,0.0,0.0,0.0,0.0,7.6326,7.6326,7.6301
1638,0.0,0.0062,0.0062,0.0011,0.0,1.0,0.0,7.1683,0.0,0.0,0.0,0.0,7.1683,7.1683,7.1644
1639,0.0,0.005,0.005,0.0009,0.0,1.0,0.0,6.8728,0.0,0.0,0.0,0.0,6.8728,6.8728,6.8693
1640,0.0,0.0061,0.0061,0.0011,0.0,1.0,0.0,6.7571,0.0,0.0,0.0,0.0,6.757099999999999,6.757099999999999,6.756
1641,0.0,0.0067,0.0067,0.0012,0.0,1.0,0.0,7.0563,0.0,0.0,0.0,0.0,7.056299999999999,7.056299999999999,7.0535
1642,0.0,0.0059,0.0059,0.0011,0.0,1.0,0.0,7.8556,0.0,0.0,0.0,0.0,7.8556,7.8556,7.8542
1643,0.0,0.0052,0.0052,0.0009,0.0,1.0,0.0,7.6568,0.0,0.0,0.0,0.0,7.6568,7.6568,7.6586
1644,0.0,0.0078,0.0078,0.0014,0.0,1.0,0.0,8.4528,0.0,0.0,0.0,0.0,8.4528,8.4528,8.4528
1645,0.0,0.0054,0.0054,0.001,0.0,1.0,0.0,7.8033,0.0,0.0,0.0,0.0,7.8033,7.8033,7.7998
1646,0.0,0.0059,0.0059,0.0011,0.0,1.0,0.0,7.2343,0.0,0.0,0.0,0.0,7.2343,7.2343,7.2389
1647,0.0,0.005,0.005,0.0009,0.0,1.0,0.0,7.121,0.0,0.0,0.0,0.0,7.121,7.121,7.1216
1648,0.0,0.0069,0.0069,0.0012,0.0,1.0,0.0,8.5707,0.0,0.0,0.0,0.0,8.570699999999999,8.570699999999999,8.5728
1649,0.0,0.0046,0.0046,0.0008,0.0,1.0,0.0,6.5746,0.0,0.0,0.0,0.0,6.5746,6.5746,6.573
1650,0.0,0.0058,0.0058,0.0011,0.0,1.0,0.0,6.8243,0.0,0.0,0.0,0.0,6.8243,6.8243,6.8232
1651,0.0,0.0061,0.0061,0.0011,0.0,1.0,0.0,8.2213,0.0,0.0,0.0,0.0,8.221300000000001,8.221300000000001,8.2171
1652,0.0,0.0055,0.0055,0.001,0.0,1.0,0.0,6.443,0.0,0.0,0.0,0.0,6.4430000000000005,6.4430000000000005,6.4399
1653,0.0,0.0052,0.0052,0.0009,0.0,1.0,0.0,7.0751,0.0,0.0,0.0,0.0,7.0751,7.0751,7.0787
1654,0.0,0.0063,0.0063,0.0011,0.0,1.0,0.0,7.893,0.0,0.0,0.0,0.0,7.893000000000001,7.893000000000001,7.8958
1655,0.0,0.0061,0.0061,0.0011,0.0,1.0,0.0,7.7303,0.0,0.0,0.0,0.0,7.7303,7.7303,7.7347
1656,0.0,0.0065,0.0065,0.0012,0.0,1.0,0.0,7.9599,0.0,0.0,0.0,0.0,7.959900000000001,7.959900000000001,7.9574
1657,0.0,0.0054,0.0054,0.001,0.0,1.0,0.0,7.1083,0.0,0.0,0.0,0.0,7.108299999999999,7.108299999999999,7.1037
1658,0.0,0.0066,0.0066,0.0012,0.0,1.0,0.0,7.7295,0.0,0.0,0.0,0.0,7.7295,7.7295,7.7317
1659,0.0,0.0057,0.0057,0.001,0.0,1.0,0.0,7.5494,0.0,0.0,0.0,0.0,7.5494,7.5494,7.5455
1660,0.0,0.0069,0.0069,0.0012,0.0,1.0,0.0,8.0807,0.0,0.0,0.0,0.0,8.0807,8.0807,8.0827
1661,0.0,0.0069,0.0069,0.0012,0.0,1.0,0.0,8.6632,0.0,0.0,0.0,0.0,8.6632,8.6632,8.6591
1662,0.0,0.0058,0.0058,0.001,0.0,1.0,0.0,7.6919,0.0,0.0,0.0,0.0,7.691899999999999,7.691899999999999,7.6965
1663,0.0,0.0063,0.0063,0.0011,0.0,1.0,0.0,7.6722,0.0,0.0,0.0,0.0,7.6722,7.6722,7.6721
1664,0.0,0.0054,0.0054,0.001,0.0,1.0,0.0,7.2552,0.0,0.0,0.0,0.0,7.2552,7.2552,7.2548
1665,0.0,0.0052,0.0052,0.0009,0.0,1.0,0.0,7.3027,0.0,0.0,0.0,0.0,7.3027,7.3027,7.3069
1666,0.0,0.0059,0.0059,0.0011,0.0,1.0,0.0,7.272,0.0,0.0,0.0,0.0,7.2719999999999985,7.2719999999999985,7.2734
1667,0.0,0.0057,0.0057,0.001,0.0,1.0,0.0,6.7318,0.0,0.0,0.0,0.0,6.7318,6.7318,6.7314
1668,0.0,0.0065,0.0065,0.0012,0.0,1.0,0.0,8.9026,0.0,0.0,0.0,0.0,8.9026,8.9026,8.9051
1669,0.0,0.0068,0.0068,0.0012,0.0,1.0,0.0,8.3359,0.0,0.0,0.0,0.0,8.3359,8.3359,8.3313
1670,0.0,0.0059,0.0059,0.0011,0.0,1.0,0.0,7.0335,0.0,0.0,0.0,0.0,7.0335,7.0335,7.035
1671,0.0,0.005,0.005,0.0009,0.0,1.0,0.0,7.0071,0.0,0.0,0.0,0.0,7.007099999999999,7.007099999999999,7.0082
1672,0.0,0.0067,0.0067,0.0012,0.0,1.0,0.0,8.0791,0.0,0.0,0.0,0.0,8.0791,8.0791,8.0762
1673,0.0,0.0051,0.0051,0.0009,0.0,1.0,0.0,7.0355,0.0,0.0,0.0,0.0,7.0355,7.0355,7.0316
1674,0.0,0.0071,0.0071,0.0013,0.0,1.0,0.0,8.2381,0.0,0.0,0.0,0.0,8.2381,8.2381,8.2387
1675,0.0,0.0052,0.0052,0.0009,0.0,1.0,0.0,7.8493,0.0,0.0,0.0,0.0,7.8492999999999995,7.8492999999999995,7.8511
1676,0.0,0.0072,0.0072,0.0013,0.0,1.0,0.0,7.9176,0.0,0.0,0.0,0.0,7.9176,7.9176,7.9192
1677,0.0,0.0057,0.0057,0.001,0.0,1.0,0.0,7.5229,0.0,0.0,0.0,0.0,7.5229,7.5229,7.5196
1678,0.0,0.0079,0.0079,0.0014,0.0,1.0,0.0,8.0374,0.0,0.0,0.0,0.0,8.0374,8.0374,8.0354
1679,0.0,0.0053,0.0053,0.001,0.0,1.0,0.0,7.2376,0.0,0.0,0.0,0.0,7.2376,7.2376,7.242
1680,0.0,0.006,0.006,0.0011,0.0,1.0,0.0,7.8106,0.0,0.0,0.0,0.0,7.810599999999999,7.810599999999999,7.8079
1681,0.0,0.0055,0.0055,0.001,0.0,1.0,0.0,7.0346,0.0,0.0,0.0,0.0,7.034599999999999,7.034599999999999,7.0306
1682,0.0,0.0056,0.0056,0.001,0.0,1.0,0.0,8.436,0.0,0.0,0.0,0.0,8.436,8.436,8.4355
1683,0.0,0.0064,0.0064,0.0011,0.0,1.0,0.0,7.3296,0.0,0.0,0.0,0.0,7.3296,7.3296,7.3296
1684,0.0,0.0059,0.0059,0.0011,0.0,1.0,0.0,7.5665,0.0,0.0,0.0,0.0,7.5665,7.5665,7.5625
1685,0.0,0.0063,0.0063,0.0011,0.0,1.0,0.0,7.1365,0.0,0.0,0.0,0.0,7.1365,7.1365,7.1341
1686,0.0,0.0056,0.0056,0.001,0.0,1.0,0.0,7.9371,0.0,0.0,0.0,0.0,7.9371,7.9371,7.9351
1687,0.0,0.0067,0.0067,0.0012,0.0,1.0,0.0,8.3033,0.0,0.0,0.0,0.0,8.3033,8.3033,8.3015
1688,0.0,0.0062,0.0062,0.0011,0.0,1.0,0.0,7.4513,0.0,0.0,0.0,0.0,7.4513,7.4513,7.4504
1689,0.0,0.0063,0.0063,0.0011,0.0,1.0,0.0,6.9797,0.0,0.0,0.0,0.0,6.979700000000001,6.979700000000001,6.9792
1690,0.0,0.0059,0.0059,0.0011,0.0,1.0,0.0,7.1639,0.0,0.0,0.0,0.0,7.163899999999999,7.163899999999999,7.1639
1691,0.0,0.0052,0.0052,0.0009,0.0,1.0,0.0,6.5945,0.0,0.0,0.0,0.0,6.594499999999999,6.594499999999999,6.5929
1692,0.0,0.0056,0.0056,0.001,0.0,1.0,0.0,6.7312,0.0,0.0,0.0,0.0,6.731199999999999,6.731199999999999,6.7348
1693,0.0,0.0051,0.0051,0.0009,0.0,1.0,0.0,6.3443,0.0,0.0,0.0,0.0,6.3443,6.3443,6.346
1694,0.0,0.0068,0.0068,0.0012,0.0,1.0,0.0,6.8223,0.0,0.0,0.0,0.0,6.822299999999999,6.822299999999999,6.8224
1695,0.0,0.0067,0.0067,0.0012,0.0,1.0,0.0,7.9602,0.0,0.0,0.0,0.0,7.9601999999999995,7.9601999999999995,7.9561
1696,0.0,0.0056,0.0056,0.001,0.0,1.0,0.0,7.2854,0.0,0.0,0.0,0.0,7.2854,7.2854,7.2883
1697,0.0,0.0058,0.0058,0.001,0.0,1.0,0.0,7.3063,0.0,0.0,0.0,0.0,7.306300000000001,7.306300000000001,7.3092
1698,0.0,0.0052,0.0052,0.0009,0.0,1.0,0.0,7.6351,0.0,0.0,0.0,0.0,7.6350999999999996,7.6350999999999996,7.6316
1699,0.0,0.0069,0.0069,0.0012,0.0,1.0,0.0,8.0815,0.0,0.0,0.0,0.0,8.0815,8.0815,8.0766
1700,0.0,0.007,0.007,0.0013,0.0,1.0,0.0,8.3915,0.0,0.0,0.0,0.0,8.3915,8.3915,8.3877
1701,0.0,0.0061,0.0061,0.0011,0.0,1.0,0.0,7.3003,0.0,0.0,0.0,0.0,7.3003,7.3003,7.3022
1702,0.0,0.007,0.007,0.0013,0.0,1.0,0.0,7.6474,0.0,0.0,0.0,0.0,7.6474,7.6474,7.6437
1703,0.0,0.0062,0.0062,0.0011,0.0,1.0,0.0,7.1839,0.0,0.0,0.0,0.0,7.1838999999999995,7.1838999999999995,7.1877
1704,0.0,0.0051,0.0051,0.0009,0.0,1.0,0.0,6.8191,0.0,0.0,0.0,0.0,6.819100000000001,6.819100000000001,6.8207
1705,0.0,0.0056,0.0056,0.001,0.0,1.0,0.0,6.9004,0.0,0.0,0.0,0.0,6.900399999999999,6.900399999999999,6.904
1706,0.0,0.0062,0.0062,0.0011,0.0,1.0,0.0,8.0067,0.0,0.0,0.0,0.0,8.0067,8.0067,8.0032
1707,0.0,0.0063,0.0063,0.0011,0.0,1.0,0.0,6.992,0.0,0.0,0.0,0.0,6.992000000000001,6.992000000000001,6.9927
1708,0.0,0.0062,0.0062,0.0011,0.0,1.0,0.0,7.7447,0.0,0.0,0.0,0.0,7.7447,7.7447,7.7483
1709,0.0,0.0059,0.0059,0.0011,0.0,1.0,0.0,7.61,0.0,0.0,0.0,0.0,7.609999999999999,7.609999999999999,7.6107
1710,0.0,0.0062,0.0062,0.0011,0.0,1.0,0.0,7.2598,0.0,0.0,0.0,0.0,7.2598,7.2598,7.2638
1711,0.0,0.0068,0.0068,0.0012,0.0,1.0,0.0,7.7848,0.0,0.0,0.0,0.0,7.784800000000001,7.784800000000001,7.7876
1712,0.0,0.0068,0.0068,0.0012,0.0,1.0,0.0,7.8532,0.0,0.0,0.0,0.0,7.853200000000001,7.853200000000001,7.8487
1713,0.0,0.0071,0.0071,0.0013,0.0,1.0,0.0,7.9233,0.0,0.0,0.0,0.0,7.9233,7.9233,7.919
1714,0.0,0.0052,0.0052,0.0009,0.0,1.0,0.0,7.0116,0.0,0.0,0.0,0.0,7.0116,7.0116,7.009
1715,0.0,0.0056,0.0056,0.001,0.0,1.0,0.0,7.7151,0.0,0.0,0.0,0.0,7.7151000000000005,7.7151000000000005,7.7161
1716,0.0,0.0062,0.0062,0.0011,0.0,1.0,0.0,7.1427,0.0,0.0,0.0,0.0,7.1427,7.1427,7.1445
1717,0.0,0.0052,0.0052,0.0009,0.0,1.0,0.0,6.9514,0.0,0.0,0.0,0.0,6.9514000000000005,6.9514000000000005,6.9469
1718,0.0,0.0046,0.0046,0.0008,0.0,1.0,0.0,6.6169,0.0,0.0,0.0,0.0,6.6169,6.6169,6.6219
1719,0.0,0.0058,0.0058,0.0011,0.0,1.0,0.0,7.3522,0.0,0.0,0.0,0.0,7.352200000000001,7.352200000000001,7.3536
1720,0.0,0.005,0.005,0.0009,0.0,1.0,0.0,6.5337,0.0,0.0,0.0,0.0,6.5337000000000005,6.5337000000000005,6.5303
1721,0.0,0.0058,0.0058,0.001,0.0,1.0,0.0,7.6557,0.0,0.0,0.0,0.0,7.6557,7.6557,7.6508
1722,0.0,0.0059,0.0059,0.0011,0.0,1.0,0.0,7.1931,0.0,0.0,0.0,0.0,7.193100000000001,7.193100000000001,7.1911
1723,0.0,0.0058,0.0058,0.001,0.0,1.0,0.0,7.6189,0.0,0.0,0.0,0.0,7.6189,7.6189,7.6195
1724,0.0,0.0061,0.0061,0.0011,0.0,1.0,0.0,7.6327,0.0,0.0,0.0,0.0,7.6327,7.6327,7.6359
1725,0.0,0.0068,0.0068,0.0012,0.0,1.0,0.0,7.8113,0.0,0.0,0.0,0.0,7.8113,7.8113,7.8125
1726,0.0,0.0051,0.0051,0.0009,0.0,1.0,0.0,7.147,0.0,0.0,0.0,0.0,7.146999999999999,7.146999999999999,7.1443
1727,0.0,0.0065,0.0065,0.0012,0.0,1.0,0.0,7.517,0.0,0.0,0.0,0.0,7.5169999999999995,7.5169999999999995,7.5123
1728,0.0,0.0056,0.0056,0.001,0.0,1.0,0.0,7.4042,0.0,0.0,0.0,0.0,7.4042,7.4042,7.402
1729,0.0,0.0071,0.0071,0.0013,0.0,1.0,0.0,8.0438,0.0,0.0,0.0,0.0,8.043800000000001,8.043800000000001,8.0447
1730,0.0,0.0048,0.0048,0.0009,0.0,1.0,0.0,7.3069,0.0,0.0,0.0,0.0,7.3069,7.3069,7.311
1731,0.0,0.0046,0.0046,0.0008,0.0,1.0,0.0,6.8288,0.0,0.0,0.0,0.0,6.828800000000001,6.828800000000001,6.8327
1732,0.0,0.0061,0.0061,0.0011,0.0,1.0,0.0,6.5741,0.0,0.0,0.0,0.0,6.5741000000000005,6.5741000000000005,6.5696
1733,0.0,0.0063,0.0063,0.0011,0.0,1.0,0.0,7.3007,0.0,0.0,0.0,0.0,7.3007,7.3007,7.2977
1734,0.0,0.0074,0.0074,0.0013,0.0,1.0,0.0,7.6976,0.0,0.0,0.0,0.0,7.6976,7.6976,7.6962
1735,0.0,0.0066,0.0066,0.0012,0.0,1.0,0.0,7.3324,0.0,0.0,0.0,0.0,7.332400000000001,7.332400000000001,7.3362
1736,0.0,0.0061,0.0061,0.0011,0.0,1.0,0.0,7.4833,0.0,0.0,0.0,0.0,7.4833,7.4833,7.4843
1737,0.0,0.0068,0.0068,0.0012,0.0,1.0,0.0,6.9129,0.0,0.0,0.0,0.0,6.9129000000000005,6.9129000000000005,6.9151
1738,0.0,0.0054,0.0054,0.001,0.0,1.0,0.0,6.1865,0.0,0.0,0.0,0.0,6.1865,6.1865,6.1874
1739,0.0,0.0058,0.0058,0.001,0.0,1.0,0.0,7.3826,0.0,0.0,0.0,0.0,7.382599999999998,7.382599999999998,7.3812
1740,0.0,0.0057,0.0057,0.001,0.0,1.0,0.0,7.0105,0.0,0.0,0.0,0.0,7.0105,7.0105,7.0065
1741,0.0,0.0053,0.0053,0.001,0.0,1.0,0.0,7.1365,0.0,0.0,0.0,0.0,7.1365,7.1365,7.1339
1742,0.0,0.0059,0.0059,0.0011,0.0,1.0,0.0,6.6757,0.0,0.0,0.0,0.0,6.6757,6.6757,6.6777
1743,0.0,0.0057,0.0057,0.001,0.0,1.0,0.0,7.9701,0.0,0.0,0.0,0.0,7.9700999999999995,7.9700999999999995,7.9717
1744,0.0,0.0062,0.0062,0.0011,0.0,1.0,0.0,8.0945,0.0,0.0,0.0,0.0,8.0945,8.0945,8.0931
1745,0.0,0.0053,0.0053,0.001,0.0,1.0,0.0,6.8181,0.0,0.0,0.0,0.0,6.8181,6.8181,6.814
1746,0.0,0.0057,0.0057,0.001,0.0,1.0,0.0,6.7271,0.0,0.0,0.0,0.0,6.7271,6.7271,6.7247
1747,0.0,0.0055,0.0055,0.001,0.0,1.0,0.0,7.5347,0.0,0.0,0.0,0.0,7.5347,7.5347,7.5346
1748,0.0,0.0063,0.0063,0.0011,0.0,1.0,0.0,8.281,0.0,0.0,0.0,0.0,8.281,8.281,8.2792
1749,0.0,0.0069,0.0069,0.0012,0.0,1.0,0.0,8.2934,0.0,0.0,0.0,0.0,8.2934,8.2934,8.2903
1750,0.0,0.006,0.006,0.0011,0.0,1.0,0.0,6.7784,0.0,0.0,0.0,0.0,6.7783999999999995,6.7783999999999995,6.7754
1751,0.0,0.005,0.005,0.0009,0.0,1.0,0.0,6.3362,0.0,0.0,0.0,0.0,6.3362,6.3362,6.3345
1752,0.0,0.0054,0.0054,0.001,0.0,1.0,0.0,6.631,0.0,0.0,0.0,0.0,6.630999999999999,6.630999999999999,6.6281
1753,0.0,0.0049,0.0049,0.0009,0.0,1.0,0.0,6.9161,0.0,0.0,0.0,0.0,6.9161,6.9161,6.9156
1754,0.0,0.0048,0.0048,0.0009,0.0,1.0,0.0,6.7957,0.0,0.0,0.0,0.0,6.7957,6.7957,6.796
1755,0.0,0.0055,0.0055,0.001,0.0,1.0,0.0,7.2937,0.0,0.0,0.0,0.0,7.293699999999999,7.293699999999999,7.2973
1756,0.0,0.0065,0.0065,0.0012,0.0,1.0,0.0,8.2317,0.0,0.0,0.0,0.0,8.2317,8.2317,8.2304
1757,0.0,0.0056,0.0056,0.001,0.0,1.0,0.0,7.0438,0.0,0.0,0.0,0.0,7.043800000000001,7.043800000000001,7.0436
1758,0.0,0.0077,0.0077,0.0014,0.0,1.0,0.0,8.1343,0.0,0.0,0.0,0.0,8.1343,8.1343,8.1305
1759,0.0,0.0057,0.0057,0.001,0.0,1.0,0.0,7.7292,0.0,0.0,0.0,0.0,7.7292,7.7292,7.7268
1760,0.0,0.0057,0.0057,0.001,0.0,1.0,0.0,8.0954,0.0,0.0,0.0,0.0,8.0954,8.0954,8.0942
1761,0.0,0.0064,0.0064,0.0011,0.0,1.0,0.0,7.5378,0.0,0.0,0.0,0.0,7.5378,7.5378,7.5362
1762,0.0,0.0058,0.0058,0.001,0.0,1.0,0.0,7.3104,0.0,0.0,0.0,0.0,7.3104,7.3104,7.3055
1763,0.0,0.0057,0.0057,0.001,0.0,1.0,0.0,7.1466,0.0,0.0,0.0,0.0,7.146599999999999,7.146599999999999,7.1464
1764,0.0,0.0058,0.0058,0.001,0.0,1.0,0.0,8.1371,0.0,0.0,0.0,0.0,8.1371,8.1371,8.1322
1765,0.0,0.0068,0.0068,0.0012,0.0,1.0,0.0,7.8013,0.0,0.0,0.0,0.0,7.8013,7.8013,7.7977
1766,0.0,0.0047,0.0047,0.0008,0.0,1.0,0.0,7.3582,0.0,0.0,0.0,0.0,7.3582,7.3582,7.3586
1767,0.0,0.0062,0.0062,0.0011,0.0,1.0,0.0,6.9306,0.0,0.0,0.0,0.0,6.9306,6.9306,6.9316
1768,0.0,0.006,0.006,0.0011,0.0,1.0,0.0,7.1752,0.0,0.0,0.0,0.0,7.175199999999999,7.175199999999999,7.1796
1769,0.0,0.006,0.006,0.0011,0.0,1.0,0.0,7.7413,0.0,0.0,0.0,0.0,7.7413,7.7413,7.7451
1770,0.0,0.0048,0.0048,0.0009,0.0,1.0,0.0,7.4826,0.0,0.0,0.0,0.0,7.482600000000001,7.482600000000001,7.4788
1771,0.0,0.0053,0.0053,0.001,0.0,1.0,0.0,6.751,0.0,0.0,0.0,0.0,6.7509999999999994,6.7509999999999994,6.7462
1772,0.0,0.007,0.007,0.0013,0.0,1.0,0.0,8.6504,0.0,0.0,0.0,0.0,8.650400000000001,8.650400000000001,8.6486
1773,0.0,0.0058,0.0058,0.001,0.0,1.0,0.0,7.1643,0.0,0.0,0.0,0.0,7.164300000000001,7.164300000000001,7.1662
1774,0.0,0.0072,0.0072,0.0013,0.0,1.0,0.0,7.7861,0.0,0.0,0.0,0.0,7.786100000000001,7.786100000000001,7.7849
1775,0.0,0.0065,0.0065,0.0012,0.0,1.0,0.0,7.4005,0.0,0.0,0.0,0.0,7.400500000000001,7.400500000000001,7.3993
1776,0.0,0.0058,0.0058,0.001,0.0,1.0,0.0,7.7989,0.0,0.0,0.0,0.0,7.7989,7.7989,7.8003
1777,0.0,0.0068,0.0068,0.0012,0.0,1.0,0.0,7.9254,0.0,0.0,0.0,0.0,7.925400000000001,7.925400000000001,7.9218
1778,0.0,0.0059,0.0059,0.0011,0.0,1.0,0.0,8.5399,0.0,0.0,0.0,0.0,8.5399,8.5399,8.5439
1779,0.0,0.0068,0.0068,0.0012,0.0,1.0,0.0,7.7106,0.0,0.0,0.0,0.0,7.710600000000001,7.710600000000001,7.712
1780,0.0,0.0062,0.0062,0.0011,0.0,1.0,0.0,7.26,0.0,0.0,0.0,0.0,7.259999999999999,7.259999999999999,7.2632
1781,0.0,0.0059,0.0059,0.0011,0.0,1.0,0.0,6.9502,0.0,0.0,0.0,0.0,6.950199999999999,6.950199999999999,6.9527
1782,0.0,0.0049,0.0049,0.0009,0.0,1.0,0.0,6.9348,0.0,0.0,0.0,0.0,6.934799999999999,6.934799999999999,6.9301
1783,0.0,0.0067,0.0067,0.0012,0.0,1.0,0.0,7.5395,0.0,0.0,0.0,0.0,7.539499999999999,7.539499999999999,7.5347
1784,0.0,0.0053,0.0053,0.001,0.0,1.0,0.0,7.1194,0.0,0.0,0.0,0.0,7.1194,7.1194,7.1197
1785,0.0,0.0073,0.0073,0.0013,0.0,1.0,0.0,7.5968,0.0,0.0,0.0,0.0,7.5968,7.5968,7.5982
1786,0.0,0.0064,0.0064,0.0011,0.0,1.0,0.0,8.1913,0.0,0.0,0.0,0.0,8.1913,8.1913,8.1875
1787,0.0,0.0061,0.0061,0.0011,0.0,1.0,0.0,7.7792,0.0,0.0,0.0,0.0,7.7792,7.7792,7.7752
1788,0.0,0.0052,0.0052,0.0009,0.0,1.0,0.0,7.4149,0.0,0.0,0.0,0.0,7.414899999999999,7.414899999999999,7.4185
1789,0.0,0.0052,0.0052,0.0009,0.0,1.0,0.0,8.1294,0.0,0.0,0.0,0.0,8.1294,8.1294,8.1331
1790,0.0,0.0049,0.0049,0.0009,0.0,1.0,0.0,6.7187,0.0,0.0,0.0,0.0,6.7187,6.7187,6.7198
1791,0.0,0.0057,0.0057,0.001,0.0,1.0,0.0,6.9084,0.0,0.0,0.0,0.0,6.908399999999999,6.908399999999999,6.9114
1792,0.0,0.0056,0.0056,0.001,0.0,1.0,0.0,6.5474,0.0,0.0,0.0,0.0,6.5474000000000006,6.5474000000000006,6.5478
1793,0.0,0.0061,0.0061,0.0011,0.0,1.0,0.0,6.978,0.0,0.0,0.0,0.0,6.977999999999999,6.977999999999999,6.9785
1794,0.0,0.0049,0.0049,0.0009,0.0,1.0,0.0,5.8308,0.0,0.0,0.0,0.0,5.830799999999999,5.830799999999999,5.8287
1795,0.0,0.0053,0.0053,0.001,0.0,1.0,0.0,7.826,0.0,0.0,0.0,0.0,7.826000000000001,7.826000000000001,7.822
1796,0.0,0.0071,0.0071,0.0013,0.0,1.0,0.0,7.1092,0.0,0.0,0.0,0.0,7.1092,7.1092,7.1105
1797,0.0,0.0057,0.0057,0.001,0.0,1.0,0.0,7.007,0.0,0.0,0.0,0.0,7.007,7.007,7.0107
1798,0.0,0.0061,0.0061,0.0011,0.0,1.0,0.0,8.2183,0.0,0.0,0.0,0.0,8.218300000000001,8.218300000000001,8.2176
1799,0.0,0.0073,0.0073,0.0013,0.0,1.0,0.0,8.0948,0.0,0.0,0.0,0.0,8.0948,8.0948,8.0908
1800,0.0,0.0064,0.0064,0.0012,0.0,1.0,0.0,7.5469,0.0,0.0,0.0,0.0,7.5469,7.5469,7.5495
1801,0.0,0.0058,0.0058,0.001,0.0,1.0,0.0,6.3451,0.0,0.0,0.0,0.0,6.3451,6.3451,6.3458
1802,0.0,0.0042,0.0042,0.0008,0.0,1.0,0.0,6.6838,0.0,0.0,0.0,0.0,6.6838,6.6838,6.6882
1803,0.0,0.0071,0.0071,0.0013,0.0,1.0,0.0,8.2735,0.0,0.0,0.0,0.0,8.2735,8.2735,8.2697
1804,0.0,0.0058,0.0058,0.0011,0.0,1.0,0.0,7.4286,0.0,0.0,0.0,0.0,7.4286,7.4286,7.433
1805,0.0,0.0067,0.0067,0.0012,0.0,1.0,0.0,8.172,0.0,0.0,0.0,0.0,8.171999999999999,8.171999999999999,8.1757
1806,0.0,0.0066,0.0066,0.0012,0.0,1.0,0.0,7.5773,0.0,0.0,0.0,0.0,7.5773,7.5773,7.5788
1807,0.0,0.0052,0.0052,0.0009,0.0,1.0,0.0,7.1429,0.0,0.0,0.0,0.0,7.1429,7.1429,7.1423
1808,0.0,0.0064,0.0064,0.0012,0.0,1.0,0.0,7.6227,0.0,0.0,0.0,0.0,7.6227,7.6227,7.6264
1809,0.0,0.0061,0.0061,0.0011,0.0,1.0,0.0,7.8507,0.0,0.0,0.0,0.0,7.8507,7.8507,7.8511
1810,0.0,0.0065,0.0065,0.0012,0.0,1.0,0.0,7.5807,0.0,0.0,0.0,0.0,7.5807,7.5807,7.5789
1811,0.0,0.0051,0.0051,0.0009,0.0,1.0,0.0,7.2941,0.0,0.0,0.0,0.0,7.2941,7.2941,7.2929
1812,0.0,0.0051,0.0051,0.0009,0.0,1.0,0.0,6.8554,0.0,0.0,0.0,0.0,6.8554,6.8554,6.8516
1813,0.0,0.0055,0.0055,0.001,0.0,1.0,0.0,7.9075,0.0,0.0,0.0,0.0,7.9075,7.9075,7.9114
1814,0.0,0.0054,0.0054,0.001,0.0,1.0,0.0,6.7895,0.0,0.0,0.0,0.0,6.7895,6.7895,6.7902
1815,0.0,0.0049,0.0049,0.0009,0.0,1.0,0.0,6.0911,0.0,0.0,0.0,0.0,6.0911,6.0911,6.0933
1816,0.0,0.0057,0.0057,0.001,0.0,1.0,0.0,7.5571,0.0,0.0,0.0,0.0,7.5571,7.5571,7.5606
1817,0.0,0.0052,0.0052,0.0009,0.0,1.0,0.0,6.791,0.0,0.0,0.0,0.0,6.7909999999999995,6.7909999999999995,6.7956
1818,0.0,0.006,0.006,0.0011,0.0,1.0,0.0,7.7309,0.0,0.0,0.0,0.0,7.7309,7.7309,7.7281
1819,0.0,0.0055,0.0055,0.001,0.0,1.0,0.0,7.0481,0.0,0.0,0.0,0.0,7.0481,7.0481,7.0519
1820,0.0,0.0056,0.0056,0.001,0.0,1.0,0.0,6.863,0.0,0.0,0.0,0.0,6.863,6.863,6.8621
1821,0.0,0.0045,0.0045,0.0008,0.0,1.0,0.0,7.3148,0.0,0.0,0.0,0.0,7.3148,7.3148,7.3144
1822,0.0,0.0063,0.0063,0.0011,0.0,1.0,0.0,8.4502,0.0,0.0,0.0,0.0,8.450199999999999,8.450199999999999,8.4486
1823,0.0,0.0066,0.0066,0.0012,0.0,1.0,0.0,8.0465,0.0,0.0,0.0,0.0,8.0465,8.0465,8.0463
1824,0.0,0.0048,0.0048,0.0009,0.0,1.0,0.0,6.5054,0.0,0.0,0.0,0.0,6.5054,6.5054,6.5043
1825,0.0,0.0048,0.0048,0.0009,0.0,1.0,0.0,6.54,0.0,0.0,0.0,0.0,6.54,6.54,6.5403
1826,0.0,0.0058,0.0058,0.001,0.0,1.0,0.0,7.4257,0.0,0.0,0.0,0.0,7.4257,7.4257,7.4255
1827,0.0,0.0047,0.0047,0.0008,0.0,1.0,0.0,6.6962,0.0,0.0,0.0,0.0,6.696199999999999,6.696199999999999,6.6915
1828,0.0,0.0061,0.0061,0.0011,0.0,1.0,0.0,7.2984,0.0,0.0,0.0,0.0,7.2984,7.2984,7.2942
1829,0.0,0.0057,0.0057,0.001,0.0,1.0,0.0,7.8318,0.0,0.0,0.0,0.0,7.8318,7.8318,7.8338
1830,0.0,0.0059,0.0059,0.0011,0.0,1.0,0.0,7.648,0.0,0.0,0.0,0.0,7.648,7.648,7.645
1831,0.0,0.0062,0.0062,0.0011,0.0,1.0,0.0,8.3915,0.0,0.0,0.0,0.0,8.3915,8.3915,8.3912
1832,0.0,0.0058,0.0058,0.001,0.0,1.0,0.0,7.8036,0.0,0.0,0.0,0.0,7.8036,7.8036,7.804
1833,0.0,0.0058,0.0058,0.001,0.0,1.0,0.0,7.3369,0.0,0.0,0.0,0.0,7.3369,7.3369,7.3352
1834,0.0,0.0059,0.0059,0.0011,0.0,1.0,0.0,7.3834,0.0,0.0,0.0,0.0,7.3834,7.3834,7.3798
1835,0.0,0.0057,0.0057,0.001,0.0,1.0,0.0,7.9776,0.0,0.0,0.0,0.0,7.9776,7.9776,7.9824
1836,0.0,0.0063,0.0063,0.0011,0.0,1.0,0.0,6.655,0.0,0.0,0.0,0.0,6.654999999999999,6.654999999999999,6.6536
1837,0.0,0.0056,0.0056,0.001,0.0,1.0,0.0,7.3538,0.0,0.0,0.0,0.0,7.3538,7.3538,7.3497
1838,0.0,0.0059,0.0059,0.0011,0.0,1.0,0.0,7.8869,0.0,0.0,0.0,0.0,7.886900000000001,7.886900000000001,7.8891
1839,0.0,0.006,0.006,0.0011,0.0,1.0,0.0,7.1524,0.0,0.0,0.0,0.0,7.1524,7.1524,7.1546
1840,0.0,0.0053,0.0053,0.001,0.0,1.0,0.0,7.3527,0.0,0.0,0.0,0.0,7.3527000000000005,7.3527000000000005,7.3486
1841,0.0,0.0057,0.0057,0.001,0.0,1.0,0.0,7.0639,0.0,0.0,0.0,0.0,7.063899999999999,7.063899999999999,7.0656
1842,0.0,0.0058,0.0058,0.001,0.0,1.0,0.0,7.4479,0.0,0.0,0.0,0.0,7.4479,7.4479,7.4517
1843,0.0,0.0061,0.0061,0.0011,0.0,1.0,0.0,7.6338,0.0,0.0,0.0,0.0,7.633799999999999,7.633799999999999,7.6289
1844,0.0,0.0056,0.0056,0.001,0.0,1.0,0.0,7.4535,0.0,0.0,0.0,0.0,7.4535,7.4535,7.4501
1845,0.0,0.0056,0.0056,0.001,0.0,1.0,0.0,6.9663,0.0,0.0,0.0,0.0,6.9663,6.9663,6.9703
1846,0.0,0.0061,0.0061,0.0011,0.0,1.0,0.0,7.9075,0.0,0.0,0.0,0.0,7.9075,7.9075,7.9123
1847,0.0,0.0051,0.0051,0.0009,0.0,1.0,0.0,6.7041,0.0,0.0,0.0,0.0,6.7040999999999995,6.7040999999999995,6.6998
1848,0.0,0.0075,0.0075,0.0013,0.0,1.0,0.0,8.3502,0.0,0.0,0.0,0.0,8.350200000000001,8.350200000000001,8.352
1849,0.0,0.0067,0.0067,0.0012,0.0,1.0,0.0,8.0473,0.0,0.0,0.0,0.0,8.0473,8.0473,8.0431
1850,0.0,0.0059,0.0059,0.0011,0.0,1.0,0.0,7.8518,0.0,0.0,0.0,0.0,7.8518,7.8518,7.847
1851,0.0,0.0055,0.0055,0.001,0.0,1.0,0.0,7.457,0.0,0.0,0.0,0.0,7.457000000000001,7.457000000000001,7.4597
1852,0.0,0.0054,0.0054,0.001,0.0,1.0,0.0,7.1046,0.0,0.0,0.0,0.0,7.1046000000000005,7.1046000000000005,7.1016
1853,0.0,0.0073,0.0073,0.0013,0.0,1.0,0.0,7.9365,0.0,0.0,0.0,0.0,7.9365000000000006,7.9365000000000006,7.9387
1854,0.0,0.0057,0.0057,0.001,0.0,1.0,0.0,7.7796,0.0,0.0,0.0,0.0,7.7796,7.7796,7.7837
1855,0.0,0.0066,0.0066,0.0012,0.0,1.0,0.0,7.5045,0.0,0.0,0.0,0.0,7.5045,7.5045,7.5043
1856,0.0,0.0067,0.0067,0.0012,0.0,1.0,0.0,7.8613,0.0,0.0,0.0,0.0,7.8613,7.8613,7.8584
1857,0.0,0.0055,0.0055,0.001,0.0,1.0,0.0,7.1795,0.0,0.0,0.0,0.0,7.1795,7.1795,7.1801
1858,0.0,0.0074,0.0074,0.0013,0.0,1.0,0.0,8.0847,0.0,0.0,0.0,0.0,8.084700000000002,8.084700000000002,8.0878
1859,0.0,0.0076,0.0076,0.0014,0.0,1.0,0.0,7.6915,0.0,0.0,0.0,0.0,7.6915,7.6915,7.6869
1860,0.0,0.0057,0.0057,0.001,0.0,1.0,0.0,7.3947,0.0,0.0,0.0,0.0,7.3947,7.3947,7.3904
1861,0.0,0.0058,0.0058,0.001,0.0,1.0,0.0,7.1455,0.0,0.0,0.0,0.0,7.1455,7.1455,7.1415
1862,0.0,0.0059,0.0059,0.0011,0.0,1.0,0.0,7.3647,0.0,0.0,0.0,0.0,7.364700000000001,7.364700000000001,7.3671
1863,0.0,0.0065,0.0065,0.0012,0.0,1.0,0.0,7.6511,0.0,0.0,0.0,0.0,7.6511000000000005,7.6511000000000005,7.6462
1864,0.0,0.0064,0.0064,0.0011,0.0,1.0,0.0,7.7985,0.0,0.0,0.0,0.0,7.7985,7.7985,7.7973
1865,0.0,0.0063,0.0063,0.0011,0.0,1.0,0.0,7.6793,0.0,0.0,0.0,0.0,7.6793,7.6793,7.6784
1866,0.0,0.0067,0.0067,0.0012,0.0,1.0,0.0,8.206,0.0,0.0,0.0,0.0,8.206000000000001,8.206000000000001,8.209
1867,0.0,0.0052,0.0052,0.0009,0.0,1.0,0.0,7.6526,0.0,0.0,0.0,0.0,7.6526,7.6526,7.6503
1868,0.0,0.0069,0.0069,0.0012,0.0,1.0,0.0,8.1603,0.0,0.0,0.0,0.0,8.160300000000001,8.160300000000001,8.1588
1869,0.0,0.0048,0.0048,0.0009,0.0,1.0,0.0,7.6348,0.0,0.0,0.0,0.0,7.634800000000001,7.634800000000001,7.6323
1870,0.0,0.0068,0.0068,0.0012,0.0,1.0,0.0,7.8387,0.0,0.0,0.0,0.0,7.838699999999999,7.838699999999999,7.8403
1871,0.0,0.0052,0.0052,0.0009,0.0,1.0,0.0,6.9142,0.0,0.0,0.0,0.0,6.914200000000001,6.914200000000001,6.9109
1872,0.0,0.0065,0.0065,0.0012,0.0,1.0,0.0,7.6391,0.0,0.0,0.0,0.0,7.639099999999999,7.639099999999999,7.6347
1873,0.0,0.0062,0.0062,0.0011,0.0,1.0,0.0,7.4286,0.0,0.0,0.0,0.0,7.4286,7.4286,7.4252
1874,0.0,0.006,0.006,0.0011,0.0,1.0,0.0,7.554,0.0,0.0,0.0,0.0,7.554,7.554,7.5546
1875,0.0,0.0053,0.0053,0.0009,0.0,1.0,0.0,6.8087,0.0,0.0,0.0,0.0,6.808699999999999,6.808699999999999,6.809
1876,0.0,0.0057,0.0057,0.001,0.0,1.0,0.0,7.4236,0.0,0.0,0.0,0.0,7.4236,7.4236,7.4206
1877,0.0,0.0063,0.0063,0.0011,0.0,1.0,0.0,7.36,0.0,0.0,0.0,0.0,7.36,7.36,7.3626
1878,0.0,0.0051,0.0051,0.0009,0.0,1.0,0.0,6.7032,0.0,0.0,0.0,0.0,6.7032,6.7032,6.7038
1879,0.0,0.0068,0.0068,0.0012,0.0,1.0,0.0,7.5999,0.0,0.0,0.0,0.0,7.5999,7.5999,7.6031
1880,0.0,0.0057,0.0057,0.001,0.0,1.0,0.0,7.7511,0.0,0.0,0.0,0.0,7.751099999999999,7.751099999999999,7.7559
1881,0.0,0.0062,0.0062,0.0011,0.0,1.0,0.0,7.7071,0.0,0.0,0.0,0.0,7.7071000000000005,7.7071000000000005,7.7108
1882,0.0,0.0055,0.0055,0.001,0.0,1.0,0.0,7.0225,0.0,0.0,0.0,0.0,7.022499999999999,7.022499999999999,7.0255
1883,0.0,0.0042,0.0042,0.0008,0.0,1.0,0.0,6.6584,0.0,0.0,0.0,0.0,6.6584,6.6584,6.656
1884,0.0,0.0063,0.0063,0.0011,0.0,1.0,0.0,7.7925,0.0,0.0,0.0,0.0,7.7924999999999995,7.7924999999999995,7.7953
1885,0.0,0.006,0.006,0.0011,0.0,1.0,0.0,8.0753,0.0,0.0,0.0,0.0,8.0753,8.0753,8.0781
1886,0.0,0.005,0.005,0.0009,0.0,1.0,0.0,7.8948,0.0,0.0,0.0,0.0,7.8948,7.8948,7.8906
1887,0.0,0.0053,0.0053,0.0009,0.0,1.0,0.0,6.9744,0.0,0.0,0.0,0.0,6.9744,6.9744,6.9724
1888,0.0,0.005,0.005,0.0009,0.0,1.0,0.0,7.3058,0.0,0.0,0.0,0.0,7.3058000000000005,7.3058000000000005,7.3066
1889,0.0,0.0069,0.0069,0.0012,0.0,1.0,0.0,7.5223,0.0,0.0,0.0,0.0,7.5222999999999995,7.5222999999999995,7.5217
1890,0.0,0.0048,0.0048,0.0009,0.0,1.0,0.0,7.1828,0.0,0.0,0.0,0.0,7.1828,7.1828,7.1815
1891,0.0,0.006,0.006,0.0011,0.0,1.0,0.0,6.6726,0.0,0.0,0.0,0.0,6.6726,6.6726,6.6761
1892,0.0,0.0055,0.0055,0.001,0.0,1.0,0.0,6.4128,0.0,0.0,0.0,0.0,6.412799999999999,6.412799999999999,6.4172
1893,0.0,0.0064,0.0064,0.0011,0.0,1.0,0.0,7.7263,0.0,0.0,0.0,0.0,7.7263,7.7263,7.7233
1894,0.0,0.0058,0.0058,0.001,0.0,1.0,0.0,6.9109,0.0,0.0,0.0,0.0,6.910900000000001,6.910900000000001,6.9092
1895,0.0,0.0054,0.0054,0.001,0.0,1.0,0.0,7.2761,0.0,0.0,0.0,0.0,7.2761000000000005,7.2761000000000005,7.2727
1896,0.0,0.006,0.006,0.0011,0.0,1.0,0.0,6.8595,0.0,0.0,0.0,0.0,6.8595,6.8595,6.8635
1897,0.0,0.0059,0.0059,0.0011,0.0,1.0,0.0,7.9797,0.0,0.0,0.0,0.0,7.979700000000001,7.979700000000001,7.9799
1898,0.0,0.0059,0.0059,0.0011,0.0,1.0,0.0,7.931,0.0,0.0,0.0,0.0,7.931,7.931,7.9333
1899,0.0,0.0064,0.0064,0.0011,0.0,1.0,0.0,7.48,0.0,0.0,0.0,0.0,7.479999999999999,7.479999999999999,7.4794
1900,0.0,0.0061,0.0061,0.0011,0.0,1.0,0.0,7.3647,0.0,0.0,0.0,0.0,7.3647,7.3647,7.3656
1901,0.0,0.0066,0.0066,0.0012,0.0,1.0,0.0,8.1675,0.0,0.0,0.0,0.0,8.167499999999999,8.167499999999999,8.1706
1902,0.0,0.0051,0.0051,0.0009,0.0,1.0,0.0,6.7501,0.0,0.0,0.0,0.0,6.7501,6.7501,6.7495
1903,0.0,0.0065,0.0065,0.0012,0.0,1.0,0.0,6.8524,0.0,0.0,0.0,0.0,6.8524,6.8524,6.848
1904,0.0,0.0064,0.0064,0.0012,0.0,1.0,0.0,7.2016,0.0,0.0,0.0,0.0,7.201599999999999,7.201599999999999,7.2054
1905,0.0,0.0065,0.0065,0.0012,0.0,1.0,0.0,8.006,0.0,0.0,0.0,0.0,8.006,8.006,8.0018
1906,0.0,0.0059,0.0059,0.0011,0.0,1.0,0.0,7.3778,0.0,0.0,0.0,0.0,7.377800000000001,7.377800000000001,7.3814
1907,0.0,0.0067,0.0067,0.0012,0.0,1.0,0.0,8.1212,0.0,0.0,0.0,0.0,8.1212,8.1212,8.1174
1908,0.0,0.0061,0.0061,0.0011,0.0,1.0,0.0,7.216,0.0,0.0,0.0,0.0,7.216,7.216,7.2149
1909,0.0,0.0061,0.0061,0.0011,0.0,1.0,0.0,7.3141,0.0,0.0,0.0,0.0,7.3141,7.3141,7.313
1910,0.0,0.005,0.005,0.0009,0.0,1.0,0.0,7.2113,0.0,0.0,0.0,0.0,7.2113,7.2113,7.2071
1911,0.0,0.0054,0.0054,0.001,0.0,1.0,0.0,7.6543,0.0,0.0,0.0,0.0,7.654299999999999,7.654299999999999,7.6545
1912,0.0,0.007,0.007,0.0013,0.0,1.0,0.0,7.6654,0.0,0.0,0.0,0.0,7.6654,7.6654,7.668
1913,0.0,0.0054,0.0054,0.001,0.0,1.0,0.0,7.3774,0.0,0.0,0.0,0.0,7.3774,7.3774,7.3764
1914,0.0,0.0052,0.0052,0.0009,0.0,1.0,0.0,7.397,0.0,0.0,0.0,0.0,7.396999999999999,7.396999999999999,7.3965
1915,0.0,0.0063,0.0063,0.0011,0.0,1.0,0.0,7.9537,0.0,0.0,0.0,0.0,7.9537,7.9537,7.9538
1916,0.0,0.0059,0.0059,0.0011,0.0,1.0,0.0,7.8892,0.0,0.0,0.0,0.0,7.8892,7.8892,7.891
1917,0.0,0.0059,0.0059,0.0011,0.0,1.0,0.0,7.2534,0.0,0.0,0.0,0.0,7.2534,7.2534,7.2553
1918,0.0,0.0071,0.0071,0.0013,0.0,1.0,0.0,7.9284,0.0,0.0,0.0,0.0,7.9284,7.9284,7.9243
1919,0.0,0.006,0.006,0.0011,0.0,1.0,0.0,7.5227,0.0,0.0,0.0,0.0,7.5226999999999995,7.5226999999999995,7.5274
1920,0.0,0.0054,0.0054,0.001,0.0,1.0,0.0,7.1619,0.0,0.0,0.0,0.0,7.1619,7.1619,7.1641
1921,0.0,0.0067,0.0067,0.0012,0.0,1.0,0.0,7.2087,0.0,0.0,0.0,0.0,7.208699999999999,7.208699999999999,7.2121
1922,0.0,0.0053,0.0053,0.001,0.0,1.0,0.0,7.9631,0.0,0.0,0.0,0.0,7.963099999999999,7.963099999999999,7.9674
1923,0.0,0.0065,0.0065,0.0012,0.0,1.0,0.0,7.5559,0.0,0.0,0.0,0.0,7.555899999999999,7.555899999999999,7.5522
1924,0.0,0.0065,0.0065,0.0012,0.0,1.0,0.0,8.1542,0.0,0.0,0.0,0.0,8.1542,8.1542,8.1565
1925,0.0,0.0071,0.0071,0.0013,0.0,1.0,0.0,7.3645,0.0,0.0,0.0,0.0,7.3645000000000005,7.3645000000000005,7.3614
1926,0.0,0.0062,0.0062,0.0011,0.0,1.0,0.0,8.0571,0.0,0.0,0.0,0.0,8.0571,8.0571,8.0534
1927,0.0,0.0054,0.0054,0.001,0.0,1.0,0.0,7.2479,0.0,0.0,0.0,0.0,7.247900000000001,7.247900000000001,7.2481
1928,0.0,0.007,0.007,0.0013,0.0,1.0,0.0,7.4145,0.0,0.0,0.0,0.0,7.414500000000001,7.414500000000001,7.4113
1929,0.0,0.0049,0.0049,0.0009,0.0,1.0,0.0,6.7655,0.0,0.0,0.0,0.0,6.765499999999999,6.765499999999999,6.7679
1930,0.0,0.0058,0.0058,0.001,0.0,1.0,0.0,7.181,0.0,0.0,0.0,0.0,7.181,7.181,7.1836
1931,0.0,0.0056,0.0056,0.001,0.0,1.0,0.0,7.3235,0.0,0.0,0.0,0.0,7.3235,7.3235,7.3272
1932,0.0,0.0057,0.0057,0.001,0.0,1.0,0.0,7.9987,0.0,0.0,0.0,0.0,7.9987,7.9987,8.0026
1933,0.0,0.0054,0.0054,0.001,0.0,1.0,0.0,6.9058,0.0,0.0,0.0,0.0,6.905799999999999,6.905799999999999,6.9023
1934,0.0,0.0058,0.0058,0.0011,0.0,1.0,0.0,7.1298,0.0,0.0,0.0,0.0,7.1297999999999995,7.1297999999999995,7.1319
1935,0.0,0.0048,0.0048,0.0009,0.0,1.0,0.0,6.6045,0.0,0.0,0.0,0.0,6.604500000000001,6.604500000000001,6.6004
1936,0.0,0.0062,0.0062,0.0011,0.0,1.0,0.0,7.7471,0.0,0.0,0.0,0.0,7.7471,7.7471,7.7517
1937,0.0,0.0064,0.0064,0.0012,0.0,1.0,0.0,8.3291,0.0,0.0,0.0,0.0,8.3291,8.3291,8.3329
1938,0.0,0.0046,0.0046,0.0008,0.0,1.0,0.0,6.3516,0.0,0.0,0.0,0.0,6.3516,6.3516,6.3548
1939,0.0,0.0065,0.0065,0.0012,0.0,1.0,0.0,7.5131,0.0,0.0,0.0,0.0,7.5131000000000006,7.5131000000000006,7.511
1940,0.0,0.0058,0.0058,0.001,0.0,1.0,0.0,6.3974,0.0,0.0,0.0,0.0,6.397400000000001,6.397400000000001,6.4013
1941,0.0,0.0055,0.0055,0.001,0.0,1.0,0.0,7.3792,0.0,0.0,0.0,0.0,7.3792,7.3792,7.3816
1942,0.0,0.0071,0.0071,0.0013,0.0,1.0,0.0,8.62,0.0,0.0,0.0,0.0,8.62,8.62,8.6159
1943,0.0,0.0053,0.0053,0.001,0.0,1.0,0.0,6.4755,0.0,0.0,0.0,0.0,6.4755,6.4755,6.4748
1944,0.0,0.005,0.005,0.0009,0.0,1.0,0.0,6.2534,0.0,0.0,0.0,0.0,6.2534,6.2534,6.2568
1945,0.0,0.0059,0.0059,0.0011,0.0,1.0,0.0,7.0427,0.0,0.0,0.0,0.0,7.0427,7.0427,7.0447
1946,0.0,0.0063,0.0063,0.0011,0.0,1.0,0.0,7.903,0.0,0.0,0.0,0.0,7.9030000000000005,7.9030000000000005,7.9078
1947,0.0,0.0057,0.0057,0.001,0.0,1.0,0.0,6.5362,0.0,0.0,0.0,0.0,6.5362,6.5362,6.5398
1948,0.0,0.0066,0.0066,0.0012,0.0,1.0,0.0,8.0322,0.0,0.0,0.0,0.0,8.0322,8.0322,8.0372
1949,0.0,0.0054,0.0054,0.001,0.0,1.0,0.0,7.6689,0.0,0.0,0.0,0.0,7.668900000000001,7.668900000000001,7.6664
1950,0.0,0.0061,0.0061,0.0011,0.0,1.0,0.0,7.3873,0.0,0.0,0.0,0.0,7.3873,7.3873,7.385
1951,0.0,0.0074,0.0074,0.0013,0.0,1.0,0.0,7.8093,0.0,0.0,0.0,0.0,7.8093,7.8093,7.8112
1952,0.0,0.005,0.005,0.0009,0.0,1.0,0.0,7.4359,0.0,0.0,0.0,0.0,7.435899999999999,7.435899999999999,7.4405
1953,0.0,0.0075,0.0075,0.0013,0.0,1.0,0.0,7.5021,0.0,0.0,0.0,0.0,7.5021,7.5021,7.5018
1954,0.0,0.0062,0.0062,0.0011,0.0,1.0,0.0,6.8947,0.0,0.0,0.0,0.0,6.894699999999999,6.894699999999999,6.8962
1955,0.0,0.005,0.005,0.0009,0.0,1.0,0.0,7.1766,0.0,0.0,0.0,0.0,7.1766000000000005,7.1766000000000005,7.1812
1956,0.0,0.0068,0.0068,0.0012,0.0,1.0,0.0,7.73,0.0,0.0,0.0,0.0,7.73,7.73,7.7309
1957,0.0,0.0046,0.0046,0.0008,0.0,1.0,0.0,6.3196,0.0,0.0,0.0,0.0,6.319599999999999,6.319599999999999,6.3177
1958,0.0,0.0059,0.0059,0.0011,0.0,1.0,0.0,7.0639,0.0,0.0,0.0,0.0,7.0639,7.0639,7.0639
1959,0.0,0.006,0.006,0.0011,0.0,1.0,0.0,7.4028,0.0,0.0,0.0,0.0,7.402799999999999,7.402799999999999,7.4034
1960,0.0,0.0058,0.0058,0.001,0.0,1.0,0.0,6.2041,0.0,0.0,0.0,0.0,6.2041,6.2041,6.2075
1961,0.0,0.0059,0.0059,0.0011,0.0,1.0,0.0,7.4582,0.0,0.0,0.0,0.0,7.4582,7.4582,7.4572
1962,0.0,0.0069,0.0069,0.0012,0.0,1.0,0.0,7.6384,0.0,0.0,0.0,0.0,7.6384,7.6384,7.6339
1963,0.0,0.0064,0.0064,0.0011,0.0,1.0,0.0,7.7389,0.0,0.0,0.0,0.0,7.738899999999999,7.738899999999999,7.7393
1964,0.0,0.0047,0.0047,0.0008,0.0,1.0,0.0,7.2009,0.0,0.0,0.0,0.0,7.2009,7.2009,7.1988
1965,0.0,0.0056,0.0056,0.001,0.0,1.0,0.0,6.983,0.0,0.0,0.0,0.0,6.9830000000000005,6.9830000000000005,6.9846
1966,0.0,0.008,0.008,0.0014,0.0,1.0,0.0,8.0449,0.0,0.0,0.0,0.0,8.0449,8.0449,8.0465
1967,0.0,0.0063,0.0063,0.0011,0.0,1.0,0.0,7.3689,0.0,0.0,0.0,0.0,7.368900000000001,7.368900000000001,7.3715
1968,0.0,0.0072,0.0072,0.0013,0.0,1.0,0.0,7.7858,0.0,0.0,0.0,0.0,7.7858,7.7858,7.7867
1969,0.0,0.0058,0.0058,0.001,0.0,1.0,0.0,7.0764,0.0,0.0,0.0,0.0,7.0764,7.0764,7.0772
1970,0.0,0.0066,0.0066,0.0012,0.0,1.0,0.0,7.7326,0.0,0.0,0.0,0.0,7.732600000000001,7.732600000000001,7.7322
1971,0.0,0.005,0.005,0.0009,0.0,1.0,0.0,7.1654,0.0,0.0,0.0,0.0,7.165400000000001,7.165400000000001,7.1683
1972,0.0,0.0059,0.0059,0.0011,0.0,1.0,0.0,6.8082,0.0,0.0,0.0,0.0,6.808199999999999,6.808199999999999,6.8123
1973,0.0,0.0061,0.0061,0.0011,0.0,1.0,0.0,7.9453,0.0,0.0,0.0,0.0,7.9453000000000005,7.9453000000000005,7.9497
1974,0.0,0.0058,0.0058,0.0011,0.0,1.0,0.0,8.008,0.0,0.0,0.0,0.0,8.008,8.008,8.0124
1975,0.0,0.0065,0.0065,0.0012,0.0,1.0,0.0,7.4328,0.0,0.0,0.0,0.0,7.4328,7.4328,7.428
1976,0.0,0.0071,0.0071,0.0013,0.0,1.0,0.0,8.4525,0.0,0.0,0.0,0.0,8.4525,8.4525,8.455
1977,0.0,0.0064,0.0064,0.0012,0.0,1.0,0.0,7.8406,0.0,0.0,0.0,0.0,7.8406,7.8406,7.8445
1978,0.0,0.0061,0.0061,0.0011,0.0,1.0,0.0,7.8304,0.0,0.0,0.0,0.0,7.8304,7.8304,7.8267
1979,0.0,0.0053,0.0053,0.001,0.0,1.0,0.0,6.4828,0.0,0.0,0.0,0.0,6.4828,6.4828,6.4797
1980,0.0,0.0059,0.0059,0.0011,0.0,1.0,0.0,6.6123,0.0,0.0,0.0,0.0,6.6123,6.6123,6.6108
1981,0.0,0.0051,0.0051,0.0009,0.0,1.0,0.0,7.0495,0.0,0.0,0.0,0.0,7.049499999999999,7.049499999999999,7.0517
1982,0.0,0.0073,0.0073,0.0013,0.0,1.0,0.0,8.1049,0.0,0.0,0.0,0.0,8.104899999999999,8.104899999999999,8.1033
1983,0.0,0.006,0.006,0.0011,0.0,1.0,0.0,7.2576,0.0,0.0,0.0,0.0,7.2576,7.2576,7.2596
1984,0.0,0.0066,0.0066,0.0012,0.0,1.0,0.0,7.6352,0.0,0.0,0.0,0.0,7.635199999999999,7.635199999999999,7.6306
1985,0.0,0.0061,0.0061,0.0011,0.0,1.0,0.0,7.5008,0.0,0.0,0.0,0.0,7.5008,7.5008,7.4983
1986,0.0,0.007,0.007,0.0013,0.0,1.0,0.0,8.0059,0.0,0.0,0.0,0.0,8.0059,8.0059,8.0042
1987,0.0,0.0057,0.0057,0.001,0.0,1.0,0.0,7.2042,0.0,0.0,0.0,0.0,7.2042,7.2042,7.209
1988,0.0,0.0058,0.0058,0.001,0.0,1.0,0.0,7.3169,0.0,0.0,0.0,0.0,7.3169,7.3169,7.3128
1989,0.0,0.0066,0.0066,0.0012,0.0,1.0,0.0,6.7696,0.0,0.0,0.0,0.0,6.7696,6.7696,6.772
1990,0.0,0.0054,0.0054,0.001,0.0,1.0,0.0,6.8365,0.0,0.0,0.0,0.0,6.8365,6.8365,6.8401
1991,0.0,0.0063,0.0063,0.0011,0.0,1.0,0.0,8.1325,0.0,0.0,0.0,0.0,8.1325,8.1325,8.1369
1992,0.0,0.0067,0.0067,0.0012,0.0,1.0,0.0,8.406,0.0,0.0,0.0,0.0,8.406,8.406,8.4039
1993,0.0,0.0059,0.0059,0.0011,0.0,1.0,0.0,7.6147,0.0,0.0,0.0,0.0,7.6147,7.6147,7.6147
1994,0.0,0.0066,0.0066,0.0012,0.0,1.0,0.0,8.6965,0.0,0.0,0.0,0.0,8.6965,8.6965,8.6934
1995,0.0,0.0062,0.0062,0.0011,0.0,1.0,0.0,7.7357,0.0,0.0,0.0,0.0,7.7357000000000005,7.7357000000000005,7.7324
1996,0.0,0.0071,0.0071,0.0013,0.0,1.0,0.0,7.9895,0.0,0.0,0.0,0.0,7.9895000000000005,7.9895000000000005,7.9934
1997,0.0,0.0054,0.0054,0.001,0.0,1.0,0.0,7.5766,0.0,0.0,0.0,0.0,7.5766,7.5766,7.5804
1998,0.0,0.0049,0.0049,0.0009,0.0,1.0,0.0,6.9781,0.0,0.0,0.0,0.0,6.9780999999999995,6.9780999999999995,6.9819
1999,0.0,0.0068,0.0068,0.0012,0.0,1.0,0.0,7.4681,0.0,0.0,0.0,0.0,7.468100000000001,7.468100000000001,7.4708
2000,0.0,0.0067,0.0067,0.0012,0.0,1.0,0.0,7.0875,0.0,0.0,0.0,0.0,7.0875,7.0875,7.0885
2001,0.0,0.0056,0.0056,0.001,0.0,1.0,0.0,7.6434,0.0,0.0,0.0,0.0,7.6434000000000015,7.6434000000000015,7.6477
2002,0.0,0.0059,0.0059,0.0011,0.0,1.0,0.0,7.7167,0.0,0.0,0.0,0.0,7.7166999999999994,7.7166999999999994,7.7136
2003,0.0,0.0068,0.0068,0.0012,0.0,1.0,0.0,7.5306,0.0,0.0,0.0,0.0,7.530600000000001,7.530600000000001,7.5352
2004,0.0,0.0053,0.0053,0.001,0.0,1.0,0.0,6.8933,0.0,0.0,0.0,0.0,6.893299999999999,6.893299999999999,6.8939
2005,0.0,0.0068,0.0068,0.0012,0.0,1.0,0.0,7.8973,0.0,0.0,0.0,0.0,7.8973,7.8973,7.8927
2006,0.0,0.0068,0.0068,0.0012,0.0,1.0,0.0,8.0857,0.0,0.0,0.0,0.0,8.085700000000001,8.085700000000001,8.0879
2007,0.0,0.0067,0.0067,0.0012,0.0,1.0,0.0,7.2697,0.0,0.0,0.0,0.0,7.2697,7.2697,7.2744
2008,0.0,0.0073,0.0073,0.0013,0.0,1.0,0.0,8.427,0.0,0.0,0.0,0.0,8.427,8.427,8.4259
2009,0.0,0.0061,0.0061,0.0011,0.0,1.0,0.0,6.3534,0.0,0.0,0.0,0.0,6.3534,6.3534,6.3532
2010,0.0,0.0066,0.0066,0.0012,0.0,1.0,0.0,8.6928,0.0,0.0,0.0,0.0,8.692800000000002,8.692800000000002,8.6954
2011,0.0,0.006,0.006,0.0011,0.0,1.0,0.0,7.1235,0.0,0.0,0.0,0.0,7.1235,7.1235,7.1266
2012,0.0,0.0054,0.0054,0.001,0.0,1.0,0.0,7.1023,0.0,0.0,0.0,0.0,7.1023000000000005,7.1023000000000005,7.1043
2013,0.0,0.0063,0.0063,0.0011,0.0,1.0,0.0,7.7721,0.0,0.0,0.0,0.0,7.7721,7.7721,7.7743
2014,0.0,0.006,0.006,0.0011,0.0,1.0,0.0,7.6649,0.0,0.0,0.0,0.0,7.664899999999999,7.664899999999999,7.6698
2015,0.0,0.006,0.006,0.0011,0.0,1.0,0.0,7.3767,0.0,0.0,0.0,0.0,7.3767,7.3767,7.3735
2016,0.0,0.0051,0.0051,0.0009,0.0,1.0,0.0,7.6225,0.0,0.0,0.0,0.0,7.6225000000000005,7.6225000000000005,7.6203
2017,0.0,0.0057,0.0057,0.001,0.0,1.0,0.0,7.8822,0.0,0.0,0.0,0.0,7.8822,7.8822,7.8807
2018,0.0,0.006,0.006,0.0011,0.0,1.0,0.0,6.9785,0.0,0.0,0.0,0.0,6.9785,6.9785,6.9759
2019,0.0,0.0071,0.0071,0.0013,0.0,1.0,0.0,7.9218,0.0,0.0,0.0,0.0,7.921799999999999,7.921799999999999,7.9206
2020,0.0,0.0053,0.0053,0.001,0.0,1.0,0.0,7.5874,0.0,0.0,0.0,0.0,7.5874,7.5874,7.5893
2021,0.0,0.0068,0.0068,0.0012,0.0,1.0,0.0,7.7113,0.0,0.0,0.0,0.0,7.7113,7.7113,7.708
2022,0.0,0.0047,0.0047,0.0009,0.0,1.0,0.0,6.7257,0.0,0.0,0.0,0.0,6.7257,6.7257,6.7306
2023,0.0,0.0057,0.0057,0.001,0.0,1.0,0.0,7.3815,0.0,0.0,0.0,0.0,7.381499999999999,7.381499999999999,7.3819
2024,0.0,0.0056,0.0056,0.001,0.0,1.0,0.0,6.7927,0.0,0.0,0.0,0.0,6.7927,6.7927,6.7962
2025,0.0,0.0054,0.0054,0.001,0.0,1.0,0.0,7.8034,0.0,0.0,0.0,0.0,7.8034,7.8034,7.805
2026,0.0,0.0045,0.0045,0.0008,0.0,1.0,0.0,6.986,0.0,0.0,0.0,0.0,6.986000000000001,6.986000000000001,6.9898
2027,0.0,0.0062,0.0062,0.0011,0.0,1.0,0.0,8.2157,0.0,0.0,0.0,0.0,8.2157,8.2157,8.2141
2028,0.0,0.0059,0.0059,0.0011,0.0,1.0,0.0,7.6758,0.0,0.0,0.0,0.0,7.6758,7.6758,7.6751
2029,0.0,0.0067,0.0067,0.0012,0.0,1.0,0.0,7.8925,0.0,0.0,0.0,0.0,7.8925,7.8925,7.8958
2030,0.0,0.0066,0.0066,0.0012,0.0,1.0,0.0,7.5778,0.0,0.0,0.0,0.0,7.5778,7.5778,7.5737
2031,0.0,0.0053,0.0053,0.001,0.0,1.0,0.0,7.7433,0.0,0.0,0.0,0.0,7.7433,7.7433,7.7433
2032,0.0,0.0054,0.0054,0.001,0.0,1.0,0.0,7.5193,0.0,0.0,0.0,0.0,7.5193,7.5193,7.5158
2033,0.0,0.0059,0.0059,0.0011,0.0,1.0,0.0,7.6838,0.0,0.0,0.0,0.0,7.6838,7.6838,7.6865
2034,0.0,0.0056,0.0056,0.001,0.0,1.0,0.0,7.5433,0.0,0.0,0.0,0.0,7.5433,7.5433,7.5457
2035,0.0,0.0061,0.0061,0.0011,0.0,1.0,0.0,7.7371,0.0,0.0,0.0,0.0,7.737100000000001,7.737100000000001,7.7357
2036,0.0,0.0047,0.0047,0.0008,0.0,1.0,0.0,6.7718,0.0,0.0,0.0,0.0,6.7718,6.7718,6.7738
2037,0.0,0.0056,0.0056,0.001,0.0,1.0,0.0,6.5604,0.0,0.0,0.0,0.0,6.560399999999999,6.560399999999999,6.5563
2038,0.0,0.0065,0.0065,0.0012,0.0,1.0,0.0,7.2956,0.0,0.0,0.0,0.0,7.295599999999999,7.295599999999999,7.2939
2039,0.0,0.0055,0.0055,0.001,0.0,1.0,0.0,7.2727,0.0,0.0,0.0,0.0,7.2727,7.2727,7.2681
2040,0.0,0.0062,0.0062,0.0011,0.0,1.0,0.0,7.8911,0.0,0.0,0.0,0.0,7.891099999999999,7.891099999999999,7.8956
2041,0.0,0.0069,0.0069,0.0012,0.0,1.0,0.0,7.0176,0.0,0.0,0.0,0.0,7.0176,7.0176,7.0215
2042,0.0,0.0055,0.0055,0.001,0.0,1.0,0.0,6.7088,0.0,0.0,0.0,0.0,6.7088,6.7088,6.7133
2043,0.0,0.0055,0.0055,0.001,0.0,1.0,0.0,6.3158,0.0,0.0,0.0,0.0,6.3158,6.3158,6.3181
2044,0.0,0.0066,0.0066,0.0012,0.0,1.0,0.0,7.2973,0.0,0.0,0.0,0.0,7.2973,7.2973,7.2977
2045,0.0,0.0067,0.0067,0.0012,0.0,1.0,0.0,7.7593,0.0,0.0,0.0,0.0,7.7593000000000005,7.7593000000000005,7.7562
2046,0.0,0.0059,0.0059,0.0011,0.0,1.0,0.0,7.7135,0.0,0.0,0.0,0.0,7.7135,7.7135,7.7174
2047,0.0,0.0055,0.0055,0.001,0.0,1.0,0.0,7.7285,0.0,0.0,0.0,0.0,7.7285,7.7285,7.7264
2048,0.0,0.0062,0.0062,0.0011,0.0,1.0,0.0,7.7903,0.0,0.0,0.0,0.0,7.790299999999999,7.790299999999999,7.7926
2049,0.0,0.0062,0.0062,0.0011,0.0,1.0,0.0,7.3717,0.0,0.0,0.0,0.0,7.3717,7.3717,7.3742
2050,0.0,0.0063,0.0063,0.0011,0.0,1.0,0.0,7.8771,0.0,0.0,0.0,0.0,7.8770999999999995,7.8770999999999995,7.8807
2051,0.0,0.0061,0.0061,0.0011,0.0,1.0,0.0,8.2935,0.0,0.0,0.0,0.0,8.2935,8.2935,8.2891
2052,0.0,0.0053,0.0053,0.001,0.0,1.0,0.0,6.6331,0.0,0.0,0.0,0.0,6.633100000000001,6.633100000000001,6.6375
2053,0.0,0.0068,0.0068,0.0012,0.0,1.0,0.0,7.7932,0.0,0.0,0.0,0.0,7.793200000000001,7.793200000000001,7.7944
2054,0.0,0.0065,0.0065,0.0012,0.0,1.0,0.0,7.9075,0.0,0.0,0.0,0.0,7.907500000000001,7.907500000000001,7.9112
2055,0.0,0.0056,0.0056,0.001,0.0,1.0,0.0,7.5306,0.0,0.0,0.0,0.0,7.530600000000001,7.530600000000001,7.5271
2056,0.0,0.0065,0.0065,0.0012,0.0,1.0,0.0,7.7788,0.0,0.0,0.0,0.0,7.7788,7.7788,7.7756
2057,0.0,0.0069,0.0069,0.0013,0.0,1.0,0.0,7.8441,0.0,0.0,0.0,0.0,7.844100000000001,7.844100000000001,7.8401
2058,0.0,0.0067,0.0067,0.0012,0.0,1.0,0.0,8.481,0.0,0.0,0.0,0.0,8.481,8.481,8.4816
2059,0.0,0.0041,0.0041,0.0007,0.0,1.0,0.0,6.4662,0.0,0.0,0.0,0.0,6.4662,6.4662,6.47
2060,0.0,0.0064,0.0064,0.0011,0.0,1.0,0.0,8.2737,0.0,0.0,0.0,0.0,8.273700000000002,8.273700000000002,8.2697
2061,0.0,0.0073,0.0073,0.0013,0.0,1.0,0.0,7.9594,0.0,0.0,0.0,0.0,7.9594,7.9594,7.9621
2062,0.0,0.0068,0.0068,0.0012,0.0,1.0,0.0,7.7121,0.0,0.0,0.0,0.0,7.7121,7.7121,7.7114
2063,0.0,0.0053,0.0053,0.001,0.0,1.0,0.0,6.9059,0.0,0.0,0.0,0.0,6.9059,6.9059,6.9035
2064,0.0,0.0045,0.0045,0.0008,0.0,1.0,0.0,6.6312,0.0,0.0,0.0,0.0,6.6312,6.6312,6.6348
2065,0.0,0.0065,0.0065,0.0012,0.0,1.0,0.0,7.6456,0.0,0.0,0.0,0.0,7.6456,7.6456,7.6464
2066,0.0,0.0056,0.0056,0.001,0.0,1.0,0.0,7.0985,0.0,0.0,0.0,0.0,7.098499999999999,7.098499999999999,7.0952
2067,0.0,0.0069,0.0069,0.0012,0.0,1.0,0.0,7.8918,0.0,0.0,0.0,0.0,7.891800000000001,7.891800000000001,7.8938
2068,0.0,0.0065,0.0065,0.0012,0.0,1.0,0.0,7.8319,0.0,0.0,0.0,0.0,7.831899999999999,7.831899999999999,7.8294
2069,0.0,0.0052,0.0052,0.0009,0.0,1.0,0.0,7.2679,0.0,0.0,0.0,0.0,7.2679,7.2679,7.2695
2070,0.0,0.0054,0.0054,0.001,0.0,1.0,0.0,7.275,0.0,0.0,0.0,0.0,7.2749999999999995,7.2749999999999995,7.2766
2071,0.0,0.0056,0.0056,0.001,0.0,1.0,0.0,6.3031,0.0,0.0,0.0,0.0,6.303100000000001,6.303100000000001,6.3009
2072,0.0,0.0066,0.0066,0.0012,0.0,1.0,0.0,7.162,0.0,0.0,0.0,0.0,7.162000000000001,7.162000000000001,7.1578
2073,0.0,0.0056,0.0056,0.001,0.0,1.0,0.0,7.0117,0.0,0.0,0.0,0.0,7.011699999999999,7.011699999999999,7.0075
2074,0.0,0.0064,0.0064,0.0011,0.0,1.0,0.0,7.6135,0.0,0.0,0.0,0.0,7.6135,7.6135,7.612
2075,0.0,0.0061,0.0061,0.0011,0.0,1.0,0.0,8.5654,0.0,0.0,0.0,0.0,8.5654,8.5654,8.5682
2076,0.0,0.0047,0.0047,0.0008,0.0,1.0,0.0,7.2078,0.0,0.0,0.0,0.0,7.2078,7.2078,7.2061
2077,0.0,0.005,0.005,0.0009,0.0,1.0,0.0,6.7329,0.0,0.0,0.0,0.0,6.7329,6.7329,6.7312
2078,0.0,0.0068,0.0068,0.0012,0.0,1.0,0.0,7.8552,0.0,0.0,0.0,0.0,7.8552,7.8552,7.8572
2079,0.0,0.0059,0.0059,0.0011,0.0,1.0,0.0,7.2141,0.0,0.0,0.0,0.0,7.2141,7.2141,7.2179
2080,0.0,0.0048,0.0048,0.0009,0.0,1.0,0.0,6.9151,0.0,0.0,0.0,0.0,6.9151,6.9151,6.9154
2081,0.0,0.0063,0.0063,0.0011,0.0,1.0,0.0,8.5675,0.0,0.0,0.0,0.0,8.567499999999999,8.567499999999999,8.5665
2082,0.0,0.005,0.005,0.0009,0.0,1.0,0.0,6.8359,0.0,0.0,0.0,0.0,6.8359000000000005,6.8359000000000005,6.8373
2083,0.0,0.0055,0.0055,0.001,0.0,1.0,0.0,7.577,0.0,0.0,0.0,0.0,7.577,7.577,7.58
2084,0.0,0.0068,0.0068,0.0012,0.0,1.0,0.0,8.0063,0.0,0.0,0.0,0.0,8.0063,8.0063,8.0064
2085,0.0,0.0057,0.0057,0.001,0.0,1.0,0.0,7.6298,0.0,0.0,0.0,0.0,7.6297999999999995,7.6297999999999995,7.6296
2086,0.0,0.0076,0.0076,0.0014,0.0,1.0,0.0,7.7051,0.0,0.0,0.0,0.0,7.7051,7.7051,7.7065
2087,0.0,0.0068,0.0068,0.0012,0.0,1.0,0.0,7.6801,0.0,0.0,0.0,0.0,7.6800999999999995,7.6800999999999995,7.6794
2088,0.0,0.0054,0.0054,0.001,0.0,1.0,0.0,7.5626,0.0,0.0,0.0,0.0,7.562600000000001,7.562600000000001,7.5652
2089,0.0,0.0058,0.0058,0.001,0.0,1.0,0.0,7.0506,0.0,0.0,0.0,0.0,7.050599999999999,7.050599999999999,7.0554
2090,0.0,0.0048,0.0048,0.0009,0.0,1.0,0.0,6.0635,0.0,0.0,0.0,0.0,6.0635,6.0635,6.0623
2091,0.0,0.0055,0.0055,0.001,0.0,1.0,0.0,7.2152,0.0,0.0,0.0,0.0,7.2152,7.2152,7.2148
2092,0.0,0.0063,0.0063,0.0011,0.0,1.0,0.0,7.6562,0.0,0.0,0.0,0.0,7.6562,7.6562,7.6585
2093,0.0,0.0059,0.0059,0.0011,0.0,1.0,0.0,7.0949,0.0,0.0,0.0,0.0,7.0949,7.0949,7.0957
2094,0.0,0.0068,0.0068,0.0012,0.0,1.0,0.0,7.9756,0.0,0.0,0.0,0.0,7.975600000000001,7.975600000000001,7.971
2095,0.0,0.0059,0.0059,0.0011,0.0,1.0,0.0,7.3167,0.0,0.0,0.0,0.0,7.3167,7.3167,7.3176
2096,0.0,0.0059,0.0059,0.0011,0.0,1.0,0.0,6.6219,0.0,0.0,0.0,0.0,6.621899999999999,6.621899999999999,6.6238
2097,0.0,0.0046,0.0046,0.0008,0.0,1.0,0.0,6.7772,0.0,0.0,0.0,0.0,6.7772,6.7772,6.7793
2098,0.0,0.008,0.008,0.0014,0.0,1.0,0.0,8.2184,0.0,0.0,0.0,0.0,8.2184,8.2184,8.2209
2099,0.0,0.006,0.006,0.0011,0.0,1.0,0.0,7.8262,0.0,0.0,0.0,0.0,7.8262,7.8262,7.8223
2100,0.0,0.005,0.005,0.0009,0.0,1.0,0.0,6.7579,0.0,0.0,0.0,0.0,6.757899999999999,6.757899999999999,6.7587
2101,0.0,0.006,0.006,0.0011,0.0,1.0,0.0,7.3209,0.0,0.0,0.0,0.0,7.3209,7.3209,7.3196
2102,0.0,0.0075,0.0075,0.0014,0.0,1.0,0.0,8.9476,0.0,0.0,0.0,0.0,8.947600000000001,8.947600000000001,8.9444
2103,0.0,0.0057,0.0057,0.001,0.0,1.0,0.0,7.573,0.0,0.0,0.0,0.0,7.5729999999999995,7.5729999999999995,7.5698
2104,0.0,0.0059,0.0059,0.0011,0.0,1.0,0.0,7.6386,0.0,0.0,0.0,0.0,7.6386,7.6386,7.6344
2105,0.0,0.0064,0.0064,0.0012,0.0,1.0,0.0,7.0303,0.0,0.0,0.0,0.0,7.0303,7.0303,7.0266
2106,0.0,0.0064,0.0064,0.0012,0.0,1.0,0.0,7.6464,0.0,0.0,0.0,0.0,7.6464,7.6464,7.6433
2107,0.0,0.0064,0.0064,0.0011,0.0,1.0,0.0,8.2644,0.0,0.0,0.0,0.0,8.2644,8.2644,8.265
2108,0.0,0.0061,0.0061,0.0011,0.0,1.0,0.0,7.8774,0.0,0.0,0.0,0.0,7.8774,7.8774,7.8781
2109,0.0,0.0065,0.0065,0.0012,0.0,1.0,0.0,7.8098,0.0,0.0,0.0,0.0,7.8098,7.8098,7.8109
2110,0.0,0.0047,0.0047,0.0008,0.0,1.0,0.0,7.2034,0.0,0.0,0.0,0.0,7.203399999999999,7.203399999999999,7.1993
2111,0.0,0.0059,0.0059,0.0011,0.0,1.0,0.0,6.5019,0.0,0.0,0.0,0.0,6.501900000000001,6.501900000000001,6.5014
2112,0.0,0.0056,0.0056,0.001,0.0,1.0,0.0,7.0346,0.0,0.0,0.0,0.0,7.034599999999999,7.034599999999999,7.0348
2113,0.0,0.0064,0.0064,0.0011,0.0,1.0,0.0,7.7239,0.0,0.0,0.0,0.0,7.7238999999999995,7.7238999999999995,7.7282
2114,0.0,0.0062,0.0062,0.0011,0.0,1.0,0.0,7.8861,0.0,0.0,0.0,0.0,7.8861,7.8861,7.8904
2115,0.0,0.0063,0.0063,0.0011,0.0,1.0,0.0,7.6993,0.0,0.0,0.0,0.0,7.6993,7.6993,7.6992
2116,0.0,0.0059,0.0059,0.0011,0.0,1.0,0.0,8.4228,0.0,0.0,0.0,0.0,8.422799999999999,8.422799999999999,8.4271
2117,0.0,0.0063,0.0063,0.0011,0.0,1.0,0.0,7.6688,0.0,0.0,0.0,0.0,7.6688,7.6688,7.6653
2118,0.0,0.0061,0.0061,0.0011,0.0,1.0,0.0,7.5522,0.0,0.0,0.0,0.0,7.552200000000001,7.552200000000001,7.5553
2119,0.0,0.0062,0.0062,0.0011,0.0,1.0,0.0,7.6479,0.0,0.0,0.0,0.0,7.6479,7.6479,7.6456
2120,0.0,0.0059,0.0059,0.0011,0.0,1.0,0.0,7.5913,0.0,0.0,0.0,0.0,7.5913,7.5913,7.5926
2121,0.0,0.0072,0.0072,0.0013,0.0,1.0,0.0,8.0732,0.0,0.0,0.0,0.0,8.073200000000002,8.073200000000002,8.0719
2122,0.0,0.007,0.007,0.0013,0.0,1.0,0.0,8.1822,0.0,0.0,0.0,0.0,8.1822,8.1822,8.1774
2123,0.0,0.0054,0.0054,0.001,0.0,1.0,0.0,7.058,0.0,0.0,0.0,0.0,7.058,7.058,7.0563
2124,0.0,0.0062,0.0062,0.0011,0.0,1.0,0.0,7.2383,0.0,0.0,0.0,0.0,7.2383,7.2383,7.2343
2125,0.0,0.0059,0.0059,0.0011,0.0,1.0,0.0,7.5944,0.0,0.0,0.0,0.0,7.5944,7.5944,7.5897
2126,0.0,0.0046,0.0046,0.0008,0.0,1.0,0.0,6.4527,0.0,0.0,0.0,0.0,6.452700000000001,6.452700000000001,6.4569
2127,0.0,0.0053,0.0053,0.001,0.0,1.0,0.0,7.7431,0.0,0.0,0.0,0.0,7.7431,7.7431,7.7475
2128,0.0,0.0049,0.0049,0.0009,0.0,1.0,0.0,7.0191,0.0,0.0,0.0,0.0,7.0191,7.0191,7.0151
2129,0.0,0.0062,0.0062,0.0011,0.0,1.0,0.0,6.5558,0.0,0.0,0.0,0.0,6.5558000000000005,6.5558000000000005,6.5537
2130,0.0,0.0047,0.0047,0.0009,0.0,1.0,0.0,7.3934,0.0,0.0,0.0,0.0,7.3934,7.3934,7.397
2131,0.0,0.006,0.006,0.0011,0.0,1.0,0.0,6.6251,0.0,0.0,0.0,0.0,6.6251,6.6251,6.6275
2132,0.0,0.0051,0.0051,0.0009,0.0,1.0,0.0,7.3517,0.0,0.0,0.0,0.0,7.3517,7.3517,7.3483
2133,0.0,0.006,0.006,0.0011,0.0,1.0,0.0,7.6422,0.0,0.0,0.0,0.0,7.6422,7.6422,7.6391
2134,0.0,0.0065,0.0065,0.0012,0.0,1.0,0.0,7.9046,0.0,0.0,0.0,0.0,7.904599999999999,7.904599999999999,7.9026
2135,0.0,0.0057,0.0057,0.001,0.0,1.0,0.0,6.7883,0.0,0.0,0.0,0.0,6.7883000000000004,6.7883000000000004,6.7865
2136,0.0,0.0064,0.0064,0.0012,0.0,1.0,0.0,8.4058,0.0,0.0,0.0,0.0,8.4058,8.4058,8.4098
2137,0.0,0.0063,0.0063,0.0011,0.0,1.0,0.0,7.6358,0.0,0.0,0.0,0.0,7.635800000000001,7.635800000000001,7.6388
2138,0.0,0.0055,0.0055,0.001,0.0,1.0,0.0,6.8774,0.0,0.0,0.0,0.0,6.8774,6.8774,6.8729
2139,0.0,0.0057,0.0057,0.001,0.0,1.0,0.0,7.5117,0.0,0.0,0.0,0.0,7.5117,7.5117,7.5078
2140,0.0,0.0049,0.0049,0.0009,0.0,1.0,0.0,7.4762,0.0,0.0,0.0,0.0,7.4761999999999995,7.4761999999999995,7.4762
2141,0.0,0.0066,0.0066,0.0012,0.0,1.0,0.0,7.7306,0.0,0.0,0.0,0.0,7.7306,7.7306,7.7269
2142,0.0,0.007,0.007,0.0013,0.0,1.0,0.0,7.7433,0.0,0.0,0.0,0.0,7.7433000000000005,7.7433000000000005,7.7404
2143,0.0,0.0064,0.0064,0.0011,0.0,1.0,0.0,7.1242,0.0,0.0,0.0,0.0,7.124199999999999,7.124199999999999,7.1266
2144,0.0,0.0065,0.0065,0.0012,0.0,1.0,0.0,7.875,0.0,0.0,0.0,0.0,7.875,7.875,7.8744
2145,0.0,0.0054,0.0054,0.001,0.0,1.0,0.0,7.2033,0.0,0.0,0.0,0.0,7.2033,7.2033,7.2031
2146,0.0,0.0057,0.0057,0.001,0.0,1.0,0.0,7.832,0.0,0.0,0.0,0.0,7.832,7.832,7.8314
2147,0.0,0.0067,0.0067,0.0012,0.0,1.0,0.0,7.8278,0.0,0.0,0.0,0.0,7.8278,7.8278,7.8291
2148,0.0,0.0046,0.0046,0.0008,0.0,1.0,0.0,6.3629,0.0,0.0,0.0,0.0,6.362900000000001,6.362900000000001,6.3679
2149,0.0,0.0047,0.0047,0.0008,0.0,1.0,0.0,7.5278,0.0,0.0,0.0,0.0,7.527799999999999,7.527799999999999,7.5284
2150,0.0,0.0062,0.0062,0.0011,0.0,1.0,0.0,7.7135,0.0,0.0,0.0,0.0,7.7135,7.7135,7.714
2151,0.0,0.0066,0.0066,0.0012,0.0,1.0,0.0,7.6185,0.0,0.0,0.0,0.0,7.6185,7.6185,7.6208
2152,0.0,0.0048,0.0048,0.0009,0.0,1.0,0.0,7.7331,0.0,0.0,0.0,0.0,7.733100000000001,7.733100000000001,7.732
2153,0.0,0.0058,0.0058,0.0011,0.0,1.0,0.0,6.2823,0.0,0.0,0.0,0.0,6.2823,6.2823,6.2867
2154,0.0,0.0071,0.0071,0.0013,0.0,1.0,0.0,7.5115,0.0,0.0,0.0,0.0,7.5115,7.5115,7.5159
2155,0.0,0.0066,0.0066,0.0012,0.0,1.0,0.0,7.505,0.0,0.0,0.0,0.0,7.505000000000001,7.505000000000001,7.5016
2156,0.0,0.0065,0.0065,0.0012,0.0,1.0,0.0,7.8153,0.0,0.0,0.0,0.0,7.8153,7.8153,7.8109
2157,0.0,0.0054,0.0054,0.001,0.0,1.0,0.0,7.0977,0.0,0.0,0.0,0.0,7.0977,7.0977,7.0932
2158,0.0,0.0052,0.0052,0.0009,0.0,1.0,0.0,7.2792,0.0,0.0,0.0,0.0,7.279200000000001,7.279200000000001,7.275
2159,0.0,0.0053,0.0053,0.001,0.0,1.0,0.0,7.2715,0.0,0.0,0.0,0.0,7.2715,7.2715,7.2691
2160,0.0,0.0053,0.0053,0.0009,0.0,1.0,0.0,7.1461,0.0,0.0,0.0,0.0,7.146100000000001,7.146100000000001,7.1478
2161,0.0,0.0056,0.0056,0.001,0.0,1.0,0.0,7.0246,0.0,0.0,0.0,0.0,7.0245999999999995,7.0245999999999995,7.0277
2162,0.0,0.0057,0.0057,0.001,0.0,1.0,0.0,7.7641,0.0,0.0,0.0,0.0,7.7641,7.7641,7.7638
2163,0.0,0.0064,0.0064,0.0011,0.0,1.0,0.0,7.4704,0.0,0.0,0.0,0.0,7.4704,7.4704,7.471
2164,0.0,0.006,0.006,0.0011,0.0,1.0,0.0,8.0788,0.0,0.0,0.0,0.0,8.0788,8.0788,8.0745
2165,0.0,0.0057,0.0057,0.001,0.0,1.0,0.0,7.7034,0.0,0.0,0.0,0.0,7.7034,7.7034,7.7034
2166,0.0,0.0056,0.0056,0.001,0.0,1.0,0.0,7.2939,0.0,0.0,0.0,0.0,7.293900000000001,7.293900000000001,7.2975
2167,0.0,0.0052,0.0052,0.0009,0.0,1.0,0.0,7.4493,0.0,0.0,0.0,0.0,7.449300000000001,7.449300000000001,7.4502
2168,0.0,0.006,0.006,0.0011,0.0,1.0,0.0,7.4849,0.0,0.0,0.0,0.0,7.484900000000001,7.484900000000001,7.4874
2169,0.0,0.0076,0.0076,0.0014,0.0,1.0,0.0,7.7121,0.0,0.0,0.0,0.0,7.7120999999999995,7.7120999999999995,7.7116
2170,0.0,0.0062,0.0062,0.0011,0.0,1.0,0.0,6.7568,0.0,0.0,0.0,0.0,6.7568,6.7568,6.7528
2171,0.0,0.0055,0.0055,0.001,0.0,1.0,0.0,7.4901,0.0,0.0,0.0,0.0,7.4901,7.4901,7.4939
2172,0.0,0.0052,0.0052,0.0009,0.0,1.0,0.0,6.7376,0.0,0.0,0.0,0.0,6.7376000000000005,6.7376000000000005,6.7353
2173,0.0,0.0052,0.0052,0.0009,0.0,1.0,0.0,6.7797,0.0,0.0,0.0,0.0,6.7797,6.7797,6.7805
2174,0.0,0.006,0.006,0.0011,0.0,1.0,0.0,7.4128,0.0,0.0,0.0,0.0,7.412800000000001,7.412800000000001,7.4079
2175,0.0,0.0064,0.0064,0.0011,0.0,1.0,0.0,7.3271,0.0,0.0,0.0,0.0,7.327100000000001,7.327100000000001,7.3311
2176,0.0,0.0068,0.0068,0.0012,0.0,1.0,0.0,7.9543,0.0,0.0,0.0,0.0,7.9543,7.9543,7.9548
2177,0.0,0.0063,0.0063,0.0011,0.0,1.0,0.0,7.7071,0.0,0.0,0.0,0.0,7.707099999999999,7.707099999999999,7.7035
2178,0.0,0.0057,0.0057,0.001,0.0,1.0,0.0,7.9163,0.0,0.0,0.0,0.0,7.916300000000001,7.916300000000001,7.9198
2179,0.0,0.0061,0.0061,0.0011,0.0,1.0,0.0,7.3466,0.0,0.0,0.0,0.0,7.3466000000000005,7.3466000000000005,7.342
2180,0.0,0.0049,0.0049,0.0009,0.0,1.0,0.0,7.2648,0.0,0.0,0.0,0.0,7.2648,7.2648,7.2633
2181,0.0,0.0056,0.0056,0.001,0.0,1.0,0.0,7.3934,0.0,0.0,0.0,0.0,7.3934,7.3934,7.3899
2182,0.0,0.0068,0.0068,0.0012,0.0,1.0,0.0,7.0846,0.0,0.0,0.0,0.0,7.0846,7.0846,7.089
2183,0.0,0.0062,0.0062,0.0011,0.0,1.0,0.0,7.1667,0.0,0.0,0.0,0.0,7.1667000000000005,7.1667000000000005,7.1703
2184,0.0,0.0049,0.0049,0.0009,0.0,1.0,0.0,6.9731,0.0,0.0,0.0,0.0,6.9731000000000005,6.9731000000000005,6.9737
2185,0.0,0.006,0.006,0.0011,0.0,1.0,0.0,7.6115,0.0,0.0,0.0,0.0,7.611499999999999,7.611499999999999,7.6147
2186,0.0,0.0055,0.0055,0.001,0.0,1.0,0.0,7.0022,0.0,0.0,0.0,0.0,7.0022,7.0022,7.0025
2187,0.0,0.0059,0.0059,0.0011,0.0,1.0,0.0,7.2148,0.0,0.0,0.0,0.0,7.2148,7.2148,7.2156
2188,0.0,0.0064,0.0064,0.0012,0.0,1.0,0.0,7.6194,0.0,0.0,0.0,0.0,7.619400000000001,7.619400000000001,7.622
2189,0.0,0.0057,0.0057,0.001,0.0,1.0,0.0,7.5135,0.0,0.0,0.0,0.0,7.5135,7.5135,7.5112
2190,0.0,0.0057,0.0057,0.001,0.0,1.0,0.0,7.3071,0.0,0.0,0.0,0.0,7.307099999999999,7.307099999999999,7.3081
2191,0.0,0.0044,0.0044,0.0008,0.0,1.0,0.0,7.174,0.0,0.0,0.0,0.0,7.1739999999999995,7.1739999999999995,7.1748
2192,0.0,0.0063,0.0063,0.0011,0.0,1.0,0.0,8.1324,0.0,0.0,0.0,0.0,8.1324,8.1324,8.1367
2193,0.0,0.0061,0.0061,0.0011,0.0,1.0,0.0,7.9962,0.0,0.0,0.0,0.0,7.9962,7.9962,7.9977
2194,0.0,0.0074,0.0074,0.0013,0.0,1.0,0.0,8.0649,0.0,0.0,0.0,0.0,8.064900000000002,8.064900000000002,8.0648
2195,0.0,0.005,0.005,0.0009,0.0,1.0,0.0,7.067,0.0,0.0,0.0,0.0,7.067,7.067,7.0632
2196,0.0,0.0052,0.0052,0.0009,0.0,1.0,0.0,7.652,0.0,0.0,0.0,0.0,7.652,7.652,7.6532
2197,0.0,0.0062,0.0062,0.0011,0.0,1.0,0.0,6.6869,0.0,0.0,0.0,0.0,6.6869,6.6869,6.6842
2198,0.0,0.0058,0.0058,0.001,0.0,1.0,0.0,8.1208,0.0,0.0,0.0,0.0,8.1208,8.1208,8.1158
2199,0.0,0.0059,0.0059,0.0011,0.0,1.0,0.0,7.3226,0.0,0.0,0.0,0.0,7.322599999999999,7.322599999999999,7.3215
2200,0.0,0.0065,0.0065,0.0012,0.0,1.0,0.0,7.3917,0.0,0.0,0.0,0.0,7.3917,7.3917,7.3887
2201,0.0,0.0066,0.0066,0.0012,0.0,1.0,0.0,7.9588,0.0,0.0,0.0,0.0,7.9588,7.9588,7.9599
2202,0.0,0.0052,0.0052,0.0009,0.0,1.0,0.0,6.8018,0.0,0.0,0.0,0.0,6.801800000000001,6.801800000000001,6.7999
2203,0.0,0.0065,0.0065,0.0012,0.0,1.0,0.0,7.5127,0.0,0.0,0.0,0.0,7.5127,7.5127,7.5127
2204,0.0,0.0055,0.0055,0.001,0.0,1.0,0.0,7.2872,0.0,0.0,0.0,0.0,7.2871999999999995,7.2871999999999995,7.2892
2205,0.0,0.0051,0.0051,0.0009,0.0,1.0,0.0,6.9167,0.0,0.0,0.0,0.0,6.9167000000000005,6.9167000000000005,6.916
2206,0.0,0.0058,0.0058,0.001,0.0,1.0,0.0,8.0652,0.0,0.0,0.0,0.0,8.0652,8.0652,8.0668
2207,0.0,0.0055,0.0055,0.001,0.0,1.0,0.0,7.7709,0.0,0.0,0.0,0.0,7.7709,7.7709,7.7708
2208,0.0,0.0074,0.0074,0.0013,0.0,1.0,0.0,7.955,0.0,0.0,0.0,0.0,7.954999999999999,7.954999999999999,7.9522
2209,0.0,0.0054,0.0054,0.001,0.0,1.0,0.0,7.6163,0.0,0.0,0.0,0.0,7.6163,7.6163,7.6163
2210,0.0,0.0058,0.0058,0.001,0.0,1.0,0.0,6.9963,0.0,0.0,0.0,0.0,6.9963,6.9963,6.993
2211,0.0,0.0069,0.0069,0.0012,0.0,1.0,0.0,7.9815,0.0,0.0,0.0,0.0,7.9815,7.9815,7.9854
2212,0.0,0.0046,0.0046,0.0008,0.0,1.0,0.0,6.6099,0.0,0.0,0.0,0.0,6.609899999999999,6.609899999999999,6.6139
2213,0.0,0.0054,0.0054,0.001,0.0,1.0,0.0,7.1929,0.0,0.0,0.0,0.0,7.192900000000001,7.192900000000001,7.1921
2214,0.0,0.0063,0.0063,0.0011,0.0,1.0,0.0,7.2145,0.0,0.0,0.0,0.0,7.2145,7.2145,7.2137
2215,0.0,0.0053,0.0053,0.001,0.0,1.0,0.0,6.6393,0.0,0.0,0.0,0.0,6.639299999999999,6.639299999999999,6.6426
2216,0.0,0.0059,0.0059,0.0011,0.0,1.0,0.0,7.2664,0.0,0.0,0.0,0.0,7.2664,7.2664,7.2695
2217,0.0,0.0062,0.0062,0.0011,0.0,1.0,0.0,8.1281,0.0,0.0,0.0,0.0,8.1281,8.1281,8.1249
2218,0.0,0.0061,0.0061,0.0011,0.0,1.0,0.0,7.7701,0.0,0.0,0.0,0.0,7.7701,7.7701,7.7709
2219,0.0,0.0064,0.0064,0.0011,0.0,1.0,0.0,8.4605,0.0,0.0,0.0,0.0,8.4605,8.4605,8.4602
2220,0.0,0.0049,0.0049,0.0009,0.0,1.0,0.0,6.8335,0.0,0.0,0.0,0.0,6.8335,6.8335,6.8365
2221,0.0,0.0075,0.0075,0.0013,0.0,1.0,0.0,8.145,0.0,0.0,0.0,0.0,8.145,8.145,8.149
2222,0.0,0.0071,0.0071,0.0013,0.0,1.0,0.0,7.3507,0.0,0.0,0.0,0.0,7.3507,7.3507,7.3551
2223,0.0,0.007,0.007,0.0013,0.0,1.0,0.0,7.4663,0.0,0.0,0.0,0.0,7.4663,7.4663,7.4631
2224,0.0,0.005,0.005,0.0009,0.0,1.0,0.0,6.6559,0.0,0.0,0.0,0.0,6.6559,6.6559,6.6602
2225,0.0,0.0052,0.0052,0.0009,0.0,1.0,0.0,7.0072,0.0,0.0,0.0,0.0,7.007199999999999,7.007199999999999,7.006
2226,0.0,0.0048,0.0048,0.0009,0.0,1.0,0.0,6.5104,0.0,0.0,0.0,0.0,6.510400000000001,6.510400000000001,6.5092
2227,0.0,0.0044,0.0044,0.0008,0.0,1.0,0.0,6.3076,0.0,0.0,0.0,0.0,6.3076,6.3076,6.3083
2228,0.0,0.0062,0.0062,0.0011,0.0,1.0,0.0,7.2698,0.0,0.0,0.0,0.0,7.2698,7.2698,7.2709
2229,0.0,0.0061,0.0061,0.0011,0.0,1.0,0.0,7.8693,0.0,0.0,0.0,0.0,7.8693,7.8693,7.8724
2230,0.0,0.0056,0.0056,0.001,0.0,1.0,0.0,7.693,0.0,0.0,0.0,0.0,7.6930000000000005,7.6930000000000005,7.6936
2231,0.0,0.0065,0.0065,0.0012,0.0,1.0,0.0,6.7841,0.0,0.0,0.0,0.0,6.7841000000000005,6.7841000000000005,6.7802
2232,0.0,0.0056,0.0056,0.001,0.0,1.0,0.0,7.0396,0.0,0.0,0.0,0.0,7.0396,7.0396,7.0355
2233,0.0,0.0054,0.0054,0.001,0.0,1.0,0.0,6.6184,0.0,0.0,0.0,0.0,6.618399999999999,6.618399999999999,6.6165
2234,0.0,0.0053,0.0053,0.001,0.0,1.0,0.0,6.844,0.0,0.0,0.0,0.0,6.843999999999999,6.843999999999999,6.8448
2235,0.0,0.0059,0.0059,0.0011,0.0,1.0,0.0,7.0931,0.0,0.0,0.0,0.0,7.0931,7.0931,7.0898
2236,0.0,0.0056,0.0056,0.001,0.0,1.0,0.0,7.7233,0.0,0.0,0.0,0.0,7.7233,7.7233,7.7264
2237,0.0,0.007,0.007,0.0013,0.0,1.0,0.0,7.4989,0.0,0.0,0.0,0.0,7.4989,7.4989,7.494
2238,0.0,0.0059,0.0059,0.0011,0.0,1.0,0.0,8.1618,0.0,0.0,0.0,0.0,8.161800000000001,8.161800000000001,8.1629
2239,0.0,0.006,0.006,0.0011,0.0,1.0,0.0,7.1317,0.0,0.0,0.0,0.0,7.1317,7.1317,7.1318
2240,0.0,0.0066,0.0066,0.0012,0.0,1.0,0.0,7.2004,0.0,0.0,0.0,0.0,7.200399999999999,7.200399999999999,7.199
2241,0.0,0.0046,0.0046,0.0008,0.0,1.0,0.0,7.0302,0.0,0.0,0.0,0.0,7.0302,7.0302,7.0267
2242,0.0,0.0059,0.0059,0.0011,0.0,1.0,0.0,7.7067,0.0,0.0,0.0,0.0,7.7067000000000005,7.7067000000000005,7.7096
2243,0.0,0.0067,0.0067,0.0012,0.0,1.0,0.0,8.1699,0.0,0.0,0.0,0.0,8.1699,8.1699,8.1747
2244,0.0,0.0069,0.0069,0.0012,0.0,1.0,0.0,7.2964,0.0,0.0,0.0,0.0,7.2964,7.2964,7.301
2245,0.0,0.0055,0.0055,0.001,0.0,1.0,0.0,7.2052,0.0,0.0,0.0,0.0,7.2052,7.2052,7.2042
2246,0.0,0.0049,0.0049,0.0009,0.0,1.0,0.0,6.8014,0.0,0.0,0.0,0.0,6.8014,6.8014,6.7997
2247,0.0,0.0064,0.0064,0.0011,0.0,1.0,0.0,7.2125,0.0,0.0,0.0,0.0,7.2124999999999995,7.2124999999999995,7.211
2248,0.0,0.0051,0.0051,0.0009,0.0,1.0,0.0,7.68,0.0,0.0,0.0,0.0,7.68,7.68,7.6789
2249,0.0,0.0059,0.0059,0.0011,0.0,1.0,0.0,7.6123,0.0,0.0,0.0,0.0,7.612299999999999,7.612299999999999,7.6073
2250,0.0,0.0053,0.0053,0.001,0.0,1.0,0.0,8.0174,0.0,0.0,0.0,0.0,8.0174,8.0174,8.0155
2251,0.0,0.0053,0.0053,0.001,0.0,1.0,0.0,6.9701,0.0,0.0,0.0,0.0,6.9700999999999995,6.9700999999999995,6.9705
2252,0.0,0.0074,0.0074,0.0013,0.0,1.0,0.0,7.7324,0.0,0.0,0.0,0.0,7.732399999999999,7.732399999999999,7.7372
2253,0.0,0.0067,0.0067,0.0012,0.0,1.0,0.0,7.5476,0.0,0.0,0.0,0.0,7.547599999999999,7.547599999999999,7.5457
2254,0.0,0.0072,0.0072,0.0013,0.0,1.0,0.0,8.1421,0.0,0.0,0.0,0.0,8.142100000000001,8.142100000000001,8.1471
2255,0.0,0.0054,0.0054,0.001,0.0,1.0,0.0,6.8582,0.0,0.0,0.0,0.0,6.858200000000001,6.858200000000001,6.8628
2256,0.0,0.0055,0.0055,0.001,0.0,1.0,0.0,7.3853,0.0,0.0,0.0,0.0,7.385300000000001,7.385300000000001,7.3876
2257,0.0,0.0049,0.0049,0.0009,0.0,1.0,0.0,7.6895,0.0,0.0,0.0,0.0,7.689500000000001,7.689500000000001,7.6852
2258,0.0,0.0057,0.0057,0.001,0.0,1.0,0.0,8.3805,0.0,0.0,0.0,0.0,8.3805,8.3805,8.3814
2259,0.0,0.0053,0.0053,0.001,0.0,1.0,0.0,7.1663,0.0,0.0,0.0,0.0,7.1663,7.1663,7.1616
2260,0.0,0.0063,0.0063,0.0011,0.0,1.0,0.0,7.6653,0.0,0.0,0.0,0.0,7.6653,7.6653,7.6685
2261,0.0,0.0062,0.0062,0.0011,0.0,1.0,0.0,7.5543,0.0,0.0,0.0,0.0,7.5543,7.5543,7.554
2262,0.0,0.007,0.007,0.0013,0.0,1.0,0.0,6.9687,0.0,0.0,0.0,0.0,6.9687,6.9687,6.9639
2263,0.0,0.0067,0.0067,0.0012,0.0,1.0,0.0,7.4008,0.0,0.0,0.0,0.0,7.400799999999999,7.400799999999999,7.3982
2264,0.0,0.0042,0.0042,0.0008,0.0,1.0,0.0,6.7377,0.0,0.0,0.0,0.0,6.7377,6.7377,6.7338
2265,0.0,0.0048,0.0048,0.0009,0.0,1.0,0.0,6.6972,0.0,0.0,0.0,0.0,6.6972000000000005,6.6972000000000005,6.6993
2266,0.0,0.0064,0.0064,0.0011,0.0,1.0,0.0,8.2769,0.0,0.0,0.0,0.0,8.276900000000001,8.276900000000001,8.2789
2267,0.0,0.0065,0.0065,0.0012,0.0,1.0,0.0,7.8546,0.0,0.0,0.0,0.0,7.8546,7.8546,7.8581
2268,0.0,0.0063,0.0063,0.0011,0.0,1.0,0.0,7.0765,0.0,0.0,0.0,0.0,7.0765,7.0765,7.0741
2269,0.0,0.0068,0.0068,0.0012,0.0,1.0,0.0,8.1178,0.0,0.0,0.0,0.0,8.1178,8.1178,8.1191
2270,0.0,0.0059,0.0059,0.0011,0.0,1.0,0.0,7.7336,0.0,0.0,0.0,0.0,7.7336,7.7336,7.7369
2271,0.0,0.0046,0.0046,0.0008,0.0,1.0,0.0,7.0135,0.0,0.0,0.0,0.0,7.0135000000000005,7.0135000000000005,7.0176
2272,0.0,0.006,0.006,0.0011,0.0,1.0,0.0,7.0122,0.0,0.0,0.0,0.0,7.0122,7.0122,7.0118
2273,0.0,0.0056,0.0056,0.001,0.0,1.0,0.0,7.0896,0.0,0.0,0.0,0.0,7.0896,7.0896,7.0902
2274,0.0,0.0061,0.0061,0.0011,0.0,1.0,0.0,7.8452,0.0,0.0,0.0,0.0,7.8452,7.8452,7.8498
2275,0.0,0.0066,0.0066,0.0012,0.0,1.0,0.0,7.5409,0.0,0.0,0.0,0.0,7.540900000000001,7.540900000000001,7.539
2276,0.0,0.006,0.006,0.0011,0.0,1.0,0.0,8.1094,0.0,0.0,0.0,0.0,8.109399999999999,8.109399999999999,8.1123
2277,0.0,0.0064,0.0064,0.0012,0.0,1.0,0.0,7.2274,0.0,0.0,0.0,0.0,7.2274,7.2274,7.226
2278,0.0,0.0059,0.0059,0.0011,0.0,1.0,0.0,7.4624,0.0,0.0,0.0,0.0,7.4624,7.4624,7.4642
2279,0.0,0.0062,0.0062,0.0011,0.0,1.0,0.0,7.4703,0.0,0.0,0.0,0.0,7.4703,7.4703,7.4659
2280,0.0,0.0064,0.0064,0.0011,0.0,1.0,0.0,7.7524,0.0,0.0,0.0,0.0,7.7524,7.7524,7.748
2281,0.0,0.0063,0.0063,0.0011,0.0,1.0,0.0,7.5642,0.0,0.0,0.0,0.0,7.5642,7.5642,7.5664
2282,0.0,0.0047,0.0047,0.0009,0.0,1.0,0.0,6.8424,0.0,0.0,0.0,0.0,6.8424,6.8424,6.8392
2283,0.0,0.0059,0.0059,0.0011,0.0,1.0,0.0,7.4591,0.0,0.0,0.0,0.0,7.4591,7.4591,7.4569
2284,0.0,0.0059,0.0059,0.0011,0.0,1.0,0.0,6.9685,0.0,0.0,0.0,0.0,6.9685,6.9685,6.9679
2285,0.0,0.0065,0.0065,0.0012,0.0,1.0,0.0,7.3816,0.0,0.0,0.0,0.0,7.381599999999999,7.381599999999999,7.3807
2286,0.0,0.0056,0.0056,0.001,0.0,1.0,0.0,7.5663,0.0,0.0,0.0,0.0,7.566300000000001,7.566300000000001,7.5619
2287,0.0,0.0067,0.0067,0.0012,0.0,1.0,0.0,7.8895,0.0,0.0,0.0,0.0,7.889500000000001,7.889500000000001,7.8871
2288,0.0,0.007,0.007,0.0013,0.0,1.0,0.0,8.2024,0.0,0.0,0.0,0.0,8.2024,8.2024,8.2061
2289,0.0,0.006,0.006,0.0011,0.0,1.0,0.0,7.3597,0.0,0.0,0.0,0.0,7.3597,7.3597,7.3596
2290,0.0,0.0062,0.0062,0.0011,0.0,1.0,0.0,6.9494,0.0,0.0,0.0,0.0,6.9494,6.9494,6.9463
2291,0.0,0.0058,0.0058,0.001,0.0,1.0,0.0,7.6454,0.0,0.0,0.0,0.0,7.645400000000001,7.645400000000001,7.6477
2292,0.0,0.0067,0.0067,0.0012,0.0,1.0,0.0,8.247,0.0,0.0,0.0,0.0,8.247,8.247,8.2487
2293,0.0,0.0063,0.0063,0.0011,0.0,1.0,0.0,7.8059,0.0,0.0,0.0,0.0,7.805899999999999,7.805899999999999,7.8037
2294,0.0,0.0065,0.0065,0.0012,0.0,1.0,0.0,8.1656,0.0,0.0,0.0,0.0,8.1656,8.1656,8.1638
2295,0.0,0.0071,0.0071,0.0013,0.0,1.0,0.0,7.7107,0.0,0.0,0.0,0.0,7.7107,7.7107,7.7133
2296,0.0,0.0049,0.0049,0.0009,0.0,1.0,0.0,6.4087,0.0,0.0,0.0,0.0,6.4087000000000005,6.4087000000000005,6.4053
2297,0.0,0.0053,0.0053,0.001,0.0,1.0,0.0,7.5585,0.0,0.0,0.0,0.0,7.5584999999999996,7.5584999999999996,7.5557
2298,0.0,0.006,0.006,0.0011,0.0,1.0,0.0,6.5078,0.0,0.0,0.0,0.0,6.5078000000000005,6.5078000000000005,6.5123
2299,0.0,0.0074,0.0074,0.0013,0.0,1.0,0.0,7.2638,0.0,0.0,0.0,0.0,7.2638,7.2638,7.2648
2300,0.0,0.0064,0.0064,0.0012,0.0,1.0,0.0,7.8097,0.0,0.0,0.0,0.0,7.809699999999999,7.809699999999999,7.8106
2301,0.0,0.0056,0.0056,0.001,0.0,1.0,0.0,7.5936,0.0,0.0,0.0,0.0,7.5935999999999995,7.5935999999999995,7.5925
2302,0.0,0.0061,0.0061,0.0011,0.0,1.0,0.0,7.4352,0.0,0.0,0.0,0.0,7.435199999999999,7.435199999999999,7.4352
2303,0.0,0.006,0.006,0.0011,0.0,1.0,0.0,7.7531,0.0,0.0,0.0,0.0,7.753100000000001,7.753100000000001,7.7499
2304,0.0,0.0054,0.0054,0.001,0.0,1.0,0.0,7.0059,0.0,0.0,0.0,0.0,7.0059,7.0059,7.0087
2305,0.0,0.0067,0.0067,0.0012,0.0,1.0,0.0,7.9112,0.0,0.0,0.0,0.0,7.911200000000001,7.911200000000001,7.9154
2306,0.0,0.0049,0.0049,0.0009,0.0,1.0,0.0,7.3046,0.0,0.0,0.0,0.0,7.3046,7.3046,7.3064
2307,0.0,0.0065,0.0065,0.0012,0.0,1.0,0.0,7.4394,0.0,0.0,0.0,0.0,7.4394,7.4394,7.443
2308,0.0,0.0057,0.0057,0.001,0.0,1.0,0.0,7.5059,0.0,0.0,0.0,0.0,7.5059,7.5059,7.5011
2309,0.0,0.0057,0.0057,0.001,0.0,1.0,0.0,7.5496,0.0,0.0,0.0,0.0,7.5496,7.5496,7.5482
2310,0.0,0.0059,0.0059,0.0011,0.0,1.0,0.0,6.8735,0.0,0.0,0.0,0.0,6.8735,6.8735,6.8762
2311,0.0,0.0055,0.0055,0.001,0.0,1.0,0.0,8.0599,0.0,0.0,0.0,0.0,8.0599,8.0599,8.0589
2312,0.0,0.0061,0.0061,0.0011,0.0,1.0,0.0,7.1956,0.0,0.0,0.0,0.0,7.1956,7.1956,7.1913
2313,0.0,0.0067,0.0067,0.0012,0.0,1.0,0.0,7.0379,0.0,0.0,0.0,0.0,7.037899999999999,7.037899999999999,7.0365
2314,0.0,0.0044,0.0044,0.0008,0.0,1.0,0.0,5.932,0.0,0.0,0.0,0.0,5.932,5.932,5.9295
2315,0.0,0.0051,0.0051,0.0009,0.0,1.0,0.0,6.6927,0.0,0.0,0.0,0.0,6.6927,6.6927,6.6966
2316,0.0,0.0056,0.0056,0.001,0.0,1.0,0.0,7.3052,0.0,0.0,0.0,0.0,7.305199999999999,7.305199999999999,7.304
2317,0.0,0.0053,0.0053,0.001,0.0,1.0,0.0,7.2289,0.0,0.0,0.0,0.0,7.228899999999999,7.228899999999999,7.2336
2318,0.0,0.0052,0.0052,0.0009,0.0,1.0,0.0,7.1501,0.0,0.0,0.0,0.0,7.1501,7.1501,7.1543
2319,0.0,0.006,0.006,0.0011,0.0,1.0,0.0,7.5197,0.0,0.0,0.0,0.0,7.519699999999999,7.519699999999999,7.5151
2320,0.0,0.0053,0.0053,0.001,0.0,1.0,0.0,6.569,0.0,0.0,0.0,0.0,6.569,6.569,6.5661
2321,0.0,0.0079,0.0079,0.0014,0.0,1.0,0.0,8.3206,0.0,0.0,0.0,0.0,8.320599999999999,8.320599999999999,8.3163
2322,0.0,0.0069,0.0069,0.0012,0.0,1.0,0.0,7.9232,0.0,0.0,0.0,0.0,7.9232000000000005,7.9232000000000005,7.9217
2323,0.0,0.0057,0.0057,0.001,0.0,1.0,0.0,7.5733,0.0,0.0,0.0,0.0,7.573299999999999,7.573299999999999,7.5746
2324,0.0,0.005,0.005,0.0009,0.0,1.0,0.0,6.3382,0.0,0.0,0.0,0.0,6.3382000000000005,6.3382000000000005,6.3374
2325,0.0,0.0055,0.0055,0.001,0.0,1.0,0.0,7.007,0.0,0.0,0.0,0.0,7.007,7.007,7.0099
2326,0.0,0.0058,0.0058,0.001,0.0,1.0,0.0,7.4408,0.0,0.0,0.0,0.0,7.4408,7.4408,7.4376
2327,0.0,0.0053,0.0053,0.0009,0.0,1.0,0.0,7.3437,0.0,0.0,0.0,0.0,7.343700000000001,7.343700000000001,7.3408
2328,0.0,0.006,0.006,0.0011,0.0,1.0,0.0,7.294,0.0,0.0,0.0,0.0,7.2940000000000005,7.2940000000000005,7.2951
2329,0.0,0.0057,0.0057,0.001,0.0,1.0,0.0,7.1742,0.0,0.0,0.0,0.0,7.1742,7.1742,7.1719
2330,0.0,0.006,0.006,0.0011,0.0,1.0,0.0,7.9127,0.0,0.0,0.0,0.0,7.912699999999999,7.912699999999999,7.9118
2331,0.0,0.0057,0.0057,0.001,0.0,1.0,0.0,7.6529,0.0,0.0,0.0,0.0,7.652899999999999,7.652899999999999,7.649
2332,0.0,0.0072,0.0072,0.0013,0.0,1.0,0.0,7.7971,0.0,0.0,0.0,0.0,7.7970999999999995,7.7970999999999995,7.7923
2333,0.0,0.005,0.005,0.0009,0.0,1.0,0.0,7.02,0.0,0.0,0.0,0.0,7.02,7.02,7.0202
2334,0.0,0.0058,0.0058,0.001,0.0,1.0,0.0,7.013,0.0,0.0,0.0,0.0,7.013,7.013,7.0105
2335,0.0,0.006,0.006,0.0011,0.0,1.0,0.0,7.4036,0.0,0.0,0.0,0.0,7.403599999999999,7.403599999999999,7.4081
2336,0.0,0.0061,0.0061,0.0011,0.0,1.0,0.0,7.1501,0.0,0.0,0.0,0.0,7.1501,7.1501,7.1463
2337,0.0,0.0056,0.0056,0.001,0.0,1.0,0.0,7.0423,0.0,0.0,0.0,0.0,7.0423,7.0423,7.0387
2338,0.0,0.0051,0.0051,0.0009,0.0,1.0,0.0,7.8094,0.0,0.0,0.0,0.0,7.8094,7.8094,7.8131
2339,0.0,0.0047,0.0047,0.0008,0.0,1.0,0.0,6.9211,0.0,0.0,0.0,0.0,6.9211,6.9211,6.9238
2340,0.0,0.0073,0.0073,0.0013,0.0,1.0,0.0,8.203,0.0,0.0,0.0,0.0,8.203,8.203,8.2013
2341,0.0,0.006,0.006,0.0011,0.0,1.0,0.0,6.9802,0.0,0.0,0.0,0.0,6.9802,6.9802,6.9753
2342,0.0,0.0065,0.0065,0.0012,0.0,1.0,0.0,7.6138,0.0,0.0,0.0,0.0,7.6137999999999995,7.6137999999999995,7.6127
2343,0.0,0.0062,0.0062,0.0011,0.0,1.0,0.0,7.7751,0.0,0.0,0.0,0.0,7.7751,7.7751,7.7773
2344,0.0,0.0064,0.0064,0.0012,0.0,1.0,0.0,7.5423,0.0,0.0,0.0,0.0,7.5423,7.5423,7.5427
2345,0.0,0.0052,0.0052,0.0009,0.0,1.0,0.0,6.6902,0.0,0.0,0.0,0.0,6.6902,6.6902,6.6914
2346,0.0,0.0058,0.0058,0.001,0.0,1.0,0.0,7.2796,0.0,0.0,0.0,0.0,7.279599999999999,7.279599999999999,7.2805
2347,0.0,0.0058,0.0058,0.001,0.0,1.0,0.0,7.2704,0.0,0.0,0.0,0.0,7.2704,7.2704,7.269
2348,0.0,0.0061,0.0061,0.0011,0.0,1.0,0.0,8.0833,0.0,0.0,0.0,0.0,8.0833,8.0833,8.0873
2349,0.0,0.006,0.006,0.0011,0.0,1.0,0.0,7.5281,0.0,0.0,0.0,0.0,7.528099999999999,7.528099999999999,7.5259
2350,0.0,0.0047,0.0047,0.0008,0.0,1.0,0.0,6.8615,0.0,0.0,0.0,0.0,6.861500000000001,6.861500000000001,6.8575
2351,0.0,0.0073,0.0073,0.0013,0.0,1.0,0.0,7.5224,0.0,0.0,0.0,0.0,7.5224,7.5224,7.5218
2352,0.0,0.0068,0.0068,0.0012,0.0,1.0,0.0,7.5351,0.0,0.0,0.0,0.0,7.535099999999999,7.535099999999999,7.5386
2353,0.0,0.0049,0.0049,0.0009,0.0,1.0,0.0,7.317,0.0,0.0,0.0,0.0,7.317,7.317,7.3212
2354,0.0,0.0062,0.0062,0.0011,0.0,1.0,0.0,7.2106,0.0,0.0,0.0,0.0,7.2106,7.2106,7.2107
2355,0.0,0.0058,0.0058,0.0011,0.0,1.0,0.0,6.7946,0.0,0.0,0.0,0.0,6.794599999999999,6.794599999999999,6.7923
2356,0.0,0.0047,0.0047,0.0008,0.0,1.0,0.0,7.1481,0.0,0.0,0.0,0.0,7.1480999999999995,7.1480999999999995,7.1437
2357,0.0,0.0065,0.0065,0.0012,0.0,1.0,0.0,8.6716,0.0,0.0,0.0,0.0,8.6716,8.6716,8.6684
2358,0.0,0.0068,0.0068,0.0012,0.0,1.0,0.0,8.3975,0.0,0.0,0.0,0.0,8.3975,8.3975,8.3931
2359,0.0,0.0052,0.0052,0.0009,0.0,1.0,0.0,7.2246,0.0,0.0,0.0,0.0,7.2246,7.2246,7.2243
2360,0.0,0.006,0.006,0.0011,0.0,1.0,0.0,7.602,0.0,0.0,0.0,0.0,7.602,7.602,7.5986
2361,0.0,0.0055,0.0055,0.001,0.0,1.0,0.0,6.9241,0.0,0.0,0.0,0.0,6.924099999999999,6.924099999999999,6.9232
2362,0.0,0.0055,0.0055,0.001,0.0,1.0,0.0,7.5971,0.0,0.0,0.0,0.0,7.597099999999999,7.597099999999999,7.5975
2363,0.0,0.0051,0.0051,0.0009,0.0,1.0,0.0,7.1431,0.0,0.0,0.0,0.0,7.1431,7.1431,7.1481
2364,0.0,0.0057,0.0057,0.001,0.0,1.0,0.0,7.8468,0.0,0.0,0.0,0.0,7.8468,7.8468,7.8439
2365,0.0,0.0061,0.0061,0.0011,0.0,1.0,0.0,7.9805,0.0,0.0,0.0,0.0,7.980500000000001,7.980500000000001,7.9775
2366,0.0,0.0048,0.0048,0.0009,0.0,1.0,0.0,7.1979,0.0,0.0,0.0,0.0,7.197900000000001,7.197900000000001,7.1969
2367,0.0,0.0067,0.0067,0.0012,0.0,1.0,0.0,7.2589,0.0,0.0,0.0,0.0,7.2589,7.2589,7.2567
2368,0.0,0.0064,0.0064,0.0011,0.0,1.0,0.0,7.6702,0.0,0.0,0.0,0.0,7.6701999999999995,7.6701999999999995,7.6727
2369,0.0,0.0069,0.0069,0.0012,0.0,1.0,0.0,7.5371,0.0,0.0,0.0,0.0,7.537100000000001,7.537100000000001,7.5397
2370,0.0,0.0067,0.0067,0.0012,0.0,1.0,0.0,8.0808,0.0,0.0,0.0,0.0,8.0808,8.0808,8.0766
2371,0.0,0.0059,0.0059,0.0011,0.0,1.0,0.0,7.243,0.0,0.0,0.0,0.0,7.243,7.243,7.2477
2372,0.0,0.0058,0.0058,0.001,0.0,1.0,0.0,7.1331,0.0,0.0,0.0,0.0,7.1331,7.1331,7.1294
2373,0.0,0.0055,0.0055,0.001,0.0,1.0,0.0,6.5222,0.0,0.0,0.0,0.0,6.5222,6.5222,6.5206
2374,0.0,0.0066,0.0066,0.0012,0.0,1.0,0.0,7.3683,0.0,0.0,0.0,0.0,7.3683000000000005,7.3683000000000005,7.3704
2375,0.0,0.0068,0.0068,0.0012,0.0,1.0,0.0,8.1718,0.0,0.0,0.0,0.0,8.171800000000001,8.171800000000001,8.1752
2376,0.0,0.0054,0.0054,0.001,0.0,1.0,0.0,7.4383,0.0,0.0,0.0,0.0,7.4383,7.4383,7.4423
2377,0.0,0.006,0.006,0.0011,0.0,1.0,0.0,8.2323,0.0,0.0,0.0,0.0,8.2323,8.2323,8.2339
2378,0.0,0.0061,0.0061,0.0011,0.0,1.0,0.0,6.9786,0.0,0.0,0.0,0.0,6.9786,6.9786,6.9792
2379,0.0,0.0056,0.0056,0.001,0.0,1.0,0.0,7.7518,0.0,0.0,0.0,0.0,7.7518,7.7518,7.7485
2380,0.0,0.0056,0.0056,0.001,0.0,1.0,0.0,7.3789,0.0,0.0,0.0,0.0,7.378899999999999,7.378899999999999,7.3774
2381,0.0,0.0062,0.0062,0.0011,0.0,1.0,0.0,7.2377,0.0,0.0,0.0,0.0,7.237700000000001,7.237700000000001,7.2356
2382,0.0,0.0057,0.0057,0.001,0.0,1.0,0.0,6.5501,0.0,0.0,0.0,0.0,6.5501000000000005,6.5501000000000005,6.5542
2383,0.0,0.0052,0.0052,0.0009,0.0,1.0,0.0,7.7528,0.0,0.0,0.0,0.0,7.752799999999999,7.752799999999999,7.7529
2384,0.0,0.0056,0.0056,0.001,0.0,1.0,0.0,7.6312,0.0,0.0,0.0,0.0,7.6312,7.6312,7.6275
2385,0.0,0.0061,0.0061,0.0011,0.0,1.0,0.0,7.084,0.0,0.0,0.0,0.0,7.084,7.084,7.087
2386,0.0,0.0065,0.0065,0.0012,0.0,1.0,0.0,7.2145,0.0,0.0,0.0,0.0,7.214499999999999,7.214499999999999,7.2148
2387,0.0,0.0058,0.0058,0.001,0.0,1.0,0.0,7.4496,0.0,0.0,0.0,0.0,7.4496,7.4496,7.4449
2388,0.0,0.007,0.007,0.0013,0.0,1.0,0.0,8.0654,0.0,0.0,0.0,0.0,8.0654,8.0654,8.0606
2389,0.0,0.0063,0.0063,0.0011,0.0,1.0,0.0,8.3116,0.0,0.0,0.0,0.0,8.3116,8.3116,8.311
2390,0.0,0.0058,0.0058,0.001,0.0,1.0,0.0,7.8635,0.0,0.0,0.0,0.0,7.863499999999999,7.863499999999999,7.8636
2391,0.0,0.0065,0.0065,0.0012,0.0,1.0,0.0,7.3801,0.0,0.0,0.0,0.0,7.3801,7.3801,7.3822
2392,0.0,0.0062,0.0062,0.0011,0.0,1.0,0.0,7.3594,0.0,0.0,0.0,0.0,7.359400000000001,7.359400000000001,7.3576
2393,0.0,0.0055,0.0055,0.001,0.0,1.0,0.0,6.9184,0.0,0.0,0.0,0.0,6.918399999999999,6.918399999999999,6.9192
2394,0.0,0.0044,0.0044,0.0008,0.0,1.0,0.0,6.0468,0.0,0.0,0.0,0.0,6.046800000000001,6.046800000000001,6.0468
2395,0.0,0.0057,0.0057,0.001,0.0,1.0,0.0,7.0924,0.0,0.0,0.0,0.0,7.0924000000000005,7.0924000000000005,7.0961
2396,0.0,0.0047,0.0047,0.0009,0.0,1.0,0.0,7.5104,0.0,0.0,0.0,0.0,7.510399999999999,7.510399999999999,7.5072
2397,0.0,0.0054,0.0054,0.001,0.0,1.0,0.0,7.8043,0.0,0.0,0.0,0.0,7.8043,7.8043,7.8
2398,0.0,0.0056,0.0056,0.001,0.0,1.0,0.0,7.6234,0.0,0.0,0.0,0.0,7.6234,7.6234,7.6247
2399,0.0,0.0065,0.0065,0.0012,0.0,1.0,0.0,7.6432,0.0,0.0,0.0,0.0,7.6432,7.6432,7.6418
2400,0.0,0.0061,0.0061,0.0011,0.0,1.0,0.0,7.5199,0.0,0.0,0.0,0.0,7.519900000000001,7.519900000000001,7.5193
2401,0.0,0.0069,0.0069,0.0012,0.0,1.0,0.0,8.1882,0.0,0.0,0.0,0.0,8.1882,8.1882,8.1924
2402,0.0,0.0058,0.0058,0.0011,0.0,1.0,0.0,7.605,0.0,0.0,0.0,0.0,7.605,7.605,7.6021
2403,0.0,0.0059,0.0059,0.0011,0.0,1.0,0.0,7.2773,0.0,0.0,0.0,0.0,7.2773,7.2773,7.2803
2404,0.0,0.006,0.006,0.0011,0.0,1.0,0.0,7.0539,0.0,0.0,0.0,0.0,7.0539000000000005,7.0539000000000005,7.0587
2405,0.0,0.007,0.007,0.0013,0.0,1.0,0.0,7.235,0.0,0.0,0.0,0.0,7.235000000000001,7.235000000000001,7.2393
2406,0.0,0.0053,0.0053,0.0009,0.0,1.0,0.0,7.9663,0.0,0.0,0.0,0.0,7.9663,7.9663,7.9673
2407,0.0,0.0063,0.0063,0.0011,0.0,1.0,0.0,7.1779,0.0,0.0,0.0,0.0,7.1779,7.1779,7.1758
2408,0.0,0.0039,0.0039,0.0007,0.0,1.0,0.0,5.7588,0.0,0.0,0.0,0.0,5.758800000000001,5.758800000000001,5.7589
2409,0.0,0.0062,0.0062,0.0011,0.0,1.0,0.0,7.6418,0.0,0.0,0.0,0.0,7.6418,7.6418,7.644
2410,0.0,0.0052,0.0052,0.0009,0.0,1.0,0.0,6.1879,0.0,0.0,0.0,0.0,6.1879,6.1879,6.192
2411,0.0,0.0068,0.0068,0.0012,0.0,1.0,0.0,7.7925,0.0,0.0,0.0,0.0,7.7925,7.7925,7.7946
2412,0.0,0.0058,0.0058,0.001,0.0,1.0,0.0,7.416,0.0,0.0,0.0,0.0,7.4159999999999995,7.4159999999999995,7.415
2413,0.0,0.006,0.006,0.0011,0.0,1.0,0.0,7.2624,0.0,0.0,0.0,0.0,7.2623999999999995,7.2623999999999995,7.2575
2414,0.0,0.0055,0.0055,0.001,0.0,1.0,0.0,7.3968,0.0,0.0,0.0,0.0,7.3968,7.3968,7.401
2415,0.0,0.0073,0.0073,0.0013,0.0,1.0,0.0,7.8535,0.0,0.0,0.0,0.0,7.8535,7.8535,7.8552
2416,0.0,0.0048,0.0048,0.0009,0.0,1.0,0.0,7.495,0.0,0.0,0.0,0.0,7.494999999999999,7.494999999999999,7.4974
2417,0.0,0.0059,0.0059,0.0011,0.0,1.0,0.0,7.7686,0.0,0.0,0.0,0.0,7.768599999999999,7.768599999999999,7.7707
2418,0.0,0.0056,0.0056,0.001,0.0,1.0,0.0,6.7271,0.0,0.0,0.0,0.0,6.7271,6.7271,6.7223
2419,0.0,0.0053,0.0053,0.001,0.0,1.0,0.0,6.9565,0.0,0.0,0.0,0.0,6.956500000000001,6.956500000000001,6.9562
2420,0.0,0.0055,0.0055,0.001,0.0,1.0,0.0,7.1231,0.0,0.0,0.0,0.0,7.123100000000001,7.123100000000001,7.1229
2421,0.0,0.0056,0.0056,0.001,0.0,1.0,0.0,7.431,0.0,0.0,0.0,0.0,7.430999999999999,7.430999999999999,7.4334
2422,0.0,0.0044,0.0044,0.0008,0.0,1.0,0.0,6.3275,0.0,0.0,0.0,0.0,6.327500000000001,6.327500000000001,6.331
2423,0.0,0.0065,0.0065,0.0012,0.0,1.0,0.0,7.5508,0.0,0.0,0.0,0.0,7.5508,7.5508,7.5538
2424,0.0,0.0052,0.0052,0.0009,0.0,1.0,0.0,7.151,0.0,0.0,0.0,0.0,7.151000000000001,7.151000000000001,7.1462
2425,0.0,0.0053,0.0053,0.001,0.0,1.0,0.0,6.9991,0.0,0.0,0.0,0.0,6.9991,6.9991,6.9987
2426,0.0,0.0056,0.0056,0.001,0.0,1.0,0.0,7.3271,0.0,0.0,0.0,0.0,7.3271,7.3271,7.323
2427,0.0,0.006,0.006,0.0011,0.0,1.0,0.0,7.4498,0.0,0.0,0.0,0.0,7.4498,7.4498,7.4507
2428,0.0,0.0059,0.0059,0.0011,0.0,1.0,0.0,7.3137,0.0,0.0,0.0,0.0,7.313699999999999,7.313699999999999,7.3132
2429,0.0,0.0058,0.0058,0.0011,0.0,1.0,0.0,7.5174,0.0,0.0,0.0,0.0,7.5174,7.5174,7.5223
2430,0.0,0.0067,0.0067,0.0012,0.0,1.0,0.0,7.3432,0.0,0.0,0.0,0.0,7.3431999999999995,7.3431999999999995,7.3453
2431,0.0,0.0045,0.0045,0.0008,0.0,1.0,0.0,6.7535,0.0,0.0,0.0,0.0,6.753499999999999,6.753499999999999,6.7585
2432,0.0,0.0064,0.0064,0.0012,0.0,1.0,0.0,7.5358,0.0,0.0,0.0,0.0,7.5358,7.5358,7.5405
2433,0.0,0.0054,0.0054,0.001,0.0,1.0,0.0,7.1173,0.0,0.0,0.0,0.0,7.1173,7.1173,7.1134
2434,0.0,0.0059,0.0059,0.0011,0.0,1.0,0.0,7.8756,0.0,0.0,0.0,0.0,7.8755999999999995,7.8755999999999995,7.873
2435,0.0,0.005,0.005,0.0009,0.0,1.0,0.0,7.1695,0.0,0.0,0.0,0.0,7.169499999999999,7.169499999999999,7.1738
2436,0.0,0.0064,0.0064,0.0011,0.0,1.0,0.0,8.0497,0.0,0.0,0.0,0.0,8.0497,8.0497,8.0497
2437,0.0,0.0054,0.0054,0.001,0.0,1.0,0.0,6.7387,0.0,0.0,0.0,0.0,6.7387,6.7387,6.7377
2438,0.0,0.0056,0.0056,0.001,0.0,1.0,0.0,6.9765,0.0,0.0,0.0,0.0,6.976500000000001,6.976500000000001,6.9778
2439,0.0,0.0057,0.0057,0.001,0.0,1.0,0.0,7.7967,0.0,0.0,0.0,0.0,7.7967,7.7967,7.7984
2440,0.0,0.0081,0.0081,0.0015,0.0,1.0,0.0,7.9376,0.0,0.0,0.0,0.0,7.937600000000001,7.937600000000001,7.9349
2441,0.0,0.0055,0.0055,0.001,0.0,1.0,0.0,6.9007,0.0,0.0,0.0,0.0,6.9007000000000005,6.9007000000000005,6.8957
2442,0.0,0.0063,0.0063,0.0011,0.0,1.0,0.0,7.7665,0.0,0.0,0.0,0.0,7.7665,7.7665,7.7689
2443,0.0,0.0051,0.0051,0.0009,0.0,1.0,0.0,6.7818,0.0,0.0,0.0,0.0,6.7818000000000005,6.7818000000000005,6.7796
2444,0.0,0.0055,0.0055,0.001,0.0,1.0,0.0,6.8238,0.0,0.0,0.0,0.0,6.8238,6.8238,6.8212
2445,0.0,0.0052,0.0052,0.0009,0.0,1.0,0.0,6.6924,0.0,0.0,0.0,0.0,6.6924,6.6924,6.6896
2446,0.0,0.0077,0.0077,0.0014,0.0,1.0,0.0,7.2465,0.0,0.0,0.0,0.0,7.246500000000001,7.246500000000001,7.2465
2447,0.0,0.0048,0.0048,0.0009,0.0,1.0,0.0,6.7175,0.0,0.0,0.0,0.0,6.7175,6.7175,6.7205
2448,0.0,0.0055,0.0055,0.001,0.0,1.0,0.0,6.9866,0.0,0.0,0.0,0.0,6.986599999999999,6.986599999999999,6.9892
2449,0.0,0.0061,0.0061,0.0011,0.0,1.0,0.0,7.0187,0.0,0.0,0.0,0.0,7.0187,7.0187,7.0173
2450,0.0,0.0054,0.0054,0.001,0.0,1.0,0.0,7.4112,0.0,0.0,0.0,0.0,7.411199999999999,7.411199999999999,7.4125
2451,0.0,0.0061,0.0061,0.0011,0.0,1.0,0.0,6.6785,0.0,0.0,0.0,0.0,6.6785,6.6785,6.6829
2452,0.0,0.0053,0.0053,0.001,0.0,1.0,0.0,7.9167,0.0,0.0,0.0,0.0,7.9167,7.9167,7.9207
2453,0.0,0.0069,0.0069,0.0012,0.0,1.0,0.0,7.5406,0.0,0.0,0.0,0.0,7.5406,7.5406,7.5372
2454,0.0,0.0071,0.0071,0.0013,0.0,1.0,0.0,7.4278,0.0,0.0,0.0,0.0,7.427799999999999,7.427799999999999,7.4285
2455,0.0,0.0061,0.0061,0.0011,0.0,1.0,0.0,7.0539,0.0,0.0,0.0,0.0,7.0539,7.0539,7.0517
2456,0.0,0.0062,0.0062,0.0011,0.0,1.0,0.0,7.7018,0.0,0.0,0.0,0.0,7.7017999999999995,7.7017999999999995,7.6994
2457,0.0,0.0044,0.0044,0.0008,0.0,1.0,0.0,6.4235,0.0,0.0,0.0,0.0,6.4235,6.4235,6.427
2458,0.0,0.0064,0.0064,0.0011,0.0,1.0,0.0,8.1881,0.0,0.0,0.0,0.0,8.1881,8.1881,8.1914
2459,0.0,0.0056,0.0056,0.001,0.0,1.0,0.0,7.519,0.0,0.0,0.0,0.0,7.519,7.519,7.5215
2460,0.0,0.0066,0.0066,0.0012,0.0,1.0,0.0,7.0183,0.0,0.0,0.0,0.0,7.0183,7.0183,7.0148
2461,0.0,0.006,0.006,0.0011,0.0,1.0,0.0,7.6892,0.0,0.0,0.0,0.0,7.6892,7.6892,7.6885
2462,0.0,0.0065,0.0065,0.0012,0.0,1.0,0.0,7.1751,0.0,0.0,0.0,0.0,7.1751000000000005,7.1751000000000005,7.1703
2463,0.0,0.0058,0.0058,0.001,0.0,1.0,0.0,6.6316,0.0,0.0,0.0,0.0,6.631600000000001,6.631600000000001,6.6314
2464,0.0,0.0057,0.0057,0.001,0.0,1.0,0.0,7.1356,0.0,0.0,0.0,0.0,7.1356,7.1356,7.135
2465,0.0,0.0058,0.0058,0.001,0.0,1.0,0.0,7.3396,0.0,0.0,0.0,0.0,7.339599999999999,7.339599999999999,7.342
2466,0.0,0.0065,0.0065,0.0012,0.0,1.0,0.0,8.1611,0.0,0.0,0.0,0.0,8.1611,8.1611,8.1658
2467,0.0,0.0068,0.0068,0.0012,0.0,1.0,0.0,8.4501,0.0,0.0,0.0,0.0,8.4501,8.4501,8.4489
2468,0.0,0.0054,0.0054,0.001,0.0,1.0,0.0,7.3996,0.0,0.0,0.0,0.0,7.3996,7.3996,7.4043
2469,0.0,0.005,0.005,0.0009,0.0,1.0,0.0,6.6091,0.0,0.0,0.0,0.0,6.6091,6.6091,6.611
2470,0.0,0.0071,0.0071,0.0013,0.0,1.0,0.0,7.844,0.0,0.0,0.0,0.0,7.844,7.844,7.8464
2471,0.0,0.0068,0.0068,0.0012,0.0,1.0,0.0,7.8757,0.0,0.0,0.0,0.0,7.8757,7.8757,7.8748
2472,0.0,0.0061,0.0061,0.0011,0.0,1.0,0.0,8.6353,0.0,0.0,0.0,0.0,8.635299999999999,8.635299999999999,8.6304
2473,0.0,0.0045,0.0045,0.0008,0.0,1.0,0.0,7.2871,0.0,0.0,0.0,0.0,7.287100000000001,7.287100000000001,7.2854
2474,0.0,0.0056,0.0056,0.001,0.0,1.0,0.0,8.3028,0.0,0.0,0.0,0.0,8.3028,8.3028,8.2984
2475,0.0,0.0062,0.0062,0.0011,0.0,1.0,0.0,7.8678,0.0,0.0,0.0,0.0,7.8678,7.8678,7.8715
2476,0.0,0.0061,0.0061,0.0011,0.0,1.0,0.0,6.8567,0.0,0.0,0.0,0.0,6.856699999999999,6.856699999999999,6.861
2477,0.0,0.0054,0.0054,0.001,0.0,1.0,0.0,7.3134,0.0,0.0,0.0,0.0,7.3134,7.3134,7.3133
2478,0.0,0.0078,0.0078,0.0014,0.0,1.0,0.0,8.5229,0.0,0.0,0.0,0.0,8.5229,8.5229,8.5182
2479,0.0,0.0059,0.0059,0.0011,0.0,1.0,0.0,7.2361,0.0,0.0,0.0,0.0,7.2360999999999995,7.2360999999999995,7.2373
2480,0.0,0.0055,0.0055,0.001,0.0,1.0,0.0,7.1149,0.0,0.0,0.0,0.0,7.1149,7.1149,7.1126
2481,0.0,0.0069,0.0069,0.0012,0.0,1.0,0.0,7.6276,0.0,0.0,0.0,0.0,7.627599999999999,7.627599999999999,7.6295
2482,0.0,0.0055,0.0055,0.001,0.0,1.0,0.0,7.6074,0.0,0.0,0.0,0.0,7.607400000000001,7.607400000000001,7.6107
2483,0.0,0.0063,0.0063,0.0011,0.0,1.0,0.0,7.0719,0.0,0.0,0.0,0.0,7.0719,7.0719,7.076
2484,0.0,0.006,0.006,0.0011,0.0,1.0,0.0,7.7222,0.0,0.0,0.0,0.0,7.722199999999999,7.722199999999999,7.7202
2485,0.0,0.007,0.007,0.0013,0.0,1.0,0.0,8.0524,0.0,0.0,0.0,0.0,8.0524,8.0524,8.0573
2486,0.0,0.0055,0.0055,0.001,0.0,1.0,0.0,6.9387,0.0,0.0,0.0,0.0,6.9387,6.9387,6.9375
2487,0.0,0.0057,0.0057,0.001,0.0,1.0,0.0,7.6086,0.0,0.0,0.0,0.0,7.608600000000001,7.608600000000001,7.6079
2488,0.0,0.0066,0.0066,0.0012,0.0,1.0,0.0,7.7468,0.0,0.0,0.0,0.0,7.7467999999999995,7.7467999999999995,7.7461
2489,0.0,0.0067,0.0067,0.0012,0.0,1.0,0.0,7.6364,0.0,0.0,0.0,0.0,7.636400000000001,7.636400000000001,7.6346
2490,0.0,0.0055,0.0055,0.001,0.0,1.0,0.0,7.1518,0.0,0.0,0.0,0.0,7.1518,7.1518,7.1494
2491,0.0,0.0067,0.0067,0.0012,0.0,1.0,0.0,7.5838,0.0,0.0,0.0,0.0,7.5838,7.5838,7.5855
2492,0.0,0.0053,0.0053,0.0009,0.0,1.0,0.0,7.8115,0.0,0.0,0.0,0.0,7.8115000000000006,7.8115000000000006,7.8077
2493,0.0,0.0054,0.0054,0.001,0.0,1.0,0.0,6.7024,0.0,0.0,0.0,0.0,6.7024,6.7024,6.7043
2494,0.0,0.0063,0.0063,0.0011,0.0,1.0,0.0,7.6472,0.0,0.0,0.0,0.0,7.6472,7.6472,7.6507
2495,0.0,0.005,0.005,0.0009,0.0,1.0,0.0,6.6487,0.0,0.0,0.0,0.0,6.648700000000001,6.648700000000001,6.6445
2496,0.0,0.0049,0.0049,0.0009,0.0,1.0,0.0,7.0911,0.0,0.0,0.0,0.0,7.0911,7.0911,7.0897
2497,0.0,0.0062,0.0062,0.0011,0.0,1.0,0.0,7.4021,0.0,0.0,0.0,0.0,7.402100000000001,7.402100000000001,7.403
2498,0.0,0.0073,0.0073,0.0013,0.0,1.0,0.0,7.8513,0.0,0.0,0.0,0.0,7.8513,7.8513,7.8542
2499,0.0,0.0063,0.0063,0.0011,0.0,1.0,0.0,7.0832,0.0,0.0,0.0,0.0,7.0832,7.0832,7.0851
2500,0.0,0.005,0.005,0.0009,0.0,1.0,0.0,6.5289,0.0,0.0,0.0,0.0,6.528899999999999,6.528899999999999,6.5249
2501,0.0,0.0064,0.0064,0.0011,0.0,1.0,0.0,7.3421,0.0,0.0,0.0,0.0,7.342099999999999,7.342099999999999,7.3432
2502,0.0,0.0054,0.0054,0.001,0.0,1.0,0.0,6.882,0.0,0.0,0.0,0.0,6.882000000000001,6.882000000000001,6.8835
2503,0.0,0.0051,0.0051,0.0009,0.0,1.0,0.0,6.8388,0.0,0.0,0.0,0.0,6.838799999999999,6.838799999999999,6.8406
2504,0.0,0.007,0.007,0.0013,0.0,1.0,0.0,7.8553,0.0,0.0,0.0,0.0,7.8553,7.8553,7.8506
2505,0.0,0.0067,0.0067,0.0012,0.0,1.0,0.0,8.3255,0.0,0.0,0.0,0.0,8.3255,8.3255,8.3249
2506,0.0,0.0072,0.0072,0.0013,0.0,1.0,0.0,7.4139,0.0,0.0,0.0,0.0,7.4139,7.4139,7.4168
2507,0.0,0.0052,0.0052,0.0009,0.0,1.0,0.0,6.7566,0.0,0.0,0.0,0.0,6.756599999999999,6.756599999999999,6.7521
2508,0.0,0.0064,0.0064,0.0011,0.0,1.0,0.0,8.5374,0.0,0.0,0.0,0.0,8.5374,8.5374,8.5357
2509,0.0,0.0064,0.0064,0.0012,0.0,1.0,0.0,7.0898,0.0,0.0,0.0,0.0,7.089799999999999,7.089799999999999,7.0856
2510,0.0,0.005,0.005,0.0009,0.0,1.0,0.0,7.7549,0.0,0.0,0.0,0.0,7.7549,7.7549,7.7586
2511,0.0,0.0051,0.0051,0.0009,0.0,1.0,0.0,7.2002,0.0,0.0,0.0,0.0,7.200200000000001,7.200200000000001,7.205
2512,0.0,0.007,0.007,0.0013,0.0,1.0,0.0,7.7271,0.0,0.0,0.0,0.0,7.727099999999999,7.727099999999999,7.7292
2513,0.0,0.0059,0.0059,0.0011,0.0,1.0,0.0,7.0506,0.0,0.0,0.0,0.0,7.0506,7.0506,7.0523
2514,0.0,0.0058,0.0058,0.001,0.0,1.0,0.0,7.1873,0.0,0.0,0.0,0.0,7.1873,7.1873,7.1902
2515,0.0,0.0061,0.0061,0.0011,0.0,1.0,0.0,7.6961,0.0,0.0,0.0,0.0,7.6961,7.6961,7.6967
2516,0.0,0.0053,0.0053,0.0009,0.0,1.0,0.0,6.8905,0.0,0.0,0.0,0.0,6.8905,6.8905,6.8895
2517,0.0,0.0063,0.0063,0.0011,0.0,1.0,0.0,8.0592,0.0,0.0,0.0,0.0,8.0592,8.0592,8.0574
2518,0.0,0.0051,0.0051,0.0009,0.0,1.0,0.0,7.2144,0.0,0.0,0.0,0.0,7.2144,7.2144,7.213
2519,0.0,0.0075,0.0075,0.0014,0.0,1.0,0.0,8.1509,0.0,0.0,0.0,0.0,8.1509,8.1509,8.1549
2520,0.0,0.0053,0.0053,0.001,0.0,1.0,0.0,7.3183,0.0,0.0,0.0,0.0,7.3183,7.3183,7.3141
2521,0.0,0.0053,0.0053,0.001,0.0,1.0,0.0,7.804,0.0,0.0,0.0,0.0,7.804,7.804,7.8021
2522,0.0,0.006,0.006,0.0011,0.0,1.0,0.0,7.8106,0.0,0.0,0.0,0.0,7.810599999999999,7.810599999999999,7.8124
2523,0.0,0.0059,0.0059,0.0011,0.0,1.0,0.0,6.479,0.0,0.0,0.0,0.0,6.479000000000001,6.479000000000001,6.479
2524,0.0,0.006,0.006,0.0011,0.0,1.0,0.0,6.8455,0.0,0.0,0.0,0.0,6.8455,6.8455,6.8495
2525,0.0,0.0051,0.0051,0.0009,0.0,1.0,0.0,6.9169,0.0,0.0,0.0,0.0,6.916900000000001,6.916900000000001,6.9207
2526,0.0,0.0064,0.0064,0.0011,0.0,1.0,0.0,6.8771,0.0,0.0,0.0,0.0,6.8771,6.8771,6.8802
2527,0.0,0.007,0.007,0.0013,0.0,1.0,0.0,8.5161,0.0,0.0,0.0,0.0,8.5161,8.5161,8.5207
2528,0.0,0.0054,0.0054,0.001,0.0,1.0,0.0,6.8957,0.0,0.0,0.0,0.0,6.8957,6.8957,6.8997
2529,0.0,0.0064,0.0064,0.0012,0.0,1.0,0.0,7.8942,0.0,0.0,0.0,0.0,7.8942,7.8942,7.8941
2530,0.0,0.0061,0.0061,0.0011,0.0,1.0,0.0,7.7212,0.0,0.0,0.0,0.0,7.7212,7.7212,7.7236
2531,0.0,0.005,0.005,0.0009,0.0,1.0,0.0,6.5258,0.0,0.0,0.0,0.0,6.5257999999999985,6.5257999999999985,6.5214
2532,0.0,0.0067,0.0067,0.0012,0.0,1.0,0.0,7.5187,0.0,0.0,0.0,0.0,7.518699999999999,7.518699999999999,7.5202
2533,0.0,0.0069,0.0069,0.0012,0.0,1.0,0.0,7.5148,0.0,0.0,0.0,0.0,7.5148,7.5148,7.5178
2534,0.0,0.0061,0.0061,0.0011,0.0,1.0,0.0,7.4524,0.0,0.0,0.0,0.0,7.452399999999999,7.452399999999999,7.4573
2535,0.0,0.0054,0.0054,0.001,0.0,1.0,0.0,6.7536,0.0,0.0,0.0,0.0,6.7536000000000005,6.7536000000000005,6.7543
2536,0.0,0.0059,0.0059,0.0011,0.0,1.0,0.0,7.28,0.0,0.0,0.0,0.0,7.279999999999999,7.279999999999999,7.2789
2537,0.0,0.0069,0.0069,0.0012,0.0,1.0,0.0,7.815,0.0,0.0,0.0,0.0,7.815,7.815,7.8172
2538,0.0,0.0055,0.0055,0.001,0.0,1.0,0.0,6.4239,0.0,0.0,0.0,0.0,6.4239,6.4239,6.422
2539,0.0,0.0054,0.0054,0.001,0.0,1.0,0.0,7.0898,0.0,0.0,0.0,0.0,7.0898,7.0898,7.0859
2540,0.0,0.006,0.006,0.0011,0.0,1.0,0.0,7.4824,0.0,0.0,0.0,0.0,7.4824,7.4824,7.4816
2541,0.0,0.006,0.006,0.0011,0.0,1.0,0.0,7.634,0.0,0.0,0.0,0.0,7.634,7.634,7.6339
2542,0.0,0.0066,0.0066,0.0012,0.0,1.0,0.0,7.4845,0.0,0.0,0.0,0.0,7.4845,7.4845,7.4824
2543,0.0,0.005,0.005,0.0009,0.0,1.0,0.0,7.3879,0.0,0.0,0.0,0.0,7.3879,7.3879,7.3847
2544,0.0,0.0072,0.0072,0.0013,0.0,1.0,0.0,7.5576,0.0,0.0,0.0,0.0,7.557600000000001,7.557600000000001,7.5601
2545,0.0,0.0051,0.0051,0.0009,0.0,1.0,0.0,6.988,0.0,0.0,0.0,0.0,6.9879999999999995,6.9879999999999995,6.9855
2546,0.0,0.0062,0.0062,0.0011,0.0,1.0,0.0,7.5811,0.0,0.0,0.0,0.0,7.5811,7.5811,7.5836
2547,0.0,0.0071,0.0071,0.0013,0.0,1.0,0.0,8.5959,0.0,0.0,0.0,0.0,8.5959,8.5959,8.5981
2548,0.0,0.0061,0.0061,0.0011,0.0,1.0,0.0,6.9378,0.0,0.0,0.0,0.0,6.9378,6.9378,6.9397
2549,0.0,0.0066,0.0066,0.0012,0.0,1.0,0.0,7.6026,0.0,0.0,0.0,0.0,7.6026,7.6026,7.6063
2550,0.0,0.0057,0.0057,0.001,0.0,1.0,0.0,7.1169,0.0,0.0,0.0,0.0,7.1169,7.1169,7.112
2551,0.0,0.0045,0.0045,0.0008,0.0,1.0,0.0,7.1703,0.0,0.0,0.0,0.0,7.1703,7.1703,7.166
2552,0.0,0.0067,0.0067,0.0012,0.0,1.0,0.0,6.9595,0.0,0.0,0.0,0.0,6.959499999999999,6.959499999999999,6.9559
2553,0.0,0.0056,0.0056,0.001,0.0,1.0,0.0,6.581,0.0,0.0,0.0,0.0,6.5809999999999995,6.5809999999999995,6.577
2554,0.0,0.0055,0.0055,0.001,0.0,1.0,0.0,6.767,0.0,0.0,0.0,0.0,6.7669999999999995,6.7669999999999995,6.7637
2555,0.0,0.0055,0.0055,0.001,0.0,1.0,0.0,6.1889,0.0,0.0,0.0,0.0,6.188899999999999,6.188899999999999,6.1878
2556,0.0,0.0062,0.0062,0.0011,0.0,1.0,0.0,7.139,0.0,0.0,0.0,0.0,7.139,7.139,7.1392
2557,0.0,0.0066,0.0066,0.0012,0.0,1.0,0.0,7.6961,0.0,0.0,0.0,0.0,7.6961,7.6961,7.6937
2558,0.0,0.0073,0.0073,0.0013,0.0,1.0,0.0,8.2455,0.0,0.0,0.0,0.0,8.245500000000002,8.245500000000002,8.2442
2559,0.0,0.0056,0.0056,0.001,0.0,1.0,0.0,7.7226,0.0,0.0,0.0,0.0,7.722600000000001,7.722600000000001,7.7202
2560,0.0,0.0049,0.0049,0.0009,0.0,1.0,0.0,7.0945,0.0,0.0,0.0,0.0,7.0945,7.0945,7.0949
2561,0.0,0.0065,0.0065,0.0012,0.0,1.0,0.0,8.3497,0.0,0.0,0.0,0.0,8.3497,8.3497,8.3536
2562,0.0,0.0054,0.0054,0.001,0.0,1.0,0.0,7.4148,0.0,0.0,0.0,0.0,7.4148000000000005,7.4148000000000005,7.4181
2563,0.0,0.006,0.006,0.0011,0.0,1.0,0.0,7.6182,0.0,0.0,0.0,0.0,7.618200000000001,7.618200000000001,7.6195
2564,0.0,0.0052,0.0052,0.0009,0.0,1.0,0.0,7.0285,0.0,0.0,0.0,0.0,7.028499999999999,7.028499999999999,7.0238
2565,0.0,0.006,0.006,0.0011,0.0,1.0,0.0,7.8039,0.0,0.0,0.0,0.0,7.8039,7.8039,7.8049
2566,0.0,0.0053,0.0053,0.001,0.0,1.0,0.0,7.1966,0.0,0.0,0.0,0.0,7.1966,7.1966,7.2014
2567,0.0,0.0069,0.0069,0.0012,0.0,1.0,0.0,7.1437,0.0,0.0,0.0,0.0,7.143700000000001,7.143700000000001,7.1466
2568,0.0,0.0066,0.0066,0.0012,0.0,1.0,0.0,7.6442,0.0,0.0,0.0,0.0,7.6442,7.6442,7.6463
2569,0.0,0.006,0.006,0.0011,0.0,1.0,0.0,7.4099,0.0,0.0,0.0,0.0,7.4099,7.4099,7.4142
2570,0.0,0.0072,0.0072,0.0013,0.0,1.0,0.0,8.2192,0.0,0.0,0.0,0.0,8.2192,8.2192,8.2182
2571,0.0,0.0063,0.0063,0.0011,0.0,1.0,0.0,7.4478,0.0,0.0,0.0,0.0,7.4478,7.4478,7.4486
2572,0.0,0.0056,0.0056,0.001,0.0,1.0,0.0,7.4869,0.0,0.0,0.0,0.0,7.4869,7.4869,7.4881
2573,0.0,0.0061,0.0061,0.0011,0.0,1.0,0.0,6.8837,0.0,0.0,0.0,0.0,6.883700000000001,6.883700000000001,6.8865
2574,0.0,0.0061,0.0061,0.0011,0.0,1.0,0.0,7.9628,0.0,0.0,0.0,0.0,7.9628000000000005,7.9628000000000005,7.9661
2575,0.0,0.0046,0.0046,0.0008,0.0,1.0,0.0,7.2938,0.0,0.0,0.0,0.0,7.2938,7.2938,7.2904
2576,0.0,0.0063,0.0063,0.0011,0.0,1.0,0.0,7.0465,0.0,0.0,0.0,0.0,7.0465,7.0465,7.0508
2577,0.0,0.0064,0.0064,0.0011,0.0,1.0,0.0,7.4108,0.0,0.0,0.0,0.0,7.4108,7.4108,7.408
2578,0.0,0.005,0.005,0.0009,0.0,1.0,0.0,7.3342,0.0,0.0,0.0,0.0,7.3342,7.3342,7.3313
2579,0.0,0.0058,0.0058,0.001,0.0,1.0,0.0,7.1264,0.0,0.0,0.0,0.0,7.1264,7.1264,7.1277
2580,0.0,0.0052,0.0052,0.0009,0.0,1.0,0.0,6.8451,0.0,0.0,0.0,0.0,6.8451,6.8451,6.844
2581,0.0,0.0057,0.0057,0.001,0.0,1.0,0.0,7.7495,0.0,0.0,0.0,0.0,7.7495,7.7495,7.7446
2582,0.0,0.007,0.007,0.0013,0.0,1.0,0.0,7.9115,0.0,0.0,0.0,0.0,7.911499999999999,7.911499999999999,7.9163
2583,0.0,0.0055,0.0055,0.001,0.0,1.0,0.0,7.3978,0.0,0.0,0.0,0.0,7.3978,7.3978,7.3934
2584,0.0,0.0045,0.0045,0.0008,0.0,1.0,0.0,7.0056,0.0,0.0,0.0,0.0,7.0056,7.0056,7.0018
2585,0.0,0.0064,0.0064,0.0012,0.0,1.0,0.0,8.0597,0.0,0.0,0.0,0.0,8.0597,8.0597,8.0596
2586,0.0,0.0054,0.0054,0.001,0.0,1.0,0.0,7.7884,0.0,0.0,0.0,0.0,7.7884,7.7884,7.7895
2587,0.0,0.0059,0.0059,0.0011,0.0,1.0,0.0,6.8005,0.0,0.0,0.0,0.0,6.8005,6.8005,6.7967
2588,0.0,0.0056,0.0056,0.001,0.0,1.0,0.0,6.8055,0.0,0.0,0.0,0.0,6.805500000000001,6.805500000000001,6.8027
2589,0.0,0.0054,0.0054,0.001,0.0,1.0,0.0,7.243,0.0,0.0,0.0,0.0,7.243,7.243,7.2458
2590,0.0,0.0059,0.0059,0.0011,0.0,1.0,0.0,7.2304,0.0,0.0,0.0,0.0,7.2304,7.2304,7.2285
2591,0.0,0.0058,0.0058,0.0011,0.0,1.0,0.0,7.991,0.0,0.0,0.0,0.0,7.991,7.991,7.989
2592,0.0,0.0066,0.0066,0.0012,0.0,1.0,0.0,7.4795,0.0,0.0,0.0,0.0,7.4795,7.4795,7.4818
2593,0.0,0.0058,0.0058,0.0011,0.0,1.0,0.0,7.6941,0.0,0.0,0.0,0.0,7.694100000000001,7.694100000000001,7.6922
2594,0.0,0.0058,0.0058,0.001,0.0,1.0,0.0,6.8454,0.0,0.0,0.0,0.0,6.8454,6.8454,6.8469
2595,0.0,0.0068,0.0068,0.0012,0.0,1.0,0.0,8.3316,0.0,0.0,0.0,0.0,8.331600000000002,8.331600000000002,8.3315
2596,0.0,0.0061,0.0061,0.0011,0.0,1.0,0.0,7.3059,0.0,0.0,0.0,0.0,7.3059,7.3059,7.3107
2597,0.0,0.0069,0.0069,0.0012,0.0,1.0,0.0,7.1841,0.0,0.0,0.0,0.0,7.1841,7.1841,7.1858
2598,0.0,0.0073,0.0073,0.0013,0.0,1.0,0.0,8.1619,0.0,0.0,0.0,0.0,8.1619,8.1619,8.1657
2599,0.0,0.0064,0.0064,0.0012,0.0,1.0,0.0,6.8375,0.0,0.0,0.0,0.0,6.8375,6.8375,6.8391
2600,0.0,0.0055,0.0055,0.001,0.0,1.0,0.0,7.2761,0.0,0.0,0.0,0.0,7.2761,7.2761,7.2737
2601,0.0,0.0057,0.0057,0.001,0.0,1.0,0.0,7.3122,0.0,0.0,0.0,0.0,7.312200000000001,7.312200000000001,7.3076
2602,0.0,0.0042,0.0042,0.0008,0.0,1.0,0.0,6.1865,0.0,0.0,0.0,0.0,6.186499999999999,6.186499999999999,6.1832
2603,0.0,0.0051,0.0051,0.0009,0.0,1.0,0.0,7.3442,0.0,0.0,0.0,0.0,7.3442,7.3442,7.3407
2604,0.0,0.0067,0.0067,0.0012,0.0,1.0,0.0,7.9452,0.0,0.0,0.0,0.0,7.9452,7.9452,7.9463
2605,0.0,0.0059,0.0059,0.0011,0.0,1.0,0.0,7.9489,0.0,0.0,0.0,0.0,7.9489,7.9489,7.9538
2606,0.0,0.0047,0.0047,0.0009,0.0,1.0,0.0,7.2823,0.0,0.0,0.0,0.0,7.282299999999999,7.282299999999999,7.2866
2607,0.0,0.0055,0.0055,0.001,0.0,1.0,0.0,7.4399,0.0,0.0,0.0,0.0,7.4399,7.4399,7.4446
2608,0.0,0.0061,0.0061,0.0011,0.0,1.0,0.0,7.2517,0.0,0.0,0.0,0.0,7.251700000000001,7.251700000000001,7.2556
2609,0.0,0.007,0.007,0.0013,0.0,1.0,0.0,7.7541,0.0,0.0,0.0,0.0,7.7541,7.7541,7.7518
2610,0.0,0.0058,0.0058,0.001,0.0,1.0,0.0,7.031,0.0,0.0,0.0,0.0,7.031,7.031,7.0276
2611,0.0,0.0053,0.0053,0.001,0.0,1.0,0.0,7.6741,0.0,0.0,0.0,0.0,7.6741,7.6741,7.6707
2612,0.0,0.0061,0.0061,0.0011,0.0,1.0,0.0,7.4488,0.0,0.0,0.0,0.0,7.4488,7.4488,7.4454
2613,0.0,0.0059,0.0059,0.0011,0.0,1.0,0.0,6.4312,0.0,0.0,0.0,0.0,6.4312000000000005,6.4312000000000005,6.428
2614,0.0,0.0049,0.0049,0.0009,0.0,1.0,0.0,6.5124,0.0,0.0,0.0,0.0,6.5123999999999995,6.5123999999999995,6.5093
2615,0.0,0.0061,0.0061,0.0011,0.0,1.0,0.0,7.0929,0.0,0.0,0.0,0.0,7.0929,7.0929,7.0956
2616,0.0,0.0062,0.0062,0.0011,0.0,1.0,0.0,7.2564,0.0,0.0,0.0,0.0,7.256399999999999,7.256399999999999,7.2535
2617,0.0,0.0067,0.0067,0.0012,0.0,1.0,0.0,8.1115,0.0,0.0,0.0,0.0,8.1115,8.1115,8.1129
2618,0.0,0.0065,0.0065,0.0012,0.0,1.0,0.0,8.251,0.0,0.0,0.0,0.0,8.251000000000001,8.251000000000001,8.2551
2619,0.0,0.0044,0.0044,0.0008,0.0,1.0,0.0,6.7732,0.0,0.0,0.0,0.0,6.7732,6.7732,6.7741
2620,0.0,0.0055,0.0055,0.001,0.0,1.0,0.0,7.1322,0.0,0.0,0.0,0.0,7.1322,7.1322,7.1337
2621,0.0,0.0055,0.0055,0.001,0.0,1.0,0.0,6.7503,0.0,0.0,0.0,0.0,6.7503,6.7503,6.7503
2622,0.0,0.0065,0.0065,0.0012,0.0,1.0,0.0,7.8248,0.0,0.0,0.0,0.0,7.824800000000001,7.824800000000001,7.8238
2623,0.0,0.0062,0.0062,0.0011,0.0,1.0,0.0,7.9388,0.0,0.0,0.0,0.0,7.9388,7.9388,7.9386
2624,0.0,0.0062,0.0062,0.0011,0.0,1.0,0.0,7.3816,0.0,0.0,0.0,0.0,7.3816,7.3816,7.3778
2625,0.0,0.0055,0.0055,0.001,0.0,1.0,0.0,7.227,0.0,0.0,0.0,0.0,7.226999999999999,7.226999999999999,7.2271
2626,0.0,0.0062,0.0062,0.0011,0.0,1.0,0.0,7.2836,0.0,0.0,0.0,0.0,7.2836,7.2836,7.2874
2627,0.0,0.0063,0.0063,0.0011,0.0,1.0,0.0,7.6727,0.0,0.0,0.0,0.0,7.6727,7.6727,7.6706
2628,0.0,0.0059,0.0059,0.0011,0.0,1.0,0.0,7.764,0.0,0.0,0.0,0.0,7.764000000000001,7.764000000000001,7.7601
2629,0.0,0.0066,0.0066,0.0012,0.0,1.0,0.0,8.3396,0.0,0.0,0.0,0.0,8.3396,8.3396,8.3439
2630,0.0,0.0057,0.0057,0.001,0.0,1.0,0.0,8.0742,0.0,0.0,0.0,0.0,8.074200000000001,8.074200000000001,8.0721
2631,0.0,0.0047,0.0047,0.0008,0.0,1.0,0.0,6.6164,0.0,0.0,0.0,0.0,6.616400000000001,6.616400000000001,6.6161
2632,0.0,0.0068,0.0068,0.0012,0.0,1.0,0.0,7.401,0.0,0.0,0.0,0.0,7.401,7.401,7.3976
2633,0.0,0.0048,0.0048,0.0009,0.0,1.0,0.0,7.4283,0.0,0.0,0.0,0.0,7.4283,7.4283,7.4287
2634,0.0,0.0065,0.0065,0.0012,0.0,1.0,0.0,7.8148,0.0,0.0,0.0,0.0,7.8148,7.8148,7.8156
2635,0.0,0.0055,0.0055,0.001,0.0,1.0,0.0,7.1546,0.0,0.0,0.0,0.0,7.1546,7.1546,7.1497
2636,0.0,0.0049,0.0049,0.0009,0.0,1.0,0.0,7.6739,0.0,0.0,0.0,0.0,7.6739,7.6739,7.6766
2637,0.0,0.0071,0.0071,0.0013,0.0,1.0,0.0,7.6824,0.0,0.0,0.0,0.0,7.6823999999999995,7.6823999999999995,7.6834
2638,0.0,0.0057,0.0057,0.001,0.0,1.0,0.0,7.4093,0.0,0.0,0.0,0.0,7.4093,7.4093,7.4076
2639,0.0,0.0062,0.0062,0.0011,0.0,1.0,0.0,7.1734,0.0,0.0,0.0,0.0,7.173400000000001,7.173400000000001,7.1686
2640,0.0,0.0061,0.0061,0.0011,0.0,1.0,0.0,7.8857,0.0,0.0,0.0,0.0,7.885699999999999,7.885699999999999,7.8874
2641,0.0,0.0065,0.0065,0.0012,0.0,1.0,0.0,8.1664,0.0,0.0,0.0,0.0,8.166400000000001,8.166400000000001,8.1629
2642,0.0,0.0052,0.0052,0.0009,0.0,1.0,0.0,7.7495,0.0,0.0,0.0,0.0,7.749500000000001,7.749500000000001,7.748
2643,0.0,0.0067,0.0067,0.0012,0.0,1.0,0.0,7.0976,0.0,0.0,0.0,0.0,7.097599999999999,7.097599999999999,7.1003
2644,0.0,0.0068,0.0068,0.0012,0.0,1.0,0.0,7.4027,0.0,0.0,0.0,0.0,7.4027,7.4027,7.4075
2645,0.0,0.0071,0.0071,0.0013,0.0,1.0,0.0,7.7022,0.0,0.0,0.0,0.0,7.7021999999999995,7.7021999999999995,7.7054
2646,0.0,0.005,0.005,0.0009,0.0,1.0,0.0,7.0104,0.0,0.0,0.0,0.0,7.0104,7.0104,7.0077
2647,0.0,0.006,0.006,0.0011,0.0,1.0,0.0,6.9797,0.0,0.0,0.0,0.0,6.9797,6.9797,6.977
2648,0.0,0.0061,0.0061,0.0011,0.0,1.0,0.0,7.5371,0.0,0.0,0.0,0.0,7.5371,7.5371,7.5418
2649,0.0,0.0055,0.0055,0.001,0.0,1.0,0.0,7.5208,0.0,0.0,0.0,0.0,7.520800000000001,7.520800000000001,7.5258
2650,0.0,0.0063,0.0063,0.0011,0.0,1.0,0.0,7.172,0.0,0.0,0.0,0.0,7.171999999999999,7.171999999999999,7.1707
2651,0.0,0.0055,0.0055,0.001,0.0,1.0,0.0,6.9634,0.0,0.0,0.0,0.0,6.9634,6.9634,6.9682
2652,0.0,0.0047,0.0047,0.0008,0.0,1.0,0.0,7.0967,0.0,0.0,0.0,0.0,7.0967,7.0967,7.0994
2653,0.0,0.0062,0.0062,0.0011,0.0,1.0,0.0,7.4328,0.0,0.0,0.0,0.0,7.432799999999999,7.432799999999999,7.4295
2654,0.0,0.0064,0.0064,0.0012,0.0,1.0,0.0,8.2081,0.0,0.0,0.0,0.0,8.2081,8.2081,8.2107
2655,0.0,0.0069,0.0069,0.0012,0.0,1.0,0.0,7.7637,0.0,0.0,0.0,0.0,7.7637,7.7637,7.7652
2656,0.0,0.0055,0.0055,0.001,0.0,1.0,0.0,7.135,0.0,0.0,0.0,0.0,7.135,7.135,7.1313
2657,0.0,0.0053,0.0053,0.001,0.0,1.0,0.0,7.5887,0.0,0.0,0.0,0.0,7.588700000000001,7.588700000000001,7.5921
2658,0.0,0.0065,0.0065,0.0012,0.0,1.0,0.0,7.5073,0.0,0.0,0.0,0.0,7.507300000000001,7.507300000000001,7.5067
2659,0.0,0.0067,0.0067,0.0012,0.0,1.0,0.0,7.7559,0.0,0.0,0.0,0.0,7.7559,7.7559,7.7538
2660,0.0,0.0066,0.0066,0.0012,0.0,1.0,0.0,8.2627,0.0,0.0,0.0,0.0,8.2627,8.2627,8.2593
2661,0.0,0.0052,0.0052,0.0009,0.0,1.0,0.0,6.984,0.0,0.0,0.0,0.0,6.984,6.984,6.9847
2662,0.0,0.0046,0.0046,0.0008,0.0,1.0,0.0,6.8047,0.0,0.0,0.0,0.0,6.8046999999999995,6.8046999999999995,6.8027
2663,0.0,0.0053,0.0053,0.001,0.0,1.0,0.0,7.3106,0.0,0.0,0.0,0.0,7.3106,7.3106,7.3058
2664,0.0,0.0067,0.0067,0.0012,0.0,1.0,0.0,8.5345,0.0,0.0,0.0,0.0,8.5345,8.5345,8.5367
2665,0.0,0.0056,0.0056,0.001,0.0,1.0,0.0,7.1937,0.0,0.0,0.0,0.0,7.1937,7.1937,7.195
2666,0.0,0.0062,0.0062,0.0011,0.0,1.0,0.0,7.5884,0.0,0.0,0.0,0.0,7.5884,7.5884,7.5878
2667,0.0,0.0052,0.0052,0.0009,0.0,1.0,0.0,7.1751,0.0,0.0,0.0,0.0,7.1751000000000005,7.1751000000000005,7.1797
2668,0.0,0.0052,0.0052,0.0009,0.0,1.0,0.0,7.1625,0.0,0.0,0.0,0.0,7.1625000000000005,7.1625000000000005,7.1609
2669,0.0,0.0055,0.0055,0.001,0.0,1.0,0.0,7.2907,0.0,0.0,0.0,0.0,7.290700000000001,7.290700000000001,7.294
2670,0.0,0.0068,0.0068,0.0012,0.0,1.0,0.0,7.5691,0.0,0.0,0.0,0.0,7.5691,7.5691,7.5705
2671,0.0,0.0062,0.0062,0.0011,0.0,1.0,0.0,7.4339,0.0,0.0,0.0,0.0,7.4338999999999995,7.4338999999999995,7.432
2672,0.0,0.0067,0.0067,0.0012,0.0,1.0,0.0,7.4547,0.0,0.0,0.0,0.0,7.4547,7.4547,7.4589
2673,0.0,0.0059,0.0059,0.0011,0.0,1.0,0.0,6.5355,0.0,0.0,0.0,0.0,6.535500000000001,6.535500000000001,6.5404
2674,0.0,0.0059,0.0059,0.0011,0.0,1.0,0.0,8.3306,0.0,0.0,0.0,0.0,8.3306,8.3306,8.3298
2675,0.0,0.0065,0.0065,0.0012,0.0,1.0,0.0,7.6647,0.0,0.0,0.0,0.0,7.664700000000001,7.664700000000001,7.6598
2676,0.0,0.0058,0.0058,0.001,0.0,1.0,0.0,7.973,0.0,0.0,0.0,0.0,7.973000000000001,7.973000000000001,7.97
2677,0.0,0.0064,0.0064,0.0012,0.0,1.0,0.0,8.5554,0.0,0.0,0.0,0.0,8.5554,8.5554,8.5518
2678,0.0,0.0064,0.0064,0.0012,0.0,1.0,0.0,7.179,0.0,0.0,0.0,0.0,7.178999999999999,7.178999999999999,7.176
2679,0.0,0.0063,0.0063,0.0011,0.0,1.0,0.0,7.763,0.0,0.0,0.0,0.0,7.763,7.763,7.759
2680,0.0,0.0054,0.0054,0.001,0.0,1.0,0.0,7.4129,0.0,0.0,0.0,0.0,7.412900000000001,7.412900000000001,7.412
2681,0.0,0.0066,0.0066,0.0012,0.0,1.0,0.0,7.4608,0.0,0.0,0.0,0.0,7.460799999999999,7.460799999999999,7.4609
2682,0.0,0.0071,0.0071,0.0013,0.0,1.0,0.0,7.9212,0.0,0.0,0.0,0.0,7.9212,7.9212,7.9193
2683,0.0,0.0057,0.0057,0.001,0.0,1.0,0.0,7.3871,0.0,0.0,0.0,0.0,7.3871,7.3871,7.3875
2684,0.0,0.0054,0.0054,0.001,0.0,1.0,0.0,6.5804,0.0,0.0,0.0,0.0,6.5804,6.5804,6.5784
2685,0.0,0.0056,0.0056,0.001,0.0,1.0,0.0,7.5477,0.0,0.0,0.0,0.0,7.547699999999999,7.547699999999999,7.5475
2686,0.0,0.0045,0.0045,0.0008,0.0,1.0,0.0,6.6894,0.0,0.0,0.0,0.0,6.689400000000001,6.689400000000001,6.6903
2687,0.0,0.0074,0.0074,0.0013,0.0,1.0,0.0,7.6865,0.0,0.0,0.0,0.0,7.6865000000000006,7.6865000000000006,7.6823
2688,0.0,0.0062,0.0062,0.0011,0.0,1.0,0.0,8.1648,0.0,0.0,0.0,0.0,8.1648,8.1648,8.1598
2689,0.0,0.0064,0.0064,0.0012,0.0,1.0,0.0,7.0139,0.0,0.0,0.0,0.0,7.0139000000000005,7.0139000000000005,7.0121
2690,0.0,0.0067,0.0067,0.0012,0.0,1.0,0.0,7.2466,0.0,0.0,0.0,0.0,7.2466,7.2466,7.2473
2691,0.0,0.0054,0.0054,0.001,0.0,1.0,0.0,7.0392,0.0,0.0,0.0,0.0,7.0392,7.0392,7.0361
2692,0.0,0.0055,0.0055,0.001,0.0,1.0,0.0,6.5679,0.0,0.0,0.0,0.0,6.5679,6.5679,6.5692
2693,0.0,0.0056,0.0056,0.001,0.0,1.0,0.0,7.9659,0.0,0.0,0.0,0.0,7.9658999999999995,7.9658999999999995,7.9641
2694,0.0,0.0053,0.0053,0.001,0.0,1.0,0.0,7.8316,0.0,0.0,0.0,0.0,7.8316,7.8316,7.8346
2695,0.0,0.0055,0.0055,0.001,0.0,1.0,0.0,6.6536,0.0,0.0,0.0,0.0,6.653599999999999,6.653599999999999,6.6555
2696,0.0,0.0065,0.0065,0.0012,0.0,1.0,0.0,8.7922,0.0,0.0,0.0,0.0,8.7922,8.7922,8.7893
2697,0.0,0.0061,0.0061,0.0011,0.0,1.0,0.0,7.6536,0.0,0.0,0.0,0.0,7.6536,7.6536,7.6508
2698,0.0,0.0063,0.0063,0.0011,0.0,1.0,0.0,7.8664,0.0,0.0,0.0,0.0,7.8664000000000005,7.8664000000000005,7.8616
2699,0.0,0.0065,0.0065,0.0012,0.0,1.0,0.0,7.1383,0.0,0.0,0.0,0.0,7.138299999999999,7.138299999999999,7.1348
2700,0.0,0.0061,0.0061,0.0011,0.0,1.0,0.0,6.7191,0.0,0.0,0.0,0.0,6.719099999999999,6.719099999999999,6.7213
2701,0.0,0.0055,0.0055,0.001,0.0,1.0,0.0,7.1241,0.0,0.0,0.0,0.0,7.1241,7.1241,7.1218
2702,0.0,0.0057,0.0057,0.001,0.0,1.0,0.0,7.6539,0.0,0.0,0.0,0.0,7.653899999999999,7.653899999999999,7.6569
2703,0.0,0.0063,0.0063,0.0011,0.0,1.0,0.0,7.6433,0.0,0.0,0.0,0.0,7.643300000000001,7.643300000000001,7.6477
2704,0.0,0.0055,0.0055,0.001,0.0,1.0,0.0,7.5035,0.0,0.0,0.0,0.0,7.503500000000001,7.503500000000001,7.5057
2705,0.0,0.0058,0.0058,0.0011,0.0,1.0,0.0,7.7597,0.0,0.0,0.0,0.0,7.7597000000000005,7.7597000000000005,7.7611
2706,0.0,0.0066,0.0066,0.0012,0.0,1.0,0.0,7.4516,0.0,0.0,0.0,0.0,7.4516,7.4516,7.4551
2707,0.0,0.0056,0.0056,0.001,0.0,1.0,0.0,7.8406,0.0,0.0,0.0,0.0,7.840599999999999,7.840599999999999,7.8404
2708,0.0,0.0055,0.0055,0.001,0.0,1.0,0.0,6.1729,0.0,0.0,0.0,0.0,6.1729,6.1729,6.1715
2709,0.0,0.0067,0.0067,0.0012,0.0,1.0,0.0,7.6204,0.0,0.0,0.0,0.0,7.6204,7.6204,7.6214
2710,0.0,0.0064,0.0064,0.0011,0.0,1.0,0.0,7.915,0.0,0.0,0.0,0.0,7.915,7.915,7.9151
2711,0.0,0.0072,0.0072,0.0013,0.0,1.0,0.0,8.2658,0.0,0.0,0.0,0.0,8.2658,8.2658,8.2658
2712,0.0,0.0052,0.0052,0.0009,0.0,1.0,0.0,6.7904,0.0,0.0,0.0,0.0,6.7904,6.7904,6.7855
2713,0.0,0.0056,0.0056,0.001,0.0,1.0,0.0,7.3152,0.0,0.0,0.0,0.0,7.315200000000001,7.315200000000001,7.3132
2714,0.0,0.0053,0.0053,0.0009,0.0,1.0,0.0,8.4258,0.0,0.0,0.0,0.0,8.4258,8.4258,8.4226
2715,0.0,0.0054,0.0054,0.001,0.0,1.0,0.0,7.4324,0.0,0.0,0.0,0.0,7.4323999999999995,7.4323999999999995,7.4317
2716,0.0,0.0063,0.0063,0.0011,0.0,1.0,0.0,7.5778,0.0,0.0,0.0,0.0,7.5778,7.5778,7.5785
2717,0.0,0.0074,0.0074,0.0013,0.0,1.0,0.0,9.0498,0.0,0.0,0.0,0.0,9.049800000000001,9.049800000000001,9.0504
2718,0.0,0.0064,0.0064,0.0012,0.0,1.0,0.0,7.4189,0.0,0.0,0.0,0.0,7.4189,7.4189,7.4227
2719,0.0,0.0047,0.0047,0.0009,0.0,1.0,0.0,6.7312,0.0,0.0,0.0,0.0,6.731199999999999,6.731199999999999,6.7322
2720,0.0,0.0046,0.0046,0.0008,0.0,1.0,0.0,7.2955,0.0,0.0,0.0,0.0,7.2955000000000005,7.2955000000000005,7.2946
2721,0.0,0.0076,0.0076,0.0014,0.0,1.0,0.0,7.8332,0.0,0.0,0.0,0.0,7.833200000000001,7.833200000000001,7.8376
2722,0.0,0.0048,0.0048,0.0009,0.0,1.0,0.0,7.5355,0.0,0.0,0.0,0.0,7.5355,7.5355,7.5386
2723,0.0,0.0072,0.0072,0.0013,0.0,1.0,0.0,8.6606,0.0,0.0,0.0,0.0,8.6606,8.6606,8.6564
2724,0.0,0.0046,0.0046,0.0008,0.0,1.0,0.0,6.6819,0.0,0.0,0.0,0.0,6.681900000000001,6.681900000000001,6.6784
2725,0.0,0.0051,0.0051,0.0009,0.0,1.0,0.0,6.7232,0.0,0.0,0.0,0.0,6.7232,6.7232,6.7243
2726,0.0,0.006,0.006,0.0011,0.0,1.0,0.0,7.7198,0.0,0.0,0.0,0.0,7.7198,7.7198,7.7217
2727,0.0,0.0064,0.0064,0.0012,0.0,1.0,0.0,7.4355,0.0,0.0,0.0,0.0,7.4355,7.4355,7.4363
2728,0.0,0.0064,0.0064,0.0012,0.0,1.0,0.0,7.549,0.0,0.0,0.0,0.0,7.549,7.549,7.5496
2729,0.0,0.0061,0.0061,0.0011,0.0,1.0,0.0,7.8999,0.0,0.0,0.0,0.0,7.8999,7.8999,7.9045
2730,0.0,0.0066,0.0066,0.0012,0.0,1.0,0.0,8.2864,0.0,0.0,0.0,0.0,8.2864,8.2864,8.2854
2731,0.0,0.0066,0.0066,0.0012,0.0,1.0,0.0,7.4419,0.0,0.0,0.0,0.0,7.4418999999999995,7.4418999999999995,7.4381
2732,0.0,0.0055,0.0055,0.001,0.0,1.0,0.0,6.7454,0.0,0.0,0.0,0.0,6.7454,6.7454,6.7468
2733,0.0,0.0049,0.0049,0.0009,0.0,1.0,0.0,6.3732,0.0,0.0,0.0,0.0,6.3732,6.3732,6.3756
2734,0.0,0.005,0.005,0.0009,0.0,1.0,0.0,6.1129,0.0,0.0,0.0,0.0,6.112899999999999,6.112899999999999,6.1136
2735,0.0,0.006,0.006,0.0011,0.0,1.0,0.0,7.241,0.0,0.0,0.0,0.0,7.241,7.241,7.2405
2736,0.0,0.007,0.007,0.0013,0.0,1.0,0.0,7.2841,0.0,0.0,0.0,0.0,7.2841000000000005,7.2841000000000005,7.2822
2737,0.0,0.0056,0.0056,0.001,0.0,1.0,0.0,6.6472,0.0,0.0,0.0,0.0,6.6472,6.6472,6.6511
2738,0.0,0.0055,0.0055,0.001,0.0,1.0,0.0,7.2937,0.0,0.0,0.0,0.0,7.293699999999999,7.293699999999999,7.2978
2739,0.0,0.0052,0.0052,0.0009,0.0,1.0,0.0,7.0106,0.0,0.0,0.0,0.0,7.0106,7.0106,7.0058
2740,0.0,0.0051,0.0051,0.0009,0.0,1.0,0.0,6.815,0.0,0.0,0.0,0.0,6.8149999999999995,6.8149999999999995,6.8156
2741,0.0,0.0064,0.0064,0.0012,0.0,1.0,0.0,7.3277,0.0,0.0,0.0,0.0,7.3277,7.3277,7.3266
2742,0.0,0.0047,0.0047,0.0008,0.0,1.0,0.0,6.7277,0.0,0.0,0.0,0.0,6.7277000000000005,6.7277000000000005,6.7281
2743,0.0,0.0065,0.0065,0.0012,0.0,1.0,0.0,7.578,0.0,0.0,0.0,0.0,7.577999999999999,7.577999999999999,7.5738
2744,0.0,0.0063,0.0063,0.0011,0.0,1.0,0.0,8.4475,0.0,0.0,0.0,0.0,8.4475,8.4475,8.4462
2745,0.0,0.0061,0.0061,0.0011,0.0,1.0,0.0,7.3803,0.0,0.0,0.0,0.0,7.3803,7.3803,7.3784
2746,0.0,0.0073,0.0073,0.0013,0.0,1.0,0.0,8.1694,0.0,0.0,0.0,0.0,8.1694,8.1694,8.173
2747,0.0,0.0065,0.0065,0.0012,0.0,1.0,0.0,7.5474,0.0,0.0,0.0,0.0,7.547400000000001,7.547400000000001,7.5487
2748,0.0,0.0052,0.0052,0.0009,0.0,1.0,0.0,7.3692,0.0,0.0,0.0,0.0,7.3692,7.3692,7.3678
2749,0.0,0.0059,0.0059,0.0011,0.0,1.0,0.0,7.6197,0.0,0.0,0.0,0.0,7.6197,7.6197,7.6215
2750,0.0,0.0068,0.0068,0.0012,0.0,1.0,0.0,8.2204,0.0,0.0,0.0,0.0,8.2204,8.2204,8.2217
2751,0.0,0.0061,0.0061,0.0011,0.0,1.0,0.0,7.5853,0.0,0.0,0.0,0.0,7.5853,7.5853,7.5816
2752,0.0,0.0053,0.0053,0.001,0.0,1.0,0.0,6.7587,0.0,0.0,0.0,0.0,6.7587,6.7587,6.7598
2753,0.0,0.0077,0.0077,0.0014,0.0,1.0,0.0,7.7914,0.0,0.0,0.0,0.0,7.7914,7.7914,7.7897
2754,0.0,0.0068,0.0068,0.0012,0.0,1.0,0.0,7.6127,0.0,0.0,0.0,0.0,7.612699999999999,7.612699999999999,7.6161
2755,0.0,0.0043,0.0043,0.0008,0.0,1.0,0.0,6.9665,0.0,0.0,0.0,0.0,6.966500000000001,6.966500000000001,6.9693
2756,0.0,0.0057,0.0057,0.001,0.0,1.0,0.0,7.8753,0.0,0.0,0.0,0.0,7.875300000000001,7.875300000000001,7.8727
2757,0.0,0.0067,0.0067,0.0012,0.0,1.0,0.0,7.717,0.0,0.0,0.0,0.0,7.717,7.717,7.7197
2758,0.0,0.0069,0.0069,0.0012,0.0,1.0,0.0,8.2215,0.0,0.0,0.0,0.0,8.2215,8.2215,8.2204
2759,0.0,0.0065,0.0065,0.0012,0.0,1.0,0.0,8.3726,0.0,0.0,0.0,0.0,8.3726,8.3726,8.3691
2760,0.0,0.0072,0.0072,0.0013,0.0,1.0,0.0,7.85,0.0,0.0,0.0,0.0,7.8500000000000005,7.8500000000000005,7.8475
2761,0.0,0.0055,0.0055,0.001,0.0,1.0,0.0,7.2056,0.0,0.0,0.0,0.0,7.2056000000000004,7.2056000000000004,7.2079
2762,0.0,0.0064,0.0064,0.0011,0.0,1.0,0.0,7.1741,0.0,0.0,0.0,0.0,7.1741,7.1741,7.1705
2763,0.0,0.0059,0.0059,0.0011,0.0,1.0,0.0,7.2823,0.0,0.0,0.0,0.0,7.282299999999999,7.282299999999999,7.2836
2764,0.0,0.0074,0.0074,0.0013,0.0,1.0,0.0,8.0353,0.0,0.0,0.0,0.0,8.035300000000001,8.035300000000001,8.032
2765,0.0,0.0066,0.0066,0.0012,0.0,1.0,0.0,8.2661,0.0,0.0,0.0,0.0,8.2661,8.2661,8.2709
2766,0.0,0.0058,0.0058,0.001,0.0,1.0,0.0,6.7905,0.0,0.0,0.0,0.0,6.7905,6.7905,6.7881
2767,0.0,0.0054,0.0054,0.001,0.0,1.0,0.0,6.0277,0.0,0.0,0.0,0.0,6.027699999999999,6.027699999999999,6.0278
2768,0.0,0.0054,0.0054,0.001,0.0,1.0,0.0,7.2334,0.0,0.0,0.0,0.0,7.2334000000000005,7.2334000000000005,7.2368
2769,0.0,0.0056,0.0056,0.001,0.0,1.0,0.0,6.574,0.0,0.0,0.0,0.0,6.574,6.574,6.5706
2770,0.0,0.0053,0.0053,0.001,0.0,1.0,0.0,7.8233,0.0,0.0,0.0,0.0,7.823300000000001,7.823300000000001,7.8263
2771,0.0,0.0061,0.0061,0.0011,0.0,1.0,0.0,7.3757,0.0,0.0,0.0,0.0,7.375699999999999,7.375699999999999,7.3714
2772,0.0,0.0055,0.0055,0.001,0.0,1.0,0.0,7.4924,0.0,0.0,0.0,0.0,7.4924,7.4924,7.4933
2773,0.0,0.0055,0.0055,0.001,0.0,1.0,0.0,7.3908,0.0,0.0,0.0,0.0,7.3908000000000005,7.3908000000000005,7.3886
2774,0.0,0.0063,0.0063,0.0011,0.0,1.0,0.0,7.4254,0.0,0.0,0.0,0.0,7.425399999999999,7.425399999999999,7.4267
2775,0.0,0.0062,0.0062,0.0011,0.0,1.0,0.0,7.4638,0.0,0.0,0.0,0.0,7.4638,7.4638,7.4613
2776,0.0,0.0065,0.0065,0.0012,0.0,1.0,0.0,7.6538,0.0,0.0,0.0,0.0,7.6538,7.6538,7.6585
2777,0.0,0.0065,0.0065,0.0012,0.0,1.0,0.0,7.8862,0.0,0.0,0.0,0.0,7.8862,7.8862,7.8839
2778,0.0,0.005,0.005,0.0009,0.0,1.0,0.0,6.6952,0.0,0.0,0.0,0.0,6.695200000000001,6.695200000000001,6.6918
2779,0.0,0.0064,0.0064,0.0011,0.0,1.0,0.0,7.0811,0.0,0.0,0.0,0.0,7.0811,7.0811,7.08
2780,0.0,0.0058,0.0058,0.0011,0.0,1.0,0.0,8.0491,0.0,0.0,0.0,0.0,8.0491,8.0491,8.0499
2781,0.0,0.0065,0.0065,0.0012,0.0,1.0,0.0,7.2186,0.0,0.0,0.0,0.0,7.218599999999999,7.218599999999999,7.2222
2782,0.0,0.0058,0.0058,0.0011,0.0,1.0,0.0,6.8745,0.0,0.0,0.0,0.0,6.8745,6.8745,6.8753
2783,0.0,0.0054,0.0054,0.001,0.0,1.0,0.0,7.1443,0.0,0.0,0.0,0.0,7.144299999999999,7.144299999999999,7.1394
2784,0.0,0.006,0.006,0.0011,0.0,1.0,0.0,7.4222,0.0,0.0,0.0,0.0,7.4222,7.4222,7.4214
2785,0.0,0.005,0.005,0.0009,0.0,1.0,0.0,7.4524,0.0,0.0,0.0,0.0,7.452399999999999,7.452399999999999,7.4561
2786,0.0,0.0065,0.0065,0.0012,0.0,1.0,0.0,7.2537,0.0,0.0,0.0,0.0,7.2537,7.2537,7.249
2787,0.0,0.0063,0.0063,0.0011,0.0,1.0,0.0,8.0415,0.0,0.0,0.0,0.0,8.041500000000001,8.041500000000001,8.0417
2788,0.0,0.0063,0.0063,0.0011,0.0,1.0,0.0,7.3558,0.0,0.0,0.0,0.0,7.3557999999999995,7.3557999999999995,7.3577
2789,0.0,0.0076,0.0076,0.0014,0.0,1.0,0.0,7.8432,0.0,0.0,0.0,0.0,7.8431999999999995,7.8431999999999995,7.8437
2790,0.0,0.0058,0.0058,0.001,0.0,1.0,0.0,6.9839,0.0,0.0,0.0,0.0,6.9839,6.9839,6.9845
2791,0.0,0.0061,0.0061,0.0011,0.0,1.0,0.0,7.6204,0.0,0.0,0.0,0.0,7.6204,7.6204,7.6174
2792,0.0,0.006,0.006,0.0011,0.0,1.0,0.0,8.1788,0.0,0.0,0.0,0.0,8.178799999999999,8.178799999999999,8.1785
2793,0.0,0.0069,0.0069,0.0012,0.0,1.0,0.0,7.9105,0.0,0.0,0.0,0.0,7.910500000000001,7.910500000000001,7.9138
2794,0.0,0.0066,0.0066,0.0012,0.0,1.0,0.0,7.6042,0.0,0.0,0.0,0.0,7.6042,7.6042,7.608
2795,0.0,0.0057,0.0057,0.001,0.0,1.0,0.0,7.2426,0.0,0.0,0.0,0.0,7.2425999999999995,7.2425999999999995,7.2452
2796,0.0,0.007,0.007,0.0013,0.0,1.0,0.0,7.8797,0.0,0.0,0.0,0.0,7.879700000000001,7.879700000000001,7.8773
2797,0.0,0.006,0.006,0.0011,0.0,1.0,0.0,7.9791,0.0,0.0,0.0,0.0,7.979100000000001,7.979100000000001,7.9803
2798,0.0,0.0063,0.0063,0.0011,0.0,1.0,0.0,7.3968,0.0,0.0,0.0,0.0,7.3968,7.3968,7.3981
2799,0.0,0.0065,0.0065,0.0012,0.0,1.0,0.0,7.2358,0.0,0.0,0.0,0.0,7.2358,7.2358,7.234
2800,0.0,0.0063,0.0063,0.0011,0.0,1.0,0.0,7.204,0.0,0.0,0.0,0.0,7.204,7.204,7.2071
2801,0.0,0.0056,0.0056,0.001,0.0,1.0,0.0,7.354,0.0,0.0,0.0,0.0,7.354000000000001,7.354000000000001,7.3496
2802,0.0,0.0052,0.0052,0.0009,0.0,1.0,0.0,6.8806,0.0,0.0,0.0,0.0,6.8806,6.8806,6.8849
2803,0.0,0.0053,0.0053,0.001,0.0,1.0,0.0,7.2742,0.0,0.0,0.0,0.0,7.2741999999999996,7.2741999999999996,7.2731
2804,0.0,0.0061,0.0061,0.0011,0.0,1.0,0.0,7.8028,0.0,0.0,0.0,0.0,7.8028,7.8028,7.8011
2805,0.0,0.0063,0.0063,0.0011,0.0,1.0,0.0,7.7562,0.0,0.0,0.0,0.0,7.756199999999999,7.756199999999999,7.7583
2806,0.0,0.0064,0.0064,0.0011,0.0,1.0,0.0,7.4198,0.0,0.0,0.0,0.0,7.4197999999999995,7.4197999999999995,7.4156
2807,0.0,0.0054,0.0054,0.001,0.0,1.0,0.0,7.5529,0.0,0.0,0.0,0.0,7.5529,7.5529,7.5519
2808,0.0,0.0057,0.0057,0.001,0.0,1.0,0.0,6.5099,0.0,0.0,0.0,0.0,6.5099,6.5099,6.508
2809,0.0,0.006,0.006,0.0011,0.0,1.0,0.0,7.7477,0.0,0.0,0.0,0.0,7.7477,7.7477,7.7446
2810,0.0,0.005,0.005,0.0009,0.0,1.0,0.0,6.9992,0.0,0.0,0.0,0.0,6.999199999999999,6.999199999999999,6.9978
2811,0.0,0.0057,0.0057,0.001,0.0,1.0,0.0,7.7373,0.0,0.0,0.0,0.0,7.7373,7.7373,7.7372
2812,0.0,0.0056,0.0056,0.001,0.0,1.0,0.0,7.6769,0.0,0.0,0.0,0.0,7.676899999999999,7.676899999999999,7.6734
2813,0.0,0.0066,0.0066,0.0012,0.0,1.0,0.0,7.6379,0.0,0.0,0.0,0.0,7.6379,7.6379,7.6408
2814,0.0,0.0058,0.0058,0.001,0.0,1.0,0.0,7.3784,0.0,0.0,0.0,0.0,7.378399999999998,7.378399999999998,7.3753
2815,0.0,0.0057,0.0057,0.001,0.0,1.0,0.0,7.6092,0.0,0.0,0.0,0.0,7.6092,7.6092,7.6061
2816,0.0,0.0066,0.0066,0.0012,0.0,1.0,0.0,7.6789,0.0,0.0,0.0,0.0,7.6789,7.6789,7.6819
2817,0.0,0.0058,0.0058,0.001,0.0,1.0,0.0,6.5862,0.0,0.0,0.0,0.0,6.5862,6.5862,6.5884
2818,0.0,0.0053,0.0053,0.0009,0.0,1.0,0.0,7.3819,0.0,0.0,0.0,0.0,7.3819,7.3819,7.3787
2819,0.0,0.0062,0.0062,0.0011,0.0,1.0,0.0,7.4105,0.0,0.0,0.0,0.0,7.410500000000001,7.410500000000001,7.4125
2820,0.0,0.0068,0.0068,0.0012,0.0,1.0,0.0,7.374,0.0,0.0,0.0,0.0,7.3740000000000006,7.3740000000000006,7.3752
2821,0.0,0.0059,0.0059,0.0011,0.0,1.0,0.0,7.4824,0.0,0.0,0.0,0.0,7.4824,7.4824,7.4814
2822,0.0,0.0068,0.0068,0.0012,0.0,1.0,0.0,6.9171,0.0,0.0,0.0,0.0,6.9171,6.9171,6.9191
2823,0.0,0.007,0.007,0.0013,0.0,1.0,0.0,8.3354,0.0,0.0,0.0,0.0,8.3354,8.3354,8.3329
2824,0.0,0.005,0.005,0.0009,0.0,1.0,0.0,6.8358,0.0,0.0,0.0,0.0,6.8358,6.8358,6.84
2825,0.0,0.0052,0.0052,0.0009,0.0,1.0,0.0,7.3042,0.0,0.0,0.0,0.0,7.304199999999999,7.304199999999999,7.3015
2826,0.0,0.006,0.006,0.0011,0.0,1.0,0.0,7.6883,0.0,0.0,0.0,0.0,7.6883,7.6883,7.6847
2827,0.0,0.006,0.006,0.0011,0.0,1.0,0.0,8.0344,0.0,0.0,0.0,0.0,8.0344,8.0344,8.0378
2828,0.0,0.0064,0.0064,0.0012,0.0,1.0,0.0,6.7983,0.0,0.0,0.0,0.0,6.7983,6.7983,6.7984
2829,0.0,0.0052,0.0052,0.0009,0.0,1.0,0.0,7.5581,0.0,0.0,0.0,0.0,7.5581000000000005,7.5581000000000005,7.5604
2830,0.0,0.0067,0.0067,0.0012,0.0,1.0,0.0,7.6102,0.0,0.0,0.0,0.0,7.6102,7.6102,7.6114
2831,0.0,0.0063,0.0063,0.0011,0.0,1.0,0.0,7.2875,0.0,0.0,0.0,0.0,7.2875000000000005,7.2875000000000005,7.2922
2832,0.0,0.0059,0.0059,0.0011,0.0,1.0,0.0,7.5527,0.0,0.0,0.0,0.0,7.552700000000001,7.552700000000001,7.5515
2833,0.0,0.0064,0.0064,0.0011,0.0,1.0,0.0,7.6367,0.0,0.0,0.0,0.0,7.6367,7.6367,7.6391
2834,0.0,0.0068,0.0068,0.0012,0.0,1.0,0.0,7.9863,0.0,0.0,0.0,0.0,7.986300000000001,7.986300000000001,7.9848
2835,0.0,0.0062,0.0062,0.0011,0.0,1.0,0.0,7.1653,0.0,0.0,0.0,0.0,7.1653,7.1653,7.1605
2836,0.0,0.0067,0.0067,0.0012,0.0,1.0,0.0,8.6353,0.0,0.0,0.0,0.0,8.635299999999999,8.635299999999999,8.6401
2837,0.0,0.0053,0.0053,0.001,0.0,1.0,0.0,6.948,0.0,0.0,0.0,0.0,6.9479999999999995,6.9479999999999995,6.9445
2838,0.0,0.0051,0.0051,0.0009,0.0,1.0,0.0,6.8204,0.0,0.0,0.0,0.0,6.820399999999999,6.820399999999999,6.8156
2839,0.0,0.0075,0.0075,0.0013,0.0,1.0,0.0,7.9325,0.0,0.0,0.0,0.0,7.932499999999999,7.932499999999999,7.9318
2840,0.0,0.006,0.006,0.0011,0.0,1.0,0.0,7.5056,0.0,0.0,0.0,0.0,7.5056,7.5056,7.5043
2841,0.0,0.0059,0.0059,0.0011,0.0,1.0,0.0,7.9902,0.0,0.0,0.0,0.0,7.9902,7.9902,7.9888
2842,0.0,0.007,0.007,0.0013,0.0,1.0,0.0,8.3503,0.0,0.0,0.0,0.0,8.3503,8.3503,8.3472
2843,0.0,0.0066,0.0066,0.0012,0.0,1.0,0.0,8.7136,0.0,0.0,0.0,0.0,8.713600000000001,8.713600000000001,8.7088
2844,0.0,0.005,0.005,0.0009,0.0,1.0,0.0,7.7176,0.0,0.0,0.0,0.0,7.7176,7.7176,7.7216
2845,0.0,0.0059,0.0059,0.0011,0.0,1.0,0.0,6.8673,0.0,0.0,0.0,0.0,6.867300000000001,6.867300000000001,6.8637
2846,0.0,0.0059,0.0059,0.0011,0.0,1.0,0.0,7.8318,0.0,0.0,0.0,0.0,7.831799999999999,7.831799999999999,7.8351
2847,0.0,0.0045,0.0045,0.0008,0.0,1.0,0.0,6.7148,0.0,0.0,0.0,0.0,6.7148,6.7148,6.71
2848,0.0,0.006,0.006,0.0011,0.0,1.0,0.0,7.4977,0.0,0.0,0.0,0.0,7.4977,7.4977,7.5016
2849,0.0,0.0056,0.0056,0.001,0.0,1.0,0.0,7.3489,0.0,0.0,0.0,0.0,7.3489,7.3489,7.3443
2850,0.0,0.0061,0.0061,0.0011,0.0,1.0,0.0,7.6397,0.0,0.0,0.0,0.0,7.6397,7.6397,7.6406
2851,0.0,0.0064,0.0064,0.0012,0.0,1.0,0.0,7.7149,0.0,0.0,0.0,0.0,7.7149,7.7149,7.712
2852,0.0,0.0056,0.0056,0.001,0.0,1.0,0.0,8.0895,0.0,0.0,0.0,0.0,8.0895,8.0895,8.0874
2853,0.0,0.0059,0.0059,0.0011,0.0,1.0,0.0,7.312,0.0,0.0,0.0,0.0,7.312000000000001,7.312000000000001,7.3164
2854,0.0,0.0065,0.0065,0.0012,0.0,1.0,0.0,7.8396,0.0,0.0,0.0,0.0,7.839600000000001,7.839600000000001,7.8404
2855,0.0,0.0055,0.0055,0.001,0.0,1.0,0.0,7.772,0.0,0.0,0.0,0.0,7.771999999999999,7.771999999999999,7.7709
2856,0.0,0.0061,0.0061,0.0011,0.0,1.0,0.0,8.083,0.0,0.0,0.0,0.0,8.082999999999998,8.082999999999998,8.0832
2857,0.0,0.0057,0.0057,0.001,0.0,1.0,0.0,6.8847,0.0,0.0,0.0,0.0,6.8847000000000005,6.8847000000000005,6.8809
2858,0.0,0.0054,0.0054,0.001,0.0,1.0,0.0,7.2008,0.0,0.0,0.0,0.0,7.2008,7.2008,7.2054
2859,0.0,0.0058,0.0058,0.001,0.0,1.0,0.0,7.2969,0.0,0.0,0.0,0.0,7.2969,7.2969,7.2981
2860,0.0,0.0065,0.0065,0.0012,0.0,1.0,0.0,6.9871,0.0,0.0,0.0,0.0,6.987100000000001,6.987100000000001,6.9866
2861,0.0,0.0063,0.0063,0.0011,0.0,1.0,0.0,7.8259,0.0,0.0,0.0,0.0,7.825899999999999,7.825899999999999,7.8248
2862,0.0,0.0057,0.0057,0.001,0.0,1.0,0.0,6.6033,0.0,0.0,0.0,0.0,6.603299999999999,6.603299999999999,6.6064
2863,0.0,0.006,0.006,0.0011,0.0,1.0,0.0,7.7303,0.0,0.0,0.0,0.0,7.730300000000001,7.730300000000001,7.7336
2864,0.0,0.0055,0.0055,0.001,0.0,1.0,0.0,7.2381,0.0,0.0,0.0,0.0,7.2381,7.2381,7.2376
2865,0.0,0.0068,0.0068,0.0012,0.0,1.0,0.0,7.7361,0.0,0.0,0.0,0.0,7.7361,7.7361,7.732
2866,0.0,0.0043,0.0043,0.0008,0.0,1.0,0.0,6.145,0.0,0.0,0.0,0.0,6.1450000000000005,6.1450000000000005,6.1436
2867,0.0,0.0057,0.0057,0.001,0.0,1.0,0.0,7.3439,0.0,0.0,0.0,0.0,7.3439000000000005,7.3439000000000005,7.3476
2868,0.0,0.0055,0.0055,0.001,0.0,1.0,0.0,8.0042,0.0,0.0,0.0,0.0,8.004199999999999,8.004199999999999,8.004
2869,0.0,0.0055,0.0055,0.001,0.0,1.0,0.0,7.0578,0.0,0.0,0.0,0.0,7.057799999999999,7.057799999999999,7.0608
2870,0.0,0.0052,0.0052,0.0009,0.0,1.0,0.0,7.0541,0.0,0.0,0.0,0.0,7.0541,7.0541,7.0509
2871,0.0,0.0057,0.0057,0.001,0.0,1.0,0.0,6.8636,0.0,0.0,0.0,0.0,6.863600000000001,6.863600000000001,6.8621
2872,0.0,0.0052,0.0052,0.0009,0.0,1.0,0.0,6.5016,0.0,0.0,0.0,0.0,6.5016,6.5016,6.5016
2873,0.0,0.0054,0.0054,0.001,0.0,1.0,0.0,6.9711,0.0,0.0,0.0,0.0,6.971100000000001,6.971100000000001,6.9684
2874,0.0,0.007,0.007,0.0013,0.0,1.0,0.0,8.5329,0.0,0.0,0.0,0.0,8.5329,8.5329,8.5349
2875,0.0,0.0064,0.0064,0.0012,0.0,1.0,0.0,7.6029,0.0,0.0,0.0,0.0,7.6029,7.6029,7.5986
2876,0.0,0.0054,0.0054,0.001,0.0,1.0,0.0,7.5964,0.0,0.0,0.0,0.0,7.596400000000001,7.596400000000001,7.5999
2877,0.0,0.0067,0.0067,0.0012,0.0,1.0,0.0,7.9606,0.0,0.0,0.0,0.0,7.9606,7.9606,7.9647
2878,0.0,0.0064,0.0064,0.0012,0.0,1.0,0.0,7.6357,0.0,0.0,0.0,0.0,7.6357,7.6357,7.6389
2879,0.0,0.0058,0.0058,0.001,0.0,1.0,0.0,8.3519,0.0,0.0,0.0,0.0,8.3519,8.3519,8.3533
2880,0.0,0.0058,0.0058,0.001,0.0,1.0,0.0,7.3251,0.0,0.0,0.0,0.0,7.325100000000001,7.325100000000001,7.3285
2881,0.0,0.0043,0.0043,0.0008,0.0,1.0,0.0,6.9023,0.0,0.0,0.0,0.0,6.9023,6.9023,6.9024
2882,0.0,0.0055,0.0055,0.001,0.0,1.0,0.0,7.101,0.0,0.0,0.0,0.0,7.101,7.101,7.1012
2883,0.0,0.0067,0.0067,0.0012,0.0,1.0,0.0,7.6231,0.0,0.0,0.0,0.0,7.623099999999999,7.623099999999999,7.6201
2884,0.0,0.0049,0.0049,0.0009,0.0,1.0,0.0,7.6849,0.0,0.0,0.0,0.0,7.684899999999999,7.684899999999999,7.6875
2885,0.0,0.0057,0.0057,0.001,0.0,1.0,0.0,7.1179,0.0,0.0,0.0,0.0,7.117900000000001,7.117900000000001,7.1191
2886,0.0,0.0053,0.0053,0.001,0.0,1.0,0.0,7.316,0.0,0.0,0.0,0.0,7.316,7.316,7.3155
2887,0.0,0.0067,0.0067,0.0012,0.0,1.0,0.0,7.3459,0.0,0.0,0.0,0.0,7.3459,7.3459,7.3479
2888,0.0,0.0055,0.0055,0.001,0.0,1.0,0.0,7.2051,0.0,0.0,0.0,0.0,7.2051,7.2051,7.2031
2889,0.0,0.0055,0.0055,0.001,0.0,1.0,0.0,6.9628,0.0,0.0,0.0,0.0,6.9628000000000005,6.9628000000000005,6.9626
2890,0.0,0.0062,0.0062,0.0011,0.0,1.0,0.0,7.4007,0.0,0.0,0.0,0.0,7.4007000000000005,7.4007000000000005,7.401
2891,0.0,0.0064,0.0064,0.0012,0.0,1.0,0.0,7.8324,0.0,0.0,0.0,0.0,7.8324,7.8324,7.829
2892,0.0,0.0055,0.0055,0.001,0.0,1.0,0.0,6.6985,0.0,0.0,0.0,0.0,6.6985,6.6985,6.6949
2893,0.0,0.0053,0.0053,0.001,0.0,1.0,0.0,7.1299,0.0,0.0,0.0,0.0,7.129899999999999,7.129899999999999,7.1329
2894,0.0,0.0055,0.0055,0.001,0.0,1.0,0.0,6.8478,0.0,0.0,0.0,0.0,6.8478,6.8478,6.8455
2895,0.0,0.0064,0.0064,0.0011,0.0,1.0,0.0,7.2401,0.0,0.0,0.0,0.0,7.2401,7.2401,7.2354
2896,0.0,0.0065,0.0065,0.0012,0.0,1.0,0.0,7.808,0.0,0.0,0.0,0.0,7.808000000000001,7.808000000000001,7.8067
2897,0.0,0.0058,0.0058,0.0011,0.0,1.0,0.0,7.6506,0.0,0.0,0.0,0.0,7.6506,7.6506,7.65
2898,0.0,0.0063,0.0063,0.0011,0.0,1.0,0.0,7.5669,0.0,0.0,0.0,0.0,7.5669,7.5669,7.5665
2899,0.0,0.0049,0.0049,0.0009,0.0,1.0,0.0,7.1517,0.0,0.0,0.0,0.0,7.151700000000001,7.151700000000001,7.1507
2900,0.0,0.0058,0.0058,0.0011,0.0,1.0,0.0,8.2786,0.0,0.0,0.0,0.0,8.278599999999999,8.278599999999999,8.2747
2901,0.0,0.0057,0.0057,0.001,0.0,1.0,0.0,7.2571,0.0,0.0,0.0,0.0,7.2571,7.2571,7.2525
2902,0.0,0.0054,0.0054,0.001,0.0,1.0,0.0,6.9153,0.0,0.0,0.0,0.0,6.915299999999999,6.915299999999999,6.9163
2903,0.0,0.0063,0.0063,0.0011,0.0,1.0,0.0,7.7311,0.0,0.0,0.0,0.0,7.7311000000000005,7.7311000000000005,7.735
2904,0.0,0.006,0.006,0.0011,0.0,1.0,0.0,7.7148,0.0,0.0,0.0,0.0,7.7148,7.7148,7.7107
2905,0.0,0.0058,0.0058,0.001,0.0,1.0,0.0,6.6849,0.0,0.0,0.0,0.0,6.684900000000001,6.684900000000001,6.686
2906,0.0,0.0053,0.0053,0.0009,0.0,1.0,0.0,7.9897,0.0,0.0,0.0,0.0,7.9897,7.9897,7.9867
2907,0.0,0.0067,0.0067,0.0012,0.0,1.0,0.0,7.6292,0.0,0.0,0.0,0.0,7.629200000000001,7.629200000000001,7.6315
2908,0.0,0.007,0.007,0.0013,0.0,1.0,0.0,7.5614,0.0,0.0,0.0,0.0,7.561400000000001,7.561400000000001,7.5654
2909,0.0,0.0066,0.0066,0.0012,0.0,1.0,0.0,7.9832,0.0,0.0,0.0,0.0,7.983199999999999,7.983199999999999,7.9846
2910,0.0,0.0054,0.0054,0.001,0.0,1.0,0.0,7.8363,0.0,0.0,0.0,0.0,7.8363,7.8363,7.8362
2911,0.0,0.0066,0.0066,0.0012,0.0,1.0,0.0,7.5905,0.0,0.0,0.0,0.0,7.590500000000001,7.590500000000001,7.5914
2912,0.0,0.0048,0.0048,0.0009,0.0,1.0,0.0,6.8044,0.0,0.0,0.0,0.0,6.804400000000001,6.804400000000001,6.8017
2913,0.0,0.0058,0.0058,0.001,0.0,1.0,0.0,7.47,0.0,0.0,0.0,0.0,7.470000000000001,7.470000000000001,7.468
2914,0.0,0.0065,0.0065,0.0012,0.0,1.0,0.0,7.2222,0.0,0.0,0.0,0.0,7.222200000000001,7.222200000000001,7.2191
2915,0.0,0.0058,0.0058,0.001,0.0,1.0,0.0,7.4632,0.0,0.0,0.0,0.0,7.4632,7.4632,7.4665
2916,0.0,0.0055,0.0055,0.001,0.0,1.0,0.0,7.0836,0.0,0.0,0.0,0.0,7.083600000000001,7.083600000000001,7.0787
2917,0.0,0.0056,0.0056,0.001,0.0,1.0,0.0,7.81,0.0,0.0,0.0,0.0,7.81,7.81,7.8118
2918,0.0,0.0059,0.0059,0.0011,0.0,1.0,0.0,7.0247,0.0,0.0,0.0,0.0,7.0247,7.0247,7.0242
2919,0.0,0.0062,0.0062,0.0011,0.0,1.0,0.0,7.2569,0.0,0.0,0.0,0.0,7.2569,7.2569,7.2577
2920,0.0,0.005,0.005,0.0009,0.0,1.0,0.0,7.5648,0.0,0.0,0.0,0.0,7.5648,7.5648,7.5688
2921,0.0,0.0054,0.0054,0.001,0.0,1.0,0.0,7.8387,0.0,0.0,0.0,0.0,7.8387,7.8387,7.8364
2922,0.0,0.0054,0.0054,0.001,0.0,1.0,0.0,6.8831,0.0,0.0,0.0,0.0,6.8831,6.8831,6.8811
2923,0.0,0.006,0.006,0.0011,0.0,1.0,0.0,7.2156,0.0,0.0,0.0,0.0,7.215600000000001,7.215600000000001,7.2175
2924,0.0,0.0059,0.0059,0.0011,0.0,1.0,0.0,7.9051,0.0,0.0,0.0,0.0,7.9051,7.9051,7.9048
2925,0.0,0.0068,0.0068,0.0012,0.0,1.0,0.0,7.8694,0.0,0.0,0.0,0.0,7.8694,7.8694,7.8698
2926,0.0,0.0058,0.0058,0.0011,0.0,1.0,0.0,7.3846,0.0,0.0,0.0,0.0,7.384600000000001,7.384600000000001,7.3896
2927,0.0,0.006,0.006,0.0011,0.0,1.0,0.0,8.1555,0.0,0.0,0.0,0.0,8.1555,8.1555,8.1591
2928,0.0,0.0059,0.0059,0.0011,0.0,1.0,0.0,7.81,0.0,0.0,0.0,0.0,7.81,7.81,7.8127
2929,0.0,0.0056,0.0056,0.001,0.0,1.0,0.0,7.2583,0.0,0.0,0.0,0.0,7.2583,7.2583,7.2564
2930,0.0,0.0074,0.0074,0.0013,0.0,1.0,0.0,8.0303,0.0,0.0,0.0,0.0,8.030299999999999,8.030299999999999,8.0349
2931,0.0,0.0066,0.0066,0.0012,0.0,1.0,0.0,7.6691,0.0,0.0,0.0,0.0,7.6691,7.6691,7.6645
2932,0.0,0.0047,0.0047,0.0008,0.0,1.0,0.0,6.7047,0.0,0.0,0.0,0.0,6.7047,6.7047,6.7041
2933,0.0,0.0054,0.0054,0.001,0.0,1.0,0.0,6.836,0.0,0.0,0.0,0.0,6.836,6.836,6.8317
2934,0.0,0.0078,0.0078,0.0014,0.0,1.0,0.0,7.5089,0.0,0.0,0.0,0.0,7.508900000000001,7.508900000000001,7.5077
2935,0.0,0.0068,0.0068,0.0012,0.0,1.0,0.0,7.8138,0.0,0.0,0.0,0.0,7.8138,7.8138,7.8089
2936,0.0,0.0052,0.0052,0.0009,0.0,1.0,0.0,6.9587,0.0,0.0,0.0,0.0,6.958699999999999,6.958699999999999,6.9612
2937,0.0,0.0056,0.0056,0.001,0.0,1.0,0.0,7.3284,0.0,0.0,0.0,0.0,7.3284,7.3284,7.3317
2938,0.0,0.0057,0.0057,0.001,0.0,1.0,0.0,7.5247,0.0,0.0,0.0,0.0,7.524699999999999,7.524699999999999,7.5211
2939,0.0,0.0054,0.0054,0.001,0.0,1.0,0.0,6.6549,0.0,0.0,0.0,0.0,6.654900000000001,6.654900000000001,6.6528
2940,0.0,0.0056,0.0056,0.001,0.0,1.0,0.0,7.88,0.0,0.0,0.0,0.0,7.88,7.88,7.8848
2941,0.0,0.0051,0.0051,0.0009,0.0,1.0,0.0,6.77,0.0,0.0,0.0,0.0,6.77,6.77,6.769
2942,0.0,0.0067,0.0067,0.0012,0.0,1.0,0.0,7.8321,0.0,0.0,0.0,0.0,7.8321000000000005,7.8321000000000005,7.8295
2943,0.0,0.0064,0.0064,0.0011,0.0,1.0,0.0,7.4616,0.0,0.0,0.0,0.0,7.461600000000001,7.461600000000001,7.4586
2944,0.0,0.0049,0.0049,0.0009,0.0,1.0,0.0,7.5584,0.0,0.0,0.0,0.0,7.5584,7.5584,7.5553
2945,0.0,0.0059,0.0059,0.0011,0.0,1.0,0.0,7.6018,0.0,0.0,0.0,0.0,7.6018,7.6018,7.6031
2946,0.0,0.0055,0.0055,0.001,0.0,1.0,0.0,7.646,0.0,0.0,0.0,0.0,7.646,7.646,7.6455
2947,0.0,0.0071,0.0071,0.0013,0.0,1.0,0.0,7.0535,0.0,0.0,0.0,0.0,7.0535,7.0535,7.0495
2948,0.0,0.0052,0.0052,0.0009,0.0,1.0,0.0,7.316,0.0,0.0,0.0,0.0,7.316000000000001,7.316000000000001,7.3186
2949,0.0,0.0051,0.0051,0.0009,0.0,1.0,0.0,6.793,0.0,0.0,0.0,0.0,6.792999999999999,6.792999999999999,6.7901
2950,0.0,0.0062,0.0062,0.0011,0.0,1.0,0.0,7.9031,0.0,0.0,0.0,0.0,7.903100000000001,7.903100000000001,7.9039
2951,0.0,0.0054,0.0054,0.001,0.0,1.0,0.0,7.5627,0.0,0.0,0.0,0.0,7.5626999999999995,7.5626999999999995,7.5608
2952,0.0,0.0062,0.0062,0.0011,0.0,1.0,0.0,7.1031,0.0,0.0,0.0,0.0,7.1030999999999995,7.1030999999999995,7.1
2953,0.0,0.0059,0.0059,0.0011,0.0,1.0,0.0,6.4645,0.0,0.0,0.0,0.0,6.464499999999999,6.464499999999999,6.4641
2954,0.0,0.005,0.005,0.0009,0.0,1.0,0.0,6.7109,0.0,0.0,0.0,0.0,6.7109000000000005,6.7109000000000005,6.7115
2955,0.0,0.0052,0.0052,0.0009,0.0,1.0,0.0,6.6752,0.0,0.0,0.0,0.0,6.6752,6.6752,6.6763
2956,0.0,0.0057,0.0057,0.001,0.0,1.0,0.0,7.6802,0.0,0.0,0.0,0.0,7.6802,7.6802,7.6771
2957,0.0,0.0054,0.0054,0.001,0.0,1.0,0.0,7.5101,0.0,0.0,0.0,0.0,7.5101,7.5101,7.5091
2958,0.0,0.0056,0.0056,0.001,0.0,1.0,0.0,7.166,0.0,0.0,0.0,0.0,7.166,7.166,7.1702
2959,0.0,0.0059,0.0059,0.0011,0.0,1.0,0.0,7.245,0.0,0.0,0.0,0.0,7.244999999999999,7.244999999999999,7.2488
2960,0.0,0.0069,0.0069,0.0012,0.0,1.0,0.0,8.3017,0.0,0.0,0.0,0.0,8.3017,8.3017,8.3038
2961,0.0,0.0062,0.0062,0.0011,0.0,1.0,0.0,7.3348,0.0,0.0,0.0,0.0,7.3348,7.3348,7.336
2962,0.0,0.0061,0.0061,0.0011,0.0,1.0,0.0,7.8099,0.0,0.0,0.0,0.0,7.8099,7.8099,7.8101
2963,0.0,0.006,0.006,0.0011,0.0,1.0,0.0,6.7217,0.0,0.0,0.0,0.0,6.721700000000001,6.721700000000001,6.7181
2964,0.0,0.006,0.006,0.0011,0.0,1.0,0.0,7.5751,0.0,0.0,0.0,0.0,7.575099999999999,7.575099999999999,7.5755
2965,0.0,0.0067,0.0067,0.0012,0.0,1.0,0.0,7.6001,0.0,0.0,0.0,0.0,7.6001,7.6001,7.6004
2966,0.0,0.0052,0.0052,0.0009,0.0,1.0,0.0,6.6166,0.0,0.0,0.0,0.0,6.616600000000001,6.616600000000001,6.6181
2967,0.0,0.0058,0.0058,0.001,0.0,1.0,0.0,7.3405,0.0,0.0,0.0,0.0,7.3405000000000005,7.3405000000000005,7.344
2968,0.0,0.0057,0.0057,0.001,0.0,1.0,0.0,7.7638,0.0,0.0,0.0,0.0,7.7638,7.7638,7.7588
2969,0.0,0.0072,0.0072,0.0013,0.0,1.0,0.0,7.8072,0.0,0.0,0.0,0.0,7.8072,7.8072,7.812
2970,0.0,0.0069,0.0069,0.0012,0.0,1.0,0.0,7.8656,0.0,0.0,0.0,0.0,7.865600000000001,7.865600000000001,7.8695
2971,0.0,0.0055,0.0055,0.001,0.0,1.0,0.0,7.65,0.0,0.0,0.0,0.0,7.6499999999999995,7.6499999999999995,7.6492
2972,0.0,0.0047,0.0047,0.0008,0.0,1.0,0.0,7.1444,0.0,0.0,0.0,0.0,7.144400000000001,7.144400000000001,7.1464
2973,0.0,0.0055,0.0055,0.001,0.0,1.0,0.0,7.2956,0.0,0.0,0.0,0.0,7.2956,7.2956,7.2956
2974,0.0,0.0059,0.0059,0.0011,0.0,1.0,0.0,7.8398,0.0,0.0,0.0,0.0,7.8398,7.8398,7.8428
2975,0.0,0.0054,0.0054,0.001,0.0,1.0,0.0,7.3717,0.0,0.0,0.0,0.0,7.371700000000001,7.371700000000001,7.3763
2976,0.0,0.0059,0.0059,0.0011,0.0,1.0,0.0,8.1735,0.0,0.0,0.0,0.0,8.1735,8.1735,8.1737
2977,0.0,0.006,0.006,0.0011,0.0,1.0,0.0,7.277,0.0,0.0,0.0,0.0,7.276999999999999,7.276999999999999,7.2794
2978,0.0,0.0057,0.0057,0.001,0.0,1.0,0.0,7.0361,0.0,0.0,0.0,0.0,7.0361,7.0361,7.0376
2979,0.0,0.0063,0.0063,0.0011,0.0,1.0,0.0,7.8476,0.0,0.0,0.0,0.0,7.847600000000001,7.847600000000001,7.8427
2980,0.0,0.0052,0.0052,0.0009,0.0,1.0,0.0,7.383,0.0,0.0,0.0,0.0,7.383,7.383,7.3843
2981,0.0,0.0058,0.0058,0.0011,0.0,1.0,0.0,7.4184,0.0,0.0,0.0,0.0,7.418399999999999,7.418399999999999,7.4147
2982,0.0,0.0057,0.0057,0.001,0.0,1.0,0.0,7.2129,0.0,0.0,0.0,0.0,7.212899999999999,7.212899999999999,7.21
2983,0.0,0.0062,0.0062,0.0011,0.0,1.0,0.0,7.4772,0.0,0.0,0.0,0.0,7.477200000000001,7.477200000000001,7.4749
2984,0.0,0.0063,0.0063,0.0011,0.0,1.0,0.0,6.9842,0.0,0.0,0.0,0.0,6.9841999999999995,6.9841999999999995,6.9871
2985,0.0,0.0065,0.0065,0.0012,0.0,1.0,0.0,7.1952,0.0,0.0,0.0,0.0,7.195200000000001,7.195200000000001,7.1914
2986,0.0,0.0058,0.0058,0.001,0.0,1.0,0.0,7.9484,0.0,0.0,0.0,0.0,7.9483999999999995,7.9483999999999995,7.9479
2987,0.0,0.0058,0.0058,0.001,0.0,1.0,0.0,7.6987,0.0,0.0,0.0,0.0,7.6987,7.6987,7.6939
2988,0.0,0.0058,0.0058,0.001,0.0,1.0,0.0,6.7621,0.0,0.0,0.0,0.0,6.762099999999999,6.762099999999999,6.7576
2989,0.0,0.0056,0.0056,0.001,0.0,1.0,0.0,6.9456,0.0,0.0,0.0,0.0,6.9456,6.9456,6.942
2990,0.0,0.0052,0.0052,0.0009,0.0,1.0,0.0,7.6755,0.0,0.0,0.0,0.0,7.6754999999999995,7.6754999999999995,7.6801
2991,0.0,0.0067,0.0067,0.0012,0.0,1.0,0.0,7.8623,0.0,0.0,0.0,0.0,7.862300000000001,7.862300000000001,7.858
2992,0.0,0.0063,0.0063,0.0011,0.0,1.0,0.0,8.0995,0.0,0.0,0.0,0.0,8.099499999999999,8.099499999999999,8.0982
2993,0.0,0.0061,0.0061,0.0011,0.0,1.0,0.0,7.3178,0.0,0.0,0.0,0.0,7.317799999999999,7.317799999999999,7.3179
2994,0.0,0.0045,0.0045,0.0008,0.0,1.0,0.0,6.7171,0.0,0.0,0.0,0.0,6.717099999999999,6.717099999999999,6.7137
2995,0.0,0.0068,0.0068,0.0012,0.0,1.0,0.0,8.2476,0.0,0.0,0.0,0.0,8.2476,8.2476,8.25
2996,0.0,0.0055,0.0055,0.001,0.0,1.0,0.0,7.1193,0.0,0.0,0.0,0.0,7.119299999999999,7.119299999999999,7.1205
2997,0.0,0.0062,0.0062,0.0011,0.0,1.0,0.0,7.2404,0.0,0.0,0.0,0.0,7.240399999999999,7.240399999999999,7.2426
2998,0.0,0.0057,0.0057,0.001,0.0,1.0,0.0,7.6798,0.0,0.0,0.0,0.0,7.6798,7.6798,7.6821
2999,0.0,0.0066,0.0066,0.0012,0.0,1.0,0.0,7.449,0.0,0.0,0.0,0.0,7.449,7.449,7.4448
