job_id,energy_qpu_kwh,energy_cpu_kwh,energy_total_kwh,cost_energy_total,phi_qpu,phi_cpu,qpu_time_s,cpu_time_s,qpu_wait_s,cpu_wait_s,wait_total_s,qpu_turn_s,cpu_turn_s,turn_total_s,job_turnaround_s
0,0.2699,0.0001,0.27,0.0486,0.9996296296296294,0.00037037037037037035,14.1524,0.0651,0.0,0.0,0.0,14.152400000000002,0.06509999999999999,14.217500000000001,14.2207
1,0.5455,0.0104,0.5559,0.1001,0.9812915992084909,0.018708400791509264,31.9091,6.4773,0.0,0.0,0.0,31.9091,6.4773000000000005,38.3864,38.8892
2,0.4593,0.0117,0.471,0.0848,0.9751592356687898,0.024840764331210193,24.8403,7.6059,0.0,0.0,0.0,24.840300000000006,7.605899999999999,32.446200000000005,32.9508
3,0.1914,0.0094,0.2008,0.0361,0.9531872509960159,0.046812749003984064,10.6548,6.3739,0.0,0.0,0.0,10.654800000000002,6.373899999999999,17.0287,18.5243
4,0.2947,0.0,0.2947,0.053,1.0,0.0,17.1098,0.0167,0.0,0.0,0.0,17.1098,0.016700000000000003,17.1265,17.1268
5,0.5588,0.001,0.5598,0.1008,0.9982136477313326,0.0017863522686673813,32.1841,0.6062,0.0,0.0,0.0,32.1841,0.6062000000000001,32.7903,32.7871
6,0.7396,0.0273,0.7669,0.138,0.9644021384795932,0.03559786152040683,40.7338,16.4507,0.0,0.0,0.0,40.7338,16.4507,57.1845,57.6891
7,0.4552,0.0,0.4552,0.0819,1.0,0.0,25.0823,0.0235,0.0,0.0,0.0,25.0823,0.0235,25.1058,25.1046
8,0.1738,0.0001,0.1739,0.0313,0.9994249568717655,0.0005750431282346176,10.0921,0.0727,0.0,0.0,0.0,10.0921,0.0727,10.1648,10.1608
9,0.2712,0.0002,0.2713,0.0488,0.9996314043494288,0.0007371913011426466,14.2157,0.0991,0.0,0.0,0.0,14.215699999999995,0.09910000000000001,14.314799999999995,14.3144
10,0.6413,0.0016,0.6429,0.1157,0.997511277025976,0.002488722974023954,36.6658,1.0066,0.0,0.0,0.0,36.66579999999999,1.0066,37.67239999999999,38.1701
11,1.48,0.0087,1.4888,0.268,0.9940891993551855,0.005843632455668995,82.7071,5.1815,0.0,0.0,0.0,82.70710000000003,5.181500000000001,87.88860000000003,90.3878
12,1.6939,0.001,1.695,0.3051,0.9993510324483775,0.0005899705014749262,88.0909,0.6748,0.0,0.0,0.0,88.0909,0.6748,88.76570000000001,90.2704
13,1.232,0.0051,1.2371,0.2227,0.9958774553390994,0.004122544660900493,68.3633,3.0802,0.0,0.0,0.0,68.36329999999998,3.0801999999999996,71.44349999999999,71.9386
14,1.4651,0.0044,1.4694,0.2645,0.997073635497482,0.0029944194909486866,77.6151,2.8481,0.0,0.0,0.0,77.61510000000001,2.8481,80.46320000000001,82.4584
15,0.6185,0.0021,0.6206,0.1117,0.9966161778923622,0.0033838221076377697,33.9986,1.3947,0.0,0.0,0.0,33.998599999999996,1.3946999999999996,35.393299999999996,35.3961
16,0.3669,0.0001,0.367,0.0661,0.9997275204359674,0.00027247956403269756,18.8695,0.0608,0.0,0.0,0.0,18.869499999999995,0.06080000000000001,18.930299999999995,18.928
17,0.5939,0.0011,0.595,0.1071,0.9981512605042017,0.0018487394957983196,33.7216,0.7806,0.0,0.0,0.0,33.7216,0.7806,34.5022,35.5006
18,0.5133,0.0016,0.515,0.0927,0.9966990291262136,0.0031067961165048546,29.6805,1.0243,0.0,0.0,0.0,29.680499999999995,1.0243000000000002,30.704799999999995,32.7073
19,1.9931,0.0036,1.9967,0.3594,0.9981970250914008,0.0018029749085991887,105.2286,2.1626,0.0,0.0,0.0,105.2286,2.1626,107.3912,111.8888
20,0.583,0.0005,0.5835,0.105,0.9991431019708654,0.0008568980291345329,30.5757,0.2961,0.0,0.0,0.0,30.575699999999994,0.2961,30.871799999999993,30.8699
21,1.4774,0.0062,1.4836,0.267,0.9958209760043139,0.0041790239956861685,80.5108,3.758,0.0,0.0,0.0,80.5108,3.7580000000000005,84.2688,85.7714
22,0.2187,0.0001,0.2188,0.0394,0.9995429616087752,0.00045703839122486294,12.1818,0.0507,0.0,0.0,0.0,12.181800000000003,0.050699999999999995,12.232500000000003,12.2351
23,0.2752,0.0,0.2752,0.0495,1.0,0.0,16.5107,0.017,0.0,0.0,0.0,16.5107,0.017,16.5277,16.5263
24,0.2724,0.0,0.2724,0.049,1.0,0.0,14.7938,0.0068,0.0,0.0,0.0,14.793800000000005,0.0068000000000000005,14.800600000000005,14.7996
25,0.1813,0.0001,0.1813,0.0326,1.0,0.0005515719801434088,10.092,0.0368,0.0,0.0,0.0,10.092,0.03679999999999999,10.1288,10.1314
26,0.1701,0.0002,0.1703,0.0307,0.9988256018790369,0.0011743981209630064,10.0923,0.1369,0.0,0.0,0.0,10.092300000000002,0.1369,10.229200000000002,10.2264
27,4.0348,0.0066,4.0414,0.7275,0.9983669025585191,0.001633097441480675,214.435,4.3209,0.0,0.0,0.0,214.43499999999995,4.320900000000001,218.75589999999994,220.7578
28,2.7249,0.0218,2.7467,0.4944,0.9920632031164669,0.007936796883532967,146.2157,14.6211,0.0,0.0,0.0,146.21569999999997,14.621100000000002,160.83679999999998,163.3341
29,0.2228,0.0,0.2228,0.0401,1.0,0.0,11.7931,0.0186,0.0,0.0,0.0,11.793100000000003,0.0186,11.811700000000002,11.81
30,1.3782,0.011,1.3891,0.25,0.9921531927147075,0.00791879634295587,75.8935,6.9332,0.0,0.0,0.0,75.89349999999997,6.933199999999999,82.82669999999997,84.3306
31,0.7634,0.0035,0.767,0.1381,0.9953063885267275,0.0045632333767926985,42.7071,2.3869,0.0,0.0,0.0,42.70710000000001,2.3869,45.09400000000001,47.5905
32,1.0447,0.0012,1.0459,0.1883,0.9988526627784682,0.0011473372215316951,55.6363,0.7857,0.0,0.0,0.0,55.6363,0.7857000000000002,56.422,56.9186
33,0.4454,0.0002,0.4455,0.0802,0.9997755331088665,0.0004489337822671156,26.7214,0.105,0.0,0.0,0.0,26.721399999999996,0.10500000000000001,26.826399999999996,26.8244
34,1.0245,0.002,1.0265,0.1848,0.9980516317584024,0.001948368241597662,58.7074,1.1795,0.0,0.0,0.0,58.707400000000014,1.1795,59.88690000000001,60.3894
35,1.7637,0.0071,1.7709,0.3188,0.9959342707098087,0.004009260827827659,93.7949,4.5881,0.0,0.0,0.0,93.79490000000001,4.5881,98.38300000000001,100.888
36,0.3071,0.0,0.3072,0.0553,0.9996744791666667,0.0,17.5757,0.023,0.0,0.0,0.0,17.575699999999994,0.022999999999999996,17.598699999999994,17.5998
37,0.1394,0.0001,0.1395,0.0251,0.9992831541218636,0.0007168458781362007,8.182,0.051,0.0,0.0,0.0,8.181999999999999,0.051000000000000004,8.232999999999999,8.7312
38,0.5317,0.0022,0.5338,0.0961,0.9960659423004868,0.004121393780442113,30.7879,1.4071,0.0,0.0,0.0,30.787900000000008,1.4071,32.19500000000001,35.1977
39,0.2622,0.0,0.2622,0.0472,1.0,0.0,13.9795,0.011,0.0,0.0,0.0,13.979499999999996,0.011,13.990499999999995,13.995
40,0.9685,0.0009,0.9694,0.1745,0.9990715906746441,0.0009284093253558902,52.9987,0.5767,0.0,0.0,0.0,52.9987,0.5767,53.5754,55.5783
41,3.3448,0.0164,3.3613,0.605,0.9950911849582008,0.004879064647606581,193.9914,10.5933,0.0,0.0,0.0,193.99140000000003,10.5933,204.58470000000003,209.085
42,1.0776,0.0005,1.0781,0.1941,0.9995362211297651,0.0004637788702346721,58.5691,0.303,0.0,0.0,0.0,58.56910000000001,0.303,58.87210000000001,60.3691
43,0.4706,0.0002,0.4708,0.0847,0.9995751911639763,0.0004248088360237893,24.5898,0.1058,0.0,0.0,0.0,24.58979999999999,0.10579999999999999,24.69559999999999,24.6934
44,0.3013,0.0001,0.3015,0.0543,0.9993366500829188,0.00033167495854063023,16.7773,0.0779,0.0,0.0,0.0,16.777300000000004,0.0779,16.855200000000004,16.8579
45,0.268,0.0001,0.2681,0.0483,0.999627004848937,0.0003729951510630362,13.8935,0.0639,0.0,0.0,0.0,13.893500000000007,0.0639,13.957400000000007,13.9611
46,1.4667,0.0142,1.4809,0.2666,0.9904112364102909,0.00958876358970896,80.5741,8.9,0.0,0.0,0.0,80.57410000000003,8.9,89.47410000000004,94.9703
47,1.5632,0.0104,1.5736,0.2832,0.9933909506863242,0.006609049313675648,84.9916,6.6912,0.0,0.0,0.0,84.99159999999999,6.691199999999999,91.68279999999999,93.683
48,0.3334,0.0001,0.3335,0.06,0.9997001499250373,0.0002998500749625187,19.3726,0.0511,0.0,0.0,0.0,19.372599999999995,0.05109999999999999,19.423699999999997,19.4228
49,3.5182,0.012,3.5302,0.6354,0.9966007591637869,0.003399240836213246,194.8181,7.2214,0.0,0.0,0.0,194.81809999999996,7.221400000000001,202.03949999999995,206.5422
50,0.6177,0.0004,0.6181,0.1113,0.999352855524996,0.0006471444750040447,35.5852,0.2766,0.0,0.0,0.0,35.5852,0.27659999999999996,35.8618,35.8658
51,0.2081,0.0,0.2081,0.0375,1.0,0.0,11.5854,0.0238,0.0,0.0,0.0,11.585399999999996,0.023799999999999998,11.609199999999996,11.6068
52,0.4665,0.0,0.4665,0.084,1.0,0.0,25.2284,0.0188,0.0,0.0,0.0,25.228399999999993,0.018799999999999997,25.247199999999992,25.2485
53,1.2117,0.0047,1.2164,0.219,0.9961361394278199,0.0038638605721802045,70.1705,3.1688,0.0,0.0,0.0,70.17049999999999,3.1688000000000005,73.3393,77.8433
54,0.4359,0.0,0.436,0.0785,0.9997706422018349,0.0,25.5883,0.0168,0.0,0.0,0.0,25.588299999999997,0.0168,25.605099999999997,25.6092
55,1.4129,0.0025,1.4154,0.2548,0.9982337148509256,0.0017662851490744666,76.8181,1.6071,0.0,0.0,0.0,76.81809999999999,1.6071,78.42519999999999,78.4255
56,1.4951,0.0043,1.4994,0.2699,0.9971321862078165,0.00286781379218354,79.0761,2.6118,0.0,0.0,0.0,79.0761,2.6118000000000006,81.6879,83.6833
57,0.2941,0.0003,0.2943,0.053,0.9993204213387699,0.001019367991845056,16.6657,0.1568,0.0,0.0,0.0,16.6657,0.15679999999999997,16.8225,19.3212
58,1.3424,0.0034,1.3458,0.2422,0.9974736216376876,0.002526378362312379,74.7935,2.2081,0.0,0.0,0.0,74.79349999999998,2.2081,77.00159999999998,82.5004
59,1.8109,0.0212,1.8321,0.3298,0.9884285792260247,0.01157142077397522,97.1705,13.2736,0.0,0.0,0.0,97.1705,13.273600000000002,110.4441,116.9414
60,1.0416,0.0005,1.0422,0.1876,0.9994242947610824,0.00047975436576472844,53.7675,0.3485,0.0,0.0,0.0,53.76750000000001,0.3485,54.116000000000014,54.1177
61,0.4413,0.0001,0.4413,0.0794,1.0,0.00022660321776569228,25.0824,0.0503,0.0,0.0,0.0,25.0824,0.05029999999999999,25.1327,25.1307
62,1.8811,0.0162,1.8974,0.3415,0.9914092969326447,0.008537999367555602,103.6611,9.8083,0.0,0.0,0.0,103.6611,9.8083,113.46940000000001,121.9727
63,0.4877,0.0,0.4877,0.0878,1.0,0.0,25.0817,0.0272,0.0,0.0,0.0,25.0817,0.027200000000000005,25.108900000000002,25.6112
64,0.7733,0.0001,0.7734,0.1392,0.9998707008016551,0.00012929919834497026,41.6612,0.0734,0.0,0.0,0.0,41.66119999999999,0.07339999999999999,41.734599999999986,44.2391
65,0.2951,0.0,0.2951,0.0531,1.0,0.0,15.5899,0.0162,0.0,0.0,0.0,15.589900000000005,0.016200000000000003,15.606100000000005,15.6052
66,3.6787,0.0295,3.7082,0.6675,0.9920446577854485,0.007955342214551533,208.734,18.1711,0.0,0.0,0.0,208.73400000000007,18.1711,226.90510000000006,234.4046
67,0.9288,0.003,0.9318,0.1677,0.9967804249839021,0.0032195750160978753,49.7216,1.875,0.0,0.0,0.0,49.7216,1.875,51.5966,53.098
68,0.5221,0.0001,0.5223,0.094,0.9996170783074861,0.00019146084625694046,28.5109,0.0724,0.0,0.0,0.0,28.510899999999996,0.07239999999999999,28.583299999999994,28.5793
69,1.3296,0.004,1.3336,0.24,0.997000599880024,0.002999400119976005,71.1102,2.5106,0.0,0.0,0.0,71.11019999999999,2.5106,73.62079999999999,76.6242
70,0.1643,0.0004,0.1646,0.0296,0.9981773997569867,0.0024301336573511545,8.5295,0.2195,0.0,0.0,0.0,8.529499999999999,0.2195,8.748999999999999,8.7459
71,2.129,0.0038,2.1329,0.3839,0.9981715035866662,0.0017816118899151392,115.5693,2.5824,0.0,0.0,0.0,115.56929999999998,2.5824000000000003,118.15169999999999,120.1565
72,0.5274,0.0,0.5275,0.0949,0.9998104265402844,0.0,28.588,0.0138,0.0,0.0,0.0,28.587999999999997,0.0138,28.601799999999997,28.5969
73,0.498,0.0001,0.4981,0.0897,0.9997992371009837,0.0002007628990162618,26.1523,0.0573,0.0,0.0,0.0,26.152300000000004,0.057300000000000004,26.209600000000005,26.2143
74,0.5897,0.0001,0.5898,0.1062,0.9998304510003391,0.00016954899966090201,33.3103,0.0498,0.0,0.0,0.0,33.3103,0.049800000000000004,33.360099999999996,33.365
75,0.3757,0.0,0.3758,0.0676,0.999733901011176,0.0,19.5084,0.0233,0.0,0.0,0.0,19.508399999999995,0.023300000000000005,19.531699999999994,19.5287
76,2.4933,0.0116,2.5049,0.4509,0.9953690766098446,0.004630923390155295,137.7449,7.5802,0.0,0.0,0.0,137.7449,7.5802,145.3251,147.8259
77,0.563,0.0016,0.5646,0.1016,0.9971661353170386,0.0028338646829613886,32.7934,0.9995,0.0,0.0,0.0,32.793400000000005,0.9995,33.7929,33.796
78,2.7477,0.0028,2.7505,0.4951,0.9989820032721323,0.0010179967278676604,150.8405,1.7814,0.0,0.0,0.0,150.84050000000002,1.7813999999999999,152.6219,153.6174
79,1.1766,0.002,1.1786,0.2121,0.9983030714406923,0.001696928559307653,64.1918,1.3148,0.0,0.0,0.0,64.1918,1.3148000000000002,65.5066,66.5081
80,0.506,0.0003,0.5063,0.0911,0.999407465929291,0.0005925340707090658,30.0823,0.2163,0.0,0.0,0.0,30.0823,0.2163,30.2986,30.2953
81,0.6143,0.0095,0.6238,0.1123,0.984770759858929,0.015229240141070854,34.9917,5.8511,0.0,0.0,0.0,34.99170000000001,5.8511,40.84280000000001,42.3449
82,0.817,0.0004,0.8173,0.1471,0.9996329377217666,0.0004894163709776092,46.3848,0.2407,0.0,0.0,0.0,46.38480000000001,0.24070000000000003,46.62550000000001,46.6233
83,2.2768,0.0196,2.2964,0.4134,0.9914649015850897,0.008535098414910293,129.3636,12.3229,0.0,0.0,0.0,129.36360000000002,12.322900000000002,141.68650000000002,144.6832
84,0.3804,0.0,0.3804,0.0685,1.0,0.0,20.1381,0.0219,0.0,0.0,0.0,20.138099999999998,0.021900000000000003,20.159999999999997,20.1553
85,0.4331,0.0,0.4331,0.078,1.0,0.0,22.707,0.0184,0.0,0.0,0.0,22.707,0.018400000000000003,22.7254,22.7298
86,2.1441,0.0112,2.1553,0.388,0.9948035076323481,0.005196492367651835,117.5896,6.9842,0.0,0.0,0.0,117.58960000000003,6.9841999999999995,124.57380000000003,128.0741
87,0.5847,0.0,0.5848,0.1053,0.999829001367989,0.0,31.8698,0.018,0.0,0.0,0.0,31.86979999999999,0.018,31.88779999999999,31.8841
88,0.2404,0.0,0.2404,0.0433,1.0,0.0,12.9797,0.0113,0.0,0.0,0.0,12.979699999999996,0.0113,12.990999999999996,12.99
89,0.461,0.0001,0.4611,0.083,0.9997831273042724,0.0002168726957276079,25.8885,0.0385,0.0,0.0,0.0,25.888500000000004,0.03850000000000001,25.927000000000003,25.928
90,1.2163,0.0018,1.2181,0.2193,0.9985222888104425,0.0014777111895575075,64.7072,1.1426,0.0,0.0,0.0,64.7072,1.1426000000000003,65.8498,67.3494
91,0.6219,0.0001,0.622,0.112,0.99983922829582,0.0001607717041800643,31.9826,0.0462,0.0,0.0,0.0,31.9826,0.0462,32.028800000000004,32.0319
92,0.2556,0.0003,0.2559,0.0461,0.9988276670574442,0.0011723329425556857,13.4544,0.2062,0.0,0.0,0.0,13.454399999999998,0.20620000000000002,13.660599999999999,13.6599
93,0.0888,0.0001,0.0889,0.016,0.998875140607424,0.001124859392575928,5.3276,0.0518,0.0,0.0,0.0,5.3276,0.0518,5.3794,5.3816
94,0.9065,0.0006,0.9071,0.1633,0.9993385514276264,0.0006614485723734979,50.9826,0.3751,0.0,0.0,0.0,50.982600000000005,0.37510000000000004,51.35770000000001,51.3602
95,0.7283,0.001,0.7293,0.1313,0.9986288221582339,0.001371177841766077,39.9984,0.6039,0.0,0.0,0.0,39.99839999999999,0.6039,40.60229999999999,40.6027
96,0.9423,0.0158,0.9581,0.1725,0.9835090282851477,0.016490971714852313,52.7771,9.1333,0.0,0.0,0.0,52.77710000000001,9.133300000000002,61.91040000000001,63.9121
97,0.3626,0.0,0.3626,0.0653,1.0,0.0,20.1844,0.0187,0.0,0.0,0.0,20.184400000000004,0.018699999999999998,20.203100000000003,20.2005
98,0.3718,0.0003,0.3722,0.067,0.9989253089736702,0.0008060182697474476,20.3776,0.2151,0.0,0.0,0.0,20.3776,0.2151,20.5927,20.5911
99,2.6556,0.0134,2.669,0.4804,0.9949793930310978,0.005020606968902211,152.6274,8.5712,0.0,0.0,0.0,152.62740000000002,8.5712,161.19860000000003,162.1997
100,0.2517,0.0,0.2517,0.0453,1.0,0.0,13.5897,0.0149,0.0,0.0,0.0,13.589700000000004,0.0149,13.604600000000005,13.6036
101,3.3048,0.0089,3.3137,0.5965,0.9973141805232822,0.002685819476717868,195.8181,5.8432,0.0,0.0,0.0,195.8181,5.8432,201.66129999999998,204.1598
102,0.2322,0.0003,0.2326,0.0419,0.9982803095442819,0.001289767841788478,12.689,0.2175,0.0,0.0,0.0,12.689,0.21749999999999997,12.9065,13.4016
103,0.2803,0.0005,0.2808,0.0506,0.9982193732193733,0.0017806267806267807,16.0921,0.3255,0.0,0.0,0.0,16.092100000000002,0.32550000000000007,16.417600000000004,16.4157
104,2.1339,0.0048,2.1387,0.385,0.9977556459531491,0.0022443540468508904,121.6548,2.8864,0.0,0.0,0.0,121.65480000000002,2.8863999999999996,124.54120000000002,127.0439
105,0.2162,0.0001,0.2163,0.0389,0.9995376791493297,0.00046232085067036526,11.7933,0.0329,0.0,0.0,0.0,11.793300000000002,0.0329,11.826200000000002,11.8291
106,1.2135,0.0071,1.2206,0.2197,0.9941831885957727,0.00581681140422743,67.6612,4.3244,0.0,0.0,0.0,67.6612,4.324400000000001,71.98559999999999,72.9878
107,2.3104,0.009,2.3194,0.4175,0.9961196861257222,0.0038803138742778305,121.5754,5.5764,0.0,0.0,0.0,121.5754,5.5764,127.15180000000001,128.6528
108,0.1947,0.0,0.1947,0.0351,1.0,0.0,10.5299,0.0291,0.0,0.0,0.0,10.529899999999998,0.0291,10.558999999999997,10.5618
109,0.362,0.0003,0.3623,0.0652,0.9991719569417609,0.0008280430582390283,19.1475,0.1919,0.0,0.0,0.0,19.1475,0.19190000000000002,19.3394,20.341
110,0.1497,0.0,0.1498,0.027,0.999332443257677,0.0,8.3326,0.0203,0.0,0.0,0.0,8.332600000000001,0.020299999999999995,8.352900000000002,8.3555
111,0.7144,0.0029,0.7173,0.1291,0.9959570612017287,0.004042938798271295,39.0823,1.8313,0.0,0.0,0.0,39.0823,1.8312999999999997,40.913599999999995,41.9112
112,1.4732,0.0153,1.4885,0.2679,0.9897211958347331,0.010278804165267047,85.1099,10.1725,0.0,0.0,0.0,85.10990000000001,10.1725,95.28240000000001,98.2846
113,1.8626,0.0045,1.8671,0.3361,0.9975898452145038,0.002410154785496224,105.7674,2.722,0.0,0.0,0.0,105.76740000000001,2.722,108.4894,112.4879
114,0.3596,0.0001,0.3597,0.0647,0.9997219905476785,0.00027800945232137893,20.0911,0.0441,0.0,0.0,0.0,20.0911,0.0441,20.1352,20.1303
115,2.4379,0.0077,2.4455,0.4402,0.9968922510734001,0.0031486403598446127,136.0461,4.8122,0.0,0.0,0.0,136.0461,4.8122,140.85829999999999,143.8575
116,0.442,0.0002,0.4421,0.0796,0.9997738068310337,0.00045238633793259444,23.1705,0.1159,0.0,0.0,0.0,23.170499999999997,0.1159,23.286399999999997,23.2849
117,1.6746,0.0155,1.6901,0.3042,0.9908289450328384,0.009171054967161706,93.6657,9.5692,0.0,0.0,0.0,93.66569999999999,9.569199999999999,103.23489999999998,106.7372
118,1.1044,0.0013,1.1057,0.199,0.9988242742154293,0.0011757257845708602,60.5295,0.805,0.0,0.0,0.0,60.5295,0.8049999999999999,61.3345,62.3374
119,0.2203,0.0182,0.2384,0.0429,0.9240771812080537,0.07634228187919463,12.046,10.7392,0.0,0.0,0.0,12.045999999999996,10.739199999999999,22.785199999999996,24.2813
120,0.6322,0.0011,0.6332,0.114,0.9984207201516109,0.0017372078332280481,34.6465,0.6533,0.0,0.0,0.0,34.646499999999996,0.6533000000000002,35.2998,35.7988
121,0.2318,0.0003,0.2321,0.0418,0.998707453683757,0.0012925463162429987,13.5294,0.1876,0.0,0.0,0.0,13.529399999999999,0.18760000000000004,13.716999999999999,13.7169
122,1.3299,0.0014,1.3313,0.2396,0.9989483963043643,0.0010516036956358446,74.5885,0.9541,0.0,0.0,0.0,74.5885,0.9540999999999998,75.5426,75.5437
123,1.3335,0.0054,1.3389,0.241,0.9959668384494734,0.004033161550526552,75.3609,3.264,0.0,0.0,0.0,75.3609,3.2639999999999993,78.6249,79.6285
124,0.5722,0.0015,0.5737,0.1033,0.9973853930625763,0.002614606937423741,31.9019,0.9224,0.0,0.0,0.0,31.901899999999998,0.9224,32.8243,32.8284
125,0.1374,0.0007,0.138,0.0248,0.9956521739130434,0.005072463768115942,7.7926,0.4442,0.0,0.0,0.0,7.792599999999999,0.44419999999999993,8.236799999999999,8.2361
126,0.5951,0.0012,0.5963,0.1073,0.9979875901391916,0.0020124098608083176,32.3103,0.7415,0.0,0.0,0.0,32.3103,0.7415000000000002,33.0518,33.0538
127,3.4159,0.0219,3.4378,0.6188,0.9936296468671825,0.006370353132817499,204.3608,13.3932,0.0,0.0,0.0,204.36079999999998,13.393200000000002,217.754,220.2496
128,0.3919,0.0,0.3919,0.0705,1.0,0.0,21.8179,0.0102,0.0,0.0,0.0,21.817899999999995,0.0102,21.828099999999996,21.8312
129,1.2495,0.005,1.2545,0.2258,0.9960143483459547,0.0039856516540454365,70.0665,3.2259,0.0,0.0,0.0,70.06650000000002,3.2258999999999998,73.29240000000001,77.2911
130,0.3514,0.0001,0.3515,0.0633,0.9997155049786629,0.0002844950213371266,20.1842,0.0753,0.0,0.0,0.0,20.184200000000004,0.0753,20.259500000000003,20.2625
131,0.0977,0.0,0.0977,0.0176,1.0,0.0,5.3276,0.0107,0.0,0.0,0.0,5.3276,0.010700000000000001,5.3383,5.3337
132,0.2014,0.0001,0.2015,0.0363,0.9995037220843671,0.0004962779156327543,10.5297,0.055,0.0,0.0,0.0,10.529699999999997,0.055,10.584699999999996,11.08
133,2.3349,0.0103,2.3452,0.4221,0.9956080504860992,0.004391949513900733,130.6466,6.342,0.0,0.0,0.0,130.64659999999998,6.3420000000000005,136.9886,139.4896
134,0.2655,0.0,0.2655,0.0478,1.0,0.0,14.4814,0.0267,0.0,0.0,0.0,14.481400000000004,0.026699999999999998,14.508100000000004,14.5128
135,1.9315,0.0232,1.9547,0.3518,0.9881311710236864,0.0118688289763135,111.689,14.2505,0.0,0.0,0.0,111.68900000000004,14.250499999999997,125.93950000000004,129.9394
136,1.0801,0.0055,1.0856,0.1954,0.9949336772291821,0.005066322770817981,59.1477,3.2889,0.0,0.0,0.0,59.14770000000001,3.2888999999999995,62.436600000000006,64.437
137,0.1925,0.0001,0.1926,0.0347,0.9994807892004154,0.0005192107995846315,10.092,0.0468,0.0,0.0,0.0,10.092,0.0468,10.1388,10.1359
138,0.3918,0.0004,0.3922,0.0706,0.9989801121876594,0.0010198878123406426,22.3779,0.2398,0.0,0.0,0.0,22.3779,0.2398,22.6177,23.115
139,0.9699,0.0014,0.9713,0.1748,0.9985586327602182,0.0014413672397817357,55.0908,0.8328,0.0,0.0,0.0,55.090799999999994,0.8328000000000001,55.92359999999999,56.9258
140,0.2316,0.0003,0.2319,0.0417,0.9987063389391979,0.0012936610608020697,13.615,0.1745,0.0,0.0,0.0,13.614999999999995,0.17450000000000002,13.789499999999995,13.7922
141,0.3158,0.0001,0.316,0.0569,0.999367088607595,0.00031645569620253165,16.7213,0.0627,0.0,0.0,0.0,16.7213,0.0627,16.784,16.7791
142,2.1636,0.0054,2.1691,0.3904,0.9974643861509384,0.002489511779078881,127.378,3.3753,0.0,0.0,0.0,127.37800000000001,3.3753000000000006,130.75330000000002,137.2498
143,0.4083,0.0001,0.4084,0.0735,0.9997551420176298,0.0002448579823702253,21.1716,0.0765,0.0,0.0,0.0,21.171600000000005,0.0765,21.248100000000004,21.2506
144,1.0655,0.0023,1.0678,0.1922,0.9978460385840043,0.0021539614159955048,60.745,1.5178,0.0,0.0,0.0,60.74500000000001,1.5177999999999998,62.26280000000001,64.7637
145,0.0916,0.0003,0.0918,0.0165,0.9978213507625272,0.00326797385620915,5.046,0.1567,0.0,0.0,0.0,5.046,0.1567,5.2027,5.2006
146,0.5307,0.0007,0.5314,0.0957,0.9986827248776815,0.0013172751223184042,29.3605,0.4331,0.0,0.0,0.0,29.360500000000005,0.4331,29.793600000000005,31.2895
147,0.6296,0.0008,0.6304,0.1135,0.9987309644670053,0.001269035532994924,34.787,0.5463,0.0,0.0,0.0,34.787000000000006,0.5463,35.33330000000001,37.3381
148,2.4051,0.0036,2.4087,0.4336,0.9985054178602566,0.00149458213974343,129.6658,2.3651,0.0,0.0,0.0,129.6658,2.3651,132.0309,138.0261
149,0.5862,0.0001,0.5863,0.1055,0.9998294388538291,0.00017056114617090227,31.9741,0.0846,0.0,0.0,0.0,31.974100000000007,0.08460000000000001,32.05870000000001,32.5584
150,1.8312,0.0145,1.8456,0.3322,0.9921976592977894,0.007856523623753794,102.3104,9.6827,0.0,0.0,0.0,102.31039999999997,9.6827,111.99309999999997,119.4952
151,0.6739,0.0002,0.6741,0.1213,0.9997033081145231,0.0002966918854769322,36.5896,0.1341,0.0,0.0,0.0,36.5896,0.1341,36.723699999999994,38.2223
152,0.4764,0.0,0.4764,0.0857,1.0,0.0,25.3101,0.0122,0.0,0.0,0.0,25.310100000000002,0.012199999999999999,25.322300000000002,25.3234
153,1.051,0.001,1.0519,0.1894,0.9991444053617263,0.0009506607091928891,56.9826,0.6192,0.0,0.0,0.0,56.982600000000005,0.6192,57.601800000000004,60.0975
154,0.4469,0.0002,0.4471,0.0805,0.9995526727801387,0.0004473272198613286,26.1382,0.1534,0.0,0.0,0.0,26.138199999999998,0.1534,26.2916,26.2898
155,0.3384,0.0002,0.3387,0.061,0.9991142604074401,0.000590493061706525,18.5758,0.1433,0.0,0.0,0.0,18.575799999999994,0.14329999999999998,18.719099999999994,18.7146
156,0.2241,0.0001,0.2242,0.0403,0.9995539696699375,0.00044603033006244426,11.6865,0.0538,0.0,0.0,0.0,11.686499999999997,0.053799999999999994,11.740299999999998,11.736
157,0.5239,0.0008,0.5247,0.0944,0.9984753192300362,0.0015246807699637887,29.6889,0.4444,0.0,0.0,0.0,29.6889,0.4443999999999999,30.1333,32.637
158,0.4636,0.0007,0.4643,0.0836,0.9984923540814129,0.0015076459185871204,26.3637,0.442,0.0,0.0,0.0,26.36370000000001,0.442,26.80570000000001,26.8039
159,1.0309,0.001,1.032,0.1858,0.9989341085271317,0.0009689922480620155,56.7672,0.6364,0.0,0.0,0.0,56.767199999999995,0.6364000000000001,57.4036,58.8998
160,0.4935,0.0002,0.4937,0.0889,0.999594895685639,0.00040510431436094796,26.6276,0.1253,0.0,0.0,0.0,26.627599999999997,0.1253,26.752899999999997,26.7517
161,0.5647,0.0001,0.5648,0.1017,0.9998229461756374,0.00017705382436260624,30.6465,0.0892,0.0,0.0,0.0,30.646499999999996,0.08919999999999999,30.735699999999998,30.7383
162,2.5704,0.016,2.5864,0.4656,0.9938137952366223,0.006186204763377668,137.1715,10.0152,0.0,0.0,0.0,137.17149999999998,10.0152,147.18669999999997,156.1846
163,1.4285,0.0164,1.445,0.2601,0.9885813148788928,0.011349480968858131,82.7771,9.9714,0.0,0.0,0.0,82.77709999999996,9.971400000000001,92.74849999999996,97.7484
164,0.1457,0.0001,0.1458,0.0262,0.9993141289437585,0.0006858710562414266,7.7879,0.0802,0.0,0.0,0.0,7.787899999999997,0.0802,7.8680999999999965,7.8713
165,0.411,0.0,0.411,0.074,1.0,0.0,23.3632,0.0107,0.0,0.0,0.0,23.363200000000006,0.0107,23.373900000000006,23.3718
166,2.1468,0.0022,2.149,0.3868,0.9989762680316425,0.0010237319683573756,122.7877,1.3773,0.0,0.0,0.0,122.78769999999997,1.3773,124.16499999999998,126.6616
167,0.1374,0.0001,0.1375,0.0247,0.9992727272727272,0.0007272727272727272,7.569,0.0773,0.0,0.0,0.0,7.569,0.07730000000000001,7.6463,7.6423
168,2.1774,0.0072,2.1846,0.3932,0.9967042021422685,0.003295797857731392,122.5108,4.6104,0.0,0.0,0.0,122.51080000000005,4.610400000000001,127.12120000000004,128.6206
169,0.461,0.0002,0.4612,0.083,0.9995663486556808,0.00043365134431916743,26.9828,0.1444,0.0,0.0,0.0,26.9828,0.1444,27.127200000000002,27.632
170,1.3551,0.0019,1.357,0.2443,0.9985998526160649,0.001400147383935151,78.707,1.1877,0.0,0.0,0.0,78.70700000000002,1.1877000000000002,79.89470000000003,83.8975
171,2.4858,0.0051,2.4909,0.4484,0.9979525472720703,0.0020474527279296644,132.5896,3.3616,0.0,0.0,0.0,132.58960000000002,3.3616,135.95120000000003,136.9533
172,0.361,0.0,0.3611,0.065,0.9997230684021047,0.0,19.5111,0.0152,0.0,0.0,0.0,19.5111,0.015199999999999997,19.5263,19.5308
173,0.7205,0.0006,0.721,0.1298,0.9993065187239946,0.0008321775312066574,42.7674,0.3866,0.0,0.0,0.0,42.76740000000001,0.3866,43.15400000000001,44.1517
174,0.3258,0.0006,0.3264,0.0587,0.9981617647058822,0.0018382352941176468,18.6363,0.3753,0.0,0.0,0.0,18.636300000000002,0.3753,19.0116,20.0098
175,0.3015,0.0001,0.3016,0.0543,0.9996684350132626,0.00033156498673740057,16.4819,0.0544,0.0,0.0,0.0,16.481900000000003,0.054400000000000004,16.536300000000004,16.5346
176,0.098,0.0,0.0981,0.0177,0.9989806320081549,0.0,5.5298,0.029,0.0,0.0,0.0,5.529799999999999,0.028999999999999998,5.558799999999999,5.5627
177,1.1165,0.0089,1.1253,0.2026,0.9921798631476052,0.007909002043899405,61.9798,5.6552,0.0,0.0,0.0,61.97979999999999,5.6552,67.63499999999999,73.6367
178,0.5094,0.0,0.5094,0.0917,1.0,0.0,27.707,0.0226,0.0,0.0,0.0,27.706999999999997,0.022600000000000006,27.729599999999998,27.7279
179,1.7856,0.0106,1.7962,0.3233,0.9940986527112794,0.005901347288720633,103.9088,6.6534,0.0,0.0,0.0,103.90879999999997,6.6534,110.56219999999998,115.0649
180,0.4415,0.0005,0.442,0.0796,0.998868778280543,0.0011312217194570137,22.7072,0.3011,0.0,0.0,0.0,22.7072,0.3011,23.008300000000002,23.5054
181,2.3535,0.0128,2.3664,0.4259,0.994548681541582,0.005409060175794456,133.2282,7.9085,0.0,0.0,0.0,133.2282,7.9085,141.1367,146.1415
182,0.2863,0.0004,0.2868,0.0516,0.9982566248256625,0.0013947001394700141,16.2157,0.2445,0.0,0.0,0.0,16.2157,0.24450000000000005,16.460199999999997,16.9553
183,0.5114,0.0,0.5114,0.0921,1.0,0.0,29.067,0.0272,0.0,0.0,0.0,29.067,0.0272,29.0942,29.0938
184,0.7612,0.0007,0.7618,0.1371,0.9992123917038592,0.0009188763454975058,40.3189,0.4207,0.0,0.0,0.0,40.3189,0.4207,40.739599999999996,40.738
185,1.072,0.0012,1.0732,0.1932,0.9988818486768544,0.0011181513231457323,59.569,0.7171,0.0,0.0,0.0,59.56900000000002,0.7171000000000001,60.28610000000002,63.2835
186,0.4662,0.0005,0.4667,0.084,0.9989286479537176,0.0010713520462824085,23.974,0.3367,0.0,0.0,0.0,23.97400000000001,0.33670000000000005,24.31070000000001,24.3062
187,0.4671,0.0013,0.4684,0.0843,0.9972245943637917,0.002775405636208369,26.9828,0.84,0.0,0.0,0.0,26.9828,0.8400000000000001,27.8228,29.3223
188,0.9704,0.0016,0.972,0.175,0.9983539094650207,0.001646090534979424,53.8404,0.9465,0.0,0.0,0.0,53.84039999999999,0.9465000000000001,54.78689999999999,57.2893
189,0.2622,0.0,0.2623,0.0472,0.9996187571483035,0.0,13.9796,0.0274,0.0,0.0,0.0,13.979599999999996,0.0274,14.006999999999996,14.0112
190,0.1276,0.0004,0.1281,0.0231,0.9960967993754879,0.0031225604996096804,7.333,0.2691,0.0,0.0,0.0,7.333000000000001,0.2691,7.602100000000001,7.6003
191,0.5766,0.0005,0.5771,0.1039,0.9991335990296311,0.0008664009703690869,30.6611,0.3308,0.0,0.0,0.0,30.66109999999999,0.33080000000000004,30.99189999999999,32.9869
192,0.5832,0.0003,0.5835,0.105,0.9994858611825194,0.0005141388174807198,32.3632,0.1776,0.0,0.0,0.0,32.363200000000006,0.17759999999999998,32.540800000000004,33.5393
193,1.7223,0.0125,1.7348,0.3123,0.9927945584505419,0.007205441549458152,92.6274,8.2665,0.0,0.0,0.0,92.6274,8.266499999999999,100.89389999999999,102.3937
194,0.8455,0.0085,0.854,0.1537,0.9900468384074942,0.009953161592505855,47.3329,5.5269,0.0,0.0,0.0,47.332899999999995,5.5269,52.85979999999999,54.8595
195,2.7145,0.0066,2.7211,0.4898,0.9975745103083313,0.0024254896916688106,146.076,4.3557,0.0,0.0,0.0,146.076,4.355700000000001,150.4317,151.9337
196,0.3952,0.0008,0.396,0.0713,0.997979797979798,0.00202020202020202,21.4347,0.5109,0.0,0.0,0.0,21.434700000000003,0.5109,21.945600000000002,22.4452
197,2.1689,0.0103,2.1792,0.3923,0.9952734948604993,0.0047265051395007345,120.9091,6.1433,0.0,0.0,0.0,120.90909999999998,6.1433,127.05239999999998,130.5512
198,1.6946,0.0159,1.7105,0.3079,0.9907044723764982,0.0092955276235019,94.9798,9.9951,0.0,0.0,0.0,94.97980000000001,9.9951,104.97490000000002,109.4728
199,2.7748,0.0191,2.7939,0.5029,0.9931636780128137,0.00683632198718637,157.2155,12.4244,0.0,0.0,0.0,157.2155,12.424399999999997,169.63989999999998,171.1416
200,0.2845,0.0,0.2845,0.0512,1.0,0.0,15.6151,0.0122,0.0,0.0,0.0,15.615099999999996,0.012200000000000003,15.627299999999996,15.6264
201,0.3037,0.0001,0.3039,0.0547,0.9993418887792037,0.0003290556103981573,16.9795,0.0872,0.0,0.0,0.0,16.979499999999998,0.0872,17.066699999999997,17.0716
202,0.5282,0.0001,0.5282,0.0951,1.0,0.00018932222642938283,28.6274,0.0336,0.0,0.0,0.0,28.627399999999998,0.0336,28.660999999999998,28.6612
203,0.6601,0.0008,0.6609,0.119,0.9987895294295657,0.0012104705704342562,36.9742,0.4637,0.0,0.0,0.0,36.97420000000001,0.4637,37.43790000000001,38.441
204,1.0309,0.0024,1.0333,0.186,0.9976773444304653,0.0023226555695345006,59.3189,1.49,0.0,0.0,0.0,59.3189,1.49,60.8089,64.812
205,1.065,0.001,1.066,0.1919,0.9990619136960599,0.0009380863039399625,58.7877,0.6827,0.0,0.0,0.0,58.78769999999999,0.6827000000000001,59.470399999999984,59.4666
206,1.7334,0.0164,1.7498,0.315,0.990627500285747,0.009372499714253059,94.8698,9.8556,0.0,0.0,0.0,94.86979999999998,9.8556,104.72539999999998,107.7291
207,0.1906,0.0002,0.1909,0.0344,0.9984284965950759,0.0010476689366160294,11.046,0.1443,0.0,0.0,0.0,11.045999999999996,0.1443,11.190299999999995,12.1874
208,1.091,0.0025,1.0935,0.1968,0.9977137631458619,0.002286236854138089,61.5088,1.495,0.0,0.0,0.0,61.50880000000001,1.4949999999999999,63.003800000000005,64.0022
209,1.18,0.0017,1.1817,0.2127,0.9985613946009986,0.0014386053990014386,67.1194,1.1818,0.0,0.0,0.0,67.11939999999998,1.1818,68.30119999999998,68.7983
210,0.3877,0.0,0.3878,0.0698,0.9997421351211965,0.0,21.8549,0.0145,0.0,0.0,0.0,21.854899999999994,0.014499999999999999,21.869399999999995,21.8729
211,0.1905,0.0001,0.1906,0.0343,0.9994753410283317,0.0005246589716684155,9.8886,0.0814,0.0,0.0,0.0,9.888600000000004,0.0814,9.970000000000004,10.4685
212,1.3524,0.0162,1.3686,0.2463,0.9881630863656291,0.011836913634370888,79.6612,10.0986,0.0,0.0,0.0,79.66119999999998,10.098599999999998,89.75979999999998,94.2623
213,3.1116,0.0221,3.1337,0.5641,0.9929476337875355,0.007052366212464499,173.9346,13.7066,0.0,0.0,0.0,173.9346,13.706600000000002,187.6412,192.6369
214,0.1848,0.0001,0.1849,0.0333,0.9994591671173606,0.0005408328826392645,9.8404,0.0541,0.0,0.0,0.0,9.840399999999999,0.054099999999999995,9.894499999999999,9.89
215,0.1529,0.0001,0.153,0.0275,0.9993464052287583,0.0006535947712418301,8.689,0.0656,0.0,0.0,0.0,8.689,0.06559999999999999,8.7546,8.7576
216,0.3146,0.0004,0.315,0.0567,0.9987301587301587,0.0012698412698412698,17.8886,0.2644,0.0,0.0,0.0,17.888600000000004,0.26439999999999997,18.153000000000002,19.6506
217,0.2368,0.0003,0.2371,0.0427,0.9987347110923661,0.0012652889076339097,13.3192,0.1742,0.0,0.0,0.0,13.3192,0.17420000000000002,13.493400000000001,14.989
218,1.9636,0.0062,1.9698,0.3546,0.9968524723322165,0.0031475276677835314,112.3776,3.7801,0.0,0.0,0.0,112.37760000000002,3.7801,116.15770000000002,118.6617
219,0.3035,0.0001,0.3036,0.0546,0.9996706192358367,0.00032938076416337287,16.7342,0.0624,0.0,0.0,0.0,16.7342,0.06239999999999999,16.7966,16.7917
220,1.3223,0.012,1.3342,0.2402,0.9910807974816369,0.008994153800029981,75.7214,7.1408,0.0,0.0,0.0,75.7214,7.1408000000000005,82.8622,85.3645
221,5.6708,0.0236,5.6944,1.025,0.9958555774093847,0.004144422590615341,311.9827,14.5717,0.0,0.0,0.0,311.98269999999997,14.5717,326.5544,332.5589
222,1.9084,0.0134,1.9218,0.3459,0.9930273701737955,0.0069726298262046005,113.5293,8.4219,0.0,0.0,0.0,113.52930000000002,8.4219,121.95120000000003,125.9514
223,0.246,0.0003,0.2462,0.0443,0.9991876523151909,0.0012185215272136473,13.1477,0.1838,0.0,0.0,0.0,13.147699999999999,0.18380000000000002,13.331499999999998,13.3333
224,2.1876,0.0151,2.2027,0.3965,0.9931447768647569,0.006855223135243111,118.3837,9.4723,0.0,0.0,0.0,118.3837,9.472299999999999,127.85600000000001,134.3608
225,1.0676,0.0057,1.0733,0.1932,0.9946892760644742,0.005310723935525948,60.8402,3.6581,0.0,0.0,0.0,60.8402,3.6580999999999997,64.4983,67.5
226,0.1775,0.0,0.1776,0.032,0.9994369369369368,0.0,10.0921,0.0232,0.0,0.0,0.0,10.0921,0.023200000000000002,10.1153,10.1163
227,0.1897,0.0001,0.1898,0.0342,0.9994731296101159,0.0005268703898840886,10.3606,0.0866,0.0,0.0,0.0,10.360599999999998,0.0866,10.447199999999999,10.9504
228,2.6687,0.0148,2.6835,0.483,0.9944848146077883,0.005515185392211664,144.9988,9.1684,0.0,0.0,0.0,144.9988,9.1684,154.16719999999998,158.6707
229,0.3575,0.0002,0.3577,0.0644,0.9994408722393066,0.0005591277606933184,19.3779,0.1151,0.0,0.0,0.0,19.3779,0.11510000000000001,19.493000000000002,19.9893
230,0.2066,0.0004,0.2069,0.0372,0.9985500241662639,0.0019333011116481392,11.909,0.212,0.0,0.0,0.0,11.908999999999999,0.21200000000000002,12.120999999999999,12.1226
231,0.1271,0.0,0.1271,0.0229,1.0,0.0,7.0758,0.0075,0.0,0.0,0.0,7.075800000000001,0.0075000000000000015,7.083300000000001,7.088
232,1.5449,0.0121,1.557,0.2803,0.9922286448298009,0.007771355170199101,89.5896,7.8152,0.0,0.0,0.0,89.5896,7.8152,97.40480000000001,101.4019
233,0.3369,0.0004,0.3374,0.0607,0.9985180794309425,0.001185536455245999,18.1522,0.2864,0.0,0.0,0.0,18.1522,0.2864,18.4386,19.4372
234,1.3057,0.0028,1.3085,0.2355,0.9978601452044327,0.0021398547955674436,72.902,1.7851,0.0,0.0,0.0,72.90200000000003,1.7851,74.68710000000003,77.1879
235,1.3344,0.0062,1.3406,0.2413,0.9953752051320305,0.004624794867969566,72.0598,3.8088,0.0,0.0,0.0,72.05979999999998,3.8088,75.86859999999999,78.8691
236,0.3626,0.0001,0.3626,0.0653,1.0,0.0002757859900717044,20.1841,0.0417,0.0,0.0,0.0,20.1841,0.0417,20.2258,20.2253
237,0.4835,0.0,0.4835,0.087,1.0,0.0,25.8695,0.0159,0.0,0.0,0.0,25.869499999999995,0.015899999999999997,25.885399999999994,25.8887
238,0.8153,0.0019,0.8172,0.1471,0.9976749877630935,0.00232501223690651,45.5208,1.1912,0.0,0.0,0.0,45.520799999999994,1.1911999999999998,46.711999999999996,46.7167
239,0.1387,0.0001,0.1388,0.025,0.9992795389048991,0.0007204610951008645,7.8886,0.0691,0.0,0.0,0.0,7.888599999999999,0.0691,7.957699999999999,7.9555
240,0.2219,0.0001,0.222,0.04,0.9995495495495494,0.00045045045045045046,12.6152,0.0516,0.0,0.0,0.0,12.615199999999996,0.0516,12.666799999999997,12.6636
241,0.154,0.0006,0.1546,0.0278,0.9961190168175938,0.0038809831824062097,8.5693,0.371,0.0,0.0,0.0,8.569299999999998,0.37099999999999994,8.940299999999999,8.9419
242,0.5127,0.005,0.5177,0.0932,0.9903418968514583,0.009658103148541626,28.192,3.1631,0.0,0.0,0.0,28.191999999999997,3.1631000000000005,31.355099999999997,35.3588
243,0.3401,0.0,0.3402,0.0612,0.9997060552616108,0.0,17.661,0.0103,0.0,0.0,0.0,17.661,0.0103,17.671300000000002,17.6705
244,0.3429,0.0007,0.3436,0.0618,0.9979627473806751,0.002037252619324796,18.1821,0.3986,0.0,0.0,0.0,18.182100000000005,0.39859999999999995,18.580700000000004,18.5821
245,0.7127,0.0027,0.7155,0.1288,0.9960866526904263,0.0037735849056603774,37.7871,1.7161,0.0,0.0,0.0,37.78710000000001,1.7161,39.50320000000001,41.0033
246,0.7292,0.0011,0.7303,0.1315,0.9984937696836916,0.0015062303163083665,40.3833,0.7031,0.0,0.0,0.0,40.383300000000006,0.7031,41.086400000000005,41.0905
247,1.539,0.0191,1.5581,0.2805,0.9877414800077016,0.01225851999229831,88.9741,12.2197,0.0,0.0,0.0,88.97409999999999,12.219700000000001,101.1938,106.1979
248,0.2868,0.0005,0.2872,0.0517,0.9986072423398328,0.0017409470752089136,15.5852,0.2777,0.0,0.0,0.0,15.585199999999997,0.27770000000000006,15.862899999999996,15.8623
249,0.822,0.0042,0.8262,0.1487,0.9949164851125635,0.005083514887436456,48.0921,2.6355,0.0,0.0,0.0,48.0921,2.6355,50.7276,53.7317
250,0.5023,0.0012,0.5034,0.0906,0.9978148589590783,0.0023837902264600714,27.9091,0.7066,0.0,0.0,0.0,27.909099999999995,0.7066000000000001,28.615699999999997,28.6188
251,2.6565,0.0115,2.668,0.4802,0.9956896551724137,0.004310344827586207,146.6889,7.2142,0.0,0.0,0.0,146.6889,7.214199999999998,153.9031,156.9019
252,0.1016,0.0003,0.1019,0.0183,0.9970559371933267,0.0029440628066732086,5.3277,0.193,0.0,0.0,0.0,5.3277,0.193,5.5207,5.5242
253,0.3136,0.001,0.3146,0.0566,0.9968213604577241,0.003178639542275906,17.138,0.607,0.0,0.0,0.0,17.137999999999998,0.6070000000000001,17.744999999999997,17.7404
254,0.5761,0.0004,0.5765,0.1038,0.9993061578490892,0.0006938421509106678,32.6277,0.2726,0.0,0.0,0.0,32.6277,0.27259999999999995,32.900299999999994,33.9047
255,0.6478,0.0007,0.6484,0.1167,0.999074645280691,0.00107958050586058,36.521,0.4397,0.0,0.0,0.0,36.521,0.43970000000000004,36.9607,37.4634
256,0.6898,0.0034,0.6932,0.1248,0.9950952106174263,0.0049047893825735715,38.8935,2.0794,0.0,0.0,0.0,38.89349999999999,2.0794,40.97289999999999,42.969
257,1.5806,0.0035,1.5841,0.2851,0.9977905435262925,0.002209456473707468,85.2216,2.2443,0.0,0.0,0.0,85.22160000000002,2.2443,87.46590000000002,89.9683
258,1.5411,0.0067,1.5478,0.2786,0.9956712753585734,0.004328724641426541,84.8699,4.1504,0.0,0.0,0.0,84.8699,4.1504,89.0203,93.522
259,0.3287,0.0006,0.3293,0.0593,0.998177953234133,0.0018220467658669906,19.7217,0.389,0.0,0.0,0.0,19.721699999999995,0.389,20.110699999999994,20.1099
260,0.4796,0.0012,0.4809,0.0866,0.9972967352880018,0.002495321272613849,26.5739,0.7818,0.0,0.0,0.0,26.573900000000005,0.7817999999999999,27.355700000000006,28.8602
261,0.5582,0.0001,0.5583,0.1005,0.999820884828945,0.00017911517105498835,28.7073,0.0853,0.0,0.0,0.0,28.707299999999996,0.08529999999999999,28.792599999999997,28.7969
262,0.2467,0.0,0.2467,0.0444,1.0,0.0,13.3191,0.0106,0.0,0.0,0.0,13.3191,0.0106,13.3297,13.3257
263,1.9805,0.0126,1.9931,0.3588,0.9936781897546535,0.006321810245346445,113.1199,7.9677,0.0,0.0,0.0,113.11989999999997,7.967700000000001,121.08759999999998,125.5893
264,0.5028,0.0008,0.5037,0.0907,0.9982132221560452,0.0015882469724042088,27.5741,0.5574,0.0,0.0,0.0,27.5741,0.5573999999999999,28.131500000000003,28.6273
265,2.8433,0.0049,2.8482,0.5127,0.9982796151955622,0.0017203848044378906,161.6465,3.1207,0.0,0.0,0.0,161.6465,3.1206999999999994,164.7672,172.7696
266,0.9703,0.0008,0.971,0.1748,0.9992790937178168,0.0008238928939237899,55.1705,0.4643,0.0,0.0,0.0,55.1705,0.4643,55.6348,55.6319
267,0.2184,0.0,0.2184,0.0393,1.0,0.0,11.7935,0.0081,0.0,0.0,0.0,11.793500000000002,0.008100000000000001,11.801600000000002,11.7984
268,0.185,0.0,0.185,0.0333,1.0,0.0,10.5293,0.0241,0.0,0.0,0.0,10.5293,0.0241,10.5534,10.5568
269,4.4617,0.0222,4.4839,0.8071,0.9950489529204488,0.004951047079551283,252.7872,14.1003,0.0,0.0,0.0,252.78719999999998,14.1003,266.8875,277.3872
270,0.2406,0.0004,0.241,0.0434,0.9983402489626557,0.0016597510373443985,13.3608,0.2367,0.0,0.0,0.0,13.360799999999998,0.23670000000000002,13.597499999999998,14.0978
271,0.2554,0.0,0.2554,0.046,1.0,0.0,13.6152,0.022,0.0,0.0,0.0,13.615199999999996,0.021999999999999995,13.637199999999996,13.6418
272,0.2855,0.0,0.2856,0.0514,0.9996498599439775,0.0,15.5754,0.0107,0.0,0.0,0.0,15.575399999999995,0.0107,15.586099999999995,15.5908
273,0.149,0.0003,0.1493,0.0269,0.9979906229068989,0.0020093770931011385,8.8404,0.2122,0.0,0.0,0.0,8.840399999999999,0.21220000000000003,9.052599999999998,10.0554
274,1.1832,0.0042,1.1873,0.2137,0.9965467868272552,0.003537437884275246,63.6151,2.6878,0.0,0.0,0.0,63.615100000000005,2.6878,66.30290000000001,67.8039
275,3.0283,0.0081,3.0364,0.5466,0.9973323672770387,0.0026676327229614013,178.1919,4.999,0.0,0.0,0.0,178.19190000000003,4.999,183.19090000000003,193.1863
276,2.6189,0.0042,2.6231,0.4722,0.9983988410659144,0.0016011589340856238,140.6656,2.6386,0.0,0.0,0.0,140.66559999999998,2.6385999999999994,143.30419999999998,145.8052
277,0.2117,0.0002,0.2119,0.0381,0.999056158565361,0.0009438414346389807,12.3249,0.1066,0.0,0.0,0.0,12.324900000000003,0.10659999999999999,12.431500000000003,12.4341
278,1.1868,0.0036,1.1905,0.2143,0.996892062158757,0.003023939521209576,67.8885,2.3999,0.0,0.0,0.0,67.8885,2.3999,70.2884,71.284
279,0.7679,0.011,0.779,0.1402,0.9857509627727856,0.014120667522464696,43.182,6.8085,0.0,0.0,0.0,43.181999999999995,6.8085,49.9905,54.4929
280,2.0526,0.0038,2.0564,0.3702,0.9981521104843416,0.001847889515658432,115.092,2.4552,0.0,0.0,0.0,115.09199999999998,2.4552,117.54719999999999,125.5449
281,0.133,0.0004,0.1334,0.024,0.997001499250375,0.0029985007496251877,7.7174,0.2761,0.0,0.0,0.0,7.717399999999998,0.27609999999999996,7.993499999999997,7.9898
282,0.3735,0.0,0.3735,0.0672,1.0,0.0,19.3638,0.0219,0.0,0.0,0.0,19.3638,0.0219,19.3857,19.387
283,2.8709,0.0054,2.8764,0.5178,0.9980878876373244,0.001877346683354193,158.3848,3.5244,0.0,0.0,0.0,158.3848,3.5244000000000004,161.90920000000003,164.9098
284,0.3782,0.0001,0.3783,0.0681,0.9997356595294739,0.0002643404705260375,20.6274,0.0573,0.0,0.0,0.0,20.627399999999998,0.05729999999999999,20.6847,20.6817
285,2.8291,0.0079,2.8369,0.5106,0.9972505199337305,0.0027847298107088725,152.569,5.0675,0.0,0.0,0.0,152.56900000000002,5.0675,157.6365,163.1402
286,0.2516,0.0,0.2516,0.0453,1.0,0.0,13.3189,0.0099,0.0,0.0,0.0,13.318900000000001,0.0099,13.328800000000001,13.3324
287,1.9048,0.0218,1.9266,0.3468,0.9886847295754179,0.011315270424582165,111.0908,13.3433,0.0,0.0,0.0,111.09080000000002,13.343300000000003,124.43410000000002,128.433
288,0.4882,0.0014,0.4896,0.0881,0.9971405228758171,0.002859477124183007,27.3277,0.8776,0.0,0.0,0.0,27.3277,0.8776000000000002,28.2053,29.7014
289,6.5287,0.0191,6.5477,1.1786,0.997098217694763,0.002917054843685569,368.1475,12.8867,0.0,0.0,0.0,368.14750000000004,12.8867,381.03420000000006,386.538
290,2.5181,0.0149,2.533,0.4559,0.9941176470588236,0.0058823529411764705,145.1841,9.1767,0.0,0.0,0.0,145.1841,9.176699999999999,154.3608,161.8633
291,0.1229,0.0,0.1229,0.0221,1.0,0.0,6.7927,0.0287,0.0,0.0,0.0,6.792699999999997,0.028699999999999996,6.821399999999997,6.8172
292,0.2757,0.0004,0.276,0.0497,0.9989130434782608,0.0014492753623188406,15.3191,0.2241,0.0,0.0,0.0,15.3191,0.2241,15.5432,15.5454
293,0.5081,0.0012,0.5094,0.0917,0.9974479780133491,0.002355712603062426,27.2157,0.767,0.0,0.0,0.0,27.21570000000001,0.7669999999999999,27.98270000000001,27.9806
294,0.3372,0.0009,0.3381,0.0609,0.997338065661047,0.0026619343389529724,17.6807,0.55,0.0,0.0,0.0,17.680699999999998,0.5499999999999999,18.2307,18.23
295,2.8997,0.0085,2.9082,0.5235,0.9970772299016575,0.002922770098342618,160.3188,5.3571,0.0,0.0,0.0,160.3188,5.3571,165.6759,174.1776
296,3.155,0.0223,3.1773,0.5719,0.9929814622478205,0.0070185377521795244,172.5737,14.8141,0.0,0.0,0.0,172.5737,14.8141,187.3878,189.8895
297,0.4142,0.0001,0.4143,0.0746,0.9997586290127927,0.0002413709872073377,24.1705,0.0625,0.0,0.0,0.0,24.170499999999993,0.0625,24.232999999999993,24.234
298,0.1756,0.0,0.1756,0.0316,1.0,0.0,9.7771,0.0164,0.0,0.0,0.0,9.777099999999999,0.016399999999999998,9.7935,9.7908
299,3.6485,0.0092,3.6577,0.6584,0.9974847581813707,0.002515241818629193,194.7214,6.3281,0.0,0.0,0.0,194.7214,6.328099999999999,201.0495,209.545
300,2.9501,0.0076,2.9577,0.5324,0.9974304358116104,0.002569564188389627,171.6611,4.9373,0.0,0.0,0.0,171.66110000000003,4.9373,176.59840000000003,182.0935
301,2.6514,0.004,2.6553,0.478,0.9985312394079766,0.0015064211200241028,152.1842,2.4113,0.0,0.0,0.0,152.18419999999995,2.4112999999999998,154.59549999999996,162.0908
302,4.3401,0.0118,4.352,0.7834,0.9972656249999998,0.0027113970588235293,248.5082,6.9414,0.0,0.0,0.0,248.50820000000002,6.9414,255.4496,260.949
303,0.4953,0.0001,0.4954,0.0892,0.9997981429148163,0.00020185708518368997,26.1922,0.0396,0.0,0.0,0.0,26.192199999999996,0.0396,26.231799999999996,26.2333
304,4.7015,0.0243,4.7257,0.8506,0.9948790655352647,0.005142095350953298,265.3777,15.7124,0.0,0.0,0.0,265.37769999999995,15.7124,281.09009999999995,287.5925
305,5.8934,0.0141,5.9074,1.0633,0.9976300910722145,0.002386836848698243,333.0921,8.7612,0.0,0.0,0.0,333.09209999999996,8.761199999999999,341.85329999999993,353.8557
306,0.2299,0.0,0.2299,0.0414,1.0,0.0,13.2216,0.0092,0.0,0.0,0.0,13.2216,0.0092,13.2308,13.227
307,0.3308,0.0012,0.332,0.0598,0.9963855421686746,0.003614457831325301,18.3274,0.7606,0.0,0.0,0.0,18.3274,0.7605999999999999,19.088,20.588
308,0.6082,0.0004,0.6086,0.1096,0.999342753861321,0.0006572461386789353,34.5209,0.2366,0.0,0.0,0.0,34.5209,0.2366,34.7575,34.7557
309,0.3326,0.0003,0.3329,0.0599,0.9990988284770203,0.0009011715229798738,18.0588,0.2007,0.0,0.0,0.0,18.058799999999998,0.2007,18.2595,18.2583
310,0.5671,0.0004,0.5675,0.1021,0.9992951541850221,0.0007048458149779736,31.0596,0.2152,0.0,0.0,0.0,31.059599999999993,0.2152,31.274799999999992,32.7702
311,0.0944,0.0003,0.0946,0.017,0.9978858350951374,0.0031712473572938684,5.046,0.1566,0.0,0.0,0.0,5.046,0.15660000000000002,5.2026,5.2004
312,5.6711,0.0223,5.6934,1.0248,0.9960831840376577,0.003916815962342362,311.0585,13.9049,0.0,0.0,0.0,311.05850000000004,13.9049,324.96340000000004,344.4674
313,2.6081,0.0194,2.6275,0.4729,0.9926165556612749,0.007383444338725024,139.3189,12.7046,0.0,0.0,0.0,139.3189,12.7046,152.0235,162.0213
314,0.1847,0.0001,0.1847,0.0333,1.0,0.0005414185165132648,9.7772,0.0348,0.0,0.0,0.0,9.777199999999999,0.0348,9.812,9.8082
315,0.332,0.0,0.332,0.0598,1.0,0.0,18.8697,0.0089,0.0,0.0,0.0,18.869699999999995,0.008900000000000002,18.878599999999995,18.8749
316,3.3676,0.0257,3.3932,0.6108,0.9924554992337615,0.007573971472356477,197.8935,15.7649,0.0,0.0,0.0,197.8935,15.764899999999999,213.6584,222.1604
317,5.8137,0.0243,5.8379,1.0508,0.9958546737696774,0.004162455677555285,330.1705,14.5247,0.0,0.0,0.0,330.17049999999995,14.5247,344.69519999999994,349.6971
318,0.9743,0.0002,0.9745,0.1754,0.9997947665469472,0.00020523345305284763,52.5882,0.1043,0.0,0.0,0.0,52.5882,0.10430000000000002,52.6925,52.688
319,5.8213,0.0047,5.826,1.0487,0.9991932715413664,0.000806728458633711,323.2951,3.0448,0.0,0.0,0.0,323.29510000000005,3.0448,326.33990000000006,334.8391
320,8.7758,0.0172,8.7931,1.5827,0.9980325482480581,0.0019560791984624304,506.1713,10.5198,0.0,0.0,0.0,506.1713000000001,10.5198,516.6911000000001,522.6929
321,2.0812,0.0012,2.0824,0.3748,0.9994237418363427,0.0005762581636573184,115.9826,0.7395,0.0,0.0,0.0,115.9826,0.7395,116.72210000000001,118.718
322,0.8674,0.0007,0.868,0.1562,0.9993087557603686,0.0008064516129032258,44.9795,0.3905,0.0,0.0,0.0,44.97949999999999,0.39049999999999996,45.36999999999999,45.8737
323,0.3319,0.0002,0.3321,0.0598,0.9993977717554953,0.0006022282445046673,17.9826,0.0965,0.0,0.0,0.0,17.9826,0.09650000000000002,18.0791,18.0809
324,4.7619,0.0046,4.7665,0.858,0.9990349312913039,0.0009650687086961083,277.7072,2.8504,0.0,0.0,0.0,277.7072,2.8504,280.5576,289.5543
325,3.1814,0.0044,3.1858,0.5734,0.9986188712411326,0.0013811287588674744,175.0588,2.8203,0.0,0.0,0.0,175.0588,2.8203,177.8791,193.8779
326,0.6771,0.0002,0.6774,0.1219,0.9995571302037202,0.0002952465308532625,36.8698,0.1411,0.0,0.0,0.0,36.869800000000005,0.1411,37.01090000000001,37.5062
327,0.6295,0.0005,0.63,0.1134,0.9992063492063491,0.0007936507936507937,37.5542,0.3056,0.0,0.0,0.0,37.5542,0.3056,37.8598,37.8635
328,0.2818,0.0007,0.2825,0.0509,0.9975221238938053,0.0024778761061946906,14.9091,0.4391,0.0,0.0,0.0,14.909099999999995,0.43910000000000005,15.348199999999995,16.8447
329,0.3701,0.0004,0.3705,0.0667,0.9989203778677462,0.0010796221322537114,19.6805,0.2648,0.0,0.0,0.0,19.680499999999995,0.26480000000000004,19.945299999999996,19.9453
330,4.8516,0.0234,4.875,0.8775,0.9952000000000001,0.0048000000000000004,268.8404,14.9087,0.0,0.0,0.0,268.8404,14.908700000000001,283.7491,303.7539
331,3.669,0.0193,3.6884,0.6639,0.9947402667823446,0.005232621190760222,207.6613,12.0058,0.0,0.0,0.0,207.66130000000004,12.0058,219.66710000000003,232.1718
332,0.8036,0.0008,0.8044,0.1448,0.9990054699154649,0.0009945300845350573,44.1705,0.4774,0.0,0.0,0.0,44.1705,0.4774,44.6479,45.6514
333,0.3097,0.0,0.3097,0.0557,1.0,0.0,16.7215,0.0212,0.0,0.0,0.0,16.7215,0.0212,16.7427,16.7412
334,2.3136,0.0012,2.3147,0.4166,0.9995247764289108,0.0005184257139154101,132.7879,0.7225,0.0,0.0,0.0,132.78790000000004,0.7225000000000001,133.51040000000003,140.0123
335,3.2778,0.0054,3.2832,0.591,0.9983552631578948,0.0016447368421052633,189.5455,3.4279,0.0,0.0,0.0,189.5455,3.4279,192.9734,199.9698
336,5.3189,0.02,5.339,0.961,0.9962352500468252,0.0037460198539052253,314.182,12.5496,0.0,0.0,0.0,314.1819999999999,12.549600000000002,326.7315999999999,337.2342
337,0.3878,0.0001,0.3879,0.0698,0.9997422015983499,0.0002577984016499098,21.3836,0.0847,0.0,0.0,0.0,21.383599999999998,0.0847,21.4683,21.9677
338,1.6042,0.0006,1.6048,0.2889,0.9996261216350948,0.0003738783649052841,90.7173,0.4197,0.0,0.0,0.0,90.71729999999998,0.4197,91.13699999999999,94.1339
339,2.2953,0.0026,2.2979,0.4136,0.9988685321380392,0.001131467861960921,129.7949,1.706,0.0,0.0,0.0,129.7949,1.7060000000000002,131.5009,134.9977
340,0.1697,0.0001,0.1698,0.0306,0.9994110718492343,0.0005889281507656066,9.4547,0.0472,0.0,0.0,0.0,9.454699999999999,0.047200000000000006,9.5019,10.4978
341,0.3884,0.0,0.3885,0.0699,0.9997425997425998,0.0,20.7673,0.0211,0.0,0.0,0.0,20.767299999999995,0.0211,20.788399999999996,21.2853
342,0.5015,0.0002,0.5017,0.0903,0.9996013553916682,0.0003986446083316723,27.3776,0.1142,0.0,0.0,0.0,27.3776,0.11420000000000002,27.4918,27.9941
343,3.8683,0.0062,3.8745,0.6974,0.9983997935217448,0.0016002064782552588,218.5896,4.0183,0.0,0.0,0.0,218.58960000000002,4.0183,222.60790000000003,226.1126
344,0.7985,0.0004,0.7989,0.1438,0.9994993115533858,0.0005006884466140943,45.8548,0.2192,0.0,0.0,0.0,45.85480000000001,0.2192,46.07400000000001,48.572
345,0.1863,0.0002,0.1865,0.0336,0.9989276139410187,0.0010723860589812334,10.7924,0.1099,0.0,0.0,0.0,10.792400000000004,0.10990000000000001,10.902300000000004,10.9062
346,6.8891,0.0095,6.8986,1.2417,0.9986229089960281,0.0013770910039718203,403.3633,6.3225,0.0,0.0,0.0,403.3632999999999,6.3225,409.6857999999999,422.1891
347,0.3862,0.0,0.3862,0.0695,1.0,0.0,21.6277,0.0157,0.0,0.0,0.0,21.627699999999997,0.015700000000000002,21.643399999999996,21.6471
348,0.4283,0.0003,0.4287,0.0772,0.9990669465826918,0.0006997900629811055,23.3633,0.2008,0.0,0.0,0.0,23.363300000000006,0.2008,23.564100000000007,23.5606
349,5.1481,0.026,5.1742,0.9313,0.9949557419504466,0.005024931390359862,294.8935,17.2224,0.0,0.0,0.0,294.89349999999996,17.222400000000004,312.11589999999995,329.1148
350,0.3222,0.0,0.3222,0.058,1.0,0.0,17.0589,0.011,0.0,0.0,0.0,17.058899999999998,0.011,17.069899999999997,17.0735
351,2.5001,0.0081,2.5082,0.4515,0.9967705924567419,0.003229407543258113,141.2211,4.8869,0.0,0.0,0.0,141.2211,4.886900000000001,146.108,159.6032
352,5.7096,0.0211,5.7307,1.0315,0.9963180763257543,0.0036819236742457293,307.0912,14.1425,0.0,0.0,0.0,307.09119999999996,14.142500000000002,321.23369999999994,329.7376
353,0.5796,0.0,0.5796,0.1043,1.0,0.0,33.5882,0.0274,0.0,0.0,0.0,33.5882,0.027399999999999997,33.6156,33.6181
354,0.4357,0.0,0.4357,0.0784,1.0,0.0,24.0588,0.0108,0.0,0.0,0.0,24.058799999999998,0.0108,24.069599999999998,24.0726
355,0.9691,0.0004,0.9695,0.1745,0.9995874161939143,0.00041258380608561113,55.5743,0.2436,0.0,0.0,0.0,55.57430000000001,0.2436,55.81790000000001,56.3144
356,3.1814,0.0014,3.1828,0.5729,0.9995601357295464,0.00043986427045368857,173.1474,0.8879,0.0,0.0,0.0,173.1474,0.8878999999999999,174.0353,176.5326
357,0.2268,0.0001,0.2269,0.0408,0.999559277214632,0.00044072278536800354,12.4349,0.0662,0.0,0.0,0.0,12.434899999999997,0.06620000000000001,12.501099999999997,12.504
358,0.3576,0.0,0.3577,0.0644,0.9997204361196532,0.0,20.3777,0.0314,0.0,0.0,0.0,20.3777,0.0314,20.409100000000002,20.4114
359,0.4174,0.0006,0.418,0.0752,0.9985645933014354,0.0014354066985645933,21.5738,0.4083,0.0,0.0,0.0,21.573800000000002,0.4083,21.982100000000003,23.4778
360,0.4617,0.0001,0.4618,0.0831,0.9997834560415765,0.00021654395842356,26.5212,0.0643,0.0,0.0,0.0,26.521200000000004,0.0643,26.585500000000003,26.5858
361,6.8699,0.0154,6.8854,1.2394,0.9977488599064689,0.002236616609056845,371.6363,10.1865,0.0,0.0,0.0,371.6363,10.1865,381.82280000000003,390.8196
362,0.6972,0.0002,0.6974,0.1255,0.9997132205334098,0.00028677946659019213,40.745,0.1208,0.0,0.0,0.0,40.74499999999999,0.12080000000000002,40.86579999999999,40.861
363,2.8274,0.0071,2.8344,0.5102,0.9975303415184871,0.002504939316963026,164.6611,4.7772,0.0,0.0,0.0,164.6611,4.777200000000001,169.4383,173.4341
364,3.5345,0.0085,3.543,0.6377,0.9976009031893874,0.0023990968106124754,189.9825,5.4246,0.0,0.0,0.0,189.98249999999996,5.424600000000001,195.40709999999996,200.9099
365,0.28,0.0003,0.2804,0.0505,0.9985734664764624,0.0010699001426533524,16.1816,0.1969,0.0,0.0,0.0,16.181600000000003,0.19689999999999996,16.378500000000003,16.3802
366,0.7584,0.0014,0.7598,0.1368,0.9981574098446959,0.0018425901553040273,44.0587,0.8694,0.0,0.0,0.0,44.0587,0.8694000000000001,44.9281,45.4256
367,0.5809,0.0002,0.5811,0.1046,0.9996558251591809,0.00034417484081913615,31.8406,0.1281,0.0,0.0,0.0,31.840600000000006,0.1281,31.968700000000005,31.9647
368,4.2239,0.0139,4.2378,0.7628,0.9967199962244562,0.003280003775543914,237.06,8.2733,0.0,0.0,0.0,237.06000000000003,8.2733,245.33330000000004,251.836
369,0.4466,0.0002,0.4468,0.0804,0.9995523724261415,0.00044762757385854974,26.7948,0.1221,0.0,0.0,0.0,26.7948,0.12209999999999999,26.9169,26.9142
370,1.2796,0.0006,1.2802,0.2304,0.9995313232307452,0.0004686767692548039,72.508,0.3959,0.0,0.0,0.0,72.508,0.3958999999999999,72.9039,73.9045
371,0.4844,0.0001,0.4845,0.0872,0.9997936016511868,0.00020639834881320952,28.7338,0.0639,0.0,0.0,0.0,28.73379999999999,0.06389999999999998,28.797699999999992,28.7962
372,0.4427,0.0003,0.443,0.0797,0.9993227990970655,0.0006772009029345372,25.7674,0.1943,0.0,0.0,0.0,25.767399999999995,0.1943,25.961699999999993,27.4579
373,1.2422,0.0008,1.2429,0.2237,0.9994368010298496,0.0006436559658862339,66.1197,0.4857,0.0,0.0,0.0,66.1197,0.48569999999999997,66.60539999999999,67.1096
374,0.3749,0.0,0.3749,0.0675,1.0,0.0,21.3105,0.0235,0.0,0.0,0.0,21.3105,0.023500000000000004,21.334,21.3372
375,3.1121,0.0028,3.1149,0.5607,0.9991010947381938,0.0008989052618061575,176.5456,1.675,0.0,0.0,0.0,176.54560000000004,1.6749999999999998,178.22060000000005,185.7179
376,1.4181,0.0004,1.4185,0.2553,0.9997180119844905,0.0002819880155093408,76.8935,0.2361,0.0,0.0,0.0,76.89349999999997,0.23610000000000003,77.12959999999997,78.6246
377,8.472,0.0026,8.4746,1.5254,0.9996932008590375,0.0003067991409624053,472.2158,1.5857,0.0,0.0,0.0,472.2158,1.5857,473.8015,477.2971
378,0.2498,0.0,0.2499,0.045,0.9995998399359743,0.0,13.9796,0.0232,0.0,0.0,0.0,13.979599999999998,0.023200000000000002,14.002799999999997,14.0019
379,3.3007,0.003,3.3037,0.5947,0.9990919272331023,0.0009080727668977208,177.3847,1.8236,0.0,0.0,0.0,177.38470000000007,1.8235999999999999,179.20830000000007,184.2073
380,0.3345,0.0,0.3346,0.0602,0.9997011356843993,0.0,17.4812,0.0154,0.0,0.0,0.0,17.4812,0.0154,17.4966,17.5012
381,4.18,0.0083,4.1883,0.7539,0.9980182890432872,0.0019817109567127475,223.3276,5.5252,0.0,0.0,0.0,223.3276,5.525200000000001,228.8528,240.8519
382,0.303,0.0001,0.3031,0.0546,0.9996700758825471,0.00032992411745298586,15.5853,0.059,0.0,0.0,0.0,15.585299999999997,0.059000000000000004,15.644299999999996,15.6421
383,0.3189,0.0,0.3189,0.0574,1.0,0.0,18.1524,0.0074,0.0,0.0,0.0,18.152400000000004,0.0073999999999999995,18.159800000000004,18.1579
384,0.5617,0.0002,0.5619,0.1011,0.9996440647802101,0.00035593521978999825,29.2742,0.1115,0.0,0.0,0.0,29.274200000000008,0.11150000000000003,29.385700000000007,29.3847
385,0.3988,0.0,0.3988,0.0718,1.0,0.0,20.5082,0.0137,0.0,0.0,0.0,20.508199999999995,0.013699999999999999,20.521899999999995,20.5265
386,1.2025,0.0007,1.2033,0.2166,0.9993351616388264,0.0005817335660267597,69.5851,0.4444,0.0,0.0,0.0,69.5851,0.4444,70.0295,73.5289
387,0.2355,0.0002,0.2357,0.0424,0.9991514637250742,0.0008485362749257532,13.3725,0.0985,0.0,0.0,0.0,13.372500000000004,0.09850000000000002,13.471000000000004,13.4737
388,0.7086,0.0004,0.709,0.1276,0.9994358251057829,0.0005641748942172074,40.3846,0.233,0.0,0.0,0.0,40.3846,0.23299999999999998,40.617599999999996,40.614
389,0.2516,0.0,0.2516,0.0453,1.0,0.0,14.1521,0.0177,0.0,0.0,0.0,14.152100000000003,0.0177,14.169800000000002,14.1653
390,0.42,0.0,0.4201,0.0756,0.999761961437753,0.0,23.1842,0.019,0.0,0.0,0.0,23.184200000000004,0.018999999999999996,23.203200000000002,23.203
391,0.4912,0.0005,0.4916,0.0885,0.999186330349878,0.0010170870626525631,27.076,0.2967,0.0,0.0,0.0,27.076,0.2967,27.372700000000002,29.8727
392,0.8848,0.0007,0.8855,0.1594,0.999209486166008,0.0007905138339920949,50.378,0.4175,0.0,0.0,0.0,50.378,0.4175,50.7955,51.2925
393,0.3924,0.0,0.3925,0.0706,0.9997452229299363,0.0,20.5543,0.0323,0.0,0.0,0.0,20.554299999999998,0.032299999999999995,20.586599999999997,20.5867
394,4.1388,0.0033,4.1421,0.7456,0.9992033026725573,0.0007966973274426015,241.5898,2.0271,0.0,0.0,0.0,241.58980000000003,2.0271000000000003,243.61690000000002,252.6138
395,4.9719,0.0181,4.99,0.8982,0.9963727454909819,0.0036272545090180364,284.1381,11.0374,0.0,0.0,0.0,284.1381,11.0374,295.1755,302.1793
396,0.3635,0.0001,0.3637,0.0655,0.9994500962331591,0.00027495188342040145,19.7771,0.0831,0.0,0.0,0.0,19.7771,0.08310000000000001,19.860200000000003,21.3614
397,3.0591,0.0008,3.0599,0.5508,0.9997385535475016,0.0002614464524984477,172.3726,0.4992,0.0,0.0,0.0,172.3726,0.4992,172.8718,175.8761
398,0.2879,0.0,0.2879,0.0518,1.0,0.0,16.3636,0.0132,0.0,0.0,0.0,16.363599999999998,0.0132,16.3768,16.3795
399,0.2864,0.0003,0.2867,0.0516,0.9989536100453434,0.001046389954656435,14.7949,0.2001,0.0,0.0,0.0,14.794899999999997,0.20010000000000003,14.994999999999997,17.9909
400,1.0662,0.0004,1.0665,0.192,0.99971870604782,0.0003750586029067042,55.3723,0.2315,0.0,0.0,0.0,55.3723,0.23150000000000004,55.6038,56.6047
401,0.385,0.0,0.385,0.0693,1.0,0.0,20.5292,0.0259,0.0,0.0,0.0,20.5292,0.025899999999999996,20.5551,20.5589
402,0.3033,0.0,0.3033,0.0546,1.0,0.0,16.6365,0.0275,0.0,0.0,0.0,16.6365,0.027500000000000004,16.664,16.6658
403,3.9609,0.0012,3.9621,0.7132,0.9996971303096843,0.0003028696903157416,210.7877,0.7528,0.0,0.0,0.0,210.7877,0.7528,211.5405,217.0453
404,0.1233,0.0,0.1233,0.0222,1.0,0.0,6.7948,0.0075,0.0,0.0,0.0,6.794800000000001,0.007500000000000001,6.802300000000002,6.7976
405,0.5611,0.0001,0.5611,0.101,1.0,0.00017822135091783995,29.3634,0.0313,0.0,0.0,0.0,29.363400000000006,0.0313,29.394700000000007,29.3943
406,0.9605,0.0006,0.9611,0.173,0.9993757153261889,0.0006242846738112579,52.6892,0.4035,0.0,0.0,0.0,52.689200000000014,0.40349999999999997,53.092700000000015,55.5928
407,1.1243,0.0017,1.126,0.2027,0.9984902309058616,0.0015097690941385435,62.2741,1.0615,0.0,0.0,0.0,62.2741,1.0614999999999999,63.3356,67.8314
408,0.9507,0.0006,0.9513,0.1712,0.999369284137496,0.0006307158625039419,52.9989,0.3508,0.0,0.0,0.0,52.99889999999999,0.3508,53.34969999999999,56.3526
409,0.5303,0.0003,0.5306,0.0955,0.9994346023369771,0.0005653976630229929,28.1818,0.2038,0.0,0.0,0.0,28.181800000000003,0.2038,28.385600000000004,28.8821
410,2.828,0.0015,2.8295,0.5093,0.9994698710019437,0.0005301289980561937,165.0666,0.8993,0.0,0.0,0.0,165.06659999999994,0.8993,165.96589999999995,171.965
411,0.1344,0.0002,0.1346,0.0242,0.9985141158989599,0.001485884101040119,7.53,0.1237,0.0,0.0,0.0,7.529999999999998,0.12369999999999999,7.653699999999998,7.6527
412,2.6457,0.0007,2.6464,0.4764,0.9997354897218864,0.00026451027811366385,153.6807,0.493,0.0,0.0,0.0,153.68069999999997,0.49300000000000005,154.17369999999997,157.1759
413,0.1539,0.0,0.1539,0.0277,1.0,0.0,7.9915,0.0132,0.0,0.0,0.0,7.9915,0.013199999999999996,8.0047,8.0085
414,7.3593,0.0065,7.3658,1.3258,0.9991175432403813,0.0008824567596187786,387.787,4.0463,0.0,0.0,0.0,387.7869999999999,4.0463,391.8332999999999,402.3376
415,0.8745,0.0007,0.8752,0.1575,0.9992001828153566,0.0007998171846435101,45.0598,0.4401,0.0,0.0,0.0,45.0598,0.4401,45.499900000000004,45.9991
416,1.4584,0.0008,1.4592,0.2627,0.9994517543859648,0.0005482456140350877,82.325,0.529,0.0,0.0,0.0,82.32499999999996,0.5289999999999999,82.85399999999996,85.8543
417,0.6233,0.0002,0.6235,0.1122,0.9996792301523655,0.00032076984763432237,34.6614,0.1559,0.0,0.0,0.0,34.66139999999999,0.15589999999999998,34.817299999999996,34.819
418,3.8442,0.0059,3.8501,0.693,0.9984675722708501,0.0015324277291498922,217.5855,3.6529,0.0,0.0,0.0,217.58550000000002,3.6529000000000003,221.2384,225.7368
419,0.301,0.0,0.301,0.0542,1.0,0.0,17.1099,0.0187,0.0,0.0,0.0,17.1099,0.0187,17.1286,17.132
420,0.2783,0.0001,0.2784,0.0501,0.9996408045977012,0.0003591954022988506,14.7339,0.0308,0.0,0.0,0.0,14.733900000000004,0.0308,14.764700000000003,14.7654
421,5.7255,0.0025,5.728,1.031,0.9995635474860336,0.0004364525139664805,306.6554,1.5632,0.0,0.0,0.0,306.6554,1.5632000000000001,308.2186,311.2145
422,0.4196,0.0,0.4196,0.0755,1.0,0.0,21.9984,0.0089,0.0,0.0,0.0,21.998399999999997,0.0089,22.007299999999997,22.0109
423,6.4753,0.0028,6.4781,1.1661,0.9995677745017828,0.00043222549821706976,351.2742,1.8761,0.0,0.0,0.0,351.2742000000001,1.8760999999999999,353.15030000000013,355.1535
424,0.3551,0.0,0.3551,0.0639,1.0,0.0,19.6465,0.023,0.0,0.0,0.0,19.646499999999996,0.023,19.669499999999996,19.6676
425,8.0694,0.0031,8.0725,1.4531,0.9996159801796222,0.00038401982037782593,435.0596,2.0427,0.0,0.0,0.0,435.05960000000005,2.0427000000000004,437.10230000000007,443.6008
426,0.1943,0.0,0.1944,0.035,0.999485596707819,0.0,10.3604,0.0139,0.0,0.0,0.0,10.360399999999998,0.013899999999999997,10.374299999999998,10.3756
427,5.8086,0.0132,5.8219,1.0479,0.9977155224239509,0.0022673010529208676,320.2283,7.8986,0.0,0.0,0.0,320.2283000000001,7.898600000000001,328.1269000000001,337.6257
428,3.444,0.0014,3.4454,0.6202,0.9995936611133686,0.00040633888663145067,184.7927,0.9255,0.0,0.0,0.0,184.79270000000002,0.9254999999999999,185.71820000000002,187.7231
429,0.3871,0.0001,0.3872,0.0697,0.9997417355371901,0.00025826446280991736,22.8182,0.0486,0.0,0.0,0.0,22.818199999999994,0.048600000000000004,22.866799999999994,22.8653
430,0.4255,0.0004,0.4259,0.0767,0.9990608123972763,0.0009391876027236441,22.3778,0.262,0.0,0.0,0.0,22.3778,0.262,22.6398,25.6407
431,0.2017,0.0,0.2018,0.0363,0.9995044598612487,0.0,11.7774,0.0163,0.0,0.0,0.0,11.7774,0.016300000000000002,11.7937,11.7926
432,0.8754,0.0013,0.8768,0.1578,0.9984032846715327,0.0014826642335766423,46.5737,0.8279,0.0,0.0,0.0,46.5737,0.8279000000000001,47.4016,53.3979
433,7.3882,0.0205,7.4088,1.3336,0.9972195227297268,0.0027669798077961344,397.2155,13.8403,0.0,0.0,0.0,397.21549999999996,13.840300000000001,411.0558,421.0565
434,0.7846,0.0004,0.785,0.1413,0.9994904458598726,0.0005095541401273885,46.3635,0.2422,0.0,0.0,0.0,46.36349999999999,0.24219999999999997,46.605699999999985,47.6012
435,0.365,0.0001,0.3651,0.0657,0.9997261024376883,0.00027389756231169547,21.902,0.0636,0.0,0.0,0.0,21.901999999999994,0.0636,21.965599999999995,21.9665
436,5.6226,0.0142,5.6368,1.0146,0.9974808401930173,0.0025191598069826855,298.7175,8.9677,0.0,0.0,0.0,298.71750000000003,8.9677,307.6852,313.6896
437,0.3097,0.0001,0.3097,0.0557,1.0,0.0003228931223764934,16.7213,0.0321,0.0,0.0,0.0,16.721300000000003,0.032100000000000004,16.753400000000003,16.7494
438,0.6732,0.0004,0.6736,0.1212,0.9994061757719715,0.0005938242280285036,36.0906,0.2298,0.0,0.0,0.0,36.0906,0.22980000000000003,36.3204,37.8175
439,1.2831,0.0012,1.2843,0.2312,0.999065638869423,0.000934361130576968,68.7072,0.741,0.0,0.0,0.0,68.7072,0.7410000000000001,69.4482,74.4525
440,0.4218,0.0,0.4219,0.0759,0.9997629770087699,0.0,23.9987,0.0188,0.0,0.0,0.0,23.9987,0.018799999999999997,24.0175,24.0217
441,2.508,0.0005,2.5085,0.4515,0.9998006776958341,0.00019932230416583614,138.333,0.3272,0.0,0.0,0.0,138.333,0.32720000000000005,138.6602,140.159
442,2.2542,0.0016,2.2558,0.406,0.9992907172621687,0.0007092827378313681,118.6275,0.98,0.0,0.0,0.0,118.62750000000003,0.9800000000000002,119.60750000000003,123.1078
443,5.8664,0.0042,5.8707,1.0567,0.9992675490145978,0.0007154172415555214,317.1918,2.5624,0.0,0.0,0.0,317.19179999999994,2.5624000000000002,319.75419999999997,328.7523
444,0.344,0.0,0.344,0.0619,1.0,0.0,19.5543,0.0088,0.0,0.0,0.0,19.554299999999998,0.0088,19.5631,20.0617
445,5.2383,0.003,5.2413,0.9434,0.9994276229179784,0.0005723770820216359,285.59,1.9053,0.0,0.0,0.0,285.59000000000003,1.9053,287.49530000000004,296.9945
446,7.1987,0.0201,7.2188,1.2994,0.9972156037014462,0.002784396298553776,388.5738,12.3743,0.0,0.0,0.0,388.57380000000006,12.374300000000002,400.94810000000007,413.953
447,6.5105,0.0078,6.5183,1.1733,0.9988033689765737,0.0011966310234263534,351.9985,4.8271,0.0,0.0,0.0,351.9985,4.8271,356.82559999999995,365.3257
448,2.1636,0.0059,2.1695,0.3905,0.9972804793731275,0.002719520626872551,116.59,4.0021,0.0,0.0,0.0,116.59000000000002,4.0021,120.59210000000002,125.5943
449,1.8775,0.0021,1.8796,0.3383,0.9988827410087253,0.0011172589912747393,99.1841,1.3696,0.0,0.0,0.0,99.1841,1.3696000000000002,100.5537,104.5497
450,6.8692,0.005,6.8742,1.2374,0.9992726426347793,0.0007273573652206802,381.4547,3.2243,0.0,0.0,0.0,381.4547,3.2243000000000004,384.67900000000003,396.6764
451,0.5938,0.0003,0.5941,0.1069,0.9994950345059754,0.000504965494024575,31.2156,0.213,0.0,0.0,0.0,31.21560000000001,0.213,31.42860000000001,31.4259
452,0.4914,0.0003,0.4917,0.0885,0.9993898718730932,0.0006101281269066503,28.0589,0.2162,0.0,0.0,0.0,28.058899999999998,0.2162,28.2751,28.279
453,3.1781,0.0029,3.181,0.5726,0.9990883370009431,0.0009116629990569003,176.3846,1.804,0.0,0.0,0.0,176.38460000000006,1.804,178.18860000000006,182.6908
454,0.2263,0.0003,0.2266,0.0408,0.9986760812003531,0.0013239187996469549,12.1815,0.1779,0.0,0.0,0.0,12.181500000000003,0.1779,12.359400000000003,12.8626
455,2.6536,0.0028,2.6563,0.4781,0.9989835485449686,0.001054097805217784,142.8698,1.8056,0.0,0.0,0.0,142.8698,1.8056000000000003,144.6754,158.6721
456,3.0897,0.0037,3.0935,0.5568,0.9987716179085179,0.001196056246969452,162.046,2.5616,0.0,0.0,0.0,162.046,2.5616,164.6076,171.1077
457,0.5179,0.0001,0.518,0.0932,0.9998069498069498,0.00019305019305019305,28.0907,0.0543,0.0,0.0,0.0,28.090700000000002,0.0543,28.145000000000003,28.6426
458,0.1572,0.0,0.1573,0.0283,0.9993642720915449,0.0,9.4347,0.0188,0.0,0.0,0.0,9.434699999999998,0.018800000000000004,9.453499999999998,9.4498
459,2.1821,0.001,2.1831,0.393,0.9995419357793963,0.00045806422060372864,121.0821,0.6741,0.0,0.0,0.0,121.0821,0.6740999999999999,121.75619999999999,127.7555
460,0.7056,0.0002,0.7058,0.127,0.9997166336072542,0.00028336639274582036,37.9019,0.1091,0.0,0.0,0.0,37.9019,0.1091,38.010999999999996,40.0091
461,0.0981,0.0,0.0981,0.0177,1.0,0.0,5.0461,0.0095,0.0,0.0,0.0,5.0461,0.009500000000000001,5.0556,5.0606
462,3.8915,0.002,3.8935,0.7008,0.9994863233594453,0.0005136766405547708,207.092,1.2822,0.0,0.0,0.0,207.09199999999996,1.2822,208.37419999999995,213.3768
463,0.3865,0.0002,0.3867,0.0696,0.9994828032066202,0.000517196793379881,21.1713,0.0935,0.0,0.0,0.0,21.171300000000006,0.09349999999999999,21.264800000000005,23.7648
464,1.0534,0.0002,1.0536,0.1896,0.9998101746393316,0.00018982536066818525,59.378,0.113,0.0,0.0,0.0,59.378,0.11299999999999999,59.491,59.9861
465,0.4304,0.0,0.4304,0.0775,1.0,0.0,23.1103,0.0101,0.0,0.0,0.0,23.11029999999999,0.0101,23.120399999999993,23.1202
466,3.3404,0.0182,3.3587,0.6046,0.9945514633638015,0.0054187632119570076,184.9094,11.1638,0.0,0.0,0.0,184.90940000000006,11.163800000000002,196.07320000000007,205.0705
467,6.7961,0.0176,6.8137,1.2265,0.9974169687541278,0.002583031245872287,374.6152,10.7316,0.0,0.0,0.0,374.6152000000001,10.7316,385.3468000000001,395.8424
468,4.9315,0.0052,4.9367,0.8886,0.998946664776065,0.0010533352239350173,273.6891,3.2027,0.0,0.0,0.0,273.6891,3.2027,276.8918,288.3931
469,0.4311,0.0004,0.4314,0.0777,0.9993045897079276,0.000927213722763097,24.6553,0.2206,0.0,0.0,0.0,24.6553,0.22060000000000002,24.8759,25.3783
470,7.6721,0.0099,7.682,1.3828,0.998711273105962,0.001288726894038011,413.3608,6.2464,0.0,0.0,0.0,413.3607999999999,6.2463999999999995,419.6071999999999,427.1064
471,0.6537,0.0,0.6538,0.1177,0.9998470480269194,0.0,35.7342,0.0308,0.0,0.0,0.0,35.7342,0.0308,35.765,35.7681
472,2.3663,0.0029,2.3693,0.4265,0.9987338032330224,0.0012239902080783353,136.574,1.7815,0.0,0.0,0.0,136.574,1.7815,138.3555,144.3532
473,3.5409,0.0026,3.5435,0.6378,0.9992662621701708,0.0007337378298292648,187.3636,1.5975,0.0,0.0,0.0,187.36360000000002,1.5975,188.96110000000002,193.9654
474,0.461,0.0002,0.4612,0.083,0.9995663486556808,0.00043365134431916743,24.1381,0.1439,0.0,0.0,0.0,24.1381,0.1439,24.282,25.2838
475,0.1892,0.0002,0.1894,0.0341,0.9989440337909187,0.0010559662090813093,9.7949,0.1244,0.0,0.0,0.0,9.794899999999998,0.1244,9.919299999999998,10.9237
476,0.2745,0.0005,0.275,0.0495,0.9981818181818182,0.0018181818181818182,16.138,0.2911,0.0,0.0,0.0,16.137999999999998,0.2911,16.4291,16.4326
477,1.9909,0.0047,1.9956,0.3592,0.9976448186009219,0.0023551813990779717,112.8184,2.9329,0.0,0.0,0.0,112.81839999999998,2.932899999999999,115.75129999999999,124.7536
478,0.9933,0.0002,0.9935,0.1788,0.9997986914947156,0.00020130850528434828,53.2214,0.145,0.0,0.0,0.0,53.22139999999999,0.145,53.36639999999999,53.3705
479,3.0349,0.0061,3.0411,0.5474,0.9979612640163098,0.0020058531452434975,180.7946,3.7282,0.0,0.0,0.0,180.79460000000003,3.7282000000000006,184.52280000000002,190.524
480,0.7744,0.0002,0.7746,0.1394,0.9997418022205009,0.00025819777949909634,41.0668,0.1231,0.0,0.0,0.0,41.06679999999999,0.1231,41.189899999999994,41.1874
481,0.433,0.0,0.433,0.0779,1.0,0.0,22.7877,0.0129,0.0,0.0,0.0,22.787700000000008,0.012900000000000002,22.800600000000006,22.8017
482,2.6608,0.0014,2.6622,0.4792,0.9994741191495756,0.0005258808504244609,151.2156,0.9214,0.0,0.0,0.0,151.21559999999997,0.9213999999999998,152.13699999999997,157.1399
483,5.2359,0.0096,5.2454,0.9442,0.9981888893125405,0.0018301750104853774,281.6556,5.9988,0.0,0.0,0.0,281.6556,5.9988,287.6544,296.6572
484,1.2401,0.0002,1.2404,0.2233,0.9997581425346662,0.00016123831022250889,70.5691,0.1472,0.0,0.0,0.0,70.5691,0.1472,70.7163,73.2119
485,0.5367,0.0001,0.5368,0.0966,0.9998137108792845,0.00018628912071535022,30.5213,0.0607,0.0,0.0,0.0,30.521300000000004,0.0607,30.582000000000004,30.5778
486,1.4554,0.0002,1.4557,0.262,0.999793913581095,0.00013739094593666278,81.1917,0.1543,0.0,0.0,0.0,81.19170000000004,0.15430000000000002,81.34600000000005,82.3498
487,4.8798,0.0071,4.8869,0.8796,0.9985471362213265,0.001452863778673597,263.8936,4.3912,0.0,0.0,0.0,263.8936,4.3911999999999995,268.2848,279.2885
488,0.1695,0.0,0.1695,0.0305,1.0,0.0,9.4347,0.0083,0.0,0.0,0.0,9.434699999999998,0.0083,9.442999999999998,9.4434
489,0.9649,0.0001,0.965,0.1737,0.9998963730569949,0.00010362694300518136,54.091,0.0415,0.0,0.0,0.0,54.090999999999994,0.041499999999999995,54.13249999999999,54.1294
490,0.3862,0.0,0.3862,0.0695,1.0,0.0,22.2284,0.016,0.0,0.0,0.0,22.228399999999993,0.016,22.24439999999999,22.2448
491,0.673,0.0001,0.6732,0.1212,0.9997029114676174,0.00014854426619132502,40.046,0.0736,0.0,0.0,0.0,40.046,0.0736,40.1196,40.618
492,2.047,0.0005,2.0475,0.3686,0.9997557997557999,0.0002442002442002442,119.9985,0.3205,0.0,0.0,0.0,119.99849999999998,0.3205,120.31899999999997,121.3182
493,6.1775,0.0115,6.1891,1.114,0.9981257371831123,0.0018581053788111358,336.6861,6.7928,0.0,0.0,0.0,336.6861,6.792800000000001,343.4789,347.9754
494,1.3907,0.0012,1.3919,0.2505,0.9991378690997917,0.0008621309002083483,79.8184,0.7308,0.0,0.0,0.0,79.8184,0.7308,80.5492,80.5495
495,1.4492,0.0007,1.45,0.261,0.9994482758620691,0.0004827586206896552,75.0668,0.4913,0.0,0.0,0.0,75.06679999999994,0.49129999999999996,75.55809999999994,76.0578
496,4.9443,0.0036,4.9479,0.8906,0.9992724186018311,0.0007275813981689202,259.2283,2.2537,0.0,0.0,0.0,259.2283,2.2537,261.48199999999997,274.483
497,3.7542,0.0028,3.757,0.6763,0.99925472451424,0.0007452754857599148,198.6805,1.7805,0.0,0.0,0.0,198.6805,1.7804999999999997,200.46099999999998,206.965
498,0.2667,0.0001,0.2668,0.048,0.9996251874062969,0.00037481259370314847,15.5291,0.0568,0.0,0.0,0.0,15.5291,0.05679999999999999,15.5859,16.0812
499,0.2723,0.0001,0.2724,0.049,0.999632892804699,0.00036710719530102793,15.9827,0.076,0.0,0.0,0.0,15.982700000000001,0.07599999999999998,16.0587,16.0618
500,0.4866,0.0002,0.4868,0.0876,0.9995891536565323,0.0004108463434675432,25.7448,0.1364,0.0,0.0,0.0,25.74480000000001,0.1364,25.881200000000007,25.8833
501,6.5711,0.0059,6.5769,1.1838,0.9991181255606745,0.000897079171038027,360.787,3.5645,0.0,0.0,0.0,360.787,3.5645000000000002,364.3515,367.8485
502,1.5411,0.0006,1.5417,0.2775,0.9996108192255302,0.00038918077446974114,87.3188,0.4187,0.0,0.0,0.0,87.31880000000001,0.4187,87.73750000000001,90.2424
503,0.2347,0.0001,0.2347,0.0423,1.0,0.000426075841499787,13.9914,0.0408,0.0,0.0,0.0,13.9914,0.0408,14.032200000000001,14.0341
504,0.7862,0.0001,0.7863,0.1415,0.9998728220780873,0.00012717792191275595,47.1714,0.0945,0.0,0.0,0.0,47.17139999999999,0.09449999999999999,47.26589999999999,47.2707
505,3.3428,0.0007,3.3435,0.6018,0.9997906385524151,0.00020936144758486615,184.0599,0.431,0.0,0.0,0.0,184.05990000000003,0.431,184.49090000000004,187.9919
506,1.9634,0.0007,1.9641,0.3535,0.9996436026678887,0.00035639733211139963,108.1818,0.4513,0.0,0.0,0.0,108.18180000000001,0.45130000000000003,108.63310000000001,109.6295
507,6.2742,0.0065,6.2807,1.1305,0.9989650835097998,0.0010349164902001369,346.5294,4.0581,0.0,0.0,0.0,346.5294,4.0581000000000005,350.58750000000003,354.0887
508,1.6614,0.0005,1.6619,0.2991,0.9996991395390818,0.00030086046091822613,93.076,0.3103,0.0,0.0,0.0,93.076,0.31029999999999996,93.38629999999999,93.8831
509,5.9897,0.0063,5.996,1.0793,0.9989492995330219,0.0010507004669779853,334.53,3.8191,0.0,0.0,0.0,334.5300000000001,3.8191,338.3491000000001,343.8487
510,0.4495,0.0001,0.4497,0.0809,0.9995552590615967,0.00022237046920169003,23.1196,0.072,0.0,0.0,0.0,23.1196,0.072,23.191599999999998,23.1921
511,0.2409,0.0,0.2409,0.0434,1.0,0.0,13.1818,0.0113,0.0,0.0,0.0,13.181800000000003,0.0113,13.193100000000003,13.1906
512,6.3256,0.0141,6.3397,1.1411,0.9977759199962143,0.002224080003785668,352.1102,9.0882,0.0,0.0,0.0,352.1102,9.0882,361.1984,372.2031
513,0.4134,0.0,0.4134,0.0744,1.0,0.0,22.5856,0.0145,0.0,0.0,0.0,22.585600000000003,0.0145,22.600100000000005,22.5999
514,0.4339,0.0001,0.434,0.0781,0.9997695852534563,0.0002304147465437788,25.2216,0.039,0.0,0.0,0.0,25.221599999999995,0.03900000000000001,25.260599999999997,25.7562
515,0.3352,0.0,0.3352,0.0603,1.0,0.0,20.1098,0.0081,0.0,0.0,0.0,20.1098,0.008099999999999998,20.1179,20.6215
516,0.3181,0.0,0.3182,0.0573,0.9996857322438718,0.0,17.1916,0.012,0.0,0.0,0.0,17.191599999999998,0.012,17.203599999999998,17.2085
517,0.3141,0.0001,0.3142,0.0566,0.9996817313812858,0.0003182686187141948,18.2158,0.0605,0.0,0.0,0.0,18.2158,0.060500000000000005,18.276300000000003,18.2738
518,5.9693,0.0079,5.9772,1.0759,0.9986783109148095,0.0013216890851903904,325.569,4.7232,0.0,0.0,0.0,325.5689999999999,4.7232,330.2921999999999,337.2914
519,1.0955,0.0007,1.0961,0.1973,0.999452604689353,0.0006386278624213119,65.3636,0.4466,0.0,0.0,0.0,65.36359999999998,0.4466,65.81019999999998,65.8124
520,0.4153,0.0,0.4154,0.0748,0.9997592681752528,0.0,23.3632,0.0229,0.0,0.0,0.0,23.363200000000006,0.022900000000000004,23.386100000000006,23.3821
521,0.4841,0.0001,0.4842,0.0872,0.9997934737711689,0.00020652622883106156,26.5738,0.05,0.0,0.0,0.0,26.573800000000006,0.049999999999999996,26.623800000000006,26.6274
522,0.4961,0.0,0.4962,0.0893,0.9997984683595325,0.0,27.192,0.02,0.0,0.0,0.0,27.192,0.020000000000000004,27.212,27.2106
523,0.7025,0.0002,0.7027,0.1265,0.9997153835207059,0.00028461647929415115,41.3781,0.1074,0.0,0.0,0.0,41.3781,0.10740000000000001,41.4855,41.9841
524,5.9802,0.0242,6.0043,1.0808,0.9959862098829173,0.004030444847859034,339.1477,15.2883,0.0,0.0,0.0,339.14770000000004,15.288300000000001,354.43600000000004,364.4391
525,0.4554,0.0001,0.4555,0.082,0.9997804610318332,0.0002195389681668496,24.787,0.0629,0.0,0.0,0.0,24.787000000000013,0.0629,24.849900000000012,24.8539
526,3.7909,0.0161,3.807,0.6853,0.9957709482532178,0.004229051746782243,212.615,10.5318,0.0,0.0,0.0,212.61500000000004,10.531799999999999,223.14680000000004,227.1433
527,4.3295,0.0106,4.3401,0.7812,0.9975576599617522,0.0024423400382479667,228.3606,6.6681,0.0,0.0,0.0,228.3606,6.668099999999999,235.02870000000001,240.0287
528,0.3093,0.0001,0.3094,0.0557,0.9996767937944409,0.0003232062055591467,15.9093,0.0424,0.0,0.0,0.0,15.909299999999996,0.04239999999999999,15.951699999999997,15.947
529,3.8958,0.0013,3.8971,0.7015,0.9996664186189731,0.00033358138102691743,208.1705,0.8562,0.0,0.0,0.0,208.17050000000003,0.8562,209.02670000000003,214.0271
530,2.1612,0.0003,2.1615,0.3891,0.9998612074947952,0.00013879250520471893,116.9019,0.1919,0.0,0.0,0.0,116.90190000000001,0.19189999999999996,117.09380000000002,119.0958
531,5.5982,0.0189,5.6171,1.0111,0.996635274429866,0.0033647255701340553,295.5543,11.5761,0.0,0.0,0.0,295.5543,11.5761,307.1304,321.1292
532,7.9377,0.0134,7.9512,1.4312,0.9983021430727438,0.0016852802092765873,439.0598,8.7303,0.0,0.0,0.0,439.05979999999994,8.7303,447.79009999999994,460.2913
533,5.8638,0.0123,5.8761,1.0577,0.9979067749017205,0.002093225098279471,310.6807,7.5855,0.0,0.0,0.0,310.68069999999994,7.5855000000000015,318.26619999999997,329.2689
534,4.646,0.003,4.6489,0.8368,0.9993761965196067,0.0006453139452343565,254.3727,1.8082,0.0,0.0,0.0,254.37269999999995,1.8082000000000003,256.18089999999995,263.683
535,0.3313,0.0003,0.3316,0.0597,0.9990952955367912,0.000904704463208685,17.5107,0.1681,0.0,0.0,0.0,17.5107,0.1681,17.6788,17.6778
536,2.4986,0.0026,2.5012,0.4502,0.9989604989604991,0.0010395010395010396,132.8936,1.801,0.0,0.0,0.0,132.8936,1.801,134.69459999999998,140.6972
537,5.6804,0.004,5.6843,1.0232,0.999313899688616,0.0007036926270605,297.1382,2.7301,0.0,0.0,0.0,297.13820000000004,2.7301,299.86830000000003,306.8706
538,0.333,0.0,0.3331,0.06,0.9996997898528971,0.0,19.9829,0.0262,0.0,0.0,0.0,19.9829,0.0262,20.0091,20.0073
539,0.1222,0.0,0.1222,0.022,1.0,0.0,7.3326,0.0229,0.0,0.0,0.0,7.332600000000001,0.022899999999999997,7.355500000000001,7.3561
540,0.4791,0.0001,0.4792,0.0863,0.9997913188647747,0.00020868113522537563,25.2216,0.0758,0.0,0.0,0.0,25.221600000000002,0.0758,25.297400000000003,25.2948
541,3.8653,0.0033,3.8686,0.6964,0.9991469782350204,0.0008530217649795792,211.7175,2.0494,0.0,0.0,0.0,211.7175000000001,2.0494000000000003,213.76690000000008,223.7715
542,3.4782,0.0048,3.483,0.6269,0.9986218776916451,0.0013781223083548662,191.3276,3.0262,0.0,0.0,0.0,191.3276,3.0262000000000002,194.35379999999998,211.3529
543,0.4294,0.0004,0.4298,0.0774,0.9990693345742205,0.0009306654257794323,24.5299,0.2602,0.0,0.0,0.0,24.529899999999994,0.2602,24.790099999999995,25.793
544,3.0272,0.0165,3.0437,0.5479,0.9945789663895918,0.005421033610408385,170.7877,9.8528,0.0,0.0,0.0,170.78770000000003,9.8528,180.64050000000003,188.6379
545,2.6852,0.0021,2.6873,0.4837,0.9992185464964835,0.0007814535035165407,145.2215,1.3812,0.0,0.0,0.0,145.22149999999996,1.3812,146.60269999999997,158.1062
546,4.5848,0.0029,4.5877,0.8258,0.9993678749700287,0.0006321250299714453,248.3724,1.7731,0.0,0.0,0.0,248.37240000000003,1.7730999999999997,250.14550000000003,257.6475
547,0.8122,0.0001,0.8123,0.1462,0.9998768927736058,0.00012310722639418935,47.1195,0.0611,0.0,0.0,0.0,47.1195,0.0611,47.180600000000005,48.1797
548,0.2531,0.0,0.2531,0.0456,1.0,0.0,13.6151,0.0187,0.0,0.0,0.0,13.615099999999995,0.018699999999999998,13.633799999999995,13.6312
549,1.9963,0.0013,1.9976,0.3596,0.9993492190628754,0.0006507809371245494,104.9019,0.8384,0.0,0.0,0.0,104.90190000000003,0.8384,105.74030000000002,112.7428
550,1.4109,0.0002,1.4111,0.254,0.9998582666005245,0.00014173339947558643,74.2216,0.1494,0.0,0.0,0.0,74.2216,0.1494,74.371,74.8713
551,6.3178,0.0041,6.3219,1.1379,0.9993514607950141,0.0006485392049858429,331.788,2.6474,0.0,0.0,0.0,331.78800000000007,2.6474000000000006,334.4354000000001,342.4378
552,0.4054,0.0001,0.4055,0.073,0.9997533908754623,0.0002466091245376079,24.3249,0.036,0.0,0.0,0.0,24.324899999999992,0.036000000000000004,24.360899999999994,24.3649
553,0.307,0.0002,0.3072,0.0553,0.9993489583333334,0.0006510416666666667,17.9344,0.113,0.0,0.0,0.0,17.934399999999997,0.11299999999999999,18.047399999999996,18.0468
554,0.1331,0.0,0.1331,0.024,1.0,0.0,7.3329,0.009,0.0,0.0,0.0,7.332900000000001,0.009000000000000001,7.341900000000002,7.3374
555,4.7452,0.0055,4.7507,0.8551,0.9988422758751341,0.001157724124865809,246.6275,3.6058,0.0,0.0,0.0,246.62750000000005,3.6058000000000003,250.23330000000004,253.2285
556,0.3919,0.0,0.392,0.0706,0.9997448979591838,0.0,21.8179,0.0301,0.0,0.0,0.0,21.817899999999995,0.0301,21.847999999999995,21.844
557,0.4729,0.0003,0.4732,0.0852,0.9993660185967878,0.0006339814032121724,24.3191,0.1849,0.0,0.0,0.0,24.319099999999995,0.18490000000000004,24.503999999999994,24.5074
558,3.1739,0.0057,3.1797,0.5723,0.9981759285467183,0.0017926219454665535,167.7923,3.6652,0.0,0.0,0.0,167.7923,3.6652,171.4575,188.4587
559,1.5098,0.0006,1.5104,0.2719,0.9996027542372882,0.0003972457627118644,85.0822,0.382,0.0,0.0,0.0,85.08220000000001,0.38199999999999995,85.46420000000002,88.4641
560,0.4456,0.0,0.4456,0.0802,1.0,0.0,23.7072,0.0095,0.0,0.0,0.0,23.707199999999997,0.009499999999999998,23.716699999999996,23.7118
561,0.5465,0.0001,0.5466,0.0984,0.999817050859861,0.00018294914013904136,28.3103,0.045,0.0,0.0,0.0,28.3103,0.045000000000000005,28.355300000000003,28.3517
562,0.5247,0.0003,0.525,0.0945,0.9994285714285714,0.0005714285714285714,28.5756,0.2112,0.0,0.0,0.0,28.575599999999994,0.2112,28.786799999999996,29.7844
563,0.4585,0.0002,0.4587,0.0826,0.999563985175496,0.00043601482450403317,23.9987,0.1199,0.0,0.0,0.0,23.9987,0.11990000000000002,24.1186,24.1137
564,0.2902,0.0,0.2902,0.0522,1.0,0.0,16.3244,0.0338,0.0,0.0,0.0,16.3244,0.0338,16.3582,16.3572
565,5.0104,0.0158,5.0262,0.9047,0.9968564720862678,0.003143527913732044,264.5545,9.703,0.0,0.0,0.0,264.55449999999996,9.703000000000001,274.25749999999994,291.2538
566,2.0209,0.0026,2.0234,0.3642,0.9987644558663635,0.0012849658989819116,119.3606,1.6264,0.0,0.0,0.0,119.3606,1.6264,120.98700000000001,127.4899
567,2.2883,0.0006,2.2889,0.412,0.9997378653501683,0.0002621346498317969,123.2157,0.4195,0.0,0.0,0.0,123.21569999999998,0.4195,123.63519999999998,127.1335
568,0.4178,0.0002,0.418,0.0752,0.9995215311004785,0.00047846889952153117,24.0761,0.1426,0.0,0.0,0.0,24.076099999999997,0.14259999999999998,24.2187,25.7157
569,0.4803,0.0,0.4803,0.0864,1.0,0.0,25.7071,0.0098,0.0,0.0,0.0,25.7071,0.0098,25.7169,25.7155
570,0.3973,0.0,0.3973,0.0715,1.0,0.0,23.574,0.0184,0.0,0.0,0.0,23.574,0.018399999999999996,23.5924,23.5941
571,0.148,0.0,0.1481,0.0267,0.9993247805536798,0.0,8.689,0.0149,0.0,0.0,0.0,8.689,0.0149,8.7039,8.7064
572,3.047,0.0009,3.048,0.5486,0.9996719160104988,0.0002952755905511811,163.1715,0.5899,0.0,0.0,0.0,163.17149999999998,0.5899,163.76139999999998,164.2624
573,0.2442,0.0001,0.2443,0.044,0.9995906672124437,0.0004093327875562833,14.6549,0.0487,0.0,0.0,0.0,14.654900000000001,0.04870000000000001,14.703600000000002,14.7052
574,0.8175,0.0001,0.8176,0.1472,0.9998776908023483,0.00012230919765166343,45.046,0.0732,0.0,0.0,0.0,45.046,0.0732,45.1192,45.1182
575,0.3699,0.0004,0.3702,0.0666,0.9991896272285252,0.0010804970286331715,20.8935,0.2425,0.0,0.0,0.0,20.893500000000003,0.24250000000000002,21.136000000000003,21.6408
576,2.4755,0.0256,2.501,0.4502,0.9898040783686525,0.010235905637744904,141.8404,15.7993,0.0,0.0,0.0,141.8404,15.799300000000002,157.6397,168.1442
577,1.114,0.0014,1.1154,0.2008,0.9987448448986912,0.0012551551013089475,63.6887,0.9342,0.0,0.0,0.0,63.68870000000001,0.9341999999999999,64.62290000000002,74.6217
578,0.5266,0.0001,0.5267,0.0948,0.9998101385988228,0.0001898614011771407,27.0819,0.0487,0.0,0.0,0.0,27.0819,0.0487,27.1306,27.1262
579,6.9307,0.0222,6.9528,1.2515,0.9968214244620872,0.0031929582326544704,396.0589,13.7,0.0,0.0,0.0,396.05889999999994,13.700000000000001,409.7588999999999,437.2636
580,5.7609,0.0085,5.7694,1.0385,0.9985267098831768,0.00147329011682324,322.092,5.2735,0.0,0.0,0.0,322.092,5.273500000000001,327.3655,357.3636
581,1.8738,0.0011,1.8749,0.3375,0.9994133020427756,0.0005866979572243853,103.1919,0.7173,0.0,0.0,0.0,103.1919,0.7173,103.9092,108.9055
582,0.3591,0.0,0.3591,0.0646,1.0,0.0,20.6274,0.0281,0.0,0.0,0.0,20.627399999999998,0.0281,20.655499999999996,22.6548
583,0.5198,0.0001,0.52,0.0936,0.9996153846153847,0.0001923076923076923,30.1843,0.0807,0.0,0.0,0.0,30.184300000000007,0.0807,30.265000000000008,30.2679
584,0.3172,0.0,0.3172,0.0571,1.0,0.0,18.8547,0.0141,0.0,0.0,0.0,18.854699999999998,0.014099999999999996,18.868799999999997,18.8698
585,0.4328,0.0,0.4328,0.0779,1.0,0.0,24.787,0.0294,0.0,0.0,0.0,24.787000000000013,0.0294,24.816400000000012,24.8196
586,4.9855,0.0072,4.9927,0.8987,0.998557894526008,0.0014421054739920283,262.7174,4.4269,0.0,0.0,0.0,262.71740000000005,4.4269,267.14430000000004,280.1397
587,3.7276,0.0039,3.7315,0.6717,0.9989548438965563,0.0010451561034436553,202.569,2.4599,0.0,0.0,0.0,202.56900000000005,2.4598999999999998,205.02890000000005,214.5292
588,3.859,0.0029,3.8619,0.6951,0.9992490742898573,0.0007509257101426758,201.5852,1.726,0.0,0.0,0.0,201.58520000000001,1.7259999999999998,203.3112,209.3101
589,7.6838,0.018,7.7018,1.3863,0.9976628840011424,0.00233711599885741,430.2952,11.6943,0.0,0.0,0.0,430.29520000000014,11.6943,441.98950000000013,449.4929
590,7.4772,0.0262,7.5034,1.3506,0.9965082495935176,0.0034917504064823947,393.7871,15.8736,0.0,0.0,0.0,393.7870999999999,15.8736,409.6606999999999,424.6569
591,2.6219,0.0082,2.6301,0.4734,0.9968822478232767,0.003117752176723319,143.1381,5.6586,0.0,0.0,0.0,143.13809999999998,5.6586,148.7967,158.7933
592,0.2097,0.0001,0.2098,0.0378,0.9995233555767398,0.0004766444232602479,11.3247,0.0323,0.0,0.0,0.0,11.324700000000004,0.0323,11.357000000000003,11.3544
593,1.5279,0.0004,1.5283,0.2751,0.9997382712818165,0.00026172871818360273,79.7933,0.266,0.0,0.0,0.0,79.79329999999997,0.266,80.05929999999998,80.5575
594,2.0394,0.0015,2.0409,0.3674,0.9992650301337644,0.0007349698662354843,115.8183,0.9557,0.0,0.0,0.0,115.8183,0.9557000000000002,116.774,118.7749
595,0.3849,0.0,0.3849,0.0693,1.0,0.0,21.3189,0.012,0.0,0.0,0.0,21.318900000000003,0.011999999999999999,21.330900000000003,21.3302
596,1.782,0.0004,1.7824,0.3208,0.9997755834829444,0.0002244165170556553,93.2289,0.2362,0.0,0.0,0.0,93.2289,0.2362,93.46509999999999,94.4673
597,0.3588,0.0001,0.3589,0.0646,0.9997213708553915,0.00027862914460852607,18.655,0.0431,0.0,0.0,0.0,18.655,0.04309999999999999,18.6981,18.6996
598,0.1782,0.0,0.1782,0.0321,1.0,0.0,9.4349,0.0091,0.0,0.0,0.0,9.434899999999997,0.0091,9.443999999999997,9.4412
599,0.8653,0.0003,0.8656,0.1558,0.9996534195933455,0.00034658040665434375,47.3246,0.2059,0.0,0.0,0.0,47.32460000000001,0.2059,47.53050000000001,48.0337
600,0.1656,0.0,0.1657,0.0298,0.99939649969825,0.0,9.6861,0.015,0.0,0.0,0.0,9.686099999999998,0.015,9.701099999999999,9.7056
601,1.2313,0.0006,1.2318,0.2217,0.9995940899496673,0.00048709206039941545,69.9345,0.3751,0.0,0.0,0.0,69.9345,0.37510000000000004,70.3096,70.806
602,3.5947,0.0201,3.6148,0.6507,0.9944395263915017,0.005560473608498396,201.5454,12.4,0.0,0.0,0.0,201.54540000000003,12.400000000000002,213.94540000000003,224.4428
603,5.7729,0.012,5.7849,1.0413,0.9979256339781154,0.0020743660218845612,309.6808,7.3208,0.0,0.0,0.0,309.6808,7.3208,317.0016,322.4998
604,1.9029,0.0008,1.9037,0.3427,0.9995797657193886,0.0004202342806114409,108.2286,0.4966,0.0,0.0,0.0,108.2286,0.49660000000000004,108.7252,110.226
605,0.4072,0.0,0.4072,0.0733,1.0,0.0,22.1522,0.014,0.0,0.0,0.0,22.152200000000004,0.013999999999999999,22.166200000000003,22.1711
606,2.8851,0.0031,2.8881,0.5199,0.9989612548041965,0.001073370035663585,162.1521,1.9864,0.0,0.0,0.0,162.1521,1.9864000000000002,164.1385,169.6362
607,3.8351,0.0026,3.8377,0.6908,0.9993225108789119,0.0006774891210881517,203.2951,1.7162,0.0,0.0,0.0,203.2951,1.7162000000000002,205.01129999999998,213.015
608,4.5684,0.0128,4.5812,0.8246,0.997205972234349,0.0027940277656509213,239.7935,7.8548,0.0,0.0,0.0,239.79350000000005,7.854800000000001,247.64830000000006,260.1484
609,0.1851,0.0001,0.1851,0.0333,1.0,0.0005402485143165857,10.3607,0.0557,0.0,0.0,0.0,10.360699999999996,0.0557,10.416399999999996,10.4144
610,3.6202,0.0067,3.6269,0.6528,0.998152692381924,0.001847307618076043,191.8886,4.1279,0.0,0.0,0.0,191.88859999999994,4.1278999999999995,196.01649999999995,207.0159
611,0.2997,0.0003,0.3001,0.054,0.9986671109630125,0.000999666777740753,16.4546,0.2022,0.0,0.0,0.0,16.4546,0.20220000000000002,16.6568,16.6604
612,3.0386,0.0036,3.0422,0.5476,0.9988166458483994,0.0011833541516008152,165.1382,2.2102,0.0,0.0,0.0,165.1382,2.2102,167.3484,173.3527
613,0.4405,0.0004,0.4409,0.0794,0.9990927647992742,0.0009072352007257881,24.4813,0.2419,0.0,0.0,0.0,24.4813,0.2419,24.723200000000002,24.7279
614,0.1555,0.0,0.1555,0.028,1.0,0.0,8.8402,0.0144,0.0,0.0,0.0,8.8402,0.014399999999999998,8.8546,8.8592
615,0.3637,0.0,0.3637,0.0655,1.0,0.0,18.8547,0.0068,0.0,0.0,0.0,18.854699999999998,0.0068000000000000005,18.861499999999996,18.8655
616,0.1471,0.0,0.1471,0.0265,1.0,0.0,7.7879,0.0226,0.0,0.0,0.0,7.787899999999998,0.022600000000000002,7.8104999999999976,7.8087
617,7.2992,0.0022,7.3014,1.3142,0.9996986879228641,0.0003013120771358918,396.5753,1.3059,0.0,0.0,0.0,396.5753000000001,1.3058999999999998,397.8812000000001,407.8783
618,1.1581,0.0002,1.1583,0.2085,0.9998273331606663,0.000172666839333506,61.3331,0.1506,0.0,0.0,0.0,61.3331,0.15059999999999998,61.4837,62.4813
619,3.0369,0.0051,3.042,0.5476,0.9983234714003946,0.0016765285996055228,171.5209,3.3626,0.0,0.0,0.0,171.5209,3.3626,174.8835,179.8866
620,1.6057,0.0013,1.607,0.2893,0.9991910392034847,0.0008089607965152457,83.6465,0.7834,0.0,0.0,0.0,83.64649999999997,0.7834,84.42989999999998,89.934
621,0.4303,0.0,0.4304,0.0775,0.9997676579925651,0.0,22.5756,0.0223,0.0,0.0,0.0,22.575599999999998,0.022300000000000004,22.5979,22.5958
622,0.2453,0.0001,0.2453,0.0442,1.0,0.0004076640847941297,13.2216,0.0372,0.0,0.0,0.0,13.2216,0.037200000000000004,13.2588,13.2634
623,6.7288,0.0186,6.7474,1.2145,0.9972433826362747,0.0027566173637252867,353.4544,11.9284,0.0,0.0,0.0,353.4544000000001,11.9284,365.3828000000001,375.8821
624,3.5839,0.0022,3.5861,0.6455,0.9993865201751205,0.0006134798248793955,193.184,1.4299,0.0,0.0,0.0,193.18399999999994,1.4299,194.61389999999994,198.1151
625,4.0298,0.0092,4.0389,0.727,0.9977469112877269,0.00227784792889153,235.2954,5.9985,0.0,0.0,0.0,235.29540000000003,5.9985,241.29390000000004,250.7906
626,6.2883,0.0059,6.2943,1.133,0.9990467565892951,0.0009373560205265081,334.0599,3.7547,0.0,0.0,0.0,334.0598999999999,3.7546999999999997,337.8145999999999,340.8128
627,1.797,0.0053,1.8023,0.3244,0.9970593130999278,0.00294068690007213,102.5851,3.5528,0.0,0.0,0.0,102.58510000000001,3.552800000000001,106.13790000000002,109.6405
628,5.6694,0.0118,5.6813,1.0226,0.9979054089732984,0.002076989421435235,295.588,7.01,0.0,0.0,0.0,295.588,7.010000000000001,302.598,311.5992
629,0.7997,0.0001,0.7998,0.144,0.9998749687421855,0.00012503125781445363,43.3847,0.0698,0.0,0.0,0.0,43.38470000000001,0.06979999999999999,43.45450000000001,44.4572
630,0.2305,0.0,0.2305,0.0415,1.0,0.0,13.0597,0.0077,0.0,0.0,0.0,13.0597,0.0077,13.0674,13.0678
631,0.4341,0.0001,0.4342,0.0782,0.9997696913864579,0.0002303086135421465,24.2285,0.0691,0.0,0.0,0.0,24.228499999999993,0.0691,24.297599999999992,24.2931
632,0.3231,0.0001,0.3231,0.0582,1.0,0.00030950170225936243,19.3837,0.0456,0.0,0.0,0.0,19.383699999999997,0.0456,19.429299999999998,19.4324
633,0.5207,0.0002,0.5209,0.0938,0.9996160491457093,0.0003839508542906508,28.8179,0.1049,0.0,0.0,0.0,28.81789999999999,0.10490000000000001,28.92279999999999,28.919
634,3.7537,0.0087,3.7624,0.6772,0.9976876461832872,0.0023123538167127366,208.6555,5.3863,0.0,0.0,0.0,208.65549999999993,5.3863,214.04179999999994,223.0408
635,5.8727,0.0044,5.8771,1.0579,0.9992513314389749,0.0007486685610249953,328.6365,2.8205,0.0,0.0,0.0,328.6365000000001,2.8205,331.4570000000001,336.4567
636,4.1641,0.0065,4.1706,0.7507,0.9984414712511389,0.001558528748861075,230.745,4.0872,0.0,0.0,0.0,230.74500000000003,4.0872,234.83220000000003,241.332
637,0.6104,0.0001,0.6105,0.1099,0.9998361998361999,0.0001638001638001638,31.9826,0.0407,0.0,0.0,0.0,31.9826,0.0407,32.0233,32.0269
638,3.4513,0.0014,3.4526,0.6215,0.999623472165904,0.0004054915136418931,185.0587,0.897,0.0,0.0,0.0,185.05870000000007,0.8969999999999999,185.95570000000006,185.9558
639,0.5072,0.0,0.5072,0.0913,1.0,0.0,27.1199,0.0163,0.0,0.0,0.0,27.119899999999994,0.0163,27.136199999999995,27.1339
640,0.2944,0.0,0.2944,0.053,1.0,0.0,15.1382,0.0215,0.0,0.0,0.0,15.138200000000001,0.0215,15.1597,15.1569
641,0.3598,0.0,0.3598,0.0648,1.0,0.0,19.3245,0.0159,0.0,0.0,0.0,19.324499999999997,0.0159,19.340399999999995,19.3394
642,0.9807,0.0004,0.9811,0.1766,0.9995922943634696,0.00040770563653042506,52.521,0.2543,0.0,0.0,0.0,52.520999999999994,0.2543,52.775299999999994,52.7798
643,0.6598,0.0002,0.66,0.1188,0.9996969696969698,0.00030303030303030303,35.6274,0.1152,0.0,0.0,0.0,35.627399999999994,0.11519999999999998,35.742599999999996,35.7395
644,0.1546,0.0002,0.1549,0.0279,0.998063266623628,0.0012911555842479018,8.8886,0.1521,0.0,0.0,0.0,8.888600000000002,0.1521,9.040700000000003,10.0374
645,0.7315,0.0003,0.7319,0.1317,0.9994534772509907,0.0004098920617570706,43.0761,0.2238,0.0,0.0,0.0,43.07609999999999,0.22380000000000005,43.29989999999999,43.2993
646,3.6715,0.0015,3.673,0.6611,0.999591614484073,0.00040838551592703513,205.3247,0.9185,0.0,0.0,0.0,205.32469999999998,0.9185000000000001,206.24319999999997,210.2426
647,4.3301,0.0033,4.3334,0.78,0.9992384732542575,0.0007615267457423731,233.3779,2.1172,0.0,0.0,0.0,233.3779,2.1172,235.4951,237.9954
648,1.3984,0.0011,1.3995,0.2519,0.9992140050017865,0.0007859949982136478,75.3329,0.69,0.0,0.0,0.0,75.3329,0.6900000000000002,76.02289999999999,77.5221
649,0.6247,0.0,0.6247,0.1124,1.0,0.0,33.7771,0.0212,0.0,0.0,0.0,33.77710000000001,0.0212,33.79830000000001,33.794
650,7.5931,0.0088,7.6019,1.3683,0.9988423946644918,0.0011576053355082283,409.3634,5.8257,0.0,0.0,0.0,409.36339999999996,5.8257,415.18909999999994,423.6893
651,4.9441,0.0229,4.9669,0.894,0.9954096116289839,0.004610521653345145,271.529,14.7953,0.0,0.0,0.0,271.52900000000005,14.7953,286.32430000000005,296.3201
652,0.5328,0.0002,0.533,0.0959,0.999624765478424,0.000375234521575985,28.8407,0.1142,0.0,0.0,0.0,28.840700000000012,0.11419999999999998,28.954900000000013,28.9545
653,0.1869,0.0002,0.1871,0.0337,0.998931052912881,0.0010689470871191877,10.0921,0.1398,0.0,0.0,0.0,10.0921,0.13979999999999998,10.2319,10.2333
654,0.1702,0.0001,0.1703,0.0307,0.9994128009395185,0.0005871990604815032,9.7772,0.0682,0.0,0.0,0.0,9.777199999999999,0.0682,9.845399999999998,9.844
655,3.6671,0.024,3.6911,0.6644,0.993497873262713,0.006502126737286988,197.6806,15.6878,0.0,0.0,0.0,197.68059999999994,15.687799999999998,213.36839999999995,221.3683
656,5.7456,0.0075,5.7531,1.0356,0.998696355008604,0.001303644991395943,312.333,4.7073,0.0,0.0,0.0,312.33299999999997,4.7073,317.04029999999995,325.041
657,4.9787,0.0216,5.0003,0.9,0.9956802591844489,0.004319740815551067,287.9346,14.1204,0.0,0.0,0.0,287.93459999999993,14.1204,302.05499999999995,308.059
658,0.6959,0.0005,0.6964,0.1254,0.9992820218265364,0.0007179781734635267,38.184,0.319,0.0,0.0,0.0,38.184,0.31900000000000006,38.503,42.5022
659,0.5424,0.0001,0.5425,0.0977,0.999815668202765,0.00018433179723502307,32.5456,0.0489,0.0,0.0,0.0,32.5456,0.0489,32.594500000000004,32.5922
660,5.9239,0.0056,5.9295,1.0673,0.9990555696095792,0.0009444303904207774,325.7449,3.62,0.0,0.0,0.0,325.7449,3.62,329.3649,337.8675
661,0.7368,0.0005,0.7373,0.1327,0.9993218499932186,0.0006781500067815001,40.999,0.3088,0.0,0.0,0.0,40.998999999999995,0.30879999999999996,41.30779999999999,44.3038
662,4.4441,0.0019,4.446,0.8003,0.9995726495726496,0.00042735042735042735,238.7879,1.1927,0.0,0.0,0.0,238.78790000000004,1.1926999999999999,239.98060000000004,245.4756
663,3.7647,0.0273,3.792,0.6826,0.9928006329113924,0.007199367088607596,213.7339,17.2305,0.0,0.0,0.0,213.73390000000003,17.230500000000003,230.96440000000004,236.461
664,0.7199,0.0002,0.72,0.1296,0.9998611111111111,0.0002777777777777778,38.2953,0.1096,0.0,0.0,0.0,38.2953,0.10959999999999999,38.4049,40.9058
665,0.3432,0.0002,0.3434,0.0618,0.9994175888177054,0.0005824111822947001,19.7215,0.1244,0.0,0.0,0.0,19.721500000000002,0.1244,19.845900000000004,19.8458
666,0.4087,0.0002,0.4088,0.0736,0.9997553816046967,0.0004892367906066537,24.1477,0.1069,0.0,0.0,0.0,24.147700000000007,0.10689999999999998,24.254600000000007,24.7502
667,0.2571,0.0,0.2571,0.0463,1.0,0.0,13.2217,0.0093,0.0,0.0,0.0,13.2217,0.009300000000000001,13.231,13.232
668,3.4941,0.0012,3.4953,0.6292,0.9996566818298859,0.0003433181701141533,189.6892,0.7914,0.0,0.0,0.0,189.68919999999994,0.7914,190.48059999999995,196.4767
669,2.5653,0.0035,2.5688,0.4624,0.9986374961071318,0.0013625038928682654,139.2283,2.2616,0.0,0.0,0.0,139.2283,2.2616,141.48989999999998,149.9932
670,4.0758,0.0117,4.0874,0.7357,0.9971620100797574,0.002862455350589617,229.4544,7.1522,0.0,0.0,0.0,229.45439999999996,7.1522000000000014,236.60659999999996,244.1116
671,0.4609,0.0001,0.4609,0.083,1.0,0.00021696680407897595,25.3638,0.0521,0.0,0.0,0.0,25.363800000000012,0.052099999999999994,25.41590000000001,25.4143
672,0.597,0.0002,0.5972,0.1075,0.9996651038178165,0.00033489618218352315,33.7927,0.123,0.0,0.0,0.0,33.79270000000001,0.12300000000000001,33.91570000000001,33.9159
673,0.6783,0.0,0.6784,0.1221,0.9998525943396227,0.0,37.3631,0.0227,0.0,0.0,0.0,37.3631,0.022699999999999998,37.3858,37.3896
674,3.7607,0.0035,3.7643,0.6776,0.9990436468931807,0.0009297877427410143,205.3331,2.2182,0.0,0.0,0.0,205.3331,2.2182,207.5513,213.0538
675,0.389,0.0002,0.3893,0.0701,0.9992293860775752,0.0005137426149499102,22.6154,0.154,0.0,0.0,0.0,22.615400000000008,0.15400000000000003,22.769400000000008,25.7724
676,0.5079,0.0,0.5079,0.0914,1.0,0.0,29.3636,0.0086,0.0,0.0,0.0,29.363600000000005,0.0086,29.372200000000007,29.3696
677,0.383,0.0,0.383,0.0689,1.0,0.0,20.7771,0.0176,0.0,0.0,0.0,20.777100000000008,0.017599999999999998,20.79470000000001,20.7945
678,0.5039,0.0001,0.504,0.0907,0.9998015873015873,0.0001984126984126984,30.0758,0.0537,0.0,0.0,0.0,30.075799999999994,0.0537,30.129499999999993,30.1295
679,3.5878,0.0062,3.594,0.6469,0.9982749026154702,0.0017250973845297718,203.8886,4.0427,0.0,0.0,0.0,203.88859999999997,4.042700000000001,207.93129999999996,217.9292
680,1.9725,0.002,1.9745,0.3554,0.9989870853380602,0.0010129146619397317,112.2286,1.2315,0.0,0.0,0.0,112.2286,1.2314999999999998,113.4601,117.4625
681,3.1325,0.0134,3.1459,0.5663,0.9957404876188053,0.004259512381194571,177.6805,8.3668,0.0,0.0,0.0,177.6805,8.366799999999998,186.0473,194.0444
682,3.55,0.0067,3.5568,0.6402,0.9980881691408007,0.0018837156995051732,205.6272,4.4076,0.0,0.0,0.0,205.62720000000004,4.4075999999999995,210.03480000000005,217.0377
683,0.3663,0.0,0.3663,0.0659,1.0,0.0,20.1841,0.0111,0.0,0.0,0.0,20.1841,0.0111,20.1952,20.199
684,1.0515,0.0008,1.0523,0.1894,0.9992397605245653,0.000760239475434762,57.3845,0.4797,0.0,0.0,0.0,57.3845,0.4797,57.864200000000004,62.3619
685,0.282,0.0,0.282,0.0508,1.0,0.0,14.8404,0.0143,0.0,0.0,0.0,14.840399999999997,0.0143,14.854699999999998,14.8551
686,5.3568,0.0113,5.3681,0.9663,0.9978949721502952,0.002105027849704737,294.1819,6.787,0.0,0.0,0.0,294.1819,6.787,300.96889999999996,315.9641
687,0.3582,0.0001,0.3583,0.0645,0.9997209042701647,0.00027909572983533354,20.3609,0.0546,0.0,0.0,0.0,20.360899999999997,0.0546,20.415499999999998,20.9107
688,4.2677,0.0099,4.2776,0.77,0.9976856181036095,0.0023143818963905,230.6612,6.2716,0.0,0.0,0.0,230.66120000000004,6.271599999999999,236.93280000000004,248.4295
689,0.7812,0.0002,0.7814,0.1407,0.9997440491425647,0.00025595085743537245,45.1923,0.1638,0.0,0.0,0.0,45.1923,0.1638,45.356100000000005,47.8513
690,2.3982,0.003,2.4012,0.4322,0.9987506246876563,0.0012493753123438282,139.6806,1.9521,0.0,0.0,0.0,139.6806,1.9521000000000002,141.6327,149.6375
691,3.2601,0.0029,3.2631,0.5874,0.9990806288498667,0.0008887254451288651,184.787,1.9359,0.0,0.0,0.0,184.78699999999995,1.9359,186.72289999999995,192.7242
692,0.5842,0.0004,0.5846,0.1052,0.9993157714676703,0.0006842285323297981,33.5742,0.2754,0.0,0.0,0.0,33.574200000000005,0.27540000000000003,33.8496,35.3522
693,0.5047,0.0,0.5047,0.0908,1.0,0.0,27.9018,0.0292,0.0,0.0,0.0,27.90179999999999,0.0292,27.93099999999999,28.4302
694,1.673,0.0007,1.6738,0.3013,0.999522045644641,0.0004182100609391803,93.0762,0.4835,0.0,0.0,0.0,93.0762,0.48350000000000004,93.5597,96.0576
695,5.389,0.0119,5.401,0.9722,0.9977781892242178,0.0022032956859840773,290.3721,7.7288,0.0,0.0,0.0,290.3721,7.7288,298.10089999999997,310.098
696,1.0957,0.0013,1.097,0.1975,0.9988149498632634,0.0011850501367365541,60.5081,0.8405,0.0,0.0,0.0,60.50810000000001,0.8405000000000001,61.34860000000001,66.3462
697,0.5019,0.0001,0.502,0.0904,0.999800796812749,0.00019920318725099602,26.5853,0.0537,0.0,0.0,0.0,26.585300000000007,0.0537,26.639000000000006,26.6404
698,0.1757,0.0,0.1757,0.0316,1.0,0.0,10.0921,0.0217,0.0,0.0,0.0,10.0921,0.0217,10.1138,10.117
699,0.0981,0.0,0.0981,0.0177,1.0,0.0,5.5739,0.0126,0.0,0.0,0.0,5.573899999999999,0.0126,5.586499999999999,5.5909
700,2.7719,0.0062,2.7782,0.5001,0.997732344683608,0.0022316607875602907,157.3849,3.7973,0.0,0.0,0.0,157.38490000000002,3.7973000000000003,161.18220000000002,169.6853
701,7.554,0.0052,7.5592,1.3607,0.9993120965181501,0.0006879034818499312,400.9741,3.1887,0.0,0.0,0.0,400.97409999999996,3.1886999999999994,404.16279999999995,410.658
702,0.2101,0.0001,0.2102,0.0378,0.999524262607041,0.0004757373929590866,11.361,0.0592,0.0,0.0,0.0,11.360999999999995,0.059199999999999996,11.420199999999996,11.4221
703,3.1344,0.0032,3.1376,0.5648,0.9989801121876594,0.0010198878123406426,176.4348,1.9786,0.0,0.0,0.0,176.43480000000002,1.9786000000000001,178.41340000000002,184.9147
704,1.3323,0.0006,1.333,0.2399,0.9994748687171794,0.00045011252813203297,74.5755,0.3813,0.0,0.0,0.0,74.5755,0.3813,74.9568,74.9525
705,0.4497,0.0001,0.4498,0.081,0.9997776789684304,0.0002223210315695865,26.9797,0.0787,0.0,0.0,0.0,26.97970000000001,0.0787,27.05840000000001,28.0553
706,6.9923,0.0086,7.0009,1.2602,0.9987715865103058,0.0012284134896941822,378.2217,5.1494,0.0,0.0,0.0,378.22169999999994,5.149400000000001,383.37109999999996,392.3682
707,3.1691,0.0138,3.1829,0.5729,0.9956643312702251,0.004335668729774734,172.7772,9.2302,0.0,0.0,0.0,172.77720000000008,9.230199999999998,182.00740000000008,189.5076
708,0.3976,0.0001,0.3977,0.0716,0.9997485541865728,0.00025144581342720644,21.9796,0.0534,0.0,0.0,0.0,21.979600000000005,0.05339999999999999,22.033000000000005,22.0289
709,3.4015,0.0026,3.4041,0.6127,0.9992362151523163,0.0007637848476836755,181.082,1.614,0.0,0.0,0.0,181.082,1.614,182.696,184.194
710,3.1075,0.0054,3.1129,0.5603,0.9982652831764594,0.00173471682354075,176.902,3.3548,0.0,0.0,0.0,176.902,3.3548,180.2568,186.7595
711,0.2595,0.0001,0.2595,0.0467,1.0,0.0003853564547206166,15.5691,0.0354,0.0,0.0,0.0,15.569099999999999,0.035399999999999994,15.604499999999998,15.6084
712,2.8073,0.0011,2.8084,0.5055,0.9996083179034326,0.0003916820965674406,160.0462,0.6846,0.0,0.0,0.0,160.04619999999997,0.6846000000000001,160.73079999999996,171.2302
713,0.3288,0.0,0.3288,0.0592,1.0,0.0,19.0907,0.0292,0.0,0.0,0.0,19.090700000000002,0.0292,19.1199,20.6153
714,5.6357,0.0141,5.6499,1.017,0.9974866811801979,0.002495619391493655,310.2284,8.5107,0.0,0.0,0.0,310.2284,8.5107,318.7391,332.7399
715,5.9285,0.0158,5.9442,1.07,0.9973587698933413,0.002658053228357054,341.0921,10.4424,0.0,0.0,0.0,341.0921,10.442400000000001,351.53450000000004,358.5353
716,3.4331,0.0038,3.437,0.6187,0.9988652894966541,0.0011056153622345068,182.1098,2.3663,0.0,0.0,0.0,182.10980000000004,2.3663,184.47610000000003,193.4731
717,0.3158,0.0,0.3158,0.0568,1.0,0.0,17.4814,0.0149,0.0,0.0,0.0,17.4814,0.0149,17.4963,17.4925
718,0.2078,0.0001,0.2079,0.0374,0.9995189995189996,0.000481000481000481,10.9916,0.0434,0.0,0.0,0.0,10.9916,0.0434,11.035,11.0349
719,1.366,0.0003,1.3663,0.2459,0.9997804288955574,0.00021957110444265532,75.8548,0.2081,0.0,0.0,0.0,75.85480000000001,0.2081,76.06290000000001,76.5583
720,4.2045,0.0113,4.2158,0.7588,0.9973196071919922,0.00268039280800797,231.4814,7.515,0.0,0.0,0.0,231.48139999999992,7.515,238.9963999999999,242.4976
721,4.3382,0.015,4.3533,0.7836,0.9965313670089356,0.0034456619116532286,238.6889,8.7561,0.0,0.0,0.0,238.6889,8.7561,247.445,254.44
722,0.3578,0.0,0.3578,0.0644,1.0,0.0,20.1523,0.0187,0.0,0.0,0.0,20.152300000000004,0.018700000000000005,20.171000000000003,20.1742
723,6.8951,0.0058,6.9009,1.2422,0.9991595299163878,0.0008404700836122824,363.0821,3.6963,0.0,0.0,0.0,363.08209999999997,3.6962999999999995,366.7784,372.2786
724,0.2356,0.0,0.2356,0.0424,1.0,0.0,12.9797,0.0093,0.0,0.0,0.0,12.979699999999996,0.0093,12.988999999999995,12.9937
725,2.4094,0.0054,2.4148,0.4347,0.9977637899619016,0.002236210038098393,141.9019,3.4533,0.0,0.0,0.0,141.90189999999993,3.4533,145.35519999999994,155.3569
726,5.0571,0.0026,5.0597,0.9107,0.9994861355416329,0.0005138644583670968,291.5457,1.6243,0.0,0.0,0.0,291.5457,1.6243,293.17,299.1671
727,3.5096,0.0155,3.5251,0.6345,0.99560296161811,0.0043970383818898754,191.5692,9.8662,0.0,0.0,0.0,191.5692000000001,9.8662,201.4354000000001,205.9383
728,4.61,0.0026,4.6126,0.8303,0.9994363265837056,0.0005636734162944977,244.53,1.5996,0.0,0.0,0.0,244.52999999999994,1.5996,246.12959999999995,253.6313
729,0.3289,0.0,0.329,0.0592,0.9996960486322188,0.0,17.9828,0.0222,0.0,0.0,0.0,17.9828,0.022200000000000004,18.005000000000003,18.5028
730,0.5055,0.0002,0.5057,0.091,0.9996045086019377,0.0003954913980620921,28.0598,0.1327,0.0,0.0,0.0,28.059799999999996,0.13269999999999996,28.192499999999995,29.1966
731,1.0485,0.0003,1.0487,0.1888,0.9998092876895204,0.0002860684657194622,60.1713,0.1727,0.0,0.0,0.0,60.17129999999999,0.17270000000000002,60.34399999999999,60.3396
732,0.2097,0.0001,0.2098,0.0378,0.9995233555767398,0.0004766444232602479,11.7938,0.0585,0.0,0.0,0.0,11.793800000000001,0.058499999999999996,11.852300000000001,11.8514
733,1.4784,0.0013,1.4797,0.2663,0.9991214435358519,0.0008785564641481381,79.0818,0.7933,0.0,0.0,0.0,79.08180000000002,0.7932999999999998,79.87510000000002,83.8777
734,0.5069,0.0,0.5069,0.0912,1.0,0.0,26.0667,0.0142,0.0,0.0,0.0,26.0667,0.014199999999999999,26.0809,26.0783
735,3.2702,0.0005,3.2707,0.5887,0.9998471275262176,0.00015287247378237075,174.2212,0.2995,0.0,0.0,0.0,174.2212,0.29949999999999993,174.5207,179.5181
736,0.3993,0.0002,0.3995,0.0719,0.9994993742177721,0.0005006257822277847,21.9347,0.1006,0.0,0.0,0.0,21.934699999999992,0.1006,22.035299999999992,22.0402
737,0.3738,0.0,0.3739,0.0673,0.9997325488098422,0.0,20.6465,0.0137,0.0,0.0,0.0,20.646499999999996,0.0137,20.660199999999996,20.6591
738,2.395,0.0021,2.3971,0.4315,0.999123941429227,0.0008760585707730174,131.6613,1.2856,0.0,0.0,0.0,131.6613,1.2856000000000003,132.9469,137.4462
739,1.5394,0.002,1.5414,0.2774,0.9987024782665109,0.0012975217334890358,89.6548,1.2679,0.0,0.0,0.0,89.65480000000001,1.2679,90.9227,92.9234
740,0.4037,0.0,0.4037,0.0727,1.0,0.0,22.7073,0.0179,0.0,0.0,0.0,22.7073,0.017900000000000003,22.7252,22.7289
741,0.2195,0.0001,0.2196,0.0395,0.9995446265938069,0.0004553734061930784,12.6888,0.035,0.0,0.0,0.0,12.6888,0.035,12.7238,12.7201
742,3.2603,0.0194,3.2797,0.5903,0.9940848248315395,0.00591517516846053,186.8935,11.6963,0.0,0.0,0.0,186.8935,11.6963,198.5898,211.5882
743,5.0404,0.0021,5.0425,0.9076,0.9995835399107584,0.0004164600892414476,278.7772,1.3459,0.0,0.0,0.0,278.77720000000005,1.3459,280.1231,284.6262
744,0.9706,0.0002,0.9708,0.1747,0.9997939843428101,0.00020601565718994644,50.6805,0.1265,0.0,0.0,0.0,50.680499999999995,0.1265,50.806999999999995,50.8099
745,2.9992,0.0021,3.0014,0.5402,0.9992670087292598,0.0006996734857066702,164.0907,1.4371,0.0,0.0,0.0,164.09069999999997,1.4371,165.52779999999996,169.0259
746,1.4431,0.0005,1.4436,0.2599,0.9996536436686063,0.0003463563313937379,74.9984,0.3115,0.0,0.0,0.0,74.99839999999998,0.31150000000000005,75.30989999999997,75.314
747,0.4331,0.0,0.4331,0.078,1.0,0.0,23.6611,0.0097,0.0,0.0,0.0,23.66109999999999,0.0097,23.67079999999999,24.1718
748,0.4964,0.0002,0.4966,0.0894,0.9995972613773662,0.0004027386226339106,28.9019,0.1006,0.0,0.0,0.0,28.90189999999999,0.10060000000000001,29.00249999999999,29.0028
749,0.0906,0.0,0.0907,0.0163,0.9988974641675854,0.0,5.0461,0.0081,0.0,0.0,0.0,5.0461,0.0081,5.0542,5.0517
750,0.5517,0.0,0.5518,0.0993,0.9998187749184487,0.0,30.9739,0.0218,0.0,0.0,0.0,30.973899999999993,0.0218,30.995699999999992,30.9954
751,0.6846,0.0003,0.6849,0.1233,0.9995619798510732,0.0004380201489268506,39.5452,0.202,0.0,0.0,0.0,39.5452,0.202,39.7472,39.7459
752,0.5057,0.0001,0.5057,0.091,1.0,0.00019774569903104606,27.7949,0.0572,0.0,0.0,0.0,27.7949,0.0572,27.8521,28.8503
753,0.4723,0.0002,0.4725,0.0851,0.9995767195767197,0.0004232804232804233,25.5737,0.1116,0.0,0.0,0.0,25.573700000000006,0.11159999999999998,25.685300000000005,25.6862
754,1.9905,0.0012,1.9917,0.3585,0.9993974996234373,0.0006025003765627353,111.1918,0.7465,0.0,0.0,0.0,111.19180000000003,0.7465,111.93830000000003,116.9347
755,5.0129,0.0192,5.0321,0.9058,0.996184495538642,0.003815504461358081,281.3636,12.2507,0.0,0.0,0.0,281.36359999999996,12.250700000000002,293.61429999999996,301.6094
756,0.515,0.0001,0.5151,0.0927,0.9998058629392351,0.00019413706076490002,27.9795,0.099,0.0,0.0,0.0,27.97950000000001,0.09899999999999999,28.07850000000001,29.5821
757,2.572,0.0023,2.5743,0.4634,0.9991065532377734,0.0008934467622266247,142.1814,1.3648,0.0,0.0,0.0,142.18140000000002,1.3648000000000002,143.54620000000003,150.5467
758,0.828,0.0001,0.8281,0.1491,0.9998792416374834,0.00012075836251660429,44.7673,0.085,0.0,0.0,0.0,44.767300000000006,0.085,44.85230000000001,46.3474
759,1.6232,0.0005,1.6237,0.2923,0.9996920613413808,0.00030793865861920307,90.9826,0.3262,0.0,0.0,0.0,90.9826,0.3262,91.3088,91.3127
760,4.9828,0.0203,5.0032,0.9006,0.995922609529901,0.004057403261912376,293.182,12.745,0.0,0.0,0.0,293.182,12.745000000000001,305.927,316.4227
761,0.3308,0.0003,0.3311,0.0596,0.9990939293264874,0.0009060706735125339,18.9797,0.1932,0.0,0.0,0.0,18.979700000000005,0.19319999999999998,19.172900000000006,19.173
762,0.5131,0.0002,0.5133,0.0924,0.9996103643093708,0.00038963569062926167,26.6658,0.1445,0.0,0.0,0.0,26.665799999999987,0.1445,26.810299999999987,26.813
763,0.2804,0.0006,0.2809,0.0506,0.9982200071199715,0.002135991456034176,16.333,0.3592,0.0,0.0,0.0,16.332999999999995,0.35919999999999996,16.692199999999996,17.6961
764,7.1239,0.0198,7.1436,1.2859,0.9972422868021725,0.0027717117419788343,379.7217,12.9076,0.0,0.0,0.0,379.72170000000006,12.907600000000002,392.62930000000006,400.1277
765,0.6725,0.0001,0.6726,0.1211,0.9998513232233125,0.00014867677668748143,37.1477,0.0572,0.0,0.0,0.0,37.14770000000001,0.057199999999999994,37.20490000000001,37.2064
766,0.925,0.0004,0.9254,0.1666,0.9995677544845473,0.0004322455154527772,48.5293,0.2338,0.0,0.0,0.0,48.52930000000001,0.23379999999999998,48.763100000000016,49.2643
767,1.4891,0.0012,1.4903,0.2683,0.9991947929946992,0.000805207005300946,86.5453,0.7741,0.0,0.0,0.0,86.5453,0.7741,87.3194,90.315
768,0.5046,0.0001,0.5046,0.0908,1.0,0.00019817677368212444,26.8547,0.0537,0.0,0.0,0.0,26.85469999999999,0.0537,26.90839999999999,27.4132
769,1.4179,0.001,1.4189,0.2554,0.9992952286982874,0.0007047713017125942,80.2283,0.6292,0.0,0.0,0.0,80.22829999999999,0.6292,80.85749999999999,82.3613
770,6.3348,0.02,6.3549,1.1439,0.9968370863428222,0.0031471777683362446,337.0826,12.44,0.0,0.0,0.0,337.0825999999999,12.440000000000001,349.5225999999999,357.0268
771,0.5308,0.0001,0.5309,0.0956,0.9998116406102845,0.0001883593897155773,30.1101,0.0672,0.0,0.0,0.0,30.110099999999992,0.06720000000000001,30.177299999999992,30.1729
772,0.552,0.0,0.552,0.0994,1.0,0.0,28.6659,0.0184,0.0,0.0,0.0,28.66589999999999,0.018399999999999996,28.68429999999999,28.6828
773,3.5774,0.0173,3.5947,0.647,0.9951873591676634,0.004812640832336495,205.6658,11.1052,0.0,0.0,0.0,205.6658,11.1052,216.771,228.2735
774,3.1924,0.0038,3.1962,0.5753,0.9988110881671985,0.0011889118328014517,165.8886,2.442,0.0,0.0,0.0,165.8886,2.442,168.3306,170.8291
775,2.4608,0.0024,2.4632,0.4434,0.9990256576810652,0.0009743423189347189,134.1842,1.3661,0.0,0.0,0.0,134.18419999999998,1.3661,135.55029999999996,137.5546
776,0.9338,0.0003,0.9341,0.1681,0.9996788352424794,0.000321164757520608,51.3276,0.1649,0.0,0.0,0.0,51.327600000000004,0.16489999999999996,51.49250000000001,52.4938
777,0.9803,0.0003,0.9806,0.1765,0.99969406485825,0.000305935141749949,57.5452,0.2029,0.0,0.0,0.0,57.545199999999994,0.2029,57.748099999999994,58.2436
778,1.1004,0.0002,1.1007,0.1981,0.9997274461706187,0.00018170255292086854,60.2742,0.1325,0.0,0.0,0.0,60.274199999999986,0.1325,60.40669999999999,61.9042
779,3.9316,0.0158,3.9474,0.7105,0.9959973653544105,0.004002634645589503,215.6611,10.1039,0.0,0.0,0.0,215.66110000000003,10.103900000000001,225.76500000000004,231.2608
780,0.4709,0.0001,0.4711,0.0848,0.999575461685417,0.00021226915729144556,25.9796,0.0892,0.0,0.0,0.0,25.97960000000001,0.08920000000000002,26.06880000000001,27.0668
781,0.3154,0.0,0.3154,0.0568,1.0,0.0,17.3778,0.0254,0.0,0.0,0.0,17.3778,0.025399999999999992,17.403200000000002,17.4011
782,1.3584,0.0007,1.3592,0.2447,0.9994114184814598,0.0005150088287227781,77.7949,0.4549,0.0,0.0,0.0,77.79490000000001,0.45489999999999997,78.24980000000001,82.2519
783,0.4145,0.0001,0.4147,0.0746,0.9995177236556546,0.00024113817217265494,23.5544,0.0674,0.0,0.0,0.0,23.554399999999998,0.0674,23.621799999999997,23.6259
784,0.2015,0.0004,0.2019,0.0363,0.9980188211986133,0.0019811788013868255,11.8935,0.2542,0.0,0.0,0.0,11.893500000000007,0.2542,12.147700000000007,13.1455
785,6.7161,0.018,6.7341,1.2121,0.9973270370205373,0.0026729629794627345,363.1102,11.47,0.0,0.0,0.0,363.1101999999999,11.47,374.58019999999993,384.078
786,0.2369,0.0,0.237,0.0427,0.99957805907173,0.0,14.2156,0.0307,0.0,0.0,0.0,14.215599999999995,0.0307,14.246299999999994,14.2487
787,5.4629,0.0129,5.4758,0.9856,0.9976441798458674,0.00235582015413273,299.4812,8.7288,0.0,0.0,0.0,299.4812,8.728799999999998,308.21,315.7119
788,3.4275,0.0096,3.4371,0.6187,0.9972069477175526,0.0027930522824474117,177.6364,5.9772,0.0,0.0,0.0,177.63639999999995,5.977200000000002,183.61359999999996,192.6177
789,0.1611,0.0002,0.1612,0.029,0.9993796526054589,0.0012406947890818859,9.0599,0.1059,0.0,0.0,0.0,9.059899999999999,0.10589999999999998,9.165799999999999,10.1658
790,0.35,0.0002,0.3502,0.063,0.9994288977727012,0.0005711022272986865,19.6365,0.1048,0.0,0.0,0.0,19.636499999999995,0.1048,19.741299999999995,19.7399
791,2.1894,0.0109,2.2003,0.3961,0.9950461300731719,0.00495386992682816,121.6365,6.807,0.0,0.0,0.0,121.63649999999996,6.8069999999999995,128.44349999999994,132.4419
792,2.5258,0.0029,2.5287,0.4552,0.9988531656582432,0.0011468343417566336,146.7341,1.8104,0.0,0.0,0.0,146.7341,1.8103999999999996,148.5445,154.0473
793,1.5344,0.0009,1.5353,0.2764,0.9994137953494431,0.0005862046505568944,90.9987,0.5693,0.0,0.0,0.0,90.99869999999999,0.5693,91.56799999999998,94.0697
794,0.1515,0.0,0.1515,0.0273,1.0,0.0,8.1819,0.0106,0.0,0.0,0.0,8.181899999999999,0.010599999999999998,8.192499999999999,8.1931
795,0.3785,0.0001,0.3786,0.0681,0.9997358689910196,0.0002641310089804543,21.8695,0.0586,0.0,0.0,0.0,21.869499999999995,0.058600000000000006,21.928099999999993,21.9325
796,0.8749,0.0005,0.8754,0.1576,0.999428832533699,0.0005711674663011195,49.3103,0.3057,0.0,0.0,0.0,49.310299999999984,0.3057,49.615999999999985,51.6117
797,0.3567,0.0001,0.3568,0.0642,0.9997197309417041,0.0002802690582959641,20.2743,0.0698,0.0,0.0,0.0,20.2743,0.06979999999999999,20.3441,20.3404
798,0.29,0.0001,0.2902,0.0522,0.9993108201240523,0.00034458993797381116,15.9913,0.0876,0.0,0.0,0.0,15.9913,0.08760000000000001,16.0789,16.0831
799,0.3658,0.0002,0.366,0.0659,0.9994535519125683,0.000546448087431694,19.9344,0.1078,0.0,0.0,0.0,19.934399999999997,0.10779999999999999,20.042199999999998,20.5383
800,0.3048,0.0001,0.305,0.0549,0.999344262295082,0.0003278688524590164,16.3248,0.0654,0.0,0.0,0.0,16.324800000000003,0.06539999999999999,16.390200000000004,16.3862
801,4.3551,0.0042,4.3593,0.7847,0.9990365425641732,0.0009634574358268528,237.5756,2.7545,0.0,0.0,0.0,237.57559999999998,2.7544999999999997,240.3301,252.3284
802,0.7879,0.0003,0.7881,0.1419,0.9997462250983378,0.0003806623524933384,42.8885,0.1658,0.0,0.0,0.0,42.88849999999999,0.1658,43.05429999999999,43.551
803,3.3443,0.0023,3.3466,0.6024,0.9993127353134524,0.0006872646865475408,187.8886,1.4011,0.0,0.0,0.0,187.88859999999997,1.4010999999999998,189.28969999999998,195.2865
804,4.1477,0.0225,4.1702,0.7506,0.9946045753201286,0.005395424679871468,221.2741,14.4102,0.0,0.0,0.0,221.27409999999995,14.410199999999998,235.68429999999995,245.1846
805,3.389,0.004,3.3929,0.6107,0.9988505408352736,0.0011789324766424004,180.655,2.394,0.0,0.0,0.0,180.65499999999994,2.394,183.04899999999995,193.0538
806,1.6739,0.0013,1.6752,0.3015,0.9992239732569245,0.0007760267430754537,97.1478,0.8535,0.0,0.0,0.0,97.14780000000002,0.8534999999999999,98.00130000000001,101.9968
807,2.4525,0.0024,2.4549,0.4419,0.9990223634363926,0.0009776365636074789,133.6552,1.494,0.0,0.0,0.0,133.6552,1.4940000000000002,135.1492,138.1537
808,0.7031,0.0002,0.7034,0.1266,0.9995735001421665,0.0002843332385555871,36.9798,0.1468,0.0,0.0,0.0,36.9798,0.14679999999999999,37.126599999999996,37.6251
809,0.7035,0.0001,0.7036,0.1266,0.9998578737919273,0.00014212620807276864,39.2284,0.0315,0.0,0.0,0.0,39.2284,0.0315,39.2599,39.2587
810,2.2691,0.0037,2.2729,0.4091,0.9983281270623432,0.0016278762814026136,125.138,2.4155,0.0,0.0,0.0,125.13799999999998,2.4154999999999998,127.55349999999997,131.0559
811,2.2719,0.0019,2.2739,0.4093,0.9991204538458156,0.0008355688464752189,129.5299,1.1868,0.0,0.0,0.0,129.52989999999997,1.1868,130.71669999999997,137.2214
812,1.4258,0.0009,1.4267,0.2568,0.9993691736174387,0.0006308263825611551,80.8545,0.5449,0.0,0.0,0.0,80.85450000000002,0.5449,81.39940000000001,82.404
813,1.3969,0.0009,1.3977,0.2516,0.9994276311082493,0.000643915003219575,78.5742,0.5511,0.0,0.0,0.0,78.57420000000003,0.5511,79.12530000000004,81.1303
814,6.4715,0.0141,6.4856,1.1674,0.997825952880227,0.002174047119773036,349.9985,9.3291,0.0,0.0,0.0,349.9985000000001,9.3291,359.3276000000001,365.8234
815,4.186,0.0036,4.1896,0.7541,0.9991407294252433,0.0008592705747565399,229.5691,2.329,0.0,0.0,0.0,229.5691000000001,2.3289999999999997,231.8981000000001,240.8955
816,0.3159,0.0001,0.316,0.0569,0.9996835443037975,0.00031645569620253165,17.0588,0.0614,0.0,0.0,0.0,17.058799999999998,0.0614,17.120199999999997,17.1158
817,0.7698,0.0013,0.7711,0.1388,0.9983140967449099,0.001685903255090131,41.9911,0.7924,0.0,0.0,0.0,41.991099999999996,0.7923999999999999,42.7835,49.2823
818,0.2053,0.0,0.2053,0.037,1.0,0.0,11.7933,0.0167,0.0,0.0,0.0,11.793300000000002,0.0167,11.810000000000002,12.3088
819,3.3416,0.0034,3.3449,0.6021,0.9990134234207301,0.00101647283924781,180.1196,2.1093,0.0,0.0,0.0,180.1196,2.1093,182.22889999999998,189.7335
820,0.4591,0.0,0.4592,0.0827,0.9997822299651569,0.0,24.1479,0.0247,0.0,0.0,0.0,24.147900000000007,0.0247,24.172600000000006,24.1731
821,5.779,0.0079,5.7869,1.0416,0.9986348476731929,0.0013651523268070989,307.7675,4.9488,0.0,0.0,0.0,307.76750000000004,4.9488,312.71630000000005,319.7159
822,0.3453,0.0,0.3453,0.0622,1.0,0.0,18.6465,0.0108,0.0,0.0,0.0,18.646499999999996,0.0108,18.657299999999996,18.66
823,0.4896,0.0003,0.4899,0.0882,0.9993876301285977,0.0006123698714023269,26.1842,0.1866,0.0,0.0,0.0,26.184200000000008,0.1866,26.370800000000006,26.3695
824,3.611,0.0193,3.6304,0.6535,0.9946562362274131,0.005316218598501543,190.9343,11.9457,0.0,0.0,0.0,190.9343,11.9457,202.88,211.8828
825,1.4482,0.0004,1.4485,0.2607,0.9997928891957197,0.00027614773904038664,77.689,0.2286,0.0,0.0,0.0,77.68900000000001,0.22860000000000003,77.91760000000001,82.4175
826,6.8227,0.023,6.8457,1.2322,0.9966402267116584,0.0033597732883415866,361.0911,14.1844,0.0,0.0,0.0,361.0911,14.184400000000002,375.27549999999997,381.7707
827,0.6501,0.0002,0.6503,0.117,0.9996924496386284,0.00030755036137167463,36.3846,0.1171,0.0,0.0,0.0,36.384600000000006,0.1171,36.50170000000001,37.4989
828,1.7035,0.0006,1.7041,0.3067,0.9996479079866205,0.0003520920133794965,98.9347,0.3651,0.0,0.0,0.0,98.9347,0.3650999999999999,99.2998,100.3024
829,0.1986,0.0002,0.1988,0.0358,0.9989939637826961,0.001006036217303823,10.7948,0.1282,0.0,0.0,0.0,10.794800000000002,0.1282,10.923000000000002,10.9254
830,0.8433,0.0009,0.8442,0.152,0.9989339019189767,0.0010660980810234541,47.2215,0.5307,0.0,0.0,0.0,47.22149999999999,0.5307,47.752199999999995,56.2557
831,1.2549,0.0007,1.2556,0.226,0.9994424976107039,0.0005575023892959541,65.5855,0.4297,0.0,0.0,0.0,65.5855,0.4296999999999999,66.0152,67.0195
832,0.3384,0.0001,0.3385,0.0609,0.9997045790251107,0.0002954209748892171,17.777,0.0328,0.0,0.0,0.0,17.777,0.032799999999999996,17.809800000000003,17.8139
833,6.9015,0.0197,6.9212,1.2458,0.9971536727735075,0.0028463272264925158,371.7674,11.9594,0.0,0.0,0.0,371.76740000000007,11.9594,383.7268000000001,392.7298
834,2.6269,0.0008,2.6277,0.473,0.9996955512425315,0.0003044487574685086,150.1522,0.4987,0.0,0.0,0.0,150.1522,0.4987000000000001,150.6509,150.6473
835,0.6862,0.0002,0.6863,0.1235,0.9998542911263296,0.0002914177473408131,39.6274,0.1204,0.0,0.0,0.0,39.62740000000001,0.12039999999999998,39.747800000000005,39.7455
836,3.3374,0.0015,3.3389,0.601,0.9995507502470874,0.00044924975291263586,187.0907,0.9249,0.0,0.0,0.0,187.09069999999997,0.9248999999999999,188.01559999999998,191.0189
837,1.4623,0.0007,1.463,0.2633,0.9995215311004784,0.00047846889952153106,84.5211,0.4565,0.0,0.0,0.0,84.52109999999999,0.4564999999999999,84.9776,85.9775
838,3.1712,0.0069,3.1781,0.5721,0.997828891476039,0.002171108523960857,174.0461,4.7022,0.0,0.0,0.0,174.04609999999997,4.702199999999999,178.74829999999997,188.2499
839,0.4254,0.0,0.4254,0.0766,1.0,0.0,22.7452,0.0115,0.0,0.0,0.0,22.745200000000004,0.0115,22.756700000000006,22.7518
840,3.0339,0.0056,3.0395,0.5471,0.9981575917091627,0.001842408290837309,166.0821,3.5006,0.0,0.0,0.0,166.0821,3.5005999999999995,169.5827,174.586
841,0.8033,0.0002,0.8034,0.1446,0.9998755290017426,0.00024894199651481205,45.5883,0.118,0.0,0.0,0.0,45.58829999999999,0.11800000000000001,45.70629999999999,45.702
842,1.147,0.0016,1.1486,0.2067,0.998606999825875,0.0013930001741250218,64.4544,1.0324,0.0,0.0,0.0,64.4544,1.0324,65.4868,66.985
843,0.4517,0.001,0.4527,0.0815,0.9977910315882483,0.002208968411751712,24.092,0.6352,0.0,0.0,0.0,24.091999999999988,0.6352,24.72719999999999,27.7245
844,2.1842,0.001,2.1852,0.3933,0.9995423759838917,0.00045762401610836536,113.6465,0.6329,0.0,0.0,0.0,113.64649999999997,0.6329000000000001,114.27939999999998,118.2757
845,1.5403,0.0017,1.542,0.2776,0.9988975356679637,0.0011024643320363165,81.8935,1.1263,0.0,0.0,0.0,81.89349999999999,1.1263,83.01979999999999,87.0241
846,4.6192,0.0086,4.6277,0.833,0.998163234436113,0.0018583745705209932,255.138,5.6271,0.0,0.0,0.0,255.13799999999995,5.6271,260.76509999999996,266.7618
847,0.3152,0.0,0.3152,0.0567,1.0,0.0,18.319,0.022,0.0,0.0,0.0,18.319000000000003,0.022,18.341,18.3431
848,1.5684,0.001,1.5694,0.2825,0.9993628138141966,0.0006371861858034918,85.9741,0.6461,0.0,0.0,0.0,85.97409999999999,0.6460999999999999,86.6202,90.6225
849,0.651,0.0003,0.6513,0.1172,0.9995393827729158,0.0004606172270842929,34.8182,0.1923,0.0,0.0,0.0,34.818200000000004,0.19230000000000003,35.01050000000001,35.5083
850,4.4183,0.0087,4.427,0.7969,0.9980347865371585,0.0019652134628416534,248.6153,5.4988,0.0,0.0,0.0,248.61530000000008,5.4988,254.11410000000006,258.6129
851,5.7776,0.0084,5.786,1.0415,0.9985482198409955,0.0014517801590044936,303.8885,5.1431,0.0,0.0,0.0,303.88849999999996,5.1431000000000004,309.03159999999997,315.0364
852,0.436,0.0001,0.4362,0.0785,0.9995414947271895,0.00022925263640531868,24.3328,0.0679,0.0,0.0,0.0,24.33280000000001,0.0679,24.40070000000001,24.4045
853,1.5886,0.003,1.5916,0.2865,0.9981151042975622,0.0018848957024377986,84.8936,1.9657,0.0,0.0,0.0,84.89359999999999,1.9657000000000002,86.85929999999999,90.8563
854,0.5353,0.0003,0.5356,0.0964,0.9994398805078417,0.0005601194921583271,29.5899,0.1898,0.0,0.0,0.0,29.5899,0.18979999999999997,29.7797,31.7773
855,0.6088,0.0003,0.6091,0.1096,0.9995074700377606,0.0004925299622393696,31.31,0.1957,0.0,0.0,0.0,31.310000000000002,0.19569999999999999,31.5057,31.5023
856,0.833,0.0005,0.8335,0.15,0.9994001199760048,0.0005998800239952009,46.707,0.3399,0.0,0.0,0.0,46.70700000000001,0.3399,47.04690000000001,51.5489
857,3.9052,0.0039,3.9091,0.7036,0.999002327901563,0.0009976720984369804,214.138,2.4176,0.0,0.0,0.0,214.13799999999998,2.4176,216.55559999999997,225.0552
858,0.1728,0.0,0.1729,0.0311,0.9994216310005785,0.0,8.8889,0.0164,0.0,0.0,0.0,8.8889,0.016399999999999998,8.9053,8.9064
859,2.8774,0.0037,2.8811,0.5186,0.9987157682829475,0.0012842317170525146,160.6658,2.2945,0.0,0.0,0.0,160.6658,2.2945,162.9603,166.458
860,2.075,0.0016,2.0766,0.3738,0.9992295097755948,0.0007704902244052779,108.9019,0.926,0.0,0.0,0.0,108.90190000000001,0.9259999999999999,109.82790000000001,115.3278
861,1.1336,0.0003,1.1339,0.2041,0.9997354264044449,0.0002645735955551636,64.0666,0.2199,0.0,0.0,0.0,64.0666,0.21990000000000004,64.28649999999999,64.282
862,4.3414,0.0033,4.3447,0.782,0.9992404538863444,0.0007595461136557186,244.53,2.1497,0.0,0.0,0.0,244.52999999999994,2.1496999999999997,246.67969999999994,251.1794
863,1.2105,0.0005,1.211,0.218,0.9995871180842277,0.00041288191577208916,63.5112,0.3335,0.0,0.0,0.0,63.51120000000002,0.3335,63.84470000000002,63.8406
864,0.7893,0.0003,0.7896,0.1421,0.9996200607902735,0.00037993920972644377,43.508,0.1843,0.0,0.0,0.0,43.507999999999996,0.18430000000000002,43.692299999999996,44.1964
865,0.3301,0.0,0.3302,0.0594,0.9996971532404604,0.0,18.6611,0.0094,0.0,0.0,0.0,18.661099999999998,0.0094,18.670499999999997,18.6707
866,1.6816,0.0018,1.6834,0.303,0.9989307354164192,0.0010692645835808483,95.4347,1.1717,0.0,0.0,0.0,95.43470000000003,1.1716999999999997,96.60640000000004,99.1041
867,2.3764,0.0027,2.379,0.4282,0.9989071038251366,0.0011349306431273644,125.795,1.751,0.0,0.0,0.0,125.79500000000002,1.7510000000000001,127.54600000000002,134.0491
868,2.4427,0.0012,2.4439,0.4399,0.9995089815458896,0.0004910184541102335,127.5082,0.7361,0.0,0.0,0.0,127.5082,0.7361,128.2443,128.2456
869,0.7902,0.0007,0.7908,0.1424,0.9992412746585737,0.0008851795649974709,43.3636,0.4383,0.0,0.0,0.0,43.3636,0.43829999999999997,43.801899999999996,44.302
870,1.8422,0.002,1.8441,0.3319,0.9989696871102435,0.0010845398839542323,103.1841,1.2208,0.0,0.0,0.0,103.18410000000003,1.2208,104.40490000000003,111.4019
871,0.1409,0.0,0.1409,0.0254,1.0,0.0,8.4545,0.0245,0.0,0.0,0.0,8.4545,0.024499999999999997,8.479,8.4801
872,0.158,0.0,0.158,0.0284,1.0,0.0,9.1919,0.0109,0.0,0.0,0.0,9.191899999999999,0.0109,9.202799999999998,9.7038
873,3.815,0.0138,3.8288,0.6892,0.9963957375679063,0.003604262432093606,211.4347,8.4876,0.0,0.0,0.0,211.43469999999996,8.487599999999999,219.92229999999995,228.4243
874,5.9485,0.0081,5.9566,1.0722,0.9986401638518618,0.0013598361481381995,332.1522,5.0545,0.0,0.0,0.0,332.1521999999999,5.0545,337.2066999999999,340.2062
875,0.8862,0.0003,0.8865,0.1596,0.9996615905245347,0.00033840947546531303,53.1713,0.1676,0.0,0.0,0.0,53.17129999999999,0.16759999999999997,53.33889999999999,53.3419
876,0.2228,0.0,0.2228,0.0401,1.0,0.0,12.655,0.0126,0.0,0.0,0.0,12.655000000000001,0.0126,12.667600000000002,12.6633
877,3.363,0.0112,3.3743,0.6074,0.9966511572770649,0.003319206946625967,187.5898,7.3523,0.0,0.0,0.0,187.58980000000003,7.3523,194.94210000000004,203.4389
878,0.6749,0.0002,0.6751,0.1215,0.9997037475929492,0.0002962524070508073,36.9345,0.1002,0.0,0.0,0.0,36.9345,0.10019999999999997,37.0347,37.0311
879,0.5275,0.0001,0.5276,0.095,0.9998104624715694,0.0001895375284306293,28.0823,0.0986,0.0,0.0,0.0,28.0823,0.0986,28.1809,28.6855
880,0.1832,0.0,0.1832,0.033,1.0,0.0,10.0922,0.0195,0.0,0.0,0.0,10.092200000000002,0.019499999999999997,10.111700000000003,10.1145
881,2.645,0.0024,2.6474,0.4765,0.9990934501775326,0.0009065498224673263,146.6364,1.6098,0.0,0.0,0.0,146.63639999999998,1.6098,148.2462,151.7471
882,1.8544,0.0016,1.856,0.3341,0.9991379310344828,0.0008620689655172414,103.1194,0.9682,0.0,0.0,0.0,103.11939999999998,0.9682000000000001,104.08759999999998,106.0893
883,1.5897,0.0009,1.5906,0.2863,0.9994341757827234,0.0005658242172764995,90.046,0.5697,0.0,0.0,0.0,90.04599999999999,0.5697,90.61569999999999,94.1155
884,0.4753,0.0,0.4753,0.0856,1.0,0.0,27.3848,0.0062,0.0,0.0,0.0,27.384800000000006,0.0062,27.391000000000005,27.392
885,4.8488,0.0233,4.8721,0.877,0.9952176679460603,0.00478233205393978,259.3723,15.519,0.0,0.0,0.0,259.3723,15.519,274.8913,280.8906
886,3.7333,0.0189,3.7522,0.6754,0.994962955066361,0.005037044933638932,200.1817,11.6019,0.0,0.0,0.0,200.18170000000003,11.6019,211.78360000000004,224.7871
887,0.5508,0.0,0.5509,0.0992,0.9998184788527864,0.0,32.3635,0.0184,0.0,0.0,0.0,32.36350000000001,0.0184,32.38190000000001,32.3836
888,0.3304,0.0003,0.3307,0.0595,0.9990928333837316,0.0009071666162685213,17.9795,0.1942,0.0,0.0,0.0,17.9795,0.19419999999999998,18.1737,18.1695
889,0.2604,0.0001,0.2604,0.0469,1.0,0.00038402457757296467,13.909,0.0556,0.0,0.0,0.0,13.908999999999997,0.0556,13.964599999999997,13.9648
890,1.6098,0.002,1.6118,0.2901,0.9987591512594615,0.0012408487405385284,85.3837,1.1849,0.0,0.0,0.0,85.3837,1.1849,86.5686,88.065
891,0.5838,0.0003,0.5842,0.1052,0.999315302978432,0.000513522766175967,31.3844,0.2164,0.0,0.0,0.0,31.384400000000007,0.2164,31.600800000000007,32.5982
892,1.1552,0.0052,1.1604,0.2089,0.9955187866253016,0.0044812133746983795,59.9914,3.2604,0.0,0.0,0.0,59.991400000000006,3.2603999999999997,63.2518,65.752
893,0.9074,0.0008,0.9083,0.1635,0.9990091379500164,0.0008807662666519872,52.6612,0.5395,0.0,0.0,0.0,52.661199999999994,0.5395000000000001,53.20069999999999,54.1997
894,3.8462,0.017,3.8632,0.6954,0.9955995030026921,0.004400496997307932,209.9829,10.8605,0.0,0.0,0.0,209.98289999999997,10.8605,220.84339999999997,227.845
895,0.3324,0.0,0.3324,0.0598,1.0,0.0,19.5087,0.0257,0.0,0.0,0.0,19.508699999999994,0.025699999999999994,19.534399999999994,19.5355
896,1.0386,0.0012,1.0398,0.1872,0.9988459319099826,0.001154068090017311,61.4547,0.7903,0.0,0.0,0.0,61.4547,0.7903,62.245000000000005,64.2477
897,0.5305,0.0003,0.5308,0.0955,0.9994348153730217,0.0005651846269781461,28.9342,0.1904,0.0,0.0,0.0,28.93419999999999,0.19039999999999999,29.12459999999999,29.1251
898,0.7476,0.0002,0.7478,0.1346,0.9997325488098422,0.00026745119015779623,40.7447,0.1265,0.0,0.0,0.0,40.744699999999995,0.1265,40.871199999999995,41.368
899,3.0797,0.0036,3.0833,0.555,0.9988324198099439,0.0011675801900561087,170.0761,2.0841,0.0,0.0,0.0,170.0761,2.0841,172.1602,176.1593
900,2.17,0.0034,2.1733,0.3912,0.9984815718032486,0.0015644411724106198,118.9092,2.0183,0.0,0.0,0.0,118.90919999999998,2.0183000000000004,120.92749999999998,126.9273
901,3.6593,0.0024,3.6618,0.6591,0.9993172756567809,0.0006554153694904145,208.6365,1.5596,0.0,0.0,0.0,208.63649999999998,1.5596,210.19609999999997,214.6974
902,2.3168,0.0013,2.318,0.4172,0.9994823123382227,0.0005608283002588438,124.655,0.7634,0.0,0.0,0.0,124.65500000000002,0.7633999999999999,125.41840000000002,134.4202
903,2.3091,0.0011,2.3102,0.4158,0.9995238507488529,0.00047614925114708684,121.6152,0.675,0.0,0.0,0.0,121.61519999999997,0.6750000000000002,122.29019999999997,126.7898
904,0.1895,0.0,0.1896,0.0341,0.9994725738396625,0.0,10.7928,0.0293,0.0,0.0,0.0,10.792800000000003,0.0293,10.822100000000002,10.8182
905,7.8152,0.0234,7.8386,1.411,0.9970147730462072,0.0029852269537927693,410.1705,14.4176,0.0,0.0,0.0,410.1704999999999,14.417600000000002,424.5880999999999,427.0931
906,1.0606,0.0121,1.0727,0.1931,0.988720052204717,0.01127994779528293,61.067,7.4524,0.0,0.0,0.0,61.067,7.4524,68.5194,72.023
907,3.5064,0.0023,3.5087,0.6316,0.9993444865619745,0.0006555134380254795,185.7673,1.504,0.0,0.0,0.0,185.76730000000003,1.504,187.27130000000002,191.274
908,1.2535,0.0009,1.2544,0.2258,0.9992825255102041,0.0007174744897959184,67.6152,0.5571,0.0,0.0,0.0,67.6152,0.5571,68.1723,74.1711
909,0.9562,0.0005,0.9567,0.1722,0.9994773701264765,0.0005226298735235706,52.7771,0.2971,0.0,0.0,0.0,52.777100000000004,0.2971,53.074200000000005,54.0753
910,2.494,0.0095,2.5035,0.4506,0.9962053125624127,0.003794687437587378,134.5755,5.8496,0.0,0.0,0.0,134.57549999999998,5.8496,140.4251,155.4282
911,0.3273,0.0001,0.3273,0.0589,1.0,0.0003055300947143294,16.9827,0.0386,0.0,0.0,0.0,16.9827,0.0386,17.0213,18.5194
912,0.4273,0.0,0.4273,0.0769,1.0,0.0,25.0824,0.0112,0.0,0.0,0.0,25.0824,0.011199999999999998,25.0936,25.0973
913,0.7933,0.0004,0.7938,0.1429,0.9993701184177375,0.0005039052658100278,42.9984,0.2812,0.0,0.0,0.0,42.9984,0.2812,43.279599999999995,45.2835
914,0.6838,0.0001,0.6839,0.1231,0.9998537797923673,0.00014622020763269486,40.0822,0.0511,0.0,0.0,0.0,40.08219999999999,0.0511,40.13329999999999,40.136
915,0.3702,0.0,0.3703,0.0666,0.999729948690251,0.0,21.0921,0.0195,0.0,0.0,0.0,21.092099999999995,0.0195,21.111599999999996,21.112
916,0.5694,0.0001,0.5694,0.1025,1.0,0.00017562346329469617,32.6805,0.0314,0.0,0.0,0.0,32.680499999999995,0.0314,32.71189999999999,34.7126
917,3.3216,0.0014,3.323,0.5981,0.9995786939512489,0.0004213060487511285,180.6888,0.8796,0.0,0.0,0.0,180.68879999999996,0.8795999999999998,181.56839999999997,184.0645
918,2.7871,0.0008,2.7878,0.5018,0.9997489059473421,0.0002869646316091542,151.902,0.4481,0.0,0.0,0.0,151.902,0.44809999999999994,152.3501,156.85
919,0.3743,0.0,0.3744,0.0674,0.999732905982906,0.0,20.6274,0.0154,0.0,0.0,0.0,20.627399999999998,0.0154,20.642799999999998,20.6386
920,5.8494,0.0183,5.8677,1.0562,0.9968812311467866,0.0031187688532133546,308.6152,11.3574,0.0,0.0,0.0,308.6152000000001,11.357399999999998,319.97260000000006,327.4757
921,0.8836,0.0005,0.8841,0.1591,0.9994344531161634,0.0005655468838366701,50.9827,0.3098,0.0,0.0,0.0,50.9827,0.30979999999999996,51.292500000000004,53.2932
922,0.588,0.0,0.588,0.1058,1.0,0.0,33.2956,0.0113,0.0,0.0,0.0,33.29559999999999,0.0113,33.30689999999999,33.3092
923,1.0376,0.0002,1.0378,0.1868,0.9998072846405859,0.0001927153594141453,59.0823,0.1277,0.0,0.0,0.0,59.08229999999999,0.12769999999999998,59.20999999999999,60.2081
924,1.6329,0.0016,1.6345,0.2942,0.9990211073722851,0.0009788926277148975,88.666,0.9744,0.0,0.0,0.0,88.666,0.9743999999999998,89.6404,92.6403
925,0.388,0.0001,0.3881,0.0699,0.999742334449884,0.0002576655501159495,21.9795,0.0801,0.0,0.0,0.0,21.979500000000005,0.08009999999999999,22.059600000000007,22.0639
926,1.8987,0.0012,1.9,0.342,0.9993157894736843,0.0006315789473684211,99.9091,0.7584,0.0,0.0,0.0,99.9091,0.7584000000000001,100.66749999999999,102.6669
927,0.5066,0.0001,0.5067,0.0912,0.9998026445628577,0.00019735543714229325,29.9092,0.0564,0.0,0.0,0.0,29.909199999999995,0.0564,29.965599999999995,29.9618
928,2.7888,0.0036,2.7924,0.5026,0.9987107864202837,0.0012892135797163728,156.5896,2.2038,0.0,0.0,0.0,156.58960000000002,2.2037999999999998,158.79340000000002,164.2921
929,0.4774,0.0004,0.4778,0.086,0.9991628296358309,0.0008371703641691084,27.1381,0.2529,0.0,0.0,0.0,27.1381,0.2529,27.391000000000002,27.8861
930,0.3464,0.0001,0.3465,0.0624,0.9997113997113998,0.00028860028860028865,19.9019,0.0662,0.0,0.0,0.0,19.901899999999998,0.06620000000000001,19.968099999999996,19.9707
931,5.7826,0.0194,5.802,1.0444,0.9966563254050329,0.003343674594967253,324.0908,11.7352,0.0,0.0,0.0,324.0908,11.7352,335.826,350.3211
932,2.397,0.013,2.41,0.4338,0.9946058091286306,0.005394190871369294,137.8935,8.1706,0.0,0.0,0.0,137.8935,8.1706,146.0641,155.0621
933,1.556,0.0007,1.5567,0.2802,0.9995503308280337,0.00044966917196633904,90.5082,0.4594,0.0,0.0,0.0,90.50820000000002,0.4594,90.96760000000002,92.9651
934,0.2254,0.0,0.2254,0.0406,1.0,0.0,12.3833,0.0111,0.0,0.0,0.0,12.383299999999998,0.011099999999999999,12.3944,12.3938
935,1.0754,0.0013,1.0766,0.1938,0.9988853798996841,0.0012075051086754597,58.7216,0.828,0.0,0.0,0.0,58.72160000000001,0.828,59.54960000000001,60.5481
936,2.6779,0.0158,2.6937,0.4849,0.9941344618925642,0.005865538107435869,148.6613,10.2386,0.0,0.0,0.0,148.66130000000004,10.238599999999998,158.89990000000003,166.8993
937,0.5147,0.0001,0.5148,0.0927,0.9998057498057499,0.00019425019425019425,28.8548,0.0716,0.0,0.0,0.0,28.854799999999994,0.0716,28.926399999999994,28.9251
938,1.5359,0.001,1.5369,0.2766,0.9993493395796734,0.0006506604203266315,82.3326,0.6466,0.0,0.0,0.0,82.33259999999999,0.6466,82.97919999999999,85.9759
939,4.0276,0.0298,4.0574,0.7303,0.9926553950805933,0.007344604919406516,218.1705,17.8221,0.0,0.0,0.0,218.17050000000003,17.822100000000002,235.99260000000004,243.9931
940,3.9572,0.0237,3.981,0.7166,0.9940216026124089,0.005953278070836473,230.5853,14.4699,0.0,0.0,0.0,230.58530000000002,14.469900000000003,245.0552,255.0504
941,3.8063,0.0016,3.8079,0.6854,0.9995798208986579,0.000420179101341947,207.7337,0.9933,0.0,0.0,0.0,207.73370000000006,0.9933000000000002,208.72700000000006,214.2303
942,2.2198,0.0024,2.2222,0.4,0.9989199891998921,0.001080010800108001,126.9914,1.4737,0.0,0.0,0.0,126.99140000000003,1.4737,128.46510000000004,131.9692
943,4.9708,0.007,4.9777,0.896,0.9986138176266147,0.0014062719729995782,269.3246,4.1369,0.0,0.0,0.0,269.3246,4.1369,273.4615,284.4648
944,2.2549,0.0016,2.2565,0.4062,0.9992909372922668,0.0007090627077332152,123.5542,1.0718,0.0,0.0,0.0,123.55420000000001,1.0717999999999999,124.626,131.1276
945,2.0183,0.0064,2.0247,0.3644,0.9968390378821553,0.003160962117844619,115.5897,3.8424,0.0,0.0,0.0,115.58970000000002,3.8424000000000005,119.43210000000002,124.4351
946,0.2995,0.0,0.2996,0.0539,0.9996662216288384,0.0,16.2156,0.0297,0.0,0.0,0.0,16.2156,0.029700000000000004,16.245299999999997,16.2405
947,0.4803,0.0,0.4804,0.0865,0.9997918401332223,0.0,25.6611,0.018,0.0,0.0,0.0,25.661099999999987,0.018,25.679099999999988,27.6772
948,0.4897,0.0001,0.4898,0.0882,0.999795835034708,0.0002041649652919559,27.1706,0.0588,0.0,0.0,0.0,27.17059999999999,0.0588,27.22939999999999,27.2326
949,4.2087,0.0212,4.2299,0.7614,0.9949880611834796,0.005011938816520485,227.2953,13.1592,0.0,0.0,0.0,227.2953,13.159200000000002,240.4545,246.9567
950,1.7166,0.0006,1.7172,0.3091,0.9996505939902165,0.00034940600978336826,98.3102,0.4105,0.0,0.0,0.0,98.31019999999998,0.4105000000000001,98.72069999999998,101.7168
951,0.5444,0.0001,0.5445,0.098,0.9998163452708907,0.00018365472910927458,27.9986,0.0643,0.0,0.0,0.0,27.998599999999996,0.06430000000000001,28.062899999999996,28.0629
952,0.272,0.0001,0.2721,0.049,0.9996324880558618,0.0003675119441381845,15.569,0.0388,0.0,0.0,0.0,15.568999999999999,0.038799999999999994,15.6078,15.6096
953,0.2052,0.0,0.2052,0.0369,1.0,0.0,10.6551,0.019,0.0,0.0,0.0,10.655100000000001,0.019000000000000003,10.674100000000001,11.6758
954,4.5262,0.0168,4.543,0.8177,0.9963020030816642,0.003697996918335901,236.7878,10.1548,0.0,0.0,0.0,236.7878,10.1548,246.9426,253.9472
955,0.6454,0.0,0.6455,0.1162,0.9998450813323005,0.0,36.5882,0.0265,0.0,0.0,0.0,36.5882,0.026499999999999996,36.6147,36.6128
956,0.3525,0.0003,0.3527,0.0635,0.9994329458463282,0.0008505812305075134,20.1384,0.1654,0.0,0.0,0.0,20.1384,0.16540000000000002,20.303800000000003,20.8058
957,0.3414,0.0001,0.3415,0.0615,0.9997071742313323,0.00029282576866764275,19.655,0.0816,0.0,0.0,0.0,19.655,0.0816,19.736600000000003,20.239
958,2.1054,0.0096,2.115,0.3807,0.9954609929078013,0.004539007092198581,112.5691,5.6612,0.0,0.0,0.0,112.56909999999998,5.661199999999999,118.23029999999997,127.2327
959,0.3321,0.0002,0.3322,0.0598,0.9996989765201686,0.0006020469596628537,19.1196,0.1035,0.0,0.0,0.0,19.1196,0.1035,19.2231,19.7255
960,0.8112,0.0003,0.8115,0.1461,0.999630314232902,0.0003696857670979667,45.745,0.2106,0.0,0.0,0.0,45.745000000000005,0.2106,45.955600000000004,46.455
961,2.6765,0.0129,2.6894,0.4841,0.9952033910909496,0.004796608909050345,143.3843,8.3551,0.0,0.0,0.0,143.38430000000005,8.355099999999998,151.73940000000005,159.2362
962,0.3586,0.0,0.3586,0.0646,1.0,0.0,20.3844,0.0071,0.0,0.0,0.0,20.3844,0.0071,20.3915,20.3953
963,3.7289,0.0102,3.7391,0.673,0.997272070819181,0.0027279291808189137,216.274,6.2561,0.0,0.0,0.0,216.27399999999992,6.2561,222.53009999999992,227.5304
964,2.0657,0.0013,2.067,0.3721,0.9993710691823899,0.0006289308176100629,109.2952,0.8884,0.0,0.0,0.0,109.29520000000002,0.8883999999999999,110.18360000000003,112.6816
965,3.6779,0.0132,3.6911,0.6644,0.9964238302944922,0.0035761697055078433,206.902,8.1406,0.0,0.0,0.0,206.90199999999993,8.1406,215.04259999999994,225.5441
966,4.1709,0.012,4.1829,0.7529,0.9971311769346625,0.0028688230653374455,235.6865,7.9025,0.0,0.0,0.0,235.68649999999994,7.902500000000001,243.58899999999994,249.0847
967,0.4955,0.0002,0.4956,0.0892,0.9997982243744956,0.00040355125100887816,27.5455,0.1079,0.0,0.0,0.0,27.545500000000004,0.10790000000000001,27.653400000000005,27.6551
968,0.3229,0.0001,0.323,0.0581,0.9996904024767802,0.00030959752321981426,16.9796,0.0386,0.0,0.0,0.0,16.979599999999998,0.0386,17.018199999999997,17.0197
969,5.9129,0.0095,5.9224,1.066,0.9983959205727407,0.0016040794272592193,331.363,5.9428,0.0,0.0,0.0,331.36299999999994,5.942800000000001,337.3057999999999,346.8042
970,0.4819,0.0001,0.482,0.0868,0.999792531120332,0.00020746887966804981,26.3103,0.0423,0.0,0.0,0.0,26.3103,0.042300000000000004,26.352600000000002,26.3543
971,0.2131,0.0,0.2131,0.0384,1.0,0.0,11.5294,0.0143,0.0,0.0,0.0,11.529399999999999,0.014299999999999998,11.5437,11.5476
972,3.4908,0.0029,3.4937,0.6289,0.9991699344534448,0.0008300655465552279,192.902,1.9111,0.0,0.0,0.0,192.902,1.9111,194.8131,196.3109
973,0.3869,0.0003,0.3871,0.0697,0.9994833376388531,0.0007749935417204856,22.0921,0.157,0.0,0.0,0.0,22.09209999999999,0.157,22.24909999999999,22.2463
974,1.9104,0.003,1.9134,0.3444,0.9984321103794294,0.0015678896205707118,106.5206,1.9538,0.0,0.0,0.0,106.52060000000002,1.9538000000000002,108.47440000000002,114.9751
975,0.4293,0.0,0.4293,0.0773,1.0,0.0,23.8699,0.0086,0.0,0.0,0.0,23.869899999999994,0.008600000000000002,23.878499999999995,23.8771
976,1.493,0.0001,1.4932,0.2688,0.9998660594695955,6.69702652022502e-05,79.9828,0.0958,0.0,0.0,0.0,79.98280000000001,0.09580000000000001,80.07860000000001,81.0822
977,0.3499,0.0,0.3499,0.063,1.0,0.0,20.6658,0.0206,0.0,0.0,0.0,20.665799999999994,0.020600000000000004,20.686399999999995,20.6845
978,0.9184,0.0014,0.9198,0.1656,0.9984779299847794,0.0015220700152207003,49.4813,0.9068,0.0,0.0,0.0,49.4813,0.9067999999999998,50.388099999999994,52.884
979,1.6162,0.0017,1.6179,0.2912,0.9989492552073677,0.0010507447926324247,89.7174,1.0657,0.0,0.0,0.0,89.71739999999997,1.0657,90.78309999999998,92.7792
980,0.3668,0.0,0.3669,0.066,0.9997274461706187,0.0,21.6553,0.0249,0.0,0.0,0.0,21.6553,0.0249,21.6802,21.6823
981,4.6315,0.0118,4.6433,0.8358,0.9974587039390089,0.0025412960609911056,243.5209,7.3969,0.0,0.0,0.0,243.5209,7.3969,250.9178,257.4131
982,1.2013,0.0007,1.202,0.2164,0.9994176372712147,0.0005823627287853578,65.2741,0.4422,0.0,0.0,0.0,65.2741,0.4421999999999999,65.7163,66.2154
983,0.3764,0.0,0.3764,0.0678,1.0,0.0,20.5897,0.007,0.0,0.0,0.0,20.5897,0.006999999999999999,20.596700000000002,20.5974
984,0.5005,0.0,0.5005,0.0901,1.0,0.0,27.3841,0.0163,0.0,0.0,0.0,27.384100000000004,0.0163,27.400400000000005,27.4051
985,0.8597,0.0004,0.8601,0.1548,0.9995349377979306,0.00046506220206952683,49.8697,0.2664,0.0,0.0,0.0,49.86970000000001,0.2664,50.136100000000006,50.6337
986,0.6344,0.0002,0.6346,0.1142,0.9996848408446264,0.0003151591553734636,34.6274,0.1193,0.0,0.0,0.0,34.6274,0.11929999999999999,34.746700000000004,35.2506
987,6.1768,0.0192,6.196,1.1153,0.9969012265978051,0.0030987734021949644,341.3632,12.0268,0.0,0.0,0.0,341.36319999999995,12.0268,353.38999999999993,365.39
988,3.3213,0.0176,3.3389,0.601,0.9947288028991583,0.005271197100841595,179.9912,11.1267,0.0,0.0,0.0,179.99120000000005,11.126699999999998,191.11790000000005,202.1217
989,0.6605,0.0003,0.6608,0.1189,0.9995460048426149,0.0004539951573849878,34.6465,0.1642,0.0,0.0,0.0,34.64649999999999,0.1642,34.81069999999999,35.3113
990,0.3182,0.0002,0.3183,0.0573,0.9996858309770655,0.0006283380458686773,19.0908,0.1054,0.0,0.0,0.0,19.0908,0.10540000000000002,19.1962,19.1913
991,1.6332,0.0018,1.6349,0.2943,0.9989601810508287,0.0011009847697106855,94.0921,1.1494,0.0,0.0,0.0,94.09209999999999,1.1494,95.24149999999999,99.7393
992,0.2915,0.0,0.2915,0.0525,1.0,0.0,16.6657,0.0094,0.0,0.0,0.0,16.6657,0.009400000000000002,16.6751,16.672
993,1.3831,0.0009,1.384,0.2491,0.999349710982659,0.0006502890173410405,76.1101,0.5378,0.0,0.0,0.0,76.11010000000002,0.5378,76.64790000000002,78.6508
994,0.4788,0.0001,0.4789,0.0862,0.9997911881394863,0.00020881186051367718,26.1718,0.0878,0.0,0.0,0.0,26.171800000000005,0.0878,26.259600000000006,27.7628
995,3.838,0.0072,3.8452,0.6921,0.9981275356288359,0.0018724643711640486,216.7936,4.4206,0.0,0.0,0.0,216.79360000000003,4.4206,221.21420000000003,227.7115
996,0.4227,0.0001,0.4228,0.0761,0.999763481551561,0.00023651844843897824,23.7771,0.07,0.0,0.0,0.0,23.77710000000001,0.06999999999999999,23.84710000000001,24.3441
997,1.2355,0.0012,1.2367,0.2226,0.9990296757499799,0.0009703242500202151,68.3727,0.7727,0.0,0.0,0.0,68.37270000000001,0.7726999999999998,69.14540000000001,74.6432
998,0.8873,0.0005,0.8878,0.1598,0.9994368100923631,0.0005631899076368552,47.5693,0.2982,0.0,0.0,0.0,47.569300000000005,0.2982,47.86750000000001,48.8651
999,2.1137,0.0023,2.116,0.3809,0.9989130434782609,0.0010869565217391304,110.7878,1.408,0.0,0.0,0.0,110.78779999999999,1.4080000000000001,112.19579999999999,115.6946
1000,0.2652,0.0,0.2652,0.0477,1.0,0.0,13.6365,0.0123,0.0,0.0,0.0,13.636500000000003,0.0123,13.648800000000003,13.6522
1001,0.5134,0.0,0.5135,0.0924,0.9998052580331062,0.0,28.1705,0.0139,0.0,0.0,0.0,28.17049999999999,0.013900000000000001,28.18439999999999,28.1858
1002,1.4006,0.0026,1.4032,0.2526,0.9981470923603193,0.0018529076396807296,76.1916,1.6042,0.0,0.0,0.0,76.19160000000001,1.6042,77.79580000000001,83.2938
1003,2.6886,0.0013,2.6899,0.4842,0.9995167106583888,0.0004832893416112123,146.8936,0.8234,0.0,0.0,0.0,146.89359999999996,0.8234,147.71699999999996,148.2144
1004,3.0144,0.0057,3.0201,0.5436,0.9981126452766466,0.0018873547233535315,165.3607,3.5001,0.0,0.0,0.0,165.3607,3.5000999999999998,168.8608,171.3566
1005,1.1187,0.0003,1.119,0.2014,0.9997319034852548,0.0002680965147453083,64.1822,0.2017,0.0,0.0,0.0,64.18220000000001,0.2017,64.38390000000001,64.8789
1006,0.4658,0.0004,0.4662,0.0839,0.9991419991419991,0.000858000858000858,27.53,0.2509,0.0,0.0,0.0,27.529999999999994,0.2509,27.780899999999995,30.2858
1007,0.5917,0.0,0.5917,0.1065,1.0,0.0,31.1193,0.0165,0.0,0.0,0.0,31.11929999999999,0.0165,31.13579999999999,31.1314
1008,2.7827,0.0032,2.7859,0.5015,0.9988513586273737,0.0011486413726264405,150.1101,2.0674,0.0,0.0,0.0,150.11010000000005,2.0674,152.17750000000004,158.1733
1009,1.8099,0.0231,1.833,0.3299,0.9873977086743044,0.012602291325695581,100.0667,14.7467,0.0,0.0,0.0,100.06669999999997,14.746699999999999,114.81339999999997,124.3138
1010,0.2588,0.0,0.2589,0.0466,0.9996137504828118,0.0,13.7771,0.0097,0.0,0.0,0.0,13.777099999999997,0.009699999999999999,13.786799999999998,13.7857
1011,0.9212,0.0002,0.9214,0.1658,0.9997829390058607,0.00021706099413935318,49.3634,0.0959,0.0,0.0,0.0,49.3634,0.0959,49.4593,49.9612
1012,0.2228,0.0,0.2228,0.0401,1.0,0.0,11.7931,0.018,0.0,0.0,0.0,11.793100000000003,0.018,11.811100000000003,11.8152
1013,2.2013,0.0018,2.203,0.3965,0.9992283250113482,0.000817067635043123,125.1821,1.1975,0.0,0.0,0.0,125.18210000000002,1.1975,126.37960000000002,128.8834
1014,0.6317,0.0008,0.6325,0.1139,0.9987351778656128,0.001264822134387352,34.3331,0.5197,0.0,0.0,0.0,34.33310000000001,0.5196999999999999,34.85280000000001,36.8532
1015,3.4704,0.0028,3.4732,0.6252,0.9991938270183117,0.0008061729816883565,185.8405,1.7707,0.0,0.0,0.0,185.84050000000005,1.7707000000000004,187.61120000000005,192.6088
1016,0.4864,0.0001,0.4865,0.0876,0.9997944501541625,0.00020554984583761563,25.1522,0.0323,0.0,0.0,0.0,25.152200000000004,0.032299999999999995,25.184500000000003,25.1855
1017,1.545,0.0168,1.5618,0.2811,0.9892431809450632,0.01075681905493661,83.9914,10.6009,0.0,0.0,0.0,83.99140000000001,10.6009,94.59230000000001,100.5936
1018,0.2505,0.0001,0.2506,0.0451,0.9996009577015164,0.0003990422984836393,13.8404,0.0627,0.0,0.0,0.0,13.840399999999997,0.0627,13.903099999999997,13.9019
1019,4.2227,0.0064,4.2291,0.7612,0.99848667565203,0.0015133243479700173,224.5741,4.0234,0.0,0.0,0.0,224.57409999999993,4.0234000000000005,228.59749999999994,230.0997
1020,0.4922,0.0,0.4922,0.0886,1.0,0.0,27.9091,0.0263,0.0,0.0,0.0,27.909099999999995,0.026299999999999994,27.935399999999994,27.9325
1021,0.194,0.0002,0.1941,0.0349,0.9994848016486347,0.0010303967027305513,11.3606,0.0975,0.0,0.0,0.0,11.360599999999996,0.09749999999999999,11.458099999999996,11.4536
1022,0.465,0.0002,0.4652,0.0837,0.9995700773860705,0.0004299226139294927,26.3843,0.1485,0.0,0.0,0.0,26.38429999999999,0.14849999999999997,26.532799999999988,26.5315
1023,1.4244,0.0003,1.4247,0.2564,0.9997894293535481,0.00021057064645188457,77.9798,0.1717,0.0,0.0,0.0,77.97980000000001,0.17170000000000002,78.15150000000001,78.6537
1024,3.926,0.0045,3.9305,0.7075,0.9988551074926855,0.001144892507314591,211.7071,2.9065,0.0,0.0,0.0,211.70710000000003,2.9065,214.61360000000002,222.1146
1025,0.3035,0.0,0.3035,0.0546,1.0,0.0,16.7214,0.0119,0.0,0.0,0.0,16.721400000000003,0.011899999999999999,16.733300000000003,16.7335
1026,2.9032,0.0049,2.9081,0.5235,0.9983150510642688,0.0016849489357312333,159.3275,3.13,0.0,0.0,0.0,159.3275,3.129999999999999,162.45749999999998,167.4561
1027,0.1914,0.0001,0.1915,0.0345,0.9994778067885116,0.0005221932114882506,10.3329,0.0769,0.0,0.0,0.0,10.332899999999999,0.07690000000000001,10.409799999999999,11.4097
1028,4.0377,0.0149,4.0526,0.7295,0.9963233479741401,0.0036766520258599417,222.6151,9.3033,0.0,0.0,0.0,222.61510000000004,9.3033,231.91840000000005,242.9141
1029,1.3854,0.0009,1.3863,0.2495,0.999350789872322,0.0006492101276779918,80.6152,0.5818,0.0,0.0,0.0,80.61519999999997,0.5818,81.19699999999997,82.1992
1030,0.2,0.0,0.2,0.036,1.0,0.0,10.3835,0.0211,0.0,0.0,0.0,10.3835,0.0211,10.4046,10.4032
1031,0.1026,0.0,0.1026,0.0185,1.0,0.0,5.8936,0.0159,0.0,0.0,0.0,5.8936,0.015899999999999997,5.9095,5.9081
1032,2.2914,0.0164,2.3079,0.4154,0.9928506434420902,0.007106027124225487,127.192,10.1377,0.0,0.0,0.0,127.19200000000004,10.137699999999997,137.32970000000003,140.8318
1033,0.3211,0.0001,0.3212,0.0578,0.9996886674968867,0.0003113325031133251,17.8546,0.0667,0.0,0.0,0.0,17.8546,0.0667,17.921300000000002,17.9251
1034,0.991,0.0005,0.9915,0.1785,0.9994957135653051,0.0005042864346949066,56.5755,0.3581,0.0,0.0,0.0,56.575500000000005,0.35810000000000003,56.933600000000006,57.9358
1035,0.3697,0.0002,0.3699,0.0666,0.9994593133279264,0.0005406866720735334,20.9826,0.0914,0.0,0.0,0.0,20.9826,0.09140000000000001,21.074,22.0715
1036,2.0364,0.0014,2.0378,0.3668,0.9993129845912259,0.0006870154087741683,113.7449,0.8346,0.0,0.0,0.0,113.74490000000002,0.8346,114.57950000000001,117.0746
1037,0.4001,0.0,0.4001,0.072,1.0,0.0,21.902,0.0148,0.0,0.0,0.0,21.901999999999994,0.014799999999999999,21.916799999999995,21.9177
1038,0.4893,0.0007,0.49,0.0882,0.9985714285714287,0.0014285714285714286,26.6864,0.4359,0.0,0.0,0.0,26.686400000000006,0.43589999999999995,27.122300000000006,27.1203
1039,0.2872,0.0001,0.2873,0.0517,0.9996519317786287,0.0003480682213713888,16.8401,0.0645,0.0,0.0,0.0,16.840100000000003,0.0645,16.904600000000002,16.9066
1040,3.0098,0.0082,3.0181,0.5433,0.9972499254497862,0.002716941121897883,163.0906,5.2389,0.0,0.0,0.0,163.0906,5.2389,168.3295,179.3332
1041,0.1684,0.0,0.1684,0.0303,1.0,0.0,9.7772,0.0107,0.0,0.0,0.0,9.777199999999999,0.010700000000000001,9.787899999999999,9.7832
1042,2.1534,0.0063,2.1597,0.3887,0.9970829281844701,0.0029170718155299346,117.7925,3.9859,0.0,0.0,0.0,117.79250000000002,3.9858999999999996,121.77840000000002,125.7749
1043,1.6468,0.0014,1.6482,0.2967,0.9991505885208105,0.0008494114791894187,93.0586,0.8567,0.0,0.0,0.0,93.0586,0.8566999999999998,93.9153,96.4156
1044,0.338,0.0001,0.3382,0.0609,0.9994086339444117,0.00029568302779420464,17.384,0.096,0.0,0.0,0.0,17.384,0.096,17.48,17.4834
1045,0.1809,0.0,0.1809,0.0326,1.0,0.0,10.4347,0.0177,0.0,0.0,0.0,10.434699999999998,0.017699999999999997,10.452399999999997,10.4485
1046,0.4231,0.0001,0.4232,0.0762,0.9997637051039696,0.00023629489603024575,25.3847,0.0733,0.0,0.0,0.0,25.384700000000002,0.0733,25.458000000000002,25.4531
1047,3.8728,0.0176,3.8904,0.7003,0.9954760435944889,0.0045239564055110015,208.9917,11.143,0.0,0.0,0.0,208.99170000000007,11.142999999999999,220.13470000000007,236.6316
1048,2.5547,0.0015,2.5562,0.4601,0.9994131914560676,0.0005868085439323996,147.7934,0.9239,0.0,0.0,0.0,147.7934,0.9239000000000002,148.7173,151.7128
1049,0.3121,0.0001,0.3122,0.0562,0.9996796925048046,0.0003203074951953876,17.3325,0.0335,0.0,0.0,0.0,17.3325,0.0335,17.366,17.3637
1050,2.8424,0.0035,2.8459,0.5123,0.9987701605818898,0.001229839418110264,157.7342,2.2045,0.0,0.0,0.0,157.7342,2.2045,159.93869999999998,163.9418
1051,3.7747,0.0186,3.7933,0.6828,0.9950966177207182,0.004903382279281891,208.7877,11.1528,0.0,0.0,0.0,208.78770000000003,11.1528,219.94050000000004,231.4356
1052,3.6916,0.0093,3.7009,0.6662,0.9974870977329839,0.002512902267016131,207.9345,5.9641,0.0,0.0,0.0,207.9345,5.9641,213.89860000000002,219.3944
1053,2.8612,0.0064,2.8676,0.5162,0.9977681685032781,0.002231831496721998,153.5212,3.9924,0.0,0.0,0.0,153.52120000000002,3.9924,157.51360000000003,163.0173
1054,0.522,0.0002,0.5221,0.094,0.9998084658111474,0.0003830683777054204,30.0591,0.1158,0.0,0.0,0.0,30.0591,0.11580000000000001,30.1749,30.1767
1055,1.7927,0.0016,1.7943,0.323,0.9991082873544,0.0008917126455999555,99.9019,0.9738,0.0,0.0,0.0,99.90190000000004,0.9737999999999999,100.87570000000004,103.3791
1056,0.0882,0.0,0.0883,0.0159,0.9988674971687429,0.0,4.7174,0.0178,0.0,0.0,0.0,4.717399999999999,0.017800000000000003,4.735199999999999,4.737
1057,2.085,0.0026,2.0876,0.3758,0.9987545506802069,0.0012454493197930636,109.5882,1.8344,0.0,0.0,0.0,109.58819999999999,1.8344,111.42259999999999,114.9191
1058,5.0005,0.0107,5.0112,0.902,0.9978647828863346,0.0021352171136653896,285.6362,6.8056,0.0,0.0,0.0,285.6362,6.8056,292.4418,296.9393
1059,2.7917,0.0099,2.8015,0.5043,0.9965018739960736,0.0035338211672318407,149.0906,6.3597,0.0,0.0,0.0,149.0906,6.3597,155.4503,164.9479
1060,0.4421,0.0,0.4421,0.0796,1.0,0.0,23.7452,0.0238,0.0,0.0,0.0,23.745200000000004,0.0238,23.769000000000005,23.7715
1061,4.6678,0.016,4.6838,0.8431,0.9965839702805415,0.0034160297194585597,257.9796,9.6018,0.0,0.0,0.0,257.97959999999995,9.6018,267.5814,276.5814
1062,4.6522,0.0064,4.6587,0.8386,0.9986047609848241,0.0013737737995578167,255.2742,3.9165,0.0,0.0,0.0,255.27419999999995,3.9165000000000005,259.19069999999994,267.1902
1063,4.248,0.0088,4.2568,0.7662,0.997932719413644,0.002067280586355948,242.092,5.2952,0.0,0.0,0.0,242.09199999999996,5.2951999999999995,247.38719999999995,252.3823
1064,8.8643,0.0092,8.8735,1.5972,0.9989632050487407,0.0010367949512593677,480.2951,6.1323,0.0,0.0,0.0,480.29510000000016,6.132299999999999,486.42740000000015,491.9244
1065,0.6322,0.0011,0.6333,0.114,0.998263066477183,0.0017369335228169906,34.0588,0.7397,0.0,0.0,0.0,34.0588,0.7396999999999999,34.7985,37.7963
1066,0.1749,0.0001,0.1749,0.0315,1.0,0.0005717552887364208,9.569,0.0368,0.0,0.0,0.0,9.568999999999999,0.036800000000000006,9.605799999999999,9.6013
1067,0.1644,0.0001,0.1645,0.0296,0.9993920972644376,0.0006079027355623101,9.06,0.0765,0.0,0.0,0.0,9.059999999999999,0.0765,9.136499999999998,9.1317
1068,1.8715,0.0015,1.873,0.3371,0.9991991457554725,0.0008008542445274961,100.9986,1.0188,0.0,0.0,0.0,100.9986,1.0188000000000001,102.0174,106.5127
1069,3.4814,0.0236,3.5049,0.6309,0.9932951011441125,0.006733430340380609,193.8935,14.5791,0.0,0.0,0.0,193.89349999999996,14.579099999999999,208.47259999999997,215.9771
1070,0.1102,0.0,0.1103,0.0198,0.9990933816863101,0.0,5.8936,0.0146,0.0,0.0,0.0,5.8936,0.014600000000000002,5.9082,5.9051
1071,0.2746,0.0001,0.2747,0.0494,0.9996359665089188,0.0003640334910811795,14.3606,0.0411,0.0,0.0,0.0,14.360599999999998,0.0411,14.401699999999998,14.3989
1072,2.5586,0.0099,2.5684,0.4623,0.9961843949540571,0.0038545397913097653,135.7449,6.9062,0.0,0.0,0.0,135.7449,6.9062,142.6511,145.1556
1073,0.3637,0.0001,0.3638,0.0655,0.9997251236943375,0.0002748763056624519,19.1382,0.0411,0.0,0.0,0.0,19.1382,0.041100000000000005,19.1793,19.1776
1074,2.1993,0.0217,2.221,0.3998,0.990229626294462,0.009770373705538045,123.2741,13.0061,0.0,0.0,0.0,123.27410000000002,13.0061,136.2802,142.7844
1075,0.2606,0.0,0.2606,0.0469,1.0,0.0,14.9091,0.0229,0.0,0.0,0.0,14.909099999999995,0.0229,14.931999999999995,14.9291
1076,3.2216,0.0083,3.2298,0.5814,0.9974611431048362,0.0025698185646170044,178.5111,5.1467,0.0,0.0,0.0,178.51109999999994,5.146700000000001,183.65779999999995,185.1594
1077,0.8562,0.0034,0.8596,0.1547,0.9960446719404373,0.003955328059562587,45.7929,2.0933,0.0,0.0,0.0,45.79290000000001,2.0932999999999997,47.88620000000001,55.3868
1078,0.6682,0.0005,0.6687,0.1204,0.9992522805443399,0.0007477194556602363,39.6363,0.339,0.0,0.0,0.0,39.63630000000001,0.339,39.97530000000001,40.4747
1079,0.5283,0.0001,0.5284,0.0951,0.9998107494322483,0.00018925056775170328,30.5205,0.0696,0.0,0.0,0.0,30.520500000000002,0.06960000000000001,30.590100000000003,30.593
1080,4.6363,0.0226,4.6589,0.8386,0.9951490695228488,0.0048509304771512584,261.3606,13.9247,0.0,0.0,0.0,261.36060000000003,13.924700000000003,275.28530000000006,284.286
1081,0.2937,0.0,0.2938,0.0529,0.9996596324029953,0.0,15.6655,0.0095,0.0,0.0,0.0,15.665500000000003,0.009500000000000001,15.675000000000002,15.6783
1082,0.4886,0.0001,0.4887,0.088,0.9997953754859832,0.0002046245140167792,28.5457,0.0455,0.0,0.0,0.0,28.545700000000004,0.0455,28.591200000000004,29.5911
1083,0.1221,0.0001,0.1222,0.022,0.9991816693944353,0.0008183306055646482,7.0461,0.0442,0.0,0.0,0.0,7.046100000000002,0.0442,7.090300000000002,7.0895
1084,0.4253,0.0002,0.4254,0.0766,0.9997649271274095,0.00047014574518100614,22.2954,0.1117,0.0,0.0,0.0,22.295399999999997,0.11170000000000001,22.407099999999996,22.4103
1085,4.1704,0.0214,4.1918,0.7545,0.994894794598979,0.005105205401021041,230.6806,14.0396,0.0,0.0,0.0,230.68059999999997,14.039600000000004,244.72019999999998,252.2216
1086,0.1372,0.0,0.1372,0.0247,1.0,0.0,8.0761,0.0077,0.0,0.0,0.0,8.0761,0.0077,8.0838,8.0876
1087,4.28,0.0056,4.2856,0.7714,0.9986932984879598,0.0013067015120403211,228.787,3.413,0.0,0.0,0.0,228.78699999999998,3.4129999999999994,232.2,239.204
1088,3.4937,0.008,3.5018,0.6303,0.9976869038780056,0.0022845393797475584,185.9915,5.3067,0.0,0.0,0.0,185.9915,5.3067,191.2982,197.2989
1089,0.0894,0.0,0.0894,0.0161,1.0,0.0,5.192,0.0087,0.0,0.0,0.0,5.191999999999998,0.0087,5.2006999999999985,5.1971
1090,2.5294,0.0026,2.532,0.4558,0.9989731437598736,0.0010268562401263824,131.1715,1.6928,0.0,0.0,0.0,131.17149999999998,1.6928000000000003,132.8643,137.3638
1091,1.517,0.0029,1.5199,0.2736,0.9980919797355088,0.0019080202644910847,83.8935,1.6977,0.0,0.0,0.0,83.89349999999999,1.6977,85.59119999999999,89.0886
1092,0.6093,0.0003,0.6096,0.1097,0.9995078740157479,0.0004921259842519684,32.788,0.1768,0.0,0.0,0.0,32.788000000000004,0.1768,32.964800000000004,34.4605
1093,3.7927,0.0047,3.7974,0.6835,0.9987623110549323,0.001237688945067678,205.5458,2.9469,0.0,0.0,0.0,205.54580000000007,2.9469,208.49270000000007,214.4937
1094,0.7005,0.0004,0.7009,0.1262,0.9994293051790556,0.0005706948209444999,38.8402,0.2612,0.0,0.0,0.0,38.8402,0.2612,39.101400000000005,39.0966
1095,2.5341,0.0071,2.5413,0.4574,0.9971668043914531,0.0027938456695392124,142.8696,4.6895,0.0,0.0,0.0,142.86960000000002,4.6895,147.55910000000003,154.0613
1096,1.3164,0.0034,1.3198,0.2376,0.9974238520988028,0.0025761479011971507,74.3331,2.1203,0.0,0.0,0.0,74.3331,2.1203,76.4534,79.449
1097,1.5292,0.0018,1.531,0.2756,0.9988242978445461,0.0011757021554539516,84.8695,1.1543,0.0,0.0,0.0,84.86949999999999,1.1542999999999999,86.0238,90.5229
1098,3.0947,0.0055,3.1002,0.558,0.9982259209083285,0.0017740790916715048,165.5454,3.515,0.0,0.0,0.0,165.5454,3.5150000000000006,169.06040000000002,171.0635
1099,0.0988,0.0,0.0988,0.0178,1.0,0.0,5.7172,0.0146,0.0,0.0,0.0,5.717199999999999,0.014600000000000002,5.731799999999999,5.7342
1100,0.149,0.0,0.149,0.0268,1.0,0.0,8.8403,0.0139,0.0,0.0,0.0,8.8403,0.0139,8.854199999999999,8.8499
1101,0.3303,0.0001,0.3304,0.0595,0.9996973365617432,0.0003026634382566586,18.3635,0.0329,0.0,0.0,0.0,18.363500000000002,0.0329,18.396400000000003,18.3967
1102,0.4632,0.0002,0.4634,0.0834,0.9995684074233924,0.0004315925766076824,27.7948,0.1242,0.0,0.0,0.0,27.794799999999995,0.12419999999999998,27.918999999999993,27.9209
1103,5.5688,0.0145,5.5833,1.005,0.9974029695699675,0.0025970304300324183,322.5882,9.4959,0.0,0.0,0.0,322.5881999999999,9.4959,332.0840999999999,338.088
1104,2.573,0.002,2.575,0.4635,0.9992233009708738,0.0007766990291262135,135.2217,1.2959,0.0,0.0,0.0,135.22169999999997,1.2959000000000003,136.51759999999996,142.5224
1105,1.7977,0.0086,1.8063,0.3251,0.9952388861207995,0.004761113879200576,94.3275,5.1772,0.0,0.0,0.0,94.32749999999999,5.177199999999999,99.50469999999999,102.5035
1106,0.9914,0.0006,0.992,0.1786,0.9993951612903226,0.0006048387096774193,51.6364,0.3627,0.0,0.0,0.0,51.63640000000001,0.36269999999999997,51.999100000000006,52.003
1107,0.976,0.0007,0.9767,0.1758,0.9992833009112316,0.0007166990887683014,54.9019,0.4422,0.0,0.0,0.0,54.90189999999999,0.4422,55.34409999999999,56.845
1108,0.6106,0.0004,0.611,0.11,0.9993453355155484,0.0006546644844517185,35.076,0.2873,0.0,0.0,0.0,35.07599999999999,0.2873,35.363299999999995,39.3587
1109,0.5243,0.0002,0.5245,0.0944,0.9996186844613918,0.0003813155386081983,29.2741,0.1361,0.0,0.0,0.0,29.27410000000001,0.1361,29.41020000000001,29.4142
1110,0.2481,0.0,0.2482,0.0447,0.9995970991136179,0.0,13.3725,0.0163,0.0,0.0,0.0,13.372500000000004,0.0163,13.388800000000003,13.3882
1111,0.1302,0.0001,0.1303,0.0234,0.9992325402916348,0.0007674597083653108,6.8935,0.0612,0.0,0.0,0.0,6.8935,0.06119999999999999,6.954700000000001,6.9499
1112,0.8047,0.0008,0.8055,0.145,0.9990068280571074,0.0009931719428926133,45.5851,0.4803,0.0,0.0,0.0,45.585100000000004,0.48029999999999995,46.065400000000004,46.5653
1113,0.7476,0.0002,0.7477,0.1346,0.9998662565199946,0.00026748696001069946,39.2952,0.1121,0.0,0.0,0.0,39.295199999999994,0.11209999999999998,39.40729999999999,39.406
1114,0.1,0.0001,0.1001,0.018,0.9990009990009991,0.000999000999000999,5.4547,0.0587,0.0,0.0,0.0,5.454699999999999,0.05869999999999999,5.513399999999999,5.5135
1115,4.3683,0.0046,4.3728,0.7871,0.9989709110867179,0.0010519575557994879,237.777,2.761,0.0,0.0,0.0,237.77700000000007,2.7609999999999997,240.53800000000007,245.0377
1116,0.2554,0.0002,0.2555,0.046,0.9996086105675147,0.0007827788649706458,14.2155,0.0974,0.0,0.0,0.0,14.215499999999995,0.0974,14.312899999999996,14.3102
1117,2.8483,0.0031,2.8514,0.5133,0.9989128147576629,0.0010871852423370975,154.1194,1.9599,0.0,0.0,0.0,154.11939999999998,1.9599,156.0793,162.0818
1118,0.1752,0.0001,0.1753,0.0316,0.9994295493439816,0.0005704506560182544,9.0763,0.0677,0.0,0.0,0.0,9.0763,0.0677,9.144,9.6446
1119,0.602,0.0003,0.6023,0.1084,0.9995019093475013,0.0004980906524987548,33.2953,0.2148,0.0,0.0,0.0,33.2953,0.21479999999999996,33.510099999999994,33.5111
1120,0.4973,0.0,0.4974,0.0895,0.9997989545637315,0.0,27.0669,0.0253,0.0,0.0,0.0,27.0669,0.025299999999999996,27.092200000000002,27.0903
1121,0.5985,0.0002,0.5987,0.1078,0.9996659428762319,0.00033405712376816435,33.5542,0.1164,0.0,0.0,0.0,33.5542,0.11640000000000002,33.6706,35.6671
1122,0.7986,0.0002,0.7988,0.1438,0.999749624436655,0.00025037556334501755,44.5213,0.1365,0.0,0.0,0.0,44.52129999999998,0.13649999999999998,44.65779999999998,44.654
1123,0.2838,0.0003,0.2842,0.0511,0.9985925404644616,0.0010555946516537648,15.6364,0.2021,0.0,0.0,0.0,15.636400000000004,0.2021,15.838500000000003,15.8429
1124,0.3398,0.0001,0.3399,0.0612,0.9997057958223007,0.00029420417769932336,19.7338,0.0662,0.0,0.0,0.0,19.7338,0.0662,19.799999999999997,19.7954
1125,5.4692,0.0161,5.4853,0.9874,0.9970648825041475,0.0029351174958525514,292.1918,10.0914,0.0,0.0,0.0,292.1917999999999,10.091399999999998,302.2831999999999,314.2844
1126,0.3782,0.0,0.3782,0.0681,1.0,0.0,20.6276,0.0272,0.0,0.0,0.0,20.627599999999997,0.0272,20.654799999999998,21.1561
1127,2.017,0.0034,2.0204,0.3637,0.9983171649178381,0.001682835082161948,110.9985,2.1671,0.0,0.0,0.0,110.99849999999999,2.1670999999999996,113.1656,119.1678
1128,0.2618,0.0001,0.2619,0.0471,0.9996181748759067,0.0003818251240931653,14.7876,0.0477,0.0,0.0,0.0,14.787599999999998,0.0477,14.835299999999998,14.8306
1129,1.4735,0.0167,1.4902,0.2682,0.9887934505435513,0.011206549456448799,82.3278,10.5039,0.0,0.0,0.0,82.32779999999998,10.5039,92.83169999999998,101.828
1130,0.1512,0.0001,0.1513,0.0272,0.9993390614672836,0.0006609385327164574,8.6888,0.0369,0.0,0.0,0.0,8.6888,0.0369,8.7257,8.7214
1131,2.1591,0.0017,2.1608,0.3889,0.9992132543502407,0.0007867456497593484,120.7337,1.0502,0.0,0.0,0.0,120.73370000000003,1.0502,121.78390000000003,123.2861
1132,0.3786,0.0,0.3786,0.0681,1.0,0.0,22.3101,0.0251,0.0,0.0,0.0,22.310100000000002,0.025099999999999997,22.3352,22.3386
1133,4.124,0.02,4.144,0.7459,0.995173745173745,0.004826254826254826,228.0909,12.5435,0.0,0.0,0.0,228.09089999999995,12.5435,240.63439999999994,249.6375
1134,0.4948,0.0001,0.4949,0.0891,0.9997979389775713,0.0002020610224287735,26.6276,0.0572,0.0,0.0,0.0,26.627599999999997,0.057199999999999994,26.6848,26.6854
1135,1.5999,0.0017,1.6016,0.2883,0.9989385614385615,0.0010614385614385615,86.1194,1.0731,0.0,0.0,0.0,86.1194,1.0731,87.1925,90.6925
1136,0.283,0.0001,0.2831,0.051,0.9996467679265276,0.00035323207347227127,15.6864,0.0536,0.0,0.0,0.0,15.686399999999997,0.0536,15.739999999999997,15.7429
1137,1.4721,0.001,1.4731,0.2652,0.9993211594596428,0.0006788405403570701,76.092,0.5909,0.0,0.0,0.0,76.092,0.5909,76.6829,79.1818
1138,0.2335,0.0,0.2335,0.042,1.0,0.0,12.793,0.0164,0.0,0.0,0.0,12.793000000000006,0.016399999999999998,12.809400000000007,12.8144
1139,3.2334,0.0044,3.2378,0.5828,0.9986410525665576,0.001358947433442461,182.2215,2.7423,0.0,0.0,0.0,182.22149999999996,2.7423000000000006,184.96379999999996,187.4613
1140,0.6383,0.0006,0.6388,0.115,0.9992172824045084,0.0009392611145898559,35.2215,0.3726,0.0,0.0,0.0,35.2215,0.3726,35.5941,36.5933
1141,1.6815,0.0089,1.6904,0.3043,0.9947349739706579,0.0052650260293421675,97.6465,5.8218,0.0,0.0,0.0,97.64649999999997,5.8218000000000005,103.46829999999997,116.4717
1142,0.0865,0.0001,0.0866,0.0156,0.9988452655889145,0.0011547344110854505,5.1916,0.0507,0.0,0.0,0.0,5.191599999999999,0.0507,5.242299999999999,5.2392
1143,0.3625,0.0001,0.3626,0.0653,0.9997242140099283,0.0002757859900717044,20.1715,0.0431,0.0,0.0,0.0,20.1715,0.0431,20.2146,20.7171
1144,0.3747,0.0001,0.3748,0.0675,0.9997331910352186,0.00026680896478121667,21.1382,0.08,0.0,0.0,0.0,21.1382,0.07999999999999999,21.2182,23.2228
1145,4.1324,0.0249,4.1573,0.7483,0.9940105356842179,0.005989464315781877,231.2952,15.164,0.0,0.0,0.0,231.29520000000002,15.164000000000001,246.4592,259.4588
1146,2.4057,0.0029,2.4087,0.4336,0.998754514883547,0.0012039689459044296,130.6465,1.7054,0.0,0.0,0.0,130.6465,1.7054,132.3519,136.3483
1147,1.3533,0.0011,1.3544,0.2438,0.9991878322504429,0.0008121677495569994,77.818,0.6679,0.0,0.0,0.0,77.81799999999998,0.6679,78.48589999999999,79.487
1148,0.4215,0.0003,0.4218,0.0759,0.9992887624466571,0.0007112375533428164,22.787,0.2261,0.0,0.0,0.0,22.787000000000013,0.2261,23.013100000000012,23.0126
1149,0.7237,0.0005,0.7241,0.1303,0.999447590111863,0.0006905123601712471,37.9796,0.2889,0.0,0.0,0.0,37.97959999999999,0.28890000000000005,38.26849999999999,40.2719
1150,2.5153,0.004,2.5194,0.4535,0.9983726284035881,0.0015876796062554576,141.3632,2.7115,0.0,0.0,0.0,141.3632,2.7114999999999996,144.0747,147.5731
1151,0.579,0.0004,0.5794,0.1043,0.999309630652399,0.0006903693476009665,30.9091,0.2325,0.0,0.0,0.0,30.909099999999995,0.23249999999999998,31.141599999999997,31.6397
1152,5.6097,0.0261,5.6359,1.0145,0.9953512305044446,0.004631026100534077,315.3606,16.5628,0.0,0.0,0.0,315.3606,16.562800000000003,331.92339999999996,338.4263
1153,3.2343,0.0214,3.2557,0.586,0.9934269127990909,0.006573087200909174,178.5456,13.2875,0.0,0.0,0.0,178.54559999999998,13.287500000000001,191.83309999999997,201.8362
1154,0.4165,0.0002,0.4168,0.075,0.9992802303262955,0.00047984644913627643,22.3609,0.1332,0.0,0.0,0.0,22.360900000000004,0.13319999999999999,22.494100000000003,22.4958
1155,0.8751,0.0003,0.8754,0.1576,0.9996572995202193,0.00034270047978067166,46.521,0.216,0.0,0.0,0.0,46.520999999999994,0.21600000000000003,46.736999999999995,46.7351
1156,0.3027,0.0,0.3027,0.0545,1.0,0.0,16.5107,0.0096,0.0,0.0,0.0,16.5107,0.0096,16.5203,16.5184
1157,1.8513,0.0007,1.852,0.3334,0.9996220302375809,0.0003779697624190065,100.1705,0.431,0.0,0.0,0.0,100.17050000000003,0.43100000000000005,100.60150000000003,101.5967
1158,0.2031,0.0001,0.2033,0.0366,0.999016232169208,0.0004918839153959665,11.4346,0.081,0.0,0.0,0.0,11.434599999999998,0.081,11.515599999999997,11.5164
1159,2.4888,0.0021,2.4909,0.4484,0.999156931229676,0.0008430687703239793,132.046,1.3428,0.0,0.0,0.0,132.04599999999996,1.3427999999999998,133.38879999999997,137.387
1160,1.0779,0.0076,1.0855,0.1954,0.9929986181483189,0.007001381851681253,60.6891,4.5722,0.0,0.0,0.0,60.68910000000001,4.5722000000000005,65.2613,69.7644
1161,0.2104,0.0001,0.2104,0.0379,1.0,0.0004752851711026616,12.182,0.0539,0.0,0.0,0.0,12.182000000000004,0.053899999999999997,12.235900000000004,12.7331
1162,3.8111,0.0093,3.8204,0.6877,0.9975656999267093,0.002434300073290755,213.0911,5.9581,0.0,0.0,0.0,213.09109999999993,5.958100000000002,219.04919999999993,224.0507
1163,0.1124,0.0002,0.1125,0.0203,0.9991111111111111,0.0017777777777777779,6.328,0.0983,0.0,0.0,0.0,6.327999999999999,0.0983,6.4262999999999995,6.9251
1164,3.1843,0.0048,3.1891,0.574,0.998494873161707,0.0015051268382929354,184.3189,2.8688,0.0,0.0,0.0,184.3189,2.8688000000000002,187.1877,193.6888
1165,0.2205,0.0001,0.2205,0.0397,1.0,0.00045351473922902497,11.7871,0.0336,0.0,0.0,0.0,11.7871,0.033600000000000005,11.8207,11.8193
1166,0.5146,0.0002,0.5148,0.0927,0.9996114996114994,0.0003885003885003885,28.5085,0.1117,0.0,0.0,0.0,28.50849999999999,0.11169999999999998,28.62019999999999,29.1228
1167,0.6187,0.0,0.6187,0.1114,1.0,0.0,33.0907,0.0111,0.0,0.0,0.0,33.0907,0.011099999999999999,33.1018,33.0992
1168,4.2037,0.0097,4.2134,0.7584,0.9976978212370058,0.0023021787629942565,240.6466,5.9646,0.0,0.0,0.0,240.64659999999998,5.9646,246.61119999999997,253.1138
1169,0.2657,0.0004,0.2661,0.0479,0.9984968057121383,0.0015031942878617063,14.7871,0.2298,0.0,0.0,0.0,14.7871,0.22979999999999998,15.0169,15.021
1170,6.3191,0.012,6.331,1.1396,0.9981203601326804,0.0018954351603222238,347.2283,7.8866,0.0,0.0,0.0,347.2283000000001,7.886599999999999,355.1149000000001,364.1152
1171,0.6443,0.0025,0.6468,0.1164,0.996134817563389,0.0038651824366110078,37.3608,1.5736,0.0,0.0,0.0,37.360800000000005,1.5735999999999999,38.934400000000004,41.9343
1172,1.0827,0.0007,1.0834,0.195,0.999353885914713,0.0006461140852870592,59.7215,0.3942,0.0,0.0,0.0,59.721500000000006,0.3942,60.115700000000004,62.119
1173,2.3975,0.0213,2.4188,0.4354,0.9911939804861915,0.0088060195138085,136.9345,13.4574,0.0,0.0,0.0,136.9345,13.457400000000003,150.39190000000002,154.8957
1174,0.3288,0.0,0.3289,0.0592,0.9996959562176952,0.0,18.1197,0.0268,0.0,0.0,0.0,18.119699999999998,0.026799999999999997,18.1465,18.1434
1175,5.1629,0.0128,5.1757,0.9316,0.9975269045732944,0.0024730954267055665,293.4815,8.2632,0.0,0.0,0.0,293.4814999999999,8.263199999999998,301.7446999999999,305.2429
1176,1.6572,0.0064,1.6635,0.2994,0.9962128043282237,0.0038473098887886986,94.1476,3.8346,0.0,0.0,0.0,94.14760000000001,3.8346,97.9822,101.982
1177,1.1933,0.0014,1.1947,0.215,0.9988281576964928,0.0011718423035071565,65.7451,0.7971,0.0,0.0,0.0,65.74510000000001,0.7971,66.54220000000001,69.0417
1178,0.3348,0.0,0.3349,0.0603,0.9997014034040013,0.0,20.0909,0.0224,0.0,0.0,0.0,20.0909,0.0224,20.113300000000002,20.1111
1179,1.9033,0.0027,1.906,0.3431,0.9985834207764953,0.0014165792235047222,106.0908,1.6531,0.0,0.0,0.0,106.0908,1.6531,107.7439,109.7425
1180,0.2476,0.0,0.2476,0.0446,1.0,0.0,12.9798,0.0104,0.0,0.0,0.0,12.979799999999996,0.0104,12.990199999999996,12.989
1181,3.4202,0.0069,3.4271,0.6169,0.9979866359312538,0.0020133640687461703,182.8694,4.6414,0.0,0.0,0.0,182.86939999999998,4.6414,187.5108,198.0086
1182,0.6295,0.0003,0.6298,0.1134,0.9995236583042234,0.0004763416957764369,35.092,0.1627,0.0,0.0,0.0,35.09200000000001,0.1627,35.254700000000014,35.2537
1183,0.2857,0.0002,0.2859,0.0515,0.9993004547044422,0.0006995452955578874,15.3837,0.1621,0.0,0.0,0.0,15.383699999999997,0.16210000000000002,15.545799999999998,15.5409
1184,0.5858,0.0002,0.5859,0.1055,0.9998293224099676,0.0003413551800648575,33.2155,0.1127,0.0,0.0,0.0,33.2155,0.1127,33.328199999999995,33.3272
1185,0.2028,0.0001,0.2029,0.0365,0.9995071463775259,0.0004928536224741252,11.5296,0.062,0.0,0.0,0.0,11.529599999999999,0.062,11.591599999999998,11.5895
1186,2.6906,0.0051,2.6957,0.4852,0.9981080980821307,0.0018919019178691991,155.3607,3.0738,0.0,0.0,0.0,155.3607,3.0738,158.4345,162.9357
1187,0.3418,0.0004,0.3422,0.0616,0.9988310929281122,0.001168907071887785,19.6153,0.2667,0.0,0.0,0.0,19.6153,0.2667,19.882,19.8776
1188,0.7118,0.0013,0.7132,0.1284,0.9980370162647224,0.0018227706113292206,39.6272,0.8538,0.0,0.0,0.0,39.627199999999995,0.8538,40.480999999999995,42.4816
1189,0.8191,0.0009,0.8201,0.1476,0.998780636507743,0.0010974271430313376,46.1381,0.5633,0.0,0.0,0.0,46.1381,0.5633,46.7014,49.6985
1190,0.2,0.0,0.2,0.036,1.0,0.0,10.5292,0.0296,0.0,0.0,0.0,10.5292,0.029599999999999998,10.5588,10.5625
1191,0.303,0.0,0.303,0.0545,1.0,0.0,16.3635,0.0125,0.0,0.0,0.0,16.3635,0.012499999999999999,16.375999999999998,16.3718
1192,1.7627,0.0027,1.7654,0.3178,0.998470601563385,0.0015293984366149314,100.4814,1.7821,0.0,0.0,0.0,100.48140000000002,1.7821000000000002,102.26350000000002,105.2593
1193,0.5891,0.0,0.5892,0.1061,0.9998302783435167,0.0,33.5458,0.029,0.0,0.0,0.0,33.54580000000001,0.028999999999999998,33.57480000000001,33.5797
1194,1.2823,0.0009,1.2832,0.231,0.9992986284289278,0.0007013715710723192,69.11,0.5414,0.0,0.0,0.0,69.10999999999999,0.5414,69.65139999999998,69.6551
1195,2.4614,0.0057,2.4671,0.4441,0.9976895950711361,0.0023104049288638485,129.4544,3.4484,0.0,0.0,0.0,129.45440000000002,3.4484000000000004,132.9028,137.9021
1196,2.2707,0.0109,2.2816,0.4107,0.9952226507713885,0.004777349228611501,130.5086,6.4747,0.0,0.0,0.0,130.5086,6.4747,136.9833,143.9832
1197,0.1304,0.0,0.1304,0.0235,1.0,0.0,7.3328,0.0082,0.0,0.0,0.0,7.3328000000000015,0.008199999999999999,7.341000000000002,7.3436
1198,3.5367,0.0017,3.5383,0.6369,0.999547805443292,0.0004804567165022751,199.3631,1.0554,0.0,0.0,0.0,199.3631,1.0554,200.4185,200.9154
1199,0.5097,0.0001,0.5098,0.0918,0.9998038446449589,0.00019615535504119262,28.5211,0.0664,0.0,0.0,0.0,28.521100000000004,0.0664,28.587500000000006,28.5895
1200,3.5645,0.0035,3.568,0.6422,0.999019058295964,0.0009809417040358745,195.3249,2.1213,0.0,0.0,0.0,195.32489999999999,2.1213,197.44619999999998,202.9435
1201,1.2763,0.0012,1.2774,0.2299,0.999138875841553,0.0009394081728511036,75.3277,0.7286,0.0,0.0,0.0,75.32770000000001,0.7286,76.05630000000001,78.5592
1202,2.1828,0.0055,2.1883,0.3939,0.9974866334597633,0.0025133665402367134,123.2157,3.4829,0.0,0.0,0.0,123.21569999999998,3.4829,126.69859999999998,131.698
1203,0.3176,0.0002,0.3178,0.0572,0.9993706733794838,0.0006293266205160478,17.6553,0.0945,0.0,0.0,0.0,17.6553,0.09450000000000001,17.7498,17.7471
1204,0.4508,0.0005,0.4513,0.0812,0.9988920895191669,0.0011079104808331488,24.0461,0.2922,0.0,0.0,0.0,24.046100000000006,0.2922,24.338300000000007,24.8339
1205,1.6576,0.002,1.6595,0.2987,0.9988550768303706,0.0012051822838204278,92.1715,1.2021,0.0,0.0,0.0,92.1715,1.2021000000000002,93.3736,96.3729
1206,4.5218,0.0045,4.5263,0.8147,0.9990058104853854,0.000994189514614586,258.3839,2.7116,0.0,0.0,0.0,258.38390000000004,2.7116,261.0955,263.5968
1207,1.7906,0.0051,1.7957,0.3232,0.9971598819401905,0.0028401180598095453,103.5855,3.1733,0.0,0.0,0.0,103.58550000000001,3.1733000000000002,106.75880000000001,111.2556
1208,0.2887,0.0,0.2888,0.052,0.9996537396121884,0.0,17.3247,0.0281,0.0,0.0,0.0,17.324699999999996,0.028100000000000003,17.352799999999995,17.3544
1209,5.5108,0.0216,5.5325,0.9958,0.9960777225485766,0.0039042024401265253,314.7217,14.0633,0.0,0.0,0.0,314.7217,14.063300000000002,328.785,338.7886
1210,2.4767,0.017,2.4937,0.4489,0.9931828207081846,0.006817179291815375,139.8885,10.0833,0.0,0.0,0.0,139.8885,10.0833,149.9718,159.4765
1211,0.3456,0.0009,0.3465,0.0624,0.9974025974025975,0.0025974025974025974,19.5691,0.5432,0.0,0.0,0.0,19.5691,0.5432,20.112299999999998,24.1158
1212,1.1565,0.0006,1.1571,0.2083,0.9994814622763807,0.0005185377236193933,64.6465,0.384,0.0,0.0,0.0,64.64649999999999,0.384,65.03049999999999,65.0279
1213,0.9634,0.0024,0.9659,0.1739,0.9974117403457915,0.0024847292680401697,53.3836,1.4959,0.0,0.0,0.0,53.3836,1.4959,54.8795,57.3755
1214,1.9394,0.0026,1.942,0.3496,0.9986611740473739,0.0013388259526261586,109.2953,1.7225,0.0,0.0,0.0,109.29530000000001,1.7225,111.01780000000001,115.0196
1215,0.4081,0.0,0.4081,0.0735,1.0,0.0,21.8182,0.0285,0.0,0.0,0.0,21.818199999999994,0.028499999999999998,21.846699999999995,21.8479
1216,3.9602,0.0048,3.965,0.7137,0.9987894073139975,0.001210592686002522,223.9912,3.1687,0.0,0.0,0.0,223.9912,3.1687,227.1599,237.6616
1217,0.1879,0.0,0.1879,0.0338,1.0,0.0,11.1478,0.0227,0.0,0.0,0.0,11.147799999999998,0.0227,11.170499999999999,11.1747
1218,0.2391,0.0,0.2391,0.043,1.0,0.0,13.5899,0.0149,0.0,0.0,0.0,13.589900000000004,0.0149,13.604800000000004,13.6049
1219,0.0904,0.0,0.0904,0.0163,1.0,0.0,5.192,0.009,0.0,0.0,0.0,5.191999999999999,0.009000000000000001,5.201,5.2
1220,0.3315,0.0001,0.3317,0.0597,0.9993970455230631,0.00030147723846849563,19.1475,0.0931,0.0,0.0,0.0,19.1475,0.0931,19.2406,19.2366
1221,2.8324,0.0047,2.837,0.5107,0.9983785689108211,0.0016566795911173774,152.3103,2.8544,0.0,0.0,0.0,152.3103,2.8543999999999996,155.1647,156.1692
1222,0.3862,0.0001,0.3862,0.0695,1.0,0.00025893319523562924,23.1705,0.0326,0.0,0.0,0.0,23.170499999999997,0.0326,23.203099999999996,23.2016
1223,1.1137,0.0032,1.1169,0.201,0.9971349270301727,0.0028650729698272005,63.8403,2.0024,0.0,0.0,0.0,63.8403,2.0024,65.8427,70.3463
1224,0.2699,0.0003,0.2701,0.0486,0.9992595335061087,0.001110699740836727,15.3837,0.1691,0.0,0.0,0.0,15.383699999999997,0.1691,15.552799999999998,15.5479
1225,0.5531,0.0021,0.5552,0.0999,0.9962175792507205,0.0037824207492795385,29.9796,1.2928,0.0,0.0,0.0,29.979600000000005,1.2928000000000002,31.272400000000005,31.277
1226,3.2735,0.0063,3.2798,0.5904,0.9980791511677541,0.0019208488322458687,184.7925,4.0578,0.0,0.0,0.0,184.79250000000002,4.0578,188.8503,200.8499
1227,0.4144,0.0008,0.4152,0.0747,0.9980732177263969,0.0019267822736030828,23.0598,0.4823,0.0,0.0,0.0,23.059799999999996,0.4823000000000001,23.542099999999994,24.0387
1228,2.9396,0.0056,2.9452,0.5301,0.9980986011136765,0.0019013988863235095,173.4544,3.4956,0.0,0.0,0.0,173.4544,3.4956,176.95,184.4526
1229,1.2251,0.0004,1.2255,0.2206,0.9996736026111791,0.00032639738882088947,70.7947,0.2499,0.0,0.0,0.0,70.7947,0.24989999999999998,71.0446,72.0423
1230,0.1661,0.0,0.1661,0.0299,1.0,0.0,9.0599,0.0132,0.0,0.0,0.0,9.059899999999999,0.013200000000000002,9.073099999999998,9.0681
1231,4.0581,0.0041,4.0622,0.7312,0.9989906946974545,0.001009305302545419,221.661,2.6855,0.0,0.0,0.0,221.66100000000003,2.6855,224.34650000000002,227.8496
1232,2.5421,0.0018,2.544,0.4579,0.9992531446540881,0.0007075471698113207,140.0761,1.1817,0.0,0.0,0.0,140.0761,1.1817,141.2578,144.256
1233,0.52,0.0002,0.5202,0.0936,0.9996155324875049,0.00038446751249519417,28.9988,0.1319,0.0,0.0,0.0,28.9988,0.1319,29.1307,29.134
1234,0.1632,0.0004,0.1636,0.0295,0.9975550122249389,0.0024449877750611247,8.7174,0.2542,0.0,0.0,0.0,8.7174,0.25420000000000004,8.9716,8.9697
1235,0.6649,0.0004,0.6653,0.1198,0.9993987674733203,0.0006012325266796934,35.5544,0.2553,0.0,0.0,0.0,35.5544,0.2553,35.8097,36.3109
1236,0.1965,0.0001,0.1965,0.0354,1.0,0.0005089058524173028,11.7872,0.0581,0.0,0.0,0.0,11.7872,0.058100000000000006,11.8453,11.8449
1237,0.5358,0.0003,0.5362,0.0965,0.999254009697874,0.0005594927265945542,30.7216,0.2082,0.0,0.0,0.0,30.72159999999999,0.20820000000000002,30.929799999999993,30.9321
1238,3.1346,0.0048,3.1394,0.5651,0.9984710454226922,0.0015289545773077655,166.1705,3.1512,0.0,0.0,0.0,166.17050000000003,3.1512,169.32170000000002,173.8242
1239,0.4924,0.0002,0.4926,0.0887,0.9995939910678036,0.0004060089321965084,26.0668,0.1171,0.0,0.0,0.0,26.0668,0.11710000000000001,26.1839,26.1795
1240,0.4731,0.0,0.4731,0.0852,1.0,0.0,26.0666,0.0147,0.0,0.0,0.0,26.0666,0.014700000000000003,26.081300000000002,26.0813
1241,0.1184,0.0002,0.1186,0.0213,0.9983136593591906,0.0016863406408094436,6.4547,0.1011,0.0,0.0,0.0,6.454699999999999,0.1011,6.555799999999999,6.556
1242,0.244,0.0,0.2441,0.0439,0.9995903318312166,0.0,14.4817,0.0283,0.0,0.0,0.0,14.481700000000004,0.028300000000000002,14.510000000000003,14.5081
1243,0.0797,0.0001,0.0797,0.0144,1.0,0.0012547051442910917,4.5299,0.0331,0.0,0.0,0.0,4.5299,0.0331,4.563,4.5652
1244,4.1959,0.0063,4.2022,0.7564,0.9985007853029365,0.0014992146970634428,230.777,4.0227,0.0,0.0,0.0,230.77700000000004,4.0227,234.79970000000003,240.8027
1245,2.5563,0.0166,2.5729,0.4631,0.9935481363442029,0.0064518636557969605,144.4545,10.6209,0.0,0.0,0.0,144.45449999999997,10.620899999999999,155.07539999999997,165.5793
1246,2.9452,0.0067,2.9519,0.5313,0.9977302754158337,0.0022697245841661303,170.7336,4.0322,0.0,0.0,0.0,170.73360000000002,4.0322,174.7658,180.2701
1247,4.0393,0.0173,4.0566,0.7302,0.9957353448700881,0.004264655129911748,226.5542,10.7249,0.0,0.0,0.0,226.55419999999992,10.7249,237.27909999999991,240.2754
1248,4.9856,0.0159,5.0015,0.9003,0.9968209537138858,0.003179046286114166,274.7071,9.5752,0.0,0.0,0.0,274.7071,9.5752,284.2823,292.2784
1249,4.1889,0.0057,4.1946,0.755,0.9986411099985696,0.0013588900014304104,223.8183,3.4566,0.0,0.0,0.0,223.8183,3.4566000000000003,227.2749,235.2732
1250,0.4774,0.0003,0.4777,0.086,0.9993719907891981,0.0006280092108017583,26.5088,0.1815,0.0,0.0,0.0,26.508799999999994,0.1815,26.690299999999993,27.1886
1251,4.4851,0.0147,4.4998,0.81,0.9967331881416953,0.0032668118583048136,251.11,9.5889,0.0,0.0,0.0,251.11,9.588899999999999,260.69890000000004,269.1945
1252,0.2181,0.0003,0.2185,0.0393,0.9981693363844393,0.0013729977116704805,12.7927,0.2156,0.0,0.0,0.0,12.792700000000005,0.2156,13.008300000000006,16.0096
1253,0.4573,0.0,0.4573,0.0823,1.0,0.0,23.9742,0.0207,0.0,0.0,0.0,23.974200000000003,0.020700000000000003,23.994900000000005,23.9942
1254,1.9741,0.0042,1.9783,0.3561,0.9978769650710205,0.0021230349289794266,111.2214,2.5952,0.0,0.0,0.0,111.22140000000002,2.5951999999999997,113.81660000000002,116.8174
1255,2.4635,0.0016,2.4651,0.4437,0.9993509391099752,0.0006490608900247454,139.7173,0.9918,0.0,0.0,0.0,139.71730000000002,0.9918,140.70910000000003,144.7112
1256,0.4789,0.0001,0.4789,0.0862,1.0,0.00020881186051367718,27.999,0.0356,0.0,0.0,0.0,27.998999999999995,0.03559999999999999,28.034599999999994,28.0386
1257,3.5924,0.0023,3.5947,0.647,0.9993601691378975,0.0006398308621025398,201.7216,1.468,0.0,0.0,0.0,201.7216,1.468,203.18959999999998,208.6883
1258,3.8077,0.012,3.8197,0.6875,0.9968583920203157,0.0031416079796842684,211.6276,7.7673,0.0,0.0,0.0,211.62760000000006,7.767299999999999,219.39490000000006,227.3996
1259,0.3769,0.0002,0.3771,0.0679,0.9994696367011403,0.0005303632988597189,19.3835,0.1367,0.0,0.0,0.0,19.383499999999998,0.13670000000000002,19.5202,19.5211
1260,1.1969,0.0004,1.1973,0.2155,0.9996659149753613,0.0003340850246387706,66.5897,0.2647,0.0,0.0,0.0,66.5897,0.2647,66.8544,67.3571
1261,0.2202,0.0,0.2203,0.0396,0.9995460735360872,0.0,12.7879,0.017,0.0,0.0,0.0,12.787899999999997,0.017,12.804899999999996,13.3043
1262,0.869,0.0001,0.8691,0.1564,0.9998849384420665,0.00011506155793349442,48.7935,0.0719,0.0,0.0,0.0,48.7935,0.0719,48.8654,49.3682
1263,0.3204,0.0002,0.3206,0.0577,0.9993761696818466,0.0006238303181534623,17.8404,0.1286,0.0,0.0,0.0,17.8404,0.1286,17.968999999999998,18.4703
1264,0.4266,0.0004,0.427,0.0769,0.999063231850117,0.0009367681498829041,22.0767,0.2315,0.0,0.0,0.0,22.07670000000001,0.2315,22.30820000000001,22.8104
1265,0.4386,0.0,0.4386,0.0789,1.0,0.0,22.5542,0.0188,0.0,0.0,0.0,22.554199999999998,0.0188,22.572999999999997,22.5702
1266,0.4132,0.0001,0.4133,0.0744,0.9997580450036293,0.00024195499637067507,23.385,0.0624,0.0,0.0,0.0,23.385000000000005,0.0624,23.447400000000005,23.4469
1267,6.2886,0.0126,6.3012,1.1342,0.9980003808798324,0.001999619120167587,360.8935,8.0269,0.0,0.0,0.0,360.89349999999996,8.0269,368.9204,375.9212
1268,1.9824,0.0038,1.9862,0.3575,0.9980867989124962,0.0019132010875037762,113.4814,2.3338,0.0,0.0,0.0,113.48140000000002,2.3338,115.81520000000002,117.8181
1269,0.1451,0.0,0.1451,0.0261,1.0,0.0,8.076,0.0084,0.0,0.0,0.0,8.076,0.008400000000000001,8.0844,8.0819
1270,0.2564,0.0001,0.2565,0.0462,0.9996101364522417,0.0003898635477582846,15.3837,0.0409,0.0,0.0,0.0,15.383699999999997,0.0409,15.424599999999998,15.9239
1271,0.3551,0.0001,0.3552,0.0639,0.9997184684684685,0.00028153153153153153,20.1843,0.0415,0.0,0.0,0.0,20.184300000000004,0.0415,20.225800000000003,20.2305
1272,3.1005,0.0058,3.1063,0.5591,0.9981328268357853,0.0018671731642146603,176.0821,3.4195,0.0,0.0,0.0,176.08210000000003,3.4194999999999998,179.50160000000002,186.5061
1273,0.474,0.0,0.474,0.0853,1.0,0.0,26.3632,0.0109,0.0,0.0,0.0,26.363200000000006,0.0109,26.374100000000006,26.378
1274,0.3434,0.0001,0.3436,0.0618,0.99941792782305,0.0002910360884749709,17.6611,0.0875,0.0,0.0,0.0,17.6611,0.0875,17.7486,17.7526
1275,0.2367,0.0001,0.2368,0.0426,0.9995777027027026,0.0004222972972972973,12.9918,0.0794,0.0,0.0,0.0,12.9918,0.07939999999999998,13.0712,16.5686
1276,0.7097,0.0003,0.71,0.1278,0.9995774647887324,0.0004225352112676056,37.3105,0.1743,0.0,0.0,0.0,37.31049999999999,0.17429999999999998,37.48479999999999,37.4812
1277,0.3578,0.0001,0.358,0.0644,0.999441340782123,0.0002793296089385475,19.6465,0.0857,0.0,0.0,0.0,19.646499999999996,0.0857,19.732199999999995,19.735
1278,1.8981,0.0007,1.8988,0.3418,0.9996313461133347,0.00036865388666526224,101.1477,0.4356,0.0,0.0,0.0,101.14770000000001,0.4356,101.58330000000001,101.5863
1279,0.4851,0.0,0.4851,0.0873,1.0,0.0,26.974,0.0119,0.0,0.0,0.0,26.974000000000004,0.0119,26.985900000000004,26.988
1280,4.426,0.0189,4.4449,0.8001,0.9957479358365768,0.00425206416342325,257.1823,12.7486,0.0,0.0,0.0,257.1823,12.7486,269.9309,285.4322
1281,3.7328,0.0027,3.7355,0.6724,0.9992772051934146,0.0007227948065854638,209.9091,1.6753,0.0,0.0,0.0,209.90910000000005,1.6752999999999998,211.58440000000004,214.5823
1282,0.1918,0.0,0.1918,0.0345,1.0,0.0,10.6892,0.0129,0.0,0.0,0.0,10.6892,0.012900000000000002,10.7021,10.7058
1283,5.8106,0.0035,5.814,1.0465,0.9994152046783625,0.0006019951840385277,315.7075,2.125,0.0,0.0,0.0,315.7075,2.1249999999999996,317.8325,324.8331
1284,0.7202,0.0007,0.7209,0.1298,0.9990289915383548,0.0009710084616451658,38.9349,0.4999,0.0,0.0,0.0,38.934900000000006,0.4999,39.4348,39.4393
1285,1.3053,0.0014,1.3067,0.2352,0.9989285987602357,0.0010714012397642918,74.7217,0.8534,0.0,0.0,0.0,74.72170000000001,0.8533999999999999,75.5751,76.074
1286,0.5763,0.0015,0.5778,0.104,0.9974039460020769,0.002596053997923157,31.5853,0.9061,0.0,0.0,0.0,31.58530000000001,0.9060999999999999,32.49140000000001,36.9884
1287,4.5493,0.0063,4.5556,0.82,0.9986170866625691,0.0013829133374308542,261.2741,3.8348,0.0,0.0,0.0,261.2741,3.8348,265.10889999999995,273.6119
1288,0.4573,0.0004,0.4576,0.0824,0.9993444055944055,0.0008741258741258741,25.2155,0.2261,0.0,0.0,0.0,25.215500000000006,0.2261,25.441600000000005,25.94
1289,3.6624,0.0111,3.6736,0.6612,0.9969512195121951,0.0030215592334494777,211.3247,6.7437,0.0,0.0,0.0,211.32469999999995,6.7437,218.06839999999994,229.0664
1290,3.0945,0.023,3.1175,0.5611,0.9926222935044106,0.0073777064955894145,172.3189,14.001,0.0,0.0,0.0,172.3189,14.000999999999998,186.31990000000002,195.8233
1291,0.1221,0.0001,0.1222,0.022,0.9991816693944353,0.0008183306055646482,6.7949,0.0782,0.0,0.0,0.0,6.794900000000002,0.0782,6.873100000000002,6.8729
1292,0.4995,0.0003,0.4997,0.09,0.9995997598559135,0.0006003602161296778,26.0597,0.1592,0.0,0.0,0.0,26.059699999999992,0.15919999999999998,26.21889999999999,26.7144
1293,0.2466,0.0002,0.2468,0.0444,0.9991896272285252,0.0008103727714748785,12.7771,0.115,0.0,0.0,0.0,12.777099999999999,0.11499999999999999,12.8921,12.8872
1294,5.1382,0.01,5.1482,0.9267,0.9980575735208422,0.001942426479157764,289.9914,6.2094,0.0,0.0,0.0,289.9914,6.2094,296.2008,307.7031
1295,0.2346,0.0,0.2346,0.0422,1.0,0.0,12.6553,0.0116,0.0,0.0,0.0,12.6553,0.0116,12.6669,12.671
1296,4.1914,0.0065,4.1979,0.7556,0.9984516067557588,0.0015483932442411682,231.5852,4.051,0.0,0.0,0.0,231.58520000000004,4.051,235.63620000000003,241.6357
1297,0.4291,0.0,0.4291,0.0772,1.0,0.0,23.1705,0.015,0.0,0.0,0.0,23.170499999999997,0.014999999999999998,23.185499999999998,23.1813
1298,3.9225,0.0054,3.9279,0.707,0.9986252195829832,0.0013747804170167264,213.2742,3.3168,0.0,0.0,0.0,213.27419999999995,3.3168,216.59099999999995,225.5902
1299,0.2416,0.0,0.2417,0.0435,0.9995862639635913,0.0,13.8398,0.0301,0.0,0.0,0.0,13.839799999999999,0.030099999999999995,13.869899999999998,13.869
1300,0.444,0.0,0.4441,0.0799,0.9997748254897546,0.0,24.5083,0.0109,0.0,0.0,0.0,24.5083,0.0109,24.519199999999998,24.5145
1301,0.1595,0.0,0.1595,0.0287,1.0,0.0,8.3605,0.0137,0.0,0.0,0.0,8.360500000000002,0.0137,8.374200000000002,8.3748
1302,0.2064,0.0,0.2064,0.0372,1.0,0.0,11.3728,0.0254,0.0,0.0,0.0,11.372800000000002,0.025400000000000002,11.398200000000001,11.3967
1303,2.5621,0.0087,2.5708,0.4627,0.9966158394274155,0.003384160572584409,140.7073,5.5288,0.0,0.0,0.0,140.70730000000003,5.5287999999999995,146.23610000000002,156.235
1304,1.5989,0.0016,1.6005,0.2881,0.9990003124023742,0.000999687597625742,86.1919,0.971,0.0,0.0,0.0,86.19190000000002,0.971,87.16290000000002,96.1585
1305,2.4095,0.0019,2.4114,0.434,0.9992120759724641,0.0007879240275358713,134.3328,1.1932,0.0,0.0,0.0,134.3328,1.1932,135.52599999999998,137.022
1306,3.9701,0.0045,3.9747,0.7154,0.9988426799506881,0.0011321609178051174,217.3188,2.7566,0.0,0.0,0.0,217.3188,2.7566,220.0754,226.5768
1307,0.485,0.0,0.4851,0.0873,0.9997938569367141,0.0,28.0668,0.0249,0.0,0.0,0.0,28.0668,0.024900000000000002,28.0917,28.0938
1308,1.6991,0.0024,1.7015,0.3063,0.9985894798707023,0.0014105201292976784,94.7674,1.5454,0.0,0.0,0.0,94.76740000000002,1.5454,96.31280000000002,100.3131
1309,1.532,0.001,1.533,0.2759,0.9993476842791912,0.0006523157208088716,84.1843,0.6736,0.0,0.0,0.0,84.18430000000001,0.6736000000000002,84.8579,87.8628
1310,0.629,0.0002,0.6291,0.1132,0.9998410427594977,0.00031791448100460976,33.9743,0.0968,0.0,0.0,0.0,33.974300000000014,0.09680000000000002,34.071100000000015,34.076
1311,4.3849,0.0055,4.3905,0.7903,0.9987245188475116,0.0012527047033367496,233.4812,3.5012,0.0,0.0,0.0,233.48119999999992,3.5012000000000003,236.98239999999993,246.9837
1312,4.9169,0.0167,4.9336,0.888,0.9966150478352521,0.0033849521647478513,277.3634,10.8802,0.0,0.0,0.0,277.3634,10.880199999999997,288.2436,298.7471
1313,3.5538,0.0112,3.565,0.6417,0.9968583450210379,0.0031416549789621316,203.5854,6.8554,0.0,0.0,0.0,203.58540000000005,6.8553999999999995,210.44080000000005,215.4388
1314,1.4744,0.001,1.4754,0.2656,0.9993222177036735,0.0006777822963264199,85.2216,0.6275,0.0,0.0,0.0,85.22160000000001,0.6275,85.8491,86.8497
1315,0.2219,0.0,0.222,0.04,0.9995495495495494,0.0,12.6152,0.0197,0.0,0.0,0.0,12.615199999999996,0.019700000000000002,12.634899999999996,12.6322
1316,0.9254,0.0001,0.9255,0.1666,0.9998919502971367,0.00010804970286331713,51.5086,0.043,0.0,0.0,0.0,51.5086,0.043,51.5516,51.5528
1317,0.0927,0.0,0.0928,0.0167,0.9989224137931035,0.0,5.3278,0.0256,0.0,0.0,0.0,5.3278,0.025599999999999998,5.3534,5.35
1318,0.5272,0.0001,0.5272,0.0949,1.0,0.00018968133535660092,30.1099,0.0404,0.0,0.0,0.0,30.109899999999996,0.04039999999999999,30.150299999999994,30.1453
1319,0.3708,0.0001,0.3708,0.0667,1.0,0.00026968716289104636,21.8699,0.0333,0.0,0.0,0.0,21.869899999999994,0.0333,21.903199999999995,21.9053
1320,0.3647,0.0002,0.3649,0.0657,0.9994519046314059,0.0005480953685941354,19.2217,0.132,0.0,0.0,0.0,19.2217,0.13199999999999998,19.3537,19.3578
1321,1.2562,0.0013,1.2575,0.2264,0.9989662027833002,0.001033797216699801,69.7927,0.8532,0.0,0.0,0.0,69.79270000000001,0.8531999999999997,70.64590000000001,72.1443
1322,0.2635,0.0001,0.2636,0.0474,0.9996206373292869,0.00037936267071320183,15.1382,0.0407,0.0,0.0,0.0,15.138200000000001,0.04069999999999999,15.1789,15.1833
1323,1.2413,0.0008,1.2421,0.2236,0.9993559294742775,0.0006440705257225667,68.7771,0.5311,0.0,0.0,0.0,68.77709999999998,0.5310999999999999,69.30819999999997,69.81
1324,3.2641,0.0026,3.2668,0.588,0.9991735031223216,0.0007958858822088895,184.818,1.7102,0.0,0.0,0.0,184.81799999999998,1.7102000000000002,186.52819999999997,189.531
1325,0.2755,0.0,0.2756,0.0496,0.9996371552975327,0.0,15.06,0.0294,0.0,0.0,0.0,15.059999999999995,0.0294,15.089399999999996,15.0934
1326,4.6242,0.0028,4.627,0.8329,0.9993948562783662,0.0006051437216338881,266.9091,1.8479,0.0,0.0,0.0,266.9091000000001,1.8479,268.75700000000006,271.7616
1327,3.794,0.0038,3.7978,0.6836,0.9989994207172573,0.0010005792827426404,214.6657,2.2855,0.0,0.0,0.0,214.6657,2.2855,216.9512,228.9492
1328,0.2915,0.0,0.2915,0.0525,1.0,0.0,15.8887,0.0216,0.0,0.0,0.0,15.888700000000004,0.0216,15.910300000000003,15.9064
1329,2.7074,0.0011,2.7086,0.4875,0.9995569666986635,0.00040611385955844346,147.7674,0.7261,0.0,0.0,0.0,147.7674,0.7261,148.4935,148.4941
1330,0.6614,0.0002,0.6616,0.1191,0.9996977025392987,0.00030229746070133015,35.2283,0.1145,0.0,0.0,0.0,35.22829999999999,0.1145,35.34279999999999,35.3425
1331,1.8235,0.0217,1.8452,0.3321,0.9882397572078907,0.011760242792109257,98.0913,13.6963,0.0,0.0,0.0,98.09130000000002,13.6963,111.78760000000003,119.2833
1332,3.9455,0.0133,3.9588,0.7126,0.9966403960796201,0.003359603920379913,210.6863,8.3416,0.0,0.0,0.0,210.68629999999996,8.3416,219.02789999999996,229.0251
1333,0.3651,0.0003,0.3654,0.0658,0.9991789819376026,0.0008210180623973727,18.7771,0.1642,0.0,0.0,0.0,18.777100000000004,0.16419999999999996,18.941300000000005,18.9409
1334,0.4331,0.0,0.4331,0.078,1.0,0.0,22.7074,0.0096,0.0,0.0,0.0,22.7074,0.009600000000000001,22.717,22.7181
1335,0.9863,0.0002,0.9866,0.1776,0.9996959254003648,0.00020271639975674033,56.9796,0.1528,0.0,0.0,0.0,56.97959999999999,0.15280000000000002,57.13239999999999,57.1358
1336,2.2045,0.0013,2.2058,0.397,0.9994106446640674,0.0005893553359325415,126.0909,0.8341,0.0,0.0,0.0,126.0909,0.8341000000000002,126.92500000000001,133.9255
1337,0.4977,0.0001,0.4979,0.0896,0.9995983129142397,0.0002008435428800964,26.9985,0.0686,0.0,0.0,0.0,26.998499999999996,0.06860000000000001,27.067099999999996,27.0713
1338,0.4337,0.0003,0.434,0.0781,0.9993087557603686,0.0006912442396313363,25.1477,0.2159,0.0,0.0,0.0,25.1477,0.2159,25.3636,25.3636
1339,0.1179,0.0001,0.118,0.0212,0.9991525423728814,0.0008474576271186442,7.0761,0.0338,0.0,0.0,0.0,7.076100000000001,0.0338,7.109900000000001,7.1095
1340,4.1373,0.0054,4.1428,0.7457,0.9986723954813168,0.0013034662547069616,230.787,3.5009,0.0,0.0,0.0,230.78699999999998,3.5008999999999997,234.28789999999998,247.7861
1341,0.1905,0.0,0.1905,0.0343,1.0,0.0,9.8886,0.0092,0.0,0.0,0.0,9.888600000000004,0.009199999999999998,9.897800000000004,9.8982
1342,0.7996,0.0004,0.8,0.144,0.9994999999999999,0.0005,47.1383,0.2623,0.0,0.0,0.0,47.1383,0.2623,47.400600000000004,48.9005
1343,0.4197,0.0001,0.4197,0.0756,1.0,0.0002382654276864427,23.3634,0.0448,0.0,0.0,0.0,23.363400000000006,0.0448,23.408200000000004,23.4111
1344,2.5833,0.0016,2.5849,0.4653,0.9993810205423806,0.0006189794576192502,147.5897,1.0198,0.0,0.0,0.0,147.58970000000002,1.0198,148.60950000000003,151.1085
1345,0.4795,0.0001,0.4796,0.0863,0.9997914929107589,0.0002085070892410342,26.2952,0.0551,0.0,0.0,0.0,26.295199999999998,0.0551,26.350299999999997,26.3531
1346,0.3205,0.0006,0.3211,0.0578,0.9981314232326378,0.0018685767673621923,17.3607,0.3666,0.0,0.0,0.0,17.3607,0.36660000000000004,17.7273,19.73
1347,0.1718,0.0001,0.1719,0.0309,0.9994182664339734,0.0005817335660267598,9.333,0.0339,0.0,0.0,0.0,9.332999999999998,0.033900000000000007,9.366899999999998,9.3652
1348,3.3328,0.0068,3.3396,0.6011,0.9979638280033538,0.002036171996646305,178.1196,4.2609,0.0,0.0,0.0,178.1196,4.2608999999999995,182.38049999999998,190.8766
1349,3.6017,0.0137,3.6153,0.6508,0.9962382098304429,0.003789450391392139,199.53,8.7464,0.0,0.0,0.0,199.52999999999994,8.7464,208.27639999999994,217.7763
1350,0.1232,0.0,0.1232,0.0222,1.0,0.0,7.076,0.0093,0.0,0.0,0.0,7.0760000000000005,0.0093,7.0853,7.0826
1351,0.218,0.0001,0.2181,0.0393,0.9995414947271895,0.00045850527281063736,11.7771,0.0641,0.0,0.0,0.0,11.777099999999999,0.0641,11.841199999999999,11.8363
1352,1.4552,0.0004,1.4556,0.262,0.9997251992305579,0.0002748007694421544,77.7175,0.2636,0.0,0.0,0.0,77.71749999999997,0.2636,77.98109999999997,79.481
1353,2.2239,0.0039,2.2278,0.401,0.9982493940210073,0.0017506059789927284,121.092,2.5002,0.0,0.0,0.0,121.09199999999996,2.5002,123.59219999999996,131.0959
1354,0.5351,0.0,0.5352,0.0963,0.999813153961136,0.0,27.5207,0.028,0.0,0.0,0.0,27.520700000000005,0.027999999999999997,27.548700000000004,27.5489
1355,3.4048,0.0036,3.4084,0.6135,0.9989437859406173,0.0010562140593827016,184.6612,2.344,0.0,0.0,0.0,184.6612,2.344,187.0052,196.005
1356,6.4425,0.0227,6.4652,1.1637,0.9964888943884179,0.003511105611582008,341.6465,13.6297,0.0,0.0,0.0,341.64650000000006,13.6297,355.2762000000001,365.7775
1357,3.928,0.0058,3.9338,0.7081,0.9985255986577863,0.0014744013422136354,217.745,3.5803,0.0,0.0,0.0,217.745,3.5803000000000003,221.3253,226.8265
1358,0.3674,0.0002,0.3676,0.0662,0.999455930359086,0.000544069640914037,19.192,0.1533,0.0,0.0,0.0,19.191999999999997,0.1533,19.345299999999998,19.3494
1359,0.2049,0.0002,0.2051,0.0369,0.9990248659190638,0.0009751340809361288,11.076,0.1286,0.0,0.0,0.0,11.076,0.1286,11.204600000000001,11.205
1360,0.4269,0.0,0.427,0.0769,0.9997658079625293,0.0,24.5855,0.0172,0.0,0.0,0.0,24.585500000000003,0.0172,24.602700000000002,26.0994
1361,0.912,0.0002,0.9122,0.1642,0.9997807498355624,0.00021925016443762334,51.7339,0.1069,0.0,0.0,0.0,51.733900000000006,0.10689999999999997,51.84080000000001,51.8413
1362,0.7356,0.0012,0.7368,0.1326,0.998371335504886,0.0016286644951140064,39.1476,0.7456,0.0,0.0,0.0,39.147600000000004,0.7456,39.89320000000001,45.8959
1363,3.7371,0.0224,3.7595,0.6767,0.9940417608724564,0.005958239127543556,214.9018,14.0871,0.0,0.0,0.0,214.90179999999992,14.0871,228.98889999999992,232.9915
1364,3.0951,0.002,3.0971,0.5575,0.9993542346065674,0.0006457653934325659,163.7675,1.236,0.0,0.0,0.0,163.7675,1.236,165.0035,172.5055
1365,0.4715,0.0001,0.4716,0.0849,0.999787955894826,0.00021204410517387616,26.5209,0.0504,0.0,0.0,0.0,26.520900000000005,0.0504,26.571300000000004,27.5718
1366,2.0589,0.0248,2.0837,0.3751,0.9880980947353266,0.011901905264673418,115.689,15.7891,0.0,0.0,0.0,115.68900000000002,15.789100000000001,131.4781,143.4752
1367,5.4732,0.0186,5.4918,0.9885,0.9966131323063477,0.0033868676936523543,302.5456,12.5147,0.0,0.0,0.0,302.54560000000004,12.5147,315.06030000000004,328.5618
1368,2.9596,0.0019,2.9615,0.5331,0.9993584332264055,0.0006415667735944622,165.5543,1.1968,0.0,0.0,0.0,165.55429999999996,1.1968000000000003,166.75109999999995,173.2544
1369,2.5038,0.0247,2.5286,0.4551,0.9901922012180654,0.00976825120620106,137.1705,15.6258,0.0,0.0,0.0,137.17050000000003,15.625800000000002,152.79630000000003,158.7987
1370,0.3046,0.0,0.3047,0.0548,0.9996718083360682,0.0,17.7212,0.0142,0.0,0.0,0.0,17.721199999999996,0.014199999999999999,17.735399999999995,17.7352
1371,0.7328,0.0003,0.7331,0.1319,0.9995907788841905,0.0004092211158095758,43.319,0.1767,0.0,0.0,0.0,43.319,0.17670000000000002,43.4957,43.4913
1372,0.5174,0.0001,0.5175,0.0932,0.9998067632850242,0.00019323671497584543,28.5209,0.0572,0.0,0.0,0.0,28.520900000000005,0.057199999999999994,28.578100000000006,29.0819
1373,2.6952,0.0292,2.7243,0.4904,0.98931835700914,0.010718349667804574,154.7339,16.9814,0.0,0.0,0.0,154.73390000000003,16.9814,171.71530000000004,182.214
1374,2.5597,0.0015,2.5612,0.461,0.9994143370295174,0.0005856629704825864,141.3247,0.9262,0.0,0.0,0.0,141.3247,0.9262,142.2509,151.2466
1375,0.6154,0.0005,0.6159,0.1109,0.9991881798993342,0.0008118201006656925,36.1195,0.2965,0.0,0.0,0.0,36.119499999999995,0.2965,36.416,36.4113
1376,5.3223,0.0223,5.3446,0.962,0.9958275642704787,0.004172435729521386,283.0668,14.4827,0.0,0.0,0.0,283.06679999999994,14.482700000000001,297.54949999999997,307.5498
1377,0.6284,0.0,0.6284,0.1131,1.0,0.0,33.9741,0.0105,0.0,0.0,0.0,33.974100000000014,0.010499999999999999,33.984600000000015,33.9843
1378,4.2115,0.0172,4.2287,0.7612,0.9959325561047131,0.004067443895286967,244.3187,11.2985,0.0,0.0,0.0,244.31870000000004,11.298499999999999,255.61720000000003,266.12
1379,4.2553,0.0071,4.2624,0.7672,0.9983342717717717,0.0016657282282282282,237.3331,4.6583,0.0,0.0,0.0,237.3331,4.6583000000000006,241.9914,247.9874
1380,1.7324,0.0024,1.7348,0.3123,0.998616555222504,0.001383444777495965,99.9917,1.5248,0.0,0.0,0.0,99.99170000000001,1.5248000000000002,101.51650000000001,111.0129
1381,1.1786,0.0017,1.1803,0.2125,0.9985596882148607,0.0014403117851393714,62.574,1.0516,0.0,0.0,0.0,62.57400000000003,1.0515999999999999,63.62560000000003,69.1289
1382,0.3422,0.0,0.3422,0.0616,1.0,0.0,19.1198,0.0244,0.0,0.0,0.0,19.119799999999994,0.024399999999999998,19.144199999999994,19.1419
1383,0.957,0.001,0.958,0.1724,0.9989561586638831,0.0010438413361169103,52.1918,0.633,0.0,0.0,0.0,52.1918,0.633,52.8248,55.3296
1384,0.1135,0.0001,0.1136,0.0204,0.9991197183098591,0.0008802816901408451,5.8936,0.06,0.0,0.0,0.0,5.8936,0.06,5.9536,5.9536
1385,0.3799,0.0,0.3799,0.0684,1.0,0.0,21.2741,0.0155,0.0,0.0,0.0,21.2741,0.0155,21.2896,21.288
1386,2.8263,0.0025,2.8288,0.5092,0.9991162330316741,0.0008837669683257919,155.0905,1.5441,0.0,0.0,0.0,155.09049999999996,1.5440999999999998,156.63459999999995,160.6302
1387,0.628,0.0004,0.6284,0.1131,0.9993634627625717,0.0006365372374283896,33.5108,0.2684,0.0,0.0,0.0,33.510799999999996,0.2684,33.779199999999996,33.7757
1388,2.7899,0.0029,2.7927,0.5027,0.9989973860421814,0.0010384215991692627,161.5882,1.6993,0.0,0.0,0.0,161.58819999999997,1.6993,163.28749999999997,168.7883
1389,2.4924,0.0077,2.5001,0.45,0.9969201231950721,0.003079876804927803,136.4347,5.0058,0.0,0.0,0.0,136.4347,5.0058,141.4405,147.4421
1390,5.9479,0.0145,5.9624,1.0732,0.997568093385214,0.0024319066147859923,334.8696,8.8488,0.0,0.0,0.0,334.8696,8.848799999999999,343.7184,351.2233
1391,0.298,0.0001,0.2981,0.0537,0.9996645420999665,0.00033545790003354584,17.3725,0.069,0.0,0.0,0.0,17.372500000000002,0.069,17.4415,17.4404
1392,0.1952,0.0001,0.1953,0.0352,0.9994879672299027,0.0005120327700972862,11.1921,0.094,0.0,0.0,0.0,11.192099999999998,0.094,11.286099999999998,12.7843
1393,3.1914,0.0117,3.2031,0.5766,0.9963472885642033,0.003652711435796572,180.8177,7.0611,0.0,0.0,0.0,180.81769999999997,7.061100000000001,187.87879999999998,202.3826
1394,1.0144,0.0005,1.0149,0.1827,0.9995073406246922,0.0004926593753079121,55.3635,0.3246,0.0,0.0,0.0,55.363499999999995,0.3246,55.68809999999999,57.1841
1395,3.7256,0.024,3.7496,0.6749,0.9935993172605078,0.006400682739492213,207.3778,14.5183,0.0,0.0,0.0,207.3778,14.5183,221.89610000000002,230.8951
1396,2.6258,0.0088,2.6346,0.4742,0.9966598345099825,0.00334016549001746,152.9825,5.692,0.0,0.0,0.0,152.98250000000002,5.691999999999999,158.67450000000002,167.6743
1397,0.4129,0.0,0.4129,0.0743,1.0,0.0,22.2951,0.0152,0.0,0.0,0.0,22.295099999999998,0.015199999999999998,22.310299999999998,22.3081
1398,0.1774,0.0,0.1775,0.0319,0.9994366197183099,0.0,9.777,0.0206,0.0,0.0,0.0,9.777,0.020599999999999997,9.7976,9.795
1399,0.1901,0.0,0.1901,0.0342,1.0,0.0,9.777,0.0087,0.0,0.0,0.0,9.777,0.008700000000000001,9.785699999999999,9.7831
1400,1.5543,0.0006,1.5549,0.2799,0.9996141230947329,0.00038587690526721975,81.6611,0.3539,0.0,0.0,0.0,81.66110000000003,0.3539,82.01500000000003,82.5198
1401,1.8298,0.0014,1.8311,0.3296,0.9992900442357054,0.0007645677461635083,105.2955,0.9502,0.0,0.0,0.0,105.29550000000002,0.9502,106.24570000000001,108.2483
1402,1.0982,0.0009,1.0991,0.1978,0.9991811482121737,0.0008188517878264034,64.067,0.5067,0.0,0.0,0.0,64.06700000000001,0.5066999999999999,64.5737,67.5727
1403,0.282,0.0002,0.2822,0.0508,0.9992912827781714,0.0007087172218284905,16.5756,0.0945,0.0,0.0,0.0,16.575599999999998,0.0945,16.670099999999998,17.1693
1404,0.3172,0.0,0.3173,0.0571,0.9996848408446264,0.0,17.6611,0.0093,0.0,0.0,0.0,17.6611,0.0093,17.6704,18.6738
1405,0.4591,0.0007,0.4598,0.0828,0.9984775989560679,0.0015224010439321444,27.3608,0.4457,0.0,0.0,0.0,27.36080000000001,0.4457,27.806500000000007,30.8084
1406,0.4104,0.0002,0.4105,0.0739,0.9997563946406821,0.00048721071863581006,23.5741,0.116,0.0,0.0,0.0,23.5741,0.11599999999999999,23.6901,23.6922
1407,2.399,0.0206,2.4195,0.4355,0.9915271750361644,0.008514155817317627,130.3607,12.8992,0.0,0.0,0.0,130.3607,12.8992,143.25990000000002,148.2636
1408,4.6232,0.0065,4.6297,0.8334,0.9985960213404756,0.0014039786595243752,262.0668,4.0655,0.0,0.0,0.0,262.06679999999994,4.065499999999999,266.13229999999993,282.6278
1409,0.4657,0.0002,0.4659,0.0839,0.999570723331187,0.00042927666881305005,26.4349,0.1411,0.0,0.0,0.0,26.434900000000003,0.1411,26.576000000000004,30.0728
1410,5.4655,0.0042,5.4696,0.9845,0.9992504022231973,0.000767880649407635,292.1917,2.7557,0.0,0.0,0.0,292.1917,2.7556999999999996,294.9474,308.4474
1411,0.3438,0.0002,0.344,0.0619,0.9994186046511628,0.0005813953488372094,17.6807,0.1111,0.0,0.0,0.0,17.680699999999995,0.1111,17.791799999999995,18.7874
1412,0.1647,0.0002,0.1649,0.0297,0.9987871437234689,0.001212856276531231,9.6888,0.1107,0.0,0.0,0.0,9.6888,0.11069999999999999,9.7995,11.2993
1413,0.6639,0.0003,0.6641,0.1195,0.9996988405360638,0.00045173919590423125,34.3634,0.1731,0.0,0.0,0.0,34.363400000000006,0.17310000000000003,34.536500000000004,35.0383
1414,0.3119,0.0,0.3119,0.0561,1.0,0.0,16.5108,0.009,0.0,0.0,0.0,16.5108,0.009000000000000001,16.5198,16.5158
1415,0.434,0.0001,0.4341,0.0781,0.9997696383321816,0.00023036166781847502,22.3191,0.0513,0.0,0.0,0.0,22.319099999999995,0.051300000000000005,22.370399999999997,22.3683
1416,0.4469,0.0001,0.447,0.0805,0.9997762863534676,0.00022371364653243848,26.5205,0.0596,0.0,0.0,0.0,26.520500000000006,0.0596,26.580100000000005,26.5777
1417,2.9214,0.0106,2.932,0.5278,0.9963847203274216,0.0036152796725784446,168.2954,6.7906,0.0,0.0,0.0,168.2954,6.790600000000001,175.086,179.5834
1418,0.6277,0.0004,0.6281,0.1131,0.999363158732686,0.000636841267314122,34.6806,0.228,0.0,0.0,0.0,34.68059999999999,0.228,34.90859999999999,35.9126
1419,4.1977,0.0054,4.2032,0.7566,0.9986914731633042,0.0012847354396650172,243.0596,3.6555,0.0,0.0,0.0,243.05960000000002,3.6555000000000004,246.7151,257.714
1420,0.3798,0.0,0.3799,0.0684,0.9997367728349565,0.0,20.3248,0.0305,0.0,0.0,0.0,20.324799999999996,0.030500000000000006,20.355299999999996,20.3588
1421,0.3902,0.0001,0.3902,0.0702,1.0,0.00025627883136852895,22.1818,0.0463,0.0,0.0,0.0,22.181800000000006,0.046299999999999994,22.228100000000005,22.2291
1422,0.4532,0.0,0.4533,0.0816,0.99977939554379,0.0,24.5744,0.013,0.0,0.0,0.0,24.5744,0.012999999999999998,24.587400000000002,24.5908
1423,1.8773,0.0021,1.8794,0.3383,0.9988826221134405,0.0011173778865595403,108.7878,1.4016,0.0,0.0,0.0,108.78779999999999,1.4016,110.18939999999999,114.6936
1424,0.5431,0.0004,0.5435,0.0978,0.9992640294388225,0.000735970561177553,29.1521,0.2858,0.0,0.0,0.0,29.1521,0.28580000000000005,29.4379,30.9375
1425,0.6699,0.0007,0.6706,0.1207,0.9989561586638832,0.0010438413361169103,38.0587,0.4157,0.0,0.0,0.0,38.0587,0.4157,38.4744,38.9757
1426,0.1859,0.0,0.1859,0.0335,1.0,0.0,10.9093,0.0235,0.0,0.0,0.0,10.909299999999996,0.0235,10.932799999999997,11.4284
1427,1.6311,0.0049,1.636,0.2945,0.9970048899755501,0.002995110024449878,92.2953,3.2212,0.0,0.0,0.0,92.29530000000001,3.2212000000000005,95.51650000000001,104.514
1428,0.3551,0.0,0.3551,0.0639,1.0,0.0,20.1844,0.0101,0.0,0.0,0.0,20.184400000000004,0.0101,20.194500000000005,20.1934
1429,0.6818,0.0003,0.6822,0.1228,0.9994136616827909,0.0004397537379067722,40.319,0.2026,0.0,0.0,0.0,40.31900000000001,0.2026,40.52160000000001,41.023
1430,0.225,0.0001,0.2251,0.0405,0.9995557529986673,0.00044424700133274104,13.3726,0.0572,0.0,0.0,0.0,13.372600000000004,0.057199999999999994,13.429800000000004,13.4319
1431,5.7415,0.0047,5.7462,1.0343,0.9991820681493857,0.000817931850614319,307.1716,2.8119,0.0,0.0,0.0,307.1716,2.8119,309.9835,317.9796
1432,1.1904,0.0013,1.1917,0.2145,0.9989091214231769,0.001090878576823026,66.1843,0.7725,0.0,0.0,0.0,66.1843,0.7725000000000002,66.95679999999999,68.4529
1433,0.7137,0.0005,0.7142,0.1286,0.9992999159899189,0.0007000840100812099,40.569,0.2955,0.0,0.0,0.0,40.56900000000002,0.2955,40.864500000000014,40.8689
1434,1.2055,0.0024,1.2079,0.2174,0.998013080553026,0.0019869194469740873,68.3105,1.4352,0.0,0.0,0.0,68.31049999999998,1.4351999999999998,69.74569999999997,73.744
1435,0.3288,0.0001,0.3289,0.0592,0.9996959562176952,0.0003040437823046519,17.3637,0.0484,0.0,0.0,0.0,17.363699999999998,0.0484,17.4121,17.4079
1436,7.0764,0.0269,7.1033,1.2786,0.9962130277476665,0.0037869722523334224,404.5212,17.0734,0.0,0.0,0.0,404.5212,17.073400000000003,421.5946,430.0961
1437,1.2692,0.0017,1.271,0.2288,0.998583792289536,0.0013375295043273013,72.7771,1.079,0.0,0.0,0.0,72.77709999999999,1.0789999999999997,73.85609999999998,76.8561
1438,2.9027,0.0029,2.9057,0.523,0.9989675465464432,0.000998038338438242,157.325,1.9612,0.0,0.0,0.0,157.32499999999996,1.9611999999999998,159.28619999999995,163.7865
1439,1.2374,0.001,1.2384,0.2229,0.9991925064599484,0.0008074935400516796,71.1819,0.6874,0.0,0.0,0.0,71.18190000000001,0.6873999999999999,71.86930000000001,77.8696
1440,0.7143,0.0005,0.7148,0.1287,0.9993005036373812,0.0006994963626189144,41.5542,0.3166,0.0,0.0,0.0,41.554200000000016,0.3166,41.87080000000002,43.8748
1441,1.5753,0.0015,1.5768,0.2838,0.999048706240487,0.0009512937595129377,86.6364,0.9258,0.0,0.0,0.0,86.6364,0.9258,87.56219999999999,92.559
1442,0.2367,0.0,0.2368,0.0426,0.9995777027027026,0.0,12.3276,0.022,0.0,0.0,0.0,12.3276,0.022000000000000002,12.3496,12.3534
1443,1.9982,0.0025,2.0007,0.3601,0.9987504373469285,0.001249562653071425,104.1715,1.5129,0.0,0.0,0.0,104.17149999999998,1.5129000000000001,105.68439999999998,115.6889
1444,0.3222,0.0,0.3223,0.058,0.9996897300651567,0.0,17.0586,0.0265,0.0,0.0,0.0,17.0586,0.0265,17.085099999999997,17.089
1445,3.6464,0.0208,3.6672,0.6601,0.9943280977312391,0.005671902268760908,205.9019,12.9571,0.0,0.0,0.0,205.90189999999998,12.9571,218.85899999999998,224.3566
1446,2.147,0.0042,2.1512,0.3872,0.9980476013387877,0.0019523986612123467,119.7674,2.657,0.0,0.0,0.0,119.76740000000001,2.657,122.4244,126.4212
1447,5.0875,0.0111,5.0985,0.9177,0.9978425026968718,0.002177110914974993,280.3105,6.4603,0.0,0.0,0.0,280.31050000000005,6.460299999999999,286.77080000000007,291.7696
1448,0.2461,0.0002,0.2463,0.0443,0.9991879821356071,0.0008120178643930167,12.8885,0.1517,0.0,0.0,0.0,12.888500000000004,0.1517,13.040200000000004,15.0354
1449,2.2192,0.0028,2.222,0.4,0.9987398739873987,0.0012601260126012602,124.1818,1.7481,0.0,0.0,0.0,124.18180000000001,1.7481000000000002,125.9299,128.9265
1450,3.5575,0.0074,3.5649,0.6417,0.9979242054475581,0.0020757945524418637,206.2282,4.8234,0.0,0.0,0.0,206.2282,4.8233999999999995,211.05159999999998,219.5533
1451,0.1845,0.0001,0.1847,0.0332,0.9989171629669734,0.0005414185165132648,9.7877,0.0892,0.0,0.0,0.0,9.7877,0.0892,9.8769,9.8779
1452,0.1009,0.0001,0.1011,0.0182,0.9980217606330367,0.0009891196834817015,5.1917,0.0805,0.0,0.0,0.0,5.191699999999999,0.0805,5.272199999999999,5.2705
1453,0.3635,0.0,0.3635,0.0654,1.0,0.0,20.5086,0.013,0.0,0.0,0.0,20.508599999999998,0.012999999999999998,20.5216,20.5191
1454,1.7143,0.0031,1.7174,0.3091,0.9981949458483754,0.0018050541516245486,95.6864,1.8775,0.0,0.0,0.0,95.68639999999998,1.8775,97.56389999999998,105.0598
1455,0.3976,0.0,0.3977,0.0716,0.9997485541865728,0.0,21.6272,0.0275,0.0,0.0,0.0,21.6272,0.0275,21.6547,21.6526
1456,3.9679,0.0073,3.9752,0.7155,0.998163614409338,0.001836385590662105,219.574,4.389,0.0,0.0,0.0,219.5739999999999,4.388999999999999,223.9629999999999,236.959
1457,0.5348,0.0003,0.5351,0.0963,0.9994393571295086,0.0005606428704914969,28.6273,0.2013,0.0,0.0,0.0,28.627299999999998,0.20129999999999998,28.828599999999998,28.8326
1458,0.1032,0.0,0.1032,0.0186,1.0,0.0,5.6865,0.0262,0.0,0.0,0.0,5.686500000000001,0.026199999999999998,5.712700000000002,5.7087
1459,0.246,0.0003,0.2463,0.0443,0.9987819732034104,0.001218026796589525,12.8885,0.1678,0.0,0.0,0.0,12.888500000000004,0.16779999999999998,13.056300000000004,13.0572
1460,1.9984,0.0008,1.9992,0.3599,0.9995998399359743,0.00040016006402561027,114.8546,0.5494,0.0,0.0,0.0,114.85459999999999,0.5494,115.404,118.402
1461,2.2652,0.0026,2.2678,0.4082,0.9988535144192611,0.0011464855807390422,131.6364,1.5931,0.0,0.0,0.0,131.63639999999998,1.5931,133.22949999999997,136.2344
1462,3.1096,0.0141,3.1237,0.5623,0.9954861222268464,0.004513877773153632,170.1524,8.8444,0.0,0.0,0.0,170.1524,8.844399999999998,178.9968,187.494
1463,2.0675,0.0106,2.0782,0.3741,0.9948513136368011,0.0051005677990568765,116.7338,6.7967,0.0,0.0,0.0,116.73379999999999,6.7967,123.53049999999999,132.0339
1464,6.2583,0.0245,6.2828,1.1309,0.9961004647609346,0.003899535239065385,356.8402,16.574,0.0,0.0,0.0,356.8401999999999,16.574,373.41419999999994,383.4095
1465,0.1032,0.0002,0.1034,0.0186,0.9980657640232108,0.0019342359767891683,5.6863,0.1064,0.0,0.0,0.0,5.686300000000001,0.10640000000000001,5.792700000000001,5.7898
1466,0.8019,0.0007,0.8026,0.1445,0.9991278345377522,0.000872165462247695,45.5851,0.4709,0.0,0.0,0.0,45.5851,0.4709,46.056,47.5599
1467,1.5831,0.0023,1.5853,0.2854,0.9986122500473097,0.0014508294959944491,85.1382,1.3637,0.0,0.0,0.0,85.13820000000003,1.3637000000000001,86.50190000000002,89.5034
1468,0.5757,0.0002,0.5759,0.1037,0.9996527174856746,0.00034728251432540375,33.5082,0.1086,0.0,0.0,0.0,33.508199999999995,0.1086,33.6168,33.6128
1469,0.318,0.0001,0.318,0.0572,1.0,0.00031446540880503143,16.5106,0.0342,0.0,0.0,0.0,16.5106,0.0342,16.5448,16.5487
1470,5.6794,0.0114,5.6908,1.0243,0.997996766711183,0.002003233288817038,299.1476,6.8741,0.0,0.0,0.0,299.1476000000001,6.8741,306.0217000000001,310.0232
1471,6.0595,0.0034,6.0629,1.0913,0.9994392122581602,0.0005607877418397137,330.1523,2.0801,0.0,0.0,0.0,330.15229999999997,2.0801000000000003,332.2324,338.2322
1472,0.7489,0.0008,0.7497,0.1349,0.9989329064959317,0.001067093504068294,42.4818,0.4639,0.0,0.0,0.0,42.4818,0.4638999999999999,42.9457,43.4475
1473,2.9075,0.0027,2.9102,0.5238,0.9990722287128033,0.0009277712871967563,160.2953,1.7799,0.0,0.0,0.0,160.29530000000003,1.7798999999999998,162.07520000000002,164.5774
1474,0.6139,0.0,0.6139,0.1105,1.0,0.0,32.0665,0.0271,0.0,0.0,0.0,32.066500000000005,0.0271,32.0936,32.0946
1475,2.7755,0.0053,2.7808,0.5005,0.9980940736478711,0.0019059263521288836,147.2743,3.4444,0.0,0.0,0.0,147.27429999999998,3.4444,150.71869999999998,163.7165
1476,0.6502,0.0014,0.6516,0.1173,0.9978514426028239,0.002148557397176182,34.1476,0.9112,0.0,0.0,0.0,34.147600000000004,0.9111999999999999,35.058800000000005,35.5571
1477,1.9934,0.0047,1.9981,0.3597,0.9976477653771083,0.0023522346228917472,109.1918,3.061,0.0,0.0,0.0,109.1918,3.0610000000000004,112.25280000000001,115.7554
1478,0.4339,0.0001,0.434,0.0781,0.9997695852534563,0.0002304147465437788,24.6611,0.0785,0.0,0.0,0.0,24.661100000000005,0.07849999999999999,24.739600000000003,24.737
1479,0.1986,0.0,0.1987,0.0358,0.9994967287367892,0.0,11.787,0.0176,0.0,0.0,0.0,11.787,0.0176,11.8046,12.8027
1480,2.3139,0.0014,2.3153,0.4168,0.9993953267395153,0.0006046732604846024,125.5883,0.9496,0.0,0.0,0.0,125.58829999999999,0.9496,126.5379,130.5351
1481,2.8911,0.0062,2.8973,0.5215,0.9978600766230628,0.0021399233769371483,170.6806,3.9913,0.0,0.0,0.0,170.68059999999994,3.9912999999999994,174.67189999999994,184.1762
1482,0.9864,0.0033,0.9897,0.1782,0.9966656562594726,0.0033343437405274324,55.2744,2.0605,0.0,0.0,0.0,55.27439999999999,2.0604999999999998,57.33489999999999,63.8351
1483,0.9629,0.0007,0.9636,0.1734,0.9992735574927355,0.000726442507264425,50.5737,0.4324,0.0,0.0,0.0,50.5737,0.4324,51.0061,53.5047
1484,3.0534,0.01,3.0634,0.5514,0.9967356531957955,0.0032643468042044786,175.3188,6.3204,0.0,0.0,0.0,175.3188,6.320399999999999,181.63920000000002,184.6366
1485,0.3154,0.0001,0.3154,0.0568,1.0,0.0003170577045022194,16.5735,0.0534,0.0,0.0,0.0,16.573500000000003,0.0534,16.626900000000003,16.6302
1486,2.2776,0.0011,2.2787,0.4102,0.9995172686180717,0.00048273138192829246,125.092,0.6682,0.0,0.0,0.0,125.09199999999998,0.6682,125.76019999999998,127.7563
1487,3.7308,0.0044,3.7352,0.6723,0.9988220175626472,0.0011779824373527523,206.3276,2.7973,0.0,0.0,0.0,206.32759999999996,2.7973000000000003,209.12489999999997,212.6286
1488,0.5189,0.0,0.519,0.0934,0.9998073217726398,0.0,27.6659,0.0196,0.0,0.0,0.0,27.665899999999993,0.0196,27.685499999999994,27.6892
1489,0.508,0.0003,0.5084,0.0915,0.999213217938631,0.0005900865460267506,27.0822,0.2041,0.0,0.0,0.0,27.0822,0.20409999999999995,27.2863,27.2825
1490,1.104,0.0005,1.1045,0.1988,0.9995473064735175,0.0004526935264825713,59.6612,0.2971,0.0,0.0,0.0,59.661199999999994,0.2971,59.958299999999994,60.9579
1491,2.777,0.0115,2.7885,0.5019,0.9958759189528421,0.00412408104715797,150.521,7.4128,0.0,0.0,0.0,150.521,7.412800000000001,157.9338,165.4305
1492,0.6969,0.0012,0.6981,0.1257,0.998281048560378,0.0017189514396218305,38.9345,0.7306,0.0,0.0,0.0,38.9345,0.7306,39.6651,44.1644
1493,0.249,0.0,0.249,0.0448,1.0,0.0,14.1521,0.009,0.0,0.0,0.0,14.152100000000003,0.009000000000000001,14.161100000000003,14.164
1494,0.2348,0.0001,0.2349,0.0423,0.9995742869306088,0.0004257130693912303,13.6362,0.0537,0.0,0.0,0.0,13.636200000000004,0.053700000000000005,13.689900000000003,13.6852
1495,2.2175,0.0022,2.2197,0.3995,0.999008875073208,0.000991124926791909,121.5296,1.3599,0.0,0.0,0.0,121.52960000000004,1.3599,122.88950000000004,133.8845
1496,2.9432,0.0031,2.9463,0.5303,0.9989478328751316,0.0010521671248684792,163.067,1.9385,0.0,0.0,0.0,163.06699999999995,1.9384999999999997,165.00549999999996,174.001
1497,3.7771,0.0088,3.7859,0.6815,0.9976755857259832,0.0023244142740167467,210.3633,5.4835,0.0,0.0,0.0,210.36330000000004,5.4835,215.84680000000003,227.8419
1498,2.9354,0.005,2.9403,0.5293,0.9983335033840084,0.0017005067510118014,155.3606,3.1719,0.0,0.0,0.0,155.3606,3.1719,158.5325,166.0359
1499,0.2758,0.0,0.2759,0.0497,0.9996375498368975,0.0,14.3835,0.0111,0.0,0.0,0.0,14.383499999999998,0.011099999999999997,14.394599999999999,14.3955
1500,3.7547,0.0053,3.76,0.6768,0.998590425531915,0.0014095744680851065,208.902,3.3019,0.0,0.0,0.0,208.90199999999993,3.3019,212.20389999999992,221.7053
1501,2.7841,0.0245,2.8086,0.5055,0.9912767927081108,0.008723207291889197,158.4543,15.1282,0.0,0.0,0.0,158.45429999999996,15.128200000000001,173.58249999999995,187.579
1502,4.9416,0.0118,4.9534,0.8916,0.9976177978762062,0.0023822021237937577,280.8405,7.4153,0.0,0.0,0.0,280.8405,7.415299999999999,288.2558,298.7523
1503,0.2168,0.0,0.2168,0.039,1.0,0.0,11.6553,0.0107,0.0,0.0,0.0,11.6553,0.010700000000000001,11.666,11.6707
1504,0.2942,0.0,0.2942,0.053,1.0,0.0,16.7213,0.021,0.0,0.0,0.0,16.721300000000003,0.021,16.742300000000004,16.7456
1505,0.5164,0.0,0.5164,0.093,1.0,0.0,29.1382,0.0263,0.0,0.0,0.0,29.1382,0.026300000000000004,29.1645,29.1621
1506,3.1143,0.0016,3.1159,0.5609,0.9994865047016914,0.000513495298308675,177.5081,0.9644,0.0,0.0,0.0,177.5081,0.9643999999999999,178.47250000000003,183.4687
1507,0.8092,0.0004,0.8096,0.1457,0.999505928853755,0.0004940711462450594,43.0588,0.2295,0.0,0.0,0.0,43.058800000000005,0.22949999999999998,43.28830000000001,46.7902
1508,3.2119,0.0015,3.2135,0.5784,0.9995021005134589,0.0004667807686323324,185.1705,0.9428,0.0,0.0,0.0,185.17050000000003,0.9427999999999999,186.11330000000004,187.6174
1509,0.1268,0.0,0.1268,0.0228,1.0,0.0,6.574,0.0145,0.0,0.0,0.0,6.573999999999999,0.014499999999999999,6.588499999999999,6.5896
1510,3.4591,0.0023,3.4614,0.6231,0.9993355289767146,0.0006644710232853759,197.9828,1.3968,0.0,0.0,0.0,197.98279999999994,1.3968000000000003,199.37959999999995,204.8807
1511,3.2465,0.0096,3.2561,0.5861,0.9970516876017322,0.0029483123982678664,172.0913,6.1472,0.0,0.0,0.0,172.09129999999993,6.1472,178.23849999999993,186.7427
1512,1.4311,0.0008,1.4318,0.2577,0.9995111049029195,0.0005587372538063976,77.3844,0.5035,0.0,0.0,0.0,77.3844,0.5035000000000001,77.8879,79.3913
1513,0.5397,0.0001,0.5399,0.0972,0.9996295610298201,0.00018521948508983145,29.7674,0.0891,0.0,0.0,0.0,29.767399999999995,0.0891,29.856499999999993,29.8518
1514,2.2783,0.0114,2.2898,0.4122,0.9949777273124291,0.004978600751157306,133.521,7.1386,0.0,0.0,0.0,133.52100000000002,7.138599999999999,140.6596,148.66
1515,0.934,0.0007,0.9347,0.1683,0.9992510966085376,0.0007489033914625014,49.3249,0.4273,0.0,0.0,0.0,49.324900000000014,0.4273,49.752200000000016,50.7548
1516,0.7725,0.0007,0.7732,0.1392,0.9990946714950854,0.0009053285049146404,40.1818,0.4275,0.0,0.0,0.0,40.1818,0.4275,40.609300000000005,48.6072
1517,1.5245,0.0013,1.5259,0.2747,0.9990825086833999,0.0008519562225571794,84.1705,0.8435,0.0,0.0,0.0,84.1705,0.8434999999999998,85.01400000000001,87.5105
1518,5.1838,0.0062,5.1901,0.9342,0.998786150555866,0.0011945819926398335,285.1842,4.0713,0.0,0.0,0.0,285.1842,4.0713,289.2555,297.7603
1519,3.5336,0.0026,3.5361,0.6365,0.9992930064195017,0.0007352733237182207,190.3633,1.571,0.0,0.0,0.0,190.36330000000004,1.571,191.93430000000004,199.9379
1520,0.389,0.0003,0.3893,0.0701,0.9992293860775752,0.0007706139224248651,20.9348,0.2079,0.0,0.0,0.0,20.934799999999992,0.20789999999999997,21.14269999999999,21.1386
1521,1.4081,0.0006,1.4086,0.2536,0.9996450376260115,0.00042595484878602864,79.4545,0.3674,0.0,0.0,0.0,79.45450000000001,0.3674,79.82190000000001,83.3238
1522,3.3017,0.0074,3.3091,0.5956,0.997763742407301,0.0022362575926989214,188.8886,4.5202,0.0,0.0,0.0,188.88859999999997,4.5202,193.40879999999996,201.9048
1523,3.5691,0.0217,3.5907,0.6463,0.9939844598546245,0.006043389868270811,195.0589,13.1298,0.0,0.0,0.0,195.05890000000002,13.1298,208.1887,218.1885
1524,0.7282,0.0006,0.7288,0.1312,0.9991767288693743,0.000823271130625686,39.3271,0.3645,0.0,0.0,0.0,39.32710000000001,0.36450000000000005,39.69160000000001,41.1947
1525,2.2837,0.0129,2.2966,0.4134,0.9943830009579377,0.0056169990420621785,124.7174,8.2732,0.0,0.0,0.0,124.71739999999997,8.2732,132.99059999999997,147.9941
1526,1.3305,0.0004,1.3309,0.2396,0.9996994514989856,0.0003005485010143512,75.1199,0.2601,0.0,0.0,0.0,75.11989999999999,0.2601,75.37999999999998,76.3831
1527,2.2154,0.0006,2.216,0.3989,0.9997292418772561,0.00027075812274368226,123.5453,0.351,0.0,0.0,0.0,123.54530000000001,0.3509999999999999,123.89630000000001,127.8976
1528,1.4612,0.0006,1.4618,0.2631,0.9995895471336709,0.00041045286632918315,77.9741,0.3957,0.0,0.0,0.0,77.97409999999999,0.3957,78.3698,80.365
1529,0.7868,0.0001,0.7869,0.1416,0.9998729190494345,0.00012708095056551024,42.6275,0.032,0.0,0.0,0.0,42.6275,0.032,42.659499999999994,42.6572
1530,3.1494,0.01,3.1594,0.5687,0.9968348420586186,0.0031651579413812746,178.5897,6.3104,0.0,0.0,0.0,178.58970000000002,6.3104000000000005,184.9001,198.8994
1531,3.7183,0.0028,3.7211,0.6698,0.9992475343312462,0.0007524656687538632,200.4815,1.7973,0.0,0.0,0.0,200.48149999999993,1.7973,202.27879999999993,207.2808
1532,6.9016,0.0141,6.9156,1.2448,0.9979755914165076,0.002038868644803054,364.1844,9.3133,0.0,0.0,0.0,364.1844,9.313299999999998,373.4977,391.4981
1533,2.0107,0.0027,2.0135,0.3624,0.9986093866401787,0.0013409485969704494,104.5295,1.8591,0.0,0.0,0.0,104.52950000000001,1.8590999999999998,106.38860000000001,117.3856
1534,3.1179,0.0042,3.1221,0.562,0.9986547516094936,0.0013452483905063899,181.3274,2.7143,0.0,0.0,0.0,181.32739999999998,2.7142999999999997,184.0417,196.5385
1535,0.7607,0.0001,0.7608,0.1369,0.9998685594111462,0.00013144058885383806,42.6465,0.0798,0.0,0.0,0.0,42.64649999999999,0.0798,42.72629999999999,43.2243
1536,3.2662,0.0049,3.2711,0.5888,0.998502032955275,0.001497967044725016,185.7878,3.2112,0.0,0.0,0.0,185.78780000000003,3.2112,188.99900000000002,193.0001
1537,5.2185,0.0075,5.226,0.9407,0.998564867967853,0.0014351320321469574,291.1103,4.816,0.0,0.0,0.0,291.11029999999994,4.816000000000001,295.9262999999999,305.4236
1538,0.4703,0.0002,0.4706,0.0847,0.9993625159371016,0.00042498937526561835,26.9985,0.1407,0.0,0.0,0.0,26.998499999999996,0.1407,27.139199999999995,27.6412
1539,2.9405,0.0101,2.9506,0.5311,0.9965769673964617,0.003423032603538263,162.0596,6.4734,0.0,0.0,0.0,162.05960000000007,6.473400000000001,168.53300000000007,174.5301
1540,0.9075,0.0001,0.9075,0.1634,1.0,0.00011019283746556474,46.8935,0.0566,0.0,0.0,0.0,46.89349999999999,0.05659999999999999,46.95009999999999,48.4546
1541,0.4355,0.0004,0.4359,0.0785,0.9990823583390686,0.0009176416609314064,22.7924,0.2285,0.0,0.0,0.0,22.792399999999997,0.22850000000000004,23.020899999999997,23.018
1542,0.305,0.0001,0.3051,0.0549,0.9996722386102918,0.0003277613897082924,16.6363,0.0438,0.0,0.0,0.0,16.636300000000002,0.0438,16.680100000000003,16.6836
1543,1.0354,0.0003,1.0357,0.1864,0.9997103408322874,0.00028965916771265805,59.5208,0.2235,0.0,0.0,0.0,59.520799999999994,0.2235,59.744299999999996,61.24
1544,2.7563,0.0011,2.7574,0.4963,0.9996010734750127,0.0003989265249873069,145.9914,0.7427,0.0,0.0,0.0,145.99140000000003,0.7427,146.73410000000004,150.7384
1545,5.0992,0.0103,5.1095,0.9197,0.9979841471768275,0.0020158528231725217,269.9092,6.4002,0.0,0.0,0.0,269.90920000000006,6.4002,276.30940000000004,283.305
1546,0.2865,0.0001,0.2865,0.0516,1.0,0.0003490401396160559,16.7175,0.0355,0.0,0.0,0.0,16.717499999999998,0.035500000000000004,16.752999999999997,17.2541
1547,4.5171,0.0059,4.5231,0.8142,0.9986734761557339,0.0013044151135283323,250.5899,3.6801,0.0,0.0,0.0,250.58990000000003,3.6801,254.27000000000004,262.266
1548,3.3806,0.0058,3.3865,0.6096,0.9982577882769821,0.001712682710763325,189.2156,3.4933,0.0,0.0,0.0,189.21559999999997,3.4932999999999996,192.70889999999997,197.2102
1549,1.27,0.0004,1.2704,0.2287,0.9996851385390428,0.0003148614609571789,73.3249,0.2548,0.0,0.0,0.0,73.32489999999999,0.2548,73.57969999999999,74.082
1550,2.9671,0.0023,2.9694,0.5345,0.9992254327473564,0.0007745672526436317,162.5084,1.5187,0.0,0.0,0.0,162.50840000000002,1.5187,164.02710000000002,166.0227
1551,0.9303,0.0003,0.9306,0.1675,0.9996776273372019,0.0003223726627981947,54.1381,0.1826,0.0,0.0,0.0,54.1381,0.18260000000000004,54.3207,54.3198
1552,0.4934,0.0002,0.4937,0.0889,0.9993923435284585,0.00040510431436094796,27.8545,0.1332,0.0,0.0,0.0,27.854499999999998,0.13319999999999999,27.987699999999997,27.9864
1553,3.9304,0.0113,3.9417,0.7095,0.9971332166324175,0.002866783367582515,216.5739,7.1622,0.0,0.0,0.0,216.5739,7.1621999999999995,223.73610000000002,240.7339
1554,0.3453,0.0006,0.3459,0.0623,0.9982653946227233,0.0017346053772766695,19.046,0.382,0.0,0.0,0.0,19.046000000000003,0.382,19.428000000000004,19.9257
1555,3.0977,0.0051,3.1028,0.5585,0.9983563233208715,0.0016436766791285294,175.5454,3.3003,0.0,0.0,0.0,175.54540000000003,3.3003000000000005,178.84570000000002,180.8429
1556,6.998,0.0097,7.0077,1.2614,0.9986158083251281,0.0013841916748719267,412.9825,6.0377,0.0,0.0,0.0,412.9824999999999,6.0377,419.0201999999999,433.0154
1557,0.3705,0.0,0.3706,0.0667,0.9997301672962763,0.0,20.6274,0.014,0.0,0.0,0.0,20.627399999999998,0.013999999999999999,20.641399999999997,20.6395
1558,2.0581,0.001,2.0591,0.3706,0.9995143509300181,0.000485649069982031,120.5693,0.6101,0.0,0.0,0.0,120.5693,0.6101000000000002,121.1794,127.1837
1559,0.2737,0.0,0.2737,0.0493,1.0,0.0,15.1524,0.0199,0.0,0.0,0.0,15.152400000000002,0.0199,15.172300000000002,15.1692
1560,2.8709,0.0035,2.8744,0.5174,0.9987823545783467,0.0012176454216532146,169.1524,2.1409,0.0,0.0,0.0,169.1524,2.1409000000000002,171.2933,176.7947
1561,4.2904,0.0195,4.3098,0.7758,0.9954986310269618,0.0045245719058889045,248.3838,12.1208,0.0,0.0,0.0,248.3838,12.120800000000003,260.5046,267.5001
1562,6.6501,0.0078,6.6579,1.1984,0.9988284594241428,0.0011715405758572523,386.8695,4.6661,0.0,0.0,0.0,386.86949999999996,4.6661,391.53559999999993,402.0393
1563,0.3461,0.0,0.3461,0.0623,1.0,0.0,20.7675,0.0104,0.0,0.0,0.0,20.767499999999995,0.0104,20.777899999999995,20.7754
1564,5.2744,0.0082,5.2826,0.9509,0.998447734070344,0.0015522659296558514,299.9986,4.8962,0.0,0.0,0.0,299.9986,4.896199999999999,304.89480000000003,317.8919
1565,1.674,0.0008,1.6748,0.3015,0.9995223310245999,0.0004776689754000478,95.4818,0.4984,0.0,0.0,0.0,95.4818,0.4983999999999999,95.98020000000001,98.985
1566,0.5049,0.0,0.5049,0.0909,1.0,0.0,28.1705,0.0151,0.0,0.0,0.0,28.17049999999999,0.015099999999999999,28.18559999999999,28.1891
1567,0.1457,0.0,0.1457,0.0262,1.0,0.0,8.3327,0.0107,0.0,0.0,0.0,8.3327,0.010699999999999998,8.3434,8.3427
1568,2.2667,0.014,2.2807,0.4105,0.9938615337396415,0.006138466260358662,123.5853,9.0199,0.0,0.0,0.0,123.58530000000002,9.019900000000002,132.60520000000002,140.1088
1569,0.2969,0.0001,0.297,0.0535,0.9996632996632997,0.0003367003367003367,16.6657,0.0332,0.0,0.0,0.0,16.6657,0.0332,16.698900000000002,16.7028
1570,0.2286,0.0,0.2286,0.0411,1.0,0.0,12.2216,0.0083,0.0,0.0,0.0,12.2216,0.0083,12.2299,12.2302
1571,3.5714,0.0033,3.5747,0.6434,0.9990768456094218,0.0009231543905782304,196.5896,2.0797,0.0,0.0,0.0,196.58960000000002,2.0797,198.66930000000002,206.1707
1572,0.8875,0.0002,0.8878,0.1598,0.9996620860554178,0.00022527596305474206,50.6805,0.1471,0.0,0.0,0.0,50.680499999999995,0.14709999999999998,50.8276,51.3255
1573,1.0926,0.0003,1.0929,0.1967,0.9997255009607466,0.0002744990392533626,59.9914,0.1722,0.0,0.0,0.0,59.991400000000006,0.17220000000000002,60.1636,60.1607
1574,1.2745,0.0006,1.2751,0.2295,0.9995294486706926,0.0004705513293075053,71.6365,0.3506,0.0,0.0,0.0,71.63649999999998,0.35059999999999997,71.98709999999998,71.9846
1575,0.096,0.0,0.096,0.0173,1.0,0.0,5.5738,0.0261,0.0,0.0,0.0,5.573799999999999,0.026099999999999998,5.599899999999999,6.1001
1576,5.3774,0.0097,5.3872,0.9697,0.9981808731808731,0.0018005643005643006,299.2156,6.454,0.0,0.0,0.0,299.2156,6.454000000000001,305.6696,315.1676
1577,0.1684,0.0,0.1684,0.0303,1.0,0.0,9.3607,0.0121,0.0,0.0,0.0,9.3607,0.0121,9.3728,9.8692
1578,1.8163,0.0007,1.817,0.3271,0.9996147495872317,0.0003852504127682994,96.3777,0.4602,0.0,0.0,0.0,96.3777,0.46019999999999994,96.8379,98.8413
1579,0.323,0.0001,0.3231,0.0582,0.9996904982977407,0.00030950170225936243,18.1713,0.0519,0.0,0.0,0.0,18.171300000000002,0.051899999999999995,18.223200000000002,18.2257
1580,0.2682,0.0,0.2683,0.0483,0.9996272828922848,0.0,13.7934,0.0294,0.0,0.0,0.0,13.793400000000005,0.029399999999999996,13.822800000000006,13.8188
1581,2.1583,0.007,2.1652,0.3897,0.9968132274154813,0.0032329576944393128,121.5899,4.3354,0.0,0.0,0.0,121.58990000000003,4.335400000000001,125.92530000000004,137.4276
1582,0.3416,0.0001,0.3417,0.0615,0.9997073456248171,0.000292654375182909,17.7933,0.0572,0.0,0.0,0.0,17.793300000000006,0.0572,17.850500000000007,17.8523
1583,4.5967,0.0074,4.604,0.8287,0.9984144222415291,0.0016072980017376194,258.6658,4.7801,0.0,0.0,0.0,258.66580000000005,4.7801,263.44590000000005,277.4484
1584,0.4791,0.0002,0.4793,0.0863,0.9995827248070103,0.00041727519298977677,28.7451,0.1072,0.0,0.0,0.0,28.745100000000008,0.10719999999999999,28.852300000000007,28.8554
1585,5.9548,0.0088,5.9637,1.0735,0.9985076378758152,0.0014755940104297669,324.3276,5.8617,0.0,0.0,0.0,324.3276,5.861700000000001,330.1893,336.6919
1586,0.5878,0.0004,0.5882,0.1059,0.9993199591975519,0.000680040802448147,33.6807,0.2453,0.0,0.0,0.0,33.680699999999995,0.2453,33.925999999999995,34.9279
1587,3.6932,0.0105,3.7038,0.6667,0.9971380744100653,0.00283492629191641,210.7449,6.8257,0.0,0.0,0.0,210.74490000000003,6.8257,217.57060000000004,227.5709
1588,0.9539,0.0003,0.9543,0.1718,0.9995808445981347,0.00031436655139893113,54.8547,0.2146,0.0,0.0,0.0,54.854699999999994,0.21460000000000004,55.06929999999999,58.0696
1589,7.48,0.0161,7.4961,1.3493,0.997852216485906,0.0021477835140939956,411.9798,10.0462,0.0,0.0,0.0,411.97979999999995,10.0462,422.02599999999995,428.5227
1590,1.3986,0.0006,1.3992,0.2518,0.9995711835334478,0.00042881646655231555,83.4348,0.3308,0.0,0.0,0.0,83.43480000000002,0.3308,83.76560000000002,85.2634
1591,0.1804,0.0,0.1804,0.0325,1.0,0.0,10.574,0.025,0.0,0.0,0.0,10.574000000000005,0.025,10.599000000000006,10.5978
1592,3.826,0.0047,3.8307,0.6895,0.9987730701960477,0.0012269298039522803,206.5456,2.892,0.0,0.0,0.0,206.54560000000004,2.892,209.43760000000003,222.4404
1593,0.8137,0.0007,0.8144,0.1466,0.9991404715127701,0.0008595284872298625,47.574,0.4947,0.0,0.0,0.0,47.574000000000005,0.4946999999999999,48.06870000000001,50.0684
1594,0.3442,0.0001,0.3443,0.062,0.9997095556200988,0.0002904443799012489,19.1381,0.0399,0.0,0.0,0.0,19.1381,0.03990000000000001,19.178,21.1793
1595,0.3271,0.0,0.3271,0.0589,1.0,0.0,17.661,0.0203,0.0,0.0,0.0,17.661,0.020300000000000006,17.6813,18.1822
1596,2.55,0.0037,2.5537,0.4597,0.9985511219015545,0.001448878098445393,139.588,2.3437,0.0,0.0,0.0,139.58799999999997,2.3437,141.93169999999998,149.9336
1597,0.7934,0.0004,0.7938,0.1429,0.99949609473419,0.0005039052658100278,42.3847,0.2716,0.0,0.0,0.0,42.38470000000001,0.2716,42.65630000000001,43.6534
1598,0.938,0.0006,0.9386,0.1689,0.9993607500532707,0.000639249946729171,51.319,0.3529,0.0,0.0,0.0,51.31900000000001,0.3529000000000001,51.67190000000001,54.1764
1599,2.0798,0.0017,2.0815,0.3747,0.999183281287533,0.0008167187124669709,119.8935,1.0393,0.0,0.0,0.0,119.89349999999999,1.0393000000000001,120.93279999999999,125.4352
1600,1.3932,0.0007,1.3939,0.2509,0.999497811894684,0.0005021881053160198,80.0669,0.4388,0.0,0.0,0.0,80.0669,0.43879999999999997,80.5057,83.0095
1601,0.3683,0.0001,0.3684,0.0663,0.999728555917481,0.0002714440825190011,21.7949,0.0564,0.0,0.0,0.0,21.794899999999995,0.056400000000000006,21.851299999999995,21.8524
1602,1.0064,0.0033,1.0097,0.1817,0.9967317024858868,0.0032682975141131027,54.5736,2.0385,0.0,0.0,0.0,54.5736,2.0384999999999995,56.6121,63.1147
1603,2.2646,0.0062,2.2707,0.4087,0.9973136037345312,0.00273043554850927,131.8697,4.1055,0.0,0.0,0.0,131.8697,4.1055,135.9752,145.9743
1604,0.2542,0.0,0.2542,0.0458,1.0,0.0,14.1524,0.0145,0.0,0.0,0.0,14.152400000000002,0.014499999999999999,14.166900000000002,14.1674
1605,6.1523,0.0146,6.1669,1.11,0.9976325220126806,0.0023674779873193988,320.6658,9.3786,0.0,0.0,0.0,320.6658,9.3786,330.0444,343.0463
1606,5.1455,0.0179,5.1634,0.9294,0.9965332920168881,0.0034667079831119025,281.7073,11.1641,0.0,0.0,0.0,281.70730000000003,11.1641,292.87140000000005,311.3698
1607,4.7033,0.0065,4.7098,0.8478,0.9986198989341372,0.0013801010658626692,267.06,4.2564,0.0,0.0,0.0,267.06,4.2564,271.3164,281.8201
1608,0.402,0.0003,0.4022,0.0724,0.9995027349577326,0.0007458975634012928,23.3102,0.1881,0.0,0.0,0.0,23.310200000000002,0.1881,23.4983,23.999
1609,1.2488,0.0007,1.2496,0.2249,0.999359795134443,0.0005601792573623559,67.8547,0.4768,0.0,0.0,0.0,67.85470000000001,0.47679999999999995,68.3315,69.3318
1610,2.5733,0.002,2.5752,0.4635,0.9992621932277105,0.0007766387076731904,150.0599,1.1709,0.0,0.0,0.0,150.0599,1.1708999999999998,151.2308,156.729
1611,7.9698,0.011,7.9808,1.4365,0.9986216920609463,0.0013783079390537287,462.9346,6.9559,0.0,0.0,0.0,462.93460000000005,6.955899999999999,469.89050000000003,487.8925
1612,1.7952,0.0013,1.7965,0.3234,0.9992763707208461,0.0007236292791539103,96.0909,0.8042,0.0,0.0,0.0,96.0909,0.8042,96.8951,100.3924
1613,6.4092,0.0209,6.4302,1.1574,0.9967341606792945,0.003250287704892538,339.655,13.3652,0.0,0.0,0.0,339.6549999999999,13.365199999999998,353.02019999999993,366.5239
1614,0.25,0.0,0.25,0.045,1.0,0.0,13.6362,0.0125,0.0,0.0,0.0,13.636200000000004,0.0125,13.648700000000003,13.6456
1615,0.5812,0.0,0.5812,0.1046,1.0,0.0,33.1097,0.0219,0.0,0.0,0.0,33.1097,0.0219,33.1316,33.1275
1616,1.7339,0.0102,1.744,0.3139,0.9942087155963303,0.0058486238532110095,97.0822,6.2068,0.0,0.0,0.0,97.08220000000001,6.206799999999999,103.28900000000002,113.7906
1617,6.9092,0.0157,6.9249,1.2465,0.9977328192464874,0.002267180753512686,378.046,10.1306,0.0,0.0,0.0,378.04600000000005,10.130600000000001,388.17660000000006,398.181
1618,5.1525,0.0232,5.1757,0.9316,0.9955175145390961,0.004482485460903839,293.8936,14.5617,0.0,0.0,0.0,293.8936,14.5617,308.45529999999997,312.4532
1619,0.6174,0.0001,0.6175,0.1111,0.9998380566801618,0.00016194331983805668,36.6806,0.0606,0.0,0.0,0.0,36.6806,0.06059999999999999,36.7412,36.7447
1620,8.1827,0.0155,8.1981,1.4757,0.9981215159610154,0.0018906819872897378,464.5543,9.9966,0.0,0.0,0.0,464.55430000000007,9.996599999999999,474.55090000000007,488.0505
1621,0.2997,0.0001,0.2997,0.0539,1.0,0.000333667000333667,17.138,0.0375,0.0,0.0,0.0,17.137999999999998,0.037500000000000006,17.1755,17.1774
1622,0.3599,0.0002,0.3601,0.0648,0.9994445987225771,0.0005554012774229381,18.5109,0.1223,0.0,0.0,0.0,18.5109,0.12230000000000002,18.6332,18.6315
1623,3.5007,0.0027,3.5034,0.6306,0.9992293200890564,0.0007706799109436547,200.9345,1.6874,0.0,0.0,0.0,200.9345,1.6874000000000002,202.6219,211.6229
1624,0.4458,0.0003,0.4461,0.0803,0.9993275050437121,0.0006724949562878278,23.7214,0.1854,0.0,0.0,0.0,23.721399999999996,0.1854,23.906799999999997,25.4039
1625,0.4407,0.0,0.4407,0.0793,1.0,0.0,25.5881,0.029,0.0,0.0,0.0,25.588099999999997,0.028999999999999998,25.617099999999997,26.1206
1626,1.3731,0.0005,1.3735,0.2472,0.9997087732071351,0.0003640334910811795,80.5743,0.2837,0.0,0.0,0.0,80.57430000000004,0.28369999999999995,80.85800000000003,84.8598
1627,3.6358,0.0053,3.6411,0.6554,0.9985443959243087,0.001455604075691412,193.5897,3.3873,0.0,0.0,0.0,193.58970000000002,3.3872999999999998,196.97700000000003,208.9789
1628,2.168,0.0015,2.1695,0.3905,0.9993085964507951,0.0006914035492048858,113.3247,0.9494,0.0,0.0,0.0,113.32469999999998,0.9494000000000001,114.27409999999998,122.2762
1629,4.1272,0.01,4.1372,0.7447,0.9975829063134488,0.0024170936865512906,225.3101,6.2207,0.0,0.0,0.0,225.31010000000006,6.220699999999999,231.53080000000006,243.0317
1630,0.4752,0.0,0.4753,0.0855,0.9997896065642752,0.0,26.7447,0.0268,0.0,0.0,0.0,26.74470000000001,0.026799999999999997,26.77150000000001,26.7722
1631,1.8952,0.0266,1.9217,0.3459,0.9862101264505386,0.013841910808138626,111.6862,16.8943,0.0,0.0,0.0,111.68619999999999,16.8943,128.58049999999997,150.0812
1632,3.713,0.0055,3.7185,0.6693,0.9985209089686702,0.0014790910313298372,202.2285,3.6814,0.0,0.0,0.0,202.2285,3.6814,205.9099,219.4106
1633,3.4996,0.0019,3.5015,0.6303,0.9994573754105384,0.0005426245894616593,196.6466,1.1868,0.0,0.0,0.0,196.64659999999998,1.1868000000000003,197.83339999999998,203.8288
1634,0.5679,0.0002,0.5681,0.1023,0.9996479493046997,0.0003520506953001232,29.3636,0.1082,0.0,0.0,0.0,29.363600000000012,0.10819999999999999,29.471800000000012,30.9722
1635,3.6044,0.0029,3.6074,0.6493,0.999168376115762,0.00080390308809669,189.059,1.9802,0.0,0.0,0.0,189.05900000000005,1.9802,191.03920000000005,197.0358
1636,0.1627,0.0,0.1627,0.0293,1.0,0.0,8.5292,0.0132,0.0,0.0,0.0,8.5292,0.0132,8.542399999999999,8.539
1637,0.3826,0.0001,0.3826,0.0689,1.0,0.00026136957658128593,22.3248,0.0336,0.0,0.0,0.0,22.324799999999993,0.0336,22.358399999999993,22.8559
1638,1.8471,0.0049,1.8519,0.3333,0.9974080673902478,0.0026459312057886494,102.7949,3.3136,0.0,0.0,0.0,102.79490000000001,3.3135999999999997,106.1085,116.1046
1639,7.1485,0.0061,7.1546,1.2878,0.9991474016716518,0.0008525983283481956,385.1522,4.021,0.0,0.0,0.0,385.1521999999999,4.021000000000001,389.1731999999999,396.6697
1640,4.3309,0.0233,4.3542,0.7837,0.9946488447935327,0.00535115520646732,241.8935,14.6014,0.0,0.0,0.0,241.89349999999996,14.6014,256.4949,268.9938
1641,0.3399,0.0001,0.34,0.0612,0.999705882352941,0.0002941176470588235,17.4811,0.0331,0.0,0.0,0.0,17.4811,0.0331,17.514200000000002,17.5114
1642,2.7777,0.0064,2.7841,0.5011,0.997701231995977,0.002298768004022844,154.5206,4.0605,0.0,0.0,0.0,154.52060000000003,4.0605,158.58110000000002,165.0797
1643,0.55,0.0,0.55,0.099,1.0,0.0,30.8182,0.0121,0.0,0.0,0.0,30.818199999999994,0.0121,30.830299999999994,30.8321
1644,0.3626,0.0002,0.3628,0.0653,0.9994487320837926,0.0005512679162072767,19.9827,0.0982,0.0,0.0,0.0,19.9827,0.09820000000000002,20.0809,20.0809
1645,3.3418,0.0208,3.3627,0.6053,0.9937847562970233,0.00618550569482856,186.3605,13.3126,0.0,0.0,0.0,186.3605,13.312599999999996,199.6731,215.6696
1646,4.6877,0.0248,4.7125,0.8483,0.994737400530504,0.005262599469496021,250.4815,15.1749,0.0,0.0,0.0,250.48149999999995,15.174899999999997,265.65639999999996,275.661
1647,0.4791,0.0,0.4791,0.0862,1.0,0.0,28.7449,0.0295,0.0,0.0,0.0,28.74490000000001,0.0295,28.774400000000007,28.775
1648,0.1423,0.0,0.1424,0.0256,0.9992977528089888,0.0,7.8885,0.0108,0.0,0.0,0.0,7.888499999999999,0.010799999999999999,7.899299999999998,7.9014
1649,0.3459,0.0001,0.3459,0.0623,1.0,0.0002891008962127783,17.787,0.0539,0.0,0.0,0.0,17.787000000000006,0.0539,17.840900000000005,17.8393
1650,0.2666,0.0,0.2666,0.048,1.0,0.0,15.2217,0.0324,0.0,0.0,0.0,15.2217,0.032400000000000005,15.254100000000001,15.253
1651,0.2831,0.0,0.2831,0.051,1.0,0.0,15.3186,0.0102,0.0,0.0,0.0,15.318600000000002,0.0102,15.328800000000001,15.8246
1652,0.4968,0.0,0.4968,0.0894,1.0,0.0,28.1521,0.0176,0.0,0.0,0.0,28.152100000000004,0.0176,28.169700000000006,28.1666
1653,0.1426,0.0001,0.1426,0.0257,1.0,0.0007012622720897616,7.3328,0.0383,0.0,0.0,0.0,7.3328000000000015,0.0383,7.371100000000002,7.3747
1654,1.2723,0.0007,1.273,0.2291,0.9994501178318932,0.0005498821681068342,70.5295,0.4501,0.0,0.0,0.0,70.5295,0.45009999999999994,70.9796,73.4824
1655,1.0913,0.0002,1.0915,0.1965,0.9998167659184608,0.00018323408153916632,61.5894,0.1244,0.0,0.0,0.0,61.58939999999999,0.1244,61.71379999999999,61.7182
1656,6.3985,0.0035,6.402,1.1524,0.9994532958450485,0.0005467041549515777,366.3328,2.3307,0.0,0.0,0.0,366.3328,2.3307,368.6635,372.661
1657,1.0509,0.0005,1.0514,0.1893,0.9995244435990109,0.0004755564009891574,61.6807,0.2942,0.0,0.0,0.0,61.680699999999995,0.2942000000000001,61.9749,61.9703
1658,0.4737,0.0004,0.4741,0.0853,0.9991562961400549,0.0008437038599451593,26.4817,0.2373,0.0,0.0,0.0,26.481699999999993,0.23729999999999998,26.718999999999994,27.2212
1659,0.4612,0.0002,0.4614,0.083,0.999566536627655,0.0004334633723450369,26.2155,0.0968,0.0,0.0,0.0,26.21550000000001,0.09679999999999998,26.312300000000008,26.3084
1660,4.0619,0.0034,4.0653,0.7318,0.9991636533589157,0.0008363466410842989,221.5299,2.0731,0.0,0.0,0.0,221.5299,2.0731,223.603,233.105
1661,2.0125,0.004,2.0165,0.363,0.998016364988842,0.0019836350111579466,109.1715,2.5461,0.0,0.0,0.0,109.17149999999998,2.546099999999999,111.71759999999998,118.7135
1662,2.5181,0.0015,2.5196,0.4535,0.999404667407525,0.000595332592474996,136.6274,0.9908,0.0,0.0,0.0,136.62740000000002,0.9908,137.61820000000003,140.6228
1663,3.5477,0.0027,3.5504,0.6391,0.9992395223073457,0.0007604776926543489,205.6364,1.574,0.0,0.0,0.0,205.63639999999998,1.574,207.2104,215.7103
1664,2.4575,0.0019,2.4593,0.4427,0.9992680844142643,0.0007725775627210995,127.8935,1.1473,0.0,0.0,0.0,127.89349999999999,1.1472999999999998,129.0408,132.5404
1665,4.6304,0.0011,4.6315,0.8337,0.9997624959516355,0.00023750404836446077,251.569,0.67,0.0,0.0,0.0,251.56900000000007,0.67,252.23900000000006,253.7432
1666,0.6296,0.0001,0.6296,0.1133,1.0,0.0001588310038119441,33.5458,0.0573,0.0,0.0,0.0,33.54580000000001,0.057300000000000004,33.603100000000005,33.6045
1667,0.4524,0.0,0.4524,0.0814,1.0,0.0,24.2215,0.0077,0.0,0.0,0.0,24.2215,0.0077,24.2292,25.2288
1668,0.2355,0.0,0.2355,0.0424,1.0,0.0,12.5851,0.0173,0.0,0.0,0.0,12.585099999999997,0.017299999999999996,12.602399999999998,12.6049
1669,4.1711,0.012,4.1831,0.753,0.9971313140972008,0.0028686859027993597,241.0598,7.7811,0.0,0.0,0.0,241.0598,7.781100000000001,248.8409,262.3363
1670,0.3284,0.0001,0.3285,0.0591,0.9996955859969558,0.00030441400304414006,16.8885,0.0826,0.0,0.0,0.0,16.888500000000004,0.08259999999999999,16.971100000000003,16.9726
1671,2.6885,0.0045,2.693,0.4847,0.9983290011139992,0.0016709988860007425,152.5086,3.0132,0.0,0.0,0.0,152.5086,3.0131999999999994,155.5218,162.0229
1672,4.3168,0.023,4.3398,0.7812,0.9947002165998432,0.005299783400156689,237.5209,14.3746,0.0,0.0,0.0,237.5209,14.374600000000001,251.89550000000003,257.3926
1673,0.3932,0.0001,0.3932,0.0708,1.0,0.000254323499491353,21.3846,0.0535,0.0,0.0,0.0,21.3846,0.0535,21.4381,22.4342
1674,1.2268,0.002,1.2289,0.2212,0.9982911546911871,0.0016274717226788184,66.2216,1.2812,0.0,0.0,0.0,66.2216,1.2812,67.5028,74.5034
1675,0.8096,0.0005,0.8101,0.1458,0.9993827922478705,0.0006172077521293668,45.319,0.3358,0.0,0.0,0.0,45.319,0.33580000000000004,45.6548,46.6566
1676,0.2092,0.0002,0.2093,0.0377,0.9995222169135212,0.0009555661729574773,11.5294,0.1061,0.0,0.0,0.0,11.529399999999999,0.1061,11.635499999999999,11.6371
1677,0.2407,0.0,0.2407,0.0433,1.0,0.0,13.5736,0.0158,0.0,0.0,0.0,13.573600000000003,0.0158,13.589400000000003,13.5861
1678,1.5953,0.0011,1.5964,0.2874,0.9993109496366824,0.0006890503633174643,88.6612,0.6723,0.0,0.0,0.0,88.66120000000001,0.6723,89.33350000000002,89.8315
1679,3.4071,0.0195,3.4266,0.6168,0.9943092278059884,0.005690772194011556,179.6465,12.0425,0.0,0.0,0.0,179.64649999999997,12.0425,191.68899999999996,205.1934
1680,0.9666,0.0007,0.9673,0.1741,0.9992763361935283,0.000723663806471622,52.53,0.4519,0.0,0.0,0.0,52.529999999999994,0.4519,52.981899999999996,57.4792
1681,0.3439,0.0003,0.3442,0.062,0.9991284137129575,0.0008715862870424171,19.6808,0.2104,0.0,0.0,0.0,19.680799999999998,0.21039999999999995,19.891199999999998,22.3872
1682,0.3721,0.0,0.3721,0.067,1.0,0.0,19.5086,0.0157,0.0,0.0,0.0,19.508599999999994,0.0157,19.524299999999993,19.5238
1683,0.2583,0.0001,0.2584,0.0465,0.999613003095975,0.00038699690402476777,13.5292,0.0594,0.0,0.0,0.0,13.5292,0.059399999999999994,13.5886,13.5886
1684,3.9228,0.0017,3.9245,0.7064,0.9995668237992101,0.0004331762007899095,208.7175,1.0984,0.0,0.0,0.0,208.71750000000006,1.0984,209.81590000000006,215.3119
1685,0.3107,0.0,0.3107,0.0559,1.0,0.0,18.1381,0.0215,0.0,0.0,0.0,18.138099999999998,0.0215,18.159599999999998,18.1572
1686,0.4808,0.0003,0.4811,0.0866,0.9993764290168363,0.0006235709831635834,25.0909,0.2124,0.0,0.0,0.0,25.090900000000005,0.2124,25.303300000000004,25.3013
1687,0.5851,0.0003,0.5854,0.1054,0.9994875298940894,0.0005124701059104885,32.3632,0.1767,0.0,0.0,0.0,32.363200000000006,0.17670000000000002,32.5399,32.5381
1688,3.7629,0.0034,3.7663,0.6779,0.999097257255131,0.0009027427448689695,203.2949,2.1486,0.0,0.0,0.0,203.2949,2.1485999999999996,205.4435,211.4426
1689,0.3942,0.0003,0.3945,0.071,0.9992395437262357,0.0007604562737642585,21.6864,0.2046,0.0,0.0,0.0,21.68640000000001,0.2046,21.89100000000001,22.3905
1690,4.3507,0.0102,4.361,0.785,0.9976381563861499,0.002338913093327219,245.9085,6.2278,0.0,0.0,0.0,245.90850000000006,6.2278,252.13630000000006,255.1363
1691,5.5964,0.0027,5.599,1.0078,0.9995356313627434,0.00048222896945883197,321.2952,1.7531,0.0,0.0,0.0,321.2952,1.7531,323.04830000000004,327.0467
1692,12.2105,0.0126,12.2231,2.2002,0.9989691649417904,0.0010308350582094558,674.6274,7.6947,0.0,0.0,0.0,674.6274,7.6947,682.3221,693.8257
1693,0.2011,0.0001,0.2012,0.0362,0.9995029821073559,0.0004970178926441352,11.4347,0.0645,0.0,0.0,0.0,11.434699999999998,0.0645,11.499199999999998,12.0009
1694,6.9927,0.0209,7.0135,1.2624,0.9970342910101947,0.0029799672061025166,403.9826,12.6222,0.0,0.0,0.0,403.98259999999993,12.6222,416.60479999999995,430.1049
1695,2.8026,0.0078,2.8104,0.5059,0.9972245943637916,0.002775405636208369,162.1919,4.7602,0.0,0.0,0.0,162.19190000000003,4.7602,166.95210000000003,169.448
1696,0.579,0.0001,0.579,0.1042,1.0,0.00017271157167530226,30.1198,0.0318,0.0,0.0,0.0,30.119799999999987,0.0318,30.151599999999988,30.1545
1697,0.1908,0.0,0.1909,0.0344,0.999476165531692,0.0,11.325,0.0133,0.0,0.0,0.0,11.325000000000003,0.0133,11.338300000000002,11.3412
1698,0.6312,0.0003,0.6315,0.1137,0.9995249406175772,0.00047505938242280285,35.3775,0.2038,0.0,0.0,0.0,35.37750000000001,0.2038,35.58130000000001,35.5778
1699,0.2852,0.0,0.2852,0.0513,1.0,0.0,14.6657,0.0182,0.0,0.0,0.0,14.665700000000003,0.0182,14.683900000000003,14.679
1700,0.3154,0.0,0.3154,0.0568,1.0,0.0,17.378,0.0299,0.0,0.0,0.0,17.378,0.029899999999999993,17.4079,17.4041
1701,0.3358,0.0001,0.3359,0.0605,0.9997022923489134,0.000297707651086633,18.7879,0.0642,0.0,0.0,0.0,18.787900000000004,0.0642,18.852100000000004,19.354
1702,1.7185,0.0021,1.7206,0.3097,0.9987794955248169,0.0012205044751830757,92.2216,1.3395,0.0,0.0,0.0,92.22160000000002,1.3394999999999997,93.56110000000002,96.5574
1703,0.221,0.0003,0.2213,0.0398,0.9986443741527339,0.0013556258472661544,12.4547,0.2094,0.0,0.0,0.0,12.454699999999999,0.2094,12.6641,12.6679
1704,3.8482,0.0052,3.8534,0.6936,0.9986505423781594,0.0013494576218404525,220.6364,3.3814,0.0,0.0,0.0,220.63639999999998,3.3814,224.0178,230.0194
1705,4.8605,0.0061,4.8666,0.876,0.9987465581720297,0.0012534418279702463,260.2158,3.7789,0.0,0.0,0.0,260.2158,3.7789,263.9947,266.9983
1706,0.4363,0.0001,0.4364,0.0785,0.9997708524289642,0.00022914757103574703,24.9796,0.0455,0.0,0.0,0.0,24.97960000000001,0.045500000000000006,25.02510000000001,25.5216
1707,0.3137,0.0002,0.3139,0.0565,0.999362854412233,0.0006371455877668047,18.7174,0.1457,0.0,0.0,0.0,18.71739999999999,0.1457,18.863099999999992,19.8638
1708,2.1335,0.0015,2.135,0.3843,0.999297423887588,0.0007025761124121781,112.7927,0.8772,0.0,0.0,0.0,112.79270000000002,0.8771999999999999,113.66990000000003,117.1735
1709,3.3488,0.021,3.3698,0.6066,0.9937681761528875,0.0062318238471125885,186.6465,12.7964,0.0,0.0,0.0,186.64649999999997,12.7964,199.44289999999998,206.9436
1710,0.2526,0.0,0.2526,0.0455,1.0,0.0,13.9797,0.0226,0.0,0.0,0.0,13.979699999999996,0.022600000000000002,14.002299999999996,14.0063
1711,2.319,0.0008,2.3198,0.4176,0.9996551426847142,0.0003448573152858005,130.5541,0.5063,0.0,0.0,0.0,130.5541,0.5063000000000001,131.06040000000002,135.5632
1712,2.8341,0.007,2.841,0.5114,0.9975712777191129,0.002463921154523055,154.7936,4.5483,0.0,0.0,0.0,154.79360000000005,4.5483,159.34190000000007,169.3374
1713,2.1433,0.0139,2.1572,0.3883,0.9935564620804747,0.00644353791952531,117.8545,8.824,0.0,0.0,0.0,117.8545,8.824,126.6785,131.6742
1714,5.9019,0.0144,5.9163,1.0649,0.9975660463465342,0.0024339536534658487,342.511,9.0311,0.0,0.0,0.0,342.5110000000001,9.0311,351.54210000000006,357.0395
1715,0.4549,0.0,0.4549,0.0819,1.0,0.0,25.588,0.0275,0.0,0.0,0.0,25.587999999999997,0.027499999999999997,25.615499999999997,25.6165
1716,0.2134,0.0,0.2134,0.0384,1.0,0.0,11.9092,0.0235,0.0,0.0,0.0,11.909199999999997,0.0235,11.932699999999997,11.9345
1717,0.4843,0.0001,0.4845,0.0872,0.9995872033023736,0.00020639834881320952,28.1101,0.0721,0.0,0.0,0.0,28.110099999999996,0.0721,28.182199999999995,28.1777
1718,0.2105,0.0002,0.2107,0.0379,0.9990507831039392,0.0009492168960607499,12.06,0.1375,0.0,0.0,0.0,12.059999999999999,0.13749999999999998,12.197499999999998,13.7025
1719,0.5425,0.0001,0.5426,0.0977,0.9998157021747144,0.00018429782528566166,29.3609,0.0459,0.0,0.0,0.0,29.360900000000008,0.0459,29.406800000000008,29.4082
1720,2.5833,0.0049,2.5883,0.4659,0.9980682301124291,0.0018931344898195728,140.9094,3.0513,0.0,0.0,0.0,140.9094,3.051300000000001,143.9607,150.9573
1721,0.2655,0.0,0.2655,0.0478,1.0,0.0,14.6151,0.0206,0.0,0.0,0.0,14.615099999999998,0.0206,14.635699999999998,14.6308
1722,0.6643,0.0,0.6643,0.1196,1.0,0.0,34.7771,0.0319,0.0,0.0,0.0,34.77710000000001,0.0319,34.80900000000001,34.807
1723,2.7301,0.0238,2.7539,0.4957,0.9913577108827483,0.008642289117251898,156.182,14.5964,0.0,0.0,0.0,156.18200000000002,14.596400000000001,170.7784,179.779
1724,0.5408,0.0,0.5408,0.0974,1.0,0.0,29.3779,0.016,0.0,0.0,0.0,29.3779,0.016,29.3939,29.3971
1725,1.0463,0.0004,1.0467,0.1884,0.9996178465653961,0.0003821534346039935,57.9018,0.223,0.0,0.0,0.0,57.901799999999994,0.22300000000000003,58.12479999999999,58.126
1726,1.2652,0.0006,1.2658,0.2278,0.9995259914678465,0.00047400853215357874,65.9826,0.3808,0.0,0.0,0.0,65.9826,0.3808000000000001,66.3634,67.3607
1727,2.3623,0.0018,2.3641,0.4255,0.9992386108878643,0.0007613891121356964,128.4816,1.1157,0.0,0.0,0.0,128.4816,1.1157,129.5973,133.0926
1728,0.5035,0.0,0.5035,0.0906,1.0,0.0,26.3247,0.0269,0.0,0.0,0.0,26.324699999999993,0.0269,26.351599999999994,26.3494
1729,0.3533,0.0001,0.3535,0.0636,0.9994342291371995,0.00028288543140028293,18.1715,0.0736,0.0,0.0,0.0,18.171500000000005,0.0736,18.245100000000004,18.746
1730,0.8086,0.0003,0.8089,0.1456,0.9996291259735444,0.00037087402645568057,44.8181,0.1907,0.0,0.0,0.0,44.81810000000001,0.19069999999999998,45.00880000000001,48.0129
1731,2.4515,0.0011,2.4526,0.4415,0.9995514963711979,0.00044850362880208765,135.9826,0.7318,0.0,0.0,0.0,135.9826,0.7318000000000001,136.71439999999998,140.7183
1732,0.3187,0.0,0.3187,0.0574,1.0,0.0,19.1195,0.031,0.0,0.0,0.0,19.1195,0.031000000000000003,19.150499999999997,19.146
1733,0.4869,0.0001,0.4869,0.0876,1.0,0.00020538098172109265,25.5107,0.0336,0.0,0.0,0.0,25.510699999999996,0.033600000000000005,25.544299999999996,25.5413
1734,0.919,0.0009,0.92,0.1656,0.9989130434782608,0.0009782608695652173,51.1381,0.5853,0.0,0.0,0.0,51.138099999999994,0.5853000000000002,51.7234,55.222
1735,0.4147,0.0001,0.4148,0.0747,0.9997589199614272,0.00024108003857280618,24.3632,0.0417,0.0,0.0,0.0,24.363200000000006,0.041699999999999994,24.404900000000005,24.4087
1736,0.2072,0.0001,0.2073,0.0373,0.9995176073323685,0.000482392667631452,12.4348,0.0309,0.0,0.0,0.0,12.434799999999997,0.030899999999999997,12.465699999999998,12.4667
1737,0.6786,0.0002,0.6788,0.1222,0.9997053624042428,0.00029463759575721867,39.7335,0.1363,0.0,0.0,0.0,39.7335,0.1363,39.8698,40.372
1738,0.4456,0.0,0.4457,0.0802,0.9997756338344178,0.0,23.3634,0.0247,0.0,0.0,0.0,23.363400000000006,0.024699999999999996,23.388100000000005,23.389
1739,2.2991,0.0025,2.3016,0.4143,0.9989137990962809,0.0010862009037191519,122.2953,1.5361,0.0,0.0,0.0,122.29530000000003,1.5360999999999998,123.83140000000003,131.33
1740,0.6341,0.0001,0.6342,0.1142,0.999842321034374,0.0001576789656259855,35.521,0.0593,0.0,0.0,0.0,35.521,0.0593,35.5803,35.5763
1741,1.0794,0.0004,1.0798,0.1944,0.9996295610298201,0.0003704389701796629,59.0599,0.2304,0.0,0.0,0.0,59.0599,0.2304,59.2903,60.2877
1742,2.281,0.0014,2.2824,0.4108,0.9993866105853488,0.0006133894146512443,122.5084,0.8636,0.0,0.0,0.0,122.50840000000002,0.8635999999999999,123.37200000000003,126.374
1743,4.7048,0.011,4.7159,0.8489,0.9976462605229117,0.002332534616934201,257.3249,6.9745,0.0,0.0,0.0,257.32489999999996,6.9745,264.29939999999993,277.801
1744,2.2099,0.0033,2.2132,0.3984,0.9985089463220677,0.0014910536779324055,127.7774,2.0536,0.0,0.0,0.0,127.77739999999997,2.0536,129.83099999999996,139.8296
1745,0.1998,0.0002,0.2,0.036,0.999,0.001,10.689,0.1303,0.0,0.0,0.0,10.689,0.1303,10.8193,10.8152
1746,0.442,0.0002,0.4422,0.0796,0.9995477159656264,0.00045228403437358667,26.5213,0.1034,0.0,0.0,0.0,26.521300000000004,0.1034,26.624700000000004,26.6223
1747,2.3032,0.0028,2.306,0.4151,0.9987857762359063,0.0012142237640936687,126.5298,1.7845,0.0,0.0,0.0,126.52980000000005,1.7844999999999995,128.31430000000006,130.8142
1748,0.6978,0.0002,0.698,0.1256,0.9997134670487107,0.0002865329512893983,36.2744,0.1326,0.0,0.0,0.0,36.27439999999999,0.1326,36.40699999999999,36.4052
1749,1.0746,0.0003,1.0749,0.1935,0.9997209042701647,0.0002790957298353335,57.7071,0.1779,0.0,0.0,0.0,57.707100000000025,0.1779,57.885000000000026,58.3819
1750,0.3526,0.0,0.3526,0.0635,1.0,0.0,19.1716,0.0119,0.0,0.0,0.0,19.171600000000005,0.011899999999999999,19.183500000000006,19.1805
1751,0.7499,0.0001,0.75,0.135,0.9998666666666667,0.00013333333333333334,42.5208,0.0552,0.0,0.0,0.0,42.52079999999999,0.05519999999999999,42.575999999999986,43.5743
1752,4.3608,0.0194,4.3802,0.7884,0.9955709784941327,0.004429021505867312,254.7877,12.1994,0.0,0.0,0.0,254.78770000000006,12.199399999999999,266.98710000000005,270.9842
1753,0.2819,0.0,0.2819,0.0507,1.0,0.0,15.8549,0.0158,0.0,0.0,0.0,15.854900000000002,0.015799999999999998,15.870700000000003,16.3702
1754,0.7654,0.0005,0.7659,0.1379,0.9993471732602167,0.0006528267397832615,39.9796,0.3292,0.0,0.0,0.0,39.979599999999984,0.3292,40.308799999999984,41.3091
1755,3.0226,0.0031,3.0257,0.5446,0.9989754436989788,0.0010245563010212511,170.7453,1.9085,0.0,0.0,0.0,170.74530000000001,1.9084999999999999,172.65380000000002,176.6574
1756,0.3791,0.0,0.3791,0.0682,1.0,0.0,21.3846,0.0139,0.0,0.0,0.0,21.3846,0.0139,21.3985,21.3972
1757,4.8018,0.023,4.8247,0.8685,0.9952535908968434,0.004767135780463034,268.6275,13.6343,0.0,0.0,0.0,268.6275,13.6343,282.2618,293.2616
1758,0.3179,0.0001,0.318,0.0572,0.999685534591195,0.00031446540880503143,18.3835,0.0456,0.0,0.0,0.0,18.383499999999998,0.0456,18.4291,18.9253
1759,2.9536,0.0008,2.9544,0.5318,0.9997292174383968,0.00027078256160303275,163.5299,0.4897,0.0,0.0,0.0,163.52989999999997,0.48969999999999997,164.01959999999997,170.0172
1760,2.783,0.0035,2.7864,0.5016,0.9987797875394774,0.0012561010623026126,162.1381,2.2044,0.0,0.0,0.0,162.13809999999998,2.2044,164.34249999999997,173.8413
1761,3.9072,0.013,3.9202,0.7056,0.9966838426610888,0.00331615733891128,223.2217,8.6537,0.0,0.0,0.0,223.22169999999994,8.6537,231.87539999999996,234.3738
1762,0.4128,0.0,0.4128,0.0743,1.0,0.0,21.2285,0.0081,0.0,0.0,0.0,21.228499999999997,0.0081,21.236599999999996,21.2317
1763,3.1248,0.0013,3.1261,0.5627,0.9995841463804741,0.00041585361952592686,177.0911,0.8651,0.0,0.0,0.0,177.09109999999993,0.8651,177.95619999999994,179.956
1764,0.2916,0.0,0.2916,0.0525,1.0,0.0,15.9346,0.0128,0.0,0.0,0.0,15.934600000000001,0.012799999999999997,15.947400000000002,15.9425
1765,0.5912,0.0002,0.5914,0.1064,0.9996618194115656,0.00033818058843422386,35.0761,0.1414,0.0,0.0,0.0,35.0761,0.1414,35.217499999999994,35.7139
1766,0.6658,0.0012,0.667,0.1201,0.9982008995502247,0.0017991004497751122,38.5738,0.7629,0.0,0.0,0.0,38.573800000000006,0.7628999999999999,39.33670000000001,41.3371
1767,4.6557,0.0087,4.6644,0.8396,0.9981348083354774,0.0018651916645227682,269.9795,5.5345,0.0,0.0,0.0,269.9795,5.5344999999999995,275.51399999999995,283.515
1768,1.8921,0.0047,1.8968,0.3414,0.9975221425558836,0.002477857444116407,109.9913,2.9323,0.0,0.0,0.0,109.99129999999998,2.9323000000000006,112.92359999999998,117.928
1769,0.4737,0.0007,0.4744,0.0854,0.9985244519392917,0.001475548060708263,27.5456,0.3976,0.0,0.0,0.0,27.5456,0.3976,27.9432,29.447
1770,5.1812,0.0178,5.1991,0.9358,0.9965570964205344,0.0034236694812563714,293.319,11.3904,0.0,0.0,0.0,293.319,11.390400000000001,304.7094,315.2056
1771,0.3029,0.0,0.3029,0.0545,1.0,0.0,15.5755,0.022,0.0,0.0,0.0,15.575499999999995,0.022000000000000002,15.597499999999995,15.5927
1772,3.7306,0.003,3.7336,0.6721,0.9991964859652882,0.0008035140347118063,205.902,1.8275,0.0,0.0,0.0,205.90199999999996,1.8274999999999997,207.72949999999994,210.2277
1773,2.0697,0.0007,2.0704,0.3727,0.9996619010819167,0.0003380989180834622,109.3636,0.4496,0.0,0.0,0.0,109.36360000000002,0.4496,109.81320000000002,112.3151
1774,0.666,0.0,0.666,0.1199,1.0,0.0,35.3636,0.0222,0.0,0.0,0.0,35.363600000000005,0.0222,35.3858,35.3846
1775,0.6136,0.0004,0.614,0.1105,0.9993485342019545,0.0006514657980456026,36.0588,0.2275,0.0,0.0,0.0,36.0588,0.22749999999999998,36.2863,37.2851
1776,4.6274,0.0053,4.6327,0.8339,0.9988559587281715,0.0011440412718285234,270.1476,3.5948,0.0,0.0,0.0,270.1476,3.5947999999999998,273.74240000000003,276.7438
1777,6.7093,0.0052,6.7145,1.2086,0.9992255566311713,0.0007744433688286543,371.9828,3.0556,0.0,0.0,0.0,371.98279999999994,3.0555999999999996,375.03839999999997,383.0348
1778,0.5379,0.0003,0.5382,0.0969,0.9994425863991082,0.0005574136008918618,28.745,0.2044,0.0,0.0,0.0,28.745000000000005,0.2044,28.949400000000004,30.4534
1779,0.7869,0.0007,0.7876,0.1418,0.9991112239715593,0.0008887760284408329,42.0908,0.4278,0.0,0.0,0.0,42.0908,0.42779999999999996,42.5186,44.02
1780,0.3346,0.0001,0.3347,0.0602,0.999701224977592,0.0002987750224081267,18.6363,0.0462,0.0,0.0,0.0,18.6363,0.0462,18.682499999999997,18.6857
1781,0.4506,0.0001,0.4507,0.0811,0.9997781229199024,0.00022187708009762592,26.2951,0.0496,0.0,0.0,0.0,26.295099999999998,0.049599999999999984,26.3447,26.3472
1782,5.0139,0.0147,5.0286,0.9051,0.9970767211549934,0.002923278845006562,264.9092,9.594,0.0,0.0,0.0,264.90920000000006,9.594000000000001,274.50320000000005,290.9985
1783,4.3325,0.015,4.3475,0.7825,0.9965497412305921,0.0034502587694077054,241.2282,9.3194,0.0,0.0,0.0,241.2282,9.3194,250.5476,263.0428
1784,1.3013,0.0007,1.302,0.2344,0.9994623655913978,0.0005376344086021505,71.1522,0.4558,0.0,0.0,0.0,71.1522,0.4558000000000001,71.60799999999999,73.1083
1785,4.5418,0.003,4.5448,0.8181,0.9993399049463122,0.000660095053687731,268.795,1.8833,0.0,0.0,0.0,268.79499999999996,1.8833,270.6783,272.1797
1786,0.2347,0.0,0.2347,0.0422,1.0,0.0,13.9911,0.0242,0.0,0.0,0.0,13.991100000000001,0.0242,14.015300000000002,14.0115
1787,2.1788,0.0037,2.1824,0.3928,0.9983504398826979,0.0016953812316715545,120.7071,2.2542,0.0,0.0,0.0,120.70710000000003,2.2541999999999995,122.96130000000002,126.4573
1788,10.6004,0.0202,10.6206,1.9117,0.9980980358925109,0.001901964107489219,564.5738,12.2312,0.0,0.0,0.0,564.5737999999999,12.231200000000001,576.8049999999998,583.8086
1789,2.6854,0.0016,2.687,0.4837,0.9994045403796056,0.0005954596203944921,152.1705,1.0562,0.0,0.0,0.0,152.1705,1.0561999999999998,153.2267,154.7304
1790,0.441,0.0001,0.4411,0.0794,0.9997732940376333,0.00022670596236681027,25.7673,0.0415,0.0,0.0,0.0,25.767299999999995,0.0415,25.808799999999994,25.8099
1791,1.3658,0.0003,1.3661,0.2459,0.9997803967498717,0.00021960325012810187,78.7675,0.1874,0.0,0.0,0.0,78.76750000000001,0.1874,78.95490000000001,80.4579
1792,3.7248,0.0074,3.7322,0.6718,0.9980172552381973,0.00198274476180269,205.11,4.5446,0.0,0.0,0.0,205.11,4.5446,209.65460000000002,224.155
1793,3.6814,0.0055,3.6869,0.6636,0.9985082318478938,0.0014917681521061054,204.9827,3.3545,0.0,0.0,0.0,204.98269999999997,3.3544999999999994,208.33719999999997,213.8377
1794,1.2517,0.0002,1.2519,0.2253,0.999840242830897,0.0001597571691029635,69.3847,0.1291,0.0,0.0,0.0,69.38470000000001,0.1291,69.5138,70.5117
1795,3.0793,0.0006,3.0799,0.5544,0.9998051884801454,0.0001948115198545407,174.8181,0.3938,0.0,0.0,0.0,174.8181,0.3938,175.21189999999999,175.2079
1796,1.0258,0.0003,1.0262,0.1847,0.9996102124342234,0.00029234067433248876,57.5741,0.2128,0.0,0.0,0.0,57.574100000000016,0.21280000000000002,57.78690000000002,60.2882
1797,8.5679,0.0048,8.5727,1.5431,0.999440083054347,0.0005599169456530614,456.0584,2.9043,0.0,0.0,0.0,456.0584,2.9043,458.9627,469.9664
1798,1.9325,0.0007,1.9331,0.348,0.9996896177124825,0.00036211266877036883,105.378,0.4214,0.0,0.0,0.0,105.37800000000003,0.4214,105.79940000000003,107.2987
1799,0.4913,0.0001,0.4915,0.0885,0.9995930824008139,0.00020345879959308242,27.1382,0.0886,0.0,0.0,0.0,27.138199999999998,0.0886,27.226799999999997,27.2228
1800,3.4852,0.0044,3.4896,0.6281,0.9987391104997707,0.0012608895002292528,186.2216,2.6611,0.0,0.0,0.0,186.2216,2.6611,188.8827,193.3853
1801,1.2782,0.01,1.2882,0.2319,0.992237230243751,0.00776276975624903,74.5291,6.4636,0.0,0.0,0.0,74.52910000000003,6.4636000000000005,80.99270000000003,85.9934
1802,4.0609,0.008,4.0689,0.7324,0.9980338666470053,0.0019661333529946666,226.1383,5.3616,0.0,0.0,0.0,226.13829999999993,5.361599999999999,231.49989999999994,246.0043
1803,0.337,0.0001,0.337,0.0607,1.0,0.0002967359050445104,17.5897,0.0309,0.0,0.0,0.0,17.5897,0.030900000000000004,17.6206,18.1168
1804,0.2942,0.0001,0.2943,0.053,0.999660210669385,0.0003397893306150187,16.6657,0.0467,0.0,0.0,0.0,16.6657,0.0467,16.712400000000002,16.7168
1805,0.3076,0.0002,0.3077,0.0554,0.9996750081247969,0.0006499837504062399,17.3639,0.0948,0.0,0.0,0.0,17.363899999999997,0.09480000000000001,17.458699999999997,17.4624
1806,1.0078,0.0006,1.0084,0.1815,0.9994049980166602,0.0005950019833399445,59.1818,0.4084,0.0,0.0,0.0,59.181799999999996,0.40840000000000004,59.590199999999996,60.5917
1807,10.7681,0.0167,10.7848,1.9413,0.9984515243676285,0.0015484756323714856,595.3278,10.3605,0.0,0.0,0.0,595.3278000000001,10.3605,605.6883000000001,620.1877
1808,6.3162,0.0092,6.3255,1.1386,0.9985297604932417,0.001454430479803968,345.7076,5.5498,0.0,0.0,0.0,345.70759999999996,5.549799999999999,351.25739999999996,360.7611
1809,4.7056,0.0113,4.7169,0.849,0.9976043587949712,0.002395641205028726,254.378,7.2515,0.0,0.0,0.0,254.37800000000001,7.2515,261.6295,271.6299
1810,3.1187,0.0158,3.1345,0.5642,0.9949593236560855,0.0050406763439145,167.9914,10.3601,0.0,0.0,0.0,167.9914,10.360100000000001,178.3515,187.3497
1811,0.1864,0.0001,0.1865,0.0336,0.9994638069705094,0.0005361930294906167,9.8401,0.0323,0.0,0.0,0.0,9.8401,0.032299999999999995,9.872399999999999,11.3712
1812,0.9655,0.0008,0.9663,0.1739,0.9991720997619786,0.0008279002380213184,52.795,0.5034,0.0,0.0,0.0,52.795,0.5034,53.2984,55.2946
1813,0.348,0.0001,0.3481,0.0627,0.9997127262280953,0.0002872737719046251,18.7935,0.0705,0.0,0.0,0.0,18.793500000000005,0.07050000000000001,18.864000000000004,18.8679
1814,9.9237,0.0037,9.9274,1.7869,0.9996272941555694,0.0003727058444305659,534.8698,2.2244,0.0,0.0,0.0,534.8697999999999,2.2244,537.0941999999999,543.5949
1815,7.0495,0.0206,7.0701,1.2726,0.9970863212684403,0.002913678731559667,390.9093,13.029,0.0,0.0,0.0,390.9093000000001,13.029000000000002,403.9383000000001,417.9405
1816,1.9942,0.0006,1.9948,0.3591,0.9996992179667135,0.000300782033286545,114.7675,0.3339,0.0,0.0,0.0,114.76750000000001,0.33390000000000003,115.10140000000001,118.6049
1817,3.3124,0.0069,3.3193,0.5975,0.9979212484559996,0.002078751544000241,185.3847,4.1057,0.0,0.0,0.0,185.38470000000007,4.1057,189.49040000000008,201.495
1818,0.4786,0.0004,0.479,0.0862,0.9991649269311066,0.0008350730688935282,25.5292,0.2432,0.0,0.0,0.0,25.5292,0.24319999999999997,25.7724,27.7696
1819,2.9533,0.0041,2.9575,0.5323,0.9985798816568048,0.0013863060016906172,168.9796,2.5929,0.0,0.0,0.0,168.97959999999998,2.5929,171.5725,174.5763
1820,9.1998,0.0148,9.2146,1.6586,0.9983938532329129,0.001606146767087014,538.3332,9.0599,0.0,0.0,0.0,538.3331999999999,9.059899999999999,547.3930999999999,553.8922
1821,3.8715,0.0221,3.8936,0.7008,0.9943240189028149,0.005675981097185125,205.3607,13.3495,0.0,0.0,0.0,205.3607,13.3495,218.71020000000001,226.7098
1822,0.5204,0.0005,0.521,0.0938,0.9988483685220728,0.0009596928982725527,28.2283,0.3385,0.0,0.0,0.0,28.228299999999997,0.3385,28.566799999999997,30.5652
1823,5.5093,0.0236,5.5329,0.9959,0.9957346057221349,0.004265394277865134,312.6891,14.7589,0.0,0.0,0.0,312.6891,14.758899999999997,327.448,336.4478
1824,7.0134,0.006,7.0194,1.2635,0.9991452260876997,0.0008547739123001966,375.6465,3.7494,0.0,0.0,0.0,375.6465,3.7494,379.3959,386.3948
1825,4.4941,0.0055,4.4996,0.8099,0.9987776691261446,0.0012223308738554537,250.5742,3.6802,0.0,0.0,0.0,250.57419999999993,3.6802,254.25439999999995,263.2547
1826,1.7016,0.0006,1.7022,0.3064,0.9996475149806133,0.00035248501938667606,99.7452,0.429,0.0,0.0,0.0,99.74520000000001,0.429,100.17420000000001,100.174
1827,0.4169,0.0001,0.4171,0.0751,0.9995204986813713,0.0002397506593143131,23.182,0.0838,0.0,0.0,0.0,23.182000000000002,0.0838,23.265800000000002,24.2611
1828,0.4299,0.0,0.4299,0.0774,1.0,0.0,24.2743,0.0179,0.0,0.0,0.0,24.274300000000007,0.0179,24.29220000000001,24.288
1829,3.6347,0.0042,3.6389,0.655,0.998845805050977,0.0011541949490230564,188.3105,2.6852,0.0,0.0,0.0,188.3105,2.6851999999999996,190.9957,196.9977
1830,8.7423,0.0034,8.7457,1.5742,0.9996112375224397,0.0003887624775604011,478.1842,2.2002,0.0,0.0,0.0,478.1842,2.2002,480.38439999999997,484.8814
1831,6.3788,0.0047,6.3835,1.149,0.999263726795645,0.0007362732043549778,364.9829,3.1605,0.0,0.0,0.0,364.98289999999986,3.1605,368.1433999999999,377.6431
1832,8.0688,0.004,8.0728,1.4531,0.9995045089683875,0.0004954910316123278,458.8697,2.5633,0.0,0.0,0.0,458.8696999999999,2.5632999999999995,461.43299999999994,467.9334
1833,2.717,0.0108,2.7277,0.491,0.9960772812259413,0.003959379697180776,150.274,6.7328,0.0,0.0,0.0,150.27399999999994,6.7328,157.00679999999994,168.5051
1834,0.3091,0.0001,0.3092,0.0557,0.9996765847347995,0.0003234152652005175,17.092,0.0423,0.0,0.0,0.0,17.092000000000002,0.0423,17.134300000000003,18.1307
1835,2.0872,0.0009,2.0881,0.3759,0.9995689861596668,0.00043101384033331736,117.6611,0.6052,0.0,0.0,0.0,117.66110000000003,0.6052,118.26630000000003,121.7711
1836,2.1424,0.0055,2.1479,0.3866,0.9974393593742725,0.0025606406257274545,124.4547,3.4747,0.0,0.0,0.0,124.4547,3.474700000000001,127.9294,135.428
1837,0.0878,0.0,0.0879,0.0158,0.9988623435722411,0.0,5.0461,0.0091,0.0,0.0,0.0,5.0461,0.0091,5.0552,5.5511
1838,2.2369,0.0021,2.2389,0.403,0.9991067041850908,0.0009379606056545624,126.6365,1.3395,0.0,0.0,0.0,126.63649999999998,1.3395,127.97599999999998,132.9782
1839,7.4243,0.0188,7.4431,1.3398,0.9974741707084412,0.0025258292915586247,416.6612,11.8311,0.0,0.0,0.0,416.6611999999999,11.831100000000001,428.4922999999999,441.4945
1840,5.3563,0.0089,5.3652,0.9657,0.998341161559681,0.0016588384403190934,310.6363,5.5342,0.0,0.0,0.0,310.63630000000006,5.534199999999999,316.17050000000006,327.1664
1841,0.2961,0.0001,0.2962,0.0533,0.9996623902768398,0.000337609723160027,16.4817,0.052,0.0,0.0,0.0,16.481700000000004,0.052000000000000005,16.533700000000003,17.0354
1842,0.5783,0.0002,0.5784,0.1041,0.9998271092669433,0.00034578146611341634,31.6364,0.106,0.0,0.0,0.0,31.63639999999999,0.106,31.742399999999993,32.7462
1843,7.7181,0.0067,7.7248,1.3905,0.9991326636288318,0.0008673363711681856,449.1522,4.2861,0.0,0.0,0.0,449.1521999999999,4.286099999999999,453.43829999999986,468.4334
1844,0.418,0.0001,0.4181,0.0753,0.9997608227696723,0.0002391772303276728,25.0821,0.0531,0.0,0.0,0.0,25.0821,0.0531,25.1352,25.1318
1845,0.133,0.0001,0.1331,0.024,0.9992486851990985,0.0007513148009015778,7.7173,0.0724,0.0,0.0,0.0,7.717299999999998,0.0724,7.789699999999998,7.7937
1846,0.9755,0.0006,0.9762,0.1757,0.999282933825036,0.0006146281499692685,56.6363,0.4102,0.0,0.0,0.0,56.636300000000006,0.41020000000000006,57.04650000000001,58.5513
1847,7.1517,0.0075,7.1592,1.2887,0.9989523969158565,0.0010476030841434795,427.1517,4.7616,0.0,0.0,0.0,427.1516999999999,4.761600000000001,431.9132999999999,441.409
1848,5.3212,0.0027,5.3239,0.9583,0.9994928529837149,0.0005071470162850543,304.7454,1.68,0.0,0.0,0.0,304.74539999999996,1.6799999999999997,306.42539999999997,309.4272
1849,0.3379,0.0,0.3379,0.0608,1.0,0.0,17.3778,0.0133,0.0,0.0,0.0,17.3778,0.013299999999999996,17.3911,17.3869
1850,0.4119,0.0,0.4119,0.0741,1.0,0.0,21.184,0.011,0.0,0.0,0.0,21.184,0.011000000000000001,21.195,21.1902
1851,0.7041,0.001,0.7051,0.1269,0.9985817614522763,0.0014182385477237273,39.569,0.6921,0.0,0.0,0.0,39.569,0.6921,40.261100000000006,47.7638
1852,0.7496,0.0004,0.75,0.135,0.9994666666666667,0.0005333333333333334,42.6612,0.2995,0.0,0.0,0.0,42.661199999999994,0.2995,42.960699999999996,43.4577
1853,7.2552,0.015,7.2702,1.3086,0.9979367830321036,0.002063216967896344,406.1382,8.9685,0.0,0.0,0.0,406.1382000000001,8.968499999999999,415.1067000000001,430.1089
1854,1.5288,0.0003,1.5292,0.2752,0.999738425320429,0.00019618100967826315,86.902,0.2153,0.0,0.0,0.0,86.90200000000003,0.2153,87.11730000000003,87.1214
1855,2.4717,0.0023,2.474,0.4453,0.9990703314470492,0.000929668552950687,132.9742,1.5603,0.0,0.0,0.0,132.97419999999997,1.5603,134.53449999999998,139.5343
1856,6.1066,0.0109,6.1175,1.1011,0.9982182263996732,0.001781773600326931,343.9018,7.1372,0.0,0.0,0.0,343.9018,7.1372,351.039,360.0361
1857,0.5101,0.0,0.5101,0.0918,1.0,0.0,27.9741,0.0229,0.0,0.0,0.0,27.9741,0.0229,27.997,27.9976
1858,9.6165,0.012,9.6284,1.7331,0.9987640729508538,0.0012463129907357403,563.2155,7.2711,0.0,0.0,0.0,563.2155,7.271100000000001,570.4866000000001,581.9897
1859,1.1121,0.0008,1.1128,0.2003,0.9993709561466572,0.0007189072609633358,59.5206,0.4988,0.0,0.0,0.0,59.520599999999995,0.4988,60.0194,61.5148
1860,0.4124,0.0002,0.4126,0.0743,0.9995152690256907,0.0004847309743092584,23.1519,0.1575,0.0,0.0,0.0,23.1519,0.15749999999999997,23.3094,24.3051
1861,0.3061,0.0,0.3061,0.0551,1.0,0.0,16.3635,0.0144,0.0,0.0,0.0,16.3635,0.014400000000000001,16.377899999999997,16.3739
1862,0.8719,0.0003,0.8722,0.157,0.9996560421921578,0.000343957807842238,50.0824,0.1811,0.0,0.0,0.0,50.08239999999999,0.18109999999999998,50.26349999999999,52.2659
1863,4.9743,0.0072,4.9815,0.8967,0.998554652213189,0.0014453477868112015,274.8401,4.5449,0.0,0.0,0.0,274.84010000000006,4.544899999999999,279.38500000000005,288.8801
1864,2.0689,0.0002,2.0691,0.3724,0.9999033396162583,9.666038374172346e-05,113.8695,0.1188,0.0,0.0,0.0,113.86949999999999,0.1188,113.98829999999998,113.9871
1865,1.8195,0.002,1.8216,0.3279,0.9988471673254281,0.0010979358805445762,97.6548,1.3873,0.0,0.0,0.0,97.65480000000002,1.3873000000000002,99.04210000000002,103.0412
1866,0.2107,0.0,0.2108,0.0379,0.9995256166982923,0.0,12.1477,0.022,0.0,0.0,0.0,12.147699999999999,0.022000000000000002,12.169699999999999,12.1727
1867,0.9436,0.0002,0.9438,0.1699,0.9997880906971817,0.00021190930281839374,55.4817,0.1191,0.0,0.0,0.0,55.481700000000004,0.1191,55.60080000000001,55.5985
1868,0.4586,0.0,0.4586,0.0825,1.0,0.0,25.7452,0.0135,0.0,0.0,0.0,25.745200000000008,0.013500000000000002,25.758700000000008,25.7572
1869,3.4411,0.0051,3.4462,0.6203,0.9985201091056816,0.0014798908943183797,194.3191,3.219,0.0,0.0,0.0,194.31910000000002,3.219,197.53810000000001,202.0356
1870,0.2798,0.0001,0.2799,0.0504,0.9996427295462665,0.0003572704537334763,15.5756,0.0439,0.0,0.0,0.0,15.575599999999994,0.043899999999999995,15.619499999999995,15.6211
1871,0.2932,0.0003,0.2935,0.0528,0.998977853492334,0.0010221465076660989,15.9093,0.1849,0.0,0.0,0.0,15.909299999999996,0.1849,16.094199999999997,16.5909
1872,1.0719,0.0002,1.0722,0.193,0.9997202014549524,0.00018653236336504383,64.0922,0.142,0.0,0.0,0.0,64.0922,0.14200000000000002,64.2342,64.2298
1873,0.4149,0.0,0.4149,0.0747,1.0,0.0,22.902,0.0308,0.0,0.0,0.0,22.901999999999994,0.030799999999999994,22.932799999999993,22.9294
1874,0.198,0.0001,0.1981,0.0357,0.999495204442201,0.0005047955577990914,11.0921,0.0747,0.0,0.0,0.0,11.092100000000002,0.07470000000000002,11.166800000000002,11.1674
1875,6.5767,0.0114,6.5881,1.1859,0.9982696073222932,0.0017303926777067745,373.4817,7.5532,0.0,0.0,0.0,373.4817,7.5531999999999995,381.0349,387.5352
1876,2.4667,0.0031,2.4698,0.4446,0.998744837638675,0.0012551623613248034,142.7871,1.9687,0.0,0.0,0.0,142.78709999999998,1.9687000000000001,144.7558,146.2528
1877,1.0477,0.0006,1.0483,0.1887,0.99942764475818,0.0005723552418200896,57.2952,0.3868,0.0,0.0,0.0,57.29520000000001,0.38680000000000003,57.68200000000001,57.6846
1878,0.1766,0.0001,0.1767,0.0318,0.9994340690435768,0.0005659309564233164,9.3276,0.0432,0.0,0.0,0.0,9.3276,0.0432,9.370800000000001,9.3714
1879,6.0556,0.0248,6.0804,1.0945,0.9959213209657259,0.004078679034274061,327.5741,15.8253,0.0,0.0,0.0,327.57409999999993,15.825300000000002,343.39939999999996,353.4026
1880,0.2997,0.0002,0.2999,0.054,0.9993331110370124,0.0006668889629876626,17.1819,0.1142,0.0,0.0,0.0,17.181900000000006,0.1142,17.296100000000006,17.3009
1881,0.4315,0.0002,0.4317,0.0777,0.999536715311559,0.00046328468844104707,25.0761,0.1157,0.0,0.0,0.0,25.076099999999997,0.1157,25.191799999999997,25.1955
1882,1.6161,0.0009,1.617,0.2911,0.999443413729128,0.0005565862708719852,86.666,0.5695,0.0,0.0,0.0,86.666,0.5695,87.2355,89.7385
1883,1.5815,0.0005,1.582,0.2848,0.9996839443742097,0.00031605562579013904,82.2282,0.2956,0.0,0.0,0.0,82.22819999999999,0.29560000000000003,82.52379999999998,82.5214
1884,4.3892,0.0223,4.4116,0.7941,0.9949224771058119,0.0050548553812675675,250.3189,13.9937,0.0,0.0,0.0,250.3189,13.993699999999997,264.31260000000003,277.8154
1885,0.2718,0.0001,0.2719,0.0489,0.9996322177271056,0.00036778227289444655,15.7929,0.0555,0.0,0.0,0.0,15.792900000000005,0.0555,15.848400000000005,15.8512
1886,1.1179,0.0003,1.1182,0.2013,0.9997317116794847,0.0002682883205151135,64.0588,0.1958,0.0,0.0,0.0,64.0588,0.1958,64.25460000000001,64.2504
1887,7.64,0.0085,7.6485,1.3767,0.9988886709812381,0.0011113290187618487,413.333,5.1386,0.0,0.0,0.0,413.3330000000001,5.1386,418.4716000000001,422.9696
1888,0.3461,0.0,0.3461,0.0623,1.0,0.0,20.7672,0.0096,0.0,0.0,0.0,20.767199999999995,0.009600000000000001,20.776799999999994,20.7776
1889,0.5356,0.0,0.5356,0.0964,1.0,0.0,29.3105,0.0207,0.0,0.0,0.0,29.3105,0.0207,29.331200000000003,29.3306
1890,1.6626,0.0007,1.6633,0.2994,0.9995791498827632,0.00042085011723681835,89.8697,0.4653,0.0,0.0,0.0,89.86969999999998,0.46530000000000005,90.33499999999998,92.8337
1891,6.8543,0.0196,6.8739,1.2373,0.9971486346906415,0.002851365309358588,387.909,12.6396,0.0,0.0,0.0,387.90900000000005,12.639600000000002,400.5486000000001,417.0521
1892,0.1738,0.0,0.1738,0.0313,1.0,0.0,9.7773,0.0082,0.0,0.0,0.0,9.777299999999999,0.0082,9.785499999999999,9.7899
1893,0.6714,0.0001,0.6715,0.1209,0.9998510796723753,0.0001489203276247208,35.5884,0.0465,0.0,0.0,0.0,35.5884,0.0465,35.6349,35.6319
1894,6.6313,0.0166,6.6479,1.1966,0.9975029708629793,0.0024970291370207134,362.092,10.357,0.0,0.0,0.0,362.092,10.356999999999998,372.44899999999996,378.9473
1895,0.108,0.0,0.1081,0.0195,0.9990749306197965,0.0,5.8935,0.0312,0.0,0.0,0.0,5.8935,0.031200000000000002,5.9247000000000005,5.9213
1896,6.0725,0.0094,6.082,1.0948,0.9984380138112463,0.0015455442288720817,318.1705,6.0528,0.0,0.0,0.0,318.17049999999995,6.0527999999999995,324.22329999999994,334.7273
1897,7.5771,0.0074,7.5846,1.3652,0.9990111541808401,0.0009756612082377449,423.5109,4.8462,0.0,0.0,0.0,423.51090000000005,4.8462,428.35710000000006,432.3573
1898,0.6338,0.0007,0.6345,0.1142,0.9988967691095352,0.001103230890464933,35.6363,0.4217,0.0,0.0,0.0,35.63629999999999,0.42169999999999996,36.05799999999999,37.0603
1899,4.5929,0.009,4.6019,0.8283,0.9980442860557597,0.0019557139442404224,249.9088,5.8173,0.0,0.0,0.0,249.90880000000007,5.8173,255.72610000000006,263.7255
1900,5.1716,0.0103,5.1819,0.9327,0.9980123120863004,0.0019876879136996083,288.5883,6.3849,0.0,0.0,0.0,288.58829999999995,6.384899999999999,294.97319999999996,301.4741
1901,1.0244,0.0005,1.025,0.1845,0.9994146341463416,0.00048780487804878054,54.6658,0.3422,0.0,0.0,0.0,54.6658,0.34219999999999995,55.007999999999996,55.0111
1902,0.4361,0.0002,0.4363,0.0785,0.9995415998166398,0.00045840018336007336,23.5296,0.1032,0.0,0.0,0.0,23.5296,0.10320000000000001,23.6328,24.1322
1903,1.4444,0.0005,1.445,0.2601,0.9995847750865051,0.00034602076124567473,76.1819,0.3566,0.0,0.0,0.0,76.18190000000001,0.3566,76.53850000000001,77.5341
1904,1.5486,0.0004,1.549,0.2788,0.9997417688831505,0.0002582311168495804,82.1098,0.2578,0.0,0.0,0.0,82.10979999999999,0.25780000000000003,82.3676,82.8714
1905,0.2914,0.0,0.2914,0.0525,1.0,0.0,15.6363,0.0209,0.0,0.0,0.0,15.636300000000004,0.020900000000000002,15.657200000000003,15.653
1906,0.1543,0.0,0.1543,0.0278,1.0,0.0,8.4547,0.0124,0.0,0.0,0.0,8.454699999999999,0.012400000000000003,8.467099999999999,8.4707
1907,4.5238,0.0037,4.5276,0.815,0.9991607032423359,0.0008172100008834703,251.192,2.4464,0.0,0.0,0.0,251.19200000000004,2.4464,253.63840000000005,263.6346
1908,1.1561,0.0006,1.1567,0.2082,0.9994812829601452,0.0005187170398547592,66.0905,0.4281,0.0,0.0,0.0,66.0905,0.4281,66.5186,68.0175
1909,6.9944,0.0054,6.9998,1.26,0.9992285493871254,0.0007714506128746536,377.9091,3.3242,0.0,0.0,0.0,377.9091,3.3242000000000003,381.23330000000004,389.2322
1910,0.2674,0.0,0.2674,0.0481,1.0,0.0,14.7336,0.0142,0.0,0.0,0.0,14.733600000000003,0.0142,14.747800000000003,14.7436
1911,0.2969,0.0,0.297,0.0535,0.9996632996632997,0.0,17.0588,0.013,0.0,0.0,0.0,17.058799999999998,0.013,17.0718,17.072
1912,5.7872,0.0028,5.79,1.0422,0.9995164075993092,0.00048359240069084625,310.3105,1.6424,0.0,0.0,0.0,310.31050000000005,1.6424,311.95290000000006,318.9555
1913,0.3018,0.0003,0.3021,0.0544,0.9990069513406158,0.0009930486593843098,17.6862,0.2102,0.0,0.0,0.0,17.686199999999996,0.21020000000000003,17.896399999999996,19.8954
1914,10.3029,0.0199,10.3228,1.8581,0.998072228465145,0.0019277715348548843,600.3777,12.7891,0.0,0.0,0.0,600.3777,12.789099999999998,613.1668,634.1663
1915,6.5942,0.0188,6.6129,1.1903,0.9971721937425335,0.002842928216062545,354.6553,12.8534,0.0,0.0,0.0,354.65529999999995,12.8534,367.5087,379.0088
1916,5.0412,0.0131,5.0542,0.9098,0.9974278817617032,0.002591903763206838,282.7174,8.7784,0.0,0.0,0.0,282.71740000000005,8.778399999999998,291.49580000000003,298.9976
1917,0.4182,0.0,0.4182,0.0753,1.0,0.0,21.5082,0.0125,0.0,0.0,0.0,21.508199999999995,0.012499999999999999,21.520699999999994,21.5226
1918,2.3404,0.0005,2.3408,0.4214,0.9998291182501707,0.0002136021872863978,135.5755,0.3018,0.0,0.0,0.0,135.57549999999998,0.30179999999999996,135.87729999999996,135.8732
1919,1.9492,0.0003,1.9496,0.3509,0.9997948297086582,0.00015387771850636028,108.0909,0.1995,0.0,0.0,0.0,108.09090000000002,0.19949999999999998,108.29040000000002,110.7951
1920,2.9008,0.0048,2.9055,0.523,0.99838237824815,0.0016520392359318532,161.9912,2.9582,0.0,0.0,0.0,161.99120000000005,2.9582000000000006,164.94940000000005,171.4516
1921,0.2632,0.0,0.2633,0.0474,0.9996202050892519,0.0,13.7173,0.0149,0.0,0.0,0.0,13.717300000000005,0.014899999999999998,13.732200000000006,14.2356
1922,0.3088,0.0001,0.3089,0.0556,0.9996762706377469,0.0003237293622531564,16.5111,0.0711,0.0,0.0,0.0,16.5111,0.0711,16.5822,16.5865
1923,3.266,0.0032,3.2692,0.5885,0.9990211672580448,0.0009788327419552184,194.1198,2.0339,0.0,0.0,0.0,194.11979999999997,2.0339,196.15369999999996,202.65
1924,1.1541,0.0004,1.1545,0.2078,0.9996535296665221,0.00034647033347769596,65.5106,0.2702,0.0,0.0,0.0,65.51060000000001,0.2702,65.78080000000001,67.2831
1925,4.8666,0.0029,4.8695,0.8765,0.9994044563096827,0.0005955436903172809,261.3249,1.7852,0.0,0.0,0.0,261.3249,1.7852000000000003,263.1101,272.107
1926,3.2513,0.0023,3.2536,0.5856,0.9992930907302681,0.0007069092697319892,178.3836,1.4751,0.0,0.0,0.0,178.3836,1.4751000000000003,179.8587,182.855
1927,5.694,0.0081,5.7021,1.0264,0.9985794707213133,0.0014205292786867996,321.2216,5.3897,0.0,0.0,0.0,321.22159999999997,5.3897,326.61129999999997,334.1115
1928,0.1376,0.0,0.1376,0.0248,1.0,0.0,7.0764,0.0076,0.0,0.0,0.0,7.0764000000000005,0.007600000000000001,7.0840000000000005,7.0808
1929,1.5869,0.0003,1.5872,0.2857,0.9998109879032259,0.00018901209677419354,84.7675,0.1663,0.0,0.0,0.0,84.76750000000003,0.1663,84.93380000000003,84.9362
1930,0.2199,0.0,0.2199,0.0396,1.0,0.0,11.5735,0.0236,0.0,0.0,0.0,11.573500000000005,0.0236,11.597100000000005,11.5997
1931,0.2165,0.0002,0.2168,0.039,0.9986162361623616,0.000922509225092251,12.9915,0.1471,0.0,0.0,0.0,12.9915,0.1471,13.1386,13.1423
1932,0.5643,0.0001,0.5644,0.1016,0.9998228206945429,0.00017717930545712261,30.2954,0.0453,0.0,0.0,0.0,30.295399999999997,0.0453,30.3407,30.3446
1933,1.2109,0.0011,1.212,0.2182,0.9990924092409242,0.0009075907590759077,69.7675,0.6939,0.0,0.0,0.0,69.76750000000001,0.6939,70.46140000000001,73.9579
1934,0.5055,0.0,0.5055,0.091,1.0,0.0,26.3845,0.0165,0.0,0.0,0.0,26.38450000000001,0.0165,26.40100000000001,26.4031
1935,5.6825,0.0029,5.6854,1.0234,0.9994899215534528,0.0005100784465472966,315.5854,1.7836,0.0,0.0,0.0,315.5854,1.7835999999999999,317.36899999999997,325.3649
1936,0.7888,0.0001,0.7889,0.142,0.9998732412219545,0.00012675877804537965,43.7774,0.0754,0.0,0.0,0.0,43.77740000000001,0.0754,43.85280000000001,43.8574
1937,0.3862,0.0,0.3862,0.0695,1.0,0.0,23.1705,0.0278,0.0,0.0,0.0,23.170499999999997,0.0278,23.198299999999996,23.2021
1938,11.1268,0.0072,11.1339,2.0041,0.9993623079064837,0.0006466736722981165,614.046,4.8738,0.0,0.0,0.0,614.0460000000002,4.8738,618.9198000000001,628.423
1939,0.4798,0.0001,0.4799,0.0864,0.9997916232548448,0.00020837674515524068,25.2157,0.0568,0.0,0.0,0.0,25.21570000000001,0.056799999999999996,25.272500000000008,25.2704
1940,0.5213,0.0001,0.5214,0.0939,0.9998082086689681,0.00019179133103183738,27.9826,0.0441,0.0,0.0,0.0,27.9826,0.04410000000000001,28.0267,28.0306
1941,0.2096,0.0002,0.2098,0.0378,0.9990467111534796,0.0009532888465204958,10.8935,0.1032,0.0,0.0,0.0,10.893500000000003,0.10319999999999999,10.996700000000002,10.9991
1942,1.1762,0.0003,1.1765,0.2118,0.9997450063748404,0.00025499362515937096,64.7876,0.208,0.0,0.0,0.0,64.78759999999998,0.20800000000000002,64.99559999999998,64.9915
1943,0.4191,0.0,0.4191,0.0754,1.0,0.0,23.574,0.0273,0.0,0.0,0.0,23.574,0.0273,23.601300000000002,23.6006
1944,4.4279,0.0116,4.4395,0.7991,0.9973870931411196,0.0026129068588805044,239.9345,7.4192,0.0,0.0,0.0,239.9345,7.419200000000001,247.3537,262.3571
1945,1.1248,0.0007,1.1255,0.2026,0.9993780541981342,0.0006219458018658375,61.7949,0.4513,0.0,0.0,0.0,61.79490000000001,0.45130000000000003,62.246200000000016,65.7482
1946,7.1817,0.0078,7.1895,1.2941,0.9989150844982266,0.0010849155017734196,394.615,4.9589,0.0,0.0,0.0,394.61500000000007,4.9589,399.5739000000001,405.0787
1947,4.7836,0.0058,4.7894,0.8621,0.9987889923581242,0.001211007641875809,268.6364,3.5322,0.0,0.0,0.0,268.63640000000004,3.5322000000000005,272.1686,282.1722
1948,0.7442,0.0002,0.7444,0.134,0.9997313272434175,0.00026867275658248256,41.138,0.1492,0.0,0.0,0.0,41.138,0.14920000000000003,41.2872,41.7922
1949,3.3882,0.0104,3.3987,0.6118,0.9969105834583811,0.00305999352693677,189.3837,6.6304,0.0,0.0,0.0,189.38370000000003,6.6304,196.01410000000004,208.0116
1950,5.9709,0.0204,5.9914,1.0784,0.9965784290816838,0.0034048803284708086,346.7448,13.4953,0.0,0.0,0.0,346.7448,13.4953,360.2401,367.2378
1951,0.5129,0.0002,0.5131,0.0924,0.9996102124342234,0.00038978756577665177,29.5086,0.107,0.0,0.0,0.0,29.508599999999998,0.10699999999999998,29.615599999999997,30.6175
1952,0.5472,0.0004,0.5476,0.0986,0.9992695398100804,0.0007304601899196494,30.5293,0.2326,0.0,0.0,0.0,30.5293,0.23260000000000003,30.7619,31.7665
1953,0.4147,0.0002,0.4149,0.0747,0.9995179561340083,0.00048204386599180526,22.7336,0.1424,0.0,0.0,0.0,22.733599999999992,0.1424,22.87599999999999,22.8757
1954,0.3654,0.0,0.3654,0.0658,1.0,0.0,20.7675,0.0174,0.0,0.0,0.0,20.767499999999995,0.0174,20.784899999999993,21.2864
1955,2.2338,0.0014,2.2352,0.4023,0.9993736578382248,0.0006263421617752326,124.0911,0.8381,0.0,0.0,0.0,124.09110000000003,0.8380999999999998,124.92920000000002,126.9338
1956,0.1644,0.0,0.1644,0.0296,1.0,0.0,9.076,0.0081,0.0,0.0,0.0,9.076,0.0081,9.084100000000001,9.085
1957,2.8932,0.0011,2.8944,0.521,0.9995854063018242,0.0003800442233278054,151.1712,0.7199,0.0,0.0,0.0,151.1712,0.7199000000000001,151.8911,155.8892
1958,0.0982,0.0,0.0983,0.0177,0.9989827060020345,0.0,5.8935,0.0171,0.0,0.0,0.0,5.8935,0.0171,5.9106000000000005,5.9106
1959,1.5949,0.0016,1.5965,0.2874,0.9989978077043532,0.0010021922956467272,87.8401,1.0223,0.0,0.0,0.0,87.84009999999999,1.0223,88.8624,95.863
1960,0.45,0.0003,0.4503,0.0811,0.999333777481679,0.0006662225183211193,23.3837,0.1909,0.0,0.0,0.0,23.383699999999997,0.19090000000000001,23.574599999999997,23.578
1961,8.5144,0.0117,8.526,1.5347,0.998639455782313,0.0013722730471498945,492.0908,7.1739,0.0,0.0,0.0,492.09079999999994,7.173900000000001,499.26469999999995,505.7637
1962,4.3738,0.0009,4.3748,0.7875,0.9997714181219715,0.0002057236902258389,238.0596,0.583,0.0,0.0,0.0,238.05960000000005,0.5829999999999999,238.64260000000004,242.6381
1963,0.3016,0.0,0.3016,0.0543,1.0,0.0,17.1523,0.0322,0.0,0.0,0.0,17.1523,0.0322,17.1845,17.6849
1964,0.9104,0.0004,0.9109,0.164,0.9994510923262706,0.000439126138983423,50.7948,0.2812,0.0,0.0,0.0,50.79480000000001,0.2812,51.07600000000001,53.5739
1965,4.8287,0.0189,4.8476,0.8726,0.996101163462332,0.0038988365376681246,269.9984,12.2063,0.0,0.0,0.0,269.99839999999995,12.206300000000002,282.20469999999995,292.7063
1966,9.4902,0.0219,9.5121,1.7122,0.9976976692843851,0.002302330715614848,546.7926,13.1737,0.0,0.0,0.0,546.7926,13.173699999999997,559.9663,574.4679
1967,0.4376,0.0002,0.4378,0.0788,0.9995431703974417,0.00045682960255824577,25.3723,0.1207,0.0,0.0,0.0,25.372299999999992,0.1207,25.49299999999999,25.9956
1968,4.2733,0.0071,4.2804,0.7705,0.9983412765162134,0.001658723483786562,246.1705,4.5509,0.0,0.0,0.0,246.17050000000003,4.5508999999999995,250.72140000000005,257.2223
1969,0.4709,0.0002,0.4711,0.0848,0.999575461685417,0.0004245383145828911,26.8936,0.1226,0.0,0.0,0.0,26.893600000000003,0.12259999999999999,27.0162,27.017
1970,4.0717,0.0077,4.0794,0.7343,0.9981124675197334,0.001887532480266706,216.7175,4.7904,0.0,0.0,0.0,216.7175000000001,4.790400000000002,221.5079000000001,228.0075
1971,5.9556,0.023,5.9786,1.0761,0.9961529455056367,0.0038470544943632287,328.3724,13.929,0.0,0.0,0.0,328.3724,13.928999999999998,342.3014,346.8043
1972,0.7042,0.0,0.7043,0.1268,0.9998580150504047,0.0,39.1841,0.0187,0.0,0.0,0.0,39.184099999999994,0.018699999999999998,39.202799999999996,39.7069
1973,0.2576,0.0,0.2576,0.0464,1.0,0.0,14.6151,0.0185,0.0,0.0,0.0,14.615099999999996,0.018500000000000003,14.633599999999996,14.638
1974,0.1461,0.0001,0.1461,0.0263,1.0,0.0006844626967830253,7.8885,0.0405,0.0,0.0,0.0,7.8885,0.0405,7.928999999999999,8.4334
1975,0.2929,0.0,0.2929,0.0527,1.0,0.0,17.3782,0.0147,0.0,0.0,0.0,17.3782,0.0147,17.3929,17.3881
1976,6.2372,0.0257,6.2628,1.1273,0.9959123714632432,0.004103595835728428,338.1705,15.526,0.0,0.0,0.0,338.1705,15.526,353.6965,362.199
1977,0.7887,0.0003,0.789,0.142,0.9996197718631178,0.00038022813688212925,43.2158,0.1871,0.0,0.0,0.0,43.215799999999994,0.18710000000000002,43.402899999999995,44.9068
1978,9.1685,0.0186,9.1871,1.6537,0.9979754220591918,0.002024577940808307,491.9796,12.0362,0.0,0.0,0.0,491.9796,12.0362,504.0158,515.0121
1979,1.2537,0.0016,1.2553,0.226,0.998725404285828,0.0012745957141719112,66.8403,1.04,0.0,0.0,0.0,66.84029999999998,1.04,67.88029999999999,68.8772
1980,0.3188,0.0001,0.3189,0.0574,0.9996864220758858,0.00031357792411414236,17.3728,0.0566,0.0,0.0,0.0,17.3728,0.0566,17.4294,17.4279
1981,1.2867,0.0009,1.2876,0.2318,0.999301025163094,0.0006989748369058713,69.1098,0.5944,0.0,0.0,0.0,69.1098,0.5943999999999999,69.7042,72.7064
1982,0.7719,0.001,0.7729,0.1391,0.998706171561651,0.0012938284383490748,43.0762,0.6467,0.0,0.0,0.0,43.07620000000001,0.6467,43.72290000000001,46.2213
1983,0.4673,0.0002,0.4675,0.0841,0.9995721925133689,0.000427807486631016,24.6806,0.1242,0.0,0.0,0.0,24.680599999999995,0.12419999999999999,24.804799999999993,24.8068
1984,2.2036,0.0011,2.2047,0.3968,0.9995010659046581,0.0004989340953417699,122.0759,0.6322,0.0,0.0,0.0,122.07589999999999,0.6322,122.70809999999999,126.2035
1985,2.0813,0.0082,2.0895,0.3761,0.9960756161761187,0.003924383823881311,110.0921,4.9929,0.0,0.0,0.0,110.09209999999997,4.9929,115.08499999999998,123.5825
1986,8.9346,0.0134,8.948,1.6106,0.9985024586499776,0.0014975413500223514,475.7175,8.6671,0.0,0.0,0.0,475.7175000000001,8.667100000000001,484.3846000000001,494.3829
1987,0.1899,0.0,0.1899,0.0342,1.0,0.0,10.9093,0.0106,0.0,0.0,0.0,10.909299999999996,0.010600000000000002,10.919899999999997,10.9247
1988,0.9758,0.0004,0.9762,0.1757,0.9995902479000205,0.00040975209997951245,55.3606,0.264,0.0,0.0,0.0,55.3606,0.264,55.6246,55.6205
1989,5.1093,0.0098,5.1191,0.9214,0.998085600984548,0.0019143990154519347,279.6364,6.0903,0.0,0.0,0.0,279.63640000000004,6.0903,285.72670000000005,298.7291
1990,0.108,0.0001,0.1081,0.0195,0.9990749306197965,0.0009250693802035153,6.1919,0.0431,0.0,0.0,0.0,6.191899999999999,0.0431,6.2349999999999985,6.2386
1991,0.7465,0.0004,0.7469,0.1344,0.9994644530727006,0.0005355469272995047,40.1194,0.2151,0.0,0.0,0.0,40.1194,0.2151,40.3345,40.8389
1992,0.195,0.0001,0.1951,0.0351,0.9994874423372629,0.0005125576627370579,11.3246,0.0339,0.0,0.0,0.0,11.324600000000002,0.0339,11.358500000000001,11.3564
1993,0.9849,0.0011,0.986,0.1775,0.9988843813387424,0.0011156186612576065,54.1713,0.6874,0.0,0.0,0.0,54.171299999999995,0.6874000000000001,54.85869999999999,56.3587
1994,0.4421,0.0001,0.4422,0.0796,0.9997738579828133,0.00022614201718679333,22.7924,0.0326,0.0,0.0,0.0,22.792399999999997,0.0326,22.824999999999996,22.8219
1995,0.3985,0.0,0.3985,0.0717,1.0,0.0,22.0908,0.0125,0.0,0.0,0.0,22.0908,0.0125,22.1033,22.1
1996,0.2111,0.0,0.2111,0.038,1.0,0.0,11.8405,0.0158,0.0,0.0,0.0,11.840499999999997,0.0158,11.856299999999997,11.8602
1997,0.6919,0.0003,0.6922,0.1246,0.9995665992487719,0.00043340075122796874,37.3837,0.2008,0.0,0.0,0.0,37.3837,0.2008,37.5845,37.5883
1998,5.2675,0.0052,5.2728,0.9491,0.9989948414504627,0.0009861932938856014,283.6465,3.2527,0.0,0.0,0.0,283.6465,3.2527,286.8992,292.403
1999,0.219,0.0,0.219,0.0394,1.0,0.0,11.3725,0.0126,0.0,0.0,0.0,11.372500000000002,0.012599999999999998,11.385100000000003,11.3878
2000,6.7915,0.0089,6.8004,1.2241,0.9986912534556791,0.0013087465443209223,363.6152,5.6145,0.0,0.0,0.0,363.6152000000001,5.6145,369.2297000000001,373.2307
2001,0.3702,0.0,0.3703,0.0666,0.999729948690251,0.0,20.2212,0.0183,0.0,0.0,0.0,20.221199999999993,0.018299999999999997,20.239499999999992,20.2438
2002,0.3846,0.0,0.3846,0.0692,1.0,0.0,21.5897,0.027,0.0,0.0,0.0,21.589699999999993,0.026999999999999996,21.616699999999994,21.6136
2003,2.74,0.0119,2.7518,0.4953,0.9957118976669818,0.004324442183298205,153.6276,7.7911,0.0,0.0,0.0,153.62760000000003,7.791099999999999,161.41870000000003,167.4233
2004,0.6158,0.0001,0.6159,0.1109,0.9998376359798669,0.0001623640201331385,33.3776,0.0337,0.0,0.0,0.0,33.3776,0.0337,33.411300000000004,33.4119
2005,0.2609,0.0002,0.2612,0.047,0.9988514548238898,0.0007656967840735069,14.0922,0.1508,0.0,0.0,0.0,14.092200000000002,0.1508,14.243000000000002,14.2384
2006,0.432,0.0,0.432,0.0778,1.0,0.0,25.082,0.015,0.0,0.0,0.0,25.082,0.015,25.097,25.0992
2007,0.5104,0.0002,0.5105,0.0919,0.9998041136141038,0.00039177277179236047,29.3637,0.1003,0.0,0.0,0.0,29.36370000000001,0.1003,29.46400000000001,29.4687
2008,3.2068,0.0005,3.2073,0.5773,0.9998441056340224,0.00015589436597761357,177.9739,0.3522,0.0,0.0,0.0,177.97389999999996,0.35220000000000007,178.32609999999997,180.325
2009,7.6538,0.0107,7.6646,1.3796,0.9985909245100854,0.0013960284946376849,432.06,6.9606,0.0,0.0,0.0,432.0599999999999,6.9606,439.0205999999999,447.0204
2010,4.5304,0.0018,4.5321,0.8158,0.9996248979501777,0.000397166876282518,237.2284,1.0472,0.0,0.0,0.0,237.2284,1.0472000000000001,238.2756,243.2782
2011,0.2036,0.0001,0.2036,0.0367,1.0,0.0004911591355599214,10.9917,0.0422,0.0,0.0,0.0,10.9917,0.0422,11.0339,11.037
2012,0.3232,0.0,0.3232,0.0582,1.0,0.0,17.9827,0.0237,0.0,0.0,0.0,17.9827,0.0237,18.006400000000003,18.0084
2013,3.785,0.0101,3.7951,0.6831,0.9973386735527391,0.0026613264472609417,199.0592,5.8229,0.0,0.0,0.0,199.05920000000006,5.822900000000001,204.88210000000007,221.3843
2014,9.9901,0.0083,9.9983,1.7997,0.9991798605762979,0.0008301411239910784,556.3331,5.0027,0.0,0.0,0.0,556.3330999999998,5.0027,561.3357999999998,566.8407
2015,0.5318,0.0001,0.532,0.0958,0.999624060150376,0.00018796992481203009,30.3847,0.0697,0.0,0.0,0.0,30.384700000000002,0.0697,30.454400000000003,30.4512
2016,0.3073,0.0,0.3074,0.0553,0.9996746909564086,0.0,17.1096,0.0105,0.0,0.0,0.0,17.1096,0.0105,17.1201,17.1179
2017,3.1738,0.0024,3.1763,0.5717,0.9992129206938891,0.0007555961338664483,172.6151,1.443,0.0,0.0,0.0,172.6151,1.443,174.05810000000002,183.5566
2018,0.3889,0.0002,0.3891,0.07,0.9994859933179132,0.0005140066820868671,21.5851,0.1303,0.0,0.0,0.0,21.5851,0.1303,21.7154,21.7128
2019,0.224,0.0,0.224,0.0403,1.0,0.0,13.0462,0.02,0.0,0.0,0.0,13.046199999999997,0.019999999999999997,13.066199999999997,13.065
2020,1.6896,0.0009,1.6906,0.3043,0.9994084940257896,0.0005323553767893056,94.5209,0.6003,0.0,0.0,0.0,94.52090000000001,0.6002999999999998,95.12120000000002,99.6231
2021,0.1311,0.0002,0.1312,0.0236,0.9992378048780487,0.001524390243902439,7.4544,0.102,0.0,0.0,0.0,7.4544,0.10200000000000001,7.5564,7.5531
2022,3.4491,0.0038,3.4529,0.6215,0.9988994758029482,0.0011005241970517535,188.2216,2.3551,0.0,0.0,0.0,188.22159999999997,2.3551,190.57669999999996,198.0816
2023,0.4526,0.0001,0.4526,0.0815,1.0,0.0002209456473707468,23.7073,0.0381,0.0,0.0,0.0,23.7073,0.038099999999999995,23.7454,23.7458
2024,0.6129,0.0001,0.613,0.1103,0.999836867862969,0.0001631321370309951,35.6277,0.0558,0.0,0.0,0.0,35.6277,0.0558,35.683499999999995,35.687
2025,1.0293,0.0007,1.03,0.1854,0.9993203883495146,0.0006796116504854369,57.0821,0.4092,0.0,0.0,0.0,57.08209999999999,0.4092,57.49129999999999,58.4929
2026,5.8375,0.0025,5.8401,1.0512,0.999554802143799,0.0004280748617318197,328.1521,1.6205,0.0,0.0,0.0,328.1520999999999,1.6205,329.7725999999999,338.7764
2027,0.7215,0.0002,0.7216,0.1299,0.9998614190687362,0.0002771618625277162,37.182,0.0987,0.0,0.0,0.0,37.181999999999995,0.09870000000000001,37.280699999999996,37.7791
2028,2.0914,0.0009,2.0923,0.3766,0.9995698513597479,0.0004301486402523539,109.6548,0.6261,0.0,0.0,0.0,109.65480000000002,0.6261000000000001,110.28090000000002,114.2802
2029,0.4637,0.0002,0.4638,0.0835,0.9997843898231997,0.00043122035360068997,25.1705,0.1022,0.0,0.0,0.0,25.170499999999997,0.10220000000000001,25.272699999999997,25.276
2030,2.9609,0.0016,2.9625,0.5333,0.9994599156118144,0.000540084388185654,164.6888,0.9786,0.0,0.0,0.0,164.68880000000001,0.9785999999999999,165.66740000000001,170.6633
2031,0.1894,0.0,0.1895,0.0341,0.9994722955145119,0.0,10.6547,0.0224,0.0,0.0,0.0,10.654700000000002,0.0224,10.677100000000001,10.6771
2032,5.2443,0.0085,5.2528,0.9455,0.9983818154127323,0.001618184587267743,307.3329,5.1607,0.0,0.0,0.0,307.3329,5.160699999999999,312.4936,322.9901
2033,0.416,0.0,0.416,0.0749,1.0,0.0,23.274,0.0294,0.0,0.0,0.0,23.274000000000004,0.029400000000000003,23.303400000000003,23.3061
2034,4.6499,0.0011,4.651,0.8372,0.9997634917222102,0.00023650827778972267,261.3635,0.6933,0.0,0.0,0.0,261.3635,0.6932999999999999,262.0568,265.0592
2035,7.3487,0.0017,7.3505,1.3231,0.9997551186994081,0.0002312767838922522,411.554,1.0296,0.0,0.0,0.0,411.55400000000014,1.0295999999999998,412.58360000000016,415.0822
2036,3.2546,0.0031,3.2577,0.5864,0.9990484083862848,0.0009515916137151978,180.4816,1.9876,0.0,0.0,0.0,180.4816,1.9876,182.46919999999997,186.9712
2037,0.3654,0.0002,0.3656,0.0658,0.99945295404814,0.0005470459518599563,19.4815,0.1186,0.0,0.0,0.0,19.4815,0.11860000000000001,19.6001,20.096
2038,3.5874,0.0033,3.5907,0.6463,0.9990809591444566,0.0009190408555434874,201.5543,2.1972,0.0,0.0,0.0,201.5543,2.1971999999999996,203.75150000000002,213.2498
2039,0.3573,0.0001,0.3574,0.0643,0.9997202014549524,0.0002797985450475658,18.3779,0.0557,0.0,0.0,0.0,18.3779,0.055700000000000006,18.433600000000002,18.429
2040,0.4866,0.0004,0.487,0.0877,0.9991786447638603,0.0008213552361396305,28.0588,0.2293,0.0,0.0,0.0,28.058799999999998,0.22929999999999998,28.288099999999996,29.7926
2041,0.3067,0.0,0.3068,0.0552,0.9996740547588003,0.0,16.6152,0.0191,0.0,0.0,0.0,16.615199999999998,0.019100000000000002,16.6343,16.6382
2042,0.9424,0.0007,0.9431,0.1698,0.9992577669388187,0.0007422330611812108,56.5454,0.4109,0.0,0.0,0.0,56.5454,0.4109,56.9563,57.4608
2043,1.5094,0.0004,1.5098,0.2718,0.9997350642469202,0.00026493575307987813,83.1196,0.2473,0.0,0.0,0.0,83.11959999999999,0.24729999999999996,83.36689999999999,85.8692
2044,6.1704,0.0116,6.182,1.1128,0.9981235846004528,0.0018764153995470718,331.5081,7.1427,0.0,0.0,0.0,331.50809999999996,7.1427000000000005,338.65079999999995,354.1512
2045,5.2032,0.0199,5.2231,0.9402,0.996190002106029,0.003809997893971014,278.5852,12.8468,0.0,0.0,0.0,278.5852,12.846800000000002,291.432,304.4289
2046,0.4513,0.0,0.4513,0.0812,1.0,0.0,25.2741,0.0132,0.0,0.0,0.0,25.274100000000004,0.0132,25.287300000000005,25.2912
2047,2.6012,0.001,2.6022,0.4684,0.9996157097840289,0.00038429021597110143,151.2286,0.6304,0.0,0.0,0.0,151.2286,0.6304,151.859,154.3569
2048,0.3917,0.0,0.3917,0.0705,1.0,0.0,22.7452,0.0122,0.0,0.0,0.0,22.745200000000004,0.012199999999999999,22.757400000000004,22.7597
2049,0.149,0.0001,0.149,0.0268,1.0,0.0006711409395973155,8.8401,0.0362,0.0,0.0,0.0,8.8401,0.036199999999999996,8.876299999999999,8.8788
2050,3.1773,0.0012,3.1786,0.5721,0.9995910149122255,0.0003775246964072233,175.9743,0.743,0.0,0.0,0.0,175.97429999999997,0.7430000000000001,176.71729999999997,182.2209
2051,0.2034,0.0,0.2034,0.0366,1.0,0.0,11.3248,0.0138,0.0,0.0,0.0,11.324800000000003,0.013799999999999998,11.338600000000003,11.3342
2052,6.5582,0.0044,6.5627,1.1813,0.999314306611608,0.0006704557575388178,375.3632,2.7556,0.0,0.0,0.0,375.36319999999995,2.7556,378.11879999999996,390.1232
2053,0.5224,0.0002,0.5226,0.0941,0.9996172981247609,0.00038270187523918874,30.5848,0.119,0.0,0.0,0.0,30.58480000000001,0.11900000000000001,30.703800000000008,30.705
2054,2.9576,0.0013,2.9589,0.5326,0.9995606475379364,0.0004393524620636047,167.0908,0.7993,0.0,0.0,0.0,167.0908,0.7992999999999999,167.8901,173.3938
2055,0.1894,0.0,0.1895,0.0341,0.9994722955145119,0.0,10.6551,0.0258,0.0,0.0,0.0,10.655100000000001,0.0258,10.680900000000001,10.6774
2056,0.1578,0.0,0.1578,0.0284,1.0,0.0,9.0762,0.0083,0.0,0.0,0.0,9.0762,0.008299999999999998,9.0845,9.0813
2057,6.6201,0.0248,6.6449,1.1961,0.9962678144140619,0.003732185585938088,350.6805,15.9693,0.0,0.0,0.0,350.68049999999994,15.969300000000002,366.6497999999999,374.6458
2058,0.5753,0.0002,0.5755,0.1036,0.9996524761077324,0.0003475238922675934,29.5881,0.1001,0.0,0.0,0.0,29.588099999999997,0.10010000000000001,29.6882,30.6888
2059,0.6922,0.0002,0.6923,0.1246,0.9998555539505994,0.0002888920988010978,37.0585,0.1053,0.0,0.0,0.0,37.058499999999995,0.10529999999999999,37.163799999999995,37.1676
2060,0.3364,0.0,0.3364,0.0606,1.0,0.0,20.184,0.0097,0.0,0.0,0.0,20.184,0.0097,20.1937,20.1897
2061,0.1561,0.0002,0.1562,0.0281,0.999359795134443,0.0012804097311139564,9.1818,0.1006,0.0,0.0,0.0,9.1818,0.10060000000000001,9.2824,9.2851
2062,0.2932,0.0,0.2932,0.0528,1.0,0.0,16.9343,0.0258,0.0,0.0,0.0,16.9343,0.0258,16.9601,16.9594
2063,0.6535,0.0001,0.6535,0.1176,1.0,0.00015302218821729152,34.3848,0.034,0.0,0.0,0.0,34.384800000000006,0.034,34.418800000000005,34.9164
2064,1.3359,0.0003,1.3362,0.2405,0.9997754827121689,0.00022451728783116296,74.818,0.2158,0.0,0.0,0.0,74.818,0.21580000000000002,75.0338,79.5374
2065,4.2161,0.0028,4.2189,0.7594,0.9993363198938112,0.000663680106188817,219.574,1.8594,0.0,0.0,0.0,219.574,1.8593999999999997,221.4334,230.4342
2066,6.1587,0.0176,6.1763,1.1117,0.9971503974871686,0.0028496025128313066,344.9915,11.6627,0.0,0.0,0.0,344.99150000000003,11.6627,356.6542,370.1509
2067,1.4967,0.0002,1.4969,0.2694,0.9998663905404502,0.00013360945954973613,80.8547,0.1328,0.0,0.0,0.0,80.85470000000001,0.1328,80.98750000000001,80.9895
2068,3.2127,0.0024,3.215,0.5787,0.9992846034214619,0.0007465007776049766,187.5086,1.4809,0.0,0.0,0.0,187.5086,1.4809,188.9895,191.487
2069,2.6119,0.0007,2.6127,0.4703,0.9996938033451985,0.00026792207295135305,141.7927,0.4665,0.0,0.0,0.0,141.79270000000002,0.4665,142.25920000000002,147.2608
2070,9.8219,0.0146,9.8364,1.7706,0.998525883453296,0.001484282867715831,554.7073,9.3006,0.0,0.0,0.0,554.7073,9.3006,564.0079000000001,584.5095
2071,0.7425,0.0003,0.7428,0.1337,0.9995961227786754,0.00040387722132471726,41.3728,0.186,0.0,0.0,0.0,41.37280000000001,0.186,41.55880000000001,41.5566
2072,1.9385,0.0002,1.9387,0.349,0.9998968380873781,0.00010316191262186001,109.5542,0.1244,0.0,0.0,0.0,109.55420000000001,0.1244,109.6786,111.6744
2073,0.302,0.0,0.302,0.0544,1.0,0.0,18.1194,0.007,0.0,0.0,0.0,18.1194,0.007,18.1264,19.1222
2074,0.4242,0.0002,0.4245,0.0764,0.9992932862190813,0.00047114252061248533,24.5293,0.1432,0.0,0.0,0.0,24.5293,0.14320000000000002,24.6725,25.671
2075,1.3188,0.0003,1.3191,0.2374,0.9997725722083238,0.00022742779167614282,71.5087,0.2077,0.0,0.0,0.0,71.50870000000002,0.20769999999999997,71.71640000000002,71.7192
2076,4.2871,0.0137,4.3007,0.7741,0.9968377240914269,0.0031855279373125306,231.689,8.0295,0.0,0.0,0.0,231.68899999999996,8.0295,239.71849999999998,247.2168
2077,0.5577,0.0005,0.5582,0.1005,0.9991042637047652,0.0008957362952346829,30.5542,0.3147,0.0,0.0,0.0,30.554199999999998,0.3147,30.868899999999996,31.8672
2078,0.3591,0.0001,0.3592,0.0647,0.9997216035634743,0.00027839643652561246,19.8699,0.0623,0.0,0.0,0.0,19.869899999999994,0.062299999999999994,19.932199999999995,19.9342
2079,1.3944,0.0008,1.3952,0.2511,0.9994266055045872,0.0005733944954128441,81.2156,0.4553,0.0,0.0,0.0,81.21559999999998,0.4552999999999999,81.67089999999997,84.6747
2080,5.9353,0.0028,5.9381,1.0689,0.99952846870211,0.0004715312978898974,329.5451,1.6643,0.0,0.0,0.0,329.5451,1.6643000000000001,331.2094,338.2097
2081,4.923,0.0026,4.9257,0.8866,0.999451854558743,0.0005278437582475587,284.734,1.6408,0.0,0.0,0.0,284.734,1.6408000000000003,286.3748,291.3738
2082,0.4598,0.0,0.4598,0.0828,1.0,0.0,23.6465,0.0128,0.0,0.0,0.0,23.64649999999999,0.012799999999999999,23.659299999999988,23.6607
2083,0.7639,0.0002,0.7641,0.1375,0.9997382541552153,0.00026174584478471405,42.5295,0.1277,0.0,0.0,0.0,42.5295,0.1277,42.657199999999996,42.6602
2084,4.6761,0.0038,4.6799,0.8424,0.9991880168379667,0.0008119831620333768,259.3329,2.5147,0.0,0.0,0.0,259.33290000000005,2.5147,261.84760000000006,272.3477
2085,0.3591,0.0001,0.3592,0.0647,0.9997216035634743,0.00027839643652561246,19.6365,0.088,0.0,0.0,0.0,19.636499999999998,0.08800000000000001,19.7245,19.7243
2086,1.359,0.0006,1.3596,0.2447,0.9995586937334511,0.00044130626654898496,72.9741,0.4015,0.0,0.0,0.0,72.97409999999999,0.4015000000000001,73.37559999999999,73.877
2087,6.1536,0.0157,6.1693,1.1105,0.997455140777722,0.002544859222278054,353.7071,9.7934,0.0,0.0,0.0,353.7071,9.793399999999998,363.50050000000005,375.4998
2088,0.3522,0.0,0.3522,0.0634,1.0,0.0,18.6465,0.0115,0.0,0.0,0.0,18.646499999999996,0.0115,18.657999999999998,19.1606
2089,0.1591,0.0,0.1591,0.0286,1.0,0.0,8.1818,0.0265,0.0,0.0,0.0,8.181799999999999,0.026500000000000006,8.2083,9.2131
2090,3.4258,0.0072,3.4329,0.6179,0.9979317777971978,0.0020973520929826093,185.8694,4.4436,0.0,0.0,0.0,185.86940000000004,4.4436,190.31300000000005,206.8118
2091,0.4732,0.0001,0.4733,0.0852,0.999788717515318,0.00021128248468201986,25.5544,0.0385,0.0,0.0,0.0,25.554399999999998,0.038500000000000006,25.592899999999997,26.0925
2092,5.3477,0.0105,5.3582,0.9645,0.998040386697025,0.00195961330297488,297.9343,6.5138,0.0,0.0,0.0,297.93429999999995,6.5138,304.44809999999995,320.4504
2093,0.9795,0.0001,0.9796,0.1763,0.999897917517354,0.00010208248264597796,51.9826,0.0489,0.0,0.0,0.0,51.982600000000005,0.04890000000000001,52.03150000000001,52.0323
2094,4.1894,0.0076,4.197,0.7555,0.998189182749583,0.0018108172504169644,221.777,4.8923,0.0,0.0,0.0,221.77700000000007,4.8923000000000005,226.66930000000008,239.6647
2095,2.0962,0.0006,2.0969,0.3774,0.9996661738757212,0.0002861366779531689,118.5757,0.4032,0.0,0.0,0.0,118.57569999999998,0.4032,118.97889999999998,123.9798
2096,1.3498,0.0005,1.3502,0.243,0.9997037475929492,0.0003703155088135091,76.6611,0.2991,0.0,0.0,0.0,76.66109999999999,0.2991,76.96019999999999,77.4621
2097,3.1624,0.0008,3.1632,0.5694,0.9997470915528579,0.00025290844714213456,173.3247,0.5318,0.0,0.0,0.0,173.32469999999998,0.5317999999999999,173.85649999999998,176.8586
2098,8.3194,0.006,8.3254,1.4986,0.9992793139068393,0.000720686093160689,466.3245,3.9169,0.0,0.0,0.0,466.32450000000006,3.9168999999999996,470.24140000000006,482.7439
2099,0.7254,0.0003,0.7257,0.1306,0.9995866060355519,0.00041339396444811904,41.7216,0.214,0.0,0.0,0.0,41.72160000000001,0.214,41.93560000000001,43.9317
2100,0.509,0.0002,0.5091,0.0916,0.9998035749361619,0.0003928501276762915,27.9827,0.093,0.0,0.0,0.0,27.9827,0.09300000000000001,28.0757,28.0765
2101,4.7135,0.0283,4.7418,0.8535,0.9940318022691805,0.00596819773081952,250.3778,17.2877,0.0,0.0,0.0,250.37780000000004,17.2877,267.66550000000007,279.1642
2102,2.8931,0.0013,2.8945,0.521,0.9995163240628779,0.00044912765589911905,164.7675,0.8123,0.0,0.0,0.0,164.7675,0.8123000000000001,165.5798,169.5766
2103,0.1316,0.0,0.1316,0.0237,1.0,0.0,7.8936,0.0243,0.0,0.0,0.0,7.8936,0.0243,7.9179,8.4147
2104,2.0132,0.0016,2.0147,0.3627,0.9992554722787511,0.0007941629026654093,105.3607,0.9484,0.0,0.0,0.0,105.36070000000001,0.9483999999999998,106.30910000000002,108.8049
2105,6.859,0.0028,6.8618,1.2351,0.9995919438048326,0.0004080561951674488,371.5852,1.7781,0.0,0.0,0.0,371.58519999999993,1.7780999999999998,373.3632999999999,375.8596
2106,0.2386,0.0,0.2386,0.043,1.0,0.0,12.53,0.0141,0.0,0.0,0.0,12.529999999999998,0.014100000000000001,12.544099999999997,12.541
2107,0.5056,0.0,0.5056,0.091,1.0,0.0,27.1705,0.0132,0.0,0.0,0.0,27.170499999999993,0.0132,27.183699999999995,27.1843
2108,7.2112,0.0217,7.2328,1.3019,0.9970136046897466,0.003000221214467426,420.5294,14.1462,0.0,0.0,0.0,420.52939999999995,14.1462,434.6756,443.1763
2109,3.9705,0.0063,3.9768,0.7158,0.9984158117079058,0.001584188292094146,216.3778,4.0154,0.0,0.0,0.0,216.37780000000004,4.0154000000000005,220.39320000000004,229.3943
2110,4.4705,0.0051,4.4755,0.8056,0.9988828063903474,0.001139537481845604,248.4545,3.2257,0.0,0.0,0.0,248.45449999999994,3.2257000000000002,251.68019999999993,258.6761
2111,0.1161,0.0,0.1161,0.0209,1.0,0.0,6.53,0.0157,0.0,0.0,0.0,6.529999999999998,0.0157,6.545699999999997,6.5452
2112,0.4235,0.0,0.4235,0.0762,1.0,0.0,22.7674,0.0201,0.0,0.0,0.0,22.767399999999995,0.020100000000000003,22.787499999999994,22.7877
2113,7.3851,0.0095,7.3947,1.331,0.9987017728913952,0.0012847039095568447,391.5458,6.2976,0.0,0.0,0.0,391.54579999999993,6.297600000000001,397.8433999999999,405.3477
2114,0.5794,0.0,0.5795,0.1043,0.9998274374460743,0.0,31.5881,0.0274,0.0,0.0,0.0,31.588099999999997,0.027399999999999997,31.615499999999997,31.6198
2115,3.8526,0.0012,3.8538,0.6937,0.9996886190253774,0.00031138097462245055,211.6888,0.7846,0.0,0.0,0.0,211.68879999999996,0.7846,212.47339999999997,215.4733
2116,0.1931,0.0,0.1931,0.0348,1.0,0.0,11.5857,0.027,0.0,0.0,0.0,11.585699999999997,0.026999999999999996,11.612699999999997,11.617
2117,5.3472,0.0069,5.3541,0.9637,0.9987112680002241,0.0012887319997758728,306.3247,4.5551,0.0,0.0,0.0,306.32470000000006,4.5551,310.87980000000005,324.8763
2118,3.3384,0.0021,3.3405,0.6013,0.9993713515940728,0.0006286484059272563,186.3637,1.355,0.0,0.0,0.0,186.36370000000002,1.3550000000000002,187.7187,191.7218
2119,0.4696,0.0001,0.4697,0.0845,0.9997870981477539,0.00021290185224611454,25.8695,0.0389,0.0,0.0,0.0,25.869499999999995,0.038900000000000004,25.908399999999997,26.4061
2120,0.4195,0.0001,0.4196,0.0755,0.9997616777883699,0.00023832221163012395,23.5854,0.0559,0.0,0.0,0.0,23.585400000000003,0.055900000000000005,23.641300000000005,23.6426
2121,5.3527,0.002,5.3547,0.9638,0.9996264963490017,0.0003735036509981885,299.0462,1.3512,0.0,0.0,0.0,299.04620000000006,1.3512000000000002,300.39740000000006,306.3961
2122,0.3542,0.0001,0.3542,0.0638,1.0,0.000282326369282891,19.6863,0.0486,0.0,0.0,0.0,19.686300000000006,0.048600000000000004,19.734900000000007,19.7301
2123,4.6398,0.0034,4.6432,0.8358,0.9992677463818056,0.0007322536181943487,268.7339,2.113,0.0,0.0,0.0,268.7339,2.1129999999999995,270.8469,275.8452
2124,0.639,0.0003,0.6394,0.1151,0.9993744135126682,0.0004691898654989052,36.7449,0.2209,0.0,0.0,0.0,36.7449,0.22089999999999999,36.9658,38.4618
2125,0.2766,0.0001,0.2766,0.0498,1.0,0.00036153289949385393,14.5295,0.0318,0.0,0.0,0.0,14.529499999999999,0.0318,14.5613,14.5566
2126,0.3946,0.0,0.3947,0.071,0.9997466430200153,0.0,21.6465,0.0198,0.0,0.0,0.0,21.646499999999996,0.0198,21.666299999999996,21.6705
2127,7.6188,0.0068,7.6256,1.3726,0.9991082668904742,0.0008917331095258077,406.0763,4.2795,0.0,0.0,0.0,406.07629999999995,4.2795000000000005,410.35579999999993,418.3602
2128,1.0887,0.0005,1.0892,0.1961,0.9995409474843923,0.0004590525156077856,59.569,0.3103,0.0,0.0,0.0,59.56900000000002,0.3103,59.879300000000015,61.3753
2129,5.6147,0.0132,5.6279,1.013,0.9976545425469535,0.0023454574530464294,332.0759,8.4931,0.0,0.0,0.0,332.07590000000005,8.4931,340.5690000000001,352.0669
2130,0.1286,0.0,0.1286,0.0232,1.0,0.0,7.7175,0.0096,0.0,0.0,0.0,7.717499999999998,0.0096,7.727099999999997,7.7307
2131,7.9304,0.0059,7.9363,1.4285,0.9992565805224096,0.0007434194775903128,466.795,3.928,0.0,0.0,0.0,466.79499999999985,3.928,470.72299999999984,473.2254
2132,6.3732,0.0226,6.3958,1.1512,0.9964664310954062,0.003533568904593639,365.902,14.6557,0.0,0.0,0.0,365.90199999999993,14.655699999999998,380.55769999999995,388.5543
2133,0.5224,0.0,0.5225,0.094,0.9998086124401914,0.0,30.902,0.0311,0.0,0.0,0.0,30.901999999999994,0.0311,30.933099999999992,30.93
2134,7.7528,0.0184,7.7712,1.3988,0.99763228330245,0.0023677166975499277,409.5455,11.8713,0.0,0.0,0.0,409.54549999999995,11.871300000000002,421.41679999999997,429.4148
2135,8.8915,0.013,8.9044,1.6028,0.9985512780198553,0.0014599523830915052,480.6889,8.369,0.0,0.0,0.0,480.6889,8.369,489.0579,496.0561
2136,4.21,0.0032,4.2132,0.7584,0.9992404822937435,0.0007595177062565272,239.53,2.0042,0.0,0.0,0.0,239.52999999999994,2.0042,241.53419999999994,254.0382
2137,6.098,0.0027,6.1008,1.0981,0.9995410437975348,0.000442564909520063,349.5299,1.7551,0.0,0.0,0.0,349.5299000000001,1.7551000000000003,351.28500000000014,359.788
2138,0.3172,0.0001,0.3174,0.0571,0.9993698802772526,0.000315059861373661,17.6613,0.0685,0.0,0.0,0.0,17.6613,0.0685,17.7298,17.7253
2139,0.7527,0.0,0.7527,0.1355,1.0,0.0,41.5109,0.0197,0.0,0.0,0.0,41.51089999999999,0.0197,41.53059999999999,41.5267
2140,3.6141,0.0025,3.6165,0.651,0.9993363749481544,0.0006912760956726117,190.6465,1.5244,0.0,0.0,0.0,190.64649999999997,1.5244,192.17089999999996,201.1709
2141,5.1181,0.0107,5.1287,0.9232,0.9979331994462534,0.0020862986721781347,282.3605,6.734,0.0,0.0,0.0,282.36049999999994,6.734000000000002,289.0944999999999,297.5908
2142,5.4322,0.0029,5.4351,0.9783,0.9994664311604202,0.0005335688395797684,300.4812,1.8397,0.0,0.0,0.0,300.4812,1.8397,302.3209,309.818
2143,1.5402,0.0008,1.541,0.2774,0.9994808565866321,0.000519143413367943,89.8545,0.5321,0.0,0.0,0.0,89.85450000000002,0.5321,90.38660000000002,95.389
2144,2.2054,0.0005,2.206,0.3971,0.9997280145058931,0.00022665457842248413,119.8885,0.3279,0.0,0.0,0.0,119.88850000000001,0.32789999999999997,120.21640000000001,122.2158
2145,2.0673,0.0006,2.0679,0.3722,0.9997098505730452,0.0002901494269548818,115.3188,0.3744,0.0,0.0,0.0,115.31880000000002,0.3744,115.69320000000002,118.193
2146,15.7288,0.0235,15.7523,2.8354,0.9985081543647594,0.0014918456352405682,871.3778,14.1267,0.0,0.0,0.0,871.3778,14.1267,885.5045,904.5039
2147,5.7068,0.0227,5.7295,1.0313,0.9960380486953487,0.003961951304651366,325.5081,14.4726,0.0,0.0,0.0,325.5081,14.472600000000003,339.9807,349.482
2148,1.5258,0.0006,1.5264,0.2747,0.9996069182389937,0.0003930817610062893,79.9916,0.3695,0.0,0.0,0.0,79.9916,0.36950000000000005,80.36110000000001,82.8661
2149,0.3924,0.0,0.3924,0.0706,1.0,0.0,22.3636,0.012,0.0,0.0,0.0,22.36360000000001,0.011999999999999997,22.37560000000001,22.3762
2150,2.9676,0.0012,2.9688,0.5344,0.9995957962813259,0.0004042037186742118,158.7071,0.7401,0.0,0.0,0.0,158.70710000000003,0.7401000000000001,159.44720000000004,164.4477
2151,8.6135,0.0142,8.6278,1.553,0.9983425670506966,0.0016458425090984956,503.1383,9.2937,0.0,0.0,0.0,503.1383,9.2937,512.432,520.4343
2152,4.3701,0.0027,4.3728,0.7871,0.9993825466520307,0.0006174533479692646,236.787,1.7482,0.0,0.0,0.0,236.78699999999998,1.7482,238.53519999999997,246.5341
2153,0.2709,0.0,0.2709,0.0488,1.0,0.0,14.4815,0.0136,0.0,0.0,0.0,14.481500000000004,0.013599999999999998,14.495100000000004,14.4995
2154,5.9276,0.0053,5.9328,1.0679,0.9991235167206041,0.0008933387270765911,331.5854,3.1421,0.0,0.0,0.0,331.5854,3.1421000000000006,334.7275,343.2319
2155,0.74,0.0003,0.7402,0.1332,0.9997298027560119,0.00040529586598216696,41.3105,0.1789,0.0,0.0,0.0,41.31049999999999,0.1789,41.48939999999999,41.986
2156,0.3748,0.0001,0.3748,0.0675,1.0,0.00026680896478121667,20.1381,0.039,0.0,0.0,0.0,20.138099999999998,0.03900000000000001,20.1771,20.1727
2157,0.4234,0.0002,0.4236,0.0763,0.9995278564683664,0.00047214353163361664,21.7771,0.115,0.0,0.0,0.0,21.777100000000008,0.11500000000000002,21.892100000000006,22.8876
2158,0.6128,0.0001,0.6129,0.1103,0.9998368412465329,0.00016315875346712352,33.6893,0.0551,0.0,0.0,0.0,33.6893,0.055099999999999996,33.744400000000006,33.7402
2159,2.5993,0.0027,2.602,0.4684,0.9989623366641046,0.0010376633358954652,145.3276,1.6734,0.0,0.0,0.0,145.3276,1.6734,147.00099999999998,162.9986
2160,3.0252,0.0008,3.026,0.5447,0.9997356245869135,0.00026437541308658297,162.7175,0.4908,0.0,0.0,0.0,162.71750000000006,0.4908,163.20830000000007,167.71
2161,0.4337,0.0,0.4337,0.0781,1.0,0.0,23.7452,0.0139,0.0,0.0,0.0,23.745200000000008,0.013900000000000001,23.759100000000007,23.7622
2162,2.2948,0.0013,2.296,0.4133,0.9994773519163763,0.0005662020905923345,123.7452,0.7441,0.0,0.0,0.0,123.74520000000001,0.7440999999999999,124.48930000000001,126.989
2163,3.8205,0.0008,3.8213,0.6878,0.9997906471619606,0.00020935283803941068,214.5299,0.4815,0.0,0.0,0.0,214.52989999999997,0.48150000000000004,215.01139999999998,219.512
2164,8.9791,0.0142,8.9933,1.6188,0.9984210467792691,0.0015789532207309887,491.3249,8.7116,0.0,0.0,0.0,491.3249,8.7116,500.0365,511.0322
2165,3.2149,0.0022,3.2171,0.5791,0.9993161543004571,0.0006838456995430668,171.5543,1.3248,0.0,0.0,0.0,171.55429999999996,1.3248,172.87909999999997,175.3791
2166,2.798,0.0012,2.7991,0.5038,0.999607016541031,0.0004287092279661319,162.1817,0.7545,0.0,0.0,0.0,162.1817,0.7545,162.9362,168.4398
2167,0.3482,0.0,0.3482,0.0627,1.0,0.0,19.3189,0.0119,0.0,0.0,0.0,19.3189,0.011899999999999999,19.3308,19.3317
2168,1.578,0.0004,1.5784,0.2841,0.9997465788139889,0.00025342118601115053,86.5898,0.2642,0.0,0.0,0.0,86.58980000000005,0.2642,86.85400000000006,88.3565
2169,3.0462,0.0018,3.0481,0.5486,0.9993766608707063,0.0005905318066992553,169.4815,1.1203,0.0,0.0,0.0,169.48149999999995,1.1202999999999999,170.60179999999994,174.1013
2170,1.3851,0.0003,1.3854,0.2494,0.9997834560415765,0.00021654395842355997,77.8184,0.1996,0.0,0.0,0.0,77.8184,0.19959999999999997,78.018,78.514
2171,0.3979,0.0,0.398,0.0716,0.9997487437185929,0.0,21.1842,0.021,0.0,0.0,0.0,21.1842,0.021,21.2052,21.209
2172,0.5876,0.0003,0.5879,0.1058,0.9994897091342065,0.0005102908657935023,33.6364,0.1974,0.0,0.0,0.0,33.6364,0.1974,33.833800000000004,36.8315
2173,0.4661,0.0001,0.4662,0.0839,0.9997854997854998,0.0002145002145002145,26.3102,0.0478,0.0,0.0,0.0,26.310200000000002,0.0478,26.358,26.3588
2174,0.1275,0.0,0.1275,0.023,1.0,0.0,6.8935,0.0293,0.0,0.0,0.0,6.8935,0.0293,6.9228000000000005,6.9179
2175,9.6626,0.0175,9.6802,1.7424,0.9981818557467821,0.0018078138881428073,557.3104,11.2205,0.0,0.0,0.0,557.3104,11.2205,568.5309,581.0349
2176,3.3297,0.0029,3.3326,0.5999,0.9991298085578828,0.0008701914421172658,180.5855,1.8587,0.0,0.0,0.0,180.58550000000002,1.8587000000000002,182.44420000000002,190.9447
2177,0.2009,0.0,0.2009,0.0362,1.0,0.0,11.7933,0.0082,0.0,0.0,0.0,11.793300000000002,0.0082,11.801500000000003,11.7979
2178,1.6197,0.0003,1.62,0.2916,0.9998148148148147,0.00018518518518518515,86.6465,0.2051,0.0,0.0,0.0,86.64649999999999,0.20509999999999998,86.85159999999999,87.8551
2179,1.3861,0.0004,1.3866,0.2496,0.9996394057406607,0.0002884754074715131,75.4349,0.2873,0.0,0.0,0.0,75.4349,0.2873,75.7222,81.7176
2180,2.6933,0.0007,2.694,0.4849,0.9997401633259094,0.00025983667409057166,147.53,0.4177,0.0,0.0,0.0,147.53,0.4177,147.9477,150.9462
2181,10.9838,0.0057,10.9895,1.9781,0.9994813230811229,0.00051867691887711,588.5741,3.8309,0.0,0.0,0.0,588.5740999999999,3.8308999999999993,592.405,598.9015
2182,6.0235,0.0117,6.0353,1.0863,0.99804483621361,0.0019385946017596474,330.5853,7.2605,0.0,0.0,0.0,330.5853000000001,7.260499999999999,337.84580000000005,346.8502
2183,2.0479,0.0005,2.0484,0.3687,0.9997559070494043,0.00024409295059558682,113.7338,0.303,0.0,0.0,0.0,113.7338,0.303,114.0368,116.0404
2184,0.5835,0.0001,0.5836,0.105,0.9998286497601097,0.00017135023989033586,31.5544,0.0358,0.0,0.0,0.0,31.554399999999998,0.0358,31.590199999999996,32.5908
2185,3.422,0.0013,3.4233,0.6162,0.9996202494668888,0.0003797505331113253,184.6863,0.8029,0.0,0.0,0.0,184.68629999999996,0.8028999999999998,185.48919999999995,190.9924
2186,0.3821,0.0001,0.3822,0.0688,0.999738356881214,0.00026164311878597594,20.1713,0.0434,0.0,0.0,0.0,20.171300000000002,0.043399999999999994,20.2147,20.215
2187,6.3336,0.0111,6.3447,1.1421,0.9982505082982647,0.0017494917017353067,350.5456,6.8075,0.0,0.0,0.0,350.5456,6.807499999999999,357.3531,368.3539
2188,0.8715,0.0001,0.8716,0.1569,0.9998852684717761,0.00011473152822395595,47.6611,0.089,0.0,0.0,0.0,47.66109999999999,0.08900000000000001,47.75009999999999,47.7527
2189,0.2752,0.0002,0.2754,0.0496,0.9992737835875092,0.0007262164124909224,16.5107,0.1487,0.0,0.0,0.0,16.5107,0.14869999999999997,16.6594,18.1571
2190,2.0322,0.0015,2.0337,0.3661,0.9992624280867384,0.000737571913261543,112.0598,0.9539,0.0,0.0,0.0,112.05979999999998,0.9539000000000001,113.01369999999999,118.5147
2191,6.321,0.0045,6.3255,1.1386,0.9992885937870524,0.0007114062129475931,336.6612,2.6547,0.0,0.0,0.0,336.66119999999984,2.6547000000000005,339.31589999999983,343.3167
2192,0.3164,0.0001,0.3165,0.057,0.9996840442338073,0.00031595576619273305,17.1381,0.0465,0.0,0.0,0.0,17.138099999999998,0.0465,17.1846,17.1889
2193,2.5012,0.0021,2.5033,0.4506,0.9991611073383134,0.0008388926616865737,135.9743,1.3617,0.0,0.0,0.0,135.97429999999997,1.3617,137.33599999999998,139.8375
2194,0.6105,0.0001,0.6106,0.1099,0.9998362266622994,0.00016377333770062233,32.2284,0.0745,0.0,0.0,0.0,32.22839999999999,0.07450000000000001,32.302899999999994,32.3028
2195,3.5085,0.0207,3.5292,0.6353,0.9941346480788849,0.005865351921115267,200.793,13.3556,0.0,0.0,0.0,200.793,13.355599999999999,214.14860000000002,223.1448
2196,2.3164,0.0164,2.3328,0.4199,0.9929698216735252,0.007030178326474623,121.4348,9.5347,0.0,0.0,0.0,121.43480000000001,9.5347,130.9695,137.9707
2197,5.0186,0.0018,5.0204,0.9037,0.9996414628316468,0.00035853716835311923,285.152,1.1643,0.0,0.0,0.0,285.15200000000004,1.1643,286.31630000000007,292.8136
2198,4.083,0.0027,4.0857,0.7354,0.9993391585285264,0.0006608414714736765,218.0589,1.6632,0.0,0.0,0.0,218.05890000000005,1.6632,219.72210000000004,227.7171
2199,0.9189,0.0006,0.9195,0.1655,0.9993474714518761,0.0006525285481239803,50.3104,0.3909,0.0,0.0,0.0,50.31039999999999,0.3909,50.70129999999999,52.2002
2200,2.0543,0.0008,2.0551,0.3699,0.999610724538952,0.00038927546104812423,117.1193,0.5327,0.0,0.0,0.0,117.1193,0.5327000000000001,117.652,121.149
2201,1.1851,0.0004,1.1856,0.2134,0.9995782726045884,0.0003373819163292848,62.4814,0.2684,0.0,0.0,0.0,62.4814,0.2684,62.7498,62.7509
2202,0.4411,0.0,0.4412,0.0794,0.9997733454215776,0.0,24.3103,0.0264,0.0,0.0,0.0,24.3103,0.026399999999999996,24.3367,24.3348
2203,0.9699,0.0001,0.97,0.1746,0.9998969072164948,0.00010309278350515464,51.9346,0.0595,0.0,0.0,0.0,51.93460000000001,0.0595,51.99410000000001,51.9941
2204,0.8664,0.0006,0.867,0.1561,0.9993079584775086,0.0006920415224913495,46.7214,0.392,0.0,0.0,0.0,46.72140000000001,0.392,47.11340000000001,49.1154
2205,2.805,0.0012,2.8062,0.5051,0.9995723754543512,0.0004276245456489202,151.319,0.7606,0.0,0.0,0.0,151.31900000000002,0.7606,152.07960000000003,155.5789
2206,0.9158,0.0002,0.916,0.1649,0.9997816593886462,0.0002183406113537118,48.7935,0.1284,0.0,0.0,0.0,48.793499999999995,0.12840000000000001,48.921899999999994,51.4235
2207,0.7289,0.0,0.729,0.1312,0.9998628257887517,0.0,42.6151,0.0194,0.0,0.0,0.0,42.615100000000005,0.019399999999999997,42.6345,42.6344
2208,0.6952,0.0001,0.6953,0.1252,0.9998561771897023,0.00014382281029771322,37.8888,0.0384,0.0,0.0,0.0,37.8888,0.03839999999999999,37.927200000000006,37.9244
2209,0.1376,0.0,0.1376,0.0248,1.0,0.0,7.6865,0.0242,0.0,0.0,0.0,7.686500000000001,0.0242,7.710700000000001,7.7107
2210,6.1102,0.0026,6.1128,1.1003,0.9995746630022249,0.0004253369977751603,336.4816,1.6191,0.0,0.0,0.0,336.48160000000007,1.6190999999999998,338.1007000000001,348.0974
2211,4.6945,0.0012,4.6957,0.8452,0.9997444470472985,0.0002555529527014076,264.1822,0.7346,0.0,0.0,0.0,264.1822,0.7345999999999999,264.9168,269.4207
2212,10.1949,0.0159,10.2109,1.838,0.9984330470379692,0.0015571595060180788,596.1843,10.6781,0.0,0.0,0.0,596.1842999999999,10.678099999999999,606.8623999999999,617.3664
2213,0.554,0.0,0.5541,0.0997,0.9998195271611623,0.0,30.0907,0.0248,0.0,0.0,0.0,30.090700000000002,0.024800000000000003,30.1155,30.1147
2214,0.3551,0.0001,0.3552,0.0639,0.9997184684684685,0.00028153153153153153,19.6657,0.0366,0.0,0.0,0.0,19.665699999999998,0.0366,19.702299999999997,20.7015
2215,0.4441,0.0,0.4441,0.0799,1.0,0.0,24.6807,0.0265,0.0,0.0,0.0,24.680699999999995,0.026499999999999996,24.707199999999993,24.7105
2216,5.1618,0.004,5.1659,0.9299,0.9992063338430865,0.0007743084457693723,299.092,2.3837,0.0,0.0,0.0,299.092,2.3836999999999997,301.47569999999996,308.4788
2217,6.2459,0.0047,6.2506,1.1251,0.9992480721850702,0.0007519278149297667,363.1918,2.9553,0.0,0.0,0.0,363.19180000000006,2.9552999999999994,366.1471000000001,379.6439
2218,3.1265,0.0017,3.1282,0.5631,0.9994565564861582,0.000543443513841826,171.3843,1.0186,0.0,0.0,0.0,171.38430000000005,1.0186000000000002,172.40290000000005,183.9037
2219,3.0859,0.0009,3.0868,0.5556,0.9997084359206946,0.00029156407930542954,172.333,0.5514,0.0,0.0,0.0,172.333,0.5513999999999999,172.8844,172.8841
2220,0.3371,0.0001,0.3373,0.0607,0.9994070560332049,0.00029647198339756897,18.6365,0.0836,0.0,0.0,0.0,18.636499999999998,0.0836,18.7201,19.7231
2221,0.5292,0.0,0.5292,0.0953,1.0,0.0,30.0822,0.0138,0.0,0.0,0.0,30.082200000000004,0.0138,30.096000000000004,30.1
2222,8.4583,0.0036,8.4619,1.5231,0.9995745636322811,0.0004254363677188338,465.3246,2.286,0.0,0.0,0.0,465.32460000000003,2.286,467.61060000000003,469.615
2223,0.2865,0.0001,0.2865,0.0516,1.0,0.0003490401396160559,14.7332,0.0315,0.0,0.0,0.0,14.733200000000004,0.0315,14.764700000000003,14.7615
2224,0.3108,0.0001,0.3108,0.056,1.0,0.00032175032175032174,18.6465,0.045,0.0,0.0,0.0,18.646499999999996,0.045000000000000005,18.691499999999998,18.6958
2225,3.1451,0.0011,3.1461,0.5663,0.9996821461492005,0.0003496392358793427,165.9742,0.6607,0.0,0.0,0.0,165.97419999999994,0.6607000000000001,166.63489999999993,171.6337
2226,1.8388,0.0005,1.8393,0.3311,0.9997281574512042,0.00027184254879573754,99.046,0.2988,0.0,0.0,0.0,99.04599999999999,0.29880000000000007,99.34479999999999,99.3436
2227,6.6372,0.0032,6.6403,1.1953,0.9995331536225773,0.00048190593798472963,373.0598,2.0705,0.0,0.0,0.0,373.05979999999994,2.0704999999999996,375.1302999999999,382.631
2228,1.2229,0.0003,1.2231,0.2202,0.9998364810726842,0.0002452783909737552,68.1917,0.1873,0.0,0.0,0.0,68.19170000000003,0.1873,68.37900000000002,68.3801
2229,6.1425,0.0032,6.1457,1.1062,0.9994793107375889,0.0005206892624111168,326.0668,1.8528,0.0,0.0,0.0,326.06679999999994,1.8527999999999998,327.91959999999995,330.4227
2230,2.1097,0.001,2.1107,0.3799,0.9995262235277397,0.00047377647226038756,116.1101,0.6205,0.0,0.0,0.0,116.11009999999997,0.6204999999999999,116.73059999999998,121.2312
2231,2.0497,0.0008,2.0505,0.3691,0.9996098512557913,0.0003901487442087296,114.3846,0.5273,0.0,0.0,0.0,114.3846,0.5273,114.9119,117.408
2232,2.4051,0.0011,2.4062,0.4331,0.9995428476435874,0.00045715235641260077,138.7071,0.6602,0.0,0.0,0.0,138.70710000000003,0.6602,139.36730000000003,143.3632
2233,2.5115,0.0013,2.5128,0.4523,0.9994826488379497,0.0005173511620503024,135.5737,0.7975,0.0,0.0,0.0,135.5737,0.7975000000000001,136.37120000000002,144.8693
2234,1.8684,0.0009,1.8693,0.3365,0.9995185363505056,0.00048146364949446316,102.1522,0.5476,0.0,0.0,0.0,102.1522,0.5476,102.6998,105.2006
2235,0.313,0.0001,0.3131,0.0564,0.9996806132226126,0.00031938677738741617,18.1717,0.093,0.0,0.0,0.0,18.1717,0.09299999999999999,18.2647,18.2614
2236,2.5743,0.0006,2.575,0.4635,0.9997281553398057,0.00023300970873786403,139.5754,0.4014,0.0,0.0,0.0,139.57539999999997,0.40140000000000003,139.97679999999997,143.9799
2237,3.8589,0.014,3.873,0.6971,0.9963594113090627,0.003614768912987348,215.1843,9.177,0.0,0.0,0.0,215.18429999999992,9.177,224.36129999999991,231.8564
2238,5.5969,0.0052,5.602,1.0084,0.9990896108532666,0.0009282399143163156,309.5883,3.3533,0.0,0.0,0.0,309.58829999999995,3.353300000000001,312.94159999999994,317.9427
2239,1.2965,0.0005,1.297,0.2335,0.9996144949884349,0.0003855050115651504,70.9986,0.3534,0.0,0.0,0.0,70.9986,0.35339999999999994,71.35199999999999,72.8521
2240,0.551,0.0001,0.5511,0.0992,0.9998185447287243,0.00018145527127563056,29.1716,0.0441,0.0,0.0,0.0,29.171600000000005,0.0441,29.215700000000005,29.2143
2241,4.454,0.001,4.455,0.8019,0.9997755331088664,0.0002244668911335578,235.7674,0.6286,0.0,0.0,0.0,235.7674,0.6285999999999999,236.39600000000002,241.8925
2242,0.3447,0.0,0.3447,0.0621,1.0,0.0,20.4547,0.0264,0.0,0.0,0.0,20.454700000000006,0.0264,20.481100000000005,20.484
2243,1.9389,0.0015,1.9403,0.3493,0.9992784620934908,0.0007730763284028244,110.8407,0.9588,0.0,0.0,0.0,110.84069999999998,0.9588000000000002,111.79949999999998,116.3043
2244,6.0964,0.0065,6.1029,1.0985,0.998934932573039,0.001065067426960953,331.5851,4.2977,0.0,0.0,0.0,331.5850999999999,4.297700000000001,335.8827999999999,341.8874
2245,3.0911,0.0171,3.1083,0.5595,0.9944664285944086,0.005501399478814787,168.3277,11.277,0.0,0.0,0.0,168.3277,11.277,179.60469999999998,189.1037
2246,6.8509,0.0068,6.8577,1.2344,0.999008413899704,0.0009915861002960176,389.7342,4.0428,0.0,0.0,0.0,389.73420000000004,4.042800000000001,393.77700000000004,398.7753
2247,9.1101,0.0131,9.1232,1.6422,0.9985641003156785,0.0014358996843212906,500.7935,8.0051,0.0,0.0,0.0,500.7935,8.0051,508.7986,518.7971
2248,2.5968,0.0012,2.598,0.4676,0.9995381062355658,0.00046189376443418013,139.3837,0.7171,0.0,0.0,0.0,139.38369999999998,0.7171000000000001,140.10079999999996,141.5997
2249,0.9574,0.0004,0.9578,0.1724,0.9995823762789727,0.00041762372102735435,51.902,0.2244,0.0,0.0,0.0,51.901999999999994,0.22440000000000002,52.1264,53.1214
2250,2.4452,0.007,2.4522,0.4414,0.9971454204387896,0.002854579561210342,129.435,4.1659,0.0,0.0,0.0,129.435,4.165900000000001,133.6009,138.599
2251,4.5609,0.0017,4.5626,0.8213,0.9996274054267305,0.000372594573269627,265.3329,1.1113,0.0,0.0,0.0,265.3329,1.1113,266.4442,272.9446
2252,4.0624,0.0049,4.0674,0.7321,0.9987707134778975,0.00120470079166052,232.6549,3.0316,0.0,0.0,0.0,232.65489999999997,3.0316,235.68649999999997,241.1913
2253,0.6223,0.0001,0.6224,0.112,0.9998393316195373,0.00016066838046272495,35.2283,0.0371,0.0,0.0,0.0,35.2283,0.0371,35.2654,35.2635
2254,1.4491,0.0003,1.4494,0.2609,0.9997930178004691,0.00020698219953084031,80.7674,0.1899,0.0,0.0,0.0,80.76740000000001,0.18989999999999999,80.9573,81.4623
2255,0.5722,0.0003,0.5725,0.1031,0.9994759825327512,0.0005240174672489083,33.2157,0.2152,0.0,0.0,0.0,33.2157,0.21520000000000003,33.4309,33.4355
2256,4.3972,0.0054,4.4026,0.7925,0.9987734520510607,0.0012265479489392632,244.9091,3.1794,0.0,0.0,0.0,244.90910000000005,3.1794000000000007,248.08850000000004,252.5908
2257,7.8209,0.0149,7.8358,1.4104,0.9980984711197325,0.0019015288802674902,428.8695,9.2046,0.0,0.0,0.0,428.86949999999996,9.204600000000001,438.0741,457.0698
2258,1.5613,0.0007,1.562,0.2812,0.99955185659411,0.00044814340588988477,89.274,0.4375,0.0,0.0,0.0,89.27400000000002,0.4375,89.71150000000002,93.7124
2259,0.0987,0.0,0.0987,0.0178,1.0,0.0,5.7927,0.0128,0.0,0.0,0.0,5.792699999999998,0.0128,5.8054999999999986,5.8008
2260,0.5849,0.0004,0.5853,0.1053,0.9993165897830172,0.0006834102169827439,32.5854,0.273,0.0,0.0,0.0,32.5854,0.273,32.8584,32.8616
2261,5.4969,0.005,5.5019,0.9903,0.9990912230320435,0.0009087769679565241,303.1383,2.8876,0.0,0.0,0.0,303.1383,2.8876000000000004,306.02590000000004,313.0256
2262,0.3061,0.0001,0.3061,0.0551,1.0,0.00032669062397909184,16.3636,0.0479,0.0,0.0,0.0,16.363599999999998,0.047900000000000005,16.411499999999997,16.4067
2263,1.4334,0.0006,1.434,0.2581,0.999581589958159,0.00041841004184100416,79.9739,0.3589,0.0,0.0,0.0,79.97389999999999,0.35890000000000005,80.33279999999999,82.3302
2264,1.3181,0.0009,1.3189,0.2374,0.9993934339222079,0.0006823868375161119,73.5211,0.504,0.0,0.0,0.0,73.5211,0.504,74.02510000000001,78.5212
2265,4.3185,0.0134,4.3318,0.7797,0.9969296828108407,0.0030934022808070546,249.4814,8.1064,0.0,0.0,0.0,249.48139999999995,8.106399999999999,257.58779999999996,273.0899
2266,5.5444,0.0025,5.547,0.9985,0.9995312781683794,0.0004506940688660538,301.3636,1.5921,0.0,0.0,0.0,301.36359999999996,1.5921,302.9557,307.4577
2267,0.3657,0.0,0.3657,0.0658,1.0,0.0,20.1104,0.0195,0.0,0.0,0.0,20.110399999999995,0.0195,20.129899999999996,20.1334
2268,1.1761,0.0003,1.1764,0.2118,0.999744984699082,0.0002550153009180551,67.3607,0.209,0.0,0.0,0.0,67.36070000000001,0.209,67.56970000000001,69.0673
2269,9.8715,0.0056,9.877,1.7779,0.9994431507542775,0.0005669737774627923,534.5456,3.4721,0.0,0.0,0.0,534.5455999999999,3.4721000000000006,538.0176999999999,543.519
2270,0.6146,0.0002,0.6148,0.1107,0.9996746909564086,0.00032530904359141186,33.734,0.1081,0.0,0.0,0.0,33.733999999999995,0.1081,33.842099999999995,33.8454
2271,0.4513,0.0002,0.4515,0.0813,0.9995570321151716,0.00044296788482834997,25.8546,0.1423,0.0,0.0,0.0,25.854599999999998,0.1423,25.996899999999997,26.001
2272,12.5641,0.0096,12.5737,2.2633,0.9992365015866451,0.0007634984133548596,697.9094,5.9728,0.0,0.0,0.0,697.9094000000001,5.972800000000001,703.8822000000001,717.3818
2273,0.5129,0.0007,0.5136,0.0925,0.9986370716510905,0.0013629283489096575,29.4815,0.4518,0.0,0.0,0.0,29.48149999999999,0.4517999999999999,29.93329999999999,31.9339
2274,0.6712,0.0001,0.6713,0.1208,0.9998510353046328,0.00014896469536719798,38.8178,0.0493,0.0,0.0,0.0,38.817800000000005,0.0493,38.86710000000001,38.8717
2275,0.326,0.0,0.326,0.0587,1.0,0.0,18.8545,0.0293,0.0,0.0,0.0,18.854499999999998,0.029299999999999996,18.883799999999997,18.8819
2276,3.4497,0.0061,3.4558,0.6221,0.9982348515539093,0.0017651484460906304,197.3778,3.9937,0.0,0.0,0.0,197.3778,3.9936999999999987,201.3715,203.3744
2277,6.2033,0.0212,6.2245,1.1204,0.9965941039440919,0.0034058960559081052,351.6364,12.5439,0.0,0.0,0.0,351.63640000000015,12.5439,364.18030000000016,374.6789
2278,1.7872,0.0033,1.7904,0.3223,0.9982126899016979,0.0018431635388739946,99.378,2.0102,0.0,0.0,0.0,99.37800000000004,2.0101999999999998,101.38820000000004,105.39
2279,0.3586,0.0,0.3586,0.0646,1.0,0.0,20.3845,0.0169,0.0,0.0,0.0,20.384499999999996,0.016900000000000002,20.401399999999995,20.397
2280,1.1256,0.0002,1.1258,0.2026,0.9998223485521407,0.00017765144785930007,62.3778,0.1326,0.0,0.0,0.0,62.3778,0.1326,62.5104,65.506
2281,3.8997,0.002,3.9017,0.7023,0.9994874029269294,0.0005125970730707128,220.6152,1.2187,0.0,0.0,0.0,220.61520000000004,1.2187,221.83390000000006,225.8361
2282,0.4776,0.0001,0.4778,0.086,0.9995814148179155,0.0002092925910422771,26.6151,0.0856,0.0,0.0,0.0,26.615100000000005,0.08559999999999998,26.700700000000005,27.1975
2283,0.0909,0.0,0.0909,0.0164,1.0,0.0,5.4543,0.0104,0.0,0.0,0.0,5.4543,0.010400000000000001,5.4647,5.4625
2284,3.0514,0.0019,3.0533,0.5496,0.9993777224642191,0.0006222775357809583,177.1101,1.1654,0.0,0.0,0.0,177.11010000000005,1.1654,178.27550000000005,182.7749
2285,4.4882,0.0017,4.4899,0.8082,0.9996213724136396,0.000378627586360498,246.1196,1.0362,0.0,0.0,0.0,246.11959999999996,1.0362,247.15579999999997,260.1549
2286,1.5006,0.0005,1.5012,0.2702,0.9996003197442045,0.0003330668798294697,85.0761,0.3204,0.0,0.0,0.0,85.0761,0.3204000000000001,85.3965,88.8921
2287,0.1495,0.0,0.1495,0.0269,1.0,0.0,8.5738,0.0283,0.0,0.0,0.0,8.5738,0.0283,8.6021,9.0997
2288,0.7175,0.0004,0.7179,0.1292,0.9994428193341691,0.0005571806658308957,42.7926,0.2293,0.0,0.0,0.0,42.7926,0.2293,43.0219,43.5256
2289,13.5433,0.0126,13.5559,2.4401,0.9990705154213295,0.000929484578670542,760.0599,8.0962,0.0,0.0,0.0,760.0599000000002,8.096200000000001,768.1561000000002,788.156
2290,2.9226,0.0048,2.9273,0.5269,0.9983944248966625,0.0016397362757489837,159.3189,3.1489,0.0,0.0,0.0,159.3189,3.1489,162.4678,170.9647
2291,0.3752,0.0,0.3752,0.0675,1.0,0.0,20.6465,0.0119,0.0,0.0,0.0,20.646499999999996,0.011899999999999999,20.658399999999997,20.6607
2292,3.4525,0.0012,3.4537,0.6217,0.9996525465442859,0.0003474534557141616,185.1817,0.7636,0.0,0.0,0.0,185.1817,0.7636,185.9453,192.447
2293,0.225,0.0,0.225,0.0405,1.0,0.0,11.7937,0.03,0.0,0.0,0.0,11.793700000000001,0.03,11.8237,11.8215
2294,2.1958,0.0006,2.1964,0.3953,0.9997268257148061,0.0002731742851939537,119.7217,0.3897,0.0,0.0,0.0,119.72170000000001,0.38969999999999994,120.11140000000002,122.6096
2295,2.441,0.0079,2.4488,0.4408,0.9968147664162038,0.003226069911793532,129.3631,5.3894,0.0,0.0,0.0,129.36310000000003,5.3894,134.75250000000003,145.2551
2296,6.1245,0.0228,6.1473,1.1065,0.9962910546093406,0.003708945390659314,325.2741,15.0089,0.0,0.0,0.0,325.27410000000003,15.008899999999999,340.283,346.2796
2297,1.9141,0.0155,1.9296,0.3473,0.9919672470978441,0.008032752902155887,105.5109,9.4446,0.0,0.0,0.0,105.5109,9.444600000000001,114.9555,131.9527
2298,0.5071,0.0,0.5071,0.0913,1.0,0.0,27.8182,0.0117,0.0,0.0,0.0,27.818199999999997,0.011699999999999999,27.8299,28.3344
2299,0.4411,0.0,0.4411,0.0794,1.0,0.0,25.7072,0.0201,0.0,0.0,0.0,25.7072,0.0201,25.7273,27.7283
2300,0.8848,0.0002,0.8851,0.1593,0.9996610552479946,0.00022596316800361542,48.7772,0.146,0.0,0.0,0.0,48.77720000000001,0.146,48.92320000000001,49.4241
2301,0.1579,0.0,0.158,0.0284,0.999367088607595,0.0,8.5292,0.016,0.0,0.0,0.0,8.5292,0.016,8.5452,8.5441
2302,0.9061,0.0007,0.9067,0.1632,0.9993382596228081,0.0007720304400573508,48.3604,0.4356,0.0,0.0,0.0,48.3604,0.43560000000000004,48.796,49.796
2303,0.1564,0.0,0.1565,0.0282,0.9993610223642173,0.0,8.046,0.0238,0.0,0.0,0.0,8.046000000000001,0.0238,8.0698,8.0666
2304,3.8996,0.0035,3.9031,0.7026,0.999103276882478,0.0008967231175219698,213.059,2.0978,0.0,0.0,0.0,213.05900000000008,2.0978,215.1568000000001,223.6596
2305,0.6081,0.0001,0.6082,0.1095,0.9998355804011838,0.00016441959881617892,34.1715,0.0405,0.0,0.0,0.0,34.1715,0.040499999999999994,34.212,34.2162
2306,0.6778,0.0002,0.678,0.122,0.9997050147492624,0.0002949852507374631,35.9019,0.1114,0.0,0.0,0.0,35.9019,0.1114,36.0133,36.5151
2307,4.2257,0.0154,4.2411,0.7634,0.9963688665676357,0.003631133432364245,240.7341,9.5604,0.0,0.0,0.0,240.7341,9.5604,250.2945,264.2981
2308,2.8077,0.0024,2.8101,0.5058,0.9991459378669799,0.0008540621330201772,161.6888,1.5513,0.0,0.0,0.0,161.6888,1.5512999999999997,163.24009999999998,164.7353
2309,4.4507,0.0026,4.4533,0.8016,0.9994161632946356,0.0005838367053645612,255.9349,1.623,0.0,0.0,0.0,255.9349,1.6229999999999998,257.5579,268.5565
2310,7.9376,0.004,7.9417,1.4295,0.9994837377387713,0.0005036704987597114,421.1819,2.5992,0.0,0.0,0.0,421.1819,2.5992,423.7811,435.2838
2311,1.2554,0.0009,1.2563,0.2261,0.9992836106025632,0.0007163893974369179,72.3329,0.5922,0.0,0.0,0.0,72.3329,0.5922000000000001,72.9251,78.4241
2312,9.9944,0.0127,10.007,1.8013,0.998740881383032,0.0012691116218646948,572.59,8.0157,0.0,0.0,0.0,572.5899999999999,8.015699999999999,580.6057,590.1014
2313,6.1536,0.0222,6.1758,1.1117,0.9964053240066064,0.0035946759933935687,336.3729,13.3288,0.0,0.0,0.0,336.37289999999996,13.3288,349.70169999999996,360.7003
2314,0.4667,0.0,0.4667,0.084,1.0,0.0,25.1705,0.0121,0.0,0.0,0.0,25.170499999999997,0.012099999999999998,25.182599999999997,25.1801
2315,0.3941,0.0001,0.3943,0.071,0.9994927720010145,0.00025361399949277205,23.6465,0.0934,0.0,0.0,0.0,23.64649999999999,0.09340000000000001,23.739899999999988,23.7438
2316,0.1399,0.0001,0.14,0.0252,0.9992857142857142,0.0007142857142857143,7.4545,0.0473,0.0,0.0,0.0,7.454499999999999,0.0473,7.5017999999999985,7.5006
2317,1.9139,0.0013,1.9152,0.3447,0.9993212197159566,0.0006787802840434419,104.0909,0.8367,0.0,0.0,0.0,104.0909,0.8367000000000001,104.9276,108.4323
2318,3.1228,0.0019,3.1246,0.5624,0.9994239262625615,0.0006080778339627472,161.7934,1.088,0.0,0.0,0.0,161.79340000000005,1.088,162.88140000000004,166.8856
2319,3.2489,0.0007,3.2496,0.5849,0.9997845888724766,0.00021541112752338748,181.1475,0.4126,0.0,0.0,0.0,181.1475,0.41259999999999997,181.5601,182.5555
2320,6.4314,0.0233,6.4548,1.1619,0.9963747908533185,0.0036097167999008493,351.0591,15.1481,0.0,0.0,0.0,351.0591,15.1481,366.2072,371.2043
2321,8.0983,0.0166,8.1148,1.4607,0.997966678168285,0.0020456449943313452,457.7071,10.4361,0.0,0.0,0.0,457.7071,10.4361,468.14320000000004,480.6389
2322,3.2836,0.0017,3.2853,0.5913,0.9994825434511307,0.0005174565488692052,189.2158,1.0231,0.0,0.0,0.0,189.21579999999997,1.0231,190.23889999999997,191.7374
2323,0.6932,0.0006,0.6938,0.1249,0.999135197463246,0.0008648025367541078,40.4548,0.385,0.0,0.0,0.0,40.454800000000006,0.38500000000000006,40.839800000000004,42.3411
2324,5.7725,0.0022,5.7747,1.0394,0.9996190278282854,0.00038097217171454795,320.1478,1.3873,0.0,0.0,0.0,320.1478000000001,1.3872999999999998,321.53510000000006,326.5343
2325,0.4524,0.0001,0.4525,0.0815,0.9997790055248619,0.00022099447513812155,26.3635,0.0797,0.0,0.0,0.0,26.363500000000005,0.07970000000000001,26.443200000000004,26.9461
2326,1.6913,0.001,1.6923,0.3046,0.9994090882231284,0.0005909117768717131,89.7877,0.6305,0.0,0.0,0.0,89.78769999999999,0.6305,90.41819999999998,93.415
2327,3.1495,0.0067,3.1562,0.5681,0.9978771940941639,0.002122805905836132,174.1705,4.0313,0.0,0.0,0.0,174.17050000000003,4.0313,178.20180000000002,184.1989
2328,0.2767,0.0001,0.2768,0.0498,0.9996387283236995,0.00036127167630057807,14.6151,0.0398,0.0,0.0,0.0,14.615099999999995,0.039799999999999995,14.654899999999994,14.656
2329,0.5712,0.0,0.5712,0.1028,1.0,0.0,30.9745,0.0124,0.0,0.0,0.0,30.974500000000013,0.0124,30.986900000000013,30.9846
2330,1.9478,0.0011,1.9489,0.3508,0.9994355790445892,0.0005644209554107445,106.3634,0.72,0.0,0.0,0.0,106.36339999999998,0.7200000000000001,107.08339999999998,109.5825
2331,0.6792,0.0007,0.6799,0.1224,0.9989704368289456,0.0010295631710545668,38.6863,0.4401,0.0,0.0,0.0,38.68630000000001,0.44009999999999994,39.12640000000001,39.6225
2332,6.4173,0.0243,6.4416,1.1595,0.9962276453055141,0.0037723546944858416,374.787,15.2945,0.0,0.0,0.0,374.787,15.294500000000001,390.0815,398.0767
2333,2.3206,0.0016,2.3221,0.418,0.9993540329873822,0.0006890314801257483,129.2743,1.0493,0.0,0.0,0.0,129.27429999999998,1.0493,130.32359999999997,133.8238
2334,7.5537,0.0138,7.5676,1.3622,0.9981632221576194,0.0018235636132988003,412.84,8.1727,0.0,0.0,0.0,412.84000000000003,8.1727,421.01270000000005,433.5102
2335,0.4041,0.0001,0.4041,0.0727,1.0,0.00024746349913387774,23.9987,0.0419,0.0,0.0,0.0,23.998699999999996,0.0419,24.040599999999994,24.0451
2336,2.214,0.0016,2.2156,0.3988,0.9992778479870014,0.0007221520129987363,117.5207,1.006,0.0,0.0,0.0,117.5207,1.0060000000000002,118.5267,119.0229
2337,0.1677,0.0,0.1677,0.0302,1.0,0.0,9.4543,0.011,0.0,0.0,0.0,9.4543,0.011,9.4653,9.4617
2338,0.3708,0.0,0.3708,0.0667,1.0,0.0,19.4811,0.0138,0.0,0.0,0.0,19.481099999999998,0.013799999999999998,19.494899999999998,19.4986
2339,6.2692,0.0222,6.2914,1.1325,0.9964713736211335,0.003528626378866389,335.5855,14.5949,0.0,0.0,0.0,335.58549999999997,14.5949,350.18039999999996,359.6831
2340,0.4891,0.0,0.4892,0.0881,0.9997955846279639,0.0,26.0909,0.0208,0.0,0.0,0.0,26.090900000000005,0.0208,26.111700000000006,26.11
2341,0.4896,0.0,0.4897,0.0881,0.9997957933428628,0.0,26.0906,0.0272,0.0,0.0,0.0,26.090600000000006,0.027200000000000002,26.117800000000006,26.1129
2342,0.5084,0.0006,0.509,0.0916,0.9988212180746561,0.0011787819253438112,26.655,0.3715,0.0,0.0,0.0,26.655,0.3715,27.026500000000002,30.5254
2343,13.3629,0.0163,13.3792,2.4083,0.9987816909830184,0.0012183090169815831,733.3105,10.1952,0.0,0.0,0.0,733.3105000000002,10.195200000000002,743.5057000000002,749.5079
2344,4.8371,0.0251,4.8622,0.8752,0.9948377277775494,0.005162272222450743,275.902,16.2722,0.0,0.0,0.0,275.902,16.272199999999998,292.1742,298.6746
2345,2.4942,0.0008,2.495,0.4491,0.9996793587174349,0.00032064128256513024,134.4347,0.5065,0.0,0.0,0.0,134.43469999999996,0.5065000000000001,134.94119999999995,137.4424
2346,9.4302,0.0094,9.4396,1.6991,0.9990041950930123,0.0009958049069875843,545.1714,6.3323,0.0,0.0,0.0,545.1714000000002,6.3323,551.5037000000002,562.0046
2347,0.1588,0.0,0.1588,0.0286,1.0,0.0,8.8406,0.0172,0.0,0.0,0.0,8.8406,0.0172,8.857800000000001,8.8564
2348,1.0932,0.0003,1.0935,0.1968,0.9997256515775035,0.00027434842249657066,59.0819,0.1881,0.0,0.0,0.0,59.0819,0.18810000000000004,59.269999999999996,60.274
2349,5.8581,0.003,5.8611,1.055,0.9994881506884373,0.0005118493115626759,322.2156,1.8815,0.0,0.0,0.0,322.2156,1.8814999999999997,324.0971,326.5949
2350,3.0133,0.0032,3.0165,0.543,0.9989391679098293,0.0010608320901707277,168.5739,1.9618,0.0,0.0,0.0,168.5739,1.9617999999999998,170.53570000000002,182.0317
2351,0.1515,0.0,0.1515,0.0273,1.0,0.0,8.1818,0.0114,0.0,0.0,0.0,8.181799999999999,0.011399999999999997,8.1932,8.1926
2352,7.6211,0.014,7.6351,1.3743,0.9981663632434414,0.0018336367565585257,408.1194,9.0635,0.0,0.0,0.0,408.11940000000004,9.0635,417.1829,426.6864
2353,6.5276,0.0156,6.5432,1.1778,0.99761584545788,0.0023841545421200636,346.1714,9.6473,0.0,0.0,0.0,346.17140000000006,9.6473,355.81870000000004,365.3229
2354,5.1385,0.0204,5.1589,0.9286,0.9960456686502935,0.003954331349706333,281.0825,13.407,0.0,0.0,0.0,281.0825,13.407,294.48949999999996,308.4896
2355,0.3495,0.0,0.3495,0.0629,1.0,0.0,18.8545,0.0075,0.0,0.0,0.0,18.854499999999998,0.0075000000000000015,18.862,18.8597
2356,11.0797,0.0241,11.1038,1.9987,0.9978295718582828,0.00217042814171725,629.5852,15.4994,0.0,0.0,0.0,629.5851999999998,15.4994,645.0845999999998,652.5802
2357,2.6686,0.0031,2.6718,0.4809,0.9988023055617935,0.0011602664870125007,138.7175,1.9309,0.0,0.0,0.0,138.7175,1.9309000000000003,140.6484,145.1452
2358,0.2188,0.0,0.2189,0.0394,0.9995431703974417,0.0,11.5858,0.0248,0.0,0.0,0.0,11.585799999999997,0.0248,11.610599999999998,11.6062
2359,2.6222,0.0021,2.6243,0.4724,0.9991997866097626,0.0008002133902373967,150.182,1.3555,0.0,0.0,0.0,150.18200000000002,1.3555000000000001,151.53750000000002,156.0372
2360,5.455,0.0047,5.4598,0.9828,0.9991208469174694,0.0008608373933111103,300.3104,2.9111,0.0,0.0,0.0,300.3104,2.9111000000000002,303.2215,313.7181
2361,0.2633,0.0,0.2633,0.0474,1.0,0.0,14.59,0.0067,0.0,0.0,0.0,14.590000000000003,0.006699999999999999,14.596700000000004,14.5958
2362,4.5989,0.001,4.5999,0.828,0.9997826039696517,0.00021739603034848584,240.7675,0.6803,0.0,0.0,0.0,240.76750000000004,0.6803,241.44780000000003,246.4482
2363,0.3318,0.0005,0.3323,0.0598,0.9984953355401746,0.001504664459825459,17.5691,0.317,0.0,0.0,0.0,17.5691,0.31700000000000006,17.8861,18.3911
2364,3.6435,0.0015,3.645,0.6561,0.9995884773662551,0.00041152263374485596,199.4815,0.931,0.0,0.0,0.0,199.48149999999993,0.9309999999999999,200.41249999999994,201.9096
2365,5.6641,0.0012,5.6653,1.0198,0.9997881842091328,0.00021181579086720911,294.3636,0.7337,0.0,0.0,0.0,294.3636,0.7337000000000001,295.0973,301.0943
2366,0.5019,0.0008,0.5027,0.0905,0.9984085935945892,0.0015914064054107818,26.6863,0.544,0.0,0.0,0.0,26.686300000000006,0.544,27.230300000000007,27.7293
2367,7.5255,0.0068,7.5323,1.3558,0.9990972213002668,0.0009027786997331492,408.5882,3.9649,0.0,0.0,0.0,408.5882,3.9649,412.5531,420.5509
2368,1.4834,0.0003,1.4837,0.2671,0.9997978027903215,0.00020219720967850643,80.902,0.2076,0.0,0.0,0.0,80.90200000000002,0.20759999999999998,81.10960000000001,82.6121
2369,3.2153,0.0009,3.2162,0.5789,0.9997201666563025,0.0002798333436975312,171.7175,0.5684,0.0,0.0,0.0,171.71750000000003,0.5684,172.28590000000003,176.2885
2370,0.4666,0.0001,0.4667,0.084,0.9997857295907435,0.0002142704092564817,26.2214,0.0841,0.0,0.0,0.0,26.22139999999999,0.0841,26.305499999999988,26.8013
2371,1.5333,0.0005,1.5338,0.2761,0.9996740122571391,0.00032598774286086844,80.3632,0.3176,0.0,0.0,0.0,80.3632,0.31760000000000005,80.6808,81.6855
2372,2.2961,0.0003,2.2964,0.4134,0.9998693607385473,0.00013063926145270857,132.1197,0.2232,0.0,0.0,0.0,132.11969999999997,0.22319999999999998,132.34289999999996,133.8392
2373,3.5967,0.0019,3.5987,0.6478,0.9994442437546891,0.0005279684330452664,206.7173,1.2164,0.0,0.0,0.0,206.71730000000005,1.2164000000000001,207.93370000000004,215.9321
2374,0.5885,0.0002,0.5886,0.106,0.9998301053346925,0.0003397893306150187,32.5084,0.1087,0.0,0.0,0.0,32.508399999999995,0.1087,32.61709999999999,32.6192
2375,2.4705,0.0006,2.4711,0.4448,0.999757193152847,0.0002428068471530897,135.31,0.3741,0.0,0.0,0.0,135.31,0.3741,135.6841,141.1875
2376,0.2574,0.0,0.2575,0.0463,0.999611650485437,0.0,14.4815,0.0144,0.0,0.0,0.0,14.481500000000004,0.014399999999999998,14.495900000000004,14.4999
2377,5.8966,0.0019,5.8986,1.0617,0.9996609364934053,0.00032211033126504596,323.9988,1.0775,0.0,0.0,0.0,323.9988,1.0775,325.0763,337.0779
2378,0.0763,0.0002,0.0765,0.0138,0.9973856209150328,0.0026143790849673205,4.53,0.1201,0.0,0.0,0.0,4.529999999999999,0.12009999999999998,4.650099999999999,4.6507
2379,6.1759,0.0061,6.1819,1.1128,0.9990294246105568,0.000986751645934098,352.0585,3.7888,0.0,0.0,0.0,352.05850000000004,3.7887999999999997,355.8473,365.844
2380,3.875,0.0115,3.8865,0.6996,0.9970410394956902,0.00295896050430979,212.3249,6.676,0.0,0.0,0.0,212.32489999999999,6.676,219.00089999999997,223.4994
2381,0.4878,0.0001,0.4879,0.0878,0.9997950399672064,0.00020496003279360525,25.3836,0.0771,0.0,0.0,0.0,25.383599999999998,0.0771,25.4607,27.4586
2382,4.0069,0.0027,4.0096,0.7217,0.9993266161213089,0.0006733838786911413,231.7947,1.7911,0.0,0.0,0.0,231.79470000000003,1.7911,233.58580000000003,242.5899
2383,0.5238,0.0001,0.5238,0.0943,1.0,0.00019091256204658265,28.0821,0.0457,0.0,0.0,0.0,28.0821,0.045700000000000005,28.1278,28.1279
2384,6.9568,0.0105,6.9673,1.2541,0.9984929599701463,0.0015070400298537454,401.7926,6.777,0.0,0.0,0.0,401.79259999999994,6.776999999999999,408.5695999999999,427.5659
2385,1.1778,0.0006,1.1785,0.2121,0.9994060246075519,0.0005091217649554517,66.7217,0.4174,0.0,0.0,0.0,66.7217,0.4174,67.1391,71.1421
2386,0.5055,0.0002,0.5056,0.091,0.9998022151898732,0.00039556962025316455,29.1196,0.1057,0.0,0.0,0.0,29.119599999999988,0.10569999999999999,29.225299999999987,29.7256
2387,0.3588,0.0,0.3589,0.0646,0.9997213708553915,0.0,20.184,0.0204,0.0,0.0,0.0,20.184,0.020399999999999998,20.2044,20.1997
2388,7.6533,0.0218,7.6751,1.3815,0.9971596461283893,0.0028403538716107934,429.9346,13.8187,0.0,0.0,0.0,429.93459999999993,13.818700000000002,443.7532999999999,463.2485
2389,6.5666,0.012,6.5786,1.1842,0.9981759036877148,0.0018240963122852889,380.06,7.781,0.0,0.0,0.0,380.05999999999995,7.781000000000001,387.84099999999995,405.8404
2390,1.5557,0.0007,1.5564,0.2802,0.9995502441531741,0.0004497558468260087,82.745,0.4694,0.0,0.0,0.0,82.745,0.46939999999999993,83.2144,84.7145
2391,0.6982,0.0002,0.6984,0.1257,0.9997136311569301,0.000286368843069874,37.3326,0.1365,0.0,0.0,0.0,37.33259999999999,0.1365,37.46909999999999,39.4712
2392,5.4326,0.0018,5.4343,0.9782,0.9996871722208931,0.00033122941317188966,300.3248,1.1383,0.0,0.0,0.0,300.3248,1.1383,301.4631,312.9613
2393,0.3801,0.0003,0.3804,0.0685,0.9992113564668769,0.0007886435331230283,20.3839,0.1728,0.0,0.0,0.0,20.383899999999997,0.17280000000000004,20.556699999999996,20.5575
2394,3.3997,0.0021,3.4018,0.6123,0.9993826797577753,0.0006173202422247045,187.7878,1.323,0.0,0.0,0.0,187.7878,1.323,189.1108,196.6108
2395,1.5071,0.0,1.5071,0.2713,1.0,0.0,85.5451,0.0214,0.0,0.0,0.0,85.54510000000003,0.0214,85.56650000000003,86.0702
2396,0.8973,0.0003,0.8976,0.1616,0.9996657754010696,0.00033422459893048126,52.7873,0.2096,0.0,0.0,0.0,52.78730000000001,0.20959999999999998,52.99690000000001,54.4937
2397,6.5226,0.0046,6.5272,1.1749,0.9992952567716632,0.000704743228336806,361.7215,2.9011,0.0,0.0,0.0,361.7215000000001,2.9011,364.6226000000001,372.1183
2398,0.3331,0.0003,0.3334,0.06,0.9991001799640074,0.0008998200359928015,19.4545,0.2125,0.0,0.0,0.0,19.454500000000003,0.21250000000000002,19.667,19.6683
2399,5.1397,0.0032,5.1429,0.9257,0.9993777829629198,0.0006222170370802465,290.7339,1.9812,0.0,0.0,0.0,290.7339,1.9812,292.7151,303.2137
2400,2.8282,0.0093,2.8375,0.5107,0.9967224669603524,0.003277533039647577,155.9914,6.0031,0.0,0.0,0.0,155.99140000000003,6.003100000000001,161.99450000000002,171.9939
2401,2.1507,0.002,2.1527,0.3875,0.9990709341756865,0.0009290658243136527,112.8886,1.205,0.0,0.0,0.0,112.88860000000003,1.2049999999999998,114.09360000000002,121.5978
2402,7.0538,0.0098,7.0636,1.2714,0.9986126054702984,0.0013873945297015685,395.7215,6.3285,0.0,0.0,0.0,395.72150000000005,6.3285,402.05000000000007,409.5471
2403,0.4468,0.0,0.4469,0.0804,0.999776236294473,0.0,26.1382,0.0227,0.0,0.0,0.0,26.138199999999998,0.022699999999999998,26.160899999999998,26.1639
2404,1.6532,0.0008,1.654,0.2977,0.9995163240628779,0.00048367593712212825,94.5542,0.5256,0.0,0.0,0.0,94.55420000000002,0.5256,95.07980000000002,99.0846
2405,0.3317,0.0,0.3317,0.0597,1.0,0.0,17.0589,0.022,0.0,0.0,0.0,17.058899999999998,0.022,17.080899999999996,17.0852
2406,3.5231,0.0006,3.5237,0.6343,0.9998297244373812,0.00017027556261883813,183.6465,0.3844,0.0,0.0,0.0,183.64649999999997,0.38439999999999996,184.03089999999997,185.5319
2407,0.6674,0.0001,0.6675,0.1202,0.9998501872659176,0.000149812734082397,36.5459,0.049,0.0,0.0,0.0,36.54590000000001,0.048999999999999995,36.59490000000001,36.5928
2408,0.5551,0.0002,0.5553,0.1,0.999639834323789,0.0003601656762110571,32.7173,0.1537,0.0,0.0,0.0,32.7173,0.15369999999999998,32.871,33.8711
2409,6.1356,0.0113,6.1469,1.1064,0.9981616749906458,0.0018383250093543086,352.7073,6.7453,0.0,0.0,0.0,352.7073,6.745299999999999,359.45259999999996,371.4548
2410,0.4045,0.0001,0.4046,0.0728,0.999752842313396,0.00024715768660405336,23.6465,0.0916,0.0,0.0,0.0,23.64649999999999,0.0916,23.73809999999999,23.7422
2411,5.6576,0.0028,5.6604,1.0189,0.9995053353119921,0.0004946646880079147,316.5455,1.7471,0.0,0.0,0.0,316.54549999999995,1.7471,318.29259999999994,327.7947
2412,2.7379,0.0017,2.7396,0.4931,0.999379471455687,0.0006205285443130384,145.4815,1.0318,0.0,0.0,0.0,145.48149999999998,1.0318,146.5133,149.0123
2413,0.3459,0.0,0.346,0.0623,0.9997109826589595,0.0,18.8697,0.017,0.0,0.0,0.0,18.869699999999995,0.017,18.886699999999994,18.8818
2414,0.7662,0.0001,0.7663,0.1379,0.9998695028056896,0.00013049719431032234,45.9742,0.043,0.0,0.0,0.0,45.9742,0.043,46.0172,46.0214
2415,0.5855,0.0004,0.5858,0.1054,0.999487879822465,0.0006828269033799932,33.6891,0.2259,0.0,0.0,0.0,33.6891,0.2259,33.915000000000006,34.4167
2416,0.6415,0.0001,0.6416,0.1155,0.9998441396508728,0.00015586034912718207,37.1098,0.0804,0.0,0.0,0.0,37.1098,0.08040000000000001,37.1902,37.6926
2417,0.4664,0.0003,0.4667,0.084,0.9993571887722305,0.000642811227769445,27.1819,0.1874,0.0,0.0,0.0,27.181900000000006,0.18739999999999998,27.369300000000006,27.8714
2418,2.2237,0.0029,2.2266,0.4008,0.9986975657953832,0.0013024342046169047,125.3724,1.7086,0.0,0.0,0.0,125.3724,1.7085999999999997,127.081,136.5762
2419,3.0217,0.0095,3.0313,0.5456,0.9968330419292053,0.0031339689242239305,174.3637,5.7489,0.0,0.0,0.0,174.36370000000002,5.748900000000001,180.11260000000001,185.1123
2420,0.2182,0.0001,0.2182,0.0393,1.0,0.00045829514207149406,12.8935,0.033,0.0,0.0,0.0,12.893500000000003,0.033,12.926500000000003,12.9263
2421,0.3671,0.0,0.3671,0.0661,1.0,0.0,20.5081,0.0132,0.0,0.0,0.0,20.508099999999995,0.013199999999999998,20.521299999999997,20.5237
2422,0.5696,0.0,0.5696,0.1025,1.0,0.0,30.9987,0.0087,0.0,0.0,0.0,30.998699999999996,0.0087,31.007399999999997,31.0109
2423,0.4547,0.0,0.4547,0.0818,1.0,0.0,24.983,0.0129,0.0,0.0,0.0,24.983,0.012900000000000002,24.9959,24.9989
2424,0.3389,0.0,0.339,0.061,0.9997050147492624,0.0,19.435,0.0311,0.0,0.0,0.0,19.435000000000006,0.0311,19.466100000000004,19.4613
2425,1.5326,0.0008,1.5334,0.276,0.9994782835528889,0.0005217164471109951,91.3777,0.5093,0.0,0.0,0.0,91.37770000000002,0.5093,91.88700000000001,91.8866
2426,3.9542,0.0011,3.9553,0.7119,0.9997218921447173,0.00027810785528278517,226.1714,0.6592,0.0,0.0,0.0,226.17139999999998,0.6592,226.83059999999998,228.8265
2427,4.4698,0.026,4.4958,0.8092,0.9942168245918414,0.005783175408158725,246.7448,16.769,0.0,0.0,0.0,246.74480000000003,16.769,263.5138,275.0147
2428,0.4133,0.0001,0.4134,0.0744,0.9997581035316885,0.00024189646831156267,21.5853,0.0743,0.0,0.0,0.0,21.585300000000004,0.0743,21.659600000000005,21.6591
2429,2.4235,0.0012,2.4247,0.4364,0.9995050934136183,0.0004949065863818204,135.0909,0.7577,0.0,0.0,0.0,135.0909,0.7577,135.8486,141.3535
2430,0.8272,0.0004,0.8276,0.149,0.999516674722088,0.0004833252779120348,44.3727,0.2643,0.0,0.0,0.0,44.3727,0.2643,44.637,44.6391
2431,0.3607,0.0002,0.3608,0.0649,0.9997228381374723,0.0005543237250554324,21.3606,0.1157,0.0,0.0,0.0,21.360599999999998,0.1157,21.4763,21.4813
2432,2.7202,0.0055,2.7258,0.4906,0.9979455572675913,0.0020177562550443904,148.9825,3.4352,0.0,0.0,0.0,148.9824999999999,3.4352,152.4176999999999,157.4224
2433,2.1367,0.0009,2.1376,0.3848,0.9995789670658682,0.00042103293413173654,115.1103,0.6127,0.0,0.0,0.0,115.11029999999998,0.6126999999999999,115.72299999999998,117.7191
2434,1.776,0.0025,1.7785,0.3201,0.9985943210570706,0.0014056789429294349,104.1819,1.5877,0.0,0.0,0.0,104.18190000000003,1.5877000000000001,105.76960000000003,113.267
2435,0.5932,0.0,0.5933,0.1068,0.9998314512051237,0.0,30.5081,0.0252,0.0,0.0,0.0,30.508099999999992,0.0252,30.533299999999993,30.5376
2436,0.6481,0.0002,0.6482,0.1167,0.9998457266275841,0.000308546744831842,37.5742,0.1027,0.0,0.0,0.0,37.574200000000005,0.10269999999999999,37.6769,37.6769
2437,3.2535,0.0021,3.2556,0.586,0.9993549576115002,0.0006450423884998157,184.2283,1.2459,0.0,0.0,0.0,184.2283,1.2459000000000002,185.4742,190.9732
2438,0.2068,0.0003,0.2071,0.0373,0.9985514244326412,0.0014485755673587636,11.1821,0.203,0.0,0.0,0.0,11.182100000000004,0.20299999999999999,11.385100000000003,11.3864
2439,5.9627,0.0043,5.967,1.0741,0.9992793698676052,0.0007206301323948384,347.1917,2.8321,0.0,0.0,0.0,347.1917000000001,2.8321,350.0238000000001,358.5255
2440,0.5641,0.0,0.5641,0.1015,1.0,0.0,31.5883,0.0252,0.0,0.0,0.0,31.588299999999997,0.0252,31.6135,31.6108
2441,0.4074,0.0002,0.4076,0.0734,0.9995093228655544,0.0004906771344455348,21.9987,0.1421,0.0,0.0,0.0,21.998699999999996,0.1421,22.140799999999995,22.1358
2442,0.18,0.0,0.18,0.0324,1.0,0.0,9.4347,0.032,0.0,0.0,0.0,9.434699999999998,0.032,9.466699999999998,9.4691
2443,3.1081,0.0116,3.1196,0.5615,0.9963136299525579,0.003718425439158866,167.1816,7.4414,0.0,0.0,0.0,167.1816,7.441400000000002,174.623,180.1208
2444,0.609,0.0001,0.6091,0.1096,0.9998358233459202,0.00016417665407978988,31.5083,0.0523,0.0,0.0,0.0,31.508299999999995,0.052300000000000006,31.560599999999994,33.558
2445,8.4077,0.0057,8.4134,1.5144,0.999322509330354,0.0006774906696460409,449.0667,3.6967,0.0,0.0,0.0,449.06669999999997,3.6966999999999994,452.7634,459.7606
2446,0.9178,0.0,0.9178,0.1652,1.0,0.0,47.5896,0.028,0.0,0.0,0.0,47.5896,0.028000000000000004,47.617599999999996,47.6176
2447,0.834,0.0002,0.8342,0.1502,0.9997602493406855,0.0002397506593143131,48.0759,0.1304,0.0,0.0,0.0,48.075900000000004,0.13040000000000002,48.206300000000006,49.7093
2448,1.5206,0.0005,1.5211,0.2738,0.9996712905134443,0.00032870948655578205,78.3608,0.331,0.0,0.0,0.0,78.36080000000001,0.33100000000000007,78.69180000000001,80.6944
2449,0.266,0.0,0.266,0.0479,1.0,0.0,14.325,0.0141,0.0,0.0,0.0,14.325000000000005,0.014099999999999998,14.339100000000004,14.3377
2450,1.1556,0.0004,1.156,0.2081,0.9996539792387543,0.0003460207612456748,68.0598,0.2584,0.0,0.0,0.0,68.0598,0.2584,68.31819999999999,68.3195
2451,1.0611,0.0003,1.0614,0.1911,0.9997173544375354,0.0002826455624646693,58.5882,0.2155,0.0,0.0,0.0,58.5882,0.2155,58.8037,62.8081
2452,3.6517,0.0049,3.6566,0.6582,0.9986599573374172,0.001340042662582727,196.7452,3.1567,0.0,0.0,0.0,196.7452,3.1567,199.9019,206.9059
2453,2.665,0.0006,2.6656,0.4798,0.9997749099639857,0.00022509003601440573,140.3608,0.4089,0.0,0.0,0.0,140.3608,0.40889999999999993,140.7697,143.7663
2454,3.3975,0.003,3.4005,0.6121,0.9991177767975298,0.000882223202470225,189.274,1.8526,0.0,0.0,0.0,189.27399999999997,1.8525999999999998,191.12659999999997,198.1273
2455,0.9128,0.0001,0.9129,0.1643,0.9998904589768868,0.00010954102311315588,51.8885,0.0765,0.0,0.0,0.0,51.8885,0.0765,51.965,52.9628
2456,5.416,0.0042,5.4202,0.9756,0.9992251208442493,0.0007748791557507102,301.3836,2.6864,0.0,0.0,0.0,301.38360000000006,2.6863999999999995,304.07000000000005,320.5676
2457,5.0932,0.0083,5.1015,0.9183,0.9983730275409195,0.0016269724590806626,271.6612,5.7272,0.0,0.0,0.0,271.6612,5.727199999999999,277.3884,290.8919
2458,0.3009,0.0,0.3009,0.0542,1.0,0.0,17.661,0.0093,0.0,0.0,0.0,17.661,0.009300000000000001,17.6703,17.6736
2459,6.0001,0.0017,6.0018,1.0803,0.9997167516411742,0.0002832483588256856,347.5742,1.0412,0.0,0.0,0.0,347.57419999999996,1.0412,348.61539999999997,352.6179
2460,0.4002,0.0001,0.4003,0.0721,0.9997501873594804,0.0002498126405196103,23.2159,0.0543,0.0,0.0,0.0,23.2159,0.0543,23.270200000000003,23.7667
2461,0.5153,0.0,0.5153,0.0928,1.0,0.0,28.5209,0.0187,0.0,0.0,0.0,28.520900000000005,0.018700000000000005,28.539600000000004,28.5389
2462,0.9814,0.0006,0.9821,0.1768,0.9992872416250892,0.000610935749923633,53.0461,0.3961,0.0,0.0,0.0,53.046099999999996,0.3961,53.44219999999999,53.4374
2463,0.5408,0.0002,0.541,0.0974,0.9996303142329018,0.0003696857670979667,29.59,0.1177,0.0,0.0,0.0,29.589999999999993,0.1177,29.707699999999992,30.2075
2464,3.5396,0.0023,3.5419,0.6375,0.9993506310172506,0.0006493689827493718,199.0922,1.4415,0.0,0.0,0.0,199.09219999999996,1.4415000000000002,200.53369999999995,218.5331
2465,0.4083,0.0001,0.4084,0.0735,0.9997551420176298,0.0002448579823702253,21.7936,0.0556,0.0,0.0,0.0,21.793600000000005,0.0556,21.849200000000003,21.8516
2466,3.8813,0.0048,3.8861,0.6995,0.9987648284912894,0.0012351715087105324,203.9093,2.9205,0.0,0.0,0.0,203.9093,2.9205,206.8298,212.8345
2467,4.5215,0.002,4.5234,0.8142,0.9995799619755051,0.0004421452889419464,256.9988,1.183,0.0,0.0,0.0,256.99879999999996,1.1829999999999998,258.18179999999995,262.6806
2468,1.1998,0.0005,1.2003,0.2161,0.9995834374739649,0.0004165625260351579,62.8885,0.3016,0.0,0.0,0.0,62.88849999999997,0.3016,63.19009999999997,64.1948
2469,0.6001,0.0,0.6002,0.108,0.9998333888703765,0.0,32.521,0.028,0.0,0.0,0.0,32.521,0.028,32.549,32.5509
2470,6.6455,0.0063,6.6517,1.1973,0.9990679074522303,0.0009471262985402228,359.5455,3.5532,0.0,0.0,0.0,359.54549999999995,3.5532,363.09869999999995,366.1011
2471,1.4061,0.0004,1.4065,0.2532,0.9997156061144684,0.00028439388553146107,75.9984,0.2742,0.0,0.0,0.0,75.99839999999998,0.2742,76.27259999999997,80.2717
2472,0.323,0.0003,0.3232,0.0582,0.9993811881188119,0.0009282178217821782,18.8886,0.1629,0.0,0.0,0.0,18.888600000000004,0.1629,19.051500000000004,24.0466
2473,7.6575,0.0057,7.6632,1.3794,0.9992561854055747,0.0007438145944253054,429.2951,3.7867,0.0,0.0,0.0,429.29510000000005,3.7866999999999997,433.08180000000004,442.0801
2474,3.2237,0.0013,3.225,0.5805,0.9995968992248062,0.0004031007751937984,180.0822,0.7774,0.0,0.0,0.0,180.08220000000003,0.7774000000000001,180.85960000000003,189.8552
2475,0.481,0.0,0.4811,0.0866,0.999792143005612,0.0,26.5883,0.0293,0.0,0.0,0.0,26.5883,0.029300000000000003,26.6176,26.6213
2476,5.7395,0.0053,5.7447,1.0341,0.9990948178320886,0.0009225895172942016,335.2955,3.3055,0.0,0.0,0.0,335.2955,3.3054999999999994,338.601,350.1053
2477,1.4258,0.0008,1.4266,0.2568,0.9994392261320622,0.0005607738679377541,79.2283,0.5116,0.0,0.0,0.0,79.22829999999999,0.5116,79.73989999999999,79.7398
2478,5.4633,0.0137,5.477,0.9859,0.9974986306372101,0.0025013693627898483,301.787,8.7172,0.0,0.0,0.0,301.787,8.7172,310.50419999999997,322.4995
2479,1.922,0.0014,1.9233,0.3462,0.9993240784069047,0.0007279155617948318,106.4547,0.8444,0.0,0.0,0.0,106.4547,0.8444,107.2991,113.3003
2480,5.5783,0.0082,5.5865,1.0056,0.9985321757809003,0.0014678242190996154,314.5885,5.1541,0.0,0.0,0.0,314.58849999999995,5.1541,319.7425999999999,333.7403
2481,0.7419,0.0003,0.7422,0.1336,0.9995957962813259,0.0004042037186742118,44.0908,0.184,0.0,0.0,0.0,44.090799999999994,0.184,44.27479999999999,47.7767
2482,0.1529,0.0,0.153,0.0275,0.9993464052287583,0.0,8.0762,0.0206,0.0,0.0,0.0,8.0762,0.0206,8.0968,8.1001
2483,4.0114,0.0137,4.0251,0.7245,0.9965963578544632,0.003403642145536757,222.274,8.5256,0.0,0.0,0.0,222.274,8.525599999999999,230.7996,242.3037
2484,1.847,0.0071,1.8541,0.3337,0.9961706488323175,0.0038293511676824334,102.3329,4.5527,0.0,0.0,0.0,102.3329,4.5527,106.8856,119.3836
2485,9.7355,0.0216,9.7571,1.7563,0.997786227465128,0.002213772534872042,564.6269,13.7369,0.0,0.0,0.0,564.6268999999999,13.736900000000002,578.3637999999999,596.3687
2486,0.9636,0.0007,0.9643,0.1736,0.9992740848283729,0.0007259151716270869,51.5457,0.4218,0.0,0.0,0.0,51.545700000000004,0.4218,51.9675,51.9663
2487,0.2726,0.0001,0.2727,0.0491,0.9996332966629997,0.0003667033370003667,16.2215,0.0393,0.0,0.0,0.0,16.2215,0.03930000000000001,16.2608,16.7601
2488,1.5399,0.0025,1.5424,0.2776,0.9983791493775934,0.001620850622406639,82.5456,1.5655,0.0,0.0,0.0,82.54559999999996,1.5655000000000001,84.11109999999996,87.6104
2489,3.5351,0.0045,3.5396,0.6371,0.998728669906204,0.001271330093795909,193.3635,2.8591,0.0,0.0,0.0,193.36350000000002,2.8590999999999998,196.22260000000003,200.7208
2490,0.7275,0.0009,0.7283,0.1311,0.9989015515584239,0.0012357544967733078,41.1382,0.5973,0.0,0.0,0.0,41.1382,0.5973,41.735499999999995,50.2331
2491,0.5771,0.0001,0.5771,0.1039,1.0,0.0001732801940738174,33.325,0.0333,0.0,0.0,0.0,33.324999999999996,0.033299999999999996,33.35829999999999,33.36
2492,1.2272,0.0006,1.2278,0.221,0.9995113210620623,0.0004886789379377749,66.0669,0.4015,0.0,0.0,0.0,66.0669,0.40149999999999997,66.4684,71.4646
2493,3.2707,0.0019,3.2727,0.5891,0.9993888837962539,0.0005805603935588352,179.3846,1.1581,0.0,0.0,0.0,179.38460000000003,1.1581,180.54270000000002,182.5446
2494,3.588,0.0151,3.6032,0.6486,0.9957815275310834,0.004190719360568383,206.53,9.7714,0.0,0.0,0.0,206.52999999999997,9.771399999999998,216.30139999999997,225.3049
2495,4.9915,0.007,4.9984,0.8997,0.9986195582586428,0.00140044814340589,272.8936,4.5235,0.0,0.0,0.0,272.8936,4.5235,277.4171,294.9129
2496,8.7462,0.017,8.7632,1.5774,0.9980600693810481,0.0019399306189519813,462.046,10.5051,0.0,0.0,0.0,462.04600000000016,10.5051,472.5511000000002,480.5497
2497,2.5276,0.0011,2.5287,0.4552,0.9995649938703681,0.00043500612963182664,137.569,0.6237,0.0,0.0,0.0,137.56900000000002,0.6237,138.19270000000003,140.6936
2498,3.4719,0.0024,3.4743,0.6254,0.9993092133667214,0.000690786633278646,193.1381,1.4923,0.0,0.0,0.0,193.13809999999995,1.4923,194.63039999999995,204.1333
2499,0.648,0.0001,0.6481,0.1167,0.9998457028236384,0.0001542971763616726,37.6276,0.0622,0.0,0.0,0.0,37.62760000000001,0.0622,37.689800000000005,37.6917
2500,0.5596,0.0001,0.5596,0.1007,1.0,0.00017869907076483203,33.5742,0.0361,0.0,0.0,0.0,33.5742,0.03609999999999999,33.610299999999995,33.6063
2501,0.7818,0.0002,0.782,0.1408,0.9997442455242967,0.0002557544757033248,43.9743,0.144,0.0,0.0,0.0,43.97430000000001,0.14400000000000002,44.118300000000005,44.6194
2502,6.5057,0.0095,6.5152,1.1727,0.9985418713163065,0.0014581286836935167,372.7452,5.8148,0.0,0.0,0.0,372.7451999999999,5.814799999999998,378.5599999999999,388.0615
2503,0.1637,0.0,0.1637,0.0295,1.0,0.0,8.8404,0.0161,0.0,0.0,0.0,8.8404,0.0161,8.8565,8.8583
2504,8.2098,0.0133,8.2231,1.4802,0.9983826051002662,0.001617394899733677,473.7773,8.4507,0.0,0.0,0.0,473.77729999999997,8.4507,482.22799999999995,492.2233
2505,0.5394,0.0,0.5394,0.0971,1.0,0.0,29.3778,0.0271,0.0,0.0,0.0,29.3778,0.0271,29.4049,29.4043
2506,0.7927,0.0008,0.7935,0.1428,0.9989918084436042,0.0010081915563957152,43.902,0.4556,0.0,0.0,0.0,43.901999999999994,0.4556,44.35759999999999,46.3605
2507,5.027,0.0022,5.0293,0.9053,0.9995426798958106,0.0004374366213986042,284.0907,1.4486,0.0,0.0,0.0,284.09069999999997,1.4485999999999999,285.53929999999997,290.5348
2508,6.8626,0.0078,6.8704,1.2367,0.9988646949231486,0.0011353050768514205,398.1844,4.9541,0.0,0.0,0.0,398.1844,4.9540999999999995,403.13849999999996,408.6368
2509,8.3061,0.0024,8.3085,1.4955,0.9997111391948006,0.0002888608051994945,472.082,1.4647,0.0,0.0,0.0,472.082,1.4647,473.5467,476.5425
2510,6.1933,0.0036,6.1969,1.1154,0.999419064370895,0.0005809356291048749,330.0599,2.3305,0.0,0.0,0.0,330.05989999999997,2.3305,332.39039999999994,337.8941
2511,0.5359,0.0002,0.5361,0.0965,0.99962693527327,0.00037306472673008767,31.588,0.1167,0.0,0.0,0.0,31.587999999999997,0.11670000000000003,31.7047,32.2095
2512,5.9078,0.0148,5.9227,1.0661,0.9974842554915833,0.0024988603170851133,332.7175,9.0836,0.0,0.0,0.0,332.71750000000003,9.083599999999999,341.8011,354.3032
2513,0.3658,0.0002,0.366,0.0659,0.9994535519125683,0.000546448087431694,20.6612,0.145,0.0,0.0,0.0,20.661199999999997,0.14500000000000002,20.806199999999997,21.8079
2514,1.4646,0.0008,1.4655,0.2638,0.9993858751279426,0.0005458887751620607,77.5207,0.5103,0.0,0.0,0.0,77.5207,0.5103000000000001,78.031,79.0339
2515,3.6931,0.0024,3.6954,0.6652,0.9993776045894897,0.000649456080532554,212.1714,1.528,0.0,0.0,0.0,212.17139999999998,1.528,213.69939999999997,215.7
2516,0.3309,0.0,0.3309,0.0596,1.0,0.0,17.1524,0.0095,0.0,0.0,0.0,17.1524,0.009500000000000001,17.1619,17.1609
2517,0.9262,0.0005,0.9266,0.1668,0.9995683142672135,0.0005396071659831643,48.3329,0.2882,0.0,0.0,0.0,48.332899999999995,0.28819999999999996,48.6211,49.6193
2518,0.4079,0.0,0.408,0.0734,0.9997549019607843,0.0,20.9796,0.024,0.0,0.0,0.0,20.97960000000001,0.023999999999999997,21.00360000000001,21.0022
2519,5.648,0.0036,5.6516,1.0173,0.9993630122443201,0.0006369877556798075,300.8935,2.3376,0.0,0.0,0.0,300.8935,2.3376000000000006,303.2311,316.7351
2520,2.196,0.0006,2.1965,0.3954,0.9997723651263375,0.0002731618483951741,124.0824,0.3671,0.0,0.0,0.0,124.08240000000002,0.3671,124.44950000000001,136.4453
2521,0.7626,0.0002,0.7628,0.1373,0.9997378080755112,0.00026219192448872575,43.8178,0.1057,0.0,0.0,0.0,43.81780000000001,0.1057,43.92350000000001,43.9216
2522,5.9482,0.024,5.9722,1.075,0.9959813803958341,0.004018619604165969,345.5882,16.082,0.0,0.0,0.0,345.5882,16.082,361.67019999999997,371.172
2523,0.4782,0.0,0.4782,0.0861,1.0,0.0,24.7337,0.028,0.0,0.0,0.0,24.733699999999992,0.028,24.76169999999999,24.7617
2524,4.8629,0.0057,4.8686,0.8763,0.9988292322228156,0.0011707677771844063,277.0907,3.4342,0.0,0.0,0.0,277.09069999999997,3.4342000000000006,280.52489999999995,287.5289
2525,2.7952,0.0068,2.802,0.5044,0.9975731620271234,0.0024268379728765166,157.6273,4.1878,0.0,0.0,0.0,157.62730000000002,4.1878,161.81510000000003,172.3189
2526,0.6271,0.0004,0.6275,0.1129,0.9993625498007969,0.0006374501992031874,35.4815,0.242,0.0,0.0,0.0,35.481500000000004,0.24199999999999997,35.7235,36.2266
2527,8.5104,0.0195,8.5299,1.5354,0.9977139239615941,0.0022860760384060775,465.6553,12.3801,0.0,0.0,0.0,465.6553,12.380099999999999,478.0354,489.04
2528,8.0644,0.0054,8.0698,1.4526,0.9993308384346574,0.0006691615653423876,460.9347,3.3049,0.0,0.0,0.0,460.9346999999999,3.3048999999999995,464.2395999999999,476.7436
2529,0.2785,0.0,0.2785,0.0501,1.0,0.0,14.9796,0.0129,0.0,0.0,0.0,14.979599999999996,0.0129,14.992499999999996,15.4924
2530,0.6965,0.0007,0.6972,0.1255,0.998995983935743,0.001004016064257028,36.3605,0.4193,0.0,0.0,0.0,36.3605,0.41930000000000006,36.7798,40.7822
2531,7.7303,0.0112,7.7416,1.3935,0.9985403534153147,0.0014467293582721918,425.1918,6.782,0.0,0.0,0.0,425.1918,6.782,431.9738,442.9694
2532,8.4365,0.0067,8.4432,1.5198,0.9992064620049272,0.0007935379950729583,462.2956,3.9218,0.0,0.0,0.0,462.29560000000004,3.9217999999999997,466.21740000000005,484.2189
2533,0.7335,0.0004,0.7339,0.1321,0.9994549666167053,0.0005450333832947268,41.373,0.2565,0.0,0.0,0.0,41.37300000000001,0.2565,41.629500000000014,41.6325
2534,0.4204,0.0,0.4205,0.0757,0.9997621878715814,0.0,22.5542,0.0196,0.0,0.0,0.0,22.554199999999998,0.019599999999999996,22.5738,22.5787
2535,5.9901,0.0258,6.0159,1.0829,0.9957113648830599,0.0042886351169401085,336.1816,15.9126,0.0,0.0,0.0,336.1816,15.912600000000001,352.0942,361.0949
2536,1.5802,0.0008,1.5811,0.2846,0.9994307760419961,0.0005059768515590413,92.5896,0.5565,0.0,0.0,0.0,92.58960000000002,0.5565,93.14610000000002,95.645
2537,5.5025,0.0026,5.5051,0.9909,0.9995277106682895,0.00047228933171059565,298.3636,1.636,0.0,0.0,0.0,298.36359999999996,1.636,299.9996,303.0018
2538,0.1638,0.0,0.1638,0.0295,1.0,0.0,8.569,0.0083,0.0,0.0,0.0,8.569,0.008300000000000002,8.577300000000001,8.5754
2539,1.7528,0.0012,1.754,0.3157,0.999315849486887,0.0006841505131128848,93.5881,0.8147,0.0,0.0,0.0,93.58809999999998,0.8147,94.40279999999998,99.3989
2540,0.4337,0.0002,0.4338,0.0781,0.999769479022591,0.0004610419548178884,23.7451,0.1136,0.0,0.0,0.0,23.745100000000004,0.1136,23.858700000000006,23.8579
2541,1.9544,0.003,1.9575,0.3523,0.9984163473818646,0.0015325670498084292,110.745,1.8626,0.0,0.0,0.0,110.745,1.8626,112.6076,121.1075
2542,6.2672,0.0037,6.2709,1.1288,0.9994099730501204,0.0005900269498796026,325.0764,2.2498,0.0,0.0,0.0,325.0763999999999,2.2498,327.3261999999999,333.8241
2543,0.0841,0.0,0.0841,0.0151,1.0,0.0,5.046,0.0221,0.0,0.0,0.0,5.046,0.022099999999999998,5.0681,5.0649
2544,4.553,0.0154,4.5684,0.8223,0.9966290167235794,0.003370983276420629,256.9795,9.7827,0.0,0.0,0.0,256.9794999999999,9.782699999999998,266.7621999999999,274.7647
2545,0.3687,0.0,0.3688,0.0664,0.9997288503253796,0.0,21.902,0.0286,0.0,0.0,0.0,21.901999999999994,0.028599999999999997,21.930599999999995,21.9281
2546,7.2404,0.0054,7.2458,1.3042,0.999254740677358,0.0007452593226420824,424.5087,3.2748,0.0,0.0,0.0,424.5087,3.2747999999999995,427.7835,439.786
2547,0.2459,0.0004,0.2462,0.0443,0.9987814784727864,0.0016246953696181967,14.3725,0.227,0.0,0.0,0.0,14.372500000000004,0.22699999999999995,14.599500000000004,14.6017
2548,7.6391,0.0202,7.6593,1.3787,0.9973626832739284,0.002637316726071573,435.9091,13.1806,0.0,0.0,0.0,435.9091,13.180600000000002,449.08970000000005,467.0916
2549,8.0689,0.0185,8.0874,1.4557,0.9977124910354377,0.002287508964562158,454.3102,11.3526,0.0,0.0,0.0,454.3102,11.3526,465.6628,482.6665
2550,0.0804,0.0001,0.0804,0.0145,1.0,0.0012437810945273632,4.7175,0.0391,0.0,0.0,0.0,4.7174999999999985,0.03910000000000001,4.756599999999999,4.7517
2551,0.1712,0.0002,0.1714,0.0309,0.9988331388564761,0.0011668611435239208,9.4348,0.1218,0.0,0.0,0.0,9.434799999999997,0.12179999999999999,9.556599999999998,9.5523
2552,7.1793,0.0215,7.2008,1.2961,0.9970142206421508,0.0029857793578491275,385.9828,14.1072,0.0,0.0,0.0,385.98279999999994,14.107199999999999,400.0899999999999,413.0864
2553,0.2357,0.0,0.2357,0.0424,1.0,0.0,12.7938,0.017,0.0,0.0,0.0,12.793800000000005,0.016999999999999998,12.810800000000004,13.3068
2554,8.1582,0.0113,8.1695,1.4705,0.9986168064141014,0.0013831935858987698,446.1199,7.0239,0.0,0.0,0.0,446.11990000000014,7.0239,453.14380000000017,464.1405
2555,0.2095,0.0003,0.2097,0.0378,0.9990462565569861,0.001430615164520744,11.3327,0.1604,0.0,0.0,0.0,11.332699999999997,0.16040000000000004,11.493099999999997,11.492
2556,0.3757,0.0,0.3757,0.0676,1.0,0.0,22.2956,0.0139,0.0,0.0,0.0,22.295599999999997,0.013900000000000001,22.309499999999996,22.3097
2557,6.3168,0.017,6.3338,1.1401,0.9973159872430452,0.002684012756954751,373.3275,11.2613,0.0,0.0,0.0,373.3275000000001,11.2613,384.5888000000001,401.0864
2558,0.3327,0.0001,0.3328,0.0599,0.9996995192307693,0.00030048076923076925,17.8403,0.06,0.0,0.0,0.0,17.840300000000003,0.060000000000000005,17.9003,19.399
2559,1.0359,0.0003,1.0362,0.1865,0.9997104806022004,0.00028951939779965256,54.6151,0.1772,0.0,0.0,0.0,54.6151,0.17720000000000002,54.7923,56.7899
2560,1.7046,0.0005,1.705,0.3069,0.999765395894428,0.0002932551319648094,95.1101,0.2985,0.0,0.0,0.0,95.1101,0.2985,95.4086,98.909
2561,0.3525,0.0,0.3525,0.0635,1.0,0.0,19.6553,0.012,0.0,0.0,0.0,19.6553,0.012,19.6673,19.6712
2562,0.2107,0.0,0.2108,0.0379,0.9995256166982923,0.0,12.4346,0.014,0.0,0.0,0.0,12.434599999999998,0.014,12.448599999999997,12.4519
2563,0.0821,0.0,0.0821,0.0148,1.0,0.0,4.7174,0.0078,0.0,0.0,0.0,4.717399999999999,0.0078,4.725199999999998,4.7265
2564,0.1491,0.0,0.1492,0.0269,0.9993297587131368,0.0,7.8935,0.0305,0.0,0.0,0.0,7.8935,0.0305,7.924,7.9193
2565,1.2653,0.0003,1.2656,0.2278,0.9997629582806574,0.00023704171934260426,66.2741,0.2048,0.0,0.0,0.0,66.2741,0.2048,66.47890000000001,66.4799
2566,0.3587,0.0,0.3587,0.0646,1.0,0.0,19.7214,0.0236,0.0,0.0,0.0,19.721399999999996,0.0236,19.744999999999994,19.7498
2567,6.1968,0.0091,6.2059,1.1171,0.9985336534588053,0.0014663465411946697,341.7879,5.8093,0.0,0.0,0.0,341.78790000000004,5.8092999999999995,347.59720000000004,357.1001
2568,8.3879,0.0244,8.4124,1.5142,0.9970876325424374,0.0029004802434501454,451.2949,14.1125,0.0,0.0,0.0,451.2949000000001,14.1125,465.4074000000001,480.9095
2569,0.2548,0.0,0.2548,0.0459,1.0,0.0,14.4815,0.0279,0.0,0.0,0.0,14.481500000000004,0.027899999999999998,14.509400000000005,14.5137
2570,5.4246,0.0034,5.428,0.977,0.999373618275608,0.0006263817243920412,308.9987,2.2015,0.0,0.0,0.0,308.9986999999999,2.2015,311.2001999999999,318.6992
2571,3.8041,0.0127,3.8168,0.687,0.9966726053238314,0.003327394676168518,203.5884,7.5619,0.0,0.0,0.0,203.58840000000004,7.5619,211.15030000000004,219.6511
2572,7.1116,0.0076,7.1192,1.2814,0.9989324643218339,0.001067535678166086,389.9828,4.917,0.0,0.0,0.0,389.98279999999994,4.917,394.8997999999999,406.901
2573,1.5286,0.0006,1.5292,0.2753,0.9996076379806436,0.0003923620193565263,85.9826,0.4045,0.0,0.0,0.0,85.9826,0.40449999999999997,86.3871,89.3899
2574,0.2698,0.0001,0.27,0.0486,0.9992592592592592,0.00037037037037037035,14.9914,0.0941,0.0,0.0,0.0,14.9914,0.09409999999999999,15.0855,15.0888
2575,2.1153,0.0011,2.1164,0.381,0.9994802494802494,0.0005197505197505198,116.3634,0.7045,0.0,0.0,0.0,116.36339999999997,0.7045000000000001,117.06789999999997,126.0645
2576,1.3017,0.0011,1.3028,0.2345,0.999155664722137,0.0008443352778630642,67.11,0.6702,0.0,0.0,0.0,67.11,0.6701999999999999,67.7802,72.2845
2577,4.3614,0.0191,4.3805,0.7885,0.9956397671498688,0.0043602328501312635,239.3638,12.2738,0.0,0.0,0.0,239.36380000000003,12.273800000000001,251.63760000000002,262.1348
2578,7.3989,0.0037,7.4027,1.3325,0.9994866737811879,0.0004998176341064746,414.8887,2.3767,0.0,0.0,0.0,414.8887,2.3767,417.2654,420.2625
2579,0.9721,0.0003,0.9724,0.175,0.9996914849856026,0.0003085150143973673,53.5753,0.1985,0.0,0.0,0.0,53.5753,0.19849999999999998,53.7738,54.2751
2580,0.5119,0.0005,0.5125,0.0922,0.998829268292683,0.0009756097560975611,27.3837,0.3199,0.0,0.0,0.0,27.383699999999994,0.31989999999999996,27.703599999999994,27.7025
2581,0.2203,0.0,0.2203,0.0397,1.0,0.0,12.7926,0.0264,0.0,0.0,0.0,12.792600000000002,0.0264,12.819000000000003,12.8141
2582,5.1635,0.0145,5.1779,0.932,0.9972189497672801,0.0028003630815581606,283.7948,8.8168,0.0,0.0,0.0,283.7947999999999,8.8168,292.6115999999999,302.1164
2583,0.5757,0.0,0.5758,0.1036,0.9998263285863147,0.0,31.0668,0.0273,0.0,0.0,0.0,31.0668,0.027299999999999998,31.0941,32.0897
2584,6.8249,0.0201,6.845,1.2321,0.9970635500365231,0.0029364499634769907,402.3607,12.5225,0.0,0.0,0.0,402.36070000000007,12.522500000000003,414.88320000000004,429.3794
2585,0.1448,0.0,0.1448,0.0261,1.0,0.0,8.6887,0.0167,0.0,0.0,0.0,8.6887,0.0167,8.705400000000001,8.7053
2586,5.1579,0.0102,5.1681,0.9303,0.9980263539792187,0.001973646020781332,289.3777,6.2571,0.0,0.0,0.0,289.3777,6.257099999999999,295.6348,316.1359
2587,0.3806,0.0,0.3806,0.0685,1.0,0.0,20.0589,0.0138,0.0,0.0,0.0,20.058899999999998,0.0138,20.072699999999998,20.0689
2588,4.3877,0.0089,4.3966,0.7914,0.9979757085020241,0.0020242914979757085,235.9832,5.5952,0.0,0.0,0.0,235.98319999999998,5.595200000000001,241.5784,253.5756
2589,6.7998,0.0018,6.8016,1.2243,0.9997353563867326,0.0002646436132674665,371.1921,1.1403,0.0,0.0,0.0,371.19210000000004,1.1403,372.33240000000006,388.3352
2590,4.0947,0.0065,4.1012,0.7382,0.9984150980200914,0.0015849019799083193,227.2283,4.0071,0.0,0.0,0.0,227.2283,4.0071,231.2354,245.2335
2591,1.2088,0.0016,1.2105,0.2179,0.9985956216439489,0.001321767864518794,64.3846,1.003,0.0,0.0,0.0,64.3846,1.0030000000000001,65.3876,77.3856
2592,0.4288,0.0003,0.4291,0.0772,0.9993008622698673,0.0006991377301328361,25.3636,0.2023,0.0,0.0,0.0,25.3636,0.2023,25.565900000000003,25.5682
2593,8.481,0.0211,8.5022,1.5304,0.9975065277222366,0.002481710616075839,465.5884,13.7641,0.0,0.0,0.0,465.5883999999999,13.7641,479.3524999999999,489.3506
2594,0.2848,0.0001,0.2849,0.0513,0.9996489996489997,0.00035100035100035104,16.9348,0.0517,0.0,0.0,0.0,16.9348,0.05170000000000002,16.9865,16.988
2595,2.5878,0.003,2.5908,0.4664,0.9988420565076424,0.001157943492357573,151.9915,1.8642,0.0,0.0,0.0,151.99150000000003,1.8642,153.85570000000004,163.8556
2596,0.3819,0.0001,0.382,0.0688,0.999738219895288,0.0002617801047120419,21.9916,0.0812,0.0,0.0,0.0,21.991600000000002,0.08120000000000002,22.0728,22.5776
2597,0.8413,0.0004,0.8418,0.1515,0.9994060346875743,0.0004751722499406035,45.1382,0.2943,0.0,0.0,0.0,45.1382,0.2943,45.4325,45.4342
2598,7.1013,0.0062,7.1075,1.2793,0.9991276820260289,0.0008723179739711573,412.8546,3.6747,0.0,0.0,0.0,412.85459999999995,3.674700000000001,416.5292999999999,437.5331
2599,7.6027,0.0073,7.61,1.3698,0.9990407358738501,0.0009592641261498029,412.046,4.8317,0.0,0.0,0.0,412.04600000000005,4.8317,416.87770000000006,427.3793
2600,0.2121,0.0,0.2122,0.0382,0.9995287464655985,0.0,10.909,0.0227,0.0,0.0,0.0,10.908999999999997,0.022700000000000005,10.931699999999998,10.9293
2601,1.6965,0.0014,1.6979,0.3056,0.999175452028977,0.0008245479710230285,96.5458,0.8965,0.0,0.0,0.0,96.54579999999999,0.8965,97.44229999999999,100.4377
2602,0.5401,0.0003,0.5404,0.0973,0.9994448556624723,0.0005551443375277572,29.3273,0.1684,0.0,0.0,0.0,29.3273,0.16840000000000002,29.4957,31.9924
2603,0.5107,0.0008,0.5114,0.0921,0.9986312084473995,0.0015643332029722332,28.7924,0.4769,0.0,0.0,0.0,28.792399999999994,0.4769,29.269299999999994,32.7658
2604,5.6635,0.015,5.6785,1.0221,0.9973584573390861,0.002641542660913974,331.6613,9.106,0.0,0.0,0.0,331.6613,9.105999999999998,340.7673,355.7684
2605,8.7963,0.0103,8.8066,1.5852,0.9988304226375674,0.001169577362432721,467.2952,6.2651,0.0,0.0,0.0,467.29520000000014,6.2651,473.56030000000015,487.0652
2606,3.9954,0.0029,3.9983,0.7197,0.9992746917439912,0.0007253082560088037,215.902,1.8099,0.0,0.0,0.0,215.90199999999996,1.8098999999999998,217.71189999999996,227.2162
2607,7.8714,0.0263,7.8977,1.4216,0.9966699165579852,0.0033300834420147635,424.378,16.0037,0.0,0.0,0.0,424.378,16.0037,440.38169999999997,455.3864
2608,4.0709,0.0068,4.0777,0.734,0.9983323932609068,0.001667606739093116,230.6805,4.361,0.0,0.0,0.0,230.6805,4.361000000000001,235.04149999999998,244.5454
2609,0.3368,0.0,0.3368,0.0606,1.0,0.0,19.8547,0.0158,0.0,0.0,0.0,19.854699999999998,0.0158,19.870499999999996,19.8682
2610,3.9529,0.0033,3.9562,0.7121,0.9991658662352763,0.0008341337647237248,212.6863,2.1095,0.0,0.0,0.0,212.68629999999996,2.1094999999999997,214.79579999999996,228.7924
2611,1.3533,0.0015,1.3548,0.2439,0.9988928255093003,0.0011071744906997344,74.0589,1.0312,0.0,0.0,0.0,74.05890000000001,1.0312,75.0901,83.0867
2612,0.5267,0.0001,0.5267,0.0948,1.0,0.0001898614011771407,27.7674,0.0408,0.0,0.0,0.0,27.767399999999995,0.040799999999999996,27.808199999999996,27.8048
2613,0.735,0.0003,0.7354,0.1324,0.9994560783247212,0.00040794125645906984,38.2156,0.2131,0.0,0.0,0.0,38.21559999999999,0.21310000000000004,38.428699999999985,38.4255
2614,5.0005,0.0046,5.0051,0.9009,0.9990809374438073,0.0009190625561926835,282.9347,2.8885,0.0,0.0,0.0,282.93469999999996,2.8884999999999996,285.8232,293.8201
2615,0.336,0.0,0.336,0.0605,1.0,0.0,19.5084,0.0235,0.0,0.0,0.0,19.508399999999995,0.023500000000000004,19.531899999999993,19.5346
2616,4.1113,0.0219,4.1332,0.744,0.9947014419819993,0.00529855801800058,234.2741,13.8174,0.0,0.0,0.0,234.27409999999998,13.8174,248.09149999999997,261.0886
2617,1.7291,0.0009,1.73,0.3114,0.9994797687861272,0.0005202312138728323,99.1842,0.5587,0.0,0.0,0.0,99.18420000000002,0.5587,99.74290000000002,106.7443
2618,0.9,0.0016,0.9017,0.1623,0.9981146722856827,0.0017744260840634359,49.7871,0.9585,0.0,0.0,0.0,49.78710000000001,0.9585,50.74560000000001,57.7497
2619,0.3451,0.0,0.3451,0.0621,1.0,0.0,19.7772,0.0235,0.0,0.0,0.0,19.7772,0.023499999999999997,19.8007,20.8016
2620,1.5969,0.0009,1.5978,0.2876,0.999436725497559,0.0005632745024408562,88.333,0.569,0.0,0.0,0.0,88.333,0.569,88.902,94.4035
2621,0.9139,0.0002,0.9141,0.1645,0.9997812055573788,0.00021879444262115744,52.3248,0.1206,0.0,0.0,0.0,52.32480000000002,0.1206,52.44540000000002,53.9454
2622,1.5165,0.0008,1.5173,0.2731,0.999472747643841,0.0005272523561589665,83.8405,0.479,0.0,0.0,0.0,83.84049999999998,0.47900000000000004,84.31949999999998,86.8185
2623,3.4693,0.0019,3.4712,0.6248,0.9994526388568795,0.0005473611431205346,195.5691,1.1729,0.0,0.0,0.0,195.56910000000008,1.1728999999999998,196.74200000000008,208.7418
2624,4.2381,0.0007,4.2388,0.763,0.9998348589223365,0.00016514107766348965,248.4814,0.4332,0.0,0.0,0.0,248.48139999999998,0.4332,248.91459999999998,250.4108
2625,7.5518,0.0128,7.5646,1.3616,0.9983079078867355,0.0016920921132644157,428.7871,7.7179,0.0,0.0,0.0,428.7870999999999,7.717899999999999,436.5049999999999,441.5051
2626,0.25,0.0,0.25,0.045,1.0,0.0,13.6365,0.0137,0.0,0.0,0.0,13.636500000000003,0.013699999999999999,13.650200000000003,13.654
2627,1.1452,0.0009,1.1461,0.2063,0.9992147282087078,0.0007852717912922084,66.6275,0.5338,0.0,0.0,0.0,66.6275,0.5337999999999999,67.1613,67.6592
2628,0.1948,0.0,0.1948,0.0351,1.0,0.0,11.6888,0.0136,0.0,0.0,0.0,11.6888,0.013600000000000001,11.7024,11.6985
2629,0.891,0.0011,0.8921,0.1606,0.998766954377312,0.0012330456226880395,47.3631,0.6816,0.0,0.0,0.0,47.3631,0.6816,48.044700000000006,59.049
2630,2.8591,0.0005,2.8596,0.5147,0.9998251503706813,0.00017484962931878586,166.9093,0.348,0.0,0.0,0.0,166.90930000000003,0.348,167.25730000000004,169.2552
2631,0.6912,0.0001,0.6914,0.1244,0.9997107318484235,0.00014463407578825573,37.5756,0.0879,0.0,0.0,0.0,37.5756,0.08789999999999999,37.6635,38.6632
2632,0.2892,0.0004,0.2896,0.0521,0.9986187845303867,0.0013812154696132596,16.0759,0.2485,0.0,0.0,0.0,16.0759,0.24850000000000005,16.3244,17.321
2633,2.3912,0.0012,2.3924,0.4306,0.99949841163685,0.0005015883631499749,137.9094,0.8058,0.0,0.0,0.0,137.90940000000006,0.8057999999999998,138.71520000000007,143.2156
2634,0.3239,0.0006,0.3245,0.0584,0.998151001540832,0.0018489984591679505,18.8885,0.3706,0.0,0.0,0.0,18.888500000000004,0.37060000000000004,19.259100000000004,24.2599
2635,2.358,0.0015,2.3595,0.4247,0.9993642720915448,0.0006357279084551812,133.5881,0.9898,0.0,0.0,0.0,133.5881,0.9898,134.5779,139.573
2636,3.4175,0.0026,3.4201,0.6156,0.9992397883102833,0.0007602116897166748,190.5742,1.8095,0.0,0.0,0.0,190.57419999999996,1.8095000000000003,192.38369999999998,199.3864
2637,7.4147,0.0186,7.4333,1.338,0.9974977466266665,0.0025022533733335124,401.8935,12.7381,0.0,0.0,0.0,401.89349999999996,12.7381,414.63159999999993,434.6326
2638,5.5757,0.0185,5.5942,1.007,0.9966930034678775,0.0033069965321225556,322.319,11.2903,0.0,0.0,0.0,322.31899999999996,11.290299999999998,333.60929999999996,349.1076
2639,3.7872,0.0012,3.7884,0.6819,0.9996832435856825,0.00031675641431738987,223.3606,0.7984,0.0,0.0,0.0,223.3606,0.7984000000000001,224.159,227.6542
2640,6.7037,0.0033,6.707,1.2073,0.9995079767407188,0.0004920232592813479,371.0757,2.1888,0.0,0.0,0.0,371.0757,2.1887999999999996,373.2645,384.2662
2641,4.6403,0.0136,4.6539,0.8377,0.9970777197619201,0.0029222802380798898,251.3249,8.7686,0.0,0.0,0.0,251.32489999999999,8.7686,260.0935,269.59
2642,0.4348,0.0001,0.4349,0.0783,0.9997700620832376,0.00022993791676247414,25.3635,0.0462,0.0,0.0,0.0,25.363500000000005,0.04619999999999999,25.409700000000004,25.4082
2643,0.5283,0.0,0.5283,0.0951,1.0,0.0,27.1705,0.0133,0.0,0.0,0.0,27.17049999999999,0.013299999999999998,27.18379999999999,27.1865
2644,6.8858,0.0168,6.9026,1.2425,0.9975661345000435,0.0024338654999565383,370.1381,10.9514,0.0,0.0,0.0,370.13810000000007,10.9514,381.08950000000004,396.0943
2645,0.667,0.0001,0.6671,0.1201,0.9998500974366662,0.00014990256333383302,37.2951,0.0488,0.0,0.0,0.0,37.2951,0.0488,37.3439,39.3471
2646,5.8927,0.0156,5.9084,1.0635,0.9973427662311285,0.0026403087130187526,341.0597,9.7773,0.0,0.0,0.0,341.0597,9.7773,350.83700000000005,367.3343
2647,0.3399,0.0,0.3399,0.0612,1.0,0.0,17.4812,0.0159,0.0,0.0,0.0,17.4812,0.0159,17.4971,18.4944
2648,2.3501,0.0002,2.3503,0.423,0.9999149044802791,8.50955197208867e-05,133.8698,0.1303,0.0,0.0,0.0,133.8698,0.1303,134.0001,134.5048
2649,3.9575,0.0025,3.9599,0.7128,0.9993939240889921,0.0006313290739665143,230.2951,1.5287,0.0,0.0,0.0,230.29510000000002,1.5287,231.8238,249.8288
2650,4.0017,0.0022,4.0039,0.7207,0.9994505357276655,0.0005494642723344739,225.6554,1.3226,0.0,0.0,0.0,225.65539999999996,1.3225999999999998,226.97799999999995,235.9767
2651,5.4998,0.0166,5.5163,0.9929,0.9970088646375287,0.0030092634555771076,306.1821,10.2084,0.0,0.0,0.0,306.1821,10.2084,316.3905,324.3953
2652,2.0365,0.0004,2.037,0.3667,0.9997545409916545,0.00019636720667648503,115.5543,0.2544,0.0,0.0,0.0,115.55430000000001,0.2544,115.80870000000002,119.3114
2653,1.7859,0.0006,1.7865,0.3216,0.999664147774979,0.00033585222502099076,97.6612,0.3558,0.0,0.0,0.0,97.66120000000001,0.35580000000000006,98.01700000000001,105.0137
2654,3.3304,0.0026,3.333,0.5999,0.9992199219921992,0.00078007800780078,191.3605,1.682,0.0,0.0,0.0,191.3605,1.6820000000000002,193.0425,204.0451
2655,7.9507,0.013,7.9636,1.4335,0.998380129589633,0.0016324275453312572,414.1522,8.3796,0.0,0.0,0.0,414.1521999999999,8.379599999999998,422.53179999999986,433.0333
2656,4.495,0.0049,4.4998,0.81,0.9989332859238189,0.0010889372861016045,254.091,3.1673,0.0,0.0,0.0,254.091,3.1673000000000004,257.2583,275.2546
2657,0.2541,0.0001,0.2541,0.0457,1.0,0.00039354584809130267,13.569,0.0422,0.0,0.0,0.0,13.568999999999999,0.042199999999999994,13.611199999999998,15.1146
2658,7.2462,0.0049,7.2511,1.3052,0.9993242404600681,0.0006757595399318724,398.8183,3.1439,0.0,0.0,0.0,398.8183,3.1439,401.9622,410.9616
2659,0.3384,0.0001,0.3385,0.0609,0.9997045790251107,0.0002954209748892171,18.6465,0.0466,0.0,0.0,0.0,18.646499999999996,0.0466,18.693099999999998,18.691
2660,1.1013,0.0023,1.1036,0.1986,0.9979159115621602,0.002084088437839797,61.0592,1.4533,0.0,0.0,0.0,61.05920000000001,1.4532999999999998,62.51250000000001,67.5091
2661,7.1975,0.0115,7.2089,1.2976,0.9984186214262925,0.0015952503155821276,380.3637,6.7717,0.0,0.0,0.0,380.36369999999994,6.771700000000002,387.13539999999995,396.6361
2662,3.257,0.0009,3.2579,0.5864,0.9997237484269008,0.0002762515730992357,181.7171,0.5775,0.0,0.0,0.0,181.71710000000002,0.5774999999999999,182.2946,187.7926
2663,7.1266,0.0173,7.1439,1.2859,0.9975783535603802,0.0024216464396198153,388.7772,10.8533,0.0,0.0,0.0,388.7771999999998,10.8533,399.6304999999998,414.1257
2664,0.2002,0.0,0.2003,0.036,0.9995007488766849,0.0,11.53,0.0072,0.0,0.0,0.0,11.529999999999998,0.007200000000000001,11.537199999999997,11.5394
2665,1.1179,0.0019,1.1198,0.2016,0.998303268440793,0.0016967315592070014,64.787,1.2102,0.0,0.0,0.0,64.787,1.2102,65.9972,71.4985
2666,1.8846,0.0004,1.885,0.3393,0.9997877984084881,0.00021220159151193635,106.2283,0.2616,0.0,0.0,0.0,106.22829999999999,0.2616,106.48989999999999,112.4893
2667,0.7194,0.0001,0.7195,0.1295,0.9998610145934677,0.0001389854065323141,42.2155,0.0404,0.0,0.0,0.0,42.21549999999999,0.0404,42.25589999999999,42.2605
2668,1.0701,0.0014,1.0715,0.1929,0.9986934204386375,0.001306579561362576,59.7928,0.9064,0.0,0.0,0.0,59.79280000000001,0.9064,60.699200000000005,66.6976
2669,0.2241,0.0,0.2241,0.0403,1.0,0.0,12.2214,0.0088,0.0,0.0,0.0,12.221400000000001,0.008799999999999999,12.230200000000002,12.2335
2670,0.7043,0.0,0.7043,0.1268,1.0,0.0,39.6363,0.0216,0.0,0.0,0.0,39.636300000000006,0.0216,39.657900000000005,42.1593
2671,3.7942,0.0027,3.7969,0.6834,0.9992888935710712,0.0007111064289288631,217.585,1.5454,0.0,0.0,0.0,217.585,1.5453999999999997,219.1304,225.1285
2672,7.636,0.0064,7.6424,1.3756,0.9991625667329634,0.000837433267036533,404.3329,4.2154,0.0,0.0,0.0,404.33290000000017,4.2154,408.54830000000015,416.0525
2673,0.2976,0.0001,0.2977,0.0536,0.999664091367148,0.0003359086328518643,17.6611,0.0388,0.0,0.0,0.0,17.6611,0.03880000000000001,17.6999,17.7048
2674,0.5439,0.0003,0.5443,0.098,0.9992651111519384,0.000551166636046298,32.4547,0.2095,0.0,0.0,0.0,32.4547,0.20950000000000002,32.6642,33.6634
2675,0.2365,0.0002,0.2367,0.0426,0.9991550485847064,0.0008449514152936207,14.1916,0.1027,0.0,0.0,0.0,14.191599999999998,0.10269999999999999,14.294299999999998,16.2894
2676,5.0107,0.0019,5.0126,0.9023,0.9996209551929138,0.0003790448070861429,261.5758,1.2736,0.0,0.0,0.0,261.57579999999996,1.2735999999999998,262.84939999999995,266.3464
2677,0.9803,0.0007,0.981,0.1766,0.9992864424057084,0.0007135575942915392,54.6864,0.4658,0.0,0.0,0.0,54.686400000000006,0.46580000000000005,55.15220000000001,60.6486
2678,0.1514,0.0,0.1515,0.0273,0.9993399339933994,0.0,7.7879,0.0223,0.0,0.0,0.0,7.787899999999997,0.0223,7.810199999999997,7.8072
2679,0.6289,0.0,0.629,0.1132,0.9998410174880763,0.0,32.5881,0.0284,0.0,0.0,0.0,32.5881,0.028399999999999995,32.616499999999995,32.6125
2680,3.6257,0.0049,3.6306,0.6535,0.9986503608219028,0.0013496391780972842,205.7216,3.1306,0.0,0.0,0.0,205.72160000000002,3.1306,208.8522,221.8513
2681,0.4572,0.0001,0.4573,0.0823,0.999781325169473,0.00021867483052700635,25.2214,0.0777,0.0,0.0,0.0,25.221400000000003,0.07769999999999999,25.299100000000003,25.2992
2682,0.7306,0.0,0.7307,0.1315,0.9998631449295197,0.0,43.3278,0.0114,0.0,0.0,0.0,43.32780000000002,0.0114,43.33920000000002,43.3373
2683,4.5145,0.006,4.5205,0.8137,0.9986727131954429,0.001327286804557018,242.585,3.8372,0.0,0.0,0.0,242.58500000000004,3.8371999999999997,246.42220000000003,255.9226
2684,4.9497,0.0029,4.9526,0.8915,0.9994144489762952,0.0005855510237047207,283.2156,1.8818,0.0,0.0,0.0,283.2156,1.8818000000000001,285.0974,303.5954
2685,0.3737,0.0001,0.3738,0.0673,0.999732477260567,0.00026752273943285177,20.3845,0.0546,0.0,0.0,0.0,20.384499999999996,0.054599999999999996,20.439099999999996,20.4389
2686,0.2681,0.0,0.2681,0.0483,1.0,0.0,15.7174,0.0087,0.0,0.0,0.0,15.717400000000003,0.008700000000000001,15.726100000000002,15.727
2687,5.9562,0.0028,5.959,1.0726,0.9995301225037758,0.0004698774962241987,326.325,1.7358,0.0,0.0,0.0,326.325,1.7358,328.0608,336.0566
2688,6.5537,0.0234,6.5771,1.1839,0.9964422009700324,0.003557799029967615,381.8937,14.0053,0.0,0.0,0.0,381.8936999999999,14.0053,395.8989999999999,404.394
2689,0.9599,0.0002,0.9601,0.1728,0.9997916883657952,0.00020831163420477036,55.0668,0.1177,0.0,0.0,0.0,55.06679999999999,0.1177,55.18449999999999,55.1827
2690,0.3107,0.0,0.3107,0.0559,1.0,0.0,15.9796,0.0175,0.0,0.0,0.0,15.979599999999996,0.0175,15.997099999999996,15.9978
2691,4.631,0.0028,4.6338,0.8341,0.9993957443135224,0.000604255686477621,249.2954,1.8139,0.0,0.0,0.0,249.29540000000003,1.8139,251.10930000000002,259.1062
2692,0.4932,0.0,0.4932,0.0888,1.0,0.0,25.3633,0.0247,0.0,0.0,0.0,25.363300000000006,0.024699999999999996,25.388000000000005,25.3893
2693,0.3752,0.0001,0.3753,0.0675,0.9997335464961363,0.0002664535038635758,20.6465,0.0444,0.0,0.0,0.0,20.646499999999996,0.0444,20.690899999999996,20.6891
2694,4.2766,0.0099,4.2866,0.7716,0.9976671487892502,0.002309522698642281,235.7214,6.3099,0.0,0.0,0.0,235.72140000000002,6.3099,242.03130000000002,255.5343
2695,4.0047,0.006,4.0107,0.7219,0.9985040017951978,0.0014959982048021543,215.9019,3.6851,0.0,0.0,0.0,215.90189999999993,3.6851000000000003,219.58699999999993,231.5889
2696,6.0478,0.0062,6.054,1.0897,0.9989758837132473,0.0010241162867525601,330.2217,3.6745,0.0,0.0,0.0,330.22169999999994,3.6744999999999997,333.89619999999996,349.8933
2697,0.4321,0.0001,0.4321,0.0778,1.0,0.00023142791020597085,22.2212,0.0342,0.0,0.0,0.0,22.221199999999996,0.0342,22.255399999999995,23.7526
2698,5.0105,0.0072,5.0177,0.9032,0.9985650796181519,0.0014349203818482573,289.5107,4.2086,0.0,0.0,0.0,289.5107,4.208600000000001,293.7193,304.2145
2699,0.3984,0.0001,0.3985,0.0717,0.9997490589711416,0.0002509410288582183,23.902,0.0557,0.0,0.0,0.0,23.901999999999994,0.055700000000000006,23.957699999999996,23.9542
2700,0.4045,0.0001,0.4046,0.0728,0.999752842313396,0.00024715768660405336,23.6465,0.0853,0.0,0.0,0.0,23.646499999999996,0.0853,23.731799999999996,26.234
2701,3.8682,0.0202,3.8883,0.6999,0.9948306457835043,0.00519507239667721,205.378,13.1206,0.0,0.0,0.0,205.37800000000001,13.1206,218.4986,231.4963
2702,2.4217,0.0008,2.4225,0.4361,0.9996697626418989,0.0003302373581011352,128.5754,0.5452,0.0,0.0,0.0,128.5754,0.5452,129.1206,135.1236
2703,0.2016,0.0,0.2017,0.0363,0.9995042141794745,0.0,11.5291,0.0281,0.0,0.0,0.0,11.5291,0.028100000000000003,11.5572,12.0616
2704,0.5516,0.0002,0.5518,0.0993,0.9996375498368975,0.00036245016310257344,29.8696,0.1223,0.0,0.0,0.0,29.86959999999999,0.1223,29.99189999999999,30.9941
2705,6.0941,0.0075,6.1015,1.0983,0.9987871834794724,0.0012292059329673032,356.6657,4.7073,0.0,0.0,0.0,356.66570000000013,4.7073,361.3730000000001,367.3744
2706,5.7495,0.002,5.7515,1.0353,0.9996522646266192,0.00034773537338085716,319.7173,1.2267,0.0,0.0,0.0,319.71729999999997,1.2267000000000001,320.94399999999996,326.9475
2707,3.9182,0.0029,3.9211,0.7058,0.9992604116191885,0.0007395883808115069,217.3779,1.7606,0.0,0.0,0.0,217.37790000000004,1.7606000000000004,219.13850000000005,228.6383
2708,0.4692,0.0,0.4692,0.0845,1.0,0.0,27.0593,0.0134,0.0,0.0,0.0,27.059299999999997,0.013399999999999999,27.072699999999998,27.0713
2709,0.4527,0.0,0.4527,0.0815,1.0,0.0,25.0921,0.0085,0.0,0.0,0.0,25.09209999999999,0.0085,25.100599999999993,25.1016
2710,0.5464,0.0002,0.5466,0.0984,0.999634101719722,0.0003658982802780827,31.9019,0.118,0.0,0.0,0.0,31.901899999999998,0.118,32.0199,32.02
2711,0.3209,0.0,0.3209,0.0578,1.0,0.0,17.6806,0.0175,0.0,0.0,0.0,17.6806,0.017499999999999998,17.698099999999997,17.6981
2712,0.4389,0.0,0.4389,0.079,1.0,0.0,23.8182,0.0137,0.0,0.0,0.0,23.818199999999994,0.013699999999999999,23.831899999999994,23.827
2713,5.9884,0.0112,5.9997,1.0799,0.9981165724952915,0.0018667600046669,345.9741,7.3182,0.0,0.0,0.0,345.97409999999996,7.318199999999999,353.29229999999995,360.7903
2714,6.2071,0.0046,6.2117,1.1181,0.9992594619830318,0.0007405380169679798,338.7451,2.8004,0.0,0.0,0.0,338.7451,2.8004,341.5455,348.0423
2715,1.6213,0.0006,1.622,0.292,0.9995684340320591,0.0003699136868064118,88.902,0.4162,0.0,0.0,0.0,88.90200000000003,0.4161999999999999,89.31820000000003,92.3175
2716,5.57,0.0239,5.5939,1.0069,0.995727488871807,0.004272511128193211,308.3777,15.5004,0.0,0.0,0.0,308.3777,15.500400000000003,323.8781,336.3788
2717,0.713,0.0003,0.7132,0.1284,0.9997195737521032,0.0004206393718452047,39.9795,0.1538,0.0,0.0,0.0,39.9795,0.1538,40.1333,40.1339
2718,5.5636,0.0073,5.571,1.0028,0.9986716926943099,0.0013103572069646384,303.4346,4.5418,0.0,0.0,0.0,303.43460000000005,4.541799999999999,307.97640000000007,320.4802
2719,5.8721,0.0074,5.8795,1.0583,0.9987413895739433,0.0012586104260566375,335.046,4.3406,0.0,0.0,0.0,335.04600000000005,4.3406,339.38660000000004,347.3876
2720,2.2909,0.0015,2.2924,0.4126,0.999345663932996,0.0006543360670040132,128.5292,0.9083,0.0,0.0,0.0,128.52920000000003,0.9082999999999998,129.43750000000003,139.9366
2721,0.6309,0.001,0.6319,0.1137,0.9984174711188479,0.001582528881152081,33.0759,0.6009,0.0,0.0,0.0,33.0759,0.6009,33.6768,35.6812
2722,0.3917,0.0002,0.3918,0.0705,0.9997447677386422,0.0005104645227156713,23.2742,0.108,0.0,0.0,0.0,23.274200000000008,0.10799999999999998,23.382200000000008,23.3853
2723,5.386,0.0039,5.3899,0.9702,0.9992764244234588,0.0007235755765413087,303.0462,2.4547,0.0,0.0,0.0,303.0462,2.4547,305.5009,318.4967
2724,0.2743,0.0001,0.2745,0.0494,0.999271402550091,0.00036429872495446266,15.7175,0.0812,0.0,0.0,0.0,15.717500000000006,0.08119999999999998,15.798700000000007,16.7952
2725,5.0581,0.0027,5.0607,0.9109,0.9994862370818266,0.0005335230304108128,272.9348,1.7113,0.0,0.0,0.0,272.9348,1.7113,274.6461,281.1472
2726,0.2148,0.0,0.2148,0.0387,1.0,0.0,11.6551,0.0242,0.0,0.0,0.0,11.655100000000001,0.024200000000000003,11.679300000000001,11.6812
2727,0.5007,0.0,0.5008,0.0901,0.9998003194888179,0.0,27.5208,0.016,0.0,0.0,0.0,27.520800000000005,0.016000000000000004,27.536800000000003,27.5376
2728,0.2712,0.0,0.2712,0.0488,1.0,0.0,15.4346,0.0179,0.0,0.0,0.0,15.434599999999998,0.017900000000000003,15.452499999999997,15.4531
2729,5.3563,0.0066,5.3629,0.9653,0.9987693225680137,0.0012306774319864253,307.9981,4.3062,0.0,0.0,0.0,307.9981,4.3062,312.3043,321.3089
2730,2.6169,0.003,2.6199,0.4716,0.9988549181266461,0.0011450818733539448,148.5459,1.8974,0.0,0.0,0.0,148.5459,1.8973999999999998,150.4433,155.4423
2731,2.0797,0.0007,2.0805,0.3745,0.9996154770487864,0.0003364575823119443,110.5882,0.465,0.0,0.0,0.0,110.5882,0.46499999999999997,111.0532,115.5494
2732,0.83,0.0003,0.8303,0.1495,0.9996386848127182,0.00036131518728170535,44.6659,0.1741,0.0,0.0,0.0,44.66589999999999,0.1741,44.839999999999996,47.3414
2733,2.8991,0.0017,2.9008,0.5221,0.9994139547710976,0.0005860452289023718,163.5109,1.0131,0.0,0.0,0.0,163.51090000000002,1.0131000000000001,164.52400000000003,172.5264
2734,3.6405,0.0009,3.6414,0.6554,0.9997528423133959,0.00024715768660405336,211.0598,0.5596,0.0,0.0,0.0,211.05980000000002,0.5596000000000001,211.6194,217.6201
2735,5.2398,0.0143,5.2541,0.9457,0.9972783159818046,0.002721684018195314,295.8935,8.4861,0.0,0.0,0.0,295.89349999999996,8.4861,304.3796,307.8791
2736,6.5662,0.0052,6.5714,1.1829,0.9992086922117054,0.0007913077882947317,353.2155,3.2607,0.0,0.0,0.0,353.21549999999996,3.2607,356.47619999999995,360.4743
2737,0.437,0.0002,0.4373,0.0787,0.999313972101532,0.000457351932311914,26.2215,0.1603,0.0,0.0,0.0,26.2215,0.1603,26.3818,26.8857
2738,0.3296,0.0003,0.3299,0.0594,0.9990906335253106,0.0009093664746892997,17.574,0.1699,0.0,0.0,0.0,17.574000000000005,0.1699,17.743900000000004,17.748
2739,0.424,0.0,0.424,0.0763,1.0,0.0,23.3634,0.0167,0.0,0.0,0.0,23.363400000000006,0.0167,23.380100000000006,23.3753
2740,0.7497,0.0002,0.7499,0.135,0.9997332977730364,0.00026670222696359517,40.5741,0.1316,0.0,0.0,0.0,40.574100000000016,0.1316,40.705700000000014,41.2063
2741,0.5959,0.0002,0.5961,0.1073,0.9996644858245262,0.0003355141754739138,32.0819,0.0961,0.0,0.0,0.0,32.0819,0.09610000000000002,32.178,33.1769
2742,0.8719,0.0004,0.8722,0.157,0.9996560421921578,0.0004586104104563174,48.5109,0.2381,0.0,0.0,0.0,48.51089999999999,0.23810000000000003,48.748999999999995,52.2494
2743,0.1872,0.0,0.1872,0.0337,1.0,0.0,10.4349,0.0147,0.0,0.0,0.0,10.434899999999997,0.014699999999999998,10.449599999999997,10.4454
2744,0.9463,0.0001,0.9464,0.1703,0.999894336432798,0.00010566356720202875,49.7947,0.0657,0.0,0.0,0.0,49.794700000000006,0.0657,49.860400000000006,49.8591
2745,4.6003,0.0229,4.6232,0.8322,0.9950467208859665,0.0049532791140335704,249.2957,13.675,0.0,0.0,0.0,249.29570000000004,13.675,262.9707,272.4688
2746,0.0881,0.0001,0.0881,0.0159,1.0,0.001135073779795687,4.5299,0.0312,0.0,0.0,0.0,4.5299,0.0312,4.5611,4.5647
2747,4.0939,0.0017,4.0956,0.7372,0.9995849204023829,0.00041507959761695473,232.1102,1.115,0.0,0.0,0.0,232.11020000000008,1.1150000000000002,233.2252000000001,246.7265
2748,0.2626,0.0,0.2626,0.0473,1.0,0.0,14.9091,0.0122,0.0,0.0,0.0,14.909099999999997,0.012199999999999997,14.921299999999997,14.9199
2749,0.5796,0.0002,0.5798,0.1044,0.9996550534667127,0.0003449465332873405,33.2217,0.1413,0.0,0.0,0.0,33.2217,0.1413,33.363,34.3648
2750,0.2916,0.0001,0.2917,0.0525,0.9996571820363387,0.00034281796366129587,16.2155,0.0614,0.0,0.0,0.0,16.2155,0.0614,16.276899999999998,16.7782
2751,0.3121,0.0,0.3121,0.0562,1.0,0.0,18.3636,0.0145,0.0,0.0,0.0,18.3636,0.014500000000000002,18.378100000000003,18.8744
2752,0.5743,0.0,0.5743,0.1034,1.0,0.0,32.5086,0.0129,0.0,0.0,0.0,32.508599999999994,0.0129,32.521499999999996,32.5226
2753,5.5919,0.0108,5.6027,1.0085,0.9980723579702644,0.0019276420297356634,309.8183,6.7809,0.0,0.0,0.0,309.8183,6.7809,316.5992,328.5975
2754,1.0721,0.0007,1.0729,0.1931,0.9992543573492405,0.0006524373194146706,59.9347,0.4545,0.0,0.0,0.0,59.93470000000001,0.4544999999999999,60.38920000000001,65.3926
2755,0.2837,0.0001,0.2838,0.0511,0.999647639182523,0.00035236081747709656,14.8406,0.0668,0.0,0.0,0.0,14.840599999999998,0.0668,14.907399999999999,15.9102
2756,4.6891,0.0027,4.6917,0.8445,0.9994458298697699,0.0005754843660080568,246.3727,1.6523,0.0,0.0,0.0,246.37269999999995,1.6522999999999999,248.02499999999995,259.0224
2757,1.8304,0.0003,1.8306,0.3295,0.9998907462034305,0.00016388069485414616,95.0921,0.1683,0.0,0.0,0.0,95.09209999999999,0.1683,95.26039999999999,97.2631
2758,0.4668,0.0001,0.4669,0.084,0.9997858213750268,0.0002141786249732277,25.615,0.0419,0.0,0.0,0.0,25.615000000000002,0.04189999999999999,25.6569,25.6558
2759,0.6191,0.0002,0.6192,0.1115,0.9998385012919897,0.00032299741602067185,34.0587,0.1105,0.0,0.0,0.0,34.0587,0.11049999999999999,34.169200000000004,34.6657
2760,2.1897,0.0034,2.1931,0.3948,0.9984496830969861,0.0015503169030139986,123.1705,2.1247,0.0,0.0,0.0,123.17050000000003,2.1247,125.29520000000004,128.7927
2761,0.1742,0.0002,0.1744,0.0314,0.9988532110091742,0.0011467889908256881,9.5294,0.1023,0.0,0.0,0.0,9.529399999999999,0.1023,9.631699999999999,11.134
2762,0.3524,0.0001,0.3526,0.0635,0.9994327850255246,0.00028360748723766304,19.7774,0.083,0.0,0.0,0.0,19.7774,0.08299999999999999,19.8604,20.3568
2763,0.3301,0.0001,0.3303,0.0594,0.9993944898577052,0.00030275507114744176,18.384,0.0862,0.0,0.0,0.0,18.383999999999997,0.0862,18.4702,19.4715
2764,1.5853,0.0011,1.5864,0.2856,0.9993066061522944,0.0006933938477054968,87.9986,0.6214,0.0,0.0,0.0,87.9986,0.6214,88.61999999999999,94.6167
2765,0.3049,0.0,0.3049,0.0549,1.0,0.0,15.7937,0.0079,0.0,0.0,0.0,15.793700000000005,0.0079,15.801600000000004,16.3064
2766,4.9595,0.0115,4.9711,0.8948,0.9976665124419143,0.0023133712860332724,274.787,7.4986,0.0,0.0,0.0,274.787,7.498600000000001,282.2856,292.7832
2767,4.3,0.0293,4.3293,0.7793,0.9932321622433188,0.006767837756681219,230.787,18.4359,0.0,0.0,0.0,230.78699999999995,18.4359,249.22289999999995,262.723
2768,1.4881,0.0003,1.4884,0.2679,0.999798441279226,0.00020155872077398548,79.0588,0.1912,0.0,0.0,0.0,79.0588,0.1912,79.25,79.2534
2769,0.4398,0.0001,0.4399,0.0792,0.9997726756080928,0.00022732439190725165,24.6806,0.0636,0.0,0.0,0.0,24.680599999999995,0.06359999999999999,24.744199999999996,24.7408
2770,4.2926,0.0021,4.2947,0.773,0.9995110252171282,0.0004889747828719119,240.6465,1.2915,0.0,0.0,0.0,240.64649999999997,1.2915,241.938,249.941
2771,0.2846,0.0002,0.2848,0.0513,0.9992977528089888,0.000702247191011236,15.6553,0.105,0.0,0.0,0.0,15.6553,0.105,15.7603,16.256
2772,0.5242,0.0,0.5242,0.0944,1.0,0.0,28.1713,0.0185,0.0,0.0,0.0,28.171299999999995,0.018500000000000003,28.189799999999995,28.1907
2773,0.1258,0.0,0.1258,0.0226,1.0,0.0,7.0759,0.0158,0.0,0.0,0.0,7.075900000000001,0.015799999999999998,7.0917,7.5895
2774,0.668,0.0002,0.6682,0.1203,0.9997006884166417,0.000299311583358276,37.1524,0.1441,0.0,0.0,0.0,37.1524,0.1441,37.2965,38.2978
2775,5.8758,0.0175,5.8932,1.0608,0.9970474445123192,0.0029695241973800315,309.6363,11.252,0.0,0.0,0.0,309.63630000000006,11.252,320.8883000000001,326.3858
2776,5.5486,0.0092,5.5578,1.0004,0.9983446687538234,0.0016553312461765445,309.9825,5.6254,0.0,0.0,0.0,309.9824999999999,5.6254,315.6078999999999,319.1126
2777,0.3262,0.0,0.3262,0.0587,1.0,0.0,18.3328,0.01,0.0,0.0,0.0,18.332800000000006,0.009999999999999998,18.342800000000008,19.8405
2778,0.3102,0.0001,0.3103,0.0559,0.9996777312278439,0.00032226877215597806,18.3836,0.0486,0.0,0.0,0.0,18.383599999999998,0.0486,18.432199999999998,18.9288
2779,0.6996,0.0001,0.6997,0.1259,0.9998570816064027,0.000142918393597256,39.4348,0.0386,0.0,0.0,0.0,39.43480000000001,0.03860000000000001,39.47340000000001,39.4723
2780,1.1051,0.0003,1.1054,0.199,0.9997286050298535,0.00027139497014655326,59.6364,0.2189,0.0,0.0,0.0,59.6364,0.21889999999999998,59.8553,62.8561
2781,0.3622,0.0,0.3623,0.0652,0.9997239856472537,0.0,21.734,0.0162,0.0,0.0,0.0,21.733999999999995,0.016200000000000006,21.750199999999996,21.7538
2782,1.8265,0.0007,1.8272,0.3289,0.9996169001751314,0.0003830998248686515,103.3638,0.4452,0.0,0.0,0.0,103.36379999999998,0.44520000000000004,103.80899999999998,108.3098
2783,4.9995,0.0028,5.0023,0.9004,0.9994402574815585,0.0005597425184415169,274.2156,1.8792,0.0,0.0,0.0,274.21559999999994,1.8792,276.09479999999996,282.0899
2784,0.8104,0.0004,0.8109,0.146,0.9993834011592059,0.0004932790726353435,45.4814,0.2833,0.0,0.0,0.0,45.48140000000001,0.2833,45.764700000000005,45.7639
2785,5.3333,0.0103,5.3436,0.9619,0.9980724605135115,0.0019275394864885094,289.4546,6.5121,0.0,0.0,0.0,289.4546,6.5121,295.9667,306.4704
2786,0.4758,0.0002,0.4761,0.0857,0.9993698802772526,0.0004200798151648813,25.192,0.1586,0.0,0.0,0.0,25.191999999999997,0.15860000000000002,25.350599999999996,25.8459
2787,4.1695,0.0016,4.1711,0.7508,0.9996164081417372,0.0003835918582628084,233.4349,0.9808,0.0,0.0,0.0,233.43489999999994,0.9808000000000002,234.41569999999993,243.4159
2788,0.3958,0.0,0.3958,0.0712,1.0,0.0,21.3248,0.0077,0.0,0.0,0.0,21.324799999999996,0.0077,21.332499999999996,22.3344
2789,5.0591,0.012,5.0712,0.9128,0.9976139769679759,0.00236630383341221,278.1705,7.1424,0.0,0.0,0.0,278.17049999999995,7.142399999999999,285.31289999999996,296.8134
2790,5.5125,0.0142,5.5268,0.9948,0.9974126076572339,0.0025692986900195413,294.5899,8.9289,0.0,0.0,0.0,294.5899,8.928899999999999,303.5188,317.0194
2791,5.1495,0.0179,5.1674,0.9301,0.9965359755389558,0.003464024461044239,286.9093,11.2309,0.0,0.0,0.0,286.9093000000001,11.230900000000002,298.1402000000001,303.1372
2792,0.1146,0.0002,0.1148,0.0207,0.9982578397212543,0.0017421602787456446,6.6862,0.107,0.0,0.0,0.0,6.6862,0.10700000000000001,6.793200000000001,8.7929
2793,4.3497,0.0055,4.3551,0.7839,0.9987600743955363,0.0012628871897315788,230.2158,3.2828,0.0,0.0,0.0,230.2158,3.2828,233.4986,242.5019
2794,1.5653,0.0004,1.5657,0.2818,0.9997445232164526,0.0002554767835472951,82.6891,0.2398,0.0,0.0,0.0,82.68910000000001,0.23979999999999996,82.92890000000001,82.9327
2795,0.4489,0.0001,0.4491,0.0808,0.9995546648853263,0.00022266755733689602,24.9826,0.0771,0.0,0.0,0.0,24.9826,0.07710000000000002,25.059700000000003,26.5623
2796,4.8906,0.0177,4.9083,0.8835,0.9963938634557791,0.0036061365442210135,271.8886,10.8489,0.0,0.0,0.0,271.88859999999994,10.848900000000002,282.73749999999995,293.7351
2797,2.1497,0.0014,2.1511,0.3872,0.9993491701919949,0.0006508298080052066,123.0909,0.8877,0.0,0.0,0.0,123.09090000000002,0.8877000000000002,123.97860000000001,131.4798
2798,0.6463,0.0002,0.6465,0.1164,0.9996906419180202,0.00030935808197989176,36.5738,0.1141,0.0,0.0,0.0,36.573800000000006,0.11410000000000001,36.687900000000006,38.1892
2799,5.1668,0.004,5.1708,0.9307,0.9992264253113639,0.0007735746886361879,275.7936,2.4437,0.0,0.0,0.0,275.79359999999997,2.4436999999999998,278.23729999999995,284.7355
2800,5.3545,0.0227,5.3773,0.9679,0.9957599538802001,0.0042214494262920055,277.2956,14.1934,0.0,0.0,0.0,277.29560000000004,14.1934,291.48900000000003,301.4921
2801,0.4284,0.0001,0.4285,0.0771,0.9997666277712952,0.00023337222870478414,23.787,0.0684,0.0,0.0,0.0,23.787000000000006,0.0684,23.855400000000007,23.851
2802,0.4968,0.0,0.4968,0.0894,1.0,0.0,26.7674,0.0118,0.0,0.0,0.0,26.767399999999995,0.0118,26.779199999999996,26.7835
2803,0.4095,0.0003,0.4098,0.0738,0.9992679355783308,0.0007320644216691068,24.5692,0.1875,0.0,0.0,0.0,24.5692,0.1875,24.7567,24.7556
2804,4.2374,0.0228,4.2602,0.7668,0.994648138585043,0.005351861414957044,243.5087,13.9296,0.0,0.0,0.0,243.50870000000003,13.9296,257.4383,269.4366
2805,4.4175,0.0021,4.4196,0.7955,0.999524843877274,0.00047515612272603855,252.046,1.2184,0.0,0.0,0.0,252.04599999999996,1.2184,253.26439999999997,262.7665
2806,0.4363,0.0,0.4363,0.0785,1.0,0.0,24.076,0.0197,0.0,0.0,0.0,24.075999999999993,0.0197,24.095699999999994,24.0915
2807,3.4338,0.0007,3.4345,0.6182,0.9997961857621197,0.00020381423788033194,186.9093,0.4511,0.0,0.0,0.0,186.90930000000003,0.4511,187.36040000000003,192.3594
2808,0.4518,0.0002,0.452,0.0814,0.9995575221238937,0.0004424778761061947,26.046,0.1532,0.0,0.0,0.0,26.046000000000006,0.15319999999999998,26.199200000000005,26.6973
2809,0.4763,0.0001,0.4764,0.0858,0.9997900923593619,0.00020990764063811925,27.3833,0.0943,0.0,0.0,0.0,27.3833,0.0943,27.4776,27.4745
2810,4.4205,0.0053,4.4258,0.7966,0.9988024763884495,0.0011975236115504542,246.5855,3.2691,0.0,0.0,0.0,246.58550000000002,3.2691,249.85460000000003,258.3532
2811,4.5144,0.0063,4.5206,0.8137,0.9986285006415078,0.0013936203158872716,253.2952,4.052,0.0,0.0,0.0,253.29520000000002,4.052,257.34720000000004,268.3471
2812,0.358,0.0002,0.3582,0.0645,0.9994416527079842,0.0005583472920156337,21.4813,0.1232,0.0,0.0,0.0,21.481299999999994,0.1232,21.604499999999994,21.601
2813,0.4985,0.0001,0.4986,0.0897,0.9997994384275973,0.00020056157240272765,27.5543,0.0789,0.0,0.0,0.0,27.554299999999998,0.07889999999999998,27.6332,28.6361
2814,3.5107,0.0008,3.5115,0.6321,0.9997721771322797,0.00022782286772034745,190.7936,0.5451,0.0,0.0,0.0,190.79359999999997,0.5450999999999999,191.33869999999996,194.3356
2815,0.9235,0.0005,0.924,0.1663,0.9994588744588744,0.0005411255411255411,52.3278,0.3403,0.0,0.0,0.0,52.32780000000001,0.3403,52.66810000000001,52.665
2816,0.9947,0.0001,0.9948,0.1791,0.9998994772818657,0.00010052271813429835,55.8179,0.0901,0.0,0.0,0.0,55.8179,0.0901,55.908,55.911
2817,1.9457,0.0012,1.9469,0.3504,0.9993836355231394,0.0006163644768606501,106.7675,0.7445,0.0,0.0,0.0,106.76750000000001,0.7445,107.51200000000001,116.0142
2818,2.6025,0.0009,2.6034,0.4686,0.9996542982253975,0.0003457017746024429,147.6657,0.5623,0.0,0.0,0.0,147.6657,0.5623,148.22799999999998,157.2248
2819,3.9134,0.0015,3.915,0.7047,0.9995913154533844,0.0003831417624521073,218.1705,0.9319,0.0,0.0,0.0,218.17050000000003,0.9318999999999998,219.10240000000005,228.1044
2820,1.8125,0.0006,1.8131,0.3264,0.9996690750648062,0.00033092493519386686,99.1715,0.337,0.0,0.0,0.0,99.1715,0.337,99.5085,102.5097
2821,0.3254,0.0,0.3254,0.0586,1.0,0.0,17.0586,0.0257,0.0,0.0,0.0,17.0586,0.025699999999999997,17.0843,17.5833
2822,4.2547,0.0038,4.2585,0.7665,0.9991076670189034,0.0008923329810966303,231.7934,2.4048,0.0,0.0,0.0,231.79340000000008,2.4048,234.19820000000007,239.7002
2823,0.323,0.0001,0.323,0.0581,1.0,0.00030959752321981426,18.1919,0.0363,0.0,0.0,0.0,18.191899999999997,0.0363,18.228199999999998,18.2257
2824,0.582,0.0001,0.5821,0.1048,0.9998282082116475,0.00017179178835251678,33.7675,0.0409,0.0,0.0,0.0,33.7675,0.0409,33.8084,34.8126
2825,3.3938,0.0008,3.3946,0.611,0.9997643315854593,0.0002356684145407412,176.8544,0.5181,0.0,0.0,0.0,176.85440000000003,0.5181,177.37250000000003,183.8698
2826,4.1298,0.0236,4.1534,0.7476,0.9943179082197717,0.005682091780228246,234.5741,15.2732,0.0,0.0,0.0,234.57409999999993,15.273200000000001,249.84729999999993,261.8437
2827,4.3235,0.0115,4.335,0.7803,0.9973471741637832,0.00265282583621684,240.7925,7.2496,0.0,0.0,0.0,240.79250000000002,7.2496,248.0421,256.5455
2828,4.2328,0.0008,4.2336,0.762,0.9998110355253212,0.0001889644746787604,226.0599,0.5026,0.0,0.0,0.0,226.05990000000006,0.5026,226.56250000000006,230.0626
2829,2.4731,0.0066,2.4797,0.4463,0.9973383877081906,0.0026616122918094935,136.067,3.8592,0.0,0.0,0.0,136.06699999999995,3.8591999999999995,139.92619999999994,150.4285
2830,4.1729,0.0071,4.18,0.7524,0.9983014354066987,0.0016985645933014356,231.793,4.2068,0.0,0.0,0.0,231.79300000000003,4.206799999999999,235.99980000000002,240.501
2831,2.4003,0.0007,2.401,0.4322,0.9997084548104958,0.0002915451895043732,126.2742,0.4557,0.0,0.0,0.0,126.27420000000002,0.45569999999999994,126.72990000000001,126.7346
2832,1.1194,0.0008,1.1202,0.2016,0.9992858418139616,0.0007141581860382074,66.2742,0.5086,0.0,0.0,0.0,66.2742,0.5085999999999999,66.7828,74.7816
2833,4.0254,0.0056,4.031,0.7256,0.9986107665591666,0.0013892334408335402,224.5084,3.4834,0.0,0.0,0.0,224.50840000000002,3.4833999999999996,227.9918,234.9942
2834,2.5942,0.0011,2.5954,0.4672,0.9995376435231562,0.00042382677044000924,140.7878,0.7217,0.0,0.0,0.0,140.78780000000003,0.7217,141.50950000000003,146.008
2835,4.6205,0.0249,4.6454,0.8362,0.9946398587850346,0.005360141214965341,244.3781,15.5457,0.0,0.0,0.0,244.37810000000005,15.5457,259.9238,273.919
2836,3.7786,0.0023,3.7809,0.6806,0.999391679229813,0.0006083207701869925,211.9828,1.3964,0.0,0.0,0.0,211.9828,1.3964000000000003,213.3792,224.384
2837,3.7004,0.0042,3.7046,0.6668,0.9988662743616045,0.0011337256383955083,208.3834,2.5831,0.0,0.0,0.0,208.38340000000005,2.5831,210.96650000000005,215.963
2838,4.1378,0.0227,4.1605,0.7489,0.9945439250090135,0.005456074990986661,236.3608,15.1891,0.0,0.0,0.0,236.3608,15.189099999999998,251.5499,258.0451
2839,2.7579,0.0016,2.7596,0.4967,0.9993839686911147,0.0005797941730685607,152.3781,0.9979,0.0,0.0,0.0,152.37810000000002,0.9978999999999999,153.376,153.3753
2840,0.4313,0.0001,0.4313,0.0776,1.0,0.00023185717597959656,22.5084,0.0507,0.0,0.0,0.0,22.508399999999995,0.050699999999999995,22.559099999999994,22.5578
2841,3.4137,0.0033,3.417,0.6151,0.9990342405618965,0.0009657594381035997,189.3327,2.1317,0.0,0.0,0.0,189.3327,2.1317000000000004,191.46439999999998,198.463
2842,4.2583,0.0143,4.2726,0.7691,0.9966530917942238,0.0033469082057763426,232.5108,9.1509,0.0,0.0,0.0,232.51079999999993,9.150899999999998,241.66169999999994,250.1586
2843,0.2444,0.0,0.2445,0.044,0.9995910020449899,0.0,13.8402,0.0292,0.0,0.0,0.0,13.840199999999998,0.0292,13.869399999999997,13.8646
2844,0.1469,0.0001,0.147,0.0265,0.9993197278911565,0.0006802721088435375,8.5295,0.0559,0.0,0.0,0.0,8.5295,0.0559,8.5854,8.5894
2845,4.3494,0.004,4.3534,0.7836,0.9990811779298939,0.000918822070106124,234.6151,2.4385,0.0,0.0,0.0,234.61510000000004,2.4385,237.05360000000005,244.55
2846,3.3192,0.0028,3.322,0.598,0.999157134256472,0.0008428657435279952,185.3781,1.7417,0.0,0.0,0.0,185.37810000000002,1.7417000000000002,187.11980000000003,197.6231
2847,1.7711,0.0007,1.7718,0.3189,0.9996049215487074,0.00039507845129247094,99.1195,0.4592,0.0,0.0,0.0,99.11949999999997,0.4592,99.57869999999997,108.0739
2848,0.2163,0.0,0.2163,0.0389,1.0,0.0,12.9796,0.0109,0.0,0.0,0.0,12.979599999999996,0.0109,12.990499999999995,12.9944
2849,0.792,0.0001,0.7921,0.1426,0.9998737533139755,0.00012624668602449185,47.1197,0.061,0.0,0.0,0.0,47.11969999999999,0.061,47.18069999999999,47.1761
2850,1.0803,0.0003,1.0806,0.1945,0.9997223764575236,0.00027762354247640197,61.4546,0.1956,0.0,0.0,0.0,61.454600000000006,0.1956,61.650200000000005,64.6511
2851,0.2879,0.0,0.2879,0.0518,1.0,0.0,16.3636,0.0127,0.0,0.0,0.0,16.363599999999998,0.012700000000000003,16.376299999999997,16.3734
2852,0.1965,0.0,0.1965,0.0354,1.0,0.0,10.9914,0.0136,0.0,0.0,0.0,10.9914,0.0136,11.005,11.0029
2853,1.9269,0.0003,1.9272,0.3469,0.9998443337484434,0.0001556662515566625,113.7213,0.2124,0.0,0.0,0.0,113.72130000000001,0.2124,113.93370000000002,114.9381
2854,3.7566,0.0097,3.7663,0.6779,0.9974245280514032,0.002575471948596766,208.3104,5.8749,0.0,0.0,0.0,208.31040000000004,5.8749,214.18530000000004,220.6861
2855,0.1462,0.0001,0.1463,0.0263,0.9993164730006834,0.0006835269993164729,8.0461,0.0381,0.0,0.0,0.0,8.046100000000001,0.038099999999999995,8.084200000000001,8.0831
2856,0.971,0.0003,0.9712,0.1748,0.9997940691927513,0.0003088962108731466,53.9914,0.1674,0.0,0.0,0.0,53.991400000000006,0.16740000000000002,54.15880000000001,58.159
2857,0.4745,0.0,0.4745,0.0854,1.0,0.0,24.9346,0.0141,0.0,0.0,0.0,24.934599999999993,0.014099999999999998,24.94869999999999,24.9449
2858,0.1525,0.0,0.1525,0.0274,1.0,0.0,8.3331,0.0154,0.0,0.0,0.0,8.3331,0.015399999999999999,8.3485,8.3531
2859,0.3912,0.0,0.3912,0.0704,1.0,0.0,21.3637,0.0111,0.0,0.0,0.0,21.363700000000005,0.011099999999999999,21.374800000000004,21.376
2860,0.351,0.0,0.3511,0.0632,0.9997151808601537,0.0,18.5111,0.009,0.0,0.0,0.0,18.5111,0.009,18.5201,18.5196
2861,0.4607,0.0005,0.4612,0.083,0.998915871639202,0.0010841283607979184,27.1381,0.3361,0.0,0.0,0.0,27.138099999999998,0.3361,27.474199999999996,30.4731
2862,0.2739,0.0,0.2739,0.0493,1.0,0.0,14.3833,0.0122,0.0,0.0,0.0,14.383299999999998,0.012199999999999999,14.395499999999998,14.3986
2863,3.6712,0.0052,3.6764,0.6618,0.9985855728429985,0.0014144271570014143,199.3607,3.1678,0.0,0.0,0.0,199.3607,3.1678,202.5285,208.0318
2864,4.1864,0.009,4.1954,0.7552,0.9978547933450922,0.002145206654907756,226.3276,5.5135,0.0,0.0,0.0,226.32759999999996,5.5135,231.84109999999995,237.3406
2865,0.4737,0.0001,0.4737,0.0853,1.0,0.00021110407430863416,26.8547,0.0342,0.0,0.0,0.0,26.854699999999994,0.0342,26.888899999999992,26.8848
2866,0.4543,0.0002,0.4544,0.0818,0.9997799295774646,0.00044014084507042255,23.3631,0.0992,0.0,0.0,0.0,23.363100000000006,0.0992,23.462300000000006,23.4609
2867,3.879,0.0084,3.8874,0.6997,0.9978391727118383,0.0021608272881617533,216.7878,5.313,0.0,0.0,0.0,216.78780000000006,5.313,222.10080000000005,230.6045
2868,0.543,0.0004,0.5434,0.0978,0.9992638940007362,0.0007361059992638941,29.1102,0.2739,0.0,0.0,0.0,29.110199999999992,0.2739,29.384099999999993,32.3839
2869,0.4606,0.0001,0.4607,0.0829,0.9997829390058607,0.00021706099413935318,27.4543,0.0427,0.0,0.0,0.0,27.454300000000007,0.042699999999999995,27.497000000000007,27.5
2870,2.5996,0.0007,2.6004,0.4681,0.9996923550223042,0.00026918935548377173,136.5295,0.4545,0.0,0.0,0.0,136.52950000000004,0.4545,136.98400000000004,140.4808
2871,3.8529,0.011,3.8639,0.6955,0.9971531354331116,0.0028468645668883767,215.574,6.4846,0.0,0.0,0.0,215.574,6.4845999999999995,222.0586,227.5571
2872,0.4045,0.0003,0.4049,0.0729,0.9990121017535195,0.0007409236848604594,23.9093,0.2096,0.0,0.0,0.0,23.909299999999995,0.20959999999999998,24.118899999999993,29.1189
2873,2.673,0.0018,2.6748,0.4815,0.9993270524899058,0.0006729475100942127,143.8694,1.2096,0.0,0.0,0.0,143.8694,1.2096,145.079,150.5763
2874,4.4351,0.0235,4.4586,0.8025,0.9947292872202038,0.005270712779796349,231.3607,14.7864,0.0,0.0,0.0,231.3607,14.786399999999997,246.1471,256.6491
2875,2.3639,0.0013,2.3652,0.4257,0.9994503636056147,0.0005496363943852528,125.3778,0.8571,0.0,0.0,0.0,125.37780000000004,0.8570999999999999,126.23490000000004,138.7306
2876,0.1905,0.0,0.1905,0.0343,1.0,0.0,10.7772,0.009,0.0,0.0,0.0,10.777199999999997,0.009,10.786199999999997,10.7897
2877,0.2385,0.0,0.2386,0.0429,0.9995808885163453,0.0,13.7871,0.0302,0.0,0.0,0.0,13.7871,0.030199999999999998,13.817300000000001,13.8214
2878,0.5447,0.0001,0.5448,0.0981,0.9998164464023495,0.00018355359765051397,29.7453,0.0563,0.0,0.0,0.0,29.745300000000004,0.05630000000000001,29.801600000000004,31.3048
2879,2.9592,0.0204,2.9796,0.5363,0.9931534434152235,0.006846556584776481,165.7673,12.3068,0.0,0.0,0.0,165.7673,12.306799999999999,178.07410000000002,192.0755
2880,0.5189,0.0001,0.5191,0.0934,0.9996147177807745,0.00019264110961279138,28.3636,0.0969,0.0,0.0,0.0,28.36360000000001,0.09690000000000001,28.46050000000001,29.4639
2881,4.1601,0.0159,4.176,0.7517,0.9961925287356321,0.003807471264367816,222.046,9.6306,0.0,0.0,0.0,222.04599999999996,9.6306,231.67659999999995,240.6767
2882,2.9665,0.0067,2.9732,0.5352,0.9977465357190906,0.002253464280909458,163.3606,4.2802,0.0,0.0,0.0,163.3606,4.280200000000001,167.6408,173.141
2883,2.8882,0.0028,2.8911,0.5204,0.9989969215869393,0.0009684895022655738,155.6277,1.7712,0.0,0.0,0.0,155.62770000000003,1.7712,157.39890000000003,161.8959
2884,2.7555,0.0056,2.7611,0.497,0.9979718228242368,0.0020281771757632828,150.9344,3.5015,0.0,0.0,0.0,150.9344,3.5015,154.4359,164.9385
2885,0.3105,0.0001,0.3106,0.0559,0.9996780424983902,0.00032195750160978755,17.1103,0.0363,0.0,0.0,0.0,17.110300000000006,0.036300000000000006,17.146600000000007,17.1478
2886,3.7779,0.0067,3.7846,0.6812,0.9982296676002747,0.001770332399725202,212.2214,4.4285,0.0,0.0,0.0,212.22139999999993,4.4285,216.64989999999995,225.1494
2887,3.2626,0.0026,3.2652,0.5877,0.9992037241210339,0.0007962758789660663,178.9089,1.538,0.0,0.0,0.0,178.90890000000005,1.538,180.44690000000006,183.4489
2888,0.6738,0.0002,0.674,0.1213,0.9997032640949554,0.0002967359050445104,38.6613,0.1479,0.0,0.0,0.0,38.66129999999999,0.1479,38.80919999999999,39.8072
2889,0.5609,0.0001,0.561,0.101,0.9998217468805702,0.00017825311942959,30.1381,0.0781,0.0,0.0,0.0,30.138099999999998,0.07810000000000002,30.216199999999997,31.716
2890,0.3848,0.0002,0.3849,0.0693,0.9997401922577291,0.0005196154845414394,19.7872,0.1255,0.0,0.0,0.0,19.787200000000006,0.1255,19.912700000000005,20.913
2891,3.5449,0.0035,3.5484,0.6387,0.9990136399504003,0.0009863600495998196,187.5295,2.0328,0.0,0.0,0.0,187.52950000000004,2.0327999999999995,189.56230000000005,195.0589
2892,0.4399,0.0,0.4399,0.0792,1.0,0.0,24.5107,0.0181,0.0,0.0,0.0,24.5107,0.018099999999999998,24.5288,24.5252
2893,3.5881,0.0209,3.609,0.6496,0.9942089221390966,0.005791077860903297,194.5757,12.9682,0.0,0.0,0.0,194.57569999999996,12.968200000000001,207.54389999999995,211.0469
2894,0.3712,0.0,0.3713,0.0668,0.9997306760032317,0.0,19.0911,0.0255,0.0,0.0,0.0,19.0911,0.025500000000000002,19.116600000000002,19.1143
2895,2.2451,0.0008,2.2459,0.4043,0.9996437953604346,0.0003562046395654304,120.8697,0.4975,0.0,0.0,0.0,120.8697,0.49750000000000005,121.3672,123.3625
2896,3.4672,0.0025,3.4697,0.6246,0.9992794766118108,0.0007205233881891806,187.0599,1.5737,0.0,0.0,0.0,187.05990000000008,1.5737,188.6336000000001,197.6323
2897,2.8468,0.0058,2.8525,0.5135,0.9980017528483786,0.0020333041191936897,164.9741,3.7353,0.0,0.0,0.0,164.9741,3.7353000000000005,168.7094,176.2088
2898,2.7047,0.0228,2.7275,0.491,0.9916406966086159,0.008359303391384052,159.4815,15.0724,0.0,0.0,0.0,159.48149999999993,15.072400000000002,174.55389999999994,183.5535
2899,0.2168,0.0001,0.2168,0.039,1.0,0.0004612546125461255,11.1474,0.0594,0.0,0.0,0.0,11.1474,0.059399999999999994,11.2068,11.2058
2900,2.4574,0.0013,2.4587,0.4426,0.9994712653028023,0.0005287346971977061,132.2155,0.7871,0.0,0.0,0.0,132.2155,0.7871,133.0026,133.9987
2901,2.8711,0.0029,2.874,0.5173,0.998990953375087,0.001009046624913013,153.689,1.7744,0.0,0.0,0.0,153.68899999999994,1.7744,155.46339999999992,159.4588
2902,0.5515,0.0,0.5515,0.0993,1.0,0.0,28.3633,0.0221,0.0,0.0,0.0,28.363300000000006,0.022099999999999998,28.385400000000004,29.3864
2903,3.6141,0.0229,3.637,0.6547,0.9937036018696729,0.0062963981303271925,187.4543,14.4976,0.0,0.0,0.0,187.45429999999993,14.497600000000002,201.95189999999994,210.9558
2904,1.0646,0.0005,1.0651,0.1917,0.9995305605107502,0.00046943948924983573,62.092,0.3397,0.0,0.0,0.0,62.09200000000001,0.3397,62.43170000000001,69.9276
2905,1.887,0.0014,1.8884,0.3399,0.9992586316458377,0.0007413683541622537,102.0668,0.8892,0.0,0.0,0.0,102.06679999999997,0.8891999999999999,102.95599999999997,110.4571
2906,0.4146,0.0001,0.4147,0.0746,0.9997588618278274,0.00024113817217265494,22.9983,0.032,0.0,0.0,0.0,22.998299999999997,0.03200000000000001,23.030299999999997,24.0273
2907,3.5061,0.0046,3.5107,0.6319,0.9986897199988607,0.001310280001139374,185.3634,2.841,0.0,0.0,0.0,185.36340000000004,2.8409999999999997,188.20440000000005,197.2067
2908,3.0019,0.0104,3.0123,0.5422,0.9965474886299505,0.0034525113700494634,167.7673,6.5121,0.0,0.0,0.0,167.7673,6.512099999999999,174.2794,181.7834
2909,0.6785,0.0005,0.679,0.1222,0.9992636229749631,0.0007363770250368188,36.8697,0.3032,0.0,0.0,0.0,36.8697,0.30319999999999997,37.1729,38.1743
2910,1.8818,0.0008,1.8826,0.3389,0.9995750557739296,0.00042494422607032827,102.5212,0.4733,0.0,0.0,0.0,102.52120000000002,0.47330000000000005,102.99450000000002,104.9944
2911,3.3684,0.0169,3.3854,0.6094,0.9949784368169197,0.00499202457612099,174.046,10.3896,0.0,0.0,0.0,174.04599999999996,10.3896,184.43559999999997,199.4365
2912,3.1525,0.0049,3.1574,0.5683,0.998448090200798,0.001551909799201875,177.4544,3.1734,0.0,0.0,0.0,177.4544,3.1734000000000004,180.62779999999998,183.6251
2913,3.3395,0.0139,3.3534,0.6036,0.9958549531818452,0.004145046818154708,175.2215,9.3963,0.0,0.0,0.0,175.22149999999993,9.3963,184.61779999999993,188.1158
2914,3.8192,0.0047,3.8239,0.6883,0.9987708883600512,0.0012291116399487435,204.3836,3.1707,0.0,0.0,0.0,204.38360000000003,3.1707,207.55430000000004,210.0512
2915,1.0372,0.0006,1.0377,0.1868,0.9995181651729785,0.0005782017924255565,57.6611,0.3529,0.0,0.0,0.0,57.66109999999999,0.35290000000000005,58.01399999999999,58.0173
2916,0.2516,0.0,0.2516,0.0453,1.0,0.0,14.152,0.0077,0.0,0.0,0.0,14.152000000000003,0.007700000000000001,14.159700000000003,14.1548
2917,2.8391,0.005,2.8442,0.5119,0.9982068771535055,0.0017579635749947263,166.1711,3.242,0.0,0.0,0.0,166.17109999999997,3.2420000000000004,169.41309999999996,177.4149
2918,3.3528,0.018,3.3708,0.6067,0.9946600213599145,0.005339978640085439,175.9092,11.5331,0.0,0.0,0.0,175.9092,11.533100000000001,187.4423,195.9418
2919,0.4381,0.0004,0.4384,0.0789,0.9993156934306568,0.0009124087591240876,22.5293,0.2301,0.0,0.0,0.0,22.5293,0.2301,22.7594,22.7602
2920,2.3672,0.0086,2.3758,0.4276,0.9963801666806971,0.003619833319302972,130.6551,5.3407,0.0,0.0,0.0,130.6551,5.3407,135.9958,152.9998
2921,1.5183,0.0016,1.5199,0.2736,0.9989472991644187,0.0010527008355812884,81.8405,0.9601,0.0,0.0,0.0,81.84049999999998,0.9601000000000001,82.80059999999997,84.7983
2922,1.7285,0.0012,1.7297,0.3113,0.9993062380759669,0.0006937619240330692,93.7215,0.7621,0.0,0.0,0.0,93.7215,0.7621,94.48360000000001,98.9816
2923,3.1322,0.0018,3.134,0.5641,0.9994256541161456,0.000574345883854499,170.8547,1.156,0.0,0.0,0.0,170.8547,1.1560000000000001,172.0107,174.0126
2924,0.3516,0.0001,0.3518,0.0633,0.999431495167709,0.0002842524161455373,19.6465,0.0845,0.0,0.0,0.0,19.646499999999996,0.0845,19.730999999999995,19.7307
2925,0.4896,0.0001,0.4897,0.0881,0.9997957933428628,0.00020420665713702266,26.3844,0.0513,0.0,0.0,0.0,26.384400000000007,0.05129999999999999,26.435700000000008,27.4361
2926,2.1216,0.003,2.1246,0.3824,0.9985879695001412,0.001412030499858797,114.6274,1.9515,0.0,0.0,0.0,114.62740000000002,1.9515000000000002,116.57890000000002,131.0839
2927,3.2143,0.0069,3.2211,0.5798,0.997888919934184,0.0021421253609015555,165.7175,4.3814,0.0,0.0,0.0,165.71750000000006,4.3814,170.09890000000007,178.1025
2928,2.7263,0.0167,2.743,0.4937,0.9939117754283632,0.006088224571636894,145.3836,10.2941,0.0,0.0,0.0,145.38360000000006,10.2941,155.67770000000007,161.1804
2929,1.7399,0.0015,1.7415,0.3135,0.9990812517944301,0.0008613264427217916,100.1705,0.984,0.0,0.0,0.0,100.17050000000002,0.984,101.15450000000001,106.6526
2930,2.5148,0.0052,2.5199,0.4536,0.9979761101631018,0.0020635739513472757,140.0586,3.3701,0.0,0.0,0.0,140.0586,3.3701,143.42870000000002,151.4333
2931,0.1728,0.0001,0.1729,0.0311,0.9994216310005785,0.0005783689994216311,9.0595,0.0646,0.0,0.0,0.0,9.0595,0.0646,9.1241,9.1195
2932,2.2414,0.0021,2.2436,0.4038,0.9990194330540204,0.0009359957211624176,121.0921,1.321,0.0,0.0,0.0,121.09209999999999,1.3210000000000002,122.41309999999999,127.4125
2933,0.4619,0.0,0.4619,0.0831,1.0,0.0,25.0921,0.0194,0.0,0.0,0.0,25.09209999999999,0.019399999999999997,25.111499999999992,25.1072
2934,1.8212,0.0006,1.8218,0.3279,0.9996706553957624,0.0003293446042375672,97.3103,0.3621,0.0,0.0,0.0,97.31029999999997,0.3621,97.67239999999997,102.6712
2935,2.5014,0.002,2.5034,0.4506,0.9992010865223295,0.0007989134776703683,133.1101,1.2404,0.0,0.0,0.0,133.11010000000005,1.2403999999999997,134.35050000000004,136.8456
2936,2.3118,0.0013,2.3131,0.4164,0.9994379836582941,0.0005620163417059357,120.7213,0.8359,0.0,0.0,0.0,120.72130000000001,0.8358999999999999,121.55720000000001,122.5597
2937,0.5348,0.0,0.5348,0.0963,1.0,0.0,28.274,0.0135,0.0,0.0,0.0,28.27400000000001,0.0135,28.287500000000012,28.2908
2938,2.8913,0.0169,2.9082,0.5235,0.9941888453338836,0.005811154666116498,158.5755,10.9226,0.0,0.0,0.0,158.57549999999998,10.922600000000001,169.49809999999997,178.9945
2939,1.9002,0.0066,1.9068,0.3432,0.9965387035871617,0.003461296412838263,99.3724,4.113,0.0,0.0,0.0,99.3724,4.1129999999999995,103.4854,110.4833
2940,0.9586,0.0009,0.9595,0.1727,0.9990620114643043,0.0009379885356956748,52.8936,0.5432,0.0,0.0,0.0,52.89359999999998,0.5432,53.43679999999998,57.9416
2941,0.278,0.0,0.278,0.05,1.0,0.0,15.3836,0.011,0.0,0.0,0.0,15.383599999999998,0.011,15.394599999999997,15.3936
2942,0.6538,0.0,0.6539,0.1177,0.999847071417648,0.0,35.1705,0.0244,0.0,0.0,0.0,35.1705,0.024399999999999995,35.1949,36.1923
2943,3.0641,0.0247,3.0888,0.556,0.992003367003367,0.007996632996632997,160.7451,15.1101,0.0,0.0,0.0,160.74510000000004,15.1101,175.85520000000002,180.3522
2944,2.9454,0.0088,2.9543,0.5318,0.9969874420336459,0.002978709000440037,153.1712,5.8069,0.0,0.0,0.0,153.17119999999997,5.806900000000001,158.97809999999998,167.975
2945,2.3651,0.0063,2.3715,0.4269,0.9973012861058401,0.0026565464895635673,130.0586,3.9087,0.0,0.0,0.0,130.0586,3.9087,133.96730000000002,144.9686
2946,1.7538,0.0018,1.7556,0.316,0.9989747095010253,0.0010252904989747095,100.7675,1.165,0.0,0.0,0.0,100.76750000000001,1.1649999999999998,101.93250000000002,107.932
2947,2.7318,0.0046,2.7364,0.4925,0.9983189592164887,0.0016810407835111825,154.2741,3.0474,0.0,0.0,0.0,154.27409999999992,3.0473999999999997,157.32149999999993,163.3175
2948,0.662,0.0001,0.6621,0.1192,0.9998489654130797,0.00015103458692040478,34.3777,0.0583,0.0,0.0,0.0,34.377700000000004,0.058300000000000005,34.43600000000001,34.9386
2949,0.2659,0.0,0.2659,0.0479,1.0,0.0,14.2158,0.0287,0.0,0.0,0.0,14.215799999999994,0.028699999999999993,14.244499999999995,14.2416
2950,2.5903,0.008,2.5983,0.4677,0.9969210637724666,0.003078936227533387,151.1714,5.0052,0.0,0.0,0.0,151.17139999999998,5.0051999999999985,156.17659999999998,162.6774
2951,0.9915,0.001,0.9924,0.1786,0.9990931076178962,0.001007658202337767,56.5542,0.5748,0.0,0.0,0.0,56.55420000000001,0.5748,57.12900000000001,61.1271
2952,3.0119,0.0118,3.0237,0.5443,0.9960974964447531,0.003902503555246883,167.1705,7.759,0.0,0.0,0.0,167.17050000000006,7.7589999999999995,174.92950000000005,177.9264
2953,2.8256,0.0048,2.8304,0.5095,0.9983041266252121,0.0016958733747880156,149.1843,2.9177,0.0,0.0,0.0,149.18429999999992,2.9177,152.10199999999992,157.6016
2954,1.8998,0.0016,1.9013,0.3422,0.9992110661126598,0.0008415294798295903,101.192,0.9835,0.0,0.0,0.0,101.19200000000002,0.9835,102.17550000000003,107.6761
2955,0.4287,0.0,0.4287,0.0772,1.0,0.0,22.378,0.0125,0.0,0.0,0.0,22.378,0.012499999999999999,22.3905,22.3916
2956,2.35,0.0214,2.3714,0.4269,0.9909757948890952,0.00902420511090495,138.6863,13.4361,0.0,0.0,0.0,138.6863,13.436100000000001,152.1224,163.6193
2957,0.472,0.0,0.472,0.085,1.0,0.0,24.2741,0.0122,0.0,0.0,0.0,24.274100000000008,0.012199999999999997,24.286300000000008,24.2853
2958,2.728,0.0189,2.747,0.4945,0.9930833636694577,0.006880232981434292,152.1717,11.5521,0.0,0.0,0.0,152.1717,11.552100000000001,163.72379999999998,168.228
2959,2.5379,0.0071,2.5451,0.4581,0.9971710345369533,0.0027896742760598796,142.9981,4.3991,0.0,0.0,0.0,142.9981,4.3991,147.3972,153.401
2960,1.7994,0.0051,1.8045,0.3248,0.9971737323358272,0.0028262676641729015,105.7216,3.149,0.0,0.0,0.0,105.72160000000002,3.1490000000000005,108.87060000000002,111.3727
2961,2.2805,0.0052,2.2857,0.4114,0.9977249857811612,0.0022750142188388677,130.5298,3.633,0.0,0.0,0.0,130.5298,3.6330000000000005,134.1628,149.164
2962,1.37,0.0016,1.3716,0.2469,0.9988334791484399,0.0011665208515602217,70.7947,0.9533,0.0,0.0,0.0,70.7947,0.9533,71.748,81.7482
2963,2.8137,0.0047,2.8184,0.5073,0.9983323871700255,0.0016676128299744537,147.1712,2.8538,0.0,0.0,0.0,147.17119999999997,2.8538,150.02499999999998,159.5214
2964,1.101,0.0003,1.1013,0.1982,0.9997275946608554,0.00027240533914464724,60.182,0.1888,0.0,0.0,0.0,60.18199999999999,0.18880000000000002,60.37079999999999,61.8712
2965,1.8296,0.0168,1.8464,0.3324,0.9909012131715771,0.009098786828422877,99.3636,10.8639,0.0,0.0,0.0,99.36359999999999,10.8639,110.22749999999999,123.7278
2966,2.5558,0.0035,2.5594,0.4607,0.9985934203328906,0.001367508009689771,134.2741,2.1809,0.0,0.0,0.0,134.27410000000003,2.1809,136.45500000000004,138.9565
2967,0.561,0.0,0.561,0.101,1.0,0.0,30.1381,0.0227,0.0,0.0,0.0,30.1381,0.0227,30.160800000000002,30.6643
2968,0.1858,0.0,0.1859,0.0335,0.9994620763851532,0.0,9.8935,0.0263,0.0,0.0,0.0,9.893500000000003,0.026299999999999997,9.919800000000004,9.9148
2969,2.8105,0.0018,2.8123,0.5062,0.9993599544856524,0.000640045514347687,146.0669,1.0507,0.0,0.0,0.0,146.06689999999995,1.0506999999999997,147.11759999999995,151.1224
2970,0.6786,0.0006,0.6793,0.1223,0.9989695274547328,0.0008832621816575886,35.5742,0.4074,0.0,0.0,0.0,35.574200000000005,0.40739999999999993,35.98160000000001,39.9855
2971,0.6987,0.0006,0.6993,0.1259,0.9991419991419991,0.0008580008580008579,40.9344,0.376,0.0,0.0,0.0,40.9344,0.376,41.310399999999994,43.8096
2972,0.9352,0.0007,0.9359,0.1685,0.99925205684368,0.0007479431563201197,53.5299,0.4172,0.0,0.0,0.0,53.5299,0.4171999999999999,53.9471,54.4491
2973,1.8545,0.0188,1.8733,0.3372,0.9899642342390435,0.010035765760956602,98.6551,12.0189,0.0,0.0,0.0,98.6551,12.018899999999999,110.674,126.174
2974,0.6134,0.0003,0.6137,0.1105,0.9995111618054423,0.0004888381945576014,32.7217,0.2053,0.0,0.0,0.0,32.7217,0.2053,32.927,33.43
2975,1.814,0.0033,1.8173,0.3271,0.9981841192978596,0.0018158807021405382,102.9019,2.0318,0.0,0.0,0.0,102.90190000000003,2.0318,104.93370000000003,112.9383
2976,0.8954,0.0004,0.8958,0.1612,0.9995534717570885,0.00044652824291136416,48.1195,0.2704,0.0,0.0,0.0,48.119499999999995,0.27040000000000003,48.3899,48.3901
2977,0.2039,0.0,0.2039,0.0367,1.0,0.0,11.3609,0.0123,0.0,0.0,0.0,11.360899999999996,0.012299999999999998,11.373199999999995,11.3756
2978,2.5286,0.0066,2.5352,0.4563,0.9973966550962448,0.0026033449037551276,131.5299,4.1805,0.0,0.0,0.0,131.52989999999997,4.1805,135.71039999999996,140.2119
2979,1.0987,0.0012,1.0999,0.198,0.9989089917265205,0.001091008273479407,61.3635,0.7806,0.0,0.0,0.0,61.363499999999995,0.7806000000000001,62.144099999999995,69.1392
2980,1.1116,0.0001,1.1117,0.2001,0.9999100476747323,8.995232526760819e-05,60.5881,0.0525,0.0,0.0,0.0,60.5881,0.052500000000000005,60.6406,60.6419
2981,0.4461,0.0006,0.4467,0.0804,0.9986568166554735,0.0013431833445265277,23.3275,0.3727,0.0,0.0,0.0,23.3275,0.37270000000000003,23.700200000000002,24.1965
2982,0.35,0.0002,0.3502,0.063,0.9994288977727012,0.0005711022272986865,18.7871,0.1221,0.0,0.0,0.0,18.787100000000006,0.12209999999999997,18.909200000000006,19.4063
2983,0.3165,0.0003,0.3167,0.057,0.9993684875276287,0.0009472687085569939,17.5692,0.1525,0.0,0.0,0.0,17.5692,0.15250000000000002,17.7217,20.2194
2984,1.834,0.0149,1.8489,0.3328,0.9919411541997946,0.008058845800205527,104.3249,9.1151,0.0,0.0,0.0,104.32489999999999,9.1151,113.43999999999998,119.9429
2985,2.0755,0.0056,2.0811,0.3746,0.9973091153716783,0.0026908846283215603,111.0589,3.6712,0.0,0.0,0.0,111.05890000000001,3.6712,114.73010000000001,124.7263
2986,2.1202,0.013,2.1332,0.384,0.9939058691168199,0.006094130883180199,122.4347,8.0625,0.0,0.0,0.0,122.43470000000003,8.0625,130.49720000000002,135.4967
2987,0.1393,0.0002,0.1395,0.0251,0.9985663082437276,0.0014336917562724014,8.3607,0.1055,0.0,0.0,0.0,8.360700000000001,0.1055,8.4662,8.9614
2988,1.0678,0.0015,1.0693,0.1925,0.9985972131300852,0.0014027868699148978,61.6275,0.9403,0.0,0.0,0.0,61.627500000000005,0.9403,62.567800000000005,66.0633
2989,2.0718,0.0064,2.0782,0.3741,0.9969204118949092,0.0030795881050909445,110.5543,4.1409,0.0,0.0,0.0,110.55430000000003,4.1409,114.69520000000003,127.6916
2990,1.6361,0.0014,1.6375,0.2947,0.999145038167939,0.0008549618320610687,86.0909,0.8494,0.0,0.0,0.0,86.09090000000002,0.8494000000000002,86.94030000000002,90.9449
2991,0.7599,0.0011,0.761,0.137,0.9985545335085414,0.0014454664914586072,42.1919,0.6551,0.0,0.0,0.0,42.1919,0.6551,42.846999999999994,50.3427
2992,0.4703,0.0003,0.4706,0.0847,0.9993625159371016,0.0006374840628984275,26.9986,0.1659,0.0,0.0,0.0,26.998599999999996,0.16590000000000002,27.164499999999997,27.1632
2993,0.3004,0.0002,0.3006,0.0541,0.9993346640053228,0.0006653359946773122,17.7949,0.1328,0.0,0.0,0.0,17.7949,0.1328,17.927699999999998,21.4278
2994,0.4634,0.0,0.4634,0.0834,1.0,0.0,26.067,0.014,0.0,0.0,0.0,26.067,0.013999999999999999,26.081,26.0776
2995,1.2429,0.0017,1.2446,0.224,0.9986340993090149,0.0013659006909850554,69.5741,1.0237,0.0,0.0,0.0,69.57410000000003,1.0237,70.59780000000003,72.6002
2996,1.8663,0.0157,1.8819,0.3387,0.9917105053403477,0.008342632445932302,101.6612,9.4422,0.0,0.0,0.0,101.66120000000001,9.4422,111.10340000000001,120.6046
2997,0.3282,0.0001,0.3283,0.0591,0.9996954005482791,0.0003045994517209869,17.3778,0.0637,0.0,0.0,0.0,17.3778,0.0637,17.4415,17.9437
2998,1.9144,0.0057,1.9201,0.3456,0.9970314046143431,0.0029685953856569973,104.1196,3.7418,0.0,0.0,0.0,104.11959999999999,3.7418,107.86139999999999,115.8637
2999,0.3955,0.0004,0.3959,0.0713,0.9989896438494571,0.0010103561505430665,22.6364,0.2425,0.0,0.0,0.0,22.63639999999999,0.2425,22.87889999999999,24.3747
