job_id,num_qubits,depth,priority,arrival_time,num_shots,req_iterations,cpu_units,mem_bw
0,15,11,2,1.8337,6000,7,10,20
1,16,10,2,3.682,3000,7,10,20
2,16,19,2,4.3144,4000,5,10,20
3,10,12,2,4.9208,6000,8,7,14
4,14,12,2,9.1753,8000,3,9,19
5,16,19,2,10.2836,5000,4,10,20
6,11,19,2,10.6186,5000,8,8,15
7,17,14,2,13.2434,4000,5,10,20
8,16,18,2,14.1661,9000,4,10,20
9,14,12,2,14.6397,8000,7,9,19
10,11,17,2,19.2522,3000,4,8,15
11,20,10,2,21.0853,8000,7,10,20
12,12,14,2,21.126,6000,9,8,17
13,16,18,2,21.3277,4000,8,10,20
14,17,13,2,21.785,9000,3,10,20
15,10,14,2,22.2591,6000,7,7,14
16,11,17,2,22.4989,2000,3,8,15
17,14,12,2,23.3846,4000,7,9,19
18,19,10,2,24.0888,7000,3,10,20
19,11,14,2,24.6804,7000,8,8,15
20,17,16,2,26.1085,7000,6,10,20
21,17,18,2,27.3635,9000,9,10,20
22,17,19,2,27.4221,2000,3,10,20
23,16,13,2,27.934,2000,5,10,20
24,10,14,2,28.3052,2000,7,7,14
25,13,18,2,28.8753,3000,6,9,18
26,12,11,2,30.663,5000,4,8,17
27,13,14,2,32.0068,6000,9,9,18
28,19,18,2,32.5302,2000,9,10,20
29,10,16,2,33.5676,7000,7,7,14
30,18,18,2,35.2372,4000,7,10,20
31,15,18,2,36.0618,2000,4,10,20
32,10,17,2,36.9441,7000,5,7,14
33,15,20,2,37.458,6000,3,10,20
34,18,10,2,37.6045,2000,9,10,20
35,16,10,2,39.2927,5000,8,10,20
36,15,11,2,39.9956,3000,5,10,20
37,20,11,2,40.0518,8000,8,10,20
38,10,13,2,40.6281,7000,4,7,14
39,16,15,2,43.6183,9000,7,10,20
40,10,15,2,44.8672,7000,7,7,14
41,16,15,2,49.1172,7000,6,10,20
42,20,16,2,49.2265,3000,4,10,20
43,17,17,2,51.0843,2000,9,10,20
44,19,13,2,52.8873,7000,7,10,20
45,17,18,2,55.1533,7000,4,10,20
46,15,20,2,56.4444,2000,8,10,20
47,12,14,2,58.239,3000,7,8,17
48,10,12,2,59.121,7000,9,7,14
49,19,15,2,59.2758,3000,9,10,20
50,18,11,2,59.4498,4000,7,10,20
51,11,13,2,59.9689,9000,8,8,15
52,19,17,2,61.1689,6000,7,10,20
53,20,15,2,61.18,9000,4,10,20
54,12,10,2,63.6051,3000,9,8,17
55,14,15,2,64.1722,7000,6,9,19
56,10,15,2,64.6463,5000,5,7,14
57,13,17,2,67.0506,7000,9,9,18
58,12,16,2,67.939,7000,6,8,17
59,14,12,2,68.0808,3000,7,9,19
60,11,18,2,68.0971,7000,3,8,15
61,17,12,2,68.5827,6000,5,10,20
62,18,10,2,68.7834,9000,9,10,20
63,14,10,2,69.1341,9000,3,9,19
64,11,15,2,70.3171,3000,9,8,15
65,14,11,2,71.454,5000,4,9,19
66,17,19,2,71.8149,6000,4,10,20
67,19,14,2,72.6965,9000,3,10,20
68,19,12,2,72.896,5000,4,10,20
69,10,20,2,73.3606,9000,9,7,14
70,15,16,2,74.4527,2000,4,10,20
71,18,17,2,74.6312,5000,3,10,20
72,14,11,2,74.6681,3000,6,9,19
73,15,20,2,77.4932,3000,4,10,20
74,16,14,2,77.7007,4000,6,10,20
75,12,19,2,78.8186,2000,7,8,17
76,13,12,2,79.1174,6000,4,9,18
77,20,12,2,80.1041,4000,8,10,20
78,19,15,2,83.8392,8000,9,10,20
79,17,18,2,84.1263,2000,5,10,20
80,12,19,2,84.4247,3000,3,8,17
81,12,17,2,84.9201,2000,9,8,17
82,12,20,2,84.9251,8000,9,8,17
83,17,11,2,86.6771,7000,6,10,20
84,20,20,2,87.2012,9000,6,10,20
85,19,10,2,87.2178,6000,7,10,20
86,17,20,2,87.6588,4000,9,10,20
87,18,10,2,87.8987,2000,5,10,20
88,10,17,2,88.2351,7000,4,7,14
89,20,11,2,88.7124,2000,5,10,20
90,11,15,2,90.5709,3000,9,8,15
91,17,13,2,90.5925,2000,4,10,20
92,12,13,2,90.6891,2000,6,8,17
93,11,12,2,91.4067,6000,5,8,15
94,11,12,2,92.1473,5000,5,8,15
95,17,20,2,92.2091,9000,9,10,20
96,13,12,2,92.4029,2000,7,9,18
97,10,14,2,92.4564,8000,7,7,14
98,19,13,2,93.8823,4000,9,10,20
99,12,20,2,94.3969,3000,4,8,17
100,10,18,2,96.5358,9000,8,7,14
101,20,13,2,97.7444,7000,3,10,20
102,17,12,2,98.5226,9000,3,10,20
103,18,15,2,98.772,7000,9,10,20
104,17,18,2,98.839,6000,3,10,20
105,20,18,2,100.3086,6000,9,10,20
106,17,15,2,101.2663,8000,8,10,20
107,19,18,2,102.6506,9000,8,10,20
108,12,18,2,102.8285,3000,9,8,17
109,19,10,2,103.419,8000,4,10,20
110,20,18,2,103.5007,6000,5,10,20
111,10,14,2,105.0924,3000,9,7,14
112,20,11,2,105.2726,8000,3,10,20
113,15,10,2,105.5048,7000,8,10,20
114,12,15,2,107.0228,2000,5,8,17
115,14,13,2,107.0901,3000,7,9,19
116,18,18,2,109.0073,9000,7,10,20
117,15,11,2,110.3239,6000,9,10,20
118,18,15,2,112.6386,5000,5,10,20
119,20,19,2,113.0231,3000,6,10,20
120,11,12,2,113.1053,8000,8,8,15
121,19,18,2,113.8539,7000,6,10,20
122,20,15,2,114.1835,8000,9,10,20
123,11,12,2,114.5396,9000,4,8,15
124,10,18,2,114.8844,6000,8,7,14
125,10,13,2,115.3952,5000,5,7,14
126,14,17,2,118.3052,3000,5,9,19
127,14,19,2,118.5311,4000,6,9,19
128,13,19,2,119.0308,4000,6,9,18
129,20,17,2,119.8196,3000,3,10,20
130,16,20,2,121.0008,5000,4,10,20
131,14,17,2,123.3927,8000,8,9,19
132,16,15,2,123.7153,3000,5,10,20
133,12,11,2,123.7997,4000,5,8,17
134,11,15,2,124.5911,6000,8,8,15
135,10,18,2,125.1649,5000,6,7,14
136,13,17,2,128.1639,7000,5,9,18
137,19,12,2,134.3814,7000,7,10,20
138,13,12,2,136.5671,3000,3,9,18
139,10,11,2,136.6268,4000,9,7,14
140,20,18,2,137.5729,2000,8,10,20
141,15,19,2,138.8029,2000,3,10,20
142,14,18,2,140.5814,8000,6,9,19
143,16,12,2,141.4871,7000,5,10,20
144,13,20,2,141.5377,8000,7,9,18
145,12,10,2,141.7646,6000,4,8,17
146,15,15,2,141.9905,8000,5,10,20
147,14,18,2,145.3551,7000,4,9,19
148,17,16,2,145.7407,9000,6,10,20
149,18,10,2,147.1349,8000,8,10,20
150,20,14,2,147.4228,9000,8,10,20
151,18,14,2,147.8685,6000,6,10,20
152,11,18,2,148.1538,8000,8,8,15
153,17,20,2,152.8591,3000,9,10,20
154,13,11,2,153.5863,8000,4,9,18
155,10,20,2,153.6314,4000,6,7,14
156,13,11,2,153.9105,4000,6,9,18
157,18,15,2,157.0362,2000,7,10,20
158,14,11,2,157.7744,6000,8,9,19
159,14,17,2,157.8896,4000,9,9,19
160,18,13,2,158.1367,2000,4,10,20
161,11,13,2,158.5508,5000,4,8,15
162,17,11,2,159.8802,5000,6,10,20
163,13,14,2,160.289,6000,7,9,18
164,13,16,2,161.2254,8000,4,9,18
165,13,20,2,163.5506,5000,8,9,18
166,11,12,2,163.554,3000,6,8,15
167,19,13,2,164.1369,4000,3,10,20
168,20,20,2,164.6976,6000,6,10,20
169,13,16,2,164.9837,3000,8,9,18
170,18,12,2,165.4323,3000,7,10,20
171,12,20,2,165.731,7000,5,8,17
172,20,15,2,167.1095,5000,3,10,20
173,10,11,2,169.9919,9000,4,7,14
174,17,10,2,170.3053,6000,7,10,20
175,13,11,2,170.5872,6000,3,9,18
176,15,17,2,170.9482,6000,4,10,20
177,20,10,2,173.1902,3000,9,10,20
178,19,12,2,175.8224,7000,6,10,20
179,11,12,2,176.3515,2000,3,8,15
180,12,15,2,176.4662,8000,3,8,17
181,18,19,2,177.0124,6000,4,10,20
182,18,14,2,177.942,9000,6,10,20
183,15,10,2,178.0976,3000,6,10,20
184,20,19,2,178.7249,6000,3,10,20
185,18,10,2,181.0538,7000,3,10,20
186,20,19,2,181.2913,3000,4,10,20
187,13,14,2,184.7268,2000,6,9,18
188,16,13,2,189.3949,8000,3,10,20
189,14,20,2,190.7263,9000,8,9,19
190,19,17,2,192.0783,8000,3,10,20
191,16,11,2,194.2814,5000,7,10,20
192,16,10,2,194.9993,6000,7,10,20
193,12,12,2,195.8455,5000,3,8,17
194,10,11,2,196.9812,4000,3,7,14
195,15,11,2,197.5729,5000,9,10,20
196,12,17,2,198.851,2000,9,8,17
197,13,10,2,200.0276,7000,7,9,18
198,20,15,2,200.2331,4000,3,10,20
199,11,16,2,200.6642,6000,9,8,15
200,10,17,2,200.83,6000,4,7,14
201,18,17,2,204.2285,6000,3,10,20
202,18,19,2,204.4599,7000,5,10,20
203,12,19,2,205.6455,7000,9,8,17
204,19,16,2,206.1519,8000,3,10,20
205,13,15,2,207.6237,9000,7,9,18
206,15,19,2,208.3015,8000,9,10,20
207,17,14,2,208.4183,4000,6,10,20
208,10,13,2,209.0814,7000,8,7,14
209,10,17,2,210.7337,9000,9,7,14
210,16,19,2,211.3865,5000,5,10,20
211,12,10,2,212.4262,9000,7,8,17
212,11,12,2,213.8291,7000,5,8,15
213,14,17,2,214.0341,7000,3,9,19
214,19,20,2,219.9257,3000,7,10,20
215,17,12,2,220.0812,7000,8,10,20
216,20,11,2,220.3487,6000,7,10,20
217,20,17,2,221.5431,6000,5,10,20
218,19,16,2,222.5112,6000,9,10,20
219,17,17,2,223.7907,3000,4,10,20
220,19,18,2,224.6419,7000,3,10,20
221,13,15,2,225.3138,3000,3,9,18
222,16,11,2,228.1497,5000,7,10,20
223,17,17,2,228.2396,9000,3,10,20
224,11,10,2,229.8123,4000,9,8,15
225,20,17,2,229.8814,4000,8,10,20
226,20,15,2,230.7563,2000,9,10,20
227,20,15,2,232.1961,7000,5,10,20
228,16,13,2,232.6496,9000,4,10,20
229,15,12,2,235.9627,4000,7,10,20
230,16,12,2,238.0296,3000,6,10,20
231,10,13,2,240.3756,8000,4,7,14
232,13,15,2,242.0714,4000,6,9,18
233,10,15,2,243.0165,5000,3,7,14
234,12,14,2,244.236,8000,8,8,17
235,13,11,2,244.871,7000,3,9,18
236,11,17,2,245.4085,2000,7,8,15
237,17,15,2,245.5255,2000,5,10,20
238,12,14,2,247.4563,8000,5,8,17
239,19,20,2,247.796,2000,4,10,20
240,18,18,2,248.1106,8000,8,10,20
241,15,10,2,249.7318,4000,3,10,20
242,11,19,2,250.5778,9000,7,8,15
243,13,20,2,251.2215,6000,3,9,18
244,20,17,2,252.6061,9000,3,10,20
245,18,14,2,253.1687,5000,6,10,20
246,13,10,2,254.0789,8000,3,9,18
247,20,13,2,258.3609,6000,8,10,20
248,14,12,2,260.8241,4000,9,9,19
249,17,14,2,261.7933,9000,5,10,20
250,18,18,2,263.3315,6000,4,10,20
251,13,20,2,267.7944,4000,6,9,18
252,18,10,2,269.3115,5000,3,10,20
253,17,10,2,269.482,7000,4,10,20
254,12,18,2,269.96,7000,4,8,17
255,17,20,2,272.393,9000,8,10,20
256,17,13,2,273.6336,6000,3,10,20
257,18,17,2,274.529,4000,9,10,20
258,14,19,2,274.6157,4000,9,9,19
259,20,13,2,274.8124,5000,8,10,20
260,20,17,2,275.2673,5000,8,10,20
261,15,16,2,276.0104,4000,3,10,20
262,12,14,2,277.114,7000,8,8,17
263,16,15,2,281.5158,7000,3,10,20
264,11,12,2,281.6421,8000,8,8,15
265,15,14,2,283.558,6000,8,10,20
266,18,12,2,284.2506,7000,8,10,20
267,15,11,2,284.5414,5000,4,10,20
268,17,20,2,286.0331,2000,5,10,20
269,18,11,2,286.0354,8000,6,10,20
270,19,10,2,286.3429,5000,3,10,20
271,15,17,2,287.9615,3000,9,10,20
272,11,17,2,287.9803,2000,6,8,15
273,10,13,2,288.5943,8000,8,7,14
274,15,16,2,292.3069,3000,9,10,20
275,20,13,2,293.4252,3000,8,10,20
276,14,12,2,294.2383,4000,9,9,19
277,20,17,2,294.9258,5000,3,10,20
278,10,12,2,295.5676,3000,9,7,14
279,15,10,2,296.756,7000,6,10,20
280,13,16,2,297.8337,7000,9,9,18
281,18,18,2,300.6458,5000,4,10,20
282,16,20,2,302.7519,5000,6,10,20
283,17,14,2,304.092,6000,6,10,20
284,18,11,2,305.0688,9000,3,10,20
285,13,12,2,306.5821,6000,9,9,18
286,18,11,2,306.6058,9000,7,10,20
287,17,15,2,306.7409,3000,8,10,20
288,16,19,2,308.417,6000,7,10,20
289,12,15,2,309.4526,2000,4,8,17
290,19,12,2,309.4951,4000,9,10,20
291,16,19,2,309.712,9000,8,10,20
292,13,16,2,310.8756,9000,6,9,18
293,10,11,2,311.0245,2000,4,7,14
294,18,10,2,311.3517,3000,5,10,20
295,20,19,2,314.0872,6000,9,10,20
296,14,18,2,317.4628,5000,5,9,19
297,11,16,2,317.7094,3000,5,8,15
298,10,15,2,318.7725,6000,9,7,14
299,16,17,2,319.9873,9000,5,10,20
300,12,18,2,322.9719,2000,3,8,17
301,18,17,2,324.1619,4000,3,10,20
302,18,10,2,324.2145,3000,9,10,20
303,14,18,2,324.9653,3000,8,9,19
304,14,19,2,325.71,9000,8,9,19
305,17,14,2,326.1643,2000,9,10,20
306,15,20,2,326.7386,5000,6,10,20
307,14,13,2,326.857,9000,4,9,19
308,13,15,2,328.1696,8000,6,9,18
309,16,12,2,328.2092,2000,7,10,20
310,17,19,2,329.5283,2000,3,10,20
311,10,18,2,329.804,6000,9,7,14
312,13,19,2,330.4508,5000,8,9,18
313,15,20,2,334.0076,5000,4,10,20
314,13,13,2,335.2378,7000,5,9,18
315,18,16,2,338.7038,5000,9,10,20
316,17,20,2,338.8501,7000,8,10,20
317,17,19,2,340.6415,9000,9,10,20
318,12,19,2,341.4683,4000,5,8,17
319,14,12,2,341.4917,5000,8,9,19
320,19,20,2,342.4587,9000,8,10,20
321,11,17,2,342.6604,2000,3,8,15
322,15,19,2,344.1244,9000,8,10,20
323,18,18,2,344.4291,8000,6,10,20
324,17,10,2,344.6752,3000,8,10,20
325,12,14,2,345.9361,3000,5,8,17
326,20,20,2,346.0503,4000,5,10,20
327,15,16,2,346.448,9000,3,10,20
328,12,18,2,346.7627,5000,7,8,17
329,11,20,2,347.532,8000,5,8,15
330,17,15,2,347.7914,5000,4,10,20
331,16,20,2,350.2215,6000,8,10,20
332,11,12,2,350.7542,6000,4,8,15
333,13,17,2,352.2589,5000,8,9,18
334,10,11,2,352.8241,3000,7,7,14
335,18,18,2,353.8223,4000,5,10,20
336,15,13,2,354.4358,3000,3,10,20
337,16,19,2,355.563,5000,6,10,20
338,18,16,2,356.3904,5000,5,10,20
339,11,12,2,357.8946,3000,6,8,15
340,14,15,2,359.1603,5000,7,9,19
341,12,13,2,360.6475,7000,6,8,17
342,16,12,2,361.4389,4000,8,10,20
343,16,15,2,363.3231,4000,9,10,20
344,19,14,2,364.1237,9000,9,10,20
345,13,11,2,364.3552,9000,5,9,18
346,11,18,2,364.508,6000,4,8,15
347,13,17,2,364.9778,3000,5,9,18
348,18,14,2,366.7247,5000,9,10,20
349,13,18,2,369.9784,4000,3,9,18
350,17,20,2,369.9864,8000,9,10,20
351,19,15,2,372.8932,7000,6,10,20
352,17,12,2,376.5058,4000,4,10,20
353,15,13,2,376.9182,3000,7,10,20
354,11,12,2,378.9162,6000,5,8,15
355,13,18,2,380.0655,9000,8,9,18
356,12,10,2,382.0882,7000,4,8,17
357,13,17,2,382.1306,9000,4,9,18
358,14,11,2,382.2018,9000,6,9,19
359,18,19,2,382.4235,6000,4,10,20
360,12,12,2,384.1212,2000,7,8,17
361,11,14,2,384.7879,2000,3,8,15
362,18,11,2,386.4875,3000,6,10,20
363,12,10,2,387.4357,5000,8,8,17
364,14,11,2,388.0038,9000,8,9,19
365,16,14,2,389.1219,3000,6,10,20
366,10,13,2,389.6006,3000,5,7,14
367,16,11,2,389.9986,6000,7,10,20
368,12,11,2,390.7311,5000,7,8,17
369,12,16,2,391.1708,2000,7,8,17
370,11,15,2,391.4066,7000,8,8,15
371,11,10,2,393.5488,2000,6,8,15
372,13,14,2,394.9586,4000,7,9,18
373,16,20,2,396.3242,5000,6,10,20
374,18,20,2,397.066,5000,9,10,20
375,16,14,2,399.3762,5000,3,10,20
376,19,14,2,402.5367,3000,8,10,20
377,13,16,2,403.4985,2000,3,9,18
378,15,19,2,403.9503,9000,3,10,20
379,17,10,2,404.2847,5000,7,10,20
380,12,16,2,405.4016,9000,7,8,17
381,16,19,2,405.7979,9000,4,10,20
382,12,10,2,406.3362,6000,4,8,17
383,11,20,2,408.5406,3000,6,8,15
384,10,13,2,410.3523,4000,4,7,14
385,20,11,2,410.4449,4000,3,10,20
386,14,10,2,410.902,8000,8,9,19
387,18,10,2,411.5518,4000,6,10,20
388,20,18,2,413.0093,8000,8,10,20
389,13,11,2,414.2204,9000,7,9,18
390,12,19,2,415.1801,7000,5,8,17
391,14,15,2,415.1919,6000,4,9,19
392,15,12,2,418.1018,2000,4,10,20
393,16,16,2,419.3089,2000,6,10,20
394,18,15,2,420.0572,5000,5,10,20
395,20,18,2,422.3179,7000,8,10,20
396,17,15,2,423.8455,4000,9,10,20
397,15,10,2,424.0836,6000,8,10,20
398,20,12,2,424.2125,3000,8,10,20
399,20,11,2,428.505,6000,8,10,20
400,17,14,2,430.2987,6000,9,10,20
401,19,11,2,430.3797,2000,6,10,20
402,20,17,2,431.6018,3000,8,10,20
403,11,16,2,431.7715,9000,8,8,15
404,13,10,2,432.0077,9000,3,9,18
405,18,12,2,433.5212,8000,5,10,20
406,18,18,2,434.6793,2000,3,10,20
407,11,17,2,434.9709,6000,7,8,15
408,15,15,2,435.4356,5000,8,10,20
409,10,12,2,436.2011,7000,5,7,14
410,18,14,2,436.7245,4000,3,10,20
411,17,13,2,436.7746,4000,3,10,20
412,20,13,2,437.6188,7000,5,10,20
413,10,10,2,440.0376,4000,6,7,14
414,19,11,2,440.1678,7000,3,10,20
415,14,11,2,442.1284,2000,8,9,19
416,18,13,2,442.7609,7000,8,10,20
417,10,11,2,445.4434,7000,3,7,14
418,14,17,2,445.5998,2000,8,9,19
419,12,12,2,445.6976,9000,6,8,17
420,12,18,2,445.8091,7000,8,8,17
421,11,13,2,446.1148,6000,4,8,15
422,16,15,2,448.5027,6000,4,10,20
423,13,14,2,448.6621,8000,4,9,18
424,10,11,2,448.7462,6000,9,7,14
425,18,18,2,449.2663,2000,6,10,20
426,20,13,2,449.824,7000,9,10,20
427,20,20,2,450.9571,7000,3,10,20
428,13,16,2,452.9617,2000,6,9,18
429,11,12,2,453.5828,5000,5,8,15
430,16,12,2,454.3871,3000,3,10,20
431,14,20,2,454.4434,9000,7,9,19
432,13,10,2,455.4969,3000,9,9,18
433,18,11,2,455.7707,8000,5,10,20
434,12,17,2,456.3564,5000,9,8,17
435,16,11,2,458.5908,3000,4,10,20
436,14,13,2,459.5204,9000,6,9,19
437,10,16,2,460.0192,9000,6,7,14
438,11,20,2,461.9854,8000,6,8,15
439,10,15,2,462.2706,8000,9,7,14
440,12,17,2,462.9175,9000,5,8,17
441,18,17,2,463.5186,2000,6,10,20
442,17,11,2,464.2183,7000,5,10,20
443,12,20,2,465.3063,3000,7,8,17
444,19,14,2,465.6982,8000,5,10,20
445,10,11,2,467.0992,8000,8,7,14
446,12,18,2,467.4083,2000,9,8,17
447,18,20,2,470.1292,7000,7,10,20
448,19,19,2,473.9091,3000,3,10,20
449,18,11,2,476.5151,8000,7,10,20
450,20,17,2,476.7642,7000,9,10,20
451,20,13,2,477.3275,3000,6,10,20
452,14,19,2,477.4889,8000,3,9,19
453,15,17,2,478.4657,6000,7,10,20
454,10,12,2,479.5664,8000,5,7,14
455,14,20,2,480.6648,5000,9,9,19
456,15,19,2,482.4566,8000,7,10,20
457,20,13,2,482.6076,6000,3,10,20
458,17,14,2,482.631,5000,9,10,20
459,15,20,2,483.9045,9000,4,10,20
460,15,10,2,485.2583,7000,4,10,20
461,17,20,2,487.2445,9000,5,10,20
462,10,11,2,488.8689,2000,5,7,14
463,16,11,2,489.8697,2000,7,10,20
464,19,11,2,490.4315,2000,5,10,20
465,10,10,2,491.8098,3000,9,7,14
466,18,17,2,495.423,3000,5,10,20
467,20,15,2,496.6793,3000,4,10,20
468,12,15,2,498.3917,8000,6,8,17
469,11,19,2,499.0612,5000,9,8,15
470,15,17,2,499.3789,8000,5,10,20
471,11,13,2,501.5135,5000,9,8,15
472,12,18,2,502.324,6000,5,8,17
473,14,19,2,503.3852,9000,6,9,19
474,16,14,2,505.6502,7000,6,10,20
475,20,12,2,507.5624,3000,7,10,20
476,18,19,2,509.6095,2000,7,10,20
477,19,19,2,510.731,6000,9,10,20
478,17,10,2,512.0962,8000,6,10,20
479,10,17,2,513.7464,3000,4,7,14
480,13,14,2,513.9175,4000,8,9,18
481,14,18,2,514.0393,6000,7,9,19
482,17,19,2,515.6532,4000,8,10,20
483,18,14,2,515.8819,3000,7,10,20
484,14,20,2,516.5747,4000,9,9,19
485,11,15,2,519.9721,4000,4,8,15
486,10,17,2,520.4194,3000,9,7,14
487,18,10,2,520.7723,8000,7,10,20
488,17,16,2,523.5086,8000,8,10,20
489,15,12,2,525.2455,4000,3,10,20
490,15,19,2,525.7124,3000,5,10,20
491,14,14,2,528.1929,7000,8,9,19
492,18,14,2,529.155,7000,8,10,20
493,12,15,2,529.5468,3000,4,8,17
494,20,19,2,529.9206,8000,6,10,20
495,16,10,2,529.9996,5000,3,10,20
496,14,17,2,532.8073,3000,6,9,19
497,17,11,2,533.3542,7000,9,10,20
498,17,16,2,533.9547,9000,3,10,20
499,17,13,2,534.2507,8000,3,10,20
500,18,19,2,535.1708,5000,4,10,20
501,19,12,2,536.9181,6000,7,10,20
502,16,18,2,537.6331,7000,7,10,20
503,12,15,2,538.5108,7000,4,8,17
504,11,20,2,538.6842,3000,8,8,15
505,13,11,2,538.761,4000,9,9,18
506,13,12,2,538.9686,7000,8,9,18
507,20,11,2,540.4058,5000,6,10,20
508,15,16,2,540.6569,6000,9,10,20
509,12,11,2,540.722,4000,7,8,17
510,18,10,2,540.8913,4000,4,10,20
511,17,19,2,541.1139,3000,3,10,20
512,17,15,2,542.5018,3000,8,10,20
513,12,10,2,542.8513,5000,9,8,17
514,12,17,2,543.2792,5000,9,8,17
515,10,10,2,543.7103,2000,7,7,14
516,18,18,2,544.5791,2000,3,10,20
517,17,17,2,544.7903,4000,9,10,20
518,11,18,2,546.9973,3000,9,8,15
519,16,11,2,548.6329,8000,8,10,20
520,20,17,2,549.4147,4000,6,10,20
521,13,12,2,550.2259,8000,8,9,18
522,13,11,2,550.3052,5000,7,9,18
523,12,17,2,550.6492,8000,6,8,17
524,12,14,2,551.2115,3000,7,8,17
525,20,15,2,552.5558,6000,6,10,20
526,17,19,2,552.7697,9000,8,10,20
527,18,15,2,553.8411,3000,9,10,20
528,18,12,2,553.9424,5000,8,10,20
529,20,17,2,554.2541,3000,3,10,20
530,19,14,2,555.5063,8000,4,10,20
531,17,13,2,555.696,9000,4,10,20
532,13,19,2,556.2617,4000,5,9,18
533,18,17,2,556.6847,7000,7,10,20
534,10,14,2,558.5556,9000,7,7,14
535,16,19,2,559.1095,5000,9,10,20
536,17,20,2,559.3258,3000,4,10,20
537,13,12,2,560.3217,6000,7,9,18
538,17,11,2,560.4445,9000,8,10,20
539,20,20,2,563.5123,5000,9,10,20
540,20,11,2,564.8818,6000,9,10,20
541,20,19,2,565.6817,7000,8,10,20
542,10,20,2,565.8166,5000,5,7,14
543,14,12,2,568.1514,8000,3,9,19
544,11,20,2,569.0384,2000,4,8,15
545,20,14,2,570.1255,9000,6,10,20
546,17,11,2,572.899,8000,6,10,20
547,16,17,2,572.9663,9000,8,10,20
548,11,10,2,573.3677,7000,7,8,15
549,15,17,2,574.461,8000,6,10,20
550,10,10,2,575.2879,5000,8,7,14
551,18,15,2,576.3681,2000,7,10,20
552,20,20,2,576.5263,3000,3,10,20
553,15,20,2,577.0628,8000,6,10,20
554,16,13,2,578.1121,2000,5,10,20
555,11,13,2,579.3523,4000,8,8,15
556,12,11,2,580.2099,3000,4,8,17
557,13,13,2,580.2906,3000,6,9,18
558,14,10,2,581.5442,8000,7,9,19
559,10,13,2,583.1557,3000,9,7,14
560,14,11,2,584.0651,4000,9,9,19
561,12,20,2,584.2195,2000,8,8,17
562,16,14,2,584.378,8000,8,10,20
563,16,13,2,585.5616,8000,3,10,20
564,13,16,2,585.7501,2000,6,9,18
565,13,15,2,587.1265,5000,6,9,18
566,14,18,2,587.2938,5000,5,9,19
567,12,16,2,588.1,2000,4,8,17
568,14,10,2,588.2901,5000,3,9,19
569,10,18,2,589.6087,5000,6,7,14
570,17,16,2,590.125,7000,7,10,20
571,11,10,2,591.167,8000,8,8,15
572,10,17,2,593.6808,2000,6,7,14
573,19,16,2,594.6459,9000,8,10,20
574,20,20,2,594.6976,8000,3,10,20
575,18,17,2,594.9265,6000,6,10,20
576,15,16,2,595.6015,7000,9,10,20
577,19,19,2,596.0321,6000,5,10,20
578,19,13,2,597.4027,7000,8,10,20
579,17,13,2,597.6344,5000,7,10,20
580,12,15,2,599.7899,2000,4,8,17
581,15,15,2,600.9857,4000,8,10,20
582,14,12,2,601.1246,4000,8,9,19
583,18,17,2,602.7471,6000,5,10,20
584,19,15,2,603.0481,9000,6,10,20
585,15,11,2,603.5427,2000,9,10,20
586,15,15,2,604.2071,7000,6,10,20
587,16,17,2,604.8841,6000,9,10,20
588,16,16,2,605.7337,6000,7,10,20
589,20,11,2,609.4665,3000,6,10,20
590,18,16,2,610.2369,2000,5,10,20
591,15,13,2,610.8449,2000,9,10,20
592,20,20,2,614.1862,6000,8,10,20
593,20,12,2,615.2267,2000,4,10,20
594,18,16,2,615.3343,6000,6,10,20
595,13,14,2,615.8557,5000,8,9,18
596,20,12,2,615.964,4000,6,10,20
597,17,16,2,616.9922,9000,7,10,20
598,10,20,2,617.5137,4000,8,7,14
599,14,14,2,621.2279,7000,4,9,19
600,17,16,2,623.6269,6000,6,10,20
601,20,11,2,623.7694,8000,8,10,20
602,12,20,2,624.2333,9000,5,8,17
603,12,16,2,624.9372,7000,3,8,17
604,16,20,2,626.6287,3000,7,10,20
605,17,15,2,629.469,3000,8,10,20
606,18,16,2,632.947,6000,5,10,20
607,20,15,2,633.2321,9000,6,10,20
608,11,14,2,633.5687,3000,9,8,15
609,16,10,2,633.5947,3000,7,10,20
610,13,15,2,633.6332,6000,4,9,18
611,15,13,2,634.0184,9000,3,10,20
612,10,10,2,635.3771,9000,7,7,14
613,13,17,2,636.299,3000,9,9,18
614,17,17,2,637.2512,7000,3,10,20
615,12,16,2,641.2915,4000,6,8,17
616,13,11,2,642.51,8000,9,9,18
617,11,20,2,644.6855,4000,6,8,15
618,18,13,2,646.8356,3000,6,10,20
619,16,13,2,647.431,3000,8,10,20
620,13,18,2,648.5118,4000,8,9,18
621,11,18,2,648.9884,9000,7,8,15
622,17,18,2,649.3742,2000,3,10,20
623,11,13,2,652.227,4000,8,8,15
624,11,13,2,652.2334,5000,6,8,15
625,10,17,2,653.5955,5000,7,7,14
626,10,11,2,653.6274,4000,7,7,14
627,15,11,2,653.7532,7000,9,10,20
628,18,16,2,656.5502,4000,4,10,20
629,15,20,2,657.5051,5000,8,10,20
630,19,15,2,659.336,3000,9,10,20
631,10,11,2,660.435,8000,4,7,14
632,18,14,2,665.246,4000,3,10,20
633,10,15,2,665.2985,5000,4,7,14
634,10,16,2,667.5024,2000,9,7,14
635,11,15,2,668.3533,8000,5,8,15
636,15,20,2,672.5133,3000,3,10,20
637,18,13,2,675.2625,7000,3,10,20
638,10,16,2,675.3428,9000,6,7,14
639,13,18,2,675.8874,5000,6,9,18
640,11,16,2,675.8934,4000,4,8,15
641,16,11,2,676.5185,8000,6,10,20
642,14,12,2,678.4183,9000,8,9,19
643,19,18,2,678.819,2000,7,10,20
644,18,19,2,679.1228,8000,5,10,20
645,17,19,2,681.271,4000,3,10,20
646,13,10,2,681.5382,9000,8,9,18
647,13,13,2,682.6246,9000,4,9,18
648,10,15,2,684.0904,9000,9,7,14
649,13,10,2,687.639,4000,7,9,18
650,15,18,2,688.0103,2000,3,10,20
651,20,17,2,688.1867,4000,4,10,20
652,19,20,2,689.2147,6000,4,10,20
653,14,20,2,689.5239,6000,5,9,19
654,10,18,2,689.8547,6000,3,7,14
655,17,14,2,691.2645,6000,5,10,20
656,18,11,2,692.6109,2000,9,10,20
657,16,15,2,692.9024,7000,7,10,20
658,13,20,2,694.3119,8000,4,9,18
659,20,19,2,694.4417,4000,8,10,20
660,16,19,2,694.9679,5000,5,10,20
661,13,16,2,695.0141,6000,6,9,18
662,20,20,2,695.8026,7000,6,10,20
663,19,20,2,696.0223,3000,6,10,20
664,13,12,2,696.2645,4000,9,9,18
665,10,10,2,696.3954,8000,8,7,14
666,16,18,2,696.6524,5000,3,10,20
667,17,15,2,696.7201,9000,8,10,20
668,10,11,2,697.0255,3000,8,7,14
669,13,13,2,697.4673,2000,8,9,18
670,14,13,2,699.2809,3000,9,9,19
671,12,18,2,700.9891,3000,9,8,17
672,13,16,2,703.4025,7000,4,9,18
673,16,16,2,703.8204,6000,7,10,20
674,18,13,2,703.9301,6000,5,10,20
675,11,13,2,703.9325,2000,5,8,15
676,17,17,2,704.1818,3000,5,10,20
677,16,19,2,704.2551,7000,3,10,20
678,10,16,2,705.9034,8000,4,7,14
679,16,20,2,706.183,3000,8,10,20
680,14,14,2,707.2694,9000,7,9,19
681,15,13,2,707.646,5000,3,10,20
682,19,15,2,708.5318,4000,6,10,20
683,17,16,2,709.2664,5000,3,10,20
684,11,10,2,709.3768,4000,4,8,15
685,18,14,2,710.2967,4000,5,10,20
686,15,10,2,710.3006,8000,3,10,20
687,18,12,2,710.4148,8000,8,10,20
688,13,15,2,710.5549,7000,8,9,18
689,14,16,2,710.7881,3000,4,9,19
690,12,12,2,710.8371,5000,6,8,17
691,19,10,2,712.4749,7000,4,10,20
692,12,16,2,712.5715,5000,7,8,17
693,20,11,2,713.2046,6000,8,10,20
694,13,13,2,714.1392,2000,5,9,18
695,18,14,2,717.0397,4000,9,10,20
696,11,16,2,717.6389,9000,6,8,15
697,17,10,2,720.502,5000,3,10,20
698,15,20,2,720.5931,4000,5,10,20
699,14,17,2,721.1949,6000,3,9,19
700,19,20,2,721.4693,5000,3,10,20
701,20,20,2,723.1461,6000,3,10,20
702,19,15,2,724.0912,7000,3,10,20
703,17,20,2,724.5937,6000,7,10,20
704,17,12,2,726.7434,9000,6,10,20
705,11,17,2,727.8915,9000,6,8,15
706,18,14,2,727.9431,2000,5,10,20
707,12,20,2,728.5601,7000,3,8,17
708,10,14,2,729.7215,2000,6,7,14
709,20,13,2,730.2152,3000,7,10,20
710,17,13,2,730.6144,3000,9,10,20
711,16,12,2,732.8827,3000,5,10,20
712,13,11,2,736.5054,7000,4,9,18
713,11,16,2,738.9034,3000,7,8,15
714,12,15,2,740.5032,3000,9,8,17
715,17,17,2,741.0845,8000,7,10,20
716,10,15,2,742.4727,2000,4,7,14
717,16,18,2,742.919,6000,6,10,20
718,12,11,2,743.4943,7000,6,8,17
719,10,18,2,744.7864,6000,9,7,14
720,16,13,2,745.0844,6000,3,10,20
721,17,13,2,747.2998,4000,9,10,20
722,12,18,2,752.9283,3000,8,8,17
723,11,10,2,755.4675,2000,4,8,15
724,15,10,2,757.875,8000,3,10,20
725,14,13,2,758.6667,7000,4,9,19
726,15,17,2,759.789,4000,4,10,20
727,18,17,2,759.8191,8000,9,10,20
728,12,12,2,764.3386,7000,5,8,17
729,14,14,2,767.0754,3000,5,9,19
730,13,11,2,767.6294,2000,5,9,18
731,19,18,2,769.9281,7000,6,10,20
732,20,12,2,770.2261,5000,8,10,20
733,12,15,2,770.3158,4000,9,8,17
734,19,12,2,770.5747,3000,9,10,20
735,14,19,2,770.7016,6000,8,9,19
736,14,15,2,770.7594,9000,4,9,19
737,18,15,2,770.794,7000,3,10,20
738,18,13,2,771.7476,9000,6,10,20
739,16,10,2,772.707,6000,9,10,20
740,18,10,2,773.1679,8000,9,10,20
741,18,17,2,773.3937,3000,4,10,20
742,18,13,2,773.6384,9000,4,10,20
743,16,17,2,775.679,9000,9,10,20
744,12,15,2,776.2298,2000,4,8,17
745,11,13,2,776.3974,3000,5,8,15
746,11,13,2,777.0262,6000,3,8,15
747,11,19,2,777.2334,5000,6,8,15
748,17,12,2,777.2941,9000,8,10,20
749,14,10,2,778.5381,2000,6,9,19
750,16,16,2,779.8432,5000,9,10,20
751,19,18,2,780.3345,9000,3,10,20
752,11,10,2,780.8807,8000,9,8,15
753,14,12,2,781.9413,9000,6,9,19
754,13,12,2,782.3729,5000,6,9,18
755,14,20,2,783.6444,8000,4,9,19
756,20,11,2,783.8472,2000,7,10,20
757,16,20,2,784.3674,8000,9,10,20
758,15,16,2,785.9168,7000,5,10,20
759,14,14,2,786.0033,5000,5,9,19
760,12,15,2,786.8074,9000,8,8,17
761,18,12,2,786.8475,9000,8,10,20
762,11,19,2,786.9968,8000,5,8,15
763,20,17,2,789.9949,5000,4,10,20
764,13,16,2,793.1878,8000,3,9,18
765,17,13,2,793.5343,5000,6,10,20
766,15,16,2,794.0572,7000,3,10,20
767,13,15,2,795.1714,7000,9,9,18
768,11,15,2,798.0574,9000,9,8,15
769,11,18,2,800.1302,4000,3,8,15
770,12,19,2,801.9961,7000,3,8,17
771,17,18,2,802.1284,5000,3,10,20
772,18,15,2,803.993,3000,4,10,20
773,17,15,2,808.3587,3000,3,10,20
774,18,10,2,815.2566,4000,7,10,20
775,19,13,2,818.5409,3000,8,10,20
776,20,14,2,822.4829,3000,6,10,20
777,12,10,2,823.0289,2000,6,8,17
778,17,11,2,824.9412,7000,3,10,20
779,18,14,2,825.4204,8000,7,10,20
780,10,17,2,825.9175,6000,5,7,14
781,19,16,2,828.9079,6000,7,10,20
782,15,20,2,829.1024,3000,6,10,20
783,11,13,2,829.3259,6000,8,8,15
784,16,14,2,830.1268,4000,7,10,20
785,19,16,2,830.8837,2000,9,10,20
786,18,17,2,832.1888,2000,3,10,20
787,19,14,2,833.7538,8000,7,10,20
788,13,18,2,834.0184,3000,8,9,18
789,19,18,2,834.2662,3000,4,10,20
790,13,18,2,835.0149,5000,7,9,18
791,20,20,2,837.818,8000,8,10,20
792,17,13,2,839.6176,3000,6,10,20
793,17,13,2,840.9885,8000,9,10,20
794,20,12,2,841.1337,2000,9,10,20
795,14,11,2,841.6136,6000,9,9,19
796,16,15,2,842.9787,9000,5,10,20
797,10,12,2,843.3063,8000,7,7,14
798,18,17,2,843.9184,9000,3,10,20
799,11,11,2,844.9193,8000,9,8,15
800,20,20,2,846.0085,6000,9,10,20
801,17,10,2,846.9682,9000,8,10,20
802,19,17,2,848.1571,5000,7,10,20
803,16,19,2,848.1605,5000,6,10,20
804,15,14,2,851.8503,2000,8,10,20
805,13,13,2,852.6057,7000,8,9,18
806,18,12,2,853.3827,7000,3,10,20
807,10,10,2,854.67,2000,3,7,14
808,16,12,2,855.06,9000,8,10,20
809,17,19,2,855.2419,9000,6,10,20
810,19,18,2,855.8479,3000,6,10,20
811,13,12,2,855.9775,7000,4,9,18
812,17,16,2,857.9842,8000,7,10,20
813,11,13,2,858.4875,8000,4,8,15
814,17,12,2,862.3876,9000,9,10,20
815,13,16,2,862.5711,3000,6,9,18
816,16,13,2,863.5628,9000,9,10,20
817,16,20,2,864.8113,3000,6,10,20
818,18,18,2,867.4135,5000,8,10,20
819,11,16,2,872.2005,7000,7,8,15
820,10,14,2,872.2085,2000,8,7,14
821,16,16,2,873.6887,5000,7,10,20
822,11,10,2,873.7577,8000,3,8,15
823,13,18,2,874.8349,9000,3,9,18
824,15,11,2,875.9348,3000,6,10,20
825,16,20,2,876.9283,3000,4,10,20
826,17,11,2,877.313,6000,6,10,20
827,17,16,2,879.0854,7000,6,10,20
828,17,18,2,880.3367,5000,5,10,20
829,14,13,2,882.034,5000,4,9,19
830,10,13,2,883.4449,9000,8,7,14
831,15,15,2,883.7856,6000,9,10,20
832,13,16,2,884.4566,7000,9,9,18
833,16,16,2,885.6632,7000,9,10,20
834,20,17,2,886.5151,9000,4,10,20
835,12,15,2,886.9751,7000,8,8,17
836,15,15,2,887.383,6000,3,10,20
837,12,11,2,888.5032,3000,6,8,17
838,16,19,2,889.1759,9000,7,10,20
839,17,16,2,889.8264,7000,4,10,20
840,11,17,2,889.86,8000,8,8,15
841,15,10,2,892.1971,7000,9,10,20
842,17,20,2,893.1089,7000,8,10,20
843,18,12,2,895.4753,8000,6,10,20
844,16,17,2,895.9496,2000,5,10,20
845,12,18,2,897.4138,5000,6,8,17
846,20,15,2,898.1466,2000,3,10,20
847,14,15,2,899.1087,8000,3,9,19
848,20,19,2,899.8797,8000,6,10,20
849,13,12,2,901.2146,6000,4,9,18
850,16,17,2,901.9784,8000,5,10,20
851,18,13,2,902.6939,7000,7,10,20
852,19,12,2,903.0612,2000,7,10,20
853,19,20,2,903.2735,2000,7,10,20
854,15,13,2,903.3764,4000,5,10,20
855,20,11,2,903.4159,7000,6,10,20
856,10,16,2,903.6464,4000,7,7,14
857,10,14,2,905.2483,9000,4,7,14
858,19,19,2,907.6308,6000,5,10,20
859,16,10,2,908.7979,3000,7,10,20
860,17,10,2,910.9678,2000,4,10,20
861,15,19,2,912.6516,9000,8,10,20
862,17,17,2,913.0384,9000,8,10,20
863,18,10,2,915.6989,9000,4,10,20
864,18,17,2,916.1082,4000,5,10,20
865,15,14,2,917.889,5000,5,10,20
866,19,20,2,919.0669,2000,4,10,20
867,17,10,2,920.026,6000,6,10,20
868,20,10,2,923.5041,9000,9,10,20
869,17,18,2,926.0261,4000,9,10,20
870,13,14,2,926.0793,3000,6,9,18
871,13,12,2,926.5726,7000,5,9,18
872,14,19,2,928.5335,9000,5,9,19
873,10,14,2,929.0953,3000,3,7,14
874,14,18,2,929.3645,9000,8,9,19
875,14,16,2,929.5599,6000,7,9,19
876,17,18,2,929.5659,8000,5,10,20
877,11,12,2,931.2419,4000,7,8,15
878,13,11,2,931.3558,2000,5,9,18
879,14,19,2,932.1304,7000,4,9,19
880,19,10,2,932.3016,6000,9,10,20
881,18,13,2,934.0096,9000,7,10,20
882,20,17,2,934.3803,9000,7,10,20
883,16,15,2,935.4444,8000,3,10,20
884,18,14,2,935.9203,9000,4,10,20
885,16,14,2,936.1552,7000,5,10,20
886,10,10,2,937.4331,8000,3,7,14
887,14,19,2,941.4369,4000,9,9,19
888,20,10,2,941.9853,5000,5,10,20
889,15,15,2,945.1464,2000,6,10,20
890,10,11,2,947.3678,7000,7,7,14
891,17,19,2,949.5061,2000,5,10,20
892,12,18,2,951.2292,4000,9,8,17
893,15,12,2,952.4642,3000,7,10,20
894,16,13,2,952.6522,3000,3,10,20
895,10,20,2,953.916,3000,4,7,14
896,11,12,2,955.3675,7000,4,8,15
897,12,15,2,956.2141,9000,5,8,17
898,17,10,2,956.7775,2000,4,10,20
899,18,16,2,957.195,5000,7,10,20
900,10,17,2,957.6207,7000,6,7,14
901,15,15,2,957.9936,6000,4,10,20
902,10,20,2,958.4686,2000,8,7,14
903,11,13,2,958.6925,4000,8,8,15
904,16,14,2,958.7643,2000,5,10,20
905,15,13,2,958.9672,7000,5,10,20
906,10,13,2,959.0034,2000,8,7,14
907,10,14,2,961.8161,5000,8,7,14
908,19,13,2,962.4466,2000,6,10,20
909,14,13,2,963.0089,9000,3,9,19
910,16,10,2,963.5395,2000,6,10,20
911,16,10,2,965.8424,5000,9,10,20
912,11,18,2,966.0657,6000,6,8,15
913,16,12,2,966.2204,3000,8,10,20
914,19,12,2,966.287,6000,8,10,20
915,17,10,2,967.3141,5000,3,10,20
916,16,14,2,967.6077,4000,5,10,20
917,16,14,2,967.8487,5000,9,10,20
918,15,17,2,969.6133,7000,9,10,20
919,17,18,2,971.0503,7000,4,10,20
920,16,17,2,974.1459,9000,5,10,20
921,12,16,2,976.883,6000,6,8,17
922,13,18,2,980.3871,2000,9,9,18
923,17,15,2,983.2099,5000,7,10,20
924,14,18,2,983.6528,2000,6,9,19
925,13,20,2,987.4547,3000,5,9,18
926,14,13,2,990.2675,2000,4,9,19
927,18,18,2,991.067,8000,5,10,20
928,14,17,2,991.7899,2000,8,9,19
929,11,19,2,991.8891,2000,7,8,15
930,15,19,2,993.7645,5000,8,10,20
931,13,20,2,994.2293,6000,7,9,18
932,13,17,2,996.1973,3000,4,9,18
933,20,16,2,996.2557,8000,4,10,20
934,10,18,2,996.5105,8000,5,7,14
935,14,16,2,996.9805,5000,7,9,19
936,19,14,2,998.0371,5000,8,10,20
937,17,14,2,998.1432,9000,6,10,20
938,15,11,2,999.3183,6000,6,10,20
939,13,15,2,1001.537,7000,8,9,18
940,13,13,2,1001.5642,6000,6,9,18
941,15,16,2,1001.7418,8000,8,10,20
942,17,20,2,1003.0127,3000,8,10,20
943,18,14,2,1003.3893,5000,8,10,20
944,20,14,2,1004.1048,3000,3,10,20
945,12,16,2,1005.6112,8000,9,8,17
946,12,13,2,1005.7535,6000,3,8,17
947,19,11,2,1006.379,6000,5,10,20
948,10,10,2,1007.3236,4000,9,7,14
949,19,10,2,1008.369,8000,7,10,20
950,17,13,2,1009.7582,7000,4,10,20
951,12,17,2,1010.2501,5000,5,8,17
952,14,12,2,1013.7443,6000,5,9,19
953,11,14,2,1014.422,9000,3,8,15
954,16,13,2,1015.0882,6000,3,10,20
955,12,19,2,1015.699,9000,9,8,17
956,19,16,2,1016.0088,9000,5,10,20
957,15,13,2,1016.1964,3000,9,10,20
958,16,12,2,1016.2105,2000,9,10,20
959,17,15,2,1019.088,8000,4,10,20
960,15,13,2,1021.9583,9000,9,10,20
961,12,13,2,1022.1816,8000,5,8,17
962,16,20,2,1023.1354,3000,7,10,20
963,18,15,2,1025.2669,5000,8,10,20
964,16,13,2,1025.7559,2000,5,10,20
965,13,16,2,1027.1504,8000,3,9,18
966,18,14,2,1028.9547,7000,8,10,20
967,16,15,2,1028.9756,4000,7,10,20
968,15,10,2,1032.6456,4000,9,10,20
969,14,16,2,1034.6226,9000,8,9,19
970,14,11,2,1035.7779,2000,4,9,19
971,10,10,2,1036.1317,2000,9,7,14
972,13,15,2,1038.7815,3000,9,9,18
973,13,17,2,1039.6641,6000,6,9,18
974,11,15,2,1040.1876,3000,7,8,15
975,16,15,2,1042.4493,7000,5,10,20
976,12,20,2,1043.0671,7000,6,8,17
977,16,11,2,1045.119,5000,4,10,20
978,14,16,2,1045.4321,7000,5,9,19
979,11,18,2,1045.9315,4000,8,8,15
980,18,11,2,1046.1459,5000,4,10,20
981,13,20,2,1046.4268,3000,7,9,18
982,13,15,2,1046.6752,9000,5,9,18
983,11,11,2,1048.1785,2000,4,8,15
984,19,20,2,1048.4468,4000,8,10,20
985,15,13,2,1048.4968,8000,9,10,20
986,19,11,2,1050.8008,9000,9,10,20
987,10,13,2,1052.9868,3000,7,7,14
988,15,20,2,1053.6905,3000,7,10,20
989,11,12,2,1054.3582,8000,4,8,15
990,14,14,2,1054.4446,4000,9,9,19
991,11,17,2,1055.0626,3000,6,8,15
992,18,17,2,1055.1149,5000,4,10,20
993,11,16,2,1055.6856,5000,9,8,15
994,17,12,2,1055.9093,3000,5,10,20
995,11,17,2,1055.9887,5000,4,8,15
996,20,14,2,1058.0032,8000,8,10,20
997,16,13,2,1059.6937,6000,9,10,20
998,20,18,2,1060.091,9000,4,10,20
999,13,15,2,1061.5324,4000,6,9,18
1000,12,15,2,1062.033,9000,5,8,17
1001,11,10,2,1062.477,4000,5,8,15
1002,14,11,2,1063.5752,8000,3,9,19
1003,10,14,2,1065.3476,6000,5,7,14
1004,13,14,2,1067.1417,4000,7,9,18
1005,14,11,2,1067.2037,4000,8,9,19
1006,13,16,2,1068.6458,4000,9,9,18
1007,17,19,2,1069.9435,2000,7,10,20
1008,14,11,2,1070.5779,2000,9,9,19
1009,18,16,2,1071.9529,4000,6,10,20
1010,15,13,2,1075.182,3000,8,10,20
1011,14,17,2,1076.4571,9000,7,9,19
1012,13,10,2,1076.9211,6000,5,9,18
1013,18,16,2,1076.9776,5000,7,10,20
1014,11,16,2,1077.2068,8000,5,8,15
1015,12,18,2,1079.3719,8000,7,8,17
1016,13,14,2,1081.8536,3000,5,9,18
1017,15,20,2,1082.0821,9000,6,10,20
1018,17,14,2,1082.7321,6000,7,10,20
1019,10,17,2,1083.0874,3000,9,7,14
1020,14,18,2,1083.314,5000,9,9,19
1021,13,16,2,1084.2796,2000,9,9,18
1022,20,12,2,1086.94,6000,5,10,20
1023,13,11,2,1090.6144,9000,6,9,18
1024,12,20,2,1094.3627,6000,9,8,17
1025,12,15,2,1094.8889,8000,7,8,17
1026,16,15,2,1096.488,4000,7,10,20
1027,20,13,2,1096.6817,9000,5,10,20
1028,14,20,2,1097.2264,5000,5,9,19
1029,12,20,2,1097.762,2000,9,8,17
1030,10,12,2,1097.8527,9000,4,7,14
1031,14,18,2,1099.0505,6000,4,9,19
1032,14,18,2,1099.1777,6000,7,9,19
1033,17,15,2,1100.7758,3000,6,10,20
1034,10,20,2,1101.3768,7000,6,7,14
1035,17,11,2,1101.7898,3000,7,10,20
1036,20,17,2,1102.3956,4000,4,10,20
1037,14,17,2,1103.8597,2000,9,9,19
1038,19,20,2,1104.1137,6000,5,10,20
1039,19,10,2,1104.8028,7000,7,10,20
1040,12,15,2,1105.0871,5000,7,8,17
1041,10,14,2,1106.038,7000,7,7,14
1042,16,14,2,1106.5178,6000,5,10,20
1043,14,16,2,1107.1161,5000,4,9,19
1044,11,11,2,1108.1455,8000,4,8,15
1045,15,18,2,1109.6756,7000,9,10,20
1046,11,10,2,1110.9265,5000,3,8,15
1047,16,18,2,1111.2665,6000,7,10,20
1048,12,18,2,1111.6997,7000,4,8,17
1049,16,15,2,1113.5788,9000,8,10,20
1050,10,11,2,1114.6051,3000,8,7,14
1051,12,20,2,1115.0886,4000,7,8,17
1052,12,10,2,1116.388,7000,8,8,17
1053,13,16,2,1116.6833,6000,5,9,18
1054,20,20,2,1117.2906,8000,9,10,20
1055,13,14,2,1117.7648,2000,3,9,18
1056,16,15,2,1118.1633,3000,4,10,20
1057,13,18,2,1118.6816,2000,6,9,18
1058,10,20,2,1119.3543,8000,9,7,14
1059,14,14,2,1121.4099,3000,7,9,19
1060,10,13,2,1121.561,3000,3,7,14
1061,18,14,2,1121.6627,7000,3,10,20
1062,16,19,2,1123.0297,3000,9,10,20
1063,13,10,2,1125.2106,5000,6,9,18
1064,14,19,2,1125.3488,7000,5,9,19
1065,11,15,2,1127.9713,3000,7,8,15
1066,17,19,2,1127.9851,9000,3,10,20
1067,13,18,2,1128.1678,8000,4,9,18
1068,17,17,2,1128.425,6000,9,10,20
1069,19,12,2,1131.6689,2000,3,10,20
1070,16,16,2,1132.1822,2000,4,10,20
1071,18,19,2,1134.863,3000,8,10,20
1072,14,17,2,1135.1127,7000,9,9,19
1073,13,12,2,1136.5573,2000,7,9,18
1074,12,13,2,1136.6717,8000,4,8,17
1075,15,10,2,1136.8423,9000,8,10,20
1076,19,18,2,1137.2225,9000,7,10,20
1077,10,14,2,1140.2783,2000,4,7,14
1078,17,12,2,1141.0824,8000,4,10,20
1079,10,13,2,1141.4045,6000,5,7,14
1080,20,13,2,1143.0469,3000,6,10,20
1081,14,18,2,1143.8952,7000,9,9,19
1082,20,13,2,1143.9134,2000,6,10,20
1083,11,10,2,1144.0217,8000,7,8,15
1084,16,10,2,1145.2165,4000,7,10,20
1085,17,19,2,1146.7412,8000,6,10,20
1086,18,13,2,1148.794,3000,4,10,20
1087,11,19,2,1151.5239,3000,3,8,15
1088,10,19,2,1154.6576,3000,3,7,14
1089,18,19,2,1156.2358,6000,3,10,20
1090,13,20,2,1156.432,7000,5,9,18
1091,12,16,2,1158.1559,2000,8,8,17
1092,19,10,2,1160.5838,4000,4,10,20
1093,17,19,2,1162.0264,4000,4,10,20
1094,15,14,2,1162.3127,2000,8,10,20
1095,13,20,2,1163.4792,8000,7,9,18
1096,18,14,2,1164.4105,6000,3,10,20
1097,13,17,2,1165.2913,3000,9,9,18
1098,18,12,2,1165.9864,2000,6,10,20
1099,12,19,2,1169.6415,6000,5,8,17
1100,19,17,2,1170.8318,2000,4,10,20
1101,13,18,2,1173.7658,9000,3,9,18
1102,16,15,2,1173.8169,8000,6,10,20
1103,14,12,2,1175.032,2000,7,9,19
1104,10,12,2,1176.1479,8000,7,7,14
1105,16,14,2,1177.6447,6000,7,10,20
1106,17,19,2,1178.4274,2000,3,10,20
1107,12,10,2,1178.795,6000,7,8,17
1108,20,14,2,1179.0019,8000,8,10,20
1109,10,18,2,1180.0206,3000,8,7,14
1110,12,12,2,1181.8951,6000,4,8,17
1111,20,16,2,1182.7266,8000,9,10,20
1112,13,10,2,1183.7575,6000,6,9,18
1113,16,12,2,1183.9174,6000,3,10,20
1114,18,11,2,1184.0797,7000,6,10,20
1115,15,19,2,1187.9008,4000,7,10,20
1116,20,15,2,1189.9212,5000,9,10,20
1117,13,17,2,1190.2756,5000,7,9,18
1118,17,17,2,1191.1628,8000,8,10,20
1119,17,18,2,1193.9387,8000,4,10,20
1120,18,17,2,1194.1859,2000,9,10,20
1121,14,20,2,1194.3289,9000,5,9,19
1122,14,13,2,1196.01,5000,3,9,19
1123,19,19,2,1196.4125,7000,8,10,20
1124,18,18,2,1197.2944,4000,5,10,20
1125,13,19,2,1197.8475,7000,5,9,18
1126,19,16,2,1198.1391,8000,7,10,20
1127,10,10,2,1198.927,9000,6,7,14
1128,15,13,2,1200.702,4000,9,10,20
1129,19,19,2,1202.1107,5000,3,10,20
1130,16,12,2,1203.9028,5000,4,10,20
1131,18,18,2,1204.4028,7000,8,10,20
1132,19,20,2,1204.4902,8000,7,10,20
1133,13,16,2,1205.2254,3000,6,9,18
1134,17,16,2,1205.8168,4000,5,10,20
1135,10,18,2,1206.0176,9000,6,7,14
1136,13,19,2,1206.2137,4000,5,9,18
1137,20,13,2,1206.5397,4000,9,10,20
1138,11,17,2,1206.747,7000,8,8,15
1139,17,14,2,1211.5092,9000,3,10,20
1140,18,19,2,1211.6182,9000,4,10,20
1141,17,10,2,1212.3604,5000,8,10,20
1142,10,14,2,1214.1774,7000,4,7,14
1143,14,18,2,1215.2828,6000,4,9,19
1144,20,16,2,1217.7602,6000,4,10,20
1145,17,11,2,1217.8876,2000,5,10,20
1146,13,19,2,1218.1592,2000,3,9,18
1147,18,18,2,1218.3029,6000,9,10,20
1148,17,10,2,1218.4028,6000,7,10,20
1149,11,11,2,1218.6667,9000,4,8,15
1150,18,17,2,1221.2851,8000,3,10,20
1151,11,20,2,1222.0986,3000,8,8,15
1152,14,18,2,1223.7605,5000,4,9,19
1153,17,17,2,1225.089,8000,9,10,20
1154,19,19,2,1225.1879,7000,3,10,20
1155,10,20,2,1225.5761,3000,8,7,14
1156,12,15,2,1226.5213,2000,7,8,17
1157,10,13,2,1226.6608,4000,3,7,14
1158,16,18,2,1227.7147,6000,3,10,20
1159,15,19,2,1227.8217,7000,6,10,20
1160,15,11,2,1227.8584,6000,7,10,20
1161,19,11,2,1228.3786,8000,8,10,20
1162,14,20,2,1228.5882,7000,9,9,19
1163,20,20,2,1229.984,8000,5,10,20
1164,11,14,2,1230.6153,8000,7,8,15
1165,11,18,2,1230.9508,7000,8,8,15
1166,19,19,2,1231.2185,9000,7,10,20
1167,10,12,2,1232.4972,8000,4,7,14
1168,13,12,2,1233.1038,2000,5,9,18
1169,14,13,2,1234.3308,2000,6,9,19
1170,14,17,2,1234.6353,5000,8,9,19
1171,20,17,2,1235.0006,2000,7,10,20
1172,20,19,2,1235.0524,9000,4,10,20
1173,11,16,2,1237.4262,3000,9,8,15
1174,16,18,2,1238.3439,8000,5,10,20
1175,13,16,2,1240.6802,3000,6,9,18
1176,12,15,2,1241.1739,4000,6,8,17
1177,15,17,2,1243.3196,8000,3,10,20
1178,13,17,2,1244.035,9000,7,9,18
1179,17,12,2,1244.5087,6000,4,10,20
1180,20,12,2,1248.1462,2000,8,10,20
1181,16,19,2,1248.9106,2000,4,10,20
1182,14,18,2,1249.5647,6000,8,9,19
1183,12,13,2,1249.6433,3000,4,8,17
1184,15,11,2,1250.0404,5000,3,10,20
1185,14,12,2,1251.8478,8000,6,9,19
1186,17,11,2,1252.1159,5000,6,10,20
1187,16,13,2,1253.3659,2000,8,10,20
1188,15,17,2,1254.2764,6000,6,10,20
1189,12,12,2,1254.9998,5000,5,8,17
1190,11,14,2,1256.1993,5000,5,8,15
1191,12,13,2,1256.921,4000,4,8,17
1192,15,15,2,1257.3388,8000,7,10,20
1193,11,20,2,1257.5615,7000,9,8,15
1194,18,17,2,1258.2837,4000,7,10,20
1195,14,12,2,1258.8501,5000,4,9,19
1196,13,15,2,1259.7667,2000,4,9,18
1197,13,11,2,1261.3584,9000,9,9,18
1198,10,14,2,1261.7413,5000,3,7,14
1199,10,10,2,1263.5799,6000,7,7,14
1200,11,16,2,1264.5219,4000,9,8,15
1201,12,13,2,1265.0079,2000,7,8,17
1202,13,12,2,1265.2337,2000,4,9,18
1203,13,12,2,1267.0922,5000,5,9,18
1204,17,11,2,1267.5816,7000,3,10,20
1205,15,18,2,1268.4319,3000,9,10,20
1206,19,18,2,1268.4556,2000,6,10,20
1207,19,12,2,1271.9203,6000,5,10,20
1208,19,19,2,1271.9992,6000,7,10,20
1209,12,16,2,1272.414,2000,9,8,17
1210,14,19,2,1273.8256,8000,3,9,19
1211,13,16,2,1275.5116,7000,6,9,18
1212,15,12,2,1276.185,8000,4,10,20
1213,16,13,2,1276.7487,8000,5,10,20
1214,19,16,2,1278.1278,3000,6,10,20
1215,12,20,2,1279.9728,4000,9,8,17
1216,14,14,2,1280.3598,5000,8,9,19
1217,16,13,2,1282.257,6000,8,10,20
1218,17,12,2,1282.8534,3000,6,10,20
1219,11,15,2,1284.1343,6000,9,8,15
1220,10,20,2,1284.3364,5000,9,7,14
1221,17,16,2,1284.5561,2000,3,10,20
1222,14,17,2,1284.685,8000,9,9,19
1223,12,11,2,1286.0936,7000,4,8,17
1224,16,11,2,1287.4817,7000,5,10,20
1225,13,15,2,1288.3597,5000,7,9,18
1226,19,12,2,1290.5337,9000,8,10,20
1227,11,13,2,1290.6852,4000,3,8,15
1228,18,17,2,1292.4248,2000,4,10,20
1229,18,18,2,1293.1963,7000,8,10,20
1230,12,10,2,1294.5233,6000,3,8,17
1231,18,18,2,1295.1196,9000,4,10,20
1232,15,16,2,1295.3236,7000,3,10,20
1233,10,10,2,1296.7352,2000,9,7,14
1234,17,15,2,1296.7935,5000,7,10,20
1235,13,19,2,1298.3469,3000,7,9,18
1236,18,17,2,1299.2796,5000,3,10,20
1237,18,11,2,1299.3537,3000,4,10,20
1238,11,10,2,1299.6935,7000,9,8,15
1239,18,14,2,1301.1651,2000,9,10,20
1240,16,16,2,1302.2985,7000,8,10,20
1241,16,12,2,1302.3635,7000,9,10,20
1242,12,10,2,1303.1175,4000,5,8,17
1243,20,17,2,1304.1946,8000,9,10,20
1244,14,18,2,1304.7663,5000,6,9,19
1245,19,15,2,1305.4787,6000,4,10,20
1246,14,20,2,1307.4182,4000,4,9,19
1247,16,12,2,1307.8442,3000,3,10,20
1248,13,20,2,1308.4613,8000,6,9,18
1249,16,13,2,1309.889,6000,3,10,20
1250,13,16,2,1311.6581,7000,8,9,18
1251,11,12,2,1313.8079,8000,9,8,15
1252,13,17,2,1316.2899,5000,8,9,18
1253,17,12,2,1316.3194,7000,4,10,20
1254,14,13,2,1316.9481,2000,9,9,19
1255,18,11,2,1317.8998,7000,9,10,20
1256,17,10,2,1317.948,6000,4,10,20
1257,15,10,2,1318.027,4000,8,10,20
1258,20,13,2,1319.6538,6000,6,10,20
1259,13,20,2,1320.3483,3000,5,9,18
1260,18,12,2,1320.9583,7000,3,10,20
1261,16,18,2,1321.0605,3000,3,10,20
1262,14,17,2,1321.8431,8000,4,9,19
1263,18,12,2,1324.5409,9000,7,10,20
1264,18,19,2,1325.2788,3000,9,10,20
1265,13,19,2,1326.1228,5000,4,9,18
1266,14,14,2,1327.4279,7000,9,9,19
1267,16,10,2,1328.1191,6000,4,10,20
1268,13,18,2,1328.5681,7000,6,9,18
1269,12,14,2,1329.0538,9000,9,8,17
1270,13,14,2,1330.1343,4000,7,9,18
1271,10,18,2,1336.0699,9000,8,7,14
1272,17,14,2,1336.0976,3000,4,10,20
1273,15,18,2,1336.4859,9000,3,10,20
1274,10,17,2,1337.8431,3000,4,7,14
1275,12,16,2,1341.0975,8000,8,8,17
1276,13,13,2,1342.6162,7000,5,9,18
1277,10,19,2,1343.0971,9000,9,7,14
1278,17,16,2,1344.51,2000,3,10,20
1279,16,11,2,1344.827,3000,3,10,20
1280,18,16,2,1345.0079,3000,9,10,20
1281,17,19,2,1345.0672,4000,5,10,20
1282,14,13,2,1346.0206,4000,5,9,19
1283,19,17,2,1347.4491,6000,9,10,20
1284,13,14,2,1349.0917,5000,3,9,18
1285,13,10,2,1350.4175,2000,9,9,18
1286,15,16,2,1352.1933,5000,4,10,20
1287,17,18,2,1352.4966,3000,7,10,20
1288,18,19,2,1353.6257,6000,6,10,20
1289,20,17,2,1354.791,6000,8,10,20
1290,14,14,2,1355.9294,6000,4,9,19
1291,13,16,2,1355.989,3000,8,9,18
1292,17,20,2,1357.0531,8000,8,10,20
1293,17,20,2,1358.2885,9000,4,10,20
1294,17,18,2,1359.5905,3000,4,10,20
1295,13,10,2,1361.7011,7000,9,9,18
1296,11,17,2,1362.6651,3000,9,8,15
1297,18,17,2,1363.496,7000,9,10,20
1298,15,19,2,1363.8847,7000,6,10,20
1299,19,13,2,1365.0426,3000,9,10,20
1300,15,13,2,1365.5613,6000,6,10,20
1301,16,10,2,1369.1558,5000,9,10,20
1302,13,14,2,1370.6808,6000,6,9,18
1303,18,11,2,1372.1677,2000,9,10,20
1304,15,17,2,1372.9488,2000,8,10,20
1305,19,17,2,1373.0351,8000,7,10,20
1306,17,14,2,1374.5706,7000,5,10,20
1307,12,17,2,1375.682,9000,3,8,17
1308,12,10,2,1376.9294,5000,8,8,17
1309,14,11,2,1377.33,5000,7,9,19
1310,14,15,2,1378.6058,8000,9,9,19
1311,15,16,2,1380.7894,4000,3,10,20
1312,14,12,2,1382.4485,7000,5,9,19
1313,17,10,2,1382.8485,2000,9,10,20
1314,11,13,2,1385.1596,4000,9,8,15
1315,11,20,2,1385.8728,4000,8,8,15
1316,11,18,2,1388.6413,4000,6,8,15
1317,15,14,2,1389.6321,4000,6,10,20
1318,14,14,2,1390.3844,4000,8,9,19
1319,20,12,2,1390.5465,7000,7,10,20
1320,11,18,2,1391.7493,6000,6,8,15
1321,12,18,2,1393.2435,3000,3,8,17
1322,14,13,2,1394.5444,5000,7,9,19
1323,20,11,2,1395.5859,5000,7,10,20
1324,10,19,2,1396.0027,5000,3,7,14
1325,19,12,2,1396.3065,7000,8,10,20
1326,20,20,2,1396.7829,2000,7,10,20
1327,16,19,2,1397.5533,5000,4,10,20
1328,16,15,2,1398.7021,7000,5,10,20
1329,12,15,2,1399.8721,8000,6,8,17
1330,20,11,2,1400.982,8000,3,10,20
1331,18,11,2,1401.3354,6000,5,10,20
1332,13,18,2,1401.3523,2000,5,9,18
1333,12,13,2,1402.0181,7000,4,8,17
1334,15,17,2,1404.0097,4000,3,10,20
1335,10,10,2,1405.1744,9000,9,7,14
1336,18,14,2,1406.3751,4000,6,10,20
1337,11,13,2,1406.9279,7000,9,8,15
1338,16,15,2,1406.9683,5000,8,10,20
1339,17,18,2,1409.7281,6000,7,10,20
1340,18,12,2,1410.4711,8000,4,10,20
1341,14,17,2,1414.1997,6000,4,9,19
1342,17,15,2,1414.4016,6000,8,10,20
1343,14,13,2,1416.4896,4000,6,9,19
1344,12,13,2,1417.4603,7000,7,8,17
1345,10,12,2,1417.6016,4000,9,7,14
1346,17,11,2,1420.9606,4000,8,10,20
1347,18,11,2,1421.024,8000,7,10,20
1348,17,11,2,1426.1992,8000,5,10,20
1349,11,12,2,1427.6218,3000,8,8,15
1350,12,13,2,1430.6856,8000,6,8,17
1351,12,17,2,1432.4813,4000,3,8,17
1352,19,13,2,1433.6896,6000,4,10,20
1353,17,20,2,1433.7756,5000,6,10,20
1354,18,13,2,1434.3879,4000,4,10,20
1355,20,19,2,1435.1526,3000,3,10,20
1356,13,13,2,1435.9994,3000,7,9,18
1357,20,20,2,1436.2734,9000,3,10,20
1358,12,14,2,1438.301,2000,9,8,17
1359,10,16,2,1438.5078,5000,4,7,14
1360,10,11,2,1438.7456,8000,9,7,14
1361,15,18,2,1438.855,2000,6,10,20
1362,20,12,2,1439.035,5000,7,10,20
1363,13,10,2,1440.72,7000,3,9,18
1364,12,10,2,1441.1914,7000,4,8,17
1365,13,16,2,1441.2207,2000,7,9,18
1366,12,18,2,1443.8262,4000,9,8,17
1367,16,12,2,1444.302,7000,3,10,20
1368,15,18,2,1444.8022,8000,9,10,20
1369,17,17,2,1445.1078,2000,3,10,20
1370,19,15,2,1448.0592,3000,5,10,20
1371,16,20,2,1449.6111,8000,4,10,20
1372,20,20,2,1450.6105,7000,9,10,20
1373,20,17,2,1450.8949,9000,3,10,20
1374,14,18,2,1451.9255,3000,6,9,19
1375,10,19,2,1451.9627,2000,3,7,14
1376,13,18,2,1456.3418,9000,7,9,18
1377,11,10,2,1456.3533,8000,7,8,15
1378,16,13,2,1460.5712,7000,9,10,20
1379,16,16,2,1460.6345,4000,8,10,20
1380,10,12,2,1461.2376,5000,4,7,14
1381,11,19,2,1462.0458,8000,6,8,15
1382,14,10,2,1462.888,9000,9,9,19
1383,12,14,2,1463.5644,6000,7,8,17
1384,11,15,2,1463.5902,5000,4,8,15
1385,18,13,2,1464.403,8000,6,10,20
1386,13,14,2,1465.2653,6000,9,9,18
1387,14,10,2,1466.7468,7000,9,9,19
1388,16,19,2,1468.2489,8000,4,10,20
1389,13,12,2,1470.0245,8000,6,9,18
1390,14,16,2,1473.1953,3000,7,9,19
1391,13,10,2,1474.0227,4000,7,9,18
1392,12,12,2,1474.4163,4000,7,8,17
1393,16,16,2,1476.5963,6000,6,10,20
1394,19,20,2,1477.5115,3000,6,10,20
1395,17,20,2,1478.4189,8000,4,10,20
1396,13,16,2,1480.196,5000,3,9,18
1397,17,13,2,1482.9515,8000,8,10,20
1398,20,16,2,1483.873,2000,9,10,20
1399,12,12,2,1483.8957,9000,3,8,17
1400,11,19,2,1484.4153,6000,7,8,15
1401,15,15,2,1485.0202,4000,7,10,20
1402,14,18,2,1486.2335,4000,6,9,19
1403,17,20,2,1486.5413,9000,8,10,20
1404,11,12,2,1487.1683,7000,9,8,15
1405,10,17,2,1488.082,2000,9,7,14
1406,18,14,2,1488.1035,6000,9,10,20
1407,15,17,2,1488.6214,2000,5,10,20
1408,14,12,2,1490.0747,9000,8,9,19
1409,12,11,2,1490.2067,4000,9,8,17
1410,12,12,2,1490.532,7000,3,8,17
1411,17,11,2,1491.4149,6000,7,10,20
1412,12,16,2,1492.2388,8000,4,8,17
1413,18,17,2,1492.5627,2000,8,10,20
1414,19,14,2,1492.5649,7000,8,10,20
1415,19,17,2,1494.0037,2000,9,10,20
1416,15,17,2,1494.0691,5000,4,10,20
1417,12,17,2,1494.326,3000,6,8,17
1418,15,12,2,1495.6139,5000,5,10,20
1419,15,15,2,1499.5887,7000,7,10,20
1420,16,15,2,1499.6945,6000,3,10,20
1421,17,18,2,1500.0769,5000,5,10,20
1422,13,18,2,1500.282,5000,6,9,18
1423,12,13,2,1502.0611,6000,8,8,17
1424,14,16,2,1502.6222,4000,5,9,19
1425,17,14,2,1503.2127,5000,8,10,20
1426,11,18,2,1503.3322,4000,9,8,15
1427,10,10,2,1503.8018,6000,5,7,14
1428,15,10,2,1506.3993,9000,4,10,20
1429,12,18,2,1507.1812,6000,9,8,17
1430,15,12,2,1507.2417,5000,7,10,20
1431,18,11,2,1509.1531,5000,6,10,20
1432,13,20,2,1511.3283,6000,6,9,18
1433,19,16,2,1511.3665,3000,8,10,20
1434,11,16,2,1513.9318,4000,8,8,15
1435,11,16,2,1516.3002,4000,9,8,15
1436,18,14,2,1517.7354,7000,4,10,20
1437,16,17,2,1518.6012,7000,7,10,20
1438,16,10,2,1519.6516,4000,9,10,20
1439,17,12,2,1520.1809,2000,6,10,20
1440,10,15,2,1520.5815,8000,4,7,14
1441,19,19,2,1520.7161,6000,7,10,20
1442,10,17,2,1520.7911,9000,4,7,14
1443,16,18,2,1522.4046,5000,3,10,20
1444,17,18,2,1522.7723,2000,8,10,20
1445,20,18,2,1523.3239,7000,4,10,20
1446,11,13,2,1523.8168,9000,5,8,15
1447,16,15,2,1524.1542,3000,5,10,20
1448,12,13,2,1524.7979,7000,6,8,17
1449,13,17,2,1524.8555,7000,7,9,18
1450,10,13,2,1525.4061,3000,3,7,14
1451,16,17,2,1525.8122,6000,7,10,20
1452,14,11,2,1527.6738,4000,7,9,19
1453,13,12,2,1527.6957,4000,9,9,18
1454,14,13,2,1527.7439,9000,9,9,19
1455,16,16,2,1528.4164,5000,3,10,20
1456,12,10,2,1529.1798,8000,8,8,17
1457,13,16,2,1529.6116,2000,8,9,18
1458,11,14,2,1530.7507,7000,3,8,15
1459,11,19,2,1531.8686,2000,5,8,15
1460,13,14,2,1534.2422,8000,6,9,18
1461,11,15,2,1534.4179,6000,4,8,15
1462,10,18,2,1534.5236,8000,3,7,14
1463,17,10,2,1534.783,6000,7,10,20
1464,19,16,2,1536.7233,7000,4,10,20
1465,16,12,2,1539.7836,4000,3,10,20
1466,13,12,2,1540.184,7000,4,9,18
1467,17,14,2,1541.0151,7000,6,10,20
1468,10,16,2,1541.5452,3000,4,7,14
1469,10,20,2,1542.1906,9000,8,7,14
1470,16,11,2,1542.5641,3000,5,10,20
1471,19,19,2,1545.2339,7000,4,10,20
1472,20,11,2,1546.7097,7000,8,10,20
1473,13,15,2,1547.2998,5000,7,9,18
1474,16,18,2,1548.9521,3000,8,10,20
1475,14,17,2,1549.2374,5000,4,9,19
1476,15,10,2,1554.1957,7000,9,10,20
1477,17,11,2,1554.6031,3000,4,10,20
1478,15,19,2,1554.7911,2000,6,10,20
1479,10,15,2,1556.3163,6000,5,7,14
1480,19,19,2,1556.6264,3000,8,10,20
1481,19,13,2,1557.2306,2000,7,10,20
1482,15,19,2,1559.0044,8000,7,10,20
1483,13,19,2,1559.4133,5000,8,9,18
1484,15,11,2,1561.4441,3000,7,10,20
1485,20,18,2,1561.6963,7000,8,10,20
1486,18,19,2,1562.1419,6000,4,10,20
1487,15,11,2,1562.2656,5000,5,10,20
1488,20,10,2,1563.6479,5000,9,10,20
1489,13,16,2,1564.0497,2000,7,9,18
1490,17,18,2,1565.6727,6000,3,10,20
1491,20,19,2,1566.1869,6000,3,10,20
1492,19,18,2,1568.103,8000,5,10,20
1493,16,20,2,1568.9844,2000,6,10,20
1494,17,19,2,1569.3247,6000,8,10,20
1495,20,17,2,1569.3302,2000,3,10,20
1496,20,16,2,1570.6107,2000,6,10,20
1497,20,15,2,1571.6676,7000,6,10,20
1498,18,12,2,1573.2669,8000,5,10,20
1499,11,17,2,1573.5014,7000,8,8,15
1500,17,17,2,1573.7812,7000,8,10,20
1501,11,12,2,1574.1802,2000,5,8,15
1502,10,20,2,1575.4112,4000,5,7,14
1503,20,19,2,1575.5754,2000,8,10,20
1504,10,10,2,1576.3255,3000,7,7,14
1505,12,15,2,1577.0154,3000,4,8,17
1506,16,20,2,1577.768,5000,4,10,20
1507,16,11,2,1578.0471,2000,6,10,20
1508,16,13,2,1578.8373,2000,4,10,20
1509,17,17,2,1581.0085,8000,7,10,20
1510,14,19,2,1581.2605,5000,7,9,19
1511,19,17,2,1581.6487,6000,5,10,20
1512,19,20,2,1585.1052,3000,5,10,20
1513,16,10,2,1585.4348,8000,4,10,20
1514,19,14,2,1586.2301,4000,4,10,20
1515,20,10,2,1587.3199,3000,8,10,20
1516,13,11,2,1588.2651,5000,6,9,18
1517,13,14,2,1590.1413,9000,3,9,18
1518,18,10,2,1590.9264,5000,3,10,20
1519,15,14,2,1592.3373,6000,6,10,20
1520,16,18,2,1593.8518,8000,6,10,20
1521,12,13,2,1595.4271,3000,4,8,17
1522,20,18,2,1595.4983,6000,5,10,20
1523,19,10,2,1595.6039,7000,3,10,20
1524,11,11,2,1596.8075,3000,5,8,15
1525,18,19,2,1598.5235,3000,4,10,20
1526,16,17,2,1599.7116,7000,6,10,20
1527,18,15,2,1599.8155,6000,6,10,20
1528,11,15,2,1600.0227,2000,4,8,15
1529,19,18,2,1602.5902,4000,7,10,20
1530,10,10,2,1603.307,7000,9,7,14
1531,17,18,2,1603.3255,7000,4,10,20
1532,10,16,2,1604.3453,5000,5,7,14
1533,11,19,2,1604.4706,5000,8,8,15
1534,14,19,2,1604.895,3000,6,9,19
1535,11,13,2,1605.9692,9000,4,8,15
1536,20,13,2,1606.5273,4000,5,10,20
1537,18,15,2,1606.9189,2000,5,10,20
1538,11,12,2,1607.5381,2000,6,8,15
1539,13,15,2,1609.4029,7000,5,9,18
1540,15,20,2,1610.3525,8000,6,10,20
1541,18,14,2,1611.052,7000,4,10,20
1542,13,16,2,1611.7394,2000,6,9,18
1543,16,16,2,1612.4682,8000,8,10,20
1544,20,20,2,1614.1568,6000,4,10,20
1545,17,16,2,1614.9547,5000,4,10,20
1546,20,13,2,1616.0688,2000,3,10,20
1547,12,18,2,1617.1146,3000,9,8,17
1548,13,16,2,1617.6984,2000,8,9,18
1549,14,16,2,1617.7287,4000,3,9,19
1550,18,12,2,1617.8032,5000,8,10,20
1551,17,16,2,1618.8593,8000,5,10,20
1552,10,17,2,1619.3249,6000,3,7,14
1553,15,12,2,1619.3993,5000,6,10,20
1554,16,14,2,1620.2403,8000,6,10,20
1555,18,10,2,1620.6297,7000,3,10,20
1556,15,13,2,1622.2863,7000,9,10,20
1557,15,19,2,1625.2564,6000,4,10,20
1558,13,19,2,1626.5533,9000,9,9,18
1559,11,12,2,1626.6446,5000,6,8,15
1560,18,17,2,1626.8202,7000,3,10,20
1561,18,19,2,1627.2018,8000,8,10,20
1562,10,12,2,1629.9669,4000,9,7,14
1563,20,19,2,1630.2413,9000,8,10,20
1564,19,20,2,1630.9611,4000,6,10,20
1565,16,13,2,1631.6559,6000,7,10,20
1566,16,17,2,1631.8695,3000,6,10,20
1567,18,18,2,1632.0418,4000,3,10,20
1568,12,13,2,1632.4948,2000,8,8,17
1569,12,15,2,1632.7002,7000,4,8,17
1570,14,13,2,1634.0663,2000,6,9,19
1571,16,16,2,1634.8619,4000,7,10,20
1572,19,12,2,1635.8338,6000,3,10,20
1573,14,15,2,1636.8868,4000,3,9,19
1574,19,18,2,1639.4058,4000,9,10,20
1575,12,20,2,1640.7814,6000,4,8,17
1576,14,14,2,1641.2192,9000,6,9,19
1577,16,20,2,1641.4496,8000,9,10,20
1578,14,13,2,1642.0126,3000,4,9,19
1579,11,20,2,1645.3295,9000,5,8,15
1580,11,17,2,1645.387,4000,5,8,15
1581,10,18,2,1645.4077,7000,6,7,14
1582,13,19,2,1647.8581,5000,3,9,18
1583,15,14,2,1649.3712,7000,7,10,20
1584,10,12,2,1651.6553,2000,4,7,14
1585,13,12,2,1654.9086,9000,7,9,18
1586,17,13,2,1655.059,5000,5,10,20
1587,14,16,2,1655.1294,2000,5,9,19
1588,16,11,2,1655.3234,5000,9,10,20
1589,16,18,2,1655.3811,7000,7,10,20
1590,15,10,2,1656.9854,9000,6,10,20
1591,16,14,2,1658.0295,3000,6,10,20
1592,10,20,2,1658.7156,7000,7,7,14
1593,16,10,2,1658.7638,4000,6,10,20
1594,11,17,2,1659.3477,4000,4,8,15
1595,11,10,2,1660.4873,9000,9,8,15
1596,10,10,2,1660.8123,8000,6,7,14
1597,13,12,2,1661.2557,6000,6,9,18
1598,15,19,2,1664.1078,9000,7,10,20
1599,11,18,2,1664.6252,2000,5,8,15
1600,20,18,2,1667.1165,5000,5,10,20
1601,18,12,2,1668.0855,3000,9,10,20
1602,20,13,2,1668.3713,8000,3,10,20
1603,12,12,2,1668.6765,3000,6,8,17
1604,14,19,2,1668.8772,5000,3,9,19
1605,19,10,2,1672.7267,8000,3,10,20
1606,12,12,2,1673.2217,7000,7,8,17
1607,15,16,2,1673.8246,6000,4,10,20
1608,17,20,2,1674.8157,4000,4,10,20
1609,17,20,2,1675.3317,9000,5,10,20
1610,12,12,2,1678.0014,9000,5,8,17
1611,19,10,2,1680.1665,5000,8,10,20
1612,17,16,2,1680.7991,3000,5,10,20
1613,14,10,2,1682.0975,4000,3,9,19
1614,19,18,2,1683.5031,4000,8,10,20
1615,16,14,2,1685.2224,4000,7,10,20
1616,10,18,2,1685.5589,4000,7,7,14
1617,19,18,2,1687.6351,9000,3,10,20
1618,19,16,2,1689.3535,6000,8,10,20
1619,15,20,2,1689.4092,8000,6,10,20
1620,10,11,2,1692.7621,9000,7,7,14
1621,14,15,2,1692.8224,2000,8,9,19
1622,10,19,2,1693.142,2000,3,7,14
1623,18,16,2,1693.5232,8000,3,10,20
1624,12,20,2,1693.6365,8000,3,8,17
1625,18,16,2,1694.5742,5000,4,10,20
1626,13,15,2,1695.9725,5000,9,9,18
1627,17,19,2,1696.3709,7000,5,10,20
1628,14,11,2,1696.726,9000,3,9,19
1629,19,14,2,1698.7183,9000,8,10,20
1630,17,12,2,1700.4603,9000,5,10,20
1631,10,17,2,1702.918,2000,9,7,14
1632,18,20,2,1704.4974,7000,5,10,20
1633,19,20,2,1704.8804,2000,8,10,20
1634,18,16,2,1707.3454,9000,5,10,20
1635,12,16,2,1710.2775,7000,8,8,17
1636,15,18,2,1710.3995,5000,9,10,20
1637,20,19,2,1711.3763,3000,9,10,20
1638,18,17,2,1711.6044,6000,9,10,20
1639,15,17,2,1713.6665,2000,9,10,20
1640,17,20,2,1715.2466,9000,5,10,20
1641,19,13,2,1717.7903,2000,9,10,20
1642,11,17,2,1718.1536,2000,9,8,15
1643,10,15,2,1719.1154,2000,7,7,14
1644,11,17,2,1720.927,8000,6,8,15
1645,19,13,2,1721.0989,9000,4,10,20
1646,19,14,2,1722.6448,2000,7,10,20
1647,16,14,2,1722.8843,8000,8,10,20
1648,11,12,2,1723.1997,4000,8,8,15
1649,13,13,2,1724.4484,3000,3,9,18
1650,18,11,2,1724.7799,8000,6,10,20
1651,15,13,2,1725.2096,6000,9,10,20
1652,20,12,2,1725.2958,9000,8,10,20
1653,15,15,2,1726.1659,5000,7,10,20
1654,10,10,2,1726.3988,8000,9,7,14
1655,16,19,2,1726.5217,4000,5,10,20
1656,19,18,2,1726.6238,8000,4,10,20
1657,14,19,2,1727.6607,3000,9,9,19
1658,12,17,2,1729.4398,2000,4,8,17
1659,18,20,2,1732.3214,6000,5,10,20
1660,16,14,2,1732.8149,4000,4,10,20
1661,20,17,2,1733.3437,7000,9,10,20
1662,19,12,2,1733.9328,3000,3,10,20
1663,19,12,2,1735.0204,5000,4,10,20
1664,13,12,2,1735.3542,7000,3,9,18
1665,13,19,2,1735.6744,2000,3,9,18
1666,13,10,2,1735.7077,8000,9,9,18
1667,10,18,2,1736.3528,5000,5,7,14
1668,15,16,2,1736.6821,9000,6,10,20
1669,11,15,2,1737.096,5000,5,8,15
1670,19,14,2,1738.5205,2000,3,10,20
1671,19,13,2,1739.2826,9000,6,10,20
1672,20,16,2,1739.5183,4000,5,10,20
1673,12,14,2,1740.1493,9000,5,8,17
1674,18,18,2,1742.4117,8000,8,10,20
1675,14,17,2,1745.8967,5000,5,9,19
1676,20,13,2,1747.0597,8000,5,10,20
1677,13,14,2,1752.154,9000,5,9,18
1678,12,17,2,1753.6221,9000,9,8,17
1679,16,16,2,1756.0612,3000,5,10,20
1680,13,16,2,1756.8992,5000,7,9,18
1681,18,10,2,1757.2877,4000,9,10,20
1682,19,14,2,1757.4471,5000,4,10,20
1683,20,18,2,1760.1442,3000,8,10,20
1684,15,12,2,1760.2132,3000,5,10,20
1685,16,10,2,1760.7493,4000,9,10,20
1686,14,15,2,1761.3106,5000,7,9,19
1687,18,16,2,1761.7359,3000,8,10,20
1688,15,19,2,1762.282,7000,5,10,20
1689,13,14,2,1763.2413,5000,8,9,18
1690,14,19,2,1763.3037,7000,5,9,19
1691,20,14,2,1764.3095,3000,3,10,20
1692,13,12,2,1765.7476,2000,9,9,18
1693,10,20,2,1765.8758,4000,7,7,14
1694,15,14,2,1766.7786,6000,5,10,20
1695,10,11,2,1768.8491,4000,7,7,14
1696,10,16,2,1770.5057,5000,5,7,14
1697,10,13,2,1771.0275,3000,6,7,14
1698,17,19,2,1771.7566,7000,6,10,20
1699,16,15,2,1772.4428,5000,5,10,20
1700,14,11,2,1773.4486,6000,4,9,19
1701,13,20,2,1775.8697,7000,9,9,18
1702,19,12,2,1776.7956,2000,9,10,20
1703,14,15,2,1776.8636,3000,5,9,19
1704,13,17,2,1777.4333,9000,5,9,18
1705,16,20,2,1778.3373,6000,6,10,20
1706,14,16,2,1778.5863,9000,7,9,19
1707,14,13,2,1780.4177,8000,3,9,19
1708,17,13,2,1780.867,8000,6,10,20
1709,11,13,2,1781.1171,2000,9,8,15
1710,18,11,2,1781.7455,9000,3,10,20
1711,11,16,2,1782.382,7000,5,8,15
1712,16,13,2,1784.3761,8000,3,10,20
1713,14,17,2,1784.5088,4000,5,9,19
1714,14,18,2,1784.7776,8000,8,9,19
1715,17,17,2,1785.3575,8000,6,10,20
1716,11,18,2,1785.6026,5000,5,8,15
1717,14,11,2,1786.4694,8000,8,9,19
1718,20,16,2,1786.6122,9000,3,10,20
1719,17,17,2,1786.9195,4000,7,10,20
1720,18,11,2,1787.4794,5000,7,10,20
1721,18,16,2,1787.864,7000,8,10,20
1722,19,19,2,1789.2302,5000,3,10,20
1723,20,11,2,1790.7918,5000,7,10,20
1724,13,17,2,1791.8308,7000,9,9,18
1725,13,20,2,1792.0866,4000,5,9,18
1726,17,16,2,1792.3977,9000,8,10,20
1727,19,14,2,1794.1437,5000,9,10,20
1728,16,14,2,1794.8663,9000,9,10,20
1729,18,14,2,1795.3451,7000,6,10,20
1730,18,14,2,1796.468,3000,7,10,20
1731,17,19,2,1796.6864,9000,5,10,20
1732,11,19,2,1799.4385,6000,5,8,15
1733,16,11,2,1800.3517,2000,6,10,20
1734,12,19,2,1801.9666,9000,5,8,17
1735,12,19,2,1802.2843,6000,9,8,17
1736,19,13,2,1803.0312,3000,9,10,20
1737,13,17,2,1805.9224,8000,7,9,18
1738,13,20,2,1806.5362,6000,9,9,18
1739,15,20,2,1807.8316,9000,6,10,20
1740,14,18,2,1812.5791,9000,4,9,19
1741,18,20,2,1812.6758,5000,5,10,20
1742,10,17,2,1812.909,3000,6,7,14
1743,15,20,2,1813.6509,4000,7,10,20
1744,11,20,2,1814.927,9000,6,8,15
1745,17,13,2,1816.0334,3000,5,10,20
1746,16,15,2,1818.054,2000,8,10,20
1747,17,15,2,1818.0914,5000,3,10,20
1748,17,18,2,1821.2502,6000,3,10,20
1749,19,17,2,1822.4968,4000,4,10,20
1750,15,20,2,1822.8365,6000,5,10,20
1751,15,17,2,1823.2992,3000,8,10,20
1752,18,15,2,1823.4566,8000,5,10,20
1753,11,14,2,1823.6535,5000,6,8,15
1754,12,20,2,1823.8293,4000,6,8,17
1755,17,16,2,1824.4061,3000,6,10,20
1756,20,10,2,1824.8746,9000,5,10,20
1757,11,13,2,1824.9973,8000,3,8,15
1758,15,17,2,1830.0118,3000,3,10,20
1759,19,20,2,1830.4291,4000,7,10,20
1760,16,18,2,1831.2758,6000,9,10,20
1761,11,15,2,1832.3415,3000,6,8,15
1762,15,16,2,1833.0961,8000,6,10,20
1763,15,20,2,1834.8461,6000,9,10,20
1764,12,17,2,1835.3043,5000,5,8,17
1765,10,12,2,1835.9459,2000,9,7,14
1766,10,13,2,1836.4415,9000,7,7,14
1767,11,20,2,1838.0811,3000,3,8,15
1768,17,10,2,1839.6971,6000,9,10,20
1769,16,19,2,1840.7549,8000,8,10,20
1770,15,17,2,1844.5408,3000,6,10,20
1771,19,12,2,1846.3987,3000,8,10,20
1772,12,13,2,1846.5794,9000,4,8,17
1773,10,10,2,1846.6505,3000,5,7,14
1774,10,14,2,1852.1103,3000,8,7,14
1775,15,19,2,1852.7774,6000,5,10,20
1776,12,17,2,1853.1031,5000,5,8,17
1777,11,17,2,1854.344,8000,4,8,15
1778,20,19,2,1854.6879,2000,9,10,20
1779,11,14,2,1854.9817,7000,3,8,15
1780,16,11,2,1855.4479,5000,8,10,20
1781,20,12,2,1856.609,6000,7,10,20
1782,15,18,2,1856.8453,8000,4,10,20
1783,18,11,2,1857.0998,3000,5,10,20
1784,11,19,2,1858.4412,6000,9,8,15
1785,16,18,2,1859.342,9000,7,10,20
1786,18,20,2,1860.2482,9000,4,10,20
1787,15,20,2,1863.1294,8000,6,10,20
1788,14,20,2,1864.8447,4000,3,9,19
1789,19,17,2,1864.8942,6000,8,10,20
1790,15,12,2,1866.149,6000,9,10,20
1791,20,20,2,1868.4878,8000,6,10,20
1792,16,14,2,1868.8075,7000,4,10,20
1793,10,18,2,1868.8714,9000,7,7,14
1794,12,19,2,1869.2535,4000,6,8,17
1795,12,18,2,1870.0048,6000,6,8,17
1796,18,18,2,1870.6253,3000,7,10,20
1797,14,17,2,1871.3062,7000,6,9,19
1798,13,18,2,1872.1146,2000,9,9,18
1799,20,13,2,1872.283,7000,6,10,20
1800,10,19,2,1872.5402,5000,5,7,14
1801,14,13,2,1873.815,2000,7,9,19
1802,20,14,2,1874.2201,7000,6,10,20
1803,10,13,2,1874.4244,6000,3,7,14
1804,18,15,2,1874.691,3000,4,10,20
1805,12,18,2,1875.0553,4000,6,8,17
1806,19,13,2,1876.459,2000,3,10,20
1807,14,13,2,1876.7518,6000,3,9,19
1808,15,13,2,1877.1842,2000,3,10,20
1809,12,20,2,1878.7188,2000,9,8,17
1810,16,16,2,1878.8412,4000,7,10,20
1811,15,10,2,1879.4252,5000,8,10,20
1812,14,13,2,1879.4939,2000,3,9,19
1813,20,16,2,1880.9704,2000,5,10,20
1814,12,14,2,1883.1936,7000,6,8,17
1815,13,14,2,1883.3596,7000,4,9,18
1816,13,13,2,1884.4772,5000,4,9,18
1817,20,14,2,1884.4984,9000,7,10,20
1818,19,14,2,1884.5446,9000,4,10,20
1819,15,12,2,1887.9895,6000,9,10,20
1820,11,10,2,1888.3903,7000,5,8,15
1821,15,14,2,1889.3957,3000,4,10,20
1822,18,18,2,1889.7878,7000,8,10,20
1823,10,18,2,1891.6542,2000,5,7,14
1824,12,14,2,1892.0477,4000,9,8,17
1825,18,12,2,1893.052,6000,9,10,20
1826,19,18,2,1893.1785,7000,4,10,20
1827,11,16,2,1893.3182,5000,5,8,15
1828,19,15,2,1893.4814,3000,9,10,20
1829,14,13,2,1893.888,7000,6,9,19
1830,11,12,2,1895.4469,5000,3,8,15
1831,11,20,2,1895.5896,4000,9,8,15
1832,18,11,2,1896.2897,3000,6,10,20
1833,19,13,2,1897.5468,4000,6,10,20
1834,18,14,2,1898.1921,4000,4,10,20
1835,19,18,2,1898.2947,4000,5,10,20
1836,19,10,2,1898.6002,6000,7,10,20
1837,19,13,2,1904.2441,2000,9,10,20
1838,17,13,2,1907.595,5000,3,10,20
1839,16,18,2,1907.9799,2000,9,10,20
1840,11,11,2,1908.2455,3000,7,8,15
1841,17,11,2,1909.9824,8000,3,10,20
1842,17,13,2,1911.5317,8000,4,10,20
1843,17,15,2,1911.6683,4000,8,10,20
1844,14,13,2,1915.8546,3000,8,9,19
1845,19,15,2,1916.6097,9000,6,10,20
1846,19,16,2,1917.3657,7000,8,10,20
1847,14,11,2,1917.8554,2000,4,9,19
1848,20,19,2,1918.3238,3000,5,10,20
1849,17,16,2,1918.3326,2000,6,10,20
1850,20,20,2,1918.8988,6000,7,10,20
1851,15,15,2,1919.4917,8000,4,10,20
1852,17,16,2,1921.2578,7000,8,10,20
1853,18,10,2,1923.0757,9000,4,10,20
1854,12,15,2,1923.2495,9000,4,8,17
1855,16,11,2,1924.0954,7000,9,10,20
1856,12,14,2,1925.1318,5000,3,8,17
1857,10,15,2,1926.2789,2000,5,7,14
1858,10,18,2,1927.0082,6000,7,7,14
1859,12,18,2,1927.1287,2000,7,8,17
1860,13,18,2,1930.2055,6000,9,9,18
1861,10,10,2,1930.3974,4000,3,7,14
1862,16,10,2,1933.2851,5000,8,10,20
1863,10,19,2,1933.3323,8000,3,7,14
1864,19,19,2,1934.5001,5000,8,10,20
1865,13,14,2,1936.3863,9000,3,9,18
1866,13,10,2,1937.0261,8000,9,9,18
1867,11,10,2,1942.0026,3000,7,8,15
1868,20,20,2,1942.5024,3000,4,10,20
1869,12,19,2,1942.5433,8000,4,8,17
1870,10,13,2,1942.5791,5000,6,7,14
1871,17,18,2,1944.3508,3000,6,10,20
1872,17,18,2,1945.7097,7000,8,10,20
1873,13,12,2,1947.1205,3000,4,9,18
1874,18,13,2,1947.8,5000,8,10,20
1875,17,18,2,1948.2198,3000,3,10,20
1876,18,15,2,1948.8359,6000,4,10,20
1877,14,13,2,1949.2423,8000,6,9,19
1878,16,16,2,1950.1134,6000,3,10,20
1879,16,15,2,1950.1682,4000,7,10,20
1880,13,14,2,1952.4446,9000,7,9,18
1881,13,18,2,1952.785,2000,6,9,18
1882,15,14,2,1952.9662,4000,5,10,20
1883,12,13,2,1954.7854,8000,5,8,17
1884,14,19,2,1954.9692,9000,7,9,19
1885,16,12,2,1955.2073,7000,9,10,20
1886,18,17,2,1955.7842,7000,9,10,20
1887,19,19,2,1956.6896,9000,3,10,20
1888,15,12,2,1958.288,9000,3,10,20
1889,13,19,2,1958.3272,2000,3,9,18
1890,12,11,2,1959.6005,4000,3,8,17
1891,15,13,2,1960.4042,6000,3,10,20
1892,17,12,2,1961.8261,7000,4,10,20
1893,15,17,2,1964.4692,7000,8,10,20
1894,19,19,2,1966.0785,7000,7,10,20
1895,15,17,2,1966.1741,5000,5,10,20
1896,16,17,2,1966.5565,8000,9,10,20
1897,20,16,2,1967.6859,8000,9,10,20
1898,12,10,2,1967.9654,4000,8,8,17
1899,18,12,2,1968.4645,5000,6,10,20
1900,16,11,2,1969.3051,6000,8,10,20
1901,18,19,2,1971.0373,4000,5,10,20
1902,17,10,2,1971.884,9000,7,10,20
1903,16,16,2,1974.2735,2000,4,10,20
1904,13,12,2,1974.4361,5000,5,9,18
1905,12,15,2,1974.467,7000,7,8,17
1906,10,19,2,1974.988,2000,8,7,14
1907,16,19,2,1976.271,3000,7,10,20
1908,10,13,2,1976.9409,4000,3,7,14
1909,12,19,2,1977.1772,9000,6,8,17
1910,19,16,2,1977.2648,7000,7,10,20
1911,18,16,2,1978.1768,6000,4,10,20
1912,18,12,2,1979.8599,2000,5,10,20
1913,18,20,2,1982.1107,4000,9,10,20
1914,12,10,2,1982.3828,4000,7,8,17
1915,10,18,2,1983.5184,5000,5,7,14
1916,19,18,2,1988.908,7000,5,10,20
1917,10,19,2,1990.5787,6000,3,7,14
1918,15,10,2,1991.1553,2000,9,10,20
1919,14,20,2,1992.52,8000,8,9,19
1920,11,12,2,1993.4392,3000,6,8,15
1921,18,15,2,1994.788,9000,9,10,20
1922,18,11,2,1995.3371,3000,3,10,20
1923,20,20,2,1996.0531,6000,9,10,20
1924,13,14,2,1998.1171,5000,8,9,18
1925,20,14,2,2000.8951,3000,4,10,20
1926,13,14,2,2000.9677,9000,6,9,18
1927,20,12,2,2001.3136,2000,6,10,20
1928,19,19,2,2002.6179,6000,7,10,20
1929,11,20,2,2002.7451,8000,4,8,15
1930,13,10,2,2003.281,4000,3,9,18
1931,15,19,2,2003.9049,7000,7,10,20
1932,16,12,2,2005.3196,2000,3,10,20
1933,12,14,2,2005.3541,4000,7,8,17
1934,13,20,2,2006.6725,9000,6,9,18
1935,14,11,2,2008.2156,5000,3,9,19
1936,19,13,2,2013.0201,4000,7,10,20
1937,18,15,2,2013.2344,2000,4,10,20
1938,15,19,2,2016.1732,2000,4,10,20
1939,18,17,2,2016.5092,8000,3,10,20
1940,11,14,2,2020.5689,7000,3,8,15
1941,16,14,2,2020.594,6000,4,10,20
1942,12,15,2,2020.7615,9000,7,8,17
1943,15,11,2,2021.9192,7000,8,10,20
1944,20,12,2,2022.6254,4000,9,10,20
1945,20,12,2,2023.8844,4000,4,10,20
1946,10,18,2,2024.7042,5000,6,7,14
1947,20,16,2,2027.1721,9000,5,10,20
1948,15,11,2,2028.0289,2000,9,10,20
1949,10,14,2,2028.114,5000,7,7,14
1950,11,13,2,2028.1967,6000,4,8,15
1951,11,13,2,2029.9897,5000,9,8,15
1952,16,13,2,2030.358,7000,6,10,20
1953,12,16,2,2032.564,5000,7,8,17
1954,18,14,2,2033.7824,7000,8,10,20
1955,15,19,2,2035.3277,3000,9,10,20
1956,12,17,2,2035.3685,3000,3,8,17
1957,18,10,2,2036.4634,9000,5,10,20
1958,15,12,2,2036.4643,2000,4,10,20
1959,10,16,2,2040.1486,6000,5,7,14
1960,15,19,2,2040.6301,9000,4,10,20
1961,13,14,2,2042.3915,3000,8,9,18
1962,16,15,2,2045.0701,2000,8,10,20
1963,15,17,2,2045.3015,5000,4,10,20
1964,20,13,2,2047.226,9000,9,10,20
1965,16,13,2,2047.3779,3000,5,10,20
1966,17,14,2,2048.8289,3000,7,10,20
1967,19,14,2,2050.3385,9000,5,10,20
1968,10,13,2,2051.9954,4000,9,7,14
1969,16,14,2,2052.0647,5000,8,10,20
1970,19,14,2,2054.8998,8000,3,10,20
1971,12,13,2,2058.512,8000,7,8,17
1972,10,18,2,2060.0993,8000,9,7,14
1973,12,19,2,2061.1415,6000,6,8,17
1974,10,19,2,2062.3652,2000,6,7,14
1975,20,16,2,2063.9596,9000,5,10,20
1976,12,16,2,2064.4647,7000,7,8,17
1977,16,11,2,2065.0225,9000,5,10,20
1978,16,13,2,2066.2692,3000,3,10,20
1979,17,15,2,2067.8309,5000,4,10,20
1980,17,16,2,2068.8181,8000,8,10,20
1981,13,17,2,2069.8221,4000,7,9,18
1982,11,10,2,2072.1055,6000,3,8,15
1983,12,16,2,2074.67,3000,7,8,17
1984,19,11,2,2076.6917,4000,3,10,20
1985,16,19,2,2077.5373,7000,6,10,20
1986,11,17,2,2077.6317,7000,5,8,15
1987,13,12,2,2077.6839,9000,7,9,18
1988,11,14,2,2078.5051,9000,9,8,15
1989,12,14,2,2078.7443,9000,6,8,17
1990,12,15,2,2079.121,8000,9,8,17
1991,20,13,2,2079.5787,8000,9,10,20
1992,19,14,2,2080.6614,5000,6,10,20
1993,16,14,2,2081.0414,6000,5,10,20
1994,18,12,2,2081.687,3000,5,10,20
1995,11,16,2,2082.2751,7000,8,8,15
1996,20,12,2,2085.4992,4000,5,10,20
1997,14,20,2,2086.2859,7000,3,9,19
1998,16,11,2,2086.6988,3000,4,10,20
1999,10,12,2,2087.7732,7000,3,7,14
2000,15,12,2,2090.3852,8000,7,10,20
2001,19,15,2,2091.1222,8000,9,10,20
2002,17,10,2,2091.7946,9000,9,10,20
2003,13,17,2,2091.9734,9000,3,9,18
2004,15,18,2,2093.4237,9000,3,10,20
2005,18,14,2,2093.612,4000,4,10,20
2006,12,17,2,2094.8259,8000,9,8,17
2007,15,14,2,2095.6642,4000,5,10,20
2008,14,20,2,2097.2133,9000,6,9,19
2009,20,18,2,2097.4024,8000,8,10,20
2010,15,16,2,2098.9988,7000,3,10,20
2011,14,12,2,2099.1432,5000,8,9,19
2012,15,12,2,2100.7964,6000,7,10,20
2013,17,11,2,2101.708,7000,5,10,20
2014,20,14,2,2102.3478,8000,9,10,20
2015,13,11,2,2104.2138,5000,3,9,18
2016,13,10,2,2107.8558,3000,6,9,18
2017,17,16,2,2108.2396,7000,6,10,20
2018,11,16,2,2110.1166,4000,4,8,15
2019,11,12,2,2112.3503,4000,9,8,15
2020,10,11,2,2112.6686,3000,4,7,14
2021,17,10,2,2114.0571,7000,6,10,20
2022,13,13,2,2114.9845,5000,6,9,18
2023,18,18,2,2115.6999,5000,8,10,20
2024,19,20,2,2115.9748,6000,3,10,20
2025,11,18,2,2117.5982,6000,3,8,15
2026,17,12,2,2118.5185,9000,9,10,20
2027,12,15,2,2119.5001,2000,5,8,17
2028,17,17,2,2121.2696,9000,4,10,20
2029,19,18,2,2126.3038,6000,3,10,20
2030,16,17,2,2128.8986,2000,7,10,20
2031,20,18,2,2129.4311,4000,7,10,20
2032,13,20,2,2131.4275,6000,6,9,18
2033,10,11,2,2131.8177,5000,6,7,14
2034,15,11,2,2132.4387,2000,6,10,20
2035,16,18,2,2132.6262,6000,7,10,20
2036,18,17,2,2134.7922,9000,8,10,20
2037,16,20,2,2135.8257,4000,6,10,20
2038,16,17,2,2137.7958,4000,6,10,20
2039,15,14,2,2138.7887,3000,9,10,20
2040,10,13,2,2138.7933,4000,5,7,14
2041,12,15,2,2139.7209,7000,5,8,17
2042,19,10,2,2141.25,8000,7,10,20
2043,19,18,2,2141.2576,6000,7,10,20
2044,19,12,2,2141.7077,5000,9,10,20
2045,13,19,2,2142.9121,7000,8,9,18
2046,12,20,2,2144.3762,4000,5,8,17
2047,14,17,2,2144.7662,3000,7,9,19
2048,10,12,2,2145.9628,3000,8,7,14
2049,16,12,2,2146.0764,4000,6,10,20
2050,18,19,2,2149.0528,2000,6,10,20
2051,17,20,2,2150.1832,3000,8,10,20
2052,16,16,2,2151.1033,6000,8,10,20
2053,16,14,2,2151.1853,6000,3,10,20
2054,13,20,2,2151.4814,9000,8,9,18
2055,17,17,2,2152.0465,8000,9,10,20
2056,20,20,2,2152.0495,2000,9,10,20
2057,19,10,2,2152.6731,9000,6,10,20
2058,16,16,2,2153.348,2000,5,10,20
2059,15,11,2,2154.2935,7000,6,10,20
2060,13,15,2,2154.5892,4000,6,9,18
2061,15,15,2,2154.6799,8000,3,10,20
2062,13,16,2,2155.7042,9000,7,9,18
2063,17,20,2,2156.3454,9000,5,10,20
2064,19,12,2,2157.625,7000,3,10,20
2065,13,14,2,2160.2425,7000,4,9,18
2066,12,11,2,2164.5205,4000,6,8,17
2067,16,10,2,2164.6233,3000,3,10,20
2068,20,14,2,2165.5278,5000,5,10,20
2069,19,14,2,2166.2725,6000,6,10,20
2070,10,11,2,2167.9122,9000,4,7,14
2071,14,15,2,2168.4622,8000,6,9,19
2072,17,13,2,2169.0037,2000,4,10,20
2073,17,14,2,2169.6171,3000,7,10,20
2074,19,18,2,2170.0694,5000,3,10,20
2075,15,14,2,2170.2381,3000,5,10,20
2076,13,14,2,2172.2591,7000,5,9,18
2077,12,11,2,2173.3536,4000,6,8,17
2078,11,17,2,2173.8366,3000,4,8,15
2079,11,15,2,2174.023,9000,3,8,15
2080,10,14,2,2174.5186,7000,5,7,14
2081,12,19,2,2177.783,3000,4,8,17
2082,15,12,2,2178.0119,3000,6,10,20
2083,20,12,2,2179.9311,3000,8,10,20
2084,20,20,2,2181.5857,7000,8,10,20
2085,12,18,2,2182.4279,6000,3,8,17
2086,20,20,2,2183.8332,6000,9,10,20
2087,18,13,2,2183.9251,4000,7,10,20
2088,17,10,2,2184.8728,2000,5,10,20
2089,14,11,2,2185.0714,5000,5,9,19
2090,19,17,2,2185.4562,2000,5,10,20
2091,17,14,2,2185.5851,6000,3,10,20
2092,17,11,2,2187.3997,8000,4,10,20
2093,14,15,2,2187.6184,9000,9,9,19
2094,20,13,2,2188.4078,6000,5,10,20
2095,16,19,2,2192.8089,9000,6,10,20
2096,13,13,2,2192.9369,5000,7,9,18
2097,17,19,2,2194.2388,9000,5,10,20
2098,13,10,2,2194.4975,6000,7,9,18
2099,10,19,2,2196.2983,2000,5,7,14
2100,20,20,2,2197.2041,2000,8,10,20
2101,20,15,2,2199.2857,2000,9,10,20
2102,19,19,2,2200.178,4000,4,10,20
2103,18,14,2,2200.3099,8000,4,10,20
2104,14,20,2,2201.2431,5000,4,9,19
2105,16,16,2,2202.7656,5000,8,10,20
2106,17,12,2,2203.1373,2000,9,10,20
2107,15,20,2,2204.6526,2000,8,10,20
2108,13,16,2,2204.6886,4000,6,9,18
2109,17,17,2,2204.8025,2000,5,10,20
2110,11,12,2,2205.7124,3000,5,8,15
2111,16,12,2,2205.839,5000,6,10,20
2112,10,13,2,2206.685,8000,8,7,14
2113,19,14,2,2206.8301,4000,9,10,20
2114,10,19,2,2206.9775,3000,9,7,14
2115,10,12,2,2207.5927,6000,9,7,14
2116,16,12,2,2208.081,5000,3,10,20
2117,16,11,2,2208.6507,3000,7,10,20
2118,15,14,2,2209.6425,6000,4,10,20
2119,12,20,2,2209.8426,9000,4,8,17
2120,17,11,2,2210.0015,3000,7,10,20
2121,14,20,2,2211.0793,9000,9,9,19
2122,15,18,2,2211.2329,9000,4,10,20
2123,13,13,2,2213.1357,6000,5,9,18
2124,16,13,2,2215.3281,7000,9,10,20
2125,18,14,2,2217.1321,9000,5,10,20
2126,20,16,2,2217.5294,6000,8,10,20
2127,17,10,2,2217.5861,4000,5,10,20
2128,10,15,2,2217.5971,6000,7,7,14
2129,17,15,2,2217.5975,7000,4,10,20
2130,14,13,2,2218.6877,9000,7,9,19
2131,20,17,2,2218.9151,4000,7,10,20
2132,11,18,2,2220.9679,2000,5,8,15
2133,12,13,2,2221.6001,5000,7,8,17
2134,19,17,2,2221.971,3000,3,10,20
2135,12,14,2,2222.1344,8000,8,8,17
2136,12,16,2,2225.0993,3000,5,8,17
2137,12,20,2,2225.4616,9000,4,8,17
2138,15,16,2,2226.8209,8000,7,10,20
2139,12,18,2,2226.8429,5000,3,8,17
2140,14,18,2,2227.9335,8000,4,9,19
2141,11,10,2,2228.1395,4000,4,8,15
2142,14,13,2,2228.3505,9000,8,9,19
2143,12,12,2,2229.363,8000,6,8,17
2144,14,17,2,2229.4827,2000,4,9,19
2145,13,13,2,2229.7349,2000,6,9,18
2146,20,18,2,2231.4282,6000,7,10,20
2147,15,17,2,2231.8183,6000,6,10,20
2148,15,15,2,2232.9756,9000,5,10,20
2149,18,13,2,2233.6902,7000,3,10,20
2150,15,15,2,2234.1683,4000,5,10,20
2151,10,17,2,2235.0583,5000,7,7,14
2152,14,20,2,2235.06,5000,9,9,19
2153,19,19,2,2235.0899,5000,4,10,20
2154,18,11,2,2235.5751,3000,7,10,20
2155,12,15,2,2237.3336,4000,7,8,17
2156,10,12,2,2237.7044,5000,7,7,14
2157,18,17,2,2238.2461,2000,4,10,20
2158,13,10,2,2241.8914,4000,6,9,18
2159,14,14,2,2242.0892,4000,3,9,19
2160,12,14,2,2242.7203,6000,5,8,17
2161,17,14,2,2242.9194,5000,3,10,20
2162,13,16,2,2242.9367,4000,4,9,18
2163,14,19,2,2243.0044,3000,8,9,19
2164,10,15,2,2243.2112,8000,8,7,14
2165,15,13,2,2243.2499,3000,6,10,20
2166,19,13,2,2244.4078,4000,5,10,20
2167,11,14,2,2246.1033,9000,8,8,15
2168,11,12,2,2246.2713,7000,7,8,15
2169,14,14,2,2247.0133,5000,8,9,19
2170,10,14,2,2247.647,3000,6,7,14
2171,11,10,2,2247.6876,3000,9,8,15
2172,13,17,2,2249.4446,2000,3,9,18
2173,15,17,2,2252.0092,3000,9,10,20
2174,14,13,2,2252.3574,3000,5,9,19
2175,17,12,2,2253.4299,2000,3,10,20
2176,16,18,2,2254.3276,4000,8,10,20
2177,12,13,2,2255.4331,8000,6,8,17
2178,11,19,2,2256.5621,6000,9,8,15
2179,17,17,2,2257.0631,2000,7,10,20
2180,14,14,2,2257.6636,7000,4,9,19
2181,16,18,2,2258.7816,3000,8,10,20
2182,12,19,2,2259.0919,9000,3,8,17
2183,12,13,2,2259.3567,5000,5,8,17
2184,11,10,2,2260.194,5000,9,8,15
2185,17,18,2,2260.7129,7000,5,10,20
2186,12,14,2,2260.9167,5000,7,8,17
2187,13,17,2,2261.815,6000,6,9,18
2188,11,11,2,2262.1915,4000,7,8,15
2189,13,13,2,2263.9326,6000,8,9,18
2190,10,20,2,2264.037,7000,8,7,14
2191,14,18,2,2266.3119,9000,6,9,19
2192,14,12,2,2267.5187,7000,7,9,19
2193,10,16,2,2267.8593,8000,8,7,14
2194,17,11,2,2269.8323,7000,7,10,20
2195,10,12,2,2270.9269,5000,7,7,14
2196,20,14,2,2271.7892,6000,9,10,20
2197,19,13,2,2273.155,5000,4,10,20
2198,20,14,2,2273.2237,5000,9,10,20
2199,20,17,2,2273.873,9000,7,10,20
2200,20,11,2,2273.9421,6000,6,10,20
2201,18,10,2,2274.093,2000,9,10,20
2202,14,11,2,2274.6252,3000,3,9,19
2203,14,19,2,2275.5285,7000,3,9,19
2204,12,20,2,2276.9732,3000,3,8,17
2205,17,20,2,2277.157,2000,6,10,20
2206,18,15,2,2279.1119,8000,3,10,20
2207,13,19,2,2279.2717,2000,3,9,18
2208,20,20,2,2279.444,7000,8,10,20
2209,10,19,2,2279.4717,4000,9,7,14
2210,16,17,2,2279.7391,8000,9,10,20
2211,13,15,2,2280.2919,7000,7,9,18
2212,10,10,2,2281.8979,5000,6,7,14
2213,18,14,2,2282.509,5000,3,10,20
2214,17,15,2,2282.5244,6000,6,10,20
2215,15,13,2,2283.4893,8000,5,10,20
2216,18,14,2,2284.0247,2000,3,10,20
2217,14,15,2,2284.4033,3000,7,9,19
2218,12,15,2,2286.1938,3000,3,8,17
2219,15,17,2,2288.0011,2000,3,10,20
2220,19,18,2,2288.2719,6000,7,10,20
2221,15,10,2,2288.3974,7000,8,10,20
2222,15,20,2,2290.3753,5000,6,10,20
2223,14,13,2,2290.594,8000,5,9,19
2224,10,16,2,2292.8557,3000,6,7,14
2225,20,11,2,2292.928,7000,4,10,20
2226,18,14,2,2293.2974,8000,4,10,20
2227,19,16,2,2293.4874,9000,8,10,20
2228,10,20,2,2293.7456,5000,7,7,14
2229,14,14,2,2293.9474,8000,6,9,19
2230,17,17,2,2294.4477,4000,7,10,20
2231,14,16,2,2294.4935,3000,7,9,19
2232,13,12,2,2298.3953,8000,5,9,18
2233,13,10,2,2300.6578,3000,5,9,18
2234,12,14,2,2301.822,2000,7,8,17
2235,14,19,2,2302.3514,7000,6,9,19
2236,19,20,2,2303.0567,4000,4,10,20
2237,13,19,2,2304.0392,7000,4,9,18
2238,20,15,2,2305.2725,2000,6,10,20
2239,17,16,2,2305.3342,2000,8,10,20
2240,16,13,2,2306.8126,7000,9,10,20
2241,12,19,2,2307.3833,8000,5,8,17
2242,17,18,2,2307.717,9000,6,10,20
2243,12,19,2,2308.5836,3000,6,8,17
2244,19,18,2,2308.6619,2000,6,10,20
2245,19,20,2,2309.6333,4000,7,10,20
2246,13,15,2,2311.6123,8000,7,9,18
2247,11,14,2,2311.6143,6000,7,8,15
2248,13,19,2,2311.8426,5000,8,9,18
2249,11,10,2,2313.2594,5000,8,8,15
2250,10,14,2,2313.3871,5000,8,7,14
2251,19,18,2,2313.7025,2000,5,10,20
2252,12,13,2,2315.2616,5000,9,8,17
2253,10,10,2,2315.3267,9000,5,7,14
2254,14,19,2,2315.795,3000,7,9,19
2255,13,10,2,2316.7329,7000,6,9,18
2256,10,12,2,2318.3448,3000,4,7,14
2257,11,11,2,2321.1585,8000,8,8,15
2258,19,16,2,2325.7486,9000,9,10,20
2259,10,18,2,2329.1084,2000,3,7,14
2260,11,20,2,2329.4458,6000,4,8,15
2261,17,11,2,2330.7394,5000,7,10,20
2262,19,14,2,2331.8314,6000,6,10,20
2263,14,13,2,2332.0516,8000,6,9,19
2264,10,20,2,2333.0634,8000,6,7,14
2265,12,11,2,2333.5206,2000,7,8,17
2266,12,16,2,2334.6615,8000,8,8,17
2267,16,19,2,2334.9925,2000,8,10,20
2268,17,14,2,2336.768,5000,3,10,20
2269,13,13,2,2338.4424,5000,3,9,18
2270,14,11,2,2338.5364,6000,6,9,19
2271,11,12,2,2340.1317,5000,6,8,15
2272,10,19,2,2340.3315,3000,7,7,14
2273,12,13,2,2340.4621,6000,3,8,17
2274,10,19,2,2341.4205,5000,4,7,14
2275,15,11,2,2342.5414,6000,6,10,20
2276,17,16,2,2342.6948,2000,7,10,20
2277,13,13,2,2342.7876,5000,9,9,18
2278,15,10,2,2343.4076,6000,6,10,20
2279,20,20,2,2346.7706,6000,5,10,20
2280,10,15,2,2347.2541,8000,4,7,14
2281,11,18,2,2347.3724,8000,9,8,15
2282,17,12,2,2349.0938,4000,5,10,20
2283,16,14,2,2349.3203,4000,8,10,20
2284,13,16,2,2349.4176,9000,3,9,18
2285,10,18,2,2350.267,9000,4,7,14
2286,13,18,2,2350.4085,6000,4,9,18
2287,19,15,2,2351.1301,5000,6,10,20
2288,13,13,2,2352.2502,9000,4,9,18
2289,15,17,2,2353.3001,5000,6,10,20
2290,10,16,2,2353.4727,5000,3,7,14
2291,19,15,2,2354.5316,6000,3,10,20
2292,17,14,2,2355.3486,4000,6,10,20
2293,19,11,2,2355.5994,2000,4,10,20
2294,10,13,2,2357.1159,6000,5,7,14
2295,17,19,2,2357.3492,3000,4,10,20
2296,19,16,2,2357.4578,2000,6,10,20
2297,18,11,2,2357.8355,9000,9,10,20
2298,10,18,2,2358.7799,3000,4,7,14
2299,18,14,2,2359.7229,2000,5,10,20
2300,19,12,2,2359.9128,4000,3,10,20
2301,12,14,2,2360.8121,8000,8,8,17
2302,18,16,2,2360.8156,8000,7,10,20
2303,15,10,2,2360.9203,8000,6,10,20
2304,17,14,2,2361.8219,6000,4,10,20
2305,19,15,2,2362.6073,2000,3,10,20
2306,12,10,2,2364.5506,7000,3,8,17
2307,11,14,2,2365.3334,4000,5,8,15
2308,20,15,2,2366.1132,6000,6,10,20
2309,16,17,2,2367.0788,9000,5,10,20
2310,20,11,2,2367.2369,3000,5,10,20
2311,15,14,2,2368.4504,2000,8,10,20
2312,12,18,2,2368.5419,3000,3,8,17
2313,16,13,2,2369.522,7000,9,10,20
2314,19,13,2,2370.05,6000,4,10,20
2315,15,13,2,2371.0597,8000,5,10,20
2316,18,12,2,2371.4052,4000,6,10,20
2317,15,15,2,2371.6479,3000,8,10,20
2318,10,20,2,2375.4639,7000,3,7,14
2319,18,17,2,2377.0085,2000,6,10,20
2320,10,16,2,2377.8413,6000,4,7,14
2321,11,10,2,2379.233,5000,7,8,15
2322,11,20,2,2379.3269,2000,6,8,15
2323,20,15,2,2381.5127,6000,4,10,20
2324,20,10,2,2381.6771,4000,3,10,20
2325,20,19,2,2382.1574,3000,9,10,20
2326,12,13,2,2383.4943,7000,5,8,17
2327,12,14,2,2383.5742,6000,5,8,17
2328,14,14,2,2386.7222,2000,6,9,19
2329,20,17,2,2387.2121,8000,8,10,20
2330,19,12,2,2390.2319,7000,3,10,20
2331,16,20,2,2390.9304,5000,5,10,20
2332,19,10,2,2392.7428,9000,4,10,20
2333,10,18,2,2394.0007,8000,8,7,14
2334,20,18,2,2395.464,4000,8,10,20
2335,13,17,2,2398.0399,5000,8,9,18
2336,10,15,2,2399.0766,8000,5,7,14
2337,20,20,2,2401.0524,7000,4,10,20
2338,16,14,2,2403.3205,2000,5,10,20
2339,19,13,2,2404.5401,9000,7,10,20
2340,17,20,2,2404.8686,5000,7,10,20
2341,16,10,2,2406.7644,9000,3,10,20
2342,14,17,2,2407.5936,9000,8,9,19
2343,20,15,2,2409.2991,4000,8,10,20
2344,10,19,2,2409.5172,5000,9,7,14
2345,17,19,2,2409.6361,6000,8,10,20
2346,13,11,2,2410.2193,7000,6,9,18
2347,17,19,2,2410.3374,3000,4,10,20
2348,15,18,2,2410.6033,7000,9,10,20
2349,18,16,2,2411.8213,6000,6,10,20
2350,15,11,2,2412.6186,7000,3,10,20
2351,13,17,2,2412.6341,4000,8,9,18
2352,11,13,2,2414.6935,7000,7,8,15
2353,20,13,2,2414.9283,3000,8,10,20
2354,10,12,2,2416.7916,2000,3,7,14
2355,20,15,2,2417.1986,5000,3,10,20
2356,13,10,2,2418.4557,3000,7,9,18
2357,12,19,2,2418.6512,3000,7,8,17
2358,15,18,2,2419.5806,5000,3,10,20
2359,10,18,2,2421.435,9000,9,7,14
2360,15,16,2,2422.5136,3000,9,10,20
2361,15,20,2,2423.2321,4000,6,10,20
2362,19,11,2,2423.9705,8000,6,10,20
2363,18,19,2,2424.6988,3000,6,10,20
2364,11,14,2,2425.0833,9000,5,8,15
2365,15,17,2,2425.1213,8000,4,10,20
2366,15,16,2,2429.5777,5000,3,10,20
2367,17,12,2,2429.7854,7000,5,10,20
2368,17,17,2,2430.1844,7000,7,10,20
2369,16,11,2,2431.6216,9000,5,10,20
2370,11,16,2,2431.8925,3000,7,8,15
2371,17,10,2,2433.0919,9000,7,10,20
2372,17,12,2,2434.967,8000,9,10,20
2373,11,12,2,2436.1098,8000,4,8,15
2374,15,19,2,2436.3518,3000,6,10,20
2375,17,19,2,2437.2163,5000,7,10,20
2376,12,16,2,2437.2937,6000,9,8,17
2377,16,15,2,2437.7597,7000,9,10,20
2378,12,14,2,2438.3688,4000,7,8,17
2379,20,15,2,2439.8216,2000,4,10,20
2380,20,15,2,2439.8323,2000,9,10,20
2381,19,20,2,2440.0258,9000,4,10,20
2382,14,18,2,2442.937,5000,7,9,19
2383,17,10,2,2442.9384,7000,5,10,20
2384,10,16,2,2443.7832,5000,4,7,14
2385,20,11,2,2444.7594,6000,8,10,20
2386,14,12,2,2445.6134,9000,6,9,19
2387,19,15,2,2446.4566,5000,9,10,20
2388,19,20,2,2448.0675,2000,8,10,20
2389,11,12,2,2448.4231,8000,3,8,15
2390,13,12,2,2448.5568,4000,5,9,18
2391,14,10,2,2452.0522,2000,7,9,19
2392,10,14,2,2454.0198,9000,5,7,14
2393,12,13,2,2456.7549,6000,8,8,17
2394,12,14,2,2460.4548,3000,4,8,17
2395,10,15,2,2460.5768,8000,3,7,14
2396,13,18,2,2460.7465,3000,3,9,18
2397,15,14,2,2461.6471,8000,9,10,20
2398,11,15,2,2462.9431,7000,4,8,15
2399,13,18,2,2463.5822,2000,8,9,18
2400,11,18,2,2465.016,6000,7,8,15
2401,12,11,2,2465.4385,5000,5,8,17
2402,16,20,2,2466.2077,9000,9,10,20
2403,20,10,2,2466.3974,8000,3,10,20
2404,14,20,2,2466.5552,8000,7,9,19
2405,17,16,2,2467.6651,3000,3,10,20
2406,18,11,2,2468.3886,2000,3,10,20
2407,16,18,2,2469.7729,4000,6,10,20
2408,14,19,2,2471.1586,7000,4,9,19
2409,12,18,2,2471.2041,8000,3,8,17
2410,14,14,2,2471.3254,2000,3,9,19
2411,10,19,2,2472.0072,4000,4,7,14
2412,12,15,2,2473.2121,2000,8,8,17
2413,12,20,2,2473.433,7000,3,8,17
2414,13,16,2,2475.3469,2000,3,9,18
2415,19,19,2,2475.5822,6000,4,10,20
2416,12,13,2,2476.3741,9000,7,8,17
2417,12,15,2,2477.0528,8000,9,8,17
2418,19,15,2,2477.0745,6000,4,10,20
2419,10,10,2,2477.3643,6000,4,7,14
2420,10,13,2,2480.2609,9000,7,7,14
2421,18,10,2,2481.1177,7000,8,10,20
2422,17,17,2,2482.0539,7000,3,10,20
2423,12,17,2,2483.0725,3000,5,8,17
2424,18,12,2,2483.1764,3000,4,10,20
2425,10,17,2,2485.3269,3000,9,7,14
2426,11,20,2,2485.4885,3000,9,8,15
2427,12,18,2,2486.0312,3000,6,8,17
2428,17,16,2,2486.8364,5000,7,10,20
2429,19,14,2,2488.2769,5000,6,10,20
2430,18,11,2,2488.3064,4000,4,10,20
2431,16,11,2,2489.5418,4000,9,10,20
2432,16,16,2,2494.671,2000,9,10,20
2433,11,15,2,2494.99,7000,5,8,15
2434,12,11,2,2495.9169,2000,5,8,17
2435,15,13,2,2496.1213,3000,4,10,20
2436,10,19,2,2496.6089,7000,4,7,14
2437,18,20,2,2499.2105,9000,5,10,20
2438,12,19,2,2499.3291,5000,9,8,17
2439,11,10,2,2502.1051,9000,5,8,15
2440,19,15,2,2502.118,9000,7,10,20
2441,18,11,2,2502.58,4000,7,10,20
2442,11,14,2,2503.0355,6000,8,8,15
2443,10,14,2,2503.3741,6000,3,7,14
2444,19,17,2,2503.4376,5000,9,10,20
2445,18,15,2,2503.5001,7000,4,10,20
2446,10,14,2,2503.8243,6000,3,7,14
2447,14,15,2,2505.6346,3000,9,9,19
2448,14,15,2,2507.4348,5000,7,9,19
2449,14,11,2,2507.5962,3000,3,9,19
2450,15,13,2,2508.6471,7000,4,10,20
2451,14,11,2,2512.1722,5000,7,9,19
2452,18,11,2,2512.4097,3000,5,10,20
2453,12,17,2,2514.4071,9000,4,8,17
2454,10,14,2,2515.7464,6000,6,7,14
2455,14,13,2,2517.0879,8000,6,9,19
2456,10,19,2,2517.2532,8000,5,7,14
2457,13,19,2,2517.5444,2000,3,9,18
2458,11,18,2,2518.0435,8000,3,8,15
2459,14,12,2,2518.3994,9000,6,9,19
2460,15,17,2,2519.1548,3000,6,10,20
2461,20,15,2,2519.7398,8000,3,10,20
2462,11,19,2,2521.3369,4000,3,8,15
2463,10,19,2,2521.6913,4000,8,7,14
2464,15,19,2,2523.3942,8000,5,10,20
2465,11,20,2,2523.4025,7000,7,8,15
2466,11,12,2,2523.7145,6000,6,8,15
2467,17,11,2,2525.0317,5000,6,10,20
2468,13,12,2,2525.5627,9000,3,9,18
2469,12,17,2,2526.6017,6000,3,8,17
2470,10,10,2,2527.4457,9000,6,7,14
2471,11,19,2,2527.713,4000,5,8,15
2472,12,12,2,2528.606,2000,7,8,17
2473,20,18,2,2528.9011,6000,8,10,20
2474,14,12,2,2529.6641,3000,6,9,19
2475,10,10,2,2531.287,5000,9,7,14
2476,15,14,2,2531.9854,4000,3,10,20
2477,20,20,2,2532.5118,3000,7,10,20
2478,16,10,2,2535.0636,6000,6,10,20
2479,16,14,2,2535.0978,5000,4,10,20
2480,19,17,2,2537.182,5000,4,10,20
2481,13,18,2,2539.5801,2000,3,9,18
2482,15,11,2,2540.3913,2000,5,10,20
2483,17,11,2,2541.1932,4000,5,10,20
2484,10,11,2,2541.5,5000,3,7,14
2485,20,20,2,2541.6969,3000,7,10,20
2486,18,10,2,2541.8063,6000,9,10,20
2487,13,13,2,2542.7202,6000,4,9,18
2488,10,11,2,2543.0221,8000,4,7,14
2489,20,11,2,2548.1754,7000,7,10,20
2490,12,14,2,2552.2088,2000,6,8,17
2491,15,13,2,2552.916,2000,3,10,20
2492,14,10,2,2552.9162,6000,7,9,19
2493,18,15,2,2553.4258,8000,6,10,20
2494,16,13,2,2554.3808,3000,7,10,20
2495,17,16,2,2554.6763,8000,4,10,20
2496,14,12,2,2554.7001,7000,4,9,19
2497,16,12,2,2554.883,5000,7,10,20
2498,18,13,2,2555.2545,7000,6,10,20
2499,18,18,2,2557.2127,7000,6,10,20
2500,15,13,2,2560.1637,9000,7,10,20
2501,18,19,2,2561.2944,5000,8,10,20
2502,10,13,2,2563.3989,9000,4,7,14
2503,16,16,2,2564.0707,3000,4,10,20
2504,15,13,2,2568.8967,6000,3,10,20
2505,15,11,2,2571.637,5000,4,10,20
2506,16,13,2,2571.6751,5000,9,10,20
2507,16,13,2,2572.0835,9000,7,10,20
2508,13,15,2,2572.4796,2000,7,9,18
2509,11,12,2,2572.931,6000,4,8,15
2510,11,18,2,2573.7289,5000,4,8,15
2511,13,19,2,2575.8353,4000,6,9,18
2512,17,17,2,2575.943,4000,3,10,20
2513,13,13,2,2576.7369,6000,4,9,18
2514,11,16,2,2578.9871,3000,7,8,15
2515,10,20,2,2580.5477,5000,5,7,14
2516,11,19,2,2581.9026,7000,3,8,15
2517,10,16,2,2582.352,4000,9,7,14
2518,17,17,2,2582.9924,8000,7,10,20
2519,11,18,2,2583.9163,4000,5,8,15
2520,11,12,2,2585.1089,4000,5,8,15
2521,15,14,2,2585.2795,8000,5,10,20
2522,16,17,2,2588.6955,9000,8,10,20
2523,10,10,2,2588.7659,6000,9,7,14
2524,19,13,2,2589.5923,8000,9,10,20
2525,12,13,2,2589.7505,8000,3,8,17
2526,17,10,2,2589.9177,5000,9,10,20
2527,20,11,2,2590.0152,9000,3,10,20
2528,14,15,2,2591.3073,5000,3,9,19
2529,20,16,2,2593.2037,5000,6,10,20
2530,13,12,2,2593.7342,7000,8,9,18
2531,18,17,2,2594.8622,2000,7,10,20
2532,17,13,2,2596.078,7000,4,10,20
2533,13,12,2,2597.4282,7000,5,9,18
2534,17,10,2,2598.0315,7000,9,10,20
2535,10,17,2,2599.4101,9000,5,7,14
2536,10,16,2,2599.4259,8000,3,7,14
2537,13,18,2,2600.1649,6000,7,9,18
2538,14,17,2,2600.8131,3000,6,9,19
2539,18,16,2,2602.8709,2000,5,10,20
2540,15,13,2,2602.9372,5000,6,10,20
2541,20,12,2,2604.0759,3000,3,10,20
2542,19,11,2,2605.0142,7000,7,10,20
2543,15,18,2,2608.1326,2000,7,10,20
2544,20,18,2,2608.8715,8000,6,10,20
2545,17,11,2,2609.6107,5000,7,10,20
2546,18,11,2,2611.2982,8000,9,10,20
2547,11,11,2,2611.9479,9000,6,8,15
2548,10,13,2,2612.5095,8000,5,7,14
2549,12,18,2,2612.9919,3000,7,8,17
2550,19,19,2,2615.203,2000,6,10,20
2551,12,12,2,2617.0372,5000,4,8,17
2552,18,12,2,2617.231,2000,5,10,20
2553,11,18,2,2620.1768,8000,6,8,15
2554,17,13,2,2621.2134,6000,7,10,20
2555,19,20,2,2621.6227,4000,5,10,20
2556,18,16,2,2623.4972,2000,7,10,20
2557,13,16,2,2624.8258,8000,5,9,18
2558,15,15,2,2626.0269,9000,6,10,20
2559,19,17,2,2627.0986,7000,3,10,20
2560,20,10,2,2627.3093,5000,8,10,20
2561,12,14,2,2627.5297,9000,7,8,17
2562,14,20,2,2629.5054,2000,3,9,19
2563,11,20,2,2631.141,9000,6,8,15
2564,19,15,2,2631.6701,7000,3,10,20
2565,20,17,2,2632.2807,8000,4,10,20
2566,17,14,2,2632.8888,6000,3,10,20
2567,10,17,2,2633.7204,2000,7,7,14
2568,13,15,2,2634.3951,3000,6,9,18
2569,14,14,2,2635.5059,7000,7,9,19
2570,18,16,2,2635.8546,8000,7,10,20
2571,12,15,2,2635.9114,6000,7,8,17
2572,16,20,2,2636.0864,3000,3,10,20
2573,10,15,2,2636.8165,9000,6,7,14
2574,20,10,2,2637.2068,7000,6,10,20
2575,10,15,2,2637.2237,2000,9,7,14
2576,14,18,2,2639.0449,5000,6,9,19
2577,14,20,2,2639.4989,9000,8,9,19
2578,11,17,2,2642.4478,8000,9,8,15
2579,12,11,2,2642.6163,4000,4,8,17
2580,11,16,2,2642.7185,9000,8,8,15
2581,19,19,2,2645.0575,4000,6,10,20
2582,11,18,2,2645.2423,9000,7,8,15
2583,16,16,2,2645.6303,8000,4,10,20
2584,18,10,2,2646.245,8000,7,10,20
2585,16,19,2,2646.3176,9000,4,10,20
2586,18,20,2,2647.4724,7000,7,10,20
2587,14,12,2,2647.5389,3000,8,9,19
2588,20,18,2,2647.6241,6000,9,10,20
2589,12,17,2,2647.8452,6000,6,8,17
2590,13,15,2,2649.4844,4000,6,9,18
2591,16,16,2,2650.4369,7000,6,10,20
2592,17,17,2,2651.8839,8000,3,10,20
2593,17,19,2,2652.3385,7000,4,10,20
2594,20,11,2,2654.4368,2000,5,10,20
2595,14,10,2,2656.393,5000,4,9,19
2596,19,19,2,2656.5936,3000,8,10,20
2597,10,14,2,2657.4933,9000,5,7,14
2598,11,17,2,2658.2409,2000,3,8,15
2599,15,12,2,2658.9321,2000,7,10,20
2600,18,11,2,2659.2272,6000,4,10,20
2601,16,13,2,2661.3686,7000,4,10,20
2602,18,18,2,2662.6753,9000,6,10,20
2603,10,11,2,2663.1949,5000,3,7,14
2604,20,12,2,2663.5345,4000,3,10,20
2605,19,10,2,2664.4178,8000,4,10,20
2606,17,20,2,2665.467,2000,7,10,20
2607,16,20,2,2665.8592,7000,7,10,20
2608,13,16,2,2666.9915,7000,4,9,18
2609,18,15,2,2668.0237,4000,4,10,20
2610,10,12,2,2668.804,7000,5,7,14
2611,10,11,2,2669.3846,5000,8,7,14
2612,12,14,2,2670.6947,5000,5,8,17
2613,20,14,2,2672.1933,6000,9,10,20
2614,18,20,2,2673.4084,7000,3,10,20
2615,15,20,2,2674.3967,5000,4,10,20
2616,13,15,2,2676.2873,4000,9,9,18
2617,16,16,2,2677.8087,3000,7,10,20
2618,20,19,2,2678.8313,5000,6,10,20
2619,10,17,2,2679.0705,5000,8,7,14
2620,20,11,2,2679.6408,8000,9,10,20
2621,17,11,2,2681.4994,4000,7,10,20
2622,17,12,2,2682.2431,9000,5,10,20
2623,18,10,2,2684.3045,5000,8,10,20
2624,12,17,2,2684.313,5000,6,8,17
2625,20,16,2,2684.3241,8000,9,10,20
2626,19,19,2,2685.3098,7000,7,10,20
2627,19,20,2,2685.5405,3000,9,10,20
2628,17,19,2,2686.514,6000,7,10,20
2629,18,20,2,2686.9993,3000,4,10,20
2630,12,14,2,2692.0769,3000,5,8,17
2631,18,13,2,2692.2137,3000,9,10,20
2632,11,13,2,2692.6812,2000,4,8,15
2633,13,11,2,2694.9151,6000,6,9,18
2634,10,11,2,2695.0413,7000,3,7,14
2635,12,10,2,2695.335,5000,6,8,17
2636,12,14,2,2696.6974,5000,9,8,17
2637,10,13,2,2697.2078,3000,3,7,14
2638,15,12,2,2697.2421,6000,3,10,20
2639,11,19,2,2697.3928,6000,5,8,15
2640,13,18,2,2698.7159,2000,9,9,18
2641,15,18,2,2699.4037,2000,9,10,20
2642,14,19,2,2699.4328,8000,8,9,19
2643,11,20,2,2700.3435,7000,9,8,15
2644,15,17,2,2703.6819,7000,5,10,20
2645,10,16,2,2704.1156,7000,9,7,14
2646,18,13,2,2704.8476,8000,6,10,20
2647,13,13,2,2705.1295,3000,5,9,18
2648,14,16,2,2705.4863,5000,7,9,19
2649,20,13,2,2706.2314,4000,3,10,20
2650,10,13,2,2706.6707,8000,8,7,14
2651,10,11,2,2707.5243,8000,6,7,14
2652,19,19,2,2708.602,8000,6,10,20
2653,15,11,2,2709.1064,6000,9,10,20
2654,10,10,2,2709.1904,4000,5,7,14
2655,15,12,2,2710.0426,8000,5,10,20
2656,11,12,2,2710.6857,5000,7,8,15
2657,15,19,2,2710.9846,9000,9,10,20
2658,14,13,2,2714.6688,3000,4,9,19
2659,13,11,2,2715.1991,7000,7,9,18
2660,19,20,2,2715.4622,3000,9,10,20
2661,10,13,2,2716.8743,6000,9,7,14
2662,10,19,2,2719.4767,9000,6,7,14
2663,19,10,2,2720.4397,8000,8,10,20
2664,17,15,2,2720.6682,3000,8,10,20
2665,17,15,2,2720.679,7000,8,10,20
2666,13,18,2,2721.7817,8000,9,9,18
2667,10,10,2,2722.385,3000,6,7,14
2668,11,10,2,2723.023,9000,5,8,15
2669,17,13,2,2723.9817,5000,5,10,20
2670,20,18,2,2724.6471,3000,7,10,20
2671,11,20,2,2724.6824,9000,4,8,15
2672,13,12,2,2724.7759,5000,8,9,18
2673,11,14,2,2729.0525,8000,7,8,15
2674,14,18,2,2730.386,4000,6,9,19
2675,18,19,2,2730.9345,7000,6,10,20
2676,13,11,2,2731.3885,5000,9,9,18
2677,12,12,2,2731.5171,5000,3,8,17
2678,16,18,2,2732.8134,7000,9,10,20
2679,15,10,2,2734.8255,3000,3,10,20
2680,10,12,2,2735.0689,7000,4,7,14
2681,17,12,2,2735.3493,7000,6,10,20
2682,20,14,2,2735.7431,7000,3,10,20
2683,11,18,2,2736.2772,7000,8,8,15
2684,15,10,2,2737.9751,2000,6,10,20
2685,14,20,2,2738.9802,9000,6,9,19
2686,14,17,2,2740.6012,7000,9,9,19
2687,16,17,2,2740.6128,7000,3,10,20
2688,17,18,2,2741.4771,9000,3,10,20
2689,17,19,2,2742.5985,6000,8,10,20
2690,13,17,2,2743.0573,8000,6,9,18
2691,19,14,2,2743.8189,5000,4,10,20
2692,12,10,2,2744.5947,8000,5,8,17
2693,18,17,2,2745.1159,7000,6,10,20
2694,20,11,2,2746.4179,8000,8,10,20
2695,11,15,2,2748.1107,7000,6,8,15
2696,15,12,2,2750.3346,6000,7,10,20
2697,14,14,2,2751.0471,2000,9,9,19
2698,10,20,2,2751.8436,9000,6,7,14
2699,10,17,2,2753.9957,6000,6,7,14
2700,15,18,2,2754.5779,4000,5,10,20
2701,15,11,2,2755.1556,4000,4,10,20
2702,15,12,2,2755.4612,3000,3,10,20
2703,15,18,2,2755.9742,8000,4,10,20
2704,14,11,2,2759.9172,2000,7,9,19
2705,12,13,2,2759.9984,4000,5,8,17
2706,13,10,2,2761.4564,5000,3,9,18
2707,10,11,2,2762.6579,4000,6,7,14
2708,19,10,2,2763.4076,3000,8,10,20
2709,16,17,2,2763.5778,3000,6,10,20
2710,14,16,2,2765.6424,9000,4,9,19
2711,17,16,2,2767.5042,2000,9,10,20
2712,17,14,2,2768.4756,2000,8,10,20
2713,15,19,2,2768.6578,7000,3,10,20
2714,16,14,2,2768.849,4000,5,10,20
2715,20,15,2,2769.6263,4000,7,10,20
2716,14,17,2,2769.7556,4000,7,9,19
2717,13,17,2,2770.8675,4000,7,9,18
2718,17,19,2,2770.9182,9000,8,10,20
2719,10,11,2,2772.5404,8000,7,7,14
2720,19,17,2,2772.795,8000,6,10,20
2721,19,19,2,2772.919,7000,5,10,20
2722,18,13,2,2775.0746,2000,9,10,20
2723,17,18,2,2776.6406,7000,4,10,20
2724,10,10,2,2777.3182,8000,7,7,14
2725,15,13,2,2778.1451,3000,7,10,20
2726,11,19,2,2778.267,4000,8,8,15
2727,20,17,2,2778.7545,5000,3,10,20
2728,12,16,2,2778.9798,8000,5,8,17
2729,18,18,2,2780.4612,4000,8,10,20
2730,12,20,2,2782.1498,9000,6,8,17
2731,10,15,2,2782.4696,8000,3,7,14
2732,16,19,2,2783.3543,9000,7,10,20
2733,10,10,2,2784.7341,6000,8,7,14
2734,13,19,2,2784.9844,6000,7,9,18
2735,17,16,2,2785.1587,2000,3,10,20
2736,14,11,2,2785.6324,8000,9,9,19
2737,12,15,2,2786.6254,4000,4,8,17
2738,14,11,2,2787.2983,6000,9,9,19
2739,15,12,2,2787.8215,6000,7,10,20
2740,13,18,2,2788.2684,7000,5,9,18
2741,14,12,2,2788.3801,7000,8,9,19
2742,14,13,2,2791.8784,3000,7,9,19
2743,17,18,2,2794.4893,4000,9,10,20
2744,19,15,2,2794.6818,7000,5,10,20
2745,10,12,2,2797.4542,2000,3,7,14
2746,17,10,2,2797.9718,8000,8,10,20
2747,14,13,2,2798.2134,3000,6,9,19
2748,10,15,2,2798.6753,5000,6,7,14
2749,19,15,2,2798.9823,7000,8,10,20
2750,19,16,2,2799.9924,4000,6,10,20
2751,19,10,2,2800.0836,7000,5,10,20
2752,14,11,2,2801.337,8000,9,9,19
2753,18,17,2,2802.4183,2000,8,10,20
2754,16,18,2,2804.4565,7000,4,10,20
2755,17,15,2,2806.3112,9000,7,10,20
2756,16,20,2,2812.4361,2000,6,10,20
2757,17,15,2,2813.0487,6000,9,10,20
2758,20,16,2,2815.564,2000,6,10,20
2759,18,15,2,2816.7534,3000,3,10,20
2760,19,13,2,2818.025,3000,3,10,20
2761,10,12,2,2818.8521,9000,5,7,14
2762,18,10,2,2819.4749,2000,3,10,20
2763,10,12,2,2819.6609,2000,8,7,14
2764,17,18,2,2823.7443,3000,4,10,20
2765,11,14,2,2825.1781,7000,9,8,15
2766,20,17,2,2828.5598,9000,3,10,20
2767,20,11,2,2829.1009,6000,7,10,20
2768,14,16,2,2829.6769,9000,4,9,19
2769,20,10,2,2830.137,6000,4,10,20
2770,18,14,2,2830.4434,4000,3,10,20
2771,16,14,2,2833.4327,7000,6,10,20
2772,20,15,2,2834.8647,7000,8,10,20
2773,14,16,2,2834.8741,7000,7,9,19
2774,20,11,2,2836.8085,5000,7,10,20
2775,16,20,2,2840.44,2000,4,10,20
2776,13,20,2,2841.9077,9000,8,9,18
2777,18,17,2,2842.7188,9000,5,10,20
2778,19,19,2,2842.7408,2000,8,10,20
2779,19,13,2,2843.6848,7000,6,10,20
2780,18,18,2,2844.7883,7000,7,10,20
2781,16,11,2,2846.6091,3000,9,10,20
2782,17,15,2,2847.9498,3000,7,10,20
2783,13,19,2,2847.9652,7000,7,9,18
2784,13,14,2,2848.2209,7000,8,9,18
2785,16,12,2,2851.8065,5000,7,10,20
2786,13,17,2,2851.856,2000,6,9,18
2787,10,18,2,2852.913,8000,4,7,14
2788,15,10,2,2855.1337,5000,7,10,20
2789,12,17,2,2855.3566,5000,6,8,17
2790,18,16,2,2856.4691,3000,8,10,20
2791,12,11,2,2857.6399,5000,5,8,17
2792,13,13,2,2858.2552,2000,8,9,18
2793,18,17,2,2858.4478,4000,9,10,20
2794,15,16,2,2859.0088,3000,8,10,20
2795,17,12,2,2860.6209,7000,7,10,20
2796,10,13,2,2861.6359,6000,7,7,14
2797,12,12,2,2862.0982,8000,8,8,17
2798,10,14,2,2862.1486,9000,7,7,14
2799,18,19,2,2862.894,6000,6,10,20
2800,20,13,2,2863.1302,6000,3,10,20
2801,20,19,2,2863.1826,2000,6,10,20
2802,11,11,2,2863.6478,8000,5,8,15
2803,11,16,2,2864.3362,9000,9,8,15
2804,12,17,2,2865.4303,2000,8,8,17
2805,10,20,2,2866.3101,7000,5,7,14
2806,15,15,2,2866.5213,7000,5,10,20
2807,14,15,2,2866.6719,4000,3,9,19
2808,13,18,2,2868.281,7000,5,9,18
2809,13,15,2,2868.3736,5000,3,9,18
2810,16,11,2,2872.4784,5000,6,10,20
2811,17,16,2,2873.4992,7000,8,10,20
2812,19,12,2,2874.073,6000,3,10,20
2813,11,10,2,2874.5128,5000,8,8,15
2814,13,19,2,2875.2284,9000,3,9,18
2815,19,20,2,2875.5879,5000,4,10,20
2816,14,18,2,2877.0521,8000,8,9,19
2817,17,16,2,2877.0531,9000,5,10,20
2818,14,16,2,2877.7712,2000,6,9,19
2819,16,12,2,2877.9431,4000,8,10,20
2820,15,17,2,2879.5587,5000,4,10,20
2821,18,20,2,2879.8766,2000,7,10,20
2822,15,17,2,2880.0423,5000,8,10,20
2823,17,20,2,2880.444,2000,9,10,20
2824,20,14,2,2882.3885,5000,5,10,20
2825,19,19,2,2883.2602,6000,6,10,20
2826,14,13,2,2884.2227,9000,5,9,19
2827,18,20,2,2886.0368,3000,6,10,20
2828,15,15,2,2886.1062,2000,6,10,20
2829,12,13,2,2887.939,3000,4,8,17
2830,10,16,2,2888.1248,3000,7,7,14
2831,20,19,2,2888.2188,8000,7,10,20
2832,20,19,2,2888.4564,7000,3,10,20
2833,11,17,2,2888.9534,9000,7,8,15
2834,11,11,2,2889.2642,8000,9,8,15
2835,20,15,2,2889.7606,4000,5,10,20
2836,16,11,2,2891.6952,5000,5,10,20
2837,14,14,2,2891.8843,3000,5,9,19
2838,19,10,2,2892.6397,5000,7,10,20
2839,18,12,2,2893.3852,8000,3,10,20
2840,13,13,2,2893.4139,6000,6,9,18
2841,10,18,2,2894.0671,6000,3,7,14
2842,12,10,2,2894.0873,7000,3,8,17
2843,15,10,2,2894.391,9000,7,10,20
2844,20,16,2,2897.8994,2000,5,10,20
2845,15,17,2,2899.5585,7000,6,10,20
2846,19,13,2,2902.0432,9000,7,10,20
2847,11,14,2,2903.319,4000,5,8,15
2848,20,17,2,2903.3424,7000,8,10,20
2849,10,19,2,2903.7652,3000,6,7,14
2850,10,13,2,2904.4609,6000,4,7,14
2851,10,12,2,2905.8009,2000,8,7,14
2852,13,20,2,2910.2816,6000,6,9,18
2853,17,13,2,2911.4448,8000,3,10,20
2854,10,20,2,2911.8245,5000,6,7,14
2855,13,18,2,2912.0488,9000,5,9,18
2856,18,17,2,2913.8903,8000,6,10,20
2857,19,17,2,2914.9962,3000,9,10,20
2858,17,14,2,2915.5859,7000,4,10,20
2859,20,17,2,2916.4419,6000,4,10,20
2860,17,19,2,2917.2269,9000,9,10,20
2861,12,11,2,2918.4155,7000,7,8,17
2862,12,13,2,2918.6885,5000,6,8,17
2863,15,20,2,2919.2698,3000,9,10,20
2864,14,19,2,2920.3982,4000,9,9,19
2865,10,20,2,2921.9094,5000,3,7,14
2866,20,18,2,2923.3118,3000,4,10,20
2867,18,15,2,2924.8563,4000,8,10,20
2868,11,11,2,2925.8335,8000,5,8,15
2869,11,14,2,2926.2382,7000,8,8,15
2870,10,18,2,2926.8551,8000,3,7,14
2871,11,18,2,2927.1938,4000,3,8,15
2872,14,14,2,2928.556,9000,9,9,19
2873,17,20,2,2929.1639,2000,7,10,20
2874,14,15,2,2931.0026,9000,7,9,19
2875,11,15,2,2932.3248,5000,5,8,15
2876,17,15,2,2932.4735,3000,4,10,20
2877,12,16,2,2932.8238,3000,6,8,17
2878,16,13,2,2932.8275,3000,7,10,20
2879,13,11,2,2933.7678,6000,5,9,18
2880,12,11,2,2935.0059,9000,5,8,17
2881,14,14,2,2935.7662,2000,7,9,19
2882,12,17,2,2935.7878,4000,3,8,17
2883,14,17,2,2936.3734,3000,8,9,19
2884,12,20,2,2937.7763,8000,8,8,17
2885,13,20,2,2937.8295,7000,7,9,18
2886,19,17,2,2937.9124,9000,3,10,20
2887,16,17,2,2938.9366,4000,3,10,20
2888,16,13,2,2939.0323,4000,4,10,20
2889,20,16,2,2939.1754,6000,3,10,20
2890,10,10,2,2939.6034,9000,9,7,14
2891,13,16,2,2941.0478,2000,8,9,18
2892,12,20,2,2941.0543,3000,7,8,17
2893,15,12,2,2942.4562,4000,7,10,20
2894,10,11,2,2943.7155,7000,4,7,14
2895,14,19,2,2945.3894,2000,9,9,19
2896,16,19,2,2945.4772,8000,7,10,20
2897,17,12,2,2945.7177,6000,9,10,20
2898,19,19,2,2946.1225,9000,5,10,20
2899,12,20,2,2946.9446,7000,8,8,17
2900,11,11,2,2947.7153,4000,9,8,15
2901,20,19,2,2952.4821,6000,3,10,20
2902,10,14,2,2953.2405,3000,5,7,14
2903,18,20,2,2955.9302,3000,6,10,20
2904,20,11,2,2956.2723,5000,6,10,20
2905,10,16,2,2956.779,5000,6,7,14
2906,11,18,2,2958.9973,2000,9,8,15
2907,19,10,2,2959.1276,4000,3,10,20
2908,20,17,2,2959.2014,5000,5,10,20
2909,11,12,2,2959.2652,3000,4,8,15
2910,15,15,2,2960.6355,9000,7,10,20
2911,10,16,2,2962.5221,5000,7,7,14
2912,11,20,2,2963.5601,3000,7,8,15
2913,13,14,2,2964.3259,8000,4,9,18
2914,15,20,2,2965.0222,7000,5,10,20
2915,14,10,2,2965.274,6000,9,9,19
2916,12,15,2,2965.7027,8000,9,8,17
2917,12,17,2,2968.2089,8000,7,8,17
2918,12,20,2,2968.8131,9000,5,8,17
2919,12,13,2,2970.745,3000,6,8,17
2920,11,11,2,2971.7976,4000,8,8,15
2921,18,18,2,2972.3997,3000,6,10,20
2922,13,13,2,2973.8348,7000,8,9,18
2923,17,19,2,2974.5533,4000,9,10,20
2924,19,20,2,2974.9499,9000,5,10,20
2925,16,19,2,2976.7394,7000,8,10,20
2926,19,17,2,2978.258,2000,5,10,20
2927,13,14,2,2981.9342,5000,7,9,18
2928,16,17,2,2982.3004,6000,7,10,20
2929,15,10,2,2983.1838,7000,5,10,20
2930,16,11,2,2984.4703,5000,6,10,20
2931,10,17,2,2984.5341,8000,3,7,14
2932,15,19,2,2984.6162,7000,8,10,20
2933,16,11,2,2985.37,7000,8,10,20
2934,10,10,2,2985.8445,5000,8,7,14
2935,10,16,2,2987.2977,9000,4,7,14
2936,18,10,2,2987.5274,2000,4,10,20
2937,18,19,2,2988.3812,7000,9,10,20
2938,20,14,2,2988.8418,7000,9,10,20
2939,19,19,2,2989.3996,4000,8,10,20
2940,11,15,2,2990.0473,8000,8,8,15
2941,17,14,2,2990.147,6000,4,10,20
2942,15,20,2,2990.7381,8000,3,10,20
2943,18,14,2,2990.7922,3000,6,10,20
2944,12,15,2,2992.5853,7000,8,8,17
2945,16,14,2,2993.8412,4000,9,10,20
2946,18,19,2,2994.6485,3000,7,10,20
2947,13,13,2,2995.2683,2000,9,9,18
2948,14,18,2,2997.114,9000,8,9,19
2949,17,15,2,2997.8915,9000,7,10,20
2950,19,11,2,2998.0392,7000,3,10,20
2951,11,15,2,3000.2092,3000,8,8,15
2952,13,17,2,3001.0547,3000,7,9,18
2953,11,18,2,3001.4258,5000,4,8,15
2954,18,18,2,3002.31,9000,5,10,20
2955,11,12,2,3002.7809,2000,6,8,15
2956,10,17,2,3002.7971,8000,8,7,14
2957,10,19,2,3003.1799,5000,3,7,14
2958,18,11,2,3005.428,8000,6,10,20
2959,14,13,2,3005.7451,6000,9,9,19
2960,13,13,2,3007.9092,7000,7,9,18
2961,20,11,2,3008.1575,5000,8,10,20
2962,19,19,2,3008.371,2000,9,10,20
2963,20,18,2,3009.3254,2000,3,10,20
2964,16,10,2,3011.9534,2000,3,10,20
2965,12,19,2,3014.4145,2000,3,8,17
2966,19,11,2,3015.2675,8000,5,10,20
2967,17,19,2,3016.964,8000,6,10,20
2968,10,13,2,3017.0806,5000,7,7,14
2969,10,18,2,3017.3484,7000,6,7,14
2970,18,16,2,3022.5366,8000,4,10,20
2971,20,17,2,3023.7514,8000,4,10,20
2972,13,10,2,3023.9595,6000,7,9,18
2973,19,17,2,3024.4623,8000,4,10,20
2974,18,18,2,3030.0017,2000,6,10,20
2975,11,18,2,3030.3698,7000,6,8,15
2976,20,19,2,3032.3926,8000,7,10,20
2977,13,19,2,3033.5849,8000,3,9,18
2978,19,12,2,3034.0737,8000,5,10,20
2979,10,20,2,3034.8299,4000,6,7,14
2980,17,17,2,3037.8001,7000,9,10,20
2981,16,20,2,3038.1877,9000,6,10,20
2982,17,10,2,3043.1614,4000,5,10,20
2983,16,10,2,3044.3673,6000,4,10,20
2984,16,13,2,3044.9982,2000,5,10,20
2985,10,16,2,3045.0805,4000,4,7,14
2986,16,14,2,3045.3249,5000,8,10,20
2987,20,19,2,3046.1709,2000,3,10,20
2988,17,17,2,3046.2623,6000,7,10,20
2989,17,20,2,3046.6839,6000,9,10,20
2990,10,12,2,3047.319,9000,4,7,14
2991,19,13,2,3048.9953,8000,4,10,20
2992,11,19,2,3050.3689,9000,3,8,15
2993,19,19,2,3051.2325,5000,9,10,20
2994,11,10,2,3051.629,8000,9,8,15
2995,11,14,2,3051.935,2000,3,8,15
2996,13,15,2,3052.1477,8000,3,9,18
2997,16,13,2,3053.3419,4000,6,10,20
2998,18,19,2,3054.6139,3000,8,10,20
2999,20,14,2,3056.3851,6000,4,10,20
