job_id,num_qubits,depth,priority,arrival_time,num_shots,req_iterations,cpu_units,mem_bw
0,13,8,2,0.2216,2000,4,9,18
1,6,11,2,0.3012,2800,7,5,10
2,7,8,2,0.493,4400,5,6,11
3,5,5,2,2.8778,4700,4,5,9
4,20,6,2,3.59,2400,5,10,20
5,3,9,2,4.2062,2300,7,4,6
6,4,14,2,5.2968,4300,4,4,8
7,14,17,2,6.8989,1700,6,9,19
8,14,8,2,8.9489,1500,6,9,19
9,6,12,2,9.0259,4900,7,5,10
10,11,20,2,9.1199,5000,6,8,15
11,17,19,2,9.5096,1900,3,10,20
12,4,14,2,9.6175,2000,6,4,8
13,5,11,2,11.2735,1400,3,5,9
14,10,10,2,12.4241,2800,5,7,14
15,11,11,2,12.7008,4300,7,8,15
16,19,14,2,13.391,3500,5,10,20
17,10,11,2,13.5761,4600,6,7,14
18,15,20,2,13.6833,4300,4,10,20
19,10,6,2,14.2697,2600,4,7,14
20,15,17,2,14.5366,4900,6,10,20
21,12,20,2,14.6335,2100,3,8,17
22,5,20,2,14.7033,1900,4,5,9
23,15,9,2,14.9204,3100,3,10,20
24,3,11,2,14.9408,2000,4,4,6
25,12,18,2,15.8032,2500,4,8,17
26,8,12,2,17.5598,1100,6,6,12
27,8,20,2,17.9017,3600,4,6,12
28,18,6,2,18.1954,1500,6,10,20
29,8,9,2,18.5415,5000,4,6,12
30,7,10,2,19.0834,3500,6,6,11
31,15,7,2,20.4151,4300,4,10,20
32,5,19,2,20.9089,3200,5,5,9
33,13,5,2,21.3373,3500,6,9,18
34,4,8,2,22.002,4300,6,4,8
35,7,6,2,22.0257,2700,5,6,11
36,17,5,2,22.2252,2600,3,10,20
37,3,5,2,23.5696,5000,7,4,6
38,6,9,2,24.2531,1400,3,5,10
39,9,6,2,24.676,1100,3,7,13
40,4,17,2,26.2832,1400,6,4,8
41,14,11,2,26.6136,1100,5,9,19
42,18,18,2,27.0591,2200,4,10,20
43,8,13,2,27.0857,2000,4,6,12
44,18,16,2,27.5844,4000,5,10,20
45,17,7,2,27.7406,2400,6,10,20
46,7,17,2,28.2506,2800,5,6,11
47,15,5,2,29.4656,4200,3,10,20
48,13,14,2,30.8282,3300,3,9,18
49,5,15,2,31.9335,2100,3,5,9
50,13,6,2,32.5244,1400,6,9,18
51,17,6,2,34.0778,3200,3,10,20
52,7,10,2,34.315,2800,3,6,11
53,8,5,2,35.3747,4400,6,6,12
54,14,5,2,36.6503,1100,3,9,19
55,10,14,2,37.4427,3600,6,7,14
56,14,15,2,39.3062,4100,6,9,19
57,15,17,2,39.7671,2300,6,10,20
58,7,17,2,40.1508,2300,4,6,11
59,13,14,2,40.7608,3200,6,9,18
60,8,18,2,41.8055,2200,3,6,12
61,4,12,2,43.8876,4000,4,4,8
62,15,5,2,45.4536,2900,5,10,20
63,12,9,2,46.1077,3200,3,8,17
64,18,12,2,48.2948,2600,7,10,20
65,17,14,2,49.0546,4100,3,10,20
66,14,5,2,49.7693,4200,5,9,19
67,13,13,2,51.0993,1900,6,9,18
68,10,14,2,51.3118,3500,3,7,14
69,6,20,2,51.8159,3900,6,5,10
70,19,17,2,52.2117,4500,3,10,20
71,20,20,2,52.4031,4200,6,10,20
72,7,11,2,53.2338,3000,6,6,11
73,8,11,2,53.6318,4600,6,6,12
74,7,7,2,53.7044,4600,6,6,11
75,15,13,2,53.9225,3400,4,10,20
76,7,7,2,54.6764,4300,6,6,11
77,17,8,2,55.8785,3300,5,10,20
78,16,19,2,56.0508,1700,4,10,20
79,4,17,2,56.5592,4900,3,4,8
80,17,5,2,57.0979,4600,5,10,20
81,8,18,2,57.452,4700,6,6,12
82,18,20,2,57.9744,4100,6,10,20
83,6,17,2,59.1472,1200,7,5,10
84,18,9,2,59.2721,3900,5,10,20
85,19,6,2,59.7135,1200,3,10,20
86,11,19,2,61.3613,1500,6,8,15
87,11,19,2,61.6613,3100,4,8,15
88,10,6,2,62.1548,3300,6,7,14
89,18,12,2,64.4994,2000,3,10,20
90,11,10,2,64.8575,2900,5,8,15
91,20,7,2,66.0982,1900,7,10,20
92,19,15,2,66.562,2000,7,10,20
93,13,5,2,67.2312,2700,5,9,18
94,9,6,2,67.3447,2200,6,7,13
95,5,20,2,67.4086,4900,6,5,9
96,3,6,2,67.4184,3200,5,4,6
97,9,14,2,67.7777,1600,5,7,13
98,3,6,2,68.8301,1700,6,4,6
99,14,18,2,68.8662,2400,6,9,19
100,7,17,2,69.6962,4700,6,6,11
101,11,7,2,70.4052,1200,4,8,15
102,18,6,2,70.5597,2600,4,10,20
103,6,12,2,70.9468,3300,4,5,10
104,20,7,2,71.2992,3300,5,10,20
105,6,9,2,72.8373,2000,6,5,10
106,5,16,2,72.8631,2200,3,5,9
107,17,7,2,72.9294,3500,5,10,20
108,18,12,2,73.1482,1600,4,10,20
109,14,18,2,73.7093,1200,6,9,19
110,8,19,2,74.2575,4700,7,6,12
111,7,10,2,74.3133,3900,4,6,11
112,15,5,2,74.8883,1200,3,10,20
113,7,8,2,74.9298,2900,4,6,11
114,19,18,2,75.4844,4700,3,10,20
115,19,13,2,75.9881,2700,4,10,20
116,6,10,2,76.2251,1500,6,5,10
117,19,11,2,76.531,4000,5,10,20
118,8,16,2,77.6117,2300,5,6,12
119,14,9,2,79.4521,2100,3,9,19
120,13,15,2,80.9108,1500,7,9,18
121,19,16,2,81.0373,2200,5,10,20
122,16,10,2,83.4411,1300,7,10,20
123,16,17,2,83.9337,1300,5,10,20
124,18,7,2,84.2203,3500,6,10,20
125,14,16,2,85.1268,2900,3,9,19
126,8,17,2,86.4267,2900,5,6,12
127,8,19,2,86.8841,4600,5,6,12
128,3,6,2,87.0648,3300,6,4,6
129,5,10,2,87.7557,4900,6,5,9
130,16,12,2,88.0504,4200,7,10,20
131,13,6,2,88.3493,3900,4,9,18
132,20,11,2,88.6175,1200,3,10,20
133,11,9,2,89.8636,1200,6,8,15
134,10,20,2,89.9134,3600,3,7,14
135,9,12,2,91.017,3600,7,7,13
136,16,15,2,91.0232,2000,7,10,20
137,6,20,2,91.5404,3400,3,5,10
138,10,10,2,91.9016,2000,3,7,14
139,13,6,2,92.2095,1800,6,9,18
140,19,14,2,92.2989,3100,4,10,20
141,7,8,2,92.7953,2700,7,6,11
142,15,18,2,93.5667,2300,3,10,20
143,4,18,2,96.1345,2300,5,4,8
144,12,10,2,96.5956,4800,7,8,17
145,18,11,2,96.9536,1200,3,10,20
146,3,8,2,97.3674,1100,3,4,6
147,19,7,2,97.5833,2600,6,10,20
148,20,19,2,97.7164,1200,3,10,20
149,6,20,2,97.8315,3300,4,5,10
150,10,9,2,98.9068,2900,7,7,14
151,5,17,2,99.4333,1900,5,5,9
152,17,19,2,100.2833,3600,4,10,20
153,11,6,2,102.3477,3300,4,8,15
154,8,17,2,102.742,4400,4,6,12
155,17,11,2,103.3826,4900,7,10,20
156,16,7,2,103.4508,2000,3,10,20
157,7,17,2,103.5943,4000,7,6,11
158,9,8,2,104.409,3600,7,7,13
159,11,8,2,105.2813,4400,6,8,15
160,4,11,2,105.4083,4300,4,4,8
161,8,11,2,105.4316,3500,3,6,12
162,18,11,2,106.4117,4700,6,10,20
163,8,10,2,106.7725,3500,3,6,12
164,11,15,2,107.2881,2500,5,8,15
165,10,15,2,108.0276,3800,5,7,14
166,9,5,2,108.4462,2600,7,7,13
167,17,7,2,109.6526,3200,7,10,20
168,7,16,2,110.0817,4800,5,6,11
169,20,15,2,110.9752,4600,5,10,20
170,17,8,2,111.1588,2900,7,10,20
171,18,12,2,112.1278,4000,3,10,20
172,20,17,2,112.7997,1900,3,10,20
173,15,15,2,112.9017,4800,3,10,20
174,6,14,2,113.0098,3900,3,5,10
175,4,17,2,113.8437,1000,7,4,8
176,3,14,2,113.8773,2900,6,4,6
177,14,12,2,114.8654,3700,4,9,19
178,15,8,2,116.4193,2800,3,10,20
179,7,10,2,116.4218,1300,7,6,11
180,15,12,2,116.7463,1200,3,10,20
181,16,20,2,119.5569,4700,3,10,20
182,14,6,2,119.6338,2200,7,9,19
183,10,13,2,120.0611,3800,7,7,14
184,7,9,2,121.9344,2900,3,6,11
185,11,14,2,122.0895,3400,5,8,15
186,18,9,2,122.3643,3200,3,10,20
187,11,6,2,122.586,1000,3,8,15
188,5,12,2,123.2889,3100,7,5,9
189,8,16,2,123.5921,2400,4,6,12
190,5,18,2,124.7809,3700,5,5,9
191,18,13,2,126.0805,2900,7,10,20
192,20,11,2,126.374,4100,5,10,20
193,18,12,2,126.7437,2200,6,10,20
194,13,9,2,127.3495,4300,7,9,18
195,19,9,2,128.1974,3500,5,10,20
196,5,6,2,128.256,3500,7,5,9
197,4,20,2,128.5705,4500,7,4,8
198,17,19,2,129.0808,3900,4,10,20
199,12,18,2,130.9485,3100,6,8,17
200,7,16,2,132.2401,3900,6,6,11
201,18,5,2,132.7681,3700,5,10,20
202,9,10,2,132.9262,5000,5,7,13
203,11,10,2,132.9521,1200,5,8,15
204,5,12,2,134.7412,2800,6,5,9
205,5,20,2,135.5538,4600,5,5,9
206,10,17,2,136.3649,1200,6,7,14
207,19,16,2,136.6161,3300,6,10,20
208,11,17,2,136.6895,3400,7,8,15
209,18,13,2,136.99,4100,6,10,20
210,13,13,2,137.036,3400,5,9,18
211,20,14,2,137.2269,3100,6,10,20
212,19,14,2,137.532,2000,6,10,20
213,4,16,2,138.2376,1900,7,4,8
214,18,10,2,138.7397,4500,7,10,20
215,17,10,2,138.7629,4700,3,10,20
216,4,12,2,138.9409,2000,4,4,8
217,20,15,2,140.4428,4900,7,10,20
218,7,8,2,140.6269,2300,4,6,11
219,10,20,2,141.896,3800,5,7,14
220,10,16,2,141.9428,3100,7,7,14
221,18,12,2,142.044,3700,5,10,20
222,17,13,2,142.1674,3200,5,10,20
223,18,20,2,142.6978,1200,7,10,20
224,20,9,2,143.1287,1000,4,10,20
225,16,15,2,143.5591,2000,5,10,20
226,6,5,2,143.6363,4400,3,5,10
227,18,7,2,144.9494,2200,7,10,20
228,5,10,2,144.9787,2500,6,5,9
229,12,11,2,145.1324,2100,3,8,17
230,15,16,2,145.699,1600,6,10,20
231,16,17,2,147.7998,3400,3,10,20
232,11,18,2,149.4212,3600,7,8,15
233,18,9,2,149.7371,3600,5,10,20
234,4,13,2,151.8161,3900,4,4,8
235,8,17,2,151.9949,2200,5,6,12
236,16,11,2,153.3734,2500,7,10,20
237,20,7,2,153.4706,4100,5,10,20
238,12,8,2,154.2543,2000,7,8,17
239,13,9,2,154.5113,1200,5,9,18
240,5,8,2,154.693,2000,7,5,9
241,12,17,2,155.1081,3800,5,8,17
242,18,11,2,156.2536,1900,4,10,20
243,15,18,2,157.0901,1400,3,10,20
244,3,5,2,157.3659,1600,7,4,6
245,12,19,2,158.5224,4200,4,8,17
246,10,19,2,160.5833,3500,4,7,14
247,16,7,2,160.6744,3700,5,10,20
248,19,11,2,160.8167,2300,5,10,20
249,7,19,2,160.9473,2500,4,6,11
250,19,15,2,161.1571,3800,3,10,20
251,9,9,2,161.2164,4200,7,7,13
252,17,18,2,161.3118,3000,3,10,20
253,12,13,2,163.2515,4100,4,8,17
254,4,8,2,163.5619,2700,3,4,8
255,11,11,2,163.585,2100,7,8,15
256,7,13,2,164.181,3500,4,6,11
257,10,18,2,165.6088,1100,4,7,14
258,12,16,2,166.4439,2900,7,8,17
259,6,16,2,167.8459,1800,3,5,10
260,10,17,2,169.6809,3000,6,7,14
261,9,12,2,170.1006,1400,4,7,13
262,3,10,2,170.1461,3800,6,4,6
263,7,12,2,170.4399,4000,4,6,11
264,16,15,2,170.793,3900,6,10,20
265,4,20,2,171.3988,3100,7,4,8
266,20,11,2,173.1528,1500,6,10,20
267,19,5,2,173.4959,5000,5,10,20
268,12,20,2,177.2349,1000,4,8,17
269,5,7,2,177.9569,3300,3,5,9
270,11,5,2,178.3199,4600,7,8,15
271,11,5,2,178.5968,4800,7,8,15
272,19,5,2,179.4827,2500,6,10,20
273,11,20,2,180.3979,4000,7,8,15
274,3,6,2,181.4082,1000,7,4,6
275,7,17,2,182.9501,1700,3,6,11
276,8,8,2,183.4328,2900,7,6,12
277,19,18,2,184.1526,2600,5,10,20
278,8,11,2,184.8993,2100,6,6,12
279,13,8,2,185.0844,2000,7,9,18
280,5,12,2,185.3604,4100,3,5,9
281,4,5,2,186.6226,3700,5,4,8
282,3,5,2,187.0468,4300,4,4,6
283,20,18,2,187.4182,1400,4,10,20
284,8,20,2,189.3104,4900,3,6,12
285,13,14,2,192.2359,3900,7,9,18
286,11,19,2,192.4881,4700,7,8,15
287,7,12,2,192.7195,4500,7,6,11
288,17,19,2,193.4177,3800,6,10,20
289,11,7,2,193.5274,3600,5,8,15
290,15,11,2,193.5657,1300,7,10,20
291,19,11,2,194.034,1900,7,10,20
292,20,8,2,195.5489,4100,5,10,20
293,16,17,2,196.2567,4600,7,10,20
294,6,6,2,197.5385,3900,3,5,10
295,20,11,2,198.3664,3300,3,10,20
296,13,9,2,202.9366,4200,4,9,18
297,19,15,2,203.2985,1400,6,10,20
298,12,16,2,203.3101,4500,5,8,17
299,13,15,2,203.3888,1500,5,9,18
300,16,14,2,203.7769,3700,7,10,20
301,8,12,2,204.345,2600,5,6,12
302,10,12,2,204.8298,4500,3,7,14
303,15,19,2,205.2469,1300,3,10,20
304,17,9,2,207.2034,1200,3,10,20
305,5,18,2,207.3711,4600,7,5,9
306,10,11,2,209.119,4500,5,7,14
307,16,9,2,209.881,3900,5,10,20
308,10,16,2,210.0508,3600,5,7,14
309,9,6,2,210.2783,3500,5,7,13
310,6,16,2,210.4857,1800,6,5,10
311,8,14,2,211.4397,2900,6,6,12
312,13,9,2,212.1568,4100,6,9,18
313,4,14,2,213.167,2000,4,4,8
314,4,7,2,214.9915,2400,7,4,8
315,16,20,2,215.8673,4900,6,10,20
316,13,19,2,215.9646,1100,4,9,18
317,17,13,2,216.0953,2100,3,10,20
318,16,16,2,217.7063,3500,4,10,20
319,18,11,2,217.9739,3600,7,10,20
320,9,19,2,218.0279,2200,6,7,13
321,20,18,2,218.4508,4200,7,10,20
322,19,16,2,219.0495,2100,4,10,20
323,18,19,2,221.225,2700,6,10,20
324,14,14,2,222.4816,4100,6,9,19
325,11,19,2,222.8157,4600,4,8,15
326,8,11,2,223.4127,3500,7,6,12
327,8,18,2,224.1642,4300,3,6,12
328,19,7,2,224.2704,2300,6,10,20
329,16,6,2,224.3597,2800,4,10,20
330,7,19,2,225.0113,1800,7,6,11
331,16,16,2,227.5306,4400,6,10,20
332,13,12,2,228.3802,2300,3,9,18
333,3,12,2,228.7366,1000,3,4,6
334,9,6,2,230.0781,3300,7,7,13
335,3,6,2,230.3714,1900,5,4,6
336,15,8,2,231.4308,4500,4,10,20
337,6,11,2,231.8947,1500,5,5,10
338,20,9,2,232.0926,4600,3,10,20
339,7,8,2,233.3658,3600,6,6,11
340,19,19,2,233.6124,4300,7,10,20
341,20,11,2,233.8463,4300,5,10,20
342,13,16,2,235.1149,3500,3,9,18
343,8,14,2,235.4769,1400,6,6,12
344,20,7,2,235.6685,2000,6,10,20
345,11,8,2,236.1211,5000,4,8,15
346,6,17,2,236.6567,2600,3,5,10
347,17,20,2,238.5765,4800,7,10,20
348,10,19,2,239.1191,3100,3,7,14
349,13,8,2,239.69,2800,5,9,18
350,5,20,2,240.2285,5000,5,5,9
351,4,14,2,240.5558,4300,6,4,8
352,6,12,2,242.1997,1400,7,5,10
353,12,14,2,242.4433,2600,6,8,17
354,8,11,2,242.583,3400,6,6,12
355,7,12,2,243.338,3500,3,6,11
356,6,5,2,243.4603,3900,4,5,10
357,10,20,2,244.129,2800,3,7,14
358,15,10,2,244.6933,3500,5,10,20
359,3,10,2,244.6983,4900,4,4,6
360,4,11,2,244.6992,2900,5,4,8
361,19,17,2,245.6392,2000,4,10,20
362,6,15,2,246.3038,1300,7,5,10
363,9,18,2,246.4605,2000,6,7,13
364,10,18,2,248.117,1000,6,7,14
365,20,20,2,248.6895,3100,4,10,20
366,6,17,2,250.0171,4500,4,5,10
367,17,9,2,250.9288,1500,7,10,20
368,4,9,2,250.9823,4100,5,4,8
369,9,18,2,252.981,3300,3,7,13
370,7,20,2,252.9978,3700,7,6,11
371,7,19,2,253.3827,2900,7,6,11
372,13,20,2,253.7744,1200,4,9,18
373,16,20,2,255.1126,2300,7,10,20
374,13,12,2,255.4198,1800,4,9,18
375,17,20,2,256.5756,1900,7,10,20
376,3,14,2,257.1697,2100,7,4,6
377,8,17,2,257.2331,2600,5,6,12
378,5,10,2,258.3395,2600,6,5,9
379,4,19,2,258.4072,3000,5,4,8
380,4,14,2,259.8191,1600,3,4,8
381,20,5,2,260.0278,4700,6,10,20
382,9,13,2,261.2203,4600,5,7,13
383,10,10,2,263.0747,1800,7,7,14
384,11,12,2,263.5935,2900,6,8,15
385,17,13,2,263.9059,2900,6,10,20
386,11,16,2,264.3957,2100,4,8,15
387,14,7,2,265.5374,1300,5,9,19
388,15,12,2,265.9072,4600,3,10,20
389,8,19,2,266.9887,2000,3,6,12
390,14,13,2,267.2534,3700,4,9,19
391,17,6,2,268.377,3700,5,10,20
392,20,11,2,269.028,5000,3,10,20
393,6,19,2,269.6143,2500,4,5,10
394,12,16,2,271.2707,1000,7,8,17
395,4,6,2,271.4958,4200,6,4,8
396,20,19,2,271.5814,1900,6,10,20
397,10,16,2,271.9214,2900,6,7,14
398,8,9,2,272.834,4700,3,6,12
399,15,16,2,273.128,4500,4,10,20
400,15,6,2,273.2456,4500,3,10,20
401,8,16,2,273.4666,1800,6,6,12
402,4,12,2,273.5442,1900,3,4,8
403,18,20,2,274.1871,4800,7,10,20
404,16,9,2,275.6227,3400,6,10,20
405,12,7,2,276.7161,3100,4,8,17
406,4,5,2,277.2136,1800,4,4,8
407,10,19,2,278.6342,2300,6,7,14
408,20,11,2,278.9402,2800,3,10,20
409,11,8,2,279.187,3600,5,8,15
410,5,18,2,279.4092,2400,4,5,9
411,5,20,2,279.8287,1900,4,5,9
412,3,6,2,281.3357,1000,7,4,6
413,6,14,2,283.211,1200,5,5,10
414,3,14,2,284.1694,2700,6,4,6
415,5,19,2,284.8783,4600,6,5,9
416,5,13,2,284.9306,4600,4,5,9
417,5,16,2,285.2167,5000,7,5,9
418,4,11,2,286.6133,2300,3,4,8
419,15,6,2,288.2239,4200,4,10,20
420,7,15,2,288.3604,4500,3,6,11
421,3,6,2,288.8875,4900,7,4,6
422,14,17,2,289.4107,3800,6,9,19
423,7,7,2,289.8293,2200,7,6,11
424,4,18,2,290.8354,1100,4,4,8
425,15,7,2,292.2512,2600,5,10,20
426,3,18,2,294.1089,1300,6,4,6
427,10,16,2,294.1223,4100,6,7,14
428,4,17,2,294.269,4600,3,4,8
429,9,16,2,294.6666,1300,5,7,13
430,20,20,2,296.5446,3000,7,10,20
431,3,16,2,296.6067,4700,5,4,6
432,9,16,2,297.2806,4900,5,7,13
433,10,15,2,298.7176,1400,6,7,14
434,11,20,2,298.8518,2600,6,8,15
435,18,15,2,298.9141,2100,5,10,20
436,10,11,2,299.8553,2200,4,7,14
437,10,8,2,299.9589,2600,7,7,14
438,12,16,2,300.2884,1300,5,8,17
439,5,20,2,300.9692,2800,3,5,9
440,6,6,2,301.9632,1800,4,5,10
441,3,12,2,302.0245,2300,6,4,6
442,11,20,2,302.1416,1500,3,8,15
443,11,18,2,302.4017,4300,7,8,15
444,4,10,2,304.0703,3600,3,4,8
445,17,6,2,304.9551,2200,4,10,20
446,4,7,2,305.0473,2700,3,4,8
447,14,8,2,305.1113,5000,7,9,19
448,16,6,2,305.4396,1500,5,10,20
449,13,15,2,305.5386,3300,3,9,18
450,16,19,2,306.1789,4100,6,10,20
451,10,6,2,306.5224,1200,6,7,14
452,13,13,2,306.6676,1700,7,9,18
453,17,14,2,307.233,4000,3,10,20
454,11,12,2,307.7193,4200,5,8,15
455,19,18,2,308.351,1200,6,10,20
456,19,9,2,308.4022,2700,6,10,20
457,9,14,2,308.7807,1700,5,7,13
458,7,12,2,309.0202,1800,4,6,11
459,15,20,2,310.0033,2900,4,10,20
460,3,16,2,310.4215,1600,3,4,6
461,5,20,2,310.4857,1800,7,5,9
462,9,10,2,311.1154,3600,4,7,13
463,3,7,2,311.7295,3400,3,4,6
464,15,13,2,311.8176,1600,3,10,20
465,3,15,2,312.3491,1000,4,4,6
466,4,7,2,312.6274,4100,7,4,8
467,9,9,2,313.1746,1000,5,7,13
468,8,12,2,313.9126,1700,6,6,12
469,9,6,2,314.183,4300,6,7,13
470,8,16,2,314.6208,3500,4,6,12
471,18,19,2,315.1449,4400,5,10,20
472,20,20,2,316.2076,1900,3,10,20
473,12,11,2,318.5053,3900,5,8,17
474,4,9,2,319.1892,1100,4,4,8
475,20,19,2,319.4241,4800,5,10,20
476,9,14,2,320.6116,3000,5,7,13
477,15,20,2,321.5621,4300,4,10,20
478,19,5,2,321.6673,1500,7,10,20
479,16,10,2,322.1626,1200,3,10,20
480,14,14,2,322.2917,2100,6,9,19
481,8,12,2,322.2962,2700,5,6,12
482,8,20,2,322.3749,3800,6,6,12
483,20,10,2,322.8401,3600,6,10,20
484,12,10,2,323.5817,2700,6,8,17
485,4,5,2,323.8688,2500,6,4,8
486,4,19,2,324.7017,3100,6,4,8
487,13,13,2,325.0632,3600,7,9,18
488,15,16,2,326.0103,1800,6,10,20
489,16,12,2,326.8393,1400,6,10,20
490,17,5,2,327.5062,3300,5,10,20
491,6,17,2,328.4884,1900,7,5,10
492,13,18,2,328.5201,1600,3,9,18
493,14,7,2,328.8841,1700,5,9,19
494,3,14,2,329.2661,2600,3,4,6
495,4,19,2,329.3088,2200,3,4,8
496,5,13,2,329.6782,2600,3,5,9
497,13,18,2,329.7569,4700,4,9,18
498,17,5,2,330.0646,3900,7,10,20
499,14,16,2,330.6079,2300,6,9,19
500,8,16,2,331.4287,3200,4,6,12
501,11,19,2,331.7364,4000,7,8,15
502,3,20,2,332.1814,2400,6,4,6
503,7,14,2,332.4216,2600,4,6,11
504,6,16,2,333.3265,1800,5,5,10
505,5,8,2,333.6805,4100,3,5,9
506,14,19,2,333.7664,4800,7,9,19
507,10,8,2,334.0021,1100,4,7,14
508,13,8,2,334.0217,2300,5,9,18
509,8,7,2,335.8049,1400,5,6,12
510,7,16,2,336.1852,2800,5,6,11
511,17,6,2,336.5268,3100,3,10,20
512,3,16,2,338.9845,2300,5,4,6
513,17,15,2,339.6362,1200,3,10,20
514,18,16,2,340.1251,3000,4,10,20
515,14,8,2,341.313,1200,5,9,19
516,14,20,2,341.4521,3600,4,9,19
517,9,7,2,341.5087,1400,7,7,13
518,10,11,2,342.7549,1000,5,7,14
519,4,10,2,342.8195,4100,5,4,8
520,18,20,2,343.1373,3900,4,10,20
521,16,12,2,343.9422,5000,7,10,20
522,15,20,2,344.3882,4100,7,10,20
523,13,17,2,344.4348,4300,3,9,18
524,13,20,2,344.4538,2100,5,9,18
525,14,6,2,344.6137,2800,3,9,19
526,9,15,2,345.5708,1200,7,7,13
527,9,18,2,346.1344,4800,3,7,13
528,12,18,2,346.1522,1400,5,8,17
529,18,6,2,347.3522,4600,6,10,20
530,18,16,2,347.3621,3900,4,10,20
531,9,19,2,348.1231,1700,6,7,13
532,10,15,2,348.18,1300,6,7,14
533,6,5,2,349.6555,1500,7,5,10
534,7,9,2,350.8365,1100,7,6,11
535,9,12,2,351.7056,5000,7,7,13
536,6,17,2,352.0415,2600,6,5,10
537,12,7,2,352.8698,4400,3,8,17
538,18,9,2,353.0818,1400,3,10,20
539,9,14,2,353.4243,1200,7,7,13
540,9,14,2,353.7542,2000,3,7,13
541,10,10,2,354.3757,4400,5,7,14
542,18,14,2,354.895,2600,6,10,20
543,10,6,2,355.1965,2000,5,7,14
544,12,7,2,355.2733,2600,5,8,17
545,17,18,2,356.0276,1600,6,10,20
546,7,14,2,356.5389,2600,5,6,11
547,6,17,2,357.5803,1600,4,5,10
548,14,18,2,359.1016,1600,7,9,19
549,12,11,2,359.139,1100,7,8,17
550,19,9,2,360.399,1700,6,10,20
551,6,12,2,360.8642,2100,3,5,10
552,7,16,2,360.8872,4000,3,6,11
553,9,19,2,361.0238,4000,3,7,13
554,14,13,2,361.036,2400,3,9,19
555,4,19,2,361.8875,2700,5,4,8
556,17,15,2,362.1163,3900,4,10,20
557,6,5,2,363.6454,3500,3,5,10
558,12,10,2,363.8382,2800,7,8,17
559,19,16,2,364.0334,2800,5,10,20
560,17,20,2,364.4422,2600,3,10,20
561,11,18,2,365.4938,1700,7,8,15
562,20,13,2,367.735,3900,6,10,20
563,16,7,2,369.5979,3700,3,10,20
564,15,5,2,369.9211,2900,5,10,20
565,3,17,2,370.1604,3600,3,4,6
566,9,13,2,370.3159,1000,4,7,13
567,19,6,2,371.7755,1500,6,10,20
568,17,13,2,372.4571,3900,4,10,20
569,19,8,2,372.7188,1600,6,10,20
570,17,11,2,373.2265,1900,5,10,20
571,10,15,2,373.3646,1700,5,7,14
572,20,7,2,374.0307,1300,6,10,20
573,4,19,2,374.7553,1300,7,4,8
574,7,20,2,375.2449,4200,4,6,11
575,6,14,2,375.4273,5000,4,5,10
576,6,13,2,375.5851,4800,5,5,10
577,19,16,2,376.367,1400,4,10,20
578,11,12,2,378.165,3700,7,8,15
579,17,18,2,380.5598,4300,7,10,20
580,4,6,2,380.76,3300,4,4,8
581,7,8,2,381.9631,3700,7,6,11
582,9,8,2,382.5939,2900,7,7,13
583,15,11,2,382.7475,3000,4,10,20
584,19,6,2,383.3101,4000,5,10,20
585,18,13,2,384.8218,3600,6,10,20
586,10,5,2,384.9149,1600,6,7,14
587,4,13,2,385.4261,2900,4,4,8
588,10,14,2,385.7602,3700,7,7,14
589,16,16,2,386.4027,2100,5,10,20
590,5,17,2,386.8594,3200,4,5,9
591,15,16,2,388.9769,2700,5,10,20
592,12,11,2,389.1509,3700,7,8,17
593,20,10,2,390.7899,2500,7,10,20
594,15,17,2,391.0573,1900,4,10,20
595,13,19,2,391.9563,2000,7,9,18
596,20,10,2,392.7215,2300,6,10,20
597,13,12,2,394.1273,2600,7,9,18
598,6,12,2,394.5186,4300,3,5,10
599,4,20,2,394.6741,2400,6,4,8
600,15,18,2,397.5466,1600,4,10,20
601,3,17,2,397.7913,1800,7,4,6
602,12,10,2,397.8561,4900,7,8,17
603,4,17,2,397.9232,2900,4,4,8
604,16,15,2,398.2804,4400,7,10,20
605,11,17,2,399.7456,1000,6,8,15
606,10,8,2,400.1439,3800,7,7,14
607,17,20,2,400.319,4600,7,10,20
608,15,19,2,400.8298,3500,6,10,20
609,19,7,2,400.9351,2400,7,10,20
610,9,10,2,401.3395,4800,6,7,13
611,6,11,2,401.8119,4400,6,5,10
612,5,18,2,402.2423,3800,5,5,9
613,19,12,2,402.4356,1700,5,10,20
614,12,8,2,402.511,3400,4,8,17
615,3,19,2,403.0937,3900,4,4,6
616,17,12,2,403.2209,4700,6,10,20
617,11,5,2,404.4321,2300,4,8,15
618,7,10,2,405.1089,1900,7,6,11
619,5,12,2,405.4882,1900,4,5,9
620,11,11,2,406.9922,1300,5,8,15
621,6,20,2,407.1076,4600,7,5,10
622,9,20,2,407.4261,4200,7,7,13
623,16,20,2,407.4729,4600,4,10,20
624,7,10,2,407.6853,1200,7,6,11
625,12,11,2,409.7428,3200,6,8,17
626,13,17,2,409.7908,3700,6,9,18
627,19,19,2,409.9103,5000,6,10,20
628,17,18,2,410.4657,2600,7,10,20
629,20,11,2,410.9465,1400,6,10,20
630,18,5,2,411.8442,4200,5,10,20
631,20,12,2,411.8557,2500,6,10,20
632,9,5,2,412.3698,1500,7,7,13
633,11,17,2,413.9109,4000,3,8,15
634,17,7,2,414.3314,2500,7,10,20
635,13,11,2,414.4511,1600,5,9,18
636,8,11,2,414.453,2300,3,6,12
637,7,20,2,414.7566,3700,3,6,11
638,6,16,2,415.5051,4800,3,5,10
639,17,8,2,416.0455,1000,3,10,20
640,10,15,2,416.6769,1900,6,7,14
641,9,8,2,417.2184,2700,6,7,13
642,5,9,2,417.4289,2900,7,5,9
643,20,8,2,417.8639,3300,3,10,20
644,16,7,2,418.1045,4100,3,10,20
645,7,11,2,418.5494,5000,5,6,11
646,17,9,2,418.9006,1700,6,10,20
647,15,17,2,419.1871,4000,7,10,20
648,12,9,2,421.2111,3700,6,8,17
649,11,15,2,422.3488,3700,6,8,15
650,17,19,2,422.7167,5000,4,10,20
651,8,20,2,424.1112,1400,7,6,12
652,14,15,2,426.1509,1500,3,9,19
653,17,17,2,426.4051,4300,5,10,20
654,15,13,2,426.4291,4900,6,10,20
655,17,6,2,426.8193,1100,3,10,20
656,5,19,2,427.3506,4600,3,5,9
657,3,14,2,427.7672,2400,6,4,6
658,8,9,2,427.9513,1400,3,6,12
659,5,10,2,428.1594,4500,7,5,9
660,3,8,2,429.4114,2500,5,4,6
661,17,16,2,429.642,2400,4,10,20
662,20,7,2,429.9085,4000,4,10,20
663,7,15,2,430.0358,3400,4,6,11
664,8,8,2,430.4141,5000,3,6,12
665,16,16,2,430.9538,4800,7,10,20
666,4,13,2,432.6364,2500,4,4,8
667,20,19,2,434.2877,2300,7,10,20
668,20,16,2,435.4413,1000,6,10,20
669,19,18,2,435.6287,1400,6,10,20
670,7,12,2,435.7871,2200,6,6,11
671,4,13,2,436.0848,3700,4,4,8
672,15,16,2,436.7881,3000,5,10,20
673,16,10,2,437.9966,4700,3,10,20
674,16,6,2,439.1939,1100,3,10,20
675,14,18,2,439.5358,1300,7,9,19
676,7,20,2,440.7915,5000,5,6,11
677,7,10,2,441.0778,1800,4,6,11
678,16,17,2,441.1254,4700,4,10,20
679,11,11,2,441.2584,4100,5,8,15
680,11,15,2,441.5589,5000,5,8,15
681,10,19,2,445.7751,4400,3,7,14
682,17,13,2,446.8686,1500,6,10,20
683,14,14,2,448.0334,3300,4,9,19
684,13,14,2,449.4639,1600,4,9,18
685,4,20,2,450.8792,1000,7,4,8
686,15,13,2,452.4363,2500,3,10,20
687,8,9,2,452.9384,3400,4,6,12
688,16,12,2,453.2106,4500,3,10,20
689,8,14,2,453.2958,3000,3,6,12
690,16,19,2,453.6343,2700,6,10,20
691,19,8,2,454.3284,3500,5,10,20
692,7,11,2,454.6547,4600,5,6,11
693,14,11,2,454.6855,3800,7,9,19
694,9,8,2,455.6578,1100,7,7,13
695,11,14,2,456.3215,1000,6,8,15
696,4,8,2,456.8065,3700,5,4,8
697,11,12,2,457.4817,5000,3,8,15
698,12,11,2,457.596,4400,4,8,17
699,3,11,2,457.9808,3300,6,4,6
700,11,18,2,459.6275,2700,6,8,15
701,19,17,2,460.389,2800,5,10,20
702,8,13,2,460.6504,3000,6,6,12
703,6,8,2,460.6933,4300,7,5,10
704,8,18,2,461.5022,2300,5,6,12
705,15,18,2,462.3242,2700,5,10,20
706,10,20,2,462.7337,2300,5,7,14
707,12,14,2,464.5952,1300,3,8,17
708,18,9,2,466.8384,4500,6,10,20
709,10,20,2,467.6145,1300,7,7,14
710,19,14,2,467.9541,2400,3,10,20
711,13,10,2,468.3149,1700,4,9,18
712,11,10,2,468.5697,1900,4,8,15
713,20,8,2,469.4181,1800,4,10,20
714,8,19,2,470.7029,2000,4,6,12
715,10,6,2,471.1044,2300,5,7,14
716,3,15,2,471.7425,3500,3,4,6
717,16,16,2,472.5637,2000,4,10,20
718,18,10,2,472.6329,1900,4,10,20
719,11,19,2,473.2991,3600,5,8,15
720,19,19,2,473.5154,2100,7,10,20
721,4,9,2,474.2041,3400,5,4,8
722,17,16,2,474.3933,1300,5,10,20
723,11,20,2,474.6075,2600,4,8,15
724,11,12,2,474.8739,2600,4,8,15
725,5,17,2,474.9623,3200,3,5,9
726,14,20,2,475.5425,2100,3,9,19
727,12,10,2,476.3183,3300,4,8,17
728,20,15,2,476.6448,4300,3,10,20
729,10,6,2,477.5082,2600,6,7,14
730,11,15,2,477.6869,1100,4,8,15
731,9,11,2,479.1424,3300,5,7,13
732,10,9,2,479.3553,1600,3,7,14
733,16,12,2,479.907,4300,4,10,20
734,14,7,2,479.9179,1100,5,9,19
735,10,16,2,479.9283,3500,6,7,14
736,13,7,2,480.0253,4800,4,9,18
737,14,13,2,480.1528,2800,7,9,19
738,19,20,2,481.6484,2000,7,10,20
739,10,14,2,482.7806,1100,4,7,14
740,8,9,2,482.984,4500,3,6,12
741,13,20,2,484.0141,4500,6,9,18
742,7,19,2,484.0467,3600,3,6,11
743,3,5,2,484.3717,2100,5,4,6
744,20,10,2,485.5995,4100,6,10,20
745,10,13,2,485.9043,2700,5,7,14
746,8,13,2,486.3717,4800,6,6,12
747,3,14,2,486.4002,1200,3,4,6
748,9,16,2,488.0643,4100,3,7,13
749,12,16,2,489.1147,3900,3,8,17
750,18,20,2,489.6144,2300,4,10,20
751,17,10,2,489.6458,3600,3,10,20
752,18,16,2,490.3344,1600,5,10,20
753,18,14,2,491.5536,4900,3,10,20
754,3,15,2,491.5759,3900,3,4,6
755,12,16,2,492.0169,2900,5,8,17
756,9,9,2,493.8313,3800,7,7,13
757,18,19,2,494.7402,4700,5,10,20
758,12,15,2,495.1823,1500,5,8,17
759,4,19,2,495.471,2100,4,4,8
760,13,7,2,496.0852,1900,4,9,18
761,15,17,2,496.3163,1600,4,10,20
762,13,11,2,497.449,2900,5,9,18
763,12,17,2,497.8526,4000,5,8,17
764,9,6,2,498.0369,4800,5,7,13
765,4,16,2,498.3861,1100,3,4,8
766,19,18,2,499.9026,2000,7,10,20
767,19,5,2,499.9355,4100,4,10,20
768,9,19,2,500.6997,2600,6,7,13
769,16,20,2,501.1289,4800,5,10,20
770,14,9,2,501.3852,3300,5,9,19
771,19,15,2,501.4828,1400,7,10,20
772,13,9,2,501.8767,1300,6,9,18
773,5,12,2,502.6469,4900,5,5,9
774,10,20,2,503.6259,1700,5,7,14
775,8,20,2,503.6584,1700,7,6,12
776,16,18,2,504.1598,2900,3,10,20
777,4,5,2,505.0283,4300,3,4,8
778,15,20,2,505.6318,3100,3,10,20
779,19,19,2,507.1792,1600,3,10,20
780,4,20,2,508.1943,4400,3,4,8
781,10,15,2,509.5718,4900,6,7,14
782,7,8,2,509.8657,3700,3,6,11
783,3,5,2,510.3755,2300,3,4,6
784,14,19,2,510.558,4700,6,9,19
785,19,18,2,511.0765,4900,7,10,20
786,10,13,2,511.2677,2600,3,7,14
787,8,13,2,511.4622,4900,5,6,12
788,7,19,2,511.6275,1400,7,6,11
789,10,18,2,511.6705,4100,5,7,14
790,15,9,2,512.1818,1100,7,10,20
791,20,5,2,513.3066,2800,3,10,20
792,7,16,2,514.2934,2600,7,6,11
793,8,19,2,516.1204,2500,5,6,12
794,7,16,2,516.2913,1800,5,6,11
795,10,18,2,516.3899,2800,4,7,14
796,15,13,2,516.4999,3000,7,10,20
797,5,16,2,516.5052,4200,5,5,9
798,6,11,2,516.7747,2800,7,5,10
799,9,15,2,517.0841,3600,5,7,13
800,10,19,2,517.4768,2500,4,7,14
801,16,11,2,518.7089,2800,6,10,20
802,12,12,2,518.8961,1100,5,8,17
803,11,16,2,520.1023,1600,7,8,15
804,3,11,2,520.6079,3600,7,4,6
805,11,10,2,521.4632,4300,5,8,15
806,7,6,2,521.5055,2600,4,6,11
807,16,16,2,522.5326,2600,3,10,20
808,7,13,2,523.0816,2700,7,6,11
809,18,8,2,523.4109,3200,7,10,20
810,4,12,2,523.7267,5000,6,4,8
811,19,12,2,523.791,2400,6,10,20
812,6,15,2,524.2007,5000,6,5,10
813,6,18,2,524.2067,1400,4,5,10
814,18,5,2,524.8548,2900,5,10,20
815,11,6,2,525.0954,2500,4,8,15
816,3,20,2,526.2271,4400,3,4,6
817,18,20,2,526.9332,3600,5,10,20
818,16,19,2,527.261,2600,5,10,20
819,19,5,2,527.5508,1200,3,10,20
820,13,16,2,527.8672,2000,5,9,18
821,20,10,2,529.4705,1500,4,10,20
822,9,7,2,529.6142,5000,3,7,13
823,4,19,2,529.6616,4700,3,4,8
824,12,8,2,530.1251,4100,7,8,17
825,5,7,2,530.2577,1600,7,5,9
826,6,11,2,531.0782,4900,7,5,10
827,18,14,2,531.3554,4300,5,10,20
828,5,5,2,531.6666,2000,5,5,9
829,3,5,2,532.2916,1000,7,4,6
830,17,10,2,532.6906,2400,7,10,20
831,16,9,2,532.9139,2300,6,10,20
832,19,6,2,533.2621,3100,5,10,20
833,19,15,2,534.582,3700,5,10,20
834,20,15,2,534.6671,2200,7,10,20
835,10,11,2,535.2679,5000,4,7,14
836,16,13,2,535.9804,3300,3,10,20
837,14,9,2,536.683,4300,6,9,19
838,5,7,2,538.1966,3100,7,5,9
839,18,11,2,539.0977,1900,5,10,20
840,4,17,2,541.7078,4500,6,4,8
841,7,7,2,542.1976,3300,4,6,11
842,3,8,2,542.8564,4300,6,4,6
843,20,18,2,543.4098,1100,3,10,20
844,16,15,2,543.7206,1500,5,10,20
845,14,9,2,544.2342,4100,3,9,19
846,15,7,2,545.3548,4100,3,10,20
847,11,14,2,545.4036,2300,3,8,15
848,5,20,2,545.8744,4400,5,5,9
849,4,12,2,547.7718,1500,4,4,8
850,11,20,2,548.2664,3400,4,8,15
851,7,14,2,548.4286,4200,3,6,11
852,5,15,2,549.1297,1500,5,5,9
853,10,14,2,549.1314,4600,4,7,14
854,11,14,2,551.0757,2300,5,8,15
855,10,15,2,551.5655,4000,7,7,14
856,14,14,2,551.6355,1500,3,9,19
857,12,5,2,552.3877,2800,3,8,17
858,8,5,2,552.7925,5000,4,6,12
859,18,16,2,553.8599,4800,4,10,20
860,11,13,2,555.242,1100,6,8,15
861,10,10,2,555.3889,4700,4,7,14
862,15,18,2,555.9594,4700,6,10,20
863,12,8,2,556.9975,1500,3,8,17
864,16,20,2,557.216,4400,5,10,20
865,9,6,2,557.9576,1500,4,7,13
866,7,11,2,558.4643,2300,5,6,11
867,13,7,2,558.5384,3200,5,9,18
868,4,12,2,558.5525,2200,7,4,8
869,7,20,2,558.6379,3600,6,6,11
870,3,7,2,558.7172,1700,6,4,6
871,4,7,2,558.7395,3000,7,4,8
872,3,15,2,559.551,2900,5,4,6
873,16,19,2,559.6967,4500,5,10,20
874,6,13,2,560.0574,4900,5,5,10
875,18,16,2,560.7279,3300,4,10,20
876,9,10,2,561.2091,2100,4,7,13
877,7,11,2,562.2668,3700,3,6,11
878,16,9,2,562.5162,3500,4,10,20
879,8,10,2,562.5895,2000,6,6,12
880,17,17,2,562.6517,3800,3,10,20
881,13,18,2,562.9737,2700,7,9,18
882,8,16,2,563.4282,3900,6,6,12
883,19,16,2,563.7075,2800,3,10,20
884,14,13,2,563.7269,4800,7,9,19
885,19,13,2,564.4634,4700,5,10,20
886,7,6,2,565.3761,3300,4,6,11
887,12,11,2,566.6502,3500,4,8,17
888,16,9,2,566.6629,1900,3,10,20
889,7,6,2,567.4083,2000,7,6,11
890,12,20,2,567.5986,4400,3,8,17
891,10,15,2,567.7578,1500,6,7,14
892,8,7,2,567.8127,3900,5,6,12
893,19,8,2,570.294,4600,7,10,20
894,14,20,2,571.2129,3500,5,9,19
895,20,12,2,571.7887,2700,6,10,20
896,12,13,2,572.5042,3100,7,8,17
897,6,13,2,572.8058,1100,4,5,10
898,11,10,2,574.2036,2500,5,8,15
899,11,14,2,575.8861,1200,3,8,15
900,20,14,2,576.8219,3900,4,10,20
901,4,8,2,577.2854,1700,6,4,8
902,11,18,2,578.2034,2800,4,8,15
903,14,7,2,578.2647,4200,7,9,19
904,7,7,2,579.2513,3800,6,6,11
905,11,13,2,579.395,1300,5,8,15
906,7,9,2,579.4329,1200,5,6,11
907,5,12,2,579.811,3100,3,5,9
908,9,15,2,579.8946,1800,4,7,13
909,20,18,2,580.0714,2000,3,10,20
910,18,17,2,580.0874,2500,3,10,20
911,5,12,2,580.1537,4700,6,5,9
912,7,6,2,580.5865,4500,7,6,11
913,12,11,2,583.2968,4800,3,8,17
914,16,15,2,585.3394,3600,7,10,20
915,7,10,2,585.367,3900,4,6,11
916,19,8,2,585.4939,3700,6,10,20
917,3,11,2,585.57,1900,7,4,6
918,13,18,2,585.654,2400,4,9,18
919,12,11,2,586.3212,1000,3,8,17
920,5,17,2,586.7891,4900,4,5,9
921,9,12,2,586.9505,1200,4,7,13
922,20,5,2,587.7899,3800,7,10,20
923,15,9,2,588.1377,3400,5,10,20
924,9,17,2,588.3261,4000,4,7,13
925,4,15,2,588.458,3300,5,4,8
926,17,15,2,588.8633,3500,6,10,20
927,4,12,2,589.2238,2900,5,4,8
928,13,20,2,589.459,4300,4,9,18
929,9,7,2,589.5795,3400,3,7,13
930,4,13,2,590.0635,1300,5,4,8
931,16,17,2,590.5803,4500,4,10,20
932,7,12,2,591.1694,3000,7,6,11
933,5,11,2,592.2752,1600,4,5,9
934,3,14,2,592.4122,4000,6,4,6
935,11,13,2,593.3284,2100,7,8,15
936,12,18,2,593.6686,2800,5,8,17
937,15,10,2,593.8979,1200,5,10,20
938,18,18,2,594.1227,3600,7,10,20
939,5,14,2,594.4629,2400,5,5,9
940,5,16,2,595.4636,2200,7,5,9
941,14,17,2,595.4731,2600,6,9,19
942,12,20,2,595.8103,4100,3,8,17
943,11,8,2,596.0879,2500,4,8,15
944,19,12,2,597.0774,4900,5,10,20
945,4,18,2,598.0247,4600,5,4,8
946,9,12,2,598.5502,3400,6,7,13
947,7,10,2,598.5766,4600,4,6,11
948,3,7,2,599.1699,4600,5,4,6
949,8,19,2,599.6442,1500,6,6,12
950,12,14,2,599.9517,3400,3,8,17
951,15,6,2,600.2318,3200,4,10,20
952,19,12,2,601.8153,2900,5,10,20
953,4,12,2,602.0781,3300,4,4,8
954,3,5,2,602.359,4900,7,4,6
955,4,20,2,602.5579,2500,6,4,8
956,12,20,2,604.3406,4500,4,8,17
957,7,12,2,604.373,3300,5,6,11
958,17,9,2,608.1575,1900,7,10,20
959,8,12,2,608.3874,2400,3,6,12
960,15,15,2,608.6639,1900,5,10,20
961,4,11,2,609.4843,2500,3,4,8
962,8,14,2,610.1955,3800,5,6,12
963,3,10,2,610.6044,1700,5,4,6
964,20,15,2,610.773,4200,6,10,20
965,12,7,2,610.9961,2700,4,8,17
966,8,16,2,611.6084,3000,6,6,12
967,5,20,2,613.8636,2200,7,5,9
968,11,19,2,615.9874,3400,3,8,15
969,19,7,2,616.611,2200,6,10,20
970,18,16,2,616.8994,3400,4,10,20
971,18,18,2,617.4409,4400,3,10,20
972,17,18,2,617.5471,2700,3,10,20
973,18,5,2,618.6968,4000,5,10,20
974,5,18,2,619.1681,2300,5,5,9
975,7,17,2,620.0655,4300,5,6,11
976,12,18,2,622.1075,1100,3,8,17
977,19,5,2,622.2801,4000,5,10,20
978,4,12,2,622.726,1900,7,4,8
979,12,17,2,623.5211,4100,7,8,17
980,18,12,2,623.8613,4100,6,10,20
981,18,20,2,626.3347,4400,7,10,20
982,9,9,2,626.3579,3000,4,7,13
983,14,14,2,626.5427,1200,7,9,19
984,17,8,2,627.3878,4300,7,10,20
985,5,20,2,628.2512,2200,4,5,9
986,12,9,2,630.0166,5000,5,8,17
987,17,12,2,630.3458,2800,3,10,20
988,16,7,2,632.1495,4300,3,10,20
989,11,12,2,633.1414,1900,6,8,15
990,19,13,2,633.2287,3300,7,10,20
991,14,19,2,633.4934,1300,7,9,19
992,12,16,2,635.3225,2200,4,8,17
993,16,7,2,636.3431,1600,3,10,20
994,12,15,2,637.7389,4000,5,8,17
995,4,16,2,637.9891,2100,4,4,8
996,14,8,2,639.07,1600,5,9,19
997,18,18,2,639.4349,2500,7,10,20
998,20,19,2,639.483,2800,6,10,20
999,20,12,2,640.752,2400,7,10,20
1000,8,5,2,641.5484,2100,6,6,12
1001,18,15,2,641.6362,3800,4,10,20
1002,10,10,2,641.9551,2100,3,7,14
1003,20,5,2,642.3035,2200,4,10,20
1004,6,7,2,642.5168,3900,4,5,10
1005,5,9,2,642.7048,4600,5,5,9
1006,16,12,2,643.5318,2600,3,10,20
1007,6,11,2,643.8808,1800,5,5,10
1008,4,19,2,645.0885,4000,4,4,8
1009,17,12,2,645.543,4200,5,10,20
1010,19,9,2,645.7486,4000,4,10,20
1011,6,11,2,646.8383,3300,3,5,10
1012,7,9,2,647.8483,4400,5,6,11
1013,15,15,2,649.2773,1000,4,10,20
1014,9,12,2,649.3301,4000,5,7,13
1015,13,18,2,650.3186,1500,7,9,18
1016,12,16,2,651.0119,4900,4,8,17
1017,20,13,2,652.2094,4200,3,10,20
1018,11,17,2,652.8438,1200,4,8,15
1019,20,12,2,652.8919,3700,3,10,20
1020,18,8,2,654.0416,1900,3,10,20
1021,18,12,2,655.8748,1300,4,10,20
1022,13,6,2,656.4359,3700,6,9,18
1023,11,16,2,656.5098,1900,4,8,15
1024,13,12,2,657.0165,3600,6,9,18
1025,8,7,2,657.6392,3500,4,6,12
1026,13,5,2,657.8655,2800,6,9,18
1027,3,20,2,658.0325,2900,5,4,6
1028,3,10,2,658.4918,1300,3,4,6
1029,5,7,2,658.8578,3300,5,5,9
1030,16,11,2,658.9844,1900,3,10,20
1031,4,17,2,659.1053,3600,7,4,8
1032,12,18,2,660.0847,1800,5,8,17
1033,14,20,2,661.0495,1800,4,9,19
1034,12,8,2,661.1656,4000,6,8,17
1035,10,17,2,661.2057,4400,6,7,14
1036,20,19,2,661.7277,3500,3,10,20
1037,14,10,2,662.2333,1800,7,9,19
1038,18,11,2,662.2794,1900,4,10,20
1039,17,15,2,662.3464,3700,4,10,20
1040,15,6,2,663.4026,4000,6,10,20
1041,17,17,2,664.92,2800,4,10,20
1042,20,5,2,666.1347,1500,4,10,20
1043,12,13,2,667.7741,1100,5,8,17
1044,8,12,2,668.0224,3600,5,6,12
1045,10,8,2,669.0418,3600,6,7,14
1046,11,17,2,669.8733,1600,4,8,15
1047,17,7,2,670.3931,1000,3,10,20
1048,12,14,2,670.4163,2300,4,8,17
1049,14,10,2,670.4847,3800,3,9,19
1050,9,11,2,670.6932,2800,6,7,13
1051,20,19,2,671.229,1600,6,10,20
1052,15,19,2,671.24,4400,4,10,20
1053,20,17,2,671.2826,3900,7,10,20
1054,13,16,2,672.1414,2100,5,9,18
1055,3,5,2,675.179,2300,6,4,6
1056,13,16,2,675.6966,2800,5,9,18
1057,9,15,2,676.0559,3900,3,7,13
1058,16,11,2,676.2227,1300,4,10,20
1059,11,8,2,678.0103,3000,5,8,15
1060,16,7,2,678.4638,2600,6,10,20
1061,13,7,2,678.9441,2800,5,9,18
1062,18,12,2,679.4089,2200,5,10,20
1063,3,7,2,679.7653,1000,6,4,6
1064,5,5,2,681.0493,1300,3,5,9
1065,15,20,2,682.7355,3700,5,10,20
1066,14,15,2,682.7991,2600,4,9,19
1067,16,14,2,683.4804,2000,4,10,20
1068,6,14,2,684.5574,1900,4,5,10
1069,15,13,2,686.09,2300,4,10,20
1070,8,9,2,687.0684,3500,5,6,12
1071,17,19,2,688.4498,3200,4,10,20
1072,7,8,2,689.1025,4600,5,6,11
1073,17,13,2,689.6125,4000,3,10,20
1074,17,20,2,690.979,5000,5,10,20
1075,17,6,2,691.4499,3400,5,10,20
1076,14,17,2,691.8956,2600,6,9,19
1077,13,17,2,692.2184,4300,4,9,18
1078,8,12,2,692.3001,3900,6,6,12
1079,8,19,2,693.259,4100,7,6,12
1080,16,6,2,694.6071,2400,6,10,20
1081,13,17,2,695.0562,2300,3,9,18
1082,4,6,2,695.6077,3500,7,4,8
1083,3,17,2,695.6632,2700,7,4,6
1084,12,13,2,696.4883,2000,3,8,17
1085,20,9,2,696.5143,2800,5,10,20
1086,10,7,2,696.7996,3600,7,7,14
1087,14,19,2,698.8516,2100,7,9,19
1088,17,7,2,699.2617,4800,3,10,20
1089,13,9,2,700.3559,5000,4,9,18
1090,20,18,2,700.6701,3100,7,10,20
1091,3,20,2,701.2803,1800,4,4,6
1092,11,8,2,701.5559,2700,5,8,15
1093,19,18,2,701.5739,5000,7,10,20
1094,17,15,2,702.8005,3000,5,10,20
1095,5,13,2,704.4064,1100,6,5,9
1096,8,8,2,706.4791,2400,5,6,12
1097,11,12,2,707.7158,1400,3,8,15
1098,13,16,2,707.7343,3900,3,9,18
1099,3,15,2,707.9117,2300,3,4,6
1100,7,11,2,708.8072,2800,7,6,11
1101,10,7,2,709.082,2900,6,7,14
1102,6,14,2,709.4332,1200,5,5,10
1103,5,20,2,709.6261,1100,7,5,9
1104,13,10,2,711.2975,4000,3,9,18
1105,20,19,2,713.9029,1100,4,10,20
1106,7,10,2,714.2364,1100,5,6,11
1107,12,11,2,714.6008,5000,5,8,17
1108,19,12,2,715.7115,1100,3,10,20
1109,15,16,2,716.0121,4400,5,10,20
1110,7,5,2,717.4514,4600,3,6,11
1111,11,5,2,719.8443,4000,4,8,15
1112,11,11,2,722.3634,4800,7,8,15
1113,10,10,2,722.985,2700,4,7,14
1114,8,12,2,723.4977,1500,3,6,12
1115,7,11,2,723.5987,1000,3,6,11
1116,16,19,2,724.2546,1800,3,10,20
1117,6,13,2,724.4847,4900,7,5,10
1118,20,16,2,724.9806,1300,7,10,20
1119,12,19,2,725.4665,1600,7,8,17
1120,18,11,2,725.5159,2600,4,10,20
1121,6,7,2,725.7311,5000,7,5,10
1122,10,19,2,727.0764,1200,5,7,14
1123,14,14,2,727.6436,4700,6,9,19
1124,16,7,2,728.5521,2900,4,10,20
1125,18,19,2,728.738,1000,5,10,20
1126,9,11,2,729.1885,1500,6,7,13
1127,19,20,2,729.4864,1900,3,10,20
1128,14,16,2,730.4696,3700,3,9,19
1129,9,15,2,731.1474,2000,7,7,13
1130,17,17,2,732.3976,3500,7,10,20
1131,9,9,2,732.5583,3400,6,7,13
1132,10,17,2,735.2499,4000,6,7,14
1133,5,14,2,736.3693,2800,3,5,9
1134,18,19,2,736.5981,1100,7,10,20
1135,18,12,2,738.2073,3900,5,10,20
1136,10,16,2,738.8343,1900,7,7,14
1137,19,14,2,738.8873,3400,3,10,20
1138,15,14,2,738.9519,3600,6,10,20
1139,7,5,2,739.0198,2200,3,6,11
1140,14,13,2,739.0239,1800,7,9,19
1141,14,9,2,739.0766,1400,6,9,19
1142,3,8,2,740.0258,1900,6,4,6
1143,8,7,2,741.0835,3800,5,6,12
1144,13,8,2,741.2939,1300,7,9,18
1145,6,18,2,741.3791,2300,3,5,10
1146,8,19,2,742.4037,1200,6,6,12
1147,10,20,2,743.7769,2700,6,7,14
1148,19,13,2,744.1176,2300,5,10,20
1149,17,10,2,745.349,1200,4,10,20
1150,15,9,2,747.5566,2400,6,10,20
1151,14,15,2,747.7956,1700,4,9,19
1152,20,20,2,748.251,1100,7,10,20
1153,11,12,2,748.3698,3000,6,8,15
1154,16,15,2,748.4064,1300,5,10,20
1155,14,9,2,749.2634,1900,7,9,19
1156,13,6,2,749.9181,4100,4,9,18
1157,16,12,2,750.1744,2100,6,10,20
1158,16,14,2,750.8273,1100,4,10,20
1159,19,14,2,751.299,1900,6,10,20
1160,14,16,2,751.7286,3500,3,9,19
1161,3,16,2,752.7703,2300,4,4,6
1162,11,7,2,753.0773,4200,4,8,15
1163,10,5,2,753.5474,3600,3,7,14
1164,16,5,2,754.2779,4200,4,10,20
1165,6,13,2,754.4253,2000,7,5,10
1166,6,5,2,756.0823,3000,7,5,10
1167,10,7,2,756.4835,3300,5,7,14
1168,16,16,2,757.519,1100,3,10,20
1169,4,10,2,757.5935,2100,4,4,8
1170,6,10,2,758.8249,2100,4,5,10
1171,11,16,2,759.0848,1300,3,8,15
1172,9,7,2,759.5023,3900,5,7,13
1173,9,6,2,759.7894,3600,6,7,13
1174,9,11,2,759.8632,2000,6,7,13
1175,8,18,2,760.4905,1100,5,6,12
1176,3,9,2,762.5049,3400,4,4,6
1177,9,8,2,763.6978,1100,5,7,13
1178,8,15,2,764.3983,1400,7,6,12
1179,16,14,2,765.6035,1200,5,10,20
1180,6,12,2,765.6655,3000,7,5,10
1181,9,5,2,766.3215,1000,5,7,13
1182,14,19,2,767.033,2700,7,9,19
1183,9,11,2,768.2003,3400,4,7,13
1184,3,15,2,769.7038,4100,7,4,6
1185,6,8,2,771.6652,4800,4,5,10
1186,10,10,2,772.7509,1800,5,7,14
1187,15,12,2,773.3859,4600,6,10,20
1188,18,10,2,773.6638,3100,6,10,20
1189,11,10,2,773.6712,2700,5,8,15
1190,13,17,2,773.7164,2900,4,9,18
1191,20,20,2,775.8993,1000,5,10,20
1192,9,14,2,776.5856,1100,4,7,13
1193,7,14,2,778.1961,1800,7,6,11
1194,16,5,2,778.4848,4300,5,10,20
1195,14,18,2,778.9637,3800,7,9,19
1196,19,17,2,779.7258,3300,5,10,20
1197,9,13,2,780.8798,3500,7,7,13
1198,16,12,2,781.5574,1500,5,10,20
1199,12,19,2,782.09,1300,4,8,17
1200,17,5,2,783.4281,2100,5,10,20
1201,4,10,2,783.8797,4100,6,4,8
1202,6,13,2,785.126,1100,6,5,10
1203,20,12,2,785.8875,4100,5,10,20
1204,18,11,2,787.7377,1600,6,10,20
1205,20,5,2,787.7893,1600,7,10,20
1206,14,9,2,790.4752,4400,7,9,19
1207,8,10,2,790.5053,3700,4,6,12
1208,19,9,2,790.7061,4300,7,10,20
1209,20,16,2,790.7236,1000,4,10,20
1210,11,20,2,790.9139,2900,7,8,15
1211,10,9,2,791.6398,1600,3,7,14
1212,16,17,2,792.2188,2400,3,10,20
1213,9,14,2,792.3897,4100,7,7,13
1214,18,20,2,792.7517,2500,7,10,20
1215,11,20,2,793.2533,3200,5,8,15
1216,15,14,2,793.4432,3300,7,10,20
1217,4,12,2,794.3556,4300,5,4,8
1218,16,14,2,795.2286,3200,3,10,20
1219,3,15,2,795.3824,2800,6,4,6
1220,12,11,2,795.6582,1600,7,8,17
1221,12,15,2,796.5587,1500,3,8,17
1222,6,11,2,796.6541,4900,6,5,10
1223,17,5,2,796.7527,3400,4,10,20
1224,5,12,2,796.8229,3500,3,5,9
1225,13,8,2,796.9387,1700,6,9,18
1226,8,15,2,797.4143,1200,4,6,12
1227,15,5,2,797.4335,2000,6,10,20
1228,12,20,2,797.5114,3100,4,8,17
1229,14,14,2,797.5343,1200,7,9,19
1230,14,16,2,797.5716,2500,5,9,19
1231,5,15,2,798.1338,1100,6,5,9
1232,15,12,2,798.2007,3300,4,10,20
1233,11,17,2,798.2465,1200,5,8,15
1234,15,19,2,798.502,1300,7,10,20
1235,6,7,2,798.737,1800,3,5,10
1236,18,8,2,798.8541,2600,7,10,20
1237,5,5,2,799.1388,1700,6,5,9
1238,19,16,2,799.1972,3000,5,10,20
1239,12,17,2,799.8803,1300,7,8,17
1240,18,11,2,800.2249,2900,3,10,20
1241,6,20,2,800.5645,1800,4,5,10
1242,13,19,2,801.3061,3000,7,9,18
1243,9,15,2,804.2167,3300,3,7,13
1244,10,7,2,804.5843,2700,3,7,14
1245,18,5,2,805.2804,2000,6,10,20
1246,15,15,2,805.8895,1700,5,10,20
1247,13,6,2,806.2238,3700,6,9,18
1248,14,15,2,807.2311,1000,7,9,19
1249,19,20,2,807.6005,1500,6,10,20
1250,19,11,2,807.6543,4400,7,10,20
1251,3,14,2,807.6818,3300,5,4,6
1252,18,11,2,809.3953,4300,6,10,20
1253,9,20,2,809.4144,1800,6,7,13
1254,4,15,2,810.7618,4000,4,4,8
1255,10,19,2,811.1824,1500,6,7,14
1256,16,18,2,811.8904,1900,4,10,20
1257,3,18,2,811.9327,4500,7,4,6
1258,14,7,2,812.0648,2100,3,9,19
1259,20,16,2,812.8263,1000,6,10,20
1260,12,20,2,813.5394,4700,6,8,17
1261,17,7,2,815.0688,4000,4,10,20
1262,13,5,2,815.5403,2200,6,9,18
1263,10,7,2,817.5616,2800,7,7,14
1264,8,13,2,821.419,2000,5,6,12
1265,8,10,2,821.8728,1200,5,6,12
1266,13,12,2,822.9704,1700,5,9,18
1267,9,11,2,824.5603,1900,7,7,13
1268,18,19,2,825.0679,3600,6,10,20
1269,14,6,2,825.297,4300,3,9,19
1270,3,20,2,825.8358,4400,3,4,6
1271,10,14,2,826.6113,4300,7,7,14
1272,4,16,2,827.8474,4000,3,4,8
1273,14,20,2,827.8923,1400,6,9,19
1274,16,15,2,828.4834,5000,5,10,20
1275,8,11,2,829.2481,4900,6,6,12
1276,15,19,2,830.2184,2900,6,10,20
1277,3,12,2,830.3888,4200,3,4,6
1278,10,8,2,831.1781,2500,4,7,14
1279,4,12,2,831.5621,3400,4,4,8
1280,15,18,2,831.6425,2500,7,10,20
1281,19,15,2,831.9067,3600,5,10,20
1282,13,8,2,832.6445,3000,6,9,18
1283,20,9,2,833.0803,1100,7,10,20
1284,14,12,2,833.6874,5000,5,9,19
1285,13,5,2,834.1371,1600,3,9,18
1286,14,5,2,834.2735,1700,4,9,19
1287,11,13,2,834.3467,1600,4,8,15
1288,20,14,2,834.6098,2600,4,10,20
1289,20,13,2,834.6655,4400,5,10,20
1290,3,5,2,834.8111,3100,7,4,6
1291,9,15,2,835.1904,3200,7,7,13
1292,12,12,2,835.2704,1500,6,8,17
1293,16,14,2,835.4961,4500,4,10,20
1294,19,17,2,835.7655,1700,7,10,20
1295,13,12,2,836.8645,1600,6,9,18
1296,11,11,2,837.1487,4800,3,8,15
1297,8,19,2,837.2927,2400,5,6,12
1298,18,15,2,837.555,4700,5,10,20
1299,5,7,2,837.8758,3400,3,5,9
1300,20,20,2,838.9004,3600,6,10,20
1301,13,5,2,839.3266,1400,7,9,18
1302,19,13,2,839.4088,4700,4,10,20
1303,19,7,2,839.4119,2200,5,10,20
1304,15,10,2,841.9003,2800,6,10,20
1305,12,19,2,842.4446,3700,7,8,17
1306,5,12,2,842.471,3000,7,5,9
1307,15,12,2,842.869,4500,6,10,20
1308,13,19,2,843.4857,3900,6,9,18
1309,13,6,2,844.4262,1400,5,9,18
1310,8,6,2,845.526,1800,6,6,12
1311,20,19,2,845.6389,1100,3,10,20
1312,17,9,2,845.6663,2800,3,10,20
1313,20,14,2,845.8314,1700,3,10,20
1314,15,10,2,846.9363,2400,7,10,20
1315,9,15,2,847.2272,2000,4,7,13
1316,6,18,2,847.633,1400,5,5,10
1317,16,14,2,848.6908,1200,6,10,20
1318,6,15,2,849.3781,3100,5,5,10
1319,7,15,2,850.5532,4400,4,6,11
1320,7,6,2,850.5795,3900,3,6,11
1321,13,11,2,850.8877,3400,7,9,18
1322,15,19,2,851.2802,4100,4,10,20
1323,18,7,2,851.6358,2000,5,10,20
1324,4,12,2,852.8731,2600,3,4,8
1325,5,12,2,853.0652,2100,5,5,9
1326,14,12,2,855.0833,4700,6,9,19
1327,20,13,2,855.1276,1800,5,10,20
1328,11,9,2,856.2794,2900,5,8,15
1329,8,15,2,858.0739,2600,6,6,12
1330,14,14,2,860.4679,4700,7,9,19
1331,4,9,2,861.1356,3500,4,4,8
1332,8,8,2,861.4113,4000,6,6,12
1333,5,5,2,861.8521,1100,6,5,9
1334,12,19,2,862.0981,4500,3,8,17
1335,11,7,2,862.4282,4900,7,8,15
1336,16,12,2,862.6189,3400,6,10,20
1337,14,7,2,862.6504,4100,6,9,19
1338,3,12,2,862.7717,3000,7,4,6
1339,20,6,2,864.4319,1400,5,10,20
1340,18,5,2,865.3556,4500,5,10,20
1341,9,9,2,865.9115,2400,6,7,13
1342,8,6,2,866.2843,3300,5,6,12
1343,3,17,2,868.0761,3600,4,4,6
1344,5,15,2,871.9721,2200,5,5,9
1345,17,19,2,872.0324,3300,7,10,20
1346,9,10,2,872.1121,5000,5,7,13
1347,12,11,2,873.4979,1100,4,8,17
1348,6,6,2,875.217,1100,5,5,10
1349,4,18,2,875.7848,4500,6,4,8
1350,9,18,2,876.621,3600,5,7,13
1351,8,16,2,878.3436,2700,7,6,12
1352,5,17,2,882.1015,1100,4,5,9
1353,13,17,2,882.7359,4500,6,9,18
1354,12,15,2,883.1266,2600,3,8,17
1355,18,5,2,883.8948,1600,6,10,20
1356,14,13,2,884.2581,4200,4,9,19
1357,8,15,2,884.6694,4000,6,6,12
1358,11,18,2,886.3851,2400,4,8,15
1359,14,13,2,887.653,4700,3,9,19
1360,9,6,2,887.6958,1500,6,7,13
1361,11,13,2,888.8434,1400,4,8,15
1362,6,9,2,889.272,2000,7,5,10
1363,4,10,2,889.7276,3200,5,4,8
1364,4,14,2,893.2479,4500,3,4,8
1365,12,7,2,893.5942,3100,5,8,17
1366,11,9,2,894.7256,1800,7,8,15
1367,13,17,2,896.0975,4300,6,9,18
1368,9,14,2,896.1145,2200,5,7,13
1369,8,10,2,896.1995,2700,3,6,12
1370,10,11,2,896.9199,4500,4,7,14
1371,12,5,2,898.468,4700,4,8,17
1372,8,12,2,898.9457,3300,5,6,12
1373,18,5,2,899.1896,4700,7,10,20
1374,7,5,2,899.2878,1500,6,6,11
1375,20,14,2,899.7507,4300,6,10,20
1376,20,10,2,899.7697,2000,7,10,20
1377,14,17,2,899.7988,1200,3,9,19
1378,14,11,2,900.8319,2100,7,9,19
1379,18,5,2,901.6669,1800,5,10,20
1380,9,6,2,901.8806,3600,7,7,13
1381,6,6,2,902.1687,2600,7,5,10
1382,7,8,2,902.2662,3400,7,6,11
1383,12,13,2,902.4745,2600,5,8,17
1384,4,13,2,902.6462,4200,3,4,8
1385,15,18,2,904.0088,3800,4,10,20
1386,16,9,2,904.9619,1300,7,10,20
1387,5,5,2,905.0407,4900,3,5,9
1388,20,11,2,905.7482,3700,4,10,20
1389,9,17,2,905.9289,3200,5,7,13
1390,9,9,2,906.0094,3900,5,7,13
1391,10,8,2,906.1871,4800,5,7,14
1392,10,20,2,907.2263,1100,6,7,14
1393,17,5,2,907.3179,2900,5,10,20
1394,4,9,2,908.0915,1000,5,4,8
1395,14,19,2,909.4006,4700,7,9,19
1396,3,20,2,909.6634,3100,5,4,6
1397,13,20,2,910.1252,1600,4,9,18
1398,15,18,2,910.1522,3800,3,10,20
1399,11,16,2,910.7793,2200,6,8,15
1400,5,6,2,911.1121,3400,5,5,9
1401,17,16,2,911.6399,4500,7,10,20
1402,12,11,2,912.0559,4000,7,8,17
1403,16,9,2,912.7897,3800,3,10,20
1404,6,11,2,914.0654,4800,3,5,10
1405,13,19,2,914.1324,3800,5,9,18
1406,14,12,2,915.6236,1800,7,9,19
1407,7,20,2,916.0889,4800,5,6,11
1408,8,8,2,916.1357,4400,5,6,12
1409,13,18,2,917.9682,3000,5,9,18
1410,15,5,2,918.8168,3800,7,10,20
1411,4,14,2,918.9877,4900,7,4,8
1412,19,6,2,919.9164,3600,5,10,20
1413,20,8,2,920.2991,4400,5,10,20
1414,5,14,2,920.3772,3000,3,5,9
1415,6,17,2,921.5098,2300,3,5,10
1416,7,9,2,922.0173,1900,3,6,11
1417,15,11,2,923.0868,2400,5,10,20
1418,7,14,2,924.0434,2100,6,6,11
1419,9,9,2,924.2524,4900,4,7,13
1420,6,11,2,924.3086,1500,6,5,10
1421,19,10,2,925.35,1300,4,10,20
1422,9,18,2,926.1421,3700,4,7,13
1423,4,15,2,927.0661,3700,3,4,8
1424,8,12,2,927.3449,2600,5,6,12
1425,12,19,2,927.894,4500,5,8,17
1426,9,11,2,928.0822,3900,4,7,13
1427,13,13,2,928.2404,2500,4,9,18
1428,19,8,2,929.5163,4100,3,10,20
1429,19,10,2,930.0822,3700,7,10,20
1430,13,19,2,930.6922,2600,6,9,18
1431,15,6,2,930.9161,4300,5,10,20
1432,10,12,2,931.2327,3800,7,7,14
1433,10,15,2,931.4701,1700,6,7,14
1434,17,19,2,931.4978,2100,5,10,20
1435,13,20,2,931.7966,1200,7,9,18
1436,10,17,2,932.8752,3600,7,7,14
1437,18,8,2,933.5185,4400,5,10,20
1438,12,12,2,935.7744,3700,3,8,17
1439,9,13,2,936.1954,3700,3,7,13
1440,20,20,2,936.3537,4600,5,10,20
1441,9,13,2,937.0252,4800,3,7,13
1442,19,17,2,937.4128,3400,7,10,20
1443,19,10,2,938.3844,1400,3,10,20
1444,17,9,2,939.5343,4400,6,10,20
1445,11,11,2,941.2764,1500,3,8,15
1446,3,7,2,941.365,2400,6,4,6
1447,7,7,2,942.6341,1800,6,6,11
1448,3,20,2,942.8019,2300,3,4,6
1449,5,7,2,943.4609,4200,6,5,9
1450,17,7,2,944.002,1700,4,10,20
1451,8,10,2,944.7275,1800,5,6,12
1452,15,11,2,945.0188,1600,3,10,20
1453,13,16,2,945.2647,3700,7,9,18
1454,10,15,2,945.4415,5000,6,7,14
1455,16,13,2,945.5369,3600,6,10,20
1456,17,9,2,946.0917,3400,4,10,20
1457,13,15,2,947.0627,4100,5,9,18
1458,8,14,2,947.3146,4100,5,6,12
1459,16,13,2,947.6313,3200,3,10,20
1460,8,11,2,948.5076,1200,3,6,12
1461,6,7,2,949.5106,1900,6,5,10
1462,3,5,2,950.5069,4700,6,4,6
1463,18,14,2,950.704,2700,4,10,20
1464,17,14,2,951.8569,1800,7,10,20
1465,9,20,2,952.4472,4200,4,7,13
1466,15,6,2,952.5132,3000,6,10,20
1467,14,5,2,954.255,1000,7,9,19
1468,15,12,2,954.681,1200,5,10,20
1469,7,19,2,954.692,1800,7,6,11
1470,14,15,2,954.8779,3400,5,9,19
1471,11,10,2,955.5063,2100,7,8,15
1472,19,8,2,956.1489,2800,6,10,20
1473,9,16,2,956.6383,4700,6,7,13
1474,19,17,2,957.23,2600,5,10,20
1475,7,16,2,957.3628,4500,5,6,11
1476,10,7,2,957.9015,4000,7,7,14
1477,16,10,2,960.0891,2800,6,10,20
1478,11,9,2,960.3459,4700,3,8,15
1479,15,15,2,960.4639,2000,7,10,20
1480,9,14,2,961.6406,3700,3,7,13
1481,17,5,2,962.1028,2100,4,10,20
1482,9,20,2,963.6482,2700,6,7,13
1483,13,20,2,964.0616,4400,6,9,18
1484,13,19,2,964.0616,2300,7,9,18
1485,12,12,2,964.3645,4900,4,8,17
1486,10,15,2,965.5504,3900,4,7,14
1487,12,12,2,966.9398,4800,5,8,17
1488,16,16,2,967.1904,2500,4,10,20
1489,13,7,2,967.3572,1900,6,9,18
1490,18,15,2,967.486,2500,7,10,20
1491,10,15,2,967.9554,2600,5,7,14
1492,5,5,2,969.646,4400,5,5,9
1493,5,8,2,969.7446,2200,5,5,9
1494,18,17,2,970.4775,3100,7,10,20
1495,12,9,2,971.0336,1200,4,8,17
1496,16,12,2,971.2689,1800,5,10,20
1497,13,5,2,972.0524,4000,7,9,18
1498,17,10,2,973.7588,1500,4,10,20
1499,18,5,2,974.088,1500,4,10,20
1500,11,9,2,974.5768,2800,4,8,15
1501,5,19,2,974.8232,4300,5,5,9
1502,8,20,2,977.256,2300,7,6,12
1503,14,15,2,977.3793,5000,7,9,19
1504,16,17,2,977.9724,2100,6,10,20
1505,14,11,2,978.1351,3100,4,9,19
1506,12,7,2,978.3404,2600,6,8,17
1507,20,10,2,978.5412,1200,6,10,20
1508,16,9,2,978.9869,3400,3,10,20
1509,8,17,2,979.6265,4600,3,6,12
1510,3,17,2,981.141,4700,4,4,6
1511,16,13,2,981.4674,1600,4,10,20
1512,8,7,2,981.6092,1200,5,6,12
1513,13,20,2,982.2331,5000,3,9,18
1514,11,9,2,982.2728,1500,3,8,15
1515,3,15,2,983.0629,1600,6,4,6
1516,11,17,2,984.535,4000,3,8,15
1517,5,11,2,984.5609,2600,6,5,9
1518,10,15,2,985.001,4300,4,7,14
1519,4,13,2,985.1165,4100,5,4,8
1520,7,19,2,985.4883,4900,3,6,11
1521,4,7,2,985.6961,4500,5,4,8
1522,11,19,2,986.6504,1600,5,8,15
1523,19,9,2,987.2881,1400,3,10,20
1524,7,9,2,989.8186,3600,7,6,11
1525,12,12,2,990.0851,3800,3,8,17
1526,5,10,2,990.2758,3600,3,5,9
1527,15,20,2,991.129,4000,3,10,20
1528,13,12,2,991.5651,4100,3,9,18
1529,7,17,2,991.5906,4300,3,6,11
1530,20,7,2,991.9704,4000,4,10,20
1531,7,15,2,992.6002,1500,4,6,11
1532,17,9,2,993.2858,4000,6,10,20
1533,5,17,2,993.3826,4100,7,5,9
1534,19,15,2,994.2119,2300,6,10,20
1535,15,14,2,995.0,1000,5,10,20
1536,14,5,2,995.1192,3900,6,9,19
1537,17,6,2,995.5534,1800,6,10,20
1538,12,8,2,997.7775,2900,7,8,17
1539,4,5,2,998.4589,1000,3,4,8
1540,9,5,2,999.471,4300,5,7,13
1541,16,18,2,1000.4121,2500,4,10,20
1542,9,20,2,1000.6866,1200,6,7,13
1543,16,7,2,1003.4643,1400,6,10,20
1544,19,9,2,1004.0873,1800,3,10,20
1545,19,13,2,1004.9615,2600,7,10,20
1546,20,16,2,1005.461,1100,7,10,20
1547,6,9,2,1005.5948,4800,5,5,10
1548,17,7,2,1005.8201,1900,7,10,20
1549,17,10,2,1006.3017,2800,6,10,20
1550,8,14,2,1006.446,1800,5,6,12
1551,14,7,2,1006.6653,2100,5,9,19
1552,5,13,2,1007.1672,1500,4,5,9
1553,5,20,2,1007.3158,3200,6,5,9
1554,16,13,2,1010.0463,3600,4,10,20
1555,12,12,2,1010.8701,3800,4,8,17
1556,17,5,2,1010.9054,3600,6,10,20
1557,20,20,2,1012.3491,4300,4,10,20
1558,16,14,2,1013.5634,1800,7,10,20
1559,8,5,2,1014.1738,2200,6,6,12
1560,10,19,2,1015.627,2800,5,7,14
1561,19,19,2,1017.2603,1300,4,10,20
1562,19,18,2,1018.2961,4200,5,10,20
1563,16,10,2,1018.5059,2900,7,10,20
1564,18,9,2,1019.4295,1800,7,10,20
1565,3,8,2,1020.455,4500,4,4,6
1566,4,14,2,1020.7658,2400,5,4,8
1567,3,15,2,1020.8499,5000,6,4,6
1568,5,11,2,1021.117,2800,3,5,9
1569,7,5,2,1022.9275,4500,4,6,11
1570,18,16,2,1023.2168,1100,7,10,20
1571,4,9,2,1024.1011,1000,3,4,8
1572,19,9,2,1025.1393,3500,6,10,20
1573,7,19,2,1026.7298,4600,6,6,11
1574,10,14,2,1027.8436,2500,7,7,14
1575,14,16,2,1029.6507,3600,6,9,19
1576,10,10,2,1031.1488,2200,6,7,14
1577,19,9,2,1032.8554,5000,4,10,20
1578,4,10,2,1034.851,4500,7,4,8
1579,18,13,2,1036.0201,1800,5,10,20
1580,4,12,2,1036.0248,4100,5,4,8
1581,7,13,2,1036.6174,2600,5,6,11
1582,17,16,2,1037.3837,2300,3,10,20
1583,10,15,2,1040.4358,3800,4,7,14
1584,3,12,2,1041.694,2400,7,4,6
1585,5,16,2,1042.322,5000,6,5,9
1586,9,14,2,1042.8886,2300,4,7,13
1587,7,18,2,1043.0292,4900,4,6,11
1588,20,17,2,1044.9742,2900,4,10,20
1589,19,7,2,1045.2777,2200,7,10,20
1590,6,7,2,1045.9885,1200,5,5,10
1591,3,13,2,1046.2523,2800,7,4,6
1592,7,6,2,1046.4886,1100,7,6,11
1593,11,8,2,1046.5264,2300,3,8,15
1594,13,8,2,1048.0639,4900,6,9,18
1595,18,16,2,1049.1461,1400,5,10,20
1596,8,13,2,1049.2892,4100,6,6,12
1597,9,18,2,1050.1085,4200,4,7,13
1598,13,8,2,1050.1691,1200,5,9,18
1599,3,10,2,1050.5121,1300,6,4,6
1600,11,17,2,1051.8601,2300,6,8,15
1601,4,7,2,1053.0753,1700,5,4,8
1602,20,15,2,1053.294,2300,5,10,20
1603,14,20,2,1053.59,1600,6,9,19
1604,13,20,2,1055.0986,1000,6,9,18
1605,17,13,2,1056.7315,3400,5,10,20
1606,3,15,2,1056.8882,3000,4,4,6
1607,7,13,2,1057.0531,3100,7,6,11
1608,18,10,2,1057.7187,2500,7,10,20
1609,9,9,2,1058.9325,1600,7,7,13
1610,6,9,2,1060.8581,3700,7,5,10
1611,11,9,2,1061.1506,1900,6,8,15
1612,19,10,2,1062.0967,1100,5,10,20
1613,12,8,2,1063.3513,3900,6,8,17
1614,6,16,2,1063.4392,2700,7,5,10
1615,18,16,2,1064.9316,4300,6,10,20
1616,5,12,2,1066.1827,2000,7,5,9
1617,7,10,2,1066.3427,4300,5,6,11
1618,13,20,2,1066.3595,2100,5,9,18
1619,7,10,2,1068.3669,1400,4,6,11
1620,6,17,2,1069.0416,4700,5,5,10
1621,10,14,2,1070.071,2600,6,7,14
1622,20,11,2,1070.0974,1300,4,10,20
1623,9,9,2,1070.8366,3800,7,7,13
1624,13,9,2,1071.3359,2700,6,9,18
1625,12,5,2,1072.6075,4900,4,8,17
1626,19,9,2,1072.7976,3000,3,10,20
1627,15,17,2,1073.8321,2100,4,10,20
1628,7,9,2,1077.7722,2600,4,6,11
1629,17,17,2,1078.8648,1400,4,10,20
1630,4,8,2,1079.412,3600,3,4,8
1631,9,15,2,1081.5058,4800,4,7,13
1632,3,13,2,1082.6194,4400,3,4,6
1633,9,20,2,1082.6612,3400,5,7,13
1634,20,13,2,1082.9042,4800,7,10,20
1635,5,9,2,1084.0964,2300,7,5,9
1636,3,13,2,1084.3822,4200,4,4,6
1637,7,18,2,1084.699,3200,3,6,11
1638,14,16,2,1085.0042,1400,4,9,19
1639,9,16,2,1085.6675,2700,6,7,13
1640,9,19,2,1085.7753,3400,3,7,13
1641,12,16,2,1086.1401,3000,4,8,17
1642,11,15,2,1086.7881,3800,7,8,15
1643,20,9,2,1086.9968,3000,4,10,20
1644,17,11,2,1087.0549,3800,7,10,20
1645,19,9,2,1087.8795,1300,6,10,20
1646,10,13,2,1088.6384,4200,3,7,14
1647,18,18,2,1088.8877,4400,4,10,20
1648,4,16,2,1090.7419,2300,6,4,8
1649,18,11,2,1090.9357,4600,3,10,20
1650,8,20,2,1092.1497,2600,4,6,12
1651,17,10,2,1092.2468,5000,6,10,20
1652,4,10,2,1093.2164,2000,3,4,8
1653,3,16,2,1094.7333,2800,6,4,6
1654,16,13,2,1094.8188,2300,5,10,20
1655,14,14,2,1097.0085,3400,5,9,19
1656,11,5,2,1097.1148,2300,3,8,15
1657,7,8,2,1097.1833,3200,6,6,11
1658,11,13,2,1097.3295,4000,3,8,15
1659,3,10,2,1097.7288,4300,6,4,6
1660,16,9,2,1098.0078,1800,5,10,20
1661,14,11,2,1098.3808,3500,3,9,19
1662,17,10,2,1100.3304,2700,7,10,20
1663,6,20,2,1101.6601,4400,5,5,10
1664,4,13,2,1101.8761,5000,5,4,8
1665,13,8,2,1103.4676,3600,5,9,18
1666,8,16,2,1103.7186,1200,3,6,12
1667,19,18,2,1105.1869,3800,7,10,20
1668,13,5,2,1105.8133,2300,4,9,18
1669,17,12,2,1106.2542,1100,4,10,20
1670,6,5,2,1106.4142,1800,6,5,10
1671,9,18,2,1110.012,2500,5,7,13
1672,8,20,2,1110.2149,4100,5,6,12
1673,17,17,2,1111.0251,3900,3,10,20
1674,7,17,2,1111.3598,2100,7,6,11
1675,5,14,2,1112.7313,2900,7,5,9
1676,12,18,2,1113.888,3400,3,8,17
1677,15,20,2,1114.0756,2700,3,10,20
1678,4,10,2,1114.3556,2800,3,4,8
1679,11,15,2,1114.8146,1500,4,8,15
1680,7,10,2,1115.9105,3400,7,6,11
1681,19,19,2,1116.1345,4800,6,10,20
1682,19,20,2,1117.3959,3200,5,10,20
1683,15,7,2,1117.7451,4400,7,10,20
1684,16,15,2,1118.4503,5000,6,10,20
1685,6,11,2,1118.7102,4400,7,5,10
1686,20,15,2,1120.6087,2500,5,10,20
1687,17,19,2,1121.4888,3200,6,10,20
1688,13,9,2,1122.1404,2200,5,9,18
1689,14,17,2,1123.0329,3600,6,9,19
1690,16,17,2,1124.3016,1200,4,10,20
1691,8,17,2,1124.9481,1400,3,6,12
1692,10,9,2,1126.1087,1400,7,7,14
1693,5,8,2,1126.8285,1900,7,5,9
1694,8,12,2,1127.2178,1300,5,6,12
1695,5,20,2,1128.2671,1500,4,5,9
1696,8,14,2,1128.7518,3000,5,6,12
1697,5,5,2,1128.9683,1200,6,5,9
1698,6,14,2,1129.3797,3400,6,5,10
1699,3,16,2,1129.6268,3000,5,4,6
1700,14,8,2,1133.118,1900,4,9,19
1701,17,14,2,1133.4504,3300,5,10,20
1702,6,10,2,1133.7676,4700,6,5,10
1703,14,6,2,1134.3481,2600,4,9,19
1704,13,7,2,1135.1489,3000,4,9,18
1705,19,15,2,1136.0955,1600,7,10,20
1706,13,17,2,1137.0784,1000,5,9,18
1707,10,19,2,1137.258,1600,6,7,14
1708,4,19,2,1138.5037,4300,6,4,8
1709,7,18,2,1138.636,1500,3,6,11
1710,6,16,2,1139.4211,1900,5,5,10
1711,19,18,2,1139.6851,4900,3,10,20
1712,3,15,2,1140.4966,3900,5,4,6
1713,12,17,2,1140.5962,1200,5,8,17
1714,20,19,2,1141.2435,1100,7,10,20
1715,9,17,2,1142.2893,4900,5,7,13
1716,19,19,2,1142.8551,4100,6,10,20
1717,12,6,2,1143.8302,1900,7,8,17
1718,4,14,2,1144.5108,4200,3,4,8
1719,16,5,2,1145.1575,2300,3,10,20
1720,12,19,2,1145.9873,3200,5,8,17
1721,8,12,2,1146.3191,3400,3,6,12
1722,14,10,2,1147.7832,1800,6,9,19
1723,18,17,2,1147.9234,2500,3,10,20
1724,3,16,2,1148.8498,4800,4,4,6
1725,14,6,2,1148.9815,4200,6,9,19
1726,5,12,2,1149.8853,5000,7,5,9
1727,10,17,2,1151.3152,2600,6,7,14
1728,15,14,2,1151.5926,3000,6,10,20
1729,9,10,2,1152.9706,1900,3,7,13
1730,13,9,2,1154.3983,2000,3,9,18
1731,10,18,2,1154.6456,2900,3,7,14
1732,8,8,2,1155.7992,5000,7,6,12
1733,10,16,2,1157.6027,2300,7,7,14
1734,5,14,2,1158.305,4900,6,5,9
1735,6,14,2,1158.3633,1700,4,5,10
1736,20,17,2,1158.4383,2900,6,10,20
1737,18,10,2,1158.8266,4800,3,10,20
1738,17,19,2,1159.4412,2600,3,10,20
1739,11,20,2,1160.6118,3700,3,8,15
1740,6,13,2,1161.2144,3600,4,5,10
1741,5,7,2,1161.8873,3400,6,5,9
1742,13,20,2,1162.3514,3500,4,9,18
1743,14,17,2,1163.4892,1300,5,9,19
1744,20,11,2,1164.4205,2000,6,10,20
1745,19,12,2,1165.1162,3500,4,10,20
1746,17,13,2,1165.4461,3300,3,10,20
1747,3,10,2,1166.2029,1300,6,4,6
1748,15,12,2,1166.3513,4200,3,10,20
1749,8,16,2,1167.0973,2600,5,6,12
1750,18,16,2,1167.7513,3000,3,10,20
1751,12,15,2,1168.1451,1900,4,8,17
1752,12,20,2,1168.8846,2300,3,8,17
1753,3,12,2,1170.49,2300,5,4,6
1754,20,19,2,1170.5292,1800,3,10,20
1755,15,18,2,1170.6666,2100,4,10,20
1756,6,12,2,1171.0921,4100,5,5,10
1757,4,16,2,1172.5613,1400,6,4,8
1758,11,9,2,1172.9351,4500,7,8,15
1759,19,9,2,1172.9655,2400,6,10,20
1760,16,5,2,1173.3795,2700,3,10,20
1761,15,18,2,1174.6468,1900,6,10,20
1762,3,12,2,1175.1877,2000,5,4,6
1763,17,12,2,1175.9387,5000,4,10,20
1764,15,18,2,1178.0302,4000,5,10,20
1765,5,5,2,1178.7159,1600,5,5,9
1766,11,6,2,1179.1972,1200,5,8,15
1767,12,19,2,1179.2114,3600,7,8,17
1768,5,17,2,1179.5876,5000,4,5,9
1769,14,9,2,1179.9154,4600,3,9,19
1770,8,12,2,1179.9914,2600,5,6,12
1771,4,20,2,1180.9222,2200,4,4,8
1772,20,14,2,1181.1463,3000,7,10,20
1773,8,15,2,1181.2489,2700,6,6,12
1774,17,5,2,1181.7973,1100,5,10,20
1775,4,16,2,1182.3732,1800,4,4,8
1776,7,13,2,1182.377,2800,4,6,11
1777,11,12,2,1182.6546,2800,7,8,15
1778,10,9,2,1183.4104,1800,6,7,14
1779,8,18,2,1184.2345,2600,4,6,12
1780,3,11,2,1185.4924,3100,4,4,6
1781,16,5,2,1186.1531,2800,7,10,20
1782,19,19,2,1186.1663,3100,4,10,20
1783,11,14,2,1186.1997,1300,5,8,15
1784,6,15,2,1186.4706,1800,5,5,10
1785,16,18,2,1186.6758,2100,5,10,20
1786,7,13,2,1186.7764,4100,7,6,11
1787,3,16,2,1186.8167,4700,6,4,6
1788,18,16,2,1188.8104,3100,7,10,20
1789,6,13,2,1189.6882,1600,4,5,10
1790,17,14,2,1190.0769,1300,6,10,20
1791,10,6,2,1191.1103,3600,6,7,14
1792,3,19,2,1192.1735,3200,3,4,6
1793,14,9,2,1192.8821,4400,3,9,19
1794,15,20,2,1193.0592,3000,3,10,20
1795,3,9,2,1193.3478,2600,4,4,6
1796,7,10,2,1193.3551,3800,3,6,11
1797,13,8,2,1196.4426,4600,7,9,18
1798,20,6,2,1196.9848,2300,5,10,20
1799,16,17,2,1197.4692,3000,5,10,20
1800,11,18,2,1197.585,4100,5,8,15
1801,8,11,2,1199.0642,2500,4,6,12
1802,20,16,2,1199.5516,1000,6,10,20
1803,20,19,2,1200.1256,1000,7,10,20
1804,8,9,2,1200.4195,3100,4,6,12
1805,8,9,2,1201.6878,4900,3,6,12
1806,14,15,2,1201.7964,1700,7,9,19
1807,15,14,2,1201.9915,1000,4,10,20
1808,13,20,2,1202.5267,1200,4,9,18
1809,9,19,2,1205.1358,2400,4,7,13
1810,9,15,2,1205.9045,3900,4,7,13
1811,10,19,2,1206.8656,3900,7,7,14
1812,12,5,2,1207.0263,3100,3,8,17
1813,8,10,2,1207.4535,3400,4,6,12
1814,18,13,2,1208.2391,3800,3,10,20
1815,8,10,2,1208.2814,4000,4,6,12
1816,17,10,2,1210.1481,4300,6,10,20
1817,10,20,2,1212.0377,1600,3,7,14
1818,10,12,2,1212.0455,4500,6,7,14
1819,16,5,2,1212.4194,4400,4,10,20
1820,9,10,2,1213.0398,3100,3,7,13
1821,13,6,2,1214.4231,1600,7,9,18
1822,14,16,2,1215.1245,1500,7,9,19
1823,12,20,2,1216.7943,3000,7,8,17
1824,14,6,2,1218.0036,3800,5,9,19
1825,9,7,2,1218.5989,1200,4,7,13
1826,12,9,2,1219.6816,4000,3,8,17
1827,19,8,2,1221.2122,3800,5,10,20
1828,17,19,2,1221.7167,2000,6,10,20
1829,19,10,2,1222.0501,5000,5,10,20
1830,8,10,2,1223.7177,2100,7,6,12
1831,8,14,2,1223.9743,4400,3,6,12
1832,4,17,2,1224.2769,4200,6,4,8
1833,5,16,2,1224.795,4900,4,5,9
1834,17,5,2,1225.2716,4000,5,10,20
1835,19,5,2,1225.3464,2300,5,10,20
1836,5,19,2,1226.5489,4100,5,5,9
1837,4,9,2,1227.2886,2400,6,4,8
1838,6,18,2,1227.8913,4000,5,5,10
1839,5,20,2,1228.7814,2500,3,5,9
1840,17,12,2,1231.975,3100,3,10,20
1841,12,19,2,1233.1336,3700,3,8,17
1842,12,16,2,1234.247,4500,6,8,17
1843,6,10,2,1234.2721,2700,3,5,10
1844,6,14,2,1234.4953,4700,6,5,10
1845,8,11,2,1234.5424,3800,3,6,12
1846,10,19,2,1234.818,3600,5,7,14
1847,19,16,2,1234.9233,3600,3,10,20
1848,18,9,2,1235.0762,3300,7,10,20
1849,8,7,2,1235.1611,4400,5,6,12
1850,5,10,2,1235.425,3200,6,5,9
1851,18,6,2,1235.8534,5000,4,10,20
1852,20,18,2,1237.6175,4900,6,10,20
1853,9,15,2,1237.8384,3800,4,7,13
1854,3,14,2,1238.2764,3600,3,4,6
1855,5,7,2,1239.7919,1300,6,5,9
1856,12,6,2,1239.8648,4700,4,8,17
1857,11,10,2,1240.1146,3300,3,8,15
1858,17,20,2,1240.7059,4600,3,10,20
1859,6,9,2,1242.0505,1200,5,5,10
1860,8,6,2,1242.0707,2400,6,6,12
1861,15,6,2,1243.6122,4700,3,10,20
1862,5,5,2,1243.7115,4700,4,5,9
1863,4,14,2,1243.9197,4500,7,4,8
1864,10,18,2,1244.3042,1600,3,7,14
1865,12,7,2,1245.7083,3300,7,8,17
1866,6,10,2,1245.8695,1800,4,5,10
1867,14,9,2,1247.0521,4000,5,9,19
1868,15,10,2,1247.5946,1800,4,10,20
1869,18,9,2,1247.6467,4800,3,10,20
1870,16,11,2,1249.7143,3400,4,10,20
1871,20,15,2,1250.216,4300,7,10,20
1872,10,20,2,1250.5841,1100,5,7,14
1873,14,8,2,1250.9765,1300,6,9,19
1874,20,20,2,1251.2859,4100,7,10,20
1875,6,11,2,1253.4626,3800,4,5,10
1876,4,20,2,1253.9212,4700,4,4,8
1877,12,11,2,1254.8185,4900,3,8,17
1878,7,15,2,1255.0421,4400,5,6,11
1879,5,14,2,1256.3977,4400,4,5,9
1880,8,5,2,1256.5316,3800,7,6,12
1881,20,16,2,1256.6565,1100,5,10,20
1882,6,5,2,1259.0157,3100,4,5,10
1883,19,12,2,1259.1938,4100,4,10,20
1884,10,11,2,1259.4945,5000,5,7,14
1885,20,6,2,1260.6435,4200,3,10,20
1886,5,13,2,1261.4092,4500,4,5,9
1887,7,20,2,1262.5866,1800,7,6,11
1888,12,8,2,1263.8181,2600,3,8,17
1889,9,9,2,1264.8439,2700,5,7,13
1890,6,5,2,1266.0697,1600,5,5,10
1891,5,9,2,1266.6889,4000,4,5,9
1892,13,8,2,1268.7389,5000,3,9,18
1893,14,18,2,1272.3399,4500,3,9,19
1894,14,20,2,1274.6966,3300,6,9,19
1895,18,5,2,1276.1237,2700,5,10,20
1896,20,11,2,1276.2267,2700,3,10,20
1897,8,15,2,1276.2631,4000,3,6,12
1898,7,9,2,1276.8112,3000,4,6,11
1899,20,10,2,1277.4486,1200,7,10,20
1900,17,10,2,1278.1135,2900,6,10,20
1901,20,11,2,1278.6652,1100,5,10,20
1902,18,6,2,1278.7723,3300,7,10,20
1903,11,6,2,1282.5059,4700,3,8,15
1904,16,15,2,1283.334,2200,4,10,20
1905,10,13,2,1283.541,2800,4,7,14
1906,8,10,2,1283.5663,4600,5,6,12
1907,8,5,2,1284.2026,4400,4,6,12
1908,10,8,2,1284.9387,1300,5,7,14
1909,6,14,2,1285.0706,2900,3,5,10
1910,14,18,2,1286.4666,3900,6,9,19
1911,14,7,2,1287.21,2800,5,9,19
1912,11,6,2,1287.33,4600,3,8,15
1913,12,6,2,1287.5175,3500,6,8,17
1914,9,17,2,1287.7501,2700,7,7,13
1915,10,14,2,1288.089,4800,7,7,14
1916,9,14,2,1288.482,4900,5,7,13
1917,4,11,2,1288.7235,2100,7,4,8
1918,17,9,2,1289.3971,1200,3,10,20
1919,11,10,2,1291.0703,3900,6,8,15
1920,11,17,2,1291.8556,4500,6,8,15
1921,15,15,2,1292.3153,3100,7,10,20
1922,11,12,2,1292.3675,4300,4,8,15
1923,18,9,2,1292.8574,3600,3,10,20
1924,9,16,2,1294.3815,3300,3,7,13
1925,4,20,2,1294.6866,2200,7,4,8
1926,20,14,2,1294.7794,2300,5,10,20
1927,4,16,2,1295.4928,3500,3,4,8
1928,11,12,2,1295.8645,4500,7,8,15
1929,15,5,2,1295.9245,1400,3,10,20
1930,12,18,2,1296.2423,2800,3,8,17
1931,6,15,2,1296.2728,2000,4,5,10
1932,3,6,2,1296.2735,1700,7,4,6
1933,4,8,2,1296.6921,1900,6,4,8
1934,3,17,2,1298.4525,2100,6,4,6
1935,16,16,2,1298.5316,1500,5,10,20
1936,3,16,2,1299.0764,4600,6,4,6
1937,14,14,2,1299.2495,1900,4,9,19
1938,6,14,2,1299.5578,4500,7,5,10
1939,16,18,2,1299.6739,4600,6,10,20
1940,8,5,2,1299.7193,1200,5,6,12
1941,6,5,2,1301.5808,4900,3,5,10
1942,20,19,2,1302.4328,1500,4,10,20
1943,18,6,2,1302.4805,1500,5,10,20
1944,4,13,2,1302.6696,4900,5,4,8
1945,13,20,2,1302.7371,4600,4,9,18
1946,8,16,2,1302.8264,2400,4,6,12
1947,17,17,2,1302.9925,3600,3,10,20
1948,11,7,2,1303.8341,3600,6,8,15
1949,16,14,2,1305.3686,4800,7,10,20
1950,16,5,2,1305.8347,1900,6,10,20
1951,18,19,2,1307.3595,3200,3,10,20
1952,9,10,2,1308.0497,3000,5,7,13
1953,15,17,2,1308.6242,1900,6,10,20
1954,15,17,2,1309.5125,1800,7,10,20
1955,13,13,2,1310.1392,1800,7,9,18
1956,6,12,2,1310.7501,3400,3,5,10
1957,18,17,2,1313.732,4500,6,10,20
1958,12,16,2,1315.354,1300,6,8,17
1959,18,17,2,1315.452,4800,7,10,20
1960,8,20,2,1316.5221,1900,4,6,12
1961,4,12,2,1317.1375,1100,4,4,8
1962,8,15,2,1317.4919,3100,7,6,12
1963,11,16,2,1318.1281,4200,3,8,15
1964,16,5,2,1318.2277,1100,4,10,20
1965,4,9,2,1318.635,4500,3,4,8
1966,17,18,2,1318.8964,2000,7,10,20
1967,7,18,2,1319.2571,2200,6,6,11
1968,8,5,2,1319.7144,2600,7,6,12
1969,16,18,2,1320.2757,4000,6,10,20
1970,17,13,2,1321.0977,4000,5,10,20
1971,15,17,2,1321.4477,2000,3,10,20
1972,4,8,2,1321.6494,1600,7,4,8
1973,6,20,2,1321.708,1000,6,5,10
1974,15,20,2,1321.9446,4800,3,10,20
1975,13,16,2,1322.0688,1500,5,9,18
1976,11,15,2,1322.0866,3800,6,8,15
1977,19,17,2,1322.7698,2100,6,10,20
1978,20,16,2,1322.9362,2100,5,10,20
1979,18,16,2,1324.2615,1800,6,10,20
1980,4,14,2,1325.1514,4900,3,4,8
1981,6,11,2,1325.1974,4200,4,5,10
1982,7,5,2,1325.374,3100,7,6,11
1983,5,13,2,1326.1813,4500,4,5,9
1984,7,11,2,1326.7227,4600,7,6,11
1985,16,17,2,1326.9264,1000,3,10,20
1986,8,12,2,1327.4446,2700,4,6,12
1987,19,8,2,1327.6805,3100,6,10,20
1988,17,9,2,1329.676,3300,7,10,20
1989,12,14,2,1330.1287,1300,4,8,17
1990,10,15,2,1330.1386,4800,5,7,14
1991,18,7,2,1330.9888,2900,5,10,20
1992,15,14,2,1331.0145,1000,6,10,20
1993,18,16,2,1331.3637,1700,7,10,20
1994,7,5,2,1331.7888,3200,4,6,11
1995,13,19,2,1332.0559,3200,5,9,18
1996,12,6,2,1333.0174,2300,7,8,17
1997,8,7,2,1333.2467,4200,6,6,12
1998,20,11,2,1333.3388,4400,7,10,20
1999,15,7,2,1334.0676,3600,5,10,20
2000,13,6,2,1334.1819,3800,7,9,18
2001,19,19,2,1334.4932,4400,4,10,20
2002,14,9,2,1334.5033,1800,7,9,19
2003,10,9,2,1335.1505,5000,6,7,14
2004,15,14,2,1335.8355,4800,4,10,20
2005,19,17,2,1336.1876,4500,4,10,20
2006,12,12,2,1337.8802,2700,6,8,17
2007,19,19,2,1338.1141,3100,7,10,20
2008,14,19,2,1338.4613,3700,4,9,19
2009,7,19,2,1338.9527,2000,4,6,11
2010,6,7,2,1339.064,2800,6,5,10
2011,11,19,2,1339.2409,3600,3,8,15
2012,12,17,2,1340.0103,3900,4,8,17
2013,13,18,2,1340.4372,4600,7,9,18
2014,8,10,2,1341.1721,1800,3,6,12
2015,18,10,2,1341.5565,4600,4,10,20
2016,14,17,2,1343.0238,4100,4,9,19
2017,11,9,2,1343.2189,3600,5,8,15
2018,12,7,2,1343.373,4900,6,8,17
2019,7,17,2,1343.7668,2400,3,6,11
2020,13,10,2,1344.0821,1900,5,9,18
2021,16,13,2,1345.5145,3700,6,10,20
2022,20,13,2,1346.1667,2100,5,10,20
2023,16,6,2,1346.3346,4400,3,10,20
2024,17,13,2,1346.5779,3300,5,10,20
2025,8,6,2,1347.2693,4900,5,6,12
2026,10,11,2,1347.8092,4900,6,7,14
2027,6,18,2,1349.926,3600,5,5,10
2028,6,20,2,1350.9179,4200,5,5,10
2029,12,13,2,1352.7488,1300,4,8,17
2030,5,11,2,1353.1366,2700,6,5,9
2031,15,14,2,1354.2503,4900,3,10,20
2032,17,7,2,1354.8997,4100,5,10,20
2033,7,8,2,1355.1493,1500,4,6,11
2034,6,20,2,1355.9959,1600,6,5,10
2035,17,8,2,1356.5273,1900,5,10,20
2036,19,18,2,1356.5302,1500,7,10,20
2037,5,11,2,1357.9098,1300,4,5,9
2038,3,13,2,1358.2297,4900,3,4,6
2039,6,14,2,1358.2329,4800,6,5,10
2040,8,10,2,1358.6792,4200,5,6,12
2041,14,6,2,1359.4733,2200,4,9,19
2042,16,6,2,1360.4232,4100,7,10,20
2043,19,5,2,1361.8158,1400,6,10,20
2044,19,19,2,1362.7971,1900,7,10,20
2045,18,19,2,1363.3259,3200,6,10,20
2046,8,11,2,1364.5008,4900,7,6,12
2047,6,14,2,1365.4121,1100,6,5,10
2048,3,5,2,1366.2912,4200,6,4,6
2049,5,5,2,1366.6269,2100,4,5,9
2050,12,9,2,1369.5909,3000,3,8,17
2051,16,18,2,1370.1137,2400,5,10,20
2052,7,16,2,1370.3578,4900,7,6,11
2053,20,20,2,1370.4401,4700,3,10,20
2054,9,14,2,1370.5462,3800,4,7,13
2055,17,5,2,1370.6622,4700,6,10,20
2056,7,19,2,1373.5097,4300,6,6,11
2057,10,7,2,1373.9077,2800,5,7,14
2058,17,5,2,1374.6806,2100,4,10,20
2059,7,16,2,1375.2468,1000,4,6,11
2060,3,14,2,1376.5075,1400,3,4,6
2061,17,20,2,1377.1195,1400,4,10,20
2062,17,17,2,1377.2421,1600,7,10,20
2063,17,17,2,1377.9527,4600,7,10,20
2064,16,19,2,1378.0325,3600,6,10,20
2065,9,15,2,1378.1262,3200,4,7,13
2066,8,16,2,1379.3854,3900,3,6,12
2067,10,7,2,1380.8256,4400,7,7,14
2068,19,14,2,1381.6969,2200,3,10,20
2069,4,14,2,1382.5654,1000,4,4,8
2070,14,12,2,1383.225,4800,7,9,19
2071,13,6,2,1383.7146,2800,6,9,18
2072,13,17,2,1385.47,3800,6,9,18
2073,18,16,2,1386.0581,1600,7,10,20
2074,16,17,2,1386.3093,1300,7,10,20
2075,6,11,2,1386.6721,4000,3,5,10
2076,11,11,2,1388.1075,1600,6,8,15
2077,18,6,2,1388.186,1800,6,10,20
2078,9,13,2,1388.4671,3100,4,7,13
2079,20,19,2,1388.5096,4300,7,10,20
2080,10,15,2,1388.6806,1400,6,7,14
2081,18,14,2,1389.2675,4100,5,10,20
2082,9,8,2,1389.616,3900,7,7,13
2083,12,6,2,1389.8331,1800,6,8,17
2084,13,8,2,1391.2361,3700,3,9,18
2085,19,5,2,1392.1676,2800,6,10,20
2086,16,19,2,1393.2981,4200,3,10,20
2087,10,17,2,1393.7069,2900,3,7,14
2088,7,11,2,1394.9116,2400,3,6,11
2089,6,8,2,1395.2099,3300,4,5,10
2090,15,13,2,1395.374,3400,6,10,20
2091,12,11,2,1396.2643,1700,3,8,17
2092,7,10,2,1397.7678,2600,5,6,11
2093,18,10,2,1397.8045,2700,4,10,20
2094,16,8,2,1398.6469,1400,7,10,20
2095,3,18,2,1398.7931,1700,3,4,6
2096,11,16,2,1398.9283,3800,3,8,15
2097,17,20,2,1399.9294,1300,7,10,20
2098,19,10,2,1399.9854,2300,7,10,20
2099,12,13,2,1400.2819,4900,4,8,17
2100,14,16,2,1400.6814,4500,7,9,19
2101,19,20,2,1400.7997,2000,4,10,20
2102,4,11,2,1401.2797,2000,6,4,8
2103,13,11,2,1402.6283,2600,7,9,18
2104,9,19,2,1402.7721,4800,4,7,13
2105,19,6,2,1403.0584,2200,5,10,20
2106,12,11,2,1404.1658,1900,4,8,17
2107,10,17,2,1404.5313,1000,6,7,14
2108,17,11,2,1405.096,3600,3,10,20
2109,8,5,2,1405.3449,3800,4,6,12
2110,14,15,2,1405.3643,3400,6,9,19
2111,9,14,2,1408.1068,2000,4,7,13
2112,8,19,2,1408.4388,5000,5,6,12
2113,19,6,2,1408.6404,3700,5,10,20
2114,7,12,2,1408.6684,2800,3,6,11
2115,16,16,2,1409.2277,4100,3,10,20
2116,10,11,2,1409.9169,4000,3,7,14
2117,3,13,2,1410.6514,1400,7,4,6
2118,11,13,2,1410.8027,4000,4,8,15
2119,20,16,2,1410.8189,3800,6,10,20
2120,19,13,2,1411.818,4800,3,10,20
2121,6,12,2,1414.2507,3300,5,5,10
2122,7,13,2,1414.3744,2300,3,6,11
2123,4,5,2,1415.3741,4100,5,4,8
2124,9,11,2,1415.6767,3800,5,7,13
2125,6,5,2,1417.7189,1500,7,5,10
2126,7,8,2,1417.8606,4600,7,6,11
2127,3,8,2,1418.5132,3300,5,4,6
2128,12,20,2,1419.1576,1300,4,8,17
2129,11,8,2,1419.7356,2600,7,8,15
2130,11,14,2,1421.2912,1200,7,8,15
2131,18,12,2,1421.6048,4600,4,10,20
2132,12,19,2,1422.3441,1700,6,8,17
2133,17,5,2,1423.229,1500,4,10,20
2134,8,15,2,1423.7024,5000,5,6,12
2135,14,14,2,1423.8598,1100,4,9,19
2136,18,9,2,1425.1417,2600,3,10,20
2137,3,16,2,1425.5425,2100,4,4,6
2138,12,19,2,1425.6956,4900,3,8,17
2139,5,10,2,1426.2473,5000,3,5,9
2140,18,9,2,1428.0012,2100,3,10,20
2141,4,18,2,1428.657,5000,4,4,8
2142,15,11,2,1428.7511,2000,5,10,20
2143,16,19,2,1428.9221,2200,6,10,20
2144,7,19,2,1431.0912,3500,7,6,11
2145,9,8,2,1433.1257,1800,6,7,13
2146,9,17,2,1433.9515,4200,5,7,13
2147,6,20,2,1434.9438,4800,3,5,10
2148,4,14,2,1436.0371,1700,6,4,8
2149,18,6,2,1436.1395,1300,4,10,20
2150,10,18,2,1436.3142,5000,5,7,14
2151,3,19,2,1436.742,2500,3,4,6
2152,20,15,2,1437.3299,3400,6,10,20
2153,11,15,2,1437.7813,4000,5,8,15
2154,10,11,2,1438.3052,2000,7,7,14
2155,14,9,2,1438.871,1000,5,9,19
2156,16,13,2,1439.0647,1400,4,10,20
2157,5,7,2,1439.3532,3300,5,5,9
2158,9,17,2,1439.8588,4400,4,7,13
2159,13,9,2,1440.5965,4400,4,9,18
2160,17,12,2,1440.6537,1800,4,10,20
2161,11,17,2,1440.6633,2700,6,8,15
2162,15,9,2,1442.0014,2000,5,10,20
2163,10,8,2,1442.964,2100,5,7,14
2164,5,5,2,1443.3768,4200,7,5,9
2165,10,7,2,1443.9249,1800,4,7,14
2166,8,16,2,1443.9997,3000,5,6,12
2167,18,5,2,1444.9511,5000,5,10,20
2168,15,15,2,1445.4196,2200,5,10,20
2169,13,18,2,1446.1304,4700,7,9,18
2170,5,6,2,1447.6019,1900,7,5,9
2171,6,19,2,1447.7381,1900,5,5,10
2172,8,20,2,1448.1259,1700,6,6,12
2173,17,20,2,1448.3676,4400,7,10,20
2174,7,18,2,1449.2271,4500,3,6,11
2175,5,6,2,1449.5205,4600,6,5,9
2176,3,19,2,1450.6279,2400,4,4,6
2177,4,20,2,1452.959,3500,5,4,8
2178,18,16,2,1453.0205,4400,6,10,20
2179,10,17,2,1453.1396,1400,3,7,14
2180,9,7,2,1453.6048,2600,3,7,13
2181,9,5,2,1453.8696,2000,7,7,13
2182,10,16,2,1455.2564,4500,6,7,14
2183,13,19,2,1457.0157,3300,6,9,18
2184,6,15,2,1457.8918,4700,6,5,10
2185,13,15,2,1458.555,2800,6,9,18
2186,20,6,2,1460.4998,5000,7,10,20
2187,5,18,2,1460.8043,3300,3,5,9
2188,11,8,2,1461.8958,3200,7,8,15
2189,9,18,2,1462.0005,4000,5,7,13
2190,10,16,2,1462.924,1300,3,7,14
2191,12,18,2,1464.2069,3200,6,8,17
2192,12,6,2,1464.6901,3800,7,8,17
2193,3,17,2,1465.0617,4600,7,4,6
2194,13,18,2,1465.2351,1900,5,9,18
2195,12,8,2,1466.0254,1100,4,8,17
2196,14,17,2,1469.2778,2600,4,9,19
2197,3,13,2,1469.299,4600,5,4,6
2198,15,14,2,1470.4258,1900,7,10,20
2199,4,20,2,1471.1358,5000,3,4,8
2200,13,12,2,1471.6027,4100,5,9,18
2201,7,13,2,1472.4121,4800,5,6,11
2202,10,18,2,1472.9253,4700,5,7,14
2203,7,10,2,1474.6235,1900,6,6,11
2204,5,5,2,1475.3113,3600,7,5,9
2205,3,11,2,1476.1969,4800,7,4,6
2206,6,18,2,1476.9883,1200,4,5,10
2207,12,15,2,1477.2177,2900,5,8,17
2208,5,17,2,1477.2658,1800,3,5,9
2209,20,19,2,1479.1387,3900,7,10,20
2210,8,16,2,1480.5841,5000,4,6,12
2211,3,7,2,1481.3832,4600,6,4,6
2212,4,13,2,1481.5818,3400,3,4,8
2213,15,19,2,1481.7442,3500,4,10,20
2214,6,9,2,1482.2256,4600,6,5,10
2215,10,10,2,1482.448,2200,3,7,14
2216,3,19,2,1484.1557,1400,5,4,6
2217,14,6,2,1484.1562,1600,7,9,19
2218,16,9,2,1484.1677,3400,3,10,20
2219,19,9,2,1484.3338,4900,3,10,20
2220,10,13,2,1484.4686,1200,7,7,14
2221,12,19,2,1484.5305,4600,7,8,17
2222,17,8,2,1484.5765,4600,7,10,20
2223,5,5,2,1485.0893,2300,4,5,9
2224,20,5,2,1485.6455,1900,6,10,20
2225,16,7,2,1485.9554,4500,4,10,20
2226,3,15,2,1486.365,1300,4,4,6
2227,9,14,2,1486.3844,2000,5,7,13
2228,16,5,2,1486.4054,2400,5,10,20
2229,20,5,2,1487.6013,1800,5,10,20
2230,20,9,2,1487.6801,3300,4,10,20
2231,15,8,2,1488.7282,2400,6,10,20
2232,18,9,2,1488.9671,3000,6,10,20
2233,7,10,2,1489.156,2000,5,6,11
2234,15,7,2,1489.8299,3000,7,10,20
2235,10,13,2,1490.7643,4500,7,7,14
2236,7,7,2,1491.385,2300,3,6,11
2237,3,10,2,1492.7802,3100,6,4,6
2238,5,6,2,1493.2105,4200,3,5,9
2239,11,15,2,1493.9312,4900,5,8,15
2240,13,12,2,1494.2654,3600,5,9,18
2241,8,12,2,1495.3272,5000,4,6,12
2242,10,8,2,1496.1077,4300,5,7,14
2243,17,20,2,1496.1364,4000,4,10,20
2244,16,11,2,1496.6824,3700,4,10,20
2245,11,17,2,1498.1969,4400,4,8,15
2246,8,20,2,1498.4443,1700,6,6,12
2247,6,19,2,1498.7783,1700,7,5,10
2248,10,5,2,1498.8923,2600,5,7,14
2249,7,10,2,1498.9965,1700,7,6,11
2250,20,13,2,1500.0004,1200,5,10,20
2251,13,6,2,1500.2946,3500,7,9,18
2252,20,12,2,1500.3155,3600,5,10,20
2253,8,19,2,1502.4565,1100,4,6,12
2254,16,10,2,1502.512,3200,4,10,20
2255,3,7,2,1503.8714,1500,5,4,6
2256,18,5,2,1504.7572,4200,4,10,20
2257,4,15,2,1505.5814,2800,5,4,8
2258,11,18,2,1505.7102,3700,6,8,15
2259,19,14,2,1505.8475,2300,4,10,20
2260,3,20,2,1507.3657,4500,5,4,6
2261,6,11,2,1508.6616,1300,3,5,10
2262,13,10,2,1509.3289,4800,7,9,18
2263,13,19,2,1509.7051,1100,5,9,18
2264,18,17,2,1509.8199,4600,4,10,20
2265,7,14,2,1510.2987,2800,5,6,11
2266,14,5,2,1510.5363,1600,6,9,19
2267,18,11,2,1511.4299,2400,6,10,20
2268,6,18,2,1511.9211,1500,3,5,10
2269,16,14,2,1512.1007,1400,3,10,20
2270,14,19,2,1512.3725,4400,5,9,19
2271,9,19,2,1512.6533,4300,6,7,13
2272,16,17,2,1513.1191,1600,4,10,20
2273,12,15,2,1513.7278,1200,4,8,17
2274,19,10,2,1515.1947,4200,6,10,20
2275,11,9,2,1515.369,5000,7,8,15
2276,14,5,2,1516.5048,1400,3,9,19
2277,18,18,2,1517.7856,1900,4,10,20
2278,5,9,2,1518.0158,2300,4,5,9
2279,17,8,2,1519.2218,4200,7,10,20
2280,5,12,2,1519.2402,4800,3,5,9
2281,7,13,2,1519.2424,4000,3,6,11
2282,14,15,2,1519.9785,1500,7,9,19
2283,6,9,2,1520.3359,4400,3,5,10
2284,4,9,2,1521.0664,1300,4,4,8
2285,14,7,2,1523.84,1100,7,9,19
2286,6,8,2,1523.9747,4300,6,5,10
2287,20,11,2,1524.9408,4200,4,10,20
2288,13,6,2,1526.6957,2300,7,9,18
2289,20,6,2,1527.0262,3000,5,10,20
2290,12,12,2,1528.8385,3400,4,8,17
2291,11,13,2,1530.4817,1400,3,8,15
2292,16,17,2,1531.7395,1300,6,10,20
2293,10,17,2,1532.455,3000,4,7,14
2294,5,20,2,1533.5281,2800,7,5,9
2295,14,19,2,1533.6019,1400,7,9,19
2296,5,11,2,1534.2789,4700,7,5,9
2297,11,20,2,1535.7459,4200,3,8,15
2298,10,7,2,1536.1832,4600,3,7,14
2299,11,6,2,1538.3115,3000,6,8,15
2300,9,9,2,1538.3777,3900,5,7,13
2301,6,5,2,1538.7209,1800,6,5,10
2302,16,20,2,1539.3735,2300,3,10,20
2303,17,15,2,1539.4322,1000,3,10,20
2304,13,16,2,1540.5482,3900,6,9,18
2305,8,5,2,1541.0186,4400,5,6,12
2306,13,13,2,1542.0553,3900,4,9,18
2307,9,8,2,1542.192,2000,5,7,13
2308,13,12,2,1544.4855,2300,5,9,18
2309,6,19,2,1544.9931,4900,6,5,10
2310,6,12,2,1545.8312,3700,4,5,10
2311,4,9,2,1546.1527,1100,6,4,8
2312,8,19,2,1547.0477,2700,7,6,12
2313,10,6,2,1548.116,4000,3,7,14
2314,12,8,2,1548.9439,1100,7,8,17
2315,16,18,2,1549.5547,3100,3,10,20
2316,9,7,2,1549.7444,2400,4,7,13
2317,16,8,2,1551.4135,4100,7,10,20
2318,11,17,2,1552.0201,2600,4,8,15
2319,16,14,2,1552.0377,1900,6,10,20
2320,18,14,2,1552.5038,1200,3,10,20
2321,16,19,2,1552.8391,3400,7,10,20
2322,13,9,2,1553.2423,4300,6,9,18
2323,6,7,2,1553.2879,1200,5,5,10
2324,11,7,2,1553.6748,4300,6,8,15
2325,9,17,2,1554.2751,3000,4,7,13
2326,16,6,2,1554.3776,3800,3,10,20
2327,6,13,2,1555.0949,3200,4,5,10
2328,3,16,2,1558.4752,3500,4,4,6
2329,7,11,2,1558.9002,3200,3,6,11
2330,18,17,2,1558.9581,3500,3,10,20
2331,10,11,2,1559.1548,2400,6,7,14
2332,16,7,2,1559.1982,1100,4,10,20
2333,12,15,2,1559.2802,4700,5,8,17
2334,11,12,2,1559.3806,3600,5,8,15
2335,17,12,2,1559.8619,1500,4,10,20
2336,10,9,2,1559.9605,2100,5,7,14
2337,12,14,2,1561.049,2200,4,8,17
2338,13,20,2,1561.6549,1100,7,9,18
2339,20,7,2,1562.5926,1900,3,10,20
2340,13,18,2,1563.0785,3200,3,9,18
2341,14,20,2,1563.4229,1600,4,9,19
2342,5,17,2,1564.9331,1600,7,5,9
2343,19,20,2,1565.9595,3700,4,10,20
2344,10,19,2,1566.4634,4400,5,7,14
2345,18,16,2,1566.5442,3300,7,10,20
2346,3,13,2,1569.0133,4500,3,4,6
2347,4,15,2,1569.7016,1800,4,4,8
2348,16,13,2,1569.7373,1800,6,10,20
2349,16,19,2,1569.8076,4400,7,10,20
2350,8,20,2,1570.5007,2800,7,6,12
2351,14,12,2,1572.2077,2200,6,9,19
2352,17,14,2,1572.364,3800,7,10,20
2353,17,6,2,1572.5298,2300,7,10,20
2354,14,12,2,1572.628,1400,6,9,19
2355,6,17,2,1573.0872,3900,4,5,10
2356,8,11,2,1574.3675,2800,4,6,12
2357,14,10,2,1574.437,3800,7,9,19
2358,11,7,2,1575.3213,4200,5,8,15
2359,5,16,2,1577.9736,1700,4,5,9
2360,3,19,2,1578.6636,3900,6,4,6
2361,18,18,2,1579.1467,3200,3,10,20
2362,20,19,2,1579.2031,4500,6,10,20
2363,7,10,2,1579.3982,2100,3,6,11
2364,16,5,2,1579.8021,4000,7,10,20
2365,16,13,2,1581.1589,2000,3,10,20
2366,9,8,2,1581.3473,2000,3,7,13
2367,10,14,2,1581.3771,4000,4,7,14
2368,4,11,2,1582.023,3400,4,4,8
2369,16,16,2,1582.2962,4500,4,10,20
2370,14,20,2,1584.4994,3000,7,9,19
2371,17,17,2,1584.6893,2000,3,10,20
2372,4,11,2,1584.693,4900,6,4,8
2373,15,18,2,1584.7614,2100,4,10,20
2374,6,15,2,1585.0273,4300,6,5,10
2375,11,17,2,1585.0394,3000,3,8,15
2376,13,10,2,1585.8349,3200,3,9,18
2377,19,16,2,1587.2242,3200,5,10,20
2378,9,20,2,1587.311,1700,6,7,13
2379,6,5,2,1587.5061,3600,4,5,10
2380,16,17,2,1588.9857,2200,6,10,20
2381,16,8,2,1589.3159,2600,3,10,20
2382,7,7,2,1590.031,2800,6,6,11
2383,7,12,2,1591.1613,3800,7,6,11
2384,15,20,2,1592.5259,3800,3,10,20
2385,4,13,2,1593.085,4500,7,4,8
2386,10,15,2,1594.3086,4600,6,7,14
2387,10,19,2,1594.6991,2800,3,7,14
2388,18,14,2,1594.7679,3600,7,10,20
2389,8,8,2,1594.7906,4600,3,6,12
2390,5,17,2,1596.0594,2200,5,5,9
2391,8,17,2,1596.3933,1900,3,6,12
2392,4,13,2,1596.9905,4400,7,4,8
2393,20,5,2,1597.1305,4400,7,10,20
2394,5,15,2,1597.2526,2100,6,5,9
2395,12,18,2,1597.772,3900,3,8,17
2396,11,9,2,1599.245,4900,6,8,15
2397,14,9,2,1599.5984,3200,7,9,19
2398,13,5,2,1600.0819,5000,3,9,18
2399,8,16,2,1601.1127,1000,6,6,12
2400,15,14,2,1601.2782,2300,3,10,20
2401,19,15,2,1601.3003,1500,6,10,20
2402,5,15,2,1601.4461,3100,6,5,9
2403,12,17,2,1603.2534,1500,4,8,17
2404,17,7,2,1603.6674,4500,7,10,20
2405,14,13,2,1603.7877,2700,7,9,19
2406,20,14,2,1603.7939,3400,5,10,20
2407,18,16,2,1604.0836,2000,4,10,20
2408,11,14,2,1606.4657,3900,4,8,15
2409,10,16,2,1607.7566,3800,4,7,14
2410,6,12,2,1608.0438,2700,7,5,10
2411,4,18,2,1608.3519,4600,5,4,8
2412,12,18,2,1609.5693,3200,7,8,17
2413,6,13,2,1610.8085,3200,7,5,10
2414,12,8,2,1611.2998,1700,5,8,17
2415,15,17,2,1612.66,2200,5,10,20
2416,7,12,2,1613.3761,2600,7,6,11
2417,16,13,2,1615.5571,3900,6,10,20
2418,19,14,2,1615.917,2100,3,10,20
2419,5,11,2,1616.7704,3100,5,5,9
2420,18,20,2,1616.8475,4400,7,10,20
2421,16,15,2,1617.7781,4400,6,10,20
2422,13,11,2,1618.3595,3900,6,9,18
2423,16,16,2,1619.028,4700,3,10,20
2424,20,9,2,1621.1053,1900,3,10,20
2425,16,5,2,1621.6867,4700,3,10,20
2426,14,20,2,1621.9709,1600,4,9,19
2427,9,9,2,1622.4428,2500,5,7,13
2428,7,13,2,1622.4511,2000,6,6,11
2429,20,14,2,1623.5646,2600,4,10,20
2430,6,11,2,1624.9737,4800,6,5,10
2431,6,15,2,1627.1815,2900,6,5,10
2432,5,14,2,1628.561,2500,5,5,9
2433,9,19,2,1628.6145,1000,3,7,13
2434,19,13,2,1628.8967,4200,7,10,20
2435,10,11,2,1628.9898,4800,7,7,14
2436,14,13,2,1629.1227,3500,5,9,19
2437,10,10,2,1629.7467,4900,5,7,14
2438,16,17,2,1631.7306,1400,7,10,20
2439,8,5,2,1632.2505,1400,3,6,12
2440,6,5,2,1633.2862,2100,7,5,10
2441,17,13,2,1633.3391,4800,6,10,20
2442,12,15,2,1633.8824,2600,5,8,17
2443,4,8,2,1634.4822,1200,6,4,8
2444,5,6,2,1636.0406,1400,3,5,9
2445,3,18,2,1636.3683,4300,5,4,6
2446,15,6,2,1637.1493,4900,4,10,20
2447,12,10,2,1637.3395,2300,6,8,17
2448,16,20,2,1637.8508,3500,5,10,20
2449,20,5,2,1638.033,2600,5,10,20
2450,11,19,2,1638.0419,2100,5,8,15
2451,11,14,2,1639.8001,4300,7,8,15
2452,3,19,2,1640.9546,1300,6,4,6
2453,4,6,2,1641.1984,3100,6,4,8
2454,15,11,2,1641.4123,3700,3,10,20
2455,11,8,2,1641.9246,1300,6,8,15
2456,14,6,2,1642.4665,1500,7,9,19
2457,10,15,2,1643.1577,4800,7,7,14
2458,14,17,2,1643.252,2500,6,9,19
2459,18,14,2,1644.5976,5000,3,10,20
2460,19,8,2,1646.4215,1300,5,10,20
2461,14,7,2,1647.7846,3600,5,9,19
2462,13,13,2,1649.145,1500,7,9,18
2463,18,14,2,1650.3284,2200,7,10,20
2464,9,13,2,1651.1652,2300,4,7,13
2465,4,6,2,1651.1845,4100,7,4,8
2466,14,16,2,1651.6434,4000,4,9,19
2467,13,19,2,1652.5131,1700,6,9,18
2468,3,10,2,1653.3434,4000,4,4,6
2469,8,9,2,1653.6775,2400,4,6,12
2470,10,19,2,1656.7153,1000,5,7,14
2471,11,16,2,1657.0926,4000,5,8,15
2472,16,13,2,1658.3299,1500,5,10,20
2473,7,9,2,1659.46,4100,3,6,11
2474,3,8,2,1659.8505,3000,3,4,6
2475,11,9,2,1660.1396,2300,4,8,15
2476,4,9,2,1660.1745,1900,3,4,8
2477,4,5,2,1660.4221,2000,5,4,8
2478,10,6,2,1660.9002,1500,6,7,14
2479,12,13,2,1660.9774,2600,6,8,17
2480,18,20,2,1662.0613,2600,4,10,20
2481,4,11,2,1665.7271,5000,5,4,8
2482,12,9,2,1666.5906,2000,4,8,17
2483,4,10,2,1667.8651,3300,4,4,8
2484,17,7,2,1668.0374,1300,5,10,20
2485,7,17,2,1668.6085,1500,4,6,11
2486,20,19,2,1668.9754,1200,4,10,20
2487,5,5,2,1669.7659,4900,6,5,9
2488,16,17,2,1670.2441,3700,6,10,20
2489,16,17,2,1670.4262,5000,6,10,20
2490,7,7,2,1670.452,4700,3,6,11
2491,18,8,2,1671.3102,2800,3,10,20
2492,16,18,2,1671.998,1300,3,10,20
2493,11,12,2,1672.08,3300,3,8,15
2494,11,8,2,1674.0156,2400,7,8,15
2495,4,11,2,1675.1317,1100,6,4,8
2496,9,9,2,1675.2016,3400,3,7,13
2497,16,12,2,1676.3077,2400,5,10,20
2498,6,14,2,1676.4111,5000,6,5,10
2499,9,13,2,1676.8868,1900,7,7,13
2500,16,14,2,1677.1775,3200,4,10,20
2501,5,13,2,1677.6596,1100,6,5,9
2502,20,16,2,1679.1174,2600,3,10,20
2503,9,17,2,1679.3791,2200,6,7,13
2504,17,6,2,1680.454,1200,7,10,20
2505,16,15,2,1680.9493,1900,5,10,20
2506,12,8,2,1681.1675,4300,4,8,17
2507,14,10,2,1681.4234,3600,7,9,19
2508,13,10,2,1682.7825,4200,5,9,18
2509,13,13,2,1683.5117,1400,5,9,18
2510,14,9,2,1683.9296,1500,7,9,19
2511,11,20,2,1684.1384,1700,4,8,15
2512,9,18,2,1685.1463,2100,3,7,13
2513,20,18,2,1685.1719,3500,4,10,20
2514,13,19,2,1685.2066,4200,4,9,18
2515,14,6,2,1688.5269,3200,4,9,19
2516,4,20,2,1690.2822,1000,6,4,8
2517,12,13,2,1692.003,2200,5,8,17
2518,16,12,2,1692.5354,2100,4,10,20
2519,13,16,2,1692.7781,2600,3,9,18
2520,5,17,2,1695.4445,3600,7,5,9
2521,16,19,2,1695.7768,3200,3,10,20
2522,9,6,2,1695.9163,4300,7,7,13
2523,16,19,2,1696.9286,2100,4,10,20
2524,5,19,2,1697.6824,1900,5,5,9
2525,14,16,2,1697.918,2000,3,9,19
2526,3,8,2,1700.2011,1200,6,4,6
2527,19,19,2,1700.319,1300,5,10,20
2528,5,13,2,1701.1301,3700,4,5,9
2529,10,6,2,1701.7254,4700,3,7,14
2530,20,7,2,1702.9271,3400,6,10,20
2531,11,11,2,1702.9683,3500,7,8,15
2532,18,7,2,1703.1112,1900,6,10,20
2533,17,9,2,1703.844,1600,5,10,20
2534,15,19,2,1704.333,3200,3,10,20
2535,15,16,2,1704.8401,4900,7,10,20
2536,12,10,2,1705.3434,1900,4,8,17
2537,4,5,2,1705.7936,4400,4,4,8
2538,17,11,2,1708.344,4300,4,10,20
2539,9,18,2,1709.1088,4900,4,7,13
2540,12,11,2,1709.3713,1400,6,8,17
2541,11,10,2,1709.489,1900,5,8,15
2542,18,10,2,1710.3646,1500,3,10,20
2543,10,15,2,1711.5242,4000,4,7,14
2544,19,19,2,1713.2124,1500,4,10,20
2545,17,17,2,1714.4217,2500,6,10,20
2546,7,20,2,1715.4327,1800,7,6,11
2547,10,13,2,1716.1249,2000,5,7,14
2548,19,5,2,1716.4393,4800,6,10,20
2549,15,9,2,1716.5349,2300,6,10,20
2550,8,10,2,1716.5671,2700,7,6,12
2551,14,16,2,1716.9995,1100,3,9,19
2552,14,9,2,1717.0622,2600,4,9,19
2553,5,12,2,1717.2775,4100,5,5,9
2554,10,19,2,1718.5304,3100,7,7,14
2555,6,13,2,1718.6129,3700,3,5,10
2556,12,11,2,1718.6338,4200,4,8,17
2557,12,18,2,1719.1368,1300,4,8,17
2558,5,9,2,1719.144,2100,4,5,9
2559,6,18,2,1719.5122,4500,6,5,10
2560,9,14,2,1720.3202,3000,6,7,13
2561,11,19,2,1720.6618,4700,3,8,15
2562,19,15,2,1721.2404,3200,5,10,20
2563,18,17,2,1721.8454,4900,4,10,20
2564,14,16,2,1722.3151,3000,4,9,19
2565,10,6,2,1722.9464,3200,7,7,14
2566,14,11,2,1723.1788,1500,6,9,19
2567,9,19,2,1723.4638,4100,6,7,13
2568,8,13,2,1723.7253,2600,7,6,12
2569,6,19,2,1726.0618,4200,4,5,10
2570,13,11,2,1726.2652,1700,6,9,18
2571,5,15,2,1726.4592,2200,7,5,9
2572,5,16,2,1727.3668,2900,3,5,9
2573,19,20,2,1727.9504,4000,6,10,20
2574,16,7,2,1728.0106,2400,3,10,20
2575,5,8,2,1728.3258,4600,3,5,9
2576,15,11,2,1729.0648,1500,3,10,20
2577,12,7,2,1732.048,3100,4,8,17
2578,13,10,2,1732.3682,2100,6,9,18
2579,17,11,2,1732.6544,2100,3,10,20
2580,12,16,2,1733.1923,3300,3,8,17
2581,4,6,2,1733.7091,1800,4,4,8
2582,10,5,2,1734.4355,2000,4,7,14
2583,7,7,2,1735.5369,3000,3,6,11
2584,10,20,2,1736.1561,2800,3,7,14
2585,6,19,2,1736.3497,2100,7,5,10
2586,20,15,2,1736.3689,3000,6,10,20
2587,9,6,2,1738.6284,2300,4,7,13
2588,20,12,2,1739.8279,2800,7,10,20
2589,18,7,2,1741.1495,3100,6,10,20
2590,15,16,2,1741.5568,1400,5,10,20
2591,5,20,2,1742.3633,1000,5,5,9
2592,4,15,2,1743.0806,5000,3,4,8
2593,10,6,2,1743.2741,2200,4,7,14
2594,12,5,2,1743.3561,3700,6,8,17
2595,10,10,2,1743.4562,1100,5,7,14
2596,13,19,2,1744.4099,4800,4,9,18
2597,12,18,2,1744.8731,4000,4,8,17
2598,8,15,2,1745.0825,2800,3,6,12
2599,11,6,2,1745.8289,4200,5,8,15
2600,15,12,2,1746.3463,1900,7,10,20
2601,15,18,2,1747.7802,2600,5,10,20
2602,3,12,2,1748.0204,3900,6,4,6
2603,17,20,2,1748.8398,4100,4,10,20
2604,12,13,2,1749.0592,4100,5,8,17
2605,11,15,2,1749.7837,3300,3,8,15
2606,20,13,2,1749.9186,4900,5,10,20
2607,12,20,2,1750.2088,2200,7,8,17
2608,12,12,2,1750.855,1600,3,8,17
2609,6,14,2,1751.7545,4600,3,5,10
2610,14,20,2,1753.6367,3600,4,9,19
2611,13,15,2,1753.7196,1200,3,9,18
2612,9,16,2,1755.2232,2700,3,7,13
2613,6,5,2,1755.3761,1500,7,5,10
2614,18,9,2,1755.5931,1300,6,10,20
2615,15,11,2,1756.7075,3400,7,10,20
2616,5,14,2,1757.5794,2000,7,5,9
2617,17,13,2,1757.6166,1600,4,10,20
2618,3,13,2,1758.084,1100,6,4,6
2619,5,17,2,1759.9214,3300,6,5,9
2620,18,10,2,1760.7616,1000,3,10,20
2621,16,20,2,1760.7704,2100,5,10,20
2622,4,17,2,1761.1273,1700,4,4,8
2623,18,15,2,1763.1257,3000,4,10,20
2624,8,18,2,1763.2743,1400,7,6,12
2625,4,6,2,1764.1367,3000,7,4,8
2626,15,12,2,1764.5422,1600,3,10,20
2627,10,15,2,1765.7075,2200,4,7,14
2628,3,15,2,1766.0224,2700,5,4,6
2629,19,17,2,1767.006,3600,5,10,20
2630,18,8,2,1769.202,2400,4,10,20
2631,13,11,2,1769.5091,4900,4,9,18
2632,13,10,2,1770.324,3500,7,9,18
2633,3,6,2,1770.6999,4500,3,4,6
2634,17,11,2,1770.7317,4000,4,10,20
2635,12,13,2,1770.7323,4100,7,8,17
2636,5,16,2,1771.9703,1800,5,5,9
2637,8,14,2,1774.0079,3400,4,6,12
2638,19,10,2,1774.2378,3300,7,10,20
2639,4,10,2,1774.5857,1100,4,4,8
2640,20,5,2,1774.5959,4900,7,10,20
2641,19,19,2,1774.7568,1000,7,10,20
2642,9,18,2,1774.7626,1700,6,7,13
2643,6,6,2,1775.0529,3800,5,5,10
2644,13,5,2,1775.2389,3900,6,9,18
2645,7,12,2,1775.4351,2100,6,6,11
2646,14,11,2,1775.4504,1100,7,9,19
2647,9,12,2,1776.1249,1800,6,7,13
2648,6,19,2,1776.5119,3500,3,5,10
2649,12,12,2,1777.3489,3200,5,8,17
2650,19,14,2,1777.5944,4000,7,10,20
2651,17,13,2,1777.9082,4500,7,10,20
2652,8,19,2,1778.3014,2900,4,6,12
2653,6,15,2,1778.5164,4400,5,5,10
2654,5,12,2,1778.9162,2900,7,5,9
2655,16,6,2,1778.9243,4000,7,10,20
2656,14,6,2,1779.1748,3000,7,9,19
2657,6,13,2,1779.6618,4200,5,5,10
2658,16,18,2,1779.9026,2400,6,10,20
2659,11,16,2,1780.3758,2700,7,8,15
2660,16,17,2,1781.1431,4100,3,10,20
2661,3,10,2,1781.8351,2400,5,4,6
2662,4,18,2,1782.0257,4400,6,4,8
2663,7,6,2,1782.4306,2600,4,6,11
2664,6,13,2,1783.0704,3800,6,5,10
2665,17,18,2,1784.4592,3000,4,10,20
2666,8,19,2,1784.5804,2100,6,6,12
2667,12,5,2,1785.001,2400,7,8,17
2668,16,19,2,1785.0738,2000,7,10,20
2669,9,16,2,1785.7289,1700,6,7,13
2670,13,7,2,1786.9124,4900,7,9,18
2671,4,9,2,1787.0017,1600,4,4,8
2672,4,18,2,1787.3034,2800,6,4,8
2673,5,19,2,1787.5807,4600,3,5,9
2674,13,12,2,1789.1105,1900,4,9,18
2675,4,11,2,1790.297,2400,6,4,8
2676,10,9,2,1790.5537,3100,5,7,14
2677,9,7,2,1790.6838,2300,4,7,13
2678,11,11,2,1790.9314,3100,5,8,15
2679,14,7,2,1791.0111,2400,6,9,19
2680,11,15,2,1791.5519,2700,5,8,15
2681,16,20,2,1793.06,4600,6,10,20
2682,19,10,2,1793.0651,3100,3,10,20
2683,9,13,2,1793.1653,2600,6,7,13
2684,15,19,2,1794.8085,4200,7,10,20
2685,7,20,2,1795.01,2800,4,6,11
2686,18,8,2,1795.4195,3400,5,10,20
2687,3,12,2,1796.7593,1500,4,4,6
2688,7,16,2,1796.9374,1400,7,6,11
2689,20,6,2,1797.427,3200,3,10,20
2690,17,15,2,1798.08,2000,4,10,20
2691,17,12,2,1798.1277,3900,3,10,20
2692,6,10,2,1798.6817,3900,5,5,10
2693,9,18,2,1799.6094,2500,5,7,13
2694,16,19,2,1800.0012,3200,7,10,20
2695,20,5,2,1800.8996,2900,3,10,20
2696,3,9,2,1801.464,1300,3,4,6
2697,11,8,2,1801.5026,5000,5,8,15
2698,13,10,2,1802.4558,1400,3,9,18
2699,13,17,2,1803.5113,4900,5,9,18
2700,12,7,2,1803.7573,2000,4,8,17
2701,10,11,2,1804.0062,4000,7,7,14
2702,12,5,2,1804.4355,3400,3,8,17
2703,7,7,2,1805.891,2300,3,6,11
2704,15,19,2,1806.1777,1300,5,10,20
2705,16,17,2,1806.3281,1000,4,10,20
2706,19,16,2,1806.533,1800,6,10,20
2707,8,8,2,1806.5924,3500,4,6,12
2708,11,5,2,1808.9737,4800,3,8,15
2709,9,14,2,1809.1748,2000,6,7,13
2710,12,14,2,1811.083,4000,3,8,17
2711,10,10,2,1811.245,2700,5,7,14
2712,20,13,2,1811.7127,1600,3,10,20
2713,5,6,2,1811.9227,5000,4,5,9
2714,17,20,2,1812.1715,1700,3,10,20
2715,16,20,2,1812.1891,5000,7,10,20
2716,8,11,2,1813.1961,1400,5,6,12
2717,7,19,2,1813.516,1700,5,6,11
2718,20,7,2,1814.031,2400,6,10,20
2719,17,13,2,1814.0764,4600,5,10,20
2720,19,15,2,1814.6979,1900,6,10,20
2721,15,17,2,1817.2312,2300,7,10,20
2722,8,17,2,1817.6849,4300,4,6,12
2723,12,15,2,1817.8682,1800,5,8,17
2724,18,18,2,1818.2802,1900,5,10,20
2725,17,19,2,1818.6021,1600,6,10,20
2726,13,15,2,1818.8172,4900,5,9,18
2727,7,19,2,1820.3483,3500,5,6,11
2728,13,8,2,1820.3978,4600,4,9,18
2729,11,6,2,1820.4692,1800,7,8,15
2730,12,17,2,1820.9218,1500,7,8,17
2731,15,18,2,1821.3919,1500,5,10,20
2732,20,17,2,1821.446,4100,7,10,20
2733,15,19,2,1821.8083,2900,6,10,20
2734,3,8,2,1822.681,4700,3,4,6
2735,18,9,2,1823.0273,4300,6,10,20
2736,9,6,2,1823.5282,1100,5,7,13
2737,3,5,2,1823.6008,2600,4,4,6
2738,16,5,2,1823.9644,2400,3,10,20
2739,16,8,2,1824.3104,1400,4,10,20
2740,19,8,2,1824.9016,3700,7,10,20
2741,7,7,2,1825.1885,2500,6,6,11
2742,15,7,2,1825.5165,3300,6,10,20
2743,10,12,2,1826.3791,1800,4,7,14
2744,10,20,2,1827.949,4600,7,7,14
2745,4,6,2,1829.8592,2900,6,4,8
2746,12,5,2,1832.325,4500,6,8,17
2747,5,10,2,1832.6147,1300,6,5,9
2748,10,13,2,1836.7224,2800,5,7,14
2749,4,18,2,1837.4111,4400,7,4,8
2750,18,9,2,1837.4754,1100,5,10,20
2751,15,13,2,1838.1102,4400,4,10,20
2752,20,8,2,1838.612,1200,3,10,20
2753,20,20,2,1839.9727,2100,7,10,20
2754,16,14,2,1841.1455,3200,6,10,20
2755,8,19,2,1841.4488,2500,5,6,12
2756,14,15,2,1842.9701,2700,4,9,19
2757,20,7,2,1843.2758,2200,4,10,20
2758,8,10,2,1843.6335,2200,3,6,12
2759,8,13,2,1843.9235,3100,6,6,12
2760,12,19,2,1844.3992,3300,3,8,17
2761,3,17,2,1845.909,3800,7,4,6
2762,4,9,2,1846.2602,2900,7,4,8
2763,17,11,2,1846.3626,2800,7,10,20
2764,4,17,2,1846.7352,2000,3,4,8
2765,11,19,2,1846.894,2000,5,8,15
2766,4,18,2,1847.1961,1500,5,4,8
2767,12,7,2,1847.5752,4200,6,8,17
2768,15,10,2,1850.3711,2400,6,10,20
2769,6,11,2,1850.4583,3900,6,5,10
2770,5,12,2,1851.1199,3400,3,5,9
2771,5,19,2,1851.1733,4700,4,5,9
2772,9,11,2,1852.4643,1400,3,7,13
2773,14,17,2,1853.2769,3300,6,9,19
2774,6,17,2,1853.8798,3400,3,5,10
2775,8,7,2,1855.3698,2700,4,6,12
2776,4,20,2,1856.5729,1600,7,4,8
2777,17,17,2,1856.606,2200,5,10,20
2778,14,7,2,1856.7297,2100,3,9,19
2779,4,7,2,1856.9324,3800,4,4,8
2780,19,7,2,1857.1235,3100,7,10,20
2781,14,13,2,1857.5366,4000,4,9,19
2782,6,17,2,1858.2328,2800,3,5,10
2783,5,12,2,1858.3976,1600,3,5,9
2784,10,12,2,1858.7953,2700,4,7,14
2785,5,10,2,1859.2432,1100,4,5,9
2786,13,6,2,1859.9663,2000,3,9,18
2787,20,18,2,1860.4297,3800,4,10,20
2788,6,11,2,1860.4519,3700,3,5,10
2789,3,11,2,1860.9537,3300,7,4,6
2790,3,14,2,1861.3104,1000,7,4,6
2791,16,14,2,1862.3173,1100,7,10,20
2792,18,5,2,1862.7391,3500,4,10,20
2793,11,7,2,1863.0646,4900,3,8,15
2794,9,6,2,1863.25,5000,3,7,13
2795,6,11,2,1863.8774,4700,6,5,10
2796,16,19,2,1864.0185,1700,3,10,20
2797,10,5,2,1866.1773,2900,6,7,14
2798,5,19,2,1866.9344,1600,7,5,9
2799,3,7,2,1867.7602,1300,4,4,6
2800,4,20,2,1868.301,1500,4,4,8
2801,14,15,2,1868.4514,3000,4,9,19
2802,18,12,2,1870.1557,2400,7,10,20
2803,3,13,2,1870.5459,2900,6,4,6
2804,8,11,2,1872.0428,2100,4,6,12
2805,8,11,2,1872.9132,2100,4,6,12
2806,17,16,2,1873.6645,3000,7,10,20
2807,20,19,2,1874.0247,3300,3,10,20
2808,7,10,2,1874.2881,3800,7,6,11
2809,16,20,2,1874.7202,1800,5,10,20
2810,6,10,2,1874.7984,4100,3,5,10
2811,16,19,2,1877.1011,5000,7,10,20
2812,10,13,2,1877.3284,2700,5,7,14
2813,19,11,2,1877.4685,2700,7,10,20
2814,5,11,2,1877.5574,2500,3,5,9
2815,10,11,2,1878.0064,4900,3,7,14
2816,11,16,2,1878.5205,1800,5,8,15
2817,10,7,2,1878.6199,3600,4,7,14
2818,19,20,2,1880.9269,1500,7,10,20
2819,16,20,2,1881.0484,4500,3,10,20
2820,17,11,2,1881.98,2200,4,10,20
2821,3,5,2,1882.6765,3500,5,4,6
2822,12,19,2,1883.2184,4000,7,8,17
2823,11,9,2,1883.2748,4200,4,8,15
2824,11,18,2,1885.0699,2400,3,8,15
2825,7,10,2,1886.2862,4400,7,6,11
2826,15,12,2,1886.3058,4500,6,10,20
2827,3,8,2,1886.7027,2200,3,4,6
2828,13,17,2,1887.6848,1400,5,9,18
2829,9,7,2,1888.3501,2800,5,7,13
2830,13,5,2,1888.4166,2500,3,9,18
2831,7,12,2,1889.6732,2400,7,6,11
2832,15,7,2,1890.0514,3500,6,10,20
2833,8,10,2,1890.2875,1600,6,6,12
2834,10,8,2,1890.5286,2400,3,7,14
2835,14,13,2,1890.873,1100,3,9,19
2836,9,19,2,1891.0589,1700,3,7,13
2837,14,12,2,1892.5334,3400,4,9,19
2838,12,14,2,1892.8132,4300,4,8,17
2839,9,18,2,1893.2617,2500,3,7,13
2840,20,14,2,1893.9223,4600,5,10,20
2841,19,20,2,1894.3648,2100,4,10,20
2842,9,18,2,1894.4979,4100,7,7,13
2843,19,8,2,1895.4283,1100,3,10,20
2844,9,17,2,1898.1537,3600,6,7,13
2845,12,17,2,1898.484,2000,3,8,17
2846,17,20,2,1900.1536,1000,4,10,20
2847,12,10,2,1901.5644,4500,7,8,17
2848,20,18,2,1904.5213,3400,7,10,20
2849,17,11,2,1904.8717,1200,7,10,20
2850,16,19,2,1905.5873,3400,6,10,20
2851,5,12,2,1906.215,2700,4,5,9
2852,4,10,2,1906.4665,3700,7,4,8
2853,5,11,2,1907.5132,3300,5,5,9
2854,14,13,2,1907.6482,4800,6,9,19
2855,20,18,2,1908.1188,1400,7,10,20
2856,6,16,2,1908.2083,1700,4,5,10
2857,8,8,2,1908.3891,2700,6,6,12
2858,13,20,2,1910.0759,1000,4,9,18
2859,9,10,2,1910.8508,2000,4,7,13
2860,3,9,2,1911.2727,2100,3,4,6
2861,9,7,2,1913.8049,3500,3,7,13
2862,14,13,2,1914.035,3400,6,9,19
2863,4,19,2,1914.3662,2200,3,4,8
2864,15,11,2,1914.4049,4600,5,10,20
2865,16,12,2,1915.0779,1800,3,10,20
2866,9,10,2,1915.6018,4200,5,7,13
2867,19,20,2,1917.0128,3000,5,10,20
2868,9,12,2,1917.3833,3400,4,7,13
2869,7,16,2,1917.7091,2800,3,6,11
2870,18,7,2,1919.1751,4700,6,10,20
2871,14,7,2,1920.3951,1400,3,9,19
2872,5,12,2,1921.8408,1400,4,5,9
2873,6,9,2,1921.9044,1000,4,5,10
2874,6,10,2,1921.9746,2000,3,5,10
2875,5,8,2,1922.4881,1300,7,5,9
2876,8,18,2,1922.5694,1500,5,6,12
2877,4,13,2,1923.8613,4000,6,4,8
2878,14,16,2,1925.0146,4000,7,9,19
2879,12,6,2,1925.3544,4300,4,8,17
2880,20,8,2,1925.9619,3900,3,10,20
2881,19,7,2,1925.9672,4100,3,10,20
2882,13,14,2,1926.191,2200,3,9,18
2883,11,14,2,1926.6059,4500,6,8,15
2884,15,20,2,1927.6734,1000,6,10,20
2885,12,11,2,1927.7596,1400,4,8,17
2886,16,16,2,1928.0029,1900,4,10,20
2887,18,7,2,1929.0792,1400,7,10,20
2888,10,5,2,1929.6696,4100,6,7,14
2889,20,7,2,1930.9278,4000,3,10,20
2890,14,19,2,1932.4375,3900,4,9,19
2891,5,16,2,1933.1676,1000,7,5,9
2892,16,8,2,1934.7633,1700,7,10,20
2893,4,8,2,1935.622,1900,7,4,8
2894,18,11,2,1936.9708,2400,4,10,20
2895,9,20,2,1937.2992,1800,7,7,13
2896,6,5,2,1937.8022,4400,4,5,10
2897,13,13,2,1937.987,1700,3,9,18
2898,15,7,2,1938.2181,4800,5,10,20
2899,13,16,2,1938.9306,4600,3,9,18
2900,11,19,2,1939.7339,3300,3,8,15
2901,15,9,2,1940.2106,1800,3,10,20
2902,5,12,2,1940.7906,4200,5,5,9
2903,5,8,2,1942.7835,1300,7,5,9
2904,5,7,2,1943.5325,1900,5,5,9
2905,6,9,2,1944.0358,4400,3,5,10
2906,17,11,2,1944.5532,1600,6,10,20
2907,19,19,2,1944.5693,4600,3,10,20
2908,17,9,2,1945.4809,2800,3,10,20
2909,12,5,2,1946.4329,4500,4,8,17
2910,14,10,2,1948.5093,3400,5,9,19
2911,20,15,2,1949.099,2600,6,10,20
2912,8,6,2,1949.3506,1500,6,6,12
2913,4,13,2,1949.8718,1700,4,4,8
2914,12,8,2,1950.2071,3800,6,8,17
2915,9,7,2,1950.2483,4800,3,7,13
2916,9,9,2,1951.0293,4700,6,7,13
2917,10,17,2,1951.1474,1500,4,7,14
2918,11,10,2,1951.3092,1400,3,8,15
2919,8,12,2,1952.2296,2700,7,6,12
2920,9,16,2,1955.4811,2600,5,7,13
2921,15,19,2,1955.7375,3200,3,10,20
2922,11,18,2,1956.061,3000,5,8,15
2923,18,16,2,1957.3321,3500,4,10,20
2924,8,20,2,1957.3616,4400,5,6,12
2925,9,17,2,1957.8987,4200,4,7,13
2926,3,13,2,1958.3998,4300,4,4,6
2927,17,19,2,1959.1778,3400,5,10,20
2928,15,8,2,1959.3413,1400,3,10,20
2929,13,5,2,1959.4978,3200,7,9,18
2930,14,10,2,1959.6588,4400,3,9,19
2931,15,16,2,1960.2247,1300,5,10,20
2932,14,20,2,1961.7613,2600,6,9,19
2933,4,18,2,1962.553,3200,3,4,8
2934,18,9,2,1962.7241,2300,3,10,20
2935,17,16,2,1963.2357,2900,5,10,20
2936,17,6,2,1963.2471,3700,4,10,20
2937,12,7,2,1964.3695,2800,7,8,17
2938,14,15,2,1964.9744,2300,4,9,19
2939,18,6,2,1966.1536,2000,3,10,20
2940,10,6,2,1966.1727,1000,3,7,14
2941,4,18,2,1966.932,3800,5,4,8
2942,12,20,2,1967.4559,3400,7,8,17
2943,14,17,2,1968.4653,3200,7,9,19
2944,3,8,2,1969.0378,3700,7,4,6
2945,19,8,2,1970.4259,4300,4,10,20
2946,4,14,2,1971.1784,2300,6,4,8
2947,9,13,2,1971.7468,3500,4,7,13
2948,19,10,2,1972.1122,4500,7,10,20
2949,4,13,2,1972.9097,1900,6,4,8
2950,10,17,2,1973.0094,4800,3,7,14
2951,5,9,2,1974.038,1800,3,5,9
2952,3,5,2,1974.4149,2700,6,4,6
2953,9,16,2,1974.7822,1000,3,7,13
2954,8,12,2,1975.7646,2400,7,6,12
2955,11,15,2,1976.4207,3000,6,8,15
2956,14,14,2,1976.6568,4300,5,9,19
2957,4,16,2,1977.0677,2900,5,4,8
2958,9,18,2,1977.5347,1900,3,7,13
2959,20,15,2,1978.7742,1600,5,10,20
2960,8,13,2,1981.1524,3400,3,6,12
2961,18,17,2,1981.8431,4100,3,10,20
2962,20,6,2,1981.8752,4600,4,10,20
2963,18,11,2,1982.4286,2700,7,10,20
2964,14,17,2,1982.8291,3900,6,9,19
2965,20,7,2,1983.1268,1100,5,10,20
2966,7,11,2,1983.278,2200,7,6,11
2967,16,10,2,1983.5692,1400,5,10,20
2968,17,18,2,1983.7411,3600,5,10,20
2969,19,6,2,1984.6415,5000,4,10,20
2970,3,12,2,1985.0691,4700,7,4,6
2971,14,13,2,1985.1277,4200,7,9,19
2972,10,12,2,1985.2243,3100,4,7,14
2973,3,13,2,1985.4689,2200,7,4,6
2974,9,12,2,1985.4878,2700,3,7,13
2975,10,6,2,1985.5944,3600,4,7,14
2976,3,20,2,1985.9809,3600,6,4,6
2977,5,20,2,1986.415,1100,4,5,9
2978,6,14,2,1988.2819,3700,4,5,10
2979,15,7,2,1989.0218,3100,4,10,20
2980,9,11,2,1989.2328,2200,7,7,13
2981,4,14,2,1989.5279,2200,7,4,8
2982,19,15,2,1990.4589,4900,6,10,20
2983,19,15,2,1990.9737,4900,5,10,20
2984,8,15,2,1990.9984,2900,3,6,12
2985,7,12,2,1991.3745,3100,6,6,11
2986,3,15,2,1991.7092,4200,4,4,6
2987,3,12,2,1991.9502,4700,7,4,6
2988,7,12,2,1993.4751,2800,6,6,11
2989,16,9,2,1994.0261,1100,7,10,20
2990,16,14,2,1994.731,2500,5,10,20
2991,6,7,2,1995.4248,3800,5,5,10
2992,6,11,2,1995.7585,4800,5,5,10
2993,5,14,2,1998.4521,3200,5,5,9
2994,11,14,2,1998.5907,1600,4,8,15
2995,12,17,2,1998.6383,1200,7,8,17
2996,10,13,2,1999.0754,2700,7,7,14
2997,14,9,2,1999.5598,3100,5,9,19
2998,13,9,2,1999.9865,2500,7,9,18
2999,17,20,2,2000.4687,2200,7,10,20
3000,9,19,2,2001.0554,3800,4,7,13
3001,12,19,2,2001.2868,4700,6,8,17
3002,10,16,2,2002.0075,3700,3,7,14
3003,9,8,2,2002.2524,4300,6,7,13
3004,10,16,2,2002.2919,1300,5,7,14
3005,10,9,2,2002.3402,2200,5,7,14
3006,4,5,2,2003.0146,2700,5,4,8
3007,20,8,2,2003.4427,4000,3,10,20
3008,19,12,2,2004.5366,1900,3,10,20
3009,10,13,2,2005.1552,3000,3,7,14
3010,8,13,2,2005.3145,2600,6,6,12
3011,11,10,2,2005.7437,2400,3,8,15
3012,19,5,2,2007.2843,3500,7,10,20
3013,15,7,2,2007.3518,4000,4,10,20
3014,4,5,2,2007.6072,4100,4,4,8
3015,9,12,2,2009.341,1200,4,7,13
3016,16,14,2,2009.5924,2900,6,10,20
3017,7,8,2,2009.9118,4900,6,6,11
3018,16,13,2,2011.8851,4800,7,10,20
3019,7,11,2,2013.2693,4500,5,6,11
3020,12,8,2,2013.6859,1900,3,8,17
3021,9,16,2,2013.9541,3700,4,7,13
3022,19,17,2,2014.064,1600,6,10,20
3023,11,10,2,2015.1745,4900,3,8,15
3024,18,12,2,2015.2572,4400,4,10,20
3025,17,18,2,2015.4827,1000,3,10,20
3026,9,19,2,2015.8586,4900,6,7,13
3027,13,18,2,2017.7777,1500,4,9,18
3028,11,19,2,2018.6211,2000,6,8,15
3029,8,16,2,2018.6793,4500,6,6,12
3030,3,18,2,2020.7446,1100,3,4,6
3031,13,10,2,2021.337,4900,4,9,18
3032,7,11,2,2021.4008,2300,5,6,11
3033,16,14,2,2021.5931,3900,3,10,20
3034,18,12,2,2021.929,4700,3,10,20
3035,11,7,2,2022.0822,2500,3,8,15
3036,15,10,2,2022.643,3500,7,10,20
3037,14,18,2,2022.7816,1500,4,9,19
3038,15,7,2,2024.0871,4900,3,10,20
3039,18,20,2,2025.3431,3300,5,10,20
3040,3,15,2,2025.6152,1800,6,4,6
3041,3,16,2,2027.9335,2400,3,4,6
3042,13,9,2,2029.4941,1400,3,9,18
3043,16,15,2,2030.0154,1300,4,10,20
3044,12,8,2,2030.2324,3400,7,8,17
3045,5,19,2,2030.398,4000,4,5,9
3046,15,12,2,2031.0686,3000,4,10,20
3047,12,19,2,2031.4447,4900,7,8,17
3048,17,17,2,2032.106,1400,3,10,20
3049,8,7,2,2032.7461,4900,3,6,12
3050,13,5,2,2033.8042,2800,7,9,18
3051,17,20,2,2033.9007,4500,7,10,20
3052,3,8,2,2034.6231,1000,6,4,6
3053,18,17,2,2035.7903,1600,5,10,20
3054,12,9,2,2036.6842,4000,7,8,17
3055,19,14,2,2037.095,3100,3,10,20
3056,9,8,2,2038.3527,3300,5,7,13
3057,14,5,2,2038.8842,3600,5,9,19
3058,6,11,2,2039.1351,2400,5,5,10
3059,12,17,2,2039.2691,3900,3,8,17
3060,13,15,2,2040.1107,1200,4,9,18
3061,10,12,2,2040.2841,4700,4,7,14
3062,6,18,2,2040.9964,1300,4,5,10
3063,7,7,2,2041.1588,4500,3,6,11
3064,5,6,2,2042.6341,4300,6,5,9
3065,19,9,2,2042.6784,4600,5,10,20
3066,4,15,2,2043.02,1500,4,4,8
3067,17,6,2,2043.2325,2900,7,10,20
3068,3,15,2,2043.3686,2500,7,4,6
3069,20,14,2,2044.5784,2900,5,10,20
3070,7,12,2,2044.9235,4500,4,6,11
3071,14,16,2,2044.9443,3100,7,9,19
3072,20,13,2,2045.0961,3600,5,10,20
3073,19,16,2,2045.4861,2500,3,10,20
3074,13,5,2,2045.6095,2000,6,9,18
3075,5,5,2,2046.1897,3200,3,5,9
3076,13,5,2,2047.0751,4900,6,9,18
3077,15,11,2,2047.2351,4600,3,10,20
3078,17,14,2,2048.8317,1300,7,10,20
3079,6,18,2,2049.5343,4700,4,5,10
3080,18,12,2,2050.6625,4400,4,10,20
3081,9,9,2,2052.7623,2800,6,7,13
3082,12,20,2,2053.4371,1500,7,8,17
3083,13,7,2,2054.2963,2100,5,9,18
3084,10,7,2,2054.6116,4700,7,7,14
3085,9,5,2,2055.4459,1600,5,7,13
3086,17,15,2,2055.8927,4900,3,10,20
3087,10,7,2,2056.1062,2300,3,7,14
3088,12,17,2,2056.7529,2800,6,8,17
3089,16,10,2,2056.8133,1000,4,10,20
3090,4,17,2,2057.5758,4100,6,4,8
3091,7,13,2,2058.086,4100,6,6,11
3092,7,10,2,2059.6487,2100,7,6,11
3093,17,5,2,2060.2833,4200,5,10,20
3094,20,8,2,2060.3697,1100,7,10,20
3095,6,15,2,2061.3482,1100,4,5,10
3096,17,5,2,2061.373,1000,4,10,20
3097,5,16,2,2061.7034,3600,3,5,9
3098,10,19,2,2062.4459,4300,4,7,14
3099,4,12,2,2063.6727,3100,3,4,8
3100,3,7,2,2065.1055,2600,7,4,6
3101,12,9,2,2065.2622,4200,5,8,17
3102,15,18,2,2065.3227,2800,3,10,20
3103,11,11,2,2065.9496,2600,7,8,15
3104,3,18,2,2067.6868,3500,5,4,6
3105,5,11,2,2068.0883,4200,6,5,9
3106,14,9,2,2069.913,3500,3,9,19
3107,4,14,2,2070.4479,1000,5,4,8
3108,11,14,2,2070.9961,4400,6,8,15
3109,15,12,2,2071.358,3300,7,10,20
3110,13,11,2,2071.4798,2100,3,9,18
3111,3,13,2,2072.2321,3200,4,4,6
3112,3,5,2,2072.7123,1900,5,4,6
3113,7,17,2,2072.8446,3700,4,6,11
3114,12,8,2,2073.3544,1200,7,8,17
3115,7,10,2,2073.3628,4000,5,6,11
3116,14,13,2,2073.444,2300,6,9,19
3117,12,10,2,2073.5967,5000,6,8,17
3118,16,12,2,2074.1873,1600,4,10,20
3119,10,18,2,2075.6398,3900,4,7,14
3120,11,11,2,2075.858,3700,6,8,15
3121,17,18,2,2077.314,2700,5,10,20
3122,16,13,2,2078.6245,2200,7,10,20
3123,18,20,2,2079.5877,3500,6,10,20
3124,18,7,2,2081.4805,2000,5,10,20
3125,16,5,2,2082.3139,4400,6,10,20
3126,4,15,2,2082.6134,3700,6,4,8
3127,17,12,2,2082.8617,4600,7,10,20
3128,17,8,2,2085.4387,1100,6,10,20
3129,13,9,2,2085.7435,1900,6,9,18
3130,8,20,2,2085.7828,3500,6,6,12
3131,17,19,2,2087.5806,1700,3,10,20
3132,3,10,2,2088.3986,2300,7,4,6
3133,6,7,2,2088.7558,4900,4,5,10
3134,3,5,2,2088.7677,3200,5,4,6
3135,19,9,2,2089.2921,1200,7,10,20
3136,20,6,2,2090.2417,3100,6,10,20
3137,19,5,2,2091.3083,4900,7,10,20
3138,12,10,2,2091.4362,2500,7,8,17
3139,11,13,2,2092.0539,4900,3,8,15
3140,5,19,2,2092.3572,1000,4,5,9
3141,14,19,2,2092.7334,1800,5,9,19
3142,17,14,2,2092.9439,3300,5,10,20
3143,6,8,2,2093.4962,1900,4,5,10
3144,11,5,2,2093.7927,5000,4,8,15
3145,6,11,2,2094.5509,2900,7,5,10
3146,14,7,2,2094.7868,4500,4,9,19
3147,14,15,2,2094.9286,2700,4,9,19
3148,12,7,2,2095.2332,4400,3,8,17
3149,3,12,2,2098.0261,3900,3,4,6
3150,17,10,2,2098.6518,2900,6,10,20
3151,4,9,2,2098.9855,1400,6,4,8
3152,7,8,2,2099.8043,2300,5,6,11
3153,7,13,2,2101.0316,3700,4,6,11
3154,13,7,2,2101.8916,2000,6,9,18
3155,18,20,2,2102.4857,2200,5,10,20
3156,17,12,2,2102.5404,1200,3,10,20
3157,12,13,2,2103.8492,2600,6,8,17
3158,15,14,2,2103.9135,2900,4,10,20
3159,6,5,2,2105.15,2400,6,5,10
3160,9,19,2,2105.9131,4500,3,7,13
3161,12,8,2,2106.4149,3200,6,8,17
3162,19,18,2,2107.1647,3200,7,10,20
3163,8,14,2,2107.5927,4800,4,6,12
3164,4,9,2,2107.8294,5000,4,4,8
3165,13,7,2,2107.993,4100,6,9,18
3166,17,13,2,2108.559,4400,3,10,20
3167,17,7,2,2108.8814,1800,6,10,20
3168,18,14,2,2109.4071,3100,4,10,20
3169,16,8,2,2110.0781,3500,3,10,20
3170,10,18,2,2111.2084,3000,3,7,14
3171,16,6,2,2111.7159,3700,3,10,20
3172,3,17,2,2111.7831,4900,5,4,6
3173,19,18,2,2111.8507,2900,6,10,20
3174,17,20,2,2112.4415,4900,4,10,20
3175,7,13,2,2112.5031,3000,4,6,11
3176,6,18,2,2114.2408,2000,3,5,10
3177,5,7,2,2114.3135,4400,6,5,9
3178,3,16,2,2114.4083,1300,3,4,6
3179,13,9,2,2114.4204,4500,7,9,18
3180,17,16,2,2115.0068,4900,6,10,20
3181,8,18,2,2116.2971,2100,7,6,12
3182,16,18,2,2117.5228,4300,5,10,20
3183,17,15,2,2118.3091,4000,5,10,20
3184,18,13,2,2118.8022,2700,7,10,20
3185,19,10,2,2119.1554,1200,4,10,20
3186,17,17,2,2119.2816,3300,3,10,20
3187,11,18,2,2119.2819,2600,6,8,15
3188,8,14,2,2120.5331,3300,5,6,12
3189,7,5,2,2121.7856,4300,3,6,11
3190,8,15,2,2122.5053,2300,4,6,12
3191,11,14,2,2123.8029,3600,6,8,15
3192,19,5,2,2124.6527,1200,6,10,20
3193,6,12,2,2126.5202,3700,3,5,10
3194,8,10,2,2127.5586,2100,7,6,12
3195,3,12,2,2128.2491,1800,6,4,6
3196,7,19,2,2129.9328,1800,7,6,11
3197,15,14,2,2131.715,2000,4,10,20
3198,14,12,2,2131.7354,2600,5,9,19
3199,13,20,2,2131.8564,1900,7,9,18
3200,12,11,2,2131.9219,4700,4,8,17
3201,3,19,2,2132.3053,4900,5,4,6
3202,4,20,2,2132.5573,1300,4,4,8
3203,9,11,2,2132.8418,4400,7,7,13
3204,20,6,2,2133.8543,3600,7,10,20
3205,20,16,2,2133.9716,2800,5,10,20
3206,13,19,2,2134.2857,4400,4,9,18
3207,11,9,2,2134.379,4200,6,8,15
3208,8,11,2,2134.9661,1400,4,6,12
3209,5,18,2,2135.4754,3200,7,5,9
3210,5,6,2,2136.1576,1800,7,5,9
3211,7,7,2,2136.3971,2000,6,6,11
3212,20,14,2,2136.6007,3300,4,10,20
3213,8,5,2,2136.7595,4500,3,6,12
3214,15,11,2,2137.0924,4400,4,10,20
3215,15,9,2,2137.5922,1700,6,10,20
3216,6,16,2,2137.865,2500,7,5,10
3217,18,9,2,2140.5486,2300,4,10,20
3218,12,6,2,2140.5545,2900,6,8,17
3219,20,18,2,2140.7895,2300,3,10,20
3220,11,20,2,2141.4315,3300,7,8,15
3221,6,15,2,2141.537,2500,6,5,10
3222,11,10,2,2141.5498,4900,4,8,15
3223,10,5,2,2143.2137,3200,7,7,14
3224,16,9,2,2143.4582,3900,5,10,20
3225,12,7,2,2143.6541,4500,4,8,17
3226,10,8,2,2144.1072,2700,6,7,14
3227,13,18,2,2144.42,2900,7,9,18
3228,10,20,2,2144.4716,4800,7,7,14
3229,6,18,2,2145.8456,3200,6,5,10
3230,4,5,2,2146.8773,2700,3,4,8
3231,6,14,2,2149.0984,1600,3,5,10
3232,9,12,2,2149.9945,4300,3,7,13
3233,16,8,2,2150.3119,5000,6,10,20
3234,20,11,2,2150.4978,4100,5,10,20
3235,5,12,2,2153.913,2500,7,5,9
3236,14,17,2,2155.1161,3400,6,9,19
3237,16,13,2,2157.3085,1200,5,10,20
3238,18,12,2,2157.6407,3300,4,10,20
3239,10,11,2,2158.0989,4200,7,7,14
3240,20,19,2,2159.656,2600,7,10,20
3241,19,14,2,2159.708,2300,5,10,20
3242,13,10,2,2160.7856,3000,4,9,18
3243,11,11,2,2160.8318,1200,6,8,15
3244,20,11,2,2161.1966,4200,7,10,20
3245,8,7,2,2163.2872,2800,6,6,12
3246,14,6,2,2163.6534,4400,3,9,19
3247,14,16,2,2164.5358,2300,3,9,19
3248,14,5,2,2165.29,1800,4,9,19
3249,18,20,2,2165.3945,4400,6,10,20
3250,10,6,2,2166.1492,1200,4,7,14
3251,9,7,2,2168.7495,2400,6,7,13
3252,13,5,2,2169.5913,3300,7,9,18
3253,11,20,2,2169.6776,2000,4,8,15
3254,4,5,2,2170.0232,3600,3,4,8
3255,10,17,2,2170.4473,2500,6,7,14
3256,17,5,2,2170.6227,4300,3,10,20
3257,10,15,2,2170.9457,1500,7,7,14
3258,14,14,2,2171.8724,1700,7,9,19
3259,3,13,2,2174.3711,2800,4,4,6
3260,13,20,2,2174.4913,4700,3,9,18
3261,19,8,2,2174.9605,3300,6,10,20
3262,6,6,2,2176.8507,1100,6,5,10
3263,9,20,2,2177.597,4000,6,7,13
3264,19,19,2,2178.3893,4900,4,10,20
3265,5,9,2,2178.7855,3900,5,5,9
3266,14,17,2,2179.3024,2700,4,9,19
3267,13,18,2,2180.1269,3200,3,9,18
3268,14,11,2,2180.2053,4300,5,9,19
3269,13,10,2,2181.2914,1500,4,9,18
3270,7,12,2,2181.4128,3500,7,6,11
3271,11,18,2,2182.24,2800,7,8,15
3272,16,16,2,2183.2035,5000,7,10,20
3273,15,8,2,2183.5306,4500,6,10,20
3274,8,13,2,2184.3748,1600,6,6,12
3275,4,5,2,2184.7912,1700,3,4,8
3276,18,15,2,2184.9496,1000,3,10,20
3277,8,12,2,2184.9949,3500,6,6,12
3278,19,5,2,2185.4888,3400,7,10,20
3279,6,12,2,2185.8781,3600,5,5,10
3280,15,5,2,2185.9446,3800,5,10,20
3281,20,14,2,2186.3134,4900,4,10,20
3282,8,18,2,2187.9143,4100,3,6,12
3283,5,20,2,2188.5533,2900,6,5,9
3284,11,7,2,2188.5855,1100,5,8,15
3285,5,20,2,2189.1274,3500,4,5,9
3286,5,9,2,2189.7382,2700,5,5,9
3287,13,13,2,2190.8103,4600,6,9,18
3288,15,7,2,2191.7529,1500,5,10,20
3289,19,15,2,2193.0104,3700,6,10,20
3290,10,13,2,2193.0947,3800,3,7,14
3291,17,9,2,2193.3796,4500,5,10,20
3292,8,17,2,2193.4245,2700,7,6,12
3293,4,7,2,2194.7281,3600,5,4,8
3294,15,7,2,2194.9379,2800,5,10,20
3295,8,5,2,2195.3405,3900,6,6,12
3296,19,20,2,2196.2536,4600,4,10,20
3297,7,9,2,2196.463,1900,3,6,11
3298,15,12,2,2196.4887,3200,3,10,20
3299,9,10,2,2198.5223,3700,3,7,13
3300,4,12,2,2198.7695,4100,4,4,8
3301,14,16,2,2200.3029,4900,4,9,19
3302,13,11,2,2200.5444,1800,5,9,18
3303,16,8,2,2200.7309,3200,3,10,20
3304,19,13,2,2201.6168,5000,3,10,20
3305,7,17,2,2201.6971,1400,7,6,11
3306,18,9,2,2201.7346,2200,5,10,20
3307,16,5,2,2202.0649,4700,5,10,20
3308,5,17,2,2202.8611,2100,6,5,9
3309,12,9,2,2203.1994,3300,4,8,17
3310,10,9,2,2204.3057,4500,5,7,14
3311,7,16,2,2207.4584,3600,6,6,11
3312,4,14,2,2208.6857,1500,6,4,8
3313,7,5,2,2208.9382,3600,3,6,11
3314,17,17,2,2209.3637,2900,4,10,20
3315,6,12,2,2209.3846,1200,6,5,10
3316,5,11,2,2209.6179,1200,7,5,9
3317,7,7,2,2210.5875,2500,3,6,11
3318,18,15,2,2212.6891,3200,4,10,20
3319,6,7,2,2212.9685,2500,5,5,10
3320,16,5,2,2213.9328,4500,3,10,20
3321,16,6,2,2214.1418,4400,4,10,20
3322,18,18,2,2215.6839,4000,5,10,20
3323,15,12,2,2218.5073,4700,4,10,20
3324,4,11,2,2218.5617,3500,4,4,8
3325,5,11,2,2218.7276,1100,7,5,9
3326,7,7,2,2220.6758,3300,3,6,11
3327,16,20,2,2220.7626,3800,7,10,20
3328,11,5,2,2221.0598,2500,6,8,15
3329,3,5,2,2222.0104,1400,3,4,6
3330,16,12,2,2222.0524,2800,7,10,20
3331,9,19,2,2222.9159,1200,4,7,13
3332,18,6,2,2222.9486,4900,3,10,20
3333,17,18,2,2223.5246,2400,4,10,20
3334,13,13,2,2225.9432,1300,7,9,18
3335,16,13,2,2226.0817,3800,6,10,20
3336,15,15,2,2226.2853,2500,3,10,20
3337,17,12,2,2226.3534,4900,6,10,20
3338,19,19,2,2228.6492,1800,6,10,20
3339,6,11,2,2228.6847,1300,7,5,10
3340,15,6,2,2229.3713,4100,3,10,20
3341,3,12,2,2230.9635,4900,3,4,6
3342,18,11,2,2231.2105,4500,6,10,20
3343,6,18,2,2231.9492,1000,7,5,10
3344,15,8,2,2232.3904,3000,4,10,20
3345,8,15,2,2233.3728,2300,5,6,12
3346,20,14,2,2233.7168,3900,7,10,20
3347,5,15,2,2233.9477,4300,6,5,9
3348,16,13,2,2234.2828,2800,3,10,20
3349,10,16,2,2235.1836,1900,6,7,14
3350,18,14,2,2235.4167,2900,5,10,20
3351,12,11,2,2236.3526,3100,5,8,17
3352,7,7,2,2236.3918,4700,3,6,11
3353,9,7,2,2236.4782,1000,7,7,13
3354,17,8,2,2238.5819,3100,4,10,20
3355,6,5,2,2239.0682,2300,5,5,10
3356,3,11,2,2239.8679,5000,3,4,6
3357,14,16,2,2241.7703,2200,6,9,19
3358,17,6,2,2242.4671,1100,7,10,20
3359,4,19,2,2243.5647,3400,4,4,8
3360,14,17,2,2245.4666,1600,7,9,19
3361,14,13,2,2245.783,1100,7,9,19
3362,5,20,2,2246.2013,4200,6,5,9
3363,6,18,2,2246.34,3700,6,5,10
3364,10,18,2,2246.3424,3100,6,7,14
3365,16,19,2,2246.6091,4600,3,10,20
3366,10,19,2,2247.6089,1700,5,7,14
3367,8,11,2,2249.4044,4300,3,6,12
3368,8,15,2,2249.5642,2100,7,6,12
3369,13,15,2,2250.1407,2100,6,9,18
3370,13,6,2,2250.4783,3300,6,9,18
3371,8,17,2,2250.6348,4500,7,6,12
3372,17,8,2,2250.9076,3800,4,10,20
3373,4,12,2,2251.0641,2200,3,4,8
3374,15,20,2,2253.9382,4000,3,10,20
3375,10,14,2,2254.4053,1400,4,7,14
3376,7,19,2,2254.5705,3100,5,6,11
3377,6,14,2,2254.7741,4300,5,5,10
3378,17,11,2,2254.8545,4500,5,10,20
3379,18,12,2,2255.0609,4000,3,10,20
3380,13,19,2,2255.5428,1600,5,9,18
3381,8,7,2,2255.8063,3700,5,6,12
3382,20,16,2,2256.1297,3600,3,10,20
3383,16,13,2,2256.1833,1600,4,10,20
3384,12,6,2,2258.2528,1700,3,8,17
3385,8,11,2,2258.3915,3900,6,6,12
3386,15,10,2,2258.5098,3900,6,10,20
3387,3,5,2,2259.7353,4700,5,4,6
3388,10,12,2,2259.96,2300,5,7,14
3389,17,10,2,2260.7157,1000,5,10,20
3390,15,8,2,2261.3605,4000,7,10,20
3391,16,15,2,2261.5703,4700,7,10,20
3392,9,5,2,2261.9158,4000,7,7,13
3393,8,13,2,2262.2777,4900,7,6,12
3394,10,20,2,2262.7461,3900,7,7,14
3395,20,5,2,2263.0735,4200,6,10,20
3396,20,7,2,2263.1426,4900,7,10,20
3397,12,7,2,2263.7105,3500,7,8,17
3398,16,16,2,2263.7466,1800,4,10,20
3399,7,13,2,2264.7558,3500,6,6,11
3400,14,7,2,2265.9486,3400,7,9,19
3401,8,13,2,2268.1094,3600,4,6,12
3402,13,9,2,2268.5263,2600,3,9,18
3403,10,15,2,2268.5775,3000,5,7,14
3404,5,19,2,2268.7177,1800,7,5,9
3405,11,6,2,2269.3614,3100,7,8,15
3406,15,11,2,2269.9503,1400,5,10,20
3407,14,10,2,2271.292,4500,4,9,19
3408,4,5,2,2271.4497,2800,6,4,8
3409,14,16,2,2271.7675,3800,3,9,19
3410,20,10,2,2273.6462,2900,4,10,20
3411,14,12,2,2273.75,2800,5,9,19
3412,17,11,2,2273.9064,2400,3,10,20
3413,20,18,2,2274.278,4300,3,10,20
3414,18,9,2,2274.4935,1800,5,10,20
3415,14,8,2,2275.482,3600,4,9,19
3416,12,20,2,2275.553,1400,5,8,17
3417,10,7,2,2276.0119,4700,6,7,14
3418,13,17,2,2276.404,3700,7,9,18
3419,7,8,2,2276.4094,1700,3,6,11
3420,10,9,2,2277.2361,4900,6,7,14
3421,15,11,2,2277.8075,3800,4,10,20
3422,6,16,2,2278.2121,3200,5,5,10
3423,6,8,2,2279.2449,2700,3,5,10
3424,4,10,2,2279.2751,3100,5,4,8
3425,6,16,2,2279.7896,1500,7,5,10
3426,6,14,2,2280.154,4600,3,5,10
3427,7,9,2,2280.3819,4600,5,6,11
3428,11,18,2,2280.5367,2200,4,8,15
3429,6,15,2,2282.0089,5000,4,5,10
3430,15,12,2,2282.9176,2700,3,10,20
3431,6,14,2,2283.5956,1300,5,5,10
3432,17,14,2,2284.07,3300,6,10,20
3433,14,7,2,2284.1738,1400,7,9,19
3434,8,10,2,2284.6876,2600,5,6,12
3435,14,8,2,2285.7784,4500,6,9,19
3436,13,15,2,2285.9416,1800,7,9,18
3437,16,18,2,2285.9827,2800,3,10,20
3438,20,16,2,2286.1454,3800,7,10,20
3439,19,8,2,2286.9823,1700,6,10,20
3440,14,10,2,2287.2728,1200,7,9,19
3441,6,5,2,2287.7716,4200,7,5,10
3442,13,17,2,2288.4275,1700,3,9,18
3443,13,14,2,2289.2089,2300,6,9,18
3444,20,19,2,2289.7119,2600,6,10,20
3445,19,10,2,2290.5572,4700,4,10,20
3446,7,10,2,2292.0926,3900,7,6,11
3447,18,14,2,2296.5375,2000,6,10,20
3448,11,6,2,2296.6239,3800,5,8,15
3449,16,15,2,2298.5772,3800,5,10,20
3450,14,11,2,2298.8464,1800,3,9,19
3451,18,5,2,2298.8737,4100,5,10,20
3452,14,6,2,2298.9089,2600,5,9,19
3453,14,8,2,2299.1394,2000,4,9,19
3454,14,12,2,2299.2884,4600,5,9,19
3455,11,6,2,2299.8042,2900,7,8,15
3456,16,10,2,2300.452,2600,4,10,20
3457,17,9,2,2300.9542,1200,3,10,20
3458,13,20,2,2301.2293,4600,7,9,18
3459,15,17,2,2301.7235,3100,7,10,20
3460,12,8,2,2301.9379,4600,5,8,17
3461,4,10,2,2301.9926,4100,3,4,8
3462,19,8,2,2302.0894,1500,3,10,20
3463,16,12,2,2303.0886,2800,7,10,20
3464,6,18,2,2303.2673,2000,5,5,10
3465,8,18,2,2303.3315,4800,7,6,12
3466,5,6,2,2303.7659,3100,4,5,9
3467,8,19,2,2304.0478,3300,7,6,12
3468,8,9,2,2304.7703,5000,3,6,12
3469,8,12,2,2304.8963,3200,5,6,12
3470,20,17,2,2305.3919,4800,6,10,20
3471,13,15,2,2306.2652,2600,3,9,18
3472,5,10,2,2306.8037,3600,5,5,9
3473,6,12,2,2306.8892,4100,7,5,10
3474,7,19,2,2307.0393,4600,6,6,11
3475,14,18,2,2307.6165,1800,4,9,19
3476,6,18,2,2308.7357,4100,6,5,10
3477,3,14,2,2309.8307,2200,7,4,6
3478,15,17,2,2310.9996,4200,7,10,20
3479,12,9,2,2311.1259,3300,7,8,17
3480,12,10,2,2312.1088,1500,5,8,17
3481,20,20,2,2312.4426,4100,3,10,20
3482,11,9,2,2312.4791,2900,4,8,15
3483,13,19,2,2314.3401,3100,5,9,18
3484,14,6,2,2315.9115,4800,4,9,19
3485,13,13,2,2316.6423,1000,6,9,18
3486,14,19,2,2317.5773,1800,4,9,19
3487,18,20,2,2317.7969,3800,4,10,20
3488,7,20,2,2317.8969,2200,5,6,11
3489,5,6,2,2319.9102,1100,3,5,9
3490,4,19,2,2320.0224,5000,6,4,8
3491,12,7,2,2321.4559,1400,3,8,17
3492,10,9,2,2321.7275,2700,4,7,14
3493,16,7,2,2322.3728,3700,7,10,20
3494,19,14,2,2322.7026,1700,4,10,20
3495,19,13,2,2323.4428,3300,4,10,20
3496,17,15,2,2323.7501,4100,6,10,20
3497,16,11,2,2325.1249,3900,5,10,20
3498,18,18,2,2325.1812,3100,6,10,20
3499,8,15,2,2327.1675,1700,7,6,12
3500,10,12,2,2327.6236,2900,4,7,14
3501,5,6,2,2327.8223,4900,6,5,9
3502,11,6,2,2327.926,2300,7,8,15
3503,18,5,2,2328.6297,3600,7,10,20
3504,13,18,2,2329.4305,4600,5,9,18
3505,14,6,2,2329.9675,2600,6,9,19
3506,10,8,2,2330.6888,4300,3,7,14
3507,16,19,2,2331.5996,1900,5,10,20
3508,9,18,2,2331.6456,4500,3,7,13
3509,6,14,2,2332.9927,4900,5,5,10
3510,6,5,2,2333.1928,3300,5,5,10
3511,6,7,2,2334.8039,4700,4,5,10
3512,9,11,2,2334.8566,4600,7,7,13
3513,4,12,2,2334.9863,1400,7,4,8
3514,5,6,2,2336.2036,3200,4,5,9
3515,15,7,2,2337.5375,1600,4,10,20
3516,3,9,2,2337.65,2500,5,4,6
3517,19,5,2,2338.2491,1500,3,10,20
3518,10,11,2,2338.5051,2700,5,7,14
3519,18,7,2,2338.6341,4800,3,10,20
3520,4,5,2,2338.8098,4300,4,4,8
3521,5,14,2,2338.9481,3100,4,5,9
3522,7,20,2,2339.0006,4500,7,6,11
3523,9,13,2,2339.7626,2500,5,7,13
3524,13,15,2,2341.2701,1300,5,9,18
3525,10,16,2,2341.3189,2100,6,7,14
3526,8,14,2,2341.3758,4200,6,6,12
3527,19,12,2,2341.3834,1200,3,10,20
3528,12,6,2,2341.5903,2400,3,8,17
3529,6,9,2,2341.6078,3800,4,5,10
3530,14,14,2,2341.6705,1900,5,9,19
3531,20,13,2,2341.9934,2000,6,10,20
3532,13,12,2,2342.9348,2200,4,9,18
3533,17,9,2,2343.0008,2100,7,10,20
3534,8,7,2,2343.165,3100,4,6,12
3535,9,10,2,2343.2662,2500,3,7,13
3536,13,12,2,2343.7105,2600,5,9,18
3537,16,8,2,2344.2997,2100,3,10,20
3538,9,8,2,2344.5142,1100,5,7,13
3539,4,8,2,2345.3363,4300,3,4,8
3540,18,13,2,2345.9343,4900,5,10,20
3541,17,20,2,2346.4971,3300,4,10,20
3542,11,20,2,2347.702,1100,7,8,15
3543,13,15,2,2348.0033,3900,5,9,18
3544,12,16,2,2349.8793,4400,4,8,17
3545,5,5,2,2349.9723,1500,3,5,9
3546,19,10,2,2350.7016,1200,6,10,20
3547,16,20,2,2350.8542,1500,6,10,20
3548,5,20,2,2350.8777,3800,4,5,9
3549,15,8,2,2350.9244,4800,5,10,20
3550,11,6,2,2352.5543,3300,3,8,15
3551,8,15,2,2353.3402,1500,3,6,12
3552,6,9,2,2353.4254,1800,6,5,10
3553,17,14,2,2354.3589,2600,4,10,20
3554,11,12,2,2354.5838,3100,4,8,15
3555,13,11,2,2357.0688,4600,6,9,18
3556,20,5,2,2357.536,1900,6,10,20
3557,3,19,2,2357.8049,2200,6,4,6
3558,15,11,2,2358.638,1500,5,10,20
3559,15,8,2,2360.315,2000,3,10,20
3560,8,18,2,2360.777,4400,5,6,12
3561,10,20,2,2361.9428,1500,5,7,14
3562,7,6,2,2362.0078,1200,6,6,11
3563,17,9,2,2364.1537,5000,3,10,20
3564,16,6,2,2364.5409,2500,4,10,20
3565,11,5,2,2365.6465,1300,6,8,15
3566,9,13,2,2366.1008,2800,6,7,13
3567,7,18,2,2367.7989,2700,5,6,11
3568,4,12,2,2368.1026,4100,7,4,8
3569,12,19,2,2368.1649,4600,3,8,17
3570,11,18,2,2369.5959,1200,4,8,15
3571,13,11,2,2370.8956,3300,5,9,18
3572,14,20,2,2371.7221,1500,7,9,19
3573,17,6,2,2372.2946,5000,5,10,20
3574,11,8,2,2373.4792,5000,4,8,15
3575,3,20,2,2374.0945,1300,4,4,6
3576,14,11,2,2377.0886,3100,6,9,19
3577,16,15,2,2377.1764,2700,7,10,20
3578,11,14,2,2377.4689,4600,3,8,15
3579,11,20,2,2377.6973,4200,4,8,15
3580,13,19,2,2378.1571,3300,5,9,18
3581,5,7,2,2378.283,3000,3,5,9
3582,5,18,2,2378.5034,3300,5,5,9
3583,15,11,2,2379.8077,4900,5,10,20
3584,10,6,2,2379.8141,1300,3,7,14
3585,15,7,2,2382.4592,2600,6,10,20
3586,4,5,2,2382.9793,3800,6,4,8
3587,17,17,2,2383.264,4000,6,10,20
3588,9,9,2,2384.1261,2400,4,7,13
3589,5,5,2,2384.321,1100,4,5,9
3590,19,11,2,2384.3755,2700,4,10,20
3591,11,9,2,2385.009,4100,7,8,15
3592,16,12,2,2385.089,4200,4,10,20
3593,9,6,2,2385.3433,4700,5,7,13
3594,19,8,2,2385.3915,4400,6,10,20
3595,20,15,2,2385.5667,4700,4,10,20
3596,4,15,2,2385.9047,3100,4,4,8
3597,5,11,2,2387.9693,1300,5,5,9
3598,9,17,2,2388.4355,4800,7,7,13
3599,6,8,2,2390.7663,4900,7,5,10
3600,9,14,2,2392.7279,2000,5,7,13
3601,10,20,2,2393.0566,1200,4,7,14
3602,17,14,2,2394.4499,1300,7,10,20
3603,8,10,2,2394.7866,2700,6,6,12
3604,5,8,2,2396.5289,3800,3,5,9
3605,5,9,2,2398.0497,3800,7,5,9
3606,3,13,2,2399.8794,4600,6,4,6
3607,14,16,2,2400.0561,5000,7,9,19
3608,14,13,2,2400.2906,3300,3,9,19
3609,6,18,2,2401.0979,2800,7,5,10
3610,13,14,2,2401.2491,2400,4,9,18
3611,4,11,2,2401.9637,1800,3,4,8
3612,17,20,2,2402.8328,1700,4,10,20
3613,16,17,2,2403.1876,2700,4,10,20
3614,11,8,2,2403.3328,2900,4,8,15
3615,17,19,2,2404.7658,1400,5,10,20
3616,17,5,2,2404.9711,1300,5,10,20
3617,5,15,2,2405.9174,4400,6,5,9
3618,16,9,2,2406.6727,3500,5,10,20
3619,8,8,2,2409.4023,2100,3,6,12
3620,17,12,2,2409.5907,2600,6,10,20
3621,7,5,2,2410.3887,4200,3,6,11
3622,12,16,2,2410.8511,1300,6,8,17
3623,4,17,2,2411.7791,2900,3,4,8
3624,18,20,2,2412.2315,3300,6,10,20
3625,17,16,2,2412.3218,4800,4,10,20
3626,19,5,2,2412.4375,1200,7,10,20
3627,16,5,2,2412.4504,3600,4,10,20
3628,14,16,2,2412.721,2100,4,9,19
3629,16,13,2,2413.284,4800,7,10,20
3630,5,5,2,2413.3211,4300,4,5,9
3631,8,19,2,2413.8708,2800,7,6,12
3632,13,12,2,2415.5627,1400,7,9,18
3633,5,12,2,2416.4987,1200,6,5,9
3634,13,9,2,2416.7177,4300,7,9,18
3635,11,20,2,2417.9549,3600,3,8,15
3636,12,17,2,2418.0659,4900,4,8,17
3637,10,5,2,2420.0171,2900,5,7,14
3638,14,12,2,2420.624,3200,3,9,19
3639,12,20,2,2420.6397,3900,5,8,17
3640,12,12,2,2421.3045,3000,5,8,17
3641,16,5,2,2421.4127,1200,3,10,20
3642,6,20,2,2422.1701,1500,6,5,10
3643,12,15,2,2422.2015,4500,4,8,17
3644,5,20,2,2422.5064,3600,6,5,9
3645,11,5,2,2424.7427,3400,6,8,15
3646,10,6,2,2424.9877,3200,6,7,14
3647,20,18,2,2425.4506,1500,6,10,20
3648,19,12,2,2425.8433,4500,5,10,20
3649,15,12,2,2426.5208,1400,7,10,20
3650,16,13,2,2428.5536,2100,3,10,20
3651,4,18,2,2429.7561,3700,4,4,8
3652,20,13,2,2430.6941,1000,7,10,20
3653,16,13,2,2431.9049,2800,6,10,20
3654,5,9,2,2433.0009,5000,7,5,9
3655,6,10,2,2433.4284,4800,5,5,10
3656,18,19,2,2434.0591,2900,5,10,20
3657,18,18,2,2434.3811,4000,6,10,20
3658,8,16,2,2434.8524,1100,6,6,12
3659,8,8,2,2435.5628,4500,6,6,12
3660,15,16,2,2436.1668,4800,3,10,20
3661,7,19,2,2436.1858,1800,3,6,11
3662,19,20,2,2436.4477,4900,7,10,20
3663,16,19,2,2436.5466,1000,3,10,20
3664,11,15,2,2437.0831,4000,4,8,15
3665,10,9,2,2437.2014,2300,7,7,14
3666,10,12,2,2437.4529,2800,7,7,14
3667,11,13,2,2437.7295,2100,4,8,15
3668,7,6,2,2438.9227,2800,5,6,11
3669,12,9,2,2439.5043,2800,3,8,17
3670,19,9,2,2440.0573,3200,5,10,20
3671,7,16,2,2440.9455,1600,3,6,11
3672,17,14,2,2442.4029,2000,5,10,20
3673,5,18,2,2442.4772,1400,7,5,9
3674,12,14,2,2443.8998,1700,3,8,17
3675,13,20,2,2444.2859,2300,5,9,18
3676,4,12,2,2444.9845,4600,5,4,8
3677,12,17,2,2446.1615,3400,3,8,17
3678,9,9,2,2446.6392,3000,7,7,13
3679,13,19,2,2446.6762,1000,6,9,18
3680,8,19,2,2447.0255,4200,4,6,12
3681,10,16,2,2447.1322,4000,6,7,14
3682,6,9,2,2448.5004,1100,3,5,10
3683,8,6,2,2449.1601,4800,5,6,12
3684,11,12,2,2449.8723,4400,3,8,15
3685,14,12,2,2449.9322,3100,3,9,19
3686,19,6,2,2450.0846,1900,4,10,20
3687,18,7,2,2451.438,3700,4,10,20
3688,12,14,2,2451.4488,2700,5,8,17
3689,11,18,2,2451.4841,4300,7,8,15
3690,13,9,2,2452.1227,3900,3,9,18
3691,19,9,2,2452.9464,3100,5,10,20
3692,15,6,2,2453.1668,3300,7,10,20
3693,19,17,2,2453.2451,4900,7,10,20
3694,8,5,2,2453.6087,2800,5,6,12
3695,18,17,2,2453.9648,4100,5,10,20
3696,9,12,2,2454.1741,4100,3,7,13
3697,14,8,2,2456.3877,4300,5,9,19
3698,4,8,2,2457.0656,1500,6,4,8
3699,19,9,2,2457.4804,3700,7,10,20
3700,12,20,2,2457.6131,2600,5,8,17
3701,3,6,2,2457.9346,4200,5,4,6
3702,3,11,2,2458.254,2900,4,4,6
3703,18,17,2,2459.0625,2500,5,10,20
3704,8,8,2,2459.0631,3500,6,6,12
3705,12,11,2,2459.1901,2700,7,8,17
3706,11,8,2,2460.1593,4700,6,8,15
3707,14,19,2,2460.8959,1200,5,9,19
3708,11,20,2,2461.0483,2900,7,8,15
3709,6,6,2,2461.5833,1800,4,5,10
3710,20,7,2,2462.5047,4800,5,10,20
3711,17,7,2,2463.2201,4400,7,10,20
3712,15,11,2,2463.627,1900,4,10,20
3713,10,20,2,2464.3871,1200,5,7,14
3714,18,11,2,2465.7111,5000,3,10,20
3715,8,11,2,2466.1215,1000,6,6,12
3716,10,12,2,2466.4253,2600,5,7,14
3717,11,14,2,2466.6113,2000,6,8,15
3718,10,10,2,2466.674,3300,3,7,14
3719,4,19,2,2467.2124,4700,6,4,8
3720,14,6,2,2468.9,2400,5,9,19
3721,3,11,2,2469.5756,2100,3,4,6
3722,14,19,2,2470.3181,1700,4,9,19
3723,6,6,2,2470.7201,3400,6,5,10
3724,11,19,2,2472.8924,2500,3,8,15
3725,19,17,2,2473.2415,4200,3,10,20
3726,3,15,2,2473.5031,1100,3,4,6
3727,10,6,2,2473.7697,4300,5,7,14
3728,16,18,2,2474.0692,1800,7,10,20
3729,18,8,2,2474.3433,2600,7,10,20
3730,18,19,2,2475.1296,1900,4,10,20
3731,15,15,2,2475.4268,2200,6,10,20
3732,13,6,2,2477.3511,4300,3,9,18
3733,18,19,2,2477.6947,4100,6,10,20
3734,4,20,2,2477.7204,3200,4,4,8
3735,7,10,2,2478.6298,4600,7,6,11
3736,18,16,2,2478.8476,1600,7,10,20
3737,19,17,2,2481.5029,1300,5,10,20
3738,20,14,2,2481.5917,1600,7,10,20
3739,13,6,2,2481.7311,1900,3,9,18
3740,5,11,2,2481.8073,1800,7,5,9
3741,3,10,2,2482.1025,3700,3,4,6
3742,8,13,2,2482.292,5000,3,6,12
3743,9,5,2,2482.5215,2900,5,7,13
3744,10,17,2,2483.8242,4000,4,7,14
3745,15,13,2,2485.8062,3500,6,10,20
3746,18,17,2,2486.7003,3500,7,10,20
3747,14,9,2,2487.2597,4900,6,9,19
3748,12,8,2,2488.745,2700,3,8,17
3749,13,19,2,2488.856,4100,7,9,18
3750,17,18,2,2489.0305,4300,5,10,20
3751,10,14,2,2489.8681,3000,7,7,14
3752,17,16,2,2490.1945,4200,3,10,20
3753,14,12,2,2490.7216,1600,7,9,19
3754,13,17,2,2491.12,1800,7,9,18
3755,17,17,2,2491.2413,1300,6,10,20
3756,18,11,2,2491.3266,2100,4,10,20
3757,16,14,2,2491.7212,1000,3,10,20
3758,3,10,2,2492.3828,1500,7,4,6
3759,9,12,2,2493.3828,1500,6,7,13
3760,11,17,2,2493.5895,1800,5,8,15
3761,15,19,2,2493.8376,3700,6,10,20
3762,16,20,2,2494.2447,5000,7,10,20
3763,13,18,2,2495.0717,3700,5,9,18
3764,7,20,2,2495.0823,3700,4,6,11
3765,9,13,2,2495.4887,4700,5,7,13
3766,12,12,2,2495.8441,4600,4,8,17
3767,7,20,2,2496.4018,4000,5,6,11
3768,9,9,2,2496.4083,2300,6,7,13
3769,13,9,2,2496.6016,3000,5,9,18
3770,6,19,2,2499.3176,2000,6,5,10
3771,7,12,2,2499.4122,1900,4,6,11
3772,3,7,2,2499.4139,4200,5,4,6
3773,7,16,2,2500.3574,1400,7,6,11
3774,5,7,2,2500.6508,5000,5,5,9
3775,5,14,2,2500.8393,4600,7,5,9
3776,16,19,2,2501.0789,1100,6,10,20
3777,18,11,2,2501.4213,2500,7,10,20
3778,8,14,2,2502.0762,4500,6,6,12
3779,4,13,2,2502.4777,1500,5,4,8
3780,14,16,2,2502.5922,2300,5,9,19
3781,7,16,2,2502.6574,2100,4,6,11
3782,4,5,2,2504.0551,4100,3,4,8
3783,18,7,2,2505.3641,3500,4,10,20
3784,4,9,2,2505.8718,3500,3,4,8
3785,5,6,2,2506.4847,3300,7,5,9
3786,15,6,2,2506.919,1900,6,10,20
3787,5,14,2,2507.2516,4900,5,5,9
3788,6,16,2,2507.6055,4700,3,5,10
3789,5,20,2,2507.9435,3700,4,5,9
3790,6,9,2,2508.642,1900,3,5,10
3791,7,19,2,2509.3857,2200,3,6,11
3792,9,11,2,2510.2674,4600,6,7,13
3793,13,5,2,2511.1915,2900,5,9,18
3794,10,16,2,2512.3109,2900,7,7,14
3795,14,17,2,2515.0563,2700,5,9,19
3796,20,7,2,2515.4201,4300,5,10,20
3797,4,18,2,2517.3453,3300,4,4,8
3798,20,9,2,2517.4142,1000,5,10,20
3799,17,16,2,2517.6857,2600,6,10,20
3800,16,17,2,2517.8015,4200,5,10,20
3801,13,9,2,2518.2073,4400,7,9,18
3802,8,5,2,2518.3861,2400,4,6,12
3803,9,10,2,2519.0311,1700,3,7,13
3804,6,9,2,2519.4816,4100,7,5,10
3805,7,16,2,2520.2174,3200,7,6,11
3806,4,8,2,2520.23,4100,4,4,8
3807,20,13,2,2521.6268,2200,5,10,20
3808,20,9,2,2522.1861,2800,6,10,20
3809,13,17,2,2522.6581,4000,5,9,18
3810,13,8,2,2523.2089,2800,5,9,18
3811,17,14,2,2523.3406,2300,4,10,20
3812,16,11,2,2523.7315,2600,6,10,20
3813,17,13,2,2524.5783,3000,4,10,20
3814,19,5,2,2525.198,2100,5,10,20
3815,19,12,2,2526.1673,4300,4,10,20
3816,20,15,2,2526.4023,3500,7,10,20
3817,10,15,2,2527.1241,1400,4,7,14
3818,4,8,2,2527.7136,4100,4,4,8
3819,17,14,2,2529.1874,1400,5,10,20
3820,19,6,2,2529.3404,2200,6,10,20
3821,20,16,2,2531.4616,2200,4,10,20
3822,5,17,2,2532.6229,1100,7,5,9
3823,5,16,2,2532.8282,4000,4,5,9
3824,16,13,2,2533.6581,4800,4,10,20
3825,11,6,2,2535.3275,3100,6,8,15
3826,15,6,2,2535.6559,2400,4,10,20
3827,4,19,2,2535.7603,3100,4,4,8
3828,14,8,2,2537.1379,1900,3,9,19
3829,3,6,2,2537.3367,4300,7,4,6
3830,12,19,2,2537.4205,3500,5,8,17
3831,11,10,2,2539.1975,4500,5,8,15
3832,13,5,2,2539.7541,3100,6,9,18
3833,19,15,2,2540.4168,3700,4,10,20
3834,16,5,2,2541.3515,3800,7,10,20
3835,17,6,2,2541.6018,2700,6,10,20
3836,5,8,2,2542.5048,5000,4,5,9
3837,3,18,2,2542.6301,3800,5,4,6
3838,6,12,2,2543.1051,4300,6,5,10
3839,5,17,2,2543.4329,1500,5,5,9
3840,7,10,2,2544.5933,3900,3,6,11
3841,18,16,2,2544.716,2700,6,10,20
3842,18,10,2,2544.7844,2600,7,10,20
3843,16,8,2,2545.1921,3200,4,10,20
3844,17,5,2,2545.5301,2100,4,10,20
3845,16,5,2,2547.5234,3800,6,10,20
3846,16,19,2,2548.3177,3400,3,10,20
3847,5,7,2,2548.5677,2900,4,5,9
3848,14,12,2,2550.3089,4700,5,9,19
3849,5,10,2,2553.774,4800,4,5,9
3850,18,13,2,2555.7152,3800,5,10,20
3851,13,10,2,2556.0446,1300,7,9,18
3852,18,8,2,2556.4015,4600,3,10,20
3853,10,5,2,2556.6931,2900,4,7,14
3854,15,9,2,2557.3929,2300,5,10,20
3855,12,16,2,2557.7647,4100,4,8,17
3856,11,7,2,2557.902,2700,4,8,15
3857,6,16,2,2557.997,3500,3,5,10
3858,19,17,2,2558.1874,4400,7,10,20
3859,11,11,2,2559.079,4800,3,8,15
3860,7,18,2,2559.2425,3400,4,6,11
3861,19,6,2,2559.6564,3300,5,10,20
3862,11,7,2,2561.9835,2500,7,8,15
3863,4,18,2,2562.1996,4800,7,4,8
3864,4,14,2,2562.9832,4700,6,4,8
3865,7,15,2,2563.3742,1000,3,6,11
3866,7,5,2,2563.5002,1300,6,6,11
3867,13,6,2,2563.6429,2100,4,9,18
3868,14,19,2,2563.9066,3200,6,9,19
3869,18,5,2,2564.1035,1800,7,10,20
3870,10,19,2,2564.608,2100,7,7,14
3871,17,18,2,2564.8804,1400,7,10,20
3872,15,6,2,2565.036,4200,4,10,20
3873,9,20,2,2565.3194,4600,5,7,13
3874,5,19,2,2567.5454,2700,4,5,9
3875,5,16,2,2567.6683,2400,7,5,9
3876,16,12,2,2568.5326,4100,5,10,20
3877,4,20,2,2568.7992,4900,5,4,8
3878,11,13,2,2568.9064,2700,4,8,15
3879,9,9,2,2568.9165,3600,4,7,13
3880,7,6,2,2569.1284,2600,6,6,11
3881,10,7,2,2569.7408,2800,4,7,14
3882,4,13,2,2569.9778,3300,6,4,8
3883,3,17,2,2571.1774,1900,5,4,6
3884,10,19,2,2572.1116,1600,3,7,14
3885,7,13,2,2572.1626,4100,4,6,11
3886,14,5,2,2572.9234,4900,7,9,19
3887,6,14,2,2574.2603,1700,3,5,10
3888,18,6,2,2575.5601,1900,7,10,20
3889,10,5,2,2577.9818,3100,6,7,14
3890,20,6,2,2578.461,3800,5,10,20
3891,12,20,2,2578.5952,4400,5,8,17
3892,5,17,2,2580.0265,1100,4,5,9
3893,16,7,2,2581.8299,1500,5,10,20
3894,19,19,2,2582.4047,1400,3,10,20
3895,4,11,2,2582.6156,3800,3,4,8
3896,8,14,2,2582.9987,1100,5,6,12
3897,4,10,2,2584.6057,3800,7,4,8
3898,7,8,2,2585.902,2800,4,6,11
3899,3,7,2,2589.3222,1800,7,4,6
3900,6,8,2,2590.089,1600,6,5,10
3901,8,7,2,2591.0734,2200,3,6,12
3902,18,10,2,2592.6607,3400,7,10,20
3903,19,19,2,2592.6958,1600,5,10,20
3904,18,6,2,2592.7261,4700,6,10,20
3905,6,7,2,2593.7171,1900,5,5,10
3906,15,7,2,2593.8786,4100,7,10,20
3907,14,7,2,2594.1065,4900,4,9,19
3908,16,11,2,2594.1358,1600,4,10,20
3909,8,7,2,2594.3351,1200,6,6,12
3910,11,15,2,2594.9563,2300,7,8,15
3911,5,14,2,2594.9752,2400,3,5,9
3912,5,6,2,2597.0617,2800,5,5,9
3913,14,7,2,2597.304,3000,4,9,19
3914,17,19,2,2597.6522,4400,6,10,20
3915,3,13,2,2598.0966,3200,5,4,6
3916,14,12,2,2598.2941,2200,5,9,19
3917,19,18,2,2598.3343,2300,5,10,20
3918,19,13,2,2598.4483,3000,5,10,20
3919,6,8,2,2600.7372,4700,6,5,10
3920,8,7,2,2601.4009,1200,5,6,12
3921,5,17,2,2602.6137,1800,7,5,9
3922,16,5,2,2604.0284,1300,3,10,20
3923,18,13,2,2604.1959,2200,5,10,20
3924,9,12,2,2604.4409,3400,3,7,13
3925,12,6,2,2604.9365,3600,4,8,17
3926,17,8,2,2605.0884,1200,7,10,20
3927,10,18,2,2605.2497,3100,4,7,14
3928,7,14,2,2605.986,3200,7,6,11
3929,6,20,2,2606.4986,3600,4,5,10
3930,9,10,2,2606.7537,3100,5,7,13
3931,11,6,2,2607.2682,2400,7,8,15
3932,6,14,2,2608.6595,1100,3,5,10
3933,10,17,2,2611.3722,1100,6,7,14
3934,11,8,2,2611.5114,2900,4,8,15
3935,6,20,2,2612.4271,1300,4,5,10
3936,6,6,2,2612.5103,5000,3,5,10
3937,20,10,2,2612.9559,4400,7,10,20
3938,15,14,2,2612.973,2000,3,10,20
3939,12,15,2,2613.0065,1500,6,8,17
3940,8,18,2,2613.8421,2100,5,6,12
3941,20,13,2,2613.8522,3100,3,10,20
3942,16,8,2,2617.5246,3900,6,10,20
3943,17,6,2,2618.6187,2500,5,10,20
3944,20,17,2,2619.934,4900,6,10,20
3945,5,10,2,2620.4265,4600,3,5,9
3946,16,16,2,2620.546,3500,3,10,20
3947,15,16,2,2620.9263,4100,4,10,20
3948,13,7,2,2621.3373,2200,4,9,18
3949,19,16,2,2621.5845,1500,6,10,20
3950,12,7,2,2622.0071,4900,7,8,17
3951,10,9,2,2622.1235,3000,3,7,14
3952,13,8,2,2622.1974,2500,4,9,18
3953,6,5,2,2622.547,4200,4,5,10
3954,10,15,2,2624.9261,2200,4,7,14
3955,16,14,2,2624.9712,1800,5,10,20
3956,16,18,2,2624.9789,3800,3,10,20
3957,7,15,2,2624.9924,2200,5,6,11
3958,11,10,2,2625.0226,3200,5,8,15
3959,5,19,2,2625.047,4100,7,5,9
3960,19,12,2,2626.8006,4400,6,10,20
3961,3,9,2,2628.3066,3500,3,4,6
3962,19,20,2,2630.6213,3100,5,10,20
3963,4,10,2,2630.7839,3000,4,4,8
3964,20,9,2,2631.2868,2700,4,10,20
3965,15,8,2,2632.7863,4400,4,10,20
3966,19,8,2,2633.8005,3900,7,10,20
3967,13,17,2,2634.384,4700,6,9,18
3968,14,15,2,2634.9703,2500,4,9,19
3969,6,7,2,2636.0,4100,6,5,10
3970,13,11,2,2637.0649,3700,5,9,18
3971,10,6,2,2637.602,2800,6,7,14
3972,13,10,2,2638.1341,3400,6,9,18
3973,4,6,2,2639.0211,2600,5,4,8
3974,16,15,2,2639.9953,5000,5,10,20
3975,9,5,2,2640.2185,3200,3,7,13
3976,19,11,2,2640.5769,3200,4,10,20
3977,3,5,2,2640.6175,3900,6,4,6
3978,4,18,2,2642.1363,3400,5,4,8
3979,11,10,2,2643.3101,2000,4,8,15
3980,7,12,2,2644.1805,4400,5,6,11
3981,15,12,2,2644.6793,1400,6,10,20
3982,13,8,2,2645.6082,2600,7,9,18
3983,15,11,2,2645.9531,4500,5,10,20
3984,19,16,2,2646.2469,3100,3,10,20
3985,6,15,2,2647.0372,4800,6,5,10
3986,18,8,2,2647.1065,4500,5,10,20
3987,19,14,2,2647.1603,2600,3,10,20
3988,5,20,2,2648.1738,1500,3,5,9
3989,13,7,2,2648.4242,2700,6,9,18
3990,14,15,2,2649.8036,2900,3,9,19
3991,12,16,2,2650.1741,2500,6,8,17
3992,6,8,2,2650.2385,1500,7,5,10
3993,20,18,2,2650.6543,1200,6,10,20
3994,10,9,2,2651.8355,1100,6,7,14
3995,16,17,2,2653.6323,3100,7,10,20
3996,20,10,2,2654.161,4900,3,10,20
3997,13,12,2,2654.4542,3700,3,9,18
3998,14,12,2,2655.0436,2700,7,9,19
3999,19,14,2,2656.264,3400,4,10,20
