job_id,num_qubits,layers,rotations,entanglement,param_count,num_shots,depth,req_iterations,cpu_units,mem_bw,arrival_time,priority
1,12,7,"rz, ry, rx",circular,288,2600,108,8,9,14,10.139018395899113,2
2,19,6,"rz, ry",circular,266,2800,128,8,7,12,10.809746141220115,2
3,22,8,"rz, ry",circular,396,1900,194,5,8,13,13.489149009951968,2
4,12,5,"rx, rz, ry",circular,216,2200,78,9,7,18,13.758898799610886,2
5,21,6,rz,circular,147,2800,133,9,9,13,17.664010141909394,2
6,15,8,"ry, rx",circular,270,4500,138,9,9,12,17.913573876548433,2
7,18,4,ry,circular,90,3600,77,9,5,11,18.06378980111569,2
8,20,6,"ry, rx",circular,280,3800,134,9,6,12,19.84291006569068,2
9,24,4,rx,circular,120,4200,101,7,5,17,21.73291816647683,2
10,12,4,rx,circular,60,2800,53,8,6,12,22.839008152248173,2
11,22,7,"rz, ry, rx",circular,528,3800,178,7,7,10,26.24458878300087,2
12,18,5,ry,circular,108,1800,96,9,7,14,26.486527593481465,2
13,12,7,"ry, rz, rx",circular,288,2200,108,7,9,16,26.656681053694747,2
14,25,7,rx,circular,200,2400,183,7,5,17,26.730108484940104,2
15,23,7,"rx, ry",circular,368,2800,177,9,7,19,30.213712106447108,2
16,10,8,"rx, rz, ry",circular,270,3000,107,8,8,13,30.487518401686007,2
17,19,7,ry,circular,152,4000,141,7,8,14,31.93633925158512,2
18,13,7,"ry, rz, rx",circular,312,3000,115,8,6,16,32.235508337268385,2
19,13,7,ry,circular,104,4700,99,9,8,13,32.483835615313346,2
20,18,7,"rx, ry",circular,288,5000,142,5,7,18,32.941251745270996,2
21,10,9,ry,circular,100,3800,100,7,6,13,36.226170904907605,2
22,25,8,"rx, rz",circular,450,1700,218,5,9,15,38.41361596827665,2
23,22,7,"ry, rx, rz",circular,528,2400,178,5,6,18,39.23893017635237,2
24,17,6,"ry, rz",circular,238,4800,116,7,9,14,40.44710224504895,2
25,21,8,ry,circular,189,2100,177,5,9,17,42.75865739712309,2
26,24,6,"rx, ry, rz",circular,504,3900,165,9,8,16,45.345212213668276,2
27,17,5,"ry, rx",circular,204,4700,97,7,5,17,45.39640040509645,2
28,22,3,rz,circular,88,2900,70,5,6,17,48.10361545098485,2
29,15,6,"rz, ry, rx",circular,315,5000,111,9,6,16,48.15637710982812,2
30,11,7,"ry, rx",circular,176,3300,93,9,9,15,48.7016051392526,2
31,24,5,"rx, ry, rz",circular,432,1700,138,9,7,17,50.97946306014843,2
32,13,8,"rz, rx",circular,234,2100,122,8,6,16,53.62952392495686,2
33,12,8,"rx, ry",circular,216,2900,114,5,7,15,53.77022030075384,2
34,17,5,ry,circular,102,3600,91,6,8,10,54.523937610007266,2
35,19,7,"rx, ry, rz",circular,456,2100,157,8,7,16,55.240338194282465,2
36,23,7,"ry, rz",circular,368,1100,177,5,5,18,55.94931140842061,2
37,22,8,rz,circular,198,2600,185,6,5,11,57.67663413292391,2
38,13,7,rz,circular,104,3600,99,5,8,19,58.429315285028345,2
39,10,7,ry,circular,80,1400,78,7,6,11,60.73411281046481,2
40,22,5,"rz, rx, ry",circular,396,3400,128,9,6,17,61.412073529149545,2
41,13,7,"ry, rx",circular,208,1200,107,7,6,11,61.97146609019694,2
42,24,5,"rz, ry",circular,288,4600,132,7,8,16,62.40077324402996,2
43,23,5,rx,circular,138,3500,121,7,9,15,64.72859205893918,2
44,25,7,"ry, rz, rx",circular,600,4800,199,5,6,13,66.77485361406522,2
45,11,8,"rx, ry, rz",circular,297,2800,115,5,9,13,72.17067504648526,2
46,15,7,"rz, rx, ry",circular,360,4200,129,9,6,10,75.68644174739184,2
47,17,7,"rx, rz, ry",circular,408,3800,143,9,8,12,75.8504341101768,2
48,14,7,"ry, rx",circular,224,2200,114,8,5,10,76.1309050464513,2
49,24,6,rx,circular,168,4800,151,8,5,12,78.32211697126594,2
50,12,6,"rz, rx, ry",circular,252,1500,93,8,6,12,80.13782551607444,2
51,19,5,rz,circular,114,2300,101,7,6,14,84.16051115729027,2
52,11,5,rz,circular,66,2500,61,7,9,16,86.91847896069582,2
53,10,8,"ry, rx",circular,180,4800,98,5,8,19,88.25951759306835,2
54,22,7,"rx, ry, rz",circular,528,3000,178,7,6,16,88.38836415045938,2
55,23,5,"rz, rx, ry",circular,414,1100,133,7,7,16,89.72371785424542,2
56,12,7,"ry, rz, rx",circular,288,3700,108,7,5,13,96.41967363107493,2
57,20,6,"ry, rz, rx",circular,420,3600,141,5,9,12,98.237117693011,2
58,24,5,rx,circular,144,3700,126,5,7,14,100.744682822576,2
59,21,7,rx,circular,168,3500,155,5,9,17,103.54301384698297,2
60,15,8,"rz, ry",circular,270,3100,138,7,7,10,105.07667993136505,2
61,14,6,rz,circular,98,2400,91,6,7,13,105.1465138712532,2
62,19,7,"rx, ry, rz",circular,456,1700,157,9,7,17,107.74226743191427,2
63,10,6,"rz, ry",circular,140,4200,74,8,8,16,109.50590234181917,2
64,12,5,"rx, rz",circular,144,3300,72,8,6,16,109.85327988838381,2
65,19,8,"ry, rz",circular,342,1200,170,5,6,17,109.95467952296778,2
66,13,6,"rx, rz, ry",circular,273,2700,99,7,5,10,111.17872378437949,2
67,23,7,rz,circular,184,3000,169,9,5,17,112.1530468850183,2
68,15,8,"ry, rz, rx",circular,405,3900,147,9,8,17,112.79687807920591,2
69,23,8,"ry, rx, rz",circular,621,3900,211,9,7,12,120.32544213890576,2
70,25,6,rx,circular,175,4600,157,8,9,18,122.75199028237084,2
71,20,5,"rx, rz",circular,240,3200,112,5,5,15,123.4369119078111,2
72,16,5,rz,circular,96,2400,86,5,5,10,124.43323610620791,2
73,16,6,rz,circular,112,3800,103,9,8,14,125.00955159618655,2
74,24,8,rz,circular,216,1700,201,5,7,15,125.36418186240623,2
75,16,7,"rz, rx, ry",circular,384,4100,136,7,7,12,126.06491690825187,2
76,22,8,"ry, rz",circular,396,1200,194,5,8,15,126.22923649736934,2
77,18,8,rz,circular,162,2500,153,6,8,17,127.77006054832447,2
78,13,7,rz,circular,104,4400,99,8,9,11,129.2551614397721,2
79,20,6,"rz, ry, rx",circular,420,3100,141,9,6,18,133.76525119681176,2
80,19,6,"rx, rz, ry",circular,399,3400,135,7,7,19,134.63510218251753,2
81,20,7,rz,circular,160,5000,148,9,9,18,135.46485405983668,2
82,19,7,"ry, rz",circular,304,2800,149,9,6,16,139.53227123223107,2
83,19,5,"rx, rz",circular,228,5000,107,5,7,10,140.563798834123,2
84,14,8,ry,circular,126,2900,121,7,6,13,140.66489134216272,2
85,20,8,"rz, ry",circular,360,4000,178,8,5,10,143.9089202876166,2
86,14,6,"rz, ry, rx",circular,294,3800,105,5,8,14,144.2391823822112,2
87,19,6,"ry, rz",circular,266,3500,128,6,6,18,146.14935334886053,2
88,17,7,"rx, rz, ry",circular,408,2900,143,9,6,14,154.24622556400794,2
89,12,6,"rz, ry",circular,168,4900,86,7,7,14,158.55524768508297,2
90,19,8,"rx, rz",circular,342,4900,170,6,7,15,158.66452270257074,2
91,21,6,"ry, rz",circular,294,4000,140,5,9,10,159.89756970075828,2
92,15,7,rz,circular,120,3900,113,7,6,19,161.77265686980087,2
93,11,7,"rx, rz, ry",circular,264,4500,101,9,8,15,162.08424270101733,2
94,11,5,"rx, ry, rz",circular,198,3100,73,7,6,13,162.09813542055636,2
95,12,7,"rx, ry",circular,192,4700,100,6,8,13,167.2911895106482,2
96,25,7,rx,circular,200,2100,183,9,6,17,169.7727671660336,2
97,19,10,"rz, rx, ry",circular,627,2700,223,9,6,13,175.8672927722299,2
98,21,5,rz,circular,126,4500,111,8,9,18,176.74976285449006,2
99,19,5,"rz, ry",circular,228,1700,107,7,8,18,177.02508380598476,2
100,24,6,rz,circular,168,4300,151,6,9,10,179.66895975940693,2
101,12,6,"ry, rx",circular,168,4000,86,6,5,10,180.50529403093506,2
102,21,9,"ry, rz, rx",circular,630,4900,219,9,5,19,183.24473809029433,2
103,19,9,"ry, rz",circular,380,1600,191,7,7,14,184.9911097332705,2
104,19,6,"ry, rx, rz",circular,399,1500,135,6,5,18,187.393989521351,2
105,20,7,"ry, rx",circular,320,4500,156,9,9,19,188.87760950910854,2
106,14,6,rz,circular,98,2900,91,6,8,16,191.5634844683797,2
107,21,7,"ry, rx, rz",circular,504,4500,171,6,7,17,192.4794705743586,2
108,24,4,"ry, rz",circular,240,3900,106,5,9,18,193.48115191567152,2
109,15,4,"ry, rx, rz",circular,225,4000,75,6,8,18,195.99205260941386,2
110,14,6,"rx, ry, rz",circular,294,3200,105,6,7,19,196.60315159649952,2
111,13,6,rz,circular,91,2400,85,5,8,14,200.62584270174605,2
112,17,7,rz,circular,136,4300,127,5,5,11,201.51993122672442,2
113,18,5,"rz, ry",circular,216,3600,102,6,8,10,203.44343728284073,2
114,12,6,"ry, rz, rx",circular,252,3500,93,5,9,12,203.63607447457034,2
115,22,6,ry,circular,154,4900,139,8,7,19,205.2542899725283,2
116,25,5,"rx, rz",circular,300,2900,137,7,9,15,207.458156340333,2
117,20,6,ry,circular,140,4600,127,8,8,15,211.12210982063124,2
118,17,5,"ry, rx",circular,204,1300,97,5,6,10,215.76133044258992,2
119,25,7,"rz, ry",circular,400,3800,191,7,6,10,216.9676213099962,2
120,25,7,"ry, rz",circular,400,1800,191,5,5,14,217.13939121930838,2
121,13,8,"rx, rz, ry",circular,351,2300,131,9,6,11,219.20898469572344,2
122,15,7,"rz, ry, rx",circular,360,2100,129,9,9,12,219.77748441935836,2
123,22,6,"ry, rx, rz",circular,462,3700,153,5,6,10,221.03167080204537,2
124,25,6,"rx, rz",circular,350,3300,164,7,5,16,225.38333792559712,2
125,21,8,rz,circular,189,3900,177,9,6,19,226.0122985671438,2
126,12,6,rz,circular,84,4600,79,7,7,10,234.55333823991404,2
127,20,8,"ry, rx",circular,360,2200,178,7,7,13,237.1469054339127,2
128,17,5,"ry, rx, rz",circular,306,1800,103,5,8,11,239.74254324158056,2
129,17,7,"ry, rz",circular,272,4800,135,9,6,17,241.67381629310262,2
130,12,8,"ry, rz, rx",circular,324,3000,123,8,9,11,245.90467775461093,2
131,18,5,"ry, rx",circular,216,5000,102,9,7,16,246.680051084851,2
132,12,4,"ry, rz",circular,120,2800,58,7,8,15,249.46289933500236,2
133,25,6,"ry, rx",circular,350,2600,164,5,5,13,254.15687524628092,2
134,19,9,rx,circular,190,4800,181,9,8,11,257.4608963981796,2
135,15,6,rz,circular,105,4100,97,9,5,18,260.69604474250394,2
136,22,7,rz,circular,176,3300,162,9,8,13,262.6194988989336,2
137,22,5,rx,circular,132,4600,116,6,6,14,262.81695599675265,2
138,22,5,"rx, ry, rz",circular,396,1900,128,5,7,17,264.42630122946287,2
139,19,5,rz,circular,114,2600,101,8,6,11,264.77122962369054,2
140,14,7,"rz, ry",circular,224,3900,114,9,7,16,266.3271903627356,2
141,14,8,"rz, ry, rx",circular,378,2300,139,7,9,14,269.6583821715035,2
142,15,8,rx,circular,135,2100,129,9,6,13,272.8178168614795,2
143,12,6,"rz, rx, ry",circular,252,2900,93,5,7,14,273.660663203404,2
144,17,7,"ry, rz, rx",circular,408,3500,143,5,7,19,274.7300191620634,2
145,17,7,"rx, rz",circular,272,1800,135,8,6,10,278.3152735868836,2
146,12,7,"ry, rz",circular,192,1300,100,7,6,11,278.76996017208836,2
147,24,7,"rz, ry, rx",circular,576,4400,192,9,8,19,279.2019585693375,2
148,20,9,"rz, rx",circular,400,1900,200,7,5,12,283.0090236378027,2
149,24,8,"ry, rz",circular,432,4600,210,5,7,15,286.5883257051983,2
150,22,5,"ry, rz, rx",circular,396,4800,128,7,8,19,288.508227367413,2
151,18,8,rz,circular,162,3800,153,8,8,19,288.74996874991143,2
152,20,6,ry,circular,140,1200,127,9,5,17,303.8453863033704,2
153,20,7,"rx, ry",circular,320,5000,156,9,9,15,305.68589624375267,2
154,12,7,"rx, ry, rz",circular,288,4500,108,6,5,16,307.78268200521177,2
155,14,5,rx,circular,84,2300,76,6,8,17,309.45136313115455,2
156,24,6,"ry, rz, rx",circular,504,3600,165,8,7,15,309.7309067996855,2
157,17,6,"ry, rz, rx",circular,357,1000,123,6,5,17,313.25252868475917,2
158,17,8,"rx, ry",circular,306,2600,154,9,6,14,314.43326915734514,2
159,14,6,"rx, rz, ry",circular,294,2600,105,8,9,16,315.22365691323694,2
160,18,6,"rz, rx",circular,252,4200,122,7,6,12,316.05431438168864,2
161,11,7,"rx, rz, ry",circular,264,1200,101,5,6,17,317.7919623744194,2
162,17,7,"ry, rz, rx",circular,408,1100,143,6,8,14,321.24587928996664,2
163,25,6,rz,circular,175,3400,157,5,6,19,322.2168880490905,2
164,16,8,rx,circular,144,4600,137,5,8,10,322.7993745646932,2
165,19,8,ry,circular,171,1300,161,7,8,11,326.71855801754697,2
166,10,8,"rx, ry, rz",circular,270,4500,107,9,8,19,328.81466274083743,2
167,25,8,"rz, ry, rx",circular,675,3500,227,8,6,16,333.8438394862291,2
168,24,7,"ry, rz, rx",circular,576,4900,192,7,9,12,334.2280385655918,2
169,14,8,"rz, ry, rx",circular,378,2400,139,6,5,16,334.5297556888535,2
170,21,6,rx,circular,147,4100,133,6,8,13,336.8825888594031,2
171,17,10,"ry, rx, rz",circular,561,1500,203,8,7,13,337.5524168916341,2
172,19,6,"rx, rz, ry",circular,399,1300,135,6,7,19,341.61475636350826,2
173,15,6,"ry, rx",circular,210,3100,104,6,9,16,341.6325473732772,2
174,11,5,"rx, ry",circular,132,1300,67,7,7,17,345.5285465107413,2
175,24,6,"ry, rx",circular,336,2900,158,9,9,16,346.29544397829375,2
176,24,7,ry,circular,192,4000,176,7,6,16,352.69172596331316,2
177,16,6,"rx, ry",circular,224,1000,110,7,6,15,353.6985990081641,2
178,15,8,"rx, rz, ry",circular,405,2700,147,5,8,10,355.4736261241326,2
179,19,9,"ry, rx, rz",circular,570,4000,201,8,8,10,355.6239450304425,2
180,17,8,rz,circular,153,2600,145,5,5,11,358.3651513290166,2
181,14,7,"ry, rx",circular,224,2900,114,9,8,14,358.38586730918024,2
182,20,7,"ry, rz, rx",circular,480,1600,164,6,5,17,359.5468782296719,2
183,12,6,rz,circular,84,2400,79,5,7,13,361.5474436211999,2
184,15,6,rz,circular,105,2800,97,7,8,15,363.75066709540795,2
185,18,5,"rz, rx, ry",circular,324,1500,108,7,9,15,366.921733947971,2
186,19,8,"ry, rz, rx",circular,513,1200,179,9,6,13,368.50968276850966,2
187,21,4,"ry, rx, rz",circular,315,2900,99,8,6,19,369.90462967662137,2
188,11,6,"rx, ry, rz",circular,231,4900,87,7,9,10,370.2108526509272,2
189,22,5,ry,circular,132,1100,116,6,5,18,373.18728414775984,2
190,24,4,"ry, rz, rx",circular,360,4000,111,8,8,12,374.84211234442637,2
191,15,7,"rx, ry",circular,240,4100,121,6,7,12,379.52598431529884,2
192,11,7,ry,circular,88,4600,85,5,9,14,383.7040904769574,2
193,25,7,"ry, rz, rx",circular,600,1900,199,7,9,19,385.0634665272802,2
194,10,3,"rz, ry",circular,80,2700,38,7,8,18,386.69469711244267,2
195,18,8,rx,circular,162,2100,153,7,9,19,387.59404916298286,2
196,23,7,"ry, rx, rz",circular,552,3100,185,6,6,18,388.2737371880439,2
197,21,3,"rz, rx, ry",circular,252,4400,75,9,8,10,389.63790627378705,2
198,13,7,"ry, rz, rx",circular,312,1700,115,9,9,17,391.3104331538039,2
199,19,7,ry,circular,152,1600,141,8,7,17,393.77032549783445,2
200,14,9,"rz, rx, ry",circular,420,3900,156,8,7,15,394.0802466504916,2
201,19,7,ry,circular,152,1400,141,6,6,12,394.23545940546023,2
202,22,8,rz,circular,198,2300,185,8,7,14,395.4319022689844,2
203,16,5,"ry, rz",circular,192,3200,92,8,6,12,398.49115367156634,2
204,19,5,ry,circular,114,1200,101,5,6,10,400.1766372996326,2
205,24,7,"rz, rx",circular,384,1900,184,6,5,11,400.5557614793511,2
206,19,6,"ry, rz, rx",circular,399,1200,135,6,9,16,402.7436336711156,2
207,15,7,"rx, rz",circular,240,1800,121,8,5,15,403.1129490859897,2
208,17,8,"ry, rz",circular,306,2700,154,8,5,16,403.8699975211831,2
209,12,5,rz,circular,72,2200,66,7,5,14,404.7355385772687,2
210,10,7,"rz, rx",circular,160,4600,86,7,9,18,405.3896528997691,2
211,10,10,"rz, ry, rx",circular,330,1500,133,7,8,17,405.59231669115223,2
212,25,5,rx,circular,150,2000,131,5,6,14,405.7552503933818,2
213,19,7,rx,circular,152,4700,141,5,9,14,407.5425894423026,2
214,17,5,"ry, rx",circular,204,2500,97,5,9,13,410.347291038967,2
215,21,6,ry,circular,147,2200,133,6,8,18,411.0717519499384,2
216,18,6,rz,circular,126,2400,115,7,6,15,415.56838476334536,2
217,14,8,rx,circular,126,1500,121,7,9,16,415.7357371652581,2
218,13,6,"rz, ry, rx",circular,273,2000,99,5,9,18,420.23625798302595,2
219,25,7,"rz, ry, rx",circular,600,4900,199,6,7,19,422.2740936465295,2
220,13,5,"rz, ry, rx",circular,234,5000,83,9,6,13,422.7664711087137,2
221,15,6,"rz, ry",circular,210,4300,104,6,8,16,423.5605656593869,2
222,19,5,"rz, ry, rx",circular,342,3000,113,6,6,15,424.2157924764614,2
223,25,8,"rx, ry",circular,450,3600,218,6,9,18,425.2359466764961,2
224,16,6,ry,circular,112,4700,103,7,5,11,427.94257004010865,2
225,23,8,"rx, ry",circular,414,2700,202,7,5,18,428.75889655224057,2
226,15,7,"ry, rx",circular,240,2300,121,8,6,17,431.968495679899,2
227,21,8,"rx, ry, rz",circular,567,3600,195,8,6,11,432.28292704329465,2
228,22,9,ry,circular,220,2100,208,7,7,11,433.5010736955378,2
229,25,10,"rx, ry, rz",circular,825,4700,283,7,6,14,436.58264184453634,2
230,22,7,rx,circular,176,4500,162,7,7,14,437.9323994000375,2
231,22,4,"rz, rx",circular,220,4500,98,8,6,12,440.839173489024,2
232,14,5,"rx, ry, rz",circular,252,4000,88,7,9,15,442.4772774078422,2
233,23,5,"rx, rz",circular,276,4800,127,5,8,11,447.14114772503854,2
234,18,7,ry,circular,144,1700,134,5,8,13,448.5493522398544,2
235,25,6,"rx, rz",circular,350,1400,164,6,8,11,449.6344410165993,2
236,11,7,"rx, rz",circular,176,4400,93,7,8,17,450.6605628510292,2
237,15,8,"ry, rx",circular,270,1500,138,6,7,19,450.91800482815677,2
238,13,6,ry,circular,91,4300,85,7,9,11,452.0342331163126,2
239,22,6,"rz, rx",circular,308,5000,146,6,7,15,454.3202600567383,2
240,14,4,"rz, ry",circular,140,4000,66,8,9,10,461.6332008866108,2
241,11,8,"rz, rx, ry",circular,297,3700,115,8,9,17,461.9334093061143,2
242,15,6,"ry, rx, rz",circular,315,4800,111,8,8,13,462.276085439562,2
243,23,9,"rx, rz, ry",circular,690,3900,237,9,9,13,463.5643660272203,2
244,10,5,rz,circular,60,2900,56,7,7,15,466.4760290768563,2
245,12,8,rz,circular,108,1700,105,8,5,19,468.2523681355664,2
246,23,7,ry,circular,184,2600,169,8,9,13,469.75517368565164,2
247,18,6,"ry, rz, rx",circular,378,3300,129,9,8,16,471.10645186482867,2
248,23,7,"rz, rx, ry",circular,552,2100,185,7,6,11,471.7607749676364,2
249,16,8,rz,circular,144,1100,137,7,9,19,477.72735272053467,2
250,14,8,"ry, rx, rz",circular,378,1300,139,8,8,13,478.0737350949038,2
251,20,5,rx,circular,120,4000,106,7,8,17,478.57943144946614,2
252,11,8,"rz, ry",circular,198,2800,106,7,8,12,479.4262394757603,2
253,10,5,"rx, ry",circular,120,4600,62,9,9,19,480.0721680908258,2
254,22,7,"rz, rx",circular,352,3800,170,8,5,12,480.95191022182814,2
255,20,10,"rz, rx, ry",circular,660,2200,233,8,8,15,485.9993476096991,2
256,23,6,"rx, ry, rz",circular,483,2400,159,5,6,17,490.9263159465303,2
257,17,7,ry,circular,136,1900,127,7,7,15,491.2887866435481,2
258,18,5,"ry, rz, rx",circular,324,4900,108,9,8,11,493.42359593263086,2
259,25,7,rz,circular,200,1300,183,9,8,11,495.8895502290733,2
260,13,5,ry,circular,78,4300,71,7,7,10,498.0519770944689,2
261,16,6,"rx, ry",circular,224,2400,110,7,9,19,498.970731326954,2
262,18,6,"ry, rx",circular,252,2800,122,5,5,13,499.93641035766393,2
263,14,7,"rx, rz",circular,224,2400,114,9,6,11,501.2949794061545,2
264,13,6,ry,circular,91,4100,85,5,5,12,505.9876136412957,2
265,22,5,"rx, ry",circular,264,3400,122,9,6,15,507.49538666688085,2
266,14,6,"rz, rx",circular,196,3100,98,6,6,17,508.26467885785473,2
267,15,4,"ry, rx, rz",circular,225,2200,75,5,9,14,511.2209621521049,2
268,15,5,"ry, rz, rx",circular,270,4000,93,8,6,14,511.593791886121,2
269,11,7,"rx, rz, ry",circular,264,2700,101,8,6,18,511.8739336829131,2
270,12,8,"ry, rx",circular,216,4900,114,9,9,14,513.7881667279323,2
271,25,6,"ry, rz, rx",circular,525,2600,171,9,7,17,514.0316247188447,2
272,14,9,ry,circular,140,2400,136,8,6,18,516.5616054564019,2
273,13,4,rx,circular,65,1200,57,6,5,19,518.4070751943203,2
274,12,5,ry,circular,72,1600,66,8,7,13,519.3920137166193,2
275,17,7,"ry, rx, rz",circular,408,1400,143,5,7,18,523.1857297707212,2
276,23,6,rz,circular,161,1900,145,5,7,15,527.8659805000622,2
277,12,8,"rz, ry, rx",circular,324,1500,123,6,7,11,530.0564642336299,2
278,21,7,ry,circular,168,1700,155,9,9,16,530.317890752828,2
279,19,5,"rz, rx",circular,228,4300,107,5,8,18,531.0336451928714,2
280,10,8,ry,circular,90,4100,89,7,7,18,532.8253800829236,2
281,16,6,ry,circular,112,2000,103,9,6,14,534.7612475906365,2
282,21,6,ry,circular,147,1200,133,5,7,16,535.7198716543174,2
283,14,6,"rz, ry, rx",circular,294,5000,105,5,5,11,536.6809302826573,2
284,15,6,"ry, rx",circular,210,3800,104,8,7,15,539.2818296649968,2
285,13,5,ry,circular,78,3200,71,7,7,13,539.3004842711512,2
286,24,5,"rz, ry, rx",circular,432,2000,138,5,6,18,540.6100143923815,2
287,18,6,rx,circular,126,2500,115,5,8,18,543.9409016754653,2
288,21,5,rz,circular,126,4000,111,7,8,18,544.0070755312998,2
289,16,7,"ry, rx, rz",circular,384,4500,136,8,5,14,545.8910532383165,2
290,22,9,"rz, ry",circular,440,1700,218,8,5,11,549.3476407598986,2
291,19,8,"rx, rz, ry",circular,513,3200,179,8,8,16,551.675677445788,2
292,13,7,rz,circular,104,4600,99,9,7,10,554.326654576829,2
293,19,6,ry,circular,133,4600,121,9,6,13,554.8988259711606,2
294,25,7,"rx, rz, ry",circular,600,2800,199,8,7,15,556.4861702986016,2
295,17,6,"rx, ry, rz",circular,357,2300,123,5,7,10,557.0839939224068,2
296,19,8,"ry, rz",circular,342,2900,170,7,7,13,557.5376113813196,2
297,10,6,"rz, ry",circular,140,1200,74,6,5,19,563.3488637209632,2
298,20,5,"rx, ry",circular,240,4900,112,7,5,16,563.6152473343781,2
299,17,6,"rx, ry",circular,238,4800,116,5,9,14,563.8030667474694,2
300,17,5,"rz, rx, ry",circular,306,1800,103,8,8,12,565.6272540916337,2
301,21,6,"rx, ry",circular,294,5000,140,7,6,18,572.349405659092,2
302,24,8,"rz, ry",circular,432,2600,210,7,6,11,574.2969168703424,2
303,15,6,"ry, rx",circular,210,2400,104,9,5,10,580.4408344769168,2
304,16,7,"rx, ry",circular,256,1800,128,8,7,17,580.8707096617112,2
305,10,7,rz,circular,80,1900,78,8,8,14,581.8721591445735,2
306,12,6,"rx, rz, ry",circular,252,4800,93,9,8,16,582.0974223506418,2
307,20,9,"ry, rx, rz",circular,600,4700,210,7,9,10,582.4567083274525,2
308,19,7,ry,circular,152,3300,141,7,6,18,586.4010968331703,2
309,21,9,"ry, rx, rz",circular,630,2400,219,9,5,17,588.571211746613,2
310,20,5,"rz, ry",circular,240,1200,112,6,5,16,590.4531391652438,2
311,18,3,"rz, ry, rx",circular,216,2500,66,5,5,12,594.4895733306489,2
312,25,8,"ry, rx",circular,450,2000,218,8,5,14,595.4907865783049,2
313,10,8,rx,circular,90,1600,89,9,5,15,596.0537401869965,2
314,18,9,"rx, ry, rz",circular,540,2000,192,8,8,10,596.861895224061,2
315,24,7,"ry, rz",circular,384,3600,184,5,7,14,597.1541890727528,2
316,11,5,"rz, rx",circular,132,1300,67,8,9,10,602.3109205658534,2
317,18,9,"ry, rx, rz",circular,540,3100,192,9,9,19,602.4464822953655,2
318,19,5,rz,circular,114,4900,101,5,9,11,604.0411028781895,2
319,15,8,"ry, rx, rz",circular,405,2400,147,9,6,12,607.4710025847429,2
320,15,4,"rx, ry, rz",circular,225,3800,75,5,8,19,608.4292257470047,2
321,18,7,"rz, rx",circular,288,3400,142,8,7,14,616.2245748039782,2
322,20,6,"rx, ry",circular,280,3400,134,5,6,19,616.9953417737179,2
323,23,6,"rz, ry, rx",circular,483,4800,159,6,9,12,617.3223077710983,2
324,13,7,"rx, ry, rz",circular,312,4900,115,6,6,10,621.831065812896,2
325,25,4,"rx, ry, rz",circular,375,2400,115,7,6,17,625.5818785429781,2
326,12,6,"rz, rx",circular,168,2400,86,9,9,12,625.6162869813795,2
327,21,6,"rz, ry, rx",circular,441,1800,147,5,6,12,627.0450687260886,2
328,22,7,"ry, rx, rz",circular,528,3800,178,8,5,14,627.4774925235256,2
329,13,8,"rx, rz",circular,234,3900,122,6,8,15,628.2804620763364,2
330,20,6,"rz, rx, ry",circular,420,2000,141,7,7,16,633.755695102406,2
331,19,4,rx,circular,95,1000,81,5,6,17,635.3766027805574,2
332,21,6,"rz, ry, rx",circular,441,2300,147,5,7,12,636.9548654838737,2
333,17,6,"rx, rz",circular,238,4000,116,7,6,18,637.0111035011963,2
334,22,8,rz,circular,198,3400,185,8,5,16,637.2340952125757,2
335,17,9,rz,circular,170,4000,163,5,9,15,638.3865617287181,2
336,18,6,rx,circular,126,1400,115,6,9,12,641.2649564888477,2
337,11,7,"rx, rz",circular,176,3100,93,5,9,18,641.8294006510288,2
338,11,8,rx,circular,99,1400,97,6,6,13,642.4199896589856,2
339,19,4,"rx, ry",circular,190,2500,86,5,7,18,643.0198335778786,2
340,24,7,"rz, rx, ry",circular,576,4400,192,5,7,18,644.2776942494507,2
341,11,7,"rx, rz",circular,176,4200,93,9,5,16,644.5329593200112,2
342,22,8,"rz, rx, ry",circular,594,3300,203,7,8,11,646.3858961067326,2
343,21,7,"rz, rx",circular,336,2500,163,9,7,15,649.8240339222643,2
344,25,5,ry,circular,150,3500,131,9,5,17,652.8261755254816,2
345,19,6,ry,circular,133,2400,121,9,5,14,654.9740228343885,2
346,18,5,"rz, ry, rx",circular,324,1300,108,6,7,13,656.9480863543806,2
347,20,9,"ry, rx",circular,400,4300,200,9,6,18,657.7629340215482,2
348,24,5,"ry, rz, rx",circular,432,4100,138,7,9,10,660.9036171920053,2
349,16,8,"rz, rx",circular,288,2000,146,8,5,14,661.9422047048643,2
350,11,6,ry,circular,77,2400,73,5,5,15,662.9967682086808,2
351,12,6,rz,circular,84,4400,79,8,8,13,665.7192375720516,2
352,18,7,rz,circular,144,1300,134,9,7,15,665.8258350971576,2
353,22,9,ry,circular,220,3400,208,7,5,12,667.1507863798645,2
354,20,6,"ry, rz",circular,280,2900,134,6,5,19,667.776413826225,2
355,18,5,rz,circular,108,4400,96,5,6,16,669.4141183062608,2
356,12,5,"ry, rx",circular,144,3700,72,5,6,13,670.8074717893219,2
357,10,8,"ry, rx, rz",circular,270,1200,107,6,6,12,672.718864181488,2
358,18,7,ry,circular,144,1100,134,6,8,15,672.8677762033099,2
359,15,6,"rx, rz, ry",circular,315,1000,111,7,9,15,674.1363228433545,2
360,14,8,"rz, ry, rx",circular,378,4300,139,6,7,19,674.2677358742541,2
361,19,6,"rz, rx, ry",circular,399,2500,135,6,8,17,675.2573656107785,2
362,18,8,"rz, ry",circular,324,1100,162,9,9,13,675.2686258593201,2
363,11,6,"ry, rx",circular,154,1400,80,8,7,19,676.5280150537318,2
364,24,7,"ry, rz, rx",circular,576,3200,192,9,5,19,678.0148465324597,2
365,15,4,"rx, rz",circular,150,2400,70,8,9,18,684.3928195863887,2
366,11,7,"rx, rz, ry",circular,264,3800,101,7,8,15,685.708348532064,2
367,23,5,ry,circular,138,3000,121,6,9,18,691.8766212001684,2
368,25,6,rx,circular,175,3600,157,9,8,10,694.2330090950594,2
369,12,8,"rz, rx, ry",circular,324,3500,123,8,6,16,696.1921194094682,2
370,19,6,"ry, rz, rx",circular,399,3200,135,5,6,16,696.2390793150347,2
371,21,7,"rz, rx",circular,336,2700,163,9,7,13,696.6213484690218,2
372,20,5,ry,circular,120,1500,106,8,9,15,698.8609005102091,2
373,25,7,"rx, ry",circular,400,3400,191,8,9,10,699.0982077541665,2
374,19,9,"ry, rz",circular,380,2300,191,7,6,12,700.4142201331962,2
375,11,8,"rx, rz, ry",circular,297,1900,115,6,5,17,703.1662881871852,2
376,16,5,"rx, ry, rz",circular,288,4000,98,5,7,17,705.0914711252574,2
377,17,9,"rx, ry",circular,340,1600,173,9,9,14,709.4648551587499,2
378,13,8,"rz, ry, rx",circular,351,4000,131,5,9,10,711.9524620091238,2
379,25,8,"rx, ry, rz",circular,675,1200,227,7,5,11,714.5740078170985,2
380,19,6,"rz, ry, rx",circular,399,1500,135,7,9,19,716.678258497163,2
381,12,5,"rz, rx, ry",circular,216,2400,78,8,9,14,716.9573228582993,2
382,21,5,"rx, rz, ry",circular,378,1400,123,8,5,14,721.6072315738254,2
383,13,7,"rx, rz, ry",circular,312,2200,115,8,6,12,723.2895503680766,2
384,14,6,ry,circular,98,4400,91,6,8,15,727.7070737861884,2
385,25,6,"ry, rz, rx",circular,525,3100,171,8,9,11,727.9811263658709,2
386,16,6,ry,circular,112,3200,103,7,7,15,730.6748245792735,2
387,21,7,"ry, rz, rx",circular,504,1900,171,9,7,16,730.9633011884082,2
388,15,6,ry,circular,105,4400,97,5,9,14,731.6066951801366,2
389,19,5,ry,circular,114,2500,101,6,5,14,734.5300013717454,2
390,14,8,ry,circular,126,1100,121,5,9,15,736.5090062830437,2
391,25,6,"rx, rz",circular,350,3200,164,8,9,17,740.3960420563883,2
392,18,6,rz,circular,126,1600,115,9,6,13,745.464710779655,2
393,14,6,ry,circular,98,1800,91,9,5,16,748.4764532578645,2
394,18,5,rx,circular,108,4000,96,9,7,13,748.5235884864037,2
395,17,10,"rz, ry, rx",circular,561,3100,203,9,7,11,749.3671059891896,2
396,12,6,"ry, rx, rz",circular,252,4800,93,9,7,15,751.9045527797889,2
397,18,8,rx,circular,162,1200,153,6,7,18,755.9348970769605,2
398,16,6,rx,circular,112,4100,103,6,5,19,756.3073020348359,2
399,11,6,ry,circular,77,4500,73,7,8,13,762.6947605386821,2
400,14,7,"rz, rx",circular,224,3200,114,9,9,16,763.691680018547,2
401,22,6,"rz, rx, ry",circular,462,3300,153,7,7,19,767.7695626439545,2
402,15,7,"rx, rz",circular,240,2200,121,8,9,12,768.2122291243928,2
403,16,8,"rx, rz",circular,288,2800,146,7,8,17,771.4149206184698,2
404,24,6,ry,circular,168,2500,151,5,8,18,771.4300302305152,2
405,24,7,"rx, rz, ry",circular,576,2900,192,6,7,18,772.1959618693015,2
406,11,7,"rx, ry",circular,176,2900,93,9,6,17,773.6623006032823,2
407,20,8,rz,circular,180,1000,169,9,5,10,773.9346431944189,2
408,19,8,ry,circular,171,4600,161,8,5,11,776.1499686348651,2
409,24,6,rz,circular,168,4100,151,6,5,14,778.7188954321468,2
410,20,6,rz,circular,140,1700,127,7,8,12,780.3363819263155,2
411,21,9,rx,circular,210,4100,199,6,8,13,783.663472770653,2
412,18,5,"rx, ry, rz",circular,324,3600,108,9,5,14,785.5394141688084,2
413,14,6,"rz, ry, rx",circular,294,4200,105,6,9,12,787.4027063235998,2
414,22,5,"rz, rx",circular,264,1300,122,5,9,15,787.9332048104419,2
415,17,7,"rz, ry, rx",circular,408,1400,143,5,6,13,789.1627411148687,2
416,17,7,"ry, rz, rx",circular,408,3200,143,9,7,17,791.1357406264175,2
417,18,7,rz,circular,144,3300,134,9,9,17,796.1197396908922,2
418,21,5,ry,circular,126,2500,111,7,7,16,800.4376402649835,2
419,21,10,rx,circular,231,1500,221,6,9,18,800.4544237374741,2
420,25,5,"ry, rz, rx",circular,450,3600,143,9,5,19,800.7658653037892,2
421,12,5,"rx, rz, ry",circular,216,3300,78,6,8,11,802.8817751068789,2
422,20,7,"ry, rz",circular,320,4500,156,7,6,15,804.0278746392819,2
423,19,7,rz,circular,152,3500,141,5,9,11,806.7517445365788,2
424,25,5,"rz, ry, rx",circular,450,1800,143,8,6,16,806.8720911640486,2
425,14,7,"rx, ry",circular,224,4400,114,6,6,18,809.0199113377226,2
426,15,6,rz,circular,105,2400,97,8,5,13,812.3259393419607,2
427,17,7,"rx, rz, ry",circular,408,3400,143,9,5,18,814.339757081886,2
428,20,7,rx,circular,160,1700,148,7,5,15,817.927718928056,2
429,22,4,rx,circular,110,2300,93,6,8,14,824.2515401849047,2
430,17,8,ry,circular,153,1300,145,9,6,16,824.2552265621463,2
431,16,7,"ry, rz, rx",circular,384,1200,136,9,6,16,825.8397577401342,2
432,18,6,ry,circular,126,2600,115,9,9,11,826.667439305364,2
433,17,8,rz,circular,153,2900,145,7,7,13,827.6925329824279,2
434,11,7,rz,circular,88,2000,85,7,9,12,828.9105294994639,2
435,20,9,"rz, rx",circular,400,1100,200,5,9,15,830.576592611859,2
436,25,7,"rx, rz, ry",circular,600,1700,199,9,6,12,831.3796231888014,2
437,19,5,ry,circular,114,3700,101,6,5,18,833.4105563581286,2
438,10,7,rz,circular,80,3600,78,9,6,17,836.2358110209314,2
439,23,7,"rx, rz",circular,368,3700,177,8,6,13,840.3945342927198,2
440,23,6,"ry, rx",circular,322,2100,152,8,9,12,842.7101550477618,2
441,22,9,"rx, ry, rz",circular,660,1600,228,8,9,10,842.8256323133764,2
442,19,7,"rz, ry, rx",circular,456,4500,157,5,7,16,843.661066775314,2
443,17,8,"rz, rx, ry",circular,459,1900,163,5,9,11,844.0288582213664,2
444,16,7,"rz, ry",circular,256,4000,128,9,7,15,845.0739916017011,2
445,22,6,"rz, rx, ry",circular,462,4600,153,8,6,18,846.2774075594676,2
446,19,8,"ry, rx",circular,342,3300,170,6,9,11,846.2846859092937,2
447,16,6,"rx, rz",circular,224,1200,110,9,9,16,848.1420643493053,2
448,19,7,"rz, ry, rx",circular,456,2000,157,8,9,12,849.8734242567298,2
449,10,6,"rx, rz, ry",circular,210,3600,81,6,6,18,857.993099157233,2
450,19,8,"rz, rx",circular,342,2000,170,5,9,16,863.4815110494611,2
451,15,5,ry,circular,90,4200,81,6,6,10,868.4674386789442,2
452,20,9,"rz, rx",circular,400,3300,200,6,5,15,870.3566668870164,2
453,14,4,rx,circular,70,3000,61,9,5,12,870.9032175631636,2
454,11,3,"ry, rx",circular,88,4500,41,8,7,19,873.1676824618772,2
455,21,6,"rx, ry, rz",circular,441,2800,147,7,9,16,879.5889045872459,2
456,17,7,"rx, rz, ry",circular,408,4100,143,7,8,10,879.9875023754252,2
457,18,6,"ry, rx",circular,252,3500,122,6,7,13,881.130409707726,2
458,23,5,"rz, ry, rx",circular,414,2900,133,9,9,11,881.6953977760766,2
459,10,6,"rz, ry",circular,140,2800,74,6,9,18,882.7642182879619,2
460,13,8,rz,circular,117,3000,113,9,8,18,887.6373951880578,2
461,21,6,"ry, rx",circular,294,3800,140,5,5,12,888.467857722447,2
462,15,5,"ry, rx, rz",circular,270,1100,93,8,8,18,892.847450206207,2
463,16,7,"rz, rx",circular,256,4600,128,6,7,15,893.1344380207998,2
464,22,6,"ry, rz",circular,308,3600,146,8,8,10,894.7712055670594,2
465,15,8,"ry, rz, rx",circular,405,3700,147,5,6,13,896.3664325534132,2
466,13,8,"ry, rx",circular,234,3000,122,9,8,12,903.0302639971044,2
467,14,7,"rx, ry",circular,224,3600,114,5,6,16,903.4337802605041,2
468,18,6,rx,circular,126,3700,115,6,6,11,908.21171090629,2
469,20,4,"ry, rx",circular,200,4000,90,7,5,10,908.3998715292743,2
470,18,6,"ry, rx",circular,252,1100,122,5,7,15,909.5102629309418,2
471,13,7,"rx, rz",circular,208,4600,107,6,6,18,909.5358400670362,2
472,21,7,"rz, rx",circular,336,5000,163,6,8,18,909.7835091683127,2
473,11,5,"rx, ry, rz",circular,198,4900,73,5,8,13,910.9227326471607,2
474,17,6,"rz, ry, rx",circular,357,4400,123,9,7,14,911.0360632486096,2
475,21,4,"rx, ry, rz",circular,315,3300,99,6,5,12,913.0100020782572,2
476,24,7,rz,circular,192,1500,176,9,6,18,914.9219339474053,2
477,21,8,"ry, rx, rz",circular,567,4800,195,6,8,10,918.9425495323114,2
478,17,9,"rz, rx",circular,340,2100,173,7,8,18,920.9330498921497,2
479,11,6,rx,circular,77,1200,73,8,7,19,927.4391983167276,2
480,24,8,"rz, rx, ry",circular,648,2900,219,5,6,12,928.2698368405453,2
481,18,8,rz,circular,162,5000,153,8,9,14,929.4713490383946,2
482,21,7,rz,circular,168,2000,155,8,6,15,929.6288877497514,2
483,15,5,"rz, rx",circular,180,2500,87,5,6,15,933.9079940203262,2
484,17,8,"rx, ry, rz",circular,459,1900,163,5,7,15,933.9096328625449,2
485,12,3,"ry, rz, rx",circular,144,1000,48,5,6,18,934.2050530462033,2
486,21,6,"ry, rz",circular,294,2300,140,8,6,10,936.2555166912839,2
487,22,8,rz,circular,198,4200,185,9,5,13,941.3433646615541,2
488,24,6,ry,circular,168,4400,151,9,7,14,943.9693825526056,2
489,21,7,"ry, rz",circular,336,5000,163,9,8,13,951.8886287262342,2
490,24,5,rx,circular,144,4300,126,7,8,10,952.0881843627707,2
491,15,6,"rx, ry, rz",circular,315,1000,111,5,8,15,952.3164118888361,2
492,10,6,rx,circular,70,3800,67,6,7,10,954.6651456554839,2
493,23,8,rx,circular,207,2800,193,6,5,16,954.9430534161779,2
494,14,8,"rx, rz",circular,252,3200,130,5,9,13,958.7195671715109,2
495,14,7,"rz, rx",circular,224,2900,114,9,8,10,962.2798359434856,2
496,17,7,"rz, rx",circular,272,2700,135,7,9,14,962.4082965207599,2
497,15,3,"rz, rx",circular,120,1500,53,8,8,12,962.5364485310367,2
498,19,6,"rz, rx, ry",circular,399,2900,135,5,6,11,968.4124551878036,2
499,18,8,"rx, ry, rz",circular,486,2900,171,8,9,11,970.5858482885127,2
500,12,7,"ry, rz",circular,192,5000,100,7,7,10,981.8123423380998,2
501,10,6,rz,circular,70,4800,67,9,9,16,982.4834773846819,2
502,22,5,ry,circular,132,3700,116,5,6,10,984.5612946392101,2
503,19,5,ry,circular,114,3600,101,9,6,11,989.3182651032433,2
504,18,6,"ry, rz",circular,252,1600,122,5,9,14,989.8088917258466,2
505,20,5,"rz, ry, rx",circular,360,2800,118,9,5,12,991.1504708761477,2
506,20,5,rx,circular,120,1200,106,5,5,15,991.7637381386727,2
507,22,4,"rz, rx",circular,220,4100,98,7,8,16,994.1425413077337,2
508,10,8,"rz, ry, rx",circular,270,2900,107,6,9,10,997.2219760466842,2
509,16,7,"rz, rx, ry",circular,384,3800,136,9,9,17,1000.1475647168422,2
510,17,6,rz,circular,119,1800,109,9,5,15,1001.3280447500493,2
511,19,4,"rz, ry, rx",circular,285,1800,91,6,6,11,1001.839776449276,2
512,22,8,rx,circular,198,1700,185,7,9,15,1003.6396826764142,2
513,10,8,"rx, ry, rz",circular,270,1000,107,5,9,10,1004.6441878033608,2
514,15,6,"rx, ry",circular,210,3100,104,5,8,18,1007.6847655474483,2
515,16,6,rx,circular,112,4200,103,8,8,17,1008.7021457431257,2
516,21,7,"rx, ry",circular,336,2700,163,9,5,18,1010.9810750614663,2
517,17,6,ry,circular,119,3700,109,6,7,13,1011.3598247804273,2
518,14,7,"rx, rz",circular,224,1500,114,5,9,17,1011.7157702907186,2
519,18,6,"rz, ry",circular,252,4500,122,8,7,17,1012.7236051180392,2
520,10,6,"rz, ry",circular,140,3400,74,6,9,12,1015.2878597587874,2
521,18,7,rx,circular,144,1300,134,8,9,14,1020.3631553890798,2
522,14,7,"rx, rz, ry",circular,336,3400,122,7,8,17,1023.188971365896,2
523,15,7,"ry, rz, rx",circular,360,2000,129,9,5,15,1024.149584068654,2
524,24,3,"ry, rx, rz",circular,288,1000,84,6,9,14,1025.0497671662704,2
525,18,5,rx,circular,108,4500,96,6,8,19,1028.4734629688728,2
526,22,4,"ry, rz, rx",circular,330,2900,103,8,9,14,1031.5764421283322,2
527,10,7,"rx, ry, rz",circular,240,1600,94,5,8,17,1032.0716965247898,2
528,22,6,rz,circular,154,1400,139,7,9,11,1032.4156289163175,2
529,17,8,"rx, rz",circular,306,1900,154,7,5,19,1035.3621709040299,2
530,23,8,"ry, rz, rx",circular,621,2500,211,7,6,14,1041.8993850607255,2
531,22,6,"rz, rx",circular,308,3200,146,7,5,12,1043.0782841982023,2
532,13,6,"rz, ry",circular,182,4300,92,9,7,15,1047.422971648104,2
533,18,8,"ry, rz, rx",circular,486,3400,171,7,5,11,1047.7865691489344,2
534,13,5,"rz, ry",circular,156,1300,77,9,9,18,1050.1728062717716,2
535,11,8,ry,circular,99,1600,97,5,7,10,1050.4665474708468,2
536,17,6,rx,circular,119,4000,109,6,9,15,1050.8051083633588,2
537,10,7,rz,circular,80,4200,78,5,5,10,1052.4726160896182,2
538,20,6,rx,circular,140,3800,127,7,5,10,1052.6258091109341,2
539,17,7,"rx, rz, ry",circular,408,3100,143,6,8,11,1053.8263038070766,2
540,16,7,rx,circular,128,1600,120,7,8,14,1059.4214230289977,2
541,24,7,rz,circular,192,4400,176,8,9,16,1061.541428596331,2
542,23,6,ry,circular,161,2900,145,6,5,14,1062.6306553668742,2
543,12,7,rx,circular,96,4100,92,6,8,19,1063.4038355590558,2
544,18,4,"rz, rx",circular,180,1700,82,5,6,14,1067.8416989904117,2
545,10,6,"ry, rx, rz",circular,210,1900,81,9,9,17,1071.335092047207,2
546,21,7,"rz, rx, ry",circular,504,4200,171,7,8,17,1076.5708755049566,2
547,19,7,"ry, rz, rx",circular,456,4600,157,9,5,17,1078.274340232147,2
548,17,6,"rx, ry, rz",circular,357,5000,123,8,8,18,1082.121203622674,2
549,12,8,"rz, rx, ry",circular,324,4700,123,8,6,14,1091.2639405059329,2
550,14,9,"ry, rx, rz",circular,420,2700,156,5,7,11,1093.7372548803398,2
551,17,8,"ry, rx",circular,306,1200,154,7,7,15,1096.7684551580364,2
552,24,5,"rx, ry, rz",circular,432,3400,138,8,6,13,1098.0256723106047,2
553,12,6,"ry, rz",circular,168,2600,86,9,6,12,1098.8056719418948,2
554,14,6,"ry, rx",circular,196,2600,98,7,9,13,1098.8810952550127,2
555,16,6,ry,circular,112,5000,103,5,5,16,1098.9680934984328,2
556,20,7,"rx, rz, ry",circular,480,1600,164,7,7,16,1099.6748966540374,2
557,13,8,"rx, rz, ry",circular,351,3100,131,8,9,17,1103.6086021712683,2
558,23,8,"rz, rx",circular,414,1400,202,7,5,12,1109.0531286629953,2
559,25,7,"rx, rz",circular,400,1000,191,9,6,15,1112.1372622194417,2
560,20,9,"rx, ry, rz",circular,600,1900,210,5,7,19,1114.8997807824517,2
561,11,9,rz,circular,110,1500,109,5,9,19,1116.1869563704693,2
562,25,9,"ry, rz",circular,500,3700,245,6,5,13,1116.7847931268338,2
563,10,8,"rx, ry",circular,180,3600,98,8,8,18,1122.6229863561086,2
564,13,6,ry,circular,91,3300,85,8,9,13,1123.909267988209,2
565,23,6,"ry, rz, rx",circular,483,1700,159,6,5,13,1126.0719687858682,2
566,24,6,"rx, ry, rz",circular,504,2200,165,6,9,11,1127.6769434179162,2
567,17,6,ry,circular,119,2000,109,7,7,17,1128.7626947917588,2
568,13,5,"rz, rx, ry",circular,234,1200,83,8,9,10,1131.1186897660436,2
569,24,7,"rx, ry",circular,384,2700,184,5,9,10,1132.9912345587063,2
570,24,5,"rz, ry",circular,288,3600,132,6,9,11,1136.0992376060713,2
571,22,6,"rz, rx, ry",circular,462,2700,153,8,6,18,1137.3134293562775,2
572,14,8,rx,circular,126,1300,121,7,7,17,1138.2073755685303,2
573,18,9,"rz, ry",circular,360,4400,182,9,7,13,1140.9235232568255,2
574,10,6,"rx, ry",circular,140,3300,74,6,5,10,1142.9898045714522,2
575,14,5,"ry, rx",circular,168,4700,82,9,6,11,1143.0405708495027,2
576,21,6,"rz, rx",circular,294,1300,140,9,6,18,1143.0885686539568,2
577,16,7,"rz, ry, rx",circular,384,1700,136,5,5,17,1143.8703415340285,2
578,20,8,"rz, ry",circular,360,1700,178,8,9,10,1145.6265035114595,2
579,20,7,"rx, rz",circular,320,4600,156,5,5,11,1147.5814492500879,2
580,19,8,"rz, ry",circular,342,4500,170,9,7,12,1147.9335233817774,2
581,22,7,rx,circular,176,4800,162,9,8,13,1147.9426622410874,2
582,23,7,"rx, ry",circular,368,4500,177,9,5,19,1149.030620435848,2
583,13,6,"ry, rx",circular,182,2000,92,7,5,15,1150.5357014858757,2
584,22,8,rx,circular,198,4400,185,8,8,19,1154.6307579086476,2
585,10,7,rz,circular,80,3400,78,6,7,16,1155.193485155049,2
586,11,7,"rz, ry, rx",circular,264,1400,101,8,8,13,1155.547265840755,2
587,20,7,rx,circular,160,1800,148,8,5,15,1156.2023241926802,2
588,24,7,"rz, rx",circular,384,4000,184,9,6,12,1156.609598251698,2
589,25,7,"rz, rx, ry",circular,600,4700,199,5,8,14,1159.914691127626,2
590,25,7,"ry, rz, rx",circular,600,4700,199,7,5,13,1161.8871701556316,2
591,16,5,"rx, ry",circular,192,4000,92,9,5,12,1165.0895447879734,2
592,21,8,rx,circular,189,4100,177,6,8,13,1165.187292425506,2
593,10,7,rz,circular,80,3400,78,9,5,14,1165.189475099841,2
594,23,6,"ry, rx",circular,322,4100,152,9,8,18,1165.3437822959377,2
595,10,4,"ry, rx, rz",circular,150,1100,55,5,7,12,1165.5765452296425,2
596,20,7,"rz, ry, rx",circular,480,2600,164,8,9,11,1166.0007257892196,2
597,24,6,rx,circular,168,4400,151,6,9,13,1168.2079930812704,2
598,13,6,"ry, rx",circular,182,1200,92,9,9,12,1168.4434924260938,2
599,13,7,ry,circular,104,3700,99,7,9,12,1169.5576580161387,2
600,11,4,"ry, rz, rx",circular,165,2000,59,9,8,17,1170.1210983123008,2
601,15,8,"rx, ry, rz",circular,405,4300,147,6,5,19,1172.1765014790958,2
602,19,6,ry,circular,133,3900,121,9,9,15,1174.39416261718,2
603,21,7,"rx, ry, rz",circular,504,4500,171,8,6,18,1175.4274451086908,2
604,23,5,"ry, rx, rz",circular,414,4600,133,9,5,11,1177.8145454354508,2
605,10,8,rx,circular,90,3100,89,7,7,19,1177.868876611338,2
606,21,6,rx,circular,147,2900,133,6,9,17,1178.4389263057553,2
607,11,7,ry,circular,88,3600,85,7,6,16,1180.0726116724709,2
608,19,7,rz,circular,152,5000,141,9,7,10,1181.6136962585601,2
609,17,9,rz,circular,170,3900,163,6,9,10,1181.6487039782744,2
610,17,7,rz,circular,136,4700,127,7,5,10,1189.9680240639989,2
611,13,5,rx,circular,78,1000,71,8,8,15,1191.276214937273,2
612,12,7,"rz, rx, ry",circular,288,3100,108,7,7,13,1192.0319896621118,2
613,20,6,"ry, rx",circular,280,1200,134,8,8,11,1192.7626070575002,2
614,24,7,"ry, rz, rx",circular,576,1100,192,8,5,11,1193.618127363653,2
615,25,7,"ry, rx, rz",circular,600,1600,199,6,6,11,1194.212372663822,2
616,24,5,"rz, rx, ry",circular,432,1000,138,6,7,15,1194.3931483145413,2
617,18,6,"rx, ry, rz",circular,378,1900,129,5,7,17,1195.0416320165032,2
618,12,6,ry,circular,84,1600,79,9,7,14,1195.4780789559784,2
619,22,5,rx,circular,132,1800,116,6,5,16,1197.0552747751256,2
620,21,8,"rx, rz, ry",circular,567,4300,195,8,5,12,1197.1984781661279,2
621,17,6,"rz, ry, rx",circular,357,4700,123,5,8,17,1197.341000865297,2
622,21,7,"ry, rz, rx",circular,504,3000,171,6,5,15,1199.8712748123191,2
623,20,8,"rx, ry",circular,360,1400,178,6,6,12,1200.906904768556,2
624,13,10,"rz, rx",circular,286,3900,152,5,8,17,1201.8473041603656,2
625,16,7,"ry, rz, rx",circular,384,1000,136,8,7,14,1202.1632944396858,2
626,22,8,"ry, rx",circular,396,4000,194,9,7,10,1205.364116331372,2
627,20,6,ry,circular,140,4000,127,8,7,16,1206.7210888122406,2
628,13,6,rx,circular,91,3100,85,6,7,18,1208.7379456718863,2
629,17,6,"ry, rx",circular,238,2500,116,6,5,16,1210.192910497107,2
630,23,8,"rx, rz, ry",circular,621,1600,211,9,9,17,1211.8382943914385,2
631,16,7,"ry, rz, rx",circular,384,2400,136,5,7,14,1214.0363390703296,2
632,23,7,"rx, rz, ry",circular,552,2300,185,7,5,17,1215.6521172497548,2
633,12,6,"rz, ry",circular,168,4100,86,8,9,18,1217.8696310511789,2
634,24,10,ry,circular,264,4400,251,9,5,11,1220.2331456988181,2
635,25,7,"rx, rz, ry",circular,600,1200,199,7,5,10,1221.126954617113,2
636,24,8,"rz, ry",circular,432,4400,210,5,8,19,1222.769775765586,2
637,23,10,rz,circular,253,3000,241,6,7,15,1228.0505617275226,2
638,18,5,"rx, rz",circular,216,3900,102,5,8,11,1234.53578847385,2
639,14,7,"ry, rz, rx",circular,336,4400,122,6,9,14,1236.1636423433954,2
640,15,6,ry,circular,105,4400,97,6,6,14,1237.503638772126,2
641,23,5,ry,circular,138,4700,121,8,6,16,1238.7111109850423,2
642,19,5,rx,circular,114,2400,101,8,7,10,1238.8136255714037,2
643,17,5,"ry, rx",circular,204,3600,97,7,8,17,1239.4190929996898,2
644,21,9,rz,circular,210,2700,199,8,7,13,1248.5548137572696,2
645,14,7,rx,circular,112,5000,106,8,5,16,1252.0602824535458,2
646,19,6,rx,circular,133,4500,121,6,8,11,1252.3843094566862,2
647,14,8,"rz, ry, rx",circular,378,4700,139,5,8,11,1255.204322803145,2
648,13,5,ry,circular,78,1800,71,8,7,18,1257.221217142532,2
649,24,7,rz,circular,192,3000,176,5,5,13,1260.4077867757262,2
650,20,4,rx,circular,100,2400,85,9,8,13,1261.3833757475422,2
651,10,8,"ry, rx, rz",circular,270,1000,107,8,7,18,1261.9444699167195,2
652,18,8,"rz, ry",circular,324,4500,162,9,9,17,1262.2303740366722,2
653,13,8,"rz, ry, rx",circular,351,3000,131,5,5,16,1262.7368278831304,2
654,25,7,rz,circular,200,4900,183,6,8,11,1263.135312052769,2
655,15,6,"ry, rx",circular,210,2200,104,8,7,17,1265.7985414013938,2
656,16,7,rz,circular,128,3500,120,5,6,14,1265.8164259720932,2
657,18,6,ry,circular,126,4800,115,8,9,14,1266.2960540108056,2
658,12,6,rx,circular,84,2100,79,6,6,10,1271.2268309449603,2
659,12,6,"ry, rx, rz",circular,252,3300,93,7,8,18,1272.8464046232998,2
660,13,3,ry,circular,52,3600,43,5,7,10,1272.8702847076206,2
661,13,5,"ry, rz",circular,156,3900,77,5,5,15,1275.8146430380566,2
662,12,5,"rz, rx",circular,144,4200,72,7,7,18,1276.862040125824,2
663,15,5,"ry, rx",circular,180,2600,87,8,8,19,1279.3186306463142,2
664,14,7,"rz, rx",circular,224,4000,114,7,9,11,1279.9001026469248,2
665,15,8,rx,circular,135,2300,129,7,8,12,1283.7833520653076,2
666,25,5,ry,circular,150,1600,131,5,7,15,1287.5994931520563,2
667,20,5,"rx, rz",circular,240,1300,112,7,6,12,1288.5692543623513,2
668,21,5,"rz, rx, ry",circular,378,5000,123,6,8,18,1289.8011626387765,2
669,22,4,"ry, rz, rx",circular,330,4400,103,9,5,11,1291.2175593557704,2
670,20,9,"ry, rz",circular,400,3000,200,9,5,15,1295.1209335321032,2
671,13,5,rx,circular,78,3100,71,8,5,16,1295.3707606806827,2
672,10,6,rz,circular,70,3000,67,7,7,19,1295.6546640519164,2
673,15,9,"rz, ry",circular,300,3700,155,6,5,19,1296.5512597777354,2
674,14,7,"rz, ry",circular,224,3800,114,9,7,11,1298.0338688018167,2
675,22,5,rx,circular,132,3800,116,8,8,10,1298.1866909448652,2
676,11,6,"ry, rz, rx",circular,231,3000,87,6,6,17,1301.3388117637983,2
677,22,6,"rx, ry, rz",circular,462,3500,153,6,7,17,1307.1303187110382,2
678,20,8,rz,circular,180,3700,169,9,6,12,1308.1896221456955,2
679,20,8,rz,circular,180,4300,169,6,8,19,1311.8023013123181,2
680,20,6,rx,circular,140,4100,127,7,9,10,1314.618881876445,2
681,12,3,rx,circular,48,2700,40,9,8,11,1315.912215352458,2
682,10,7,"rz, ry, rx",circular,240,2400,94,6,9,16,1315.978290710152,2
683,18,5,"ry, rx",circular,216,1400,102,7,9,19,1319.0123131333974,2
684,14,6,"rx, ry",circular,196,4400,98,8,9,16,1322.916754316824,2
685,17,6,"rx, ry",circular,238,3600,116,6,5,13,1323.5987656940836,2
686,16,8,rz,circular,144,2600,137,5,8,18,1323.792673058332,2
687,15,6,"ry, rx, rz",circular,315,1100,111,5,6,14,1324.613718337979,2
688,23,4,"rz, rx",circular,230,2200,102,5,9,15,1331.2805172158291,2
689,23,9,"ry, rx",circular,460,5000,227,8,8,11,1331.554320456965,2
690,15,7,rz,circular,120,1400,113,6,9,10,1332.9206202134133,2
691,13,8,rz,circular,117,3700,113,5,5,18,1336.2114365750374,2
692,25,5,rz,circular,150,5000,131,9,7,11,1337.1365328341064,2
693,15,10,"rz, ry",circular,330,4400,172,9,5,19,1344.400915088174,2
694,12,7,"rx, rz",circular,192,1600,100,8,8,19,1344.4251156480846,2
695,17,7,"rz, rx",circular,272,1100,135,9,5,15,1344.7616075465774,2
696,12,6,rz,circular,84,4300,79,5,5,11,1348.4936572077854,2
697,12,3,rz,circular,48,2700,40,5,9,15,1348.757673973611,2
698,15,3,"rx, ry, rz",circular,180,2200,57,8,8,19,1349.661616070257,2
699,24,7,"rz, ry, rx",circular,576,2400,192,8,9,19,1349.9139949229166,2
700,13,7,"ry, rx, rz",circular,312,3600,115,8,6,11,1350.1839649812773,2
701,12,5,rz,circular,72,2900,66,5,9,17,1350.7842946373955,2
702,18,4,"rz, rx, ry",circular,270,3000,87,6,9,11,1354.6990856435887,2
703,17,6,rx,circular,119,1700,109,8,8,16,1354.7211414515052,2
704,23,7,"ry, rx, rz",circular,552,1500,185,7,6,13,1358.9154795590725,2
705,18,6,"ry, rx, rz",circular,378,3500,129,5,9,16,1359.3789635073251,2
706,25,7,rx,circular,200,4800,183,7,8,15,1361.9285225776566,2
707,12,6,"ry, rx",circular,168,2400,86,6,8,18,1365.2234668773785,2
708,19,7,"rz, rx, ry",circular,456,4800,157,9,9,12,1370.5620820302854,2
709,14,7,rx,circular,112,1800,106,9,5,13,1372.1027382938491,2
710,12,5,"ry, rx",circular,144,4400,72,6,9,19,1372.4946245472702,2
711,10,8,"rx, rz, ry",circular,270,2200,107,8,5,17,1372.8015772728504,2
712,19,6,"ry, rx, rz",circular,399,1200,135,5,7,19,1374.314225349692,2
713,23,7,rz,circular,184,2000,169,9,8,13,1374.6230347799537,2
714,14,7,"rx, rz",circular,224,1900,114,6,9,12,1377.7379859063594,2
715,21,7,"rz, rx, ry",circular,504,4400,171,9,7,14,1379.5469620847632,2
716,10,6,"ry, rx",circular,140,3400,74,5,7,18,1383.5290606048507,2
717,20,6,"rx, rz",circular,280,3800,134,8,5,10,1383.590244746182,2
718,10,3,"rx, ry, rz",circular,120,3600,42,5,7,12,1385.6697374773225,2
719,21,6,"rz, ry, rx",circular,441,3900,147,5,9,19,1385.7498574086787,2
720,11,7,ry,circular,88,4100,85,5,6,19,1387.4376021857433,2
721,16,5,rx,circular,96,3800,86,9,9,11,1388.0532876038938,2
722,21,4,"ry, rx",circular,210,2700,94,6,6,19,1389.9331485312603,2
723,11,7,"rz, rx, ry",circular,264,2400,101,5,6,19,1391.9613351337835,2
724,17,8,"ry, rz, rx",circular,459,1400,163,8,5,17,1393.053925047149,2
725,20,10,rx,circular,220,2000,211,8,6,17,1397.9231491231399,2
726,24,6,rx,circular,168,2900,151,7,9,13,1398.3315144798771,2
727,15,5,"ry, rx",circular,180,3800,87,9,6,18,1399.791259838098,2
728,13,5,rz,circular,78,3200,71,5,7,17,1405.7213282176763,2
729,16,8,"rx, rz",circular,288,4800,146,7,7,12,1408.452228633916,2
730,13,7,"rz, ry, rx",circular,312,1700,115,9,6,10,1410.1590258410438,2
731,24,7,"ry, rz, rx",circular,576,2400,192,9,8,14,1411.527612065752,2
732,19,8,"ry, rz",circular,342,3000,170,9,8,16,1414.5185076001828,2
733,23,5,"ry, rz, rx",circular,414,3800,133,9,5,10,1414.691774943411,2
734,11,5,"ry, rz, rx",circular,198,1300,73,8,8,10,1415.4938650540375,2
735,19,9,"ry, rz, rx",circular,570,1100,201,7,9,13,1416.4130124071683,2
736,20,5,"rz, ry, rx",circular,360,2200,118,6,5,14,1417.9212233649228,2
737,10,7,"ry, rz",circular,160,1500,86,8,7,19,1423.4437082849104,2
738,10,3,"rz, ry",circular,80,1900,38,6,5,17,1425.009834614263,2
739,11,5,ry,circular,66,1000,61,6,6,17,1431.6763125588027,2
740,21,6,"ry, rz",circular,294,1900,140,5,6,18,1434.511110979398,2
741,21,7,"rx, rz, ry",circular,504,4200,171,9,7,16,1435.5663794417426,2
742,21,8,rx,circular,189,1300,177,8,5,16,1435.7867025184912,2
743,13,6,"ry, rz",circular,182,4100,92,5,6,13,1437.320632400509,2
744,21,5,ry,circular,126,3500,111,7,7,10,1440.342878525781,2
745,13,5,"rz, ry, rx",circular,234,3600,83,8,7,10,1440.549697456445,2
746,18,8,rz,circular,162,4000,153,5,7,13,1441.088333149705,2
747,18,5,"rz, rx, ry",circular,324,2300,108,9,5,14,1445.3393911683063,2
748,18,5,"ry, rz, rx",circular,324,4100,108,8,9,12,1446.6381804372115,2
749,21,7,"rz, rx",circular,336,2400,163,6,5,10,1450.2405457191578,2
750,10,6,"rx, rz",circular,140,4800,74,7,5,15,1451.0953064719793,2
751,16,5,"ry, rz",circular,192,4800,92,9,6,12,1452.0206541803916,2
752,13,7,"ry, rx, rz",circular,312,3900,115,6,8,18,1453.7198738361883,2
753,22,8,rx,circular,198,2800,185,9,9,12,1453.8159017144928,2
754,17,7,rz,circular,136,1700,127,9,7,19,1453.945610101818,2
755,11,8,"rx, rz, ry",circular,297,4500,115,6,9,17,1459.6560815072596,2
756,24,6,"rz, ry",circular,336,1400,158,5,8,14,1460.8044593691461,2
757,24,6,"ry, rx",circular,336,4200,158,7,7,14,1462.9426705868063,2
758,16,8,"rx, ry",circular,288,4500,146,6,7,16,1463.2259590285994,2
759,21,8,"rx, rz",circular,378,2200,186,6,9,17,1463.8311427138797,2
760,11,6,"rz, rx",circular,154,2200,80,9,8,17,1465.9184223251202,2
761,23,8,rz,circular,207,4000,193,9,8,17,1466.8720387016335,2
762,11,7,rx,circular,88,1500,85,6,8,12,1471.498731984203,2
763,21,8,"rz, rx",circular,378,3600,186,9,8,11,1473.0672060140448,2
764,14,7,rx,circular,112,3100,106,5,5,18,1473.7103759760325,2
765,19,7,rz,circular,152,4900,141,5,5,13,1474.0252644570126,2
766,15,6,"rx, ry, rz",circular,315,4000,111,5,9,15,1474.0984528362642,2
767,14,8,ry,circular,126,3500,121,5,9,18,1474.2472280764912,2
768,23,7,"rx, ry, rz",circular,552,3900,185,7,7,14,1477.5876815695694,2
769,14,7,"rx, rz",circular,224,1300,114,5,8,13,1479.3162603377812,2
770,23,7,"rz, ry, rx",circular,552,1500,185,8,7,19,1480.9531361821462,2
771,18,6,"ry, rz, rx",circular,378,4700,129,9,5,18,1486.6852610716178,2
772,18,6,"ry, rz, rx",circular,378,2400,129,6,5,17,1492.6822689482915,2
773,24,8,rz,circular,216,3000,201,8,5,13,1497.740259769921,2
774,23,8,"rx, ry, rz",circular,621,1300,211,7,9,12,1497.8411861726977,2
775,20,8,"rx, rz",circular,360,3600,178,9,5,16,1498.961282279462,2
776,22,6,"rx, rz",circular,308,1800,146,7,8,13,1499.304546204983,2
777,24,6,rz,circular,168,3200,151,6,6,11,1502.229789356245,2
778,12,8,"rz, ry",circular,216,3400,114,9,5,15,1503.9966013506942,2
779,20,5,rz,circular,120,4600,106,9,5,12,1505.161640804075,2
780,24,5,"rz, ry, rx",circular,432,3500,138,5,7,16,1507.4233050680427,2
781,23,4,"rx, ry",circular,230,3300,102,5,9,13,1507.6475520644826,2
782,22,5,"rx, rz, ry",circular,396,1100,128,8,7,14,1508.9149925295787,2
783,13,8,rx,circular,117,2700,113,9,9,10,1509.9011933278757,2
784,14,8,"ry, rx, rz",circular,378,2700,139,5,8,12,1513.5270248338174,2
785,15,7,rx,circular,120,4100,113,5,7,17,1513.9591985979248,2
786,22,6,rz,circular,154,4700,139,5,6,10,1519.3005820906665,2
787,21,6,rx,circular,147,2500,133,9,9,19,1519.7592227198234,2
788,21,8,"rx, ry",circular,378,2800,186,5,6,13,1519.8208926195323,2
789,19,7,"rx, rz",circular,304,3500,149,8,9,17,1523.1535889547526,2
790,14,7,"ry, rz",circular,224,2800,114,7,5,10,1523.7892419975137,2
791,23,6,rz,circular,161,2800,145,9,5,17,1526.480919617952,2
792,11,6,ry,circular,77,4200,73,6,6,11,1528.5288234263726,2
793,21,5,"rx, rz, ry",circular,378,2700,123,9,5,19,1530.9105104179112,2
794,22,7,rz,circular,176,3100,162,9,7,16,1531.7500145679326,2
795,16,8,"rx, ry, rz",circular,432,4600,155,7,6,19,1531.9650210911786,2
796,19,8,rz,circular,171,4000,161,9,6,10,1533.4650489436592,2
797,13,7,"ry, rz, rx",circular,312,3700,115,6,7,13,1540.3602077036367,2
798,12,5,"ry, rz, rx",circular,216,2500,78,6,5,18,1542.1868730507554,2
799,18,7,ry,circular,144,3200,134,9,8,11,1543.5772102152894,2
800,10,7,rx,circular,80,1800,78,9,8,17,1543.7723749088586,2
801,20,8,"ry, rx, rz",circular,540,2200,187,9,8,16,1548.6636955099273,2
802,25,7,ry,circular,200,3100,183,6,5,12,1549.9197303238122,2
803,16,5,"ry, rx",circular,192,4400,92,9,7,12,1551.0900401214726,2
804,24,5,"rx, ry",circular,288,3800,132,6,6,16,1552.4630374623803,2
805,18,5,"rz, rx",circular,216,1300,102,6,6,12,1552.5433936575357,2
806,11,7,"ry, rz, rx",circular,264,1700,101,6,5,11,1555.9656861294343,2
807,16,9,"ry, rz, rx",circular,480,3500,174,8,7,13,1557.5977065742388,2
808,21,8,rz,circular,189,2700,177,8,7,13,1559.5531292874398,2
809,22,9,"rz, rx, ry",circular,660,1700,228,8,7,15,1562.2056445156197,2
810,21,7,"rx, ry",circular,336,3700,163,6,9,12,1562.2265480665355,2
811,23,7,rx,circular,184,3800,169,8,6,19,1562.5665492063622,2
812,10,6,"rx, rz, ry",circular,210,3800,81,5,6,17,1563.595241870772,2
813,14,4,"rx, ry, rz",circular,210,3400,71,8,6,15,1564.6344659097845,2
814,21,6,rx,circular,147,3600,133,6,6,12,1565.367135661992,2
815,17,7,"rx, ry, rz",circular,408,4200,143,5,5,11,1565.634394852337,2
816,13,6,"rz, rx",circular,182,5000,92,8,5,16,1568.5850860319006,2
817,20,8,rz,circular,180,2500,169,7,9,17,1568.8309239925516,2
818,24,8,"rx, rz, ry",circular,648,4500,219,6,9,17,1574.7094694970342,2
819,22,9,ry,circular,220,4400,208,5,8,10,1575.1786121613304,2
820,20,9,rx,circular,200,2100,190,9,5,11,1576.0331047618288,2
821,18,8,"ry, rx, rz",circular,486,1100,171,6,8,18,1577.5882351571677,2
822,14,5,"rx, ry, rz",circular,252,4000,88,5,9,19,1577.8951749680807,2
823,15,6,"rz, rx, ry",circular,315,2800,111,8,6,17,1577.9108252047138,2
824,23,4,"rx, rz, ry",circular,345,4300,107,5,9,12,1583.6070290869122,2
825,12,6,rx,circular,84,4800,79,7,7,19,1585.1024469494587,2
826,23,5,"rz, ry",circular,276,4500,127,7,7,18,1585.6979045845605,2
827,16,7,"rx, rz, ry",circular,384,3400,136,9,9,10,1585.7446654653293,2
828,10,6,"ry, rx",circular,140,1900,74,7,6,17,1589.6824042801782,2
829,22,8,"ry, rz",circular,396,2400,194,6,8,14,1589.9335039750777,2
830,19,7,"rx, rz, ry",circular,456,3500,157,9,8,16,1601.3777755204976,2
831,13,7,rx,circular,104,3400,99,8,8,14,1604.195635688465,2
832,12,3,"ry, rx, rz",circular,144,3400,48,5,5,14,1605.6964699509065,2
833,25,5,ry,circular,150,3200,131,9,6,17,1606.8773744369375,2
834,11,7,ry,circular,88,4700,85,6,8,16,1608.3365370137926,2
835,20,6,"ry, rx",circular,280,4300,134,9,7,17,1609.1039850860293,2
836,23,10,rx,circular,253,5000,241,5,5,19,1615.5811773358869,2
837,24,6,"rz, ry, rx",circular,504,1000,165,8,7,13,1620.0754478635572,2
838,10,8,"ry, rz, rx",circular,270,3100,107,8,9,13,1620.5328100104496,2
839,15,6,rz,circular,105,2000,97,8,6,14,1622.504639736683,2
840,19,5,rx,circular,114,1600,101,9,9,15,1624.595973457809,2
841,19,6,rz,circular,133,1300,121,5,8,11,1625.9426056001257,2
842,20,6,"rz, rx, ry",circular,420,4900,141,7,7,15,1627.4709578805023,2
843,16,8,"rz, rx",circular,288,3700,146,9,7,14,1630.8467904854522,2
844,16,7,rx,circular,128,3900,120,8,6,10,1631.6962223964506,2
845,16,7,"rz, rx, ry",circular,384,3900,136,7,5,13,1634.3964869868505,2
846,17,3,"rz, rx",circular,136,1400,59,9,5,10,1635.2778080911035,2
847,24,5,"ry, rx",circular,288,4600,132,8,6,12,1639.6021438834787,2
848,24,6,"ry, rx, rz",circular,504,3500,165,5,6,11,1639.6105062869094,2
849,14,6,"rx, ry, rz",circular,294,4800,105,6,6,15,1639.641358149366,2
850,12,5,"rx, rz",circular,144,1900,72,6,6,14,1641.0188884770926,2
851,20,9,ry,circular,200,4400,190,7,5,12,1641.6628063584292,2
852,15,6,rz,circular,105,2100,97,5,7,18,1643.073553458857,2
853,23,9,"rz, rx, ry",circular,690,3700,237,5,8,17,1644.843552257795,2
854,22,9,"ry, rz, rx",circular,660,4800,228,6,6,13,1645.0034329069533,2
855,15,6,"ry, rx",circular,210,4700,104,9,8,12,1647.0146584358686,2
856,18,8,rz,circular,162,2900,153,9,8,12,1647.8326638803494,2
857,14,5,"rx, ry, rz",circular,252,2700,88,8,5,18,1649.1225693924728,2
858,20,10,"rx, rz, ry",circular,660,5000,233,5,5,14,1654.7589045403327,2
859,24,6,ry,circular,168,4700,151,8,8,15,1656.6165045933412,2
860,14,8,ry,circular,126,4800,121,7,5,19,1660.664908960177,2
861,15,7,"rx, rz",circular,240,4400,121,7,5,19,1661.2383461780319,2
862,14,4,rx,circular,70,1400,61,7,7,12,1662.6449300421987,2
863,18,7,ry,circular,144,4800,134,7,6,17,1663.1018564016042,2
864,15,5,rz,circular,90,1600,81,7,7,14,1667.0686511840154,2
865,25,8,ry,circular,225,3800,209,7,6,19,1668.393405239135,2
866,19,9,rz,circular,190,3700,181,9,8,10,1669.000068291305,2
867,21,7,rx,circular,168,1700,155,5,8,10,1670.3769787258464,2
868,14,7,"rz, rx",circular,224,1400,114,7,8,13,1678.5565009920779,2
869,12,6,ry,circular,84,3900,79,9,6,14,1680.2178058449238,2
870,13,5,rx,circular,78,2400,71,9,8,19,1681.5209736422046,2
871,10,7,"rx, rz, ry",circular,240,3700,94,8,8,12,1683.368098220582,2
872,12,6,"ry, rz",circular,168,3000,86,5,8,19,1683.5859250756002,2
873,12,9,"rz, ry",circular,240,3600,128,8,7,16,1684.7218486030526,2
874,15,6,"rz, ry",circular,210,2900,104,7,8,11,1685.1282514732045,2
875,11,5,"rz, ry",circular,132,3400,67,7,9,14,1687.7012367879017,2
876,14,3,"ry, rx, rz",circular,168,1700,54,8,8,14,1691.2820781716666,2
877,19,8,rz,circular,171,1100,161,7,5,11,1691.8951680076202,2
878,23,6,"rz, ry, rx",circular,483,1900,159,6,6,19,1692.7228680390508,2
879,19,8,"ry, rz, rx",circular,513,4400,179,5,9,15,1696.6094218069757,2
880,20,8,ry,circular,180,4000,169,8,5,15,1696.790451098311,2
881,18,6,"rz, rx",circular,252,2800,122,6,9,12,1698.3504484406742,2
882,10,5,"ry, rz",circular,120,3000,62,5,8,15,1698.7439881195,2
883,22,8,ry,circular,198,4200,185,6,6,17,1704.0967068746663,2
884,19,5,"rx, rz",circular,228,3600,107,7,8,17,1706.9676329167223,2
885,11,7,"rz, ry, rx",circular,264,1900,101,9,6,16,1710.8925794946265,2
886,15,8,"rz, ry, rx",circular,405,1600,147,9,8,16,1715.5209385394508,2
887,25,6,"rx, rz, ry",circular,525,4900,171,5,9,16,1715.6314781896035,2
888,18,5,"rx, rz",circular,216,4000,102,7,6,18,1724.8767861881201,2
889,19,5,"rz, ry, rx",circular,342,3300,113,9,6,17,1728.3604529136549,2
890,19,7,"ry, rx",circular,304,1200,149,7,8,15,1729.3998066455508,2
891,21,5,"ry, rx",circular,252,1600,117,5,6,11,1729.685935956757,2
892,20,6,"ry, rx, rz",circular,420,1900,141,5,7,10,1731.1689821873142,2
893,14,7,rx,circular,112,1100,106,8,8,10,1733.1774429029504,2
894,21,6,"ry, rz",circular,294,4500,140,8,5,16,1736.0167959502444,2
895,22,6,"rz, rx",circular,308,4600,146,7,7,10,1738.2269878622,2
896,23,6,ry,circular,161,1400,145,5,8,10,1739.9165555266159,2
897,18,7,rx,circular,144,2500,134,6,5,10,1742.465805516726,2
898,18,7,rx,circular,144,1100,134,6,6,19,1743.1016443887559,2
899,17,9,"rz, ry",circular,340,1500,173,6,9,18,1744.351253206395,2
900,21,6,rz,circular,147,3000,133,5,9,16,1746.9238213969136,2
901,24,8,"ry, rx, rz",circular,648,2300,219,9,9,14,1748.9499132145445,2
902,13,8,"ry, rx",circular,234,2900,122,9,8,14,1749.5926965777658,2
903,25,6,"rz, ry",circular,350,1800,164,9,6,16,1750.6491759842718,2
904,14,5,"rz, ry",circular,168,1600,82,7,6,14,1758.0784071919898,2
905,17,7,rz,circular,136,3500,127,5,8,17,1762.7227385362291,2
906,16,5,"ry, rz",circular,192,4200,92,6,5,10,1762.9899105194277,2
907,15,8,"ry, rz",circular,270,1700,138,8,6,17,1765.0852419727012,2
908,10,5,"rx, rz, ry",circular,180,1200,68,9,5,19,1766.815197127795,2
909,21,6,rx,circular,147,2400,133,8,5,16,1769.380312113293,2
910,18,6,rz,circular,126,3400,115,5,9,10,1770.679441255694,2
911,17,8,"rz, ry, rx",circular,459,3000,163,9,8,12,1770.96215766587,2
912,20,6,rx,circular,140,2800,127,5,8,10,1771.6521318463665,2
913,13,7,"ry, rx",circular,208,2000,107,5,5,10,1773.9039245664721,2
914,12,6,ry,circular,84,3700,79,6,6,13,1774.9580283097462,2
915,10,8,rz,circular,90,2300,89,7,7,16,1777.4472120002329,2
916,14,6,rx,circular,98,1400,91,5,6,11,1783.4027582387346,2
917,24,7,rx,circular,192,2000,176,6,6,13,1788.9494196142173,2
918,17,9,ry,circular,170,3000,163,6,5,10,1790.993935533432,2
919,11,10,ry,circular,121,1900,121,6,8,11,1791.9948192323986,2
920,24,7,"rz, rx",circular,384,4400,184,5,6,19,1795.199212296173,2
921,10,8,"ry, rx, rz",circular,270,4500,107,5,8,15,1795.3789009198583,2
922,24,5,ry,circular,144,4100,126,6,7,15,1796.2612880198665,2
923,25,3,"rx, ry",circular,200,1800,83,9,9,19,1798.1949077413328,2
924,21,7,"rz, ry",circular,336,1600,163,8,5,15,1799.5814105263566,2
925,25,10,"ry, rz",circular,550,1200,272,8,8,11,1800.3305005738914,2
926,23,7,rz,circular,184,1200,169,8,5,16,1804.0510125405758,2
927,16,7,"rz, rx",circular,256,4700,128,5,8,11,1804.9942721399389,2
928,22,8,"ry, rx, rz",circular,594,4300,203,5,9,13,1808.2723755041247,2
929,20,9,rz,circular,200,2100,190,9,7,16,1815.2601200642691,2
930,17,8,"ry, rx, rz",circular,459,3700,163,9,5,13,1815.753675135806,2
931,13,8,"rz, rx",circular,234,2900,122,9,7,16,1817.6130945432399,2
932,19,4,"rx, ry, rz",circular,285,2200,91,5,8,11,1818.132614086108,2
933,21,5,"ry, rz",circular,252,2300,117,6,5,18,1818.4613685041586,2
934,19,5,rz,circular,114,1700,101,8,7,14,1820.7308551842084,2
935,14,9,"rx, ry, rz",circular,420,4300,156,6,6,11,1822.8223873004517,2
936,25,5,"rx, rz",circular,300,2800,137,6,7,15,1825.2957039057922,2
937,17,7,"rz, ry",circular,272,2500,135,9,5,10,1825.6897026510248,2
938,14,7,"rz, rx, ry",circular,336,4900,122,6,9,10,1829.034556605071,2
939,23,7,rz,circular,184,2100,169,7,7,14,1830.5533227789538,2
940,23,7,rz,circular,184,2000,169,9,7,10,1830.5759621487643,2
941,19,5,"rx, ry",circular,228,1400,107,9,8,17,1831.2233618720913,2
942,14,8,"ry, rz, rx",circular,378,3400,139,9,8,12,1831.6555164971164,2
943,25,7,ry,circular,200,1200,183,7,5,18,1833.8810754263945,2
944,23,6,"rx, ry, rz",circular,483,1500,159,5,6,10,1837.5835391601042,2
945,20,4,"rz, ry",circular,200,3400,90,5,7,11,1839.1894038767919,2
946,21,8,"rz, ry, rx",circular,567,4300,195,9,8,14,1840.789200348908,2
947,14,6,"rx, ry, rz",circular,294,4000,105,8,5,18,1841.304798052957,2
948,21,6,"rx, rz, ry",circular,441,2900,147,6,6,11,1853.783385353118,2
949,14,7,rz,circular,112,2500,106,6,7,16,1854.957402848938,2
950,19,8,"rz, ry",circular,342,2200,170,7,8,12,1857.5209617667533,2
951,23,3,"rz, rx",circular,184,3500,77,9,8,14,1857.5716182381723,2
952,15,5,"rz, rx",circular,180,3500,87,6,9,11,1862.4295428248865,2
953,24,6,"rx, ry, rz",circular,504,4700,165,7,5,10,1862.4442557294205,2
954,13,5,"rx, ry",circular,156,4600,77,5,7,18,1862.8287714450769,2
955,22,5,ry,circular,132,3700,116,5,8,18,1868.889331405271,2
956,11,5,"ry, rx",circular,132,3800,67,7,8,17,1868.9373533076043,2
957,10,5,"rz, rx",circular,120,3600,62,6,9,17,1871.314229984859,2
958,22,6,rx,circular,154,1100,139,5,5,15,1872.74934414151,2
959,20,9,"ry, rz",circular,400,3600,200,8,6,19,1875.971413259913,2
960,11,8,"rz, ry",circular,198,2600,106,8,8,16,1877.7001753507534,2
961,21,7,"rz, rx, ry",circular,504,2000,171,5,7,14,1879.8591215812303,2
962,24,4,"ry, rx",circular,240,1300,106,8,6,19,1881.03451825801,2
963,14,6,rx,circular,98,4500,91,6,6,17,1884.655949807519,2
964,21,7,ry,circular,168,4600,155,5,6,12,1890.1346840518277,2
965,20,5,"ry, rz, rx",circular,360,1300,118,6,5,13,1891.7920822810922,2
966,23,5,ry,circular,138,1800,121,5,9,14,1894.3786152673333,2
967,16,8,"ry, rz",circular,288,3100,146,7,9,19,1894.9388316137167,2
968,15,5,ry,circular,90,3700,81,7,8,17,1901.8254011526901,2
969,14,7,"rz, ry, rx",circular,336,3300,122,7,9,10,1902.2522593402364,2
970,19,6,"rz, ry",circular,266,4300,128,8,5,13,1903.0610000320185,2
971,15,3,"ry, rx",circular,120,2700,53,5,5,18,1904.2313564251522,2
972,15,6,"ry, rz",circular,210,2700,104,8,5,15,1904.7323574027846,2
973,14,4,"rx, rz",circular,140,1900,66,9,5,12,1912.1230752826013,2
974,14,7,"ry, rz",circular,224,4200,114,5,9,12,1913.0038628127836,2
975,18,6,"rz, ry",circular,252,4600,122,7,9,19,1914.489504259504,2
976,23,7,"rz, ry, rx",circular,552,3600,185,5,5,15,1915.9698238050723,2
977,24,8,"ry, rz, rx",circular,648,3000,219,9,8,16,1923.1414579576817,2
978,24,5,"ry, rx",circular,288,3900,132,7,6,13,1932.600125563767,2
979,21,6,"ry, rx",circular,294,3800,140,7,9,10,1935.214676140981,2
980,22,7,"rx, rz, ry",circular,528,3800,178,7,5,16,1936.475526039163,2
981,11,6,"ry, rx, rz",circular,231,3000,87,9,6,14,1938.1116098958055,2
982,23,8,ry,circular,207,3200,193,6,9,13,1938.2468637672976,2
983,18,5,"rz, ry",circular,216,2300,102,7,6,12,1939.9715615970897,2
984,13,6,"rx, rz",circular,182,1700,92,8,7,11,1940.077173287913,2
985,14,6,"rx, ry",circular,196,4200,98,6,9,18,1940.938672250004,2
986,20,8,ry,circular,180,4600,169,8,6,14,1940.9645089011346,2
987,17,5,"rx, rz",circular,204,4600,97,9,6,19,1941.0321013082744,2
988,10,10,ry,circular,110,2900,111,7,5,15,1942.4504162986086,2
989,13,7,rx,circular,104,2700,99,8,6,11,1942.4637083844066,2
990,21,5,ry,circular,126,1000,111,5,5,15,1943.675000426122,2
991,10,8,"rx, rz",circular,180,1600,98,5,8,16,1945.274319453113,2
992,12,8,"ry, rx, rz",circular,324,1900,123,6,8,14,1945.833887720948,2
993,21,5,"rx, rz, ry",circular,378,3900,123,9,9,16,1952.0028610071247,2
994,23,7,ry,circular,184,4000,169,6,6,12,1957.907140045007,2
995,18,6,"rx, rz, ry",circular,378,3600,129,9,5,16,1962.8161594802373,2
996,15,4,"rz, rx, ry",circular,225,3200,75,6,5,14,1963.4537258106348,2
997,18,7,"rz, ry",circular,288,4500,142,8,6,18,1964.8635796091999,2
998,11,5,ry,circular,66,1800,61,6,9,14,1965.5938247738777,2
999,23,5,"ry, rx",circular,276,4700,127,8,5,12,1966.2809181078283,2
1000,17,6,"rx, rz, ry",circular,357,4600,123,6,5,11,1966.7835465649446,2
1001,21,5,"rx, ry, rz",circular,378,4000,123,6,7,10,1968.1716490797833,2
1002,22,6,"ry, rz",circular,308,2900,146,8,5,19,1970.9573457130812,2
1003,23,8,ry,circular,207,4800,193,8,5,10,1971.9605167791024,2
1004,12,6,"rx, rz, ry",circular,252,4300,93,5,7,10,1972.863308035633,2
1005,21,6,"rz, rx, ry",circular,441,1100,147,5,5,13,1980.3298098383198,2
1006,23,8,"rx, ry",circular,414,4000,202,5,9,16,1980.6083213652807,2
1007,22,5,"rx, rz, ry",circular,396,4400,128,7,9,18,1981.3613430507335,2
1008,20,7,"rz, rx",circular,320,3300,156,6,7,13,1981.8481984092195,2
1009,16,5,"ry, rz, rx",circular,288,3700,98,9,8,13,1985.921587282066,2
1010,11,5,"rz, ry",circular,132,2000,67,5,5,18,1989.726342992528,2
1011,25,6,"ry, rx",circular,350,4900,164,8,7,18,1990.9723340552762,2
1012,24,6,"rz, ry",circular,336,4100,158,5,7,13,1992.6174130504241,2
1013,21,9,"rz, ry",circular,420,1700,209,9,9,12,1993.3271418269962,2
1014,23,8,"rz, rx",circular,414,4000,202,8,9,15,2000.8809671451859,2
1015,10,6,ry,circular,70,1000,67,9,5,14,2001.7631005264184,2
1016,12,7,rz,circular,96,4200,92,6,6,17,2002.213111284152,2
1017,10,7,"rz, ry, rx",circular,240,1100,94,6,7,16,2005.374216188596,2
1018,16,6,"rx, rz, ry",circular,336,2800,117,9,9,14,2006.1339137805644,2
1019,15,7,"rz, rx",circular,240,2800,121,8,5,16,2006.9173603785337,2
1020,17,6,"rz, rx, ry",circular,357,3900,123,8,9,16,2008.0109032314028,2
1021,21,6,"rz, rx, ry",circular,441,1500,147,5,8,16,2009.0667918657202,2
1022,25,5,"ry, rx",circular,300,2300,137,5,5,11,2009.7982440156168,2
1023,25,7,"rz, ry",circular,400,1300,191,7,6,12,2014.9063331285058,2
1024,22,9,"rx, rz",circular,440,2500,218,6,5,14,2014.9613389349408,2
1025,17,6,"rz, ry",circular,238,3500,116,7,7,16,2019.1838981710334,2
1026,19,7,"rz, rx, ry",circular,456,4600,157,9,5,16,2019.5292028293934,2
1027,14,5,rx,circular,84,1200,76,7,7,15,2020.9181206365636,2
1028,23,6,"ry, rx, rz",circular,483,3800,159,7,7,16,2022.850301866532,2
1029,16,6,"ry, rx",circular,224,2100,110,9,5,16,2023.731071127869,2
1030,24,5,"ry, rz, rx",circular,432,2200,138,9,7,18,2024.7648567118702,2
1031,17,9,rz,circular,170,4200,163,6,8,16,2027.0235206253299,2
1032,14,5,"rx, rz",circular,168,1400,82,7,8,13,2027.4922318543136,2
1033,13,6,"rx, ry",circular,182,3400,92,7,9,17,2027.5457812743919,2
1034,17,6,ry,circular,119,3200,109,7,7,15,2029.5459114055725,2
1035,14,8,"ry, rz, rx",circular,378,3600,139,8,8,10,2033.5978759131776,2
1036,24,4,"rx, rz, ry",circular,360,1300,111,8,5,19,2035.1388797672687,2
1037,13,7,ry,circular,104,3700,99,9,7,19,2035.1663669443653,2
1038,17,7,"ry, rz, rx",circular,408,3100,143,7,9,12,2036.7340101938148,2
1039,13,8,rz,circular,117,4000,113,5,5,16,2039.2943123610846,2
1040,15,7,rx,circular,120,1700,113,6,5,11,2042.574388964946,2
1041,20,7,rx,circular,160,4600,148,6,7,15,2043.4613125341846,2
1042,25,9,"rx, rz, ry",circular,750,3900,255,7,8,17,2044.627815382121,2
1043,17,5,"ry, rz",circular,204,1300,97,7,5,16,2048.5490109029033,2
1044,11,5,"rx, ry, rz",circular,198,3100,73,8,5,15,2052.6879911141496,2
1045,18,4,"rz, ry",circular,180,4900,82,6,7,11,2053.2153064235063,2
1046,20,6,rz,circular,140,4100,127,9,8,11,2053.564386695784,2
1047,14,7,"ry, rz",circular,224,3500,114,8,6,13,2053.9193937226287,2
1048,23,8,"ry, rz",circular,414,4400,202,7,8,17,2054.594948231135,2
1049,23,8,"rz, ry, rx",circular,621,2500,211,8,6,14,2056.714518512534,2
1050,22,7,"ry, rx",circular,352,5000,170,7,8,17,2057.3578257957392,2
1051,25,5,"ry, rz",circular,300,4100,137,5,8,12,2058.4570397230636,2
1052,24,9,"rx, ry, rz",circular,720,3800,246,6,6,15,2059.5752715894605,2
1053,15,8,"rx, rz",circular,270,1700,138,6,5,10,2062.8798020339236,2
1054,12,5,ry,circular,72,2800,66,7,8,10,2064.827417388671,2
1055,19,8,"ry, rx, rz",circular,513,2900,179,8,6,15,2064.8507458412005,2
1056,15,7,"ry, rz, rx",circular,360,4200,129,9,6,11,2065.641356302751,2
1057,11,7,rz,circular,88,2100,85,5,8,14,2067.732657840983,2
1058,11,6,"ry, rx",circular,154,4300,80,8,5,19,2067.83963958765,2
1059,10,7,rz,circular,80,1600,78,6,9,14,2069.576844875327,2
1060,11,6,ry,circular,77,1100,73,7,6,19,2070.6701089412286,2
1061,13,5,"rx, rz",circular,156,2300,77,8,9,10,2071.70432697324,2
1062,16,8,"rz, ry, rx",circular,432,3100,155,8,6,16,2073.671173610422,2
1063,25,6,"ry, rz",circular,350,1000,164,8,6,12,2074.44388341261,2
1064,25,7,"ry, rz, rx",circular,600,2200,199,9,9,14,2076.053315880241,2
1065,12,9,rx,circular,120,2500,118,8,8,15,2077.887137430554,2
1066,20,5,rz,circular,120,1500,106,7,9,15,2079.5407793486943,2
1067,17,5,"ry, rz",circular,204,2300,97,5,9,13,2083.1602123583,2
1068,12,7,"rx, ry, rz",circular,288,4700,108,8,9,19,2083.632165092536,2
1069,15,8,"rx, ry, rz",circular,405,1500,147,8,6,17,2084.373590086964,2
1070,12,8,ry,circular,108,2100,105,8,8,18,2084.9136758197033,2
1071,18,10,"ry, rx, rz",circular,594,4900,213,7,8,17,2084.9713895302084,2
1072,10,5,ry,circular,60,3100,56,9,7,17,2088.9795732726698,2
1073,24,5,"ry, rx, rz",circular,432,3900,138,8,7,10,2090.024046216061,2
1074,24,7,"ry, rx",circular,384,1900,184,7,5,14,2093.1565581985296,2
1075,21,6,"rz, rx",circular,294,4700,140,9,8,16,2095.4366861356843,2
1076,24,7,rz,circular,192,3200,176,9,5,11,2096.798043429849,2
1077,21,7,rx,circular,168,4700,155,8,6,11,2099.2936683148246,2
1078,22,6,"ry, rz, rx",circular,462,4900,153,6,7,19,2100.0007825398975,2
1079,19,5,"rz, rx",circular,228,2300,107,9,7,15,2102.580651285105,2
1080,23,6,"rz, rx, ry",circular,483,3900,159,7,5,15,2103.650819399831,2
1081,12,8,"rx, rz",circular,216,1300,114,6,8,15,2104.6748450388095,2
1082,12,6,"rz, ry",circular,168,2600,86,9,5,10,2106.167604206022,2
1083,25,7,"rx, rz, ry",circular,600,1900,199,7,8,14,2107.6681468172615,2
1084,19,9,ry,circular,190,1700,181,8,8,13,2107.6719801190125,2
1085,17,6,"rz, rx, ry",circular,357,1800,123,7,8,15,2110.3473800869842,2
1086,20,9,rx,circular,200,3800,190,6,5,14,2110.595736038425,2
1087,13,7,"rx, rz",circular,208,3700,107,8,8,19,2114.1559733810523,2
1088,22,7,ry,circular,176,4700,162,5,6,19,2114.501344299709,2
1089,22,7,rx,circular,176,4700,162,7,7,10,2115.7759306121106,2
1090,15,6,rz,circular,105,3200,97,5,7,17,2116.6120034301434,2
1091,17,7,ry,circular,136,2500,127,7,9,11,2118.4694405779087,2
1092,18,6,"ry, rz, rx",circular,378,3600,129,6,9,17,2119.8172207784,2
1093,16,5,rz,circular,96,5000,86,7,7,11,2120.406184710315,2
1094,21,6,"rx, ry",circular,294,1800,140,8,6,11,2123.9617165355367,2
1095,19,6,"rx, rz",circular,266,2400,128,5,5,15,2124.5160075662834,2
1096,19,4,ry,circular,95,4900,81,5,8,15,2125.3742034063234,2
1097,24,6,ry,circular,168,3800,151,5,9,19,2126.270278927801,2
1098,18,8,"rz, ry, rx",circular,486,3500,171,5,9,15,2136.274131458732,2
1099,20,6,"ry, rz, rx",circular,420,3300,141,7,8,12,2137.8883846962317,2
1100,22,7,"rz, rx",circular,352,3600,170,9,8,11,2138.1326678830997,2
1101,15,8,"rx, ry, rz",circular,405,3900,147,6,6,16,2140.738430402533,2
1102,18,4,ry,circular,90,2500,77,7,5,15,2142.538298497528,2
1103,21,5,"rz, rx",circular,252,4000,117,5,7,13,2143.8418686036957,2
1104,21,7,"rz, ry, rx",circular,504,3800,171,9,6,10,2143.8986515637707,2
1105,13,7,"ry, rz, rx",circular,312,3900,115,7,9,19,2148.335172714289,2
1106,15,7,ry,circular,120,3900,113,9,9,14,2152.2752496191147,2
1107,25,6,rx,circular,175,4100,157,7,7,14,2156.9826349499067,2
1108,17,7,"rz, rx",circular,272,2000,135,9,5,11,2158.6799677143044,2
1109,11,8,"rx, ry, rz",circular,297,4100,115,7,8,19,2158.744579403658,2
1110,13,8,"ry, rz, rx",circular,351,2900,131,5,7,13,2159.750107310831,2
1111,17,5,"ry, rz, rx",circular,306,1300,103,9,9,19,2160.4349578767715,2
1112,23,5,"rz, rx, ry",circular,414,4600,133,9,8,10,2160.7727024507376,2
1113,15,7,"rx, ry, rz",circular,360,1500,129,9,5,15,2162.955017603494,2
1114,16,4,"rx, ry, rz",circular,240,3600,79,8,6,15,2164.3624904611083,2
1115,11,9,"rx, ry, rz",circular,330,4800,129,5,5,14,2165.937733375601,2
1116,13,7,"rx, ry, rz",circular,312,2100,115,9,7,13,2167.729392470881,2
1117,25,6,"rx, rz, ry",circular,525,3400,171,6,8,12,2168.3077475225787,2
1118,21,7,ry,circular,168,2400,155,5,9,19,2170.5150839806856,2
1119,10,7,"rx, rz, ry",circular,240,2200,94,9,8,10,2171.610355954537,2
1120,24,8,"ry, rx",circular,432,5000,210,9,9,17,2172.6746923554797,2
1121,20,8,rz,circular,180,4900,169,5,9,18,2174.763209676157,2
1122,14,6,"ry, rx, rz",circular,294,3100,105,5,6,11,2176.118661563987,2
1123,25,6,"rz, rx",circular,350,1100,164,5,5,14,2181.0289028287116,2
1124,15,7,"rz, ry",circular,240,1500,121,5,7,19,2183.1689263234025,2
1125,13,10,"rz, rx",circular,286,2800,152,8,7,14,2186.580441589777,2
1126,18,9,"ry, rz",circular,360,4300,182,7,5,14,2186.7032179272323,2
1127,18,7,"ry, rz, rx",circular,432,3800,150,9,7,10,2186.7231210671835,2
1128,15,9,"ry, rx",circular,300,4100,155,6,9,18,2186.9233903866693,2
1129,13,6,"ry, rx",circular,182,3800,92,5,9,16,2195.3819381500666,2
1130,25,5,"rx, ry",circular,300,2400,137,9,7,12,2198.861093042355,2
1131,23,7,"rz, ry",circular,368,3100,177,8,8,14,2207.853325929597,2
1132,21,7,rx,circular,168,1900,155,6,6,10,2211.9786841377068,2
1133,17,8,ry,circular,153,2100,145,9,9,11,2214.789388688826,2
1134,23,3,"ry, rz, rx",circular,276,1800,81,9,9,11,2215.815722891248,2
1135,21,6,"rz, rx, ry",circular,441,1800,147,6,7,17,2216.5426579178647,2
1136,25,5,"rz, rx",circular,300,1100,137,7,9,13,2220.831644075402,2
1137,10,5,ry,circular,60,3200,56,5,5,18,2221.278083129408,2
1138,10,6,"rz, rx, ry",circular,210,1900,81,6,7,12,2222.092964821425,2
1139,25,5,rx,circular,150,4800,131,5,8,13,2223.0628196812895,2
1140,16,6,"ry, rz",circular,224,3700,110,5,6,17,2226.0887563351694,2
1141,22,7,"rz, rx, ry",circular,528,1100,178,5,8,18,2227.920080842976,2
1142,13,5,"rx, rz",circular,156,3600,77,8,9,12,2234.095539129606,2
1143,24,4,"ry, rz",circular,240,2900,106,9,7,16,2235.226425822114,2
1144,12,7,"ry, rx",circular,192,2000,100,8,9,19,2235.4014248114136,2
1145,22,5,"rx, rz",circular,264,1800,122,5,6,13,2237.929246791865,2
1146,25,4,"rz, rx",circular,250,3900,110,6,5,15,2243.8842780534906,2
1147,13,6,rx,circular,91,2500,85,9,5,12,2247.1467362053063,2
1148,18,5,"ry, rz",circular,216,1300,102,5,9,15,2247.230717080684,2
1149,15,8,"rx, rz",circular,270,4300,138,7,8,15,2248.992322218732,2
1150,21,7,"ry, rx, rz",circular,504,4800,171,9,9,19,2249.009137428099,2
1151,16,5,ry,circular,96,1400,86,7,5,12,2249.951490849824,2
1152,21,6,"rx, ry",circular,294,3000,140,5,8,15,2250.3935171153084,2
1153,11,7,"rz, rx, ry",circular,264,4900,101,6,8,11,2250.482183159365,2
1154,12,9,"ry, rx",circular,240,3200,128,7,7,10,2252.883512285358,2
1155,25,6,"rx, ry, rz",circular,525,3400,171,8,9,11,2253.7102523480994,2
1156,12,3,"rz, rx, ry",circular,144,1700,48,9,8,18,2255.681585045269,2
1157,15,4,"rz, ry, rx",circular,225,1900,75,9,6,18,2256.8694749741576,2
1158,22,7,rx,circular,176,1800,162,8,5,13,2262.34223797369,2
1159,19,6,"rx, rz",circular,266,3900,128,8,7,16,2262.724469306892,2
1160,18,7,"rx, ry",circular,288,2200,142,7,8,15,2263.710864764697,2
1161,24,5,"ry, rx",circular,288,3400,132,5,7,15,2266.167676808086,2
1162,14,7,"rx, ry",circular,224,4200,114,8,6,18,2266.2908428716073,2
1163,12,5,"rx, ry, rz",circular,216,3800,78,8,6,19,2266.3140284133956,2
1164,25,6,ry,circular,175,3100,157,5,9,17,2267.329203670506,2
1165,23,6,"rx, ry, rz",circular,483,2800,159,9,8,19,2272.5036449226004,2
1166,17,5,"rz, rx",circular,204,4200,97,5,6,17,2275.803972883084,2
1167,10,5,"rz, ry",circular,120,1100,62,7,9,19,2277.637877639915,2
1168,13,6,"ry, rz, rx",circular,273,3100,99,6,9,11,2277.8988359551386,2
1169,25,8,"ry, rz, rx",circular,675,3500,227,7,8,14,2278.3470915530957,2
1170,24,4,"rz, ry",circular,240,3900,106,6,7,15,2279.1498642281404,2
1171,13,4,"rx, ry",circular,130,3900,62,8,8,10,2281.3904416112814,2
1172,18,6,"rz, ry, rx",circular,378,1800,129,8,9,19,2284.7316201135113,2
1173,18,8,rz,circular,162,1900,153,9,5,15,2287.740027607849,2
1174,25,7,"rz, ry, rx",circular,600,3500,199,9,6,18,2291.5963883796676,2
1175,24,6,"ry, rz, rx",circular,504,4100,165,8,9,15,2301.169214177098,2
1176,15,6,"rx, ry",circular,210,4200,104,9,8,14,2303.7473954770903,2
1177,15,7,"ry, rx, rz",circular,360,2600,129,9,8,12,2306.6974869397536,2
1178,20,7,"rz, ry, rx",circular,480,4000,164,8,5,13,2307.4282284822025,2
1179,18,6,"rz, ry",circular,252,2600,122,7,7,14,2311.7865489711007,2
1180,14,5,"ry, rz, rx",circular,252,4800,88,7,8,15,2313.1144481709,2
1181,16,6,"rz, ry, rx",circular,336,2100,117,9,5,14,2315.02460338666,2
1182,10,8,"rz, rx",circular,180,1900,98,5,6,11,2315.3380015418193,2
1183,24,5,rx,circular,144,4100,126,9,6,12,2315.6484162531888,2
1184,18,6,"rz, ry, rx",circular,378,4000,129,9,8,14,2319.6468911768634,2
1185,15,6,"rx, ry",circular,210,4000,104,5,9,13,2319.9565303332724,2
1186,17,5,"ry, rx",circular,204,3600,97,8,5,17,2322.1964167402903,2
1187,15,6,"ry, rz, rx",circular,315,2400,111,5,5,12,2330.3981153789487,2
1188,10,6,"rx, rz, ry",circular,210,1400,81,7,8,17,2334.0944316136383,2
1189,16,8,"ry, rz, rx",circular,432,4500,155,5,6,11,2334.137880020167,2
1190,13,5,"rz, rx",circular,156,4800,77,6,6,13,2335.3555334280763,2
1191,24,6,"rx, ry, rz",circular,504,1600,165,8,8,15,2338.830877470338,2
1192,17,7,"rz, rx",circular,272,2200,135,9,9,11,2340.888235352887,2
1193,10,5,ry,circular,60,2900,56,6,9,16,2342.025499364569,2
1194,16,6,rx,circular,112,4200,103,9,7,16,2342.458227576903,2
1195,16,4,"rx, ry, rz",circular,240,2700,79,8,5,17,2345.1429878301847,2
1196,15,5,rx,circular,90,4500,81,8,7,10,2346.710755219816,2
1197,25,5,"rz, rx",circular,300,2400,137,5,8,12,2348.2940980028766,2
1198,22,6,rx,circular,154,2900,139,7,5,17,2352.2088659982614,2
1199,13,4,rx,circular,65,5000,57,5,5,14,2353.1520040379496,2
1200,17,5,"rx, rz, ry",circular,306,4600,103,7,9,14,2363.882397437853,2
1201,17,9,"ry, rz",circular,340,2200,173,6,6,19,2365.5839917470526,2
1202,17,7,"ry, rz, rx",circular,408,4600,143,6,5,10,2366.2820344830293,2
1203,25,9,"rz, ry",circular,500,2200,245,5,9,19,2367.6595375136044,2
1204,12,6,rx,circular,84,3000,79,6,8,17,2369.1539980749367,2
1205,18,3,"rz, rx",circular,144,2300,62,5,8,14,2369.200024214451,2
1206,15,7,"ry, rz, rx",circular,360,4800,129,7,9,16,2370.0888772606504,2
1207,12,7,rz,circular,96,3900,92,9,8,10,2371.4681035871727,2
1208,20,6,"rz, rx, ry",circular,420,3700,141,7,9,17,2374.353793097469,2
1209,17,4,ry,circular,85,1400,73,9,5,14,2374.811622142629,2
1210,14,7,"rz, ry, rx",circular,336,1700,122,8,8,13,2375.226454477064,2
1211,23,6,rx,circular,161,3400,145,5,8,14,2376.0176215022957,2
1212,22,6,"rx, ry, rz",circular,462,2400,153,6,9,19,2377.0294096181224,2
1213,13,7,"ry, rz",circular,208,4800,107,9,5,12,2377.5386200600137,2
1214,25,5,"ry, rx",circular,300,2300,137,7,7,13,2378.420700490326,2
1215,20,5,"ry, rz",circular,240,1400,112,6,5,12,2379.7393891999163,2
1216,17,8,ry,circular,153,1000,145,9,6,10,2385.917988598827,2
1217,10,6,rx,circular,70,3600,67,7,5,12,2387.3747477235984,2
1218,20,6,ry,circular,140,4000,127,6,8,17,2388.439503657583,2
1219,21,7,"rx, ry, rz",circular,504,5000,171,8,7,11,2389.227575468253,2
1220,20,8,"ry, rx, rz",circular,540,4500,187,5,9,19,2390.8281648495254,2
1221,12,9,"rz, ry",circular,240,1900,128,7,7,12,2391.0432333078884,2
1222,11,6,rx,circular,77,4800,73,7,8,18,2391.122475415116,2
1223,17,7,rx,circular,136,1400,127,6,9,19,2391.8756898090282,2
1224,17,8,"rx, rz, ry",circular,459,1000,163,6,8,13,2392.174524108847,2
1225,17,7,"ry, rx, rz",circular,408,1900,143,7,8,13,2394.6007317573176,2
1226,14,7,rx,circular,112,4100,106,7,6,12,2394.848584236786,2
1227,25,5,rz,circular,150,4600,131,6,6,11,2396.106436694102,2
1228,11,5,"ry, rz, rx",circular,198,3100,73,7,9,13,2400.6855829740553,2
1229,13,5,"ry, rx",circular,156,4800,77,7,9,15,2400.948314077169,2
1230,22,5,"ry, rz",circular,264,3300,122,6,9,18,2401.288594265435,2
1231,21,7,"ry, rz",circular,336,3000,163,8,8,15,2402.604971306911,2
1232,17,8,rx,circular,153,1000,145,5,8,10,2404.882763856066,2
1233,17,5,rz,circular,102,2800,91,5,7,14,2411.9582617510946,2
1234,24,8,"rz, rx, ry",circular,648,4300,219,5,8,18,2416.3143581170198,2
1235,20,8,"ry, rx",circular,360,2200,178,8,9,14,2417.9885931661865,2
1236,14,6,rx,circular,98,3400,91,9,7,11,2426.7837514345547,2
1237,13,5,rz,circular,78,4000,71,6,6,14,2428.1915550598715,2
1238,11,5,ry,circular,66,2400,61,8,6,11,2428.7954942455863,2
1239,23,3,rz,circular,92,1500,73,6,7,14,2429.179978647981,2
1240,15,7,"rx, ry, rz",circular,360,2900,129,5,5,19,2429.1950998371262,2
1241,19,7,rz,circular,152,3600,141,8,8,12,2435.070031157401,2
1242,15,5,"rx, ry, rz",circular,270,3900,93,7,7,15,2437.857890982089,2
1243,16,5,rx,circular,96,2600,86,6,5,14,2439.0607188153463,2
1244,17,5,"rz, rx, ry",circular,306,2400,103,9,8,13,2439.4184053684776,2
1245,22,7,"rz, rx",circular,352,4100,170,6,6,17,2439.687520196413,2
1246,10,5,"rx, rz",circular,120,1200,62,7,7,12,2439.7056563479464,2
1247,11,7,"rz, rx",circular,176,1000,93,9,8,11,2440.8772267153436,2
1248,19,5,"rz, ry",circular,228,5000,107,7,5,17,2443.026741368106,2
1249,15,6,ry,circular,105,4900,97,5,8,19,2443.8557296222652,2
1250,18,6,"rx, rz, ry",circular,378,2500,129,8,8,12,2446.6950823000575,2
1251,17,8,rz,circular,153,4500,145,8,7,11,2448.133391736861,2
1252,19,7,rx,circular,152,1200,141,8,7,12,2450.888982325392,2
1253,25,6,"ry, rx",circular,350,2900,164,7,6,14,2452.251195600688,2
1254,22,7,"ry, rx",circular,352,1800,170,8,5,14,2453.83052167467,2
1255,18,7,"rx, ry",circular,288,4900,142,8,8,16,2454.4420126613204,2
1256,14,6,rz,circular,98,4500,91,6,6,16,2455.40011415785,2
1257,22,5,"ry, rx",circular,264,2600,122,5,7,19,2461.4070220908434,2
1258,22,6,"rx, ry, rz",circular,462,3300,153,7,8,10,2461.923163029726,2
1259,25,6,"rz, rx",circular,350,2000,164,7,7,13,2462.8390941702996,2
1260,14,8,"ry, rx",circular,252,2100,130,5,5,19,2463.3163082381448,2
1261,23,6,rz,circular,161,3200,145,8,9,11,2463.9742394621862,2
1262,17,9,"ry, rx, rz",circular,510,3100,183,8,5,11,2464.829676107587,2
1263,24,6,"ry, rx",circular,336,1100,158,9,7,13,2466.9487453741626,2
1264,17,5,"ry, rz, rx",circular,306,4600,103,7,7,18,2469.050902034397,2
1265,15,10,"ry, rz",circular,330,1500,172,6,8,14,2469.9624240469966,2
1266,25,8,"rx, rz",circular,450,3500,218,6,9,12,2474.969905008891,2
1267,12,6,"rz, ry",circular,168,4900,86,7,8,16,2482.51980457536,2
1268,19,7,"rx, ry",circular,304,4900,149,6,5,14,2484.3864482301205,2
1269,13,7,"rx, rz",circular,208,1500,107,6,6,11,2487.1862279997627,2
1270,14,7,rx,circular,112,4100,106,7,7,15,2490.9291904493334,2
1271,15,7,rx,circular,120,4100,113,6,9,14,2493.485542385552,2
1272,22,4,rx,circular,110,1400,93,5,9,10,2493.994155164204,2
1273,17,5,"rz, ry",circular,204,3500,97,8,5,10,2499.8462196063833,2
1274,13,7,rz,circular,104,2800,99,8,9,16,2500.6576693972293,2
1275,12,5,"rz, ry",circular,144,2000,72,6,9,17,2502.8125607280713,2
1276,18,5,rx,circular,108,1500,96,9,6,13,2502.9038323921122,2
1277,11,5,"ry, rz, rx",circular,198,2100,73,7,6,12,2503.266991301681,2
1278,19,8,"ry, rz, rx",circular,513,4600,179,9,6,16,2506.7477256470906,2
1279,11,8,"ry, rz, rx",circular,297,4300,115,8,8,19,2507.8953887295297,2
1280,19,9,rx,circular,190,1400,181,7,6,16,2508.8206009099117,2
1281,12,8,ry,circular,108,3100,105,7,5,19,2510.5792780799216,2
1282,25,9,"rz, rx",circular,500,3400,245,7,7,16,2513.2059715402906,2
1283,21,8,rx,circular,189,4700,177,9,7,13,2515.9296313242585,2
1284,11,5,rx,circular,66,1600,61,5,7,14,2520.4403705204245,2
1285,17,3,rx,circular,68,4200,55,7,9,12,2522.9042425097314,2
1286,19,8,rx,circular,171,3700,161,9,9,15,2523.2566453007184,2
1287,25,4,ry,circular,125,2400,105,9,9,17,2525.4484796779266,2
1288,22,6,rz,circular,154,3700,139,6,9,15,2525.6837823809756,2
1289,20,5,"rz, ry, rx",circular,360,2900,118,6,7,17,2525.9586019482135,2
1290,12,7,rx,circular,96,1000,92,8,8,12,2527.9031252194736,2
1291,21,8,"rx, ry",circular,378,1500,186,9,9,16,2531.6189193493447,2
1292,15,8,"ry, rx, rz",circular,405,4800,147,5,9,17,2531.8419161636543,2
1293,22,8,ry,circular,198,1100,185,8,9,16,2540.541948988899,2
1294,24,7,"rz, rx",circular,384,3900,184,7,8,13,2544.2407791956994,2
1295,24,8,"ry, rx",circular,432,2700,210,5,5,10,2546.2412352059714,2
1296,10,8,rx,circular,90,2400,89,6,9,11,2546.564520026057,2
1297,19,6,"ry, rx, rz",circular,399,1900,135,6,7,17,2549.9562509081693,2
1298,17,9,"ry, rz, rx",circular,510,2500,183,9,5,18,2550.200855736671,2
1299,20,8,"ry, rz, rx",circular,540,3300,187,9,5,16,2550.5509247023497,2
1300,13,8,rx,circular,117,2000,113,7,7,13,2550.9185023540927,2
1301,10,6,rx,circular,70,3700,67,8,7,12,2551.2072351170787,2
1302,24,5,rz,circular,144,2600,126,9,7,17,2551.8148749972966,2
1303,23,6,ry,circular,161,3500,145,6,6,17,2552.678657286853,2
1304,12,7,"rx, rz",circular,192,1800,100,7,8,12,2553.610506639788,2
1305,19,6,ry,circular,133,1800,121,9,6,12,2553.695206356268,2
1306,19,6,"ry, rz",circular,266,1700,128,9,7,18,2561.9209708822855,2
1307,12,3,"rz, ry",circular,96,3300,44,7,5,15,2564.411449274049,2
1308,14,6,"ry, rz, rx",circular,294,2400,105,8,6,16,2565.396816358548,2
1309,19,7,"rx, rz, ry",circular,456,3800,157,7,9,14,2566.046859112666,2
1310,13,6,"ry, rx",circular,182,2500,92,9,9,15,2566.5978058765513,2
1311,15,6,"rz, rx, ry",circular,315,1400,111,5,6,14,2570.1264119847524,2
1312,22,7,"ry, rx",circular,352,2300,170,6,7,15,2572.1054248950877,2
1313,17,9,"ry, rx",circular,340,1200,173,9,5,14,2576.3383675230243,2
1314,18,6,"ry, rx",circular,252,4100,122,7,5,15,2576.574582389263,2
1315,16,8,"ry, rz",circular,288,4300,146,9,7,17,2578.237203247093,2
1316,16,8,"ry, rz, rx",circular,432,2000,155,7,7,19,2579.1408466912494,2
1317,20,5,"rx, ry",circular,240,2300,112,9,6,17,2579.1444096482437,2
1318,23,4,"rz, ry, rx",circular,345,3700,107,7,7,19,2582.5917484537667,2
1319,15,4,"rz, ry",circular,150,1400,70,5,6,16,2583.0489498849324,2
1320,19,7,ry,circular,152,4900,141,6,7,11,2585.2563127996727,2
1321,23,7,rx,circular,184,1000,169,8,8,19,2589.628882688257,2
1322,12,7,"rx, rz, ry",circular,288,2400,108,9,7,17,2590.6197531899106,2
1323,16,5,"rz, ry, rx",circular,288,1800,98,6,5,12,2599.60334461421,2
1324,12,9,rz,circular,120,5000,118,7,7,14,2602.8577941733374,2
1325,13,8,rx,circular,117,1800,113,6,8,17,2604.664968369798,2
1326,19,8,"rz, ry",circular,342,2700,170,6,9,10,2604.9002990898925,2
1327,22,7,rz,circular,176,4200,162,9,5,18,2607.4813113200016,2
1328,10,7,"rx, ry, rz",circular,240,1700,94,9,6,19,2610.8892176587015,2
1329,18,9,"rx, ry, rz",circular,540,3900,192,6,7,14,2611.808156094518,2
1330,14,7,"rz, ry",circular,224,2000,114,9,8,15,2614.295187628476,2
1331,20,6,"rz, rx, ry",circular,420,2600,141,7,5,15,2614.716388564152,2
1332,15,5,"ry, rz, rx",circular,270,4700,93,8,7,12,2615.9824008076985,2
1333,22,5,"ry, rz, rx",circular,396,3100,128,7,9,19,2617.113853391464,2
1334,19,5,rx,circular,114,3700,101,6,6,17,2617.1459424445306,2
1335,12,6,"ry, rx, rz",circular,252,4400,93,6,5,17,2619.5143608700178,2
1336,11,7,"rx, ry",circular,176,2700,93,5,7,14,2626.135968701182,2
1337,17,8,"rx, rz, ry",circular,459,4500,163,6,6,19,2626.402688842628,2
1338,14,7,"rx, rz, ry",circular,336,3700,122,6,5,17,2627.7787229500673,2
1339,11,7,"rx, rz, ry",circular,264,3700,101,8,9,19,2628.240688762454,2
1340,19,6,"ry, rz",circular,266,4800,128,7,6,15,2628.2938938633183,2
1341,18,7,"rx, rz, ry",circular,432,3900,150,6,9,11,2630.5647197124836,2
1342,12,6,ry,circular,84,1300,79,8,7,19,2630.71877513131,2
1343,25,6,"ry, rx",circular,350,4900,164,9,6,10,2634.870834626006,2
1344,17,6,rx,circular,119,1900,109,9,8,18,2637.3808128934566,2
1345,22,6,ry,circular,154,3000,139,8,5,16,2637.455223183255,2
1346,24,3,rz,circular,96,2500,76,5,5,16,2637.794998311647,2
1347,19,7,"ry, rx, rz",circular,456,4200,157,8,7,16,2639.0912086561784,2
1348,13,9,ry,circular,130,1200,127,7,8,17,2639.468396368774,2
1349,20,5,"rz, rx",circular,240,1100,112,5,9,18,2642.1220440806187,2
1350,13,8,"ry, rz, rx",circular,351,3500,131,6,5,13,2644.6553418898934,2
1351,21,5,"rx, ry, rz",circular,378,3800,123,5,5,12,2645.240717534152,2
1352,18,5,ry,circular,108,4700,96,6,6,19,2646.170409142475,2
1353,22,6,"ry, rz",circular,308,1200,146,5,8,16,2650.672119778336,2
1354,16,5,"rx, rz",circular,192,4300,92,8,7,12,2652.7875487390315,2
1355,19,6,"rz, rx, ry",circular,399,4000,135,6,9,16,2656.1661571155223,2
1356,24,8,"rx, ry, rz",circular,648,2100,219,6,9,17,2657.839598495284,2
1357,17,6,rx,circular,119,3700,109,7,6,10,2658.58432538097,2
1358,17,6,rz,circular,119,4300,109,8,7,17,2659.7316075267263,2
1359,10,6,"ry, rx, rz",circular,210,4600,81,7,7,12,2664.0907366848514,2
1360,17,7,"rx, ry, rz",circular,408,2700,143,7,8,15,2665.645279078234,2
1361,10,9,"rx, rz, ry",circular,300,3300,120,5,9,13,2667.2500561108627,2
1362,22,4,"ry, rz",circular,220,1600,98,6,9,14,2670.8017920620273,2
1363,24,7,rx,circular,192,2400,176,9,7,18,2675.6836212275284,2
1364,23,9,"rz, rx, ry",circular,690,3600,237,8,5,18,2678.752532774352,2
1365,25,8,"ry, rx, rz",circular,675,3300,227,5,5,12,2682.626365331207,2
1366,12,5,"ry, rz",circular,144,2800,72,8,5,12,2686.340353677407,2
1367,25,6,"rz, ry, rx",circular,525,3100,171,9,7,18,2686.696806604439,2
1368,16,6,ry,circular,112,3000,103,6,5,17,2689.1214908350225,2
1369,22,4,ry,circular,110,1400,93,7,8,14,2690.462796473178,2
1370,24,5,"rx, ry, rz",circular,432,2800,138,8,9,10,2697.706353481711,2
1371,10,6,"ry, rz, rx",circular,210,4600,81,5,7,13,2698.152449373035,2
1372,23,6,"rz, ry, rx",circular,483,3600,159,6,5,14,2699.1760836038966,2
1373,15,5,ry,circular,90,3600,81,8,5,11,2699.339654744576,2
1374,10,5,ry,circular,60,1700,56,9,9,12,2699.994650955851,2
1375,21,8,rz,circular,189,4200,177,9,6,19,2701.9822223534106,2
1376,14,7,"rx, rz, ry",circular,336,1000,122,9,7,16,2705.6274793173916,2
1377,10,6,ry,circular,70,1600,67,9,6,16,2706.5450637687923,2
1378,12,6,ry,circular,84,2800,79,8,7,10,2707.014205105755,2
1379,18,7,rz,circular,144,3900,134,9,9,16,2707.1630912124306,2
1380,17,7,"rz, ry",circular,272,4900,135,6,8,13,2707.2777718720836,2
1381,10,5,"ry, rx, rz",circular,180,4000,68,6,5,13,2709.6680101672387,2
1382,25,6,"rx, ry, rz",circular,525,1300,171,9,9,16,2709.9565766899955,2
1383,19,9,"ry, rz",circular,380,4900,191,5,6,10,2711.4928461600907,2
1384,15,7,"rz, rx, ry",circular,360,1300,129,9,6,11,2711.6208905034837,2
1385,25,8,"rz, ry, rx",circular,675,2200,227,9,7,14,2712.3503241497615,2
1386,16,6,"rz, rx",circular,224,4500,110,6,6,10,2719.0901404907654,2
1387,12,8,"rz, ry",circular,216,4800,114,9,5,15,2719.9049276459227,2
1388,24,7,"ry, rz, rx",circular,576,2900,192,5,8,17,2720.030187108984,2
1389,13,9,"ry, rz, rx",circular,390,3000,147,5,8,19,2720.189351199836,2
1390,17,7,rz,circular,136,1500,127,7,5,17,2722.3567294763125,2
1391,18,9,"rz, rx, ry",circular,540,4200,192,7,6,17,2722.8741299366234,2
1392,17,5,"ry, rz",circular,204,1500,97,9,9,15,2723.089112071003,2
1393,20,6,"rz, rx, ry",circular,420,4600,141,6,7,15,2723.7653210616777,2
1394,21,9,ry,circular,210,1500,199,6,7,11,2724.137764184648,2
1395,17,8,"rx, rz",circular,306,4500,154,7,5,19,2724.4691582822306,2
1396,22,5,rx,circular,132,4900,116,9,7,12,2726.0677242830243,2
1397,14,7,"ry, rx",circular,224,1800,114,7,9,10,2726.3033770988673,2
1398,14,5,"rz, rx, ry",circular,252,4300,88,7,5,17,2727.483297359511,2
1399,24,6,rz,circular,168,5000,151,5,7,17,2730.3793883318813,2
1400,13,7,"ry, rx, rz",circular,312,2400,115,7,7,17,2731.651924933719,2
1401,14,7,"rz, rx",circular,224,2800,114,9,8,11,2733.429522460549,2
1402,25,7,"rx, ry",circular,400,2200,191,6,6,16,2739.271348612529,2
1403,16,3,"rx, ry, rz",circular,192,4700,60,5,5,12,2747.80032591449,2
1404,16,9,rx,circular,160,4800,154,7,6,16,2748.0362775273757,2
1405,14,6,rz,circular,98,2300,91,8,7,15,2751.8793535721934,2
1406,11,10,"rx, ry",circular,242,4500,132,5,9,16,2752.752309705343,2
1407,21,6,"rx, ry",circular,294,4600,140,5,5,14,2756.2097296020415,2
1408,10,6,"rx, rz",circular,140,2500,74,6,8,17,2758.0932721982917,2
1409,21,6,"rz, rx, ry",circular,441,3300,147,5,7,11,2761.903784578473,2
1410,24,6,"ry, rz, rx",circular,504,2900,165,7,7,14,2762.7778146961537,2
1411,20,5,"rz, ry",circular,240,2900,112,9,5,10,2766.485496998607,2
1412,25,4,rx,circular,125,3600,105,7,5,14,2768.6449124123715,2
1413,23,7,"ry, rx",circular,368,1100,177,6,7,16,2768.9469175156905,2
1414,17,7,"rz, rx, ry",circular,408,4100,143,7,8,10,2769.176971980188,2
1415,12,7,"ry, rx, rz",circular,288,1600,108,5,7,16,2775.1721502046034,2
1416,12,4,"rx, ry",circular,120,2200,58,8,7,14,2775.507995740633,2
1417,16,6,"rz, ry, rx",circular,336,1700,117,6,7,10,2778.3112535851324,2
1418,12,9,"ry, rx",circular,240,5000,128,7,6,14,2781.026196950489,2
1419,24,8,"rz, rx, ry",circular,648,2800,219,9,6,13,2781.465088293186,2
1420,19,9,rz,circular,190,3600,181,6,8,16,2782.2524387835215,2
1421,14,6,"rz, rx, ry",circular,294,4500,105,7,8,15,2782.8335972686036,2
1422,11,8,"ry, rz, rx",circular,297,2500,115,7,6,10,2783.3145780121117,2
1423,21,6,"rz, rx, ry",circular,441,4100,147,6,9,12,2787.4920625051427,2
1424,16,7,ry,circular,128,3300,120,6,9,17,2789.616426408363,2
1425,19,7,"rz, rx",circular,304,5000,149,5,9,16,2794.4262840218184,2
1426,25,8,rz,circular,225,4400,209,9,7,15,2800.066699422406,2
1427,20,7,"rx, rz, ry",circular,480,2800,164,9,9,11,2802.073147315711,2
1428,24,5,"rz, ry, rx",circular,432,4900,138,8,5,13,2803.5664081777118,2
1429,16,5,"rz, rx, ry",circular,288,3400,98,5,8,12,2805.027883977989,2
1430,18,8,ry,circular,162,4300,153,6,9,10,2805.456086659404,2
1431,22,8,ry,circular,198,4600,185,9,9,18,2806.379207422398,2
1432,11,7,"rx, rz, ry",circular,264,2800,101,6,6,15,2806.787180562607,2
1433,19,6,"rx, ry, rz",circular,399,2500,135,6,8,18,2807.9986144628597,2
1434,17,6,"ry, rz, rx",circular,357,1500,123,8,8,13,2808.8061820798853,2
1435,14,7,"rx, ry, rz",circular,336,3500,122,5,6,14,2809.0646159393013,2
1436,24,6,"ry, rx",circular,336,2000,158,9,7,10,2813.1709359028105,2
1437,10,7,"rx, rz, ry",circular,240,3000,94,9,5,11,2814.8131313911754,2
1438,20,5,rx,circular,120,3800,106,6,9,13,2816.010990508019,2
1439,10,8,"rx, ry",circular,180,1800,98,9,9,14,2819.910688888623,2
1440,20,7,"rx, ry",circular,320,3200,156,6,5,14,2824.1724277943226,2
1441,21,6,"rz, rx",circular,294,2600,140,6,8,16,2824.8290719129755,2
1442,16,8,"rx, rz",circular,288,4200,146,6,8,13,2827.212191736331,2
1443,19,5,"rz, ry",circular,228,4200,107,8,9,13,2828.8615985362817,2
1444,24,7,"rx, ry",circular,384,1600,184,5,7,11,2830.1389820563063,2
1445,14,8,"rx, rz",circular,252,3600,130,9,8,17,2831.1543311773726,2
1446,18,6,"ry, rx",circular,252,2900,122,7,9,12,2833.665992125401,2
1447,23,8,"ry, rx, rz",circular,621,2800,211,7,7,12,2835.7804022305345,2
1448,22,6,"rx, rz, ry",circular,462,4300,153,7,5,19,2837.68792451751,2
1449,20,6,rx,circular,140,1200,127,6,8,18,2842.1512262878327,2
1450,20,9,"rz, rx",circular,400,1500,200,5,8,19,2842.9549729946275,2
1451,22,5,rx,circular,132,2500,116,5,8,19,2843.1691379535996,2
1452,22,6,rx,circular,154,3600,139,7,6,15,2845.6927657684423,2
1453,25,5,"rz, rx",circular,300,1900,137,8,5,13,2846.6588079526473,2
1454,11,7,"rx, rz",circular,176,4800,93,9,5,17,2847.0472585036528,2
1455,20,6,"ry, rz",circular,280,1300,134,5,9,13,2848.4800757676226,2
1456,24,8,"rx, ry, rz",circular,648,4900,219,7,7,15,2851.8103021996903,2
1457,15,6,"ry, rz",circular,210,1200,104,6,5,14,2852.4554364936093,2
1458,22,6,"rx, rz",circular,308,1700,146,9,7,13,2856.007349135243,2
1459,14,7,"rx, ry, rz",circular,336,3600,122,5,6,16,2857.159854438712,2
1460,15,9,"rx, rz",circular,300,2800,155,8,8,18,2857.9089973462833,2
1461,14,7,"rx, rz, ry",circular,336,4600,122,7,7,15,2858.379074703894,2
1462,24,5,"rz, rx, ry",circular,432,3500,138,8,6,12,2858.7480539384233,2
1463,17,6,"ry, rz, rx",circular,357,1600,123,9,5,15,2858.792387437008,2
1464,13,8,"rx, ry, rz",circular,351,2900,131,6,6,13,2863.566323627019,2
1465,12,7,rx,circular,96,4500,92,5,8,13,2864.648833278271,2
1466,15,7,ry,circular,120,3200,113,6,7,19,2867.402613479298,2
1467,17,6,"rx, rz, ry",circular,357,1900,123,6,6,11,2870.9559465266448,2
1468,18,7,"rz, rx, ry",circular,432,1900,150,8,8,11,2871.364470288694,2
1469,11,7,"rz, ry",circular,176,4100,93,9,7,12,2872.541108715477,2
1470,11,7,rz,circular,88,3600,85,6,5,12,2873.6761884659472,2
1471,14,6,ry,circular,98,4200,91,7,7,13,2875.890616562323,2
1472,14,9,rx,circular,140,3300,136,5,8,17,2877.5227518610204,2
1473,17,7,"rz, ry",circular,272,1800,135,7,5,12,2882.4922759841397,2
1474,12,9,"rz, rx",circular,240,1400,128,7,6,15,2882.503751368797,2
1475,16,5,"rx, ry",circular,192,4400,92,6,7,17,2886.5932400021215,2
1476,14,7,"ry, rz",circular,224,3800,114,7,5,18,2888.231131902311,2
1477,12,7,"rz, rx",circular,192,4000,100,5,5,15,2891.5080537906747,2
1478,21,7,ry,circular,168,2900,155,6,9,13,2892.12015875509,2
1479,15,6,"rz, ry, rx",circular,315,3500,111,9,6,18,2896.259854996446,2
1480,17,7,"rz, rx, ry",circular,408,1400,143,7,9,14,2897.1338044863596,2
1481,11,6,"ry, rx, rz",circular,231,3700,87,9,6,13,2899.4168026121674,2
1482,11,7,"rx, rz, ry",circular,264,5000,101,9,9,19,2899.9531079323324,2
1483,24,7,"ry, rz",circular,384,3400,184,7,8,19,2901.0956886871145,2
1484,13,7,"rx, rz, ry",circular,312,4300,115,5,5,17,2905.0471127035134,2
1485,12,6,"rz, rx",circular,168,1000,86,9,9,16,2905.0691053665837,2
1486,21,7,"ry, rz",circular,336,4800,163,9,5,16,2906.6325981275936,2
1487,16,6,"rz, ry, rx",circular,336,2700,117,5,8,17,2908.451437706216,2
1488,16,7,rz,circular,128,4700,120,6,6,19,2909.8018645493494,2
1489,24,8,"rx, ry",circular,432,1700,210,9,5,15,2912.333296871782,2
1490,14,7,"ry, rx, rz",circular,336,3300,122,7,8,19,2912.390425523383,2
1491,25,10,ry,circular,275,1900,261,7,9,14,2916.358645574456,2
1492,17,7,ry,circular,136,2500,127,5,9,15,2917.2155339969486,2
1493,12,7,"ry, rx",circular,192,2400,100,6,8,15,2917.24500850727,2
1494,14,5,"rz, ry",circular,168,4700,82,9,9,11,2917.525463361787,2
1495,13,5,rz,circular,78,2200,71,5,7,10,2917.889682657338,2
1496,23,4,"rx, rz, ry",circular,345,2000,107,9,8,14,2918.686607488361,2
1497,25,7,rz,circular,200,3300,183,5,6,10,2925.0683109277306,2
1498,16,7,"ry, rz",circular,256,3700,128,8,8,10,2928.932831143433,2
1499,13,8,"ry, rx, rz",circular,351,3800,131,9,6,16,2930.5135547733857,2
1500,19,5,"ry, rx, rz",circular,342,3100,113,8,5,12,2932.844439339035,2
1501,25,5,rx,circular,150,1000,131,8,8,19,2933.960100183198,2
1502,17,4,rz,circular,85,3800,73,8,7,16,2935.2199634770154,2
1503,12,6,ry,circular,84,3000,79,7,9,17,2935.9931070922476,2
1504,11,7,"rz, rx, ry",circular,264,3100,101,6,9,14,2937.654488495069,2
1505,23,9,"rz, ry",circular,460,3900,227,8,7,14,2938.1744612490675,2
1506,13,9,rx,circular,130,2600,127,7,9,15,2939.5101303175425,2
1507,11,6,rz,circular,77,1900,73,6,8,10,2941.3584373811955,2
1508,13,5,"rz, ry",circular,156,2300,77,8,7,16,2942.8113917189403,2
1509,13,7,"rx, ry, rz",circular,312,1200,115,9,8,10,2944.1379277561755,2
1510,23,8,"ry, rx",circular,414,3900,202,5,7,12,2944.143779232964,2
1511,25,5,"rz, ry",circular,300,2400,137,9,6,13,2945.6865669703307,2
1512,14,8,"rz, rx",circular,252,3300,130,7,7,13,2948.178135666849,2
1513,25,8,ry,circular,225,1900,209,5,7,14,2950.6796611926843,2
1514,18,5,"ry, rz",circular,216,2400,102,6,8,17,2952.228545370727,2
1515,12,3,rz,circular,48,2300,40,8,7,11,2953.8512881379274,2
1516,21,7,"ry, rz",circular,336,3600,163,5,6,17,2954.7850529422017,2
1517,22,6,"rz, rx",circular,308,1000,146,9,6,18,2955.972467298495,2
1518,13,8,"rx, rz",circular,234,1200,122,7,5,19,2956.897082169873,2
1519,16,8,"rx, ry, rz",circular,432,3800,155,5,8,17,2957.5105104628415,2
1520,13,7,"rz, ry, rx",circular,312,4600,115,9,9,18,2957.817968406321,2
1521,21,5,"rx, ry",circular,252,2200,117,9,7,10,2957.864318173186,2
1522,13,8,"rx, rz, ry",circular,351,2700,131,7,6,10,2960.378113587665,2
1523,15,5,"rz, rx",circular,180,3400,87,8,9,12,2961.6197127310325,2
1524,11,10,"rz, ry, rx",circular,363,1100,143,8,6,17,2962.198677550454,2
1525,22,7,ry,circular,176,3600,162,5,5,19,2962.3720801762793,2
1526,10,7,"rx, rz, ry",circular,240,4000,94,9,7,12,2964.2425475255613,2
1527,20,5,rx,circular,120,2900,106,9,7,18,2967.8788045368765,2
1528,25,8,"rx, ry",circular,450,2800,218,8,7,15,2967.9088434997157,2
1529,10,5,"rx, ry, rz",circular,180,3700,68,6,6,12,2968.438858242822,2
1530,20,6,ry,circular,140,1300,127,9,7,10,2971.1763391977406,2
1531,13,5,"ry, rz",circular,156,4500,77,8,7,11,2972.5830620858515,2
1532,15,5,"rz, ry",circular,180,1100,87,8,8,18,2979.4820956388126,2
1533,16,5,"rx, ry, rz",circular,288,4300,98,6,7,13,2986.23616021091,2
1534,13,9,"ry, rz",circular,260,1000,137,9,6,17,2986.408023883048,2
1535,14,4,ry,circular,70,1600,61,6,7,19,2987.4453101343697,2
1536,10,4,rz,circular,50,4500,45,9,7,16,2989.7991092361026,2
1537,13,6,ry,circular,91,1000,85,9,8,18,2991.968685681889,2
1538,24,6,rz,circular,168,3100,151,7,6,10,2993.503713180369,2
1539,22,6,"ry, rz",circular,308,1700,146,6,6,19,2994.936028707041,2
1540,25,7,ry,circular,200,2400,183,7,6,13,2996.9077284506793,2
1541,21,5,"rx, ry, rz",circular,378,3700,123,9,5,17,3000.6260642902807,2
1542,10,8,"rz, ry",circular,180,4100,98,5,5,13,3002.570426833663,2
1543,13,7,rx,circular,104,4300,99,5,6,16,3007.644249176723,2
1544,17,6,ry,circular,119,2100,109,7,6,18,3008.764216790517,2
1545,20,7,rz,circular,160,1900,148,8,8,17,3010.8326434491964,2
1546,14,6,ry,circular,98,2100,91,6,7,10,3015.3463212307147,2
1547,11,10,"rx, ry",circular,242,4500,132,5,9,16,3018.768742815104,2
1548,14,7,"rx, rz, ry",circular,336,3400,122,5,9,14,3019.5142995842953,2
1549,24,8,"rx, rz",circular,432,2300,210,8,8,16,3019.755582083095,2
1550,20,5,"rx, ry, rz",circular,360,2000,118,5,7,11,3021.128093672559,2
1551,13,6,rz,circular,91,4700,85,5,7,19,3021.3927401539845,2
1552,11,6,"rz, ry",circular,154,4600,80,6,6,12,3022.1725490562603,2
1553,25,5,"ry, rx",circular,300,2600,137,5,8,12,3022.1882539464295,2
1554,23,7,"rz, rx, ry",circular,552,3600,185,6,8,12,3022.435949617783,2
1555,22,3,rz,circular,88,2300,70,6,7,17,3028.2452073175878,2
1556,21,5,rz,circular,126,1600,111,5,9,13,3029.752822898405,2
1557,10,7,"ry, rz, rx",circular,240,1500,94,7,7,18,3030.3131370012397,2
1558,25,8,"rz, ry",circular,450,4300,218,9,9,17,3033.984658137524,2
1559,18,8,"rx, rz",circular,324,3200,162,6,5,14,3036.7156872294863,2
1560,21,6,"rz, rx, ry",circular,441,3100,147,5,8,17,3036.988249635311,2
1561,13,8,rz,circular,117,2300,113,9,8,10,3038.4786033603773,2
1562,19,6,rx,circular,133,4200,121,6,5,15,3041.389317048519,2
1563,21,4,rz,circular,105,3400,89,8,5,14,3046.411561551208,2
1564,16,8,rx,circular,144,4400,137,9,9,15,3049.0887891968005,2
1565,19,4,"rx, ry, rz",circular,285,1500,91,9,9,16,3049.954023001424,2
1566,19,6,ry,circular,133,2400,121,5,8,13,3053.110455229338,2
1567,24,7,"rz, rx, ry",circular,576,4400,192,9,6,17,3054.5037019314673,2
1568,15,7,"ry, rz, rx",circular,360,1400,129,5,5,10,3057.5819348182818,2
1569,10,8,ry,circular,90,2500,89,6,9,13,3057.7414321765154,2
1570,24,5,"rz, rx",circular,288,1000,132,8,5,14,3064.4443093751147,2
1571,18,8,"rx, ry",circular,324,1700,162,8,8,13,3064.744611771086,2
1572,21,6,"rz, rx, ry",circular,441,2500,147,7,9,18,3067.603211598179,2
1573,16,8,"rz, rx",circular,288,3300,146,9,6,10,3069.3249770683406,2
1574,14,4,"rz, ry",circular,140,3500,66,6,7,18,3071.8718378235453,2
1575,15,7,"ry, rz",circular,240,1600,121,9,6,13,3074.774913730659,2
1576,14,6,"ry, rx, rz",circular,294,2600,105,6,7,17,3075.758107381279,2
1577,15,6,"ry, rz, rx",circular,315,4300,111,5,7,16,3076.0423235301464,2
1578,11,7,"rz, rx, ry",circular,264,2100,101,8,5,14,3077.2054024200947,2
1579,21,5,"ry, rz",circular,252,4300,117,8,6,14,3077.458112542991,2
1580,20,4,"ry, rz, rx",circular,300,2700,95,8,8,10,3077.4784727203123,2
1581,10,7,"rx, ry, rz",circular,240,2800,94,6,7,15,3077.925241334429,2
1582,15,5,ry,circular,90,1700,81,8,8,11,3077.947471513048,2
1583,15,6,rz,circular,105,3200,97,6,9,19,3088.6567306366396,2
1584,21,9,rz,circular,210,2200,199,7,6,14,3089.13388351502,2
1585,25,8,rx,circular,225,4300,209,9,7,17,3090.222993556952,2
1586,24,3,rz,circular,96,3600,76,9,7,10,3096.816864846932,2
1587,15,10,rx,circular,165,4800,161,7,7,17,3098.4418563969652,2
1588,17,4,ry,circular,85,3100,73,5,6,10,3099.4815539018923,2
1589,23,7,rx,circular,184,1900,169,5,5,10,3100.698582323838,2
1590,23,4,ry,circular,115,1600,97,5,7,10,3101.067899848876,2
1591,18,7,"rx, rz, ry",circular,432,1600,150,5,5,15,3101.3097226712775,2
1592,11,7,"ry, rz, rx",circular,264,1900,101,7,6,12,3102.300340568185,2
1593,14,7,"ry, rx, rz",circular,336,4800,122,8,6,11,3104.2749804342607,2
1594,10,7,rx,circular,80,2800,78,9,9,17,3104.8254171425915,2
1595,12,7,"rz, ry",circular,192,1200,100,9,9,14,3107.4073466820428,2
1596,24,6,"rz, rx, ry",circular,504,4000,165,6,8,15,3108.8792632385534,2
1597,18,7,"ry, rx",circular,288,2600,142,8,8,13,3109.775111080929,2
1598,11,6,"ry, rz",circular,154,3900,80,6,9,11,3113.9164709955085,2
1599,20,6,"rx, ry, rz",circular,420,2500,141,7,6,10,3116.59238644775,2
1600,23,5,ry,circular,138,4700,121,7,7,14,3116.827063995396,2
1601,23,8,rx,circular,207,1000,193,5,7,15,3118.9553599143073,2
1602,21,5,rz,circular,126,3400,111,6,7,14,3120.242097597228,2
1603,19,7,rx,circular,152,4800,141,5,6,16,3121.5293585215336,2
1604,14,7,ry,circular,112,3700,106,9,9,13,3122.4580281315334,2
1605,18,8,ry,circular,162,1700,153,9,7,15,3130.2164314491147,2
1606,13,8,rz,circular,117,3800,113,6,6,14,3130.5011140181628,2
1607,14,7,"rz, ry",circular,224,4100,114,8,5,18,3131.211427083289,2
1608,16,5,"ry, rz",circular,192,2400,92,5,5,13,3132.671771285653,2
1609,19,7,"rx, rz, ry",circular,456,2100,157,9,5,19,3135.3043530297296,2
1610,12,6,ry,circular,84,4300,79,8,6,19,3135.451688643463,2
1611,16,7,"rx, ry, rz",circular,384,2500,136,5,8,14,3137.2127883812427,2
1612,18,6,ry,circular,126,4500,115,9,8,18,3146.4366517028125,2
1613,11,5,"rx, ry, rz",circular,198,3500,73,9,5,18,3149.2729260783117,2
1614,25,5,"rx, rz, ry",circular,450,2500,143,5,5,15,3149.3841757676996,2
1615,23,8,"rx, ry",circular,414,3100,202,5,6,17,3150.6785369596028,2
1616,23,9,"rx, ry",circular,460,1800,227,6,7,13,3152.780523526935,2
1617,24,7,ry,circular,192,3900,176,9,6,11,3153.979398750691,2
1618,16,9,"rz, rx, ry",circular,480,2900,174,9,5,11,3155.5763938592568,2
1619,22,6,"rz, ry",circular,308,2500,146,8,7,17,3156.7802419457307,2
1620,14,5,"rz, rx",circular,168,2200,82,7,6,11,3156.8944209739634,2
1621,12,8,"rz, rx, ry",circular,324,3500,123,7,5,12,3157.9322043038246,2
1622,17,7,rx,circular,136,1600,127,9,9,13,3158.683771339404,2
1623,13,6,"ry, rz, rx",circular,273,1700,99,9,5,14,3159.361380782915,2
1624,11,6,rz,circular,77,1300,73,7,6,19,3159.566754328155,2
1625,14,6,rx,circular,98,1000,91,5,8,17,3160.888172496009,2
1626,15,6,"rz, ry, rx",circular,315,3200,111,9,8,10,3161.607660126046,2
1627,14,6,"ry, rx, rz",circular,294,4700,105,9,8,11,3162.026381730677,2
1628,17,4,"ry, rx, rz",circular,255,2500,83,8,7,11,3162.3880060408273,2
1629,14,3,"rx, rz",circular,112,1400,50,9,6,17,3167.507602794915,2
1630,10,10,rx,circular,110,4400,111,7,7,13,3171.4881138029477,2
1631,19,3,rz,circular,76,3200,61,7,6,16,3176.7347540831393,2
1632,16,5,"rx, rz, ry",circular,288,3500,98,6,7,11,3181.85145296837,2
1633,18,7,rx,circular,144,2900,134,5,9,13,3185.88374965846,2
1634,10,7,rz,circular,80,3300,78,6,6,16,3186.497231004848,2
1635,11,8,"rx, rz, ry",circular,297,3800,115,7,8,11,3187.2707728585992,2
1636,18,7,"rz, ry",circular,288,2700,142,9,6,18,3189.2150237154738,2
1637,23,6,"ry, rx, rz",circular,483,3900,159,9,7,15,3192.74413618423,2
1638,12,7,"ry, rx",circular,192,1400,100,8,5,15,3194.9276374315814,2
1639,14,6,"rx, rz",circular,196,4700,98,6,6,12,3203.735271065248,2
1640,25,9,"rx, ry, rz",circular,750,4600,255,5,8,18,3204.7119564910545,2
1641,17,8,"ry, rz, rx",circular,459,2400,163,6,7,14,3206.7436983997627,2
1642,25,4,"ry, rx",circular,250,1300,110,5,7,17,3210.3934195382803,2
1643,20,5,ry,circular,120,1600,106,9,9,18,3211.516090157849,2
1644,20,4,"ry, rx",circular,200,3900,90,9,9,11,3212.7417795030874,2
1645,23,7,rz,circular,184,1300,169,6,5,12,3213.2461346503073,2
1646,23,8,rz,circular,207,1700,193,6,5,10,3214.025766818612,2
1647,19,6,"rz, rx",circular,266,3700,128,9,7,19,3214.70751265158,2
1648,19,6,ry,circular,133,2300,121,6,8,10,3216.3307325498586,2
1649,15,6,rz,circular,105,4600,97,6,8,15,3217.198045931871,2
1650,18,8,"ry, rx, rz",circular,486,4100,171,7,5,15,3217.325766319815,2
1651,10,7,"rz, ry, rx",circular,240,1500,94,8,6,14,3218.9388568943427,2
1652,24,7,"rx, ry",circular,384,2400,184,8,5,13,3224.3553642947877,2
1653,19,10,"rz, ry, rx",circular,627,4300,223,6,7,10,3228.652188970809,2
1654,12,8,"rz, ry, rx",circular,324,2000,123,6,7,15,3233.8170802753493,2
1655,11,6,rx,circular,77,3000,73,6,7,13,3234.4449461792306,2
1656,14,7,"rz, ry, rx",circular,336,1700,122,7,9,16,3235.220867211601,2
1657,21,5,"rz, ry, rx",circular,378,3100,123,7,8,12,3236.4424645813783,2
1658,22,8,rx,circular,198,5000,185,8,7,15,3246.566701873322,2
1659,23,7,rz,circular,184,3400,169,7,6,10,3248.4961118009523,2
1660,15,6,"ry, rz",circular,210,5000,104,8,7,13,3249.07413253865,2
1661,23,7,"rx, ry",circular,368,1100,177,8,9,17,3250.247687129877,2
1662,19,6,"rz, ry",circular,266,3600,128,8,8,15,3254.224314148322,2
1663,13,8,"rz, rx",circular,234,2100,122,6,5,17,3259.04716155066,2
1664,13,6,"ry, rz, rx",circular,273,2100,99,7,8,12,3259.652789868095,2
1665,23,6,ry,circular,161,3700,145,7,9,14,3260.3640756876134,2
1666,20,4,ry,circular,100,2500,85,5,6,19,3260.647218774583,2
1667,24,9,"rx, rz, ry",circular,720,1500,246,7,6,11,3260.649160609997,2
1668,20,8,rx,circular,180,4500,169,7,5,11,3263.6042875629323,2
1669,22,7,rz,circular,176,2200,162,8,6,11,3264.571307844024,2
1670,19,6,"rz, ry",circular,266,3400,128,7,7,14,3266.213475104162,2
1671,22,5,"rz, ry, rx",circular,396,4400,128,7,8,12,3266.8261857506523,2
1672,13,8,"rx, ry",circular,234,2600,122,9,5,12,3269.385632777428,2
1673,12,7,ry,circular,96,1000,92,8,7,13,3276.855948270208,2
1674,12,7,"ry, rz",circular,192,3800,100,9,9,18,3278.156578824742,2
1675,15,7,"rx, ry",circular,240,2600,121,6,6,15,3278.651905269855,2
1676,25,5,ry,circular,150,1000,131,7,7,18,3282.1346968453454,2
1677,12,8,ry,circular,108,1000,105,5,9,15,3282.3678886851285,2
1678,23,7,rx,circular,184,3000,169,6,9,15,3284.213036141034,2
1679,15,6,"rx, ry",circular,210,1100,104,9,6,19,3285.610094739373,2
1680,23,5,ry,circular,138,4900,121,6,9,11,3285.6906947036714,2
1681,10,9,rz,circular,100,3800,100,9,8,14,3286.08872814209,2
1682,24,8,ry,circular,216,1300,201,5,7,13,3286.4429553398063,2
1683,13,4,"ry, rx",circular,130,1500,62,5,6,15,3287.159166438179,2
1684,23,6,"rx, rz",circular,322,4400,152,6,9,17,3289.489139250741,2
1685,20,7,"ry, rx",circular,320,4000,156,9,7,17,3292.324238385889,2
1686,23,6,"ry, rz, rx",circular,483,1800,159,6,9,14,3294.6223990667254,2
1687,15,5,rz,circular,90,4700,81,7,9,14,3297.106230392808,2
1688,16,5,rx,circular,96,3800,86,6,5,16,3298.1368116765366,2
1689,18,6,ry,circular,126,2800,115,5,9,16,3299.4371764091234,2
1690,14,7,"rz, rx, ry",circular,336,3200,122,8,7,17,3300.276156721095,2
1691,21,7,"ry, rx",circular,336,2900,163,5,8,13,3300.313231772682,2
1692,17,6,"ry, rz, rx",circular,357,3200,123,8,8,11,3301.2486501316407,2
1693,20,7,"rx, rz, ry",circular,480,1300,164,9,7,14,3301.345192109162,2
1694,23,7,"ry, rx, rz",circular,552,3100,185,5,5,13,3303.6586172821453,2
1695,13,5,ry,circular,78,4600,71,8,8,16,3304.540311226915,2
1696,21,6,ry,circular,147,2100,133,7,8,18,3304.9861262435215,2
1697,11,8,rx,circular,99,4800,97,6,8,12,3307.0668884246347,2
1698,23,7,ry,circular,184,1900,169,7,9,10,3310.5669591537476,2
1699,22,7,"rx, ry",circular,352,3300,170,7,8,13,3311.2922615966545,2
1700,19,5,"ry, rz",circular,228,5000,107,5,5,18,3313.6895889978873,2
1701,22,8,"rx, ry, rz",circular,594,1100,203,8,9,10,3315.4765667150987,2
1702,10,10,"ry, rz, rx",circular,330,3600,133,7,7,11,3320.652470698654,2
1703,14,7,rz,circular,112,4000,106,7,9,15,3321.854885993982,2
1704,12,7,"ry, rz, rx",circular,288,3300,108,6,7,19,3323.958067346814,2
1705,21,6,"rz, rx",circular,294,3000,140,6,5,19,3324.7795418391306,2
1706,17,6,ry,circular,119,1600,109,8,8,17,3327.557462695007,2
1707,13,4,"rx, ry",circular,130,3200,62,9,8,16,3329.6480404251215,2
1708,24,5,"ry, rz, rx",circular,432,1600,138,7,5,17,3331.4618506290612,2
1709,12,7,"ry, rz",circular,192,3300,100,8,7,11,3338.8347442616023,2
1710,22,6,rz,circular,154,4200,139,9,6,17,3339.0621472339617,2
1711,22,7,ry,circular,176,4500,162,6,5,19,3339.593336263483,2
1712,22,6,"ry, rz",circular,308,4300,146,6,6,19,3340.0545982075687,2
1713,16,7,"rz, rx, ry",circular,384,3500,136,8,6,14,3341.5192369997003,2
1714,18,8,"rz, rx, ry",circular,486,1900,171,5,6,15,3342.4213208751567,2
1715,12,7,"rx, ry, rz",circular,288,4300,108,7,9,16,3344.6707741350606,2
1716,13,7,"ry, rz",circular,208,1800,107,6,8,17,3348.2044109764797,2
1717,21,7,"rz, rx, ry",circular,504,1600,171,8,8,18,3349.156825027047,2
1718,12,7,"ry, rz",circular,192,2400,100,5,8,13,3351.191118112198,2
1719,11,4,rx,circular,55,4200,49,9,5,18,3360.0605970748225,2
1720,18,8,rz,circular,162,4800,153,8,8,11,3364.08695823761,2
1721,19,8,"rx, rz, ry",circular,513,4800,179,5,7,15,3364.79693968373,2
1722,21,8,ry,circular,189,1000,177,5,7,15,3366.345864963235,2
1723,14,6,"rz, ry",circular,196,2900,98,5,6,16,3369.075580930033,2
1724,16,6,"rz, rx",circular,224,2300,110,9,8,12,3371.53794689396,2
1725,15,7,rz,circular,120,3600,113,6,9,16,3372.6804988145464,2
1726,20,6,"rx, rz",circular,280,3500,134,6,7,11,3373.5045810125043,2
1727,12,5,rz,circular,72,3500,66,7,5,18,3375.8308018352177,2
1728,18,5,rz,circular,108,1100,96,9,8,15,3376.1517313119143,2
1729,13,8,"rx, ry, rz",circular,351,1800,131,7,7,10,3377.857791453269,2
1730,18,7,rz,circular,144,3000,134,6,8,10,3378.204015611515,2
1731,23,8,"rx, ry",circular,414,1600,202,6,6,10,3379.4695936700614,2
1732,18,6,"rx, rz, ry",circular,378,3300,129,9,9,17,3381.677158540908,2
1733,15,6,"rx, ry",circular,210,4600,104,7,7,18,3384.675294764332,2
1734,18,7,rz,circular,144,1100,134,9,5,13,3386.694367244034,2
1735,21,7,rx,circular,168,1200,155,5,8,15,3393.341118065671,2
1736,12,5,rz,circular,72,2600,66,8,8,12,3399.498320278255,2
1737,13,7,rz,circular,104,2500,99,5,9,14,3401.8326264097623,2
1738,15,6,rx,circular,105,1900,97,5,5,15,3402.31251365585,2
1739,14,7,"rx, rz",circular,224,3200,114,6,9,17,3402.6726514476954,2
1740,19,8,ry,circular,171,3800,161,6,6,14,3403.6721797985438,2
1741,14,7,"rz, rx, ry",circular,336,2600,122,9,8,10,3408.403263731224,2
1742,10,7,ry,circular,80,4700,78,6,9,18,3409.035663246978,2
1743,25,6,"ry, rx, rz",circular,525,1300,171,6,5,19,3409.5068459978,2
1744,20,9,"rx, rz, ry",circular,600,1800,210,5,6,18,3422.5171529346217,2
1745,11,5,"rx, ry",circular,132,3600,67,8,6,17,3423.468420735815,2
1746,13,6,ry,circular,91,2000,85,8,9,13,3423.6878605793795,2
1747,12,6,"rz, rx, ry",circular,252,2800,93,6,5,18,3423.9433745333727,2
1748,12,4,ry,circular,60,4400,53,9,5,10,3427.2569118685465,2
1749,24,7,"rx, rz, ry",circular,576,2700,192,7,5,19,3428.6637263572165,2
1750,15,8,rz,circular,135,1600,129,8,8,16,3429.99910568024,2
1751,19,8,rz,circular,171,1300,161,8,9,15,3430.374484758591,2
1752,23,5,rz,circular,138,1500,121,8,5,17,3433.271068563036,2
1753,22,5,"rz, rx",circular,264,4400,122,9,8,11,3437.522139596254,2
1754,21,6,"rz, ry, rx",circular,441,3300,147,8,8,17,3439.2695772600264,2
1755,11,5,"rx, rz, ry",circular,198,3700,73,6,8,19,3445.286961330627,2
1756,10,10,rx,circular,110,4800,111,6,6,13,3445.430087002675,2
1757,19,5,"rx, rz",circular,228,2200,107,5,7,18,3450.814885688196,2
1758,15,8,"rz, ry",circular,270,3200,138,5,5,13,3455.4098768910153,2
1759,10,8,"ry, rz, rx",circular,270,2700,107,8,8,16,3461.3746429799294,2
1760,19,4,"ry, rz, rx",circular,285,4000,91,9,8,16,3462.3937679644664,2
1761,15,6,"rz, rx, ry",circular,315,1300,111,8,9,19,3463.458681222523,2
1762,24,9,"ry, rz",circular,480,1600,236,7,7,14,3465.343059829724,2
1763,13,5,"ry, rz",circular,156,3000,77,6,8,15,3466.6914925227866,2
1764,15,4,rx,circular,75,2200,65,8,6,13,3471.918261342503,2
1765,11,6,ry,circular,77,4600,73,6,8,18,3476.879862574814,2
1766,11,6,rz,circular,77,2200,73,7,5,17,3480.3121951981475,2
1767,25,7,"rz, rx",circular,400,1900,191,8,9,18,3483.6005215193213,2
1768,12,7,rx,circular,96,2100,92,6,7,14,3483.6817125641405,2
1769,14,5,ry,circular,84,1700,76,7,7,16,3484.0112202158234,2
1770,11,7,rx,circular,88,5000,85,5,8,12,3484.253381906055,2
1771,18,8,"rx, ry, rz",circular,486,1100,171,8,9,17,3487.566554509534,2
1772,16,8,"rz, ry",circular,288,3900,146,8,6,19,3488.5874991831115,2
1773,17,7,"rx, ry",circular,272,4500,135,8,5,19,3489.676690787062,2
1774,19,6,"rx, ry",circular,266,1200,128,6,6,17,3491.633173870048,2
1775,19,6,"ry, rx",circular,266,2900,128,9,5,15,3499.442055179284,2
1776,19,8,ry,circular,171,2700,161,5,5,13,3501.95612889301,2
1777,21,7,rx,circular,168,4500,155,7,7,16,3503.0225951707102,2
1778,15,6,"rz, ry, rx",circular,315,4900,111,7,7,18,3504.96079332886,2
1779,14,7,"ry, rz",circular,224,2600,114,7,8,13,3508.6603351681847,2
1780,18,6,rx,circular,126,3000,115,7,6,17,3510.4025891541933,2
1781,23,6,"rz, ry",circular,322,2200,152,7,9,13,3514.3687463403753,2
1782,23,8,"ry, rx, rz",circular,621,3700,211,6,5,15,3516.723628991429,2
1783,14,6,"rz, ry, rx",circular,294,3500,105,8,9,10,3522.2258772966056,2
1784,16,8,"rz, ry",circular,288,1900,146,5,5,13,3523.2024880069066,2
1785,19,5,ry,circular,114,2200,101,8,6,10,3523.9488470105994,2
1786,25,6,"rx, ry, rz",circular,525,1900,171,5,7,15,3524.591178080731,2
1787,17,4,"rz, rx",circular,170,1000,78,5,5,15,3524.9432850467765,2
1788,14,5,"rx, rz, ry",circular,252,3000,88,5,6,14,3525.3913678363456,2
1789,24,8,rx,circular,216,3900,201,7,8,16,3526.424724568561,2
1790,11,7,"rz, ry",circular,176,2500,93,8,7,13,3527.66449610077,2
1791,21,8,rx,circular,189,3200,177,7,5,15,3528.8127819900956,2
1792,16,8,"rx, rz",circular,288,1300,146,7,7,17,3529.5723176734227,2
1793,21,7,"ry, rz, rx",circular,504,2600,171,8,6,17,3534.7934974777195,2
1794,15,8,"rz, ry",circular,270,5000,138,9,5,14,3536.882468028568,2
1795,24,5,"ry, rx",circular,288,4200,132,5,6,15,3540.4922625595327,2
1796,24,7,"rx, rz",circular,384,4600,184,7,7,11,3541.245355175606,2
1797,22,6,"rz, rx",circular,308,1300,146,8,6,17,3541.372306792977,2
1798,14,9,"rz, ry",circular,280,3300,146,5,6,15,3541.8944090883556,2
1799,10,6,"rx, rz",circular,140,2000,74,5,8,13,3548.57642171968,2
1800,25,6,ry,circular,175,4500,157,6,6,17,3551.052878117251,2
1801,24,8,ry,circular,216,4900,201,9,8,11,3554.3088317043594,2
1802,24,8,"rx, rz",circular,432,2300,210,8,9,16,3555.6457503327847,2
1803,25,7,rz,circular,200,2700,183,7,9,10,3556.855760516719,2
1804,15,6,"rz, ry, rx",circular,315,1700,111,7,5,14,3556.888461545783,2
1805,12,6,rz,circular,84,2600,79,6,5,10,3562.5755224889986,2
1806,14,7,rz,circular,112,3500,106,5,6,14,3562.595631491614,2
1807,22,7,"rz, rx",circular,352,1400,170,7,6,17,3563.77945124642,2
1808,22,5,"rz, rx",circular,264,4600,122,9,7,17,3568.1997607447042,2
1809,17,5,"rz, rx",circular,204,1000,97,7,8,12,3570.010210892395,2
1810,22,7,"rx, ry",circular,352,1200,170,7,6,13,3571.2533654907534,2
1811,22,6,"rx, ry",circular,308,4300,146,8,5,19,3572.756225212936,2
1812,21,10,"ry, rx",circular,462,3300,232,9,8,16,3576.9049815642165,2
1813,10,7,ry,circular,80,3900,78,8,7,10,3581.2519979958806,2
1814,17,8,rz,circular,153,4900,145,7,8,12,3582.52846752694,2
1815,14,6,"rx, ry",circular,196,3100,98,5,6,16,3590.727171524975,2
1816,14,8,"ry, rx, rz",circular,378,1700,139,6,8,13,3592.333617653025,2
1817,16,7,ry,circular,128,4000,120,9,9,17,3594.6092711365186,2
1818,25,7,"ry, rz, rx",circular,600,1800,199,6,6,11,3595.882872835937,2
1819,25,8,"rz, rx, ry",circular,675,2200,227,8,8,13,3596.5806445639605,2
1820,13,7,"rz, ry, rx",circular,312,2000,115,7,9,12,3596.9794007432984,2
1821,25,6,"ry, rx, rz",circular,525,2900,171,7,6,15,3598.547000968496,2
1822,19,3,"ry, rx",circular,152,4300,65,6,5,11,3601.117203507884,2
1823,12,7,"rx, ry, rz",circular,288,3900,108,5,9,12,3603.0166696616193,2
1824,14,5,"rx, ry, rz",circular,252,2700,88,8,6,10,3603.486289949929,2
1825,21,6,"rz, rx",circular,294,4200,140,8,7,15,3605.857215308053,2
1826,19,5,rz,circular,114,4700,101,8,7,16,3607.64419271991,2
1827,15,5,"ry, rz",circular,180,2800,87,5,7,13,3608.09986634151,2
1828,13,8,"ry, rx",circular,234,1600,122,7,5,18,3614.4432162240196,2
1829,24,7,"ry, rx",circular,384,4100,184,7,7,10,3616.329570481644,2
1830,13,8,ry,circular,117,4700,113,7,9,10,3619.269701403416,2
1831,14,7,"rz, rx, ry",circular,336,3600,122,8,8,14,3620.5841995994815,2
1832,21,5,rx,circular,126,4200,111,7,7,15,3623.7886542018773,2
1833,22,5,ry,circular,132,3000,116,8,6,18,3625.8142546554313,2
1834,16,6,"rz, ry, rx",circular,336,1700,117,6,6,16,3629.7890467674033,2
1835,20,5,"rx, rz, ry",circular,360,3400,118,8,9,12,3632.0609201456487,2
1836,17,8,"rx, rz, ry",circular,459,2500,163,8,7,11,3633.2197954301837,2
1837,17,6,"rx, ry, rz",circular,357,2600,123,6,9,11,3635.786953865136,2
1838,22,5,"rx, ry, rz",circular,396,2300,128,5,5,10,3635.909508350337,2
1839,24,7,ry,circular,192,3100,176,7,5,13,3637.907495963563,2
1840,17,8,rz,circular,153,3900,145,5,7,16,3638.568765321841,2
1841,14,7,rz,circular,112,1200,106,7,6,16,3643.3558687525688,2
1842,19,8,"rx, rz",circular,342,1700,170,9,9,12,3644.2611381183015,2
1843,22,7,rz,circular,176,1700,162,5,7,14,3647.557594468844,2
1844,20,6,rx,circular,140,4500,127,7,8,12,3649.794521032267,2
1845,11,9,"rz, rx",circular,220,2900,119,9,7,15,3650.2324566242064,2
1846,18,5,"ry, rx",circular,216,2600,102,5,8,12,3650.456201917283,2
1847,20,5,"rz, rx",circular,240,4000,112,6,6,17,3662.969553382445,2
1848,22,8,"rx, rz",circular,396,3900,194,6,8,14,3669.4932110823574,2
1849,14,4,"rx, rz",circular,140,4200,66,5,5,12,3669.597627204959,2
1850,18,7,ry,circular,144,4000,134,8,5,12,3670.9976369567303,2
1851,21,5,rz,circular,126,2500,111,8,7,15,3672.40139826144,2
1852,22,6,rz,circular,154,4000,139,8,9,17,3673.0619178535717,2
1853,22,6,"rz, rx",circular,308,3000,146,7,8,19,3676.9046182440984,2
1854,22,6,"rz, rx, ry",circular,462,2500,153,7,9,14,3685.342998442045,2
1855,12,5,"rz, rx",circular,144,4800,72,7,8,12,3688.1548916109296,2
1856,23,6,rx,circular,161,4100,145,7,5,14,3688.205984739543,2
1857,21,7,"rz, ry, rx",circular,504,3100,171,8,7,10,3688.773419561653,2
1858,20,8,"rz, rx, ry",circular,540,2300,187,7,8,15,3688.805842230516,2
1859,17,5,"rz, ry",circular,204,3200,97,9,8,17,3690.3922802344136,2
1860,20,5,"rz, rx, ry",circular,360,1000,118,7,9,15,3692.917597270122,2
1861,12,6,"rx, ry",circular,168,2500,86,8,9,17,3692.9913079461526,2
1862,22,7,rz,circular,176,5000,162,8,5,19,3700.262145849021,2
1863,11,4,"rz, ry",circular,110,3600,54,7,7,10,3701.705696340953,2
1864,23,6,rx,circular,161,4900,145,9,7,16,3702.2632505494753,2
1865,23,9,"rx, ry, rz",circular,690,3100,237,9,6,12,3709.2444017964112,2
1866,14,7,"rz, rx",circular,224,3700,114,9,9,19,3710.004667952606,2
1867,16,7,"ry, rx",circular,256,3900,128,8,9,17,3716.2240841181465,2
1868,11,7,rx,circular,88,4800,85,6,9,12,3716.721794124653,2
1869,20,6,rz,circular,140,2300,127,5,6,13,3721.62219117998,2
1870,25,6,"rx, ry",circular,350,2500,164,6,9,10,3728.490320637095,2
1871,16,7,"rz, rx, ry",circular,384,2800,136,7,5,13,3732.1408310018724,2
1872,13,9,rz,circular,130,4200,127,6,7,15,3733.0032183454637,2
1873,25,7,"ry, rx",circular,400,2100,191,5,7,18,3733.819486600362,2
1874,12,7,ry,circular,96,3600,92,9,6,13,3734.4877236763177,2
1875,10,9,"rz, ry",circular,200,2900,110,6,9,15,3736.2760028490943,2
1876,18,8,ry,circular,162,4300,153,5,9,14,3736.71263840531,2
1877,16,4,ry,circular,80,3100,69,6,6,10,3737.9291722888834,2
1878,19,6,"rx, rz",circular,266,1000,128,6,6,19,3744.100886330367,2
1879,22,8,ry,circular,198,2000,185,5,9,12,3748.851370709195,2
1880,18,5,"ry, rx, rz",circular,324,3400,108,7,5,14,3749.3490049359016,2
1881,21,7,ry,circular,168,3200,155,8,8,12,3749.672086170711,2
1882,22,6,"rz, rx",circular,308,4000,146,9,8,16,3750.392161998425,2
1883,17,10,"ry, rx, rz",circular,561,1500,203,7,9,15,3759.8435567997976,2
1884,15,5,ry,circular,90,3700,81,6,8,12,3759.9341875437613,2
1885,16,4,"ry, rz, rx",circular,240,2600,79,9,5,11,3762.86341324033,2
1886,12,7,"rx, rz, ry",circular,288,4200,108,6,7,10,3765.7589847602044,2
1887,17,5,"ry, rx",circular,204,4700,97,7,5,16,3766.6484956126333,2
1888,17,7,rz,circular,136,1100,127,5,7,15,3769.166398233247,2
1889,17,8,"ry, rz, rx",circular,459,4000,163,5,8,18,3770.463808586441,2
1890,21,7,"rx, ry",circular,336,4300,163,8,5,12,3771.2233526031414,2
1891,21,6,"ry, rx, rz",circular,441,2800,147,9,8,14,3774.1377337158065,2
1892,11,3,"rx, ry",circular,88,1300,41,8,7,10,3774.6573794435944,2
1893,13,5,rx,circular,78,3500,71,8,9,11,3778.260542466397,2
1894,14,5,"ry, rx, rz",circular,252,1700,88,6,6,18,3778.85583333906,2
1895,17,7,rx,circular,136,1500,127,7,8,12,3779.5323952120925,2
1896,10,5,rx,circular,60,2700,56,6,5,19,3779.8274034808305,2
1897,22,7,"rx, rz",circular,352,4600,170,9,5,14,3780.0457707260352,2
1898,23,10,rx,circular,253,4200,241,7,7,14,3784.2989992027224,2
1899,24,5,"ry, rz, rx",circular,432,4400,138,9,8,16,3792.695211482969,2
1900,14,6,ry,circular,98,2500,91,7,5,19,3793.686135383409,2
1901,11,9,"rx, rz, ry",circular,330,2400,129,6,5,11,3794.141396547918,2
1902,18,5,rz,circular,108,2900,96,6,5,14,3795.385400730366,2
1903,21,5,rz,circular,126,4400,111,8,8,11,3796.062039268586,2
1904,20,7,ry,circular,160,2500,148,5,5,14,3799.9745078182,2
1905,18,10,"rx, rz",circular,396,1800,202,9,5,13,3804.865393954577,2
1906,24,8,rz,circular,216,1900,201,6,7,12,3805.9366471297276,2
1907,17,8,"rz, rx",circular,306,4800,154,7,9,10,3806.763669560605,2
1908,19,6,"ry, rz",circular,266,3500,128,8,6,13,3811.7904399027448,2
1909,15,8,"rz, ry, rx",circular,405,4200,147,6,8,14,3813.033590335554,2
1910,22,5,"rz, rx, ry",circular,396,3300,128,7,5,10,3814.2770427158603,2
1911,18,7,"rz, rx",circular,288,3500,142,8,5,15,3817.2251756088863,2
1912,19,8,"rx, ry",circular,342,1100,170,6,9,16,3817.308567632263,2
1913,15,7,"rx, ry, rz",circular,360,1200,129,6,6,12,3817.860182446821,2
1914,12,9,rx,circular,120,3700,118,7,7,10,3819.078067791393,2
1915,11,6,"rx, rz",circular,154,4500,80,8,5,15,3821.2844598982056,2
1916,25,7,ry,circular,200,1000,183,6,6,12,3822.3417117798735,2
1917,24,6,"rz, ry, rx",circular,504,3400,165,9,8,17,3822.863519351025,2
1918,15,6,rz,circular,105,2300,97,5,8,13,3825.035105051386,2
1919,17,7,"ry, rx, rz",circular,408,3700,143,6,8,15,3825.8164224454754,2
1920,14,5,ry,circular,84,3700,76,6,5,18,3826.247709749686,2
1921,20,7,ry,circular,160,2100,148,9,5,18,3826.5226894936272,2
1922,22,6,rz,circular,154,3900,139,7,6,11,3827.2672604710237,2
1923,23,7,"rz, rx",circular,368,2300,177,6,6,19,3827.9220258815567,2
1924,10,3,"rx, ry",circular,80,1300,38,5,6,10,3828.8039858985526,2
1925,15,7,"rz, ry, rx",circular,360,1500,129,6,5,13,3830.2827499528184,2
1926,22,6,"rx, ry",circular,308,3000,146,7,9,12,3833.9902165902786,2
1927,24,6,"rz, ry",circular,336,3700,158,9,6,16,3835.4503304854916,2
1928,14,7,"ry, rx",circular,224,2300,114,5,5,15,3838.5218648166783,2
1929,20,7,"rz, ry, rx",circular,480,1500,164,8,5,19,3842.097565355817,2
1930,19,6,"rz, ry, rx",circular,399,2400,135,6,5,10,3845.862158849037,2
1931,18,9,"rz, rx, ry",circular,540,3100,192,9,9,18,3849.1149641105076,2
1932,21,6,ry,circular,147,4100,133,9,8,13,3858.5057304177676,2
1933,19,8,"ry, rz, rx",circular,513,1200,179,9,8,19,3858.693932503462,2
1934,16,8,ry,circular,144,1300,137,6,8,18,3860.0358391042887,2
1935,23,8,"rz, rx, ry",circular,621,2800,211,7,7,19,3860.7248150471223,2
1936,13,5,"rz, ry, rx",circular,234,2500,83,9,9,12,3862.541441280241,2
1937,18,6,"ry, rx, rz",circular,378,2900,129,6,6,14,3862.7239263048673,2
1938,16,6,"rz, ry",circular,224,1900,110,9,8,17,3864.7253768985665,2
1939,18,8,"ry, rz, rx",circular,486,3300,171,8,5,15,3866.197304322048,2
1940,20,6,rx,circular,140,2200,127,7,9,16,3868.7863451322946,2
1941,12,3,"rx, ry, rz",circular,144,1200,48,7,8,14,3869.3108108061815,2
1942,22,9,"ry, rx, rz",circular,660,4900,228,6,5,14,3870.662935464816,2
1943,17,8,"ry, rz",circular,306,1700,154,8,5,11,3870.8200761019357,2
1944,20,6,ry,circular,140,1100,127,8,5,12,3875.856909492789,2
1945,19,7,rz,circular,152,2500,141,5,6,14,3875.8842499489,2
1946,16,7,"rx, ry",circular,256,1100,128,7,6,15,3876.06052993028,2
1947,11,6,"rx, ry, rz",circular,231,3000,87,6,5,12,3877.4538234033275,2
1948,10,6,"rz, rx, ry",circular,210,3600,81,8,9,14,3879.9467442838613,2
1949,23,6,ry,circular,161,2600,145,7,6,14,3880.2351739061605,2
1950,11,7,rz,circular,88,4100,85,6,7,18,3880.8393260557377,2
1951,18,6,"rx, rz",circular,252,4000,122,7,6,14,3881.6218304106224,2
1952,22,8,ry,circular,198,4000,185,7,6,10,3883.681751789318,2
1953,13,5,"rx, ry",circular,156,2100,77,7,6,13,3883.6868466107485,2
1954,19,6,"rx, rz, ry",circular,399,2600,135,8,7,14,3883.921185419656,2
1955,21,9,"rz, rx, ry",circular,630,2100,219,7,9,12,3885.2343499270964,2
1956,19,8,"ry, rx",circular,342,2900,170,5,7,14,3886.7755788746413,2
1957,10,6,ry,circular,70,2600,67,9,6,13,3893.481314275895,2
1958,17,6,ry,circular,119,4200,109,9,5,11,3893.8501269706553,2
1959,16,9,"ry, rx, rz",circular,480,2000,174,9,5,18,3895.869010192782,2
1960,17,7,"ry, rx",circular,272,1800,135,8,5,12,3896.941622400164,2
1961,23,5,"rx, ry",circular,276,3500,127,9,6,12,3898.9754823237054,2
1962,11,6,"rx, rz, ry",circular,231,1700,87,9,9,19,3900.828285400423,2
1963,10,7,"rx, ry",circular,160,1000,86,8,9,16,3901.466891047817,2
1964,15,8,"ry, rx, rz",circular,405,4600,147,6,7,15,3906.5114045078803,2
1965,23,7,"rx, ry, rz",circular,552,1500,185,8,6,16,3906.6910181279472,2
1966,23,7,"rx, ry",circular,368,1900,177,7,7,18,3906.832298994568,2
1967,21,5,rx,circular,126,2000,111,6,9,16,3908.1619746353244,2
1968,21,7,"rz, rx",circular,336,1700,163,7,7,14,3908.2328399667226,2
1969,10,8,rz,circular,90,4700,89,9,6,15,3914.322544669758,2
1970,19,7,"rx, ry, rz",circular,456,4800,157,6,9,11,3915.213967028717,2
1971,14,6,"rz, ry",circular,196,3700,98,9,8,14,3917.40178635336,2
1972,13,7,"rz, rx",circular,208,1200,107,6,5,15,3921.2054052993326,2
1973,13,6,"rx, ry",circular,182,4200,92,6,9,17,3929.8216084010874,2
1974,19,7,"ry, rz, rx",circular,456,3200,157,5,6,10,3930.5270323386535,2
1975,16,3,"rz, rx, ry",circular,192,3900,60,8,5,15,3934.158884790186,2
1976,11,7,"ry, rz",circular,176,2100,93,7,8,19,3934.8688899360486,2
1977,21,3,ry,circular,84,2400,67,8,6,11,3934.91420495027,2
1978,13,8,ry,circular,117,4600,113,5,5,11,3938.023139047365,2
1979,18,5,"rx, ry, rz",circular,324,1800,108,7,8,10,3938.3782177855896,2
1980,19,7,"ry, rz, rx",circular,456,4800,157,5,9,10,3944.782407042345,2
1981,14,7,"rz, rx, ry",circular,336,3300,122,8,9,14,3945.036441924501,2
1982,11,10,rz,circular,121,1000,121,8,6,19,3948.9446780337817,2
1983,14,6,rx,circular,98,3600,91,7,6,17,3949.5707965508477,2
1984,16,7,"rx, rz, ry",circular,384,3200,136,7,9,13,3952.7166467067045,2
1985,17,9,"rx, ry, rz",circular,510,2600,183,5,8,14,3953.6698248690573,2
1986,24,6,"rz, ry, rx",circular,504,2000,165,6,9,14,3958.230198802358,2
1987,15,6,"ry, rz, rx",circular,315,1400,111,8,9,17,3958.9421705022564,2
1988,19,5,"rz, ry, rx",circular,342,4000,113,9,7,12,3959.099481881376,2
1989,15,6,"rz, ry, rx",circular,315,3200,111,6,7,10,3964.535668810513,2
1990,10,8,"rz, rx",circular,180,3600,98,7,8,14,3965.1439442968012,2
1991,10,6,rz,circular,70,3200,67,6,9,18,3970.195961066266,2
1992,24,7,"rz, rx, ry",circular,576,1900,192,8,8,17,3971.5347132557044,2
1993,23,7,rx,circular,184,2600,169,7,5,14,3971.8247153392904,2
1994,13,9,"rx, ry",circular,260,2200,137,6,5,13,3972.9406906784575,2
1995,20,6,"ry, rz",circular,280,4400,134,8,9,17,3972.975582625045,2
1996,25,7,rz,circular,200,3600,183,8,6,12,3973.0467403459525,2
1997,15,6,"rz, rx",circular,210,3500,104,5,5,11,3976.80918299415,2
1998,22,5,ry,circular,132,4500,116,6,8,10,3978.4616294666607,2
1999,19,10,"ry, rx, rz",circular,627,4300,223,6,9,13,3980.0068564162334,2
2000,17,8,rx,circular,153,3800,145,9,9,16,3984.033271616356,2
2001,20,6,ry,circular,140,4700,127,8,6,10,3984.233095734216,2
2002,11,4,"ry, rz",circular,110,1600,54,5,5,14,3987.6309806750373,2
2003,23,4,"ry, rx, rz",circular,345,4000,107,9,5,14,3988.9590013303837,2
2004,19,5,"ry, rx",circular,228,2800,107,8,8,12,3992.6486493674142,2
2005,11,5,"rz, ry, rx",circular,198,1800,73,9,9,18,3995.4667454167175,2
2006,23,8,"rz, ry",circular,414,1300,202,7,9,15,3995.5088121717854,2
2007,22,7,"rx, ry",circular,352,2200,170,9,6,17,3998.0102942776707,2
2008,23,6,"rx, ry",circular,322,2400,152,9,5,14,3998.7079632496207,2
2009,10,7,"ry, rx",circular,160,3300,86,6,9,13,3998.9834297457282,2
2010,10,6,"rz, rx, ry",circular,210,1800,81,9,6,19,3999.441182398127,2
2011,10,8,ry,circular,90,2900,89,8,9,16,3999.8536162113523,2
2012,22,8,"rz, rx",circular,396,3400,194,8,9,18,4000.1355977624253,2
2013,10,6,ry,circular,70,1700,67,6,5,11,4003.75181347299,2
2014,22,7,"rz, rx, ry",circular,528,1600,178,8,6,19,4004.435925411367,2
2015,25,6,"rx, ry, rz",circular,525,1600,171,8,5,10,4006.2758725786352,2
2016,17,7,ry,circular,136,4000,127,5,6,12,4007.628752422204,2
2017,14,5,ry,circular,84,1900,76,8,8,10,4007.6741544498977,2
2018,19,6,"rz, rx, ry",circular,399,3700,135,6,9,19,4008.5361461310745,2
2019,24,8,"rz, rx, ry",circular,648,4900,219,8,6,11,4011.7524774164294,2
2020,22,8,rx,circular,198,2200,185,6,7,16,4013.344882266368,2
2021,15,8,rz,circular,135,2100,129,9,8,16,4015.3088752593835,2
2022,18,4,"ry, rz",circular,180,1200,82,8,8,12,4015.6644797971203,2
2023,23,5,"ry, rx, rz",circular,414,1500,133,5,9,12,4017.9252272977683,2
2024,25,5,"rx, ry, rz",circular,450,3300,143,5,8,10,4019.2747433877034,2
2025,16,6,rx,circular,112,2100,103,7,6,14,4021.481027803944,2
2026,24,10,"ry, rx",circular,528,1200,262,9,8,15,4022.410355253604,2
2027,16,8,ry,circular,144,4400,137,9,8,11,4023.5533759701975,2
2028,12,5,"rx, ry",circular,144,2200,72,6,9,10,4025.0443300061065,2
2029,25,7,"ry, rx, rz",circular,600,3900,199,5,5,13,4025.565067817934,2
2030,19,7,ry,circular,152,1100,141,5,6,10,4026.568481188352,2
2031,20,9,rx,circular,200,4300,190,7,9,13,4029.3586200923464,2
2032,24,6,ry,circular,168,4800,151,8,9,12,4031.900488809306,2
2033,25,7,"rx, rz, ry",circular,600,5000,199,7,6,15,4031.9075954765635,2
2034,15,7,"ry, rz, rx",circular,360,2900,129,7,6,17,4033.0504768164765,2
2035,22,6,"ry, rz, rx",circular,462,4600,153,6,7,15,4033.816581260595,2
2036,12,7,"rx, ry",circular,192,1700,100,6,6,12,4034.3940966855394,2
2037,19,6,ry,circular,133,3300,121,9,9,13,4035.9529822067793,2
2038,19,6,"ry, rz",circular,266,1200,128,9,6,18,4038.855121654161,2
2039,20,6,"rx, rz, ry",circular,420,1800,141,7,8,15,4038.894123436785,2
2040,12,5,rz,circular,72,3700,66,7,5,11,4041.545564533095,2
2041,18,7,"rx, rz",circular,288,2800,142,6,5,18,4043.0307996337206,2
2042,23,7,"ry, rz, rx",circular,552,2200,185,9,6,19,4043.789228818885,2
2043,11,7,ry,circular,88,2700,85,7,6,19,4044.3229518960025,2
2044,13,5,ry,circular,78,3200,71,5,9,18,4045.907776711495,2
2045,22,6,"ry, rx",circular,308,2100,146,9,8,15,4046.1136123196147,2
2046,11,6,"ry, rx",circular,154,4400,80,8,6,16,4048.768317076249,2
2047,14,7,"rz, rx, ry",circular,336,1500,122,5,7,19,4050.585762150375,2
2048,14,8,"rx, rz",circular,252,2300,130,5,9,14,4057.6216435219235,2
2049,21,6,"ry, rz",circular,294,3600,140,8,5,11,4063.993007290943,2
2050,10,3,"ry, rz, rx",circular,120,3100,42,6,5,14,4067.429625036731,2
2051,13,8,"ry, rz",circular,234,5000,122,5,7,17,4069.1946493564774,2
2052,20,6,"rz, rx",circular,280,3700,134,5,7,19,4072.585351979493,2
2053,25,7,"ry, rz, rx",circular,600,3600,199,7,5,16,4073.907764677476,2
2054,10,6,"rx, rz, ry",circular,210,4700,81,7,6,11,4075.6465661013312,2
2055,17,6,"rx, rz",circular,238,3500,116,7,5,14,4077.773304572228,2
2056,15,8,"rz, rx, ry",circular,405,2500,147,5,6,15,4080.0271585835126,2
2057,10,6,"ry, rx",circular,140,1000,74,6,5,15,4085.671402758417,2
2058,11,7,rx,circular,88,2500,85,5,6,13,4086.5083419570083,2
2059,16,6,"ry, rx, rz",circular,336,1200,117,8,9,14,4087.3966529310155,2
2060,16,6,rz,circular,112,2400,103,6,5,10,4089.9671749866056,2
2061,25,7,ry,circular,200,4200,183,8,9,14,4090.502532104999,2
2062,15,9,"rx, rz, ry",circular,450,3700,165,5,8,14,4093.471015407772,2
2063,23,5,"rx, rz",circular,276,1100,127,9,8,10,4096.578527210832,2
2064,13,8,ry,circular,117,2700,113,5,8,11,4097.07295491424,2
2065,24,6,"rx, ry, rz",circular,504,3100,165,5,5,18,4099.68150541577,2
2066,24,9,"ry, rz",circular,480,1100,236,9,6,10,4099.683284676687,2
2067,16,6,rz,circular,112,3500,103,7,9,15,4104.983977678914,2
2068,23,8,"rx, rz",circular,414,1100,202,6,5,16,4105.068378863432,2
2069,17,6,"ry, rx",circular,238,4400,116,6,6,13,4106.220160261554,2
2070,10,7,"ry, rz",circular,160,2500,86,7,5,13,4107.513062647286,2
2071,21,9,"rx, rz, ry",circular,630,2400,219,5,8,10,4110.155306319731,2
2072,17,5,"ry, rx, rz",circular,306,4300,103,9,6,12,4117.911798206743,2
2073,11,6,rx,circular,77,1000,73,8,5,14,4123.998339242926,2
2074,18,9,ry,circular,180,4200,172,6,5,15,4124.980595912623,2
2075,25,6,ry,circular,175,4400,157,5,5,13,4125.410827723606,2
2076,20,6,"rx, rz, ry",circular,420,2200,141,6,8,12,4125.989239471963,2
2077,22,6,"rz, rx, ry",circular,462,4000,153,8,6,11,4126.381504044816,2
2078,11,7,rx,circular,88,3300,85,6,6,15,4126.919490617503,2
2079,20,6,"ry, rz",circular,280,4700,134,7,9,12,4128.617000074889,2
2080,12,6,ry,circular,84,4300,79,8,6,12,4128.63658362761,2
2081,13,4,"rz, rx, ry",circular,195,3800,67,7,9,12,4130.831407511153,2
2082,23,8,"rx, ry",circular,414,4000,202,8,6,19,4133.814214127462,2
2083,20,8,"ry, rx",circular,360,1600,178,8,9,19,4133.900195989463,2
2084,13,9,rz,circular,130,3700,127,6,7,17,4135.857084792451,2
2085,15,4,"ry, rz",circular,150,2700,70,9,8,13,4138.151828262585,2
2086,20,7,"ry, rx, rz",circular,480,1700,164,9,5,11,4138.6000699835795,2
2087,11,6,"ry, rx, rz",circular,231,4800,87,8,7,11,4139.628494695347,2
2088,17,5,rz,circular,102,2800,91,6,9,14,4139.669299513007,2
2089,22,8,rx,circular,198,4000,185,7,7,11,4143.905065216348,2
2090,18,6,rz,circular,126,3400,115,6,5,19,4144.009591422429,2
2091,24,7,"ry, rz",circular,384,4000,184,7,9,18,4144.182280085097,2
2092,22,6,"rx, ry",circular,308,1700,146,7,6,14,4147.4142592765875,2
2093,13,5,"rz, ry, rx",circular,234,2300,83,7,7,10,4149.295973772796,2
2094,18,8,"rx, ry, rz",circular,486,2100,171,5,7,16,4153.030720555836,2
2095,15,6,"rz, rx, ry",circular,315,4600,111,6,8,13,4158.15583763348,2
2096,14,7,ry,circular,112,2200,106,9,5,14,4158.591655787071,2
2097,11,7,"rz, ry, rx",circular,264,3000,101,5,6,18,4159.117428855412,2
2098,14,7,"ry, rz",circular,224,1300,114,7,8,19,4162.446444658586,2
2099,15,7,"rz, rx",circular,240,2800,121,9,5,18,4163.052780597836,2
2100,12,9,"rx, ry",circular,240,2200,128,6,5,14,4164.537673670481,2
2101,25,5,"ry, rx",circular,300,2400,137,5,5,11,4166.6201039568,2
2102,25,9,rz,circular,250,1200,235,6,9,16,4168.239304533519,2
2103,17,7,ry,circular,136,4100,127,5,6,10,4170.723538988256,2
2104,22,8,"rz, rx, ry",circular,594,2700,203,5,8,12,4172.547960753705,2
2105,18,5,rx,circular,108,4300,96,8,9,19,4172.558603167968,2
2106,23,6,rz,circular,161,2200,145,7,6,17,4174.5156126241645,2
2107,21,5,ry,circular,126,4500,111,5,7,15,4176.506112196232,2
2108,11,6,"rz, ry, rx",circular,231,1300,87,6,8,13,4182.6112364846185,2
2109,24,6,"rx, ry, rz",circular,504,5000,165,6,6,10,4182.7451482718625,2
2110,17,8,rx,circular,153,2700,145,6,9,17,4184.597804562889,2
2111,23,7,"rz, rx, ry",circular,552,1800,185,8,7,13,4184.950378143808,2
2112,24,6,"ry, rx, rz",circular,504,4600,165,7,6,18,4188.626819620213,2
2113,20,5,"rz, rx, ry",circular,360,3100,118,8,5,19,4188.784956632449,2
2114,12,8,"ry, rx",circular,216,4200,114,6,9,13,4189.977017521482,2
2115,19,7,"rx, rz",circular,304,2100,149,5,7,16,4191.138715555244,2
2116,21,8,rx,circular,189,2400,177,7,7,14,4191.410233661601,2
2117,10,5,ry,circular,60,2800,56,6,7,11,4191.678259410234,2
2118,24,5,"rz, ry",circular,288,1300,132,8,7,10,4195.1198563757625,2
2119,15,5,ry,circular,90,4700,81,9,7,16,4195.604034526086,2
2120,24,10,"ry, rz, rx",circular,792,2900,273,8,9,13,4197.06928138306,2
2121,12,7,rx,circular,96,4800,92,5,7,19,4200.593997363086,2
2122,11,10,"rz, rx",circular,242,3800,132,9,8,12,4204.239746023712,2
2123,16,6,"rx, rz",circular,224,3900,110,6,7,17,4204.876291148654,2
2124,10,6,"ry, rx, rz",circular,210,1400,81,6,7,16,4205.218570274949,2
2125,11,4,"rz, rx",circular,110,4100,54,7,9,10,4207.23955332718,2
2126,24,7,rz,circular,192,2800,176,6,8,18,4208.100410603505,2
2127,22,8,"rz, ry",circular,396,3500,194,7,8,19,4208.420771060709,2
2128,12,7,"rz, rx, ry",circular,288,4500,108,5,8,19,4209.393032660267,2
2129,13,7,"rx, rz, ry",circular,312,1400,115,7,7,16,4213.712568961788,2
2130,10,10,rz,circular,110,1300,111,9,7,19,4215.941164762295,2
2131,25,6,ry,circular,175,1400,157,6,5,18,4216.290288430959,2
2132,16,6,rz,circular,112,2700,103,9,5,10,4216.98881354258,2
2133,23,10,rz,circular,253,1300,241,9,9,17,4220.800129633539,2
2134,17,6,"ry, rz",circular,238,4000,116,7,7,11,4221.842244015219,2
2135,11,5,"rz, rx, ry",circular,198,1700,73,6,6,17,4224.864997293249,2
2136,19,8,rz,circular,171,4800,161,8,8,14,4227.577231236761,2
2137,23,8,"rz, rx",circular,414,3100,202,9,9,16,4228.024171946756,2
2138,14,8,"ry, rx",circular,252,4400,130,8,8,10,4229.354569754668,2
2139,10,8,"rz, rx, ry",circular,270,1300,107,5,6,15,4231.319232254518,2
2140,25,7,"rx, rz, ry",circular,600,4800,199,7,7,14,4236.120587689488,2
2141,11,8,rz,circular,99,4400,97,7,5,17,4237.304807311185,2
2142,10,6,ry,circular,70,2700,67,6,5,14,4239.597856769306,2
2143,25,6,"rz, rx, ry",circular,525,5000,171,6,7,17,4241.311545597452,2
2144,18,5,"rx, rz, ry",circular,324,4900,108,8,8,16,4241.526848403428,2
2145,17,9,"rx, ry",circular,340,3800,173,8,6,13,4242.984467401634,2
2146,24,7,"ry, rz",circular,384,3900,184,5,6,12,4249.141622912403,2
2147,19,9,"rz, ry",circular,380,3000,191,6,9,15,4251.886179369913,2
2148,18,6,"ry, rz, rx",circular,378,2800,129,7,7,19,4252.941479577141,2
2149,21,10,rz,circular,231,2500,221,8,8,18,4256.359945460452,2
2150,19,5,"rz, ry, rx",circular,342,2200,113,9,8,19,4257.214995363493,2
2151,18,8,"rz, rx, ry",circular,486,2900,171,6,9,16,4259.7661582566525,2
2152,22,7,"ry, rx, rz",circular,528,2100,178,9,9,10,4260.812719119526,2
2153,10,8,"ry, rz",circular,180,1400,98,7,9,13,4261.491028646662,2
2154,14,6,"rz, ry",circular,196,1100,98,8,5,18,4262.283670689203,2
2155,12,7,"rx, ry",circular,192,3200,100,6,5,16,4262.9989037186415,2
2156,20,8,"rz, rx, ry",circular,540,4400,187,7,8,14,4264.070470678055,2
2157,15,5,"rx, rz",circular,180,2200,87,8,6,14,4265.781958960545,2
2158,21,5,ry,circular,126,4700,111,7,6,19,4268.3886686319365,2
2159,18,5,"ry, rx",circular,216,3000,102,6,7,15,4268.423482308359,2
2160,24,8,"rx, rz",circular,432,3000,210,5,8,17,4269.411226861104,2
2161,19,7,"rx, ry",circular,304,4300,149,6,9,11,4273.576378428634,2
2162,14,6,"rz, rx",circular,196,3800,98,6,7,13,4274.060599750588,2
2163,23,5,"rz, rx, ry",circular,414,3400,133,5,7,11,4275.98025334455,2
2164,17,7,"ry, rx",circular,272,4900,135,7,5,19,4276.094953292579,2
2165,17,6,rz,circular,119,2100,109,5,5,17,4276.571325368983,2
2166,20,7,"ry, rx",circular,320,3900,156,6,5,18,4276.6118732135255,2
2167,14,6,"rz, ry, rx",circular,294,2400,105,7,5,12,4278.327902622999,2
2168,15,8,"ry, rz",circular,270,2800,138,5,8,19,4281.375838492948,2
2169,11,6,ry,circular,77,3500,73,7,7,16,4282.392655125992,2
2170,15,6,"rz, ry",circular,210,1300,104,8,6,13,4282.56364102448,2
2171,23,10,"rx, rz",circular,506,4800,252,7,9,13,4283.05962385174,2
2172,14,8,ry,circular,126,3800,121,5,9,19,4287.090812739767,2
2173,13,3,"rx, rz, ry",circular,156,2400,51,7,5,18,4287.66449955388,2
2174,20,8,"rz, ry",circular,360,4600,178,5,6,14,4289.718133503058,2
2175,16,8,"rx, ry",circular,288,3300,146,7,7,18,4293.105334145545,2
2176,19,7,"ry, rx, rz",circular,456,5000,157,8,6,14,4293.9743462758715,2
2177,11,6,"ry, rz, rx",circular,231,2900,87,5,7,11,4297.253089769384,2
2178,10,5,"rx, ry, rz",circular,180,2500,68,9,9,19,4297.448448397903,2
2179,22,4,"ry, rz",circular,220,1600,98,5,5,12,4299.397694189319,2
2180,23,5,ry,circular,138,4000,121,5,6,16,4300.597136352923,2
2181,19,8,"rx, ry",circular,342,3200,170,5,5,12,4301.624801942443,2
2182,22,8,"rz, ry, rx",circular,594,4800,203,9,5,11,4304.597673072117,2
2183,25,6,"rz, rx",circular,350,2500,164,9,7,13,4306.2373709709045,2
2184,20,3,"rz, rx",circular,160,4300,68,6,9,12,4308.022597614048,2
2185,10,8,"rz, ry",circular,180,1300,98,6,9,15,4311.585164148915,2
2186,15,8,rx,circular,135,3000,129,6,9,19,4314.6032069115545,2
2187,13,4,"rz, ry, rx",circular,195,4700,67,9,9,10,4321.145152797878,2
2188,17,7,rz,circular,136,2100,127,7,6,14,4325.919770412388,2
2189,12,8,"rz, rx, ry",circular,324,1100,123,8,5,15,4328.374765552716,2
2190,25,6,"rx, ry, rz",circular,525,1700,171,7,5,17,4329.866394921231,2
2191,25,7,rz,circular,200,2600,183,6,8,11,4332.850468179974,2
2192,15,6,"rz, rx",circular,210,1500,104,5,6,10,4332.873791687915,2
2193,18,7,rx,circular,144,1600,134,7,5,17,4333.303575135981,2
2194,16,6,"ry, rx, rz",circular,336,4800,117,9,6,10,4339.379820624492,2
2195,22,7,"rz, rx, ry",circular,528,2600,178,9,5,15,4343.502028343089,2
2196,24,5,"ry, rz",circular,288,1300,132,7,9,14,4345.066422932387,2
2197,16,4,"rz, ry",circular,160,3900,74,8,8,11,4348.065017166976,2
2198,17,8,ry,circular,153,4300,145,9,6,10,4350.285762247648,2
2199,14,6,"rx, rz, ry",circular,294,4400,105,7,7,15,4350.363132364071,2
2200,12,9,"rz, rx",circular,240,3900,128,9,5,13,4354.864493275462,2
2201,24,7,"rz, rx, ry",circular,576,1900,192,7,8,19,4357.678925739354,2
2202,15,4,"rz, ry",circular,150,1600,70,8,7,18,4359.136619862144,2
2203,22,7,"rx, ry",circular,352,1700,170,6,9,14,4362.760832675462,2
2204,17,6,"rz, ry",circular,238,3200,116,6,6,13,4363.113130936245,2
2205,14,7,rz,circular,112,2700,106,7,7,15,4367.078734409905,2
2206,13,7,"ry, rz, rx",circular,312,4800,115,8,6,12,4367.132561889128,2
2207,21,6,"rx, rz",circular,294,2900,140,7,6,13,4367.23437659822,2
2208,25,4,"ry, rx, rz",circular,375,1900,115,9,7,17,4369.773920582773,2
2209,14,5,rx,circular,84,1100,76,7,8,14,4370.245962848131,2
2210,21,7,"ry, rz, rx",circular,504,1200,171,7,5,17,4370.347044139605,2
2211,13,7,"ry, rx",circular,208,4700,107,9,7,15,4371.739955420129,2
2212,22,6,rx,circular,154,5000,139,9,8,11,4374.953296735688,2
2213,22,5,"rz, ry",circular,264,2800,122,8,8,17,4376.549050623622,2
2214,24,6,rx,circular,168,3800,151,6,5,16,4378.265647927794,2
2215,24,8,ry,circular,216,4400,201,8,9,17,4378.715238409967,2
2216,17,8,rz,circular,153,4800,145,5,7,14,4381.283970699741,2
2217,17,7,"rz, rx",circular,272,4900,135,7,8,16,4383.436835717796,2
2218,18,8,"rz, rx",circular,324,1200,162,7,8,19,4383.817057612716,2
2219,14,5,ry,circular,84,3700,76,5,6,13,4386.1494590843,2
2220,10,4,"ry, rz, rx",circular,150,1000,55,9,6,12,4388.33882409168,2
2221,14,8,"ry, rz",circular,252,1600,130,9,8,12,4390.493355082247,2
2222,22,8,rz,circular,198,1400,185,6,8,15,4391.203786842969,2
2223,18,7,ry,circular,144,1000,134,5,6,14,4392.672708523142,2
2224,25,7,ry,circular,200,3200,183,9,8,10,4392.853208523043,2
2225,13,5,"rz, rx, ry",circular,234,2000,83,7,6,12,4393.122135846014,2
2226,11,5,"rz, rx",circular,132,3500,67,9,8,17,4393.812667044957,2
2227,25,4,rz,circular,125,4900,105,9,9,11,4401.60302461096,2
2228,22,8,"ry, rx, rz",circular,594,2100,203,7,5,12,4402.750968204778,2
2229,25,6,"rz, ry",circular,350,2300,164,6,9,14,4403.97944081685,2
2230,11,7,"rx, ry",circular,176,2500,93,7,8,19,4403.995501888005,2
2231,24,7,"ry, rz, rx",circular,576,4100,192,5,8,13,4406.482670958136,2
2232,11,5,ry,circular,66,3000,61,5,8,17,4406.624797590011,2
2233,20,6,"rx, rz",circular,280,3500,134,7,7,18,4409.964124984199,2
2234,12,7,ry,circular,96,2900,92,8,8,13,4420.640591933626,2
2235,20,6,"rx, ry, rz",circular,420,4000,141,9,7,15,4426.384452874636,2
2236,25,6,"rz, rx",circular,350,5000,164,8,9,14,4426.622120672329,2
2237,22,7,"rz, rx, ry",circular,528,2600,178,7,6,15,4427.913944099012,2
2238,17,9,"ry, rz, rx",circular,510,3800,183,7,5,18,4431.177231753385,2
2239,18,8,rx,circular,162,1100,153,9,8,11,4433.4985835689,2
2240,24,5,ry,circular,144,2600,126,6,9,12,4438.60073886673,2
2241,10,5,"rx, ry, rz",circular,180,4100,68,8,6,14,4440.35441140695,2
2242,17,8,"rx, ry",circular,306,3100,154,5,9,14,4447.956811709652,2
2243,15,5,"rx, rz, ry",circular,270,1300,93,8,7,10,4452.707211235275,2
2244,18,6,rz,circular,126,1800,115,9,5,18,4453.0229482620625,2
2245,21,7,rz,circular,168,4900,155,5,7,10,4456.554717721115,2
2246,24,7,rx,circular,192,3400,176,6,7,10,4459.193256769256,2
2247,18,6,"ry, rz",circular,252,3500,122,9,6,14,4459.8938580020285,2
2248,24,8,ry,circular,216,1200,201,8,5,15,4459.9375751213365,2
2249,25,6,"ry, rx",circular,350,3100,164,9,9,17,4460.015942948867,2
2250,23,5,rx,circular,138,3700,121,9,9,11,4462.890738439688,2
2251,15,6,ry,circular,105,1500,97,5,5,12,4464.411029059909,2
2252,21,8,ry,circular,189,1700,177,5,6,14,4466.826941184926,2
2253,20,6,ry,circular,140,2200,127,8,8,13,4469.4938734786765,2
2254,17,7,"rx, rz",circular,272,4800,135,8,8,19,4472.958352575329,2
2255,25,8,rx,circular,225,2200,209,8,9,19,4474.786941162964,2
2256,21,7,"ry, rz, rx",circular,504,2900,171,7,5,17,4477.975351240895,2
2257,12,8,"ry, rz, rx",circular,324,3300,123,8,6,10,4478.57933555303,2
2258,25,8,rz,circular,225,1000,209,9,9,13,4480.8497443055285,2
2259,12,4,"rx, rz",circular,120,2100,58,9,7,19,4482.647982955216,2
2260,12,6,"ry, rx, rz",circular,252,2200,93,8,5,18,4483.296442823844,2
2261,18,6,"ry, rz",circular,252,2400,122,8,8,18,4486.770216753598,2
2262,20,8,rz,circular,180,4700,169,9,5,13,4489.064781065207,2
2263,25,8,rz,circular,225,3200,209,7,9,11,4489.378162036911,2
2264,16,5,"rx, rz",circular,192,1100,92,6,7,16,4491.069824721109,2
2265,12,6,"rz, rx",circular,168,2300,86,6,6,16,4493.324784281381,2
2266,13,4,rx,circular,65,3200,57,9,8,14,4493.490795616626,2
2267,19,4,"rz, ry, rx",circular,285,4500,91,9,9,10,4493.508798084704,2
2268,23,5,rx,circular,138,2900,121,7,9,13,4497.539940662259,2
2269,20,7,"rz, rx, ry",circular,480,2200,164,9,8,15,4499.137716508492,2
2270,23,10,"ry, rz",circular,506,1500,252,5,5,12,4501.190752534469,2
2271,12,6,ry,circular,84,3700,79,7,6,12,4502.408687654725,2
2272,23,8,"rx, rz, ry",circular,621,4900,211,5,6,19,4506.064158352678,2
2273,13,3,"rx, ry",circular,104,4800,47,7,7,15,4508.340415093666,2
2274,22,7,"rx, rz",circular,352,2400,170,6,5,15,4511.184975235071,2
2275,20,8,rz,circular,180,2900,169,5,8,19,4515.272423941865,2
2276,14,5,"rz, ry",circular,168,3300,82,5,7,10,4519.963737833962,2
2277,19,4,"rx, rz, ry",circular,285,3700,91,9,9,18,4520.356968617417,2
2278,21,4,"ry, rz",circular,210,3500,94,5,7,14,4520.5843976453425,2
2279,17,6,"ry, rx",circular,238,1700,116,7,7,12,4522.8460321433895,2
2280,12,7,rx,circular,96,4600,92,7,5,16,4524.702267823939,2
2281,22,4,rz,circular,110,1200,93,7,9,18,4528.552552764379,2
2282,22,6,rz,circular,154,3300,139,9,6,11,4529.211285590452,2
2283,22,5,"rx, rz",circular,264,2300,122,7,9,14,4530.656065989602,2
2284,17,5,"rz, rx, ry",circular,306,2700,103,5,6,13,4532.529253105921,2
2285,22,6,"rz, ry",circular,308,1600,146,8,7,13,4535.905140567923,2
2286,16,5,"rx, ry, rz",circular,288,4700,98,8,6,10,4538.187649747682,2
2287,12,5,rz,circular,72,3300,66,5,8,11,4539.1677468885355,2
2288,14,5,"ry, rx",circular,168,4500,82,5,7,10,4542.220569984506,2
2289,13,8,"rx, ry",circular,234,4600,122,5,5,18,4542.829016063812,2
2290,23,6,"ry, rz",circular,322,5000,152,5,6,12,4546.379636810824,2
2291,15,4,"ry, rx, rz",circular,225,1800,75,8,9,19,4546.876947680185,2
2292,23,4,ry,circular,115,4400,97,7,7,12,4547.7704954043365,2
2293,23,8,"ry, rz",circular,414,4300,202,9,5,15,4549.545296098358,2
2294,20,4,rx,circular,100,1300,85,8,9,15,4550.437873634373,2
2295,13,8,rx,circular,117,4500,113,8,6,10,4552.710090590892,2
2296,17,8,"rx, ry",circular,306,2800,154,5,6,19,4554.757079525783,2
2297,18,6,"rz, rx, ry",circular,378,2400,129,7,6,19,4559.561251425649,2
2298,21,7,"rz, ry",circular,336,4900,163,6,7,14,4563.897839290915,2
2299,23,6,"rz, ry",circular,322,3600,152,6,7,15,4565.290893087039,2
2300,15,6,rx,circular,105,4000,97,9,6,10,4565.604304366671,2
2301,11,6,"rx, ry, rz",circular,231,1400,87,9,7,10,4566.450353664613,2
2302,13,6,"rx, ry, rz",circular,273,4500,99,8,6,10,4566.970472532869,2
2303,12,7,"ry, rx, rz",circular,288,4700,108,7,6,16,4568.110525972231,2
2304,11,8,"rx, ry, rz",circular,297,1700,115,8,5,13,4568.602832072467,2
2305,16,8,ry,circular,144,2500,137,9,8,14,4568.981062412932,2
2306,19,6,rx,circular,133,1400,121,7,5,11,4575.910675734364,2
2307,23,6,"rz, rx",circular,322,2700,152,7,9,15,4580.697219248081,2
2308,19,5,"rx, rz",circular,228,4700,107,8,7,16,4581.658129198388,2
2309,19,5,"ry, rx, rz",circular,342,2100,113,5,6,18,4585.357309692281,2
2310,12,6,"ry, rz, rx",circular,252,2000,93,7,9,11,4589.24530732465,2
2311,16,8,"rx, ry",circular,288,4100,146,6,5,13,4589.260457385257,2
2312,25,7,"rx, rz",circular,400,1900,191,5,9,17,4589.948343885671,2
2313,16,8,"rx, rz, ry",circular,432,4600,155,9,9,15,4591.318414550847,2
2314,13,5,"ry, rx, rz",circular,234,1700,83,9,9,15,4591.633463369929,2
2315,17,8,rx,circular,153,4900,145,9,5,11,4593.6082294056305,2
2316,11,5,ry,circular,66,4000,61,8,5,15,4595.552341212276,2
2317,10,5,"ry, rz, rx",circular,180,3500,68,5,8,13,4598.293908362885,2
2318,23,4,"rz, rx",circular,230,4000,102,5,6,17,4598.922148160489,2
2319,24,8,"ry, rx, rz",circular,648,4300,219,6,7,10,4601.361064136246,2
2320,24,5,"rz, rx, ry",circular,432,3600,138,8,5,12,4602.698081244827,2
2321,18,9,ry,circular,180,3300,172,6,6,16,4605.63786689528,2
2322,19,7,"rz, rx, ry",circular,456,3100,157,6,6,18,4605.8917910011605,2
2323,11,8,"rx, ry, rz",circular,297,3800,115,5,5,11,4607.13810604105,2
2324,14,8,"rz, rx, ry",circular,378,3800,139,7,9,17,4608.15615264437,2
2325,15,6,rx,circular,105,3700,97,5,6,17,4609.6612661269355,2
2326,23,9,"rx, ry, rz",circular,690,4800,237,7,9,19,4610.8424082615675,2
2327,13,6,"rz, ry, rx",circular,273,3500,99,9,8,11,4613.231071815594,2
2328,15,6,"rx, ry, rz",circular,315,1700,111,8,8,18,4614.034343754869,2
2329,19,6,"ry, rx",circular,266,3100,128,7,9,18,4614.038276436368,2
2330,23,7,"rx, rz, ry",circular,552,2800,185,5,6,13,4614.549247913778,2
2331,18,7,rx,circular,144,2100,134,5,5,14,4622.437196550425,2
2332,14,8,"rx, ry, rz",circular,378,2200,139,7,5,16,4623.468844010668,2
2333,24,8,"rx, ry",circular,432,4600,210,7,5,18,4623.842834314285,2
2334,11,7,"rz, ry, rx",circular,264,2300,101,7,6,19,4623.96869726481,2
2335,11,5,ry,circular,66,1100,61,6,5,10,4624.628875590045,2
2336,10,7,"rx, rz",circular,160,3800,86,6,7,11,4626.368778671285,2
2337,20,5,"ry, rz, rx",circular,360,3000,118,6,9,14,4626.410678551057,2
2338,15,5,rx,circular,90,2700,81,5,6,11,4626.964882183777,2
2339,14,6,"rz, rx, ry",circular,294,2700,105,7,7,13,4631.017042415277,2
2340,14,7,rx,circular,112,4900,106,5,9,13,4634.217137916626,2
2341,17,7,ry,circular,136,3600,127,8,7,19,4634.258584676956,2
2342,25,5,"ry, rz, rx",circular,450,1200,143,9,7,12,4638.7011954357595,2
2343,21,8,"rz, rx, ry",circular,567,1200,195,6,9,10,4639.753714862682,2
2344,15,6,"rx, rz",circular,210,2300,104,6,6,14,4641.725774892544,2
2345,15,6,"rx, rz",circular,210,1200,104,7,6,14,4641.777985954766,2
2346,15,3,rx,circular,60,3200,49,6,8,18,4645.357538398595,2
2347,15,5,"ry, rx",circular,180,2500,87,5,8,15,4645.400315477294,2
2348,23,6,"ry, rz, rx",circular,483,2600,159,5,5,18,4647.144270081801,2
2349,13,6,"rz, ry, rx",circular,273,1400,99,8,6,19,4648.291000825253,2
2350,14,5,ry,circular,84,4700,76,7,8,10,4648.3588773606625,2
2351,18,4,ry,circular,90,3000,77,9,6,18,4648.988862971728,2
2352,20,6,rz,circular,140,3900,127,9,5,11,4649.16679418415,2
2353,24,6,rx,circular,168,2200,151,8,6,19,4649.443112702025,2
2354,23,7,"ry, rz",circular,368,4600,177,7,8,11,4651.684204957397,2
2355,21,5,rz,circular,126,1800,111,9,9,10,4659.370734973719,2
2356,23,5,"rx, rz, ry",circular,414,4700,133,8,9,10,4666.722100390014,2
2357,21,8,rz,circular,189,2900,177,9,9,11,4673.642044419157,2
2358,21,6,"ry, rx",circular,294,4700,140,7,5,17,4674.278325541035,2
2359,23,7,"ry, rx",circular,368,4300,177,6,7,16,4677.704825807419,2
2360,11,4,"ry, rx, rz",circular,165,1100,59,8,9,17,4678.016314663613,2
2361,19,7,"ry, rz, rx",circular,456,3900,157,7,6,14,4678.133823427797,2
2362,22,5,rz,circular,132,4300,116,8,7,17,4681.163166885208,2
2363,21,3,rz,circular,84,4200,67,9,8,19,4685.728813811542,2
2364,19,8,rz,circular,171,4500,161,9,9,10,4686.454671793007,2
2365,19,6,rx,circular,133,1200,121,9,7,14,4691.858058708895,2
2366,10,5,"rx, ry, rz",circular,180,5000,68,6,9,12,4691.909362147087,2
2367,14,8,"ry, rz",circular,252,4400,130,7,8,14,4694.412448956377,2
2368,12,4,rx,circular,60,1800,53,6,8,11,4694.968965561843,2
2369,10,5,rz,circular,60,2500,56,5,9,11,4696.236600142784,2
2370,19,7,"ry, rz",circular,304,1400,149,8,7,13,4697.486245947134,2
2371,22,9,"rz, rx, ry",circular,660,3700,228,9,6,11,4698.682124966023,2
2372,25,6,"rz, rx",circular,350,2500,164,7,6,17,4700.343412687976,2
2373,13,7,"ry, rx",circular,208,2300,107,9,8,13,4701.256467856549,2
2374,13,9,"rz, ry, rx",circular,390,2000,147,7,7,16,4701.624562781744,2
2375,14,4,"rx, ry",circular,140,1800,66,8,7,12,4702.597858543419,2
2376,18,6,rx,circular,126,1500,115,9,6,15,4704.023146028341,2
2377,17,6,"ry, rx, rz",circular,357,4100,123,7,8,18,4705.410741739414,2
2378,17,8,rx,circular,153,1600,145,5,9,14,4708.415684567924,2
2379,23,6,rx,circular,161,4300,145,6,7,11,4709.366308575161,2
2380,10,7,rx,circular,80,2900,78,5,8,17,4713.584104021896,2
2381,19,7,"rx, rz",circular,304,3300,149,8,7,15,4715.992479756564,2
2382,22,9,"rx, ry, rz",circular,660,4400,228,9,7,15,4716.917199114275,2
2383,23,8,ry,circular,207,3600,193,7,9,16,4719.058301121857,2
2384,22,7,rx,circular,176,3700,162,8,9,12,4719.26683484189,2
2385,14,7,"rz, ry, rx",circular,336,3400,122,7,6,18,4720.367517559421,2
2386,24,7,"rx, ry, rz",circular,576,4900,192,8,9,15,4721.551070552746,2
2387,23,6,"rx, rz, ry",circular,483,4300,159,7,7,19,4722.440433671869,2
2388,10,5,"rz, rx, ry",circular,180,3200,68,8,8,19,4723.366416019228,2
2389,24,4,ry,circular,120,3300,101,6,7,15,4730.485717019704,2
2390,17,8,"rx, rz",circular,306,2400,154,5,7,13,4731.075696123461,2
2391,21,6,rz,circular,147,1500,133,9,5,10,4733.591863595227,2
2392,19,7,"rx, ry, rz",circular,456,3900,157,9,6,13,4736.083611736012,2
2393,19,6,"rz, ry",circular,266,2700,128,7,7,14,4736.757557352128,2
2394,20,6,"ry, rz",circular,280,1600,134,6,8,15,4737.559516159762,2
2395,17,7,"ry, rx",circular,272,3900,135,6,9,15,4738.526218305515,2
2396,18,5,"ry, rx",circular,216,2200,102,5,7,10,4741.245069081831,2
2397,11,5,rx,circular,66,3800,61,9,9,13,4744.304585291926,2
2398,20,7,rz,circular,160,2400,148,9,5,14,4746.699844594878,2
2399,22,6,"ry, rz",circular,308,1800,146,9,6,13,4746.965253480209,2
2400,15,3,rx,circular,60,1500,49,8,9,13,4747.955829779565,2
2401,24,7,"ry, rx",circular,384,4700,184,8,8,19,4751.971823416786,2
2402,18,7,"rx, rz, ry",circular,432,4100,150,5,9,15,4754.079833794179,2
2403,20,7,ry,circular,160,3100,148,8,6,17,4754.6469248847825,2
2404,24,7,ry,circular,192,2700,176,7,9,10,4755.198252375531,2
2405,11,10,"rz, rx, ry",circular,363,3700,143,7,8,14,4756.638388363777,2
2406,11,7,"ry, rx",circular,176,2800,93,7,8,18,4760.997699726631,2
2407,11,6,ry,circular,77,3000,73,8,9,10,4761.427727261166,2
2408,14,7,rz,circular,112,5000,106,6,8,16,4763.11656981567,2
2409,16,7,"rx, ry",circular,256,3700,128,7,6,12,4763.796422331397,2
2410,17,8,"rx, ry",circular,306,2500,154,6,6,17,4764.102523472636,2
2411,11,8,"ry, rx, rz",circular,297,2700,115,5,6,12,4764.411266623478,2
2412,14,7,"rz, ry",circular,224,3200,114,9,9,16,4767.79564059392,2
2413,14,7,ry,circular,112,3700,106,6,8,18,4767.826057228159,2
2414,12,5,"ry, rx",circular,144,4400,72,5,8,11,4768.096252025907,2
2415,11,8,"rz, ry, rx",circular,297,2200,115,5,7,16,4771.446214825467,2
2416,15,4,"ry, rx, rz",circular,225,4800,75,5,7,10,4773.330817555966,2
2417,24,7,"rz, ry, rx",circular,576,3900,192,9,7,12,4773.376366132875,2
2418,17,6,"ry, rz, rx",circular,357,1600,123,9,7,18,4777.466070739859,2
2419,22,5,"ry, rx, rz",circular,396,3100,128,7,7,10,4781.700699989508,2
2420,15,8,rz,circular,135,3500,129,9,5,16,4781.855229726545,2
2421,12,7,ry,circular,96,3100,92,6,5,15,4782.238300317045,2
2422,15,7,"ry, rz",circular,240,3200,121,9,8,13,4782.3503576154235,2
2423,15,7,rz,circular,120,2500,113,9,7,12,4784.163484401021,2
2424,17,7,"rz, ry, rx",circular,408,1600,143,8,9,19,4784.739802716548,2
2425,25,6,ry,circular,175,4000,157,9,5,17,4784.8787060281475,2
2426,16,6,rz,circular,112,3800,103,7,6,14,4789.6773236929885,2
2427,24,6,"ry, rx, rz",circular,504,3900,165,8,8,14,4789.880589558558,2
2428,12,6,ry,circular,84,2100,79,9,6,11,4792.864224801839,2
2429,12,7,rx,circular,96,1500,92,6,5,10,4797.234405082522,2
2430,19,8,"rx, rz, ry",circular,513,2800,179,5,5,11,4801.941075519047,2
2431,10,7,"ry, rx",circular,160,3100,86,5,6,18,4818.297102626527,2
2432,24,7,rz,circular,192,1300,176,8,7,12,4819.091743626551,2
2433,19,10,ry,circular,209,3900,201,8,7,13,4819.593012398044,2
2434,24,7,rx,circular,192,2800,176,6,6,16,4819.993764044933,2
2435,16,6,"rz, rx",circular,224,3400,110,7,7,15,4820.070203792564,2
2436,19,6,"ry, rx, rz",circular,399,2300,135,6,6,16,4822.65193730728,2
2437,24,10,"rx, rz, ry",circular,792,2800,273,6,6,18,4823.171396982508,2
2438,13,6,"rx, rz",circular,182,4600,92,7,9,17,4825.642013756488,2
2439,18,6,ry,circular,126,1800,115,7,7,13,4826.418110726305,2
2440,24,10,"rx, rz, ry",circular,792,4700,273,6,5,12,4826.700671822178,2
2441,11,5,"ry, rz",circular,132,1000,67,9,9,12,4827.237196350595,2
2442,22,7,"ry, rz, rx",circular,528,5000,178,9,6,12,4827.809469120329,2
2443,25,8,"rz, ry, rx",circular,675,4200,227,5,7,15,4831.821576112843,2
2444,22,8,rz,circular,198,2400,185,5,6,18,4837.871141506533,2
2445,13,9,"ry, rx, rz",circular,390,1300,147,5,6,16,4838.0239178373085,2
2446,19,9,"rx, ry, rz",circular,570,4600,201,8,8,18,4838.862666258405,2
2447,11,7,"rz, ry",circular,176,3200,93,9,6,16,4848.335098159152,2
2448,24,5,"rx, ry, rz",circular,432,2700,138,9,5,10,4848.580181738405,2
2449,23,7,"ry, rx, rz",circular,552,1400,185,6,7,12,4849.571725213748,2
2450,25,7,ry,circular,200,3200,183,8,6,14,4850.2267124624905,2
2451,11,9,"rz, ry, rx",circular,330,1100,129,8,9,17,4851.219654191796,2
2452,20,7,"rz, ry",circular,320,1000,156,6,6,10,4852.743396499441,2
2453,19,4,ry,circular,95,2600,81,6,5,17,4858.8085493004055,2
2454,10,6,rx,circular,70,3600,67,8,6,15,4862.35473965777,2
2455,10,7,"ry, rx",circular,160,1800,86,5,5,13,4863.801965213168,2
2456,10,8,"rx, rz, ry",circular,270,3800,107,5,7,15,4865.250124824268,2
2457,17,5,"ry, rz",circular,204,1500,97,5,6,14,4866.250552936513,2
2458,15,6,"rx, rz, ry",circular,315,2000,111,9,7,10,4867.01957506457,2
2459,13,7,"rx, rz, ry",circular,312,4600,115,9,9,11,4869.463953373231,2
2460,19,4,"rx, rz",circular,190,4600,86,9,8,15,4872.564954489103,2
2461,16,7,"rz, rx, ry",circular,384,2900,136,7,7,14,4876.090781407456,2
2462,13,5,"rx, ry",circular,156,2900,77,9,9,14,4877.200973870878,2
2463,10,7,"rz, ry",circular,160,4300,86,7,7,12,4878.694999788031,2
2464,16,9,"rz, ry, rx",circular,480,1200,174,5,8,15,4880.803804547508,2
2465,15,7,"ry, rx, rz",circular,360,3700,129,9,5,11,4885.255654980859,2
2466,20,4,"rz, rx",circular,200,4100,90,5,6,11,4886.6853086358315,2
2467,16,5,"rz, rx",circular,192,3000,92,6,8,19,4888.256666189168,2
2468,23,6,"ry, rx, rz",circular,483,2700,159,7,6,15,4891.915264808712,2
2469,14,7,ry,circular,112,3800,106,9,5,10,4894.313462668619,2
2470,23,7,"rx, rz",circular,368,2000,177,6,7,19,4895.217914701723,2
2471,15,6,ry,circular,105,1700,97,5,6,17,4898.83744423072,2
2472,11,7,"rx, rz",circular,176,5000,93,5,8,17,4900.020722299431,2
2473,13,8,rx,circular,117,4200,113,7,9,14,4903.6905658340165,2
2474,14,7,ry,circular,112,2900,106,9,9,19,4905.98621524067,2
2475,21,7,"rz, ry",circular,336,2300,163,9,5,14,4912.945346118545,2
2476,14,6,"ry, rx, rz",circular,294,3200,105,7,8,16,4914.4787717074,2
2477,16,7,"ry, rz, rx",circular,384,4600,136,5,5,18,4914.983484256268,2
2478,16,9,ry,circular,160,2100,154,5,8,12,4915.271817760602,2
2479,19,5,"rz, rx, ry",circular,342,1100,113,6,5,17,4919.285038424814,2
2480,22,8,"rx, rz, ry",circular,594,4800,203,7,7,15,4923.145460688414,2
2481,13,7,"rx, ry",circular,208,2000,107,6,6,15,4925.617502619154,2
2482,18,7,"ry, rz",circular,288,4800,142,9,5,15,4926.189584223988,2
2483,18,5,"ry, rz, rx",circular,324,4200,108,8,6,12,4927.129811437134,2
2484,13,8,"rz, ry, rx",circular,351,1900,131,7,5,16,4927.583728843559,2
2485,21,8,ry,circular,189,3500,177,5,8,18,4928.52481106962,2
2486,14,6,ry,circular,98,1400,91,6,7,19,4934.863679445722,2
2487,22,8,rz,circular,198,4400,185,6,9,18,4937.0337506538135,2
2488,22,9,ry,circular,220,2700,208,9,9,16,4937.265757750829,2
2489,23,7,"rx, ry, rz",circular,552,3200,185,9,7,16,4938.742197289309,2
2490,23,6,rx,circular,161,1200,145,9,8,11,4939.357844654375,2
2491,11,7,"ry, rz, rx",circular,264,1700,101,8,9,14,4942.582593401183,2
2492,16,8,"rx, ry",circular,288,3600,146,7,5,14,4943.734733061834,2
2493,22,6,rz,circular,154,4900,139,8,9,11,4944.183605453852,2
2494,22,8,"ry, rz",circular,396,1600,194,5,7,18,4946.4972252835205,2
2495,20,6,ry,circular,140,2400,127,7,6,11,4946.7672032673745,2
2496,23,7,"rz, rx, ry",circular,552,2500,185,6,7,10,4950.901258915892,2
2497,25,6,"rx, rz",circular,350,2500,164,9,8,11,4952.144918503376,2
2498,13,5,"rz, ry, rx",circular,234,1200,83,6,9,17,4955.465594337707,2
2499,14,7,"ry, rx, rz",circular,336,5000,122,9,5,11,4955.690384361727,2
2500,12,9,rz,circular,120,4600,118,7,8,19,4956.185976425915,2
2501,22,3,"rz, rx, ry",circular,264,2200,78,7,7,15,4956.220965422813,2
2502,19,8,ry,circular,171,2200,161,8,8,17,4956.592457676872,2
2503,14,8,rz,circular,126,4400,121,9,6,12,4958.529707697778,2
2504,14,7,"rx, ry, rz",circular,336,4600,122,9,8,19,4960.128054295159,2
2505,21,7,ry,circular,168,4300,155,5,7,17,4961.3030158016045,2
2506,20,5,"rx, rz",circular,240,2300,112,5,9,17,4964.348386971992,2
2507,10,7,"rx, ry, rz",circular,240,1200,94,5,9,12,4964.66960192237,2
2508,20,6,"ry, rz, rx",circular,420,2500,141,7,8,17,4967.947887986401,2
2509,13,3,"rz, rx",circular,104,3200,47,8,7,17,4968.005002573708,2
2510,12,7,rx,circular,96,3300,92,7,9,13,4969.887826377893,2
2511,21,5,"rz, rx, ry",circular,378,3700,123,9,8,19,4971.102245880704,2
2512,12,8,"rx, rz",circular,216,2000,114,6,8,16,4972.588411701154,2
2513,19,7,"ry, rx",circular,304,3600,149,9,9,15,4977.723084707839,2
2514,10,6,"rx, ry",circular,140,1300,74,6,7,13,4983.434093567543,2
2515,14,5,ry,circular,84,3400,76,9,7,19,4984.273381631329,2
2516,18,8,ry,circular,162,2700,153,6,6,17,4984.6740046786235,2
2517,16,7,"ry, rx, rz",circular,384,4200,136,6,9,14,4985.5946520369835,2
2518,15,6,"ry, rz",circular,210,3000,104,6,8,11,4986.14621283017,2
2519,24,5,"rx, ry, rz",circular,432,3100,138,6,7,10,4989.293522670392,2
2520,17,6,"rz, ry",circular,238,2700,116,5,9,12,4990.804017268947,2
2521,16,6,"ry, rx",circular,224,1600,110,6,7,16,4992.264625467335,2
2522,24,5,"ry, rx, rz",circular,432,2900,138,8,6,12,4997.0941514133565,2
2523,10,9,"rz, rx",circular,200,4200,110,5,8,13,4997.425860827795,2
2524,17,5,rz,circular,102,3000,91,7,6,15,5001.441585308869,2
2525,23,6,"rx, rz",circular,322,1500,152,7,6,12,5003.962785855456,2
2526,18,8,"rx, rz, ry",circular,486,2600,171,9,9,12,5006.372742513463,2
2527,15,8,"ry, rz, rx",circular,405,1700,147,5,9,15,5006.781455213929,2
2528,19,5,"rz, ry",circular,228,2000,107,9,6,17,5007.035148229396,2
2529,25,6,"rz, rx, ry",circular,525,2800,171,7,8,14,5008.668793800084,2
2530,20,6,"rx, rz",circular,280,1800,134,6,6,19,5012.0002247805605,2
2531,10,8,"rz, ry",circular,180,4100,98,6,7,12,5013.965302010724,2
2532,14,7,"ry, rz, rx",circular,336,3400,122,8,9,13,5016.977377051284,2
2533,14,8,"rx, ry",circular,252,3600,130,6,8,11,5020.83769256164,2
2534,10,8,"rx, rz, ry",circular,270,4300,107,8,6,17,5021.389367665383,2
2535,21,8,"rx, rz",circular,378,4800,186,6,5,17,5023.2786536239255,2
2536,24,7,"rx, rz, ry",circular,576,3900,192,9,8,19,5024.290454783084,2
2537,11,4,rx,circular,55,1100,49,9,8,15,5026.924390595619,2
2538,12,7,"rz, ry",circular,192,1700,100,9,6,16,5029.409213357011,2
2539,11,6,"rx, ry, rz",circular,231,3600,87,8,8,17,5033.4661452780865,2
2540,17,6,"rz, ry",circular,238,2200,116,7,7,11,5035.934108839235,2
2541,13,7,"ry, rx, rz",circular,312,2000,115,5,6,17,5036.704641016322,2
2542,19,6,"rx, ry",circular,266,1100,128,8,7,12,5036.830337307005,2
2543,12,8,"ry, rx",circular,216,4600,114,5,9,19,5039.5741855234255,2
2544,11,8,"ry, rz, rx",circular,297,2100,115,8,7,12,5040.231412685651,2
2545,10,5,"ry, rz, rx",circular,180,3100,68,8,7,13,5044.580939769145,2
2546,16,7,rz,circular,128,1000,120,7,7,12,5044.792552482779,2
2547,18,7,"rz, ry, rx",circular,432,4100,150,6,9,10,5045.43504639698,2
2548,24,6,"rz, rx, ry",circular,504,1100,165,7,6,10,5046.99650597025,2
2549,17,6,rz,circular,119,2000,109,5,6,14,5047.300571110506,2
2550,15,4,"ry, rz",circular,150,4500,70,7,6,12,5048.796755777305,2
2551,24,6,rz,circular,168,3400,151,8,7,18,5049.856517022418,2
2552,18,7,rz,circular,144,1800,134,5,8,13,5051.676841607255,2
2553,15,7,"rx, rz",circular,240,2400,121,9,8,18,5052.789135857808,2
2554,20,6,rz,circular,140,1600,127,9,9,18,5056.0274353360155,2
2555,13,3,"ry, rx, rz",circular,156,4000,51,8,7,10,5056.443643552501,2
2556,13,5,"rz, ry",circular,156,3700,77,6,5,17,5058.4080853707,2
2557,22,7,"rx, rz",circular,352,3100,170,6,9,11,5063.340888234633,2
2558,16,5,"rz, ry",circular,192,2200,92,6,6,14,5063.611941009197,2
2559,23,7,"ry, rz",circular,368,1600,177,9,7,18,5066.232774336821,2
2560,12,7,rx,circular,96,1900,92,8,5,10,5067.196141674669,2
2561,21,6,rz,circular,147,3600,133,8,5,16,5067.468483587036,2
2562,21,4,rx,circular,105,3700,89,8,9,11,5068.746730323982,2
2563,20,8,"rz, ry",circular,360,3600,178,8,8,15,5071.336198261473,2
2564,21,5,"ry, rz, rx",circular,378,5000,123,6,9,14,5077.4730929846955,2
2565,10,7,"rx, ry",circular,160,1700,86,8,5,11,5078.021315710238,2
2566,12,5,"rz, rx, ry",circular,216,1400,78,7,9,14,5079.031602698247,2
2567,10,5,"rz, ry, rx",circular,180,1700,68,6,6,14,5081.191408036965,2
2568,10,8,ry,circular,90,2100,89,7,7,10,5086.736446984512,2
2569,19,5,rx,circular,114,4000,101,9,5,19,5087.10127004504,2
2570,20,6,rz,circular,140,2600,127,9,6,12,5089.523283041017,2
2571,17,7,"rz, ry",circular,272,3400,135,7,6,13,5089.915578680867,2
2572,10,7,rz,circular,80,3400,78,9,7,17,5090.665242201696,2
2573,21,7,"ry, rx",circular,336,1700,163,5,6,17,5091.03086322881,2
2574,21,6,"ry, rx, rz",circular,441,1900,147,6,6,18,5091.995023035925,2
2575,13,3,"rz, rx",circular,104,3400,47,6,8,15,5094.692923925908,2
2576,15,6,"rx, rz",circular,210,4500,104,5,9,15,5100.972078767147,2
2577,25,6,"ry, rz, rx",circular,525,3900,171,9,8,17,5104.973425161263,2
2578,15,7,"rz, ry, rx",circular,360,3400,129,6,6,10,5105.594268892783,2
2579,22,5,rx,circular,132,2000,116,6,8,11,5107.227038572575,2
2580,23,6,rz,circular,161,1600,145,7,6,13,5111.251615019329,2
2581,12,6,"rx, rz, ry",circular,252,3900,93,5,5,15,5112.328735517199,2
2582,13,7,"rz, ry, rx",circular,312,1300,115,5,6,11,5113.107006160393,2
2583,22,7,ry,circular,176,2300,162,8,8,12,5114.448595298544,2
2584,18,8,"rz, rx, ry",circular,486,2600,171,7,6,11,5114.85419039609,2
2585,23,8,"rx, ry",circular,414,1000,202,7,8,11,5116.797091779151,2
2586,18,5,ry,circular,108,3100,96,7,7,11,5119.531803679208,2
2587,20,6,"ry, rx, rz",circular,420,2400,141,9,9,11,5121.591505296657,2
2588,15,8,rz,circular,135,3600,129,9,7,10,5122.656585865029,2
2589,14,6,"ry, rz",circular,196,3500,98,6,8,15,5126.067620812783,2
2590,17,7,"rx, rz",circular,272,3900,135,8,8,11,5126.5595888749995,2
2591,24,6,"ry, rx, rz",circular,504,2600,165,7,7,11,5127.065200275804,2
2592,22,7,"ry, rx, rz",circular,528,4400,178,8,7,16,5135.323543056414,2
2593,24,6,"ry, rx",circular,336,2500,158,5,7,12,5138.979142096175,2
2594,10,10,"rz, rx",circular,220,3700,122,5,7,11,5139.35164100786,2
2595,14,8,ry,circular,126,1100,121,7,5,12,5140.446631007647,2
2596,20,5,"ry, rx",circular,240,3300,112,9,9,12,5144.112765340126,2
2597,22,9,rz,circular,220,1000,208,7,7,18,5145.814945498577,2
2598,22,6,"ry, rz, rx",circular,462,3600,153,5,7,14,5147.568076406394,2
2599,13,3,rx,circular,52,4300,43,5,8,13,5147.583543065996,2
2600,10,7,"rz, rx",circular,160,1000,86,8,7,18,5149.486006122457,2
2601,11,3,ry,circular,44,1900,37,7,5,13,5150.560149667078,2
2602,24,5,"rz, ry, rx",circular,432,1200,138,9,9,15,5150.833768046867,2
2603,16,9,rx,circular,160,3800,154,6,6,15,5151.533833062241,2
2604,23,8,ry,circular,207,2100,193,7,8,11,5154.104091488781,2
2605,11,8,"rz, ry",circular,198,2700,106,8,6,19,5155.598866433938,2
2606,15,9,"ry, rx",circular,300,1900,155,5,7,15,5157.693819487011,2
2607,23,6,"ry, rz",circular,322,2400,152,9,7,19,5159.160797697464,2
2608,11,6,rx,circular,77,2300,73,8,9,15,5160.9253478545415,2
2609,25,7,"ry, rz",circular,400,2000,191,8,5,16,5162.492790637056,2
2610,17,6,ry,circular,119,3200,109,6,8,10,5163.645586269597,2
2611,25,7,rz,circular,200,1500,183,8,7,15,5165.46376665954,2
2612,20,5,"rz, rx",circular,240,2800,112,5,6,13,5165.475428347363,2
2613,22,5,"rx, ry",circular,264,4700,122,8,9,16,5167.09218493359,2
2614,21,5,"ry, rx, rz",circular,378,4500,123,7,8,14,5168.209393913814,2
2615,23,6,"rx, rz, ry",circular,483,4300,159,6,6,14,5168.576041671172,2
2616,17,4,"ry, rz",circular,170,4800,78,5,8,16,5170.98421767386,2
2617,15,7,"rx, ry",circular,240,4900,121,9,7,12,5171.464201706067,2
2618,25,3,"rz, ry",circular,200,2600,83,5,9,12,5171.5982722162735,2
2619,12,7,"rx, rz",circular,192,3900,100,9,9,11,5174.5155057348475,2
2620,17,8,"ry, rz",circular,306,3500,154,7,5,11,5178.909987281772,2
2621,16,5,rx,circular,96,2700,86,8,5,15,5180.07045533941,2
2622,17,6,"rz, rx",circular,238,4400,116,5,6,16,5181.216528824777,2
2623,12,7,rz,circular,96,2900,92,5,8,19,5185.058689614783,2
2624,18,3,rz,circular,72,1500,58,6,6,17,5187.657215547277,2
2625,13,5,rx,circular,78,4200,71,7,7,15,5188.489242364435,2
2626,22,4,"rx, ry, rz",circular,330,3600,103,5,7,19,5189.1087867320675,2
2627,21,6,"rz, ry",circular,294,4200,140,5,7,16,5194.0782320671515,2
2628,18,5,"rz, rx",circular,216,4400,102,8,6,13,5194.462930817125,2
2629,18,6,rx,circular,126,2200,115,9,5,19,5194.672641469257,2
2630,14,9,rz,circular,140,3700,136,5,7,18,5195.906388680555,2
2631,15,8,"rx, rz, ry",circular,405,3600,147,8,5,11,5196.854168529498,2
2632,21,6,ry,circular,147,3100,133,7,6,19,5199.207983030891,2
2633,19,6,"rz, ry, rx",circular,399,2400,135,8,6,13,5202.814990496232,2
2634,16,6,rz,circular,112,4100,103,9,7,19,5203.610219397691,2
2635,13,5,"rx, rz, ry",circular,234,1900,83,6,5,18,5205.0702552937855,2
2636,22,7,"rz, ry, rx",circular,528,1700,178,5,7,11,5205.763831533853,2
2637,18,7,rz,circular,144,1800,134,7,8,16,5206.612381111164,2
2638,19,7,ry,circular,152,2300,141,6,7,12,5206.909711192141,2
2639,11,5,ry,circular,66,3400,61,7,8,15,5207.321292417185,2
2640,24,8,"rz, rx",circular,432,4700,210,7,8,18,5215.194189932265,2
2641,12,6,ry,circular,84,3900,79,6,9,16,5219.896115282636,2
2642,17,6,"rz, rx",circular,238,4500,116,5,5,14,5220.029867808141,2
2643,25,7,"rz, ry, rx",circular,600,1600,199,9,5,12,5221.071443871882,2
2644,15,5,"rx, rz",circular,180,1000,87,7,9,12,5226.14960692936,2
2645,23,7,"ry, rx, rz",circular,552,2300,185,7,6,18,5226.812845186455,2
2646,17,8,rx,circular,153,1900,145,9,7,11,5230.98295239319,2
2647,15,6,"ry, rx",circular,210,4700,104,5,7,18,5232.40417208968,2
2648,16,8,rz,circular,144,2000,137,7,5,11,5233.673776685347,2
2649,17,6,"ry, rx",circular,238,4600,116,5,7,15,5235.715483287987,2
2650,11,3,rx,circular,44,4100,37,6,6,19,5237.863877951055,2
2651,17,8,rz,circular,153,4400,145,8,8,15,5240.335617723883,2
2652,19,8,rx,circular,171,1100,161,9,9,11,5240.934487504453,2
2653,25,4,ry,circular,125,4600,105,8,6,18,5241.238854890622,2
2654,11,6,"ry, rz, rx",circular,231,1300,87,9,5,17,5241.446517488006,2
2655,12,6,"rx, ry",circular,168,1900,86,9,7,17,5245.134155548703,2
2656,13,7,"rx, ry",circular,208,4700,107,9,9,16,5251.53727815608,2
2657,19,6,"ry, rz, rx",circular,399,3100,135,8,6,16,5251.8468871986715,2
2658,14,5,ry,circular,84,1400,76,8,6,13,5252.010530221013,2
2659,22,9,"rx, rz, ry",circular,660,4400,228,5,8,12,5256.057857380355,2
2660,17,7,"rx, ry",circular,272,4200,135,6,7,16,5256.409441296815,2
2661,13,7,"rz, rx",circular,208,4800,107,9,5,11,5259.937779678134,2
2662,14,6,"rx, ry, rz",circular,294,4600,105,8,5,18,5261.757729309665,2
2663,23,6,"ry, rz, rx",circular,483,1800,159,6,6,17,5263.014961059637,2
2664,16,8,"rz, rx, ry",circular,432,4600,155,9,7,12,5264.635590497983,2
2665,11,9,rz,circular,110,4200,109,5,5,19,5268.219444200712,2
2666,13,7,"rz, ry",circular,208,2900,107,9,8,15,5270.011719365327,2
2667,22,5,"rz, ry, rx",circular,396,4000,128,7,9,17,5271.241668031262,2
2668,14,5,"ry, rx, rz",circular,252,2200,88,8,8,19,5276.427913690951,2
2669,25,7,"rx, ry",circular,400,4700,191,7,7,16,5280.395908717671,2
2670,19,6,ry,circular,133,1900,121,8,8,15,5280.897794913934,2
2671,18,6,rx,circular,126,4400,115,6,7,16,5282.354451706392,2
2672,23,5,"ry, rx",circular,276,1200,127,7,7,16,5283.849360302706,2
2673,18,5,"rz, rx",circular,216,3300,102,6,7,10,5288.071016267064,2
2674,13,5,rz,circular,78,4800,71,8,8,17,5288.934804812634,2
2675,21,7,rz,circular,168,1400,155,5,6,14,5292.720216616825,2
2676,19,10,"rz, ry",circular,418,2700,212,7,5,11,5292.89586837905,2
2677,16,6,rz,circular,112,3600,103,5,9,16,5295.727273383042,2
2678,23,7,rz,circular,184,1100,169,5,6,16,5297.349936027228,2
2679,21,3,"rz, rx",circular,168,4400,71,6,6,16,5300.9717840526655,2
2680,23,8,rz,circular,207,2500,193,5,5,11,5301.170227245574,2
2681,11,8,ry,circular,99,3200,97,9,9,18,5301.469302637755,2
2682,15,8,rz,circular,135,3600,129,7,7,13,5301.636119752718,2
2683,16,4,"ry, rx, rz",circular,240,4100,79,5,8,19,5305.434277810136,2
2684,16,8,"ry, rz, rx",circular,432,2200,155,9,6,12,5308.119361781355,2
2685,10,7,ry,circular,80,2000,78,7,7,18,5310.730853791357,2
2686,19,6,"rz, ry",circular,266,3900,128,8,9,13,5313.79320006079,2
2687,13,8,"rx, rz",circular,234,2400,122,5,9,12,5313.795097580671,2
2688,23,7,rx,circular,184,3600,169,7,5,15,5315.715420213578,2
2689,15,5,ry,circular,90,1000,81,9,6,14,5316.048934128059,2
2690,20,7,"ry, rz",circular,320,3400,156,6,7,16,5316.718316544721,2
2691,12,7,ry,circular,96,1900,92,7,9,19,5316.802732704381,2
2692,15,7,"rz, ry, rx",circular,360,4800,129,6,7,17,5318.8149233264985,2
2693,19,3,"rz, ry, rx",circular,228,4500,69,7,6,13,5321.090882640265,2
2694,19,7,"rx, rz",circular,304,2500,149,6,8,18,5321.524168444879,2
2695,15,10,rx,circular,165,3200,161,5,5,18,5321.907511172004,2
2696,18,7,"rx, rz",circular,288,4800,142,8,5,14,5323.206902752308,2
2697,25,8,rz,circular,225,2900,209,7,9,12,5326.89749619059,2
2698,16,9,ry,circular,160,2900,154,7,9,14,5328.258101596509,2
2699,12,8,"rx, rz",circular,216,1900,114,7,6,16,5328.720456270203,2
2700,14,7,"ry, rx",circular,224,1600,114,8,6,12,5331.328656532899,2
2701,11,6,"rz, rx, ry",circular,231,2900,87,7,7,15,5331.926349420907,2
2702,13,10,ry,circular,143,2400,141,9,8,17,5335.993375279109,2
2703,16,9,"rz, ry, rx",circular,480,5000,174,9,6,12,5339.523304787116,2
2704,15,6,"rx, ry",circular,210,3400,104,9,7,15,5340.731596721149,2
2705,21,7,rz,circular,168,1200,155,5,7,18,5340.99462907334,2
2706,14,7,"rz, rx, ry",circular,336,4100,122,7,8,16,5342.332090730755,2
2707,18,9,"ry, rx",circular,360,1100,182,7,5,11,5342.610711620165,2
2708,15,6,"rz, ry",circular,210,1400,104,6,9,18,5346.158113979662,2
2709,10,7,rz,circular,80,2800,78,8,8,17,5349.209927052251,2
2710,25,6,rz,circular,175,2300,157,9,5,11,5349.3050691677,2
2711,10,8,"rz, rx",circular,180,4400,98,8,7,12,5353.057434419664,2
2712,11,6,ry,circular,77,1500,73,5,6,13,5355.6578989589525,2
2713,13,6,rz,circular,91,3100,85,7,6,18,5356.309869895211,2
2714,17,7,"rx, rz, ry",circular,408,3400,143,6,9,19,5359.532304081028,2
2715,20,4,rx,circular,100,2400,85,9,5,12,5362.051006694436,2
2716,20,5,"rx, ry, rz",circular,360,3500,118,8,5,18,5364.018741545452,2
2717,18,5,ry,circular,108,1000,96,7,8,11,5365.416006866479,2
2718,22,6,ry,circular,154,1800,139,9,6,19,5369.391327370967,2
2719,11,6,"rx, ry",circular,154,4300,80,7,8,18,5370.700064210269,2
2720,23,6,"ry, rz",circular,322,3300,152,9,6,19,5371.07819255768,2
2721,12,7,"rx, rz, ry",circular,288,1300,108,5,6,12,5371.090391298441,2
2722,16,5,"rx, rz, ry",circular,288,1900,98,8,8,16,5377.358455153347,2
2723,19,7,"rx, ry",circular,304,2500,149,8,8,15,5380.24441574532,2
2724,11,9,rx,circular,110,3900,109,8,7,18,5388.832820365945,2
2725,14,7,"ry, rx",circular,224,2100,114,9,9,15,5389.018006249176,2
2726,21,5,"ry, rx, rz",circular,378,3700,123,5,9,17,5389.295745025775,2
2727,10,6,"rz, ry, rx",circular,210,5000,81,8,9,11,5389.547447876884,2
2728,25,6,rz,circular,175,3900,157,6,5,17,5389.565878302234,2
2729,23,6,"rz, ry",circular,322,3000,152,9,7,12,5390.908237462704,2
2730,13,7,"rx, rz",circular,208,3400,107,9,8,18,5391.885762824682,2
2731,25,5,"rx, rz, ry",circular,450,2200,143,5,8,19,5392.163329031035,2
2732,23,5,rz,circular,138,3600,121,8,7,16,5393.010909069081,2
2733,12,6,rx,circular,84,2200,79,9,5,10,5395.109294067395,2
2734,11,5,"rx, ry, rz",circular,198,2600,73,5,5,16,5396.873211158539,2
2735,13,8,"ry, rx",circular,234,5000,122,6,6,12,5400.586391959411,2
2736,12,6,rx,circular,84,3100,79,7,7,18,5404.248219812452,2
2737,18,3,"ry, rz",circular,144,1500,62,7,6,11,5405.301882150378,2
2738,10,7,ry,circular,80,2500,78,5,5,19,5405.871122847095,2
2739,19,6,rz,circular,133,4900,121,7,7,14,5407.113040688856,2
2740,25,6,"rz, rx",circular,350,2500,164,7,6,16,5407.550860422196,2
2741,25,6,ry,circular,175,2900,157,6,5,17,5408.3643794125755,2
2742,17,6,"rz, rx",circular,238,1100,116,9,8,10,5413.001432948563,2
2743,20,6,"ry, rx, rz",circular,420,2800,141,9,9,12,5413.024376478429,2
2744,20,7,"rz, rx, ry",circular,480,3500,164,5,5,17,5414.504793167256,2
2745,23,7,ry,circular,184,1900,169,6,6,19,5417.129100605023,2
2746,20,8,"rx, rz, ry",circular,540,3600,187,6,5,11,5417.662424055676,2
2747,23,4,"rz, rx, ry",circular,345,1300,107,7,6,18,5418.843316899799,2
2748,11,8,"rz, rx",circular,198,3300,106,6,7,14,5420.881193416491,2
2749,19,3,"rz, ry, rx",circular,228,3800,69,6,9,16,5421.569816528329,2
2750,20,7,"rz, ry",circular,320,4900,156,8,8,11,5422.247805835443,2
2751,11,6,"rx, ry",circular,154,1100,80,6,5,11,5422.594462990319,2
2752,25,5,"ry, rx, rz",circular,450,4600,143,8,6,19,5422.82424737961,2
2753,12,8,"rz, ry, rx",circular,324,4000,123,6,9,14,5423.275710584879,2
2754,21,7,"rx, ry, rz",circular,504,3300,171,8,6,11,5423.613836147573,2
2755,23,4,ry,circular,115,3100,97,9,5,16,5424.096879495771,2
2756,20,5,rz,circular,120,2200,106,5,9,16,5424.288225073616,2
2757,21,6,"rz, ry, rx",circular,441,2800,147,5,9,16,5428.956870793666,2
2758,17,8,"rz, rx, ry",circular,459,1400,163,6,6,18,5428.973929892535,2
2759,25,7,ry,circular,200,1500,183,7,6,14,5430.4925543612835,2
2760,24,6,rz,circular,168,3900,151,7,6,19,5431.871548627747,2
2761,15,5,rz,circular,90,4500,81,8,7,18,5433.810421435856,2
2762,11,9,rx,circular,110,3300,109,5,5,10,5436.193180822002,2
2763,11,6,rz,circular,77,3800,73,7,7,17,5436.671566451644,2
2764,12,7,"rz, rx, ry",circular,288,1500,108,6,9,16,5436.904247712813,2
2765,24,7,"rz, rx, ry",circular,576,1400,192,6,9,13,5437.683914527254,2
2766,24,8,"rz, rx, ry",circular,648,3500,219,9,9,16,5440.81902845594,2
2767,21,4,"rz, ry, rx",circular,315,1000,99,8,8,19,5442.674353368209,2
2768,22,6,ry,circular,154,4700,139,8,6,17,5447.257960161001,2
2769,25,5,"rx, rz, ry",circular,450,4100,143,9,6,15,5450.437923148096,2
2770,15,7,rz,circular,120,3700,113,5,9,12,5452.438405586482,2
2771,21,6,ry,circular,147,2200,133,6,8,14,5452.773596644497,2
2772,16,7,"rx, ry, rz",circular,384,4900,136,6,5,11,5453.274411483615,2
2773,14,4,ry,circular,70,1700,61,8,9,12,5460.116595975174,2
2774,12,8,"rz, ry",circular,216,2800,114,6,9,18,5464.845607140173,2
2775,14,5,"ry, rx, rz",circular,252,3600,88,9,6,16,5466.371983166761,2
2776,11,7,"ry, rz",circular,176,3600,93,5,6,12,5471.832313320662,2
2777,19,9,"rx, rz",circular,380,4400,191,7,7,10,5472.036813044289,2
2778,16,6,ry,circular,112,4100,103,5,5,19,5478.29881986343,2
2779,24,7,rz,circular,192,4100,176,7,6,19,5478.477463352891,2
2780,10,6,"ry, rx, rz",circular,210,2900,81,6,8,17,5479.863674243676,2
2781,22,5,"rx, rz",circular,264,4600,122,5,5,17,5482.937406913118,2
2782,23,4,"rx, ry",circular,230,1700,102,5,9,13,5483.6051961363155,2
2783,13,5,"rx, rz, ry",circular,234,2900,83,8,8,15,5486.077199912145,2
2784,22,7,"ry, rx, rz",circular,528,1600,178,6,5,18,5486.418861502993,2
2785,19,6,"ry, rz",circular,266,2000,128,6,6,19,5486.586990859252,2
2786,21,5,"rx, ry, rz",circular,378,4400,123,5,8,11,5491.031569421707,2
2787,18,7,"rz, ry, rx",circular,432,2100,150,7,9,18,5491.787839829906,2
2788,11,7,"ry, rz, rx",circular,264,1900,101,5,9,17,5496.199099352443,2
2789,20,7,"rx, rz",circular,320,3000,156,5,9,10,5497.17152369579,2
2790,15,6,"ry, rz, rx",circular,315,3900,111,9,5,12,5498.28226903524,2
2791,24,6,rx,circular,168,1900,151,9,8,12,5498.587613427116,2
2792,21,3,rz,circular,84,3600,67,5,9,17,5499.213631311762,2
2793,16,7,"rx, ry, rz",circular,384,1200,136,8,8,16,5499.5668686311,2
2794,22,5,"rx, rz, ry",circular,396,3500,128,7,6,17,5504.566744825957,2
2795,12,7,ry,circular,96,2600,92,7,7,11,5505.506099720085,2
2796,16,9,ry,circular,160,4700,154,6,7,12,5506.134475280583,2
2797,21,6,"rz, rx",circular,294,1400,140,6,8,17,5506.288019886595,2
2798,13,6,ry,circular,91,2400,85,9,5,18,5508.8127227016275,2
2799,24,6,"rx, rz, ry",circular,504,2900,165,5,7,12,5510.735286779906,2
2800,12,7,"rz, rx",circular,192,4700,100,7,5,17,5512.955765619597,2
2801,13,7,"ry, rz",circular,208,1400,107,7,9,10,5514.914779897821,2
2802,19,6,"rx, rz",circular,266,1100,128,9,7,13,5515.811142455985,2
2803,12,7,"rz, ry, rx",circular,288,1800,108,6,9,13,5518.036954020406,2
2804,13,6,"rz, ry",circular,182,4500,92,7,6,18,5519.006899976537,2
2805,10,10,ry,circular,110,3800,111,8,7,14,5523.655181807329,2
2806,23,6,rx,circular,161,2300,145,5,5,14,5526.818215052975,2
2807,14,8,"rx, ry, rz",circular,378,1100,139,9,6,15,5528.283963875779,2
2808,22,6,"rx, rz",circular,308,1600,146,9,7,15,5529.510981915705,2
2809,21,7,rx,circular,168,1300,155,6,5,19,5529.785191367551,2
2810,15,8,"rz, rx, ry",circular,405,3700,147,5,6,18,5530.653392227913,2
2811,23,8,rz,circular,207,4600,193,5,6,15,5533.936298677682,2
2812,15,8,rz,circular,135,4900,129,9,8,11,5536.4352692116645,2
2813,18,8,"ry, rx",circular,324,4400,162,6,9,17,5542.677311632506,2
2814,10,8,"rx, ry",circular,180,2800,98,5,9,17,5544.873692816343,2
2815,22,7,"rx, rz, ry",circular,528,2300,178,5,6,16,5546.326183060248,2
2816,18,6,"ry, rz",circular,252,1900,122,9,9,14,5547.091538117459,2
2817,20,8,rx,circular,180,4000,169,6,7,14,5550.71485845559,2
2818,20,6,"rz, ry, rx",circular,420,2900,141,6,5,19,5551.642407135506,2
2819,20,8,"rz, rx",circular,360,4500,178,9,9,12,5554.559820358152,2
2820,21,9,rz,circular,210,4800,199,8,5,15,5557.414205146487,2
2821,19,5,"rx, ry, rz",circular,342,3700,113,6,8,15,5557.694918646985,2
2822,15,9,"rx, rz, ry",circular,450,1700,165,7,5,13,5559.273964031864,2
2823,10,7,"ry, rx, rz",circular,240,2800,94,8,7,18,5560.484396961987,2
2824,24,4,"rz, ry, rx",circular,360,4700,111,6,5,16,5560.982158373265,2
2825,23,6,"rz, rx, ry",circular,483,1800,159,9,6,10,5561.758051506367,2
2826,17,6,ry,circular,119,1900,109,9,6,17,5566.359102222589,2
2827,15,7,ry,circular,120,1200,113,5,9,16,5568.490625425247,2
2828,19,7,"rx, ry, rz",circular,456,5000,157,5,6,14,5571.78325566432,2
2829,11,8,"rx, rz",circular,198,4400,106,9,5,15,5577.5217308728415,2
2830,12,7,"rx, ry",circular,192,4800,100,6,9,13,5578.087980875003,2
2831,19,5,"ry, rx, rz",circular,342,2000,113,9,8,17,5578.1179817553775,2
2832,23,8,"rz, ry, rx",circular,621,2300,211,8,9,18,5581.500666010377,2
2833,22,8,ry,circular,198,4600,185,8,9,15,5584.555006233879,2
2834,13,4,"ry, rx, rz",circular,195,4400,67,8,9,14,5586.203350747463,2
2835,18,6,rx,circular,126,1700,115,9,6,10,5591.398300447971,2
2836,25,6,"rz, rx, ry",circular,525,4100,171,8,5,12,5594.123090418092,2
2837,19,4,"rz, rx",circular,190,1700,86,8,7,19,5598.122034512639,2
2838,25,5,"rz, rx, ry",circular,450,4300,143,9,5,13,5608.474755865573,2
2839,17,6,"rx, rz",circular,238,3200,116,7,6,15,5609.842862756085,2
2840,13,6,ry,circular,91,4800,85,5,9,11,5611.355001921416,2
2841,13,9,"rz, ry",circular,260,3500,137,8,9,10,5612.891666798908,2
2842,13,7,"ry, rx, rz",circular,312,3100,115,7,8,15,5623.710460883657,2
2843,11,6,ry,circular,77,2800,73,9,7,11,5630.1231948822215,2
2844,20,8,"rx, rz",circular,360,2500,178,5,8,12,5630.277805649159,2
2845,12,8,"rx, ry",circular,216,2900,114,6,6,15,5630.542763814954,2
2846,16,8,rz,circular,144,1900,137,5,8,13,5632.677584916333,2
2847,21,8,"ry, rz, rx",circular,567,1400,195,6,6,14,5638.403518950935,2
2848,10,5,"rz, rx",circular,120,3500,62,7,7,16,5638.876257112636,2
2849,24,8,"ry, rx, rz",circular,648,1900,219,7,6,13,5639.179982197207,2
2850,21,5,"rz, rx, ry",circular,378,5000,123,7,8,19,5644.050979050815,2
2851,13,6,rx,circular,91,3800,85,9,8,19,5645.915999512065,2
2852,16,7,rx,circular,128,2800,120,9,6,15,5647.9152796493245,2
2853,18,6,"rx, rz, ry",circular,378,1400,129,5,5,11,5649.69202677776,2
2854,24,4,ry,circular,120,4000,101,9,7,18,5650.5096335083745,2
2855,11,5,rz,circular,66,2900,61,6,5,11,5653.032583544206,2
2856,19,7,"rz, rx",circular,304,3800,149,8,9,10,5655.753633830168,2
2857,13,6,"rz, ry, rx",circular,273,1700,99,9,6,11,5657.5036178713035,2
2858,24,7,"ry, rz, rx",circular,576,3900,192,5,8,12,5657.614576542496,2
2859,22,6,rz,circular,154,3600,139,9,5,10,5658.651705477953,2
2860,20,5,ry,circular,120,3200,106,6,6,17,5660.127944415225,2
2861,24,5,rz,circular,144,4300,126,8,9,19,5662.714790241387,2
2862,23,6,"ry, rx, rz",circular,483,2300,159,5,8,11,5663.174698158865,2
2863,16,6,"rz, ry",circular,224,3400,110,6,5,19,5664.0846414691005,2
2864,10,7,ry,circular,80,2300,78,5,5,11,5668.206865511758,2
2865,19,4,"ry, rx",circular,190,1500,86,8,5,11,5668.459123175625,2
2866,21,6,"rz, rx",circular,294,2100,140,7,9,12,5671.629504511355,2
2867,10,7,rz,circular,80,2000,78,8,5,14,5679.165669411219,2
2868,23,5,"rz, rx",circular,276,3000,127,6,9,12,5692.536359231291,2
2869,22,8,"rx, rz, ry",circular,594,2700,203,6,8,11,5695.458818703393,2
2870,11,7,"rx, ry",circular,176,2800,93,6,5,17,5695.515334374072,2
2871,11,6,"rz, rx, ry",circular,231,3200,87,7,8,12,5695.950728764711,2
2872,14,5,rz,circular,84,1700,76,8,5,15,5700.782007700071,2
2873,14,5,"rx, ry, rz",circular,252,1900,88,5,7,11,5702.747382161849,2
2874,19,7,"rx, rz",circular,304,4900,149,8,9,10,5707.447015076998,2
2875,11,5,"rx, rz, ry",circular,198,1400,73,7,6,12,5713.697938369362,2
2876,11,7,"ry, rz, rx",circular,264,2200,101,6,8,18,5715.188076626662,2
2877,11,5,"rz, ry",circular,132,3500,67,6,5,10,5716.876879533601,2
2878,10,5,rz,circular,60,5000,56,6,8,17,5719.7040549265,2
2879,15,6,"rz, rx, ry",circular,315,3100,111,9,6,16,5720.103813300096,2
2880,19,8,"rz, rx, ry",circular,513,3400,179,9,8,13,5721.254349381935,2
2881,20,7,"rx, ry",circular,320,2000,156,9,6,16,5725.633564209181,2
2882,10,8,ry,circular,90,1800,89,6,6,13,5726.802972476355,2
2883,12,9,rx,circular,120,3900,118,8,8,12,5732.338858039303,2
2884,21,7,"rx, rz",circular,336,1800,163,8,6,10,5739.171934730911,2
2885,12,5,"rx, rz",circular,144,1800,72,6,5,11,5739.1947354470085,2
2886,21,8,rz,circular,189,3500,177,8,8,12,5740.304053383393,2
2887,13,6,"ry, rx, rz",circular,273,1400,99,7,7,10,5742.006718150467,2
2888,14,6,"rz, rx, ry",circular,294,4300,105,6,6,16,5743.349212452732,2
2889,25,5,"ry, rx",circular,300,1800,137,8,9,19,5744.7873833676485,2
2890,23,7,rz,circular,184,2600,169,5,9,16,5748.011222638775,2
2891,10,4,"ry, rz",circular,100,4900,50,5,5,16,5758.020054002017,2
2892,11,8,"rx, ry, rz",circular,297,4300,115,6,6,16,5760.363876197788,2
2893,23,5,rx,circular,138,2600,121,6,9,19,5764.287411474323,2
2894,22,7,"rz, ry, rx",circular,528,4500,178,6,9,19,5770.882697728388,2
2895,22,5,"rx, ry, rz",circular,396,3700,128,7,5,15,5777.320874293492,2
2896,24,7,rx,circular,192,2400,176,6,9,18,5782.469300277206,2
2897,20,6,"ry, rx",circular,280,1200,134,5,7,16,5784.812512717345,2
2898,17,7,"rz, ry, rx",circular,408,1300,143,5,9,14,5785.918414343702,2
2899,22,5,"rz, ry",circular,264,4100,122,9,5,18,5786.314575629571,2
2900,11,8,"rx, ry, rz",circular,297,2200,115,5,9,13,5787.552830628525,2
2901,19,6,"ry, rx",circular,266,3600,128,9,7,15,5788.649098075322,2
2902,24,9,rx,circular,240,3400,226,9,6,18,5792.019336860302,2
2903,22,8,"ry, rz",circular,396,4100,194,8,8,17,5795.221549056196,2
2904,23,4,"rz, ry, rx",circular,345,2900,107,9,8,19,5796.757933835699,2
2905,18,8,rz,circular,162,3600,153,9,9,18,5804.486902371197,2
2906,11,7,"rz, ry, rx",circular,264,1200,101,7,7,13,5810.335411479717,2
2907,22,4,"ry, rx",circular,220,3900,98,6,9,13,5811.8074788754775,2
2908,25,6,"ry, rz",circular,350,4100,164,9,5,18,5812.369450918775,2
2909,17,7,"ry, rx",circular,272,1400,135,7,7,14,5813.722752396594,2
2910,12,5,"ry, rz",circular,144,1900,72,8,5,11,5815.565298171488,2
2911,14,5,rz,circular,84,2600,76,5,6,13,5818.755449881771,2
2912,10,5,"rx, ry, rz",circular,180,1200,68,5,7,14,5822.900703385273,2
2913,25,7,rz,circular,200,1700,183,7,9,13,5835.37918546252,2
2914,24,5,"ry, rx",circular,288,3800,132,9,7,17,5836.365652258952,2
2915,25,7,"rx, rz",circular,400,4400,191,9,5,12,5838.508947479677,2
2916,14,4,ry,circular,70,3300,61,8,8,18,5839.259239644955,2
2917,23,7,"ry, rz, rx",circular,552,4300,185,5,9,19,5845.089818360433,2
2918,21,6,"rz, rx, ry",circular,441,3300,147,7,5,19,5847.905447582493,2
2919,22,6,"ry, rz, rx",circular,462,1600,153,9,5,19,5848.282677207121,2
2920,13,10,"ry, rx",circular,286,3100,152,6,9,10,5848.289212385575,2
2921,14,7,"rx, ry",circular,224,4800,114,6,6,12,5850.267274606219,2
2922,24,8,ry,circular,216,4800,201,8,7,18,5851.722439195269,2
2923,12,5,rz,circular,72,3000,66,5,8,18,5852.094257302694,2
2924,20,9,rz,circular,200,4400,190,6,9,12,5855.338553069643,2
2925,11,6,rz,circular,77,5000,73,7,6,14,5857.1081067405285,2
2926,13,5,ry,circular,78,4100,71,5,8,13,5858.183321397539,2
2927,13,4,rx,circular,65,1800,57,6,9,15,5860.015902119342,2
2928,24,9,rz,circular,240,4000,226,5,6,16,5864.267939137294,2
2929,12,6,rx,circular,84,4100,79,8,9,12,5864.704453018532,2
2930,12,5,"rx, ry, rz",circular,216,3700,78,5,7,18,5871.509714166069,2
2931,24,6,rx,circular,168,1400,151,8,8,12,5872.272064440409,2
2932,16,8,"rz, rx",circular,288,4300,146,7,6,17,5873.320334383737,2
2933,15,6,rz,circular,105,2900,97,7,9,10,5880.056354553051,2
2934,22,6,"rx, ry",circular,308,4000,146,8,9,14,5880.748134873744,2
2935,24,6,rx,circular,168,1700,151,5,9,17,5881.679935945405,2
2936,16,5,ry,circular,96,1700,86,9,7,18,5885.051705196495,2
2937,18,5,"rx, rz, ry",circular,324,5000,108,9,7,10,5886.718917748537,2
2938,22,8,"ry, rz",circular,396,2600,194,9,6,17,5893.373093733657,2
2939,13,5,rx,circular,78,4600,71,9,9,16,5896.279848408767,2
2940,19,7,rz,circular,152,2400,141,9,5,18,5897.7101758473955,2
2941,21,7,"rx, rz, ry",circular,504,4400,171,9,6,15,5899.901791010367,2
2942,16,5,"ry, rz",circular,192,4000,92,7,6,18,5899.9175569888475,2
2943,11,5,"ry, rx",circular,132,3900,67,6,9,16,5905.573370613013,2
2944,21,5,rx,circular,126,3100,111,5,7,19,5905.587890786371,2
2945,12,7,ry,circular,96,2200,92,9,6,17,5906.310982985924,2
2946,21,4,"rz, rx",circular,210,1400,94,8,5,13,5910.009800351461,2
2947,13,5,"ry, rz, rx",circular,234,3000,83,5,6,13,5910.598909934213,2
2948,23,3,"rz, ry, rx",circular,276,2700,81,7,6,17,5911.243684881679,2
2949,11,4,"rx, ry",circular,110,3200,54,8,6,10,5914.860094317731,2
2950,15,8,rx,circular,135,4100,129,8,9,11,5919.071447189542,2
2951,20,7,"rx, rz, ry",circular,480,5000,164,6,5,10,5925.898658192933,2
2952,25,8,"rx, rz, ry",circular,675,2300,227,6,7,13,5934.941713974966,2
2953,20,6,"ry, rx, rz",circular,420,1400,141,8,6,18,5936.481719641493,2
2954,15,6,"rz, ry",circular,210,3100,104,6,6,15,5938.294427283036,2
2955,10,6,"rx, ry",circular,140,2300,74,6,7,15,5938.482754651104,2
2956,25,6,"rz, rx",circular,350,2100,164,9,9,10,5940.085372395512,2
2957,14,8,rz,circular,126,4000,121,7,7,12,5943.0065140733695,2
2958,18,8,"rz, ry",circular,324,1200,162,5,5,11,5943.440462426905,2
2959,21,8,rz,circular,189,2600,177,6,5,17,5944.122048122083,2
2960,14,6,"ry, rx, rz",circular,294,3000,105,7,6,15,5945.005074318609,2
2961,22,6,"ry, rx",circular,308,3600,146,9,7,18,5946.971432322523,2
2962,11,5,"ry, rx",circular,132,2900,67,7,5,12,5950.573577962491,2
2963,21,6,"rz, rx, ry",circular,441,3900,147,9,6,16,5952.441571462287,2
2964,23,5,ry,circular,138,1100,121,9,5,12,5952.6393210173155,2
2965,17,8,"ry, rx, rz",circular,459,1500,163,7,5,13,5953.609527268632,2
2966,10,8,"rz, ry, rx",circular,270,1100,107,5,7,14,5955.666207573413,2
2967,21,5,"rx, rz, ry",circular,378,2000,123,9,6,13,5955.698790082054,2
2968,17,6,"ry, rz, rx",circular,357,4100,123,6,9,12,5956.249264021069,2
2969,24,7,ry,circular,192,2900,176,9,6,12,5959.860561274839,2
2970,24,4,"rz, ry, rx",circular,360,1300,111,8,8,12,5962.392303397419,2
2971,13,9,"rz, ry",circular,260,1600,137,5,7,11,5966.206584087881,2
2972,11,7,"rz, rx, ry",circular,264,3700,101,6,8,15,5968.535941125368,2
2973,22,7,"ry, rz, rx",circular,528,1600,178,6,9,19,5971.137248791421,2
2974,13,8,"ry, rz",circular,234,2100,122,8,9,12,5973.307145751747,2
2975,11,6,"rz, rx, ry",circular,231,3500,87,6,9,11,5974.311908175333,2
2976,24,8,rx,circular,216,4000,201,5,6,14,5976.694317301614,2
2977,15,6,"ry, rx, rz",circular,315,1700,111,9,5,11,5977.514209197736,2
2978,25,5,"ry, rx",circular,300,3700,137,9,5,10,5979.288945529079,2
2979,20,8,ry,circular,180,1200,169,5,6,16,5979.58415974825,2
2980,16,5,"rx, rz, ry",circular,288,2900,98,6,7,13,5979.9185839260845,2
2981,15,8,"rx, ry, rz",circular,405,4200,147,7,8,16,5982.047873321084,2
2982,25,3,"rz, rx, ry",circular,300,1600,87,8,8,11,5983.059812302068,2
2983,14,6,"rx, rz, ry",circular,294,2600,105,7,8,15,5983.642028984655,2
2984,15,5,"rx, ry, rz",circular,270,3900,93,8,9,19,5986.305356404656,2
2985,20,10,"ry, rx",circular,440,1000,222,6,6,14,5986.431015076075,2
2986,12,7,"ry, rz, rx",circular,288,4700,108,7,7,11,5987.2247646645055,2
2987,15,5,"rz, rx, ry",circular,270,2000,93,7,8,12,5994.910194870071,2
2988,18,6,"rx, rz, ry",circular,378,4900,129,6,7,18,6002.28652731394,2
2989,23,10,"rz, rx, ry",circular,759,2000,263,9,8,18,6003.889342535701,2
2990,16,6,"ry, rx",circular,224,3000,110,6,6,16,6004.964939534068,2
2991,24,6,"rx, rz, ry",circular,504,2100,165,5,9,19,6008.327543616541,2
2992,11,8,rz,circular,99,3400,97,8,9,11,6010.106865627396,2
2993,25,5,"rx, rz",circular,300,2200,137,6,6,19,6010.207259329767,2
2994,15,7,"rx, rz",circular,240,2800,121,8,6,16,6012.610507635984,2
2995,16,6,"rz, rx",circular,224,1600,110,9,9,15,6018.310482683631,2
2996,15,6,"ry, rx, rz",circular,315,1800,111,6,8,12,6021.014355993224,2
2997,13,6,rx,circular,91,1900,85,6,7,18,6022.229308873209,2
2998,22,8,"rx, rz, ry",circular,594,2200,203,9,7,15,6027.458572666141,2
2999,15,5,"rx, ry",circular,180,4600,87,6,5,11,6027.730305368042,2
3000,16,5,rx,circular,96,2800,86,7,8,17,6031.015198507349,2
3001,15,8,"ry, rx",circular,270,2500,138,7,9,13,6031.245503614825,2
3002,21,5,"rz, ry, rx",circular,378,1800,123,5,7,10,6031.636795327523,2
3003,19,5,rz,circular,114,4100,101,7,9,12,6031.752162334892,2
3004,10,4,"rx, rz",circular,100,3200,50,5,9,10,6033.173954749685,2
3005,15,6,"ry, rx",circular,210,2700,104,7,7,13,6033.664750041807,2
3006,14,7,"rx, rz, ry",circular,336,2300,122,8,7,19,6035.940400129268,2
3007,18,4,rx,circular,90,2300,77,8,8,11,6036.172042774116,2
3008,16,6,rx,circular,112,2200,103,7,6,18,6038.072436981446,2
3009,25,5,ry,circular,150,2800,131,9,6,15,6038.909656455778,2
3010,18,5,"rx, ry",circular,216,3200,102,5,9,13,6042.266995005704,2
3011,25,8,"ry, rz",circular,450,4000,218,7,5,14,6043.15250300762,2
3012,20,6,rz,circular,140,2500,127,9,5,12,6047.3468575438865,2
3013,25,5,"rx, rz, ry",circular,450,2300,143,5,7,10,6048.55086787781,2
3014,25,8,"ry, rx",circular,450,4100,218,9,5,16,6049.462499262805,2
3015,10,3,"rz, ry",circular,80,4600,38,9,8,17,6050.2037343305155,2
3016,22,10,ry,circular,242,1500,231,7,5,15,6051.742814408201,2
3017,10,7,"rx, ry",circular,160,1800,86,9,6,15,6053.557884403663,2
3018,25,8,ry,circular,225,3700,209,9,6,10,6055.334327054069,2
3019,22,6,rz,circular,154,1200,139,5,7,15,6056.434049791297,2
3020,12,5,"rz, ry",circular,144,3100,72,6,5,12,6058.160290580527,2
3021,23,5,rx,circular,138,4700,121,5,9,16,6059.571622869859,2
3022,21,6,"rz, rx, ry",circular,441,3400,147,6,6,16,6059.6033447958725,2
3023,11,8,"rz, rx, ry",circular,297,3100,115,8,7,17,6059.927705131436,2
3024,25,5,"rx, ry, rz",circular,450,4900,143,6,5,18,6061.581565026068,2
3025,12,9,"rx, rz, ry",circular,360,4500,138,5,7,12,6065.403825131838,2
3026,20,6,"rx, ry",circular,280,2500,134,9,5,18,6066.755405436138,2
3027,12,7,rz,circular,96,2700,92,8,5,15,6072.220470971025,2
3028,16,8,"rx, ry",circular,288,3700,146,9,7,17,6073.245582392886,2
3029,24,6,"ry, rz",circular,336,1800,158,7,7,19,6077.48847835082,2
3030,24,9,"rz, rx, ry",circular,720,3700,246,7,6,13,6079.024669377151,2
3031,18,7,"rx, ry",circular,288,2900,142,5,5,19,6079.51111898176,2
3032,20,7,ry,circular,160,2300,148,8,5,18,6080.199520286128,2
3033,22,8,ry,circular,198,3400,185,7,5,17,6084.224538619863,2
3034,22,9,"rx, rz, ry",circular,660,2700,228,5,6,14,6087.3790320109365,2
3035,16,5,"rx, ry",circular,192,3600,92,8,9,16,6090.407068239417,2
3036,25,6,"rx, ry",circular,350,4200,164,8,8,17,6090.450516561384,2
3037,12,7,"rx, ry",circular,192,2100,100,8,7,14,6093.159843442205,2
3038,17,3,"rx, rz, ry",circular,204,3900,63,9,5,17,6095.173508885509,2
3039,11,5,"ry, rz",circular,132,2000,67,9,9,15,6096.678044050562,2
3040,11,8,"rx, ry, rz",circular,297,2000,115,5,8,11,6096.922193491114,2
3041,25,7,rx,circular,200,3200,183,8,9,10,6103.502989856547,2
3042,14,6,ry,circular,98,1800,91,7,7,17,6105.468702203416,2
3043,12,9,rz,circular,120,1000,118,7,9,12,6107.826875982864,2
3044,11,7,"rx, ry",circular,176,1000,93,6,8,15,6108.982592424428,2
3045,10,10,ry,circular,110,2400,111,8,7,10,6116.297819752588,2
3046,16,5,"rx, rz, ry",circular,288,1100,98,7,8,10,6116.4709202312815,2
3047,13,3,"rx, ry, rz",circular,156,4900,51,5,6,12,6117.5806621782895,2
3048,24,5,"ry, rx",circular,288,2600,132,6,7,18,6123.176978791095,2
3049,15,5,"rz, rx, ry",circular,270,4400,93,5,8,10,6126.558540872082,2
3050,14,5,"rz, ry, rx",circular,252,4300,88,7,6,17,6127.585695345084,2
3051,20,7,ry,circular,160,3200,148,8,6,15,6127.841792472958,2
3052,24,7,"rz, ry",circular,384,4000,184,5,9,12,6128.630276986151,2
3053,20,7,rz,circular,160,2900,148,8,9,14,6132.160127615424,2
3054,12,5,"rz, rx",circular,144,4600,72,9,8,12,6133.312937468021,2
3055,16,6,"ry, rz, rx",circular,336,2200,117,6,9,10,6134.282209693196,2
3056,18,6,"rz, ry, rx",circular,378,4100,129,8,9,18,6136.412521159968,2
3057,10,5,"ry, rz",circular,120,2000,62,9,5,16,6136.456849367944,2
3058,25,7,"rz, ry",circular,400,2300,191,8,6,16,6139.100157843275,2
3059,13,6,"rz, ry",circular,182,4400,92,5,9,15,6139.531449927258,2
3060,22,8,"rz, ry",circular,396,4100,194,7,6,19,6140.776612034146,2
3061,25,7,"ry, rx",circular,400,1600,191,5,8,11,6141.310887753916,2
3062,20,6,"rx, rz",circular,280,3400,134,5,5,18,6145.427292549537,2
3063,23,6,"rz, rx, ry",circular,483,4100,159,8,7,19,6145.835697721847,2
3064,24,7,"rx, rz, ry",circular,576,4300,192,8,5,11,6148.437943052541,2
3065,23,7,"rz, ry",circular,368,2000,177,7,6,11,6148.508099136488,2
3066,23,7,"rz, ry",circular,368,1500,177,6,5,11,6149.342241644183,2
3067,22,7,rz,circular,176,1500,162,8,7,11,6149.950410644712,2
3068,25,7,rx,circular,200,1000,183,6,9,12,6151.304047279049,2
3069,17,8,"ry, rx, rz",circular,459,1100,163,7,7,17,6151.534469355355,2
3070,20,8,"ry, rz",circular,360,1400,178,8,5,19,6152.560500357687,2
3071,18,5,"rz, ry, rx",circular,324,3000,108,6,8,18,6153.693481813113,2
3072,25,7,"rx, ry",circular,400,3900,191,7,6,12,6154.942232688264,2
3073,17,5,"rz, rx, ry",circular,306,2200,103,7,6,19,6155.044503563154,2
3074,13,7,"rz, ry, rx",circular,312,2500,115,5,6,12,6155.671012535466,2
3075,15,8,"ry, rz",circular,270,4800,138,5,5,10,6159.204560407958,2
3076,21,5,rx,circular,126,3400,111,9,6,19,6160.987653154593,2
3077,17,5,"rz, rx",circular,204,4600,97,6,9,17,6161.145427470022,2
3078,25,6,"rz, rx",circular,350,2000,164,6,9,15,6162.677476811971,2
3079,17,6,rx,circular,119,2900,109,5,9,17,6164.920357547494,2
3080,12,8,"rx, ry",circular,216,2500,114,7,7,19,6168.5924190126225,2
3081,21,7,"rz, ry, rx",circular,504,4700,171,6,6,17,6168.708975735958,2
3082,15,8,ry,circular,135,3900,129,8,7,13,6169.952306928926,2
3083,14,9,"rz, rx",circular,280,4800,146,8,9,10,6170.291232941472,2
3084,12,8,"rz, ry",circular,216,2300,114,5,7,12,6170.683547935371,2
3085,10,5,"rx, ry",circular,120,3900,62,6,8,15,6172.104607548986,2
3086,15,5,"ry, rx, rz",circular,270,3400,93,6,8,13,6172.113133969494,2
3087,16,6,"rz, ry, rx",circular,336,3100,117,6,6,19,6172.466021219225,2
3088,14,6,"rz, rx, ry",circular,294,1900,105,7,9,19,6172.720656047007,2
3089,25,6,"rz, ry",circular,350,4100,164,6,5,13,6174.263398036958,2
3090,12,6,rx,circular,84,4600,79,6,6,12,6174.778471430149,2
3091,15,8,"ry, rz, rx",circular,405,3700,147,9,9,11,6174.882974023948,2
3092,13,8,"ry, rz, rx",circular,351,1200,131,7,6,10,6175.196082151587,2
3093,10,7,"rx, ry, rz",circular,240,1300,94,5,6,11,6179.592477705351,2
3094,18,5,rx,circular,108,2100,96,6,9,15,6179.597771329922,2
3095,17,8,rz,circular,153,1000,145,6,7,16,6181.047594247086,2
3096,20,6,"ry, rz",circular,280,2400,134,7,7,14,6182.088288730415,2
3097,14,8,rz,circular,126,3800,121,5,6,12,6182.748549945346,2
3098,19,7,"rx, ry",circular,304,3700,149,7,5,16,6183.351854451,2
3099,22,4,"rx, rz, ry",circular,330,3300,103,6,9,11,6183.729223546234,2
3100,12,8,"rx, rz, ry",circular,324,3300,123,9,7,16,6184.701907801299,2
3101,19,8,"rx, rz, ry",circular,513,4200,179,8,7,15,6185.033851726073,2
3102,14,7,"rx, ry, rz",circular,336,2500,122,5,7,18,6186.996559630162,2
3103,10,6,rz,circular,70,2900,67,7,6,15,6188.884408635991,2
3104,20,9,ry,circular,200,4800,190,5,7,13,6189.179626469989,2
3105,17,5,rx,circular,102,4200,91,9,5,16,6190.767062320498,2
3106,19,9,"rz, rx, ry",circular,570,4300,201,5,6,15,6193.959013324078,2
3107,20,7,rz,circular,160,1600,148,8,6,15,6195.305276976404,2
3108,13,8,"ry, rz, rx",circular,351,5000,131,6,7,10,6195.638157389775,2
3109,19,7,"rx, rz, ry",circular,456,1700,157,8,7,14,6195.70241936528,2
3110,18,6,rx,circular,126,1700,115,7,6,18,6195.754170567168,2
3111,22,5,"ry, rx",circular,264,4800,122,7,9,10,6203.116268449335,2
3112,18,3,ry,circular,72,4000,58,7,9,17,6203.121384085873,2
3113,25,6,"ry, rx",circular,350,1400,164,7,8,19,6203.455703242049,2
3114,10,5,rx,circular,60,3400,56,8,5,13,6205.533989120924,2
3115,16,6,"ry, rz, rx",circular,336,4800,117,5,8,10,6208.996532043605,2
3116,17,8,"ry, rx",circular,306,1700,154,7,9,18,6216.972543050318,2
3117,25,6,"ry, rx",circular,350,3100,164,7,6,10,6220.760150302898,2
3118,19,7,"ry, rx",circular,304,4100,149,8,8,13,6222.298009822017,2
3119,22,5,rx,circular,132,4500,116,9,5,16,6224.305918555119,2
3120,23,7,"rx, ry, rz",circular,552,4400,185,7,8,16,6225.502321753923,2
3121,14,6,rx,circular,98,4700,91,8,8,11,6225.526226556659,2
3122,25,5,"rz, rx",circular,300,3200,137,6,9,17,6226.8001608670675,2
3123,11,5,"ry, rx",circular,132,2600,67,9,9,19,6229.000114130376,2
3124,21,8,"rz, rx, ry",circular,567,1800,195,6,8,15,6229.042558952716,2
3125,15,7,"ry, rx, rz",circular,360,1800,129,6,6,17,6231.848798493005,2
3126,13,7,ry,circular,104,4200,99,5,7,19,6233.312099325343,2
3127,15,8,"ry, rz",circular,270,2500,138,5,9,16,6233.598263379915,2
3128,14,6,"rz, ry",circular,196,1300,98,7,8,12,6234.130767399926,2
3129,21,7,rz,circular,168,2800,155,9,5,17,6235.443667168003,2
3130,24,6,"ry, rx, rz",circular,504,2200,165,6,8,14,6236.865328824974,2
3131,10,5,"ry, rz, rx",circular,180,2900,68,9,9,15,6238.992136985214,2
3132,18,7,rz,circular,144,3500,134,9,9,17,6242.28522044985,2
3133,10,6,rz,circular,70,1200,67,7,5,11,6242.84054985486,2
3134,25,6,"rx, ry, rz",circular,525,3300,171,7,9,19,6247.388739452555,2
3135,18,6,"rz, rx",circular,252,4500,122,8,6,10,6249.319043323918,2
3136,13,4,"rz, ry",circular,130,3100,62,8,8,16,6250.9766887197475,2
3137,10,8,rx,circular,90,4500,89,9,9,17,6252.221456378577,2
3138,23,5,ry,circular,138,3300,121,7,8,10,6255.173209608549,2
3139,14,7,rx,circular,112,1600,106,6,9,18,6257.918062491017,2
3140,10,9,"ry, rx, rz",circular,300,2000,120,7,5,19,6258.704459296787,2
3141,24,6,"rx, rz",circular,336,3400,158,9,5,10,6259.977212839634,2
3142,25,7,rz,circular,200,2300,183,7,7,15,6260.316287661018,2
3143,18,8,"rz, ry",circular,324,3000,162,6,8,16,6261.78369208393,2
3144,16,6,"rx, ry",circular,224,2900,110,8,7,11,6263.205980594324,2
3145,20,9,rx,circular,200,2400,190,9,6,10,6265.8831304173555,2
3146,14,5,"rx, ry, rz",circular,252,1900,88,7,7,17,6268.793378300687,2
3147,21,4,"rx, rz, ry",circular,315,1500,99,9,9,17,6270.40282059801,2
3148,17,9,"rx, rz",circular,340,2700,173,7,8,18,6270.663394879967,2
3149,23,6,"ry, rx",circular,322,3200,152,5,7,14,6275.174344176219,2
3150,12,4,rz,circular,60,1800,53,5,7,10,6283.949054465925,2
3151,14,5,"ry, rz, rx",circular,252,3600,88,7,5,13,6286.422622389416,2
3152,25,7,"rz, ry, rx",circular,600,2800,199,9,8,18,6287.322754723813,2
3153,12,6,"rx, rz",circular,168,4100,86,6,9,16,6288.99660196066,2
3154,25,5,ry,circular,150,3200,131,5,5,19,6289.175079728497,2
3155,10,7,ry,circular,80,1100,78,9,5,12,6290.559788439216,2
3156,25,7,rz,circular,200,3200,183,6,5,14,6293.234050780587,2
3157,25,7,"rz, ry, rx",circular,600,1600,199,5,7,17,6294.46823673413,2
3158,15,6,rz,circular,105,1600,97,8,6,16,6296.998694747619,2
3159,20,6,rx,circular,140,1000,127,9,5,14,6305.501917929641,2
3160,12,7,ry,circular,96,3500,92,7,7,10,6307.853073879499,2
3161,24,8,rz,circular,216,1800,201,5,7,16,6311.378752032835,2
3162,18,4,ry,circular,90,3900,77,5,5,15,6314.237044785321,2
3163,22,5,"rx, rz",circular,264,4400,122,8,5,18,6318.494314501455,2
3164,17,4,ry,circular,85,4200,73,6,6,16,6320.637266680434,2
3165,22,6,"ry, rz, rx",circular,462,2900,153,7,7,14,6321.2722597101665,2
3166,14,8,rx,circular,126,3600,121,8,5,10,6322.122774190107,2
3167,25,7,"ry, rx, rz",circular,600,4600,199,5,7,15,6325.562373006219,2
3168,13,8,"ry, rx, rz",circular,351,2500,131,7,8,15,6328.162883152429,2
3169,20,5,"ry, rz, rx",circular,360,4400,118,9,7,14,6331.037425349808,2
3170,11,6,"rx, ry",circular,154,4600,80,6,6,11,6333.64236198225,2
3171,20,7,"rz, ry",circular,320,1400,156,5,7,19,6336.120274333518,2
3172,18,8,"rx, ry, rz",circular,486,3600,171,9,8,12,6336.320960190303,2
3173,11,4,"rz, ry",circular,110,4400,54,8,8,13,6336.521471250388,2
3174,10,6,"rz, ry",circular,140,4400,74,6,9,16,6338.34234837656,2
3175,25,5,rx,circular,150,3000,131,9,6,11,6339.816640628563,2
3176,15,6,"rz, ry",circular,210,1900,104,8,7,18,6340.875888737772,2
3177,16,6,rz,circular,112,3700,103,8,5,18,6343.4631308490025,2
3178,23,5,"rx, rz",circular,276,3200,127,8,8,12,6344.196641433445,2
3179,16,7,"rz, rx, ry",circular,384,1100,136,8,6,10,6345.188640529562,2
3180,24,8,"ry, rx",circular,432,3500,210,6,8,19,6345.410837779304,2
3181,13,7,"ry, rz, rx",circular,312,3300,115,9,6,17,6346.156307023129,2
3182,20,8,"rz, ry, rx",circular,540,3900,187,6,8,14,6346.971846839648,2
3183,10,8,rz,circular,90,2600,89,6,6,19,6348.005620990523,2
3184,13,7,"rz, rx, ry",circular,312,2400,115,7,9,17,6350.108508301622,2
3185,11,7,"rz, ry, rx",circular,264,4700,101,8,6,19,6352.846468651844,2
3186,20,5,"ry, rx",circular,240,2400,112,5,8,19,6354.2395350160805,2
3187,23,5,"ry, rz",circular,276,1000,127,7,8,11,6355.370514778521,2
3188,20,6,rz,circular,140,2000,127,5,6,14,6357.414658020225,2
3189,14,6,"rz, ry, rx",circular,294,3000,105,7,6,14,6358.682891825362,2
3190,12,8,"rz, ry, rx",circular,324,3700,123,7,8,19,6361.887681163908,2
3191,12,6,"rz, rx",circular,168,2400,86,7,7,19,6364.852287626383,2
3192,14,4,"rx, rz, ry",circular,210,2300,71,8,8,14,6371.603203144796,2
3193,12,6,"rz, ry, rx",circular,252,1600,93,7,6,12,6372.915985778914,2
3194,20,3,rz,circular,80,3100,64,6,6,12,6380.951582692106,2
3195,21,6,"ry, rz",circular,294,1100,140,8,5,18,6381.277790673062,2
3196,17,8,rz,circular,153,2300,145,8,8,13,6383.13342104737,2
3197,15,5,"rx, rz, ry",circular,270,2700,93,5,9,12,6389.998833495243,2
3198,15,6,"rz, ry",circular,210,3900,104,6,8,17,6396.666258278493,2
3199,24,5,"rx, ry",circular,288,3600,132,9,7,12,6399.471474783904,2
3200,18,4,ry,circular,90,1400,77,8,9,19,6400.179283359794,2
3201,17,8,"ry, rz, rx",circular,459,1200,163,9,8,12,6401.088260030101,2
3202,19,7,"rx, rz, ry",circular,456,2400,157,7,8,14,6402.715921811066,2
3203,15,7,"rx, rz, ry",circular,360,2700,129,7,9,15,6405.2216600048705,2
3204,22,7,"ry, rx, rz",circular,528,4400,178,6,6,15,6405.273238860222,2
3205,16,6,"rz, rx, ry",circular,336,1500,117,7,5,16,6406.200953880243,2
3206,14,8,rz,circular,126,5000,121,5,7,19,6407.5076030194805,2
3207,13,5,ry,circular,78,1000,71,7,6,11,6408.187481442571,2
3208,11,6,rx,circular,77,2100,73,7,6,15,6411.978931518936,2
3209,14,6,"rx, rz, ry",circular,294,1900,105,8,7,15,6412.477932936516,2
3210,19,6,rx,circular,133,5000,121,6,7,14,6414.795101605368,2
3211,21,7,"ry, rz",circular,336,4300,163,6,7,15,6418.647184995872,2
3212,21,7,"rx, rz",circular,336,4000,163,6,7,14,6419.34452300903,2
3213,24,7,rz,circular,192,1700,176,5,9,11,6419.680021410018,2
3214,21,7,rx,circular,168,3300,155,9,7,12,6423.03360243641,2
3215,11,5,"ry, rz",circular,132,4900,67,9,9,15,6423.419264402602,2
3216,25,5,ry,circular,150,1400,131,5,8,16,6423.511264910537,2
3217,18,7,ry,circular,144,4500,134,5,6,10,6426.227330987645,2
3218,18,8,rz,circular,162,4800,153,6,6,16,6426.607964012176,2
3219,10,6,rx,circular,70,4400,67,7,5,19,6427.398704404828,2
3220,19,8,"rz, ry",circular,342,2800,170,8,6,18,6428.102016207325,2
3221,24,7,"rx, rz, ry",circular,576,4300,192,7,8,17,6431.428343183147,2
3222,15,9,"rx, rz",circular,300,1200,155,5,5,17,6433.077458682691,2
3223,25,6,rz,circular,175,1300,157,8,7,12,6435.752800805341,2
3224,18,8,rx,circular,162,2000,153,5,7,11,6436.578312210811,2
3225,23,5,"rz, rx",circular,276,3100,127,8,9,11,6439.08511551714,2
3226,12,4,ry,circular,60,5000,53,6,8,13,6439.429173368921,2
3227,25,6,"ry, rz, rx",circular,525,2200,171,5,8,17,6439.710357857438,2
3228,13,6,"ry, rx",circular,182,1900,92,5,6,16,6440.203269957482,2
3229,17,3,"ry, rz, rx",circular,204,3300,63,5,7,10,6442.042228287488,2
3230,16,7,"ry, rz",circular,256,2300,128,5,7,17,6443.452276420258,2
3231,11,7,"rx, ry",circular,176,3400,93,8,7,13,6443.561285040545,2
3232,12,7,rx,circular,96,1400,92,9,9,12,6445.177934059893,2
3233,24,4,"rz, rx",circular,240,2700,106,7,7,19,6447.704015965591,2
3234,10,5,ry,circular,60,4800,56,7,6,13,6448.050524800525,2
3235,22,5,"rx, rz, ry",circular,396,2300,128,8,5,18,6452.591786711094,2
3236,24,8,rx,circular,216,2800,201,8,7,13,6454.270547294222,2
3237,24,6,"rz, rx",circular,336,3600,158,8,6,14,6454.336772577833,2
3238,10,8,"rz, rx, ry",circular,270,4900,107,9,5,16,6460.674193296347,2
3239,21,8,ry,circular,189,3400,177,9,8,16,6463.813067503619,2
3240,24,5,rx,circular,144,3300,126,8,7,16,6465.169029167885,2
3241,12,7,rz,circular,96,2600,92,5,6,19,6469.057725841543,2
3242,19,6,"rz, ry",circular,266,3800,128,9,8,13,6470.750784227334,2
3243,11,6,"rx, ry",circular,154,1700,80,9,6,13,6472.580793459697,2
3244,17,6,"rx, ry, rz",circular,357,1000,123,6,7,10,6473.02454624889,2
3245,25,8,"ry, rz",circular,450,2200,218,8,9,18,6473.059556616606,2
3246,25,6,"rz, rx",circular,350,3000,164,6,5,14,6474.11558631824,2
3247,18,6,rx,circular,126,4100,115,6,7,16,6474.303418269787,2
3248,10,8,rz,circular,90,1100,89,5,9,15,6475.3150006817605,2
3249,11,6,"ry, rx, rz",circular,231,1700,87,6,9,11,6478.3941853974575,2
3250,14,6,"ry, rx, rz",circular,294,4500,105,8,9,11,6486.02468989029,2
3251,15,6,rz,circular,105,2700,97,8,8,18,6488.516502222226,2
3252,24,4,"rx, ry",circular,240,4400,106,8,6,17,6488.557611250005,2
3253,16,6,"rx, rz",circular,224,4900,110,6,6,11,6489.015722489757,2
3254,23,10,"rz, ry, rx",circular,759,3700,263,6,6,17,6489.399105812048,2
3255,16,6,rx,circular,112,1200,103,6,5,18,6489.625659544645,2
3256,21,6,"rz, rx",circular,294,2200,140,8,9,16,6492.188632911855,2
3257,14,5,"ry, rz, rx",circular,252,2400,88,9,8,17,6492.723604650773,2
3258,19,5,"ry, rx, rz",circular,342,1700,113,8,7,17,6498.161555133544,2
3259,16,7,"rx, ry",circular,256,3100,128,7,6,14,6501.181836182964,2
3260,14,7,"rx, ry, rz",circular,336,5000,122,8,7,13,6503.011051399743,2
3261,23,7,"rz, ry, rx",circular,552,4700,185,8,8,19,6504.309537703669,2
3262,16,6,"ry, rx",circular,224,1600,110,6,6,18,6509.529286476923,2
3263,24,8,"rz, rx",circular,432,1400,210,8,5,11,6512.550365418286,2
3264,13,5,rx,circular,78,1000,71,8,8,10,6513.739624129316,2
3265,19,4,"ry, rz",circular,190,2100,86,6,7,16,6514.058149799629,2
3266,21,5,"ry, rx, rz",circular,378,2000,123,5,6,16,6519.091170994955,2
3267,17,9,"rz, ry, rx",circular,510,4000,183,6,5,11,6519.395575948485,2
3268,21,4,rz,circular,105,3900,89,7,7,11,6524.87135722274,2
3269,19,8,"rz, ry",circular,342,5000,170,7,6,19,6525.972164846024,2
3270,21,6,"rz, rx, ry",circular,441,4500,147,7,5,12,6528.5324732856525,2
3271,11,8,"rx, ry, rz",circular,297,2400,115,9,5,14,6528.543653667345,2
3272,24,5,"rx, rz",circular,288,1500,132,8,9,16,6530.319181302472,2
3273,22,8,"rz, rx",circular,396,3200,194,5,7,14,6531.81850597234,2
3274,16,7,"rz, ry, rx",circular,384,3100,136,5,5,17,6531.973909536931,2
3275,25,7,"rz, ry",circular,400,2400,191,7,6,16,6533.283509806978,2
3276,12,6,ry,circular,84,2800,79,9,8,19,6534.346359340535,2
3277,24,8,ry,circular,216,2400,201,7,9,15,6534.902545271966,2
3278,25,5,"rx, ry, rz",circular,450,3700,143,5,5,11,6536.7901002660565,2
3279,11,3,"ry, rz, rx",circular,132,2600,45,8,7,12,6537.483668093585,2
3280,16,4,"ry, rz, rx",circular,240,3800,79,5,5,12,6539.731761581069,2
3281,10,6,"ry, rz, rx",circular,210,2200,81,6,6,12,6541.2635593652085,2
3282,20,6,rz,circular,140,1700,127,7,6,12,6542.1725696849935,2
3283,17,6,"rx, rz, ry",circular,357,4700,123,6,7,11,6542.999801363339,2
3284,17,7,"rx, ry, rz",circular,408,4000,143,9,8,10,6543.280131965639,2
3285,20,9,rx,circular,200,2300,190,5,6,14,6546.4707522926465,2
3286,12,4,"ry, rz, rx",circular,180,1600,63,6,6,13,6549.607075035234,2
3287,10,6,"rx, rz",circular,140,2800,74,8,8,15,6551.259761289071,2
3288,13,5,rz,circular,78,1200,71,7,8,17,6552.744089787695,2
3289,18,7,ry,circular,144,3900,134,7,6,18,6552.795792912283,2
3290,14,8,rz,circular,126,1800,121,9,9,18,6552.828554669109,2
3291,22,8,rz,circular,198,4500,185,8,5,10,6554.0182578925505,2
3292,13,10,"rz, rx, ry",circular,429,2200,163,9,9,11,6554.315945888753,2
3293,22,8,"rx, ry",circular,396,1000,194,7,6,19,6554.674768953988,2
3294,12,7,"rz, ry, rx",circular,288,4400,108,6,6,17,6555.747934704744,2
3295,23,5,"ry, rz",circular,276,3200,127,7,6,14,6556.382434486235,2
3296,13,8,"rx, rz, ry",circular,351,4400,131,8,9,14,6556.655995590855,2
3297,24,5,"ry, rz",circular,288,2100,132,8,9,10,6557.629050285734,2
3298,23,7,"ry, rz, rx",circular,552,4200,185,9,6,14,6560.32803367749,2
3299,16,6,"rz, rx, ry",circular,336,4000,117,9,8,15,6564.829201219124,2
3300,20,5,rz,circular,120,3100,106,5,8,10,6565.704982028743,2
3301,24,7,"ry, rz",circular,384,3300,184,5,5,15,6566.64040722607,2
3302,14,7,"ry, rx, rz",circular,336,3600,122,7,9,13,6571.2180286256935,2
3303,10,8,"rx, ry, rz",circular,270,1500,107,7,8,19,6572.31836590493,2
3304,11,6,"rx, rz",circular,154,1300,80,6,6,10,6573.761997983513,2
3305,10,5,"ry, rz",circular,120,2500,62,8,9,10,6576.83640672648,2
3306,22,6,"rx, ry",circular,308,4800,146,9,5,19,6582.060853979297,2
3307,13,6,ry,circular,91,2200,85,8,7,11,6582.204173301156,2
3308,25,9,"rz, rx, ry",circular,750,5000,255,7,6,12,6582.468138615671,2
3309,25,6,rx,circular,175,4600,157,8,8,14,6583.313393995149,2
3310,10,6,"rx, rz",circular,140,4400,74,9,9,18,6590.886143319332,2
3311,20,7,"rz, rx, ry",circular,480,2900,164,9,9,16,6591.231481740148,2
3312,12,4,rz,circular,60,1300,53,8,8,15,6591.471624292943,2
3313,14,6,"rz, rx",circular,196,3800,98,9,5,19,6594.89692235412,2
3314,16,6,"ry, rx, rz",circular,336,3300,117,6,5,13,6595.234326671791,2
3315,16,7,"rx, ry",circular,256,4800,128,5,6,12,6595.244653710057,2
3316,24,5,"rx, rz",circular,288,4200,132,9,8,15,6599.372100826618,2
3317,22,4,rx,circular,110,3200,93,5,8,16,6600.248110681835,2
3318,16,7,rx,circular,128,3500,120,9,6,14,6600.786996877732,2
3319,20,8,"rx, rz, ry",circular,540,1600,187,8,8,11,6606.653643254795,2
3320,15,5,rz,circular,90,3200,81,7,6,12,6607.916295698634,2
3321,24,4,ry,circular,120,1400,101,7,9,10,6611.3271695520225,2
3322,12,4,"ry, rz",circular,120,3300,58,9,7,10,6615.555257420258,2
3323,11,7,rx,circular,88,2800,85,7,5,11,6615.714815421616,2
3324,10,6,"ry, rx",circular,140,2500,74,9,6,12,6617.782336615762,2
3325,25,6,"ry, rz",circular,350,3700,164,6,7,10,6619.744279616748,2
3326,25,7,ry,circular,200,3200,183,5,8,11,6620.848752421354,2
3327,13,6,"ry, rx, rz",circular,273,1700,99,5,7,13,6620.863675618651,2
3328,15,5,rz,circular,90,3500,81,9,6,17,6621.444581052577,2
3329,10,7,rx,circular,80,2600,78,5,8,13,6621.883837985289,2
3330,18,4,"rz, ry, rx",circular,270,4200,87,5,6,11,6624.468322180722,2
3331,24,5,rx,circular,144,2700,126,6,6,18,6625.657740932436,2
3332,15,6,ry,circular,105,3600,97,9,6,13,6627.916356570485,2
3333,14,3,"rz, rx, ry",circular,168,3800,54,6,9,11,6630.4123394989665,2
3334,15,7,"ry, rz",circular,240,4200,121,9,5,19,6634.9742559441365,2
3335,14,8,"rx, ry",circular,252,2500,130,6,6,11,6636.258682199977,2
3336,11,4,"rx, rz",circular,110,4700,54,7,5,14,6639.29546702913,2
3337,22,6,"rx, rz",circular,308,1500,146,5,5,16,6641.082755740415,2
3338,13,8,"ry, rx, rz",circular,351,1700,131,7,6,12,6644.283048871402,2
3339,20,5,"ry, rz",circular,240,2500,112,8,7,14,6645.326264500794,2
3340,23,6,"rx, rz",circular,322,2900,152,9,6,15,6645.478771011187,2
3341,24,8,rx,circular,216,3100,201,9,9,12,6646.102532605737,2
3342,18,6,rx,circular,126,2500,115,6,9,12,6648.051523970185,2
3343,22,7,rz,circular,176,2000,162,7,6,11,6648.7250058530035,2
3344,24,5,"rz, ry, rx",circular,432,1200,138,8,5,14,6649.78380356135,2
3345,14,8,"ry, rx",circular,252,1600,130,8,7,10,6654.035822853315,2
3346,22,5,"ry, rz, rx",circular,396,3000,128,6,6,18,6654.2218576193245,2
3347,20,8,rx,circular,180,3700,169,5,7,10,6654.235329795761,2
3348,12,7,"rx, rz, ry",circular,288,2200,108,5,7,16,6658.023140264852,2
3349,18,7,"ry, rx",circular,288,4400,142,7,6,17,6659.060444662302,2
3350,11,5,"rx, rz",circular,132,2200,67,6,8,18,6662.602960381849,2
3351,11,7,"rz, ry, rx",circular,264,2100,101,9,7,17,6665.808598263598,2
3352,21,6,ry,circular,147,4500,133,9,9,11,6666.4266671126325,2
3353,18,7,ry,circular,144,1700,134,7,8,16,6666.944063953401,2
3354,15,8,"rx, rz, ry",circular,405,1700,147,8,7,11,6671.064831182736,2
3355,25,7,"rx, rz, ry",circular,600,2800,199,7,7,16,6671.320668504917,2
3356,14,4,"rz, ry",circular,140,2600,66,6,5,11,6671.748705087974,2
3357,15,5,rx,circular,90,3600,81,5,7,10,6672.380399481668,2
3358,18,5,rz,circular,108,5000,96,7,6,14,6674.330041080775,2
3359,21,8,ry,circular,189,2900,177,7,9,19,6675.357282716748,2
3360,11,5,"rz, ry, rx",circular,198,1300,73,8,8,15,6676.624272386489,2
3361,21,5,"rz, ry",circular,252,2300,117,6,6,18,6677.476099030531,2
3362,23,5,"rz, rx",circular,276,4700,127,5,5,15,6684.369773027903,2
3363,18,4,rx,circular,90,1100,77,6,6,17,6684.586925751086,2
3364,18,7,ry,circular,144,3500,134,8,7,10,6693.270489822666,2
3365,22,6,"rz, rx, ry",circular,462,4300,153,7,5,18,6694.704340136168,2
3366,23,8,"rx, ry",circular,414,4900,202,7,9,13,6696.858844057582,2
3367,14,7,"rx, rz, ry",circular,336,2900,122,6,7,12,6696.860623390395,2
3368,10,5,rz,circular,60,4900,56,7,9,17,6697.084410330318,2
3369,25,7,"rz, ry",circular,400,4600,191,5,7,16,6698.521855858043,2
3370,16,9,"ry, rz",circular,320,3500,164,7,8,14,6699.5142575491645,2
3371,25,8,"rz, rx",circular,450,3900,218,9,6,14,6700.51213182682,2
3372,11,5,"rz, ry, rx",circular,198,4800,73,5,5,13,6703.25226842998,2
3373,19,7,"ry, rx",circular,304,1500,149,5,9,16,6704.066930350275,2
3374,11,6,"ry, rx",circular,154,3900,80,5,8,18,6706.076892951473,2
3375,22,6,rx,circular,154,2400,139,8,6,10,6706.684590184437,2
3376,22,7,"rz, rx",circular,352,3600,170,6,5,15,6707.0599069033815,2
3377,14,7,rz,circular,112,4700,106,8,9,14,6708.645497382749,2
3378,11,5,"rz, ry",circular,132,3300,67,5,5,19,6708.978340336515,2
3379,15,7,rz,circular,120,1700,113,9,9,12,6710.9844591487235,2
3380,15,6,rz,circular,105,1600,97,5,8,14,6712.407728817873,2
3381,23,8,"rz, ry",circular,414,2700,202,5,9,14,6714.695332363546,2
3382,16,8,"ry, rx, rz",circular,432,1000,155,5,6,16,6718.849606245185,2
3383,25,8,"rx, ry",circular,450,3400,218,6,9,12,6723.334291332875,2
3384,22,4,ry,circular,110,2400,93,6,9,19,6723.338320050165,2
3385,21,9,"rz, rx",circular,420,4900,209,9,9,11,6724.703624528998,2
3386,21,7,ry,circular,168,3300,155,6,8,19,6724.941120886655,2
3387,20,5,"rx, rz, ry",circular,360,1000,118,5,9,18,6726.441736247461,2
3388,22,8,ry,circular,198,1700,185,7,7,12,6726.677855442648,2
3389,25,5,"rx, ry",circular,300,4400,137,8,9,10,6734.216304050175,2
3390,23,6,rx,circular,161,3900,145,7,5,11,6734.619230431281,2
3391,20,6,"ry, rx",circular,280,2000,134,5,7,13,6734.730039448957,2
3392,10,4,rz,circular,50,3400,45,5,7,13,6735.147069382717,2
3393,23,6,"rx, rz",circular,322,4500,152,7,7,11,6740.039208559579,2
3394,22,7,"ry, rz, rx",circular,528,1900,178,6,5,14,6741.233467797593,2
3395,23,7,"rx, rz, ry",circular,552,4400,185,8,9,11,6741.396003031652,2
3396,13,8,"rz, rx, ry",circular,351,3300,131,9,9,17,6742.091433696575,2
3397,16,7,rx,circular,128,2700,120,7,9,19,6743.562145142497,2
3398,14,6,rz,circular,98,2000,91,6,6,11,6744.113367517184,2
3399,18,4,"ry, rz, rx",circular,270,2900,87,7,8,15,6745.043192668541,2
3400,21,6,"rz, ry",circular,294,3800,140,8,8,18,6748.768949791668,2
3401,13,9,rx,circular,130,1900,127,6,5,10,6749.207155169379,2
3402,25,5,"rz, ry",circular,300,1100,137,6,7,19,6756.70305414026,2
3403,24,6,"ry, rz, rx",circular,504,2800,165,7,7,14,6758.7945923826455,2
3404,24,7,"ry, rz",circular,384,2600,184,8,8,13,6768.782721293666,2
3405,15,6,"rx, rz",circular,210,5000,104,9,9,15,6769.214097321545,2
3406,10,6,"rz, ry, rx",circular,210,1300,81,6,9,15,6775.089320444638,2
3407,18,9,"ry, rx",circular,360,4300,182,6,6,12,6777.389344442882,2
3408,10,6,"rz, ry",circular,140,2400,74,8,6,17,6777.635845355837,2
3409,19,6,"ry, rz, rx",circular,399,1900,135,6,7,16,6779.9873540644785,2
3410,20,4,rx,circular,100,1500,85,5,7,18,6780.721448875739,2
3411,14,8,"rx, rz",circular,252,4500,130,6,6,18,6782.8951988492245,2
3412,11,7,"rx, rz",circular,176,3600,93,6,8,18,6782.928915500323,2
3413,19,7,"ry, rx",circular,304,5000,149,9,5,16,6783.574271356517,2
3414,12,5,"rx, rz, ry",circular,216,1700,78,9,9,15,6783.738634572838,2
3415,20,5,"ry, rx, rz",circular,360,2000,118,5,7,19,6784.393705902929,2
3416,24,6,rx,circular,168,2300,151,6,5,11,6785.539730331963,2
3417,20,7,"rx, ry",circular,320,4600,156,7,5,19,6786.264162756266,2
3418,10,6,"rz, ry",circular,140,1900,74,5,7,18,6787.479551344689,2
3419,17,8,rx,circular,153,4400,145,6,7,13,6787.785886600999,2
3420,24,10,"ry, rz, rx",circular,792,2500,273,8,6,13,6789.684978151384,2
3421,23,5,ry,circular,138,4800,121,7,6,14,6790.565843540786,2
3422,23,8,"ry, rz, rx",circular,621,5000,211,6,6,16,6795.331235086023,2
3423,18,7,rx,circular,144,4600,134,5,7,18,6796.975383308139,2
3424,12,8,"ry, rz",circular,216,2100,114,8,9,14,6798.042945976478,2
3425,16,7,"ry, rx",circular,256,3000,128,7,7,16,6803.427839478337,2
3426,14,6,"rz, rx, ry",circular,294,2000,105,5,5,10,6804.05827969737,2
3427,24,8,"rz, rx, ry",circular,648,2200,219,5,5,11,6814.155472369918,2
3428,17,10,rz,circular,187,4100,181,6,5,11,6814.753026364903,2
3429,18,6,"ry, rz",circular,252,3700,122,6,7,10,6815.225213526158,2
3430,22,8,"rx, ry, rz",circular,594,4800,203,9,9,14,6816.282963676542,2
3431,23,7,"rx, ry",circular,368,1200,177,5,6,10,6816.603796723833,2
3432,24,5,"rz, rx",circular,288,3600,132,7,9,15,6818.165232250555,2
3433,13,8,"rz, rx, ry",circular,351,2400,131,6,5,14,6818.264669684306,2
3434,12,7,ry,circular,96,3800,92,8,6,17,6819.968935165974,2
3435,15,6,"rz, ry, rx",circular,315,4000,111,8,7,10,6823.306265893283,2
3436,15,6,"rz, rx",circular,210,2400,104,6,8,16,6827.52190765489,2
3437,10,7,"ry, rx",circular,160,4600,86,5,7,12,6828.840569530781,2
3438,20,7,ry,circular,160,4900,148,6,8,11,6831.276663632141,2
3439,14,8,"rz, ry, rx",circular,378,2700,139,9,6,12,6831.989186614943,2
3440,18,6,"rx, rz",circular,252,1400,122,9,5,16,6832.592560385129,2
3441,19,6,"rz, rx, ry",circular,399,3400,135,8,8,19,6832.99885988269,2
3442,15,7,ry,circular,120,1400,113,8,9,17,6835.273036045259,2
3443,16,8,"ry, rz",circular,288,1700,146,8,5,19,6837.7474782525505,2
3444,13,4,"ry, rz, rx",circular,195,1900,67,6,7,15,6838.277419034753,2
3445,19,6,"ry, rx",circular,266,3200,128,8,6,17,6838.490458203382,2
3446,12,8,"rx, rz, ry",circular,324,3000,123,9,6,16,6839.997577324131,2
3447,21,6,"ry, rx",circular,294,3000,140,6,7,19,6840.486494717663,2
3448,13,8,ry,circular,117,4900,113,9,7,11,6842.744632318643,2
3449,16,6,"ry, rz, rx",circular,336,1800,117,9,9,10,6850.406795858449,2
3450,16,6,"rz, rx, ry",circular,336,4500,117,7,9,18,6851.843130566803,2
3451,25,8,"ry, rz",circular,450,3300,218,9,5,12,6855.10056314739,2
3452,25,4,"rx, rz, ry",circular,375,2300,115,8,6,15,6855.6225701970125,2
3453,18,7,"rz, rx",circular,288,3200,142,6,9,15,6860.166474192317,2
3454,25,6,rx,circular,175,3400,157,5,8,14,6862.351692897513,2
3455,21,6,"ry, rx, rz",circular,441,3800,147,6,7,10,6863.6022708252385,2
3456,22,8,ry,circular,198,1700,185,7,6,12,6864.464760233534,2
3457,15,8,ry,circular,135,1900,129,6,9,15,6864.533811704546,2
3458,23,4,"rx, rz",circular,230,2600,102,7,7,11,6869.03750547651,2
3459,21,7,"rx, ry",circular,336,3100,163,5,8,13,6871.344324325506,2
3460,15,6,rz,circular,105,2100,97,7,5,16,6872.533196189576,2
3461,20,6,rx,circular,140,3800,127,6,9,10,6875.351866858161,2
3462,24,9,ry,circular,240,4300,226,7,8,12,6876.957948517133,2
3463,21,6,"rz, ry, rx",circular,441,4400,147,8,7,17,6880.1123157663105,2
3464,20,6,ry,circular,140,2400,127,9,5,13,6882.278381856892,2
3465,24,8,ry,circular,216,2200,201,6,6,13,6883.11047331137,2
3466,13,5,"rx, ry",circular,156,1000,77,8,8,15,6883.659041136258,2
3467,10,8,"ry, rz",circular,180,2500,98,6,7,15,6885.7072938545625,2
3468,14,5,ry,circular,84,2700,76,7,7,13,6886.51501029673,2
3469,13,4,"ry, rz",circular,130,1800,62,7,7,15,6887.179133829102,2
3470,23,5,"rx, ry",circular,276,2900,127,8,9,17,6888.073301340641,2
3471,14,7,rz,circular,112,1700,106,6,9,15,6892.33051029069,2
3472,11,7,rx,circular,88,2700,85,8,7,14,6896.316292137073,2
3473,19,6,"rz, rx, ry",circular,399,3300,135,7,7,15,6897.7662979424595,2
3474,14,3,"ry, rz, rx",circular,168,1600,54,5,5,13,6898.123967986921,2
3475,23,6,"ry, rx, rz",circular,483,2500,159,9,7,12,6900.469494090978,2
3476,23,8,rx,circular,207,2300,193,5,9,12,6902.61007237342,2
3477,17,6,"rx, ry, rz",circular,357,3800,123,8,8,16,6903.196273216129,2
3478,19,5,"rx, ry",circular,228,3300,107,8,5,13,6903.5545668578825,2
3479,20,7,rx,circular,160,1500,148,7,9,16,6904.735118270582,2
3480,16,6,"rz, ry",circular,224,2700,110,7,7,13,6906.99348197254,2
3481,22,7,"rz, rx",circular,352,4800,170,7,7,18,6910.486701318834,2
3482,16,5,"rz, rx, ry",circular,288,3800,98,9,8,13,6911.307450652368,2
3483,18,5,"rx, ry, rz",circular,324,4700,108,9,8,15,6914.087718217356,2
3484,15,6,"rx, ry, rz",circular,315,4600,111,9,7,18,6914.928619344544,2
3485,12,8,rx,circular,108,2900,105,7,8,14,6916.24620976401,2
3486,16,8,"ry, rz",circular,288,2700,146,5,8,15,6916.5194810429875,2
3487,24,9,"ry, rx, rz",circular,720,3000,246,6,6,18,6917.4859454938805,2
3488,22,8,ry,circular,198,1900,185,6,8,11,6920.554233226422,2
3489,17,5,rz,circular,102,3500,91,8,9,17,6924.874805364127,2
3490,24,7,"ry, rz",circular,384,1700,184,6,5,19,6925.322817237209,2
3491,14,6,rx,circular,98,4500,91,9,9,16,6927.87018266108,2
3492,11,7,"rx, ry",circular,176,5000,93,8,9,18,6928.423717151451,2
3493,23,5,"ry, rx",circular,276,2600,127,5,5,13,6932.238010987094,2
3494,14,7,rz,circular,112,2300,106,6,5,16,6932.334381713813,2
3495,23,7,"rx, ry",circular,368,3000,177,9,8,10,6934.800059470477,2
3496,13,5,"rz, ry",circular,156,2500,77,7,8,12,6936.920691504093,2
3497,18,7,"rz, rx",circular,288,3700,142,9,7,14,6940.304640720307,2
3498,20,4,"rz, rx, ry",circular,300,2700,95,8,5,10,6946.829527277924,2
3499,21,6,ry,circular,147,1400,133,9,8,18,6946.881108738334,2
3500,12,5,"rx, ry, rz",circular,216,3700,78,8,7,15,6947.46320041755,2
3501,11,6,"rz, ry",circular,154,3500,80,6,8,19,6948.147913549532,2
3502,11,6,"rx, rz, ry",circular,231,1600,87,8,9,16,6949.478790776463,2
3503,23,6,"rx, rz",circular,322,4900,152,6,9,13,6950.044741240339,2
3504,17,5,"rz, ry, rx",circular,306,2100,103,7,8,10,6950.304632593421,2
3505,20,8,"ry, rx",circular,360,5000,178,7,7,11,6952.029277928842,2
3506,14,8,"rx, rz",circular,252,4600,130,5,9,11,6955.176881781175,2
3507,13,6,rz,circular,91,2700,85,8,6,13,6955.691850838274,2
3508,15,7,rz,circular,120,2700,113,5,8,19,6957.844622364133,2
3509,13,8,rz,circular,117,3600,113,7,7,10,6958.243936578927,2
3510,12,6,ry,circular,84,2100,79,8,5,17,6962.8455087466145,2
3511,11,7,ry,circular,88,3300,85,6,9,13,6964.863036610608,2
3512,19,5,"ry, rx, rz",circular,342,1200,113,5,9,15,6967.244415780165,2
3513,15,6,ry,circular,105,4800,97,7,9,11,6967.356204630222,2
3514,23,7,"rz, rx",circular,368,2600,177,9,5,10,6969.322500551349,2
3515,10,8,"ry, rx",circular,180,1200,98,9,6,13,6970.1933292897065,2
3516,13,9,rz,circular,130,2700,127,7,9,16,6973.5685290781685,2
3517,24,10,"rz, ry, rx",circular,792,2900,273,7,7,14,6980.537116139417,2
3518,19,8,rx,circular,171,4300,161,9,9,19,6981.0651495063385,2
3519,23,7,rz,circular,184,2900,169,8,6,14,6981.486379070541,2
3520,10,7,"rx, ry",circular,160,1700,86,6,5,10,6981.63034845986,2
3521,12,4,"rz, ry, rx",circular,180,1400,63,7,6,19,6981.65239134243,2
3522,25,7,ry,circular,200,1500,183,8,5,17,6985.83763951864,2
3523,16,6,"rz, rx, ry",circular,336,2300,117,9,7,17,6985.964403177537,2
3524,22,8,"rz, rx, ry",circular,594,1800,203,9,6,16,6986.235981822366,2
3525,25,6,rz,circular,175,1100,157,8,8,15,6986.8363077293725,2
3526,17,7,"rz, ry",circular,272,4500,135,9,7,15,6990.772166104276,2
3527,16,7,"rx, rz, ry",circular,384,4500,136,6,9,17,6993.369183571571,2
3528,21,7,"ry, rx",circular,336,1400,163,9,8,13,6993.479084476089,2
3529,16,8,rx,circular,144,3800,137,9,7,12,6993.520468533232,2
3530,15,7,ry,circular,120,1000,113,5,8,16,6993.933045169745,2
3531,15,9,"rx, ry",circular,300,1700,155,7,5,15,6994.959660380581,2
3532,22,6,"ry, rx, rz",circular,462,4500,153,8,8,12,6995.39911124466,2
3533,22,7,ry,circular,176,4900,162,5,7,15,6996.395175552838,2
3534,12,6,"ry, rz",circular,168,1600,86,7,6,11,6999.86943467225,2
3535,25,6,rx,circular,175,3900,157,7,9,12,7001.792974185239,2
3536,16,5,"ry, rz",circular,192,1800,92,5,8,19,7003.9990766386645,2
3537,16,4,ry,circular,80,3600,69,6,6,10,7004.472782557164,2
3538,14,6,"rx, ry, rz",circular,294,4100,105,6,7,11,7007.188146872604,2
3539,23,6,"rz, rx, ry",circular,483,2700,159,8,9,11,7010.706193140486,2
3540,19,5,"rx, ry, rz",circular,342,1600,113,9,8,14,7011.856101545382,2
3541,13,4,rz,circular,65,1300,57,8,9,10,7015.074072707406,2
3542,24,6,"ry, rx, rz",circular,504,2500,165,5,9,11,7015.706519512266,2
3543,24,7,"ry, rx, rz",circular,576,3000,192,5,6,14,7021.673043917459,2
3544,16,8,"rx, rz",circular,288,1000,146,7,9,17,7021.8636388158575,2
3545,23,7,"rz, ry",circular,368,1500,177,9,9,17,7023.237733386615,2
3546,10,8,ry,circular,90,4500,89,6,5,18,7026.198259222329,2
3547,14,7,rx,circular,112,3600,106,9,9,14,7027.022528539935,2
3548,21,9,"ry, rx, rz",circular,630,2700,219,8,9,14,7028.014470391605,2
3549,20,5,rz,circular,120,1100,106,9,7,13,7028.443357780426,2
3550,23,6,"ry, rx, rz",circular,483,2600,159,7,9,17,7028.766183076243,2
3551,14,7,"rz, rx",circular,224,2300,114,9,7,19,7029.15730950865,2
3552,14,4,"rx, rz",circular,140,1500,66,7,5,11,7030.558888094163,2
3553,25,7,ry,circular,200,3400,183,6,8,14,7032.971547899776,2
3554,25,7,"rz, rx",circular,400,2400,191,6,6,14,7035.173300391144,2
3555,14,5,ry,circular,84,3800,76,7,7,16,7035.827696687925,2
3556,24,6,ry,circular,168,4300,151,5,9,11,7036.797774669263,2
3557,17,8,"rz, ry",circular,306,3600,154,5,5,15,7037.651518156326,2
3558,10,6,"rz, ry",circular,140,1500,74,8,8,12,7038.609056830794,2
3559,24,10,"ry, rx, rz",circular,792,2600,273,6,5,10,7040.7576130529815,2
3560,12,5,ry,circular,72,2200,66,8,5,14,7041.655398783704,2
3561,22,10,ry,circular,242,2700,231,9,8,17,7041.950848995403,2
3562,17,9,rx,circular,170,3500,163,9,5,13,7044.51393629023,2
3563,18,6,ry,circular,126,3800,115,8,6,13,7048.5636927704545,2
3564,25,9,ry,circular,250,3300,235,7,8,18,7064.844319405416,2
3565,13,3,ry,circular,52,2400,43,9,9,19,7066.886229130371,2
3566,18,8,rz,circular,162,4000,153,6,5,15,7067.639039576286,2
3567,16,8,"ry, rz",circular,288,2100,146,6,5,15,7068.961179981671,2
3568,18,5,rz,circular,108,3000,96,7,6,13,7069.377176385249,2
3569,25,7,"rx, rz, ry",circular,600,1700,199,9,5,12,7074.088547664622,2
3570,10,6,rz,circular,70,2700,67,6,8,11,7074.381740187477,2
3571,23,6,"ry, rx",circular,322,3500,152,8,9,13,7075.3286211100885,2
3572,25,6,ry,circular,175,4100,157,9,9,14,7078.4974540391295,2
3573,13,7,"rz, ry, rx",circular,312,1400,115,8,9,17,7081.2349679397375,2
3574,21,7,"ry, rz, rx",circular,504,4400,171,5,8,19,7084.78264267009,2
3575,12,5,"ry, rx, rz",circular,216,3500,78,9,5,15,7085.402426323673,2
3576,17,5,"rz, rx",circular,204,1800,97,7,6,17,7085.848674315987,2
3577,23,8,rx,circular,207,1500,193,5,9,10,7086.563006317717,2
3578,22,5,ry,circular,132,1500,116,6,6,16,7088.6511492427435,2
3579,25,6,"ry, rz",circular,350,3300,164,6,6,17,7088.913638807031,2
3580,22,5,rz,circular,132,1900,116,6,9,14,7089.064117248636,2
3581,18,10,rz,circular,198,3800,191,9,5,19,7092.6327552816965,2
3582,14,7,ry,circular,112,4800,106,6,6,12,7092.7430618051085,2
3583,17,6,"ry, rz",circular,238,4400,116,8,7,13,7096.035158618122,2
3584,14,9,"ry, rz, rx",circular,420,1200,156,7,9,12,7096.57140759921,2
3585,24,8,rx,circular,216,2500,201,7,5,19,7103.544155330215,2
3586,23,7,"rz, ry, rx",circular,552,1200,185,8,5,14,7106.399224079515,2
3587,14,6,"rx, ry, rz",circular,294,3900,105,7,9,16,7107.128053505924,2
3588,24,5,"rz, rx, ry",circular,432,4500,138,9,7,10,7107.220760959094,2
3589,23,8,"rz, ry",circular,414,2700,202,6,9,13,7108.773582099305,2
3590,25,8,"rz, ry, rx",circular,675,2900,227,5,9,13,7109.26258773632,2
3591,25,9,"ry, rz",circular,500,3600,245,9,6,10,7109.455207821524,2
3592,14,5,"rz, rx",circular,168,3200,82,5,5,14,7109.610579335176,2
3593,15,5,"rx, rz, ry",circular,270,2300,93,6,5,13,7110.420417901682,2
3594,11,6,"ry, rx, rz",circular,231,2000,87,8,7,10,7111.496727923961,2
3595,21,8,"rz, rx",circular,378,2900,186,9,5,16,7111.807307316996,2
3596,17,5,ry,circular,102,2300,91,7,6,18,7114.162964924811,2
3597,19,10,rx,circular,209,1900,201,6,9,14,7115.927725287427,2
3598,15,6,"ry, rx",circular,210,1300,104,9,9,10,7116.516761809177,2
3599,11,8,"rz, ry",circular,198,1000,106,8,9,18,7118.582270916215,2
3600,17,6,rx,circular,119,3800,109,7,9,12,7123.167239003647,2
3601,14,7,rx,circular,112,3200,106,7,9,10,7127.165603160701,2
3602,15,6,"rx, ry, rz",circular,315,1500,111,6,5,16,7130.090243407877,2
3603,19,6,rz,circular,133,3000,121,7,9,18,7133.857867140371,2
3604,16,6,"rz, ry, rx",circular,336,1700,117,6,6,16,7133.985831908543,2
3605,21,6,"rx, rz, ry",circular,441,2600,147,8,5,12,7135.559469534522,2
3606,18,8,rx,circular,162,2700,153,8,8,11,7140.647789386811,2
3607,10,8,"rz, ry",circular,180,4300,98,9,6,10,7144.149663569065,2
3608,17,7,"rx, rz, ry",circular,408,3600,143,7,5,16,7144.908519404043,2
3609,25,5,"rx, rz, ry",circular,450,5000,143,7,5,19,7145.520437276184,2
3610,11,7,"rx, rz, ry",circular,264,2800,101,5,5,14,7145.934706774245,2
3611,10,6,"rx, rz, ry",circular,210,1000,81,7,8,19,7149.146914150974,2
3612,21,8,rz,circular,189,1200,177,8,6,18,7151.937268208389,2
3613,21,5,"ry, rx, rz",circular,378,1700,123,9,7,13,7153.907856727993,2
3614,21,8,"ry, rz",circular,378,3500,186,8,5,17,7158.678311692791,2
3615,18,5,"ry, rz",circular,216,2100,102,7,6,12,7159.284561611311,2
3616,25,6,"ry, rz",circular,350,4900,164,8,9,19,7161.22166210565,2
3617,10,7,rz,circular,80,4600,78,9,8,16,7163.2946908613885,2
3618,21,5,"rx, ry",circular,252,4800,117,6,9,18,7165.42248793414,2
3619,23,6,"rx, rz",circular,322,3200,152,7,5,12,7165.725579934647,2
3620,11,6,"ry, rz",circular,154,4900,80,9,6,17,7168.167260380353,2
3621,22,9,rx,circular,220,1800,208,5,5,13,7169.303417939249,2
3622,16,6,"rz, ry, rx",circular,336,3400,117,7,9,18,7169.712664807608,2
3623,24,7,"ry, rx",circular,384,4300,184,6,8,14,7170.245531449816,2
3624,14,8,rz,circular,126,3500,121,5,6,16,7170.489973646862,2
3625,15,8,rz,circular,135,3100,129,5,8,19,7172.305838436595,2
3626,22,7,"rx, ry",circular,352,1800,170,7,5,18,7175.100059841675,2
3627,12,3,"ry, rx",circular,96,4000,44,8,8,14,7176.521785722551,2
3628,10,7,"rx, rz",circular,160,2300,86,5,6,16,7177.300072617105,2
3629,13,6,rz,circular,91,3200,85,8,6,12,7179.4568498604,2
3630,11,7,rz,circular,88,2500,85,8,8,12,7180.425741764858,2
3631,23,7,"rx, rz, ry",circular,552,4500,185,9,8,10,7181.2133454986615,2
3632,11,6,"rz, ry",circular,154,4500,80,6,8,17,7182.45667745326,2
3633,23,4,"ry, rx",circular,230,3900,102,8,5,19,7184.693924678545,2
3634,11,7,rx,circular,88,1100,85,6,9,12,7187.197992735143,2
3635,10,5,"ry, rz",circular,120,2100,62,8,6,17,7188.208410682508,2
3636,10,9,rx,circular,100,4600,100,6,7,13,7189.885539569538,2
3637,23,7,"rx, rz",circular,368,1600,177,7,6,14,7190.007657435534,2
3638,25,5,"rx, ry",circular,300,2900,137,9,5,10,7191.739699757231,2
3639,22,8,"rx, ry",circular,396,3900,194,7,8,19,7194.156768600699,2
3640,15,5,"rx, ry",circular,180,4700,87,8,7,14,7196.97169071839,2
3641,14,7,"rx, rz, ry",circular,336,2300,122,8,7,13,7198.86505844043,2
3642,19,7,rx,circular,152,2700,141,9,7,12,7199.5979449140705,2
3643,23,6,"rz, rx, ry",circular,483,4600,159,6,7,16,7200.804172181084,2
3644,24,7,"rz, ry",circular,384,2500,184,5,6,12,7202.986112686895,2
3645,19,7,ry,circular,152,1900,141,6,7,11,7203.28534699293,2
3646,25,5,"rx, rz",circular,300,4600,137,7,7,15,7203.884510971262,2
3647,10,5,rz,circular,60,4800,56,9,9,11,7205.622836951137,2
3648,19,10,"rz, ry, rx",circular,627,2000,223,9,7,18,7205.768096858024,2
3649,15,6,ry,circular,105,1200,97,8,9,14,7207.100680017551,2
3650,16,6,"rz, rx",circular,224,4900,110,6,5,11,7207.193043612904,2
3651,18,7,"rx, rz",circular,288,4200,142,9,5,14,7209.388529773036,2
3652,14,7,ry,circular,112,4900,106,9,7,18,7210.367151405103,2
3653,24,8,rx,circular,216,1100,201,8,6,12,7210.82731833815,2
3654,13,7,"ry, rx",circular,208,2700,107,9,8,13,7212.665293270957,2
3655,22,8,ry,circular,198,2600,185,9,5,10,7218.8896359853525,2
3656,16,8,"rz, ry, rx",circular,432,4300,155,7,8,12,7219.470047273671,2
3657,19,6,"rx, rz",circular,266,2300,128,9,6,18,7220.013677047162,2
3658,16,6,ry,circular,112,3600,103,8,9,16,7222.740711322982,2
3659,18,7,rz,circular,144,3500,134,8,8,19,7224.831963387199,2
3660,20,6,rz,circular,140,3800,127,9,6,11,7226.50568816994,2
3661,10,4,ry,circular,50,2500,45,9,6,14,7234.369689299482,2
3662,13,8,rz,circular,117,4500,113,5,7,14,7239.3651522545215,2
3663,12,7,"ry, rz, rx",circular,288,5000,108,8,9,17,7240.745175738918,2
3664,22,5,"ry, rx, rz",circular,396,1700,128,7,5,12,7241.9877476117335,2
3665,15,8,"rx, ry",circular,270,1700,138,5,7,10,7242.926565771601,2
3666,25,6,rx,circular,175,4900,157,5,5,17,7243.090257945304,2
3667,11,6,"rx, rz",circular,154,1300,80,9,8,19,7245.753941420031,2
3668,11,7,"rz, ry",circular,176,2200,93,5,7,13,7247.060653597661,2
3669,10,5,"rz, rx, ry",circular,180,2400,68,5,6,12,7250.109964598279,2
3670,12,7,rz,circular,96,4800,92,6,7,19,7250.4362785457615,2
3671,15,7,"rz, rx, ry",circular,360,1400,129,8,9,19,7252.847698503064,2
3672,12,7,"ry, rz, rx",circular,288,1600,108,9,7,15,7253.54869378963,2
3673,15,4,"ry, rx",circular,150,3000,70,9,9,16,7253.916798497661,2
3674,16,7,"ry, rz",circular,256,4400,128,5,8,14,7253.987334111556,2
3675,18,7,"rz, rx",circular,288,1800,142,7,6,12,7254.166207594711,2
3676,10,7,"rx, ry",circular,160,2400,86,7,5,15,7257.049156897885,2
3677,18,6,rx,circular,126,4400,115,5,8,10,7260.679190462266,2
3678,15,6,"rx, rz",circular,210,4200,104,8,9,18,7261.9881439270175,2
3679,12,8,rz,circular,108,3500,105,6,6,17,7262.56166838155,2
3680,14,7,"rx, rz",circular,224,1900,114,5,7,14,7263.591022483407,2
3681,18,8,"rx, ry, rz",circular,486,2400,171,8,7,17,7267.672930828343,2
3682,20,9,"rx, rz, ry",circular,600,2600,210,5,6,12,7269.421584731025,2
3683,15,6,"rz, rx, ry",circular,315,2100,111,8,8,19,7274.259084340862,2
3684,19,6,"ry, rz",circular,266,2300,128,9,6,15,7275.238148580748,2
3685,15,9,rz,circular,150,2500,145,6,5,19,7276.6598100896335,2
3686,13,7,"ry, rz, rx",circular,312,3600,115,8,7,11,7279.859537730833,2
3687,21,9,"rz, ry",circular,420,4100,209,5,7,12,7280.74247845462,2
3688,14,7,"ry, rz, rx",circular,336,1800,122,7,8,18,7291.055853741565,2
3689,25,7,"rz, ry",circular,400,3200,191,9,5,13,7291.288315312212,2
3690,25,7,ry,circular,200,4300,183,5,7,10,7293.43120460396,2
3691,16,5,"ry, rx, rz",circular,288,3800,98,6,5,14,7294.748504817519,2
3692,16,8,rz,circular,144,3800,137,7,5,14,7294.811280709062,2
3693,19,7,"ry, rx, rz",circular,456,4200,157,9,9,18,7297.1833121055215,2
3694,14,6,"ry, rx",circular,196,3500,98,6,8,14,7297.218034072466,2
3695,20,7,"ry, rz",circular,320,3000,156,6,8,10,7297.848392170707,2
3696,18,8,ry,circular,162,2400,153,5,9,19,7297.8851589856295,2
3697,19,9,"rx, ry, rz",circular,570,2500,201,9,9,19,7297.966246695338,2
3698,10,8,rx,circular,90,1900,89,5,8,18,7301.129248906294,2
3699,14,7,"ry, rz",circular,224,1600,114,5,7,14,7305.223470807142,2
3700,21,4,rx,circular,105,5000,89,7,6,14,7306.457850768461,2
3701,16,7,rx,circular,128,1700,120,5,6,19,7307.162475139047,2
3702,14,7,rx,circular,112,2600,106,6,9,19,7310.605167703919,2
3703,20,4,"ry, rx, rz",circular,300,1400,95,5,8,15,7313.088697716013,2
3704,10,6,"rx, rz",circular,140,1700,74,9,6,18,7314.403223325582,2
3705,12,6,"rz, rx, ry",circular,252,1300,93,7,7,18,7315.616675241986,2
3706,21,7,rx,circular,168,1000,155,5,6,12,7317.196072167446,2
3707,21,6,ry,circular,147,3000,133,7,8,13,7318.821017174201,2
3708,13,5,rz,circular,78,1400,71,6,7,11,7319.614840906674,2
3709,14,7,"rx, ry, rz",circular,336,3100,122,6,9,12,7320.67813469076,2
3710,23,8,"ry, rx",circular,414,3900,202,6,5,19,7322.570267598045,2
3711,16,6,"ry, rz",circular,224,4100,110,5,7,14,7322.70110566414,2
3712,15,8,"ry, rx",circular,270,3300,138,5,9,19,7325.541085385227,2
3713,10,7,"rx, rz",circular,160,4300,86,8,7,16,7326.350150447923,2
3714,14,6,rz,circular,98,3100,91,7,5,10,7326.717282872533,2
3715,13,6,"rx, rz, ry",circular,273,4000,99,9,9,12,7329.68808129921,2
3716,18,10,"rz, ry, rx",circular,594,3300,213,7,8,11,7343.314842401159,2
3717,11,5,"rz, ry",circular,132,2700,67,7,8,15,7343.75582419988,2
3718,20,8,rz,circular,180,2000,169,9,8,19,7344.279204541134,2
3719,14,8,"rz, ry, rx",circular,378,2300,139,8,9,19,7345.322893311585,2
3720,23,6,rx,circular,161,2800,145,5,9,12,7346.699045848091,2
3721,15,7,"ry, rz, rx",circular,360,1300,129,5,9,11,7347.626623645721,2
3722,12,6,"ry, rx",circular,168,3000,86,8,6,13,7348.6202176718425,2
3723,13,8,"rx, rz, ry",circular,351,2400,131,5,7,14,7348.778892481142,2
3724,23,6,"rx, ry",circular,322,4700,152,6,5,12,7348.986319186879,2
3725,13,9,rx,circular,130,4300,127,8,9,16,7349.690567525223,2
3726,13,8,"rx, ry",circular,234,2100,122,9,5,14,7350.2079735804355,2
3727,12,7,"ry, rx, rz",circular,288,4300,108,6,9,16,7351.091271890899,2
3728,10,7,"rz, ry",circular,160,4000,86,8,8,13,7355.148950319509,2
3729,25,5,"rx, ry",circular,300,1000,137,5,6,11,7355.873208107144,2
3730,12,8,"rz, rx",circular,216,2500,114,5,8,11,7357.219465838019,2
3731,14,7,rz,circular,112,1600,106,7,8,13,7362.977870629789,2
3732,21,6,"ry, rx, rz",circular,441,4400,147,7,9,19,7368.870490024923,2
3733,20,8,"ry, rx, rz",circular,540,1400,187,7,5,10,7372.883291102878,2
3734,18,8,"rz, rx",circular,324,2500,162,7,8,10,7374.846316180533,2
3735,18,6,"rx, rz",circular,252,3100,122,8,9,15,7375.148555211985,2
3736,13,4,ry,circular,65,1300,57,8,6,11,7377.6198177551105,2
3737,11,8,"rz, rx, ry",circular,297,2900,115,7,9,17,7382.739029176555,2
3738,10,5,"ry, rx",circular,120,2800,62,8,7,13,7383.776769223389,2
3739,11,6,ry,circular,77,3500,73,5,5,13,7384.693837101644,2
3740,13,6,"rx, rz",circular,182,4500,92,5,6,10,7385.586730170492,2
3741,25,5,ry,circular,150,1800,131,6,9,18,7388.911090849276,2
3742,23,6,rx,circular,161,4800,145,5,6,13,7391.566998657802,2
3743,12,7,rx,circular,96,2200,92,9,6,16,7392.944153471999,2
3744,23,6,"ry, rx, rz",circular,483,1900,159,9,8,19,7393.885537661343,2
3745,20,4,"rz, ry",circular,200,5000,90,8,8,13,7396.965150731296,2
3746,21,5,"rz, rx",circular,252,1700,117,6,6,10,7397.922591892273,2
3747,10,7,"rx, rz, ry",circular,240,3200,94,8,8,17,7398.424612095067,2
3748,13,6,"rx, rz",circular,182,4900,92,9,7,13,7399.2874695887895,2
3749,11,7,rz,circular,88,5000,85,9,7,10,7399.4903872718905,2
3750,23,9,rz,circular,230,2000,217,7,7,16,7399.727889900248,2
3751,11,6,"rx, ry",circular,154,1100,80,5,7,16,7402.837563904927,2
3752,18,5,"ry, rx, rz",circular,324,3700,108,8,8,18,7404.703360743656,2
3753,24,6,"rz, ry",circular,336,1700,158,6,8,13,7411.970316015212,2
3754,16,6,"rz, ry",circular,224,3900,110,8,8,13,7412.5298792255835,2
3755,19,4,"rx, rz",circular,190,3400,86,5,7,16,7413.06611155607,2
3756,18,6,rz,circular,126,4700,115,9,9,16,7413.6642562102725,2
3757,19,6,"rx, ry",circular,266,4000,128,5,8,13,7413.760348818302,2
3758,21,6,"rx, ry",circular,294,3600,140,6,9,13,7414.722607716178,2
3759,25,5,ry,circular,150,2000,131,5,6,13,7415.593660995467,2
3760,22,5,"rx, rz, ry",circular,396,4300,128,7,7,10,7416.969186648,2
3761,25,6,"rz, ry",circular,350,5000,164,9,9,17,7417.819548442456,2
3762,20,4,"rx, ry",circular,200,1300,90,5,6,13,7420.397959256736,2
3763,25,5,rx,circular,150,4800,131,8,6,18,7422.893395897473,2
3764,18,9,"ry, rx, rz",circular,540,3600,192,9,8,19,7423.302569050138,2
3765,19,6,rx,circular,133,4100,121,8,5,14,7424.263099885664,2
3766,11,8,"rz, ry, rx",circular,297,4000,115,9,7,17,7426.202954335251,2
3767,10,5,rx,circular,60,2100,56,8,8,19,7426.286553830978,2
3768,15,8,"rz, rx, ry",circular,405,2000,147,9,5,17,7426.655414229191,2
3769,14,8,"ry, rz",circular,252,3600,130,5,6,16,7428.389280357727,2
3770,24,7,rx,circular,192,4800,176,6,7,14,7431.031692316287,2
3771,16,7,"rz, ry, rx",circular,384,1900,136,7,5,18,7431.092598285195,2
3772,12,5,"rz, rx",circular,144,2500,72,8,5,13,7434.035672633288,2
3773,15,5,"rx, rz",circular,180,2900,87,8,6,16,7434.628448937084,2
3774,22,7,rz,circular,176,2300,162,5,6,13,7436.01555394726,2
3775,20,7,ry,circular,160,3600,148,9,9,14,7439.708053602433,2
3776,12,5,"ry, rz",circular,144,3500,72,5,7,17,7450.753442476756,2
3777,19,5,rx,circular,114,4200,101,5,7,11,7451.5831302251745,2
3778,15,7,ry,circular,120,3600,113,8,6,19,7454.194819384147,2
3779,24,8,"ry, rz, rx",circular,648,4500,219,7,5,12,7458.4786009892005,2
3780,18,7,"rx, rz, ry",circular,432,1600,150,5,8,11,7459.449757556741,2
3781,15,6,"ry, rx",circular,210,2600,104,6,6,11,7459.856991578074,2
3782,12,7,rx,circular,96,3900,92,5,5,12,7460.496297896473,2
3783,17,9,"ry, rx",circular,340,5000,173,6,8,11,7462.2922632459895,2
3784,22,5,"ry, rx",circular,264,4600,122,9,5,13,7466.4044405367285,2
3785,15,4,ry,circular,75,4900,65,5,8,12,7468.834724805433,2
3786,12,4,"rx, rz",circular,120,2700,58,9,7,13,7469.602144395113,2
3787,12,7,rz,circular,96,3800,92,5,9,17,7469.9548227735,2
3788,21,7,"rx, rz, ry",circular,504,3600,171,9,5,16,7470.029435577018,2
3789,18,7,"rx, ry",circular,288,1500,142,8,8,10,7472.214938754019,2
3790,18,6,"ry, rz, rx",circular,378,4700,129,8,8,17,7472.790236919766,2
3791,16,7,rx,circular,128,1900,120,7,6,14,7477.289458841896,2
3792,12,7,"ry, rx, rz",circular,288,3400,108,7,8,10,7477.615801653825,2
3793,11,9,"rz, rx, ry",circular,330,2800,129,6,9,13,7478.356953436151,2
3794,13,7,"rz, ry, rx",circular,312,1200,115,7,6,19,7480.215435360839,2
3795,19,7,"rz, ry, rx",circular,456,1500,157,9,6,18,7485.328462082847,2
3796,18,5,"rz, rx, ry",circular,324,3800,108,7,7,16,7486.699894239528,2
3797,18,8,ry,circular,162,2000,153,7,6,10,7487.014885931915,2
3798,15,7,rx,circular,120,2600,113,6,5,15,7489.558037333663,2
3799,16,10,ry,circular,176,3900,171,9,9,10,7489.6295114746945,2
3800,19,6,"rx, ry",circular,266,4200,128,9,7,12,7489.682658220553,2
3801,13,7,"rx, rz, ry",circular,312,3300,115,8,5,12,7490.649521155792,2
3802,21,5,ry,circular,126,2400,111,6,7,14,7493.964382739122,2
3803,24,7,rz,circular,192,3900,176,8,8,13,7494.8969526635665,2
3804,19,9,"rz, ry, rx",circular,570,2500,201,8,6,10,7495.137751261689,2
3805,21,5,"rx, rz",circular,252,1700,117,8,9,16,7495.651544103977,2
3806,22,6,ry,circular,154,1700,139,8,9,11,7496.885476010634,2
3807,11,7,rz,circular,88,2100,85,6,5,19,7505.706836171179,2
3808,17,6,"rz, ry",circular,238,2600,116,9,9,12,7508.697141470485,2
3809,16,5,rx,circular,96,1900,86,9,8,17,7511.101143748959,2
3810,22,10,ry,circular,242,1600,231,6,8,15,7511.795489538285,2
3811,24,8,rz,circular,216,3700,201,5,9,19,7512.129214938168,2
3812,15,8,ry,circular,135,3400,129,5,5,10,7513.251952121827,2
3813,21,8,"rz, ry, rx",circular,567,2700,195,6,7,12,7515.68716054826,2
3814,15,7,"rz, ry",circular,240,2600,121,9,9,18,7517.71645133085,2
3815,12,6,ry,circular,84,2100,79,7,9,19,7518.7183414761585,2
3816,24,5,"rx, rz",circular,288,1000,132,7,9,17,7520.886729929706,2
3817,20,7,rx,circular,160,2900,148,8,8,14,7521.266836752532,2
3818,21,7,"rx, rz",circular,336,2100,163,5,5,14,7523.437785848825,2
3819,11,8,rz,circular,99,3300,97,8,9,18,7523.684455848777,2
3820,14,8,rx,circular,126,3100,121,5,9,10,7523.718027305277,2
3821,19,6,"rz, ry",circular,266,1800,128,9,6,17,7524.2055199003225,2
3822,13,6,rz,circular,91,3500,85,7,7,17,7524.891057905589,2
3823,22,6,"rx, rz, ry",circular,462,4400,153,6,7,14,7526.725392154238,2
3824,13,5,"ry, rz, rx",circular,234,2800,83,8,8,15,7529.2267935175505,2
3825,20,8,rx,circular,180,1400,169,5,8,12,7532.192685533641,2
3826,15,6,"rz, ry, rx",circular,315,1600,111,6,8,16,7533.756543821425,2
3827,13,7,rz,circular,104,2400,99,6,7,15,7535.421526575872,2
3828,15,8,"ry, rz, rx",circular,405,3600,147,6,6,16,7536.357828024504,2
3829,15,4,"rx, rz",circular,150,3600,70,9,7,16,7538.635230930446,2
3830,12,9,"rz, ry, rx",circular,360,2600,138,9,7,14,7538.672786935086,2
3831,14,7,"rz, ry, rx",circular,336,4200,122,7,8,18,7540.961624706446,2
3832,24,6,"rx, ry, rz",circular,504,2300,165,5,5,11,7545.721536997603,2
3833,11,8,"rz, rx, ry",circular,297,2300,115,8,8,18,7548.9911843418095,2
3834,19,3,"rx, ry, rz",circular,228,3200,69,9,8,13,7551.07117360417,2
3835,20,6,"ry, rz",circular,280,2300,134,9,6,16,7551.189061066497,2
3836,25,10,"rx, ry, rz",circular,825,1200,283,5,9,11,7552.505638931423,2
3837,19,6,ry,circular,133,4900,121,8,8,16,7552.57346229232,2
3838,18,6,"ry, rz",circular,252,2400,122,8,5,12,7554.601915854772,2
3839,17,7,rx,circular,136,2300,127,6,9,11,7555.70356959282,2
3840,13,7,rx,circular,104,3500,99,6,9,13,7556.5763414481335,2
3841,18,7,rz,circular,144,3700,134,5,6,10,7558.639667688971,2
3842,21,9,"rx, ry",circular,420,3500,209,6,8,14,7559.060944550934,2
3843,18,8,"rz, ry",circular,324,2200,162,8,6,18,7563.142243852527,2
3844,19,5,"rz, rx",circular,228,4200,107,5,5,10,7565.664079256268,2
3845,12,5,"rx, ry, rz",circular,216,4900,78,7,9,12,7567.270236721514,2
3846,11,6,rz,circular,77,1500,73,9,8,15,7567.762793526359,2
3847,18,5,"rx, ry",circular,216,3500,102,6,5,13,7574.295162855581,2
3848,12,7,rz,circular,96,1800,92,5,5,13,7581.574341820686,2
3849,15,5,"rx, rz, ry",circular,270,2800,93,9,5,13,7582.494882187558,2
3850,25,7,"rz, rx",circular,400,3300,191,8,7,15,7589.144477531346,2
3851,18,6,rx,circular,126,1600,115,9,9,15,7589.658314437401,2
3852,19,7,"rx, rz",circular,304,2700,149,7,8,12,7589.821037725449,2
3853,20,7,ry,circular,160,4100,148,7,5,17,7590.289721852436,2
3854,22,6,"ry, rz, rx",circular,462,1000,153,9,8,17,7590.640340388249,2
3855,11,7,"rx, rz, ry",circular,264,2700,101,6,7,17,7591.25941419293,2
3856,11,6,rx,circular,77,2200,73,8,7,14,7596.454355641896,2
3857,23,6,rx,circular,161,1500,145,9,7,19,7598.435702503452,2
3858,21,7,"ry, rx, rz",circular,504,1800,171,9,8,14,7599.189808279372,2
3859,16,5,"rz, ry",circular,192,4500,92,7,9,14,7599.227555467265,2
3860,16,4,rz,circular,80,4700,69,5,9,18,7600.217241991078,2
3861,11,7,"ry, rz",circular,176,1600,93,5,6,17,7600.727299167867,2
3862,13,5,ry,circular,78,4600,71,7,9,19,7601.29970861528,2
3863,11,6,"ry, rx",circular,154,4500,80,8,8,19,7601.7275400648905,2
3864,10,6,rz,circular,70,2700,67,6,9,15,7603.509593677099,2
3865,18,9,"ry, rz, rx",circular,540,3900,192,9,8,14,7603.987067048079,2
3866,25,4,"rx, rz",circular,250,4300,110,6,9,15,7604.266776864163,2
3867,25,8,"rx, ry",circular,450,2000,218,6,6,12,7605.772024588488,2
3868,22,6,rx,circular,154,1300,139,7,8,14,7606.193159791504,2
3869,12,7,ry,circular,96,4200,92,5,5,11,7606.444122165989,2
3870,13,6,"rz, rx",circular,182,1800,92,5,7,15,7607.744643310994,2
3871,12,8,"ry, rz, rx",circular,324,3300,123,6,6,12,7609.004871964621,2
3872,14,8,"rx, rz",circular,252,3700,130,6,7,14,7609.83033446701,2
3873,15,3,"rx, ry, rz",circular,180,4600,57,6,6,18,7611.334883753954,2
3874,25,5,ry,circular,150,4200,131,7,8,18,7612.008073215625,2
3875,19,8,"ry, rx, rz",circular,513,3700,179,6,9,17,7613.395146692239,2
3876,23,7,ry,circular,184,2900,169,8,8,15,7614.551295754361,2
3877,18,7,"rx, rz, ry",circular,432,2400,150,8,5,16,7617.162402664149,2
3878,22,3,ry,circular,88,3000,70,8,6,19,7618.305792956212,2
3879,12,6,"rz, ry",circular,168,1700,86,7,6,15,7627.511037216386,2
3880,10,3,"ry, rz, rx",circular,120,3200,42,6,5,16,7629.393531232911,2
3881,13,7,"rx, ry",circular,208,1200,107,9,6,10,7631.482328673316,2
3882,15,4,rz,circular,75,1300,65,8,8,14,7631.66687777379,2
3883,22,7,"rx, rz, ry",circular,528,1700,178,9,9,13,7632.531927349264,2
3884,24,8,rz,circular,216,1800,201,6,6,12,7633.164633974629,2
3885,15,7,"ry, rz",circular,240,4200,121,9,6,12,7633.334080717163,2
3886,13,4,"rx, ry, rz",circular,195,4100,67,6,5,19,7633.594200342231,2
3887,12,6,"rx, ry",circular,168,3200,86,7,7,16,7636.442077098883,2
3888,12,7,ry,circular,96,2700,92,5,7,11,7640.110749125998,2
3889,19,8,"ry, rx, rz",circular,513,2800,179,7,5,12,7641.222393722503,2
3890,22,5,"rx, ry, rz",circular,396,4100,128,6,8,14,7642.390543722656,2
3891,14,6,rx,circular,98,1700,91,6,8,11,7643.698018886232,2
3892,19,8,rz,circular,171,1800,161,7,6,13,7647.571841045423,2
3893,20,7,"rx, ry, rz",circular,480,2700,164,7,8,13,7649.307804715909,2
3894,16,7,"rz, ry, rx",circular,384,3600,136,6,9,14,7649.71033990039,2
3895,21,6,"rx, rz, ry",circular,441,4700,147,6,5,15,7650.939999995757,2
3896,21,7,"ry, rz, rx",circular,504,5000,171,9,9,10,7651.909435428365,2
3897,20,8,"rz, rx, ry",circular,540,4900,187,8,5,14,7653.211235664869,2
3898,21,7,"rx, ry",circular,336,2500,163,7,6,12,7653.24595790555,2
3899,22,8,"ry, rx, rz",circular,594,2300,203,6,9,12,7653.338228254005,2
3900,23,5,rz,circular,138,4300,121,9,5,19,7655.667768136152,2
3901,14,5,"ry, rx, rz",circular,252,4000,88,9,9,16,7656.91696548929,2
3902,18,8,ry,circular,162,3200,153,5,5,18,7657.531100357993,2
3903,19,7,"ry, rz",circular,304,1800,149,8,9,15,7659.051091116245,2
3904,21,5,"ry, rx",circular,252,1900,117,5,9,13,7659.898026679227,2
3905,15,8,rx,circular,135,3400,129,8,7,18,7661.956995549166,2
3906,13,3,"rx, rz",circular,104,4200,47,9,6,13,7662.273095209806,2
3907,14,7,"ry, rz, rx",circular,336,4300,122,9,6,12,7666.946322844262,2
3908,18,7,ry,circular,144,4200,134,7,8,18,7668.094853908065,2
3909,11,6,"rx, rz, ry",circular,231,4300,87,9,8,13,7669.605898147522,2
3910,19,8,rz,circular,171,4200,161,5,5,12,7670.636041299986,2
3911,16,5,"rz, ry, rx",circular,288,3000,98,8,9,17,7672.751633330776,2
3912,13,3,"ry, rz, rx",circular,156,3300,51,9,5,15,7674.703956338425,2
3913,12,5,"rx, ry",circular,144,4000,72,8,8,11,7676.07324767738,2
3914,25,6,"ry, rx, rz",circular,525,3700,171,5,7,11,7677.317485285031,2
3915,18,7,rz,circular,144,1300,134,8,8,19,7680.447341530005,2
3916,25,7,"ry, rx, rz",circular,600,1300,199,8,8,11,7681.613209362782,2
3917,22,5,rz,circular,132,1800,116,9,7,11,7683.088746259426,2
3918,20,8,"rx, rz",circular,360,3400,178,5,7,17,7687.165069859007,2
3919,23,7,rz,circular,184,2900,169,6,8,18,7691.123629379787,2
3920,23,8,"rx, rz",circular,414,2700,202,9,5,19,7691.964097507143,2
3921,14,5,rz,circular,84,1600,76,7,6,11,7693.123338870368,2
3922,21,7,ry,circular,168,3900,155,7,8,13,7695.127964105462,2
3923,19,4,"rx, ry",circular,190,2900,86,7,5,11,7700.341503986048,2
3924,11,3,"rz, rx",circular,88,3500,41,6,6,15,7702.1947156802,2
3925,21,5,"rx, ry, rz",circular,378,1300,123,9,8,17,7705.294712359336,2
3926,13,6,"rx, ry",circular,182,4600,92,8,6,17,7708.34471701119,2
3927,17,6,"ry, rx, rz",circular,357,3300,123,5,7,18,7709.81107978802,2
3928,10,4,"ry, rx",circular,100,4200,50,6,5,13,7711.920083527091,2
3929,25,6,"ry, rz",circular,350,2600,164,6,6,12,7715.829173117689,2
3930,20,7,rz,circular,160,2500,148,9,7,14,7718.001927208579,2
3931,18,5,"rx, rz, ry",circular,324,4200,108,7,5,18,7718.213436180996,2
3932,23,6,"rx, rz, ry",circular,483,1300,159,6,9,19,7718.9181303436035,2
3933,20,8,"ry, rz",circular,360,2600,178,6,5,14,7720.179651269581,2
3934,16,5,rx,circular,96,3900,86,5,9,12,7724.307270532284,2
3935,20,8,"rx, ry",circular,360,1500,178,5,7,14,7725.153416388192,2
3936,23,8,"ry, rx, rz",circular,621,3200,211,9,6,17,7727.550546771084,2
3937,10,6,"rx, ry, rz",circular,210,3400,81,5,9,18,7728.953790373838,2
3938,12,6,"ry, rz, rx",circular,252,1000,93,8,5,11,7729.36605361261,2
3939,17,8,rz,circular,153,2800,145,7,7,19,7730.540516915754,2
3940,24,3,"rz, rx, ry",circular,288,1300,84,9,7,17,7730.594368899881,2
3941,13,7,ry,circular,104,2000,99,5,8,19,7730.741701861874,2
3942,21,6,"rx, ry, rz",circular,441,3000,147,6,6,13,7731.231427713674,2
3943,23,8,"rz, ry",circular,414,3000,202,8,9,11,7732.062796525322,2
3944,25,6,"rz, ry, rx",circular,525,2400,171,8,6,13,7733.514695263795,2
3945,19,5,rz,circular,114,3900,101,6,9,19,7734.874787105392,2
3946,25,7,rz,circular,200,1700,183,5,6,13,7735.483388829179,2
3947,19,6,rz,circular,133,4500,121,6,5,17,7735.634434477032,2
3948,24,6,ry,circular,168,1600,151,8,7,18,7738.245236934004,2
3949,14,6,rz,circular,98,1300,91,5,9,14,7740.257354570289,2
3950,12,6,"rx, ry",circular,168,4600,86,6,8,11,7741.701262691507,2
3951,20,5,"rz, ry",circular,240,2600,112,8,5,19,7741.733146347941,2
3952,17,8,"ry, rz, rx",circular,459,4900,163,7,8,17,7742.218014550304,2
3953,11,7,"rx, ry, rz",circular,264,3500,101,5,7,11,7743.101269422817,2
3954,15,6,"rz, rx, ry",circular,315,1700,111,8,7,13,7743.472524478848,2
3955,15,7,"rx, rz",circular,240,1500,121,8,9,12,7744.241366998527,2
3956,25,6,"rz, rx, ry",circular,525,4600,171,7,8,19,7749.7679755051895,2
3957,14,6,"rz, ry",circular,196,2500,98,8,8,15,7751.637770849744,2
3958,17,7,"rx, ry, rz",circular,408,4500,143,7,5,14,7757.8878010496055,2
3959,18,8,ry,circular,162,4400,153,8,7,10,7759.943335005454,2
3960,21,10,"rz, rx",circular,462,1000,232,9,5,16,7762.463162203901,2
3961,20,5,"ry, rx, rz",circular,360,2900,118,5,7,10,7764.304651261629,2
3962,15,5,"rz, ry",circular,180,2100,87,5,8,12,7764.50495389619,2
3963,11,6,rx,circular,77,1000,73,9,8,10,7766.740790591532,2
3964,15,5,rz,circular,90,2500,81,5,9,12,7766.762551203704,2
3965,24,7,"rz, ry, rx",circular,576,2300,192,7,8,11,7769.570938818249,2
3966,22,7,"ry, rx",circular,352,2000,170,5,5,15,7770.288590926256,2
3967,22,7,"ry, rz, rx",circular,528,3900,178,8,6,13,7781.849162182654,2
3968,24,7,"rx, rz",circular,384,2700,184,5,5,13,7782.449563964226,2
3969,18,6,"rx, ry",circular,252,2700,122,6,5,17,7784.793854099957,2
3970,17,6,"ry, rz",circular,238,4200,116,9,8,17,7785.247913348608,2
3971,12,7,"ry, rz, rx",circular,288,2000,108,9,7,13,7787.022860796544,2
3972,16,6,"rz, rx",circular,224,4800,110,9,5,13,7788.559931049977,2
3973,22,6,rx,circular,154,4100,139,6,7,10,7795.748192058596,2
3974,15,6,ry,circular,105,5000,97,6,5,11,7797.190772430395,2
3975,19,7,"rz, ry, rx",circular,456,4600,157,7,7,18,7799.388917395712,2
3976,23,10,"rx, rz",circular,506,3800,252,7,6,19,7800.433734163166,2
3977,23,8,rz,circular,207,4500,193,6,9,10,7801.5608652499195,2
3978,17,8,"rz, rx",circular,306,2100,154,7,8,19,7802.783932495254,2
3979,23,5,"ry, rz",circular,276,1400,127,5,9,10,7803.856082659565,2
3980,12,7,rz,circular,96,2200,92,9,6,17,7805.32897478321,2
3981,17,5,"ry, rz",circular,204,2200,97,9,6,15,7807.995038336623,2
3982,22,6,"rz, rx, ry",circular,462,3800,153,6,7,17,7808.054320902659,2
3983,11,6,"rx, ry",circular,154,3100,80,7,6,16,7810.350663163219,2
3984,13,5,"ry, rx",circular,156,1600,77,7,7,13,7812.77550244531,2
3985,13,8,rz,circular,117,2300,113,9,8,12,7813.657452742758,2
3986,11,6,ry,circular,77,2100,73,8,6,10,7816.411866229798,2
3987,13,4,ry,circular,65,2900,57,8,7,19,7816.566530413795,2
3988,19,6,"rx, rz, ry",circular,399,1900,135,5,6,18,7819.745976685874,2
3989,24,10,rx,circular,264,3400,251,6,5,13,7820.463413962114,2
3990,16,8,"ry, rx",circular,288,2500,146,7,6,19,7820.46919389709,2
3991,20,5,"ry, rz",circular,240,2000,112,6,6,17,7820.663115862863,2
3992,21,5,"rx, ry",circular,252,1400,117,5,7,17,7820.671968829463,2
3993,17,10,rx,circular,187,1600,181,8,5,12,7821.245163958117,2
3994,22,7,"rz, rx",circular,352,1400,170,6,6,17,7821.798944257892,2
3995,16,5,"rx, ry",circular,192,1500,92,7,6,10,7822.196455259905,2
3996,24,5,ry,circular,144,4900,126,6,7,11,7822.243381709526,2
3997,11,9,rz,circular,110,2300,109,9,8,15,7822.5346013233275,2
3998,17,9,rx,circular,170,3200,163,5,9,14,7822.942456355433,2
3999,24,4,"rx, rz, ry",circular,360,1300,111,9,5,18,7823.451158172365,2
4000,23,4,ry,circular,115,1200,97,8,9,14,7825.293739886161,2
4001,23,5,rz,circular,138,3100,121,7,7,15,7827.927153094196,2
4002,25,6,rx,circular,175,2700,157,6,7,12,7832.328158887839,2
4003,15,8,"rz, ry",circular,270,3600,138,5,9,15,7835.740068511691,2
4004,23,8,"ry, rx, rz",circular,621,3000,211,7,7,16,7843.966080846217,2
4005,13,6,"ry, rx, rz",circular,273,1300,99,7,5,18,7847.904477176175,2
4006,24,8,ry,circular,216,3700,201,8,9,12,7848.3881837784065,2
4007,11,4,"ry, rx, rz",circular,165,2600,59,9,5,11,7848.771478044885,2
4008,17,8,ry,circular,153,4200,145,5,5,13,7849.096470223503,2
4009,10,6,"rx, ry, rz",circular,210,3700,81,5,8,12,7850.405357989539,2
4010,22,5,"ry, rz",circular,264,2800,122,8,5,11,7850.638630234895,2
4011,17,4,"ry, rx, rz",circular,255,4500,83,6,6,13,7850.86354519354,2
4012,22,6,"ry, rx",circular,308,2300,146,8,7,16,7852.240455765271,2
4013,18,9,"rz, ry, rx",circular,540,3800,192,9,7,15,7854.301236839459,2
4014,19,6,"rx, ry",circular,266,3900,128,8,9,12,7854.914555198079,2
4015,23,7,rz,circular,184,1700,169,5,6,10,7856.191462919644,2
4016,22,6,rx,circular,154,1800,139,7,8,10,7858.621716602844,2
4017,16,4,rx,circular,80,2000,69,8,5,11,7860.0734936412455,2
4018,23,7,"rz, rx, ry",circular,552,4400,185,8,9,17,7860.4019182016855,2
4019,19,8,"rx, ry, rz",circular,513,2300,179,8,9,18,7861.554400224467,2
4020,25,7,"ry, rx",circular,400,3700,191,5,8,14,7864.484182955151,2
4021,12,6,rx,circular,84,4100,79,9,5,16,7867.063222926338,2
4022,22,6,"rx, rz, ry",circular,462,1200,153,6,9,10,7867.419648996438,2
4023,25,6,rx,circular,175,5000,157,9,7,10,7868.313327008793,2
4024,17,6,rx,circular,119,3500,109,5,7,19,7869.295465355027,2
4025,14,6,"ry, rz, rx",circular,294,2200,105,5,6,15,7870.030947037474,2
4026,25,8,"rx, ry",circular,450,1000,218,6,9,18,7870.490858756881,2
4027,14,7,"rx, ry, rz",circular,336,2300,122,6,8,12,7872.917261800775,2
4028,12,9,"rz, rx",circular,240,3800,128,7,5,11,7873.895953350643,2
4029,19,5,"ry, rz, rx",circular,342,4900,113,6,8,16,7875.236038235406,2
4030,17,8,"ry, rx, rz",circular,459,2600,163,8,8,14,7877.380220399427,2
4031,18,8,rz,circular,162,4600,153,5,7,16,7878.968591359985,2
4032,16,6,"ry, rx",circular,224,1400,110,9,5,15,7882.88547405111,2
4033,14,6,"ry, rz",circular,196,4100,98,7,6,16,7884.075953086278,2
4034,25,6,rx,circular,175,4800,157,9,9,16,7885.322950796518,2
4035,20,6,"rx, rz, ry",circular,420,3000,141,5,6,10,7886.335357682127,2
4036,15,5,"rz, ry",circular,180,4600,87,5,5,11,7887.089491416826,2
4037,22,5,"rz, rx, ry",circular,396,3700,128,6,5,16,7894.473816600879,2
4038,25,6,"ry, rx, rz",circular,525,3700,171,6,6,19,7899.349144698083,2
4039,22,6,"ry, rz",circular,308,3300,146,5,7,19,7901.419659065594,2
4040,20,6,"ry, rz",circular,280,1000,134,8,5,17,7901.8610162290925,2
4041,17,5,"ry, rz",circular,204,4000,97,7,9,15,7906.745389839896,2
4042,18,5,"rx, rz",circular,216,3500,102,8,7,18,7906.9865555048245,2
4043,14,7,"ry, rz",circular,224,4200,114,6,8,12,7907.266743951992,2
4044,10,8,"rz, rx",circular,180,3400,98,9,5,17,7921.442779418844,2
4045,13,6,ry,circular,91,1400,85,6,5,18,7922.886810169602,2
4046,23,5,"rz, ry, rx",circular,414,4900,133,6,6,19,7923.281690464422,2
4047,14,7,"rx, rz",circular,224,3600,114,6,6,10,7924.477272668272,2
4048,10,5,"rz, rx, ry",circular,180,2500,68,5,6,10,7928.210125453362,2
4049,13,8,rz,circular,117,4600,113,6,6,14,7929.475239172889,2
4050,14,3,"ry, rz, rx",circular,168,2000,54,5,6,11,7932.762764497069,2
4051,24,6,"rx, ry, rz",circular,504,3400,165,5,8,18,7934.7556777257705,2
4052,12,6,"rx, ry",circular,168,1500,86,7,8,15,7935.035903910924,2
4053,22,5,"rz, ry, rx",circular,396,1300,128,8,6,19,7936.877266849189,2
4054,25,7,"rz, ry",circular,400,2200,191,6,8,16,7937.17775973179,2
4055,24,7,rz,circular,192,1700,176,6,8,13,7937.216431403496,2
4056,17,6,"ry, rx",circular,238,2800,116,9,6,17,7937.880126620429,2
4057,20,5,"ry, rx",circular,240,4600,112,5,5,14,7943.27121360534,2
4058,20,6,"rx, rz",circular,280,4400,134,6,7,16,7947.284063926543,2
4059,14,6,"rz, rx",circular,196,1500,98,7,5,14,7949.1163575409955,2
4060,21,7,"rx, rz",circular,336,3500,163,6,8,15,7949.4103253278945,2
4061,19,5,rz,circular,114,4700,101,5,7,18,7949.5801837627505,2
4062,10,5,"ry, rx, rz",circular,180,3600,68,6,8,18,7950.32716044149,2
4063,16,9,"rz, ry, rx",circular,480,4100,174,9,8,10,7951.517323849972,2
4064,12,5,"rz, rx, ry",circular,216,3200,78,5,5,19,7954.084136292484,2
4065,21,5,"ry, rx",circular,252,3700,117,5,7,19,7954.333741901925,2
4066,15,5,"ry, rx, rz",circular,270,2100,93,8,9,18,7957.123214550291,2
4067,12,7,"rx, ry, rz",circular,288,2700,108,9,7,11,7958.714286435506,2
4068,11,6,"rz, ry",circular,154,3400,80,5,6,19,7960.180599115651,2
4069,12,6,"rz, rx",circular,168,2800,86,5,6,10,7960.312618336804,2
4070,18,7,"rx, ry, rz",circular,432,1100,150,6,7,16,7965.034155443448,2
4071,21,6,rz,circular,147,1500,133,6,6,13,7968.91446557788,2
4072,12,3,ry,circular,48,5000,40,9,9,14,7969.632127672445,2
4073,17,6,ry,circular,119,1400,109,7,7,14,7970.611689241169,2
4074,17,5,"ry, rx, rz",circular,306,3400,103,6,5,18,7971.192046500626,2
4075,16,7,"rx, rz",circular,256,4200,128,7,8,10,7978.3052295081725,2
4076,17,4,ry,circular,85,1400,73,6,7,14,7981.069356036685,2
4077,21,6,"ry, rz",circular,294,3400,140,5,9,13,7981.667811800617,2
4078,14,6,rz,circular,98,4800,91,9,6,17,7982.580899187366,2
4079,13,6,"rx, ry, rz",circular,273,4600,99,5,7,18,7984.827230017255,2
4080,17,6,rz,circular,119,2600,109,6,7,16,7985.743128696943,2
4081,25,5,rx,circular,150,3100,131,6,6,14,7985.8155957505005,2
4082,13,7,"ry, rz, rx",circular,312,1400,115,8,9,18,7986.144938340416,2
4083,15,6,"ry, rz, rx",circular,315,3000,111,9,7,19,7987.12548799194,2
4084,15,4,"ry, rz",circular,150,4200,70,5,6,16,7988.102967420693,2
4085,18,5,rz,circular,108,4500,96,6,6,11,7989.526925695648,2
4086,11,6,"rx, rz",circular,154,1600,80,6,6,15,7989.6804764384815,2
4087,14,7,rz,circular,112,4400,106,6,6,14,7989.98230925736,2
4088,15,7,"rz, rx, ry",circular,360,2900,129,9,9,10,7991.76905825019,2
4089,22,7,"rz, ry",circular,352,2000,170,6,7,13,7992.910238104784,2
4090,10,5,"ry, rx",circular,120,4500,62,7,9,17,7993.2395185852665,2
4091,23,6,"rz, rx",circular,322,1700,152,5,7,14,7996.71050931226,2
4092,12,7,"rx, rz, ry",circular,288,4700,108,9,5,16,7998.536871154096,2
4093,10,7,rx,circular,80,3100,78,6,6,19,8004.1850177231145,2
4094,17,6,"ry, rz",circular,238,3100,116,5,9,16,8005.167063336915,2
4095,22,5,rx,circular,132,4900,116,7,5,17,8006.938837913827,2
4096,11,8,"rx, rz",circular,198,1300,106,5,9,11,8007.006082959326,2
4097,23,7,ry,circular,184,3800,169,5,9,17,8009.587768300674,2
4098,17,5,"rx, rz",circular,204,4800,97,7,7,13,8013.074776069522,2
4099,10,8,rz,circular,90,4800,89,8,8,18,8014.892607436799,2
4100,21,5,"ry, rz, rx",circular,378,3900,123,7,9,17,8021.836695019811,2
4101,11,7,rz,circular,88,1600,85,7,5,13,8022.135585888525,2
4102,22,7,"rx, rz",circular,352,4500,170,7,9,11,8024.438513645835,2
4103,25,7,"ry, rz",circular,400,4100,191,7,9,16,8025.4641811784395,2
4104,20,8,"rz, rx",circular,360,3500,178,8,9,18,8026.085895407832,2
4105,15,7,rz,circular,120,4600,113,7,7,15,8027.775775556256,2
4106,18,6,"rz, ry, rx",circular,378,3100,129,7,9,17,8029.302344593551,2
4107,17,6,"rx, rz, ry",circular,357,2200,123,6,7,11,8037.59676371765,2
4108,25,7,"ry, rx, rz",circular,600,4200,199,9,8,13,8038.261366225127,2
4109,24,6,"rx, rz",circular,336,3900,158,8,6,12,8042.47122375044,2
4110,12,5,"ry, rz, rx",circular,216,2200,78,6,6,13,8044.145797377138,2
4111,11,6,"ry, rz, rx",circular,231,1700,87,7,9,10,8047.505288739384,2
4112,20,5,"ry, rx, rz",circular,360,3400,118,7,5,18,8048.121302658318,2
4113,23,9,rz,circular,230,4600,217,5,5,13,8048.1219979077905,2
4114,19,8,"ry, rx",circular,342,4100,170,5,8,17,8048.300997852703,2
4115,19,7,"rz, rx",circular,304,3500,149,9,8,15,8048.438427988826,2
4116,18,8,"rx, rz, ry",circular,486,2900,171,7,7,11,8052.691179670364,2
4117,14,8,"rx, ry, rz",circular,378,4400,139,5,6,13,8055.534819316234,2
4118,11,9,"rz, ry, rx",circular,330,1200,129,6,9,12,8059.940435210011,2
4119,18,6,"ry, rz, rx",circular,378,1000,129,5,7,11,8060.852912697437,2
4120,13,6,"rz, rx",circular,182,2000,92,9,5,10,8060.960117792815,2
4121,23,10,"rz, rx, ry",circular,759,4800,263,9,7,13,8062.289992558152,2
4122,21,10,"ry, rx",circular,462,4000,232,9,9,18,8066.841986357535,2
4123,12,10,"ry, rx",circular,264,2800,142,6,7,19,8067.211473641474,2
4124,22,5,"ry, rx, rz",circular,396,4000,128,7,5,15,8073.03003399085,2
4125,19,8,"ry, rx, rz",circular,513,2800,179,8,7,10,8073.557103631576,2
4126,12,8,"ry, rx, rz",circular,324,2800,123,6,9,19,8074.37788585315,2
4127,24,6,"ry, rx, rz",circular,504,3200,165,8,5,14,8074.995881091686,2
4128,12,3,"rx, rz",circular,96,1800,44,6,5,17,8077.61345470732,2
4129,22,9,"rz, rx, ry",circular,660,2100,228,5,5,16,8078.907657008377,2
4130,13,7,"ry, rz",circular,208,3600,107,6,7,17,8081.205477596724,2
4131,23,7,rz,circular,184,4500,169,8,9,10,8084.141169474099,2
4132,23,5,"rx, ry, rz",circular,414,2800,133,5,6,18,8084.831027573204,2
4133,13,5,"ry, rz",circular,156,1100,77,5,7,15,8087.031026009793,2
4134,25,9,"rz, rx",circular,500,3000,245,8,7,15,8088.763816839714,2
4135,12,5,"rz, rx",circular,144,3000,72,5,5,17,8093.497119179158,2
4136,18,5,"rz, rx",circular,216,2400,102,7,9,14,8095.717492256304,2
4137,19,7,"ry, rz",circular,304,4400,149,5,7,16,8099.367890350371,2
4138,18,6,"rz, rx",circular,252,1000,122,7,9,19,8105.819437494317,2
4139,22,4,"rx, rz, ry",circular,330,2800,103,9,6,14,8105.987322043263,2
4140,20,8,ry,circular,180,5000,169,6,8,18,8106.780276160651,2
4141,23,7,"rz, rx",circular,368,3700,177,7,9,12,8108.733322442671,2
4142,24,5,"rz, rx",circular,288,3700,132,7,6,13,8110.054736909441,2
4143,23,10,"rz, rx, ry",circular,759,2100,263,9,5,19,8110.845148163064,2
4144,17,7,"rz, ry, rx",circular,408,3200,143,6,5,18,8111.570750856494,2
4145,17,8,rz,circular,153,4500,145,7,7,15,8116.499561231673,2
4146,12,7,rz,circular,96,4800,92,9,9,19,8117.129721929459,2
4147,17,7,rz,circular,136,4600,127,8,5,10,8117.685047205514,2
4148,15,6,"ry, rz, rx",circular,315,2800,111,5,9,16,8118.478592611275,2
4149,13,8,rx,circular,117,2200,113,9,6,19,8118.547921298023,2
4150,25,5,rz,circular,150,2900,131,6,9,19,8120.561165631289,2
4151,20,5,"rx, rz",circular,240,2500,112,8,7,17,8123.032705963907,2
4152,18,5,"rz, ry, rx",circular,324,2600,108,7,9,10,8123.933056139148,2
4153,11,10,"rx, ry",circular,242,2000,132,7,7,15,8124.860186326775,2
4154,21,5,"ry, rx, rz",circular,378,2500,123,7,7,13,8125.283686672093,2
4155,18,3,"rz, rx, ry",circular,216,2400,66,7,8,18,8127.083277097224,2
4156,21,5,"rx, rz",circular,252,1000,117,5,9,12,8127.3756750370285,2
4157,24,8,rx,circular,216,3700,201,9,8,12,8131.649353529534,2
4158,12,7,"rz, rx, ry",circular,288,1800,108,7,9,17,8133.609965115946,2
4159,16,8,"rx, ry, rz",circular,432,4500,155,8,9,17,8134.090031303389,2
4160,25,7,"ry, rx, rz",circular,600,3000,199,8,9,13,8135.310658481392,2
4161,15,8,rz,circular,135,3900,129,5,7,13,8137.089839738856,2
4162,25,8,"rx, rz, ry",circular,675,1700,227,6,5,15,8140.106185592541,2
4163,21,4,ry,circular,105,2500,89,6,8,14,8144.893287717275,2
4164,19,6,"ry, rz, rx",circular,399,3600,135,8,9,18,8147.908835105701,2
4165,10,6,ry,circular,70,2600,67,7,9,17,8151.692663824258,2
4166,12,7,"rz, rx, ry",circular,288,4000,108,9,6,14,8152.1224365990665,2
4167,23,6,"rz, rx",circular,322,3500,152,7,8,12,8155.109559097418,2
4168,23,4,"rx, rz",circular,230,3800,102,9,6,10,8156.4178292613615,2
4169,18,3,rx,circular,72,1800,58,9,8,17,8159.582583682531,2
4170,12,7,ry,circular,96,4400,92,7,7,11,8161.191843695686,2
4171,22,6,"rx, rz",circular,308,3800,146,9,7,16,8163.013784598344,2
4172,24,6,"rz, ry",circular,336,1800,158,9,7,11,8165.096482636806,2
4173,19,7,"rx, ry",circular,304,1300,149,5,8,16,8165.891619333068,2
4174,21,7,"ry, rx, rz",circular,504,3300,171,8,7,17,8169.897304292785,2
4175,10,7,ry,circular,80,3500,78,6,9,12,8179.690240894146,2
4176,14,7,ry,circular,112,1800,106,7,7,17,8180.724419873472,2
4177,23,7,"rz, ry",circular,368,2900,177,7,6,10,8186.427519318153,2
4178,21,7,"rx, ry",circular,336,4200,163,7,5,15,8187.211514127139,2
4179,10,7,rz,circular,80,4500,78,6,8,16,8188.928855636233,2
4180,20,8,"rx, rz",circular,360,3700,178,8,6,18,8189.881004153684,2
4181,25,5,"rx, ry",circular,300,3600,137,7,8,15,8190.346000977674,2
4182,20,6,rz,circular,140,1400,127,5,7,13,8191.110348050718,2
4183,11,6,"rx, rz, ry",circular,231,4400,87,8,5,12,8194.306730193222,2
4184,20,6,"rz, ry, rx",circular,420,3600,141,5,7,11,8197.511471831858,2
4185,22,8,rz,circular,198,2400,185,8,8,11,8201.53050863634,2
4186,10,7,ry,circular,80,2700,78,7,8,15,8201.925344964106,2
4187,21,7,ry,circular,168,4500,155,6,6,12,8203.559730639023,2
4188,17,5,"rx, rz, ry",circular,306,4200,103,8,7,15,8204.437579981099,2
4189,18,9,"ry, rz",circular,360,3800,182,5,8,15,8207.963310048563,2
4190,21,5,rz,circular,126,2400,111,7,6,14,8208.013215463183,2
4191,20,8,rx,circular,180,3200,169,9,8,17,8211.924378999109,2
4192,13,8,"rz, rx, ry",circular,351,1600,131,8,8,16,8212.02467974137,2
4193,16,5,"rx, rz",circular,192,1300,92,5,7,19,8213.812854865955,2
4194,13,6,"ry, rz",circular,182,4900,92,9,9,12,8214.08968956689,2
4195,22,6,"rz, ry, rx",circular,462,4600,153,9,8,13,8215.564793022904,2
4196,18,6,"rx, rz",circular,252,3600,122,9,5,16,8215.567222289867,2
4197,12,4,"ry, rx",circular,120,4400,58,7,9,10,8216.73991674804,2
4198,17,6,"rz, ry, rx",circular,357,4300,123,5,9,18,8217.562835957542,2
4199,23,7,"rx, ry, rz",circular,552,2500,185,6,7,19,8220.227137945885,2
4200,10,8,"rz, ry, rx",circular,270,3300,107,9,8,17,8221.647740891396,2
4201,21,8,ry,circular,189,1500,177,8,7,12,8223.786801030456,2
4202,12,7,"ry, rz, rx",circular,288,1800,108,7,8,16,8225.534922171935,2
4203,12,6,"rx, rz",circular,168,1100,86,9,9,10,8228.150337185305,2
4204,13,6,rx,circular,91,3600,85,6,5,15,8234.683339351006,2
4205,10,6,ry,circular,70,5000,67,7,9,10,8234.984014354131,2
4206,15,10,"ry, rz",circular,330,1000,172,6,6,16,8235.216659691054,2
4207,19,6,"rx, ry, rz",circular,399,4600,135,5,8,10,8238.194194596415,2
4208,12,7,"rz, rx",circular,192,1000,100,9,6,14,8239.708754146885,2
4209,21,5,"rx, rz, ry",circular,378,2500,123,5,7,15,8242.831817955892,2
4210,20,7,ry,circular,160,4600,148,9,7,10,8243.424972876928,2
4211,14,6,"rz, rx, ry",circular,294,3600,105,7,7,15,8247.021702527927,2
4212,16,6,"ry, rx",circular,224,3500,110,7,7,16,8247.918715101063,2
4213,24,5,"rx, rz",circular,288,4200,132,8,7,11,8248.188433220215,2
4214,15,6,ry,circular,105,2000,97,8,9,12,8248.737344749563,2
4215,24,8,"ry, rx",circular,432,3900,210,7,7,16,8254.191839988149,2
4216,11,7,"ry, rx, rz",circular,264,2500,101,8,8,13,8258.224794952142,2
4217,24,4,"rx, rz",circular,240,2600,106,8,8,16,8259.601333209164,2
4218,23,6,"rz, ry, rx",circular,483,2100,159,8,8,14,8262.324904335394,2
4219,25,7,"rz, ry",circular,400,4300,191,8,9,15,8263.68242532722,2
4220,19,9,"rx, rz, ry",circular,570,3500,201,6,6,14,8264.107153288463,2
4221,25,8,"rx, ry, rz",circular,675,3200,227,6,6,12,8266.622103282029,2
4222,13,6,rz,circular,91,1400,85,7,6,17,8273.319999754367,2
4223,20,7,"ry, rx, rz",circular,480,1500,164,9,6,14,8274.582647030438,2
4224,22,7,"ry, rz, rx",circular,528,3100,178,9,5,18,8276.387084772452,2
4225,11,4,"rz, ry",circular,110,5000,54,7,5,17,8277.600172938859,2
4226,18,5,"ry, rx",circular,216,2800,102,5,7,12,8282.65982226612,2
4227,17,7,"rz, ry",circular,272,3100,135,9,5,10,8282.77804956748,2
4228,18,5,rx,circular,108,3900,96,7,5,11,8282.887656658682,2
4229,24,6,"ry, rz, rx",circular,504,4500,165,7,5,16,8283.17589055818,2
4230,23,6,"ry, rz",circular,322,3000,152,8,5,15,8283.40266079308,2
4231,11,4,"ry, rx, rz",circular,165,1400,59,7,8,12,8286.262814271975,2
4232,18,6,rx,circular,126,3200,115,5,9,15,8286.840448969573,2
4233,14,7,"rx, ry, rz",circular,336,3000,122,5,7,16,8287.709208383589,2
4234,15,6,"rx, rz, ry",circular,315,2400,111,5,7,13,8288.288027915207,2
4235,20,6,"rz, rx",circular,280,1600,134,8,9,12,8290.694773957452,2
4236,20,5,"rz, ry",circular,240,2800,112,7,6,18,8294.1654930962,2
4237,17,6,"rx, rz, ry",circular,357,3700,123,7,7,15,8294.81252557191,2
4238,22,9,"rx, rz",circular,440,1000,218,7,5,11,8295.34107787754,2
4239,15,5,ry,circular,90,1800,81,9,5,19,8296.927340938297,2
4240,12,8,"ry, rx",circular,216,1200,114,8,6,19,8297.594648629482,2
4241,17,7,"rz, rx",circular,272,1400,135,6,8,16,8302.320073771732,2
4242,13,6,"rx, ry, rz",circular,273,2100,99,5,8,13,8307.888520717655,2
4243,14,6,"rz, rx",circular,196,2500,98,9,7,14,8308.44861069239,2
4244,16,6,rx,circular,112,4100,103,8,8,14,8309.026888759427,2
4245,19,4,"rx, rz, ry",circular,285,1000,91,9,6,13,8309.064928077025,2
4246,14,6,"rz, rx",circular,196,2800,98,6,5,16,8309.54810060575,2
4247,17,8,rz,circular,153,2300,145,7,9,15,8315.708124446855,2
4248,13,8,ry,circular,117,1000,113,7,8,16,8315.872296305779,2
4249,11,6,"rz, rx, ry",circular,231,3200,87,6,8,19,8316.074760224727,2
4250,10,7,"rx, rz, ry",circular,240,1000,94,5,5,12,8316.195873401011,2
4251,20,7,ry,circular,160,4700,148,9,7,16,8316.695180823064,2
4252,20,5,"rz, rx",circular,240,2000,112,6,6,17,8319.726666785691,2
4253,14,4,rz,circular,70,5000,61,7,6,14,8319.827306062436,2
4254,24,7,ry,circular,192,1800,176,5,8,11,8323.198501383018,2
4255,25,5,"ry, rx",circular,300,1100,137,7,6,18,8323.383959944511,2
4256,18,5,"rx, ry, rz",circular,324,1800,108,9,6,19,8325.672762512897,2
4257,14,8,rx,circular,126,2800,121,6,6,13,8326.069305915715,2
4258,20,9,"rz, ry, rx",circular,600,4200,210,5,8,14,8326.991948018387,2
4259,17,8,"ry, rx",circular,306,3000,154,9,9,11,8327.953376135207,2
4260,23,5,"rx, ry, rz",circular,414,2000,133,8,8,12,8334.850398585566,2
4261,18,6,rz,circular,126,1000,115,5,7,10,8335.388163443058,2
4262,18,5,"rz, ry",circular,216,2500,102,8,6,16,8339.628132102813,2
4263,22,6,rx,circular,154,2900,139,9,8,12,8341.135364775726,2
4264,17,9,"rz, ry",circular,340,3600,173,6,7,10,8341.406298028498,2
4265,16,7,ry,circular,128,4900,120,9,5,14,8345.593475529473,2
4266,10,7,"rz, rx, ry",circular,240,4600,94,5,6,10,8349.038412856748,2
4267,20,8,"ry, rz",circular,360,1300,178,5,8,12,8350.753162344412,2
4268,17,7,"rx, ry, rz",circular,408,4500,143,8,7,18,8357.278420295523,2
4269,14,7,"rz, ry",circular,224,3000,114,6,8,12,8357.389847230372,2
4270,18,6,rx,circular,126,2700,115,5,8,15,8357.871008802884,2
4271,24,6,"rx, ry",circular,336,4500,158,9,9,19,8359.96142347412,2
4272,15,7,"ry, rz, rx",circular,360,1000,129,5,6,17,8360.138476483975,2
4273,12,6,"ry, rx",circular,168,1500,86,9,7,10,8361.258064568361,2
4274,22,6,"rx, ry, rz",circular,462,4400,153,8,6,12,8361.726956269378,2
4275,25,8,rz,circular,225,2400,209,6,9,18,8361.765614533355,2
4276,11,6,"ry, rx",circular,154,2300,80,8,6,15,8364.933587951322,2
4277,21,10,rz,circular,231,4500,221,5,8,12,8368.914707118867,2
4278,11,7,rx,circular,88,2500,85,8,9,19,8369.050073914772,2
4279,15,4,"rz, ry",circular,150,2400,70,7,6,14,8372.520769485443,2
4280,22,7,ry,circular,176,1200,162,7,6,16,8378.452062112963,2
4281,21,8,"rx, ry",circular,378,5000,186,8,5,11,8379.415949723672,2
4282,25,7,"rx, rz",circular,400,2900,191,9,8,11,8380.64753979583,2
4283,18,7,"rx, ry, rz",circular,432,3000,150,6,8,13,8383.668005454536,2
4284,14,9,"rx, ry, rz",circular,420,2100,156,8,7,13,8383.803922367928,2
4285,17,5,rx,circular,102,4400,91,8,7,17,8383.826113024259,2
4286,23,7,"rx, rz, ry",circular,552,2300,185,5,9,14,8383.826889203163,2
4287,24,6,"rz, ry",circular,336,4900,158,9,5,12,8388.454450867135,2
4288,17,8,"rx, ry, rz",circular,459,4000,163,5,8,16,8388.626562570651,2
4289,19,6,"ry, rx, rz",circular,399,4300,135,6,5,12,8389.593156328763,2
4290,23,8,"ry, rx, rz",circular,621,2600,211,5,5,12,8389.84913251287,2
4291,15,6,"ry, rx, rz",circular,315,4500,111,9,7,13,8391.892704074186,2
4292,16,8,rz,circular,144,3500,137,7,6,17,8392.003233468666,2
4293,21,8,"rz, ry",circular,378,3900,186,7,5,11,8392.174299528408,2
4294,23,8,rx,circular,207,1900,193,8,7,12,8394.353329772242,2
4295,19,7,rz,circular,152,4300,141,5,8,10,8394.36628028952,2
4296,14,7,"ry, rz, rx",circular,336,1800,122,5,5,19,8397.812983616906,2
4297,20,7,rx,circular,160,3000,148,6,9,16,8398.179870173499,2
4298,15,6,rz,circular,105,2500,97,8,5,19,8399.043001083985,2
4299,22,8,"rx, ry",circular,396,1100,194,6,8,14,8399.239922812962,2
4300,16,7,"ry, rx",circular,256,2400,128,6,6,13,8400.333375022916,2
4301,19,7,rx,circular,152,5000,141,8,5,10,8401.206854762482,2
4302,19,8,ry,circular,171,3900,161,7,8,19,8405.023408885878,2
4303,12,7,"ry, rz",circular,192,1400,100,8,5,15,8405.696835937386,2
4304,13,3,rz,circular,52,4200,43,9,6,14,8406.032779658737,2
4305,13,5,"rz, ry, rx",circular,234,4100,83,5,8,19,8406.03889138593,2
4306,16,5,rz,circular,96,1800,86,8,9,12,8406.650685613518,2
4307,16,7,"rz, rx",circular,256,4600,128,6,7,17,8406.69711985997,2
4308,25,9,"ry, rz",circular,500,2700,245,6,5,18,8407.15670405577,2
4309,18,5,"rz, ry, rx",circular,324,1700,108,5,9,17,8408.926599071918,2
4310,21,5,"ry, rx",circular,252,2400,117,9,8,14,8411.271006254854,2
4311,18,8,"ry, rz",circular,324,3900,162,7,6,13,8420.071023105314,2
4312,14,7,"rx, rz",circular,224,4800,114,7,7,16,8426.585929807245,2
4313,20,6,"rx, rz, ry",circular,420,2500,141,8,9,14,8426.765371186235,2
4314,13,7,"ry, rz, rx",circular,312,3000,115,6,9,17,8432.428649444342,2
4315,16,7,"rz, ry",circular,256,1800,128,7,6,17,8433.172684542693,2
4316,20,6,"rx, ry, rz",circular,420,1300,141,7,8,11,8434.366289527983,2
4317,22,7,"ry, rx, rz",circular,528,3400,178,7,7,12,8437.108915985134,2
4318,21,5,"rz, ry, rx",circular,378,4600,123,5,6,10,8440.43105639285,2
4319,21,6,"rz, rx",circular,294,3400,140,7,8,18,8442.286230289694,2
4320,20,8,"rx, rz",circular,360,2500,178,8,5,15,8443.459917163305,2
4321,16,7,rx,circular,128,1100,120,7,7,19,8444.420003566145,2
4322,16,6,rz,circular,112,1800,103,6,8,17,8444.539023905385,2
4323,20,6,"rx, rz, ry",circular,420,4000,141,9,9,10,8449.668770163536,2
4324,18,8,ry,circular,162,1200,153,9,5,12,8449.712516047066,2
4325,25,8,"ry, rx, rz",circular,675,1100,227,7,8,11,8452.285309474679,2
4326,11,6,rx,circular,77,2400,73,6,7,15,8454.517789023776,2
4327,19,6,"rz, ry, rx",circular,399,4900,135,8,6,15,8454.623924208776,2
4328,20,5,"ry, rz",circular,240,1600,112,7,5,10,8456.002895969337,2
4329,20,9,rz,circular,200,1700,190,7,6,13,8456.405415567524,2
4330,24,7,"ry, rz",circular,384,2400,184,9,6,10,8458.935485889693,2
4331,24,6,"rz, ry",circular,336,2300,158,5,5,13,8461.255172443169,2
4332,12,6,"rx, rz, ry",circular,252,3000,93,5,5,11,8461.507804852823,2
4333,17,5,"rx, ry",circular,204,3500,97,8,6,13,8461.665159190701,2
4334,15,5,"rz, ry, rx",circular,270,4900,93,8,7,16,8462.342787228274,2
4335,12,4,rx,circular,60,4900,53,8,7,13,8462.718075120878,2
4336,24,7,rz,circular,192,1300,176,7,9,13,8464.254143589464,2
4337,14,5,"rx, ry, rz",circular,252,4300,88,7,9,10,8469.846252960828,2
4338,18,7,rx,circular,144,3900,134,7,5,18,8475.907656444608,2
4339,15,9,"rx, ry",circular,300,1400,155,7,6,18,8476.807065805324,2
4340,16,8,rz,circular,144,1400,137,8,7,12,8477.644116459971,2
4341,13,6,rx,circular,91,4400,85,5,7,13,8479.269298629952,2
4342,13,5,rz,circular,78,1700,71,5,8,18,8482.522866050129,2
4343,21,9,"rx, rz",circular,420,2400,209,7,5,15,8485.76866480699,2
4344,11,7,rz,circular,88,1900,85,5,5,12,8486.527924555825,2
4345,19,7,rx,circular,152,1900,141,8,7,15,8488.812571896397,2
4346,16,5,"rz, ry",circular,192,4300,92,8,9,18,8489.580217051394,2
4347,16,7,ry,circular,128,1100,120,6,7,18,8492.763022574994,2
4348,16,6,"rx, rz, ry",circular,336,3000,117,9,9,18,8493.868851739851,2
4349,15,6,"rz, rx",circular,210,2700,104,7,6,12,8494.890576339594,2
4350,14,6,"rz, ry, rx",circular,294,3400,105,5,8,18,8494.922863184674,2
4351,18,6,"rz, ry",circular,252,3600,122,9,8,11,8498.95898942552,2
4352,25,7,"rz, rx",circular,400,2100,191,5,7,15,8499.941230679695,2
4353,19,6,"rz, rx, ry",circular,399,2300,135,5,6,15,8503.072689805394,2
4354,12,7,"rx, rz",circular,192,3200,100,7,9,12,8513.544192603318,2
4355,18,8,ry,circular,162,1400,153,8,9,13,8515.0703924049,2
4356,23,5,"rx, ry",circular,276,3300,127,6,8,17,8516.415855356054,2
4357,18,7,"rx, rz, ry",circular,432,1700,150,9,9,19,8518.486199903837,2
4358,16,4,"ry, rx, rz",circular,240,4900,79,8,5,18,8520.29501471375,2
4359,13,9,"rx, rz",circular,260,3900,137,7,8,11,8521.397712945345,2
4360,10,7,ry,circular,80,2000,78,6,9,15,8521.474982033544,2
4361,25,4,"rz, ry",circular,250,1800,110,6,6,11,8524.839749994038,2
4362,22,7,rz,circular,176,4100,162,5,9,16,8527.839193631236,2
4363,15,4,"rx, rz, ry",circular,225,2600,75,9,8,16,8528.092076891895,2
4364,20,7,rx,circular,160,2900,148,6,9,11,8528.420081613576,2
4365,20,4,"rz, rx",circular,200,4100,90,9,6,12,8528.444123325211,2
4366,15,4,"ry, rx, rz",circular,225,3200,75,8,6,11,8528.53382210221,2
4367,19,7,rx,circular,152,2800,141,8,6,17,8530.604962685658,2
4368,24,8,rx,circular,216,2900,201,7,7,11,8540.712791111117,2
4369,16,7,"rz, ry",circular,256,2200,128,6,7,11,8541.322313979048,2
4370,20,7,ry,circular,160,4600,148,6,9,15,8541.346338356574,2
4371,18,5,"rx, ry, rz",circular,324,1900,108,7,5,16,8543.0509018706,2
4372,15,5,"rx, rz",circular,180,5000,87,9,5,18,8543.480662264266,2
4373,21,6,rx,circular,147,1800,133,6,7,14,8545.593619674337,2
4374,20,7,ry,circular,160,3100,148,5,7,15,8550.16993942072,2
4375,10,8,"ry, rz",circular,180,3100,98,8,8,19,8550.993976133635,2
4376,24,7,rx,circular,192,4100,176,7,7,11,8551.04606381944,2
4377,14,3,"rx, ry, rz",circular,168,1300,54,6,5,14,8552.72236264491,2
4378,25,5,rz,circular,150,2800,131,6,6,10,8553.65846839254,2
4379,12,6,"rz, ry",circular,168,4600,86,6,5,11,8553.935289575764,2
4380,18,7,"ry, rz",circular,288,1200,142,5,6,15,8560.928823609054,2
4381,11,8,"ry, rx",circular,198,2400,106,5,9,14,8564.045238601264,2
4382,14,6,"ry, rx, rz",circular,294,2100,105,8,6,15,8564.575327563369,2
4383,15,6,"ry, rx, rz",circular,315,4000,111,9,9,10,8566.510505117178,2
4384,14,6,ry,circular,98,1600,91,7,5,16,8568.92412761328,2
4385,23,7,ry,circular,184,2600,169,9,7,13,8573.748887980719,2
4386,13,8,"rx, rz",circular,234,4600,122,8,5,18,8574.80208095135,2
4387,16,8,"rx, ry, rz",circular,432,1500,155,5,6,13,8575.250548612243,2
4388,16,8,"ry, rx",circular,288,4200,146,6,8,18,8586.513784746192,2
4389,25,8,ry,circular,225,1200,209,7,8,11,8589.059184828699,2
4390,22,6,"rz, ry",circular,308,3700,146,7,8,19,8594.545918582566,2
4391,18,5,"rz, rx, ry",circular,324,3300,108,5,8,12,8595.07823702822,2
4392,10,7,"ry, rx, rz",circular,240,2500,94,6,5,12,8596.224477711405,2
4393,13,6,"rx, rz",circular,182,2500,92,8,6,14,8598.517595011775,2
4394,12,8,"ry, rx, rz",circular,324,1200,123,5,7,19,8601.69965976382,2
4395,20,9,"ry, rx, rz",circular,600,2500,210,9,6,17,8606.71616694313,2
4396,12,6,"rz, rx",circular,168,4200,86,7,7,11,8610.114815579356,2
4397,13,7,ry,circular,104,1200,99,6,9,10,8610.178052575155,2
4398,19,8,"rz, rx, ry",circular,513,3500,179,7,7,16,8610.223291855285,2
4399,14,9,"rz, rx, ry",circular,420,2100,156,7,6,19,8611.221161918678,2
4400,14,6,"rz, rx, ry",circular,294,2500,105,9,7,15,8611.917502031649,2
4401,20,7,rx,circular,160,5000,148,8,5,16,8612.80888323603,2
4402,22,6,ry,circular,154,2600,139,6,9,19,8614.436436593887,2
4403,10,7,rx,circular,80,1000,78,5,7,16,8615.326728998916,2
4404,16,7,"ry, rz",circular,256,3800,128,6,6,11,8616.403489413593,2
4405,23,8,"rz, rx",circular,414,4200,202,6,9,13,8616.456266029772,2
4406,10,6,ry,circular,70,4900,67,9,5,16,8619.745774229757,2
4407,19,6,ry,circular,133,3700,121,5,5,14,8620.597307930982,2
4408,22,9,"rx, ry, rz",circular,660,3200,228,6,7,15,8622.13702176754,2
4409,10,6,"rz, rx, ry",circular,210,3500,81,5,6,19,8622.330892002392,2
4410,15,5,"rx, rz, ry",circular,270,2400,93,9,6,10,8626.512910536461,2
4411,23,8,"ry, rz, rx",circular,621,1100,211,6,6,13,8628.18812723539,2
4412,18,7,rz,circular,144,3400,134,6,5,11,8629.816735147344,2
4413,11,6,ry,circular,77,2400,73,6,8,15,8632.202189728267,2
4414,17,6,"rx, ry, rz",circular,357,2500,123,6,7,10,8633.793704790834,2
4415,11,5,"ry, rx, rz",circular,198,3700,73,9,6,14,8633.958430422726,2
4416,23,6,ry,circular,161,1900,145,7,8,14,8638.531384775319,2
4417,10,5,"ry, rx",circular,120,1400,62,8,7,12,8641.578139421685,2
4418,16,6,"ry, rx",circular,224,3300,110,5,7,11,8641.730733772114,2
4419,25,7,"rx, ry",circular,400,3300,191,5,5,13,8643.475637426687,2
4420,19,5,rz,circular,114,1000,101,5,7,19,8645.957272394111,2
4421,22,8,"rx, rz",circular,396,3700,194,6,7,10,8647.225089689948,2
4422,25,6,"rx, rz",circular,350,4600,164,5,6,10,8652.271949542304,2
4423,18,6,"rz, ry",circular,252,3600,122,6,6,16,8653.312021950002,2
4424,19,4,"ry, rx, rz",circular,285,3400,91,7,7,19,8654.226627151962,2
4425,24,4,"ry, rz",circular,240,4000,106,8,8,17,8656.349651232691,2
4426,14,6,"rz, rx, ry",circular,294,4200,105,8,5,16,8656.667779223493,2
4427,22,6,"ry, rz",circular,308,2700,146,9,6,13,8657.14839147969,2
4428,18,7,rx,circular,144,1200,134,8,8,13,8659.71553762087,2
4429,21,4,"rz, ry, rx",circular,315,2900,99,5,9,17,8660.820032516649,2
4430,17,8,ry,circular,153,4900,145,7,6,11,8661.518791930426,2
4431,22,3,rx,circular,88,3900,70,6,7,13,8663.143416728688,2
4432,19,10,"ry, rx, rz",circular,627,3900,223,5,9,10,8664.52376360497,2
4433,23,4,rz,circular,115,1000,97,7,8,19,8669.840654700427,2
4434,17,6,"rx, rz, ry",circular,357,4800,123,8,9,13,8670.70984927713,2
4435,14,5,rx,circular,84,2400,76,7,7,18,8670.721677779942,2
4436,25,5,"rz, rx",circular,300,4500,137,7,6,17,8671.257924510668,2
4437,15,6,"ry, rz, rx",circular,315,1200,111,7,8,16,8673.120042706734,2
4438,10,7,"rz, rx",circular,160,3400,86,5,7,12,8675.879402266499,2
4439,21,4,"ry, rx, rz",circular,315,1500,99,9,8,12,8676.258638814705,2
4440,24,8,ry,circular,216,1800,201,9,7,18,8676.495174765605,2
4441,19,6,"ry, rz, rx",circular,399,3600,135,6,9,15,8683.13280110383,2
4442,23,7,"ry, rz, rx",circular,552,3400,185,6,7,19,8685.157756147311,2
4443,23,6,rx,circular,161,3300,145,7,9,12,8686.087466313817,2
4444,11,8,"rz, rx, ry",circular,297,3600,115,6,6,18,8686.910427812521,2
4445,18,7,rx,circular,144,3200,134,5,6,14,8688.143846242703,2
4446,10,5,"rz, ry, rx",circular,180,4800,68,7,8,10,8688.704235383435,2
4447,21,7,ry,circular,168,2900,155,8,6,14,8689.71280436806,2
4448,10,7,"rx, ry",circular,160,1000,86,7,9,15,8693.182234609478,2
4449,12,8,rz,circular,108,3200,105,9,9,13,8696.7394013122,2
4450,11,6,rz,circular,77,2000,73,7,9,17,8696.982393712715,2
4451,23,3,"rz, ry, rx",circular,276,4800,81,9,6,13,8702.149833873713,2
4452,12,5,rx,circular,72,3600,66,7,7,18,8702.29772902282,2
4453,14,7,"rx, rz",circular,224,1500,114,5,6,14,8704.714198553442,2
4454,10,8,"rx, ry",circular,180,2400,98,6,7,18,8707.780931577041,2
4455,10,7,"rx, ry, rz",circular,240,2100,94,9,9,17,8707.977017868621,2
4456,18,7,rx,circular,144,1400,134,8,6,12,8708.23013593574,2
4457,11,6,"ry, rz, rx",circular,231,3000,87,7,9,10,8711.548292032912,2
4458,11,8,"rx, ry",circular,198,4400,106,9,6,15,8723.29725273035,2
4459,15,7,ry,circular,120,1300,113,6,5,14,8723.460445967683,2
4460,22,6,"rz, ry",circular,308,3900,146,9,7,13,8724.332178004437,2
4461,13,6,"rz, ry",circular,182,3400,92,7,9,14,8725.06994980015,2
4462,15,6,"rz, ry",circular,210,3800,104,7,7,14,8729.449343245024,2
4463,24,5,"rz, rx",circular,288,2500,132,9,8,16,8729.708870674052,2
4464,10,4,"rx, rz, ry",circular,150,3100,55,9,9,12,8731.51134926856,2
4465,21,7,"rz, ry",circular,336,3800,163,7,7,11,8732.148642059728,2
4466,24,4,rx,circular,120,2700,101,9,9,15,8734.423862301732,2
4467,15,6,"ry, rx, rz",circular,315,2100,111,7,7,16,8736.46106541964,2
4468,18,8,ry,circular,162,4700,153,8,5,10,8739.282468255707,2
4469,13,7,rx,circular,104,4300,99,7,9,13,8751.79412747484,2
4470,10,6,"ry, rx",circular,140,4700,74,7,7,10,8752.504875346303,2
4471,19,5,"ry, rx, rz",circular,342,3400,113,5,5,15,8752.764544956468,2
4472,15,6,rx,circular,105,2700,97,6,5,14,8753.156370079616,2
4473,22,5,"rz, rx, ry",circular,396,2500,128,9,5,18,8754.168718504814,2
4474,17,5,ry,circular,102,3500,91,7,5,11,8757.809949951386,2
4475,14,9,"rx, ry",circular,280,2900,146,6,8,16,8763.703912735857,2
4476,19,3,"ry, rx, rz",circular,228,1400,69,9,6,18,8766.289664763364,2
4477,19,6,"rz, ry",circular,266,2400,128,5,7,17,8768.020896948416,2
4478,25,6,"rz, rx",circular,350,1600,164,5,8,17,8771.475118761971,2
4479,17,8,rz,circular,153,1000,145,6,7,14,8771.661792934625,2
4480,12,6,rx,circular,84,2100,79,7,8,12,8772.122759256508,2
4481,22,7,"rz, rx, ry",circular,528,3200,178,5,7,14,8773.323479856583,2
4482,17,5,"ry, rx",circular,204,1900,97,9,9,16,8776.56802500442,2
4483,10,8,"rx, ry",circular,180,4300,98,9,7,18,8776.961940045718,2
4484,24,8,rz,circular,216,4700,201,6,9,11,8776.972771021878,2
4485,17,5,"ry, rx",circular,204,1800,97,6,6,15,8777.800338886549,2
4486,22,3,"rz, ry",circular,176,2500,74,8,8,15,8782.34872557248,2
4487,14,6,"ry, rx, rz",circular,294,3200,105,5,8,16,8783.22480665635,2
4488,14,5,rx,circular,84,2200,76,7,9,15,8785.38696664023,2
4489,12,5,"rx, rz, ry",circular,216,1300,78,7,6,15,8785.82383727749,2
4490,16,5,"ry, rx",circular,192,3500,92,6,6,17,8786.03760416789,2
4491,18,8,"rz, ry, rx",circular,486,1000,171,9,6,15,8786.527195962177,2
4492,13,6,ry,circular,91,1600,85,8,8,12,8786.89319975507,2
4493,10,5,"rx, rz",circular,120,1300,62,5,6,18,8786.919591225706,2
4494,12,9,rz,circular,120,4100,118,7,6,18,8788.840706859477,2
4495,13,6,rz,circular,91,1400,85,9,5,15,8790.09264202602,2
4496,16,9,"ry, rz, rx",circular,480,3600,174,9,7,15,8790.655783582153,2
4497,24,7,"rx, ry",circular,384,4400,184,7,7,17,8794.566687161001,2
4498,13,8,ry,circular,117,5000,113,8,5,19,8796.036020097952,2
4499,22,7,"rx, rz",circular,352,3800,170,5,6,16,8797.096514519953,2
4500,16,7,"rz, ry",circular,256,1400,128,7,6,14,8803.809179689526,2
4501,21,8,"rz, rx",circular,378,3800,186,7,9,13,8804.860528881229,2
4502,11,5,ry,circular,66,2300,61,5,7,16,8805.026191316327,2
4503,24,9,"rz, rx",circular,480,1200,236,8,5,15,8808.662071835719,2
4504,13,6,"ry, rz, rx",circular,273,1700,99,7,7,11,8810.890744209444,2
4505,13,8,"rx, rz, ry",circular,351,3300,131,6,5,14,8811.670290209015,2
4506,22,8,"ry, rz",circular,396,2600,194,9,7,11,8823.768775821512,2
4507,20,4,"rx, ry",circular,200,2900,90,8,6,14,8825.489023957689,2
4508,22,9,"rx, rz, ry",circular,660,1200,228,6,9,11,8829.598770720708,2
4509,15,6,"rx, ry, rz",circular,315,4700,111,7,9,18,8833.558745342247,2
4510,17,7,"rx, rz, ry",circular,408,1200,143,9,9,12,8834.803084430756,2
4511,10,6,"rz, rx, ry",circular,210,4300,81,7,5,16,8839.353973339883,2
4512,14,5,ry,circular,84,4800,76,5,5,19,8839.908167634447,2
4513,11,5,rx,circular,66,3000,61,9,5,18,8842.892299252124,2
4514,11,8,"rz, ry",circular,198,1900,106,5,7,13,8844.172366556491,2
4515,15,6,"rz, ry",circular,210,1800,104,6,6,11,8844.468613164432,2
4516,25,5,ry,circular,150,4600,131,7,7,11,8848.286232249033,2
4517,12,6,rz,circular,84,4900,79,9,7,17,8850.658316985964,2
4518,18,5,"ry, rz, rx",circular,324,1100,108,7,9,15,8852.167483867966,2
4519,10,7,ry,circular,80,3900,78,7,7,16,8855.091274562232,2
4520,23,8,"ry, rz",circular,414,3300,202,5,5,14,8856.860425506753,2
4521,21,4,"rx, ry, rz",circular,315,4000,99,8,8,13,8857.948743542891,2
4522,10,7,"rx, ry, rz",circular,240,3600,94,8,8,17,8863.005580045063,2
4523,19,7,"rx, rz",circular,304,4400,149,8,7,19,8864.008935003103,2
4524,16,7,"rx, ry, rz",circular,384,2200,136,6,6,19,8866.82646859635,2
4525,23,6,rz,circular,161,1600,145,5,6,18,8867.295434705617,2
4526,10,3,"rz, ry, rx",circular,120,4100,42,5,8,12,8867.401196478031,2
4527,18,8,"ry, rz",circular,324,3400,162,6,6,13,8868.270364589638,2
4528,18,6,"ry, rx",circular,252,1800,122,9,9,10,8868.628058091343,2
4529,25,8,ry,circular,225,3300,209,5,9,10,8869.47331186069,2
4530,10,7,"rz, ry",circular,160,2100,86,7,5,12,8869.497960734607,2
4531,20,5,ry,circular,120,1500,106,9,9,11,8872.291580366295,2
4532,18,5,rz,circular,108,4800,96,7,6,13,8872.456744817364,2
4533,13,8,"ry, rz",circular,234,3100,122,8,5,16,8878.893375807975,2
4534,15,5,"rx, ry, rz",circular,270,2100,93,6,6,17,8880.419951813645,2
4535,11,7,rz,circular,88,3700,85,5,6,16,8881.418653047182,2
4536,25,7,ry,circular,200,2100,183,7,7,18,8881.52576840498,2
4537,17,7,rz,circular,136,4700,127,6,9,15,8881.911171417152,2
4538,16,8,"ry, rz",circular,288,3700,146,6,9,11,8882.754927761249,2
4539,12,5,ry,circular,72,1600,66,8,7,18,8882.984512787621,2
4540,21,6,rz,circular,147,2800,133,9,6,16,8884.03099194649,2
4541,21,8,ry,circular,189,2900,177,5,6,19,8884.599766464384,2
4542,21,5,"rz, rx, ry",circular,378,3400,123,7,9,13,8886.218789821614,2
4543,14,8,"rx, ry",circular,252,3200,130,9,5,12,8888.855068847219,2
4544,21,7,"rx, ry, rz",circular,504,4400,171,6,6,18,8897.088313091082,2
4545,13,5,"rx, rz",circular,156,3100,77,6,9,19,8897.261876334263,2
4546,19,8,"rz, ry, rx",circular,513,4600,179,9,6,17,8898.894955641457,2
4547,12,6,"ry, rz, rx",circular,252,2100,93,9,8,11,8901.253406481128,2
4548,21,5,"rx, rz, ry",circular,378,3200,123,7,9,17,8902.173407199818,2
4549,24,7,"ry, rx, rz",circular,576,1000,192,9,5,16,8902.394298124611,2
4550,19,7,"rz, ry, rx",circular,456,3600,157,9,8,19,8902.560126950779,2
4551,20,6,rz,circular,140,1400,127,9,7,18,8907.308427226377,2
4552,21,4,"rz, rx",circular,210,2300,94,7,8,10,8909.209719931801,2
4553,17,4,"ry, rz",circular,170,3200,78,8,9,10,8917.93548928166,2
4554,25,7,"ry, rz, rx",circular,600,1900,199,8,8,11,8921.658200383466,2
4555,17,7,"rx, ry",circular,272,2300,135,6,8,13,8921.769662275785,2
4556,24,5,"rx, ry",circular,288,3700,132,9,8,11,8927.174489492687,2
4557,23,4,"rz, rx",circular,230,5000,102,5,6,16,8928.128307155923,2
4558,14,7,"rz, ry, rx",circular,336,2800,122,5,8,19,8928.374041105282,2
4559,10,7,"ry, rz, rx",circular,240,4000,94,5,5,18,8933.17717623228,2
4560,20,6,"ry, rx",circular,280,3000,134,9,7,19,8937.20200043328,2
4561,18,8,"rz, rx, ry",circular,486,2900,171,8,6,12,8938.476920641982,2
4562,14,7,rz,circular,112,2100,106,6,7,19,8939.195066726252,2
4563,10,7,"ry, rx, rz",circular,240,1600,94,5,8,11,8939.964884735919,2
4564,23,5,"ry, rx, rz",circular,414,2700,133,7,7,11,8940.35765511746,2
4565,17,6,rx,circular,119,4300,109,6,7,11,8940.706745364985,2
4566,25,7,ry,circular,200,2000,183,9,9,17,8941.351283549699,2
4567,11,6,"rz, ry",circular,154,2800,80,8,6,16,8942.497743309266,2
4568,13,8,"ry, rz",circular,234,1700,122,7,6,10,8944.262333041279,2
4569,18,5,"ry, rx",circular,216,3200,102,9,8,11,8946.081895223995,2
4570,19,8,"ry, rz, rx",circular,513,1700,179,9,5,16,8947.077739283064,2
4571,13,8,"rz, ry, rx",circular,351,1400,131,8,9,16,8948.11622288839,2
4572,10,6,rz,circular,70,1900,67,8,8,19,8948.194050129256,2
4573,10,7,"rz, ry, rx",circular,240,1600,94,8,8,10,8948.34615583018,2
4574,20,4,"rz, ry",circular,200,3000,90,8,9,14,8948.416678749232,2
4575,23,6,ry,circular,161,3000,145,7,9,17,8949.883872867009,2
4576,18,7,"ry, rz, rx",circular,432,2400,150,6,6,17,8949.970272077779,2
4577,19,8,ry,circular,171,3300,161,7,8,15,8950.03771126528,2
4578,14,7,rz,circular,112,4600,106,7,5,13,8950.240587005641,2
4579,19,6,"rz, ry, rx",circular,399,4000,135,8,5,19,8951.185523266957,2
4580,11,9,"rx, ry, rz",circular,330,1400,129,6,6,15,8951.776076640323,2
4581,21,7,"rz, ry, rx",circular,504,3100,171,9,9,13,8954.6590580407,2
4582,13,7,"rx, ry",circular,208,2100,107,7,9,11,8954.858053736196,2
4583,23,7,"rz, ry, rx",circular,552,1300,185,7,8,13,8957.394767492326,2
4584,11,8,"rz, rx, ry",circular,297,4200,115,9,9,13,8957.795891036276,2
4585,13,9,"rz, rx, ry",circular,390,3900,147,7,5,15,8959.836525802664,2
4586,12,6,"rx, ry",circular,168,2400,86,8,8,12,8963.721328314425,2
4587,16,6,ry,circular,112,3300,103,5,9,11,8967.816976598637,2
4588,21,7,"ry, rz",circular,336,1100,163,9,7,16,8969.427534499004,2
4589,14,8,rx,circular,126,3700,121,9,6,14,8970.442129320822,2
4590,14,6,"rz, rx",circular,196,3100,98,5,6,10,8974.198581325021,2
4591,17,8,"rx, ry, rz",circular,459,3300,163,6,9,10,8977.95836734666,2
4592,22,8,"rx, ry",circular,396,5000,194,7,8,11,8978.808635608015,2
4593,25,6,"rz, rx, ry",circular,525,3700,171,6,7,11,8979.109018468123,2
4594,23,8,rz,circular,207,2400,193,8,9,15,8982.005701397606,2
4595,13,4,"ry, rz",circular,130,3200,62,9,9,10,8982.422435786875,2
4596,13,8,ry,circular,117,4200,113,5,8,12,8983.851781075524,2
4597,22,8,"ry, rx",circular,396,4000,194,5,5,12,8986.54239189506,2
4598,18,7,"ry, rx",circular,288,2900,142,9,7,16,8988.097670836234,2
4599,20,6,"rz, rx",circular,280,1400,134,6,7,16,8988.197815284804,2
4600,16,7,ry,circular,128,4200,120,6,7,15,8989.573892959368,2
4601,25,6,"ry, rz, rx",circular,525,1900,171,7,7,16,8991.75985838231,2
4602,24,6,"rz, ry, rx",circular,504,4500,165,7,6,12,8992.901845812552,2
4603,14,5,"rx, ry",circular,168,4600,82,8,7,16,8995.33666290983,2
4604,19,6,rz,circular,133,4500,121,6,9,17,8996.106768552441,2
4605,12,3,ry,circular,48,3000,40,9,8,15,8997.829077241087,2
4606,25,6,"rz, ry",circular,350,2300,164,6,6,11,8999.881816299456,2
4607,18,8,"ry, rz, rx",circular,486,2000,171,9,9,15,9001.133356456327,2
4608,25,7,"rz, ry",circular,400,2000,191,9,8,11,9001.735583867025,2
4609,10,8,"rx, ry, rz",circular,270,2400,107,6,5,10,9002.326426166532,2
4610,14,6,"rx, rz",circular,196,2400,98,7,8,19,9004.67225328696,2
4611,22,6,"rx, rz",circular,308,3200,146,5,8,11,9008.373116439805,2
4612,24,8,rx,circular,216,4200,201,5,5,17,9008.55886098184,2
4613,12,6,"rx, rz, ry",circular,252,4400,93,9,6,13,9008.807157554535,2
4614,21,8,rx,circular,189,2600,177,5,6,10,9011.3171737665,2
4615,24,6,"ry, rx",circular,336,3000,158,7,8,18,9011.97378005695,2
4616,25,6,ry,circular,175,2300,157,7,5,12,9013.266082483397,2
4617,12,5,rz,circular,72,4000,66,6,7,15,9013.63371982404,2
4618,13,5,"rx, ry, rz",circular,234,4000,83,9,7,14,9020.995526959961,2
4619,21,6,"ry, rz, rx",circular,441,4700,147,9,5,10,9021.04353843486,2
4620,11,6,"ry, rx, rz",circular,231,1000,87,8,5,15,9021.120800016346,2
4621,13,8,"rz, rx, ry",circular,351,3800,131,8,6,18,9021.95951202225,2
4622,13,7,"rz, ry, rx",circular,312,1200,115,6,5,16,9023.400231702479,2
4623,17,8,rx,circular,153,1000,145,8,6,11,9029.375194602964,2
4624,16,7,"ry, rx",circular,256,2600,128,8,9,11,9033.54350224898,2
4625,18,5,ry,circular,108,4300,96,7,8,18,9033.797974666695,2
4626,24,7,"rz, ry, rx",circular,576,3100,192,6,9,10,9035.579636952765,2
4627,25,3,"rx, rz, ry",circular,300,4800,87,5,7,14,9036.697000650194,2
4628,10,7,rx,circular,80,4100,78,9,8,16,9037.724156330147,2
4629,21,7,"rz, rx",circular,336,1200,163,6,6,17,9039.988454907108,2
4630,22,5,rz,circular,132,3600,116,5,9,13,9047.263501567773,2
4631,21,8,"rz, ry, rx",circular,567,3200,195,8,8,16,9048.571443935514,2
4632,23,5,"rz, rx",circular,276,1400,127,5,8,17,9049.685134348594,2
4633,16,7,"ry, rz, rx",circular,384,2500,136,7,7,11,9051.121503004531,2
4634,16,4,rz,circular,80,1100,69,5,7,13,9056.405617901879,2
4635,16,5,"ry, rx",circular,192,2600,92,9,6,19,9057.69877405323,2
4636,14,9,"rz, ry, rx",circular,420,2600,156,5,9,11,9059.50043312048,2
4637,18,9,"rz, ry",circular,360,1400,182,6,9,11,9060.997064821753,2
4638,15,4,"rx, ry",circular,150,3000,70,8,7,14,9064.268359504285,2
4639,15,6,"rx, ry",circular,210,1200,104,7,9,17,9068.881125391787,2
4640,18,7,"rx, rz",circular,288,2700,142,9,9,17,9068.98671554444,2
4641,15,6,"ry, rx, rz",circular,315,2200,111,6,8,12,9069.737360154264,2
4642,19,8,rx,circular,171,4100,161,9,7,13,9074.689173378783,2
4643,23,6,"rx, rz, ry",circular,483,5000,159,6,9,14,9078.271800797798,2
4644,19,6,"rx, ry",circular,266,2800,128,8,8,12,9081.148171697945,2
4645,14,6,"rx, ry",circular,196,1800,98,6,9,14,9082.46955823856,2
4646,24,5,"rx, rz, ry",circular,432,4300,138,7,7,11,9084.418180584313,2
4647,25,7,ry,circular,200,1700,183,7,8,11,9087.254564838157,2
4648,15,8,rz,circular,135,1500,129,6,9,18,9088.079553347148,2
4649,10,7,rx,circular,80,1000,78,7,8,18,9088.107594806632,2
4650,24,5,"rz, rx, ry",circular,432,4900,138,7,5,19,9088.6372160626,2
4651,20,5,"ry, rx",circular,240,1200,112,6,8,18,9091.461111731967,2
4652,14,7,"rz, rx, ry",circular,336,3000,122,6,9,17,9094.013919504518,2
4653,13,5,ry,circular,78,1100,71,8,8,11,9095.40325845792,2
4654,21,3,"rx, ry, rz",circular,252,1100,75,5,7,17,9103.703959884846,2
4655,12,9,ry,circular,120,2700,118,9,8,11,9105.521392448616,2
4656,10,6,ry,circular,70,3800,67,7,6,16,9106.047788288368,2
4657,10,8,"rx, ry, rz",circular,270,4800,107,5,8,15,9107.347056073464,2
4658,19,6,rz,circular,133,1200,121,9,7,14,9107.516143766983,2
4659,18,8,"rz, rx, ry",circular,486,2600,171,6,6,13,9107.537925023476,2
4660,10,7,"ry, rx, rz",circular,240,1800,94,9,7,14,9108.79701570298,2
4661,17,6,"rx, rz",circular,238,2900,116,5,8,14,9112.44012519829,2
4662,12,6,"rx, rz, ry",circular,252,4000,93,9,7,11,9116.786606207772,2
4663,18,4,rz,circular,90,2000,77,6,8,17,9119.409925127427,2
4664,22,7,"rx, rz",circular,352,4600,170,5,7,11,9119.82597508496,2
4665,10,5,ry,circular,60,5000,56,9,8,19,9120.39570382266,2
4666,20,7,rz,circular,160,1400,148,5,8,16,9124.251927931493,2
4667,17,6,"rx, rz",circular,238,4900,116,8,5,12,9124.306635746298,2
4668,25,7,"rx, rz",circular,400,2000,191,8,6,17,9124.381479049449,2
4669,17,6,"rz, ry, rx",circular,357,3000,123,7,6,16,9125.360979070147,2
4670,18,8,rz,circular,162,3700,153,9,5,13,9125.590269480597,2
4671,23,7,"rx, rz",circular,368,2600,177,9,6,19,9126.582142014566,2
4672,13,4,"ry, rx, rz",circular,195,1800,67,5,5,11,9129.646848999435,2
4673,23,6,"rx, ry",circular,322,3300,152,8,6,15,9135.077796717776,2
4674,16,8,"ry, rx, rz",circular,432,1600,155,5,8,18,9138.621230021854,2
4675,24,5,"ry, rz, rx",circular,432,4000,138,9,5,17,9142.937825953308,2
4676,18,6,"ry, rz, rx",circular,378,1400,129,7,5,18,9143.720428479846,2
4677,24,7,rz,circular,192,2100,176,9,5,17,9144.498823549107,2
4678,23,7,"ry, rx",circular,368,4800,177,9,9,19,9149.443856837492,2
4679,21,8,"rx, ry, rz",circular,567,4700,195,7,8,10,9152.243813631487,2
4680,14,6,"rx, rz, ry",circular,294,1000,105,6,9,11,9156.456070804692,2
4681,24,6,ry,circular,168,3600,151,9,9,18,9157.579759967593,2
4682,25,7,"ry, rz, rx",circular,600,1300,199,7,5,14,9159.256137930226,2
4683,15,8,"rx, rz, ry",circular,405,5000,147,7,7,18,9160.930775426512,2
4684,11,6,"ry, rz",circular,154,4900,80,6,8,16,9161.146354350441,2
4685,11,7,"ry, rx, rz",circular,264,4100,101,8,9,16,9162.268426634406,2
4686,23,5,"rx, ry, rz",circular,414,4800,133,5,6,14,9164.730004227891,2
4687,22,6,"ry, rx, rz",circular,462,1100,153,8,5,10,9172.092556996056,2
4688,24,4,rz,circular,120,3200,101,5,6,13,9173.37019829235,2
4689,13,6,"rx, rz, ry",circular,273,1900,99,8,8,12,9176.220460386021,2
4690,17,6,"rz, rx",circular,238,3900,116,8,7,17,9182.96080494916,2
4691,16,4,"rz, rx, ry",circular,240,2200,79,9,6,18,9185.32112151523,2
4692,21,9,"ry, rz",circular,420,1100,209,8,6,11,9185.364533575494,2
4693,12,6,ry,circular,84,4600,79,6,8,13,9186.160522765178,2
4694,18,8,"ry, rx",circular,324,3300,162,7,7,13,9189.234937829224,2
4695,16,6,rz,circular,112,2100,103,9,8,17,9189.458560561126,2
4696,24,6,"rz, ry",circular,336,2000,158,7,5,14,9193.62782402903,2
4697,18,7,"rz, rx, ry",circular,432,3500,150,9,7,14,9193.762464873458,2
4698,19,7,rx,circular,152,5000,141,8,8,13,9194.915097386312,2
4699,12,5,"ry, rx",circular,144,4500,72,8,9,11,9196.395595588403,2
4700,18,6,"ry, rx, rz",circular,378,3400,129,7,6,15,9196.698749542316,2
4701,25,8,ry,circular,225,4500,209,5,5,16,9199.48818560935,2
4702,21,7,"rz, ry",circular,336,5000,163,8,5,15,9199.928694117541,2
4703,10,5,rx,circular,60,3400,56,8,6,17,9200.51630613714,2
4704,17,6,"ry, rx, rz",circular,357,3400,123,7,7,17,9200.882593156066,2
4705,19,6,"rx, rz, ry",circular,399,4700,135,5,9,19,9202.648838140667,2
4706,11,7,ry,circular,88,2900,85,6,8,15,9204.68543021054,2
4707,25,6,"rz, ry, rx",circular,525,4500,171,7,5,17,9207.805455883767,2
4708,10,6,rx,circular,70,1400,67,5,6,14,9210.160868251402,2
4709,24,8,rz,circular,216,1500,201,7,9,15,9211.511415684057,2
4710,24,6,rz,circular,168,2400,151,8,6,13,9213.13314877584,2
4711,25,5,"rz, rx, ry",circular,450,2700,143,8,5,16,9215.40285135086,2
4712,14,9,"rz, rx, ry",circular,420,2400,156,6,6,15,9217.287837002557,2
4713,25,8,"ry, rx, rz",circular,675,1200,227,5,9,15,9217.468201949277,2
4714,22,9,ry,circular,220,1700,208,7,6,11,9219.184842600347,2
4715,22,9,ry,circular,220,4600,208,9,8,13,9220.361606154464,2
4716,24,5,"rx, rz, ry",circular,432,2800,138,7,9,14,9226.471277658002,2
4717,20,6,ry,circular,140,1900,127,5,9,16,9226.593154013754,2
4718,25,9,rz,circular,250,4100,235,9,8,13,9230.820839564598,2
4719,18,7,"ry, rz",circular,288,4500,142,7,5,19,9232.271799130094,2
4720,13,5,"ry, rz",circular,156,4800,77,5,5,15,9232.383157424772,2
4721,11,7,"ry, rx, rz",circular,264,2700,101,9,8,10,9234.46194295195,2
4722,24,8,"rz, rx, ry",circular,648,1800,219,5,9,14,9236.48091989361,2
4723,19,5,"ry, rx",circular,228,4500,107,5,9,11,9239.053401054272,2
4724,15,6,"rx, ry, rz",circular,315,1800,111,8,6,14,9239.1668730659,2
4725,10,6,"ry, rz, rx",circular,210,2800,81,9,5,17,9242.141488511355,2
4726,24,8,ry,circular,216,1800,201,9,8,10,9247.294022432136,2
4727,25,4,"rz, rx",circular,250,2100,110,5,8,14,9248.616975994915,2
4728,11,9,rx,circular,110,2000,109,7,6,14,9249.661967224516,2
4729,17,7,"ry, rz",circular,272,4500,135,6,8,19,9255.436979913096,2
4730,19,9,rz,circular,190,1300,181,7,6,11,9257.233576761953,2
4731,14,7,"rx, rz, ry",circular,336,4400,122,8,7,16,9260.094360512396,2
4732,11,5,"ry, rz",circular,132,4200,67,5,5,15,9262.137485973,2
4733,24,7,rz,circular,192,4200,176,9,5,12,9262.356036361516,2
4734,14,5,rz,circular,84,3800,76,5,5,18,9270.068705866526,2
4735,24,7,rx,circular,192,2900,176,8,8,18,9270.62800984944,2
4736,12,5,"rx, ry",circular,144,2100,72,5,7,17,9270.880684321122,2
4737,22,5,ry,circular,132,4400,116,6,8,19,9272.028567158297,2
4738,11,10,"ry, rz",circular,242,2200,132,5,9,18,9272.95636804524,2
4739,16,7,"rx, ry",circular,256,1900,128,8,5,18,9273.228715008489,2
4740,23,6,"rx, rz",circular,322,2400,152,7,5,11,9273.543763314348,2
4741,12,8,"rz, ry, rx",circular,324,4700,123,8,9,18,9273.675231965071,2
4742,25,10,"ry, rz",circular,550,4500,272,8,9,13,9274.142869262047,2
4743,17,5,rx,circular,102,2900,91,8,7,13,9274.431946786031,2
4744,22,6,"rz, rx, ry",circular,462,2900,153,9,9,10,9279.675877826983,2
4745,24,6,ry,circular,168,4600,151,6,6,12,9280.237316900912,2
4746,12,8,"ry, rz",circular,216,4500,114,9,5,13,9280.75404691841,2
4747,22,7,rz,circular,176,2200,162,5,5,10,9280.869938478148,2
4748,24,5,ry,circular,144,4700,126,6,8,18,9281.45242537556,2
4749,17,5,"rz, rx, ry",circular,306,3800,103,8,9,18,9284.112998612718,2
4750,23,5,rx,circular,138,2500,121,9,8,16,9284.42745733126,2
4751,16,7,"rz, ry",circular,256,2000,128,9,7,13,9286.239720172493,2
4752,10,4,ry,circular,50,4600,45,9,7,14,9288.645237390296,2
4753,17,5,"rx, rz, ry",circular,306,5000,103,5,7,18,9291.71555494683,2
4754,18,8,"ry, rz",circular,324,5000,162,9,9,13,9296.205507398487,2
4755,23,6,"rx, rz, ry",circular,483,2700,159,9,7,13,9300.235814179605,2
4756,15,8,rx,circular,135,2900,129,5,7,12,9306.005652090711,2
4757,25,5,"rx, rz, ry",circular,450,3400,143,8,8,15,9307.862115354224,2
4758,15,6,rx,circular,105,3800,97,9,8,14,9310.038685905745,2
4759,17,5,rz,circular,102,3900,91,9,6,18,9312.43085909078,2
4760,22,6,"ry, rz",circular,308,2800,146,9,8,15,9313.656082728436,2
4761,24,8,ry,circular,216,4600,201,5,8,13,9315.238968261821,2
4762,16,7,ry,circular,128,2200,120,8,8,19,9316.718004425702,2
4763,12,10,"rz, rx, ry",circular,396,3200,153,9,6,10,9317.934173788923,2
4764,11,7,"rx, rz, ry",circular,264,2500,101,6,6,13,9321.188455509302,2
4765,24,7,"rz, rx",circular,384,2000,184,6,5,17,9322.100636335574,2
4766,18,7,"ry, rx, rz",circular,432,1600,150,9,6,11,9322.133629049622,2
4767,25,7,"ry, rx, rz",circular,600,4900,199,8,6,18,9322.401368092565,2
4768,18,6,rz,circular,126,3200,115,7,5,11,9323.307312079507,2
4769,25,5,"ry, rz",circular,300,3200,137,8,6,19,9325.084305281669,2
4770,21,7,"rx, rz, ry",circular,504,2400,171,7,6,11,9332.261397391341,2
4771,16,8,rz,circular,144,3500,137,5,9,17,9334.868304755617,2
4772,19,9,"ry, rz",circular,380,2700,191,6,9,17,9335.421368439995,2
4773,25,8,"ry, rx, rz",circular,675,4300,227,6,7,12,9337.098722125455,2
4774,15,6,"rx, ry",circular,210,5000,104,6,7,10,9339.776541659481,2
4775,21,7,"ry, rz, rx",circular,504,2300,171,8,6,10,9342.200672566169,2
4776,19,5,"rz, ry, rx",circular,342,1600,113,9,7,19,9343.60003615411,2
4777,21,8,ry,circular,189,3300,177,6,9,10,9347.071952649407,2
4778,18,6,"ry, rz",circular,252,1300,122,8,5,13,9347.667602223906,2
4779,25,7,"rz, ry",circular,400,1700,191,5,7,14,9350.948073721396,2
4780,15,8,"rx, ry",circular,270,4100,138,6,8,16,9352.047841717625,2
4781,14,8,"rx, rz",circular,252,1300,130,6,9,16,9354.003643244827,2
4782,19,6,ry,circular,133,1800,121,5,6,18,9355.81434963412,2
4783,12,6,"rx, rz",circular,168,2200,86,9,8,11,9357.965264170725,2
4784,10,7,"rx, ry, rz",circular,240,3300,94,5,7,18,9361.144353977374,2
4785,20,7,"rz, ry",circular,320,3200,156,5,5,13,9362.686545705805,2
4786,15,8,"rz, rx",circular,270,2400,138,7,5,15,9362.897693376368,2
4787,17,4,"rz, ry",circular,170,2600,78,7,9,10,9367.887412482338,2
4788,21,4,"rx, ry",circular,210,2700,94,8,9,10,9368.608819802008,2
4789,10,9,"rx, ry, rz",circular,300,4500,120,8,6,10,9368.81673877573,2
4790,15,8,"ry, rx",circular,270,4700,138,9,5,10,9372.204118731639,2
4791,18,7,"rx, rz, ry",circular,432,1900,150,5,8,19,9374.603986604756,2
4792,19,6,ry,circular,133,1000,121,8,6,17,9377.55939295442,2
4793,25,7,"ry, rx, rz",circular,600,3400,199,5,7,18,9378.147936929221,2
4794,24,6,rz,circular,168,1700,151,9,6,19,9381.75778823334,2
4795,23,5,"rz, rx",circular,276,3500,127,6,5,11,9381.833497358006,2
4796,17,6,"rz, rx",circular,238,4300,116,6,9,15,9382.549294549533,2
4797,20,7,rz,circular,160,4700,148,5,8,16,9382.588121408698,2
4798,18,7,"rx, ry",circular,288,3200,142,7,7,10,9382.690384566662,2
4799,23,8,"ry, rz, rx",circular,621,1900,211,5,6,18,9385.690639168726,2
4800,16,7,"rz, rx, ry",circular,384,1400,136,8,6,19,9387.202804927538,2
4801,14,7,"ry, rz",circular,224,4700,114,6,5,18,9387.67970189615,2
4802,11,9,"rz, ry, rx",circular,330,3300,129,9,5,12,9389.5777982163,2
4803,22,7,ry,circular,176,1800,162,7,6,14,9389.602229766231,2
4804,22,6,"rx, ry, rz",circular,462,3300,153,6,6,18,9391.66773438004,2
4805,10,7,"rz, ry",circular,160,4800,86,9,6,18,9393.274062389648,2
4806,14,7,"rz, ry",circular,224,4500,114,9,7,11,9393.37917061203,2
4807,23,10,"ry, rx, rz",circular,759,3900,263,8,9,13,9397.094682651932,2
4808,11,6,"rx, rz",circular,154,2300,80,5,5,19,9399.091804442385,2
4809,12,8,rx,circular,108,1300,105,9,6,13,9400.598235405067,2
4810,20,7,"rz, rx, ry",circular,480,3400,164,9,5,12,9404.193373306238,2
4811,23,5,rz,circular,138,3600,121,5,5,17,9408.892367688368,2
4812,18,6,rx,circular,126,4600,115,8,5,15,9409.817330632568,2
4813,20,8,rz,circular,180,2400,169,9,7,14,9410.041682503845,2
4814,17,5,"ry, rz",circular,204,2700,97,8,7,14,9415.089523526485,2
4815,23,8,"rz, rx, ry",circular,621,1900,211,9,9,18,9417.090935326973,2
4816,22,7,"rx, rz, ry",circular,528,2700,178,6,7,16,9420.641172363145,2
4817,25,6,rz,circular,175,4300,157,9,8,13,9421.933020749286,2
4818,25,8,ry,circular,225,2200,209,5,5,18,9425.396787515441,2
4819,12,6,"rx, rz",circular,168,2500,86,5,5,17,9429.335750342185,2
4820,20,3,rz,circular,80,4900,64,7,5,19,9429.388286963493,2
4821,25,6,"rz, ry, rx",circular,525,3300,171,9,7,13,9431.375595858293,2
4822,15,5,"rx, rz",circular,180,3100,87,5,5,12,9432.727662000505,2
4823,10,9,ry,circular,100,1300,100,7,9,16,9432.948908000391,2
4824,21,8,"rx, ry, rz",circular,567,5000,195,7,8,14,9433.271009469981,2
4825,10,6,rz,circular,70,3700,67,5,8,12,9437.008536459363,2
4826,25,7,"rx, ry, rz",circular,600,1700,199,6,9,19,9437.561442405287,2
4827,23,7,rx,circular,184,4300,169,9,5,11,9437.645559360419,2
4828,13,6,"ry, rz",circular,182,3400,92,7,6,14,9439.55219079481,2
4829,12,7,rz,circular,96,2500,92,8,5,14,9440.899033094127,2
4830,18,7,rz,circular,144,4200,134,7,6,17,9441.803422763403,2
4831,15,7,"ry, rx",circular,240,4800,121,6,5,15,9441.901499089296,2
4832,17,5,"ry, rz, rx",circular,306,4000,103,6,8,17,9443.109374280026,2
4833,16,8,"ry, rx, rz",circular,432,2900,155,9,9,15,9443.33183747883,2
4834,12,7,"rz, ry",circular,192,3300,100,5,6,11,9445.257738475952,2
4835,23,5,"rx, rz, ry",circular,414,1700,133,9,5,17,9445.546293829906,2
4836,19,7,"rx, rz, ry",circular,456,4500,157,8,5,12,9448.012384627722,2
4837,12,6,rz,circular,84,4000,79,8,6,13,9448.237846087464,2
4838,18,6,"ry, rx",circular,252,4100,122,6,7,18,9448.53973852508,2
4839,11,6,"rz, rx",circular,154,4600,80,9,9,10,9448.638138251159,2
4840,13,9,"rx, rz",circular,260,1300,137,6,5,18,9450.143199218584,2
4841,22,6,"rz, ry, rx",circular,462,2700,153,8,7,12,9451.614699246491,2
4842,25,6,"rz, rx",circular,350,1400,164,6,7,15,9454.794900609739,2
4843,12,7,"ry, rz, rx",circular,288,1300,108,5,6,10,9459.374063959533,2
4844,13,4,ry,circular,65,3400,57,7,9,14,9460.260431694749,2
4845,19,6,"ry, rz",circular,266,3800,128,7,5,12,9465.294343072672,2
4846,23,5,"rx, ry",circular,276,3100,127,6,5,18,9465.52332231984,2
4847,20,7,rz,circular,160,1100,148,7,5,17,9465.523412493467,2
4848,18,6,"rz, ry",circular,252,3100,122,6,6,14,9465.603649415038,2
4849,13,8,"ry, rz",circular,234,3600,122,6,8,18,9467.10633418879,2
4850,15,6,rx,circular,105,1600,97,7,7,12,9467.86849475815,2
4851,14,9,"ry, rx, rz",circular,420,1400,156,6,5,15,9469.562562196197,2
4852,22,6,rz,circular,154,2500,139,5,5,11,9470.790410154763,2
4853,25,7,rx,circular,200,2800,183,6,7,10,9471.23587745823,2
4854,17,6,"ry, rz, rx",circular,357,2600,123,9,7,13,9471.24974721332,2
4855,20,8,"rx, rz",circular,360,2000,178,6,8,17,9471.347129861062,2
4856,16,7,"rz, ry",circular,256,2800,128,5,9,17,9474.981123995956,2
4857,12,7,rx,circular,96,1200,92,7,8,12,9475.917070807747,2
4858,25,7,"ry, rz",circular,400,3800,191,7,9,14,9477.676271121389,2
4859,12,6,rz,circular,84,1100,79,9,6,12,9478.00903969268,2
4860,13,8,rx,circular,117,1900,113,9,8,16,9482.306257190456,2
4861,21,9,ry,circular,210,3700,199,7,6,11,9484.82286255963,2
4862,19,5,"rx, rz, ry",circular,342,4000,113,6,7,16,9486.00972435066,2
4863,13,7,"ry, rz",circular,208,3500,107,6,9,14,9487.043996498842,2
4864,11,5,"rz, rx",circular,132,1900,67,9,6,16,9490.971323031259,2
4865,14,8,"ry, rx, rz",circular,378,1200,139,8,7,13,9492.324967274311,2
4866,21,8,rx,circular,189,3200,177,9,6,11,9495.446222835213,2
4867,21,7,rz,circular,168,3900,155,5,5,10,9496.183014288681,2
4868,22,8,rx,circular,198,2500,185,6,5,12,9496.852240731354,2
4869,25,7,"rx, rz",circular,400,1900,191,5,8,12,9497.11632051347,2
4870,25,7,"rz, ry, rx",circular,600,1100,199,6,7,12,9498.365363934548,2
4871,14,7,rz,circular,112,3300,106,8,6,11,9500.606047143052,2
4872,16,7,rz,circular,128,4600,120,7,5,18,9508.5524138234,2
4873,16,6,ry,circular,112,1300,103,5,7,11,9508.884325598583,2
4874,15,6,"rx, ry, rz",circular,315,2700,111,7,5,14,9509.316466540176,2
4875,11,6,ry,circular,77,2400,73,7,6,14,9510.772678385567,2
4876,19,4,"ry, rx, rz",circular,285,4800,91,7,6,15,9511.147823730116,2
4877,21,6,ry,circular,147,4700,133,6,5,14,9512.390788138173,2
4878,12,8,rx,circular,108,4400,105,9,7,13,9512.808462391478,2
4879,18,9,"ry, rz",circular,360,4900,182,5,8,19,9516.11680943208,2
4880,12,7,rx,circular,96,4500,92,6,7,13,9517.75877193938,2
4881,22,6,ry,circular,154,2100,139,5,8,17,9518.48383423712,2
4882,25,6,"rx, ry",circular,350,4800,164,5,6,15,9524.070498475701,2
4883,19,8,"rz, rx",circular,342,2000,170,5,8,15,9524.48664684112,2
4884,18,7,"rx, ry, rz",circular,432,1100,150,8,7,19,9525.214232520524,2
4885,21,6,"rz, ry",circular,294,3500,140,9,7,14,9526.655384240776,2
4886,23,7,ry,circular,184,1000,169,6,9,13,9527.531927327771,2
4887,23,7,"ry, rx",circular,368,2700,177,6,9,17,9528.48148187365,2
4888,14,5,"rx, rz, ry",circular,252,4900,88,8,7,13,9529.342999180415,2
4889,12,6,"ry, rx, rz",circular,252,2400,93,9,7,14,9533.875194770893,2
4890,17,5,"rz, rx, ry",circular,306,1300,103,6,9,16,9534.255139696246,2
4891,24,5,"rx, rz, ry",circular,432,4700,138,8,9,19,9537.824787015186,2
4892,14,6,"ry, rx",circular,196,4300,98,6,7,15,9538.235060255563,2
4893,14,5,"rx, ry, rz",circular,252,2100,88,7,8,13,9539.417627818266,2
4894,14,6,"rx, ry",circular,196,5000,98,9,9,12,9539.92645499298,2
4895,13,6,"rx, ry, rz",circular,273,4600,99,7,7,12,9542.889612669705,2
4896,23,7,rx,circular,184,1600,169,8,6,16,9543.35823194354,2
4897,12,9,"ry, rx",circular,240,5000,128,8,9,14,9549.20257429058,2
4898,21,8,rx,circular,189,1400,177,7,5,19,9550.38578566293,2
4899,24,4,"rz, ry",circular,240,3400,106,7,7,17,9550.38718227766,2
4900,14,6,rx,circular,98,1700,91,9,7,12,9550.996418356637,2
4901,21,7,rz,circular,168,1200,155,9,7,18,9554.273948483318,2
4902,22,6,ry,circular,154,3500,139,9,5,15,9554.61794858076,2
4903,25,7,"rx, rz, ry",circular,600,1300,199,7,9,11,9556.719430272855,2
4904,22,8,ry,circular,198,3600,185,7,5,17,9556.776449290957,2
4905,14,5,"rx, ry, rz",circular,252,4000,88,8,9,10,9559.205431987677,2
4906,24,5,"rx, ry",circular,288,1900,132,8,8,18,9562.681470774209,2
4907,14,3,"ry, rz",circular,112,3200,50,8,7,10,9562.902537613554,2
4908,15,8,ry,circular,135,1600,129,7,7,17,9564.868620434654,2
4909,18,8,"ry, rz",circular,324,2700,162,7,9,12,9570.534007805505,2
4910,11,5,"rz, rx, ry",circular,198,1100,73,9,7,17,9572.702626732695,2
4911,11,7,ry,circular,88,2800,85,5,6,18,9573.06021238153,2
4912,16,9,ry,circular,160,5000,154,8,9,17,9573.375019924948,2
4913,22,6,rx,circular,154,2100,139,6,5,14,9573.475297161227,2
4914,17,7,rx,circular,136,1100,127,6,6,10,9573.895592220433,2
4915,19,8,"ry, rz, rx",circular,513,1600,179,5,7,19,9574.650867380515,2
4916,12,7,"ry, rz",circular,192,1300,100,5,6,10,9575.65699156426,2
4917,19,6,"ry, rz, rx",circular,399,3900,135,7,5,10,9576.267950634125,2
4918,12,8,"rz, ry",circular,216,3000,114,8,5,13,9577.877441456498,2
4919,11,7,"rx, ry, rz",circular,264,1500,101,9,9,12,9577.982786238457,2
4920,13,6,rx,circular,91,1700,85,5,5,18,9578.131361504154,2
4921,23,6,"rx, ry, rz",circular,483,3400,159,9,8,19,9585.365053967816,2
4922,20,5,"rz, ry, rx",circular,360,4500,118,5,6,16,9585.981561816463,2
4923,24,8,"ry, rz",circular,432,1500,210,5,6,16,9586.463892249389,2
4924,16,7,"rx, ry",circular,256,1900,128,8,9,10,9588.158475960992,2
4925,23,8,"rx, rz",circular,414,4700,202,6,9,17,9590.598296025228,2
4926,15,6,"rz, rx, ry",circular,315,3800,111,5,9,15,9593.80409448535,2
4927,21,7,ry,circular,168,4800,155,9,6,15,9594.000486988312,2
4928,15,8,"rx, rz",circular,270,2700,138,8,9,18,9596.92021282242,2
4929,14,6,"rz, rx",circular,196,2000,98,6,6,19,9600.3091658066,2
4930,22,7,"ry, rz, rx",circular,528,4400,178,8,9,11,9601.055053508053,2
4931,13,3,rx,circular,52,4900,43,5,7,19,9603.549330361655,2
4932,13,5,rz,circular,78,3500,71,6,9,15,9606.083195953695,2
4933,25,9,"ry, rz, rx",circular,750,1100,255,5,6,13,9607.697183677174,2
4934,24,6,"ry, rz, rx",circular,504,2300,165,6,5,18,9612.242254198365,2
4935,13,9,"rz, ry, rx",circular,390,4100,147,7,5,17,9618.575982010945,2
4936,12,3,"ry, rx, rz",circular,144,1400,48,9,5,12,9619.160793768813,2
4937,11,3,"rz, rx",circular,88,4600,41,5,9,12,9621.923446454519,2
4938,21,10,rx,circular,231,1200,221,5,8,19,9623.063219030355,2
4939,22,6,"ry, rz",circular,308,1600,146,6,7,16,9623.680660682143,2
4940,10,5,rz,circular,60,2200,56,7,9,16,9623.754886821815,2
4941,24,9,"rx, rz",circular,480,1800,236,8,8,19,9623.98359394306,2
4942,11,7,"ry, rx, rz",circular,264,2200,101,5,7,13,9630.208797559753,2
4943,21,7,"rz, rx",circular,336,4900,163,7,9,13,9632.777859110753,2
4944,22,9,"rz, ry",circular,440,1700,218,7,6,19,9634.132990469629,2
4945,13,6,"rx, rz, ry",circular,273,4600,99,9,9,14,9635.550741482732,2
4946,16,8,"rx, ry, rz",circular,432,1000,155,8,8,16,9636.643291986153,2
4947,19,7,"rx, rz, ry",circular,456,3000,157,5,8,12,9637.341513907168,2
4948,15,9,"rx, rz",circular,300,1000,155,7,5,13,9643.484362734645,2
4949,19,5,rx,circular,114,4600,101,9,9,18,9644.227688304094,2
4950,15,8,rz,circular,135,4900,129,7,7,19,9644.728974844964,2
4951,24,6,"rz, rx",circular,336,3500,158,9,5,15,9645.502153968486,2
4952,24,7,"ry, rz, rx",circular,576,3700,192,6,6,19,9645.665450747309,2
4953,11,9,"rz, ry, rx",circular,330,2900,129,5,6,12,9645.81349299604,2
4954,20,7,ry,circular,160,1400,148,7,7,13,9647.1247815412,2
4955,18,8,"rz, ry",circular,324,1500,162,8,7,18,9647.50490317567,2
4956,21,6,"rz, rx",circular,294,2300,140,9,9,12,9648.309849555098,2
4957,22,4,"rz, rx, ry",circular,330,2300,103,7,6,12,9650.377557266116,2
4958,23,5,"rz, ry, rx",circular,414,4300,133,8,6,18,9654.403600789235,2
4959,24,7,ry,circular,192,1100,176,8,9,18,9654.859784990193,2
4960,14,5,"rz, ry, rx",circular,252,4700,88,7,7,18,9658.084315785349,2
4961,12,7,"rz, rx, ry",circular,288,2800,108,6,7,13,9658.943222391334,2
4962,10,6,"ry, rx, rz",circular,210,3200,81,6,6,12,9660.896220039007,2
4963,10,8,"rx, ry, rz",circular,270,4700,107,8,8,12,9662.355818113734,2
4964,14,6,"rz, rx",circular,196,2000,98,5,6,15,9662.363511834716,2
4965,21,6,rz,circular,147,4500,133,8,6,16,9662.485447951443,2
4966,16,7,"ry, rx, rz",circular,384,1000,136,9,6,17,9664.39144584404,2
4967,16,6,"rz, rx, ry",circular,336,2400,117,9,8,17,9664.665446397279,2
4968,24,7,"rz, rx",circular,384,4400,184,7,9,13,9668.017422728242,2
4969,17,6,"rx, rz, ry",circular,357,2400,123,7,5,19,9669.846814252936,2
4970,23,7,rz,circular,184,1000,169,7,7,18,9673.968717340902,2
4971,13,6,"ry, rx, rz",circular,273,2800,99,5,9,10,9678.13565732934,2
4972,12,5,rz,circular,72,4200,66,9,7,10,9686.27034272424,2
4973,24,7,"rz, ry",circular,384,2500,184,9,8,14,9687.53935381461,2
4974,21,8,"rz, rx, ry",circular,567,3200,195,6,8,14,9687.659565806445,2
4975,14,3,rz,circular,56,4300,46,5,8,17,9693.003724637523,2
4976,22,4,"rz, ry, rx",circular,330,4500,103,9,6,15,9693.14541611598,2
4977,18,6,"rx, ry, rz",circular,378,4500,129,8,6,11,9696.696787292236,2
4978,14,5,ry,circular,84,4400,76,7,8,13,9701.415822784731,2
4979,13,7,"rz, rx, ry",circular,312,3000,115,9,6,14,9711.493905899202,2
4980,24,5,"rx, rz, ry",circular,432,1700,138,5,5,16,9714.87163675148,2
4981,22,5,ry,circular,132,2500,116,7,9,19,9718.059322447656,2
4982,23,7,"rx, ry",circular,368,2200,177,9,8,10,9718.996158868593,2
4983,25,8,"rz, ry",circular,450,2900,218,5,7,17,9719.840352125122,2
4984,10,8,"rz, rx",circular,180,5000,98,5,9,16,9720.37141173479,2
4985,11,5,"rx, rz, ry",circular,198,3000,73,9,8,18,9721.63027320815,2
4986,25,4,"rz, ry",circular,250,3600,110,8,9,12,9721.884002646726,2
4987,15,8,"rx, ry",circular,270,3300,138,7,7,15,9723.665828852403,2
4988,14,6,"ry, rx",circular,196,4300,98,5,5,19,9725.201510811146,2
4989,13,6,"rz, ry, rx",circular,273,3500,99,6,6,16,9728.528677570619,2
4990,16,6,ry,circular,112,1600,103,8,5,18,9734.988528929525,2
4991,21,10,ry,circular,231,2300,221,8,5,10,9736.303921181609,2
4992,17,8,rz,circular,153,3800,145,9,7,14,9736.944126278946,2
4993,24,8,"rx, rz",circular,432,3200,210,5,6,15,9737.879988311604,2
4994,14,7,"ry, rx",circular,224,3600,114,9,8,12,9738.311891791325,2
4995,20,4,"rx, rz",circular,200,2500,90,6,9,15,9739.55566061887,2
4996,16,5,rz,circular,96,3500,86,8,8,16,9743.044698707214,2
4997,23,6,rz,circular,161,2100,145,9,7,16,9743.240976670299,2
4998,18,8,"rz, rx",circular,324,1100,162,6,9,17,9743.49527932918,2
4999,15,6,"ry, rx",circular,210,1600,104,9,6,19,9744.134532003647,2
5000,10,9,"ry, rz, rx",circular,300,3200,120,8,5,18,9745.19530581223,2
