job_id,num_qubits,depth,priority,arrival_time,num_shots,req_iterations,cpu_units,mem_bw
0,13,11,2,1.5532,6000,3,9,18
1,19,16,2,2.3628,4000,3,10,20
2,19,20,2,2.8946,3000,3,10,20
3,19,15,2,3.1956,4000,3,10,20
4,11,12,2,7.3003,7000,3,8,15
5,16,13,2,8.3368,8000,3,10,20
6,20,20,2,8.6446,5000,3,10,20
7,11,17,2,10.8988,9000,3,8,15
8,13,13,2,12.136,4000,3,9,18
9,13,18,2,12.2296,5000,3,9,18
10,17,12,2,13.6177,6000,3,10,20
11,19,13,2,13.7292,9000,3,10,20
12,16,16,2,13.9547,7000,3,10,20
13,18,14,2,14.2851,9000,3,10,20
14,18,13,2,14.7652,5000,3,10,20
15,17,12,2,14.7828,9000,3,10,20
16,13,11,2,15.1777,8000,3,9,18
17,16,17,2,15.1884,6000,3,10,20
18,16,20,2,15.5225,6000,3,10,20
19,18,11,2,15.8476,9000,3,10,20
20,15,14,2,15.9081,6000,3,10,20
21,19,11,2,15.9826,7000,3,10,20
22,12,16,2,16.6326,3000,3,8,17
23,11,11,2,17.3286,7000,3,8,15
24,10,11,2,18.039,5000,3,7,14
25,12,13,2,20.1326,4000,3,8,17
26,14,13,2,21.3172,4000,3,9,19
27,19,11,2,22.1119,4000,3,10,20
28,20,18,2,22.4673,5000,3,10,20
29,11,11,2,23.1083,5000,3,8,15
30,19,20,2,23.8739,2000,3,10,20
31,18,13,2,24.7165,9000,3,10,20
32,16,16,2,25.0866,5000,3,10,20
33,13,17,2,25.468,6000,3,9,18
34,17,13,2,25.6825,9000,3,10,20
35,19,10,2,25.775,3000,3,10,20
36,11,14,2,26.1111,6000,3,8,15
37,12,16,2,26.1682,3000,3,8,17
38,17,14,2,26.2027,3000,3,10,20
39,10,14,2,26.2145,5000,3,7,14
40,16,12,2,27.8729,9000,3,10,20
41,20,15,2,29.1703,3000,3,10,20
42,15,13,2,30.927,3000,3,10,20
43,14,10,2,31.0778,6000,3,9,19
44,13,12,2,31.8127,4000,3,9,18
45,12,20,2,31.9537,2000,3,8,17
46,19,20,2,32.0662,8000,3,10,20
47,19,15,2,32.4902,3000,3,10,20
48,12,18,2,32.9391,4000,3,8,17
49,19,16,2,33.6327,8000,3,10,20
50,14,19,2,34.094,4000,3,9,19
51,11,19,2,34.2076,4000,3,8,15
52,11,11,2,34.3613,9000,3,8,15
53,18,19,2,36.144,8000,3,10,20
54,10,18,2,36.2641,9000,3,7,14
55,17,16,2,36.4303,8000,3,10,20
56,18,11,2,36.6054,3000,3,10,20
57,14,12,2,36.9787,6000,3,9,19
58,18,11,2,37.5288,5000,3,10,20
59,20,19,2,39.3373,8000,3,10,20
60,15,14,2,41.2917,8000,3,10,20
61,12,17,2,44.408,9000,3,8,17
62,20,13,2,45.2233,7000,3,10,20
63,11,17,2,47.4223,9000,3,8,15
64,13,13,2,47.5345,7000,3,9,18
65,11,10,2,48.3791,6000,3,8,15
66,20,20,2,48.5595,5000,3,10,20
67,17,17,2,49.6714,6000,3,10,20
68,13,11,2,50.576,7000,3,9,18
69,18,12,2,50.8234,7000,3,10,20
70,14,18,2,51.6769,3000,3,9,19
71,18,13,2,54.0248,3000,3,10,20
72,10,18,2,54.2151,9000,3,7,14
73,13,11,2,54.8947,6000,3,9,18
74,12,15,2,55.3849,8000,3,8,17
75,11,17,2,57.927,7000,3,8,15
76,19,18,2,58.0008,8000,3,10,20
77,17,11,2,58.4331,5000,3,10,20
78,17,20,2,61.2855,3000,3,10,20
79,17,14,2,61.6415,2000,3,10,20
80,14,17,2,62.1167,9000,3,9,19
81,19,15,2,62.2021,3000,3,10,20
82,15,10,2,64.7178,9000,3,10,20
83,20,16,2,65.6267,6000,3,10,20
84,11,13,2,66.1253,6000,3,8,15
85,11,13,2,66.6144,9000,3,8,15
86,20,10,2,68.5803,6000,3,10,20
87,11,11,2,69.3063,8000,3,8,15
88,10,14,2,69.759,5000,3,7,14
89,12,12,2,70.171,2000,3,8,17
90,17,13,2,71.4696,9000,3,10,20
91,12,15,2,74.3931,6000,3,8,17
92,14,16,2,74.7393,2000,3,9,19
93,12,15,2,75.2222,2000,3,8,17
94,15,15,2,75.2425,6000,3,10,20
95,16,12,2,75.3104,9000,3,10,20
96,20,12,2,75.6417,4000,3,10,20
97,11,13,2,76.6074,8000,3,8,15
98,14,19,2,77.6184,6000,3,9,19
99,19,20,2,79.2011,7000,3,10,20
100,11,10,2,80.559,6000,3,8,15
101,19,16,2,84.0485,8000,3,10,20
102,14,19,2,84.6551,3000,3,9,19
103,15,13,2,86.4481,4000,3,10,20
104,18,15,2,89.7427,4000,3,10,20
105,12,11,2,91.7629,5000,3,8,17
106,19,13,2,92.4622,7000,3,10,20
107,19,14,2,94.201,6000,3,10,20
108,12,10,2,95.1528,2000,3,8,17
109,14,17,2,97.0716,4000,3,9,19
110,11,12,2,102.0526,3000,3,8,15
111,17,17,2,103.1276,9000,3,10,20
112,20,12,2,103.2722,7000,3,10,20
113,18,14,2,105.0785,8000,3,10,20
114,12,16,2,105.1051,7000,3,8,17
115,19,13,2,106.0192,2000,3,10,20
116,13,19,2,106.4385,8000,3,9,18
117,20,12,2,106.6923,6000,3,10,20
118,16,18,2,107.7329,3000,3,10,20
119,20,13,2,108.3061,2000,3,10,20
120,16,15,2,110.319,7000,3,10,20
121,14,18,2,110.7999,3000,3,9,19
122,16,18,2,110.8711,9000,3,10,20
123,18,17,2,113.7936,3000,3,10,20
124,16,18,2,113.8841,7000,3,10,20
125,15,19,2,114.5093,2000,3,10,20
126,16,15,2,116.532,8000,3,10,20
127,20,17,2,116.6256,3000,3,10,20
128,10,16,2,119.3331,8000,3,7,14
129,18,19,2,119.7987,9000,3,10,20
130,13,13,2,120.743,8000,3,9,18
131,10,15,2,122.0554,2000,3,7,14
132,13,10,2,122.3953,2000,3,9,18
133,19,15,2,124.731,7000,3,10,20
134,11,19,2,125.6947,5000,3,8,15
135,20,19,2,127.7399,3000,3,10,20
136,18,17,2,127.9804,4000,3,10,20
137,12,13,2,128.9971,4000,3,8,17
138,14,19,2,129.3273,6000,3,9,19
139,16,16,2,132.1622,7000,3,10,20
140,14,13,2,133.1527,5000,3,9,19
141,12,17,2,133.8051,6000,3,8,17
142,18,19,2,137.6565,6000,3,10,20
143,13,14,2,137.9525,7000,3,9,18
144,17,18,2,138.4309,8000,3,10,20
145,14,13,2,138.5779,2000,3,9,19
146,15,17,2,139.8259,3000,3,10,20
147,15,20,2,139.8448,4000,3,10,20
148,18,12,2,139.8752,6000,3,10,20
149,13,15,2,139.9397,9000,3,9,18
150,20,15,2,139.9821,8000,3,10,20
151,14,10,2,140.1986,6000,3,9,19
152,10,15,2,140.7711,8000,3,7,14
153,16,15,2,141.9857,6000,3,10,20
154,14,13,2,143.8482,6000,3,9,19
155,14,14,2,144.6055,6000,3,9,19
156,12,18,2,144.9957,2000,3,8,17
157,15,19,2,147.5837,3000,3,10,20
158,15,16,2,148.6582,6000,3,10,20
159,16,14,2,149.1862,8000,3,10,20
160,13,20,2,149.5488,7000,3,9,18
161,13,15,2,149.9426,7000,3,9,18
162,20,14,2,153.1279,7000,3,10,20
163,20,12,2,153.2799,4000,3,10,20
164,13,14,2,155.0132,3000,3,9,18
165,10,14,2,155.2379,9000,3,7,14
166,17,14,2,155.6966,3000,3,10,20
167,13,13,2,156.096,3000,3,9,18
168,19,11,2,156.2194,7000,3,10,20
169,14,15,2,157.5748,6000,3,9,19
170,17,13,2,158.1928,9000,3,10,20
171,19,10,2,159.0821,6000,3,10,20
172,11,11,2,159.4045,7000,3,8,15
173,15,14,2,160.6377,8000,3,10,20
174,15,16,2,162.0082,5000,3,10,20
175,12,19,2,162.3283,5000,3,8,17
176,12,10,2,162.4039,2000,3,8,17
177,19,14,2,162.5217,5000,3,10,20
178,11,13,2,162.5783,9000,3,8,15
179,19,16,2,164.6727,4000,3,10,20
180,15,13,2,166.0571,9000,3,10,20
181,20,11,2,166.7848,9000,3,10,20
182,14,18,2,167.7951,5000,3,9,19
183,11,19,2,170.6896,9000,3,8,15
184,15,15,2,170.8784,5000,3,10,20
185,16,13,2,171.0674,3000,3,10,20
186,15,15,2,171.1755,9000,3,10,20
187,16,15,2,173.6295,6000,3,10,20
188,16,20,2,174.5124,3000,3,10,20
189,11,14,2,176.1942,5000,3,8,15
190,15,12,2,176.3082,3000,3,10,20
191,15,13,2,176.895,7000,3,10,20
192,14,14,2,177.2085,9000,3,9,19
193,19,20,2,177.7798,7000,3,10,20
194,19,12,2,179.6897,3000,3,10,20
195,19,11,2,179.812,3000,3,10,20
196,16,11,2,181.1296,4000,3,10,20
197,19,16,2,182.8388,4000,3,10,20
198,20,14,2,183.5979,5000,3,10,20
199,20,18,2,184.0917,5000,3,10,20
200,10,13,2,184.1491,5000,3,7,14
201,13,14,2,185.7749,5000,3,9,18
202,11,20,2,185.9902,7000,3,8,15
203,15,15,2,186.6931,9000,3,10,20
204,17,15,2,186.6939,5000,3,10,20
205,16,14,2,187.4062,3000,3,10,20
206,20,11,2,187.4437,8000,3,10,20
207,14,13,2,187.9471,2000,3,9,19
208,17,17,2,189.3884,7000,3,10,20
209,17,10,2,190.3771,8000,3,10,20
210,11,10,2,190.9435,7000,3,8,15
211,13,12,2,192.1285,2000,3,9,18
212,20,13,2,192.5625,7000,3,10,20
213,20,17,2,194.4257,5000,3,10,20
214,12,20,2,195.0555,3000,3,8,17
215,12,19,2,195.473,3000,3,8,17
216,15,12,2,195.6876,2000,3,10,20
217,14,15,2,200.6956,5000,3,9,19
218,18,19,2,201.724,6000,3,10,20
219,12,20,2,203.0451,5000,3,8,17
220,19,17,2,204.6823,6000,3,10,20
221,20,15,2,208.5145,6000,3,10,20
222,19,18,2,212.3502,3000,3,10,20
223,14,17,2,212.9618,4000,3,9,19
224,20,14,2,214.5748,4000,3,10,20
225,18,20,2,214.6517,3000,3,10,20
226,11,13,2,215.011,4000,3,8,15
227,13,17,2,215.0532,3000,3,9,18
228,20,12,2,216.2835,9000,3,10,20
229,13,19,2,217.1663,6000,3,9,18
230,14,16,2,217.4416,4000,3,9,19
231,10,11,2,218.1447,3000,3,7,14
232,20,10,2,220.1571,6000,3,10,20
233,15,11,2,220.6486,6000,3,10,20
234,17,18,2,220.9308,7000,3,10,20
235,19,10,2,223.2705,4000,3,10,20
236,12,13,2,223.5995,8000,3,8,17
237,11,11,2,224.1333,8000,3,8,15
238,16,20,2,225.0747,9000,3,10,20
239,13,12,2,226.7078,2000,3,9,18
240,12,13,2,227.0068,5000,3,8,17
241,15,13,2,228.1216,3000,3,10,20
242,18,14,2,229.1437,2000,3,10,20
243,10,13,2,229.3892,7000,3,7,14
244,15,16,2,229.7214,3000,3,10,20
245,17,20,2,232.0301,4000,3,10,20
246,16,14,2,233.6041,4000,3,10,20
247,20,15,2,233.8041,9000,3,10,20
248,14,19,2,234.0194,4000,3,9,19
249,18,13,2,237.4541,4000,3,10,20
250,16,16,2,241.2431,4000,3,10,20
251,19,19,2,242.7688,3000,3,10,20
252,14,15,2,243.5835,2000,3,9,19
253,16,13,2,243.9554,6000,3,10,20
254,14,20,2,244.4744,7000,3,9,19
255,15,20,2,245.0127,9000,3,10,20
256,17,20,2,245.3961,2000,3,10,20
257,18,12,2,245.9424,5000,3,10,20
258,19,11,2,246.8717,8000,3,10,20
259,15,17,2,247.2192,6000,3,10,20
260,16,17,2,250.6845,2000,3,10,20
261,13,13,2,252.0743,9000,3,9,18
262,10,15,2,252.906,5000,3,7,14
263,20,10,2,255.3617,8000,3,10,20
264,15,20,2,255.9458,8000,3,10,20
265,18,15,2,256.1724,7000,3,10,20
266,15,19,2,258.5671,8000,3,10,20
267,10,11,2,261.6968,5000,3,7,14
268,11,18,2,263.9334,3000,3,8,15
269,20,20,2,264.4897,4000,3,10,20
270,14,17,2,264.9903,3000,3,9,19
271,11,13,2,265.1146,5000,3,8,15
272,10,14,2,265.7047,6000,3,7,14
273,14,20,2,266.3428,3000,3,9,19
274,18,13,2,267.981,5000,3,10,20
275,19,14,2,268.4554,2000,3,10,20
276,18,12,2,270.291,6000,3,10,20
277,14,10,2,270.4126,5000,3,9,19
278,18,12,2,272.4456,2000,3,10,20
279,19,16,2,274.2524,3000,3,10,20
280,18,13,2,275.0677,4000,3,10,20
281,15,11,2,275.1763,2000,3,10,20
282,11,16,2,275.6913,6000,3,8,15
283,19,10,2,276.0806,9000,3,10,20
284,12,20,2,276.297,7000,3,8,17
285,19,13,2,277.6437,3000,3,10,20
286,10,15,2,277.9636,5000,3,7,14
287,20,16,2,278.0989,7000,3,10,20
288,16,15,2,278.9161,2000,3,10,20
289,20,17,2,278.9438,4000,3,10,20
290,20,13,2,279.8725,8000,3,10,20
291,11,19,2,280.0458,2000,3,8,15
292,14,15,2,280.6722,5000,3,9,19
293,16,18,2,281.5479,5000,3,10,20
294,15,20,2,283.1193,6000,3,10,20
295,19,15,2,283.3017,5000,3,10,20
296,20,17,2,283.3091,2000,3,10,20
297,12,19,2,284.091,8000,3,8,17
298,11,12,2,285.6873,4000,3,8,15
299,19,17,2,285.9355,6000,3,10,20
300,19,13,2,288.0951,7000,3,10,20
301,18,13,2,289.7853,8000,3,10,20
302,19,17,2,289.8794,7000,3,10,20
303,12,14,2,291.9515,2000,3,8,17
304,20,19,2,292.9124,6000,3,10,20
305,20,13,2,293.3424,4000,3,10,20
306,10,12,2,294.1662,5000,3,7,14
307,16,15,2,294.43,2000,3,10,20
308,14,20,2,295.6382,9000,3,9,19
309,14,18,2,295.7388,6000,3,9,19
310,15,10,2,297.6554,4000,3,10,20
311,14,13,2,297.9478,2000,3,9,19
312,20,18,2,299.914,6000,3,10,20
313,20,15,2,299.9878,5000,3,10,20
314,12,12,2,302.4062,4000,3,8,17
315,10,11,2,303.8963,8000,3,7,14
316,20,20,2,304.302,2000,3,10,20
317,20,19,2,304.8319,8000,3,10,20
318,13,18,2,305.7155,9000,3,9,18
319,18,17,2,306.8892,8000,3,10,20
320,20,14,2,307.8118,7000,3,10,20
321,16,15,2,307.8259,6000,3,10,20
322,15,14,2,308.4037,5000,3,10,20
323,13,15,2,309.0618,6000,3,9,18
324,18,13,2,309.1767,9000,3,10,20
325,18,18,2,309.2688,6000,3,10,20
326,14,11,2,310.6153,8000,3,9,19
327,15,12,2,312.3937,8000,3,10,20
328,15,16,2,312.7665,4000,3,10,20
329,14,20,2,312.89,6000,3,9,19
330,20,20,2,314.9548,3000,3,10,20
331,20,13,2,317.3347,7000,3,10,20
332,15,19,2,317.5235,8000,3,10,20
333,11,17,2,317.6485,6000,3,8,15
334,16,14,2,317.7219,3000,3,10,20
335,18,16,2,317.9164,9000,3,10,20
336,20,16,2,318.4326,3000,3,10,20
337,13,14,2,319.7794,4000,3,9,18
338,16,11,2,320.8069,2000,3,10,20
339,18,10,2,321.8168,3000,3,10,20
340,12,16,2,321.8759,2000,3,8,17
341,11,14,2,322.5769,8000,3,8,15
342,13,19,2,323.3323,6000,3,9,18
343,19,10,2,323.6447,6000,3,10,20
344,15,10,2,325.618,7000,3,10,20
345,13,19,2,325.6639,2000,3,9,18
346,19,14,2,325.7133,9000,3,10,20
347,10,20,2,325.7937,7000,3,7,14
348,14,14,2,326.0565,9000,3,9,19
349,20,20,2,327.0089,2000,3,10,20
350,10,18,2,327.4836,6000,3,7,14
351,19,12,2,328.9552,5000,3,10,20
352,20,16,2,330.0239,7000,3,10,20
353,11,18,2,330.7125,9000,3,8,15
354,10,18,2,330.743,6000,3,7,14
355,14,20,2,330.8965,8000,3,9,19
356,16,17,2,331.2973,4000,3,10,20
357,13,11,2,331.3729,4000,3,9,18
358,11,19,2,331.9223,6000,3,8,15
359,15,17,2,334.5757,2000,3,10,20
360,12,20,2,335.3503,9000,3,8,17
361,20,16,2,339.5068,5000,3,10,20
362,13,18,2,339.9652,8000,3,9,18
363,19,13,2,340.2558,7000,3,10,20
364,19,15,2,341.6728,6000,3,10,20
365,14,16,2,341.9517,3000,3,9,19
366,16,18,2,342.0875,6000,3,10,20
367,13,20,2,342.306,3000,3,9,18
368,20,10,2,345.8927,4000,3,10,20
369,14,10,2,347.1373,3000,3,9,19
370,15,17,2,347.2606,7000,3,10,20
371,12,20,2,347.6385,5000,3,8,17
372,14,14,2,347.8362,8000,3,9,19
373,16,10,2,348.2742,8000,3,10,20
374,11,15,2,348.2932,8000,3,8,15
375,17,16,2,348.3173,9000,3,10,20
376,14,20,2,348.615,2000,3,9,19
377,17,18,2,350.4156,5000,3,10,20
378,11,14,2,350.4791,5000,3,8,15
379,18,10,2,351.349,9000,3,10,20
380,10,19,2,352.9546,5000,3,7,14
381,19,15,2,355.9291,2000,3,10,20
382,12,19,2,357.2778,4000,3,8,17
383,10,11,2,357.4381,6000,3,7,14
384,13,19,2,357.459,7000,3,9,18
385,10,17,2,357.7746,7000,3,7,14
386,15,19,2,358.8694,4000,3,10,20
387,13,18,2,359.5227,4000,3,9,18
388,15,10,2,360.4664,9000,3,10,20
389,11,11,2,361.0455,6000,3,8,15
390,11,13,2,361.6898,8000,3,8,15
391,15,11,2,362.93,3000,3,10,20
392,15,19,2,365.677,6000,3,10,20
393,12,12,2,365.7301,8000,3,8,17
394,18,10,2,366.4769,6000,3,10,20
395,20,13,2,367.6438,6000,3,10,20
396,13,12,2,367.7312,4000,3,9,18
397,15,18,2,368.8343,4000,3,10,20
398,10,16,2,369.6827,6000,3,7,14
399,15,10,2,370.3659,3000,3,10,20
400,14,18,2,371.8909,4000,3,9,19
401,11,18,2,371.9138,3000,3,8,15
402,11,16,2,372.3318,5000,3,8,15
403,16,14,2,372.6548,3000,3,10,20
404,10,10,2,373.2953,3000,3,7,14
405,12,14,2,374.4196,9000,3,8,17
406,15,19,2,375.5001,3000,3,10,20
407,16,19,2,377.2958,7000,3,10,20
408,15,12,2,377.5929,9000,3,10,20
409,14,16,2,378.8365,3000,3,9,19
410,16,19,2,378.8791,9000,3,10,20
411,14,10,2,379.199,2000,3,9,19
412,15,20,2,379.6022,6000,3,10,20
413,10,15,2,381.1638,3000,3,7,14
414,18,20,2,381.7443,4000,3,10,20
415,16,10,2,382.3192,4000,3,10,20
416,16,10,2,384.4003,5000,3,10,20
417,14,13,2,386.2517,7000,3,9,19
418,18,19,2,387.1384,4000,3,10,20
419,11,12,2,387.7234,7000,3,8,15
420,11,20,2,389.2707,5000,3,8,15
421,17,15,2,389.6459,4000,3,10,20
422,10,12,2,391.3936,9000,3,7,14
423,17,19,2,391.9632,7000,3,10,20
424,11,15,2,392.3881,7000,3,8,15
425,18,10,2,393.6085,4000,3,10,20
426,10,17,2,393.8613,3000,3,7,14
427,20,11,2,394.6488,9000,3,10,20
428,16,19,2,396.8449,2000,3,10,20
429,12,16,2,396.9085,8000,3,8,17
430,14,19,2,397.5909,6000,3,9,19
431,11,12,2,398.2889,4000,3,8,15
432,16,17,2,398.4463,2000,3,10,20
433,20,18,2,398.8507,5000,3,10,20
434,14,16,2,399.0655,6000,3,9,19
435,12,18,2,399.6909,7000,3,8,17
436,20,11,2,399.8744,2000,3,10,20
437,11,17,2,400.046,6000,3,8,15
438,14,16,2,400.1471,7000,3,9,19
439,16,13,2,400.6643,9000,3,10,20
440,11,12,2,402.4342,9000,3,8,15
441,15,12,2,403.5388,3000,3,10,20
442,16,20,2,403.9403,7000,3,10,20
443,18,14,2,404.6381,2000,3,10,20
444,10,12,2,404.9786,8000,3,7,14
445,18,10,2,405.1992,6000,3,10,20
446,20,17,2,405.3549,2000,3,10,20
447,19,12,2,406.1301,9000,3,10,20
448,19,10,2,406.2722,6000,3,10,20
449,17,13,2,406.366,8000,3,10,20
450,18,16,2,408.7974,2000,3,10,20
451,14,18,2,408.9573,5000,3,9,19
452,14,18,2,409.4439,6000,3,9,19
453,18,10,2,410.1222,9000,3,10,20
454,14,16,2,410.2732,3000,3,9,19
455,18,11,2,411.1067,8000,3,10,20
456,18,13,2,412.4601,2000,3,10,20
457,12,16,2,415.2476,7000,3,8,17
458,11,11,2,415.6663,4000,3,8,15
459,16,17,2,417.6593,9000,3,10,20
460,13,18,2,418.6081,7000,3,9,18
461,10,13,2,419.325,2000,3,7,14
462,17,13,2,419.7526,4000,3,10,20
463,13,14,2,420.27,7000,3,9,18
464,13,19,2,421.3751,6000,3,9,18
465,10,12,2,421.4398,7000,3,7,14
466,20,16,2,421.5573,4000,3,10,20
467,20,13,2,422.0856,5000,3,10,20
468,18,19,2,422.4113,3000,3,10,20
469,14,15,2,422.6024,4000,3,9,19
470,19,17,2,422.8492,3000,3,10,20
471,11,20,2,423.2631,5000,3,8,15
472,17,20,2,425.1877,8000,3,10,20
473,17,16,2,426.5343,6000,3,10,20
474,14,13,2,427.7018,6000,3,9,19
475,14,10,2,428.3744,3000,3,9,19
476,15,13,2,429.0635,6000,3,10,20
477,18,16,2,429.5023,8000,3,10,20
478,14,12,2,429.9241,5000,3,9,19
479,19,10,2,430.1712,3000,3,10,20
480,13,19,2,430.4075,9000,3,9,18
481,10,14,2,431.3011,3000,3,7,14
482,16,18,2,431.9329,5000,3,10,20
483,19,15,2,433.0828,4000,3,10,20
484,14,13,2,435.1056,3000,3,9,19
485,12,20,2,435.1158,9000,3,8,17
486,14,14,2,436.1038,2000,3,9,19
487,18,20,2,438.5437,2000,3,10,20
488,10,11,2,439.2104,4000,3,7,14
489,12,16,2,440.3769,7000,3,8,17
490,11,11,2,440.4804,9000,3,8,15
491,13,13,2,443.5584,2000,3,9,18
492,15,12,2,444.3292,9000,3,10,20
493,19,18,2,444.7265,2000,3,10,20
494,16,16,2,444.9903,8000,3,10,20
495,15,19,2,445.2597,9000,3,10,20
496,18,11,2,445.691,9000,3,10,20
497,17,20,2,446.534,6000,3,10,20
498,12,18,2,447.5953,3000,3,8,17
499,13,15,2,447.7231,6000,3,9,18
500,13,18,2,449.4421,8000,3,9,18
501,18,20,2,450.657,4000,3,10,20
502,15,15,2,450.7449,5000,3,10,20
503,12,15,2,450.9519,3000,3,8,17
504,13,14,2,452.0248,7000,3,9,18
505,16,10,2,453.981,4000,3,10,20
506,15,16,2,454.5064,3000,3,10,20
507,18,18,2,455.2912,3000,3,10,20
508,15,11,2,456.4668,3000,3,10,20
509,19,10,2,456.6696,2000,3,10,20
510,13,10,2,457.3405,8000,3,9,18
511,10,16,2,458.7275,3000,3,7,14
512,20,12,2,459.2247,7000,3,10,20
513,10,19,2,460.1198,4000,3,7,14
514,12,12,2,461.8156,5000,3,8,17
515,10,12,2,461.8536,7000,3,7,14
516,10,14,2,462.3849,2000,3,7,14
517,12,18,2,462.4775,5000,3,8,17
518,19,13,2,463.1192,3000,3,10,20
519,15,16,2,463.5122,6000,3,10,20
520,11,14,2,463.816,9000,3,8,15
521,12,17,2,464.4836,2000,3,8,17
522,11,14,2,464.5486,2000,3,8,15
523,13,19,2,464.5493,6000,3,9,18
524,20,17,2,465.7331,4000,3,10,20
525,12,20,2,468.404,4000,3,8,17
526,20,13,2,468.6365,5000,3,10,20
527,19,17,2,468.65,3000,3,10,20
528,12,16,2,468.7153,4000,3,8,17
529,16,19,2,468.9004,8000,3,10,20
530,14,18,2,469.392,7000,3,9,19
531,20,12,2,469.4088,8000,3,10,20
532,20,10,2,470.3212,4000,3,10,20
533,19,20,2,471.0227,6000,3,10,20
534,17,18,2,471.4321,4000,3,10,20
535,14,11,2,472.619,7000,3,9,19
536,17,20,2,472.9426,2000,3,10,20
537,18,13,2,473.5823,6000,3,10,20
538,11,15,2,474.8882,6000,3,8,15
539,11,12,2,476.2806,3000,3,8,15
540,13,12,2,476.8574,5000,3,9,18
541,18,11,2,477.2046,2000,3,10,20
542,18,15,2,478.2591,2000,3,10,20
543,15,10,2,479.3229,2000,3,10,20
544,20,14,2,480.4474,3000,3,10,20
545,17,12,2,482.3635,5000,3,10,20
546,17,18,2,483.452,4000,3,10,20
547,13,10,2,483.5991,8000,3,9,18
548,11,13,2,484.3474,5000,3,8,15
549,16,18,2,485.0425,7000,3,10,20
550,14,12,2,485.7503,5000,3,9,19
551,18,14,2,485.8324,3000,3,10,20
552,12,10,2,487.354,5000,3,8,17
553,13,17,2,487.4994,5000,3,9,18
554,10,12,2,488.6955,3000,3,7,14
555,18,20,2,489.1552,7000,3,10,20
556,11,16,2,489.816,8000,3,8,15
557,14,15,2,489.8434,5000,3,9,19
558,18,19,2,490.0812,2000,3,10,20
559,15,17,2,490.2799,9000,3,10,20
560,10,13,2,491.3451,9000,3,7,14
561,12,15,2,491.6764,8000,3,8,17
562,14,14,2,492.3876,6000,3,9,19
563,14,12,2,492.5251,9000,3,9,19
564,12,10,2,492.839,5000,3,8,17
565,20,12,2,493.4963,8000,3,10,20
566,17,17,2,495.2929,3000,3,10,20
567,15,18,2,496.1083,5000,3,10,20
568,14,11,2,496.287,3000,3,9,19
569,10,13,2,496.9386,9000,3,7,14
570,10,20,2,497.2117,8000,3,7,14
571,10,19,2,497.6425,3000,3,7,14
572,16,14,2,499.651,7000,3,10,20
573,12,15,2,499.9716,4000,3,8,17
574,13,13,2,500.129,2000,3,9,18
575,14,20,2,501.3748,2000,3,9,19
576,20,20,2,501.6345,3000,3,10,20
577,16,19,2,502.1688,3000,3,10,20
578,12,17,2,504.0456,9000,3,8,17
579,20,18,2,509.3147,6000,3,10,20
580,19,13,2,509.7181,4000,3,10,20
581,16,14,2,510.4363,2000,3,10,20
582,11,20,2,510.4993,7000,3,8,15
583,13,13,2,511.7129,8000,3,9,18
584,11,10,2,511.811,7000,3,8,15
585,11,20,2,513.1932,4000,3,8,15
586,19,11,2,514.3954,2000,3,10,20
587,18,13,2,514.5903,3000,3,10,20
588,17,19,2,514.8189,4000,3,10,20
589,20,17,2,515.0334,8000,3,10,20
590,20,20,2,517.5162,4000,3,10,20
591,19,13,2,519.3566,6000,3,10,20
592,12,10,2,519.4274,5000,3,8,17
593,15,11,2,519.6482,5000,3,10,20
594,16,16,2,522.3209,8000,3,10,20
595,10,15,2,522.6493,5000,3,7,14
596,15,11,2,523.8422,9000,3,10,20
597,12,15,2,524.4415,4000,3,8,17
598,10,11,2,524.8772,4000,3,7,14
599,15,10,2,526.1632,5000,3,10,20
600,10,18,2,526.2245,2000,3,7,14
601,15,17,2,527.9664,5000,3,10,20
602,20,16,2,528.0774,9000,3,10,20
603,19,20,2,530.1882,6000,3,10,20
604,16,11,2,531.4808,9000,3,10,20
605,11,11,2,532.3949,6000,3,8,15
606,18,11,2,533.6777,6000,3,10,20
607,17,17,2,533.7337,8000,3,10,20
608,20,11,2,535.3401,5000,3,10,20
609,12,17,2,535.688,3000,3,8,17
610,19,12,2,537.0694,2000,3,10,20
611,14,16,2,537.5836,2000,3,9,19
612,18,13,2,538.4743,6000,3,10,20
613,14,19,2,540.4547,5000,3,9,19
614,10,20,2,540.8946,3000,3,7,14
615,10,10,2,541.394,7000,3,7,14
616,11,14,2,541.5482,3000,3,8,15
617,17,14,2,544.1871,6000,3,10,20
618,14,12,2,545.2576,3000,3,9,19
619,18,20,2,548.7131,9000,3,10,20
620,16,15,2,549.9641,7000,3,10,20
621,11,14,2,550.1179,6000,3,8,15
622,12,12,2,551.2346,5000,3,8,17
623,20,16,2,552.0993,2000,3,10,20
624,17,13,2,552.1312,8000,3,10,20
625,19,17,2,552.7767,8000,3,10,20
626,19,10,2,553.1982,4000,3,10,20
627,18,19,2,553.4826,4000,3,10,20
628,19,18,2,554.1012,9000,3,10,20
629,13,10,2,555.7227,9000,3,9,18
630,10,10,2,556.3704,4000,3,7,14
631,13,11,2,556.8155,9000,3,9,18
632,12,14,2,556.9931,4000,3,8,17
633,13,16,2,558.2262,8000,3,9,18
634,19,15,2,558.909,4000,3,10,20
635,18,16,2,559.5497,5000,3,10,20
636,18,18,2,559.6198,8000,3,10,20
637,12,15,2,561.0136,6000,3,8,17
638,16,18,2,561.9201,6000,3,10,20
639,11,10,2,562.3877,8000,3,8,15
640,11,13,2,562.9372,6000,3,8,15
641,11,10,2,563.429,5000,3,8,15
642,14,20,2,563.8845,9000,3,9,19
643,13,20,2,564.2569,7000,3,9,18
644,14,12,2,568.1767,2000,3,9,19
645,15,11,2,569.4194,3000,3,10,20
646,17,10,2,569.6994,5000,3,10,20
647,17,19,2,570.1603,6000,3,10,20
648,16,12,2,570.4092,3000,3,10,20
649,11,12,2,571.6057,4000,3,8,15
650,19,14,2,572.7002,9000,3,10,20
651,20,18,2,573.5258,3000,3,10,20
652,13,20,2,575.6296,3000,3,9,18
653,14,13,2,576.4214,4000,3,9,19
654,13,12,2,576.9286,4000,3,9,18
655,20,20,2,577.6999,6000,3,10,20
656,19,12,2,579.9507,3000,3,10,20
657,20,17,2,580.184,5000,3,10,20
658,15,13,2,580.9292,8000,3,10,20
659,12,16,2,582.2377,9000,3,8,17
660,18,18,2,582.4726,8000,3,10,20
661,15,12,2,584.126,9000,3,10,20
662,17,14,2,586.975,3000,3,10,20
663,20,20,2,586.9866,5000,3,10,20
664,13,17,2,588.2209,8000,3,9,18
665,13,17,2,589.9399,6000,3,9,18
666,13,17,2,591.4556,4000,3,9,18
667,10,12,2,592.041,5000,3,7,14
668,16,19,2,592.9361,3000,3,10,20
669,18,11,2,593.1233,9000,3,10,20
670,19,16,2,594.185,2000,3,10,20
671,12,16,2,594.6284,6000,3,8,17
672,13,19,2,596.2802,2000,3,9,18
673,11,14,2,596.6138,9000,3,8,15
674,18,12,2,597.6125,3000,3,10,20
675,14,13,2,597.643,5000,3,9,19
676,10,14,2,598.8574,9000,3,7,14
677,11,12,2,598.9298,4000,3,8,15
678,13,11,2,600.35,3000,3,9,18
679,19,12,2,601.5479,2000,3,10,20
680,17,11,2,602.0224,9000,3,10,20
681,19,20,2,602.7771,6000,3,10,20
682,18,20,2,605.4129,7000,3,10,20
683,10,13,2,606.0438,8000,3,7,14
684,16,10,2,608.5577,9000,3,10,20
685,10,20,2,608.8704,3000,3,7,14
686,19,16,2,611.0352,3000,3,10,20
687,12,17,2,611.0375,3000,3,8,17
688,19,13,2,611.6167,7000,3,10,20
689,14,14,2,612.1252,2000,3,9,19
690,17,20,2,612.5148,6000,3,10,20
691,17,20,2,612.5313,4000,3,10,20
692,14,20,2,612.5726,8000,3,9,19
693,11,18,2,613.5492,7000,3,8,15
694,16,11,2,613.7879,3000,3,10,20
695,19,18,2,615.7971,4000,3,10,20
696,16,17,2,616.7676,7000,3,10,20
697,12,19,2,617.0714,4000,3,8,17
698,11,13,2,619.5232,4000,3,8,15
699,10,17,2,619.9944,2000,3,7,14
700,19,10,2,620.0331,9000,3,10,20
701,18,15,2,622.7352,9000,3,10,20
702,12,17,2,623.4519,3000,3,8,17
703,18,11,2,624.1413,4000,3,10,20
704,15,14,2,624.3457,6000,3,10,20
705,13,14,2,625.0869,5000,3,9,18
706,19,12,2,626.9071,5000,3,10,20
707,20,12,2,628.3502,4000,3,10,20
708,12,14,2,629.6659,5000,3,8,17
709,17,17,2,630.118,9000,3,10,20
710,18,18,2,632.0427,7000,3,10,20
711,12,13,2,634.2839,3000,3,8,17
712,16,13,2,634.6494,2000,3,10,20
713,11,16,2,634.7454,7000,3,8,15
714,20,11,2,635.7608,9000,3,10,20
715,20,13,2,635.7616,4000,3,10,20
716,18,12,2,636.187,7000,3,10,20
717,10,19,2,638.6962,5000,3,7,14
718,12,15,2,638.8199,3000,3,8,17
719,15,10,2,642.2254,7000,3,10,20
720,19,19,2,643.5012,5000,3,10,20
721,19,19,2,643.605,3000,3,10,20
722,11,11,2,645.2932,6000,3,8,15
723,18,17,2,645.3102,9000,3,10,20
724,10,14,2,645.9847,5000,3,7,14
725,18,18,2,646.1517,7000,3,10,20
726,17,16,2,647.2371,9000,3,10,20
727,20,13,2,647.3929,3000,3,10,20
728,18,10,2,648.6117,2000,3,10,20
729,11,15,2,648.9178,6000,3,8,15
730,14,10,2,650.3241,4000,3,9,19
731,14,14,2,650.4256,7000,3,9,19
732,13,11,2,651.8491,5000,3,9,18
733,16,17,2,652.6126,9000,3,10,20
734,10,19,2,653.4574,9000,3,7,14
735,15,12,2,653.4596,5000,3,10,20
736,13,17,2,655.4949,5000,3,9,18
737,10,15,2,656.6289,7000,3,7,14
738,17,13,2,657.8693,7000,3,10,20
739,17,15,2,661.3607,4000,3,10,20
740,11,13,2,661.4337,9000,3,8,15
741,11,19,2,662.1663,3000,3,8,15
742,20,20,2,662.2484,2000,3,10,20
743,17,12,2,662.5131,4000,3,10,20
744,13,20,2,663.4129,6000,3,9,18
745,17,16,2,664.0281,7000,3,10,20
746,15,12,2,664.2641,9000,3,10,20
747,10,13,2,664.941,7000,3,7,14
748,13,18,2,666.1003,7000,3,9,18
749,10,13,2,667.9675,2000,3,7,14
750,11,15,2,667.9797,9000,3,8,15
751,14,16,2,668.2787,9000,3,9,19
752,13,10,2,668.7282,3000,3,9,18
753,13,17,2,668.8009,2000,3,9,18
754,16,14,2,668.8964,2000,3,10,20
755,20,16,2,669.1551,6000,3,10,20
756,13,14,2,670.0736,5000,3,9,18
757,17,16,2,671.2605,3000,3,10,20
758,13,14,2,673.6951,8000,3,9,18
759,15,15,2,674.8339,6000,3,10,20
760,20,16,2,675.9457,3000,3,10,20
761,14,14,2,680.0101,5000,3,9,19
762,14,12,2,680.3627,6000,3,9,19
763,15,12,2,680.9539,3000,3,10,20
764,20,17,2,681.1384,6000,3,10,20
765,12,17,2,681.9615,4000,3,8,17
766,14,18,2,682.1412,3000,3,9,19
767,16,16,2,682.4056,9000,3,10,20
768,13,10,2,683.8048,7000,3,9,18
769,16,11,2,684.8538,9000,3,10,20
770,20,17,2,685.6242,9000,3,10,20
771,13,12,2,685.7856,7000,3,9,18
772,11,12,2,687.7185,6000,3,8,15
773,20,12,2,689.8125,6000,3,10,20
774,18,12,2,690.6785,2000,3,10,20
775,17,13,2,690.8043,8000,3,10,20
776,14,15,2,691.9113,2000,3,9,19
777,14,16,2,694.3555,9000,3,9,19
778,13,19,2,696.4675,7000,3,9,18
779,20,13,2,698.5958,7000,3,10,20
780,13,14,2,699.558,5000,3,9,18
781,11,19,2,701.1179,6000,3,8,15
782,16,10,2,701.8321,3000,3,10,20
783,13,12,2,703.4341,8000,3,9,18
784,14,20,2,703.9578,2000,3,9,19
785,20,12,2,705.5478,7000,3,10,20
786,11,18,2,707.5324,5000,3,8,15
787,19,19,2,707.7519,5000,3,10,20
788,19,16,2,713.7841,5000,3,10,20
789,14,10,2,714.26,4000,3,9,19
790,13,16,2,714.8286,5000,3,9,18
791,19,16,2,715.7984,5000,3,10,20
792,17,20,2,717.3228,5000,3,10,20
793,16,12,2,720.4517,9000,3,10,20
794,10,16,2,721.4106,3000,3,7,14
795,13,11,2,724.4544,8000,3,9,18
796,15,15,2,726.8757,8000,3,10,20
797,12,19,2,727.2763,7000,3,8,17
798,13,15,2,727.9442,3000,3,9,18
799,13,17,2,729.1561,5000,3,9,18
800,13,10,2,730.226,5000,3,9,18
801,18,14,2,730.2983,6000,3,10,20
802,14,12,2,731.2267,2000,3,9,19
803,17,12,2,731.8068,2000,3,10,20
804,20,19,2,733.0203,7000,3,10,20
805,18,15,2,733.1048,4000,3,10,20
806,16,17,2,735.9255,4000,3,10,20
807,17,15,2,736.7945,4000,3,10,20
808,14,14,2,737.0385,5000,3,9,19
809,12,11,2,737.7488,9000,3,8,17
810,18,13,2,737.9724,6000,3,10,20
811,17,10,2,738.6047,2000,3,10,20
812,16,10,2,740.1146,7000,3,10,20
813,15,20,2,741.175,8000,3,10,20
814,20,12,2,741.3958,9000,3,10,20
815,18,13,2,741.9174,3000,3,10,20
816,12,18,2,744.0156,6000,3,8,17
817,16,15,2,744.5788,3000,3,10,20
818,11,11,2,744.5858,5000,3,8,15
819,18,10,2,745.3646,8000,3,10,20
820,11,17,2,745.7005,4000,3,8,15
821,19,14,2,745.9296,8000,3,10,20
822,10,15,2,746.4527,7000,3,7,14
823,14,13,2,748.0687,8000,3,9,19
824,20,17,2,749.9628,5000,3,10,20
825,14,19,2,751.2199,3000,3,9,19
826,20,16,2,751.6352,7000,3,10,20
827,14,10,2,751.7672,9000,3,9,19
828,15,17,2,752.0426,5000,3,10,20
829,14,10,2,752.4324,3000,3,9,19
830,16,12,2,754.6535,5000,3,10,20
831,15,19,2,754.9943,4000,3,10,20
832,12,12,2,755.0241,4000,3,8,17
833,20,14,2,755.793,8000,3,10,20
834,16,11,2,756.2764,6000,3,10,20
835,13,20,2,756.8477,7000,3,9,18
836,16,16,2,758.1533,7000,3,10,20
837,15,20,2,758.7899,9000,3,10,20
838,19,13,2,760.3816,2000,3,10,20
839,10,18,2,760.7651,8000,3,7,14
840,18,17,2,761.1433,9000,3,10,20
841,13,18,2,761.5757,9000,3,9,18
842,16,16,2,761.6682,2000,3,10,20
843,16,13,2,766.1673,4000,3,10,20
844,16,15,2,767.1263,7000,3,10,20
845,16,20,2,767.6943,2000,3,10,20
846,19,13,2,771.1467,6000,3,10,20
847,11,15,2,771.2221,5000,3,8,15
848,16,15,2,771.2523,9000,3,10,20
849,14,16,2,774.7078,8000,3,9,19
850,19,13,2,774.9288,5000,3,10,20
851,19,12,2,775.1648,2000,3,10,20
852,13,12,2,783.4838,3000,3,9,18
853,17,20,2,783.507,2000,3,10,20
854,15,10,2,786.1076,6000,3,10,20
855,14,15,2,786.1766,8000,3,9,19
856,15,13,2,788.482,9000,3,10,20
857,18,13,2,788.6996,6000,3,10,20
858,11,12,2,790.7411,2000,3,8,15
859,18,12,2,791.6677,6000,3,10,20
860,16,18,2,792.0199,7000,3,10,20
861,14,19,2,793.4555,9000,3,9,19
862,18,10,2,794.1697,2000,3,10,20
863,15,11,2,796.0359,7000,3,10,20
864,14,17,2,797.9841,7000,3,9,19
865,10,13,2,799.1102,7000,3,7,14
866,17,11,2,799.4177,4000,3,10,20
867,18,10,2,799.6331,3000,3,10,20
868,16,17,2,801.1713,7000,3,10,20
869,15,16,2,802.6801,6000,3,10,20
870,17,13,2,805.287,8000,3,10,20
871,11,16,2,805.8111,2000,3,8,15
872,10,14,2,807.821,2000,3,7,14
873,20,11,2,808.902,4000,3,10,20
874,19,11,2,809.1995,6000,3,10,20
875,14,14,2,809.293,7000,3,9,19
876,10,15,2,811.9357,4000,3,7,14
877,20,10,2,814.6168,6000,3,10,20
878,13,17,2,814.6964,5000,3,9,18
879,13,17,2,814.8746,9000,3,9,18
880,11,13,2,815.9028,4000,3,8,15
881,17,16,2,817.1809,5000,3,10,20
882,17,10,2,818.1117,8000,3,10,20
883,16,13,2,818.1298,2000,3,10,20
884,10,10,2,819.891,9000,3,7,14
885,20,18,2,820.1393,4000,3,10,20
886,20,16,2,820.3735,3000,3,10,20
887,11,14,2,821.0117,9000,3,8,15
888,14,14,2,822.2658,5000,3,9,19
889,12,16,2,822.5102,4000,3,8,17
890,17,14,2,822.7964,4000,3,10,20
891,15,10,2,823.4674,9000,3,10,20
892,18,15,2,824.2402,3000,3,10,20
893,16,13,2,824.609,7000,3,10,20
894,20,15,2,824.8416,6000,3,10,20
895,11,17,2,825.0311,7000,3,8,15
896,16,16,2,826.5627,2000,3,10,20
897,14,17,2,827.1805,5000,3,9,19
898,13,18,2,829.4568,8000,3,9,18
899,18,11,2,830.3491,3000,3,10,20
900,17,16,2,831.7098,4000,3,10,20
901,17,16,2,831.9313,5000,3,10,20
902,16,15,2,833.4918,4000,3,10,20
903,16,13,2,833.9596,5000,3,10,20
904,11,19,2,838.0661,2000,3,8,15
905,20,19,2,838.505,8000,3,10,20
906,19,19,2,838.6136,9000,3,10,20
907,17,14,2,841.2327,8000,3,10,20
908,16,13,2,842.6888,5000,3,10,20
909,15,12,2,844.2511,4000,3,10,20
910,19,14,2,844.4231,6000,3,10,20
911,12,15,2,845.0081,6000,3,8,17
912,10,17,2,845.9637,9000,3,7,14
913,15,12,2,847.8939,9000,3,10,20
914,12,17,2,848.0027,9000,3,8,17
915,11,13,2,849.8404,4000,3,8,15
916,11,20,2,850.0407,6000,3,8,15
917,16,19,2,851.3361,3000,3,10,20
918,15,18,2,852.1899,7000,3,10,20
919,10,20,2,852.6658,7000,3,7,14
920,20,13,2,853.0631,5000,3,10,20
921,15,15,2,856.1607,6000,3,10,20
922,10,17,2,857.1223,8000,3,7,14
923,13,17,2,858.1781,9000,3,9,18
924,17,12,2,858.5799,6000,3,10,20
925,13,14,2,859.1343,5000,3,9,18
926,16,16,2,861.0694,4000,3,10,20
927,12,16,2,861.7562,4000,3,8,17
928,18,10,2,862.9187,6000,3,10,20
929,15,13,2,863.0751,6000,3,10,20
930,12,18,2,863.7326,7000,3,8,17
931,20,16,2,864.1951,7000,3,10,20
932,19,20,2,864.748,2000,3,10,20
933,15,17,2,864.8575,7000,3,10,20
934,10,14,2,866.4294,4000,3,7,14
935,16,17,2,867.5185,6000,3,10,20
936,20,13,2,868.0794,7000,3,10,20
937,13,10,2,868.5387,7000,3,9,18
938,16,12,2,868.7867,3000,3,10,20
939,20,19,2,873.2805,8000,3,10,20
940,20,19,2,873.7052,4000,3,10,20
941,16,20,2,873.9133,5000,3,10,20
942,17,15,2,877.7941,3000,3,10,20
943,19,10,2,879.9533,5000,3,10,20
944,17,12,2,880.6116,8000,3,10,20
945,19,10,2,881.703,6000,3,10,20
946,11,18,2,882.1952,5000,3,8,15
947,11,13,2,882.9581,7000,3,8,15
948,12,19,2,885.8832,8000,3,8,17
949,20,17,2,887.3422,8000,3,10,20
950,15,15,2,887.7461,8000,3,10,20
951,13,12,2,887.79,9000,3,9,18
952,12,13,2,890.3718,3000,3,8,17
953,11,15,2,890.8017,4000,3,8,15
954,20,14,2,890.8146,3000,3,10,20
955,11,18,2,891.8581,9000,3,8,15
956,14,13,2,894.202,6000,3,9,19
957,13,15,2,896.7824,4000,3,9,18
958,19,13,2,896.791,3000,3,10,20
959,14,10,2,896.791,8000,3,9,19
960,14,18,2,899.7494,8000,3,9,19
961,20,10,2,901.3268,9000,3,10,20
962,10,10,2,903.4138,9000,3,7,14
963,19,19,2,904.6303,7000,3,10,20
964,16,17,2,905.248,8000,3,10,20
965,19,18,2,906.8115,7000,3,10,20
966,19,18,2,907.4857,2000,3,10,20
967,13,16,2,907.7117,9000,3,9,18
968,12,14,2,908.2015,5000,3,8,17
969,19,14,2,909.9284,9000,3,10,20
970,12,15,2,910.2117,8000,3,8,17
971,10,18,2,913.5939,3000,3,7,14
972,17,18,2,913.6378,7000,3,10,20
973,14,13,2,916.6772,4000,3,9,19
974,17,20,2,917.3707,9000,3,10,20
975,10,11,2,919.0686,8000,3,7,14
976,13,15,2,919.0836,6000,3,9,18
977,11,12,2,919.2481,6000,3,8,15
978,16,19,2,924.4059,5000,3,10,20
979,17,11,2,925.8861,2000,3,10,20
980,11,15,2,926.0521,4000,3,8,15
981,19,20,2,927.3253,9000,3,10,20
982,15,19,2,928.6691,7000,3,10,20
983,10,10,2,928.9407,6000,3,7,14
984,11,10,2,929.3247,9000,3,8,15
985,15,11,2,929.6176,8000,3,10,20
986,13,20,2,930.0939,7000,3,9,18
987,20,14,2,930.16,9000,3,10,20
988,20,15,2,930.3738,3000,3,10,20
989,14,15,2,930.7806,7000,3,9,19
990,13,16,2,931.3451,7000,3,9,18
991,17,13,2,932.7078,4000,3,10,20
992,10,12,2,932.7469,6000,3,7,14
993,16,12,2,934.1529,7000,3,10,20
994,13,14,2,934.4732,7000,3,9,18
995,19,11,2,934.9273,5000,3,10,20
996,13,12,2,935.147,4000,3,9,18
997,16,18,2,937.1478,4000,3,10,20
998,15,13,2,938.0676,3000,3,10,20
999,17,14,2,938.2588,3000,3,10,20
1000,10,16,2,938.8034,5000,3,7,14
1001,10,19,2,942.3714,8000,3,7,14
1002,17,14,2,942.478,2000,3,10,20
1003,16,20,2,942.6174,2000,3,10,20
1004,18,17,2,942.6358,3000,3,10,20
1005,14,16,2,942.875,3000,3,9,19
1006,15,10,2,943.4649,2000,3,10,20
1007,11,10,2,943.9256,8000,3,8,15
1008,18,12,2,944.3758,7000,3,10,20
1009,20,19,2,944.6104,9000,3,10,20
1010,10,12,2,945.1389,4000,3,7,14
1011,13,14,2,946.5819,9000,3,9,18
1012,11,11,2,946.9141,5000,3,8,15
1013,17,16,2,947.1638,3000,3,10,20
1014,16,12,2,949.6904,3000,3,10,20
1015,17,20,2,950.4976,3000,3,10,20
1016,12,11,2,950.521,6000,3,8,17
1017,20,15,2,951.1013,3000,3,10,20
1018,12,20,2,951.8188,3000,3,8,17
1019,18,20,2,954.8622,8000,3,10,20
1020,11,16,2,955.3371,4000,3,8,15
1021,13,17,2,957.3155,3000,3,9,18
1022,14,10,2,958.9787,9000,3,9,19
1023,14,14,2,960.4022,5000,3,9,19
1024,18,13,2,960.701,9000,3,10,20
1025,10,17,2,964.8102,6000,3,7,14
1026,18,15,2,964.8486,2000,3,10,20
1027,13,12,2,965.1099,3000,3,9,18
1028,20,13,2,966.2557,5000,3,10,20
1029,16,13,2,967.4422,5000,3,10,20
1030,11,14,2,968.7886,4000,3,8,15
1031,10,20,2,969.0886,2000,3,7,14
1032,20,14,2,969.2621,2000,3,10,20
1033,13,10,2,970.7738,7000,3,9,18
1034,15,14,2,971.0322,6000,3,10,20
1035,13,15,2,971.1475,6000,3,9,18
1036,16,18,2,971.9151,8000,3,10,20
1037,10,18,2,972.7509,7000,3,7,14
1038,15,18,2,973.588,2000,3,10,20
1039,12,20,2,974.572,3000,3,8,17
1040,19,16,2,974.5937,7000,3,10,20
1041,10,12,2,977.0753,4000,3,7,14
1042,18,19,2,978.0065,2000,3,10,20
1043,16,18,2,979.3203,6000,3,10,20
1044,13,14,2,983.1034,4000,3,9,18
1045,11,11,2,983.6161,4000,3,8,15
1046,13,10,2,983.8151,9000,3,9,18
1047,20,15,2,984.5069,3000,3,10,20
1048,17,11,2,985.5155,5000,3,10,20
1049,12,12,2,986.8477,3000,3,8,17
1050,17,20,2,987.6931,5000,3,10,20
1051,20,14,2,990.0051,3000,3,10,20
1052,19,17,2,990.2458,5000,3,10,20
1053,18,20,2,990.3537,9000,3,10,20
1054,13,18,2,990.9718,6000,3,9,18
1055,16,18,2,991.7134,7000,3,10,20
1056,11,11,2,993.2318,2000,3,8,15
1057,17,18,2,993.3965,9000,3,10,20
1058,19,16,2,993.9775,5000,3,10,20
1059,19,16,2,994.8076,7000,3,10,20
1060,11,18,2,995.5625,8000,3,8,15
1061,20,14,2,996.37,5000,3,10,20
1062,18,19,2,996.9295,7000,3,10,20
1063,19,13,2,998.9651,4000,3,10,20
1064,19,17,2,999.207,8000,3,10,20
1065,16,18,2,999.8778,6000,3,10,20
1066,12,13,2,1002.9355,3000,3,8,17
1067,13,10,2,1004.6052,4000,3,9,18
1068,17,12,2,1004.9353,9000,3,10,20
1069,20,20,2,1006.2545,2000,3,10,20
1070,10,20,2,1007.8769,2000,3,7,14
1071,12,17,2,1013.5472,3000,3,8,17
1072,19,18,2,1014.9645,8000,3,10,20
1073,12,13,2,1015.2983,6000,3,8,17
1074,20,19,2,1015.4142,7000,3,10,20
1075,11,16,2,1015.4971,4000,3,8,15
1076,19,11,2,1015.5316,7000,3,10,20
1077,17,19,2,1016.3306,2000,3,10,20
1078,15,16,2,1017.3394,5000,3,10,20
1079,12,20,2,1018.6529,9000,3,8,17
1080,20,17,2,1020.0407,3000,3,10,20
1081,10,12,2,1020.2433,6000,3,7,14
1082,12,16,2,1021.6799,9000,3,8,17
1083,12,13,2,1024.3292,2000,3,8,17
1084,13,17,2,1024.8932,8000,3,9,18
1085,20,20,2,1024.9214,6000,3,10,20
1086,10,11,2,1025.5038,3000,3,7,14
1087,18,20,2,1025.844,4000,3,10,20
1088,19,15,2,1026.5107,3000,3,10,20
1089,10,14,2,1026.7364,2000,3,7,14
1090,17,14,2,1026.9095,7000,3,10,20
1091,17,20,2,1028.2274,2000,3,10,20
1092,14,14,2,1028.9257,3000,3,9,19
1093,18,16,2,1029.581,9000,3,10,20
1094,14,20,2,1031.3352,3000,3,9,19
1095,19,11,2,1031.7922,8000,3,10,20
1096,18,12,2,1033.2156,3000,3,10,20
1097,17,11,2,1033.5091,8000,3,10,20
1098,18,16,2,1035.3531,9000,3,10,20
1099,11,11,2,1035.4724,2000,3,8,15
1100,10,20,2,1036.7157,3000,3,7,14
1101,11,16,2,1037.4503,6000,3,8,15
1102,14,10,2,1039.9119,3000,3,9,19
1103,19,18,2,1040.5839,9000,3,10,20
1104,17,12,2,1041.4248,5000,3,10,20
1105,19,15,2,1042.3388,2000,3,10,20
1106,15,16,2,1042.6239,5000,3,10,20
1107,15,18,2,1042.6709,7000,3,10,20
1108,15,11,2,1042.6854,3000,3,10,20
1109,13,19,2,1042.704,7000,3,9,18
1110,10,18,2,1044.6194,4000,3,7,14
1111,12,20,2,1045.1552,2000,3,8,17
1112,15,19,2,1048.6599,4000,3,10,20
1113,13,17,2,1050.0187,8000,3,9,18
1114,12,16,2,1052.7201,2000,3,8,17
1115,18,12,2,1053.5697,4000,3,10,20
1116,13,18,2,1053.8873,5000,3,9,18
1117,18,10,2,1056.5425,8000,3,10,20
1118,13,11,2,1056.5906,3000,3,9,18
1119,14,17,2,1057.071,8000,3,9,19
1120,11,19,2,1057.7481,9000,3,8,15
1121,14,12,2,1059.0965,8000,3,9,19
1122,13,20,2,1059.8462,9000,3,9,18
1123,14,16,2,1060.6744,5000,3,9,19
1124,12,20,2,1060.8054,5000,3,8,17
1125,20,14,2,1061.7312,2000,3,10,20
1126,11,20,2,1062.2813,7000,3,8,15
1127,18,12,2,1064.0422,9000,3,10,20
1128,12,14,2,1064.4453,3000,3,8,17
1129,20,15,2,1064.7063,2000,3,10,20
1130,11,19,2,1065.5357,3000,3,8,15
1131,16,20,2,1065.7522,5000,3,10,20
1132,11,15,2,1065.8234,8000,3,8,15
1133,20,16,2,1069.2331,7000,3,10,20
1134,12,20,2,1069.3806,7000,3,8,17
1135,17,10,2,1069.69,8000,3,10,20
1136,12,18,2,1071.0629,2000,3,8,17
1137,16,13,2,1071.3189,4000,3,10,20
1138,11,11,2,1071.485,5000,3,8,15
1139,18,12,2,1072.5175,5000,3,10,20
1140,15,12,2,1074.0392,5000,3,10,20
1141,19,15,2,1074.3034,7000,3,10,20
1142,12,14,2,1074.7169,2000,3,8,17
1143,12,14,2,1078.1125,7000,3,8,17
1144,13,13,2,1082.1346,6000,3,9,18
1145,20,17,2,1082.9096,8000,3,10,20
1146,17,15,2,1083.4964,7000,3,10,20
1147,16,16,2,1085.3211,8000,3,10,20
1148,14,20,2,1086.1195,4000,3,9,19
1149,15,14,2,1087.0534,5000,3,10,20
1150,18,14,2,1087.0784,9000,3,10,20
1151,14,16,2,1087.3481,4000,3,9,19
1152,20,17,2,1089.2329,3000,3,10,20
1153,20,16,2,1090.6131,9000,3,10,20
1154,13,17,2,1092.6517,3000,3,9,18
1155,14,20,2,1095.2881,9000,3,9,19
1156,10,11,2,1095.5081,7000,3,7,14
1157,15,19,2,1096.1852,8000,3,10,20
1158,13,11,2,1096.7208,4000,3,9,18
1159,17,13,2,1097.0982,2000,3,10,20
1160,18,19,2,1097.8831,3000,3,10,20
1161,12,16,2,1098.8572,3000,3,8,17
1162,19,16,2,1103.7115,7000,3,10,20
1163,13,15,2,1104.0788,2000,3,9,18
1164,18,15,2,1104.1111,5000,3,10,20
1165,11,20,2,1104.5486,4000,3,8,15
1166,13,17,2,1105.1826,7000,3,9,18
1167,10,16,2,1105.9974,7000,3,7,14
1168,19,15,2,1106.3926,7000,3,10,20
1169,14,20,2,1106.7941,4000,3,9,19
1170,20,11,2,1107.0903,9000,3,10,20
1171,17,17,2,1110.1599,3000,3,10,20
1172,15,17,2,1111.3333,6000,3,10,20
1173,20,17,2,1113.6838,5000,3,10,20
1174,12,10,2,1113.8769,8000,3,8,17
1175,19,19,2,1114.9882,5000,3,10,20
1176,18,17,2,1116.0398,4000,3,10,20
1177,16,18,2,1116.8395,8000,3,10,20
1178,11,16,2,1118.3778,7000,3,8,15
1179,17,16,2,1119.4586,7000,3,10,20
1180,10,14,2,1119.7188,5000,3,7,14
1181,19,11,2,1120.1678,8000,3,10,20
1182,14,13,2,1121.909,4000,3,9,19
1183,14,14,2,1123.4651,4000,3,9,19
1184,13,18,2,1124.849,5000,3,9,18
1185,12,18,2,1126.1279,3000,3,8,17
1186,18,17,2,1129.7612,3000,3,10,20
1187,15,13,2,1129.9856,5000,3,10,20
1188,16,20,2,1130.3206,7000,3,10,20
1189,16,13,2,1131.9271,6000,3,10,20
1190,11,18,2,1132.4537,3000,3,8,15
1191,10,16,2,1132.8158,6000,3,7,14
1192,17,19,2,1132.8254,5000,3,10,20
1193,11,16,2,1134.1649,9000,3,8,15
1194,16,12,2,1134.7337,7000,3,10,20
1195,18,16,2,1134.8593,2000,3,10,20
1196,19,17,2,1135.4699,7000,3,10,20
1197,10,12,2,1135.8026,3000,3,7,14
1198,17,14,2,1135.9169,9000,3,10,20
1199,12,20,2,1139.302,9000,3,8,17
1200,18,10,2,1139.5373,5000,3,10,20
1201,16,15,2,1139.9829,2000,3,10,20
1202,18,18,2,1140.2994,5000,3,10,20
1203,13,15,2,1141.4973,4000,3,9,18
1204,15,13,2,1141.5856,2000,3,10,20
1205,17,14,2,1142.9193,7000,3,10,20
1206,18,14,2,1143.3213,4000,3,10,20
1207,18,19,2,1143.4568,4000,3,10,20
1208,12,10,2,1143.5816,5000,3,8,17
1209,20,17,2,1146.5636,6000,3,10,20
1210,20,12,2,1147.8947,2000,3,10,20
1211,16,13,2,1148.9735,3000,3,10,20
1212,15,15,2,1150.7874,7000,3,10,20
1213,17,14,2,1150.826,4000,3,10,20
1214,17,17,2,1151.4618,8000,3,10,20
1215,11,16,2,1157.1112,8000,3,8,15
1216,18,15,2,1158.1517,3000,3,10,20
1217,11,17,2,1160.3242,4000,3,8,15
1218,11,10,2,1161.9201,6000,3,8,15
1219,10,14,2,1162.129,2000,3,7,14
1220,13,17,2,1167.476,4000,3,9,18
1221,18,15,2,1167.9645,8000,3,10,20
1222,11,19,2,1168.9585,8000,3,8,15
1223,17,20,2,1171.9136,3000,3,10,20
1224,14,14,2,1174.0051,4000,3,9,19
1225,17,14,2,1174.6846,5000,3,10,20
1226,18,19,2,1175.7596,2000,3,10,20
1227,16,10,2,1178.3966,4000,3,10,20
1228,18,16,2,1178.6826,2000,3,10,20
1229,15,10,2,1179.7577,3000,3,10,20
1230,11,10,2,1180.105,4000,3,8,15
1231,18,13,2,1180.1631,7000,3,10,20
1232,17,11,2,1180.6582,3000,3,10,20
1233,14,12,2,1182.4133,9000,3,9,19
1234,15,11,2,1185.0581,2000,3,10,20
1235,15,12,2,1186.8112,8000,3,10,20
1236,12,20,2,1187.4496,4000,3,8,17
1237,14,17,2,1188.0723,6000,3,9,19
1238,18,19,2,1188.1925,8000,3,10,20
1239,13,19,2,1188.4156,9000,3,9,18
1240,10,19,2,1188.73,9000,3,7,14
1241,13,16,2,1188.9402,2000,3,9,18
1242,11,19,2,1188.9781,5000,3,8,15
1243,12,10,2,1189.5622,2000,3,8,17
1244,19,12,2,1190.093,4000,3,10,20
1245,20,16,2,1190.3739,2000,3,10,20
1246,18,20,2,1192.6943,5000,3,10,20
1247,20,12,2,1193.0463,8000,3,10,20
1248,20,13,2,1195.1561,9000,3,10,20
1249,18,16,2,1195.1683,8000,3,10,20
1250,14,17,2,1195.1712,7000,3,9,19
1251,20,12,2,1196.0656,7000,3,10,20
1252,14,19,2,1197.1713,2000,3,9,19
1253,11,15,2,1198.8593,9000,3,8,15
1254,18,12,2,1198.9908,5000,3,10,20
1255,17,11,2,1199.5521,2000,3,10,20
1256,12,12,2,1202.364,9000,3,8,17
1257,17,17,2,1202.3887,6000,3,10,20
1258,19,20,2,1203.9347,7000,3,10,20
1259,14,14,2,1204.5409,4000,3,9,19
1260,15,10,2,1204.8527,6000,3,10,20
1261,11,14,2,1205.5494,3000,3,8,15
1262,13,11,2,1207.2628,5000,3,9,18
1263,13,20,2,1207.6513,3000,3,9,18
1264,15,11,2,1208.1722,3000,3,10,20
1265,11,12,2,1213.4272,8000,3,8,15
1266,13,10,2,1214.8295,9000,3,9,18
1267,19,20,2,1217.1108,2000,3,10,20
1268,17,19,2,1218.6529,5000,3,10,20
1269,10,11,2,1218.6975,3000,3,7,14
1270,12,14,2,1223.0593,4000,3,8,17
1271,12,13,2,1224.0647,8000,3,8,17
1272,18,17,2,1224.4845,9000,3,10,20
1273,10,14,2,1224.7939,9000,3,7,14
1274,13,13,2,1225.074,7000,3,9,18
1275,13,15,2,1225.6674,3000,3,9,18
1276,14,15,2,1225.9564,8000,3,9,19
1277,13,15,2,1227.2928,7000,3,9,18
1278,15,17,2,1227.813,4000,3,10,20
1279,10,15,2,1228.0421,9000,3,7,14
1280,20,16,2,1228.3613,3000,3,10,20
1281,17,16,2,1228.4279,4000,3,10,20
1282,10,19,2,1229.1737,3000,3,7,14
1283,18,13,2,1231.2206,9000,3,10,20
1284,15,17,2,1231.9545,5000,3,10,20
1285,16,17,2,1232.5489,6000,3,10,20
1286,16,19,2,1234.407,4000,3,10,20
1287,18,19,2,1234.733,7000,3,10,20
1288,14,18,2,1235.6984,5000,3,9,19
1289,20,10,2,1235.858,5000,3,10,20
1290,20,15,2,1240.7534,5000,3,10,20
1291,13,10,2,1241.9798,3000,3,9,18
1292,14,10,2,1242.1855,4000,3,9,19
1293,14,12,2,1242.5551,4000,3,9,19
1294,19,15,2,1242.6123,3000,3,10,20
1295,10,15,2,1243.1941,4000,3,7,14
1296,18,19,2,1243.8095,4000,3,10,20
1297,10,19,2,1244.0758,8000,3,7,14
1298,18,19,2,1244.5192,7000,3,10,20
1299,11,20,2,1244.9891,3000,3,8,15
1300,10,17,2,1245.1653,7000,3,7,14
1301,10,17,2,1246.5406,3000,3,7,14
1302,11,18,2,1247.2285,4000,3,8,15
1303,19,13,2,1247.6789,9000,3,10,20
1304,17,14,2,1247.7756,2000,3,10,20
1305,17,12,2,1247.936,3000,3,10,20
1306,18,15,2,1248.3214,5000,3,10,20
1307,11,19,2,1248.5021,9000,3,8,15
1308,17,14,2,1251.1703,8000,3,10,20
1309,16,13,2,1252.9549,8000,3,10,20
1310,13,15,2,1252.9613,9000,3,9,18
1311,18,19,2,1253.0313,5000,3,10,20
1312,20,14,2,1253.7635,9000,3,10,20
1313,19,19,2,1254.038,4000,3,10,20
1314,16,12,2,1254.8006,5000,3,10,20
1315,11,13,2,1256.5073,5000,3,8,15
1316,12,17,2,1259.6212,7000,3,8,17
1317,11,15,2,1259.8066,2000,3,8,15
1318,12,12,2,1260.815,7000,3,8,17
1319,12,11,2,1261.7221,8000,3,8,17
1320,14,12,2,1262.1641,5000,3,9,19
1321,16,19,2,1262.6184,2000,3,10,20
1322,12,13,2,1263.2644,6000,3,8,17
1323,16,12,2,1263.5718,4000,3,10,20
1324,17,16,2,1264.6128,8000,3,10,20
1325,12,10,2,1265.114,4000,3,8,17
1326,17,16,2,1265.9746,4000,3,10,20
1327,18,12,2,1266.668,6000,3,10,20
1328,11,12,2,1266.6961,2000,3,8,15
1329,16,14,2,1266.8706,8000,3,10,20
1330,14,11,2,1266.8997,9000,3,9,19
1331,20,16,2,1267.3757,7000,3,10,20
1332,19,18,2,1268.1072,2000,3,10,20
1333,14,12,2,1268.6796,4000,3,9,19
1334,10,13,2,1270.6111,9000,3,7,14
1335,14,14,2,1271.4834,5000,3,9,19
1336,16,16,2,1272.4005,7000,3,10,20
1337,13,12,2,1273.3142,9000,3,9,18
1338,14,17,2,1275.51,4000,3,9,19
1339,12,11,2,1275.8196,3000,3,8,17
1340,18,20,2,1276.6482,4000,3,10,20
1341,10,12,2,1277.8304,2000,3,7,14
1342,15,13,2,1278.2299,6000,3,10,20
1343,12,14,2,1278.5529,9000,3,8,17
1344,17,10,2,1279.399,6000,3,10,20
1345,12,17,2,1279.8828,8000,3,8,17
1346,15,17,2,1281.2727,3000,3,10,20
1347,12,12,2,1281.7783,3000,3,8,17
1348,19,10,2,1283.4761,8000,3,10,20
1349,20,10,2,1285.3699,2000,3,10,20
1350,10,11,2,1285.4173,3000,3,7,14
1351,13,12,2,1285.7451,4000,3,9,18
1352,15,11,2,1286.4599,2000,3,10,20
1353,18,13,2,1290.3137,4000,3,10,20
1354,11,20,2,1290.5902,9000,3,8,15
1355,18,13,2,1292.2998,7000,3,10,20
1356,20,15,2,1293.0813,7000,3,10,20
1357,18,18,2,1293.5212,8000,3,10,20
1358,14,14,2,1293.7241,2000,3,9,19
1359,14,11,2,1293.8204,3000,3,9,19
1360,10,19,2,1294.5067,4000,3,7,14
1361,13,20,2,1295.8505,5000,3,9,18
1362,16,17,2,1296.2527,4000,3,10,20
1363,20,18,2,1297.5626,7000,3,10,20
1364,17,14,2,1298.282,8000,3,10,20
1365,12,20,2,1298.5205,9000,3,8,17
1366,20,19,2,1299.0171,3000,3,10,20
1367,20,16,2,1299.8115,9000,3,10,20
1368,17,12,2,1300.0733,8000,3,10,20
1369,20,19,2,1301.2324,8000,3,10,20
1370,10,17,2,1301.6498,6000,3,7,14
1371,14,15,2,1302.9456,5000,3,9,19
1372,12,20,2,1303.5338,9000,3,8,17
1373,20,20,2,1303.6387,5000,3,10,20
1374,17,10,2,1303.9357,5000,3,10,20
1375,15,10,2,1304.0853,8000,3,10,20
1376,20,19,2,1305.1803,9000,3,10,20
1377,10,15,2,1307.0197,9000,3,7,14
1378,20,15,2,1308.7128,5000,3,10,20
1379,19,12,2,1308.946,3000,3,10,20
1380,17,15,2,1309.3964,3000,3,10,20
1381,16,20,2,1309.5333,8000,3,10,20
1382,12,10,2,1309.6977,8000,3,8,17
1383,16,14,2,1310.1348,2000,3,10,20
1384,12,20,2,1310.73,2000,3,8,17
1385,10,19,2,1312.2784,7000,3,7,14
1386,17,16,2,1315.1056,7000,3,10,20
1387,15,11,2,1317.5265,7000,3,10,20
1388,17,18,2,1318.3008,9000,3,10,20
1389,19,11,2,1319.7316,4000,3,10,20
1390,20,11,2,1321.9049,8000,3,10,20
1391,12,18,2,1323.7589,4000,3,8,17
1392,13,14,2,1323.9982,2000,3,9,18
1393,19,16,2,1324.4138,8000,3,10,20
1394,15,14,2,1324.856,9000,3,10,20
1395,20,19,2,1325.099,6000,3,10,20
1396,19,15,2,1325.6898,6000,3,10,20
1397,10,17,2,1326.0578,8000,3,7,14
1398,11,12,2,1330.3274,4000,3,8,15
1399,10,12,2,1330.3313,4000,3,7,14
1400,15,13,2,1331.3448,7000,3,10,20
1401,16,17,2,1331.4626,8000,3,10,20
1402,15,19,2,1333.039,9000,3,10,20
1403,13,14,2,1334.2792,6000,3,9,18
1404,10,13,2,1334.5534,7000,3,7,14
1405,15,17,2,1334.8319,3000,3,10,20
1406,13,20,2,1334.9321,8000,3,9,18
1407,20,17,2,1336.1237,3000,3,10,20
1408,18,19,2,1336.2055,9000,3,10,20
1409,14,11,2,1336.9668,4000,3,9,19
1410,18,14,2,1338.14,2000,3,10,20
1411,13,20,2,1339.2056,6000,3,9,18
1412,13,19,2,1339.9098,3000,3,9,18
1413,14,14,2,1341.0218,9000,3,9,19
1414,10,11,2,1344.816,7000,3,7,14
1415,12,15,2,1346.4879,5000,3,8,17
1416,12,20,2,1347.3676,9000,3,8,17
1417,19,17,2,1348.3074,8000,3,10,20
1418,14,20,2,1350.564,6000,3,9,19
1419,19,10,2,1352.1189,4000,3,10,20
1420,12,10,2,1352.8635,5000,3,8,17
1421,12,16,2,1353.371,3000,3,8,17
1422,10,20,2,1354.6134,8000,3,7,14
1423,17,14,2,1355.1642,3000,3,10,20
1424,15,11,2,1355.2296,6000,3,10,20
1425,15,18,2,1355.2813,6000,3,10,20
1426,11,16,2,1356.2556,4000,3,8,15
1427,18,17,2,1357.7675,8000,3,10,20
1428,10,13,2,1358.7389,8000,3,7,14
1429,14,15,2,1360.3414,5000,3,9,19
1430,12,18,2,1360.5621,4000,3,8,17
1431,18,14,2,1360.7261,7000,3,10,20
1432,16,13,2,1361.5561,8000,3,10,20
1433,15,13,2,1362.9744,3000,3,10,20
1434,17,15,2,1364.3683,8000,3,10,20
1435,12,16,2,1364.9358,6000,3,8,17
1436,20,20,2,1365.7115,9000,3,10,20
1437,17,12,2,1366.19,4000,3,10,20
1438,18,10,2,1366.6403,5000,3,10,20
1439,16,16,2,1366.6497,3000,3,10,20
1440,15,12,2,1368.274,8000,3,10,20
1441,16,16,2,1369.5268,5000,3,10,20
1442,11,15,2,1373.6238,2000,3,8,15
1443,17,14,2,1375.1945,7000,3,10,20
1444,11,18,2,1376.2639,6000,3,8,15
1445,20,18,2,1376.3976,7000,3,10,20
1446,18,14,2,1377.3768,8000,3,10,20
1447,19,15,2,1377.4288,8000,3,10,20
1448,14,12,2,1381.5652,2000,3,9,19
1449,17,16,2,1383.1266,3000,3,10,20
1450,19,11,2,1384.4217,9000,3,10,20
1451,13,14,2,1385.211,3000,3,9,18
1452,13,14,2,1386.0483,2000,3,9,18
1453,10,17,2,1386.6175,7000,3,7,14
1454,17,18,2,1386.7559,2000,3,10,20
1455,11,20,2,1387.3179,7000,3,8,15
1456,18,20,2,1388.646,8000,3,10,20
1457,14,20,2,1391.984,7000,3,9,19
1458,11,18,2,1393.006,2000,3,8,15
1459,14,12,2,1393.4309,2000,3,9,19
1460,16,10,2,1394.528,7000,3,10,20
1461,17,16,2,1395.4749,5000,3,10,20
1462,20,11,2,1396.2472,6000,3,10,20
1463,19,20,2,1398.1734,5000,3,10,20
1464,20,20,2,1398.8553,3000,3,10,20
1465,13,18,2,1399.4871,2000,3,9,18
1466,15,19,2,1399.6739,4000,3,10,20
1467,17,13,2,1400.0515,6000,3,10,20
1468,13,17,2,1402.486,7000,3,9,18
1469,12,11,2,1404.7639,7000,3,8,17
1470,19,17,2,1405.6715,4000,3,10,20
1471,18,11,2,1405.9798,6000,3,10,20
1472,15,19,2,1406.6118,5000,3,10,20
1473,17,17,2,1407.2322,8000,3,10,20
1474,11,19,2,1407.301,9000,3,8,15
1475,18,19,2,1407.7378,7000,3,10,20
1476,16,17,2,1409.2283,4000,3,10,20
1477,18,14,2,1410.9426,2000,3,10,20
1478,13,13,2,1411.1674,7000,3,9,18
1479,10,20,2,1414.7481,4000,3,7,14
1480,16,18,2,1419.0172,9000,3,10,20
1481,18,20,2,1419.1743,6000,3,10,20
1482,17,19,2,1421.2502,7000,3,10,20
1483,15,17,2,1421.2786,2000,3,10,20
1484,19,15,2,1421.5874,5000,3,10,20
1485,12,17,2,1422.9633,2000,3,8,17
1486,16,13,2,1423.0661,4000,3,10,20
1487,18,15,2,1423.1137,2000,3,10,20
1488,11,12,2,1423.2637,6000,3,8,15
1489,14,17,2,1423.7562,9000,3,9,19
1490,15,13,2,1424.7296,7000,3,10,20
1491,19,20,2,1429.6867,9000,3,10,20
1492,16,17,2,1431.5793,5000,3,10,20
1493,10,11,2,1432.4329,6000,3,7,14
1494,12,16,2,1432.5153,5000,3,8,17
1495,17,18,2,1432.615,3000,3,10,20
1496,17,19,2,1437.4555,9000,3,10,20
1497,19,14,2,1438.0251,9000,3,10,20
1498,18,17,2,1438.5834,3000,3,10,20
1499,10,14,2,1439.5009,4000,3,7,14
1500,18,18,2,1439.9814,7000,3,10,20
1501,20,16,2,1442.7465,2000,3,10,20
1502,19,20,2,1442.8365,3000,3,10,20
1503,10,15,2,1445.1147,4000,3,7,14
1504,11,17,2,1445.1533,6000,3,8,15
1505,11,13,2,1449.0576,6000,3,8,15
1506,16,17,2,1449.4662,7000,3,10,20
1507,14,18,2,1449.6219,6000,3,9,19
1508,16,19,2,1451.8741,8000,3,10,20
1509,10,17,2,1453.6611,2000,3,7,14
1510,17,15,2,1454.8711,6000,3,10,20
1511,19,16,2,1455.3242,7000,3,10,20
1512,16,10,2,1456.4734,9000,3,10,20
1513,13,14,2,1456.4853,8000,3,9,18
1514,19,20,2,1457.3104,9000,3,10,20
1515,16,10,2,1457.3426,5000,3,10,20
1516,15,16,2,1458.3379,3000,3,10,20
1517,16,19,2,1459.4965,8000,3,10,20
1518,19,13,2,1460.0048,8000,3,10,20
1519,17,14,2,1463.7636,9000,3,10,20
1520,14,17,2,1463.7759,5000,3,9,19
1521,15,16,2,1464.1919,2000,3,10,20
1522,19,12,2,1464.266,2000,3,10,20
1523,20,18,2,1465.4998,6000,3,10,20
1524,15,15,2,1465.5931,2000,3,10,20
1525,20,11,2,1466.4035,2000,3,10,20
1526,15,10,2,1467.7731,8000,3,10,20
1527,15,16,2,1467.8813,9000,3,10,20
1528,15,15,2,1468.1552,9000,3,10,20
1529,11,20,2,1469.1577,7000,3,8,15
1530,20,10,2,1469.6393,6000,3,10,20
1531,17,19,2,1474.222,5000,3,10,20
1532,20,13,2,1475.9004,8000,3,10,20
1533,17,18,2,1476.817,3000,3,10,20
1534,18,15,2,1477.1268,2000,3,10,20
1535,13,15,2,1477.408,7000,3,9,18
1536,18,14,2,1477.9711,3000,3,10,20
1537,19,12,2,1478.1873,7000,3,10,20
1538,14,12,2,1478.722,9000,3,9,19
1539,20,10,2,1478.8371,4000,3,10,20
1540,12,20,2,1479.4145,2000,3,8,17
1541,14,19,2,1481.2571,2000,3,9,19
1542,12,16,2,1483.9035,5000,3,8,17
1543,14,20,2,1484.0357,9000,3,9,19
1544,16,15,2,1484.2943,3000,3,10,20
1545,19,16,2,1488.3156,4000,3,10,20
1546,12,11,2,1488.9711,2000,3,8,17
1547,19,10,2,1490.516,6000,3,10,20
1548,18,18,2,1490.6613,5000,3,10,20
1549,15,10,2,1491.3223,5000,3,10,20
1550,17,17,2,1493.8956,7000,3,10,20
1551,14,13,2,1497.2591,6000,3,9,19
1552,14,10,2,1499.6187,7000,3,9,19
1553,19,17,2,1500.4278,2000,3,10,20
1554,15,13,2,1500.9977,2000,3,10,20
1555,18,16,2,1501.0572,9000,3,10,20
1556,19,15,2,1501.6952,6000,3,10,20
1557,10,20,2,1501.9481,7000,3,7,14
1558,16,13,2,1502.7343,3000,3,10,20
1559,11,11,2,1503.5769,6000,3,8,15
1560,18,11,2,1504.2114,6000,3,10,20
1561,20,14,2,1506.1255,4000,3,10,20
1562,19,11,2,1506.9137,8000,3,10,20
1563,10,14,2,1507.1175,8000,3,7,14
1564,19,12,2,1508.9971,9000,3,10,20
1565,15,19,2,1509.4848,5000,3,10,20
1566,10,19,2,1510.3335,8000,3,7,14
1567,10,12,2,1510.4893,3000,3,7,14
1568,19,19,2,1510.8836,4000,3,10,20
1569,12,12,2,1512.0739,6000,3,8,17
1570,10,12,2,1514.3903,5000,3,7,14
1571,18,10,2,1514.4114,6000,3,10,20
1572,13,20,2,1514.5879,6000,3,9,18
1573,14,15,2,1517.9471,3000,3,9,19
1574,15,16,2,1518.5675,5000,3,10,20
1575,11,17,2,1521.4602,2000,3,8,15
1576,19,18,2,1521.648,5000,3,10,20
1577,10,17,2,1522.5364,3000,3,7,14
1578,15,19,2,1523.5534,6000,3,10,20
1579,12,14,2,1523.6125,7000,3,8,17
1580,12,11,2,1524.546,5000,3,8,17
1581,19,10,2,1524.7823,6000,3,10,20
1582,13,11,2,1525.4418,5000,3,9,18
1583,19,12,2,1526.0725,6000,3,10,20
1584,13,18,2,1526.1531,8000,3,9,18
1585,19,15,2,1526.5026,2000,3,10,20
1586,14,20,2,1527.4519,6000,3,9,19
1587,19,18,2,1527.6803,8000,3,10,20
1588,15,10,2,1527.6847,7000,3,10,20
1589,20,14,2,1527.7167,5000,3,10,20
1590,15,11,2,1527.9178,4000,3,10,20
1591,11,17,2,1528.0288,2000,3,8,15
1592,18,16,2,1528.7028,9000,3,10,20
1593,15,17,2,1528.9197,2000,3,10,20
1594,12,13,2,1528.9713,6000,3,8,17
1595,11,13,2,1529.0709,7000,3,8,15
1596,17,18,2,1529.1019,9000,3,10,20
1597,15,10,2,1529.4871,9000,3,10,20
1598,15,15,2,1530.9045,5000,3,10,20
1599,16,20,2,1531.5924,2000,3,10,20
1600,15,19,2,1533.2838,9000,3,10,20
1601,13,10,2,1537.5811,3000,3,9,18
1602,17,17,2,1538.9926,2000,3,10,20
1603,19,11,2,1539.3391,8000,3,10,20
1604,11,11,2,1540.1405,6000,3,8,15
1605,20,12,2,1540.8619,6000,3,10,20
1606,20,13,2,1542.0084,9000,3,10,20
1607,19,10,2,1542.6337,4000,3,10,20
1608,14,15,2,1543.1707,8000,3,9,19
1609,16,10,2,1544.7303,7000,3,10,20
1610,17,10,2,1547.0982,4000,3,10,20
1611,19,17,2,1548.382,5000,3,10,20
1612,16,16,2,1549.4573,7000,3,10,20
1613,20,15,2,1549.9937,4000,3,10,20
1614,10,16,2,1550.3169,5000,3,7,14
1615,11,12,2,1551.0359,7000,3,8,15
1616,19,17,2,1551.7416,9000,3,10,20
1617,20,13,2,1553.2744,2000,3,10,20
1618,20,20,2,1553.8279,2000,3,10,20
1619,12,20,2,1554.6635,6000,3,8,17
1620,20,12,2,1555.3096,8000,3,10,20
1621,12,13,2,1556.0919,6000,3,8,17
1622,14,11,2,1556.4183,7000,3,9,19
1623,17,17,2,1558.051,5000,3,10,20
1624,14,17,2,1558.3171,6000,3,9,19
1625,11,18,2,1558.9535,9000,3,8,15
1626,14,20,2,1560.1018,8000,3,9,19
1627,19,10,2,1560.6019,6000,3,10,20
1628,17,10,2,1560.9021,5000,3,10,20
1629,19,15,2,1562.0909,8000,3,10,20
1630,11,18,2,1562.2007,8000,3,8,15
1631,20,18,2,1562.2105,2000,3,10,20
1632,19,11,2,1562.6507,9000,3,10,20
1633,17,15,2,1564.6754,7000,3,10,20
1634,13,16,2,1565.3304,6000,3,9,18
1635,17,18,2,1566.4266,6000,3,10,20
1636,10,18,2,1567.4666,3000,3,7,14
1637,12,10,2,1567.5375,5000,3,8,17
1638,19,10,2,1569.0161,3000,3,10,20
1639,19,11,2,1569.3965,6000,3,10,20
1640,20,20,2,1569.9789,2000,3,10,20
1641,11,19,2,1573.0572,5000,3,8,15
1642,18,20,2,1573.0686,9000,3,10,20
1643,10,16,2,1573.8218,8000,3,7,14
1644,13,15,2,1577.03,6000,3,9,18
1645,20,17,2,1577.4065,3000,3,10,20
1646,20,19,2,1577.5146,5000,3,10,20
1647,11,18,2,1577.6706,8000,3,8,15
1648,10,12,2,1578.1621,2000,3,7,14
1649,12,20,2,1582.6184,4000,3,8,17
1650,12,12,2,1583.9189,5000,3,8,17
1651,10,15,2,1584.6258,5000,3,7,14
1652,11,11,2,1585.8369,6000,3,8,15
1653,12,12,2,1586.1936,3000,3,8,17
1654,15,18,2,1586.2328,3000,3,10,20
1655,14,10,2,1586.5944,6000,3,9,19
1656,18,12,2,1588.6875,3000,3,10,20
1657,14,20,2,1589.8454,6000,3,9,19
1658,14,19,2,1591.7122,5000,3,9,19
1659,13,18,2,1591.7661,5000,3,9,18
1660,18,10,2,1592.682,2000,3,10,20
1661,18,14,2,1594.5059,7000,3,10,20
1662,16,20,2,1595.8546,7000,3,10,20
1663,17,16,2,1598.4499,5000,3,10,20
1664,16,20,2,1602.4696,2000,3,10,20
1665,16,13,2,1602.6742,3000,3,10,20
1666,12,16,2,1603.0614,9000,3,8,17
1667,10,12,2,1603.8996,5000,3,7,14
1668,10,19,2,1604.4125,4000,3,7,14
1669,20,10,2,1604.9754,4000,3,10,20
1670,13,12,2,1605.8715,2000,3,9,18
1671,18,17,2,1607.9611,7000,3,10,20
1672,20,20,2,1608.9171,9000,3,10,20
1673,13,10,2,1611.0261,9000,3,9,18
1674,17,12,2,1611.0706,5000,3,10,20
1675,15,15,2,1611.2818,5000,3,10,20
1676,13,18,2,1612.4116,3000,3,9,18
1677,10,17,2,1613.4167,2000,3,7,14
1678,16,13,2,1615.278,7000,3,10,20
1679,20,15,2,1616.8244,7000,3,10,20
1680,16,10,2,1618.0773,2000,3,10,20
1681,14,20,2,1618.586,6000,3,9,19
1682,10,17,2,1620.6195,7000,3,7,14
1683,12,18,2,1621.31,3000,3,8,17
1684,17,11,2,1621.386,2000,3,10,20
1685,11,13,2,1623.9476,6000,3,8,15
1686,14,16,2,1624.918,7000,3,9,19
1687,14,14,2,1624.9782,9000,3,9,19
1688,17,17,2,1625.6691,8000,3,10,20
1689,14,18,2,1626.6295,2000,3,9,19
1690,19,16,2,1627.61,4000,3,10,20
1691,17,17,2,1628.4084,8000,3,10,20
1692,19,20,2,1628.6436,7000,3,10,20
1693,13,11,2,1631.0117,4000,3,9,18
1694,20,15,2,1638.8401,6000,3,10,20
1695,19,14,2,1639.1959,2000,3,10,20
1696,12,10,2,1639.9629,8000,3,8,17
1697,11,10,2,1639.9706,5000,3,8,15
1698,14,19,2,1641.3165,6000,3,9,19
1699,11,12,2,1641.5151,6000,3,8,15
1700,11,19,2,1643.6862,6000,3,8,15
1701,13,14,2,1643.9419,3000,3,9,18
1702,17,12,2,1644.6763,5000,3,10,20
1703,14,16,2,1645.9138,2000,3,9,19
1704,18,16,2,1646.4516,5000,3,10,20
1705,18,18,2,1647.3636,5000,3,10,20
1706,12,14,2,1648.2665,5000,3,8,17
1707,14,11,2,1652.3407,2000,3,9,19
1708,16,19,2,1652.3636,2000,3,10,20
1709,20,15,2,1653.6407,7000,3,10,20
1710,11,14,2,1655.724,5000,3,8,15
1711,16,12,2,1655.9428,8000,3,10,20
1712,19,11,2,1656.3155,5000,3,10,20
1713,20,10,2,1656.8857,7000,3,10,20
1714,20,11,2,1657.4974,7000,3,10,20
1715,11,18,2,1657.721,9000,3,8,15
1716,11,16,2,1658.3418,4000,3,8,15
1717,13,12,2,1662.1155,7000,3,9,18
1718,14,10,2,1662.625,4000,3,9,19
1719,12,17,2,1662.6614,3000,3,8,17
1720,18,16,2,1663.4566,4000,3,10,20
1721,11,13,2,1663.6651,5000,3,8,15
1722,12,12,2,1664.488,4000,3,8,17
1723,20,16,2,1665.4906,3000,3,10,20
1724,10,19,2,1666.2132,6000,3,7,14
1725,14,18,2,1666.5812,7000,3,9,19
1726,15,15,2,1667.0473,6000,3,10,20
1727,16,19,2,1671.1953,5000,3,10,20
1728,12,10,2,1674.4778,5000,3,8,17
1729,13,14,2,1675.1909,7000,3,9,18
1730,14,16,2,1677.0941,8000,3,9,19
1731,16,15,2,1677.7639,6000,3,10,20
1732,12,10,2,1678.0055,8000,3,8,17
1733,12,11,2,1678.657,7000,3,8,17
1734,16,13,2,1679.1586,6000,3,10,20
1735,12,14,2,1679.2238,9000,3,8,17
1736,12,11,2,1681.881,4000,3,8,17
1737,13,20,2,1682.1122,5000,3,9,18
1738,11,14,2,1682.2809,9000,3,8,15
1739,17,17,2,1683.2186,8000,3,10,20
1740,12,20,2,1683.556,9000,3,8,17
1741,15,10,2,1683.9574,4000,3,10,20
1742,16,17,2,1684.022,7000,3,10,20
1743,20,10,2,1685.8516,5000,3,10,20
1744,18,12,2,1687.1386,4000,3,10,20
1745,13,19,2,1688.1759,3000,3,9,18
1746,13,20,2,1688.5076,9000,3,9,18
1747,17,18,2,1690.1799,3000,3,10,20
1748,13,19,2,1690.4482,7000,3,9,18
1749,14,13,2,1690.6669,9000,3,9,19
1750,10,14,2,1692.397,7000,3,7,14
1751,12,20,2,1693.8083,9000,3,8,17
1752,20,14,2,1693.9871,3000,3,10,20
1753,11,10,2,1694.0795,7000,3,8,15
1754,15,14,2,1694.3203,5000,3,10,20
1755,17,18,2,1695.3636,8000,3,10,20
1756,11,10,2,1696.1587,9000,3,8,15
1757,20,20,2,1696.8498,7000,3,10,20
1758,12,14,2,1698.8562,4000,3,8,17
1759,16,10,2,1700.6676,2000,3,10,20
1760,18,13,2,1701.0488,6000,3,10,20
1761,20,12,2,1701.5984,5000,3,10,20
1762,10,11,2,1702.7251,9000,3,7,14
1763,16,16,2,1702.8998,7000,3,10,20
1764,10,17,2,1703.2251,5000,3,7,14
1765,14,11,2,1703.5064,3000,3,9,19
1766,16,17,2,1703.6504,2000,3,10,20
1767,19,14,2,1704.241,5000,3,10,20
1768,18,15,2,1704.5144,3000,3,10,20
1769,15,16,2,1705.4838,9000,3,10,20
1770,20,15,2,1706.2262,5000,3,10,20
1771,11,14,2,1708.1052,6000,3,8,15
1772,17,18,2,1708.4082,7000,3,10,20
1773,15,16,2,1711.4219,6000,3,10,20
1774,11,14,2,1711.6688,9000,3,8,15
1775,14,18,2,1711.6708,6000,3,9,19
1776,18,17,2,1715.6114,4000,3,10,20
1777,18,15,2,1717.0464,6000,3,10,20
1778,14,18,2,1717.974,8000,3,9,19
1779,15,16,2,1718.5214,7000,3,10,20
1780,12,16,2,1718.7532,5000,3,8,17
1781,12,17,2,1722.2525,8000,3,8,17
1782,20,16,2,1722.6553,4000,3,10,20
1783,20,11,2,1722.6952,9000,3,10,20
1784,16,11,2,1722.8903,6000,3,10,20
1785,18,10,2,1726.3314,3000,3,10,20
1786,11,15,2,1726.5262,3000,3,8,15
1787,18,13,2,1728.276,9000,3,10,20
1788,20,17,2,1729.4736,2000,3,10,20
1789,16,19,2,1730.3437,8000,3,10,20
1790,12,14,2,1730.6511,8000,3,8,17
1791,14,14,2,1731.793,8000,3,9,19
1792,19,12,2,1732.0704,7000,3,10,20
1793,18,15,2,1733.6705,6000,3,10,20
1794,14,10,2,1733.9979,9000,3,9,19
1795,15,16,2,1735.686,8000,3,10,20
1796,14,20,2,1736.0113,8000,3,9,19
1797,18,18,2,1736.1437,6000,3,10,20
1798,15,19,2,1736.6593,6000,3,10,20
1799,13,13,2,1737.106,6000,3,9,18
1800,18,12,2,1737.4226,5000,3,10,20
1801,19,18,2,1737.6107,3000,3,10,20
1802,19,13,2,1737.6944,6000,3,10,20
1803,12,10,2,1738.1262,6000,3,8,17
1804,12,12,2,1739.1644,6000,3,8,17
1805,13,16,2,1739.5137,6000,3,9,18
1806,15,16,2,1739.6215,3000,3,10,20
1807,20,15,2,1739.9994,2000,3,10,20
1808,19,13,2,1742.8337,9000,3,10,20
1809,19,19,2,1743.9804,6000,3,10,20
1810,20,15,2,1744.3882,3000,3,10,20
1811,11,20,2,1744.7788,3000,3,8,15
1812,16,10,2,1745.8662,3000,3,10,20
1813,13,11,2,1746.4039,5000,3,9,18
1814,18,11,2,1747.6007,8000,3,10,20
1815,20,16,2,1749.2522,4000,3,10,20
1816,15,14,2,1750.7035,8000,3,10,20
1817,19,10,2,1750.9046,9000,3,10,20
1818,14,18,2,1753.6072,3000,3,9,19
1819,18,14,2,1757.2038,5000,3,10,20
1820,20,12,2,1757.7091,3000,3,10,20
1821,20,17,2,1757.7796,3000,3,10,20
1822,15,11,2,1759.1184,9000,3,10,20
1823,20,19,2,1759.9298,3000,3,10,20
1824,18,15,2,1760.0689,7000,3,10,20
1825,18,20,2,1760.1803,8000,3,10,20
1826,15,18,2,1760.2998,8000,3,10,20
1827,13,16,2,1760.4953,3000,3,9,18
1828,10,19,2,1762.2458,7000,3,7,14
1829,18,15,2,1762.642,8000,3,10,20
1830,18,13,2,1763.237,8000,3,10,20
1831,18,15,2,1764.5397,6000,3,10,20
1832,18,11,2,1767.8004,8000,3,10,20
1833,19,19,2,1768.7883,7000,3,10,20
1834,12,13,2,1769.0264,4000,3,8,17
1835,16,13,2,1770.6548,7000,3,10,20
1836,18,16,2,1770.9486,2000,3,10,20
1837,10,13,2,1771.8959,2000,3,7,14
1838,17,16,2,1772.4722,5000,3,10,20
1839,20,13,2,1772.7022,7000,3,10,20
1840,19,16,2,1773.1959,5000,3,10,20
1841,12,19,2,1774.0917,5000,3,8,17
1842,13,16,2,1774.6638,5000,3,9,18
1843,19,11,2,1774.6951,6000,3,10,20
1844,12,17,2,1776.2266,9000,3,8,17
1845,13,11,2,1777.194,2000,3,9,18
1846,15,16,2,1778.7648,5000,3,10,20
1847,19,11,2,1780.7757,6000,3,10,20
1848,17,18,2,1780.8518,8000,3,10,20
1849,10,19,2,1781.3558,6000,3,7,14
1850,10,13,2,1781.7152,8000,3,7,14
1851,16,13,2,1782.0127,3000,3,10,20
1852,15,13,2,1782.497,7000,3,10,20
1853,20,13,2,1783.1422,6000,3,10,20
1854,14,18,2,1783.2641,7000,3,9,19
1855,17,15,2,1783.7098,9000,3,10,20
1856,19,18,2,1785.4471,7000,3,10,20
1857,11,15,2,1785.6906,9000,3,8,15
1858,19,18,2,1786.0031,5000,3,10,20
1859,15,20,2,1787.1154,9000,3,10,20
1860,14,11,2,1788.3457,6000,3,9,19
1861,10,16,2,1788.486,6000,3,7,14
1862,14,17,2,1793.8724,9000,3,9,19
1863,18,20,2,1794.9951,3000,3,10,20
1864,14,11,2,1795.3888,8000,3,9,19
1865,17,15,2,1796.0391,4000,3,10,20
1866,11,17,2,1797.463,4000,3,8,15
1867,13,19,2,1798.2677,5000,3,9,18
1868,10,18,2,1799.2485,8000,3,7,14
1869,18,15,2,1801.5775,5000,3,10,20
1870,12,14,2,1801.7616,6000,3,8,17
1871,14,16,2,1804.5167,4000,3,9,19
1872,14,13,2,1804.5656,4000,3,9,19
1873,11,18,2,1804.8266,7000,3,8,15
1874,13,13,2,1805.2506,4000,3,9,18
1875,19,19,2,1806.3103,5000,3,10,20
1876,17,20,2,1807.817,4000,3,10,20
1877,15,17,2,1808.7426,8000,3,10,20
1878,12,15,2,1808.9106,2000,3,8,17
1879,20,20,2,1811.0132,8000,3,10,20
1880,13,16,2,1811.1448,3000,3,9,18
1881,14,11,2,1813.4537,3000,3,9,19
1882,16,12,2,1814.793,6000,3,10,20
1883,15,11,2,1816.5776,9000,3,10,20
1884,20,15,2,1817.2628,5000,3,10,20
1885,12,19,2,1817.8328,2000,3,8,17
1886,14,18,2,1818.4158,6000,3,9,19
1887,19,12,2,1818.818,3000,3,10,20
1888,10,14,2,1821.4608,8000,3,7,14
1889,11,15,2,1821.4794,8000,3,8,15
1890,16,11,2,1822.1387,8000,3,10,20
1891,20,16,2,1823.8935,4000,3,10,20
1892,10,12,2,1825.6144,4000,3,7,14
1893,12,18,2,1826.417,9000,3,8,17
1894,20,13,2,1827.7183,4000,3,10,20
1895,11,20,2,1828.1766,2000,3,8,15
1896,19,19,2,1828.834,8000,3,10,20
1897,19,11,2,1828.8902,7000,3,10,20
1898,15,16,2,1833.3623,5000,3,10,20
1899,19,16,2,1838.7894,4000,3,10,20
1900,19,18,2,1839.1609,9000,3,10,20
1901,15,12,2,1839.3331,6000,3,10,20
1902,13,18,2,1840.7794,3000,3,9,18
1903,15,16,2,1840.9556,3000,3,10,20
1904,15,12,2,1841.5438,7000,3,10,20
1905,11,16,2,1842.8158,5000,3,8,15
1906,10,16,2,1842.9536,2000,3,7,14
1907,18,14,2,1844.2362,2000,3,10,20
1908,15,16,2,1844.8289,7000,3,10,20
1909,18,16,2,1844.8299,4000,3,10,20
1910,10,20,2,1845.5458,5000,3,7,14
1911,10,18,2,1846.2102,6000,3,7,14
1912,17,15,2,1846.5926,8000,3,10,20
1913,14,18,2,1846.929,2000,3,9,19
1914,20,19,2,1847.3695,6000,3,10,20
1915,20,15,2,1847.8101,4000,3,10,20
1916,20,11,2,1850.1118,2000,3,10,20
1917,10,17,2,1850.6019,7000,3,7,14
1918,15,14,2,1850.6259,6000,3,10,20
1919,14,16,2,1851.8147,7000,3,9,19
1920,18,15,2,1854.7822,3000,3,10,20
1921,11,11,2,1855.4134,2000,3,8,15
1922,13,11,2,1855.6843,7000,3,9,18
1923,18,10,2,1855.9063,8000,3,10,20
1924,15,11,2,1858.9023,7000,3,10,20
1925,18,10,2,1859.4569,5000,3,10,20
1926,17,14,2,1860.1363,4000,3,10,20
1927,19,12,2,1861.7302,5000,3,10,20
1928,10,11,2,1861.8768,3000,3,7,14
1929,14,14,2,1862.6724,8000,3,9,19
1930,11,17,2,1862.9826,2000,3,8,15
1931,14,15,2,1863.1137,3000,3,9,19
1932,12,17,2,1864.2239,8000,3,8,17
1933,16,14,2,1864.3165,8000,3,10,20
1934,11,10,2,1864.5821,9000,3,8,15
1935,17,19,2,1864.7059,4000,3,10,20
1936,13,12,2,1866.4646,4000,3,9,18
1937,11,19,2,1866.8738,8000,3,8,15
1938,19,13,2,1867.1732,2000,3,10,20
1939,12,18,2,1867.4279,5000,3,8,17
1940,12,15,2,1867.6339,6000,3,8,17
1941,13,20,2,1867.8124,2000,3,9,18
1942,14,14,2,1868.1759,3000,3,9,19
1943,11,20,2,1870.6493,8000,3,8,15
1944,19,17,2,1870.9034,5000,3,10,20
1945,16,10,2,1872.492,3000,3,10,20
1946,19,13,2,1873.2248,5000,3,10,20
1947,18,16,2,1873.5236,5000,3,10,20
1948,14,13,2,1874.485,6000,3,9,19
1949,19,14,2,1874.8975,4000,3,10,20
1950,20,18,2,1875.4377,8000,3,10,20
1951,13,17,2,1875.6219,7000,3,9,18
1952,14,18,2,1875.7446,3000,3,9,19
1953,13,20,2,1875.9497,5000,3,9,18
1954,11,14,2,1876.3215,8000,3,8,15
1955,16,16,2,1879.3646,7000,3,10,20
1956,10,11,2,1880.5109,3000,3,7,14
1957,16,14,2,1883.8781,7000,3,10,20
1958,10,20,2,1884.52,2000,3,7,14
1959,16,20,2,1887.4606,3000,3,10,20
1960,14,14,2,1887.7634,4000,3,9,19
1961,19,16,2,1888.049,7000,3,10,20
1962,16,10,2,1888.5555,4000,3,10,20
1963,12,11,2,1889.3304,6000,3,8,17
1964,15,10,2,1890.5879,3000,3,10,20
1965,20,12,2,1890.6316,9000,3,10,20
1966,20,19,2,1891.1716,2000,3,10,20
1967,13,18,2,1891.6526,4000,3,9,18
1968,18,19,2,1892.2309,8000,3,10,20
1969,13,20,2,1894.5008,2000,3,9,18
1970,19,11,2,1894.6296,2000,3,10,20
1971,20,18,2,1894.7029,4000,3,10,20
1972,11,13,2,1895.0941,8000,3,8,15
1973,11,13,2,1895.1444,5000,3,8,15
1974,12,12,2,1895.5444,2000,3,8,17
1975,10,19,2,1896.5952,6000,3,7,14
1976,20,19,2,1896.8225,8000,3,10,20
1977,14,18,2,1898.0739,5000,3,9,19
1978,20,14,2,1898.3163,5000,3,10,20
1979,16,20,2,1899.1969,3000,3,10,20
1980,12,18,2,1900.8285,4000,3,8,17
1981,16,12,2,1901.0122,7000,3,10,20
1982,16,11,2,1901.6884,3000,3,10,20
1983,13,20,2,1902.062,6000,3,9,18
1984,16,11,2,1902.1454,3000,3,10,20
1985,19,13,2,1902.8575,4000,3,10,20
1986,20,11,2,1904.1383,2000,3,10,20
1987,10,16,2,1905.2248,4000,3,7,14
1988,14,17,2,1905.3159,3000,3,9,19
1989,19,16,2,1905.7024,5000,3,10,20
1990,12,14,2,1905.8536,2000,3,8,17
1991,15,10,2,1906.5644,8000,3,10,20
1992,12,10,2,1906.7479,5000,3,8,17
1993,16,14,2,1911.07,7000,3,10,20
1994,11,19,2,1911.8469,2000,3,8,15
1995,10,16,2,1912.1767,7000,3,7,14
1996,10,20,2,1914.4339,3000,3,7,14
1997,14,14,2,1919.2138,4000,3,9,19
1998,18,15,2,1919.2194,7000,3,10,20
1999,10,18,2,1921.3627,4000,3,7,14
2000,19,13,2,1921.461,5000,3,10,20
2001,11,12,2,1923.2243,5000,3,8,15
2002,12,10,2,1923.7469,6000,3,8,17
2003,19,20,2,1925.9046,7000,3,10,20
2004,11,19,2,1927.2206,6000,3,8,15
2005,14,13,2,1927.7454,4000,3,9,19
2006,10,17,2,1927.9122,9000,3,7,14
2007,13,16,2,1927.9647,6000,3,9,18
2008,15,15,2,1928.2689,9000,3,10,20
2009,20,10,2,1931.4498,4000,3,10,20
2010,17,11,2,1932.1126,9000,3,10,20
2011,12,15,2,1932.8131,3000,3,8,17
2012,11,15,2,1933.042,6000,3,8,15
2013,19,18,2,1935.2622,6000,3,10,20
2014,19,12,2,1937.4149,3000,3,10,20
2015,13,10,2,1938.6568,9000,3,9,18
2016,10,12,2,1940.2978,7000,3,7,14
2017,17,13,2,1942.4985,5000,3,10,20
2018,13,19,2,1942.8374,4000,3,9,18
2019,11,13,2,1944.3988,2000,3,8,15
2020,15,20,2,1945.4919,9000,3,10,20
2021,13,16,2,1947.9667,2000,3,9,18
2022,18,12,2,1948.7849,5000,3,10,20
2023,12,13,2,1949.1004,9000,3,8,17
2024,12,20,2,1949.5135,7000,3,8,17
2025,15,17,2,1949.8116,9000,3,10,20
2026,18,11,2,1950.2238,6000,3,10,20
2027,13,16,2,1950.7584,3000,3,9,18
2028,16,15,2,1951.7193,4000,3,10,20
2029,13,19,2,1952.5433,8000,3,9,18
2030,16,19,2,1952.8159,3000,3,10,20
2031,11,15,2,1954.64,4000,3,8,15
2032,19,12,2,1955.6565,3000,3,10,20
2033,11,19,2,1956.0227,7000,3,8,15
2034,16,14,2,1956.2224,9000,3,10,20
2035,17,12,2,1956.8186,8000,3,10,20
2036,17,19,2,1957.282,5000,3,10,20
2037,13,19,2,1958.2059,5000,3,9,18
2038,18,12,2,1961.7083,8000,3,10,20
2039,12,19,2,1962.8054,6000,3,8,17
2040,14,18,2,1963.3945,6000,3,9,19
2041,11,13,2,1964.2039,5000,3,8,15
2042,15,16,2,1965.6845,9000,3,10,20
2043,15,10,2,1965.8123,8000,3,10,20
2044,19,17,2,1967.4304,7000,3,10,20
2045,20,19,2,1968.4469,4000,3,10,20
2046,10,19,2,1968.6139,7000,3,7,14
2047,16,11,2,1969.7079,9000,3,10,20
2048,10,18,2,1970.0023,8000,3,7,14
2049,11,20,2,1970.4925,3000,3,8,15
2050,16,15,2,1970.8136,9000,3,10,20
2051,11,10,2,1971.8256,5000,3,8,15
2052,18,14,2,1971.9844,9000,3,10,20
2053,13,19,2,1972.3412,4000,3,9,18
2054,16,16,2,1972.4537,7000,3,10,20
2055,11,15,2,1972.6965,4000,3,8,15
2056,10,11,2,1973.3768,3000,3,7,14
2057,20,20,2,1976.276,6000,3,10,20
2058,13,18,2,1979.2306,9000,3,9,18
2059,13,18,2,1979.8738,6000,3,9,18
2060,10,13,2,1980.126,8000,3,7,14
2061,13,16,2,1980.3727,3000,3,9,18
2062,11,17,2,1981.4393,5000,3,8,15
2063,12,10,2,1981.4776,9000,3,8,17
2064,14,16,2,1982.2936,8000,3,9,19
2065,17,17,2,1982.4508,2000,3,10,20
2066,20,15,2,1985.4667,3000,3,10,20
2067,14,10,2,1985.642,7000,3,9,19
2068,17,17,2,1985.7175,7000,3,10,20
2069,15,19,2,1985.7316,2000,3,10,20
2070,20,13,2,1986.2616,9000,3,10,20
2071,14,18,2,1986.7678,4000,3,9,19
2072,14,12,2,1987.3258,8000,3,9,19
2073,10,10,2,1988.0158,8000,3,7,14
2074,13,18,2,1989.4485,3000,3,9,18
2075,14,17,2,1990.3228,7000,3,9,19
2076,19,19,2,1991.3283,3000,3,10,20
2077,15,12,2,1991.3315,8000,3,10,20
2078,13,11,2,1991.572,8000,3,9,18
2079,15,18,2,1991.9538,5000,3,10,20
2080,17,16,2,1992.3303,9000,3,10,20
2081,17,20,2,1992.569,5000,3,10,20
2082,10,15,2,1992.7414,7000,3,7,14
2083,13,18,2,1997.083,3000,3,9,18
2084,18,12,2,1997.5701,3000,3,10,20
2085,13,16,2,1998.6598,5000,3,9,18
2086,15,15,2,1999.5914,9000,3,10,20
2087,20,13,2,1999.6493,9000,3,10,20
2088,10,15,2,1999.8226,7000,3,7,14
2089,11,16,2,2000.5048,3000,3,8,15
2090,19,11,2,2000.5688,8000,3,10,20
2091,12,12,2,2001.5296,8000,3,8,17
2092,19,17,2,2001.8823,5000,3,10,20
2093,12,15,2,2002.4208,6000,3,8,17
2094,19,12,2,2002.4554,4000,3,10,20
2095,15,14,2,2007.6709,6000,3,10,20
2096,15,13,2,2008.2619,7000,3,10,20
2097,16,10,2,2010.0521,5000,3,10,20
2098,19,10,2,2012.0225,5000,3,10,20
2099,14,17,2,2013.6261,6000,3,9,19
2100,13,15,2,2013.7508,6000,3,9,18
2101,20,19,2,2014.2887,6000,3,10,20
2102,16,14,2,2014.4368,8000,3,10,20
2103,11,20,2,2014.4466,2000,3,8,15
2104,16,17,2,2014.6958,3000,3,10,20
2105,17,19,2,2016.7063,4000,3,10,20
2106,11,10,2,2017.3469,2000,3,8,15
2107,10,19,2,2017.5806,8000,3,7,14
2108,20,18,2,2018.2407,3000,3,10,20
2109,18,19,2,2019.1711,6000,3,10,20
2110,18,16,2,2019.7059,2000,3,10,20
2111,11,10,2,2019.7295,2000,3,8,15
2112,11,14,2,2020.7302,8000,3,8,15
2113,19,16,2,2020.8243,9000,3,10,20
2114,11,18,2,2020.8305,9000,3,8,15
2115,16,19,2,2021.0199,3000,3,10,20
2116,11,19,2,2021.4343,4000,3,8,15
2117,19,10,2,2021.8365,5000,3,10,20
2118,17,16,2,2022.0431,6000,3,10,20
2119,12,11,2,2022.1777,8000,3,8,17
2120,12,19,2,2023.3313,4000,3,8,17
2121,17,13,2,2023.4387,2000,3,10,20
2122,12,18,2,2024.6252,2000,3,8,17
2123,17,20,2,2027.0083,5000,3,10,20
2124,14,18,2,2027.446,8000,3,9,19
2125,11,18,2,2028.2953,3000,3,8,15
2126,11,15,2,2030.5742,7000,3,8,15
2127,19,11,2,2030.8944,3000,3,10,20
2128,15,13,2,2032.326,3000,3,10,20
2129,20,11,2,2032.3879,3000,3,10,20
2130,10,11,2,2032.6136,2000,3,7,14
2131,19,10,2,2032.7424,3000,3,10,20
2132,20,18,2,2033.1266,7000,3,10,20
2133,11,18,2,2034.3369,7000,3,8,15
2134,20,16,2,2034.638,9000,3,10,20
2135,19,19,2,2035.1282,3000,3,10,20
2136,18,10,2,2035.614,2000,3,10,20
2137,18,10,2,2036.333,2000,3,10,20
2138,13,13,2,2036.9655,7000,3,9,18
2139,11,11,2,2037.1061,7000,3,8,15
2140,17,15,2,2037.96,7000,3,10,20
2141,19,17,2,2038.1063,3000,3,10,20
2142,17,19,2,2038.7071,5000,3,10,20
2143,16,10,2,2040.6124,7000,3,10,20
2144,15,12,2,2040.7894,2000,3,10,20
2145,15,15,2,2044.3398,5000,3,10,20
2146,20,19,2,2044.9694,6000,3,10,20
2147,20,17,2,2045.1913,7000,3,10,20
2148,15,15,2,2046.405,3000,3,10,20
2149,10,16,2,2046.9406,6000,3,7,14
2150,16,13,2,2047.9305,9000,3,10,20
2151,20,13,2,2048.5223,6000,3,10,20
2152,17,20,2,2049.3189,4000,3,10,20
2153,10,19,2,2050.8544,5000,3,7,14
2154,18,19,2,2051.0744,4000,3,10,20
2155,14,15,2,2051.9066,8000,3,9,19
2156,12,13,2,2052.5856,6000,3,8,17
2157,14,12,2,2053.4055,4000,3,9,19
2158,12,19,2,2053.5158,3000,3,8,17
2159,17,15,2,2053.8076,2000,3,10,20
2160,16,11,2,2055.0017,2000,3,10,20
2161,10,18,2,2055.8731,8000,3,7,14
2162,16,18,2,2059.7697,8000,3,10,20
2163,16,10,2,2060.0906,2000,3,10,20
2164,20,10,2,2061.8157,5000,3,10,20
2165,17,12,2,2062.55,8000,3,10,20
2166,16,16,2,2062.7136,3000,3,10,20
2167,10,15,2,2062.8809,5000,3,7,14
2168,15,10,2,2063.3725,6000,3,10,20
2169,16,19,2,2063.6895,5000,3,10,20
2170,14,16,2,2063.836,8000,3,9,19
2171,11,13,2,2065.8638,8000,3,8,15
2172,14,16,2,2066.0977,5000,3,9,19
2173,12,15,2,2066.6708,8000,3,8,17
2174,11,20,2,2066.7651,2000,3,8,15
2175,20,15,2,2066.904,8000,3,10,20
2176,17,19,2,2066.9305,4000,3,10,20
2177,10,11,2,2067.9064,5000,3,7,14
2178,14,15,2,2068.0535,7000,3,9,19
2179,15,11,2,2068.8354,4000,3,10,20
2180,16,10,2,2070.9985,2000,3,10,20
2181,18,20,2,2071.0165,8000,3,10,20
2182,19,19,2,2072.3844,4000,3,10,20
2183,14,20,2,2073.0736,5000,3,9,19
2184,12,12,2,2073.2506,8000,3,8,17
2185,16,18,2,2073.2932,2000,3,10,20
2186,12,14,2,2074.8103,7000,3,8,17
2187,19,16,2,2075.2708,9000,3,10,20
2188,13,13,2,2075.4026,7000,3,9,18
2189,14,11,2,2077.7177,7000,3,9,19
2190,17,10,2,2078.421,4000,3,10,20
2191,18,13,2,2079.5808,7000,3,10,20
2192,12,13,2,2079.9843,6000,3,8,17
2193,17,15,2,2081.3515,9000,3,10,20
2194,13,11,2,2082.3699,9000,3,9,18
2195,20,19,2,2084.0462,2000,3,10,20
2196,20,11,2,2084.6012,4000,3,10,20
2197,17,11,2,2084.7473,6000,3,10,20
2198,17,18,2,2084.855,6000,3,10,20
2199,15,15,2,2084.9789,8000,3,10,20
2200,16,10,2,2088.337,8000,3,10,20
2201,14,19,2,2089.1911,5000,3,9,19
2202,11,15,2,2090.5881,8000,3,8,15
2203,12,17,2,2090.71,5000,3,8,17
2204,15,17,2,2091.662,6000,3,10,20
2205,16,15,2,2092.3893,5000,3,10,20
2206,14,11,2,2095.4216,5000,3,9,19
2207,11,13,2,2101.2799,5000,3,8,15
2208,12,12,2,2101.7572,2000,3,8,17
2209,11,18,2,2102.24,2000,3,8,15
2210,17,19,2,2102.9667,5000,3,10,20
2211,16,16,2,2103.5639,3000,3,10,20
2212,20,13,2,2103.614,8000,3,10,20
2213,11,16,2,2104.5392,7000,3,8,15
2214,12,12,2,2104.5485,6000,3,8,17
2215,11,20,2,2105.7333,6000,3,8,15
2216,18,13,2,2106.4831,4000,3,10,20
2217,18,14,2,2107.0468,2000,3,10,20
2218,17,10,2,2108.1208,9000,3,10,20
2219,16,12,2,2109.4697,3000,3,10,20
2220,13,16,2,2109.983,5000,3,9,18
2221,10,17,2,2110.854,9000,3,7,14
2222,18,10,2,2112.0844,5000,3,10,20
2223,11,20,2,2112.5368,5000,3,8,15
2224,12,15,2,2112.5543,7000,3,8,17
2225,16,15,2,2113.6188,9000,3,10,20
2226,15,13,2,2115.2188,2000,3,10,20
2227,18,10,2,2117.5307,4000,3,10,20
2228,14,14,2,2117.7411,2000,3,9,19
2229,17,19,2,2118.4431,9000,3,10,20
2230,16,12,2,2119.6906,7000,3,10,20
2231,16,10,2,2121.0361,9000,3,10,20
2232,16,13,2,2121.5459,9000,3,10,20
2233,16,17,2,2121.7681,2000,3,10,20
2234,16,11,2,2123.0708,6000,3,10,20
2235,13,14,2,2124.8867,7000,3,9,18
2236,15,14,2,2125.3331,6000,3,10,20
2237,20,13,2,2125.3651,8000,3,10,20
2238,18,18,2,2126.0111,9000,3,10,20
2239,15,12,2,2126.9701,9000,3,10,20
2240,12,14,2,2127.8586,7000,3,8,17
2241,16,14,2,2128.5765,8000,3,10,20
2242,11,16,2,2128.9029,2000,3,8,15
2243,16,20,2,2131.1848,3000,3,10,20
2244,18,19,2,2132.8046,4000,3,10,20
2245,20,15,2,2134.099,2000,3,10,20
2246,18,20,2,2134.7583,5000,3,10,20
2247,20,11,2,2135.8385,5000,3,10,20
2248,16,14,2,2136.4989,4000,3,10,20
2249,14,18,2,2138.675,7000,3,9,19
2250,19,11,2,2138.7481,4000,3,10,20
2251,17,12,2,2141.8904,3000,3,10,20
2252,18,15,2,2142.1248,4000,3,10,20
2253,12,11,2,2142.4281,9000,3,8,17
2254,14,14,2,2142.805,8000,3,9,19
2255,14,18,2,2143.4246,5000,3,9,19
2256,18,16,2,2146.4323,4000,3,10,20
2257,20,11,2,2146.8357,8000,3,10,20
2258,15,19,2,2147.0509,7000,3,10,20
2259,10,19,2,2148.3053,2000,3,7,14
2260,14,19,2,2148.3532,4000,3,9,19
2261,18,13,2,2150.5397,6000,3,10,20
2262,12,16,2,2151.9752,6000,3,8,17
2263,15,15,2,2152.2874,9000,3,10,20
2264,15,20,2,2152.6361,9000,3,10,20
2265,19,19,2,2152.7621,5000,3,10,20
2266,17,16,2,2152.932,6000,3,10,20
2267,11,12,2,2154.0235,7000,3,8,15
2268,14,17,2,2154.1976,3000,3,9,19
2269,18,16,2,2154.3013,9000,3,10,20
2270,13,20,2,2155.2733,5000,3,9,18
2271,14,10,2,2156.3041,7000,3,9,19
2272,19,16,2,2156.6796,4000,3,10,20
2273,15,19,2,2156.9606,5000,3,10,20
2274,12,16,2,2162.2746,8000,3,8,17
2275,12,10,2,2162.8881,7000,3,8,17
2276,18,19,2,2165.9229,6000,3,10,20
2277,20,16,2,2169.2186,5000,3,10,20
2278,17,19,2,2169.3518,6000,3,10,20
2279,11,10,2,2169.6756,9000,3,8,15
2280,13,19,2,2169.6837,6000,3,9,18
2281,17,13,2,2169.8522,5000,3,10,20
2282,13,13,2,2171.2768,5000,3,9,18
2283,10,16,2,2172.0978,2000,3,7,14
2284,17,12,2,2172.1294,7000,3,10,20
2285,17,10,2,2172.4591,8000,3,10,20
2286,15,11,2,2173.2956,3000,3,10,20
2287,11,17,2,2173.6276,2000,3,8,15
2288,14,19,2,2174.3237,2000,3,9,19
2289,20,10,2,2174.4699,4000,3,10,20
2290,18,15,2,2174.7169,5000,3,10,20
2291,10,15,2,2176.2023,7000,3,7,14
2292,16,16,2,2176.6417,3000,3,10,20
2293,12,11,2,2177.6078,5000,3,8,17
2294,15,17,2,2178.2982,6000,3,10,20
2295,19,14,2,2179.9526,9000,3,10,20
2296,20,19,2,2182.3266,7000,3,10,20
2297,20,11,2,2182.6872,7000,3,10,20
2298,10,16,2,2185.1345,8000,3,7,14
2299,11,13,2,2185.851,9000,3,8,15
2300,14,12,2,2191.3409,4000,3,9,19
2301,10,18,2,2193.0789,3000,3,7,14
2302,15,17,2,2194.89,3000,3,10,20
2303,11,13,2,2195.3068,2000,3,8,15
2304,17,18,2,2195.4328,6000,3,10,20
2305,12,14,2,2195.9742,7000,3,8,17
2306,13,18,2,2197.8318,7000,3,9,18
2307,19,20,2,2198.0736,5000,3,10,20
2308,17,19,2,2199.2952,3000,3,10,20
2309,17,17,2,2205.1586,5000,3,10,20
2310,18,16,2,2205.3127,3000,3,10,20
2311,16,12,2,2207.939,3000,3,10,20
2312,20,10,2,2207.9557,6000,3,10,20
2313,20,18,2,2208.8586,4000,3,10,20
2314,10,19,2,2210.3075,8000,3,7,14
2315,13,15,2,2210.5539,7000,3,9,18
2316,12,16,2,2211.3188,2000,3,8,17
2317,16,16,2,2212.0347,7000,3,10,20
2318,17,11,2,2212.6342,5000,3,10,20
2319,15,17,2,2214.5154,4000,3,10,20
2320,20,18,2,2216.3771,6000,3,10,20
2321,20,13,2,2218.0757,9000,3,10,20
2322,16,18,2,2218.9285,5000,3,10,20
2323,15,16,2,2220.6113,2000,3,10,20
2324,17,17,2,2220.7092,4000,3,10,20
2325,13,14,2,2221.1429,9000,3,9,18
2326,16,14,2,2223.4068,3000,3,10,20
2327,18,19,2,2224.0771,8000,3,10,20
2328,12,13,2,2224.8211,5000,3,8,17
2329,10,15,2,2225.0077,9000,3,7,14
2330,16,14,2,2228.9391,9000,3,10,20
2331,15,18,2,2231.5661,2000,3,10,20
2332,20,20,2,2232.1252,4000,3,10,20
2333,16,19,2,2232.5502,7000,3,10,20
2334,19,20,2,2232.9175,3000,3,10,20
2335,12,12,2,2234.7045,9000,3,8,17
2336,16,20,2,2235.1162,9000,3,10,20
2337,10,16,2,2237.6664,2000,3,7,14
2338,10,19,2,2238.2637,5000,3,7,14
2339,20,19,2,2240.0827,4000,3,10,20
2340,11,16,2,2240.3083,7000,3,8,15
2341,11,16,2,2240.4851,7000,3,8,15
2342,15,15,2,2241.8689,4000,3,10,20
2343,20,15,2,2245.0522,8000,3,10,20
2344,20,18,2,2245.5204,7000,3,10,20
2345,16,11,2,2245.9212,4000,3,10,20
2346,19,14,2,2247.3009,7000,3,10,20
2347,10,20,2,2248.6386,3000,3,7,14
2348,14,17,2,2249.724,9000,3,9,19
2349,17,18,2,2250.7278,5000,3,10,20
2350,17,17,2,2251.886,2000,3,10,20
2351,10,16,2,2253.8094,3000,3,7,14
2352,20,10,2,2257.2635,8000,3,10,20
2353,20,14,2,2258.1342,7000,3,10,20
2354,20,17,2,2258.2501,9000,3,10,20
2355,10,10,2,2259.1277,7000,3,7,14
2356,20,19,2,2259.2156,4000,3,10,20
2357,18,11,2,2259.8368,2000,3,10,20
2358,11,19,2,2261.1956,4000,3,8,15
2359,17,16,2,2261.9497,3000,3,10,20
2360,18,15,2,2262.1366,8000,3,10,20
2361,10,10,2,2264.1191,6000,3,7,14
2362,16,14,2,2266.2204,8000,3,10,20
2363,15,13,2,2266.615,3000,3,10,20
2364,16,19,2,2266.7871,5000,3,10,20
2365,16,16,2,2266.887,6000,3,10,20
2366,15,18,2,2267.459,2000,3,10,20
2367,18,18,2,2270.2078,9000,3,10,20
2368,14,18,2,2271.1125,7000,3,9,19
2369,16,11,2,2271.2126,2000,3,10,20
2370,13,12,2,2272.2858,5000,3,9,18
2371,15,14,2,2273.0347,9000,3,10,20
2372,15,10,2,2274.6263,8000,3,10,20
2373,17,11,2,2275.0084,2000,3,10,20
2374,13,17,2,2276.2121,7000,3,9,18
2375,15,15,2,2276.4634,8000,3,10,20
2376,10,19,2,2276.664,5000,3,7,14
2377,17,12,2,2276.8916,9000,3,10,20
2378,14,10,2,2277.7506,2000,3,9,19
2379,18,18,2,2278.3467,6000,3,10,20
2380,20,10,2,2279.1485,5000,3,10,20
2381,13,14,2,2280.0679,4000,3,9,18
2382,18,10,2,2280.1641,3000,3,10,20
2383,12,17,2,2282.1101,9000,3,8,17
2384,19,19,2,2283.2363,2000,3,10,20
2385,15,17,2,2283.503,6000,3,10,20
2386,14,10,2,2283.8503,8000,3,9,19
2387,11,13,2,2285.7253,8000,3,8,15
2388,20,17,2,2286.6152,5000,3,10,20
2389,20,10,2,2286.8394,4000,3,10,20
2390,15,18,2,2287.9801,8000,3,10,20
2391,14,12,2,2288.4121,3000,3,9,19
2392,17,10,2,2288.8482,5000,3,10,20
2393,14,14,2,2289.3708,4000,3,9,19
2394,17,14,2,2289.67,3000,3,10,20
2395,11,16,2,2290.5437,9000,3,8,15
2396,14,20,2,2290.9068,4000,3,9,19
2397,18,17,2,2291.5957,6000,3,10,20
2398,14,16,2,2291.8513,2000,3,9,19
2399,17,20,2,2293.2986,5000,3,10,20
2400,19,15,2,2294.2794,3000,3,10,20
2401,17,12,2,2295.8542,2000,3,10,20
2402,19,17,2,2297.5171,6000,3,10,20
2403,11,13,2,2299.173,6000,3,8,15
2404,16,12,2,2300.8548,8000,3,10,20
2405,11,18,2,2301.8743,6000,3,8,15
2406,15,15,2,2303.051,7000,3,10,20
2407,12,16,2,2303.6279,9000,3,8,17
2408,14,11,2,2305.3301,2000,3,9,19
2409,19,13,2,2305.9922,9000,3,10,20
2410,13,15,2,2306.5541,7000,3,9,18
2411,17,16,2,2307.5921,9000,3,10,20
2412,16,19,2,2309.709,5000,3,10,20
2413,11,11,2,2310.6251,8000,3,8,15
2414,12,15,2,2312.4342,9000,3,8,17
2415,14,19,2,2313.0317,3000,3,9,19
2416,13,12,2,2315.0024,7000,3,9,18
2417,14,16,2,2316.5621,3000,3,9,19
2418,17,18,2,2317.7652,4000,3,10,20
2419,19,16,2,2317.8397,6000,3,10,20
2420,11,20,2,2321.3098,2000,3,8,15
2421,10,17,2,2321.4024,7000,3,7,14
2422,10,12,2,2321.5635,9000,3,7,14
2423,10,15,2,2323.683,6000,3,7,14
2424,12,11,2,2324.2652,4000,3,8,17
2425,15,19,2,2324.6496,6000,3,10,20
2426,16,14,2,2325.6059,7000,3,10,20
2427,20,18,2,2326.2609,8000,3,10,20
2428,12,19,2,2329.4295,4000,3,8,17
2429,16,16,2,2331.5849,7000,3,10,20
2430,14,18,2,2332.6521,4000,3,9,19
2431,13,17,2,2332.765,3000,3,9,18
2432,18,15,2,2332.8747,6000,3,10,20
2433,16,12,2,2333.3761,7000,3,10,20
2434,17,16,2,2333.7974,3000,3,10,20
2435,11,17,2,2334.4543,7000,3,8,15
2436,13,20,2,2335.05,8000,3,9,18
2437,17,11,2,2337.549,9000,3,10,20
2438,14,16,2,2337.5713,3000,3,9,19
2439,18,14,2,2341.2117,2000,3,10,20
2440,11,18,2,2342.6173,9000,3,8,15
2441,14,12,2,2342.965,9000,3,9,19
2442,12,11,2,2343.7424,4000,3,8,17
2443,19,16,2,2344.7678,3000,3,10,20
2444,12,17,2,2344.9474,7000,3,8,17
2445,18,19,2,2345.7672,9000,3,10,20
2446,12,10,2,2346.58,6000,3,8,17
2447,14,11,2,2346.873,3000,3,9,19
2448,15,17,2,2347.5126,3000,3,10,20
2449,11,10,2,2348.2386,5000,3,8,15
2450,15,10,2,2348.4113,4000,3,10,20
2451,14,18,2,2348.4344,9000,3,9,19
2452,18,18,2,2349.474,8000,3,10,20
2453,15,17,2,2350.3466,3000,3,10,20
2454,17,19,2,2351.2507,7000,3,10,20
2455,13,12,2,2351.7678,2000,3,9,18
2456,18,14,2,2351.8776,4000,3,10,20
2457,19,13,2,2352.3635,7000,3,10,20
2458,10,13,2,2352.6933,7000,3,7,14
2459,16,20,2,2355.1025,8000,3,10,20
2460,12,18,2,2357.1565,5000,3,8,17
2461,10,20,2,2358.6593,9000,3,7,14
2462,15,13,2,2358.7252,2000,3,10,20
2463,14,10,2,2359.4098,6000,3,9,19
2464,17,13,2,2360.6094,4000,3,10,20
2465,13,11,2,2360.8124,5000,3,9,18
2466,18,16,2,2363.4147,4000,3,10,20
2467,17,12,2,2366.6288,9000,3,10,20
2468,15,12,2,2370.1047,2000,3,10,20
2469,11,20,2,2370.9219,9000,3,8,15
2470,18,16,2,2371.0624,9000,3,10,20
2471,15,12,2,2371.2491,9000,3,10,20
2472,14,12,2,2371.9951,2000,3,9,19
2473,18,17,2,2373.0083,8000,3,10,20
2474,16,17,2,2373.0856,9000,3,10,20
2475,11,18,2,2373.3237,9000,3,8,15
2476,18,17,2,2373.5143,8000,3,10,20
2477,16,11,2,2374.4799,9000,3,10,20
2478,19,20,2,2378.4853,4000,3,10,20
2479,16,16,2,2378.6012,2000,3,10,20
2480,19,18,2,2379.7877,9000,3,10,20
2481,14,16,2,2380.5919,7000,3,9,19
2482,11,11,2,2380.7033,3000,3,8,15
2483,19,19,2,2385.3841,7000,3,10,20
2484,19,12,2,2385.668,3000,3,10,20
2485,20,20,2,2386.0749,7000,3,10,20
2486,15,16,2,2387.9688,9000,3,10,20
2487,12,12,2,2388.1193,5000,3,8,17
2488,17,16,2,2389.3993,9000,3,10,20
2489,18,14,2,2390.0882,9000,3,10,20
2490,16,13,2,2390.2376,6000,3,10,20
2491,12,10,2,2391.0517,5000,3,8,17
2492,15,19,2,2391.2262,9000,3,10,20
2493,17,10,2,2391.3019,9000,3,10,20
2494,20,10,2,2391.9735,2000,3,10,20
2495,18,20,2,2395.4658,2000,3,10,20
2496,20,13,2,2398.6386,2000,3,10,20
2497,16,13,2,2399.4109,3000,3,10,20
2498,17,13,2,2400.0029,6000,3,10,20
2499,12,20,2,2404.7819,7000,3,8,17
2500,11,20,2,2405.346,8000,3,8,15
2501,14,15,2,2405.7711,9000,3,9,19
2502,19,18,2,2406.4315,8000,3,10,20
2503,10,20,2,2406.4718,3000,3,7,14
2504,20,12,2,2407.4353,4000,3,10,20
2505,11,19,2,2408.7494,6000,3,8,15
2506,15,18,2,2408.8729,7000,3,10,20
2507,17,16,2,2409.4355,7000,3,10,20
2508,19,13,2,2410.7783,8000,3,10,20
2509,17,17,2,2412.9058,9000,3,10,20
2510,18,10,2,2413.0637,4000,3,10,20
2511,13,18,2,2414.2748,9000,3,9,18
2512,20,11,2,2416.1821,2000,3,10,20
2513,14,13,2,2416.3117,7000,3,9,19
2514,15,20,2,2417.7529,9000,3,10,20
2515,17,14,2,2418.6206,7000,3,10,20
2516,10,11,2,2420.129,6000,3,7,14
2517,15,12,2,2422.2482,3000,3,10,20
2518,11,14,2,2425.2286,5000,3,8,15
2519,17,20,2,2425.384,2000,3,10,20
2520,15,17,2,2426.8658,9000,3,10,20
2521,13,16,2,2427.0781,8000,3,9,18
2522,20,18,2,2427.5718,9000,3,10,20
2523,11,20,2,2429.11,5000,3,8,15
2524,18,16,2,2430.554,7000,3,10,20
2525,18,20,2,2430.9138,7000,3,10,20
2526,14,19,2,2431.5131,5000,3,9,19
2527,20,15,2,2434.1246,4000,3,10,20
2528,18,17,2,2434.714,5000,3,10,20
2529,10,14,2,2440.3899,5000,3,7,14
2530,15,17,2,2440.6124,3000,3,10,20
2531,19,14,2,2442.8756,2000,3,10,20
2532,18,17,2,2443.6415,8000,3,10,20
2533,14,18,2,2446.813,4000,3,9,19
2534,11,12,2,2449.2049,8000,3,8,15
2535,20,16,2,2449.8407,3000,3,10,20
2536,16,10,2,2450.7289,6000,3,10,20
2537,17,16,2,2452.1822,6000,3,10,20
2538,10,13,2,2453.9081,3000,3,7,14
2539,16,18,2,2454.9261,9000,3,10,20
2540,13,18,2,2457.3792,8000,3,9,18
2541,17,18,2,2459.2899,8000,3,10,20
2542,18,11,2,2459.9479,3000,3,10,20
2543,11,13,2,2460.4368,2000,3,8,15
2544,20,14,2,2460.8925,5000,3,10,20
2545,11,18,2,2461.4075,7000,3,8,15
2546,18,17,2,2463.7125,7000,3,10,20
2547,14,18,2,2464.4522,4000,3,9,19
2548,20,16,2,2464.8419,4000,3,10,20
2549,20,15,2,2464.8537,8000,3,10,20
2550,12,11,2,2465.8851,2000,3,8,17
2551,14,11,2,2465.9757,4000,3,9,19
2552,20,15,2,2467.0764,6000,3,10,20
2553,11,11,2,2468.696,5000,3,8,15
2554,20,10,2,2471.8567,8000,3,10,20
2555,14,12,2,2473.1489,3000,3,9,19
2556,10,17,2,2473.5802,8000,3,7,14
2557,20,15,2,2473.7076,2000,3,10,20
2558,12,20,2,2474.3187,3000,3,8,17
2559,14,13,2,2475.4476,5000,3,9,19
2560,15,12,2,2475.9304,7000,3,10,20
2561,10,15,2,2476.9439,4000,3,7,14
2562,11,11,2,2477.4833,4000,3,8,15
2563,10,11,2,2477.8113,2000,3,7,14
2564,11,20,2,2477.9553,2000,3,8,15
2565,14,19,2,2478.571,7000,3,9,19
2566,11,17,2,2479.3248,6000,3,8,15
2567,19,14,2,2479.3929,3000,3,10,20
2568,20,17,2,2480.3121,8000,3,10,20
2569,11,19,2,2480.3743,5000,3,8,15
2570,18,12,2,2480.589,9000,3,10,20
2571,19,18,2,2482.5108,9000,3,10,20
2572,19,15,2,2484.4512,6000,3,10,20
2573,15,15,2,2484.6928,6000,3,10,20
2574,13,15,2,2484.7833,3000,3,9,18
2575,16,14,2,2485.0766,9000,3,10,20
2576,16,12,2,2486.8943,7000,3,10,20
2577,20,16,2,2488.3272,6000,3,10,20
2578,18,12,2,2490.2571,2000,3,10,20
2579,14,14,2,2491.4213,6000,3,9,19
2580,15,14,2,2492.6489,4000,3,10,20
2581,11,19,2,2493.6451,2000,3,8,15
2582,20,10,2,2493.8248,3000,3,10,20
2583,11,19,2,2494.0456,9000,3,8,15
2584,20,17,2,2494.2762,3000,3,10,20
2585,10,19,2,2495.7599,3000,3,7,14
2586,19,19,2,2495.8111,6000,3,10,20
2587,10,18,2,2496.7662,6000,3,7,14
2588,19,15,2,2497.7272,6000,3,10,20
2589,17,14,2,2498.0528,2000,3,10,20
2590,19,11,2,2500.3981,9000,3,10,20
2591,17,10,2,2501.498,9000,3,10,20
2592,14,16,2,2502.4223,6000,3,9,19
2593,20,18,2,2502.4681,9000,3,10,20
2594,12,17,2,2502.7115,5000,3,8,17
2595,17,15,2,2504.7199,3000,3,10,20
2596,13,15,2,2505.2948,3000,3,9,18
2597,15,13,2,2506.9517,6000,3,10,20
2598,19,10,2,2508.0638,7000,3,10,20
2599,19,13,2,2508.8316,2000,3,10,20
2600,11,16,2,2509.0076,4000,3,8,15
2601,16,16,2,2509.2454,9000,3,10,20
2602,14,15,2,2509.2767,2000,3,9,19
2603,15,19,2,2509.3765,2000,3,10,20
2604,20,13,2,2509.5911,7000,3,10,20
2605,19,17,2,2510.3149,8000,3,10,20
2606,17,18,2,2510.8243,7000,3,10,20
2607,20,19,2,2512.2447,6000,3,10,20
2608,18,20,2,2512.5739,6000,3,10,20
2609,11,10,2,2513.0677,7000,3,8,15
2610,17,18,2,2513.5466,2000,3,10,20
2611,16,18,2,2513.6766,6000,3,10,20
2612,12,14,2,2515.0566,8000,3,8,17
2613,14,18,2,2516.2768,5000,3,9,19
2614,18,17,2,2516.7569,5000,3,10,20
2615,11,17,2,2516.8027,7000,3,8,15
2616,20,19,2,2517.6871,7000,3,10,20
2617,16,13,2,2517.9814,8000,3,10,20
2618,16,20,2,2518.0041,4000,3,10,20
2619,11,12,2,2518.4709,4000,3,8,15
2620,16,12,2,2518.6415,3000,3,10,20
2621,14,10,2,2519.66,5000,3,9,19
2622,15,20,2,2521.469,3000,3,10,20
2623,17,13,2,2521.9398,3000,3,10,20
2624,15,19,2,2522.7162,5000,3,10,20
2625,19,20,2,2523.1001,4000,3,10,20
2626,10,16,2,2523.7638,5000,3,7,14
2627,15,20,2,2526.9879,7000,3,10,20
2628,10,19,2,2527.8161,3000,3,7,14
2629,16,14,2,2528.4143,9000,3,10,20
2630,15,16,2,2529.3679,4000,3,10,20
2631,13,14,2,2529.8297,6000,3,9,18
2632,15,11,2,2534.4566,3000,3,10,20
2633,16,16,2,2534.8404,4000,3,10,20
2634,15,12,2,2537.8408,2000,3,10,20
2635,16,18,2,2538.2951,9000,3,10,20
2636,17,20,2,2539.3827,8000,3,10,20
2637,20,20,2,2539.951,2000,3,10,20
2638,20,15,2,2540.9883,5000,3,10,20
2639,16,17,2,2542.5852,3000,3,10,20
2640,18,11,2,2543.1317,3000,3,10,20
2641,20,10,2,2543.2365,5000,3,10,20
2642,12,16,2,2543.4385,6000,3,8,17
2643,10,19,2,2545.6027,8000,3,7,14
2644,20,13,2,2547.3048,6000,3,10,20
2645,12,17,2,2547.6332,8000,3,8,17
2646,20,10,2,2548.0773,4000,3,10,20
2647,10,19,2,2548.0819,5000,3,7,14
2648,14,11,2,2548.2647,8000,3,9,19
2649,17,17,2,2551.015,8000,3,10,20
2650,17,15,2,2553.0287,4000,3,10,20
2651,20,16,2,2553.2148,3000,3,10,20
2652,15,12,2,2553.7627,8000,3,10,20
2653,15,13,2,2556.9067,7000,3,10,20
2654,17,17,2,2562.1026,3000,3,10,20
2655,20,11,2,2565.1815,6000,3,10,20
2656,18,16,2,2567.7063,7000,3,10,20
2657,12,13,2,2567.7834,3000,3,8,17
2658,18,16,2,2568.5794,8000,3,10,20
2659,12,15,2,2568.6879,7000,3,8,17
2660,17,18,2,2569.1666,6000,3,10,20
2661,19,16,2,2569.2307,6000,3,10,20
2662,16,11,2,2569.738,2000,3,10,20
2663,20,12,2,2570.7252,4000,3,10,20
2664,10,10,2,2571.6422,2000,3,7,14
2665,16,20,2,2573.9313,4000,3,10,20
2666,15,11,2,2574.0394,9000,3,10,20
2667,12,18,2,2576.9446,5000,3,8,17
2668,16,19,2,2577.1284,2000,3,10,20
2669,10,12,2,2577.2733,5000,3,7,14
2670,11,16,2,2578.9114,5000,3,8,15
2671,17,19,2,2579.0781,4000,3,10,20
2672,19,12,2,2579.3542,3000,3,10,20
2673,12,13,2,2580.8149,7000,3,8,17
2674,14,16,2,2580.8792,2000,3,9,19
2675,13,14,2,2582.6551,2000,3,9,18
2676,17,14,2,2583.007,6000,3,10,20
2677,15,18,2,2585.7564,2000,3,10,20
2678,11,14,2,2586.537,3000,3,8,15
2679,11,18,2,2587.706,9000,3,8,15
2680,18,17,2,2588.5491,6000,3,10,20
2681,13,12,2,2588.5701,5000,3,9,18
2682,10,15,2,2590.0381,2000,3,7,14
2683,18,19,2,2590.4104,4000,3,10,20
2684,17,18,2,2590.838,5000,3,10,20
2685,13,10,2,2591.3098,9000,3,9,18
2686,10,11,2,2591.6009,2000,3,7,14
2687,18,10,2,2592.0958,5000,3,10,20
2688,20,20,2,2595.715,2000,3,10,20
2689,13,19,2,2595.9282,9000,3,9,18
2690,11,14,2,2596.4107,5000,3,8,15
2691,17,17,2,2596.8669,8000,3,10,20
2692,11,14,2,2597.4013,9000,3,8,15
2693,12,15,2,2599.2082,7000,3,8,17
2694,19,17,2,2599.843,6000,3,10,20
2695,18,18,2,2599.9619,7000,3,10,20
2696,19,12,2,2601.7371,5000,3,10,20
2697,12,12,2,2602.0872,5000,3,8,17
2698,19,11,2,2602.1652,7000,3,10,20
2699,12,18,2,2602.6365,7000,3,8,17
2700,13,15,2,2606.4322,7000,3,9,18
2701,20,19,2,2607.7877,6000,3,10,20
2702,16,14,2,2608.243,6000,3,10,20
2703,11,18,2,2609.0444,3000,3,8,15
2704,14,11,2,2609.8922,8000,3,9,19
2705,19,12,2,2610.1214,6000,3,10,20
2706,17,11,2,2610.1535,2000,3,10,20
2707,17,19,2,2610.6098,6000,3,10,20
2708,10,18,2,2612.3186,6000,3,7,14
2709,10,13,2,2612.391,4000,3,7,14
2710,13,18,2,2612.5801,7000,3,9,18
2711,10,20,2,2613.99,6000,3,7,14
2712,10,16,2,2614.6651,8000,3,7,14
2713,19,15,2,2615.738,9000,3,10,20
2714,18,18,2,2616.7268,8000,3,10,20
2715,15,18,2,2618.6393,7000,3,10,20
2716,20,19,2,2619.1507,6000,3,10,20
2717,14,14,2,2619.1906,5000,3,9,19
2718,19,11,2,2619.5638,4000,3,10,20
2719,19,13,2,2619.651,2000,3,10,20
2720,16,18,2,2620.7791,3000,3,10,20
2721,16,11,2,2620.8144,3000,3,10,20
2722,13,19,2,2621.8331,7000,3,9,18
2723,18,13,2,2621.9158,2000,3,10,20
2724,13,11,2,2621.9865,2000,3,9,18
2725,17,17,2,2625.4011,5000,3,10,20
2726,11,15,2,2629.3719,4000,3,8,15
2727,10,20,2,2630.0108,9000,3,7,14
2728,11,11,2,2630.6706,4000,3,8,15
2729,19,12,2,2631.9946,9000,3,10,20
2730,17,16,2,2632.789,9000,3,10,20
2731,15,18,2,2632.8462,9000,3,10,20
2732,14,12,2,2632.8814,6000,3,9,19
2733,17,11,2,2633.6224,7000,3,10,20
2734,16,10,2,2634.9207,4000,3,10,20
2735,19,20,2,2635.1395,2000,3,10,20
2736,18,18,2,2636.7781,5000,3,10,20
2737,14,12,2,2639.6839,5000,3,9,19
2738,14,17,2,2640.2341,2000,3,9,19
2739,11,14,2,2640.8152,9000,3,8,15
2740,13,20,2,2641.2006,8000,3,9,18
2741,13,17,2,2643.1889,9000,3,9,18
2742,15,11,2,2643.6504,7000,3,10,20
2743,11,11,2,2644.1558,4000,3,8,15
2744,13,10,2,2644.3587,3000,3,9,18
2745,20,17,2,2644.7481,8000,3,10,20
2746,12,10,2,2645.3536,2000,3,8,17
2747,17,12,2,2646.0113,7000,3,10,20
2748,10,16,2,2646.1086,4000,3,7,14
2749,14,12,2,2646.2618,5000,3,9,19
2750,12,18,2,2646.3613,5000,3,8,17
2751,10,16,2,2647.8763,6000,3,7,14
2752,10,17,2,2648.0411,7000,3,7,14
2753,19,16,2,2648.2383,8000,3,10,20
2754,15,17,2,2648.4834,5000,3,10,20
2755,12,20,2,2649.4528,3000,3,8,17
2756,17,18,2,2651.0774,4000,3,10,20
2757,14,13,2,2651.4927,4000,3,9,19
2758,12,13,2,2652.9089,5000,3,8,17
2759,13,18,2,2653.2065,6000,3,9,18
2760,17,19,2,2653.2475,8000,3,10,20
2761,13,18,2,2653.4823,3000,3,9,18
2762,13,12,2,2653.5864,4000,3,9,18
2763,13,14,2,2654.4513,4000,3,9,18
2764,16,12,2,2657.9867,9000,3,10,20
2765,10,11,2,2658.7048,5000,3,7,14
2766,19,20,2,2659.8276,4000,3,10,20
2767,20,20,2,2661.1901,4000,3,10,20
2768,14,18,2,2662.7234,6000,3,9,19
2769,12,20,2,2664.8066,6000,3,8,17
2770,17,15,2,2665.493,7000,3,10,20
2771,13,15,2,2665.7857,4000,3,9,18
2772,11,14,2,2666.0809,7000,3,8,15
2773,11,11,2,2666.4078,3000,3,8,15
2774,14,11,2,2668.1013,6000,3,9,19
2775,20,16,2,2668.8175,5000,3,10,20
2776,19,15,2,2670.4647,6000,3,10,20
2777,10,12,2,2672.0077,3000,3,7,14
2778,12,14,2,2672.5766,4000,3,8,17
2779,12,11,2,2673.4289,4000,3,8,17
2780,14,16,2,2673.5508,5000,3,9,19
2781,10,20,2,2673.6536,5000,3,7,14
2782,15,16,2,2673.9808,6000,3,10,20
2783,17,18,2,2674.8151,5000,3,10,20
2784,14,19,2,2675.2792,5000,3,9,19
2785,19,16,2,2676.4037,2000,3,10,20
2786,14,14,2,2677.7053,2000,3,9,19
2787,17,11,2,2677.7302,4000,3,10,20
2788,10,10,2,2677.9619,5000,3,7,14
2789,19,19,2,2678.1905,8000,3,10,20
2790,20,10,2,2679.6606,6000,3,10,20
2791,20,16,2,2679.947,4000,3,10,20
2792,13,18,2,2680.8197,2000,3,9,18
2793,18,18,2,2682.7133,5000,3,10,20
2794,14,19,2,2684.1938,3000,3,9,19
2795,13,15,2,2685.7626,6000,3,9,18
2796,20,12,2,2685.9376,2000,3,10,20
2797,16,16,2,2689.7412,7000,3,10,20
2798,13,17,2,2690.4013,2000,3,9,18
2799,18,11,2,2690.6882,5000,3,10,20
2800,20,17,2,2690.8231,8000,3,10,20
2801,12,20,2,2691.1856,4000,3,8,17
2802,10,14,2,2695.1743,8000,3,7,14
2803,14,13,2,2695.5289,3000,3,9,19
2804,20,17,2,2695.6783,7000,3,10,20
2805,17,13,2,2695.7521,2000,3,10,20
2806,11,11,2,2697.3058,3000,3,8,15
2807,15,16,2,2699.149,4000,3,10,20
2808,14,13,2,2700.5881,2000,3,9,19
2809,13,14,2,2700.7769,4000,3,9,18
2810,18,19,2,2701.7486,4000,3,10,20
2811,18,17,2,2702.1099,8000,3,10,20
2812,13,19,2,2703.6165,5000,3,9,18
2813,13,12,2,2704.0329,8000,3,9,18
2814,16,11,2,2704.4769,5000,3,10,20
2815,15,15,2,2704.4786,2000,3,10,20
2816,13,16,2,2704.603,8000,3,9,18
2817,16,14,2,2705.1922,8000,3,10,20
2818,16,12,2,2706.1568,6000,3,10,20
2819,16,19,2,2706.972,8000,3,10,20
2820,15,14,2,2707.2812,7000,3,10,20
2821,11,18,2,2708.079,6000,3,8,15
2822,18,11,2,2710.472,5000,3,10,20
2823,12,14,2,2712.4675,2000,3,8,17
2824,12,14,2,2712.8342,8000,3,8,17
2825,16,10,2,2713.2873,7000,3,10,20
2826,20,20,2,2714.8264,8000,3,10,20
2827,19,19,2,2716.2434,2000,3,10,20
2828,16,10,2,2716.8101,4000,3,10,20
2829,18,19,2,2717.7123,9000,3,10,20
2830,18,19,2,2717.9412,2000,3,10,20
2831,15,19,2,2718.7147,7000,3,10,20
2832,15,19,2,2719.3188,7000,3,10,20
2833,18,17,2,2719.9524,7000,3,10,20
2834,16,14,2,2720.4685,3000,3,10,20
2835,20,19,2,2721.1052,6000,3,10,20
2836,17,15,2,2721.5548,6000,3,10,20
2837,18,14,2,2722.0665,4000,3,10,20
2838,20,17,2,2722.0852,3000,3,10,20
2839,16,19,2,2723.4693,6000,3,10,20
2840,12,17,2,2724.9387,7000,3,8,17
2841,18,12,2,2726.4086,3000,3,10,20
2842,20,11,2,2727.3069,7000,3,10,20
2843,11,20,2,2728.5252,3000,3,8,15
2844,12,18,2,2729.264,3000,3,8,17
2845,18,13,2,2731.0264,5000,3,10,20
2846,17,19,2,2731.1033,6000,3,10,20
2847,16,10,2,2731.1552,8000,3,10,20
2848,10,14,2,2731.7039,5000,3,7,14
2849,13,10,2,2731.9054,8000,3,9,18
2850,14,16,2,2732.7209,2000,3,9,19
2851,10,16,2,2735.6471,6000,3,7,14
2852,10,15,2,2737.0679,3000,3,7,14
2853,14,17,2,2737.3944,6000,3,9,19
2854,19,15,2,2737.5408,8000,3,10,20
2855,12,13,2,2738.5489,2000,3,8,17
2856,14,15,2,2740.0602,3000,3,9,19
2857,10,17,2,2741.6162,5000,3,7,14
2858,11,12,2,2743.3246,3000,3,8,15
2859,10,16,2,2743.3512,6000,3,7,14
2860,10,11,2,2744.0495,7000,3,7,14
2861,15,13,2,2746.8889,6000,3,10,20
2862,10,14,2,2747.4131,4000,3,7,14
2863,18,17,2,2747.5333,3000,3,10,20
2864,19,15,2,2748.1695,2000,3,10,20
2865,12,10,2,2749.4759,7000,3,8,17
2866,13,14,2,2749.9786,9000,3,9,18
2867,19,14,2,2750.1237,3000,3,10,20
2868,15,12,2,2750.3698,7000,3,10,20
2869,12,16,2,2751.263,2000,3,8,17
2870,15,18,2,2751.7468,3000,3,10,20
2871,19,17,2,2751.8285,2000,3,10,20
2872,14,16,2,2753.34,4000,3,9,19
2873,17,11,2,2754.0773,8000,3,10,20
2874,20,17,2,2755.822,3000,3,10,20
2875,16,19,2,2757.8957,6000,3,10,20
2876,10,12,2,2758.6435,4000,3,7,14
2877,11,20,2,2759.9041,4000,3,8,15
2878,12,18,2,2761.0532,8000,3,8,17
2879,20,14,2,2761.3014,8000,3,10,20
2880,13,16,2,2761.6834,6000,3,9,18
2881,20,13,2,2762.8301,2000,3,10,20
2882,18,17,2,2763.5102,3000,3,10,20
2883,17,20,2,2764.227,7000,3,10,20
2884,18,17,2,2766.4526,5000,3,10,20
2885,12,12,2,2766.7812,7000,3,8,17
2886,19,12,2,2768.1295,5000,3,10,20
2887,17,16,2,2769.122,4000,3,10,20
2888,14,13,2,2770.188,7000,3,9,19
2889,13,13,2,2771.3798,6000,3,9,18
2890,13,20,2,2771.8803,4000,3,9,18
2891,17,18,2,2772.8766,3000,3,10,20
2892,11,11,2,2773.0164,7000,3,8,15
2893,20,14,2,2773.323,6000,3,10,20
2894,11,16,2,2773.6577,7000,3,8,15
2895,16,11,2,2774.0853,8000,3,10,20
2896,18,10,2,2774.4987,4000,3,10,20
2897,18,15,2,2775.3494,9000,3,10,20
2898,20,19,2,2775.9896,5000,3,10,20
2899,12,17,2,2778.359,4000,3,8,17
2900,16,18,2,2781.8461,5000,3,10,20
2901,17,19,2,2784.2354,3000,3,10,20
2902,11,14,2,2785.851,9000,3,8,15
2903,20,16,2,2785.9439,2000,3,10,20
2904,15,13,2,2786.2759,4000,3,10,20
2905,16,19,2,2786.9611,9000,3,10,20
2906,12,12,2,2788.297,9000,3,8,17
2907,18,14,2,2789.5523,9000,3,10,20
2908,19,14,2,2790.314,8000,3,10,20
2909,15,11,2,2790.5814,8000,3,10,20
2910,15,20,2,2792.9799,9000,3,10,20
2911,20,13,2,2793.2409,2000,3,10,20
2912,18,16,2,2793.5173,2000,3,10,20
2913,20,12,2,2793.808,5000,3,10,20
2914,18,14,2,2794.4769,4000,3,10,20
2915,15,13,2,2796.1633,7000,3,10,20
2916,10,11,2,2798.2551,6000,3,7,14
2917,18,14,2,2799.2618,7000,3,10,20
2918,20,16,2,2799.5595,4000,3,10,20
2919,14,18,2,2799.6708,3000,3,9,19
2920,19,15,2,2801.154,4000,3,10,20
2921,16,20,2,2801.1877,3000,3,10,20
2922,16,17,2,2805.028,6000,3,10,20
2923,17,10,2,2805.2619,7000,3,10,20
2924,13,15,2,2805.5697,7000,3,9,18
2925,13,10,2,2806.9904,9000,3,9,18
2926,17,20,2,2807.075,7000,3,10,20
2927,19,11,2,2808.9936,2000,3,10,20
2928,20,14,2,2810.3327,4000,3,10,20
2929,16,19,2,2810.9281,8000,3,10,20
2930,18,18,2,2812.1946,6000,3,10,20
2931,13,10,2,2814.9354,4000,3,9,18
2932,17,13,2,2815.0394,4000,3,10,20
2933,11,13,2,2815.9757,4000,3,8,15
2934,15,15,2,2816.7688,8000,3,10,20
2935,17,12,2,2817.8251,7000,3,10,20
2936,16,17,2,2818.9925,6000,3,10,20
2937,10,19,2,2820.0233,7000,3,7,14
2938,20,14,2,2820.3664,6000,3,10,20
2939,18,18,2,2824.7379,4000,3,10,20
2940,15,20,2,2827.0148,2000,3,10,20
2941,10,14,2,2827.369,4000,3,7,14
2942,11,19,2,2827.5774,8000,3,8,15
2943,20,18,2,2827.637,8000,3,10,20
2944,19,14,2,2827.9869,7000,3,10,20
2945,18,18,2,2828.7013,6000,3,10,20
2946,17,14,2,2829.2195,8000,3,10,20
2947,18,19,2,2829.706,7000,3,10,20
2948,12,19,2,2831.7826,6000,3,8,17
2949,11,18,2,2832.2571,5000,3,8,15
2950,19,14,2,2832.7008,7000,3,10,20
2951,16,12,2,2834.2781,8000,3,10,20
2952,19,19,2,2834.3869,8000,3,10,20
2953,18,13,2,2835.1096,8000,3,10,20
2954,17,14,2,2837.6606,2000,3,10,20
2955,10,19,2,2837.8811,6000,3,7,14
2956,20,18,2,2839.9969,2000,3,10,20
2957,10,19,2,2843.399,7000,3,7,14
2958,20,14,2,2843.7742,7000,3,10,20
2959,19,12,2,2844.3838,9000,3,10,20
2960,18,17,2,2844.6821,6000,3,10,20
2961,19,10,2,2846.6012,2000,3,10,20
2962,17,10,2,2846.7602,3000,3,10,20
2963,18,14,2,2848.4364,7000,3,10,20
2964,14,16,2,2850.7404,3000,3,9,19
2965,20,14,2,2851.0703,9000,3,10,20
2966,17,19,2,2852.2215,7000,3,10,20
2967,11,13,2,2852.3935,6000,3,8,15
2968,11,20,2,2852.425,2000,3,8,15
2969,16,19,2,2852.8848,9000,3,10,20
2970,15,20,2,2853.1739,8000,3,10,20
2971,15,17,2,2855.1492,5000,3,10,20
2972,16,10,2,2855.622,2000,3,10,20
2973,20,15,2,2855.96,4000,3,10,20
2974,14,17,2,2857.923,6000,3,9,19
2975,17,18,2,2858.0446,7000,3,10,20
2976,15,10,2,2858.5702,8000,3,10,20
2977,10,17,2,2858.9924,3000,3,7,14
2978,19,10,2,2859.2615,2000,3,10,20
2979,16,16,2,2860.4151,6000,3,10,20
2980,12,18,2,2860.4413,9000,3,8,17
2981,15,15,2,2861.6363,2000,3,10,20
2982,13,20,2,2861.9571,4000,3,9,18
2983,14,13,2,2864.8777,3000,3,9,19
2984,20,10,2,2866.1329,5000,3,10,20
2985,18,18,2,2866.7062,6000,3,10,20
2986,20,11,2,2866.8495,4000,3,10,20
2987,13,17,2,2869.9452,3000,3,9,18
2988,16,20,2,2870.7955,7000,3,10,20
2989,19,12,2,2871.8664,8000,3,10,20
2990,16,16,2,2872.3346,7000,3,10,20
2991,16,14,2,2873.4957,2000,3,10,20
2992,14,12,2,2874.1787,9000,3,9,19
2993,14,10,2,2875.5001,3000,3,9,19
2994,10,19,2,2878.2666,9000,3,7,14
2995,16,20,2,2878.7124,8000,3,10,20
2996,20,13,2,2879.6512,7000,3,10,20
2997,12,19,2,2880.0822,6000,3,8,17
2998,19,10,2,2882.6723,8000,3,10,20
2999,14,16,2,2884.7958,5000,3,9,19