job_id,num_qubits,depth,priority,arrival_time,num_shots,req_iterations,cpu_units,mem_bw
0,10,17,2,0.6096,2800,6,7,14
1,19,10,2,1.6542,1800,6,10,20
2,8,12,2,2.0235,2800,4,6,12
3,10,15,2,2.2094,2700,5,7,14
4,10,14,2,2.7178,3800,6,7,14
5,3,19,2,4.927,2700,6,4,6
6,14,11,2,6.6928,1800,5,9,19
7,16,17,2,8.589,2000,7,10,20
8,4,5,2,8.7597,1200,7,4,8
9,6,18,2,9.7185,4500,5,5,10
10,15,5,2,10.8266,1500,5,10,20
11,14,14,2,10.9389,2200,5,9,19
12,10,10,2,11.1942,1700,7,7,14
13,18,6,2,12.4691,1700,4,10,20
14,12,13,2,12.645,1900,3,8,17
15,16,14,2,14.116,1900,3,10,20
16,18,15,2,14.7797,4600,4,10,20
17,15,20,2,14.9066,4500,6,10,20
18,17,18,2,15.4047,4000,4,10,20
19,19,13,2,15.8911,2400,7,10,20
20,16,6,2,15.9889,4400,5,10,20
21,3,9,2,16.0502,1300,5,4,6
22,17,12,2,16.6825,3700,4,10,20
23,7,20,2,16.7936,2800,6,6,11
24,6,5,2,16.9868,4700,4,5,10
25,12,11,2,17.0586,1400,7,8,17
26,14,11,2,17.2237,4700,3,9,19
27,17,18,2,18.2006,1300,5,10,20
28,17,10,2,18.4741,3700,7,10,20
29,18,7,2,18.8086,1900,3,10,20
30,5,16,2,19.3375,2700,3,5,9
31,5,20,2,20.0499,3700,6,5,9
32,12,19,2,20.6912,1300,6,8,17
33,6,14,2,20.7221,4700,6,5,10
34,3,16,2,21.2124,1100,6,4,6
35,17,5,2,21.9826,1100,4,10,20
36,3,19,2,24.3603,3700,5,4,6
37,3,8,2,24.8174,1600,6,4,6
38,20,18,2,26.0562,4100,5,10,20
39,10,17,2,26.8069,2400,6,7,14
40,10,18,2,26.8539,2900,7,7,14
41,9,20,2,26.9881,2100,5,7,13
42,3,8,2,27.4313,4300,4,4,6
43,8,14,2,28.6703,4600,3,6,12
44,16,8,2,28.9165,3200,4,10,20
45,17,19,2,29.0487,1400,4,10,20
46,7,12,2,29.9306,1800,4,6,11
47,5,7,2,29.9646,4900,7,5,9
48,16,17,2,30.2831,1100,4,10,20
49,20,6,2,30.6057,3400,6,10,20
50,12,19,2,30.9836,3200,7,8,17
51,5,7,2,32.3159,2300,3,5,9
52,7,15,2,34.0845,3500,4,6,11
53,4,20,2,34.3881,1400,6,4,8
54,19,8,2,34.68,2500,3,10,20
55,4,6,2,35.7859,1500,6,4,8
56,9,15,2,36.5184,1300,7,7,13
57,9,16,2,37.2952,2500,6,7,13
58,10,10,2,37.357,2700,3,7,14
59,11,14,2,37.9693,2900,5,8,15
60,5,10,2,38.6253,2900,4,5,9
61,16,5,2,39.709,1900,4,10,20
62,9,17,2,40.2508,3600,4,7,13
63,8,9,2,40.4456,3800,7,6,12
64,5,11,2,40.689,3500,3,5,9
65,11,20,2,43.5649,4100,3,8,15
66,6,8,2,44.1134,3400,7,5,10
67,18,14,2,46.0819,3700,7,10,20
68,3,13,2,47.146,1800,5,4,6
69,7,20,2,47.6487,4600,4,6,11
70,19,10,2,48.591,4100,4,10,20
71,7,16,2,48.6951,2400,6,6,11
72,11,9,2,48.7495,4600,5,8,15
73,9,12,2,48.8908,2900,5,7,13
74,19,19,2,48.9799,3500,7,10,20
75,12,5,2,49.062,1400,4,8,17
76,8,16,2,50.99,5000,7,6,12
77,20,6,2,51.7473,2600,6,10,20
78,14,8,2,52.6409,3400,4,9,19
79,11,17,2,52.9306,4900,6,8,15
80,20,6,2,52.9382,2100,4,10,20
81,5,12,2,53.0513,1700,3,5,9
82,11,20,2,53.7544,3800,6,8,15
83,16,10,2,54.1098,1400,6,10,20
84,17,5,2,54.5863,4200,6,10,20
85,5,6,2,54.5928,4000,3,5,9
86,5,9,2,54.6117,5000,5,5,9
87,17,17,2,55.5312,2600,4,10,20
88,18,13,2,56.3765,3500,4,10,20
89,16,8,2,56.4129,4600,7,10,20
90,12,13,2,56.706,2800,7,8,17
91,15,17,2,56.8838,2100,3,10,20
92,20,13,2,56.9694,3900,4,10,20
93,16,11,2,57.8047,4600,3,10,20
94,16,7,2,57.9234,3500,5,10,20
95,17,19,2,58.0153,4400,6,10,20
96,19,10,2,58.3059,2200,6,10,20
97,7,20,2,58.32,1600,5,6,11
98,7,17,2,58.9264,2600,7,6,11
99,15,5,2,62.6581,4500,6,10,20
100,3,20,2,62.6652,4100,3,4,6
101,5,18,2,63.9939,1200,6,5,9
102,4,5,2,64.1994,4300,6,4,8
103,11,7,2,65.2291,3800,6,8,15
104,19,5,2,65.9794,1800,5,10,20
105,7,6,2,66.7827,2000,3,6,11
106,11,9,2,68.2654,3200,6,8,15
107,15,9,2,69.9953,1900,6,10,20
108,15,20,2,70.0069,1600,6,10,20
109,12,8,2,70.1317,1500,5,8,17
110,8,17,2,70.3139,4000,3,6,12
111,7,19,2,70.721,2100,3,6,11
112,17,17,2,70.7568,2100,6,10,20
113,5,10,2,70.8717,4600,3,5,9
114,5,12,2,70.9508,3200,5,5,9
115,20,10,2,73.4437,3700,4,10,20
116,6,13,2,73.7143,1100,5,5,10
117,11,11,2,73.8358,1800,7,8,15
118,11,19,2,73.9018,1800,6,8,15
119,11,17,2,74.2486,4600,6,8,15
120,9,6,2,75.7463,3000,4,7,13
121,5,16,2,76.4013,1700,7,5,9
122,5,15,2,77.0388,1300,3,5,9
123,15,12,2,77.8226,4200,3,10,20
124,15,11,2,77.9889,4000,7,10,20
125,16,7,2,80.0395,4900,6,10,20
126,5,9,2,80.1457,4000,3,5,9
127,8,11,2,81.0461,2700,6,6,12
128,15,11,2,82.8873,3000,3,10,20
129,19,18,2,83.3972,1900,3,10,20
130,11,11,2,83.6784,5000,6,8,15
131,10,17,2,83.8869,3600,5,7,14
132,19,18,2,84.4923,2000,5,10,20
133,16,6,2,84.7756,1300,6,10,20
134,15,6,2,85.4463,4900,3,10,20
135,13,19,2,86.0547,2200,5,9,18
136,17,13,2,87.363,3900,5,10,20
137,8,9,2,90.0283,2200,3,6,12
138,7,19,2,91.0275,4100,3,6,11
139,15,16,2,91.0689,2000,5,10,20
140,10,18,2,91.2246,1000,4,7,14
141,16,14,2,91.6275,3800,3,10,20
142,13,10,2,92.115,4100,7,9,18
143,7,20,2,92.2703,2500,7,6,11
144,14,7,2,93.0669,3500,6,9,19
145,14,8,2,93.5692,1900,6,9,19
146,3,11,2,95.7946,2500,4,4,6
147,7,11,2,97.0934,3500,4,6,11
148,5,9,2,97.8819,3300,4,5,9
149,14,14,2,98.1577,4700,5,9,19
150,16,5,2,98.6108,4400,4,10,20
151,15,13,2,100.9295,1500,4,10,20
152,4,10,2,101.054,1300,4,4,8
153,17,14,2,102.1581,4200,6,10,20
154,10,12,2,102.2074,2100,7,7,14
155,14,5,2,103.258,2700,4,9,19
156,3,8,2,104.3628,2300,7,4,6
157,10,18,2,105.2721,2600,7,7,14
158,8,15,2,106.423,2900,4,6,12
159,17,15,2,106.6619,3200,6,10,20
160,14,16,2,108.2334,3400,4,9,19
161,17,17,2,109.9485,2300,5,10,20
162,10,5,2,110.3077,2200,5,7,14
163,3,7,2,110.5587,1700,7,4,6
164,20,15,2,110.7579,3300,5,10,20
165,9,5,2,110.8343,2200,5,7,13
166,9,15,2,111.08,2500,7,7,13
167,13,6,2,111.3643,2100,4,9,18
168,17,14,2,111.8067,3600,7,10,20
169,10,6,2,113.6795,1000,3,7,14
170,6,12,2,114.0465,4300,5,5,10
171,19,11,2,114.2189,1800,3,10,20
172,6,10,2,114.4562,2000,6,5,10
173,17,14,2,115.2702,2100,7,10,20
174,11,14,2,115.4028,2000,6,8,15
175,13,15,2,116.5585,2100,7,9,18
176,20,9,2,117.4291,3600,7,10,20
177,13,14,2,117.6898,4600,4,9,18
178,16,8,2,118.3012,1700,3,10,20
179,13,10,2,118.3199,3600,6,9,18
180,9,5,2,118.5285,1400,7,7,13
181,12,18,2,119.3137,3600,4,8,17
182,9,9,2,121.4997,4400,4,7,13
183,12,9,2,121.5966,1100,7,8,17
184,9,13,2,121.7803,4400,4,7,13
185,13,14,2,122.2265,3400,4,9,18
186,8,19,2,122.7769,2900,3,6,12
187,7,5,2,124.0441,3900,3,6,11
188,16,10,2,124.6396,4500,5,10,20
189,20,16,2,125.2894,4900,3,10,20
190,10,14,2,125.7889,3100,6,7,14
191,4,19,2,125.9512,3500,4,4,8
192,13,20,2,126.4562,3800,3,9,18
193,5,19,2,126.9219,3800,3,5,9
194,8,18,2,127.0006,3900,5,6,12
195,7,14,2,127.1954,1800,4,6,11
196,9,8,2,127.7569,2000,6,7,13
197,15,18,2,127.9193,2800,3,10,20
198,13,14,2,127.9719,1500,5,9,18
199,14,9,2,128.4123,1900,3,9,19
200,7,14,2,129.0365,3800,7,6,11
201,13,20,2,129.0887,2900,5,9,18
202,16,6,2,130.9249,3900,4,10,20
203,3,14,2,131.3014,4300,6,4,6
204,11,11,2,131.4599,2400,3,8,15
205,5,17,2,131.5676,4600,7,5,9
206,6,7,2,132.696,1700,7,5,10
207,16,15,2,132.7013,2700,6,10,20
208,4,18,2,133.161,4200,6,4,8
209,8,13,2,133.8037,4300,3,6,12
210,15,15,2,134.3043,2800,5,10,20
211,5,7,2,134.6719,2100,5,5,9
212,8,11,2,134.7548,4900,3,6,12
213,3,18,2,135.0386,4600,4,4,6
214,5,20,2,136.6365,1400,3,5,9
215,3,8,2,137.5925,2500,3,4,6
216,4,19,2,138.0009,4500,4,4,8
217,13,14,2,138.497,3600,7,9,18
218,8,10,2,138.682,3200,5,6,12
219,17,10,2,138.8511,3800,5,10,20
220,4,17,2,138.8524,3500,4,4,8
221,12,8,2,139.9357,4000,3,8,17
222,10,10,2,140.1492,2500,5,7,14
223,13,12,2,140.5965,3200,5,9,18
224,6,13,2,141.2652,4000,3,5,10
225,10,10,2,142.0641,3200,7,7,14
226,18,9,2,142.351,3300,7,10,20
227,17,15,2,142.3542,2300,7,10,20
228,5,17,2,143.4892,3600,7,5,9
229,12,5,2,143.816,2400,5,8,17
230,3,20,2,144.2332,3300,6,4,6
231,17,5,2,147.2327,5000,4,10,20
232,11,16,2,147.3368,3600,5,8,15
233,14,10,2,150.365,1000,3,9,19
234,4,17,2,150.4652,3100,4,4,8
235,15,8,2,151.2052,2300,7,10,20
236,11,12,2,152.0638,2000,7,8,15
237,16,11,2,152.608,4000,6,10,20
238,19,16,2,152.8716,2600,6,10,20
239,20,11,2,153.3473,2200,7,10,20
240,13,15,2,153.7405,4800,3,9,18
241,12,15,2,154.1677,1900,4,8,17
242,12,5,2,154.2867,4600,7,8,17
243,18,17,2,154.6361,2800,4,10,20
244,10,16,2,155.5391,2400,3,7,14
245,10,16,2,157.1774,3100,3,7,14
246,7,16,2,157.6641,1900,7,6,11
247,7,6,2,158.4857,1200,3,6,11
248,10,20,2,160.5834,3600,4,7,14
249,7,8,2,161.3818,4400,4,6,11
250,20,17,2,161.7714,2100,7,10,20
251,15,6,2,161.9724,4200,5,10,20
252,7,10,2,162.189,1100,4,6,11
253,11,16,2,164.1418,2000,4,8,15
254,12,19,2,166.1177,4800,4,8,17
255,7,20,2,166.5081,2900,3,6,11
256,6,10,2,166.6341,1000,3,5,10
257,11,14,2,166.8485,1300,6,8,15
258,11,15,2,168.4837,3800,7,8,15
259,6,20,2,168.7974,4600,4,5,10
260,16,12,2,168.8017,3500,6,10,20
261,17,10,2,168.9379,1900,7,10,20
262,3,19,2,169.0668,1000,3,4,6
263,15,6,2,169.291,1500,3,10,20
264,17,5,2,169.5309,3000,7,10,20
265,20,8,2,169.6466,3500,3,10,20
266,10,20,2,170.478,1300,7,7,14
267,10,10,2,171.3748,5000,6,7,14
268,19,8,2,171.8836,4200,6,10,20
269,9,6,2,172.0553,1000,4,7,13
270,13,20,2,175.8502,4800,3,9,18
271,14,5,2,175.9399,2400,7,9,19
272,14,6,2,176.2509,3500,7,9,19
273,3,10,2,176.7575,5000,7,4,6
274,6,18,2,178.0378,4400,5,5,10
275,20,11,2,178.2644,4900,3,10,20
276,10,19,2,178.3918,2600,3,7,14
277,15,6,2,178.512,4200,3,10,20
278,20,16,2,178.8129,2700,4,10,20
279,7,6,2,180.442,2100,4,6,11
280,14,11,2,182.2612,2500,5,9,19
281,9,9,2,182.5072,3700,5,7,13
282,3,15,2,184.1366,1800,6,4,6
283,11,18,2,184.4384,2000,7,8,15
284,3,11,2,184.8169,1600,4,4,6
285,11,14,2,185.7771,2900,4,8,15
286,11,9,2,188.5454,3400,7,8,15
287,9,12,2,188.724,3500,5,7,13
288,17,11,2,189.8012,5000,3,10,20
289,17,15,2,190.2663,4300,7,10,20
290,18,5,2,190.2738,3900,5,10,20
291,7,10,2,191.6715,2200,3,6,11
292,7,10,2,192.1493,3900,7,6,11
293,18,19,2,193.2863,3300,5,10,20
294,14,8,2,194.2463,3000,3,9,19
295,14,11,2,195.2338,4000,3,9,19
296,15,8,2,195.5635,1000,4,10,20
297,8,17,2,195.5988,4300,3,6,12
298,19,8,2,197.5422,1700,5,10,20
299,15,20,2,197.8872,1400,7,10,20
300,16,14,2,197.9876,4900,3,10,20
301,10,11,2,202.3266,1400,6,7,14
302,10,12,2,203.6644,2400,3,7,14
303,3,16,2,203.9096,3700,7,4,6
304,19,16,2,204.925,3800,4,10,20
305,20,6,2,205.6115,4900,7,10,20
306,12,18,2,205.7718,2900,6,8,17
307,3,20,2,206.155,1800,5,4,6
308,3,16,2,206.7075,2500,7,4,6
309,20,6,2,206.7984,2400,6,10,20
310,3,18,2,207.6764,4500,7,4,6
311,13,14,2,208.425,2500,3,9,18
312,16,17,2,208.8125,2000,6,10,20
313,10,15,2,210.3216,4900,4,7,14
314,4,6,2,210.9907,2800,3,4,8
315,10,15,2,211.0758,4600,6,7,14
316,18,18,2,211.5868,2100,3,10,20
317,12,13,2,212.2049,2200,6,8,17
318,10,17,2,212.3857,1700,3,7,14
319,4,5,2,212.4971,3800,6,4,8
320,3,17,2,213.0966,1700,7,4,6
321,18,11,2,214.1122,2300,5,10,20
322,13,13,2,218.3589,1700,3,9,18
323,3,18,2,219.4646,3000,4,4,6
324,13,10,2,221.1544,3700,3,9,18
325,7,9,2,221.7381,3000,4,6,11
326,11,7,2,221.9221,3700,4,8,15
327,5,12,2,222.201,1000,6,5,9
328,3,5,2,222.3062,4500,3,4,6
329,5,16,2,222.6207,1800,7,5,9
330,4,12,2,223.4916,2200,5,4,8
331,9,18,2,224.0615,2400,6,7,13
332,4,20,2,224.125,4400,3,4,8
333,8,16,2,225.4777,2500,7,6,12
334,12,18,2,225.9603,2000,7,8,17
335,10,13,2,226.9422,1800,4,7,14
336,10,10,2,226.9687,2000,4,7,14
337,20,10,2,227.0328,3800,3,10,20
338,8,5,2,227.5279,1700,3,6,12
339,10,5,2,227.6256,4200,6,7,14
340,12,12,2,227.8279,3400,6,8,17
341,12,20,2,228.0148,5000,5,8,17
342,8,20,2,228.5874,1600,6,6,12
343,12,10,2,230.4267,4100,6,8,17
344,7,10,2,230.5411,3600,4,6,11
345,3,9,2,230.6802,3000,4,4,6
346,11,9,2,232.0185,2000,3,8,15
347,12,15,2,232.102,2800,3,8,17
348,14,14,2,232.4213,2500,4,9,19
349,17,13,2,233.22,1200,5,10,20
350,17,13,2,234.1022,1200,5,10,20
351,10,19,2,235.9858,1900,7,7,14
352,17,8,2,236.6964,3200,3,10,20
353,3,20,2,238.4399,2900,5,4,6
354,10,20,2,238.9067,1600,4,7,14
355,11,20,2,239.5778,4500,4,8,15
356,12,9,2,241.5724,4700,3,8,17
357,3,13,2,242.8889,1800,5,4,6
358,18,14,2,243.5813,4200,3,10,20
359,19,17,2,244.5475,3400,6,10,20
360,17,16,2,244.7267,3300,3,10,20
361,18,10,2,245.0746,3800,4,10,20
362,13,17,2,246.5823,2200,5,9,18
363,14,10,2,246.7719,4000,5,9,19
364,15,16,2,247.3031,1600,5,10,20
365,16,6,2,247.6488,1200,3,10,20
366,17,7,2,250.5203,4000,3,10,20
367,3,16,2,250.584,3700,4,4,6
368,11,6,2,252.0908,1200,7,8,15
369,16,17,2,252.2411,3500,5,10,20
370,13,11,2,252.995,4600,4,9,18
371,17,15,2,253.0757,1200,5,10,20
372,18,13,2,253.3918,1800,3,10,20
373,7,18,2,254.9209,2300,3,6,11
374,8,17,2,255.0737,2800,5,6,12
375,6,11,2,257.126,3600,5,5,10
376,17,11,2,257.8059,3700,7,10,20
377,18,5,2,258.1604,4600,7,10,20
378,12,10,2,258.7809,1000,7,8,17
379,20,15,2,258.976,4200,3,10,20
380,9,11,2,259.5171,2400,3,7,13
381,4,16,2,259.5422,1600,6,4,8
382,19,15,2,261.2995,3000,3,10,20
383,16,13,2,262.2724,1800,7,10,20
384,7,12,2,262.8416,2000,4,6,11
385,7,20,2,263.3399,4800,5,6,11
386,8,9,2,264.3451,3200,5,6,12
387,8,19,2,264.5321,4500,4,6,12
388,19,20,2,266.121,4200,5,10,20
389,7,17,2,266.9918,2400,4,6,11
390,4,12,2,267.0831,1900,3,4,8
391,17,8,2,267.4486,3800,3,10,20
392,15,6,2,267.8214,3400,5,10,20
393,15,6,2,268.0429,5000,5,10,20
394,19,20,2,268.056,3900,5,10,20
395,19,8,2,268.1637,2800,4,10,20
396,9,19,2,268.781,2100,5,7,13
397,13,11,2,269.2436,3500,4,9,18
398,18,6,2,269.5133,1200,7,10,20
399,4,5,2,270.5502,2000,4,4,8
400,16,17,2,270.6518,4400,5,10,20
401,19,12,2,273.5133,1000,3,10,20
402,14,11,2,273.6373,1000,4,9,19
403,3,20,2,273.8323,2600,4,4,6
404,20,20,2,274.3573,3600,3,10,20
405,16,17,2,274.4657,1600,4,10,20
406,7,5,2,274.8234,3000,4,6,11
407,11,15,2,275.8245,2800,5,8,15
408,12,11,2,276.5795,4400,3,8,17
409,13,18,2,276.7948,1500,3,9,18
410,3,16,2,277.0462,4200,7,4,6
411,16,12,2,277.5379,1700,6,10,20
412,9,7,2,277.7331,2300,4,7,13
413,8,18,2,278.0421,4100,5,6,12
414,19,16,2,279.211,1100,4,10,20
415,15,8,2,279.4036,4000,6,10,20
416,8,6,2,280.9615,2200,6,6,12
417,19,7,2,282.0989,1100,3,10,20
418,8,9,2,282.5562,2600,3,6,12
419,6,19,2,282.8729,3800,4,5,10
420,14,13,2,283.4114,4100,3,9,19
421,18,20,2,283.8026,4300,4,10,20
422,7,9,2,284.892,3300,6,6,11
423,16,19,2,285.6177,3600,6,10,20
424,3,10,2,285.7795,1900,4,4,6
425,14,8,2,287.5635,1600,3,9,19
426,14,16,2,288.3673,2700,4,9,19
427,18,7,2,288.4529,4200,6,10,20
428,3,17,2,288.4699,3500,5,4,6
429,13,12,2,288.6916,4800,5,9,18
430,3,6,2,289.3145,3400,5,4,6
431,18,16,2,290.1793,3500,5,10,20
432,6,7,2,292.3027,4100,6,5,10
433,5,17,2,293.5949,1900,3,5,9
434,16,13,2,294.2432,5000,7,10,20
435,4,12,2,294.9647,1000,7,4,8
436,7,6,2,294.9882,4400,6,6,11
437,15,19,2,295.482,3800,4,10,20
438,12,14,2,295.5509,3800,3,8,17
439,19,8,2,295.7518,3400,5,10,20
440,20,13,2,296.0069,3000,6,10,20
441,15,12,2,297.1661,1800,6,10,20
442,16,8,2,298.9971,3400,6,10,20
443,12,16,2,299.2429,4600,4,8,17
444,16,16,2,299.7343,1500,5,10,20
445,3,20,2,300.3282,2100,5,4,6
446,12,13,2,303.4976,1700,5,8,17
447,6,20,2,303.6618,3700,4,5,10
448,15,12,2,304.3195,3300,7,10,20
449,3,19,2,304.918,2100,6,4,6
450,8,10,2,305.6994,3100,3,6,12
451,12,14,2,305.8417,3600,5,8,17
452,19,8,2,306.0973,1500,5,10,20
453,7,9,2,307.4175,3800,4,6,11
454,11,19,2,307.7038,1400,3,8,15
455,8,18,2,308.1268,2900,6,6,12
456,17,15,2,309.5121,3300,3,10,20
457,18,20,2,310.3308,3300,6,10,20
458,15,12,2,310.5349,4300,7,10,20
459,9,12,2,310.8447,3100,4,7,13
460,12,17,2,312.0059,4900,6,8,17
461,4,6,2,312.7326,1200,6,4,8
462,5,17,2,312.9872,3600,4,5,9
463,5,16,2,313.0296,4700,7,5,9
464,4,9,2,313.3363,3400,3,4,8
465,17,17,2,314.2833,1000,6,10,20
466,16,8,2,314.3964,1900,5,10,20
467,8,20,2,314.6027,1500,5,6,12
468,17,9,2,314.903,1500,7,10,20
469,3,17,2,314.9176,1800,3,4,6
470,11,7,2,315.5446,3100,3,8,15
471,20,6,2,315.8213,1500,3,10,20
472,19,9,2,315.84,3400,4,10,20
473,9,20,2,316.1551,1300,6,7,13
474,15,10,2,317.2004,2400,3,10,20
475,11,14,2,318.0188,4200,3,8,15
476,9,7,2,318.5135,3200,4,7,13
477,15,6,2,319.7806,1900,3,10,20
478,20,19,2,320.285,1600,5,10,20
479,7,15,2,321.3902,2500,7,6,11
480,15,14,2,322.4413,2500,7,10,20
481,14,15,2,322.5457,4200,5,9,19
482,14,12,2,323.4466,1900,5,9,19
483,15,18,2,325.1152,4900,4,10,20
484,16,9,2,325.9483,4100,4,10,20
485,3,15,2,326.4731,3100,6,4,6
486,16,20,2,326.6563,1400,4,10,20
487,20,18,2,327.6996,2700,3,10,20
488,20,14,2,327.741,1500,4,10,20
489,16,8,2,328.1807,1100,4,10,20
490,12,16,2,328.21,2400,7,8,17
491,20,16,2,328.5303,4000,5,10,20
492,10,14,2,329.0906,2200,4,7,14
493,17,12,2,329.3757,3200,7,10,20
494,12,6,2,330.1484,1300,3,8,17
495,20,6,2,330.2562,1600,7,10,20
496,10,12,2,331.0519,3800,3,7,14
497,4,6,2,332.5539,4400,6,4,8
498,11,18,2,333.6523,4800,6,8,15
499,18,11,2,335.1943,2100,4,10,20
500,20,11,2,337.6862,4400,4,10,20
501,18,20,2,338.1819,3300,4,10,20
502,9,16,2,338.7617,2300,6,7,13
503,19,5,2,339.9832,1300,5,10,20
504,11,8,2,340.8621,2900,7,8,15
505,5,17,2,341.7189,4000,5,5,9
506,16,9,2,341.8683,2700,6,10,20
507,9,20,2,341.9092,1300,5,7,13
508,8,10,2,343.3017,4300,6,6,12
509,10,12,2,343.3599,4600,4,7,14
510,7,17,2,343.6839,1200,4,6,11
511,14,15,2,344.4555,1200,5,9,19
512,8,14,2,344.6393,1300,7,6,12
513,11,7,2,344.6953,3100,4,8,15
514,17,7,2,344.8319,2600,4,10,20
515,18,12,2,345.036,1600,3,10,20
516,19,5,2,345.6085,2300,4,10,20
517,19,14,2,346.1216,1400,6,10,20
518,4,5,2,346.6023,1800,5,4,8
519,18,5,2,347.3779,3500,6,10,20
520,11,9,2,347.8623,3100,7,8,15
521,4,7,2,348.1744,5000,6,4,8
522,9,11,2,348.4902,3100,7,7,13
523,10,6,2,348.7755,2300,5,7,14
524,8,14,2,349.2477,3400,4,6,12
525,16,19,2,349.681,1300,4,10,20
526,13,8,2,351.0003,1300,7,9,18
527,15,17,2,351.4841,3700,5,10,20
528,13,7,2,352.1038,1900,6,9,18
529,4,11,2,352.2174,2200,6,4,8
530,16,6,2,352.6945,3900,7,10,20
531,13,9,2,352.9232,2900,6,9,18
532,9,20,2,353.6125,4600,5,7,13
533,8,12,2,354.4831,4300,5,6,12
534,18,10,2,356.5207,1000,4,10,20
535,14,6,2,356.8413,3900,7,9,19
536,4,10,2,357.2624,1400,4,4,8
537,6,5,2,358.6297,2500,4,5,10
538,6,16,2,359.6713,2200,4,5,10
539,3,15,2,361.2608,2500,3,4,6
540,4,13,2,361.3312,3400,3,4,8
541,13,18,2,363.1755,1400,5,9,18
542,11,5,2,364.5916,4200,6,8,15
543,18,15,2,365.2767,3300,5,10,20
544,4,11,2,365.3236,1400,6,4,8
545,3,20,2,365.6764,3800,7,4,6
546,7,18,2,365.7552,3300,6,6,11
547,10,12,2,365.7884,4300,4,7,14
548,7,6,2,366.0154,4000,6,6,11
549,19,11,2,366.3478,1200,4,10,20
550,19,7,2,366.6865,3000,3,10,20
551,19,13,2,366.9931,4000,6,10,20
552,20,18,2,367.3413,2600,3,10,20
553,20,5,2,367.3435,2200,3,10,20
554,10,17,2,367.5892,2100,6,7,14
555,16,8,2,368.2636,2300,4,10,20
556,4,12,2,369.2125,1200,5,4,8
557,17,16,2,369.5927,5000,4,10,20
558,8,11,2,369.7163,2300,4,6,12
559,18,16,2,370.0328,3600,5,10,20
560,9,6,2,370.1095,1400,7,7,13
561,16,12,2,370.8706,2800,3,10,20
562,8,7,2,372.6209,1400,3,6,12
563,12,5,2,373.7437,4100,3,8,17
564,14,9,2,374.0585,1200,4,9,19
565,15,9,2,374.478,3300,6,10,20
566,10,10,2,374.508,2000,6,7,14
567,5,17,2,374.572,4500,4,5,9
568,10,12,2,374.6436,2800,6,7,14
569,3,11,2,374.7752,4900,3,4,6
570,3,17,2,375.3897,4000,4,4,6
571,13,17,2,375.5331,3200,7,9,18
572,11,12,2,375.5485,4000,4,8,15
573,19,15,2,377.6025,3900,4,10,20
574,15,19,2,377.8399,1200,4,10,20
575,6,20,2,379.4731,3400,3,5,10
576,4,13,2,380.2488,3100,3,4,8
577,7,16,2,382.5804,1200,6,6,11
578,12,20,2,383.1231,2600,7,8,17
579,17,10,2,383.934,4000,7,10,20
580,8,16,2,384.0596,4800,7,6,12
581,18,19,2,384.2267,1000,3,10,20
582,11,6,2,384.7662,3100,3,8,15
583,18,12,2,385.358,1500,5,10,20
584,12,6,2,385.5283,4400,6,8,17
585,8,5,2,385.7917,3200,7,6,12
586,4,6,2,386.3475,3400,6,4,8
587,8,11,2,387.5305,1000,5,6,12
588,15,15,2,387.5967,3100,6,10,20
589,8,10,2,388.4802,1900,6,6,12
590,10,18,2,390.283,3000,3,7,14
591,5,5,2,390.9981,2700,6,5,9
592,3,9,2,391.3332,3000,3,4,6
593,3,11,2,391.5382,2400,5,4,6
594,14,6,2,392.4095,3100,4,9,19
595,7,6,2,394.0453,3600,5,6,11
596,18,14,2,394.1075,2400,5,10,20
597,14,6,2,394.5306,4900,5,9,19
598,20,19,2,395.7184,1200,3,10,20
599,8,6,2,395.8642,2300,3,6,12
600,6,9,2,396.8482,2800,5,5,10
601,9,16,2,397.2323,4900,4,7,13
602,7,9,2,397.4732,4900,5,6,11
603,20,11,2,397.6198,4300,5,10,20
604,7,13,2,398.3421,5000,6,6,11
605,6,6,2,398.7947,4600,7,5,10
606,14,5,2,399.4978,3200,7,9,19
607,12,10,2,399.7193,1700,4,8,17
608,9,12,2,400.3454,2500,7,7,13
609,4,14,2,401.4613,1900,6,4,8
610,7,15,2,402.4882,1500,4,6,11
611,16,5,2,402.4996,3800,6,10,20
612,4,20,2,402.6751,4400,4,4,8
613,10,6,2,402.8586,3400,7,7,14
614,9,20,2,403.2107,4300,6,7,13
615,9,16,2,404.1652,3500,6,7,13
616,13,9,2,404.2714,2400,3,9,18
617,5,20,2,404.6236,2200,4,5,9
618,9,12,2,406.5763,2600,7,7,13
619,10,14,2,407.2858,1400,7,7,14
620,10,7,2,408.0243,2300,4,7,14
621,8,5,2,408.0323,3400,5,6,12
622,19,8,2,408.7964,3100,4,10,20
623,16,5,2,409.1273,2800,6,10,20
624,15,9,2,409.5014,1300,5,10,20
625,19,14,2,410.2008,1700,3,10,20
626,17,10,2,410.7182,1200,4,10,20
627,18,15,2,411.8658,2200,4,10,20
628,6,5,2,412.1386,1200,4,5,10
629,8,5,2,412.2499,1700,3,6,12
630,10,12,2,412.5727,4100,4,7,14
631,6,14,2,413.1499,5000,6,5,10
632,11,8,2,413.6241,2600,3,8,15
633,17,9,2,414.1623,2900,7,10,20
634,11,5,2,414.7277,4200,6,8,15
635,11,11,2,414.8774,1900,5,8,15
636,15,10,2,414.9764,2300,3,10,20
637,4,8,2,415.6342,2600,5,4,8
638,6,7,2,415.8138,4100,6,5,10
639,18,17,2,416.0974,4900,4,10,20
640,19,11,2,416.1068,2700,6,10,20
641,12,15,2,416.2256,2400,3,8,17
642,19,5,2,417.6822,3500,3,10,20
643,6,10,2,418.3035,4000,6,5,10
644,10,19,2,418.3042,3600,6,7,14
645,6,14,2,418.3981,3900,3,5,10
646,8,9,2,418.832,2200,5,6,12
647,8,19,2,419.0758,4100,3,6,12
648,3,5,2,419.401,4700,4,4,6
649,11,15,2,419.4307,4600,3,8,15
650,20,8,2,420.5819,1000,3,10,20
651,18,5,2,421.9663,4600,6,10,20
652,17,9,2,421.9675,3800,5,10,20
653,20,19,2,422.1627,3100,3,10,20
654,12,6,2,422.5648,3700,6,8,17
655,20,15,2,423.6558,2000,7,10,20
656,6,20,2,423.6631,3400,6,5,10
657,17,5,2,424.4103,1800,3,10,20
658,3,6,2,424.7411,1600,4,4,6
659,20,8,2,426.5792,1700,7,10,20
660,8,18,2,426.7546,1700,3,6,12
661,17,19,2,426.7869,4800,6,10,20
662,14,11,2,426.8756,4600,7,9,19
663,13,5,2,426.9266,3200,4,9,18
664,3,19,2,427.7954,4500,3,4,6
665,11,10,2,428.4958,1800,3,8,15
666,11,12,2,428.7081,5000,7,8,15
667,18,8,2,428.931,1500,6,10,20
668,14,7,2,429.0544,4700,6,9,19
669,20,14,2,429.5591,3300,7,10,20
670,5,13,2,431.0116,2400,6,5,9
671,17,10,2,431.0865,2100,5,10,20
672,10,10,2,431.3841,2900,5,7,14
673,17,10,2,432.5344,2200,4,10,20
674,19,17,2,433.2225,3100,4,10,20
675,12,15,2,433.4968,4600,3,8,17
676,9,8,2,434.5617,1500,5,7,13
677,14,5,2,435.4568,1400,4,9,19
678,14,7,2,435.5639,4600,6,9,19
679,6,17,2,435.6034,1500,5,5,10
680,9,9,2,437.0979,2900,5,7,13
681,6,17,2,438.7597,4600,5,5,10
682,12,17,2,438.8968,4000,5,8,17
683,9,13,2,439.1564,1100,5,7,13
684,20,9,2,440.6071,2800,6,10,20
685,14,7,2,440.7903,1700,4,9,19
686,5,12,2,442.2509,4800,4,5,9
687,12,16,2,443.3493,4900,3,8,17
688,18,8,2,446.3963,4400,6,10,20
689,14,16,2,447.6726,3600,3,9,19
690,13,19,2,448.9978,4400,4,9,18
691,8,17,2,449.6463,2500,5,6,12
692,11,15,2,450.1291,4100,5,8,15
693,7,19,2,450.9172,2800,7,6,11
694,19,15,2,451.5808,2200,5,10,20
695,16,12,2,452.5265,4400,3,10,20
696,13,8,2,454.0219,1100,7,9,18
697,15,9,2,455.4553,4500,3,10,20
698,18,10,2,455.6952,3100,4,10,20
699,9,12,2,455.8294,4800,7,7,13
700,9,13,2,455.8455,2000,3,7,13
701,8,6,2,457.3392,4600,6,6,12
702,5,13,2,460.9107,4700,4,5,9
703,7,7,2,461.0738,2800,5,6,11
704,18,14,2,462.0557,2900,7,10,20
705,12,13,2,462.2014,1900,7,8,17
706,10,12,2,462.7776,2200,4,7,14
707,3,20,2,463.3494,1300,3,4,6
708,13,20,2,463.5068,1600,5,9,18
709,11,8,2,463.8823,3900,6,8,15
710,14,14,2,464.2242,3600,4,9,19
711,6,19,2,464.263,4500,4,5,10
712,6,9,2,464.6753,3800,3,5,10
713,5,6,2,465.8342,2400,6,5,9
714,18,20,2,466.183,4500,4,10,20
715,9,5,2,466.4101,4200,5,7,13
716,10,11,2,467.3664,2900,4,7,14
717,8,17,2,467.4808,5000,6,6,12
718,14,11,2,467.6818,2900,3,9,19
719,11,15,2,467.8697,2000,6,8,15
720,12,11,2,468.022,2100,6,8,17
721,15,18,2,469.5591,2300,4,10,20
722,10,18,2,470.3864,3800,5,7,14
723,16,7,2,472.1981,4900,5,10,20
724,12,6,2,472.772,4800,6,8,17
725,13,6,2,473.812,1300,7,9,18
726,4,11,2,474.9715,1400,7,4,8
727,16,12,2,477.2539,4600,3,10,20
728,13,14,2,478.6394,4300,4,9,18
729,7,16,2,478.7609,1900,4,6,11
730,16,8,2,479.2713,3800,7,10,20
731,3,17,2,479.364,3200,7,4,6
732,8,12,2,480.0356,2700,3,6,12
733,14,18,2,480.2226,1700,3,9,19
734,16,15,2,481.2744,2500,7,10,20
735,20,19,2,482.2369,2700,3,10,20
736,15,15,2,484.1843,4100,5,10,20
737,15,12,2,485.2053,1600,7,10,20
738,19,15,2,487.9687,1800,7,10,20
739,17,14,2,487.9791,2500,6,10,20
740,6,14,2,490.377,5000,7,5,10
741,18,18,2,490.5642,3900,6,10,20
742,6,7,2,491.2075,3000,6,5,10
743,16,5,2,491.5352,4600,7,10,20
744,3,9,2,492.1895,3100,5,4,6
745,9,15,2,492.3685,3800,3,7,13
746,12,13,2,493.1574,3800,7,8,17
747,20,13,2,494.0294,4400,5,10,20
748,15,20,2,496.5781,2200,6,10,20
749,15,8,2,497.399,3500,7,10,20
750,5,13,2,497.7996,3900,4,5,9
751,4,12,2,498.3418,2300,3,4,8
752,11,17,2,498.6471,4500,3,8,15
753,16,11,2,500.4987,4200,6,10,20
754,19,8,2,501.1701,1900,7,10,20
755,8,6,2,501.8198,3200,6,6,12
756,15,18,2,502.2169,1400,3,10,20
757,7,13,2,503.3553,1500,4,6,11
758,17,16,2,503.8702,4900,6,10,20
759,16,20,2,504.4047,4300,7,10,20
760,20,6,2,504.6891,1000,4,10,20
761,13,14,2,504.6977,2200,5,9,18
762,9,16,2,504.756,4700,6,7,13
763,7,13,2,505.1203,1500,7,6,11
764,3,6,2,505.2497,4600,3,4,6
765,11,5,2,505.4095,2400,7,8,15
766,4,11,2,505.4398,2500,3,4,8
767,5,14,2,505.6075,4100,3,5,9
768,20,16,2,507.1623,3300,7,10,20
769,10,12,2,507.6637,4300,3,7,14
770,19,17,2,507.7925,4900,3,10,20
771,3,16,2,508.7193,1900,4,4,6
772,17,15,2,508.9809,4900,6,10,20
773,5,15,2,509.8953,3900,4,5,9
774,18,5,2,510.0314,3600,6,10,20
775,13,6,2,510.6324,5000,3,9,18
776,10,20,2,511.0507,1700,6,7,14
777,7,12,2,511.1699,2100,7,6,11
778,17,6,2,511.1849,3300,4,10,20
779,12,16,2,511.5403,3700,7,8,17
780,9,19,2,512.0303,4500,5,7,13
781,12,7,2,512.607,4300,3,8,17
782,4,16,2,513.2979,3700,5,4,8
783,11,14,2,513.9785,3100,3,8,15
784,9,10,2,514.1746,1000,6,7,13
785,7,19,2,516.1582,1600,7,6,11
786,7,13,2,516.2671,2400,7,6,11
787,13,13,2,516.6195,1800,7,9,18
788,5,12,2,516.8792,4400,5,5,9
789,3,14,2,518.1,4600,7,4,6
790,12,17,2,518.3907,4100,7,8,17
791,10,17,2,519.7616,2100,5,7,14
792,13,5,2,519.8671,1600,3,9,18
793,18,14,2,520.1026,4800,5,10,20
794,3,19,2,520.1158,4700,4,4,6
795,4,9,2,520.9152,2700,4,4,8
796,19,19,2,523.0037,3300,3,10,20
797,14,11,2,523.2573,4400,3,9,19
798,6,8,2,523.2805,2100,3,5,10
799,8,18,2,523.5693,2900,4,6,12
800,7,5,2,524.0741,2100,4,6,11
801,14,14,2,524.6116,4500,3,9,19
802,9,16,2,526.4205,2200,3,7,13
803,17,15,2,527.9027,1700,5,10,20
804,14,8,2,528.9631,2800,4,9,19
805,14,8,2,529.7246,1800,4,9,19
806,5,20,2,530.4439,2000,4,5,9
807,10,12,2,531.3002,4600,3,7,14
808,7,14,2,532.1875,3300,3,6,11
809,13,18,2,532.3374,1400,7,9,18
810,11,10,2,532.8361,2400,4,8,15
811,15,17,2,533.6391,3000,3,10,20
812,11,5,2,533.7158,2500,6,8,15
813,14,10,2,534.1955,2600,6,9,19
814,14,7,2,534.5566,4300,4,9,19
815,20,6,2,535.018,2400,5,10,20
816,11,18,2,535.1876,4900,7,8,15
817,17,5,2,535.8522,1400,7,10,20
818,20,6,2,537.6319,3600,7,10,20
819,6,19,2,538.2245,2700,7,5,10
820,17,14,2,538.3986,3000,7,10,20
821,17,17,2,538.9514,1800,3,10,20
822,12,10,2,540.9018,1700,5,8,17
823,9,12,2,540.9045,1200,6,7,13
824,3,10,2,541.9868,1800,4,4,6
825,17,19,2,542.3149,2400,3,10,20
826,19,14,2,542.3566,2300,7,10,20
827,12,8,2,542.3659,4000,3,8,17
828,19,5,2,543.7156,3100,7,10,20
829,19,17,2,545.291,1600,6,10,20
830,11,12,2,545.4813,4300,6,8,15
831,14,16,2,546.0877,5000,5,9,19
832,14,7,2,546.5342,2800,3,9,19
833,8,13,2,547.6876,4000,5,6,12
834,6,10,2,548.4914,3200,5,5,10
835,3,11,2,550.1108,4300,7,4,6
836,10,20,2,551.4615,4900,4,7,14
837,13,20,2,551.8274,1000,3,9,18
838,12,9,2,552.1457,3500,7,8,17
839,19,8,2,552.2783,2700,4,10,20
840,12,14,2,553.3618,3400,5,8,17
841,10,20,2,553.8689,3600,4,7,14
842,10,10,2,554.0478,1500,5,7,14
843,10,19,2,554.2675,1900,3,7,14
844,10,13,2,555.2274,4800,6,7,14
845,8,5,2,556.7422,2900,7,6,12
846,18,7,2,557.3731,2700,6,10,20
847,18,15,2,557.7256,2900,5,10,20
848,19,10,2,558.2002,1600,4,10,20
849,6,5,2,558.7744,2000,6,5,10
850,19,7,2,558.8177,2300,5,10,20
851,6,18,2,558.9554,4500,7,5,10
852,13,13,2,559.2355,3800,7,9,18
853,20,14,2,559.8781,4200,4,10,20
854,4,6,2,559.9841,4000,7,4,8
855,12,13,2,560.4893,4500,4,8,17
856,19,8,2,560.6291,2800,7,10,20
857,12,10,2,561.1741,3800,5,8,17
858,9,15,2,562.0775,3400,7,7,13
859,19,15,2,562.4379,1100,6,10,20
860,6,18,2,562.5538,4400,4,5,10
861,4,16,2,563.3085,4100,5,4,8
862,12,6,2,563.6178,4500,7,8,17
863,10,17,2,563.7277,4700,5,7,14
864,19,18,2,565.8882,1200,4,10,20
865,8,7,2,566.5979,4600,3,6,12
866,8,15,2,568.4688,1500,7,6,12
867,5,12,2,569.0518,4200,3,5,9
868,17,15,2,569.8412,3700,4,10,20
869,9,9,2,570.0966,4500,6,7,13
870,6,18,2,570.971,1500,4,5,10
871,11,20,2,571.5495,3900,3,8,15
872,9,13,2,572.3725,1800,6,7,13
873,3,12,2,572.9405,3300,6,4,6
874,4,12,2,574.5459,2200,7,4,8
875,7,8,2,575.4253,2100,4,6,11
876,4,7,2,575.5704,3500,3,4,8
877,18,20,2,576.3463,2300,4,10,20
878,9,7,2,576.8347,2900,3,7,13
879,16,7,2,578.2262,3500,7,10,20
880,11,13,2,578.4585,1000,7,8,15
881,4,16,2,579,3900,4,4,8
882,10,10,2,579.4175,2300,5,7,14
883,3,5,2,579.7344,2300,3,4,6
884,12,5,2,579.7832,4900,7,8,17
885,14,12,2,580.4935,4500,4,9,19
886,15,5,2,582.4928,3200,7,10,20
887,19,20,2,582.7312,2300,7,10,20
888,4,14,2,582.7336,4700,3,4,8
889,15,14,2,584.023,1900,3,10,20
890,15,17,2,586.738,3900,7,10,20
891,8,11,2,587.1358,2700,5,6,12
892,7,11,2,587.9139,3900,4,6,11
893,9,17,2,588.0202,2900,6,7,13
894,18,17,2,589.0445,1300,7,10,20
895,12,10,2,589.1137,4700,3,8,17
896,5,8,2,589.1431,5000,3,5,9
897,7,14,2,590.2766,4500,5,6,11
898,20,17,2,591.544,4800,3,10,20
899,8,14,2,591.5922,1600,6,6,12
900,12,18,2,591.8961,3500,5,8,17
901,13,10,2,592.0113,3300,6,9,18
902,10,8,2,592.362,4600,4,7,14
903,11,19,2,592.6569,2000,5,8,15
904,7,16,2,593.0359,2900,5,6,11
905,15,13,2,593.4923,5000,6,10,20
906,16,11,2,593.9573,2100,4,10,20
907,18,16,2,594.4902,3100,6,10,20
908,13,7,2,594.9022,4600,5,9,18
909,12,16,2,594.9092,2600,4,8,17
910,5,18,2,595.3429,1000,5,5,9
911,11,18,2,596.3489,3300,4,8,15
912,12,6,2,596.6613,2800,5,8,17
913,7,13,2,597.5991,3700,5,6,11
914,14,14,2,600.1455,3600,6,9,19
915,12,18,2,601.7023,3200,3,8,17
916,13,7,2,601.9364,4400,7,9,18
917,13,13,2,602.1121,4000,3,9,18
918,19,6,2,602.4547,2900,4,10,20
919,13,13,2,604.0114,2000,5,9,18
920,10,14,2,604.0198,4900,7,7,14
921,6,11,2,604.6161,1300,3,5,10
922,9,8,2,604.6621,1600,4,7,13
923,9,6,2,604.8801,2500,3,7,13
924,4,9,2,604.9057,1900,4,4,8
925,11,9,2,605.5006,2700,3,8,15
926,10,12,2,607.5395,2700,4,7,14
927,20,8,2,607.5678,2000,6,10,20
928,20,14,2,607.641,3100,7,10,20
929,16,10,2,607.6594,2900,4,10,20
930,19,12,2,608.1862,2100,3,10,20
931,18,11,2,608.3721,2000,5,10,20
932,13,6,2,610.5255,2500,3,9,18
933,4,19,2,611.2623,3600,6,4,8
934,20,10,2,611.7577,2000,3,10,20
935,8,20,2,611.7963,4100,6,6,12
936,7,16,2,611.9652,2600,3,6,11
937,9,5,2,613.4887,3700,6,7,13
938,15,20,2,614.2081,4200,6,10,20
939,5,18,2,614.5307,4900,6,5,9
940,16,16,2,614.93,4100,6,10,20
941,20,20,2,616.3206,4800,7,10,20
942,10,19,2,617.3371,3800,5,7,14
943,3,13,2,617.3806,3300,3,4,6
944,16,5,2,617.8938,4200,5,10,20
945,15,18,2,620.7914,4700,4,10,20
946,15,10,2,620.8332,1700,3,10,20
947,7,6,2,626.0628,2200,4,6,11
948,12,18,2,626.1594,1100,4,8,17
949,8,8,2,627.0784,3000,7,6,12
950,11,10,2,627.5498,2900,5,8,15
951,15,9,2,627.8364,5000,4,10,20
952,5,7,2,628.3467,1600,4,5,9
953,15,10,2,628.4315,2600,3,10,20
954,12,6,2,628.5377,3900,6,8,17
955,12,6,2,629.2106,2600,3,8,17
956,10,10,2,629.4368,2400,3,7,14
957,12,11,2,629.9827,3500,5,8,17
958,11,17,2,630.6488,3000,5,8,15
959,7,10,2,630.7597,1000,7,6,11
960,17,20,2,631.5927,1300,5,10,20
961,14,14,2,633.1855,4300,3,9,19
962,5,10,2,633.3017,4800,7,5,9
963,9,18,2,633.48,2900,6,7,13
964,18,19,2,633.9677,2900,7,10,20
965,5,12,2,635.3452,3000,3,5,9
966,16,10,2,635.4602,4700,4,10,20
967,9,17,2,636.0284,2400,5,7,13
968,14,18,2,636.5783,3800,3,9,19
969,3,14,2,637.9156,1700,7,4,6
970,15,18,2,640.0138,3100,7,10,20
971,7,16,2,640.219,3100,5,6,11
972,17,17,2,641.2072,1900,7,10,20
973,19,17,2,641.7961,2700,4,10,20
974,14,6,2,642.6495,2100,3,9,19
975,16,17,2,643.142,2400,4,10,20
976,13,12,2,644.6667,3800,5,9,18
977,8,13,2,645.2541,2700,5,6,12
978,20,16,2,645.4073,4200,3,10,20
979,11,9,2,645.5709,2500,5,8,15
980,6,20,2,646.3392,1900,3,5,10
981,13,6,2,646.4655,2100,4,9,18
982,11,6,2,646.5051,3300,4,8,15
983,12,7,2,647.8707,2400,6,8,17
984,6,20,2,647.9426,3800,3,5,10
985,10,20,2,648.0248,4600,4,7,14
986,20,11,2,648.3372,1300,7,10,20
987,11,16,2,650.2703,2300,7,8,15
988,19,9,2,650.298,2300,6,10,20
989,18,11,2,651.709,1000,6,10,20
990,4,10,2,652.0165,2400,3,4,8
991,16,8,2,652.0274,1200,3,10,20
992,7,7,2,652.6566,5000,7,6,11
993,18,16,2,654.6409,1900,7,10,20
994,11,7,2,654.6411,4100,5,8,15
995,4,18,2,655.771,4200,4,4,8
996,6,13,2,657.059,4400,4,5,10
997,11,5,2,657.9934,4100,5,8,15
998,8,14,2,658.6829,2000,4,6,12
999,9,5,2,658.9726,4600,3,7,13
1000,19,5,2,659.0816,1700,7,10,20
1001,19,19,2,659.5,1300,4,10,20
1002,16,19,2,659.7482,1000,6,10,20
1003,7,14,2,660.8106,2400,7,6,11
1004,12,11,2,662.5533,2500,7,8,17
1005,10,12,2,662.9384,2900,6,7,14
1006,19,7,2,663.668,2000,7,10,20
1007,11,17,2,664.9224,1800,4,8,15
1008,18,6,2,665.4153,4200,5,10,20
1009,15,5,2,669.7321,3000,5,10,20
1010,8,20,2,669.7541,1700,4,6,12
1011,17,16,2,671.0417,3500,5,10,20
1012,14,17,2,671.0566,3800,7,9,19
1013,4,17,2,671.357,2100,5,4,8
1014,15,6,2,671.5087,4100,5,10,20
1015,14,20,2,673.0927,1400,7,9,19
1016,12,10,2,673.4511,1000,3,8,17
1017,14,14,2,674.3132,3600,7,9,19
1018,10,19,2,675.1494,3200,3,7,14
1019,5,8,2,676.4527,1600,3,5,9
1020,15,20,2,678.1739,2300,4,10,20
1021,7,15,2,678.2654,4800,6,6,11
1022,14,12,2,678.2874,4800,6,9,19
1023,6,11,2,679.179,3200,3,5,10
1024,18,5,2,680.1403,1200,4,10,20
1025,16,17,2,680.7245,2200,3,10,20
1026,19,19,2,681.0132,4700,7,10,20
1027,5,6,2,681.4974,2000,3,5,9
1028,13,20,2,681.9498,3500,4,9,18
1029,16,14,2,682.3719,2800,6,10,20
1030,11,16,2,682.7918,2900,6,8,15
1031,18,14,2,683.0014,2300,7,10,20
1032,6,9,2,683.6238,4500,6,5,10
1033,18,13,2,686.8444,1400,6,10,20
1034,3,15,2,688.1523,3700,6,4,6
1035,4,7,2,689.2461,1600,4,4,8
1036,15,12,2,689.5517,1300,4,10,20
1037,20,11,2,691.1608,4100,6,10,20
1038,6,17,2,692.0679,4000,3,5,10
1039,20,20,2,692.3916,1400,3,10,20
1040,4,5,2,692.7038,4600,7,4,8
1041,3,7,2,692.9891,3000,3,4,6
1042,10,6,2,693.6348,2300,5,7,14
1043,5,6,2,693.9557,4100,5,5,9
1044,14,8,2,694.7297,4400,4,9,19
1045,10,6,2,694.7456,3700,7,7,14
1046,9,6,2,694.9129,3900,5,7,13
1047,12,20,2,695.2884,3200,4,8,17
1048,5,20,2,696.3286,3600,5,5,9
1049,3,14,2,696.4004,3900,7,4,6
1050,6,14,2,697.4323,2400,4,5,10
1051,7,16,2,698.3916,2000,4,6,11
1052,6,14,2,699.3183,1500,4,5,10
1053,15,14,2,700.9429,1500,6,10,20
1054,10,14,2,701.5839,3000,7,7,14
1055,14,7,2,701.6921,3800,6,9,19
1056,15,5,2,701.7733,4200,4,10,20
1057,6,16,2,701.9173,1700,4,5,10
1058,7,18,2,702.2846,1000,3,6,11
1059,15,17,2,702.4638,3800,5,10,20
1060,4,8,2,703.746,2300,3,4,8
1061,7,6,2,703.7533,4600,5,6,11
1062,14,17,2,705.277,2500,6,9,19
1063,12,13,2,705.8261,1100,5,8,17
1064,7,10,2,706.1978,4000,6,6,11
1065,4,10,2,706.3069,4800,4,4,8
1066,20,8,2,706.5683,1000,3,10,20
1067,10,7,2,706.8738,1800,3,7,14
1068,17,13,2,707.661,3000,7,10,20
1069,6,16,2,708.1356,2300,5,5,10
1070,3,6,2,708.398,4500,7,4,6
1071,18,20,2,710.4015,2400,6,10,20
1072,9,14,2,710.5679,2300,3,7,13
1073,4,20,2,711.9879,4300,5,4,8
1074,11,13,2,712.382,1500,5,8,15
1075,10,17,2,712.3897,2700,7,7,14
1076,14,11,2,713.1189,2200,4,9,19
1077,19,5,2,713.6353,4000,7,10,20
1078,6,15,2,714.6315,1400,3,5,10
1079,19,6,2,714.6572,3000,4,10,20
1080,9,5,2,715.1083,3000,6,7,13
1081,11,10,2,715.3896,3300,5,8,15
1082,20,6,2,716.5109,2900,5,10,20
1083,20,13,2,716.8804,3000,7,10,20
1084,4,11,2,717.3238,2700,6,4,8
1085,18,17,2,717.4523,3500,3,10,20
1086,8,12,2,717.5455,2100,3,6,12
1087,3,6,2,718.193,2600,6,4,6
1088,17,15,2,718.2301,1700,6,10,20
1089,3,19,2,719.5093,1000,4,4,6
1090,17,13,2,719.5975,1900,7,10,20
1091,4,16,2,719.6703,4700,6,4,8
1092,11,5,2,719.7033,3400,4,8,15
1093,5,8,2,721.8548,1300,6,5,9
1094,11,16,2,723.2672,1300,3,8,15
1095,7,16,2,724.2794,4400,3,6,11
1096,7,15,2,725.2978,1500,5,6,11
1097,14,15,2,725.695,4500,7,9,19
1098,8,7,2,728.6671,1500,4,6,12
1099,4,20,2,729.0265,1200,5,4,8
1100,6,18,2,729.655,3500,7,5,10
1101,5,12,2,730.1972,4700,6,5,9
1102,11,14,2,730.8795,3200,5,8,15
1103,20,6,2,730.9924,2200,5,10,20
1104,12,5,2,732.5317,1000,4,8,17
1105,15,19,2,733.0886,4300,3,10,20
1106,12,11,2,733.7594,2000,4,8,17
1107,11,5,2,734.6216,2800,3,8,15
1108,9,8,2,734.6323,3500,5,7,13
1109,6,11,2,734.8345,2500,4,5,10
1110,19,9,2,734.911,4700,4,10,20
1111,19,19,2,734.9375,4300,7,10,20
1112,10,16,2,735.1706,4200,7,7,14
1113,4,11,2,735.3846,2700,3,4,8
1114,13,10,2,735.6718,3900,4,9,18
1115,9,11,2,736.7599,2900,6,7,13
1116,4,20,2,737.7473,1600,4,4,8
1117,9,19,2,738.103,1100,4,7,13
1118,16,14,2,738.2698,4300,5,10,20
1119,5,8,2,741.5753,2100,4,5,9
1120,16,14,2,741.7224,1700,3,10,20
1121,7,19,2,741.7374,4300,7,6,11
1122,7,7,2,742.9447,4200,3,6,11
1123,10,15,2,743.0301,4400,3,7,14
1124,3,10,2,743.6881,3400,4,4,6
1125,17,10,2,744.3771,3000,7,10,20
1126,13,15,2,745.2653,4200,3,9,18
1127,11,20,2,747.4577,2000,6,8,15
1128,10,7,2,747.7503,2600,3,7,14
1129,4,18,2,748.1825,3000,5,4,8
1130,4,19,2,748.9533,1800,4,4,8
1131,20,14,2,749.0798,2200,4,10,20
1132,14,6,2,749.8767,4800,7,9,19
1133,11,11,2,750.2491,2500,4,8,15
1134,14,20,2,750.3575,1700,4,9,19
1135,7,8,2,750.6243,4800,7,6,11
1136,9,14,2,751.3658,2600,6,7,13
1137,18,6,2,751.5246,3500,7,10,20
1138,15,7,2,751.8133,4800,6,10,20
1139,20,16,2,752.1435,2900,4,10,20
1140,5,20,2,752.1436,2400,7,5,9
1141,18,20,2,752.9883,3600,6,10,20
1142,10,6,2,754.424,3300,4,7,14
1143,6,11,2,754.6609,3100,7,5,10
1144,13,19,2,754.8411,1900,6,9,18
1145,4,9,2,756.1487,2900,5,4,8
1146,20,14,2,756.3925,1700,3,10,20
1147,8,16,2,756.6351,2400,3,6,12
1148,13,11,2,756.7337,3900,5,9,18
1149,17,18,2,757.0445,2900,7,10,20
1150,15,12,2,757.054,1500,3,10,20
1151,20,11,2,758.7764,1000,6,10,20
1152,5,7,2,761.0193,5000,5,5,9
1153,15,17,2,762.0528,3400,7,10,20
1154,19,12,2,763.838,2400,3,10,20
1155,7,18,2,764.3983,4800,4,6,11
1156,20,18,2,764.596,3000,4,10,20
1157,14,13,2,764.6475,3000,7,9,19
1158,9,14,2,766.5253,4700,5,7,13
1159,9,7,2,768.3658,2200,7,7,13
1160,20,16,2,768.497,4100,6,10,20
1161,17,6,2,768.7734,4700,4,10,20
1162,16,15,2,769.7085,5000,6,10,20
1163,6,15,2,769.8777,3900,4,5,10
1164,5,17,2,770.7276,4400,3,5,9
1165,10,9,2,770.9155,2000,5,7,14
1166,6,9,2,771.0187,3000,3,5,10
1167,17,10,2,772.2001,4300,3,10,20
1168,8,6,2,772.2351,1000,3,6,12
1169,20,15,2,772.3791,3200,6,10,20
1170,14,7,2,774.1178,3300,7,9,19
1171,7,18,2,775.0439,1200,3,6,11
1172,15,9,2,775.526,1600,7,10,20
1173,11,20,2,776.0233,1400,7,8,15
1174,6,16,2,776.4941,5000,5,5,10
1175,15,13,2,776.9172,1900,6,10,20
1176,16,11,2,777.1182,5000,6,10,20
1177,15,5,2,779.0378,4000,4,10,20
1178,5,12,2,779.163,3800,5,5,9
1179,19,20,2,779.3388,4500,3,10,20
1180,15,18,2,780.052,2800,6,10,20
1181,13,10,2,780.1484,2000,3,9,18
1182,3,10,2,781.7377,2500,7,4,6
1183,18,12,2,781.9628,3100,3,10,20
1184,19,8,2,782.9624,2400,5,10,20
1185,11,20,2,784.3012,4100,4,8,15
1186,16,16,2,784.3075,2300,6,10,20
1187,20,12,2,784.47,2800,3,10,20
1188,14,17,2,785.6158,2000,7,9,19
1189,8,13,2,785.8035,2400,3,6,12
1190,11,8,2,786.0812,3400,4,8,15
1191,16,6,2,787.1979,4500,5,10,20
1192,5,18,2,787.8438,2500,7,5,9
1193,5,11,2,788.1513,1100,6,5,9
1194,9,12,2,788.1977,2700,3,7,13
1195,4,15,2,789.3923,1000,7,4,8
1196,11,13,2,789.9197,2600,6,8,15
1197,3,15,2,790.6743,3400,4,4,6
1198,17,19,2,791.1914,2900,6,10,20
1199,17,11,2,791.4524,4800,7,10,20
1200,8,12,2,791.7215,3600,6,6,12
1201,16,20,2,791.7967,2100,6,10,20
1202,7,7,2,791.9958,3200,7,6,11
1203,17,11,2,792.0522,4000,4,10,20
1204,18,10,2,792.1106,2400,5,10,20
1205,14,11,2,792.8267,3400,6,9,19
1206,7,12,2,793.6376,2700,6,6,11
1207,11,5,2,793.7051,4500,4,8,15
1208,12,13,2,793.9303,4900,5,8,17
1209,9,12,2,793.941,1100,3,7,13
1210,16,15,2,794.0997,4100,5,10,20
1211,9,14,2,794.4768,2300,7,7,13
1212,15,17,2,795.1435,1000,6,10,20
1213,5,13,2,795.6827,4500,6,5,9
1214,5,16,2,796.0171,2900,6,5,9
1215,11,8,2,796.8841,3800,7,8,15
1216,7,10,2,798.3331,4900,6,6,11
1217,5,16,2,798.5017,3100,3,5,9
1218,15,10,2,799.388,1500,4,10,20
1219,9,16,2,799.4519,2700,7,7,13
1220,5,17,2,799.4832,1000,7,5,9
1221,7,9,2,799.7868,1200,6,6,11
1222,10,20,2,799.8453,1100,4,7,14
1223,13,12,2,800.7425,3300,6,9,18
1224,19,19,2,801.2676,1100,5,10,20
1225,20,11,2,802.4894,1300,7,10,20
1226,9,8,2,803.0524,2400,4,7,13
1227,11,5,2,803.1637,5000,7,8,15
1228,10,9,2,804.8251,1600,7,7,14
1229,15,7,2,805.393,3700,5,10,20
1230,11,12,2,805.6072,3200,7,8,15
1231,9,15,2,806.0808,1300,4,7,13
1232,8,12,2,806.1566,1600,4,6,12
1233,13,20,2,806.3417,4300,6,9,18
1234,4,19,2,807.3774,4500,5,4,8
1235,7,12,2,807.6291,4900,4,6,11
1236,19,18,2,807.9492,5000,7,10,20
1237,8,13,2,808.825,1400,4,6,12
1238,9,13,2,809.1499,4500,3,7,13
1239,5,19,2,809.4955,2300,6,5,9
1240,15,19,2,809.7014,4400,3,10,20
1241,3,5,2,811.5825,1200,5,4,6
1242,9,14,2,812.6858,3200,7,7,13
1243,15,14,2,813.0754,5000,6,10,20
1244,5,8,2,814.3663,2900,6,5,9
1245,10,6,2,814.6382,2900,4,7,14
1246,18,20,2,815.0764,4300,7,10,20
1247,9,19,2,815.4297,1300,3,7,13
1248,7,9,2,817.3772,1500,6,6,11
1249,6,9,2,818.5017,5000,5,5,10
1250,20,18,2,819.8687,1500,6,10,20
1251,18,13,2,820.3161,2500,7,10,20
1252,20,19,2,820.5448,2500,6,10,20
1253,9,14,2,820.6987,4900,4,7,13
1254,12,20,2,821.1953,2300,4,8,17
1255,4,12,2,821.2184,1800,6,4,8
1256,8,12,2,823.6602,4500,5,6,12
1257,13,12,2,824.9684,3700,6,9,18
1258,15,13,2,825.0048,4700,3,10,20
1259,14,14,2,825.5166,4900,7,9,19
1260,16,14,2,826.1344,2700,3,10,20
1261,13,16,2,826.3839,3300,5,9,18
1262,11,14,2,826.4693,4200,4,8,15
1263,20,5,2,827.1819,1800,6,10,20
1264,10,10,2,827.6525,1300,7,7,14
1265,3,19,2,828.9459,2200,5,4,6
1266,5,16,2,829.0544,3200,5,5,9
1267,16,20,2,829.3528,3900,6,10,20
1268,6,8,2,829.4622,2200,4,5,10
1269,8,15,2,830.1771,2700,5,6,12
1270,11,7,2,830.4489,2800,7,8,15
1271,4,8,2,831.3245,1100,5,4,8
1272,8,7,2,832.0902,4500,7,6,12
1273,16,16,2,832.1947,4700,4,10,20
1274,20,18,2,832.8471,3600,5,10,20
1275,5,5,2,834.6101,4100,4,5,9
1276,20,15,2,835.0492,2900,3,10,20
1277,15,16,2,835.1091,3100,7,10,20
1278,18,15,2,835.1927,2200,5,10,20
1279,12,6,2,835.5094,2900,4,8,17
1280,16,17,2,835.9428,1400,5,10,20
1281,14,19,2,836.3517,2400,3,9,19
1282,6,13,2,836.9645,1800,7,5,10
1283,14,6,2,837.8284,2600,5,9,19
1284,8,13,2,837.8929,2700,7,6,12
1285,15,18,2,838.0075,2400,5,10,20
1286,13,13,2,840.1622,2400,4,9,18
1287,18,8,2,840.3147,1400,3,10,20
1288,12,7,2,841.4147,1600,4,8,17
1289,5,19,2,841.6089,4400,7,5,9
1290,5,12,2,842.1282,2900,7,5,9
1291,5,9,2,842.8833,1200,6,5,9
1292,15,10,2,843.82,2900,6,10,20
1293,5,12,2,843.9574,1800,7,5,9
1294,3,10,2,844.3183,3500,3,4,6
1295,3,12,2,844.3912,2700,7,4,6
1296,4,17,2,844.7555,1900,5,4,8
1297,8,6,2,845.6086,3100,6,6,12
1298,19,14,2,845.6425,4100,3,10,20
1299,18,12,2,845.8676,1600,3,10,20
1300,20,18,2,846.1377,4700,7,10,20
1301,17,16,2,846.5219,4700,7,10,20
1302,15,7,2,846.709,2100,7,10,20
1303,18,16,2,846.7997,3900,3,10,20
1304,18,20,2,847.1717,2300,7,10,20
1305,3,5,2,847.8387,4600,6,4,6
1306,5,20,2,847.9097,4800,4,5,9
1307,8,11,2,848.5702,3600,7,6,12
1308,14,8,2,849.1191,1400,5,9,19
1309,17,20,2,850.9525,2800,3,10,20
1310,5,10,2,851.0369,1900,3,5,9
1311,13,18,2,851.16,1300,3,9,18
1312,11,11,2,851.1654,1400,5,8,15
1313,9,13,2,851.3598,1200,3,7,13
1314,8,5,2,852.3738,2400,3,6,12
1315,16,10,2,853.0238,3900,6,10,20
1316,7,12,2,853.1278,1500,4,6,11
1317,14,9,2,854.1556,1400,7,9,19
1318,13,11,2,854.2049,2200,5,9,18
1319,13,8,2,854.3756,4900,7,9,18
1320,4,19,2,854.4224,2200,6,4,8
1321,7,14,2,854.8561,2600,6,6,11
1322,10,6,2,854.8772,4400,7,7,14
1323,10,7,2,855.7388,4700,4,7,14
1324,6,17,2,856.3224,2400,7,5,10
1325,20,6,2,856.5083,4100,5,10,20
1326,15,17,2,857.1469,2000,7,10,20
1327,16,13,2,857.2377,2800,3,10,20
1328,10,19,2,857.2611,3400,6,7,14
1329,16,8,2,857.9223,1300,4,10,20
1330,14,19,2,858.378,2500,3,9,19
1331,13,9,2,859.0501,3400,7,9,18
1332,16,18,2,859.8392,1100,5,10,20
1333,4,11,2,860.6674,5000,6,4,8
1334,4,19,2,860.6786,3800,6,4,8
1335,20,12,2,860.6917,3400,6,10,20
1336,8,18,2,861.8297,1800,3,6,12
1337,3,20,2,861.8323,3900,5,4,6
1338,18,14,2,866.0062,3300,7,10,20
1339,19,16,2,866.1634,2900,7,10,20
1340,19,16,2,867.9032,2900,3,10,20
1341,19,11,2,868.9335,4800,7,10,20
1342,12,10,2,870.701,1800,6,8,17
1343,11,18,2,870.8119,4700,3,8,15
1344,8,16,2,872.237,1200,5,6,12
1345,10,19,2,873.0748,2500,5,7,14
1346,17,19,2,874.0744,2800,7,10,20
1347,13,12,2,874.1879,4500,7,9,18
1348,19,19,2,874.2273,4200,5,10,20
1349,3,6,2,874.6016,3700,6,4,6
1350,7,20,2,874.8694,3600,3,6,11
1351,15,9,2,874.9165,2500,6,10,20
1352,10,11,2,874.9432,2000,5,7,14
1353,15,5,2,875.984,2200,3,10,20
1354,3,10,2,876.8082,4800,5,4,6
1355,19,20,2,876.9427,2700,4,10,20
1356,10,6,2,877.5835,1600,3,7,14
1357,15,6,2,878.027,1200,3,10,20
1358,17,8,2,878.4841,4500,4,10,20
1359,13,18,2,878.5036,2900,7,9,18
1360,20,13,2,879.5159,1100,3,10,20
1361,8,9,2,881.2391,4700,3,6,12
1362,16,5,2,881.3576,3100,5,10,20
1363,19,7,2,881.4913,1300,5,10,20
1364,19,7,2,882.1598,4500,4,10,20
1365,5,8,2,882.7237,1600,4,5,9
1366,9,12,2,883.758,3800,6,7,13
1367,20,6,2,884.2559,4500,6,10,20
1368,16,16,2,884.2968,3700,7,10,20
1369,14,11,2,884.3299,2400,3,9,19
1370,17,9,2,884.6119,3000,5,10,20
1371,17,15,2,884.7151,4600,4,10,20
1372,4,6,2,885.2284,4700,3,4,8
1373,8,17,2,885.677,2800,5,6,12
1374,6,10,2,886.3736,5000,4,5,10
1375,18,9,2,886.7336,1800,7,10,20
1376,17,12,2,887.1085,2800,4,10,20
1377,7,14,2,887.3562,1200,3,6,11
1378,9,15,2,889.2321,2800,4,7,13
1379,7,20,2,889.7118,2200,3,6,11
1380,15,6,2,891.0999,1600,4,10,20
1381,14,7,2,891.3214,1900,5,9,19
1382,16,16,2,892.2188,4400,5,10,20
1383,8,20,2,892.8335,5000,7,6,12
1384,8,18,2,892.8638,4200,5,6,12
1385,6,6,2,893.3021,4600,5,5,10
1386,17,8,2,894.1367,4700,6,10,20
1387,13,15,2,894.1577,3500,7,9,18
1388,19,7,2,895.3906,1600,4,10,20
1389,5,5,2,896.6055,4500,5,5,9
1390,7,13,2,897.7639,2600,7,6,11
1391,19,8,2,898.8352,4400,7,10,20
1392,12,12,2,899.2442,2700,7,8,17
1393,14,18,2,899.711,2000,3,9,19
1394,16,17,2,899.9767,4100,4,10,20
1395,17,17,2,900.3793,4200,6,10,20
1396,18,17,2,900.9285,4900,4,10,20
1397,10,6,2,901.9354,4300,4,7,14
1398,6,12,2,903.4534,4100,4,5,10
1399,20,12,2,903.9464,4600,6,10,20
1400,4,20,2,904.4891,1000,6,4,8
1401,4,20,2,906.3679,2900,3,4,8
1402,20,14,2,907.8996,2000,7,10,20
1403,3,12,2,908.4997,4400,6,4,6
1404,4,20,2,909.4247,1700,5,4,8
1405,12,19,2,909.5297,2100,3,8,17
1406,14,17,2,910.1476,3400,7,9,19
1407,14,12,2,911.0028,1800,7,9,19
1408,11,8,2,911.3069,4300,5,8,15
1409,11,19,2,911.4237,1300,5,8,15
1410,15,5,2,912.4003,1000,3,10,20
1411,15,14,2,912.4844,4600,5,10,20
1412,12,19,2,913.2531,3300,3,8,17
1413,13,16,2,914.2717,4300,4,9,18
1414,18,9,2,915.6118,2900,3,10,20
1415,12,9,2,915.8602,2700,6,8,17
1416,13,6,2,916.7491,2900,3,9,18
1417,14,17,2,916.9643,3900,3,9,19
1418,18,8,2,918.0767,4200,3,10,20
1419,12,17,2,919.5834,5000,7,8,17
1420,16,15,2,920.2705,4800,7,10,20
1421,9,19,2,920.5471,3400,5,7,13
1422,13,17,2,920.5662,3200,6,9,18
1423,11,10,2,920.6197,4600,6,8,15
1424,10,16,2,920.9603,4500,6,7,14
1425,16,17,2,922.6544,3900,3,10,20
1426,3,20,2,923.0613,3700,6,4,6
1427,14,15,2,923.4436,4500,6,9,19
1428,11,13,2,923.7799,1900,4,8,15
1429,6,10,2,924.9603,4600,7,5,10
1430,14,15,2,925.5232,2700,6,9,19
1431,5,6,2,925.7218,3300,7,5,9
1432,9,9,2,925.8543,2500,4,7,13
1433,4,16,2,926.1327,4500,4,4,8
1434,3,18,2,926.4729,4600,3,4,6
1435,11,12,2,930.4532,1000,4,8,15
1436,17,6,2,931.5273,1200,4,10,20
1437,10,20,2,931.9918,4400,5,7,14
1438,5,12,2,932.4309,3000,7,5,9
1439,12,18,2,934.2008,1600,7,8,17
1440,20,14,2,934.28,4700,7,10,20
1441,12,13,2,934.6543,4600,4,8,17
1442,14,16,2,935.5171,4400,5,9,19
1443,15,5,2,935.594,4100,4,10,20
1444,5,5,2,935.9161,2800,5,5,9
1445,15,9,2,936.3516,3100,3,10,20
1446,8,12,2,936.9798,1000,5,6,12
1447,20,11,2,937.1344,3500,5,10,20
1448,10,13,2,937.7689,2500,7,7,14
1449,17,16,2,937.9052,1400,7,10,20
1450,3,7,2,939.9698,3900,5,4,6
1451,11,15,2,942.4834,4800,7,8,15
1452,15,20,2,942.6853,4900,4,10,20
1453,6,16,2,944.496,2100,7,5,10
1454,14,5,2,944.6055,3900,7,9,19
1455,17,6,2,946.2488,1800,3,10,20
1456,19,11,2,947.092,4600,4,10,20
1457,13,13,2,948.1663,2700,5,9,18
1458,19,5,2,948.6007,4000,4,10,20
1459,13,6,2,950.5289,2000,5,9,18
1460,8,20,2,950.9919,4500,6,6,12
1461,20,12,2,952.2047,4700,5,10,20
1462,6,20,2,952.66,4100,7,5,10
1463,6,12,2,952.7799,1000,4,5,10
1464,20,19,2,952.8671,3400,4,10,20
1465,15,10,2,953.0582,5000,6,10,20
1466,8,8,2,955.5785,2200,5,6,12
1467,5,13,2,955.6019,2100,3,5,9
1468,17,6,2,955.6619,2600,7,10,20
1469,7,19,2,956.1741,1200,7,6,11
1470,20,15,2,956.4261,5000,3,10,20
1471,10,13,2,957.4168,3600,4,7,14
1472,20,13,2,957.5552,2500,7,10,20
1473,19,14,2,957.8366,4400,5,10,20
1474,4,7,2,958.103,1400,6,4,8
1475,17,16,2,958.5778,4500,5,10,20
1476,13,9,2,959.1066,2000,6,9,18
1477,6,6,2,959.3218,2600,6,5,10
1478,9,18,2,959.3491,3600,3,7,13
1479,8,12,2,960.0985,1900,6,6,12
1480,11,12,2,961.2725,4300,6,8,15
1481,5,15,2,962.2706,4800,3,5,9
1482,13,15,2,962.4838,4700,4,9,18
1483,6,20,2,963.2041,1500,7,5,10
1484,16,16,2,963.6286,2600,6,10,20
1485,19,15,2,963.9553,2500,5,10,20
1486,5,15,2,965.399,3000,4,5,9
1487,4,13,2,965.815,1900,7,4,8
1488,8,18,2,966.0222,2800,5,6,12
1489,13,10,2,966.1845,1100,4,9,18
1490,15,8,2,967.0793,2900,7,10,20
1491,7,15,2,967.2115,1000,5,6,11
1492,13,7,2,970.1031,4400,7,9,18
1493,11,18,2,970.1716,3900,3,8,15
1494,11,18,2,971.3443,1200,6,8,15
1495,4,13,2,971.5582,1600,4,4,8
1496,9,18,2,971.6412,2300,5,7,13
1497,18,16,2,974.1021,4800,7,10,20
1498,18,11,2,974.6371,3200,4,10,20
1499,13,5,2,975.0696,2100,6,9,18
1500,6,20,2,975.6341,4600,3,5,10
1501,9,17,2,975.8734,1100,3,7,13
1502,10,9,2,976.5159,4900,4,7,14
1503,6,9,2,976.8202,3400,5,5,10
1504,18,15,2,977.3671,2700,4,10,20
1505,17,12,2,977.6137,3900,7,10,20
1506,3,11,2,979.1839,3300,5,4,6
1507,18,7,2,979.5682,2300,7,10,20
1508,20,13,2,979.7451,2800,4,10,20
1509,20,9,2,980.1745,2200,5,10,20
1510,12,12,2,980.3583,3300,5,8,17
1511,6,11,2,980.7986,1500,6,5,10
1512,16,9,2,981.0144,1600,6,10,20
1513,12,7,2,981.198,2300,4,8,17
1514,19,19,2,982.1839,2900,5,10,20
1515,10,7,2,983.1299,3000,3,7,14
1516,10,16,2,983.8205,4700,6,7,14
1517,10,8,2,984.9538,3900,3,7,14
1518,8,15,2,985.752,1900,3,6,12
1519,9,16,2,986.0285,3700,3,7,13
1520,17,16,2,987.9608,4800,3,10,20
1521,20,19,2,988.1402,3700,3,10,20
1522,20,8,2,988.6764,4600,6,10,20
1523,5,20,2,988.6875,4700,5,5,9
1524,7,17,2,988.7934,1900,4,6,11
1525,19,19,2,988.928,4500,4,10,20
1526,3,15,2,989.0438,3200,6,4,6
1527,14,18,2,990.2336,1000,7,9,19
1528,7,12,2,990.8366,3200,7,6,11
1529,18,13,2,991.0397,2800,5,10,20
1530,12,10,2,991.3661,2400,5,8,17
1531,19,6,2,992.3593,2500,6,10,20
1532,6,10,2,992.6518,2900,6,5,10
1533,11,15,2,993.154,3400,4,8,15
1534,13,20,2,994.0561,2000,7,9,18
1535,14,7,2,995.712,4700,5,9,19
1536,5,18,2,995.7226,1300,6,5,9
1537,13,15,2,996.5178,2700,7,9,18
1538,11,9,2,997.6333,4500,5,8,15
1539,20,14,2,998.5443,5000,7,10,20
1540,9,8,2,999.5544,4100,4,7,13
1541,6,15,2,1000.1788,2100,5,5,10
1542,5,18,2,1000.3463,2100,3,5,9
1543,5,13,2,1000.4513,1500,5,5,9
1544,15,17,2,1000.6656,3400,6,10,20
1545,19,16,2,1001.587,4800,6,10,20
1546,20,8,2,1002.3512,2700,7,10,20
1547,13,16,2,1002.3855,2800,6,9,18
1548,11,7,2,1006.0924,3200,4,8,15
1549,17,13,2,1007.8953,3300,5,10,20
1550,7,18,2,1010.1336,5000,6,6,11
1551,8,17,2,1011.9468,1900,4,6,12
1552,10,10,2,1013.9327,1300,5,7,14
1553,10,20,2,1014.3639,1900,7,7,14
1554,3,19,2,1014.3785,2000,4,4,6
1555,19,12,2,1014.4135,3000,4,10,20
1556,3,10,2,1014.8561,4000,7,4,6
1557,5,20,2,1015.1961,3900,4,5,9
1558,14,14,2,1016.5903,4600,3,9,19
1559,11,19,2,1016.7048,4400,5,8,15
1560,7,9,2,1016.7185,1200,3,6,11
1561,9,19,2,1021.4111,1400,5,7,13
1562,15,10,2,1022.0497,1300,6,10,20
1563,15,15,2,1023.0347,4300,6,10,20
1564,18,15,2,1023.0434,4200,7,10,20
1565,17,12,2,1023.958,4000,6,10,20
1566,4,10,2,1024.3603,3900,6,4,8
1567,16,11,2,1027.4204,2900,6,10,20
1568,15,19,2,1028.1456,2000,7,10,20
1569,20,14,2,1031.9425,3400,3,10,20
1570,5,19,2,1033.315,1500,4,5,9
1571,10,20,2,1034.1234,2300,4,7,14
1572,12,13,2,1034.3812,1100,6,8,17
1573,19,8,2,1034.5346,3700,7,10,20
1574,14,12,2,1035.494,3200,5,9,19
1575,16,5,2,1037.1897,4000,4,10,20
1576,19,15,2,1037.5186,3600,6,10,20
1577,9,10,2,1038.636,2000,4,7,13
1578,18,14,2,1038.7006,3400,7,10,20
1579,16,17,2,1039.5039,1400,7,10,20
1580,4,13,2,1041.1872,1400,7,4,8
1581,6,13,2,1041.2492,3300,6,5,10
1582,8,13,2,1042.3225,1100,7,6,12
1583,18,11,2,1044.6508,5000,3,10,20
1584,5,9,2,1044.8691,1600,5,5,9
1585,13,18,2,1045.8849,2400,3,9,18
1586,5,17,2,1045.9665,3000,3,5,9
1587,4,15,2,1046.8289,2000,7,4,8
1588,6,12,2,1047.7315,3800,7,5,10
1589,15,20,2,1048.4891,2800,5,10,20
1590,19,7,2,1048.9135,5000,5,10,20
1591,6,18,2,1049.0216,3400,7,5,10
1592,14,6,2,1049.0427,4600,3,9,19
1593,7,20,2,1049.2478,2700,5,6,11
1594,20,5,2,1050.565,1800,6,10,20
1595,3,17,2,1050.6902,4400,3,4,6
1596,20,6,2,1051.4362,4900,5,10,20
1597,7,6,2,1052.1404,2900,3,6,11
1598,12,11,2,1052.6922,1500,3,8,17
1599,8,9,2,1054.3164,4700,6,6,12
1600,17,5,2,1054.6586,1200,4,10,20
1601,3,13,2,1055.0136,4900,5,4,6
1602,8,10,2,1055.9271,3300,4,6,12
1603,18,18,2,1056.0517,3600,4,10,20
1604,3,11,2,1056.5909,2300,6,4,6
1605,15,14,2,1056.7176,3200,6,10,20
1606,8,7,2,1058.1427,2100,7,6,12
1607,8,19,2,1058.4581,2100,3,6,12
1608,20,18,2,1058.4631,1500,4,10,20
1609,4,6,2,1058.5861,3500,4,4,8
1610,7,10,2,1059.022,4900,3,6,11
1611,18,12,2,1059.1727,3400,6,10,20
1612,12,19,2,1059.2669,4600,6,8,17
1613,17,20,2,1059.6078,1200,7,10,20
1614,11,18,2,1060.1172,1400,3,8,15
1615,8,11,2,1060.1747,3500,3,6,12
1616,10,19,2,1060.2046,2700,7,7,14
1617,19,16,2,1061.2757,4900,4,10,20
1618,10,8,2,1064.6486,4200,4,7,14
1619,5,8,2,1064.8413,1400,5,5,9
1620,3,13,2,1065.1373,2300,4,4,6
1621,14,9,2,1065.5151,5000,6,9,19
1622,16,15,2,1066.2232,2400,5,10,20
1623,9,6,2,1067.0869,4200,5,7,13
1624,12,14,2,1067.5271,4400,4,8,17
1625,13,20,2,1069.2247,2400,6,9,18
1626,3,18,2,1069.2701,4200,5,4,6
1627,20,10,2,1070.3184,3300,7,10,20
1628,13,6,2,1070.9019,1100,3,9,18
1629,18,15,2,1071.132,4200,7,10,20
1630,13,16,2,1071.6991,2400,7,9,18
1631,8,19,2,1071.7401,2100,7,6,12
1632,9,16,2,1072.4457,2100,5,7,13
1633,17,10,2,1073.2336,4000,6,10,20
1634,13,13,2,1073.7966,2900,5,9,18
1635,4,5,2,1074.556,1700,7,4,8
1636,17,12,2,1075.0575,3400,6,10,20
1637,3,14,2,1075.4474,2400,5,4,6
1638,18,11,2,1078.5626,2100,5,10,20
1639,3,5,2,1080.9823,3000,3,4,6
1640,14,10,2,1081.2575,1800,3,9,19
1641,5,5,2,1081.4632,1600,3,5,9
1642,11,11,2,1082.1062,2300,3,8,15
1643,10,14,2,1083.0119,2300,7,7,14
1644,10,16,2,1083.4057,1700,6,7,14
1645,20,19,2,1085.3494,2800,6,10,20
1646,8,8,2,1087.1336,4200,5,6,12
1647,9,14,2,1087.6384,1300,6,7,13
1648,10,18,2,1087.856,4200,4,7,14
1649,11,11,2,1088.2254,4500,4,8,15
1650,14,19,2,1088.8659,4100,5,9,19
1651,19,20,2,1089.0939,3300,7,10,20
1652,3,10,2,1089.2983,2200,7,4,6
1653,7,19,2,1089.3368,1200,6,6,11
1654,4,20,2,1090.461,2400,6,4,8
1655,10,18,2,1091.0256,4800,4,7,14
1656,13,6,2,1091.2854,1300,3,9,18
1657,10,13,2,1093.5507,3900,6,7,14
1658,15,7,2,1096.0111,2400,5,10,20
1659,11,18,2,1097.5058,1500,3,8,15
1660,3,10,2,1098.9722,1200,5,4,6
1661,17,7,2,1098.9817,3800,5,10,20
1662,17,11,2,1099.1755,1900,3,10,20
1663,12,18,2,1099.5387,2600,5,8,17
1664,19,10,2,1103.6164,2000,5,10,20
1665,4,11,2,1104.3282,2900,5,4,8
1666,11,15,2,1104.7865,3800,3,8,15
1667,3,8,2,1104.8341,1400,7,4,6
1668,17,10,2,1105.5351,3100,3,10,20
1669,14,8,2,1105.9769,4900,7,9,19
1670,7,17,2,1106.5344,4900,4,6,11
1671,8,20,2,1107.1811,1600,4,6,12
1672,5,16,2,1108.156,3200,3,5,9
1673,5,11,2,1108.2361,3800,7,5,9
1674,18,13,2,1109.6415,4500,3,10,20
1675,20,7,2,1109.785,2500,4,10,20
1676,19,19,2,1110.4052,2800,3,10,20
1677,8,17,2,1111.2962,2500,6,6,12
1678,6,5,2,1112.3901,1000,7,5,10
1679,11,18,2,1113.6091,1000,7,8,15
1680,6,19,2,1113.8067,3700,7,5,10
1681,14,17,2,1113.9524,4200,4,9,19
1682,19,17,2,1115.535,4100,5,10,20
1683,15,8,2,1116.4529,3700,3,10,20
1684,17,7,2,1117.1784,2100,5,10,20
1685,3,20,2,1118.0942,1500,3,4,6
1686,5,6,2,1119.6974,1000,7,5,9
1687,20,7,2,1119.7438,2600,4,10,20
1688,19,9,2,1120.1062,4500,7,10,20
1689,7,18,2,1120.6112,1000,3,6,11
1690,18,6,2,1121.912,3100,6,10,20
1691,20,11,2,1122.441,1900,7,10,20
1692,19,12,2,1122.6642,4600,3,10,20
1693,17,5,2,1123.7399,2800,7,10,20
1694,4,15,2,1123.7903,2400,7,4,8
1695,17,20,2,1124.0043,2600,3,10,20
1696,8,10,2,1124.2124,5000,4,6,12
1697,3,9,2,1124.9412,3100,3,4,6
1698,4,20,2,1125.9747,3600,7,4,8
1699,5,18,2,1126.191,1500,6,5,9
1700,17,13,2,1129.3866,4900,3,10,20
1701,16,8,2,1129.8103,1600,7,10,20
1702,7,8,2,1130.9889,3000,6,6,11
1703,12,16,2,1131.3319,4400,3,8,17
1704,16,5,2,1131.5406,4800,5,10,20
1705,11,20,2,1131.9067,3600,4,8,15
1706,5,16,2,1132.5983,4300,6,5,9
1707,10,19,2,1132.9171,1600,3,7,14
1708,11,12,2,1133.9989,1400,3,8,15
1709,19,7,2,1134.3988,2100,7,10,20
1710,4,20,2,1134.5479,4500,6,4,8
1711,3,12,2,1134.5984,2200,3,4,6
1712,7,18,2,1134.7406,3800,7,6,11
1713,11,20,2,1135.2928,3000,4,8,15
1714,14,19,2,1135.3954,4300,7,9,19
1715,18,12,2,1135.5981,1300,5,10,20
1716,11,18,2,1135.8342,1900,4,8,15
1717,17,11,2,1136.5503,2400,4,10,20
1718,5,7,2,1136.6274,4200,3,5,9
1719,14,6,2,1137.6921,4700,4,9,19
1720,4,10,2,1137.945,4200,4,4,8
1721,8,11,2,1139.2176,1400,4,6,12
1722,13,16,2,1139.3069,3800,4,9,18
1723,11,7,2,1140.0385,3500,6,8,15
1724,15,10,2,1140.1013,4700,6,10,20
1725,7,7,2,1140.3714,1500,6,6,11
1726,16,5,2,1140.6169,3600,6,10,20
1727,4,11,2,1140.7552,2000,4,4,8
1728,18,17,2,1141.7124,2200,3,10,20
1729,7,7,2,1142.3917,3000,6,6,11
1730,6,8,2,1143.0358,4000,6,5,10
1731,16,14,2,1145.9264,4500,6,10,20
1732,14,8,2,1146.6705,2800,4,9,19
1733,8,15,2,1147.175,1300,4,6,12
1734,15,9,2,1147.6473,4500,3,10,20
1735,11,10,2,1147.9247,1400,6,8,15
1736,3,12,2,1148.8412,2300,7,4,6
1737,5,18,2,1149.3354,2700,7,5,9
1738,19,17,2,1149.5732,1400,7,10,20
1739,18,14,2,1149.969,3500,6,10,20
1740,8,15,2,1150.1215,3000,3,6,12
1741,19,11,2,1150.1276,1700,4,10,20
1742,4,20,2,1150.1356,3000,3,4,8
1743,12,14,2,1150.4023,2800,3,8,17
1744,19,19,2,1150.6013,1300,6,10,20
1745,16,18,2,1151.1521,2200,7,10,20
1746,6,16,2,1151.6188,2200,7,5,10
1747,3,13,2,1151.9389,1100,7,4,6
1748,20,20,2,1152.1928,4700,5,10,20
1749,10,9,2,1152.8689,2400,7,7,14
1750,14,9,2,1153.1876,2400,7,9,19
1751,17,7,2,1153.2986,3800,7,10,20
1752,8,5,2,1154.1392,1200,6,6,12
1753,5,18,2,1154.1887,4500,5,5,9
1754,10,19,2,1154.2466,2500,4,7,14
1755,11,15,2,1154.4808,4900,5,8,15
1756,17,7,2,1155.8691,3600,5,10,20
1757,7,16,2,1156.3542,4400,6,6,11
1758,15,17,2,1157.2241,1800,5,10,20
1759,6,14,2,1157.5695,4600,4,5,10
1760,14,10,2,1159.4541,3500,3,9,19
1761,10,16,2,1161.2096,3100,5,7,14
1762,13,15,2,1161.3405,3800,5,9,18
1763,6,10,2,1161.8317,3200,7,5,10
1764,3,12,2,1162.2982,4900,3,4,6
1765,18,13,2,1162.7649,4200,5,10,20
1766,11,20,2,1163.7574,4000,6,8,15
1767,14,5,2,1163.8289,3100,5,9,19
1768,9,6,2,1166.4562,4300,4,7,13
1769,19,11,2,1167.2746,3800,3,10,20
1770,3,7,2,1167.7207,4900,3,4,6
1771,17,15,2,1169.2982,1500,4,10,20
1772,8,5,2,1171.6469,5000,5,6,12
1773,7,18,2,1172.0331,3500,5,6,11
1774,6,10,2,1172.3146,1000,4,5,10
1775,17,6,2,1172.3679,2100,7,10,20
1776,15,8,2,1173.4247,2400,3,10,20
1777,14,14,2,1173.543,4300,4,9,19
1778,3,5,2,1174.9703,1700,5,4,6
1779,15,10,2,1175.2096,4800,7,10,20
1780,20,17,2,1175.9055,2500,7,10,20
1781,17,19,2,1176.1203,1300,7,10,20
1782,7,19,2,1176.8946,3200,4,6,11
1783,12,13,2,1176.939,4100,5,8,17
1784,5,20,2,1177.4238,3500,5,5,9
1785,14,15,2,1178.1329,5000,4,9,19
1786,13,5,2,1178.8787,4900,3,9,18
1787,17,18,2,1179.0659,3100,5,10,20
1788,9,16,2,1179.2134,5000,4,7,13
1789,14,16,2,1179.5956,1000,5,9,19
1790,7,8,2,1179.993,3500,7,6,11
1791,3,8,2,1180.0747,2700,7,4,6
1792,9,15,2,1180.289,3400,4,7,13
1793,3,6,2,1180.7329,4900,7,4,6
1794,15,7,2,1180.925,3700,5,10,20
1795,6,10,2,1180.9651,4600,4,5,10
1796,3,9,2,1181.4298,4900,5,4,6
1797,17,8,2,1182.8964,2000,5,10,20
1798,12,5,2,1183.7937,3300,4,8,17
1799,8,14,2,1183.8954,1000,5,6,12
1800,20,8,2,1184.1082,4700,5,10,20
1801,4,5,2,1184.2592,1100,6,4,8
1802,16,15,2,1184.5965,3200,7,10,20
1803,18,17,2,1185.8249,4500,6,10,20
1804,3,12,2,1186.289,1600,4,4,6
1805,16,18,2,1186.8789,2800,5,10,20
1806,7,14,2,1186.9822,1700,4,6,11
1807,12,12,2,1188.1158,4200,3,8,17
1808,14,8,2,1188.1618,2900,3,9,19
1809,16,5,2,1188.4265,2900,7,10,20
1810,20,14,2,1189.1676,4000,3,10,20
1811,20,8,2,1190.1044,4200,6,10,20
1812,3,8,2,1190.9379,3600,7,4,6
1813,13,19,2,1190.9857,2600,5,9,18
1814,6,19,2,1192.0034,1500,3,5,10
1815,8,5,2,1192.5819,3900,5,6,12
1816,13,8,2,1193.2176,3200,7,9,18
1817,16,5,2,1193.3651,4400,7,10,20
1818,5,6,2,1196.6763,3700,5,5,9
1819,10,14,2,1196.9628,4700,4,7,14
1820,17,16,2,1197.0259,2600,6,10,20
1821,18,20,2,1197.2595,1600,7,10,20
1822,20,5,2,1197.5874,4500,4,10,20
1823,6,10,2,1197.7454,3800,7,5,10
1824,5,5,2,1197.8677,2700,5,5,9
1825,20,6,2,1198.485,3000,7,10,20
1826,5,11,2,1199.8152,3600,6,5,9
1827,17,19,2,1200.3839,3500,3,10,20
1828,8,14,2,1201.8062,2200,3,6,12
1829,10,5,2,1202.9487,4600,7,7,14
1830,17,8,2,1202.9838,1600,3,10,20
1831,14,13,2,1204.1518,1100,7,9,19
1832,4,11,2,1204.3703,4800,4,4,8
1833,9,15,2,1204.9212,1000,3,7,13
1834,9,12,2,1205.0347,2400,7,7,13
1835,3,10,2,1205.7607,5000,7,4,6
1836,7,18,2,1205.7626,2900,5,6,11
1837,18,16,2,1207.2093,4800,4,10,20
1838,17,12,2,1207.6273,2700,7,10,20
1839,9,8,2,1209.2009,4500,6,7,13
1840,9,18,2,1209.5849,3900,3,7,13
1841,14,14,2,1210.4954,1500,4,9,19
1842,19,19,2,1210.5077,1600,4,10,20
1843,6,19,2,1210.6887,2100,6,5,10
1844,12,6,2,1211.765,4600,7,8,17
1845,5,19,2,1212.1255,3900,5,5,9
1846,5,9,2,1212.1609,2800,3,5,9
1847,9,10,2,1212.8622,2100,7,7,13
1848,12,10,2,1214.0461,2100,4,8,17
1849,11,16,2,1214.1356,3500,7,8,15
1850,10,10,2,1214.3675,3000,6,7,14
1851,6,6,2,1214.8546,1200,5,5,10
1852,9,9,2,1216.0076,2900,3,7,13
1853,7,11,2,1216.0096,1700,3,6,11
1854,16,11,2,1216.0761,1700,4,10,20
1855,20,6,2,1217.7651,4500,6,10,20
1856,20,20,2,1218.5667,1500,6,10,20
1857,12,12,2,1219.4532,2900,6,8,17
1858,17,19,2,1219.5641,3500,7,10,20
1859,13,18,2,1220.0274,3200,7,9,18
1860,5,17,2,1220.0314,3600,6,5,9
1861,7,6,2,1220.2824,2900,5,6,11
1862,8,18,2,1223.4037,2300,7,6,12
1863,20,20,2,1224.3655,2400,6,10,20
1864,5,17,2,1225.1568,5000,5,5,9
1865,12,14,2,1226.2203,3700,6,8,17
1866,10,20,2,1227.323,1100,7,7,14
1867,10,16,2,1227.6229,3900,7,7,14
1868,8,11,2,1228.1438,2500,6,6,12
1869,16,5,2,1228.6484,1300,4,10,20
1870,15,5,2,1229.0541,3900,7,10,20
1871,18,8,2,1229.2773,1700,7,10,20
1872,19,15,2,1229.6978,2600,7,10,20
1873,19,10,2,1229.9181,3900,3,10,20
1874,10,13,2,1229.995,3500,6,7,14
1875,9,8,2,1231.0819,4900,3,7,13
1876,11,7,2,1232.0565,3500,5,8,15
1877,4,19,2,1232.561,1600,4,4,8
1878,8,19,2,1233.5359,4400,5,6,12
1879,6,8,2,1234.3624,4800,5,5,10
1880,20,19,2,1235.1262,1600,3,10,20
1881,5,15,2,1236.0316,3600,6,5,9
1882,5,20,2,1236.8417,3800,7,5,9
1883,3,7,2,1237.056,4700,4,4,6
1884,3,19,2,1237.3199,2500,5,4,6
1885,20,10,2,1237.4442,3000,3,10,20
1886,4,14,2,1237.9449,1800,7,4,8
1887,11,13,2,1239.2107,4700,7,8,15
1888,15,11,2,1240.2348,2100,4,10,20
1889,12,9,2,1240.3005,1800,6,8,17
1890,3,20,2,1240.4129,2000,5,4,6
1891,9,14,2,1242.4833,3500,5,7,13
1892,19,20,2,1242.9632,4900,5,10,20
1893,7,8,2,1243.4389,1700,4,6,11
1894,18,10,2,1243.4601,3400,5,10,20
1895,7,6,2,1243.564,4500,4,6,11
1896,5,19,2,1244.1491,3500,7,5,9
1897,16,17,2,1244.6507,3600,7,10,20
1898,20,8,2,1245.1538,1700,6,10,20
1899,17,16,2,1245.4319,2800,7,10,20
1900,12,7,2,1245.6724,4900,6,8,17
1901,7,19,2,1246.2559,3200,4,6,11
1902,4,6,2,1247.0866,2400,3,4,8
1903,4,5,2,1247.751,3200,5,4,8
1904,16,18,2,1247.8601,5000,3,10,20
1905,12,12,2,1248.4982,3500,3,8,17
1906,10,13,2,1248.8849,2700,5,7,14
1907,14,12,2,1249.6813,3200,5,9,19
1908,4,12,2,1249.9773,2600,6,4,8
1909,13,6,2,1250.483,2400,3,9,18
1910,14,14,2,1250.9768,4100,5,9,19
1911,10,14,2,1251.0755,4800,6,7,14
1912,8,14,2,1251.7165,2800,5,6,12
1913,17,17,2,1252.0017,4000,6,10,20
1914,5,8,2,1252.0783,1800,7,5,9
1915,4,18,2,1253.0698,4800,6,4,8
1916,14,6,2,1253.1289,4100,7,9,19
1917,9,9,2,1253.2909,4800,3,7,13
1918,7,11,2,1254.7862,4700,4,6,11
1919,12,9,2,1254.9432,3700,3,8,17
1920,17,13,2,1255.0685,3900,5,10,20
1921,4,8,2,1257.4275,1800,3,4,8
1922,13,8,2,1258.109,3400,3,9,18
1923,11,11,2,1258.5811,4300,3,8,15
1924,12,7,2,1258.8471,4700,7,8,17
1925,6,12,2,1260.3898,1600,6,5,10
1926,7,17,2,1260.5899,2800,3,6,11
1927,15,6,2,1261.5045,3100,3,10,20
1928,8,12,2,1263.0254,2600,5,6,12
1929,11,9,2,1263.3878,1300,4,8,15
1930,8,16,2,1263.9878,1300,4,6,12
1931,4,20,2,1264.3435,2400,5,4,8
1932,4,7,2,1265.8443,4000,7,4,8
1933,3,8,2,1266.4489,4800,5,4,6
1934,17,13,2,1266.4537,4300,5,10,20
1935,13,6,2,1267.326,2200,5,9,18
1936,12,17,2,1267.5178,2700,5,8,17
1937,9,16,2,1268.0302,1200,4,7,13
1938,9,12,2,1268.6352,3600,6,7,13
1939,19,6,2,1269.2495,3700,3,10,20
1940,11,13,2,1271.5034,1200,4,8,15
1941,9,6,2,1273.2855,1900,5,7,13
1942,17,6,2,1273.7761,2200,6,10,20
1943,14,12,2,1274.3991,3800,7,9,19
1944,5,11,2,1275.1326,3900,3,5,9
1945,6,18,2,1275.8375,3500,3,5,10
1946,20,12,2,1276.1542,1800,7,10,20
1947,16,20,2,1276.328,3500,6,10,20
1948,6,8,2,1276.9941,4600,4,5,10
1949,18,8,2,1278.3345,1200,3,10,20
1950,15,14,2,1279.5555,2200,5,10,20
1951,5,18,2,1279.6597,3800,4,5,9
1952,4,16,2,1279.7785,3500,3,4,8
1953,10,18,2,1280.5377,1600,5,7,14
1954,4,14,2,1281.4959,3800,7,4,8
1955,11,15,2,1283.0378,1900,4,8,15
1956,16,16,2,1283.1181,2000,3,10,20
1957,18,13,2,1283.1434,2800,6,10,20
1958,9,12,2,1283.8261,3700,3,7,13
1959,14,20,2,1284.0838,2400,6,9,19
1960,14,5,2,1284.4806,1900,5,9,19
1961,16,6,2,1284.7495,1400,5,10,20
1962,10,8,2,1284.9477,1800,4,7,14
1963,7,6,2,1286.9201,3600,6,6,11
1964,11,9,2,1286.9294,2900,5,8,15
1965,10,11,2,1288.2449,4700,3,7,14
1966,6,16,2,1289.0625,3500,3,5,10
1967,13,20,2,1289.1387,4900,6,9,18
1968,13,16,2,1289.3588,3600,5,9,18
1969,4,13,2,1290.3867,1400,3,4,8
1970,18,12,2,1290.695,4000,6,10,20
1971,15,18,2,1291.2845,2000,3,10,20
1972,9,11,2,1291.5742,4800,5,7,13
1973,3,8,2,1292.7288,1900,7,4,6
1974,6,20,2,1293.3147,1300,6,5,10
1975,7,6,2,1293.7418,4000,4,6,11
1976,6,12,2,1293.8436,4900,6,5,10
1977,17,13,2,1294.6131,4400,4,10,20
1978,12,19,2,1294.8642,3600,3,8,17
1979,6,9,2,1295.5185,3200,6,5,10
1980,8,14,2,1295.7311,4300,3,6,12
1981,15,19,2,1296.8608,4500,6,10,20
1982,16,15,2,1298.26,1900,4,10,20
1983,17,14,2,1299.5026,3000,4,10,20
1984,16,12,2,1301.2166,2600,7,10,20
1985,17,17,2,1301.7114,3000,4,10,20
1986,10,8,2,1301.8232,1500,6,7,14
1987,6,10,2,1302.9066,4500,5,5,10
1988,14,13,2,1302.9526,1500,4,9,19
1989,15,11,2,1303.105,3400,4,10,20
1990,8,12,2,1303.6957,3100,5,6,12
1991,16,13,2,1305.0327,2000,4,10,20
1992,18,6,2,1305.7527,4500,6,10,20
1993,4,20,2,1306.2815,3700,6,4,8
1994,9,15,2,1306.3901,2100,7,7,13
1995,10,20,2,1306.6788,3300,6,7,14
1996,7,6,2,1306.7796,1100,5,6,11
1997,5,9,2,1307.9758,4300,3,5,9
1998,7,14,2,1308.7718,2600,3,6,11
1999,10,13,2,1308.921,4300,4,7,14
2000,15,15,2,1309.1388,3200,7,10,20
2001,17,11,2,1309.2528,4700,4,10,20
2002,7,17,2,1311.916,4300,3,6,11
2003,8,9,2,1311.984,4600,4,6,12
2004,6,12,2,1312.1304,3300,7,5,10
2005,3,7,2,1312.23,3100,4,4,6
2006,12,17,2,1312.9435,4800,6,8,17
2007,19,18,2,1313.2564,2700,4,10,20
2008,3,10,2,1313.9184,2700,3,4,6
2009,6,5,2,1314.5164,3300,3,5,10
2010,20,20,2,1315.4687,1600,3,10,20
2011,16,8,2,1316.1329,2400,4,10,20
2012,8,7,2,1316.1797,3700,6,6,12
2013,17,8,2,1316.9737,5000,3,10,20
2014,17,18,2,1317.0829,1600,5,10,20
2015,17,13,2,1317.0846,4600,3,10,20
2016,3,8,2,1318.3663,1600,5,4,6
2017,5,10,2,1318.9989,2400,5,5,9
2018,13,12,2,1319.11,2900,7,9,18
2019,19,14,2,1319.3872,3900,4,10,20
2020,6,8,2,1322.5638,2800,4,5,10
2021,14,7,2,1322.9744,4100,6,9,19
2022,7,15,2,1324.8541,2900,4,6,11
2023,19,8,2,1325.3612,1300,3,10,20
2024,12,11,2,1325.4479,2800,4,8,17
2025,13,7,2,1325.6683,3800,6,9,18
2026,18,16,2,1326.1275,2800,7,10,20
2027,5,16,2,1326.7414,1700,7,5,9
2028,10,16,2,1327.6143,3700,4,7,14
2029,14,9,2,1330.3068,3800,7,9,19
2030,9,5,2,1330.8795,4300,4,7,13
2031,17,8,2,1330.9195,4000,5,10,20
2032,13,16,2,1332.8424,3300,3,9,18
2033,13,7,2,1333.7106,1600,5,9,18
2034,3,15,2,1333.8049,3100,3,4,6
2035,8,8,2,1333.8886,3600,5,6,12
2036,11,5,2,1334.0768,3500,7,8,15
2037,3,17,2,1335.0219,3700,3,4,6
2038,6,5,2,1335.3878,2000,4,5,10
2039,8,9,2,1336.6289,4800,3,6,12
2040,7,12,2,1336.9814,4600,4,6,11
2041,5,12,2,1337.2266,4900,5,5,9
2042,3,8,2,1338.222,1300,5,4,6
2043,12,6,2,1338.3902,3900,5,8,17
2044,15,7,2,1338.6898,4000,6,10,20
2045,17,8,2,1339.4149,3300,6,10,20
2046,12,6,2,1340.8454,1500,3,8,17
2047,5,6,2,1341.8668,4500,6,5,9
2048,5,6,2,1342.4189,4200,5,5,9
2049,9,20,2,1342.6699,2600,5,7,13
2050,5,6,2,1344.1607,1000,5,5,9
2051,7,12,2,1344.5101,2900,5,6,11
2052,4,14,2,1345.8808,4400,7,4,8
2053,15,17,2,1346.1261,1200,5,10,20
2054,20,9,2,1346.6621,2200,3,10,20
2055,6,5,2,1347.2116,4000,6,5,10
2056,9,8,2,1347.634,4700,5,7,13
2057,12,12,2,1347.6868,1500,7,8,17
2058,13,18,2,1348.4266,2400,3,9,18
2059,12,19,2,1349.6352,2600,6,8,17
2060,16,6,2,1350.6882,1900,5,10,20
2061,12,14,2,1351.5524,4900,6,8,17
2062,19,16,2,1351.5567,3600,4,10,20
2063,8,15,2,1352.5919,1700,5,6,12
2064,17,5,2,1352.7664,1900,6,10,20
2065,10,18,2,1354.4488,2300,7,7,14
2066,12,14,2,1355.7138,3300,4,8,17
2067,20,7,2,1356.8074,4300,5,10,20
2068,15,10,2,1357.3447,4500,6,10,20
2069,10,15,2,1357.8964,2000,4,7,14
2070,8,6,2,1360.5634,1500,5,6,12
2071,7,19,2,1361.0833,4400,7,6,11
2072,9,15,2,1361.1719,4500,7,7,13
2073,11,20,2,1361.2223,3700,3,8,15
2074,15,6,2,1361.3496,1600,5,10,20
2075,16,11,2,1361.374,4300,7,10,20
2076,9,19,2,1361.5212,1900,5,7,13
2077,7,18,2,1361.6026,2100,6,6,11
2078,16,5,2,1362.0534,2800,3,10,20
2079,18,6,2,1362.4937,2300,4,10,20
2080,5,17,2,1363.8004,4100,7,5,9
2081,20,11,2,1363.9891,2600,6,10,20
2082,11,8,2,1364.1045,4500,3,8,15
2083,20,14,2,1365.014,5000,6,10,20
2084,14,19,2,1365.542,4600,7,9,19
2085,19,20,2,1366.3073,1400,4,10,20
2086,9,19,2,1366.3824,3300,7,7,13
2087,5,15,2,1368.4176,2200,6,5,9
2088,12,6,2,1369.9124,2800,7,8,17
2089,11,5,2,1370.0329,3500,5,8,15
2090,10,10,2,1370.1573,3000,5,7,14
2091,10,8,2,1371.3114,1400,7,7,14
2092,8,14,2,1371.3343,1500,4,6,12
2093,10,10,2,1371.6877,4100,7,7,14
2094,11,11,2,1372.4738,4300,4,8,15
2095,16,7,2,1372.9715,3600,3,10,20
2096,19,8,2,1373.2088,2700,5,10,20
2097,4,17,2,1373.749,1800,5,4,8
2098,13,20,2,1374.3585,5000,4,9,18
2099,13,11,2,1374.4198,4200,3,9,18
2100,10,15,2,1375.052,3600,6,7,14
2101,4,5,2,1375.3214,4300,7,4,8
2102,8,16,2,1375.4154,4100,4,6,12
2103,3,17,2,1376.7247,2100,4,4,6
2104,15,19,2,1376.8259,1400,4,10,20
2105,17,17,2,1376.9725,2200,7,10,20
2106,5,5,2,1377.799,3600,4,5,9
2107,18,14,2,1378.6718,3400,3,10,20
2108,17,12,2,1380.4229,1800,4,10,20
2109,16,11,2,1380.5872,3300,3,10,20
2110,12,15,2,1380.9631,1400,6,8,17
2111,16,12,2,1381.6663,2200,4,10,20
2112,20,17,2,1381.883,3100,5,10,20
2113,8,15,2,1382.373,2700,4,6,12
2114,5,18,2,1382.7481,3900,7,5,9
2115,5,16,2,1383.4436,3900,3,5,9
2116,16,10,2,1383.6295,3200,7,10,20
2117,6,17,2,1384.2148,3400,6,5,10
2118,8,14,2,1384.9158,1200,6,6,12
2119,4,12,2,1385.0062,1000,5,4,8
2120,20,7,2,1385.0282,1300,6,10,20
2121,13,11,2,1385.3917,2900,4,9,18
2122,18,17,2,1385.438,4000,4,10,20
2123,14,15,2,1385.4574,4800,3,9,19
2124,12,9,2,1385.6979,1400,7,8,17
2125,10,19,2,1386.0444,1600,4,7,14
2126,11,9,2,1386.4317,1600,4,8,15
2127,5,15,2,1388.3055,3600,5,5,9
2128,10,11,2,1389.0651,1500,7,7,14
2129,19,16,2,1389.4107,4800,5,10,20
2130,7,8,2,1389.4753,2500,5,6,11
2131,16,12,2,1390.1127,3200,4,10,20
2132,9,19,2,1392.5155,1900,5,7,13
2133,14,8,2,1392.7734,2000,6,9,19
2134,13,5,2,1394.4747,1100,4,9,18
2135,9,19,2,1394.7626,3500,5,7,13
2136,7,16,2,1395.7005,3900,4,6,11
2137,14,18,2,1395.9808,4300,3,9,19
2138,6,6,2,1395.9981,3500,4,5,10
2139,20,16,2,1396.3079,3200,7,10,20
2140,6,9,2,1396.7004,2500,6,5,10
2141,9,15,2,1397.7717,1500,7,7,13
2142,12,12,2,1397.8667,2100,3,8,17
2143,7,18,2,1397.9933,1700,6,6,11
2144,8,16,2,1398.1323,2200,7,6,12
2145,13,10,2,1398.8928,3300,7,9,18
2146,6,13,2,1399.8604,1500,4,5,10
2147,8,20,2,1401.6223,4200,4,6,12
2148,16,9,2,1401.7223,2600,4,10,20
2149,10,20,2,1402.3225,2400,5,7,14
2150,6,17,2,1402.3687,4200,5,5,10
2151,9,18,2,1402.9067,1600,3,7,13
2152,8,6,2,1405.5797,4700,4,6,12
2153,5,13,2,1407.1158,4600,4,5,9
2154,9,12,2,1407.381,4900,6,7,13
2155,6,12,2,1407.7488,4100,4,5,10
2156,5,12,2,1409.878,4300,7,5,9
2157,3,11,2,1410.2872,2200,7,4,6
2158,19,16,2,1410.5224,4700,5,10,20
2159,13,18,2,1410.5386,1300,5,9,18
2160,12,15,2,1410.6413,3200,6,8,17
2161,19,9,2,1410.7094,2500,7,10,20
2162,9,13,2,1412.2343,3300,4,7,13
2163,19,10,2,1412.915,1800,7,10,20
2164,3,11,2,1415.3161,2700,6,4,6
2165,19,5,2,1416.5886,1700,6,10,20
2166,12,10,2,1416.7009,1700,7,8,17
2167,19,20,2,1417.2868,1700,3,10,20
2168,9,16,2,1419.1284,3800,6,7,13
2169,8,18,2,1419.498,3000,4,6,12
2170,20,16,2,1419.7057,2900,7,10,20
2171,5,16,2,1420.4293,3200,6,5,9
2172,5,12,2,1421.0535,4500,4,5,9
2173,19,18,2,1421.3478,1700,5,10,20
2174,11,20,2,1421.6173,3500,6,8,15
2175,15,6,2,1422.1701,1400,4,10,20
2176,8,12,2,1422.6658,2600,6,6,12
2177,20,13,2,1423.6343,4200,7,10,20
2178,10,6,2,1424.0928,4700,7,7,14
2179,14,19,2,1424.3122,4500,5,9,19
2180,18,18,2,1424.3872,3800,3,10,20
2181,12,7,2,1424.7694,1100,6,8,17
2182,8,14,2,1426.2798,2800,4,6,12
2183,3,16,2,1426.8341,4300,4,4,6
2184,15,16,2,1428.4727,4700,3,10,20
2185,11,18,2,1428.6278,2900,6,8,15
2186,3,9,2,1430.5162,1600,3,4,6
2187,17,10,2,1431.1838,1300,3,10,20
2188,12,7,2,1431.1953,1300,6,8,17
2189,11,15,2,1431.5485,2700,5,8,15
2190,14,10,2,1432.0905,1900,3,9,19
2191,3,15,2,1432.488,4700,5,4,6
2192,15,19,2,1432.6582,3000,7,10,20
2193,18,14,2,1434.5263,3400,4,10,20
2194,4,16,2,1434.6182,3900,6,4,8
2195,17,14,2,1434.8506,3800,4,10,20
2196,12,17,2,1435.5125,4100,3,8,17
2197,6,19,2,1435.5926,4900,5,5,10
2198,11,8,2,1436.9459,4500,6,8,15
2199,9,11,2,1437.2569,3200,3,7,13
2200,3,20,2,1437.3637,4000,5,4,6
2201,3,6,2,1437.4298,3400,4,4,6
2202,17,14,2,1437.7359,2500,6,10,20
2203,10,13,2,1438.2897,1400,6,7,14
2204,10,12,2,1438.8727,1400,4,7,14
2205,4,11,2,1439.2944,3900,6,4,8
2206,19,8,2,1439.5414,2000,7,10,20
2207,6,11,2,1440.5152,1700,6,5,10
2208,17,20,2,1440.6389,3500,5,10,20
2209,15,10,2,1441.7979,4700,7,10,20
2210,3,14,2,1442.4437,3300,4,4,6
2211,12,11,2,1443.9587,2400,7,8,17
2212,7,11,2,1444.6822,2300,5,6,11
2213,17,10,2,1445.3584,3200,5,10,20
2214,13,5,2,1445.6236,4000,4,9,18
2215,10,12,2,1446.2385,3700,7,7,14
2216,7,20,2,1446.522,1800,5,6,11
2217,19,17,2,1447.0712,4500,3,10,20
2218,20,7,2,1447.2036,4100,3,10,20
2219,12,9,2,1447.3602,4400,3,8,17
2220,3,12,2,1447.7075,3000,5,4,6
2221,15,8,2,1449.5862,4600,4,10,20
2222,10,15,2,1449.8969,2200,5,7,14
2223,17,16,2,1450.583,3500,6,10,20
2224,19,10,2,1450.8687,1300,3,10,20
2225,15,18,2,1451.13,2500,4,10,20
2226,14,17,2,1451.1753,2000,7,9,19
2227,11,15,2,1451.8725,1700,3,8,15
2228,15,12,2,1452.9526,1100,7,10,20
2229,5,7,2,1453.5021,4000,5,5,9
2230,19,11,2,1453.817,2300,6,10,20
2231,7,16,2,1454.8436,2700,4,6,11
2232,19,15,2,1455.1925,3000,3,10,20
2233,11,13,2,1455.789,3400,6,8,15
2234,7,9,2,1456.3448,3100,7,6,11
2235,3,14,2,1457.043,2700,5,4,6
2236,15,16,2,1457.1756,2400,3,10,20
2237,4,16,2,1458.7266,4500,6,4,8
2238,20,15,2,1458.8879,1400,3,10,20
2239,5,18,2,1459.1391,2700,5,5,9
2240,4,14,2,1459.9737,2700,7,4,8
2241,13,14,2,1460.5315,4300,7,9,18
2242,17,20,2,1462.1789,1100,6,10,20
2243,18,12,2,1462.4294,4500,5,10,20
2244,16,18,2,1462.9485,3400,5,10,20
2245,4,7,2,1463.1971,1500,3,4,8
2246,14,11,2,1463.5921,4800,6,9,19
2247,12,10,2,1463.8512,2100,6,8,17
2248,7,5,2,1464.8555,4200,4,6,11
2249,6,8,2,1465.2569,4200,7,5,10
2250,10,10,2,1465.9936,2700,7,7,14
2251,17,16,2,1466.6197,4000,7,10,20
2252,10,6,2,1466.8383,3100,6,7,14
2253,15,20,2,1467.0149,2500,6,10,20
2254,14,14,2,1467.0378,3700,7,9,19
2255,17,18,2,1469.6777,1900,4,10,20
2256,19,8,2,1470.1622,2300,7,10,20
2257,6,5,2,1470.4611,2100,7,5,10
2258,4,8,2,1470.4619,4500,7,4,8
2259,10,14,2,1471.0848,4200,7,7,14
2260,18,5,2,1472.048,3600,3,10,20
2261,16,17,2,1472.1648,4500,6,10,20
2262,17,20,2,1473.3642,5000,3,10,20
2263,20,14,2,1473.5457,1600,4,10,20
2264,13,11,2,1473.6412,4800,3,9,18
2265,15,8,2,1473.6645,2300,7,10,20
2266,11,12,2,1474.0043,4500,6,8,15
2267,11,19,2,1475.2374,3100,4,8,15
2268,6,14,2,1476.0896,2500,7,5,10
2269,17,7,2,1477.4613,5000,5,10,20
2270,4,5,2,1477.7306,3800,4,4,8
2271,4,19,2,1477.8453,1600,5,4,8
2272,18,16,2,1478.4619,3600,6,10,20
2273,18,12,2,1478.8344,3800,6,10,20
2274,5,12,2,1479.2385,4900,7,5,9
2275,14,6,2,1479.7782,5000,3,9,19
2276,13,15,2,1481.3883,2000,3,9,18
2277,16,10,2,1481.7452,5000,3,10,20
2278,4,8,2,1482.4729,3800,7,4,8
2279,18,19,2,1483.3555,3100,5,10,20
2280,8,10,2,1483.5527,4400,3,6,12
2281,16,18,2,1484.2821,4200,6,10,20
2282,14,17,2,1485.4825,2200,5,9,19
2283,14,17,2,1485.9282,3600,5,9,19
2284,4,5,2,1486.056,3200,6,4,8
2285,11,11,2,1486.0704,1700,3,8,15
2286,3,14,2,1486.883,4500,6,4,6
2287,4,13,2,1487.384,2700,4,4,8
2288,6,10,2,1487.7804,4200,3,5,10
2289,18,7,2,1489.7717,1700,3,10,20
2290,3,19,2,1489.9801,1200,6,4,6
2291,10,7,2,1491.7358,3600,3,7,14
2292,5,6,2,1492.0767,3400,6,5,9
2293,4,11,2,1493.6383,1800,6,4,8
2294,6,5,2,1493.6548,3100,3,5,10
2295,9,6,2,1494.1917,4600,5,7,13
2296,19,6,2,1494.5114,4500,3,10,20
2297,10,11,2,1494.792,3100,5,7,14
2298,8,12,2,1495.0212,4900,6,6,12
2299,13,9,2,1495.4462,3800,3,9,18
2300,9,5,2,1495.995,2000,5,7,13
2301,8,14,2,1496.8909,2400,3,6,12
2302,13,12,2,1497.3023,3900,7,9,18
2303,19,6,2,1498.7886,3700,5,10,20
2304,6,17,2,1500.0332,1400,4,5,10
2305,3,7,2,1500.1185,4800,7,4,6
2306,20,20,2,1500.2236,2900,4,10,20
2307,11,20,2,1501.0413,3800,4,8,15
2308,14,17,2,1501.1077,3700,3,9,19
2309,6,18,2,1501.1378,3400,3,5,10
2310,17,17,2,1501.8561,2000,3,10,20
2311,14,6,2,1503.0643,2100,6,9,19
2312,17,20,2,1503.4357,2800,7,10,20
2313,3,14,2,1505.8387,1500,5,4,6
2314,17,17,2,1505.8573,2300,4,10,20
2315,7,18,2,1507.3855,3300,7,6,11
2316,9,12,2,1507.5985,3500,4,7,13
2317,14,7,2,1508.4544,1200,4,9,19
2318,16,11,2,1508.7159,2600,4,10,20
2319,15,8,2,1509.1508,2300,6,10,20
2320,7,19,2,1509.3719,5000,6,6,11
2321,11,6,2,1510.3524,1100,4,8,15
2322,10,7,2,1510.7073,1700,4,7,14
2323,17,15,2,1511.7266,1300,3,10,20
2324,10,18,2,1512.0828,2900,3,7,14
2325,9,6,2,1513.7989,5000,7,7,13
2326,17,6,2,1514.8726,3100,5,10,20
2327,17,6,2,1515.8031,2600,4,10,20
2328,15,10,2,1516.6101,2300,5,10,20
2329,4,15,2,1516.7945,1900,6,4,8
2330,3,15,2,1517.3342,3900,3,4,6
2331,20,5,2,1518.0503,1400,3,10,20
2332,12,13,2,1518.2498,2500,4,8,17
2333,3,8,2,1518.8843,3800,5,4,6
2334,14,13,2,1519.1435,3000,4,9,19
2335,6,14,2,1519.2459,3400,3,5,10
2336,17,16,2,1519.4975,1100,6,10,20
2337,10,14,2,1520.0856,3300,7,7,14
2338,14,8,2,1520.2065,2200,3,9,19
2339,20,8,2,1520.6943,3400,7,10,20
2340,5,15,2,1523.2291,4000,6,5,9
2341,10,8,2,1523.417,4000,6,7,14
2342,19,17,2,1523.8192,2400,3,10,20
2343,9,8,2,1524.2717,4600,3,7,13
2344,6,5,2,1525.0171,4000,3,5,10
2345,14,7,2,1526.1594,1400,6,9,19
2346,16,19,2,1526.2148,2800,6,10,20
2347,7,16,2,1528.3166,1300,5,6,11
2348,4,5,2,1529.6708,1400,4,4,8
2349,3,5,2,1529.8539,2600,5,4,6
2350,20,14,2,1530.871,2100,7,10,20
2351,12,10,2,1532.861,3100,3,8,17
2352,16,18,2,1533.4376,5000,4,10,20
2353,12,16,2,1533.5101,4900,5,8,17
2354,11,14,2,1533.674,4400,6,8,15
2355,6,7,2,1533.8061,4100,5,5,10
2356,16,10,2,1533.8073,1000,4,10,20
2357,18,20,2,1533.8568,4300,6,10,20
2358,17,13,2,1534.9215,3200,7,10,20
2359,6,15,2,1535.0628,3300,3,5,10
2360,14,17,2,1536.6483,2600,7,9,19
2361,7,20,2,1537.2641,3100,3,6,11
2362,20,18,2,1539.5935,3000,6,10,20
2363,13,7,2,1540.743,4000,3,9,18
2364,4,6,2,1541.4456,3700,3,4,8
2365,6,14,2,1542.9574,1700,3,5,10
2366,6,17,2,1542.9671,1500,7,5,10
2367,17,20,2,1543.1014,1800,6,10,20
2368,4,6,2,1543.3891,3800,3,4,8
2369,8,8,2,1544.07,1900,6,6,12
2370,13,5,2,1544.7817,2400,4,9,18
2371,14,13,2,1545.7922,1300,7,9,19
2372,20,17,2,1546.0239,4400,5,10,20
2373,6,14,2,1546.3333,2300,5,5,10
2374,16,10,2,1546.9772,4500,5,10,20
2375,18,16,2,1548.0205,1500,3,10,20
2376,6,18,2,1548.1459,1100,7,5,10
2377,19,6,2,1548.7113,4800,4,10,20
2378,20,8,2,1549.314,2200,3,10,20
2379,19,15,2,1549.7628,4000,4,10,20
2380,5,8,2,1549.9812,4700,3,5,9
2381,17,12,2,1551.0584,5000,5,10,20
2382,12,14,2,1551.2854,4600,7,8,17
2383,3,7,2,1552.0052,1100,3,4,6
2384,10,6,2,1552.8823,1400,6,7,14
2385,17,19,2,1553.7655,2400,6,10,20
2386,13,20,2,1554.8619,2200,5,9,18
2387,9,19,2,1554.9609,4800,5,7,13
2388,3,10,2,1555.4561,4500,7,4,6
2389,11,16,2,1555.7756,2100,4,8,15
2390,13,14,2,1555.7843,2600,7,9,18
2391,4,9,2,1556.6541,2500,7,4,8
2392,6,14,2,1557.1988,2200,6,5,10
2393,10,5,2,1559.1914,3900,3,7,14
2394,15,15,2,1559.9038,3700,7,10,20
2395,11,17,2,1560.7791,2000,6,8,15
2396,8,17,2,1561.2114,4100,4,6,12
2397,5,18,2,1561.3733,3400,7,5,9
2398,17,20,2,1561.7635,2200,5,10,20
2399,16,8,2,1563.209,1900,3,10,20
2400,17,9,2,1565.2383,3300,7,10,20
2401,12,9,2,1565.5581,4400,6,8,17
2402,20,12,2,1565.5612,4700,7,10,20
2403,18,12,2,1565.9097,1200,7,10,20
2404,17,5,2,1566.1748,2300,4,10,20
2405,20,20,2,1566.3008,3500,7,10,20
2406,20,8,2,1566.4859,4800,6,10,20
2407,17,13,2,1566.6707,1500,4,10,20
2408,13,6,2,1566.7605,3000,3,9,18
2409,5,19,2,1567.6529,3100,6,5,9
2410,4,10,2,1567.6633,4500,6,4,8
2411,15,20,2,1568.8479,2900,3,10,20
2412,17,17,2,1569.6569,4300,5,10,20
2413,8,9,2,1569.8895,4700,4,6,12
2414,5,11,2,1570.0646,2700,5,5,9
2415,18,20,2,1570.6528,2700,3,10,20
2416,12,17,2,1572.9666,4200,5,8,17
2417,15,10,2,1574.2105,2800,5,10,20
2418,10,6,2,1575.2287,3900,4,7,14
2419,3,12,2,1575.4805,1700,4,4,6
2420,8,20,2,1575.8538,3100,6,6,12
2421,19,10,2,1576.0726,4000,6,10,20
2422,19,10,2,1576.1611,2900,7,10,20
2423,7,18,2,1576.9946,1500,3,6,11
2424,12,12,2,1577.057,1200,7,8,17
2425,18,8,2,1577.3302,4600,7,10,20
2426,12,5,2,1577.732,1100,6,8,17
2427,8,10,2,1577.9646,1400,4,6,12
2428,19,13,2,1578.4757,2900,4,10,20
2429,18,5,2,1580.3696,1000,5,10,20
2430,17,8,2,1580.7149,4900,3,10,20
2431,10,10,2,1580.8016,2100,6,7,14
2432,3,5,2,1581.3026,3000,4,4,6
2433,19,14,2,1581.956,1600,5,10,20
2434,15,7,2,1583.1703,4600,3,10,20
2435,8,7,2,1583.3836,5000,6,6,12
2436,12,5,2,1583.4351,4800,3,8,17
2437,18,11,2,1583.5128,2300,4,10,20
2438,9,19,2,1583.9063,3500,3,7,13
2439,3,17,2,1584.7481,3700,6,4,6
2440,4,20,2,1584.956,1800,3,4,8
2441,3,9,2,1586.2214,2300,6,4,6
2442,13,14,2,1587.3139,2400,3,9,18
2443,11,19,2,1587.8045,2400,6,8,15
2444,20,6,2,1588.3003,2600,7,10,20
2445,7,6,2,1588.3807,4200,3,6,11
2446,18,12,2,1589.2685,3600,7,10,20
2447,5,16,2,1590.0916,3400,5,5,9
2448,12,16,2,1591.1153,2200,4,8,17
2449,17,15,2,1591.2198,1500,7,10,20
2450,8,15,2,1591.2461,4900,4,6,12
2451,20,5,2,1591.909,1200,7,10,20
2452,20,11,2,1592.0629,3600,6,10,20
2453,6,9,2,1592.7888,1000,3,5,10
2454,9,5,2,1593.2227,1000,4,7,13
2455,12,19,2,1593.845,2100,5,8,17
2456,14,12,2,1594.6513,4300,3,9,19
2457,4,8,2,1596.744,2700,3,4,8
2458,5,8,2,1596.9567,4900,4,5,9
2459,14,13,2,1597.0695,1000,7,9,19
2460,3,12,2,1597.4021,4000,3,4,6
2461,11,9,2,1597.4652,3100,6,8,15
2462,9,19,2,1598.2817,2500,6,7,13
2463,6,16,2,1599.1451,3900,3,5,10
2464,5,19,2,1600.6846,4300,4,5,9
2465,6,19,2,1600.8656,2700,6,5,10
2466,3,14,2,1601.1981,2300,5,4,6
2467,12,6,2,1602.1597,4700,3,8,17
2468,17,20,2,1602.429,3800,5,10,20
2469,17,14,2,1602.5168,3800,5,10,20
2470,14,16,2,1603.4389,2500,3,9,19
2471,5,14,2,1604.6916,4100,7,5,9
2472,8,10,2,1605.8663,3400,5,6,12
2473,17,7,2,1605.9755,2800,7,10,20
2474,13,9,2,1606.0583,3400,7,9,18
2475,5,10,2,1607.7989,1800,7,5,9
2476,15,8,2,1608.3334,2500,7,10,20
2477,20,16,2,1608.8036,2200,4,10,20
2478,16,12,2,1609.474,4000,4,10,20
2479,3,19,2,1610.8116,3900,6,4,6
2480,15,18,2,1611.1152,2700,3,10,20
2481,7,11,2,1611.4537,3600,5,6,11
2482,11,6,2,1612.2983,1600,3,8,15
2483,14,10,2,1612.6279,2900,4,9,19
2484,8,20,2,1613.2004,4600,4,6,12
2485,8,17,2,1613.5574,3600,3,6,12
2486,9,11,2,1615.6453,2800,6,7,13
2487,9,8,2,1615.6952,4600,7,7,13
2488,3,9,2,1615.7853,3000,7,4,6
2489,17,15,2,1617.1992,2400,7,10,20
2490,17,5,2,1618.619,4900,6,10,20
2491,10,12,2,1619.2702,4900,7,7,14
2492,4,10,2,1620.7507,2500,3,4,8
2493,15,11,2,1621.3169,5000,7,10,20
2494,15,10,2,1621.3841,4700,6,10,20
2495,3,10,2,1622.1116,4300,7,4,6
2496,12,16,2,1622.3297,4200,4,8,17
2497,18,12,2,1622.7084,4300,4,10,20
2498,15,12,2,1622.9434,3900,6,10,20
2499,12,14,2,1623.151,2100,6,8,17
2500,17,12,2,1623.376,3400,4,10,20
2501,13,9,2,1625.5019,1900,5,9,18
2502,20,13,2,1626.1419,2400,4,10,20
2503,16,15,2,1626.4353,3000,5,10,20
2504,12,18,2,1627.2003,3100,3,8,17
2505,8,19,2,1627.6389,4200,4,6,12
2506,11,19,2,1628.1137,4500,4,8,15
2507,17,19,2,1628.7216,1900,7,10,20
2508,16,13,2,1629.041,2200,7,10,20
2509,3,12,2,1629.2293,4100,6,4,6
2510,11,8,2,1630.0278,4800,7,8,15
2511,19,17,2,1630.1586,1500,4,10,20
2512,18,15,2,1630.607,2300,3,10,20
2513,18,14,2,1630.7489,3200,5,10,20
2514,12,15,2,1631.4123,4200,7,8,17
2515,16,19,2,1631.58,4000,7,10,20
2516,11,13,2,1631.9137,3800,6,8,15
2517,4,16,2,1633.3959,4200,6,4,8
2518,14,16,2,1633.4997,3800,7,9,19
2519,7,5,2,1634.589,1500,4,6,11
2520,13,13,2,1634.6096,1000,6,9,18
2521,3,19,2,1634.9099,1200,3,4,6
2522,12,19,2,1639.2091,2900,6,8,17
2523,5,11,2,1639.5638,5000,3,5,9
2524,10,15,2,1639.6133,1500,4,7,14
2525,4,12,2,1640.096,2600,4,4,8
2526,18,12,2,1640.6256,4300,6,10,20
2527,10,19,2,1641.7552,1300,5,7,14
2528,10,10,2,1641.9167,1500,7,7,14
2529,10,9,2,1641.9959,1300,6,7,14
2530,3,5,2,1642.2573,1300,4,4,6
2531,7,5,2,1642.5305,2800,7,6,11
2532,11,12,2,1643.0868,4200,6,8,15
2533,16,13,2,1643.2482,3900,3,10,20
2534,5,11,2,1643.303,2300,5,5,9
2535,19,13,2,1644.3138,2500,4,10,20
2536,6,16,2,1644.6413,2000,6,5,10
2537,18,13,2,1645.7237,1300,6,10,20
2538,18,16,2,1647.106,2700,4,10,20
2539,14,7,2,1647.1501,1400,7,9,19
2540,6,7,2,1647.5875,2700,5,5,10
2541,6,19,2,1648.6647,1400,3,5,10
2542,12,17,2,1648.8067,3200,5,8,17
2543,9,6,2,1649.0479,3500,3,7,13
2544,15,10,2,1652.3907,4200,7,10,20
2545,7,11,2,1653.2273,4500,6,6,11
2546,4,6,2,1654.0095,4600,4,4,8
2547,13,20,2,1655.2057,3700,3,9,18
2548,16,5,2,1655.7223,4600,7,10,20
2549,4,19,2,1655.9254,4000,3,4,8
2550,18,20,2,1656.0226,1400,4,10,20
2551,5,15,2,1656.2852,2100,6,5,9
2552,4,15,2,1656.4487,2400,7,4,8
2553,3,20,2,1657.4236,4400,5,4,6
2554,9,16,2,1657.5937,2600,5,7,13
2555,9,19,2,1659.7365,1800,4,7,13
2556,6,13,2,1662.507,2000,7,5,10
2557,14,16,2,1663.1482,3700,7,9,19
2558,12,19,2,1663.4575,3300,5,8,17
2559,4,6,2,1663.6518,4900,3,4,8
2560,13,11,2,1663.6805,2900,3,9,18
2561,4,8,2,1663.6862,2900,6,4,8
2562,5,19,2,1664.1309,4300,5,5,9
2563,13,12,2,1664.2419,3700,7,9,18
2564,17,11,2,1664.4144,3300,7,10,20
2565,19,12,2,1664.6009,4400,3,10,20
2566,12,20,2,1664.785,2300,5,8,17
2567,7,9,2,1665.0847,3200,7,6,11
2568,4,10,2,1665.5431,4400,6,4,8
2569,3,15,2,1665.8843,4800,3,4,6
2570,10,18,2,1666.384,4100,4,7,14
2571,8,17,2,1666.6646,4500,7,6,12
2572,15,19,2,1667.8049,3900,5,10,20
2573,15,20,2,1668.0663,1700,5,10,20
2574,3,13,2,1668.11,4000,7,4,6
2575,9,11,2,1668.6145,1400,7,7,13
2576,7,15,2,1669.0625,4100,3,6,11
2577,3,15,2,1669.7793,4400,7,4,6
2578,3,9,2,1670.2516,3800,6,4,6
2579,3,18,2,1670.3483,4300,4,4,6
2580,10,16,2,1671.2404,2200,3,7,14
2581,20,16,2,1671.66,1600,7,10,20
2582,3,9,2,1672.6916,2500,3,4,6
2583,13,17,2,1673.8306,3100,7,9,18
2584,4,8,2,1674.7981,4300,5,4,8
2585,14,13,2,1674.8288,1900,5,9,19
2586,15,9,2,1675.5564,3900,5,10,20
2587,3,18,2,1676.3987,1900,7,4,6
2588,3,13,2,1676.6045,3800,3,4,6
2589,19,20,2,1677.0658,3100,3,10,20
2590,4,7,2,1677.9699,3400,5,4,8
2591,18,19,2,1679.1309,2100,6,10,20
2592,17,16,2,1679.6806,1000,3,10,20
2593,13,19,2,1680.5277,1700,3,9,18
2594,20,10,2,1680.5642,1500,7,10,20
2595,6,5,2,1681.0006,3100,7,5,10
2596,20,15,2,1681.0259,1200,3,10,20
2597,18,10,2,1681.3105,4100,4,10,20
2598,13,5,2,1681.9925,4400,5,9,18
2599,20,9,2,1682.1572,4700,6,10,20
2600,8,5,2,1682.7825,4600,3,6,12
2601,5,9,2,1683.4203,2400,6,5,9
2602,10,14,2,1685.2267,3600,7,7,14
2603,12,5,2,1685.6931,1100,6,8,17
2604,14,15,2,1688.8844,4900,5,9,19
2605,20,18,2,1689.1987,4000,7,10,20
2606,14,8,2,1689.2094,4000,4,9,19
2607,16,13,2,1690.1373,2700,3,10,20
2608,17,16,2,1690.6794,2500,5,10,20
2609,6,20,2,1690.7772,1900,4,5,10
2610,10,20,2,1691.2136,1400,3,7,14
2611,11,6,2,1692.0775,3900,3,8,15
2612,6,16,2,1692.3988,3400,7,5,10
2613,8,11,2,1692.7846,3600,7,6,12
2614,16,16,2,1693.2028,4300,7,10,20
2615,6,7,2,1693.3375,3200,4,5,10
2616,13,9,2,1694.3492,2600,3,9,18
2617,10,7,2,1694.9298,4800,3,7,14
2618,5,6,2,1695.4043,3400,7,5,9
2619,14,13,2,1696.1497,2900,4,9,19
2620,10,15,2,1696.792,1100,4,7,14
2621,16,7,2,1698.4049,1400,6,10,20
2622,12,10,2,1699.4248,4800,3,8,17
2623,13,6,2,1700.076,4500,7,9,18
2624,17,12,2,1700.9689,2100,3,10,20
2625,15,11,2,1701.0326,4100,5,10,20
2626,5,13,2,1702.8163,2600,4,5,9
2627,14,18,2,1703.1918,3500,5,9,19
2628,13,9,2,1703.8172,2100,7,9,18
2629,15,15,2,1703.9678,4200,7,10,20
2630,17,11,2,1704.3187,2600,3,10,20
2631,17,9,2,1704.4339,2400,3,10,20
2632,15,18,2,1705.1837,4400,6,10,20
2633,14,10,2,1707.3751,3300,7,9,19
2634,15,8,2,1707.5773,1500,3,10,20
2635,15,11,2,1707.5904,3300,7,10,20
2636,19,11,2,1707.7293,1800,6,10,20
2637,10,20,2,1709.1962,3800,5,7,14
2638,17,7,2,1709.3635,1000,7,10,20
2639,14,13,2,1710.7378,2600,7,9,19
2640,19,11,2,1710.7636,4100,4,10,20
2641,16,12,2,1711.3751,5000,4,10,20
2642,3,9,2,1711.8816,4700,6,4,6
2643,16,15,2,1712.2989,3600,5,10,20
2644,13,7,2,1713.2713,1700,4,9,18
2645,17,19,2,1714.1251,1100,3,10,20
2646,19,9,2,1714.3395,1500,5,10,20
2647,6,18,2,1714.7009,1600,5,5,10
2648,10,9,2,1714.9907,3700,6,7,14
2649,15,8,2,1715.5108,1900,7,10,20
2650,7,19,2,1715.6178,3800,5,6,11
2651,7,13,2,1716.1222,3900,4,6,11
2652,13,13,2,1716.3465,4300,5,9,18
2653,16,19,2,1717.0581,3500,3,10,20
2654,16,9,2,1717.7596,2000,6,10,20
2655,17,5,2,1718.2384,3300,7,10,20
2656,19,12,2,1718.8116,3100,4,10,20
2657,4,5,2,1720.2131,1000,7,4,8
2658,16,18,2,1721.0059,2300,5,10,20
2659,13,18,2,1722.6409,4500,6,9,18
2660,6,14,2,1722.7814,5000,4,5,10
2661,4,8,2,1723.2968,2100,3,4,8
2662,10,9,2,1723.5299,3400,5,7,14
2663,8,5,2,1724.2243,2100,3,6,12
2664,17,20,2,1725.3798,3900,7,10,20
2665,6,18,2,1725.393,2700,3,5,10
2666,17,13,2,1725.4021,1900,7,10,20
2667,11,13,2,1725.5155,3200,7,8,15
2668,16,17,2,1726.6876,4900,6,10,20
2669,6,14,2,1727.7161,3700,3,5,10
2670,14,12,2,1728.1307,1500,3,9,19
2671,12,10,2,1728.2366,3200,6,8,17
2672,7,14,2,1728.7419,1200,6,6,11
2673,15,17,2,1729.6596,3800,3,10,20
2674,18,5,2,1730.2175,1600,4,10,20
2675,12,16,2,1730.4426,2600,6,8,17
2676,10,6,2,1730.4515,2200,7,7,14
2677,20,20,2,1730.8917,1100,3,10,20
2678,18,20,2,1732.3181,3200,4,10,20
2679,7,16,2,1732.4928,2800,3,6,11
2680,6,14,2,1732.5779,4400,6,5,10
2681,20,12,2,1732.8196,1400,7,10,20
2682,12,18,2,1732.9099,4000,3,8,17
2683,11,18,2,1733.7391,4200,3,8,15
2684,3,16,2,1733.8153,4100,3,4,6
2685,5,11,2,1733.9001,2700,5,5,9
2686,13,10,2,1734.2128,4700,7,9,18
2687,10,13,2,1734.5258,2100,5,7,14
2688,10,20,2,1734.5401,2400,5,7,14
2689,17,18,2,1734.6569,2900,7,10,20
2690,8,9,2,1735.6563,3100,7,6,12
2691,8,20,2,1736.4882,2700,3,6,12
2692,9,7,2,1736.8375,2400,5,7,13
2693,11,9,2,1737.7726,3900,4,8,15
2694,13,15,2,1740.0671,1800,7,9,18
2695,11,15,2,1740.637,1000,5,8,15
2696,14,8,2,1740.8482,2300,4,9,19
2697,7,10,2,1741.1063,1500,3,6,11
2698,11,20,2,1741.3701,3200,3,8,15
2699,9,17,2,1741.8195,3600,6,7,13
2700,20,5,2,1742.2761,3700,4,10,20
2701,13,11,2,1743.0525,2100,5,9,18
2702,5,8,2,1745.1635,2800,7,5,9
2703,5,20,2,1746.0004,2500,5,5,9
2704,10,5,2,1747.0696,3200,3,7,14
2705,17,10,2,1747.4217,2400,3,10,20
2706,12,15,2,1747.6523,4200,7,8,17
2707,16,6,2,1748.994,1400,7,10,20
2708,20,12,2,1749.101,2500,4,10,20
2709,16,9,2,1750.1076,2000,6,10,20
2710,3,13,2,1750.7123,2200,3,4,6
2711,6,5,2,1750.9642,4900,3,5,10
2712,4,16,2,1751.4983,1900,3,4,8
2713,8,9,2,1752.366,4000,3,6,12
2714,18,14,2,1752.7367,3700,6,10,20
2715,20,11,2,1753.2407,1800,6,10,20
2716,17,10,2,1754.2758,2500,7,10,20
2717,9,19,2,1754.7916,2600,4,7,13
2718,10,13,2,1755.1786,4200,3,7,14
2719,16,6,2,1755.4156,4800,4,10,20
2720,20,11,2,1757.2621,4600,7,10,20
2721,9,17,2,1758.2782,2500,4,7,13
2722,6,14,2,1758.77,1600,7,5,10
2723,11,9,2,1758.8402,4600,4,8,15
2724,15,18,2,1758.8756,1200,6,10,20
2725,16,17,2,1760.7433,2500,7,10,20
2726,7,19,2,1761.6974,4900,3,6,11
2727,3,15,2,1762.5654,5000,3,4,6
2728,4,18,2,1764.0461,2500,6,4,8
2729,7,16,2,1764.2516,1800,7,6,11
2730,17,6,2,1764.6156,2600,7,10,20
2731,19,14,2,1765.384,4000,7,10,20
2732,9,6,2,1766.3684,1700,5,7,13
2733,10,20,2,1766.4465,2200,3,7,14
2734,12,6,2,1766.5243,4500,5,8,17
2735,10,10,2,1767.7101,3000,6,7,14
2736,17,11,2,1768.3754,1600,3,10,20
2737,13,15,2,1769.6176,4100,3,9,18
2738,9,15,2,1770.2519,4800,6,7,13
2739,11,6,2,1770.7561,4600,6,8,15
2740,9,18,2,1771.082,2800,3,7,13
2741,8,9,2,1771.1191,2500,7,6,12
2742,17,14,2,1771.4703,4600,7,10,20
2743,14,11,2,1772.7251,3800,5,9,19
2744,16,9,2,1775.3954,2000,3,10,20
2745,9,7,2,1775.6627,3900,7,7,13
2746,15,10,2,1775.921,4600,5,10,20
2747,10,8,2,1777.011,4800,4,7,14
2748,12,11,2,1777.5739,4400,6,8,17
2749,14,12,2,1778.0952,1300,3,9,19
2750,19,11,2,1778.6107,5000,5,10,20
2751,3,6,2,1779.2187,4500,4,4,6
2752,9,19,2,1780.1036,4800,6,7,13
2753,18,5,2,1782.2954,1900,7,10,20
2754,9,13,2,1783.3075,4200,7,7,13
2755,3,12,2,1784.0446,2600,3,4,6
2756,9,12,2,1784.5054,1500,6,7,13
2757,8,14,2,1786.0012,1400,5,6,12
2758,15,17,2,1786.3159,3200,6,10,20
2759,17,19,2,1786.892,2600,6,10,20
2760,13,8,2,1787.1532,2000,7,9,18
2761,17,16,2,1787.2715,1600,3,10,20
2762,11,7,2,1788.0326,3200,6,8,15
2763,11,20,2,1788.0779,2000,6,8,15
2764,12,19,2,1789.4022,5000,7,8,17
2765,4,8,2,1790.2171,3400,3,4,8
2766,13,16,2,1790.3636,4500,7,9,18
2767,6,12,2,1790.9611,2400,7,5,10
2768,19,11,2,1791.1039,2300,4,10,20
2769,5,7,2,1793.2718,1800,3,5,9
2770,17,6,2,1794.242,3300,6,10,20
2771,14,15,2,1795.9859,1600,7,9,19
2772,12,7,2,1797.8963,4400,4,8,17
2773,15,7,2,1798.0615,4800,7,10,20
2774,13,14,2,1798.3811,5000,7,9,18
2775,18,12,2,1799.2683,2700,6,10,20
2776,18,17,2,1801.0899,2500,3,10,20
2777,10,5,2,1801.5438,2600,5,7,14
2778,17,12,2,1802.1857,4100,7,10,20
2779,7,15,2,1803.1755,3800,4,6,11
2780,5,17,2,1803.8418,3600,3,5,9
2781,4,20,2,1804.118,4500,7,4,8
2782,5,14,2,1804.6909,4900,3,5,9
2783,11,7,2,1806.443,3200,5,8,15
2784,16,15,2,1808.3761,4300,5,10,20
2785,16,11,2,1808.6845,2000,7,10,20
2786,8,13,2,1809.0194,1100,7,6,12
2787,8,18,2,1809.9142,1100,5,6,12
2788,9,13,2,1810.1015,3700,5,7,13
2789,4,18,2,1810.424,3900,3,4,8
2790,13,19,2,1810.6694,1900,6,9,18
2791,13,6,2,1811.9511,1100,5,9,18
2792,17,10,2,1812.4009,2500,5,10,20
2793,5,13,2,1813.1032,2300,4,5,9
2794,9,9,2,1814.0264,2300,4,7,13
2795,6,6,2,1814.3449,2700,7,5,10
2796,4,6,2,1814.9899,3000,6,4,8
2797,17,5,2,1816.1656,2700,4,10,20
2798,5,6,2,1817.6852,3600,4,5,9
2799,8,15,2,1817.8916,3400,6,6,12
2800,18,9,2,1818.2281,5000,6,10,20
2801,8,16,2,1819.7835,4700,7,6,12
2802,16,19,2,1820.3751,3500,5,10,20
2803,7,16,2,1820.4317,1400,4,6,11
2804,16,9,2,1820.7175,2700,5,10,20
2805,10,20,2,1821.3503,1600,4,7,14
2806,9,5,2,1821.4307,3300,7,7,13
2807,10,11,2,1822.5041,1100,5,7,14
2808,7,15,2,1823.566,2600,6,6,11
2809,20,12,2,1823.9859,1600,3,10,20
2810,18,9,2,1825.7481,4400,4,10,20
2811,14,17,2,1825.8564,1200,6,9,19
2812,16,14,2,1825.9303,4000,7,10,20
2813,12,10,2,1826.208,1600,7,8,17
2814,18,16,2,1827.246,2100,7,10,20
2815,16,17,2,1827.3218,3900,3,10,20
2816,17,17,2,1827.708,1500,4,10,20
2817,4,17,2,1827.9267,4700,7,4,8
2818,15,13,2,1828.4799,3600,6,10,20
2819,20,18,2,1828.8686,3500,7,10,20
2820,8,16,2,1829.4628,3400,5,6,12
2821,19,20,2,1830.6136,1700,6,10,20
2822,20,15,2,1831.8239,3800,7,10,20
2823,17,14,2,1832.0626,1900,4,10,20
2824,6,9,2,1833.8393,1400,3,5,10
2825,10,18,2,1833.915,4000,7,7,14
2826,16,20,2,1834.431,4400,3,10,20
2827,7,18,2,1835.6107,1300,5,6,11
2828,13,14,2,1836.1683,2400,3,9,18
2829,13,19,2,1836.7295,3200,3,9,18
2830,17,16,2,1836.7724,3200,5,10,20
2831,4,7,2,1837.0974,1800,7,4,8
2832,12,15,2,1837.8468,1000,5,8,17
2833,8,15,2,1837.9252,1000,4,6,12
2834,5,7,2,1838.5678,4100,3,5,9
2835,16,11,2,1839.31,3200,6,10,20
2836,4,14,2,1839.6201,2700,5,4,8
2837,8,19,2,1840.4263,2100,6,6,12
2838,17,8,2,1840.857,2500,6,10,20
2839,7,16,2,1841.8021,1300,6,6,11
2840,13,10,2,1842.4644,2900,6,9,18
2841,14,20,2,1843.0904,3800,6,9,19
2842,3,18,2,1843.1139,3300,6,4,6
2843,4,11,2,1843.2997,4300,6,4,8
2844,6,15,2,1844.6732,2800,6,5,10
2845,16,14,2,1844.8235,3700,4,10,20
2846,7,17,2,1844.8304,2300,5,6,11
2847,18,6,2,1846.7046,4600,6,10,20
2848,15,17,2,1848.2035,4000,7,10,20
2849,11,20,2,1848.8832,1800,7,8,15
2850,16,10,2,1850.4775,4600,5,10,20
2851,12,13,2,1851.9009,4000,4,8,17
2852,19,18,2,1852.9241,1000,4,10,20
2853,14,16,2,1853.1277,2400,6,9,19
2854,4,18,2,1853.2735,2000,5,4,8
2855,14,16,2,1854.7749,1000,6,9,19
2856,15,9,2,1855.3866,3000,6,10,20
2857,5,19,2,1856.2391,4600,4,5,9
2858,5,16,2,1856.9555,1400,6,5,9
2859,8,17,2,1857.5558,4900,6,6,12
2860,19,7,2,1858.5966,3400,7,10,20
2861,14,5,2,1858.8766,4600,5,9,19
2862,13,17,2,1859.0798,2400,7,9,18
2863,8,17,2,1859.4239,3100,4,6,12
2864,17,16,2,1860.1038,2700,4,10,20
2865,9,10,2,1860.1859,1600,6,7,13
2866,12,10,2,1860.5206,1100,5,8,17
2867,15,18,2,1863.2292,2700,4,10,20
2868,8,13,2,1863.4347,4900,6,6,12
2869,14,15,2,1863.6452,2100,6,9,19
2870,12,8,2,1864.7096,2300,5,8,17
2871,11,18,2,1865.6895,3500,6,8,15
2872,3,7,2,1867.2441,4400,4,4,6
2873,15,5,2,1867.6447,3100,6,10,20
2874,5,15,2,1868.6048,5000,5,5,9
2875,18,19,2,1869.2902,3300,5,10,20
2876,18,20,2,1869.4423,1800,7,10,20
2877,12,14,2,1869.7336,3500,6,8,17
2878,16,18,2,1870.5318,1200,3,10,20
2879,16,10,2,1870.6442,1400,6,10,20
2880,3,9,2,1870.6514,3300,7,4,6
2881,20,5,2,1873.7605,2100,5,10,20
2882,6,10,2,1873.7695,4300,3,5,10
2883,8,6,2,1873.8927,2400,5,6,12
2884,8,18,2,1875.0222,1200,5,6,12
2885,18,17,2,1875.2495,1500,4,10,20
2886,7,8,2,1875.703,4000,4,6,11
2887,16,19,2,1878.5964,2900,6,10,20
2888,13,8,2,1879.9465,1600,4,9,18
2889,9,19,2,1880.6089,1300,5,7,13
2890,16,8,2,1882.2293,4800,6,10,20
2891,16,10,2,1882.3292,4700,3,10,20
2892,10,10,2,1882.685,2300,7,7,14
2893,18,15,2,1883.406,4700,7,10,20
2894,12,16,2,1883.4651,1700,5,8,17
2895,6,14,2,1883.9815,3100,7,5,10
2896,19,14,2,1884.3504,1500,6,10,20
2897,12,19,2,1884.4877,2900,3,8,17
2898,9,9,2,1884.7522,2100,5,7,13
2899,8,13,2,1885.3674,2300,6,6,12
2900,15,15,2,1885.5337,2100,3,10,20
2901,3,15,2,1886.8232,3200,5,4,6
2902,8,17,2,1886.9208,3800,6,6,12
2903,19,18,2,1887.6263,1700,5,10,20
2904,15,13,2,1887.825,5000,6,10,20
2905,9,11,2,1888.1744,4700,4,7,13
2906,4,9,2,1888.9886,2300,4,4,8
2907,10,8,2,1889.2777,3800,5,7,14
2908,18,10,2,1889.4031,3000,6,10,20
2909,9,15,2,1890.5161,1600,5,7,13
2910,16,18,2,1891.1578,2800,3,10,20
2911,4,19,2,1892.9916,2700,5,4,8
2912,5,11,2,1894.1975,4600,6,5,9
2913,6,14,2,1894.4157,2300,4,5,10
2914,18,19,2,1894.4521,2200,7,10,20
2915,18,12,2,1894.9339,2800,4,10,20
2916,3,15,2,1895.5159,1800,7,4,6
2917,18,13,2,1896.0739,1800,3,10,20
2918,20,13,2,1896.6757,1900,5,10,20
2919,6,12,2,1896.9268,2400,5,5,10
2920,11,17,2,1899.1448,4400,6,8,15
2921,17,9,2,1899.879,1000,5,10,20
2922,4,18,2,1900.1417,1500,7,4,8
2923,5,20,2,1900.7349,4000,7,5,9
2924,10,8,2,1900.8161,4400,7,7,14
2925,17,19,2,1901.3597,2200,4,10,20
2926,19,8,2,1901.5312,1400,4,10,20
2927,20,18,2,1902.6767,1900,6,10,20
2928,12,12,2,1902.7478,2600,4,8,17
2929,8,13,2,1903.3272,1300,4,6,12
2930,16,10,2,1903.5325,4400,4,10,20
2931,16,5,2,1903.6091,1500,3,10,20
2932,3,15,2,1904.2297,3700,6,4,6
2933,6,16,2,1904.2461,1000,3,5,10
2934,16,6,2,1905.9305,1400,4,10,20
2935,12,17,2,1906.4427,2400,5,8,17
2936,8,12,2,1906.8418,4900,6,6,12
2937,20,17,2,1907.3517,5000,6,10,20
2938,20,19,2,1908.2493,4200,3,10,20
2939,6,7,2,1909.1519,3300,7,5,10
2940,12,8,2,1910.0865,2300,4,8,17
2941,19,20,2,1910.3041,1900,5,10,20
2942,4,8,2,1910.3629,2800,4,4,8
2943,9,11,2,1910.9844,1900,5,7,13
2944,13,18,2,1911.2917,1500,4,9,18
2945,9,7,2,1911.7097,3300,7,7,13
2946,15,16,2,1911.7187,3900,7,10,20
2947,17,19,2,1911.8849,1200,5,10,20
2948,11,20,2,1912.3384,1700,6,8,15
2949,19,14,2,1912.923,3600,3,10,20
2950,20,11,2,1914.0701,2300,4,10,20
2951,11,9,2,1914.2632,3400,5,8,15
2952,14,6,2,1915.1662,1600,3,9,19
2953,3,11,2,1915.171,3800,5,4,6
2954,16,7,2,1916.13,4900,7,10,20
2955,11,13,2,1916.8829,2300,3,8,15
2956,10,19,2,1918.0184,1000,7,7,14
2957,19,18,2,1918.3223,3800,7,10,20
2958,17,9,2,1918.3267,3300,5,10,20
2959,15,15,2,1918.4776,4700,6,10,20
2960,19,18,2,1918.8131,2600,6,10,20
2961,7,6,2,1919.0877,2900,7,6,11
2962,6,15,2,1919.185,2800,7,5,10
2963,14,9,2,1920.0339,1500,7,9,19
2964,7,14,2,1920.1101,2200,7,6,11
2965,19,14,2,1920.4912,1500,7,10,20
2966,20,17,2,1920.5908,2700,7,10,20
2967,20,7,2,1921.4064,1800,5,10,20
2968,14,16,2,1922.4555,2800,3,9,19
2969,15,18,2,1922.9435,5000,6,10,20
2970,12,18,2,1923.7819,4100,7,8,17
2971,13,13,2,1928.163,4800,7,9,18
2972,9,20,2,1928.1724,1800,6,7,13
2973,6,14,2,1928.8335,1100,7,5,10
2974,7,14,2,1929.0468,4300,3,6,11
2975,6,8,2,1931.148,3400,5,5,10
2976,20,10,2,1931.1773,1600,4,10,20
2977,20,13,2,1931.3642,3500,3,10,20
2978,17,20,2,1931.4574,4900,6,10,20
2979,18,17,2,1931.7777,2500,6,10,20
2980,12,17,2,1931.9914,4900,6,8,17
2981,13,6,2,1932.4691,4500,5,9,18
2982,8,12,2,1932.5046,2200,7,6,12
2983,11,5,2,1933.2341,3000,6,8,15
2984,6,19,2,1934.8219,4700,5,5,10
2985,19,12,2,1935.3052,4900,5,10,20
2986,12,9,2,1936.4641,2000,6,8,17
2987,19,12,2,1938.2504,4900,3,10,20
2988,3,11,2,1938.7132,3400,5,4,6
2989,13,10,2,1939.288,3100,4,9,18
2990,15,12,2,1939.9704,2500,4,10,20
2991,15,14,2,1940.4447,4000,4,10,20
2992,7,20,2,1941.1632,1600,7,6,11
2993,8,11,2,1941.2748,2700,4,6,12
2994,19,11,2,1942.0079,1100,5,10,20
2995,16,20,2,1942.0115,2600,7,10,20
2996,12,18,2,1942.0567,3500,3,8,17
2997,8,7,2,1942.4066,2300,4,6,12
2998,9,6,2,1942.9194,3900,6,7,13
2999,17,6,2,1943.0432,1600,3,10,20
3000,3,13,2,1943.7992,2400,7,4,6
3001,20,14,2,1944.079,1200,4,10,20
3002,17,9,2,1944.3782,2200,3,10,20
3003,4,15,2,1945.3988,2600,3,4,8
3004,15,16,2,1945.405,4000,7,10,20
3005,14,15,2,1947.9751,3200,6,9,19
3006,12,15,2,1948.3372,3800,3,8,17
3007,20,13,2,1948.6252,3300,5,10,20
3008,8,19,2,1948.6364,4000,6,6,12
3009,3,5,2,1949.8514,1500,5,4,6
3010,9,10,2,1950.1055,3900,3,7,13
3011,3,19,2,1950.576,2500,6,4,6
3012,9,16,2,1950.6646,1600,3,7,13
3013,15,13,2,1950.6659,3000,7,10,20
3014,13,7,2,1951.6078,3300,5,9,18
3015,19,7,2,1952.3902,1700,6,10,20
3016,8,11,2,1952.4263,2400,5,6,12
3017,5,14,2,1952.5325,1400,5,5,9
3018,3,10,2,1953.6525,4400,4,4,6
3019,13,10,2,1953.7362,4000,7,9,18
3020,4,13,2,1953.846,3100,3,4,8
3021,16,7,2,1955.8687,2300,7,10,20
3022,7,11,2,1957.681,3800,4,6,11
3023,11,19,2,1957.7747,2600,3,8,15
3024,17,5,2,1958.1958,1800,3,10,20
3025,20,8,2,1958.4957,3500,5,10,20
3026,4,10,2,1958.6596,2100,4,4,8
3027,10,12,2,1958.8203,1500,5,7,14
3028,3,10,2,1958.928,4400,6,4,6
3029,13,10,2,1960.394,2300,6,9,18
3030,14,11,2,1961.0696,2600,4,9,19
3031,15,11,2,1961.1045,1600,7,10,20
3032,5,14,2,1961.9909,2100,5,5,9
3033,11,15,2,1962.1652,2700,3,8,15
3034,12,6,2,1962.3824,3300,5,8,17
3035,20,19,2,1962.5832,3100,3,10,20
3036,15,19,2,1963.3464,4900,7,10,20
3037,11,19,2,1963.4207,1000,4,8,15
3038,8,18,2,1963.9257,1600,3,6,12
3039,7,19,2,1966.5673,3100,6,6,11
3040,6,9,2,1966.628,3000,4,5,10
3041,10,13,2,1968.0623,2600,4,7,14
3042,18,7,2,1969.4742,3800,3,10,20
3043,12,15,2,1970.3077,4300,3,8,17
3044,6,20,2,1970.8559,1200,7,5,10
3045,15,17,2,1972.4251,3000,5,10,20
3046,18,10,2,1973.0677,4700,7,10,20
3047,10,5,2,1973.6026,3300,4,7,14
3048,14,5,2,1975.1248,1700,7,9,19
3049,12,5,2,1976.1281,2700,4,8,17
3050,14,15,2,1977.2166,2100,3,9,19
3051,7,6,2,1977.9087,1200,4,6,11
3052,16,20,2,1979.745,1000,5,10,20
3053,10,14,2,1979.9122,3200,3,7,14
3054,12,18,2,1979.9552,3800,7,8,17
3055,19,9,2,1980.0938,1200,7,10,20
3056,18,17,2,1980.4799,3800,5,10,20
3057,17,19,2,1980.5251,4400,4,10,20
3058,19,17,2,1982.7607,1700,3,10,20
3059,14,14,2,1983.3417,3000,4,9,19
3060,5,18,2,1984.0937,3000,3,5,9
3061,10,7,2,1984.9612,3400,3,7,14
3062,8,7,2,1985.1498,1700,7,6,12
3063,17,6,2,1985.7781,1800,6,10,20
3064,12,19,2,1986.5785,3300,4,8,17
3065,12,16,2,1987.1721,4800,6,8,17
3066,7,19,2,1987.5979,4600,7,6,11
3067,13,5,2,1989.32,1000,6,9,18
3068,12,8,2,1991.4374,4500,4,8,17
3069,6,8,2,1992.3845,3800,5,5,10
3070,14,18,2,1993.6483,2300,7,9,19
3071,18,9,2,1995.5298,5000,6,10,20
3072,6,18,2,1995.6079,2500,7,5,10
3073,15,15,2,1996.1748,2400,5,10,20
3074,5,7,2,1996.4232,4500,7,5,9
3075,8,18,2,1996.4402,4100,3,6,12
3076,5,7,2,1996.5307,2100,4,5,9
3077,11,5,2,1996.6336,4900,4,8,15
3078,7,17,2,1997.752,2000,3,6,11
3079,5,13,2,1998.2773,4200,3,5,9
3080,7,19,2,1998.5262,1600,7,6,11
3081,19,10,2,2000.3443,5000,3,10,20
3082,19,5,2,2000.9175,3200,7,10,20
3083,15,10,2,2001.1366,4200,7,10,20
3084,17,17,2,2001.2588,4500,5,10,20
3085,20,12,2,2001.2885,3600,5,10,20
3086,4,19,2,2002.025,3400,5,4,8
3087,16,5,2,2002.7801,1800,7,10,20
3088,12,6,2,2003.6135,1300,5,8,17
3089,17,14,2,2004.7592,1300,5,10,20
3090,10,19,2,2004.9005,1500,5,7,14
3091,12,12,2,2005.423,1100,3,8,17
3092,13,8,2,2006.5667,2700,7,9,18
3093,5,11,2,2006.722,3400,4,5,9
3094,15,9,2,2007.534,2800,4,10,20
3095,10,7,2,2007.6876,3700,6,7,14
3096,6,19,2,2008.4673,2600,3,5,10
3097,7,9,2,2008.4894,4500,4,6,11
3098,12,12,2,2008.5638,3200,4,8,17
3099,3,20,2,2008.9314,2900,7,4,6
3100,3,12,2,2009.0062,1800,6,4,6
3101,8,9,2,2009.3431,3700,6,6,12
3102,17,11,2,2009.3496,2100,7,10,20
3103,10,13,2,2009.3741,1000,7,7,14
3104,9,9,2,2009.4624,1900,5,7,13
3105,20,13,2,2010.3022,3900,3,10,20
3106,4,16,2,2010.4393,4700,5,4,8
3107,9,13,2,2010.9083,3300,7,7,13
3108,13,20,2,2011.7867,2000,5,9,18
3109,15,13,2,2012.6824,3800,6,10,20
3110,20,17,2,2013.0195,2300,5,10,20
3111,19,12,2,2013.0624,1000,3,10,20
3112,7,19,2,2013.4022,3300,3,6,11
3113,4,13,2,2013.6359,4000,6,4,8
3114,14,18,2,2014.2568,3300,4,9,19
3115,10,8,2,2014.3301,1800,5,7,14
3116,16,17,2,2015.0761,2400,7,10,20
3117,20,20,2,2016.1703,1200,6,10,20
3118,12,13,2,2017.2217,1400,3,8,17
3119,19,13,2,2017.5401,4400,7,10,20
3120,6,20,2,2018.3865,3300,6,5,10
3121,6,15,2,2019.4329,2200,6,5,10
3122,7,10,2,2019.4955,1600,6,6,11
3123,20,10,2,2020.234,2900,6,10,20
3124,4,18,2,2020.6612,3400,3,4,8
3125,17,10,2,2021.9224,3500,6,10,20
3126,9,16,2,2022.3813,3900,7,7,13
3127,8,8,2,2022.5476,4400,7,6,12
3128,12,18,2,2022.828,4500,3,8,17
3129,9,12,2,2022.9716,3600,6,7,13
3130,11,14,2,2022.9865,3100,7,8,15
3131,13,5,2,2024.0222,4300,5,9,18
3132,19,9,2,2024.4261,1300,5,10,20
3133,3,14,2,2024.435,1000,7,4,6
3134,17,19,2,2024.5166,3800,6,10,20
3135,19,14,2,2024.6683,4800,6,10,20
3136,13,19,2,2027.2388,3400,7,9,18
3137,17,9,2,2027.7202,3100,4,10,20
3138,9,18,2,2028.0075,2000,5,7,13
3139,12,10,2,2028.111,4700,6,8,17
3140,8,16,2,2028.444,3000,6,6,12
3141,4,10,2,2029.1681,1000,4,4,8
3142,6,7,2,2029.6148,4200,3,5,10
3143,11,19,2,2029.8633,4100,3,8,15
3144,5,5,2,2030.3779,1600,6,5,9
3145,14,20,2,2030.5297,4100,6,9,19
3146,18,12,2,2031.0426,2600,4,10,20
3147,10,8,2,2031.3006,3300,7,7,14
3148,5,13,2,2031.5691,2800,4,5,9
3149,13,18,2,2032.7604,1500,6,9,18
3150,13,10,2,2033.2083,4100,6,9,18
3151,10,6,2,2033.9944,4900,4,7,14
3152,13,18,2,2034.2188,2200,4,9,18
3153,18,5,2,2034.2579,3000,6,10,20
3154,5,7,2,2034.693,3100,3,5,9
3155,10,12,2,2035.1583,1600,3,7,14
3156,4,13,2,2035.8243,2300,5,4,8
3157,20,17,2,2036.1599,4200,6,10,20
3158,20,8,2,2036.7753,5000,4,10,20
3159,5,20,2,2037.2902,4500,5,5,9
3160,4,17,2,2037.4596,4500,3,4,8
3161,8,12,2,2037.6245,1900,3,6,12
3162,9,7,2,2038.3744,3900,5,7,13
3163,5,12,2,2038.6317,1700,3,5,9
3164,6,16,2,2038.893,4000,4,5,10
3165,10,16,2,2039.6484,1600,6,7,14
3166,3,7,2,2039.6646,3900,3,4,6
3167,12,8,2,2039.8488,1300,3,8,17
3168,17,8,2,2041.5101,3500,4,10,20
3169,3,11,2,2042.262,1700,7,4,6
3170,18,7,2,2042.5665,1000,7,10,20
3171,17,7,2,2043.4727,4000,4,10,20
3172,19,18,2,2043.5405,1000,7,10,20
3173,13,10,2,2044.349,3500,6,9,18
3174,8,19,2,2044.5208,1500,5,6,12
3175,13,9,2,2046.214,2800,7,9,18
3176,7,10,2,2046.4279,2800,5,6,11
3177,6,8,2,2047.4098,4100,3,5,10
3178,8,14,2,2047.417,3700,5,6,12
3179,5,12,2,2047.7167,2700,7,5,9
3180,3,9,2,2048.0961,3900,5,4,6
3181,6,14,2,2049.597,1100,4,5,10
3182,9,6,2,2049.8745,2500,5,7,13
3183,19,16,2,2050.2799,2500,7,10,20
3184,3,18,2,2050.4716,2600,6,4,6
3185,9,14,2,2051.3577,4400,5,7,13
3186,16,14,2,2051.4398,4000,6,10,20
3187,5,10,2,2051.5082,2000,7,5,9
3188,7,10,2,2052.0965,4300,7,6,11
3189,3,6,2,2052.3688,5000,5,4,6
3190,10,9,2,2052.6559,3800,3,7,14
3191,11,8,2,2054.1702,1100,5,8,15
3192,3,20,2,2054.2161,2900,7,4,6
3193,5,20,2,2054.2977,3600,7,5,9
3194,16,15,2,2054.3234,1800,3,10,20
3195,8,7,2,2054.6449,2200,6,6,12
3196,3,10,2,2055.1556,2800,7,4,6
3197,16,20,2,2056.1565,1800,4,10,20
3198,7,10,2,2056.6885,1200,3,6,11
3199,17,20,2,2056.7153,3900,7,10,20
3200,11,19,2,2056.7668,3200,7,8,15
3201,13,17,2,2056.8212,3100,4,9,18
3202,9,6,2,2057.5097,3000,6,7,13
3203,7,15,2,2058.1652,2600,4,6,11
3204,8,8,2,2058.9881,3600,5,6,12
3205,3,16,2,2059.1935,1900,7,4,6
3206,19,20,2,2059.2501,3100,6,10,20
3207,10,15,2,2059.6895,4200,3,7,14
3208,7,8,2,2059.8447,2200,3,6,11
3209,5,6,2,2059.9136,1900,7,5,9
3210,8,18,2,2060.4559,2100,6,6,12
3211,11,20,2,2061.1672,3200,5,8,15
3212,4,10,2,2064.17,3600,3,4,8
3213,18,5,2,2064.4108,4400,4,10,20
3214,4,6,2,2064.7554,2600,3,4,8
3215,20,16,2,2065.2059,3100,5,10,20
3216,16,20,2,2065.3576,1300,5,10,20
3217,4,8,2,2065.8582,4100,7,4,8
3218,15,16,2,2065.9649,5000,7,10,20
3219,17,15,2,2066.0219,1900,4,10,20
3220,13,17,2,2066.9657,4700,7,9,18
3221,9,16,2,2067.1294,4400,5,7,13
3222,7,5,2,2068.0596,2700,7,6,11
3223,11,11,2,2068.4724,4100,4,8,15
3224,13,19,2,2069.6821,1300,6,9,18
3225,10,13,2,2070.052,2900,7,7,14
3226,3,6,2,2070.9653,4700,3,4,6
3227,16,9,2,2071.0779,4700,5,10,20
3228,17,18,2,2072.4349,4000,6,10,20
3229,19,17,2,2072.6412,3700,3,10,20
3230,7,5,2,2074.4705,4000,3,6,11
3231,17,11,2,2075.1747,1700,5,10,20
3232,3,19,2,2077.1504,3500,6,4,6
3233,3,15,2,2077.2641,3500,4,4,6
3234,14,8,2,2077.6368,4700,7,9,19
3235,3,10,2,2077.7111,4600,7,4,6
3236,6,11,2,2078.7005,2700,4,5,10
3237,5,10,2,2079.4746,3400,4,5,9
3238,9,10,2,2079.5957,1700,5,7,13
3239,5,20,2,2079.9753,2800,3,5,9
3240,11,9,2,2080.0896,4800,6,8,15
3241,13,16,2,2080.8869,2200,3,9,18
3242,14,17,2,2081.7378,2700,7,9,19
3243,7,17,2,2083.6701,2600,4,6,11
3244,7,17,2,2083.9772,4100,7,6,11
3245,16,9,2,2084.2076,4100,7,10,20
3246,7,16,2,2086.4067,4300,3,6,11
3247,18,6,2,2086.6239,1200,6,10,20
3248,20,12,2,2087.2069,4600,7,10,20
3249,20,14,2,2087.566,2900,5,10,20
3250,5,13,2,2088.1114,4000,7,5,9
3251,17,7,2,2088.2304,4800,7,10,20
3252,5,16,2,2088.2855,4000,6,5,9
3253,18,7,2,2089.6121,3800,7,10,20
3254,16,11,2,2089.7369,3900,7,10,20
3255,17,5,2,2091.7869,3100,4,10,20
3256,17,7,2,2092.0705,5000,6,10,20
3257,18,5,2,2092.0837,2500,6,10,20
3258,16,6,2,2092.3005,2600,3,10,20
3259,7,9,2,2092.5736,1600,3,6,11
3260,14,8,2,2092.7031,4600,4,9,19
3261,11,6,2,2092.9094,2100,7,8,15
3262,14,15,2,2093.4389,2500,7,9,19
3263,15,20,2,2096.2121,4900,6,10,20
3264,12,5,2,2096.5398,4700,4,8,17
3265,20,11,2,2096.6995,2700,3,10,20
3266,15,10,2,2097.0327,2000,5,10,20
3267,4,14,2,2097.4721,5000,5,4,8
3268,16,15,2,2100.0722,4300,7,10,20
3269,18,11,2,2100.6279,3200,4,10,20
3270,5,19,2,2100.7996,2900,6,5,9
3271,20,15,2,2100.8644,4700,7,10,20
3272,13,6,2,2101.4095,3100,7,9,18
3273,13,16,2,2102.1149,3500,3,9,18
3274,4,9,2,2103.876,1800,6,4,8
3275,19,10,2,2103.9743,3400,7,10,20
3276,20,13,2,2104.2857,3900,7,10,20
3277,5,20,2,2104.4968,3000,5,5,9
3278,10,12,2,2104.8534,1600,4,7,14
3279,20,5,2,2106.6006,1900,4,10,20
3280,6,14,2,2106.8559,2200,5,5,10
3281,12,16,2,2108.2061,2300,6,8,17
3282,15,15,2,2109.7497,4600,7,10,20
3283,3,19,2,2109.9602,2500,6,4,6
3284,4,17,2,2110.3131,1100,4,4,8
3285,11,15,2,2110.6086,4200,3,8,15
3286,10,6,2,2111.0265,4200,3,7,14
3287,11,6,2,2111.6507,3700,5,8,15
3288,7,11,2,2111.7591,1600,7,6,11
3289,8,11,2,2111.9747,4200,5,6,12
3290,14,20,2,2112,1100,4,9,19
3291,10,13,2,2112.8763,1600,7,7,14
3292,10,16,2,2113.2386,3500,4,7,14
3293,16,5,2,2116.4223,3000,3,10,20
3294,16,6,2,2117.0377,4500,5,10,20
3295,14,17,2,2117.2023,3000,4,9,19
3296,12,18,2,2117.5845,2400,3,8,17
3297,16,10,2,2119.3993,3400,5,10,20
3298,17,9,2,2119.8084,3000,6,10,20
3299,10,11,2,2120.7245,2500,5,7,14
3300,16,10,2,2121.464,2700,5,10,20
3301,14,17,2,2121.5706,1800,4,9,19
3302,11,10,2,2122.6407,1100,5,8,15
3303,9,10,2,2122.8031,1100,5,7,13
3304,13,15,2,2122.8474,1400,5,9,18
3305,20,10,2,2123.0706,4200,3,10,20
3306,3,17,2,2123.1375,3300,6,4,6
3307,15,6,2,2123.7337,2100,3,10,20
3308,8,17,2,2123.9018,5000,4,6,12
3309,15,6,2,2124.1718,4100,5,10,20
3310,15,12,2,2126.5186,4500,6,10,20
3311,6,11,2,2127.1255,5000,6,5,10
3312,4,12,2,2127.3363,1600,7,4,8
3313,17,18,2,2127.4203,1000,5,10,20
3314,9,11,2,2127.8213,1200,4,7,13
3315,18,9,2,2127.8822,3400,4,10,20
3316,3,12,2,2129.6822,2000,5,4,6
3317,20,16,2,2130.4153,2800,3,10,20
3318,12,13,2,2130.4973,4500,7,8,17
3319,8,12,2,2130.5357,3700,6,6,12
3320,11,11,2,2130.9205,2900,4,8,15
3321,4,9,2,2134.2026,2000,7,4,8
3322,5,20,2,2135.1276,1000,7,5,9
3323,7,7,2,2135.8014,5000,6,6,11
3324,6,11,2,2136.2927,3200,7,5,10
3325,8,9,2,2136.9418,1600,7,6,12
3326,20,13,2,2137.9492,1900,6,10,20
3327,11,17,2,2138.4267,2200,7,8,15
3328,17,10,2,2139.0179,1600,5,10,20
3329,9,12,2,2139.5258,3700,5,7,13
3330,15,11,2,2140.8167,2800,6,10,20
3331,18,19,2,2141.6817,2400,4,10,20
3332,19,13,2,2143.8179,1500,7,10,20
3333,6,12,2,2143.8577,2600,7,5,10
3334,7,7,2,2145.3887,3900,5,6,11
3335,17,7,2,2145.4952,4400,6,10,20
3336,10,20,2,2146.6419,3300,4,7,14
3337,7,10,2,2146.7195,3600,7,6,11
3338,17,15,2,2146.9252,3300,3,10,20
3339,14,10,2,2147.6562,3800,3,9,19
3340,10,18,2,2148.2711,3500,5,7,14
3341,11,9,2,2148.5199,1300,6,8,15
3342,7,8,2,2149.8472,3200,6,6,11
3343,16,18,2,2150.6614,4700,3,10,20
3344,8,11,2,2151.0094,1900,5,6,12
3345,3,6,2,2151.0512,5000,3,4,6
3346,11,20,2,2151.2238,3300,3,8,15
3347,14,5,2,2151.2355,2700,5,9,19
3348,11,11,2,2151.4788,1100,7,8,15
3349,3,14,2,2153.071,1100,7,4,6
3350,9,18,2,2153.3738,4200,5,7,13
3351,6,6,2,2153.4733,1600,6,5,10
3352,6,13,2,2153.9824,3700,4,5,10
3353,5,16,2,2155.9376,3000,7,5,9
3354,9,13,2,2156.8746,2100,6,7,13
3355,16,12,2,2157.5963,1000,4,10,20
3356,8,11,2,2157.8803,3700,3,6,12
3357,6,7,2,2158.0124,1200,6,5,10
3358,13,17,2,2158.4363,1400,6,9,18
3359,5,8,2,2159.5089,3900,5,5,9
3360,17,7,2,2159.5682,3900,6,10,20
3361,18,6,2,2159.7513,4800,6,10,20
3362,7,6,2,2160.1955,1600,7,6,11
3363,19,14,2,2160.1993,1000,4,10,20
3364,11,15,2,2160.5763,4600,3,8,15
3365,12,10,2,2161.0782,1300,5,8,17
3366,6,9,2,2161.9937,5000,5,5,10
3367,8,9,2,2162.0495,4200,3,6,12
3368,9,20,2,2162.0731,1500,6,7,13
3369,3,8,2,2162.3111,1300,5,4,6
3370,6,5,2,2163.3184,3300,3,5,10
3371,18,5,2,2163.6113,1600,7,10,20
3372,4,6,2,2163.6523,3900,6,4,8
3373,17,15,2,2163.8764,4500,3,10,20
3374,15,19,2,2164.4416,2600,3,10,20
3375,20,10,2,2164.7174,1700,3,10,20
3376,14,14,2,2165.4995,3000,7,9,19
3377,13,20,2,2165.7345,4800,6,9,18
3378,17,19,2,2167.1509,3700,6,10,20
3379,7,5,2,2167.3495,1400,6,6,11
3380,17,18,2,2169.1843,4700,5,10,20
3381,4,13,2,2169.601,1900,6,4,8
3382,14,19,2,2169.9967,1700,4,9,19
3383,5,18,2,2170.4908,4300,3,5,9
3384,13,18,2,2170.5416,4100,5,9,18
3385,10,16,2,2170.5535,2700,7,7,14
3386,13,18,2,2172.0058,4000,3,9,18
3387,5,16,2,2172.4529,2200,6,5,9
3388,7,11,2,2172.6098,3600,6,6,11
3389,4,9,2,2172.7827,1900,6,4,8
3390,8,7,2,2173.2363,4100,7,6,12
3391,15,10,2,2173.2664,3400,4,10,20
3392,10,10,2,2173.276,1800,3,7,14
3393,6,17,2,2175.1688,3700,3,5,10
3394,10,10,2,2175.8364,2000,4,7,14
3395,14,11,2,2176.5747,3000,5,9,19
3396,3,9,2,2178.7181,2000,6,4,6
3397,16,11,2,2178.9448,1200,4,10,20
3398,19,14,2,2179.3163,2800,7,10,20
3399,20,9,2,2179.4364,3800,6,10,20
3400,18,19,2,2179.6685,4300,5,10,20
3401,6,12,2,2179.6775,1100,4,5,10
3402,18,10,2,2179.8921,1800,4,10,20
3403,3,15,2,2180.0285,1200,6,4,6
3404,18,20,2,2181.2194,4700,4,10,20
3405,13,14,2,2183.0452,3700,5,9,18
3406,7,16,2,2183.1504,3800,3,6,11
3407,3,12,2,2183.4229,3400,7,4,6
3408,16,20,2,2183.5757,5000,7,10,20
3409,5,5,2,2184.4355,3500,6,5,9
3410,10,17,2,2184.7615,2200,6,7,14
3411,4,11,2,2184.8635,1000,4,4,8
3412,12,16,2,2185.4245,2600,3,8,17
3413,3,12,2,2187.4393,3500,4,4,6
3414,9,9,2,2187.7357,2200,3,7,13
3415,7,7,2,2187.8839,1500,5,6,11
3416,8,13,2,2188.2917,2400,5,6,12
3417,5,9,2,2188.7625,4500,7,5,9
3418,5,7,2,2190.2246,3500,3,5,9
3419,15,17,2,2190.8581,1600,6,10,20
3420,15,16,2,2193.8422,3100,3,10,20
3421,20,6,2,2193.9666,3300,5,10,20
3422,7,13,2,2195.0311,2200,4,6,11
3423,4,12,2,2197.3628,4900,4,4,8
3424,6,20,2,2198.7534,4600,5,5,10
3425,8,18,2,2199.0119,4700,6,6,12
3426,20,15,2,2199.2426,4200,4,10,20
3427,14,19,2,2199.5995,2500,6,9,19
3428,18,16,2,2199.6788,2700,4,10,20
3429,5,15,2,2199.9127,4500,7,5,9
3430,12,18,2,2200.1835,3100,6,8,17
3431,12,7,2,2200.4138,2800,7,8,17
3432,12,18,2,2202.5941,4200,3,8,17
3433,8,6,2,2202.7892,2400,6,6,12
3434,9,10,2,2204.2495,1400,6,7,13
3435,15,15,2,2207.7978,2800,5,10,20
3436,8,18,2,2209.2234,3200,6,6,12
3437,19,20,2,2210.2747,2400,5,10,20
3438,12,13,2,2210.4844,3400,3,8,17
3439,4,14,2,2211.2615,4500,5,4,8
3440,15,19,2,2212.3597,3800,7,10,20
3441,7,7,2,2212.4024,4500,6,6,11
3442,8,8,2,2212.5561,1600,6,6,12
3443,17,14,2,2212.9372,5000,5,10,20
3444,8,14,2,2213.0395,3200,4,6,12
3445,6,20,2,2214.3223,2800,4,5,10
3446,7,13,2,2214.3836,1600,5,6,11
3447,15,6,2,2216.3064,2700,4,10,20
3448,6,13,2,2216.3222,2100,7,5,10
3449,14,10,2,2216.7222,1200,4,9,19
3450,14,13,2,2217.8714,2200,7,9,19
3451,19,7,2,2218.4859,1900,4,10,20
3452,18,10,2,2218.9434,2500,5,10,20
3453,12,12,2,2219.0676,1500,3,8,17
3454,5,17,2,2220.3336,4900,4,5,9
3455,8,9,2,2221.4577,1100,3,6,12
3456,10,5,2,2222.8645,1200,6,7,14
3457,15,14,2,2222.8806,1900,5,10,20
3458,16,19,2,2223.9749,3900,7,10,20
3459,9,11,2,2224.0189,3700,4,7,13
3460,20,14,2,2224.3554,3500,7,10,20
3461,18,8,2,2224.9102,2600,4,10,20
3462,15,13,2,2225.3334,4600,3,10,20
3463,6,10,2,2225.7325,2500,6,5,10
3464,13,9,2,2226.553,1600,7,9,18
3465,9,20,2,2226.837,3800,3,7,13
3466,15,5,2,2227.199,3300,6,10,20
3467,19,10,2,2228.3196,2000,3,10,20
3468,7,10,2,2229.0778,4300,4,6,11
3469,9,17,2,2230.9809,3700,5,7,13
3470,4,10,2,2231.2238,3500,6,4,8
3471,12,19,2,2232.2475,4300,7,8,17
3472,13,9,2,2232.6414,3600,6,9,18
3473,10,12,2,2232.8474,1300,7,7,14
3474,8,14,2,2233.0371,3800,4,6,12
3475,5,12,2,2233.1564,4800,5,5,9
3476,3,14,2,2234.6497,4300,6,4,6
3477,4,14,2,2235.2697,4600,7,4,8
3478,19,18,2,2235.7467,5000,4,10,20
3479,12,16,2,2236.177,3200,3,8,17
3480,8,10,2,2236.8704,3700,5,6,12
3481,19,5,2,2237.9955,1300,7,10,20
3482,6,10,2,2238.5348,1100,3,5,10
3483,16,7,2,2239.2084,1700,5,10,20
3484,8,7,2,2240.5366,1300,6,6,12
3485,15,18,2,2240.7699,4200,6,10,20
3486,15,13,2,2241.3716,3200,7,10,20
3487,16,11,2,2242.5228,2600,6,10,20
3488,13,9,2,2242.6861,3600,3,9,18
3489,17,10,2,2242.9011,1200,6,10,20
3490,4,14,2,2243.2071,1400,6,4,8
3491,8,6,2,2243.3206,2100,7,6,12
3492,4,13,2,2243.7006,1400,6,4,8
3493,10,18,2,2243.7449,1100,5,7,14
3494,17,7,2,2243.7693,4200,4,10,20
3495,16,19,2,2243.984,4400,4,10,20
3496,7,13,2,2244.0036,2000,6,6,11
3497,3,17,2,2244.3451,1900,7,4,6
3498,15,14,2,2245.1953,2400,3,10,20
3499,9,5,2,2245.631,2500,5,7,13
3500,4,16,2,2245.9845,4400,3,4,8
3501,19,16,2,2246.6044,4000,5,10,20
3502,8,16,2,2247.3784,2400,7,6,12
3503,7,13,2,2248.6515,1500,7,6,11
3504,20,16,2,2250.6036,2600,7,10,20
3505,6,14,2,2251.0741,3300,3,5,10
3506,8,18,2,2252.5568,2300,7,6,12
3507,17,14,2,2253.9843,3900,3,10,20
3508,3,6,2,2254.2765,2000,6,4,6
3509,5,14,2,2254.7192,1500,7,5,9
3510,9,18,2,2254.7549,3600,4,7,13
3511,6,14,2,2254.9551,4600,6,5,10
3512,20,18,2,2255.5172,2900,5,10,20
3513,11,7,2,2255.8602,4600,5,8,15
3514,3,10,2,2256.0477,2700,4,4,6
3515,6,8,2,2256.1059,1800,5,5,10
3516,11,10,2,2257.0241,4500,4,8,15
3517,3,9,2,2257.0688,2000,6,4,6
3518,16,16,2,2257.2774,3400,4,10,20
3519,8,8,2,2257.8881,4800,7,6,12
3520,16,7,2,2259.0988,2800,3,10,20
3521,10,14,2,2259.5553,2200,4,7,14
3522,12,14,2,2259.5895,2600,5,8,17
3523,3,15,2,2259.9136,1500,4,4,6
3524,20,14,2,2260.7469,2100,3,10,20
3525,3,14,2,2261.5691,4800,7,4,6
3526,20,9,2,2261.5713,1900,3,10,20
3527,15,14,2,2263.058,2100,6,10,20
3528,19,12,2,2264.1739,3800,4,10,20
3529,5,12,2,2264.5622,1200,4,5,9
3530,9,16,2,2265.0201,3600,6,7,13
3531,9,10,2,2265.2474,4600,4,7,13
3532,18,9,2,2265.582,3900,4,10,20
3533,9,5,2,2266.4888,4300,3,7,13
3534,9,20,2,2267.0919,4200,7,7,13
3535,12,15,2,2267.7089,3800,5,8,17
3536,16,10,2,2267.9776,3300,6,10,20
3537,10,7,2,2268.0521,1600,6,7,14
3538,4,10,2,2269.4798,2300,7,4,8
3539,16,9,2,2271.1523,2100,7,10,20
3540,19,19,2,2271.3339,4400,7,10,20
3541,11,7,2,2271.343,1400,3,8,15
3542,4,5,2,2272.0171,4300,3,4,8
3543,19,15,2,2272.7706,4200,4,10,20
3544,13,6,2,2272.8464,4700,6,9,18
3545,15,16,2,2273.4947,1100,7,10,20
3546,12,11,2,2273.6106,4000,3,8,17
3547,11,11,2,2274.075,1700,4,8,15
3548,12,19,2,2276.1293,4300,7,8,17
3549,13,5,2,2277.1128,2400,5,9,18
3550,18,13,2,2277.9734,1500,3,10,20
3551,18,19,2,2278.2384,2500,3,10,20
3552,6,10,2,2278.8079,3400,7,5,10
3553,7,19,2,2279.7244,1600,6,6,11
3554,14,6,2,2281.0229,3100,6,9,19
3555,7,14,2,2281.3491,3900,3,6,11
3556,5,12,2,2282.3022,3000,3,5,9
3557,5,7,2,2283.7969,3100,6,5,9
3558,14,7,2,2285.9239,4100,5,9,19
3559,16,14,2,2285.9882,2200,6,10,20
3560,9,19,2,2286.4068,1300,3,7,13
3561,20,19,2,2290.318,4300,3,10,20
3562,15,13,2,2294.4284,4500,6,10,20
3563,5,7,2,2296.5312,2200,6,5,9
3564,16,16,2,2296.6998,3800,4,10,20
3565,7,19,2,2297.2003,1100,5,6,11
3566,9,12,2,2297.8719,4500,7,7,13
3567,18,20,2,2298.6523,4200,7,10,20
3568,4,8,2,2300.8143,2000,7,4,8
3569,16,19,2,2300.8548,4200,4,10,20
3570,10,14,2,2301.0891,1000,7,7,14
3571,12,7,2,2301.1191,4900,5,8,17
3572,11,19,2,2301.1526,3300,3,8,15
3573,13,16,2,2301.532,1100,7,9,18
3574,15,16,2,2302.0542,2700,3,10,20
3575,7,13,2,2302.9331,1400,6,6,11
3576,18,10,2,2303.4056,1000,7,10,20
3577,6,17,2,2304.9233,3700,3,5,10
3578,14,14,2,2305.0961,3100,3,9,19
3579,3,9,2,2305.3028,2100,4,4,6
3580,8,7,2,2305.9551,4600,3,6,12
3581,7,9,2,2306.4734,3400,5,6,11
3582,12,17,2,2306.5236,3500,5,8,17
3583,20,9,2,2307.3413,1100,3,10,20
3584,11,18,2,2308.4284,1200,7,8,15
3585,3,12,2,2308.4487,4300,6,4,6
3586,15,17,2,2308.7128,1200,7,10,20
3587,3,7,2,2309.397,1700,7,4,6
3588,12,9,2,2309.7165,3800,6,8,17
3589,10,13,2,2309.7583,2300,4,7,14
3590,18,16,2,2310.8217,3300,3,10,20
3591,16,13,2,2311.4648,4400,5,10,20
3592,7,12,2,2311.757,4100,6,6,11
3593,20,10,2,2311.816,3300,6,10,20
3594,15,19,2,2312.1806,4500,6,10,20
3595,13,16,2,2312.8247,4500,5,9,18
3596,14,16,2,2313.3475,1000,5,9,19
3597,13,5,2,2313.4419,4700,3,9,18
3598,17,7,2,2314.4792,1700,5,10,20
3599,15,8,2,2314.7302,4200,4,10,20
3600,12,12,2,2314.9244,3100,3,8,17
3601,10,14,2,2314.9494,3800,6,7,14
3602,17,15,2,2315.3711,4400,6,10,20
3603,10,8,2,2317.4262,3700,4,7,14
3604,8,19,2,2317.6969,3800,7,6,12
3605,3,7,2,2318.4064,2200,7,4,6
3606,8,6,2,2318.711,3400,4,6,12
3607,15,10,2,2319.0513,5000,3,10,20
3608,9,11,2,2319.8195,1700,4,7,13
3609,9,13,2,2321.8578,4700,4,7,13
3610,12,14,2,2322.4352,4100,4,8,17
3611,14,11,2,2322.7768,4600,5,9,19
3612,12,12,2,2323.5715,2700,5,8,17
3613,11,11,2,2323.7416,2100,5,8,15
3614,8,13,2,2324.3578,2700,6,6,12
3615,6,16,2,2325.8188,1800,6,5,10
3616,18,15,2,2325.8788,3300,7,10,20
3617,4,16,2,2326.0808,1400,3,4,8
3618,4,17,2,2326.2811,1200,3,4,8
3619,8,14,2,2326.655,1700,7,6,12
3620,7,11,2,2326.926,2900,4,6,11
3621,14,20,2,2327.0838,3600,4,9,19
3622,20,14,2,2329.2902,1100,7,10,20
3623,6,20,2,2329.6474,4800,5,5,10
3624,12,12,2,2330.311,1600,4,8,17
3625,10,13,2,2330.5324,4300,3,7,14
3626,12,7,2,2330.7791,3600,5,8,17
3627,11,12,2,2331.1572,4400,5,8,15
3628,5,20,2,2331.2623,4200,5,5,9
3629,3,17,2,2332.3578,2500,4,4,6
3630,10,17,2,2333.5991,4700,5,7,14
3631,11,14,2,2333.625,1600,4,8,15
3632,4,19,2,2333.8395,4600,7,4,8
3633,3,8,2,2334.4838,1900,3,4,6
3634,11,9,2,2335.0244,1600,5,8,15
3635,8,9,2,2335.1107,2800,7,6,12
3636,17,13,2,2335.4454,4500,3,10,20
3637,9,12,2,2335.8112,3100,6,7,13
3638,17,18,2,2336.0726,1400,5,10,20
3639,10,13,2,2336.4078,3400,4,7,14
3640,9,13,2,2336.4689,4300,4,7,13
3641,13,7,2,2337.0927,4600,7,9,18
3642,6,19,2,2337.6427,2000,3,5,10
3643,3,13,2,2338.5459,1900,5,4,6
3644,18,11,2,2339.9747,3900,4,10,20
3645,5,13,2,2340.2283,1500,6,5,9
3646,13,9,2,2341.633,2000,7,9,18
3647,14,17,2,2342.5109,2400,5,9,19
3648,8,18,2,2342.9968,4600,4,6,12
3649,12,14,2,2343.0586,2100,5,8,17
3650,10,7,2,2343.1356,3600,5,7,14
3651,20,17,2,2343.9321,2100,7,10,20
3652,9,16,2,2344.0224,5000,7,7,13
3653,12,7,2,2345.5737,1600,5,8,17
3654,17,9,2,2346.0369,1300,5,10,20
3655,20,15,2,2346.6164,3600,3,10,20
3656,9,19,2,2348.1323,1900,3,7,13
3657,16,5,2,2348.2224,4900,6,10,20
3658,16,14,2,2350.661,4700,3,10,20
3659,16,7,2,2351.1413,3000,4,10,20
3660,15,10,2,2351.9105,4400,5,10,20
3661,19,7,2,2352.0684,1400,6,10,20
3662,8,13,2,2352.9985,2300,4,6,12
3663,20,18,2,2353.303,1400,5,10,20
3664,6,18,2,2353.3794,1500,6,5,10
3665,4,12,2,2353.5372,2600,3,4,8
3666,16,20,2,2353.758,1900,4,10,20
3667,17,13,2,2354.7922,3100,6,10,20
3668,13,6,2,2355.5772,4200,4,9,18
3669,3,17,2,2355.8257,1700,7,4,6
3670,13,20,2,2356.3477,2800,7,9,18
3671,19,14,2,2357.1934,1800,3,10,20
3672,13,15,2,2357.3531,3500,7,9,18
3673,16,6,2,2357.5726,2100,5,10,20
3674,10,10,2,2357.6206,2100,7,7,14
3675,9,9,2,2359.064,4700,7,7,13
3676,16,20,2,2359.134,1700,3,10,20
3677,5,7,2,2359.3567,4000,3,5,9
3678,10,8,2,2359.4114,3300,7,7,14
3679,8,9,2,2359.4144,3200,5,6,12
3680,4,14,2,2359.595,1200,4,4,8
3681,18,18,2,2360.2662,1000,5,10,20
3682,7,14,2,2360.3609,1700,7,6,11
3683,5,5,2,2360.4304,3700,5,5,9
3684,7,7,2,2361.6236,1400,3,6,11
3685,9,9,2,2361.8144,1900,5,7,13
3686,4,14,2,2361.9691,1400,6,4,8
3687,4,16,2,2362.0997,3800,3,4,8
3688,9,9,2,2362.9765,3800,5,7,13
3689,8,5,2,2363.7682,3500,4,6,12
3690,9,15,2,2364.437,3300,3,7,13
3691,20,20,2,2368.3284,3600,6,10,20
3692,18,8,2,2369.3309,1600,6,10,20
3693,3,9,2,2369.4628,2100,4,4,6
3694,13,13,2,2369.5074,2400,6,9,18
3695,4,5,2,2370.7574,3900,6,4,8
3696,13,18,2,2371.8466,4900,4,9,18
3697,9,10,2,2372.1899,1800,3,7,13
3698,6,19,2,2374.2114,1000,5,5,10
3699,15,6,2,2374.411,1100,6,10,20
3700,20,14,2,2374.5052,2100,6,10,20
3701,12,17,2,2375.5559,2900,4,8,17
3702,6,11,2,2376.7465,4200,7,5,10
3703,17,20,2,2377.9064,2600,6,10,20
3704,20,16,2,2378.428,1700,7,10,20
3705,17,6,2,2378.4918,2900,7,10,20
3706,7,6,2,2378.5343,3000,5,6,11
3707,3,11,2,2378.9027,3100,4,4,6
3708,8,16,2,2379.1696,1400,5,6,12
3709,3,14,2,2379.8538,2400,7,4,6
3710,9,18,2,2380.3654,1000,4,7,13
3711,8,16,2,2380.8482,3800,6,6,12
3712,12,15,2,2381.0071,4800,3,8,17
3713,20,8,2,2381.5039,1000,7,10,20
3714,9,16,2,2381.9552,4100,6,7,13
3715,4,10,2,2385.0332,2500,7,4,8
3716,14,15,2,2385.3011,2000,6,9,19
3717,14,7,2,2386.3686,1400,4,9,19
3718,11,17,2,2386.4225,3100,5,8,15
3719,14,13,2,2387.3769,2500,3,9,19
3720,19,15,2,2387.5386,4200,7,10,20
3721,11,20,2,2387.7249,4700,5,8,15
3722,19,9,2,2387.7759,4300,7,10,20
3723,13,14,2,2388.353,2600,5,9,18
3724,20,9,2,2389.0369,4400,5,10,20
3725,20,15,2,2389.4213,4200,3,10,20
3726,5,5,2,2389.7977,4400,3,5,9
3727,14,8,2,2391.8612,3000,3,9,19
3728,5,8,2,2392.2164,1600,3,5,9
3729,12,15,2,2394.5595,2200,4,8,17
3730,7,13,2,2395.0092,1500,6,6,11
3731,10,15,2,2395.3768,5000,7,7,14
3732,17,7,2,2398.4159,1800,4,10,20
3733,15,13,2,2398.5885,3200,6,10,20
3734,14,17,2,2398.965,2400,5,9,19
3735,19,8,2,2399.0466,4300,4,10,20
3736,4,17,2,2399.1262,4000,5,4,8
3737,15,19,2,2399.2799,3900,6,10,20
3738,3,15,2,2400.113,3900,5,4,6
3739,17,13,2,2400.1396,4200,6,10,20
3740,4,19,2,2400.2809,3900,6,4,8
3741,5,5,2,2401.0517,2000,5,5,9
3742,11,12,2,2401.3816,3500,7,8,15
3743,16,17,2,2401.8133,1000,4,10,20
3744,16,12,2,2403.4909,2700,6,10,20
3745,5,7,2,2404.7246,2000,3,5,9
3746,13,12,2,2404.872,1000,7,9,18
3747,5,6,2,2404.9545,1100,5,5,9
3748,7,12,2,2405.4684,5000,7,6,11
3749,9,11,2,2405.5362,4000,7,7,13
3750,10,7,2,2406.3672,5000,5,7,14
3751,8,17,2,2406.458,1500,6,6,12
3752,9,13,2,2406.5668,1000,6,7,13
3753,3,19,2,2406.7399,5000,4,4,6
3754,19,16,2,2407.0373,4100,7,10,20
3755,13,20,2,2407.6709,1400,4,9,18
3756,17,8,2,2408.416,4900,5,10,20
3757,13,7,2,2408.6883,4400,4,9,18
3758,19,9,2,2408.7465,3400,4,10,20
3759,6,20,2,2409.5359,1700,7,5,10
3760,18,7,2,2409.7137,1800,4,10,20
3761,19,6,2,2409.846,1100,4,10,20
3762,20,5,2,2410.1139,4200,4,10,20
3763,12,10,2,2410.1325,1100,5,8,17
3764,4,20,2,2410.3832,3400,7,4,8
3765,3,7,2,2410.544,4600,6,4,6
3766,16,5,2,2410.8715,4400,6,10,20
3767,10,18,2,2411.5283,1000,7,7,14
3768,12,12,2,2411.7607,4100,4,8,17
3769,17,9,2,2412.2112,2400,6,10,20
3770,10,9,2,2412.9836,3200,7,7,14
3771,6,9,2,2414.8296,2000,6,5,10
3772,12,18,2,2415.5836,3900,5,8,17
3773,3,7,2,2416.0733,2400,4,4,6
3774,12,5,2,2417.0214,3600,3,8,17
3775,13,8,2,2417.4599,5000,5,9,18
3776,10,16,2,2418.754,3800,4,7,14
3777,13,18,2,2418.9262,4200,7,9,18
3778,11,13,2,2419.3175,1900,6,8,15
3779,16,18,2,2419.4902,2200,7,10,20
3780,7,20,2,2421.251,1400,6,6,11
3781,10,8,2,2421.6944,2100,6,7,14
3782,12,18,2,2422.1491,1700,5,8,17
3783,19,12,2,2423.7485,5000,6,10,20
3784,18,12,2,2424.3466,5000,3,10,20
3785,11,14,2,2424.4159,1100,7,8,15
3786,18,18,2,2425.1105,4900,4,10,20
3787,9,16,2,2425.6265,3800,4,7,13
3788,6,5,2,2425.8216,2100,4,5,10
3789,12,7,2,2426.0969,4800,6,8,17
3790,9,16,2,2427.4606,3500,7,7,13
3791,9,5,2,2427.6464,1000,6,7,13
3792,16,7,2,2427.8696,3000,7,10,20
3793,3,19,2,2428.5303,1700,5,4,6
3794,12,10,2,2428.8027,3800,3,8,17
3795,15,11,2,2429.474,2800,4,10,20
3796,18,9,2,2430.2039,3000,3,10,20
3797,8,20,2,2430.3924,2700,3,6,12
3798,12,18,2,2430.5832,2200,5,8,17
3799,17,16,2,2432.8961,1500,5,10,20
3800,6,9,2,2434.1094,4100,3,5,10
3801,11,6,2,2434.335,3300,3,8,15
3802,14,6,2,2435.5052,5000,7,9,19
3803,10,8,2,2435.8173,1300,4,7,14
3804,8,9,2,2436.8465,1600,5,6,12
3805,6,5,2,2437.055,2300,6,5,10
3806,7,14,2,2437.0763,4200,3,6,11
3807,4,15,2,2437.143,1900,6,4,8
3808,7,10,2,2437.5626,4400,7,6,11
3809,4,11,2,2437.6606,2700,6,4,8
3810,12,6,2,2439.1391,3100,6,8,17
3811,11,7,2,2439.2171,2700,7,8,15
3812,13,14,2,2439.866,4400,6,9,18
3813,19,14,2,2439.9183,2200,5,10,20
3814,18,6,2,2441.1432,1300,5,10,20
3815,14,18,2,2441.3589,4500,6,9,19
3816,3,19,2,2441.4351,3200,6,4,6
3817,12,10,2,2442.2289,2600,4,8,17
3818,9,12,2,2443.2581,2200,6,7,13
3819,10,9,2,2443.5246,2500,6,7,14
3820,6,17,2,2443.8956,5000,5,5,10
3821,10,19,2,2444.1132,3800,5,7,14
3822,6,20,2,2445.156,4000,3,5,10
3823,11,15,2,2445.5287,2500,6,8,15
3824,8,14,2,2446.0629,4700,4,6,12
3825,8,8,2,2446.4517,3600,3,6,12
3826,5,8,2,2446.4749,1200,3,5,9
3827,15,11,2,2447.7092,2300,5,10,20
3828,7,5,2,2448.243,3500,3,6,11
3829,18,14,2,2449.3594,1600,5,10,20
3830,19,8,2,2450.2208,1900,5,10,20
3831,6,13,2,2452.6372,3300,3,5,10
3832,18,7,2,2452.8251,2000,6,10,20
3833,16,14,2,2454.0239,5000,5,10,20
3834,15,12,2,2454.2894,4500,6,10,20
3835,15,13,2,2454.5018,4900,3,10,20
3836,18,9,2,2454.5313,2100,4,10,20
3837,15,17,2,2455.8587,4100,4,10,20
3838,15,20,2,2456.6815,5000,7,10,20
3839,15,12,2,2456.6837,2500,7,10,20
3840,11,6,2,2457.7819,4000,3,8,15
3841,18,6,2,2458.574,1200,3,10,20
3842,8,7,2,2459.8181,4600,7,6,12
3843,5,16,2,2460.7333,1400,7,5,9
3844,17,16,2,2460.8945,2400,7,10,20
3845,6,9,2,2462.9836,3800,6,5,10
3846,7,12,2,2464.0374,3800,4,6,11
3847,20,5,2,2464.4552,4900,7,10,20
3848,8,8,2,2465.0594,3000,3,6,12
3849,17,19,2,2465.312,4500,4,10,20
3850,7,20,2,2466.2673,1400,7,6,11
3851,8,7,2,2467.2389,3900,5,6,12
3852,3,11,2,2467.8721,3800,4,4,6
3853,10,16,2,2468.6508,3700,4,7,14
3854,9,17,2,2468.9773,1900,5,7,13
3855,12,7,2,2470.1477,5000,6,8,17
3856,3,5,2,2470.5109,1100,4,4,6
3857,4,5,2,2471.4389,4700,6,4,8
3858,15,13,2,2472.4996,2500,6,10,20
3859,15,15,2,2472.8646,1900,6,10,20
3860,3,6,2,2472.8993,1900,3,4,6
3861,18,16,2,2473.0571,1400,4,10,20
3862,17,17,2,2474.9718,2100,5,10,20
3863,14,12,2,2475.2817,5000,5,9,19
3864,14,17,2,2476.0436,2800,3,9,19
3865,7,11,2,2476.1439,3800,4,6,11
3866,7,12,2,2476.3107,2700,5,6,11
3867,6,5,2,2478.2189,1200,3,5,10
3868,7,17,2,2478.4703,1700,6,6,11
3869,6,15,2,2479.0601,3300,7,5,10
3870,12,5,2,2480.183,4300,3,8,17
3871,7,20,2,2480.6989,4100,3,6,11
3872,8,5,2,2480.7376,2100,6,6,12
3873,15,17,2,2481.5134,3700,6,10,20
3874,4,7,2,2481.6167,2700,4,4,8
3875,6,16,2,2482.5022,2700,4,5,10
3876,18,6,2,2482.5513,4500,7,10,20
3877,5,8,2,2483.8766,2300,3,5,9
3878,20,17,2,2484.4992,3100,4,10,20
3879,9,15,2,2484.7408,5000,4,7,13
3880,19,17,2,2484.8608,2500,6,10,20
3881,15,5,2,2485.1545,2700,7,10,20
3882,20,12,2,2486.5367,1100,7,10,20
3883,17,14,2,2486.7188,2600,3,10,20
3884,5,13,2,2486.8319,2100,3,5,9
3885,14,8,2,2487.0022,2900,4,9,19
3886,7,12,2,2487.223,1200,7,6,11
3887,18,12,2,2488.2835,1800,7,10,20
3888,18,13,2,2488.5874,1100,3,10,20
3889,6,14,2,2489.9465,3900,4,5,10
3890,15,9,2,2490.272,2700,6,10,20
3891,10,10,2,2491.2593,3600,6,7,14
3892,12,17,2,2492.0277,2100,3,8,17
3893,19,10,2,2492.1363,4500,5,10,20
3894,13,13,2,2492.7605,2800,7,9,18
3895,19,7,2,2492.9168,1800,5,10,20
3896,12,15,2,2493.2616,2100,5,8,17
3897,9,16,2,2493.2722,5000,7,7,13
3898,16,12,2,2493.9433,1700,5,10,20
3899,3,9,2,2495.0754,2500,3,4,6
3900,7,5,2,2497.1199,1200,4,6,11
3901,8,10,2,2497.5759,2300,4,6,12
3902,11,5,2,2497.6375,4100,7,8,15
3903,16,9,2,2497.6699,5000,5,10,20
3904,9,14,2,2498.447,1600,4,7,13
3905,18,13,2,2499.1784,3400,7,10,20
3906,9,12,2,2499.4481,4100,5,7,13
3907,7,18,2,2501.6366,2000,6,6,11
3908,16,18,2,2501.9924,1000,5,10,20
3909,5,13,2,2502.1926,2900,5,5,9
3910,19,16,2,2503.642,2800,3,10,20
3911,10,11,2,2504.848,3100,6,7,14
3912,13,5,2,2504.8748,3200,3,9,18
3913,19,8,2,2505.219,4200,7,10,20
3914,20,13,2,2505.5301,1800,7,10,20
3915,13,16,2,2505.5394,3100,5,9,18
3916,4,15,2,2506.8407,2400,5,4,8
3917,14,5,2,2506.8792,2700,5,9,19
3918,19,7,2,2507.6619,4500,4,10,20
3919,7,18,2,2508.5372,2800,5,6,11
3920,7,6,2,2508.8254,4100,6,6,11
3921,8,18,2,2509.0834,3700,4,6,12
3922,7,11,2,2510.0679,2400,3,6,11
3923,20,18,2,2511.1074,1100,4,10,20
3924,19,9,2,2511.1565,2700,5,10,20
3925,10,19,2,2512.3922,3600,3,7,14
3926,3,18,2,2513.1463,1800,5,4,6
3927,3,5,2,2513.5663,2100,7,4,6
3928,15,13,2,2513.8481,4100,5,10,20
3929,3,20,2,2514.0175,2300,7,4,6
3930,7,11,2,2514.3635,3800,6,6,11
3931,4,12,2,2514.5884,1500,4,4,8
3932,10,14,2,2515.3356,1000,7,7,14
3933,6,12,2,2515.467,3800,7,5,10
3934,10,10,2,2515.6319,3900,5,7,14
3935,7,6,2,2515.6433,2700,3,6,11
3936,6,7,2,2515.6821,2400,6,5,10
3937,6,18,2,2515.9504,3700,4,5,10
3938,8,10,2,2517.3099,3200,4,6,12
3939,20,17,2,2517.9201,2900,5,10,20
3940,9,13,2,2518.1492,4200,6,7,13
3941,11,12,2,2518.5291,1500,6,8,15
3942,15,9,2,2518.6778,3100,6,10,20
3943,18,18,2,2518.8093,3800,6,10,20
3944,15,11,2,2518.8354,4300,6,10,20
3945,15,11,2,2519.3895,3700,5,10,20
3946,16,10,2,2520.3084,2500,3,10,20
3947,17,13,2,2520.8271,3800,7,10,20
3948,17,13,2,2520.9764,3900,5,10,20
3949,7,19,2,2521.0819,1300,5,6,11
3950,4,14,2,2522.0674,4700,5,4,8
3951,9,19,2,2522.2727,3600,6,7,13
3952,17,17,2,2523.1912,3700,4,10,20
3953,15,14,2,2523.9093,1400,5,10,20
3954,19,14,2,2526.7496,4400,5,10,20
3955,20,10,2,2526.9081,4800,5,10,20
3956,13,17,2,2527.0301,2000,7,9,18
3957,11,13,2,2527.6133,4300,6,8,15
3958,15,14,2,2527.7985,2100,3,10,20
3959,12,5,2,2528.1915,4200,7,8,17
3960,5,8,2,2529.6275,3100,4,5,9
3961,6,16,2,2530.4289,4400,4,5,10
3962,11,17,2,2531.69,4200,7,8,15
3963,4,5,2,2531.9482,1200,4,4,8
3964,15,9,2,2532.365,3900,7,10,20
3965,12,10,2,2532.7352,1900,7,8,17
3966,11,15,2,2533.3104,1300,7,8,15
3967,8,11,2,2533.5853,4400,5,6,12
3968,5,7,2,2534.627,5000,3,5,9
3969,10,9,2,2534.6348,2200,4,7,14
3970,19,6,2,2535.2541,1200,6,10,20
3971,4,16,2,2536.079,2800,4,4,8
3972,14,9,2,2536.1665,5000,3,9,19
3973,4,12,2,2536.5695,3200,4,4,8
3974,12,5,2,2537.7984,4500,7,8,17
3975,18,17,2,2539.4875,4100,5,10,20
3976,14,19,2,2540.3211,3500,4,9,19
3977,18,9,2,2542.331,1600,5,10,20
3978,14,14,2,2543.6622,2800,3,9,19
3979,4,5,2,2543.9036,3400,4,4,8
3980,9,13,2,2543.9937,1700,4,7,13
3981,11,9,2,2544.2253,4600,3,8,15
3982,18,10,2,2545.0593,1600,3,10,20
3983,14,17,2,2545.1563,4500,6,9,19
3984,7,18,2,2545.4443,2500,4,6,11
3985,8,10,2,2546.0124,4800,3,6,12
3986,6,16,2,2547.6546,1700,7,5,10
3987,4,16,2,2547.9364,3200,3,4,8
3988,7,18,2,2550.7088,4200,7,6,11
3989,3,14,2,2551.1922,2200,3,4,6
3990,18,17,2,2551.2499,1900,4,10,20
3991,6,13,2,2553.2196,2500,7,5,10
3992,19,8,2,2555.3094,3500,4,10,20
3993,16,12,2,2555.5892,3200,5,10,20
3994,14,5,2,2556.0063,1100,5,9,19
3995,18,9,2,2556.4701,5000,5,10,20
3996,3,10,2,2556.563,4300,5,4,6
3997,3,19,2,2556.6668,3400,7,4,6
3998,3,9,2,2557.0877,4500,6,4,6
3999,12,5,2,2557.4167,4700,7,8,17
4000,17,19,2,2558.3578,3100,7,10,20
4001,17,12,2,2558.659,2300,3,10,20
4002,17,7,2,2559.919,3200,6,10,20
4003,17,7,2,2560.1905,2500,5,10,20
4004,18,17,2,2560.5626,1800,3,10,20
4005,16,13,2,2560.9193,1900,7,10,20
4006,13,7,2,2561.0308,4100,3,9,18
4007,10,5,2,2562.0044,3300,3,7,14
4008,7,11,2,2562.0151,1800,6,6,11
4009,3,13,2,2562.6534,2900,4,4,6
4010,9,10,2,2562.9934,1300,5,7,13
4011,20,9,2,2564.6138,3500,7,10,20
4012,9,5,2,2565.6642,1000,5,7,13
4013,3,7,2,2565.875,1000,5,4,6
4014,18,20,2,2568.57,2400,6,10,20
4015,9,9,2,2568.5843,1100,6,7,13
4016,17,7,2,2569.0069,3300,7,10,20
4017,7,17,2,2569.3136,2800,5,6,11
4018,4,17,2,2573.0933,1600,3,4,8
4019,5,9,2,2574.2569,3100,7,5,9
4020,12,11,2,2574.3923,2100,7,8,17
4021,7,17,2,2574.712,2100,3,6,11
4022,5,17,2,2576.5257,3900,4,5,9
4023,7,6,2,2576.9454,3200,7,6,11
4024,9,10,2,2577.0122,5000,3,7,13
4025,11,14,2,2577.4327,4600,4,8,15
4026,6,14,2,2577.57,4200,5,5,10
4027,18,14,2,2577.748,4500,3,10,20
4028,4,15,2,2577.8972,4500,6,4,8
4029,10,14,2,2578.2858,4200,4,7,14
4030,11,7,2,2578.6245,4500,4,8,15
4031,15,12,2,2578.7546,1500,6,10,20
4032,6,13,2,2580.0036,1200,4,5,10
4033,9,12,2,2580.3493,1200,4,7,13
4034,3,17,2,2580.9249,1700,5,4,6
4035,15,11,2,2582.0511,4300,5,10,20
4036,18,12,2,2582.4673,4000,4,10,20
4037,17,12,2,2583.0266,4600,6,10,20
4038,15,18,2,2583.3242,2900,3,10,20
4039,11,5,2,2584.7592,2800,7,8,15
4040,3,12,2,2584.8093,2200,6,4,6
4041,4,13,2,2585.7151,3100,4,4,8
4042,8,15,2,2585.8871,3500,7,6,12
4043,14,19,2,2586.0204,5000,3,9,19
4044,12,18,2,2586.8409,4000,4,8,17
4045,7,15,2,2587.3602,4100,6,6,11
4046,20,17,2,2587.3742,1000,5,10,20
4047,3,17,2,2587.9276,4400,4,4,6
4048,6,13,2,2588.5377,1200,5,5,10
4049,11,16,2,2588.8107,2500,6,8,15
4050,9,9,2,2588.9492,4500,4,7,13
4051,4,9,2,2589.1497,4800,4,4,8
4052,9,8,2,2590.0205,3000,4,7,13
4053,10,17,2,2590.9344,1500,3,7,14
4054,15,16,2,2591.8001,3000,3,10,20
4055,11,5,2,2591.9631,4100,6,8,15
4056,18,18,2,2592.2613,3600,6,10,20
4057,15,11,2,2593.0579,4900,4,10,20
4058,20,5,2,2593.1089,4000,3,10,20
4059,6,16,2,2594.2414,4600,3,5,10
4060,8,6,2,2594.5095,4200,7,6,12
4061,12,15,2,2594.7823,2100,5,8,17
4062,3,13,2,2595.1514,3400,5,4,6
4063,6,15,2,2596.0909,2000,4,5,10
4064,15,12,2,2596.8032,3800,5,10,20
4065,6,9,2,2597.4519,3500,3,5,10
4066,12,7,2,2598.1376,2600,7,8,17
4067,19,8,2,2598.5101,3300,7,10,20
4068,17,9,2,2598.6037,1500,6,10,20
4069,16,15,2,2598.694,2100,6,10,20
4070,20,6,2,2598.8814,1300,4,10,20
4071,17,11,2,2598.9185,4200,4,10,20
4072,13,16,2,2600.9747,5000,7,9,18
4073,8,12,2,2601.3544,3500,7,6,12
4074,17,12,2,2602.0823,2100,3,10,20
4075,18,15,2,2602.9655,3700,5,10,20
4076,8,15,2,2603.0065,3400,4,6,12
4077,16,20,2,2604.7035,2900,4,10,20
4078,5,15,2,2605.0583,1200,7,5,9
4079,6,16,2,2605.3422,2200,6,5,10
4080,11,8,2,2605.7116,1300,5,8,15
4081,19,16,2,2606.2376,3700,5,10,20
4082,10,7,2,2606.4051,1200,6,7,14
4083,7,20,2,2607.4062,2900,4,6,11
4084,4,9,2,2607.766,3300,4,4,8
4085,5,7,2,2607.9696,4400,5,5,9
4086,16,6,2,2608.2267,3200,4,10,20
4087,9,17,2,2608.7461,2100,5,7,13
4088,4,12,2,2609.0342,3400,4,4,8
4089,4,11,2,2611.2262,2500,7,4,8
4090,12,9,2,2612.3348,1100,6,8,17
4091,3,17,2,2612.4188,4000,4,4,6
4092,11,20,2,2614.9341,2900,5,8,15
4093,15,10,2,2615.2487,2300,6,10,20
4094,13,7,2,2615.4669,3600,5,9,18
4095,4,16,2,2616.8992,1700,4,4,8
4096,3,14,2,2617.4288,4800,4,4,6
4097,3,5,2,2617.5029,3400,6,4,6
4098,18,13,2,2617.6808,2800,4,10,20
4099,14,20,2,2624.8773,4800,7,9,19
4100,10,16,2,2624.8934,1200,3,7,14
4101,3,8,2,2624.9862,2300,7,4,6
4102,15,14,2,2625.2574,4500,3,10,20
4103,9,8,2,2625.8324,2300,7,7,13
4104,8,13,2,2626.0473,1600,5,6,12
4105,10,16,2,2626.8188,3800,7,7,14
4106,5,5,2,2627.3966,1700,4,5,9
4107,7,15,2,2627.4052,2400,6,6,11
4108,11,8,2,2627.4268,2000,3,8,15
4109,17,9,2,2627.7114,4300,4,10,20
4110,13,20,2,2627.8322,4600,7,9,18
4111,19,9,2,2628.0906,2800,5,10,20
4112,9,17,2,2628.1134,2400,6,7,13
4113,20,14,2,2628.8717,1500,5,10,20
4114,10,18,2,2629.7058,4800,4,7,14
4115,6,13,2,2630.6429,4500,7,5,10
4116,9,6,2,2631.0255,1200,3,7,13
4117,14,5,2,2631.6581,2900,3,9,19
4118,13,16,2,2632.7395,3900,6,9,18
4119,4,16,2,2632.7886,3900,5,4,8
4120,13,15,2,2632.9785,1800,5,9,18
4121,5,19,2,2633.2166,4400,5,5,9
4122,17,12,2,2633.4285,5000,4,10,20
4123,11,16,2,2634.6963,2900,6,8,15
4124,18,6,2,2635.7753,3900,3,10,20
4125,20,14,2,2636.0188,2400,6,10,20
4126,18,15,2,2637.4002,3900,6,10,20
4127,17,18,2,2637.5069,2600,3,10,20
4128,9,15,2,2637.7223,3800,6,7,13
4129,9,12,2,2637.8649,1000,6,7,13
4130,20,9,2,2638.5659,4900,6,10,20
4131,17,7,2,2639.3267,4900,7,10,20
4132,10,7,2,2642.7723,3400,3,7,14
4133,17,10,2,2643.1974,2500,6,10,20
4134,10,13,2,2643.6817,3100,7,7,14
4135,19,19,2,2645.4706,2700,6,10,20
4136,7,10,2,2645.5801,2200,5,6,11
4137,3,20,2,2647.4713,4100,3,4,6
4138,8,5,2,2648.0922,4400,4,6,12
4139,9,11,2,2648.6998,2100,5,7,13
4140,7,15,2,2649.3618,1500,6,6,11
4141,7,17,2,2649.6876,4200,5,6,11
4142,8,15,2,2650.0659,1900,6,6,12
4143,5,6,2,2650.6398,1700,3,5,9
4144,13,10,2,2651.1076,2700,7,9,18
4145,5,18,2,2651.4453,4300,5,5,9
4146,17,16,2,2652.4831,3200,4,10,20
4147,17,8,2,2653.2245,5000,5,10,20
4148,16,20,2,2653.7274,3900,3,10,20
4149,4,17,2,2653.9877,3000,3,4,8
4150,16,12,2,2654.5033,3900,7,10,20
4151,3,6,2,2655.9065,4500,3,4,6
4152,15,16,2,2656.2755,2200,5,10,20
4153,15,7,2,2657.2115,2000,7,10,20
4154,3,17,2,2657.408,4100,3,4,6
4155,5,7,2,2657.6267,3400,4,5,9
4156,19,19,2,2658.9804,1100,3,10,20
4157,14,8,2,2659.1699,4000,4,9,19
4158,18,15,2,2659.4406,4800,5,10,20
4159,8,17,2,2659.5923,5000,7,6,12
4160,17,13,2,2659.7915,4800,3,10,20
4161,20,15,2,2660.7769,3100,5,10,20
4162,14,10,2,2661.5855,2700,4,9,19
4163,12,16,2,2661.6402,1900,3,8,17
4164,14,11,2,2661.6608,1400,4,9,19
4165,19,10,2,2662.3472,2300,6,10,20
4166,3,11,2,2662.6559,1200,5,4,6
4167,6,14,2,2663.0616,1400,7,5,10
4168,11,11,2,2664.5296,1600,6,8,15
4169,11,7,2,2665.4546,2300,4,8,15
4170,18,8,2,2666.4013,3700,7,10,20
4171,7,15,2,2666.7165,4100,3,6,11
4172,9,7,2,2667.0259,1800,7,7,13
4173,12,11,2,2667.0694,1700,4,8,17
4174,18,19,2,2667.6772,1300,7,10,20
4175,5,8,2,2667.8299,2600,3,5,9
4176,9,9,2,2668.7065,2400,6,7,13
4177,12,8,2,2668.7444,4700,4,8,17
4178,16,10,2,2670.1068,4400,6,10,20
4179,15,14,2,2670.5394,1200,3,10,20
4180,6,8,2,2670.7946,1900,3,5,10
4181,5,13,2,2671.3241,1900,4,5,9
4182,5,7,2,2671.4978,3800,5,5,9
4183,6,18,2,2672.4211,1700,5,5,10
4184,3,8,2,2672.8988,5000,5,4,6
4185,7,9,2,2674.1439,3000,3,6,11
4186,3,20,2,2674.998,2500,4,4,6
4187,4,11,2,2675.2444,3700,5,4,8
4188,10,19,2,2676.2178,3700,7,7,14
4189,11,5,2,2677.3343,3500,3,8,15
4190,4,12,2,2677.5873,2400,6,4,8
4191,12,7,2,2678.3233,1900,7,8,17
4192,6,7,2,2680.3529,3800,7,5,10
4193,3,10,2,2682.1447,1600,6,4,6
4194,18,18,2,2682.7666,2300,5,10,20
4195,4,7,2,2683.1353,2700,6,4,8
4196,7,15,2,2683.2137,5000,4,6,11
4197,19,15,2,2683.4742,1500,4,10,20
4198,10,5,2,2683.5515,1800,6,7,14
4199,4,9,2,2683.8415,4800,5,4,8
4200,14,10,2,2684.4545,2400,7,9,19
4201,7,19,2,2686.4299,3100,7,6,11
4202,3,11,2,2686.7884,3200,7,4,6
4203,12,17,2,2687.5866,2300,3,8,17
4204,20,11,2,2687.7589,1700,6,10,20
4205,3,6,2,2687.8621,4900,6,4,6
4206,18,13,2,2689.0696,1100,6,10,20
4207,19,17,2,2689.4083,4600,5,10,20
4208,19,12,2,2689.558,4800,4,10,20
4209,5,6,2,2690.1227,4800,3,5,9
4210,14,6,2,2691.1228,2900,4,9,19
4211,12,8,2,2691.8038,4900,3,8,17
4212,6,9,2,2691.9095,3400,5,5,10
4213,3,13,2,2693.2438,1600,6,4,6
4214,19,8,2,2694.3389,2800,5,10,20
4215,18,6,2,2696.0182,3000,3,10,20
4216,6,17,2,2697.6976,1900,7,5,10
4217,17,9,2,2698.4551,1700,3,10,20
4218,12,17,2,2698.4736,1400,7,8,17
4219,11,18,2,2698.5832,2400,5,8,15
4220,11,10,2,2699.0816,3900,7,8,15
4221,11,10,2,2700.2819,3000,5,8,15
4222,4,7,2,2700.813,2000,6,4,8
4223,5,10,2,2701.5148,2200,3,5,9
4224,8,17,2,2702.2035,1100,5,6,12
4225,4,11,2,2702.3274,4000,7,4,8
4226,10,15,2,2702.742,4800,4,7,14
4227,17,13,2,2703.0325,2500,7,10,20
4228,4,7,2,2703.828,2600,4,4,8
4229,5,17,2,2704.1595,2300,4,5,9
4230,10,11,2,2704.7121,4100,4,7,14
4231,18,15,2,2705.0667,3900,3,10,20
4232,15,19,2,2705.3107,1300,4,10,20
4233,10,19,2,2706.5092,1500,5,7,14
4234,15,5,2,2710.0464,3100,3,10,20
4235,5,14,2,2710.1908,1600,5,5,9
4236,10,10,2,2710.7013,1600,4,7,14
4237,9,20,2,2710.7423,1500,4,7,13
4238,11,5,2,2712.0353,2000,5,8,15
4239,16,14,2,2712.4806,4700,4,10,20
4240,12,14,2,2714.8293,3800,5,8,17
4241,14,11,2,2716.316,1500,3,9,19
4242,10,8,2,2718.4923,1400,3,7,14
4243,10,19,2,2719.0119,1700,7,7,14
4244,16,10,2,2719.3838,2800,6,10,20
4245,15,20,2,2721.3504,1500,4,10,20
4246,12,5,2,2721.9482,2800,6,8,17
4247,11,19,2,2722.4808,3700,4,8,15
4248,13,12,2,2723.0557,4900,3,9,18
4249,18,12,2,2723.3922,3900,6,10,20
4250,17,19,2,2724.4301,3100,5,10,20
4251,8,14,2,2725.0653,1900,5,6,12
4252,5,12,2,2725.7173,4600,3,5,9
4253,9,14,2,2725.8202,1400,7,7,13
4254,4,19,2,2725.8464,4600,5,4,8
4255,19,14,2,2726.0588,1000,3,10,20
4256,19,16,2,2726.3334,3800,6,10,20
4257,17,17,2,2726.8056,2000,5,10,20
4258,8,11,2,2726.9703,4700,4,6,12
4259,9,14,2,2727.2003,3400,5,7,13
4260,8,16,2,2727.7311,2000,7,6,12
4261,4,7,2,2728.178,3600,6,4,8
4262,5,12,2,2728.3251,2000,4,5,9
4263,8,8,2,2728.4452,3800,6,6,12
4264,15,6,2,2728.4786,2100,5,10,20
4265,12,7,2,2728.4904,3000,3,8,17
4266,11,17,2,2728.534,1300,4,8,15
4267,20,6,2,2729.4649,2100,3,10,20
4268,12,14,2,2729.5697,2800,6,8,17
4269,14,8,2,2729.7592,4900,7,9,19
4270,13,19,2,2729.8959,2700,4,9,18
4271,7,5,2,2730.6612,4700,4,6,11
4272,3,20,2,2731.804,1600,3,4,6
4273,20,16,2,2732.9452,1700,3,10,20
4274,5,15,2,2733.1705,1500,4,5,9
4275,12,8,2,2734.5406,1900,7,8,17
4276,17,5,2,2737.0995,3400,7,10,20
4277,5,7,2,2737.174,3800,6,5,9
4278,14,14,2,2737.3168,1100,7,9,19
4279,17,11,2,2737.3222,2400,3,10,20
4280,8,5,2,2737.7551,3700,6,6,12
4281,13,18,2,2738.7149,1600,3,9,18
4282,5,20,2,2738.9955,2400,3,5,9
4283,12,14,2,2740.1148,3800,6,8,17
4284,15,18,2,2740.3273,3600,3,10,20
4285,11,10,2,2740.4643,2900,5,8,15
4286,15,7,2,2740.7998,2200,3,10,20
4287,18,18,2,2741.055,1200,6,10,20
4288,14,11,2,2744.0235,3800,6,9,19
4289,10,19,2,2744.0683,3600,5,7,14
4290,20,5,2,2744.7574,2000,5,10,20
4291,3,8,2,2745.4206,3400,3,4,6
4292,4,9,2,2745.7884,1300,5,4,8
4293,3,6,2,2746.1505,2300,6,4,6
4294,16,19,2,2748.0746,1200,5,10,20
4295,9,9,2,2750.2074,2000,4,7,13
4296,7,5,2,2751.3783,1100,6,6,11
4297,4,10,2,2751.5429,4600,4,4,8
4298,10,10,2,2752.247,1100,4,7,14
4299,16,13,2,2752.4481,4600,7,10,20
4300,16,11,2,2752.7918,2900,3,10,20
4301,12,14,2,2754.7604,3600,7,8,17
4302,18,13,2,2756.8334,2300,7,10,20
4303,20,18,2,2757.0476,1400,3,10,20
4304,7,19,2,2757.3338,2400,3,6,11
4305,6,18,2,2758.494,2100,3,5,10
4306,15,7,2,2758.5038,1900,7,10,20
4307,18,13,2,2759.0624,1700,5,10,20
4308,14,6,2,2759.1054,1100,6,9,19
4309,16,17,2,2760.8729,1800,5,10,20
4310,16,6,2,2760.9906,2000,3,10,20
4311,6,5,2,2761.8758,2300,7,5,10
4312,12,8,2,2762.094,4300,3,8,17
4313,18,11,2,2762.2202,5000,5,10,20
4314,15,14,2,2762.2467,1800,5,10,20
4315,7,19,2,2763.4867,3500,7,6,11
4316,14,13,2,2763.5833,3700,7,9,19
4317,15,8,2,2764.7727,3700,6,10,20
4318,8,15,2,2764.8095,1600,5,6,12
4319,4,6,2,2765.6845,2400,7,4,8
4320,19,9,2,2765.7105,2300,4,10,20
4321,6,7,2,2766.2528,1600,6,5,10
4322,6,20,2,2767.2231,3500,6,5,10
4323,14,11,2,2768.2167,1800,3,9,19
4324,3,18,2,2769.0463,1100,4,4,6
4325,9,18,2,2769.3565,4000,6,7,13
4326,3,11,2,2770.5228,4700,4,4,6
4327,20,5,2,2771.9241,1400,6,10,20
4328,15,11,2,2773.1151,3200,5,10,20
4329,5,12,2,2774.2383,1700,5,5,9
4330,17,11,2,2774.7414,2500,3,10,20
4331,13,17,2,2774.7748,2500,6,9,18
4332,5,9,2,2774.8363,3200,3,5,9
4333,8,14,2,2776.6091,2800,6,6,12
4334,18,11,2,2776.9286,4800,6,10,20
4335,5,14,2,2778.5258,1900,3,5,9
4336,19,6,2,2778.6325,3900,7,10,20
4337,4,8,2,2780.0382,1700,4,4,8
4338,5,7,2,2780.4938,4100,6,5,9
4339,7,12,2,2782.3536,1500,5,6,11
4340,20,5,2,2782.357,2900,4,10,20
4341,6,14,2,2782.4157,2000,5,5,10
4342,5,12,2,2782.4175,1900,7,5,9
4343,3,10,2,2783.1032,2400,7,4,6
4344,17,9,2,2783.4475,3700,5,10,20
4345,16,13,2,2785.3982,2500,4,10,20
4346,8,13,2,2788.1201,1200,4,6,12
4347,6,19,2,2788.5506,3400,3,5,10
4348,17,17,2,2788.9244,2500,4,10,20
4349,18,7,2,2789.4206,3400,7,10,20
4350,15,14,2,2789.8891,3900,7,10,20
4351,17,14,2,2789.9306,1100,4,10,20
4352,15,18,2,2790.9716,2100,3,10,20
4353,16,16,2,2791.6518,1700,7,10,20
4354,7,10,2,2792.1879,1700,7,6,11
4355,20,7,2,2792.2202,1100,6,10,20
4356,12,9,2,2792.7065,3800,6,8,17
4357,4,5,2,2793.2928,1800,3,4,8
4358,8,5,2,2793.7345,3600,5,6,12
4359,15,12,2,2794.1436,1600,6,10,20
4360,15,7,2,2794.6331,1200,6,10,20
4361,3,5,2,2795.0538,3900,6,4,6
4362,18,6,2,2796.075,2000,7,10,20
4363,5,6,2,2796.3587,1100,3,5,9
4364,8,6,2,2796.5739,3400,7,6,12
4365,5,19,2,2797.0385,2600,3,5,9
4366,8,19,2,2797.1076,3200,3,6,12
4367,9,13,2,2797.1714,3100,5,7,13
4368,8,20,2,2798.1629,1000,4,6,12
4369,18,10,2,2799.5447,1400,5,10,20
4370,10,17,2,2799.7527,2500,5,7,14
4371,19,19,2,2800.4138,3800,5,10,20
4372,3,11,2,2800.5134,4600,5,4,6
4373,18,20,2,2800.5457,4000,4,10,20
4374,12,13,2,2800.9816,4900,7,8,17
4375,13,20,2,2802.2811,2400,6,9,18
4376,10,19,2,2804.5295,1200,4,7,14
4377,10,13,2,2806.0429,4100,3,7,14
4378,16,10,2,2806.2825,3600,6,10,20
4379,18,19,2,2806.8426,1500,5,10,20
4380,7,6,2,2807.9877,4900,7,6,11
4381,11,12,2,2808.6599,4800,7,8,15
4382,14,14,2,2809.1177,2900,4,9,19
4383,17,8,2,2809.305,4400,7,10,20
4384,5,16,2,2809.3164,3000,3,5,9
4385,12,14,2,2811.1767,3100,7,8,17
4386,10,15,2,2811.283,1500,4,7,14
4387,16,15,2,2811.6828,3200,6,10,20
4388,11,18,2,2811.7719,3200,6,8,15
4389,16,13,2,2812.1461,1600,4,10,20
4390,7,7,2,2812.5289,3900,6,6,11
4391,14,10,2,2813.6777,2600,3,9,19
4392,9,15,2,2815.1821,3400,7,7,13
4393,7,13,2,2815.2801,4600,6,6,11
4394,8,17,2,2815.3159,1000,4,6,12
4395,10,6,2,2815.7006,4200,5,7,14
4396,15,9,2,2816.2581,1400,6,10,20
4397,7,10,2,2817.0945,1400,5,6,11
4398,3,17,2,2817.5381,2800,4,4,6
4399,16,7,2,2817.8491,3400,5,10,20
4400,5,6,2,2818.0274,3900,5,5,9
4401,15,18,2,2819.1443,1700,6,10,20
4402,9,20,2,2822.1247,2800,7,7,13
4403,18,20,2,2822.6776,2700,4,10,20
4404,8,17,2,2823.0544,2700,5,6,12
4405,20,15,2,2823.2438,1600,4,10,20
4406,6,7,2,2825.0863,4400,3,5,10
4407,13,10,2,2826.4797,3700,4,9,18
4408,15,5,2,2829.1704,5000,5,10,20
4409,9,17,2,2830.6291,1900,7,7,13
4410,5,6,2,2832.4708,1400,4,5,9
4411,11,8,2,2832.6919,1100,4,8,15
4412,3,6,2,2833.4783,1500,5,4,6
4413,19,14,2,2834.3736,2200,7,10,20
4414,9,6,2,2834.4722,5000,5,7,13
4415,6,13,2,2834.7249,2200,4,5,10
4416,6,16,2,2834.8927,3400,3,5,10
4417,16,17,2,2834.9111,3900,3,10,20
4418,5,9,2,2835.261,1300,5,5,9
4419,7,15,2,2836.3846,2100,4,6,11
4420,8,12,2,2837.8543,3300,6,6,12
4421,9,9,2,2838.6422,1400,6,7,13
4422,7,9,2,2838.7131,3900,7,6,11
4423,20,10,2,2839.3203,3200,7,10,20
4424,8,15,2,2839.7672,4600,4,6,12
4425,3,19,2,2839.9755,3200,6,4,6
4426,17,17,2,2840.0922,4200,3,10,20
4427,9,17,2,2840.61,1000,3,7,13
4428,18,20,2,2841.4872,3700,7,10,20
4429,11,18,2,2842.587,1700,5,8,15
4430,7,10,2,2844.1614,3800,3,6,11
4431,20,17,2,2844.1634,2000,3,10,20
4432,20,5,2,2844.3462,4000,6,10,20
4433,16,18,2,2844.371,2200,4,10,20
4434,13,7,2,2844.4823,1500,6,9,18
4435,13,6,2,2844.6146,1100,7,9,18
4436,14,20,2,2845.252,4100,5,9,19
4437,13,19,2,2845.6216,1700,3,9,18
4438,9,15,2,2845.7859,4900,7,7,13
4439,9,13,2,2847.7496,4000,5,7,13
4440,4,12,2,2848.1167,4700,7,4,8
4441,6,17,2,2849.0507,4000,5,5,10
4442,15,12,2,2851.6885,1800,6,10,20
4443,4,7,2,2851.7066,2100,5,4,8
4444,12,20,2,2851.7163,2900,5,8,17
4445,11,10,2,2852.5125,4100,5,8,15
4446,6,18,2,2852.5875,4500,5,5,10
4447,17,13,2,2852.8047,4300,5,10,20
4448,19,13,2,2852.8714,3600,6,10,20
4449,15,8,2,2853.2229,1000,7,10,20
4450,11,12,2,2853.8385,4300,5,8,15
4451,12,12,2,2854.3438,2500,6,8,17
4452,19,10,2,2854.4244,3400,7,10,20
4453,5,10,2,2854.7562,4600,4,5,9
4454,14,15,2,2855.1288,3300,4,9,19
4455,8,19,2,2855.3941,5000,6,6,12
4456,10,17,2,2855.4638,3100,6,7,14
4457,18,6,2,2857.536,4400,5,10,20
4458,8,19,2,2857.543,4900,7,6,12
4459,19,14,2,2857.7567,1300,4,10,20
4460,15,9,2,2857.9669,4200,3,10,20
4461,11,12,2,2858.0912,2000,5,8,15
4462,16,13,2,2859.1798,2200,3,10,20
4463,3,6,2,2859.8877,4800,7,4,6
4464,3,8,2,2860.5641,4300,7,4,6
4465,3,17,2,2861.471,1400,5,4,6
4466,11,7,2,2862.9751,4900,5,8,15
4467,4,10,2,2863.1573,2300,3,4,8
4468,13,19,2,2864.0691,2200,7,9,18
4469,9,12,2,2864.7606,3200,4,7,13
4470,4,18,2,2865.1229,3900,6,4,8
4471,15,9,2,2866.7742,5000,5,10,20
4472,15,10,2,2869.5593,4600,6,10,20
4473,4,6,2,2869.7227,1500,5,4,8
4474,5,6,2,2869.9821,1600,7,5,9
4475,5,19,2,2870.1757,3000,4,5,9
4476,13,6,2,2870.4892,2700,4,9,18
4477,16,15,2,2870.8126,4300,5,10,20
4478,16,18,2,2870.9115,3600,7,10,20
4479,13,20,2,2871.1962,3900,5,9,18
4480,11,12,2,2871.6919,4300,4,8,15
4481,19,18,2,2871.8822,4800,7,10,20
4482,12,9,2,2872.7404,2100,3,8,17
4483,13,20,2,2873.1593,4200,6,9,18
4484,9,12,2,2873.9484,2500,3,7,13
4485,17,17,2,2875.078,2600,7,10,20
4486,19,8,2,2876.8158,2300,4,10,20
4487,3,19,2,2877.2785,4500,6,4,6
4488,19,7,2,2877.382,4000,3,10,20
4489,4,8,2,2877.6611,2600,6,4,8
4490,6,8,2,2877.6994,4000,3,5,10
4491,19,12,2,2878.7171,4700,3,10,20
4492,14,16,2,2880.6019,2800,3,9,19
4493,7,5,2,2881.4306,3000,4,6,11
4494,4,19,2,2881.4659,3300,6,4,8
4495,15,19,2,2883.1596,4500,6,10,20
4496,5,15,2,2883.1711,2200,5,5,9
4497,3,5,2,2884.4608,1800,4,4,6
4498,19,6,2,2884.7541,3400,5,10,20
4499,8,9,2,2884.7791,4800,3,6,12
4500,8,15,2,2887.1367,1400,7,6,12
4501,3,20,2,2887.1751,2000,3,4,6
4502,11,15,2,2889.2695,4300,6,8,15
4503,13,14,2,2890.0396,4900,4,9,18
4504,9,18,2,2890.4255,4600,5,7,13
4505,18,8,2,2890.4736,2500,6,10,20
4506,16,5,2,2891.7285,4300,6,10,20
4507,13,7,2,2891.7317,2900,6,9,18
4508,17,15,2,2892.2194,1700,7,10,20
4509,14,5,2,2892.8923,4000,7,9,19
4510,4,15,2,2893.8286,1900,4,4,8
4511,19,20,2,2894.2611,2500,6,10,20
4512,15,15,2,2895.4223,1000,5,10,20
4513,4,16,2,2896.0148,4000,4,4,8
4514,19,16,2,2896.8139,3500,6,10,20
4515,3,9,2,2896.975,3600,6,4,6
4516,7,8,2,2897.7901,1000,7,6,11
4517,10,18,2,2898.0655,1500,3,7,14
4518,6,11,2,2898.5381,4500,5,5,10
4519,17,11,2,2899.0206,1500,7,10,20
4520,20,15,2,2901.1597,4800,3,10,20
4521,5,7,2,2901.2408,2900,4,5,9
4522,18,10,2,2901.6314,2800,4,10,20
4523,3,5,2,2903.6057,2500,6,4,6
4524,10,6,2,2903.7852,3800,5,7,14
4525,17,16,2,2904.9206,3800,5,10,20
4526,7,12,2,2906.4948,2100,4,6,11
4527,11,16,2,2906.9936,2900,4,8,15
4528,14,16,2,2908.2476,2500,5,9,19
4529,7,19,2,2908.8905,4700,3,6,11
4530,7,20,2,2909.3283,1100,3,6,11
4531,10,12,2,2910.2159,3100,3,7,14
4532,3,18,2,2910.5734,4800,3,4,6
4533,5,17,2,2912.9746,4800,4,5,9
4534,17,7,2,2913.2604,3900,3,10,20
4535,20,11,2,2913.5834,2100,6,10,20
4536,16,19,2,2913.6033,1600,4,10,20
4537,9,12,2,2913.8557,3300,3,7,13
4538,8,9,2,2914.1746,3100,3,6,12
4539,5,7,2,2914.6999,2100,3,5,9
4540,10,10,2,2915.7743,3100,7,7,14
4541,13,15,2,2916.4674,4600,3,9,18
4542,14,7,2,2916.7224,3600,5,9,19
4543,16,13,2,2916.7264,4300,3,10,20
4544,6,13,2,2917.0608,4900,5,5,10
4545,19,11,2,2917.5569,3100,4,10,20
4546,3,5,2,2919.2949,4900,5,4,6
4547,12,13,2,2919.4434,1600,4,8,17
4548,10,8,2,2920.6219,4800,4,7,14
4549,16,13,2,2921.1321,1600,6,10,20
4550,3,17,2,2921.9309,4200,6,4,6
4551,11,11,2,2922.3682,4200,6,8,15
4552,8,10,2,2924.3109,4000,7,6,12
4553,17,5,2,2925.154,2700,7,10,20
4554,19,7,2,2925.4606,4200,3,10,20
4555,19,9,2,2926.08,3900,6,10,20
4556,5,19,2,2926.2268,1600,7,5,9
4557,13,18,2,2927.0224,4300,3,9,18
4558,3,16,2,2928.8658,2800,4,4,6
4559,3,20,2,2929.3981,2400,7,4,6
4560,6,9,2,2929.6298,5000,7,5,10
4561,17,12,2,2930.3486,1000,6,10,20
4562,19,20,2,2931.0405,3000,6,10,20
4563,8,7,2,2931.4496,4900,7,6,12
4564,8,20,2,2931.4997,2400,4,6,12
4565,15,14,2,2931.59,1600,4,10,20
4566,11,5,2,2931.8578,4600,7,8,15
4567,8,20,2,2932.1499,2100,4,6,12
4568,15,19,2,2933.7585,2300,3,10,20
4569,5,19,2,2933.7916,4100,7,5,9
4570,9,18,2,2933.8263,4100,6,7,13
4571,17,6,2,2933.8567,4300,3,10,20
4572,3,8,2,2934.1064,4300,4,4,6
4573,11,18,2,2936.4596,1500,4,8,15
4574,13,6,2,2936.4846,4800,5,9,18
4575,10,8,2,2936.4928,2000,7,7,14
4576,5,12,2,2936.5192,2600,7,5,9
4577,20,10,2,2937.4569,2900,3,10,20
4578,11,10,2,2937.9015,4600,7,8,15
4579,5,6,2,2939.1572,1100,7,5,9
4580,4,8,2,2939.8093,2700,3,4,8
4581,10,15,2,2940.2196,2600,5,7,14
4582,14,18,2,2941.7039,5000,7,9,19
4583,13,7,2,2942.6513,2600,5,9,18
4584,4,15,2,2943.1537,3300,3,4,8
4585,17,10,2,2943.2167,4700,5,10,20
4586,7,18,2,2943.2216,5000,5,6,11
4587,19,16,2,2944.9295,2300,5,10,20
4588,5,15,2,2946.3357,4600,3,5,9
4589,17,19,2,2946.3544,3300,7,10,20
4590,5,15,2,2946.9461,1200,7,5,9
4591,5,13,2,2948.5827,1600,3,5,9
4592,15,18,2,2949.6449,4400,6,10,20
4593,8,6,2,2949.9385,3500,7,6,12
4594,13,14,2,2950.0653,1000,5,9,18
4595,9,19,2,2951.142,4500,5,7,13
4596,10,5,2,2951.4431,1600,5,7,14
4597,13,13,2,2951.4481,3400,4,9,18
4598,20,8,2,2952.5498,1600,5,10,20
4599,17,11,2,2952.774,4200,5,10,20
4600,8,7,2,2952.9347,4800,7,6,12
4601,5,15,2,2953.0066,1300,4,5,9
4602,7,10,2,2956.6371,1500,6,6,11
4603,12,14,2,2956.8094,3700,3,8,17
4604,17,9,2,2957.8093,1000,5,10,20
4605,10,8,2,2959.1542,2700,5,7,14
4606,12,7,2,2960.1062,2700,5,8,17
4607,20,18,2,2960.1421,4200,4,10,20
4608,6,14,2,2960.7706,5000,4,5,10
4609,6,6,2,2963.2099,1500,3,5,10
4610,3,9,2,2963.4386,1800,5,4,6
4611,9,12,2,2965.1195,1900,7,7,13
4612,7,11,2,2965.6124,1300,5,6,11
4613,4,7,2,2965.6354,3900,7,4,8
4614,3,8,2,2966.0108,1100,5,4,6
4615,7,12,2,2966.5391,3500,6,6,11
4616,8,12,2,2966.6935,2600,3,6,12
4617,9,13,2,2967.7646,1900,3,7,13
4618,16,7,2,2968.8427,4600,3,10,20
4619,14,20,2,2969.2995,3900,7,9,19
4620,17,18,2,2969.3358,2100,4,10,20
4621,9,13,2,2971.5946,4700,5,7,13
4622,4,6,2,2971.6243,1200,6,4,8
4623,6,5,2,2972.7444,2000,3,5,10
4624,4,13,2,2973.2568,4100,6,4,8
4625,18,9,2,2973.8096,1900,4,10,20
4626,11,17,2,2973.9886,3100,7,8,15
4627,3,6,2,2974.3597,2400,4,4,6
4628,17,7,2,2974.945,4500,5,10,20
4629,16,18,2,2974.9841,1200,5,10,20
4630,12,20,2,2976.4077,4100,6,8,17
4631,20,20,2,2978.8424,1900,3,10,20
4632,9,12,2,2979.1319,2600,7,7,13
4633,5,14,2,2979.4158,3800,6,5,9
4634,5,7,2,2979.5295,5000,7,5,9
4635,14,13,2,2979.6822,2800,4,9,19
4636,18,12,2,2980.9698,3100,7,10,20
4637,3,17,2,2981.2832,4900,5,4,6
4638,5,12,2,2981.6022,3400,3,5,9
4639,9,5,2,2982.408,1200,7,7,13
4640,20,15,2,2983.09,4900,4,10,20
4641,19,5,2,2983.8848,2300,5,10,20
4642,4,10,2,2984.1923,1900,3,4,8
4643,9,19,2,2984.6022,2500,4,7,13
4644,16,10,2,2985.5235,3500,7,10,20
4645,14,17,2,2986.1259,5000,3,9,19
4646,9,19,2,2986.6263,4000,6,7,13
4647,8,16,2,2987.4947,2900,3,6,12
4648,20,5,2,2988.3143,3400,3,10,20
4649,12,6,2,2989.0968,4700,6,8,17
4650,11,18,2,2989.7528,3700,5,8,15
4651,4,11,2,2990.5996,3800,3,4,8
4652,10,5,2,2991.1776,4900,4,7,14
4653,11,17,2,2992.2375,2500,7,8,15
4654,3,8,2,2992.5013,1500,3,4,6
4655,17,19,2,2992.5324,4200,5,10,20
4656,19,15,2,2993.6739,1100,4,10,20
4657,7,6,2,2995.3102,1200,7,6,11
4658,13,16,2,2996.7336,1900,6,9,18
4659,10,5,2,3000.4822,3600,3,7,14
4660,6,10,2,3002.1427,4300,3,5,10
4661,18,16,2,3003.0688,2200,3,10,20
4662,13,11,2,3003.9824,4500,3,9,18
4663,15,8,2,3004.0658,2400,5,10,20
4664,7,16,2,3005.2399,1100,3,6,11
4665,11,7,2,3005.8589,1400,4,8,15
4666,10,9,2,3005.8628,1800,7,7,14
4667,7,16,2,3006.2379,4900,4,6,11
4668,4,10,2,3006.456,1300,7,4,8
4669,11,12,2,3006.5141,1600,5,8,15
4670,6,6,2,3007.3981,2900,5,5,10
4671,5,5,2,3007.7931,1700,7,5,9
4672,12,9,2,3008.852,2500,7,8,17
4673,18,19,2,3009.5797,1500,4,10,20
4674,6,10,2,3009.8519,1700,7,5,10
4675,7,7,2,3010.263,2600,6,6,11
4676,18,14,2,3010.2649,5000,4,10,20
4677,20,6,2,3011.875,2900,4,10,20
4678,7,20,2,3013.4405,2500,7,6,11
4679,14,20,2,3013.8803,1500,4,9,19
4680,14,11,2,3014.5119,2700,7,9,19
4681,13,10,2,3014.9379,3200,5,9,18
4682,17,16,2,3015.0006,1600,5,10,20
4683,6,14,2,3015.3538,4100,7,5,10
4684,13,7,2,3015.47,5000,4,9,18
4685,11,11,2,3016.8259,1300,3,8,15
4686,7,6,2,3016.9504,2300,7,6,11
4687,20,15,2,3019.6116,4800,6,10,20
4688,16,15,2,3021.1004,3200,4,10,20
4689,3,16,2,3021.1703,2500,6,4,6
4690,11,15,2,3021.9007,1900,3,8,15
4691,19,5,2,3022.5538,3600,6,10,20
4692,3,13,2,3023.8617,4000,5,4,6
4693,9,11,2,3025.4686,1200,4,7,13
4694,19,12,2,3026.281,3000,6,10,20
4695,3,9,2,3026.4419,1100,7,4,6
4696,12,5,2,3027.3392,1700,7,8,17
4697,3,10,2,3027.3396,1300,3,4,6
4698,20,11,2,3027.387,2500,3,10,20
4699,19,13,2,3027.4166,2500,3,10,20
4700,7,7,2,3028.1417,4300,6,6,11
4701,4,20,2,3028.3321,3900,4,4,8
4702,19,9,2,3028.9102,2600,4,10,20
4703,14,6,2,3029.3346,1700,7,9,19
4704,3,20,2,3029.5701,2400,7,4,6
4705,10,11,2,3029.6275,3200,4,7,14
4706,4,5,2,3030.5239,2500,7,4,8
4707,20,17,2,3031.1175,4100,5,10,20
4708,20,8,2,3033.2582,2900,7,10,20
4709,11,6,2,3033.3882,3200,3,8,15
4710,8,8,2,3033.876,4300,4,6,12
4711,15,16,2,3035.1922,3100,3,10,20
4712,20,8,2,3035.8207,1600,6,10,20
4713,6,12,2,3035.8942,2700,3,5,10
4714,20,8,2,3036.5214,1000,3,10,20
4715,3,14,2,3038.3062,2000,5,4,6
4716,19,19,2,3040.0064,1500,4,10,20
4717,4,17,2,3040.0775,2800,3,4,8
4718,7,14,2,3041.8012,3100,7,6,11
4719,15,16,2,3042.2781,3600,4,10,20
4720,4,15,2,3042.3728,3200,3,4,8
4721,15,20,2,3042.7348,1900,7,10,20
4722,18,9,2,3043.2987,4400,4,10,20
4723,8,11,2,3045.2321,3100,6,6,12
4724,15,17,2,3046.2022,4700,5,10,20
4725,3,14,2,3046.7738,4600,7,4,6
4726,15,13,2,3047.4331,3100,6,10,20
4727,20,15,2,3048.8468,1800,6,10,20
4728,7,19,2,3049.4428,2900,3,6,11
4729,16,5,2,3050.4677,1200,6,10,20
4730,16,14,2,3051.4205,4000,5,10,20
4731,5,9,2,3051.4642,1000,4,5,9
4732,10,12,2,3052.3748,4200,4,7,14
4733,15,11,2,3053.1858,4200,5,10,20
4734,17,9,2,3053.7469,3000,3,10,20
4735,15,10,2,3055.0777,2000,3,10,20
4736,10,15,2,3055.4682,1100,5,7,14
4737,5,12,2,3056.8759,4600,6,5,9
4738,9,12,2,3057.2902,2400,6,7,13
4739,8,12,2,3057.5084,2600,4,6,12
4740,9,11,2,3057.6424,1000,6,7,13
4741,19,10,2,3058.9121,2000,7,10,20
4742,16,11,2,3059.6936,2100,6,10,20
4743,11,7,2,3060.9317,1100,3,8,15
4744,17,14,2,3062.4456,4400,4,10,20
4745,7,13,2,3062.9497,1900,3,6,11
4746,19,20,2,3062.9723,1400,3,10,20
4747,5,9,2,3063.511,4400,5,5,9
4748,20,10,2,3063.8291,1800,4,10,20
4749,10,18,2,3063.8672,1900,4,7,14
4750,3,18,2,3064.1489,3900,3,4,6
4751,15,20,2,3064.3593,2100,5,10,20
4752,4,20,2,3064.536,4100,4,4,8
4753,14,17,2,3065.7618,3300,4,9,19
4754,13,12,2,3065.7711,1900,4,9,18
4755,8,9,2,3065.8357,4000,6,6,12
4756,15,20,2,3066.028,2700,6,10,20
4757,10,19,2,3067.53,3600,7,7,14
4758,11,8,2,3067.5426,2000,5,8,15
4759,12,11,2,3067.7387,3300,7,8,17
4760,7,11,2,3067.7544,1600,3,6,11
4761,13,5,2,3068.3804,4000,7,9,18
4762,6,10,2,3068.7369,3900,5,5,10
4763,5,6,2,3069.1361,5000,6,5,9
4764,6,11,2,3070.7283,2200,3,5,10
4765,6,6,2,3071.0324,3000,6,5,10
4766,9,6,2,3071.2439,3100,3,7,13
4767,5,13,2,3071.2983,4200,3,5,9
4768,16,12,2,3071.8276,1700,7,10,20
4769,5,11,2,3073.824,3600,5,5,9
4770,13,7,2,3074.3918,4800,6,9,18
4771,18,11,2,3074.7213,3100,6,10,20
4772,10,16,2,3075.8468,3300,6,7,14
4773,16,18,2,3076.0928,3900,7,10,20
4774,19,16,2,3076.5157,3200,6,10,20
4775,4,12,2,3076.5355,1600,4,4,8
4776,15,9,2,3076.8597,4300,7,10,20
4777,5,9,2,3077.7643,1400,6,5,9
4778,14,5,2,3078.1737,4500,3,9,19
4779,13,19,2,3079.3664,1200,6,9,18
4780,17,14,2,3080.1474,3900,3,10,20
4781,3,20,2,3080.4236,1900,4,4,6
4782,14,13,2,3081.1435,1500,6,9,19
4783,3,5,2,3081.6653,3500,4,4,6
4784,11,12,2,3081.7208,3100,6,8,15
4785,8,12,2,3081.829,2400,3,6,12
4786,17,18,2,3082.9326,2800,7,10,20
4787,6,5,2,3083.9206,3800,7,5,10
4788,7,6,2,3084.3532,1900,4,6,11
4789,17,17,2,3084.4609,1500,5,10,20
4790,13,11,2,3084.6062,1400,6,9,18
4791,3,15,2,3084.6237,1100,5,4,6
4792,5,7,2,3084.9604,1700,5,5,9
4793,9,6,2,3090.1246,4700,3,7,13
4794,8,17,2,3090.3671,4800,7,6,12
4795,13,19,2,3090.9567,4300,3,9,18
4796,4,11,2,3093.4192,3500,6,4,8
4797,12,10,2,3093.4471,3800,3,8,17
4798,7,12,2,3094.7243,1700,5,6,11
4799,19,18,2,3095.8487,1200,3,10,20
4800,3,13,2,3096.4832,4200,4,4,6
4801,16,19,2,3097.5525,1200,6,10,20
4802,20,17,2,3098.2424,4200,4,10,20
4803,12,7,2,3099.0414,1600,5,8,17
4804,20,11,2,3099.376,2500,3,10,20
4805,18,12,2,3100.3607,1100,6,10,20
4806,11,9,2,3100.6497,1300,5,8,15
4807,17,14,2,3100.6932,1200,6,10,20
4808,15,14,2,3101.2873,2800,6,10,20
4809,12,16,2,3101.3511,3800,3,8,17
4810,14,13,2,3101.6302,4700,3,9,19
4811,4,8,2,3101.8856,1700,3,4,8
4812,17,17,2,3102.4544,2700,3,10,20
4813,6,19,2,3102.576,2200,5,5,10
4814,13,19,2,3103.5432,3700,3,9,18
4815,12,7,2,3103.6194,3900,6,8,17
4816,18,14,2,3104.0128,3100,4,10,20
4817,8,17,2,3104.8206,4500,6,6,12
4818,19,17,2,3105.07,4200,5,10,20
4819,15,16,2,3105.9975,4900,7,10,20
4820,6,7,2,3106.2108,3300,7,5,10
4821,10,6,2,3106.3583,4800,6,7,14
4822,17,6,2,3107.6086,1300,6,10,20
4823,17,9,2,3109.0222,4500,7,10,20
4824,18,7,2,3109.587,3300,7,10,20
4825,13,7,2,3110.1184,3300,4,9,18
4826,10,19,2,3111.0267,4400,7,7,14
4827,11,16,2,3111.0375,2000,5,8,15
4828,17,17,2,3111.9871,5000,7,10,20
4829,12,19,2,3112.4829,3000,3,8,17
4830,10,8,2,3112.7616,5000,5,7,14
4831,7,9,2,3113.4259,2100,5,6,11
4832,15,8,2,3114.1387,2700,6,10,20
4833,7,5,2,3114.2541,1500,3,6,11
4834,20,19,2,3114.4357,2000,5,10,20
4835,10,18,2,3114.902,5000,3,7,14
4836,7,12,2,3115.0205,1100,4,6,11
4837,7,11,2,3115.7077,4600,6,6,11
4838,7,19,2,3116.4244,2900,6,6,11
4839,16,13,2,3116.569,4100,7,10,20
4840,19,18,2,3117.9952,4800,5,10,20
4841,17,9,2,3118.2173,2100,6,10,20
4842,4,16,2,3118.3651,1000,7,4,8
4843,6,8,2,3120.6103,4400,7,5,10
4844,7,10,2,3120.7245,2500,3,6,11
4845,15,18,2,3120.7651,2900,3,10,20
4846,12,19,2,3120.9083,2400,3,8,17
4847,7,16,2,3121.1828,4200,5,6,11
4848,9,20,2,3121.7945,3100,4,7,13
4849,10,17,2,3122.4898,1100,6,7,14
4850,18,17,2,3122.9254,3300,5,10,20
4851,5,9,2,3122.9282,2700,5,5,9
4852,5,10,2,3123.2814,1300,5,5,9
4853,11,11,2,3124.2334,1100,5,8,15
4854,4,5,2,3124.9344,3400,7,4,8
4855,3,8,2,3124.97,2900,7,4,6
4856,8,12,2,3126.1414,4200,6,6,12
4857,16,19,2,3126.273,3400,7,10,20
4858,8,9,2,3126.8722,1600,5,6,12
4859,8,18,2,3127.1098,2700,3,6,12
4860,15,5,2,3127.2,3900,5,10,20
4861,11,18,2,3127.5306,1000,3,8,15
4862,5,8,2,3127.5552,2000,6,5,9
4863,14,17,2,3127.8741,1700,4,9,19
4864,11,10,2,3129.1808,3300,4,8,15
4865,15,5,2,3129.7437,4300,5,10,20
4866,13,20,2,3130.5254,2900,7,9,18
4867,17,10,2,3131.7048,1000,5,10,20
4868,10,13,2,3131.8479,1800,3,7,14
4869,13,14,2,3132.8802,1200,3,9,18
4870,6,15,2,3135.1328,4700,3,5,10
4871,11,16,2,3135.2404,2400,4,8,15
4872,10,10,2,3135.3945,4500,6,7,14
4873,10,16,2,3135.8023,4900,6,7,14
4874,7,15,2,3135.9966,4000,3,6,11
4875,14,10,2,3136.0909,3100,5,9,19
4876,5,13,2,3136.7562,4500,7,5,9
4877,7,13,2,3137.0486,2000,6,6,11
4878,6,11,2,3137.7699,3500,7,5,10
4879,3,20,2,3138.0372,2600,6,4,6
4880,10,12,2,3138.1803,3200,3,7,14
4881,10,15,2,3138.6472,1000,3,7,14
4882,8,8,2,3139.8278,1500,3,6,12
4883,11,15,2,3139.8324,4800,3,8,15
4884,20,15,2,3140.0365,2500,3,10,20
4885,18,12,2,3143.6243,3300,7,10,20
4886,8,5,2,3144.0758,1100,3,6,12
4887,10,18,2,3145.4912,4800,6,7,14
4888,13,19,2,3145.497,4700,6,9,18
4889,11,20,2,3145.9007,4400,7,8,15
4890,20,19,2,3146.1143,3100,6,10,20
4891,6,5,2,3146.4635,4200,3,5,10
4892,7,13,2,3146.7899,4800,5,6,11
4893,10,5,2,3147.4968,4800,3,7,14
4894,19,8,2,3147.5311,3900,4,10,20
4895,4,18,2,3147.6949,4300,5,4,8
4896,19,15,2,3148.3296,1200,7,10,20
4897,20,9,2,3148.9248,1900,4,10,20
4898,13,5,2,3149.3471,1500,5,9,18
4899,15,19,2,3150.1444,4000,3,10,20
4900,7,13,2,3151.3014,3800,4,6,11
4901,18,19,2,3151.3122,1100,4,10,20
4902,4,6,2,3151.8986,2900,4,4,8
4903,16,17,2,3151.9508,3700,4,10,20
4904,18,20,2,3152.2248,3900,3,10,20
4905,8,5,2,3152.507,3900,6,6,12
4906,11,9,2,3156.1974,3300,4,8,15
4907,15,11,2,3157.6274,4300,7,10,20
4908,6,14,2,3157.9373,4600,3,5,10
4909,19,16,2,3157.9462,1200,6,10,20
4910,20,15,2,3158.1204,4400,4,10,20
4911,6,16,2,3159.1341,3500,4,5,10
4912,7,6,2,3160.7774,4800,5,6,11
4913,4,14,2,3161.0556,3800,5,4,8
4914,15,12,2,3161.7364,2000,5,10,20
4915,6,12,2,3161.8175,2900,3,5,10
4916,9,13,2,3162.1944,4000,4,7,13
4917,15,10,2,3162.2058,5000,4,10,20
4918,6,12,2,3163.2121,1800,6,5,10
4919,13,18,2,3164.6786,3200,3,9,18
4920,9,20,2,3165.6085,4600,7,7,13
4921,3,17,2,3168.0091,3100,3,4,6
4922,18,6,2,3168.7737,3600,6,10,20
4923,11,17,2,3170.6859,2900,3,8,15
4924,10,15,2,3170.997,1000,7,7,14
4925,3,15,2,3171.9407,3900,6,4,6
4926,20,7,2,3171.9494,2800,3,10,20
4927,3,5,2,3173.9675,1700,5,4,6
4928,7,7,2,3175.4661,2800,6,6,11
4929,7,9,2,3176.0916,2300,3,6,11
4930,11,20,2,3176.6194,3500,3,8,15
4931,7,10,2,3176.6272,3600,3,6,11
4932,12,17,2,3176.9666,2500,5,8,17
4933,10,6,2,3177.3136,2600,6,7,14
4934,18,8,2,3177.3891,2500,5,10,20
4935,20,5,2,3178.2721,4500,6,10,20
4936,14,18,2,3178.4427,4000,6,9,19
4937,11,5,2,3178.6631,2200,6,8,15
4938,14,17,2,3179.5309,3300,5,9,19
4939,9,19,2,3179.8063,3000,3,7,13
4940,11,15,2,3180.6258,4000,7,8,15
4941,17,20,2,3180.7833,3100,3,10,20
4942,12,7,2,3181.1613,4000,5,8,17
4943,7,11,2,3181.382,2500,4,6,11
4944,10,17,2,3181.3834,4800,4,7,14
4945,16,8,2,3181.4071,4200,3,10,20
4946,14,7,2,3182.414,1400,5,9,19
4947,16,11,2,3183.2436,3700,3,10,20
4948,9,12,2,3183.2632,2300,6,7,13
4949,10,15,2,3183.3884,2600,7,7,14
4950,10,13,2,3183.6033,2700,7,7,14
4951,11,13,2,3184.3971,2400,4,8,15
4952,5,10,2,3185.0815,1500,3,5,9
4953,9,8,2,3185.9775,4600,5,7,13
4954,10,17,2,3186.3809,3400,5,7,14
4955,10,14,2,3186.6989,1300,5,7,14
4956,15,15,2,3187.0253,1900,5,10,20
4957,13,8,2,3188.3218,3400,7,9,18
4958,3,13,2,3188.3333,2200,7,4,6
4959,4,8,2,3188.8407,4500,7,4,8
4960,6,14,2,3190.1561,1600,4,5,10
4961,10,6,2,3191.2824,4200,6,7,14
4962,20,10,2,3191.606,2500,4,10,20
4963,14,11,2,3191.6073,4800,7,9,19
4964,8,12,2,3191.7838,2700,5,6,12
4965,6,8,2,3192.1536,4400,6,5,10
4966,20,10,2,3193.0277,4700,3,10,20
4967,16,11,2,3194.3417,2400,4,10,20
4968,15,10,2,3195.1966,4100,6,10,20
4969,9,19,2,3195.3704,2000,7,7,13
4970,18,8,2,3195.4937,1400,6,10,20
4971,15,5,2,3195.5931,4400,7,10,20
4972,5,15,2,3196.8842,1400,6,5,9
4973,7,10,2,3198.178,3600,6,6,11
4974,3,15,2,3199.6913,4500,7,4,6
4975,14,7,2,3200.1511,3900,7,9,19
4976,8,16,2,3200.1513,4200,6,6,12
4977,13,5,2,3200.2678,2800,7,9,18
4978,15,12,2,3200.8903,2500,6,10,20
4979,3,6,2,3200.9243,1100,4,4,6
4980,4,7,2,3201.6673,2000,7,4,8
4981,13,10,2,3202.0367,3500,5,9,18
4982,20,5,2,3204.2036,4000,6,10,20
4983,7,12,2,3204.3685,4500,3,6,11
4984,18,19,2,3204.3766,3800,6,10,20
4985,20,6,2,3204.727,4100,6,10,20
4986,5,12,2,3204.8639,3300,3,5,9
4987,17,20,2,3204.9796,4900,7,10,20
4988,6,18,2,3206.1416,3900,6,5,10
4989,5,18,2,3206.8803,1500,5,5,9
4990,19,8,2,3207.7742,1200,5,10,20
4991,18,5,2,3209.2934,2100,5,10,20
4992,14,19,2,3210.6252,1900,5,9,19
4993,12,14,2,3211.6744,1100,7,8,17
4994,14,19,2,3211.7057,1200,4,9,19
4995,14,9,2,3212.1655,3600,4,9,19
4996,8,17,2,3212.8612,1200,6,6,12
4997,10,7,2,3214.5581,4900,3,7,14
4998,11,7,2,3214.6658,1200,5,8,15
4999,17,13,2,3215.1566,2100,7,10,20